location,reference_date,horizon,target_end_date,target,output_type,output_type_id,value
01,2026-05-16,0,2026-05-16,wk inc flu prop ed visits,quantile,0.01,0.0007865675333705129
02,2026-05-16,0,2026-05-16,wk inc flu prop ed visits,quantile,0.01,0.000122505383510351
04,2026-05-16,0,2026-05-16,wk inc flu prop ed visits,quantile,0.01,0.0037357530978791103
05,2026-05-16,0,2026-05-16,wk inc flu prop ed visits,quantile,0.01,0.00044621497168044797
06,2026-05-16,0,2026-05-16,wk inc flu prop ed visits,quantile,0.01,0.0022813604519070813
08,2026-05-16,0,2026-05-16,wk inc flu prop ed visits,quantile,0.01,0.001748842654211778
09,2026-05-16,0,2026-05-16,wk inc flu prop ed visits,quantile,0.01,0.0009925499401348362
10,2026-05-16,0,2026-05-16,wk inc flu prop ed visits,quantile,0.01,0.0002414711277060941
11,2026-05-16,0,2026-05-16,wk inc flu prop ed visits,quantile,0.01,0.00018083967447899503
12,2026-05-16,0,2026-05-16,wk inc flu prop ed visits,quantile,0.01,0.00241083759206623
13,2026-05-16,0,2026-05-16,wk inc flu prop ed visits,quantile,0.01,0.0006281900511957137
15,2026-05-16,0,2026-05-16,wk inc flu prop ed visits,quantile,0.01,0.010833127001854091
16,2026-05-16,0,2026-05-16,wk inc flu prop ed visits,quantile,0.01,0.0004675713947854955
17,2026-05-16,0,2026-05-16,wk inc flu prop ed visits,quantile,0.01,0.0003516915293047535
18,2026-05-16,0,2026-05-16,wk inc flu prop ed visits,quantile,0.01,5.285420207876821e-05
19,2026-05-16,0,2026-05-16,wk inc flu prop ed visits,quantile,0.01,7.940409398348532e-05
20,2026-05-16,0,2026-05-16,wk inc flu prop ed visits,quantile,0.01,0.00014241477976469243
21,2026-05-16,0,2026-05-16,wk inc flu prop ed visits,quantile,0.01,0.00030546225236678876
22,2026-05-16,0,2026-05-16,wk inc flu prop ed visits,quantile,0.01,0.00048649082107053167
23,2026-05-16,0,2026-05-16,wk inc flu prop ed visits,quantile,0.01,0.0008332797115681302
24,2026-05-16,0,2026-05-16,wk inc flu prop ed visits,quantile,0.01,0.0005109582197867903
25,2026-05-16,0,2026-05-16,wk inc flu prop ed visits,quantile,0.01,0.0007570036107388817
26,2026-05-16,0,2026-05-16,wk inc flu prop ed visits,quantile,0.01,7.578944399737725e-05
27,2026-05-16,0,2026-05-16,wk inc flu prop ed visits,quantile,0.01,0.0009499907031573347
28,2026-05-16,0,2026-05-16,wk inc flu prop ed visits,quantile,0.01,0.0008919753974434215
30,2026-05-16,0,2026-05-16,wk inc flu prop ed visits,quantile,0.01,0.00028725374192507087
31,2026-05-16,0,2026-05-16,wk inc flu prop ed visits,quantile,0.01,0.0001865711884782817
32,2026-05-16,0,2026-05-16,wk inc flu prop ed visits,quantile,0.01,0.005267614174692177
33,2026-05-16,0,2026-05-16,wk inc flu prop ed visits,quantile,0.01,0.0005636467339341318
34,2026-05-16,0,2026-05-16,wk inc flu prop ed visits,quantile,0.01,0.001044041957225394
35,2026-05-16,0,2026-05-16,wk inc flu prop ed visits,quantile,0.01,0.0015650261333503138
36,2026-05-16,0,2026-05-16,wk inc flu prop ed visits,quantile,0.01,0.0011879508456343426
37,2026-05-16,0,2026-05-16,wk inc flu prop ed visits,quantile,0.01,0.003751288886901246
38,2026-05-16,0,2026-05-16,wk inc flu prop ed visits,quantile,0.01,0.00019238201405938433
39,2026-05-16,0,2026-05-16,wk inc flu prop ed visits,quantile,0.01,3.659461999198761e-05
40,2026-05-16,0,2026-05-16,wk inc flu prop ed visits,quantile,0.01,0.0002495141645715569
41,2026-05-16,0,2026-05-16,wk inc flu prop ed visits,quantile,0.01,0.0014171449920214053
42,2026-05-16,0,2026-05-16,wk inc flu prop ed visits,quantile,0.01,0.0005614304852939405
44,2026-05-16,0,2026-05-16,wk inc flu prop ed visits,quantile,0.01,0.00033129824448507357
45,2026-05-16,0,2026-05-16,wk inc flu prop ed visits,quantile,0.01,0.0007825212429802894
46,2026-05-16,0,2026-05-16,wk inc flu prop ed visits,quantile,0.01,0.0
47,2026-05-16,0,2026-05-16,wk inc flu prop ed visits,quantile,0.01,0.0009779403552811628
48,2026-05-16,0,2026-05-16,wk inc flu prop ed visits,quantile,0.01,0.002067180069472973
49,2026-05-16,0,2026-05-16,wk inc flu prop ed visits,quantile,0.01,0.00043319591017593596
50,2026-05-16,0,2026-05-16,wk inc flu prop ed visits,quantile,0.01,0.00031706845390429874
51,2026-05-16,0,2026-05-16,wk inc flu prop ed visits,quantile,0.01,0.0009053941555613326
53,2026-05-16,0,2026-05-16,wk inc flu prop ed visits,quantile,0.01,0.0038852922064723733
54,2026-05-16,0,2026-05-16,wk inc flu prop ed visits,quantile,0.01,0.0003380433423936592
55,2026-05-16,0,2026-05-16,wk inc flu prop ed visits,quantile,0.01,0.00030337348834549535
56,2026-05-16,0,2026-05-16,wk inc flu prop ed visits,quantile,0.01,0.0021387216850360367
US,2026-05-16,0,2026-05-16,wk inc flu prop ed visits,quantile,0.01,0.0015901669257983378
01,2026-05-16,1,2026-05-23,wk inc flu prop ed visits,quantile,0.01,0.00023813815312774309
02,2026-05-16,1,2026-05-23,wk inc flu prop ed visits,quantile,0.01,0.0
04,2026-05-16,1,2026-05-23,wk inc flu prop ed visits,quantile,0.01,0.0025378465870373214
05,2026-05-16,1,2026-05-23,wk inc flu prop ed visits,quantile,0.01,4.025245456869768e-05
06,2026-05-16,1,2026-05-23,wk inc flu prop ed visits,quantile,0.01,0.0013422134930314853
08,2026-05-16,1,2026-05-23,wk inc flu prop ed visits,quantile,0.01,0.0007605633200579759
09,2026-05-16,1,2026-05-23,wk inc flu prop ed visits,quantile,0.01,0.00027893817846227025
10,2026-05-16,1,2026-05-23,wk inc flu prop ed visits,quantile,0.01,0.0
11,2026-05-16,1,2026-05-23,wk inc flu prop ed visits,quantile,0.01,0.0
12,2026-05-16,1,2026-05-23,wk inc flu prop ed visits,quantile,0.01,0.0017156741987843492
13,2026-05-16,1,2026-05-23,wk inc flu prop ed visits,quantile,0.01,0.00017573169316990254
15,2026-05-16,1,2026-05-23,wk inc flu prop ed visits,quantile,0.01,0.006275687253425099
16,2026-05-16,1,2026-05-23,wk inc flu prop ed visits,quantile,0.01,4.807564680295098e-06
17,2026-05-16,1,2026-05-23,wk inc flu prop ed visits,quantile,0.01,6.626104393026717e-05
18,2026-05-16,1,2026-05-23,wk inc flu prop ed visits,quantile,0.01,0.0
19,2026-05-16,1,2026-05-23,wk inc flu prop ed visits,quantile,0.01,0.0
20,2026-05-16,1,2026-05-23,wk inc flu prop ed visits,quantile,0.01,0.0
21,2026-05-16,1,2026-05-23,wk inc flu prop ed visits,quantile,0.01,3.022914089211799e-05
22,2026-05-16,1,2026-05-23,wk inc flu prop ed visits,quantile,0.01,0.00016029724014329165
23,2026-05-16,1,2026-05-23,wk inc flu prop ed visits,quantile,0.01,0.00012485744369079426
24,2026-05-16,1,2026-05-23,wk inc flu prop ed visits,quantile,0.01,0.0001227551124549528
25,2026-05-16,1,2026-05-23,wk inc flu prop ed visits,quantile,0.01,0.00017889535137329874
26,2026-05-16,1,2026-05-23,wk inc flu prop ed visits,quantile,0.01,0.0
27,2026-05-16,1,2026-05-23,wk inc flu prop ed visits,quantile,0.01,0.0002640218466510107
28,2026-05-16,1,2026-05-23,wk inc flu prop ed visits,quantile,0.01,0.00028019464611626856
30,2026-05-16,1,2026-05-23,wk inc flu prop ed visits,quantile,0.01,0.0
31,2026-05-16,1,2026-05-23,wk inc flu prop ed visits,quantile,0.01,0.0
32,2026-05-16,1,2026-05-23,wk inc flu prop ed visits,quantile,0.01,0.003576159603743755
33,2026-05-16,1,2026-05-23,wk inc flu prop ed visits,quantile,0.01,3.123932801811552e-05
34,2026-05-16,1,2026-05-23,wk inc flu prop ed visits,quantile,0.01,0.00038993661847058374
35,2026-05-16,1,2026-05-23,wk inc flu prop ed visits,quantile,0.01,0.0006569099519605646
36,2026-05-16,1,2026-05-23,wk inc flu prop ed visits,quantile,0.01,0.0005617687866600261
37,2026-05-16,1,2026-05-23,wk inc flu prop ed visits,quantile,0.01,0.002236803651539508
38,2026-05-16,1,2026-05-23,wk inc flu prop ed visits,quantile,0.01,0.0
39,2026-05-16,1,2026-05-23,wk inc flu prop ed visits,quantile,0.01,0.0
40,2026-05-16,1,2026-05-23,wk inc flu prop ed visits,quantile,0.01,0.0
41,2026-05-16,1,2026-05-23,wk inc flu prop ed visits,quantile,0.01,0.0006535196600133891
42,2026-05-16,1,2026-05-23,wk inc flu prop ed visits,quantile,0.01,0.0001755147707893405
44,2026-05-16,1,2026-05-23,wk inc flu prop ed visits,quantile,0.01,0.0
45,2026-05-16,1,2026-05-23,wk inc flu prop ed visits,quantile,0.01,0.0002634686932910212
46,2026-05-16,1,2026-05-23,wk inc flu prop ed visits,quantile,0.01,0.0
47,2026-05-16,1,2026-05-23,wk inc flu prop ed visits,quantile,0.01,0.00047004005224867107
48,2026-05-16,1,2026-05-23,wk inc flu prop ed visits,quantile,0.01,0.0011120158110369258
49,2026-05-16,1,2026-05-23,wk inc flu prop ed visits,quantile,0.01,7.238507908988315e-05
50,2026-05-16,1,2026-05-23,wk inc flu prop ed visits,quantile,0.01,0.0
51,2026-05-16,1,2026-05-23,wk inc flu prop ed visits,quantile,0.01,0.0003565516578674912
53,2026-05-16,1,2026-05-23,wk inc flu prop ed visits,quantile,0.01,0.001992002082681839
54,2026-05-16,1,2026-05-23,wk inc flu prop ed visits,quantile,0.01,0.0
55,2026-05-16,1,2026-05-23,wk inc flu prop ed visits,quantile,0.01,2.867537454591649e-05
56,2026-05-16,1,2026-05-23,wk inc flu prop ed visits,quantile,0.01,0.00033723539761541815
US,2026-05-16,1,2026-05-23,wk inc flu prop ed visits,quantile,0.01,0.0008886525117996437
01,2026-05-16,2,2026-05-30,wk inc flu prop ed visits,quantile,0.01,1.6513772479887813e-06
02,2026-05-16,2,2026-05-30,wk inc flu prop ed visits,quantile,0.01,0.0
04,2026-05-16,2,2026-05-30,wk inc flu prop ed visits,quantile,0.01,0.0016087354520026012
05,2026-05-16,2,2026-05-30,wk inc flu prop ed visits,quantile,0.01,0.0
06,2026-05-16,2,2026-05-30,wk inc flu prop ed visits,quantile,0.01,0.0008025363198254473
08,2026-05-16,2,2026-05-30,wk inc flu prop ed visits,quantile,0.01,0.00035288980042391476
09,2026-05-16,2,2026-05-30,wk inc flu prop ed visits,quantile,0.01,1.6910615770841224e-05
10,2026-05-16,2,2026-05-30,wk inc flu prop ed visits,quantile,0.01,0.0
11,2026-05-16,2,2026-05-30,wk inc flu prop ed visits,quantile,0.01,0.0
12,2026-05-16,2,2026-05-30,wk inc flu prop ed visits,quantile,0.01,0.0012331959120110512
13,2026-05-16,2,2026-05-30,wk inc flu prop ed visits,quantile,0.01,3.7613161367695526e-05
15,2026-05-16,2,2026-05-30,wk inc flu prop ed visits,quantile,0.01,0.0035834192095896594
16,2026-05-16,2,2026-05-30,wk inc flu prop ed visits,quantile,0.01,0.0
17,2026-05-16,2,2026-05-30,wk inc flu prop ed visits,quantile,0.01,0.0
18,2026-05-16,2,2026-05-30,wk inc flu prop ed visits,quantile,0.01,0.0
19,2026-05-16,2,2026-05-30,wk inc flu prop ed visits,quantile,0.01,0.0
20,2026-05-16,2,2026-05-30,wk inc flu prop ed visits,quantile,0.01,0.0
21,2026-05-16,2,2026-05-30,wk inc flu prop ed visits,quantile,0.01,0.0
22,2026-05-16,2,2026-05-30,wk inc flu prop ed visits,quantile,0.01,3.870349319623094e-05
23,2026-05-16,2,2026-05-30,wk inc flu prop ed visits,quantile,0.01,0.0
24,2026-05-16,2,2026-05-30,wk inc flu prop ed visits,quantile,0.01,0.0
25,2026-05-16,2,2026-05-30,wk inc flu prop ed visits,quantile,0.01,0.0
26,2026-05-16,2,2026-05-30,wk inc flu prop ed visits,quantile,0.01,0.0
27,2026-05-16,2,2026-05-30,wk inc flu prop ed visits,quantile,0.01,4.861067326891934e-05
28,2026-05-16,2,2026-05-30,wk inc flu prop ed visits,quantile,0.01,4.3447335547002767e-05
30,2026-05-16,2,2026-05-30,wk inc flu prop ed visits,quantile,0.01,0.0
31,2026-05-16,2,2026-05-30,wk inc flu prop ed visits,quantile,0.01,0.0
32,2026-05-16,2,2026-05-30,wk inc flu prop ed visits,quantile,0.01,0.002218485450882646
33,2026-05-16,2,2026-05-30,wk inc flu prop ed visits,quantile,0.01,0.0
34,2026-05-16,2,2026-05-30,wk inc flu prop ed visits,quantile,0.01,0.00011173340779486525
35,2026-05-16,2,2026-05-30,wk inc flu prop ed visits,quantile,0.01,0.0001843204171010506
36,2026-05-16,2,2026-05-30,wk inc flu prop ed visits,quantile,0.01,0.00026476387799083867
37,2026-05-16,2,2026-05-30,wk inc flu prop ed visits,quantile,0.01,0.0013401586662680626
38,2026-05-16,2,2026-05-30,wk inc flu prop ed visits,quantile,0.01,0.0
39,2026-05-16,2,2026-05-30,wk inc flu prop ed visits,quantile,0.01,0.0
40,2026-05-16,2,2026-05-30,wk inc flu prop ed visits,quantile,0.01,0.0
41,2026-05-16,2,2026-05-30,wk inc flu prop ed visits,quantile,0.01,0.00033985699879303014
42,2026-05-16,2,2026-05-30,wk inc flu prop ed visits,quantile,0.01,0.0
44,2026-05-16,2,2026-05-30,wk inc flu prop ed visits,quantile,0.01,0.0
45,2026-05-16,2,2026-05-30,wk inc flu prop ed visits,quantile,0.01,3.6268082902804304e-05
46,2026-05-16,2,2026-05-30,wk inc flu prop ed visits,quantile,0.01,0.0
47,2026-05-16,2,2026-05-30,wk inc flu prop ed visits,quantile,0.01,0.00017308995607168005
48,2026-05-16,2,2026-05-30,wk inc flu prop ed visits,quantile,0.01,0.000714380064972861
49,2026-05-16,2,2026-05-30,wk inc flu prop ed visits,quantile,0.01,0.0
50,2026-05-16,2,2026-05-30,wk inc flu prop ed visits,quantile,0.01,0.0
51,2026-05-16,2,2026-05-30,wk inc flu prop ed visits,quantile,0.01,0.00014259803256117803
53,2026-05-16,2,2026-05-30,wk inc flu prop ed visits,quantile,0.01,0.001126027863158226
54,2026-05-16,2,2026-05-30,wk inc flu prop ed visits,quantile,0.01,0.0
55,2026-05-16,2,2026-05-30,wk inc flu prop ed visits,quantile,0.01,0.0
56,2026-05-16,2,2026-05-30,wk inc flu prop ed visits,quantile,0.01,0.0
US,2026-05-16,2,2026-05-30,wk inc flu prop ed visits,quantile,0.01,0.0004997013402632016
01,2026-05-16,3,2026-06-06,wk inc flu prop ed visits,quantile,0.01,0.0
02,2026-05-16,3,2026-06-06,wk inc flu prop ed visits,quantile,0.01,0.0
04,2026-05-16,3,2026-06-06,wk inc flu prop ed visits,quantile,0.01,0.0009653958783634975
05,2026-05-16,3,2026-06-06,wk inc flu prop ed visits,quantile,0.01,0.0
06,2026-05-16,3,2026-06-06,wk inc flu prop ed visits,quantile,0.01,0.0005092648981982373
08,2026-05-16,3,2026-06-06,wk inc flu prop ed visits,quantile,0.01,0.00013012790600478227
09,2026-05-16,3,2026-06-06,wk inc flu prop ed visits,quantile,0.01,0.0
10,2026-05-16,3,2026-06-06,wk inc flu prop ed visits,quantile,0.01,0.0
11,2026-05-16,3,2026-06-06,wk inc flu prop ed visits,quantile,0.01,0.0
12,2026-05-16,3,2026-06-06,wk inc flu prop ed visits,quantile,0.01,0.0010878416951864798
13,2026-05-16,3,2026-06-06,wk inc flu prop ed visits,quantile,0.01,0.0
15,2026-05-16,3,2026-06-06,wk inc flu prop ed visits,quantile,0.01,0.002149099912032479
16,2026-05-16,3,2026-06-06,wk inc flu prop ed visits,quantile,0.01,0.0
17,2026-05-16,3,2026-06-06,wk inc flu prop ed visits,quantile,0.01,0.0
18,2026-05-16,3,2026-06-06,wk inc flu prop ed visits,quantile,0.01,0.0
19,2026-05-16,3,2026-06-06,wk inc flu prop ed visits,quantile,0.01,0.0
20,2026-05-16,3,2026-06-06,wk inc flu prop ed visits,quantile,0.01,0.0
21,2026-05-16,3,2026-06-06,wk inc flu prop ed visits,quantile,0.01,0.0
22,2026-05-16,3,2026-06-06,wk inc flu prop ed visits,quantile,0.01,0.0
23,2026-05-16,3,2026-06-06,wk inc flu prop ed visits,quantile,0.01,0.0
24,2026-05-16,3,2026-06-06,wk inc flu prop ed visits,quantile,0.01,0.0
25,2026-05-16,3,2026-06-06,wk inc flu prop ed visits,quantile,0.01,0.0
26,2026-05-16,3,2026-06-06,wk inc flu prop ed visits,quantile,0.01,0.0
27,2026-05-16,3,2026-06-06,wk inc flu prop ed visits,quantile,0.01,0.0
28,2026-05-16,3,2026-06-06,wk inc flu prop ed visits,quantile,0.01,0.0
30,2026-05-16,3,2026-06-06,wk inc flu prop ed visits,quantile,0.01,0.0
31,2026-05-16,3,2026-06-06,wk inc flu prop ed visits,quantile,0.01,0.0
32,2026-05-16,3,2026-06-06,wk inc flu prop ed visits,quantile,0.01,0.0015324577370156287
33,2026-05-16,3,2026-06-06,wk inc flu prop ed visits,quantile,0.01,0.0
34,2026-05-16,3,2026-06-06,wk inc flu prop ed visits,quantile,0.01,2.2765553340504882e-05
35,2026-05-16,3,2026-06-06,wk inc flu prop ed visits,quantile,0.01,0.0
36,2026-05-16,3,2026-06-06,wk inc flu prop ed visits,quantile,0.01,0.00012706417707402892
37,2026-05-16,3,2026-06-06,wk inc flu prop ed visits,quantile,0.01,0.0008903278165735676
38,2026-05-16,3,2026-06-06,wk inc flu prop ed visits,quantile,0.01,0.0
39,2026-05-16,3,2026-06-06,wk inc flu prop ed visits,quantile,0.01,0.0
40,2026-05-16,3,2026-06-06,wk inc flu prop ed visits,quantile,0.01,0.0
41,2026-05-16,3,2026-06-06,wk inc flu prop ed visits,quantile,0.01,0.00010841515478379559
42,2026-05-16,3,2026-06-06,wk inc flu prop ed visits,quantile,0.01,0.0
44,2026-05-16,3,2026-06-06,wk inc flu prop ed visits,quantile,0.01,0.0
45,2026-05-16,3,2026-06-06,wk inc flu prop ed visits,quantile,0.01,0.0
46,2026-05-16,3,2026-06-06,wk inc flu prop ed visits,quantile,0.01,0.0
47,2026-05-16,3,2026-06-06,wk inc flu prop ed visits,quantile,0.01,3.5270547921194966e-07
48,2026-05-16,3,2026-06-06,wk inc flu prop ed visits,quantile,0.01,0.0005198731479694798
49,2026-05-16,3,2026-06-06,wk inc flu prop ed visits,quantile,0.01,0.0
50,2026-05-16,3,2026-06-06,wk inc flu prop ed visits,quantile,0.01,0.0
51,2026-05-16,3,2026-06-06,wk inc flu prop ed visits,quantile,0.01,1.4614504276274192e-05
53,2026-05-16,3,2026-06-06,wk inc flu prop ed visits,quantile,0.01,0.0006939721602852931
54,2026-05-16,3,2026-06-06,wk inc flu prop ed visits,quantile,0.01,0.0
55,2026-05-16,3,2026-06-06,wk inc flu prop ed visits,quantile,0.01,0.0
56,2026-05-16,3,2026-06-06,wk inc flu prop ed visits,quantile,0.01,0.0
US,2026-05-16,3,2026-06-06,wk inc flu prop ed visits,quantile,0.01,0.000315403101028661
01,2026-05-16,0,2026-05-16,wk inc flu prop ed visits,quantile,0.025,0.000980137417800245
02,2026-05-16,0,2026-05-16,wk inc flu prop ed visits,quantile,0.025,0.00021381809595026412
04,2026-05-16,0,2026-05-16,wk inc flu prop ed visits,quantile,0.025,0.004170213197306464
05,2026-05-16,0,2026-05-16,wk inc flu prop ed visits,quantile,0.025,0.0005908240403510608
06,2026-05-16,0,2026-05-16,wk inc flu prop ed visits,quantile,0.025,0.002419490954173576
08,2026-05-16,0,2026-05-16,wk inc flu prop ed visits,quantile,0.025,0.0019192359569673043
09,2026-05-16,0,2026-05-16,wk inc flu prop ed visits,quantile,0.025,0.00115310289196071
10,2026-05-16,0,2026-05-16,wk inc flu prop ed visits,quantile,0.025,0.0003936657453216287
11,2026-05-16,0,2026-05-16,wk inc flu prop ed visits,quantile,0.025,0.00026252393318549423
12,2026-05-16,0,2026-05-16,wk inc flu prop ed visits,quantile,0.025,0.002697809745557575
13,2026-05-16,0,2026-05-16,wk inc flu prop ed visits,quantile,0.025,0.0007414129650866423
15,2026-05-16,0,2026-05-16,wk inc flu prop ed visits,quantile,0.025,0.01190254886356934
16,2026-05-16,0,2026-05-16,wk inc flu prop ed visits,quantile,0.025,0.0005943773060809787
17,2026-05-16,0,2026-05-16,wk inc flu prop ed visits,quantile,0.025,0.0004127702273428864
18,2026-05-16,0,2026-05-16,wk inc flu prop ed visits,quantile,0.025,0.0001098518736210743
19,2026-05-16,0,2026-05-16,wk inc flu prop ed visits,quantile,0.025,0.00013287535158548942
20,2026-05-16,0,2026-05-16,wk inc flu prop ed visits,quantile,0.025,0.00020015746255872503
21,2026-05-16,0,2026-05-16,wk inc flu prop ed visits,quantile,0.025,0.0004487485287182089
22,2026-05-16,0,2026-05-16,wk inc flu prop ed visits,quantile,0.025,0.0005929658116627164
23,2026-05-16,0,2026-05-16,wk inc flu prop ed visits,quantile,0.025,0.0010429560500090128
24,2026-05-16,0,2026-05-16,wk inc flu prop ed visits,quantile,0.025,0.0006243660767659027
25,2026-05-16,0,2026-05-16,wk inc flu prop ed visits,quantile,0.025,0.0008908104986010436
26,2026-05-16,0,2026-05-16,wk inc flu prop ed visits,quantile,0.025,0.00012504460269046157
27,2026-05-16,0,2026-05-16,wk inc flu prop ed visits,quantile,0.025,0.001212982883562982
28,2026-05-16,0,2026-05-16,wk inc flu prop ed visits,quantile,0.025,0.001063744971359057
30,2026-05-16,0,2026-05-16,wk inc flu prop ed visits,quantile,0.025,0.0003772534375660637
31,2026-05-16,0,2026-05-16,wk inc flu prop ed visits,quantile,0.025,0.0002548882221591972
32,2026-05-16,0,2026-05-16,wk inc flu prop ed visits,quantile,0.025,0.005725974534891312
33,2026-05-16,0,2026-05-16,wk inc flu prop ed visits,quantile,0.025,0.000734387203281342
34,2026-05-16,0,2026-05-16,wk inc flu prop ed visits,quantile,0.025,0.0011931601597907212
35,2026-05-16,0,2026-05-16,wk inc flu prop ed visits,quantile,0.025,0.0018860432226461654
36,2026-05-16,0,2026-05-16,wk inc flu prop ed visits,quantile,0.025,0.0013492920483393197
37,2026-05-16,0,2026-05-16,wk inc flu prop ed visits,quantile,0.025,0.004137202057978205
38,2026-05-16,0,2026-05-16,wk inc flu prop ed visits,quantile,0.025,0.00028291214504438055
39,2026-05-16,0,2026-05-16,wk inc flu prop ed visits,quantile,0.025,6.121121877375185e-05
40,2026-05-16,0,2026-05-16,wk inc flu prop ed visits,quantile,0.025,0.00035849248409409
41,2026-05-16,0,2026-05-16,wk inc flu prop ed visits,quantile,0.025,0.0017150527433933437
42,2026-05-16,0,2026-05-16,wk inc flu prop ed visits,quantile,0.025,0.000673486112068636
44,2026-05-16,0,2026-05-16,wk inc flu prop ed visits,quantile,0.025,0.0004487719729046979
45,2026-05-16,0,2026-05-16,wk inc flu prop ed visits,quantile,0.025,0.0009520371914887628
46,2026-05-16,0,2026-05-16,wk inc flu prop ed visits,quantile,0.025,4.590023971630431e-05
47,2026-05-16,0,2026-05-16,wk inc flu prop ed visits,quantile,0.025,0.0011713135578323818
48,2026-05-16,0,2026-05-16,wk inc flu prop ed visits,quantile,0.025,0.0023054818619262975
49,2026-05-16,0,2026-05-16,wk inc flu prop ed visits,quantile,0.025,0.0005215272482221407
50,2026-05-16,0,2026-05-16,wk inc flu prop ed visits,quantile,0.025,0.0004579234262436432
51,2026-05-16,0,2026-05-16,wk inc flu prop ed visits,quantile,0.025,0.0010697897428726994
53,2026-05-16,0,2026-05-16,wk inc flu prop ed visits,quantile,0.025,0.004330574761903297
54,2026-05-16,0,2026-05-16,wk inc flu prop ed visits,quantile,0.025,0.00046141611997759825
55,2026-05-16,0,2026-05-16,wk inc flu prop ed visits,quantile,0.025,0.00037410751658450406
56,2026-05-16,0,2026-05-16,wk inc flu prop ed visits,quantile,0.025,0.0026806175045220757
US,2026-05-16,0,2026-05-16,wk inc flu prop ed visits,quantile,0.025,0.0017266817720521176
01,2026-05-16,1,2026-05-23,wk inc flu prop ed visits,quantile,0.025,0.0003997593288662835
02,2026-05-16,1,2026-05-23,wk inc flu prop ed visits,quantile,0.025,0.0
04,2026-05-16,1,2026-05-23,wk inc flu prop ed visits,quantile,0.025,0.00287165156441964
05,2026-05-16,1,2026-05-23,wk inc flu prop ed visits,quantile,0.025,0.00016276280371994766
06,2026-05-16,1,2026-05-23,wk inc flu prop ed visits,quantile,0.025,0.0016213190641550992
08,2026-05-16,1,2026-05-23,wk inc flu prop ed visits,quantile,0.025,0.0010198670338067068
09,2026-05-16,1,2026-05-23,wk inc flu prop ed visits,quantile,0.025,0.00045076844986249046
10,2026-05-16,1,2026-05-23,wk inc flu prop ed visits,quantile,0.025,3.140562794761336e-05
11,2026-05-16,1,2026-05-23,wk inc flu prop ed visits,quantile,0.025,0.0
12,2026-05-16,1,2026-05-23,wk inc flu prop ed visits,quantile,0.025,0.0020212884815696288
13,2026-05-16,1,2026-05-23,wk inc flu prop ed visits,quantile,0.025,0.00030072219037687405
15,2026-05-16,1,2026-05-23,wk inc flu prop ed visits,quantile,0.025,0.00785659157512958
16,2026-05-16,1,2026-05-23,wk inc flu prop ed visits,quantile,0.025,9.167307653187985e-05
17,2026-05-16,1,2026-05-23,wk inc flu prop ed visits,quantile,0.025,0.00013145694562869325
18,2026-05-16,1,2026-05-23,wk inc flu prop ed visits,quantile,0.025,0.0
19,2026-05-16,1,2026-05-23,wk inc flu prop ed visits,quantile,0.025,0.0
20,2026-05-16,1,2026-05-23,wk inc flu prop ed visits,quantile,0.025,1.8309432129987155e-05
21,2026-05-16,1,2026-05-23,wk inc flu prop ed visits,quantile,0.025,0.00011277261918502099
22,2026-05-16,1,2026-05-23,wk inc flu prop ed visits,quantile,0.025,0.00026727335420088455
23,2026-05-16,1,2026-05-23,wk inc flu prop ed visits,quantile,0.025,0.00028637445391465987
24,2026-05-16,1,2026-05-23,wk inc flu prop ed visits,quantile,0.025,0.00020599001508897605
25,2026-05-16,1,2026-05-23,wk inc flu prop ed visits,quantile,0.025,0.0003025943670417405
26,2026-05-16,1,2026-05-23,wk inc flu prop ed visits,quantile,0.025,0.0
27,2026-05-16,1,2026-05-23,wk inc flu prop ed visits,quantile,0.025,0.00046964828743107837
28,2026-05-16,1,2026-05-23,wk inc flu prop ed visits,quantile,0.025,0.0004466284701499222
30,2026-05-16,1,2026-05-23,wk inc flu prop ed visits,quantile,0.025,3.6821829744671484e-06
31,2026-05-16,1,2026-05-23,wk inc flu prop ed visits,quantile,0.025,8.76938546959168e-06
32,2026-05-16,1,2026-05-23,wk inc flu prop ed visits,quantile,0.025,0.0040828047979375726
33,2026-05-16,1,2026-05-23,wk inc flu prop ed visits,quantile,0.025,0.00013802483569311252
34,2026-05-16,1,2026-05-23,wk inc flu prop ed visits,quantile,0.025,0.0005668791407999075
35,2026-05-16,1,2026-05-23,wk inc flu prop ed visits,quantile,0.025,0.000870615144681184
36,2026-05-16,1,2026-05-23,wk inc flu prop ed visits,quantile,0.025,0.0007577654458856008
37,2026-05-16,1,2026-05-23,wk inc flu prop ed visits,quantile,0.025,0.0027786926084489346
38,2026-05-16,1,2026-05-23,wk inc flu prop ed visits,quantile,0.025,0.0
39,2026-05-16,1,2026-05-23,wk inc flu prop ed visits,quantile,0.025,0.0
40,2026-05-16,1,2026-05-23,wk inc flu prop ed visits,quantile,0.025,5.4771524116828416e-05
41,2026-05-16,1,2026-05-23,wk inc flu prop ed visits,quantile,0.025,0.0009175775029121295
42,2026-05-16,1,2026-05-23,wk inc flu prop ed visits,quantile,0.025,0.0002836370268551285
44,2026-05-16,1,2026-05-23,wk inc flu prop ed visits,quantile,0.025,3.7468469044321904e-05
45,2026-05-16,1,2026-05-23,wk inc flu prop ed visits,quantile,0.025,0.0004617749820150264
46,2026-05-16,1,2026-05-23,wk inc flu prop ed visits,quantile,0.025,0.0
47,2026-05-16,1,2026-05-23,wk inc flu prop ed visits,quantile,0.025,0.0006417820904175307
48,2026-05-16,1,2026-05-23,wk inc flu prop ed visits,quantile,0.025,0.0014691728419038205
49,2026-05-16,1,2026-05-23,wk inc flu prop ed visits,quantile,0.025,0.0001704501368109077
50,2026-05-16,1,2026-05-23,wk inc flu prop ed visits,quantile,0.025,7.059727419226498e-05
51,2026-05-16,1,2026-05-23,wk inc flu prop ed visits,quantile,0.025,0.000520810183321702
53,2026-05-16,1,2026-05-23,wk inc flu prop ed visits,quantile,0.025,0.002506383860270714
54,2026-05-16,1,2026-05-23,wk inc flu prop ed visits,quantile,0.025,6.468555327426033e-05
55,2026-05-16,1,2026-05-23,wk inc flu prop ed visits,quantile,0.025,9.784642628221025e-05
56,2026-05-16,1,2026-05-23,wk inc flu prop ed visits,quantile,0.025,0.000672916235608558
US,2026-05-16,1,2026-05-23,wk inc flu prop ed visits,quantile,0.025,0.001094866513944549
01,2026-05-16,2,2026-05-30,wk inc flu prop ed visits,quantile,0.025,0.00014133676770271224
02,2026-05-16,2,2026-05-30,wk inc flu prop ed visits,quantile,0.025,0.0
04,2026-05-16,2,2026-05-30,wk inc flu prop ed visits,quantile,0.025,0.0020281852553979242
05,2026-05-16,2,2026-05-30,wk inc flu prop ed visits,quantile,0.025,0.0
06,2026-05-16,2,2026-05-30,wk inc flu prop ed visits,quantile,0.025,0.0011480862261527664
08,2026-05-16,2,2026-05-30,wk inc flu prop ed visits,quantile,0.025,0.0005537047488098874
09,2026-05-16,2,2026-05-30,wk inc flu prop ed visits,quantile,0.025,0.00011527473005539741
10,2026-05-16,2,2026-05-30,wk inc flu prop ed visits,quantile,0.025,0.0
11,2026-05-16,2,2026-05-30,wk inc flu prop ed visits,quantile,0.025,0.0
12,2026-05-16,2,2026-05-30,wk inc flu prop ed visits,quantile,0.025,0.0016751812583380003
13,2026-05-16,2,2026-05-30,wk inc flu prop ed visits,quantile,0.025,0.00012503676284424307
15,2026-05-16,2,2026-05-30,wk inc flu prop ed visits,quantile,0.025,0.005060881975024197
16,2026-05-16,2,2026-05-30,wk inc flu prop ed visits,quantile,0.025,0.0
17,2026-05-16,2,2026-05-30,wk inc flu prop ed visits,quantile,0.025,2.0735952429958535e-06
18,2026-05-16,2,2026-05-30,wk inc flu prop ed visits,quantile,0.025,0.0
19,2026-05-16,2,2026-05-30,wk inc flu prop ed visits,quantile,0.025,0.0
20,2026-05-16,2,2026-05-30,wk inc flu prop ed visits,quantile,0.025,0.0
21,2026-05-16,2,2026-05-30,wk inc flu prop ed visits,quantile,0.025,0.0
22,2026-05-16,2,2026-05-30,wk inc flu prop ed visits,quantile,0.025,0.00012515000651177303
23,2026-05-16,2,2026-05-30,wk inc flu prop ed visits,quantile,0.025,1.9855471899136845e-05
24,2026-05-16,2,2026-05-30,wk inc flu prop ed visits,quantile,0.025,4.212924228599398e-05
25,2026-05-16,2,2026-05-30,wk inc flu prop ed visits,quantile,0.025,5.525061477312946e-05
26,2026-05-16,2,2026-05-30,wk inc flu prop ed visits,quantile,0.025,0.0
27,2026-05-16,2,2026-05-30,wk inc flu prop ed visits,quantile,0.025,0.00015870907216312464
28,2026-05-16,2,2026-05-30,wk inc flu prop ed visits,quantile,0.025,0.00016546749816203217
30,2026-05-16,2,2026-05-30,wk inc flu prop ed visits,quantile,0.025,0.0
31,2026-05-16,2,2026-05-30,wk inc flu prop ed visits,quantile,0.025,0.0
32,2026-05-16,2,2026-05-30,wk inc flu prop ed visits,quantile,0.025,0.003050541289854854
33,2026-05-16,2,2026-05-30,wk inc flu prop ed visits,quantile,0.025,0.0
34,2026-05-16,2,2026-05-30,wk inc flu prop ed visits,quantile,0.025,0.0002515774245317727
35,2026-05-16,2,2026-05-30,wk inc flu prop ed visits,quantile,0.025,0.00035802312862903837
36,2026-05-16,2,2026-05-30,wk inc flu prop ed visits,quantile,0.025,0.00039983324553205654
37,2026-05-16,2,2026-05-30,wk inc flu prop ed visits,quantile,0.025,0.0018880869990432001
38,2026-05-16,2,2026-05-30,wk inc flu prop ed visits,quantile,0.025,0.0
39,2026-05-16,2,2026-05-30,wk inc flu prop ed visits,quantile,0.025,0.0
40,2026-05-16,2,2026-05-30,wk inc flu prop ed visits,quantile,0.025,0.0
41,2026-05-16,2,2026-05-30,wk inc flu prop ed visits,quantile,0.025,0.0005021899919866645
42,2026-05-16,2,2026-05-30,wk inc flu prop ed visits,quantile,0.025,6.141564604855052e-05
44,2026-05-16,2,2026-05-30,wk inc flu prop ed visits,quantile,0.025,0.0
45,2026-05-16,2,2026-05-30,wk inc flu prop ed visits,quantile,0.025,0.00020835879265995892
46,2026-05-16,2,2026-05-30,wk inc flu prop ed visits,quantile,0.025,0.0
47,2026-05-16,2,2026-05-30,wk inc flu prop ed visits,quantile,0.025,0.00032670619356642186
48,2026-05-16,2,2026-05-30,wk inc flu prop ed visits,quantile,0.025,0.0010190694849839148
49,2026-05-16,2,2026-05-30,wk inc flu prop ed visits,quantile,0.025,4.737056885506968e-05
50,2026-05-16,2,2026-05-30,wk inc flu prop ed visits,quantile,0.025,0.0
51,2026-05-16,2,2026-05-30,wk inc flu prop ed visits,quantile,0.025,0.00024913968214426116
53,2026-05-16,2,2026-05-30,wk inc flu prop ed visits,quantile,0.025,0.0016061471132760477
54,2026-05-16,2,2026-05-30,wk inc flu prop ed visits,quantile,0.025,0.0
55,2026-05-16,2,2026-05-30,wk inc flu prop ed visits,quantile,0.025,0.0
56,2026-05-16,2,2026-05-30,wk inc flu prop ed visits,quantile,0.025,0.00013212308267678482
US,2026-05-16,2,2026-05-30,wk inc flu prop ed visits,quantile,0.025,0.000732402485583469
01,2026-05-16,3,2026-06-06,wk inc flu prop ed visits,quantile,0.025,3.48554800539554e-05
02,2026-05-16,3,2026-06-06,wk inc flu prop ed visits,quantile,0.025,0.0
04,2026-05-16,3,2026-06-06,wk inc flu prop ed visits,quantile,0.025,0.0015887912736225014
05,2026-05-16,3,2026-06-06,wk inc flu prop ed visits,quantile,0.025,0.0
06,2026-05-16,3,2026-06-06,wk inc flu prop ed visits,quantile,0.025,0.0008299889655079201
08,2026-05-16,3,2026-06-06,wk inc flu prop ed visits,quantile,0.025,0.0002873188536133853
09,2026-05-16,3,2026-06-06,wk inc flu prop ed visits,quantile,0.025,1.7490195133925518e-05
10,2026-05-16,3,2026-06-06,wk inc flu prop ed visits,quantile,0.025,0.0
11,2026-05-16,3,2026-06-06,wk inc flu prop ed visits,quantile,0.025,0.0
12,2026-05-16,3,2026-06-06,wk inc flu prop ed visits,quantile,0.025,0.0014138854224364724
13,2026-05-16,3,2026-06-06,wk inc flu prop ed visits,quantile,0.025,2.5215984150922538e-05
15,2026-05-16,3,2026-06-06,wk inc flu prop ed visits,quantile,0.025,0.003174998204382754
16,2026-05-16,3,2026-06-06,wk inc flu prop ed visits,quantile,0.025,0.0
17,2026-05-16,3,2026-06-06,wk inc flu prop ed visits,quantile,0.025,0.0
18,2026-05-16,3,2026-06-06,wk inc flu prop ed visits,quantile,0.025,0.0
19,2026-05-16,3,2026-06-06,wk inc flu prop ed visits,quantile,0.025,0.0
20,2026-05-16,3,2026-06-06,wk inc flu prop ed visits,quantile,0.025,0.0
21,2026-05-16,3,2026-06-06,wk inc flu prop ed visits,quantile,0.025,0.0
22,2026-05-16,3,2026-06-06,wk inc flu prop ed visits,quantile,0.025,5.614683464761277e-05
23,2026-05-16,3,2026-06-06,wk inc flu prop ed visits,quantile,0.025,0.0
24,2026-05-16,3,2026-06-06,wk inc flu prop ed visits,quantile,0.025,0.0
25,2026-05-16,3,2026-06-06,wk inc flu prop ed visits,quantile,0.025,0.0
26,2026-05-16,3,2026-06-06,wk inc flu prop ed visits,quantile,0.025,0.0
27,2026-05-16,3,2026-06-06,wk inc flu prop ed visits,quantile,0.025,2.3821597098148477e-05
28,2026-05-16,3,2026-06-06,wk inc flu prop ed visits,quantile,0.025,5.3003002105639285e-05
30,2026-05-16,3,2026-06-06,wk inc flu prop ed visits,quantile,0.025,0.0
31,2026-05-16,3,2026-06-06,wk inc flu prop ed visits,quantile,0.025,0.0
32,2026-05-16,3,2026-06-06,wk inc flu prop ed visits,quantile,0.025,0.002172357843886103
33,2026-05-16,3,2026-06-06,wk inc flu prop ed visits,quantile,0.025,0.0
34,2026-05-16,3,2026-06-06,wk inc flu prop ed visits,quantile,0.025,0.00012216465687656607
35,2026-05-16,3,2026-06-06,wk inc flu prop ed visits,quantile,0.025,0.00012513542107226735
36,2026-05-16,3,2026-06-06,wk inc flu prop ed visits,quantile,0.025,0.0002661574407268355
37,2026-05-16,3,2026-06-06,wk inc flu prop ed visits,quantile,0.025,0.0013667178843275098
38,2026-05-16,3,2026-06-06,wk inc flu prop ed visits,quantile,0.025,0.0
39,2026-05-16,3,2026-06-06,wk inc flu prop ed visits,quantile,0.025,0.0
40,2026-05-16,3,2026-06-06,wk inc flu prop ed visits,quantile,0.025,0.0
41,2026-05-16,3,2026-06-06,wk inc flu prop ed visits,quantile,0.025,0.00030910970374622954
42,2026-05-16,3,2026-06-06,wk inc flu prop ed visits,quantile,0.025,1.8555652769785912e-05
44,2026-05-16,3,2026-06-06,wk inc flu prop ed visits,quantile,0.025,0.0
45,2026-05-16,3,2026-06-06,wk inc flu prop ed visits,quantile,0.025,7.401909825571714e-05
46,2026-05-16,3,2026-06-06,wk inc flu prop ed visits,quantile,0.025,0.0
47,2026-05-16,3,2026-06-06,wk inc flu prop ed visits,quantile,0.025,0.00016485520963706695
48,2026-05-16,3,2026-06-06,wk inc flu prop ed visits,quantile,0.025,0.0008079773486373404
49,2026-05-16,3,2026-06-06,wk inc flu prop ed visits,quantile,0.025,0.0
50,2026-05-16,3,2026-06-06,wk inc flu prop ed visits,quantile,0.025,0.0
51,2026-05-16,3,2026-06-06,wk inc flu prop ed visits,quantile,0.025,0.00013932839694422386
53,2026-05-16,3,2026-06-06,wk inc flu prop ed visits,quantile,0.025,0.0011114340480064297
54,2026-05-16,3,2026-06-06,wk inc flu prop ed visits,quantile,0.025,0.0
55,2026-05-16,3,2026-06-06,wk inc flu prop ed visits,quantile,0.025,0.0
56,2026-05-16,3,2026-06-06,wk inc flu prop ed visits,quantile,0.025,0.0
US,2026-05-16,3,2026-06-06,wk inc flu prop ed visits,quantile,0.025,0.0005922488630800122
01,2026-05-16,0,2026-05-16,wk inc flu prop ed visits,quantile,0.05,0.0011761774108431846
02,2026-05-16,0,2026-05-16,wk inc flu prop ed visits,quantile,0.05,0.00032659706381913935
04,2026-05-16,0,2026-05-16,wk inc flu prop ed visits,quantile,0.05,0.004622411861175369
05,2026-05-16,0,2026-05-16,wk inc flu prop ed visits,quantile,0.05,0.000716119395892566
06,2026-05-16,0,2026-05-16,wk inc flu prop ed visits,quantile,0.05,0.0026049207990052805
08,2026-05-16,0,2026-05-16,wk inc flu prop ed visits,quantile,0.05,0.0021367737788846753
09,2026-05-16,0,2026-05-16,wk inc flu prop ed visits,quantile,0.05,0.0013478105000092084
10,2026-05-16,0,2026-05-16,wk inc flu prop ed visits,quantile,0.05,0.0005143115120706377
11,2026-05-16,0,2026-05-16,wk inc flu prop ed visits,quantile,0.05,0.0003578117321028644
12,2026-05-16,0,2026-05-16,wk inc flu prop ed visits,quantile,0.05,0.0028731672784813606
13,2026-05-16,0,2026-05-16,wk inc flu prop ed visits,quantile,0.05,0.0008662245438564204
15,2026-05-16,0,2026-05-16,wk inc flu prop ed visits,quantile,0.05,0.013012456719279425
16,2026-05-16,0,2026-05-16,wk inc flu prop ed visits,quantile,0.05,0.0007222462458490795
17,2026-05-16,0,2026-05-16,wk inc flu prop ed visits,quantile,0.05,0.0004910814627350347
18,2026-05-16,0,2026-05-16,wk inc flu prop ed visits,quantile,0.05,0.0001653132364166883
19,2026-05-16,0,2026-05-16,wk inc flu prop ed visits,quantile,0.05,0.00019152605307662314
20,2026-05-16,0,2026-05-16,wk inc flu prop ed visits,quantile,0.05,0.00027136162884237056
21,2026-05-16,0,2026-05-16,wk inc flu prop ed visits,quantile,0.05,0.000539304261669673
22,2026-05-16,0,2026-05-16,wk inc flu prop ed visits,quantile,0.05,0.0007471280320628109
23,2026-05-16,0,2026-05-16,wk inc flu prop ed visits,quantile,0.05,0.001263178167134877
24,2026-05-16,0,2026-05-16,wk inc flu prop ed visits,quantile,0.05,0.0007493060115691708
25,2026-05-16,0,2026-05-16,wk inc flu prop ed visits,quantile,0.05,0.0010240530901132058
26,2026-05-16,0,2026-05-16,wk inc flu prop ed visits,quantile,0.05,0.0001695514584658671
27,2026-05-16,0,2026-05-16,wk inc flu prop ed visits,quantile,0.05,0.001384944875769292
28,2026-05-16,0,2026-05-16,wk inc flu prop ed visits,quantile,0.05,0.0012354241950253435
30,2026-05-16,0,2026-05-16,wk inc flu prop ed visits,quantile,0.05,0.0005214846124631523
31,2026-05-16,0,2026-05-16,wk inc flu prop ed visits,quantile,0.05,0.00037055802393473234
32,2026-05-16,0,2026-05-16,wk inc flu prop ed visits,quantile,0.05,0.0061101056256391995
33,2026-05-16,0,2026-05-16,wk inc flu prop ed visits,quantile,0.05,0.0009643030255897457
34,2026-05-16,0,2026-05-16,wk inc flu prop ed visits,quantile,0.05,0.0013586953114536734
35,2026-05-16,0,2026-05-16,wk inc flu prop ed visits,quantile,0.05,0.0021923458277087883
36,2026-05-16,0,2026-05-16,wk inc flu prop ed visits,quantile,0.05,0.0014789346256440894
37,2026-05-16,0,2026-05-16,wk inc flu prop ed visits,quantile,0.05,0.00441356699572486
38,2026-05-16,0,2026-05-16,wk inc flu prop ed visits,quantile,0.05,0.0004509263467878151
39,2026-05-16,0,2026-05-16,wk inc flu prop ed visits,quantile,0.05,0.00010103275697170391
40,2026-05-16,0,2026-05-16,wk inc flu prop ed visits,quantile,0.05,0.000456686681253021
41,2026-05-16,0,2026-05-16,wk inc flu prop ed visits,quantile,0.05,0.0019391549215414378
42,2026-05-16,0,2026-05-16,wk inc flu prop ed visits,quantile,0.05,0.0007936769529839161
44,2026-05-16,0,2026-05-16,wk inc flu prop ed visits,quantile,0.05,0.000581343954770395
45,2026-05-16,0,2026-05-16,wk inc flu prop ed visits,quantile,0.05,0.0011109459371336848
46,2026-05-16,0,2026-05-16,wk inc flu prop ed visits,quantile,0.05,0.00010333359895262252
47,2026-05-16,0,2026-05-16,wk inc flu prop ed visits,quantile,0.05,0.0013512119395239308
48,2026-05-16,0,2026-05-16,wk inc flu prop ed visits,quantile,0.05,0.00254030690695901
49,2026-05-16,0,2026-05-16,wk inc flu prop ed visits,quantile,0.05,0.0006286853230349322
50,2026-05-16,0,2026-05-16,wk inc flu prop ed visits,quantile,0.05,0.0006490206503771482
51,2026-05-16,0,2026-05-16,wk inc flu prop ed visits,quantile,0.05,0.001198129637486421
53,2026-05-16,0,2026-05-16,wk inc flu prop ed visits,quantile,0.05,0.004640258048017986
54,2026-05-16,0,2026-05-16,wk inc flu prop ed visits,quantile,0.05,0.0006254134274592583
55,2026-05-16,0,2026-05-16,wk inc flu prop ed visits,quantile,0.05,0.00046295927965009554
56,2026-05-16,0,2026-05-16,wk inc flu prop ed visits,quantile,0.05,0.003371027210481607
US,2026-05-16,0,2026-05-16,wk inc flu prop ed visits,quantile,0.05,0.0019023787600517667
01,2026-05-16,1,2026-05-23,wk inc flu prop ed visits,quantile,0.05,0.0005839930042426467
02,2026-05-16,1,2026-05-23,wk inc flu prop ed visits,quantile,0.05,1.0852043667304751e-05
04,2026-05-16,1,2026-05-23,wk inc flu prop ed visits,quantile,0.05,0.003350850109363874
05,2026-05-16,1,2026-05-23,wk inc flu prop ed visits,quantile,0.05,0.00026330069728094105
06,2026-05-16,1,2026-05-23,wk inc flu prop ed visits,quantile,0.05,0.0019132601449366139
08,2026-05-16,1,2026-05-23,wk inc flu prop ed visits,quantile,0.05,0.0012321680602386744
09,2026-05-16,1,2026-05-23,wk inc flu prop ed visits,quantile,0.05,0.0005942682071698848
10,2026-05-16,1,2026-05-23,wk inc flu prop ed visits,quantile,0.05,0.00012382500874753765
11,2026-05-16,1,2026-05-23,wk inc flu prop ed visits,quantile,0.05,2.5011395974642424e-05
12,2026-05-16,1,2026-05-23,wk inc flu prop ed visits,quantile,0.05,0.0022942810926920507
13,2026-05-16,1,2026-05-23,wk inc flu prop ed visits,quantile,0.05,0.00045146921358592105
15,2026-05-16,1,2026-05-23,wk inc flu prop ed visits,quantile,0.05,0.009161162164169118
16,2026-05-16,1,2026-05-23,wk inc flu prop ed visits,quantile,0.05,0.00018921208639335738
17,2026-05-16,1,2026-05-23,wk inc flu prop ed visits,quantile,0.05,0.00021136237223077662
18,2026-05-16,1,2026-05-23,wk inc flu prop ed visits,quantile,0.05,0.0
19,2026-05-16,1,2026-05-23,wk inc flu prop ed visits,quantile,0.05,1.001017273286539e-06
20,2026-05-16,1,2026-05-23,wk inc flu prop ed visits,quantile,0.05,8.371181504922468e-05
21,2026-05-16,1,2026-05-23,wk inc flu prop ed visits,quantile,0.05,0.00021456109230765338
22,2026-05-16,1,2026-05-23,wk inc flu prop ed visits,quantile,0.05,0.00038815407207408225
23,2026-05-16,1,2026-05-23,wk inc flu prop ed visits,quantile,0.05,0.0004687775144578938
24,2026-05-16,1,2026-05-23,wk inc flu prop ed visits,quantile,0.05,0.0003232671297371781
25,2026-05-16,1,2026-05-23,wk inc flu prop ed visits,quantile,0.05,0.0004394449137664942
26,2026-05-16,1,2026-05-23,wk inc flu prop ed visits,quantile,0.05,2.3255025590759106e-05
27,2026-05-16,1,2026-05-23,wk inc flu prop ed visits,quantile,0.05,0.0006246834680232377
28,2026-05-16,1,2026-05-23,wk inc flu prop ed visits,quantile,0.05,0.0005981427341228065
30,2026-05-16,1,2026-05-23,wk inc flu prop ed visits,quantile,0.05,0.00010405829766722495
31,2026-05-16,1,2026-05-23,wk inc flu prop ed visits,quantile,0.05,0.00010093130519414082
32,2026-05-16,1,2026-05-23,wk inc flu prop ed visits,quantile,0.05,0.004736029067637071
33,2026-05-16,1,2026-05-23,wk inc flu prop ed visits,quantile,0.05,0.00031403694811111865
34,2026-05-16,1,2026-05-23,wk inc flu prop ed visits,quantile,0.05,0.0007318323085369591
35,2026-05-16,1,2026-05-23,wk inc flu prop ed visits,quantile,0.05,0.0011970247941525832
36,2026-05-16,1,2026-05-23,wk inc flu prop ed visits,quantile,0.05,0.0009182086589378924
37,2026-05-16,1,2026-05-23,wk inc flu prop ed visits,quantile,0.05,0.0032509720094924728
38,2026-05-16,1,2026-05-23,wk inc flu prop ed visits,quantile,0.05,0.0
39,2026-05-16,1,2026-05-23,wk inc flu prop ed visits,quantile,0.05,0.0
40,2026-05-16,1,2026-05-23,wk inc flu prop ed visits,quantile,0.05,0.00015060078870576186
41,2026-05-16,1,2026-05-23,wk inc flu prop ed visits,quantile,0.05,0.0011595042605328108
42,2026-05-16,1,2026-05-23,wk inc flu prop ed visits,quantile,0.05,0.00040328928559406444
44,2026-05-16,1,2026-05-23,wk inc flu prop ed visits,quantile,0.05,0.00011527430089784944
45,2026-05-16,1,2026-05-23,wk inc flu prop ed visits,quantile,0.05,0.0006229395568763366
46,2026-05-16,1,2026-05-23,wk inc flu prop ed visits,quantile,0.05,0.0
47,2026-05-16,1,2026-05-23,wk inc flu prop ed visits,quantile,0.05,0.0007947269307027529
48,2026-05-16,1,2026-05-23,wk inc flu prop ed visits,quantile,0.05,0.0017608172474351022
49,2026-05-16,1,2026-05-23,wk inc flu prop ed visits,quantile,0.05,0.0002660157812897764
50,2026-05-16,1,2026-05-23,wk inc flu prop ed visits,quantile,0.05,0.00018872967670246162
51,2026-05-16,1,2026-05-23,wk inc flu prop ed visits,quantile,0.05,0.0007354940011944065
53,2026-05-16,1,2026-05-23,wk inc flu prop ed visits,quantile,0.05,0.003063775683671373
54,2026-05-16,1,2026-05-23,wk inc flu prop ed visits,quantile,0.05,0.00015138277056840822
55,2026-05-16,1,2026-05-23,wk inc flu prop ed visits,quantile,0.05,0.00017247223977666975
56,2026-05-16,1,2026-05-23,wk inc flu prop ed visits,quantile,0.05,0.00129698861371947
US,2026-05-16,1,2026-05-23,wk inc flu prop ed visits,quantile,0.05,0.0013117934951310723
01,2026-05-16,2,2026-05-30,wk inc flu prop ed visits,quantile,0.05,0.0002855899629756747
02,2026-05-16,2,2026-05-30,wk inc flu prop ed visits,quantile,0.05,0.0
04,2026-05-16,2,2026-05-30,wk inc flu prop ed visits,quantile,0.05,0.002530827304946876
05,2026-05-16,2,2026-05-30,wk inc flu prop ed visits,quantile,0.05,8.099169222443242e-05
06,2026-05-16,2,2026-05-30,wk inc flu prop ed visits,quantile,0.05,0.0014130031055437598
08,2026-05-16,2,2026-05-30,wk inc flu prop ed visits,quantile,0.05,0.0007807200032015087
09,2026-05-16,2,2026-05-30,wk inc flu prop ed visits,quantile,0.05,0.0002512515002948531
10,2026-05-16,2,2026-05-30,wk inc flu prop ed visits,quantile,0.05,0.0
11,2026-05-16,2,2026-05-30,wk inc flu prop ed visits,quantile,0.05,0.0
12,2026-05-16,2,2026-05-30,wk inc flu prop ed visits,quantile,0.05,0.0019982585562618367
13,2026-05-16,2,2026-05-30,wk inc flu prop ed visits,quantile,0.05,0.00023941997460553594
15,2026-05-16,2,2026-05-30,wk inc flu prop ed visits,quantile,0.05,0.006582657348362171
16,2026-05-16,2,2026-05-30,wk inc flu prop ed visits,quantile,0.05,3.4162552673790063e-05
17,2026-05-16,2,2026-05-30,wk inc flu prop ed visits,quantile,0.05,5.288089070796441e-05
18,2026-05-16,2,2026-05-30,wk inc flu prop ed visits,quantile,0.05,0.0
19,2026-05-16,2,2026-05-30,wk inc flu prop ed visits,quantile,0.05,0.0
20,2026-05-16,2,2026-05-30,wk inc flu prop ed visits,quantile,0.05,0.0
21,2026-05-16,2,2026-05-30,wk inc flu prop ed visits,quantile,0.05,5.5175724581535986e-05
22,2026-05-16,2,2026-05-30,wk inc flu prop ed visits,quantile,0.05,0.00025091327853160925
23,2026-05-16,2,2026-05-30,wk inc flu prop ed visits,quantile,0.05,0.00013276727092934946
24,2026-05-16,2,2026-05-30,wk inc flu prop ed visits,quantile,0.05,0.00014391695193042244
25,2026-05-16,2,2026-05-30,wk inc flu prop ed visits,quantile,0.05,0.0001668525536744278
26,2026-05-16,2,2026-05-30,wk inc flu prop ed visits,quantile,0.05,0.0
27,2026-05-16,2,2026-05-30,wk inc flu prop ed visits,quantile,0.05,0.0002826835253256245
28,2026-05-16,2,2026-05-30,wk inc flu prop ed visits,quantile,0.05,0.00031085638534728087
30,2026-05-16,2,2026-05-30,wk inc flu prop ed visits,quantile,0.05,0.0
31,2026-05-16,2,2026-05-30,wk inc flu prop ed visits,quantile,0.05,0.0
32,2026-05-16,2,2026-05-30,wk inc flu prop ed visits,quantile,0.05,0.0036551211384415806
33,2026-05-16,2,2026-05-30,wk inc flu prop ed visits,quantile,0.05,5.008340194706312e-05
34,2026-05-16,2,2026-05-30,wk inc flu prop ed visits,quantile,0.05,0.00041935802715392575
35,2026-05-16,2,2026-05-30,wk inc flu prop ed visits,quantile,0.05,0.0006292004159584362
36,2026-05-16,2,2026-05-30,wk inc flu prop ed visits,quantile,0.05,0.0006158799568893585
37,2026-05-16,2,2026-05-30,wk inc flu prop ed visits,quantile,0.05,0.0025088280361845357
38,2026-05-16,2,2026-05-30,wk inc flu prop ed visits,quantile,0.05,0.0
39,2026-05-16,2,2026-05-30,wk inc flu prop ed visits,quantile,0.05,0.0
40,2026-05-16,2,2026-05-30,wk inc flu prop ed visits,quantile,0.05,1.530232110261348e-05
41,2026-05-16,2,2026-05-30,wk inc flu prop ed visits,quantile,0.05,0.000721526617338769
42,2026-05-16,2,2026-05-30,wk inc flu prop ed visits,quantile,0.05,0.00016713900249996208
44,2026-05-16,2,2026-05-30,wk inc flu prop ed visits,quantile,0.05,0.0
45,2026-05-16,2,2026-05-30,wk inc flu prop ed visits,quantile,0.05,0.0003845439971692326
46,2026-05-16,2,2026-05-30,wk inc flu prop ed visits,quantile,0.05,0.0
47,2026-05-16,2,2026-05-30,wk inc flu prop ed visits,quantile,0.05,0.0005240879553420625
48,2026-05-16,2,2026-05-30,wk inc flu prop ed visits,quantile,0.05,0.001353538246978319
49,2026-05-16,2,2026-05-30,wk inc flu prop ed visits,quantile,0.05,0.00014246568372610962
50,2026-05-16,2,2026-05-30,wk inc flu prop ed visits,quantile,0.05,0.0
51,2026-05-16,2,2026-05-30,wk inc flu prop ed visits,quantile,0.05,0.00040888883729373634
53,2026-05-16,2,2026-05-30,wk inc flu prop ed visits,quantile,0.05,0.0020377667550684564
54,2026-05-16,2,2026-05-30,wk inc flu prop ed visits,quantile,0.05,0.0
55,2026-05-16,2,2026-05-30,wk inc flu prop ed visits,quantile,0.05,2.770265281401873e-05
56,2026-05-16,2,2026-05-30,wk inc flu prop ed visits,quantile,0.05,0.00046165576497453293
US,2026-05-16,2,2026-05-30,wk inc flu prop ed visits,quantile,0.05,0.0010627492547311246
01,2026-05-16,3,2026-06-06,wk inc flu prop ed visits,quantile,0.05,0.00015905146472481465
02,2026-05-16,3,2026-06-06,wk inc flu prop ed visits,quantile,0.05,0.0
04,2026-05-16,3,2026-06-06,wk inc flu prop ed visits,quantile,0.05,0.0020235438276735964
05,2026-05-16,3,2026-06-06,wk inc flu prop ed visits,quantile,0.05,0.0
06,2026-05-16,3,2026-06-06,wk inc flu prop ed visits,quantile,0.05,0.001092558496210426
08,2026-05-16,3,2026-06-06,wk inc flu prop ed visits,quantile,0.05,0.0005076649223916095
09,2026-05-16,3,2026-06-06,wk inc flu prop ed visits,quantile,0.05,0.00011184126909821442
10,2026-05-16,3,2026-06-06,wk inc flu prop ed visits,quantile,0.05,0.0
11,2026-05-16,3,2026-06-06,wk inc flu prop ed visits,quantile,0.05,0.0
12,2026-05-16,3,2026-06-06,wk inc flu prop ed visits,quantile,0.05,0.0018660891680712048
13,2026-05-16,3,2026-06-06,wk inc flu prop ed visits,quantile,0.05,0.00012781413167833153
15,2026-05-16,3,2026-06-06,wk inc flu prop ed visits,quantile,0.05,0.004918545308950825
16,2026-05-16,3,2026-06-06,wk inc flu prop ed visits,quantile,0.05,0.0
17,2026-05-16,3,2026-06-06,wk inc flu prop ed visits,quantile,0.05,1.8155618412631357e-05
18,2026-05-16,3,2026-06-06,wk inc flu prop ed visits,quantile,0.05,0.0
19,2026-05-16,3,2026-06-06,wk inc flu prop ed visits,quantile,0.05,0.0
20,2026-05-16,3,2026-06-06,wk inc flu prop ed visits,quantile,0.05,0.0
21,2026-05-16,3,2026-06-06,wk inc flu prop ed visits,quantile,0.05,0.0
22,2026-05-16,3,2026-06-06,wk inc flu prop ed visits,quantile,0.05,0.00016769879360430833
23,2026-05-16,3,2026-06-06,wk inc flu prop ed visits,quantile,0.05,3.0902709512186514e-06
24,2026-05-16,3,2026-06-06,wk inc flu prop ed visits,quantile,0.05,5.255591458423822e-05
25,2026-05-16,3,2026-06-06,wk inc flu prop ed visits,quantile,0.05,5.301258549892914e-05
26,2026-05-16,3,2026-06-06,wk inc flu prop ed visits,quantile,0.05,0.0
27,2026-05-16,3,2026-06-06,wk inc flu prop ed visits,quantile,0.05,0.00013513863307753344
28,2026-05-16,3,2026-06-06,wk inc flu prop ed visits,quantile,0.05,0.00017685209038664039
30,2026-05-16,3,2026-06-06,wk inc flu prop ed visits,quantile,0.05,0.0
31,2026-05-16,3,2026-06-06,wk inc flu prop ed visits,quantile,0.05,0.0
32,2026-05-16,3,2026-06-06,wk inc flu prop ed visits,quantile,0.05,0.002865038224403596
33,2026-05-16,3,2026-06-06,wk inc flu prop ed visits,quantile,0.05,0.0
34,2026-05-16,3,2026-06-06,wk inc flu prop ed visits,quantile,0.05,0.0002838479065543168
35,2026-05-16,3,2026-06-06,wk inc flu prop ed visits,quantile,0.05,0.00030576466592018736
36,2026-05-16,3,2026-06-06,wk inc flu prop ed visits,quantile,0.05,0.00044851790444985675
37,2026-05-16,3,2026-06-06,wk inc flu prop ed visits,quantile,0.05,0.0020024364471103104
38,2026-05-16,3,2026-06-06,wk inc flu prop ed visits,quantile,0.05,0.0
39,2026-05-16,3,2026-06-06,wk inc flu prop ed visits,quantile,0.05,0.0
40,2026-05-16,3,2026-06-06,wk inc flu prop ed visits,quantile,0.05,0.0
41,2026-05-16,3,2026-06-06,wk inc flu prop ed visits,quantile,0.05,0.00047290266228463114
42,2026-05-16,3,2026-06-06,wk inc flu prop ed visits,quantile,0.05,8.153557302246117e-05
44,2026-05-16,3,2026-06-06,wk inc flu prop ed visits,quantile,0.05,0.0
45,2026-05-16,3,2026-06-06,wk inc flu prop ed visits,quantile,0.05,0.00022473319875177138
46,2026-05-16,3,2026-06-06,wk inc flu prop ed visits,quantile,0.05,0.0
47,2026-05-16,3,2026-06-06,wk inc flu prop ed visits,quantile,0.05,0.0003775865345516387
48,2026-05-16,3,2026-06-06,wk inc flu prop ed visits,quantile,0.05,0.0011442766754213205
49,2026-05-16,3,2026-06-06,wk inc flu prop ed visits,quantile,0.05,4.617529550118467e-05
50,2026-05-16,3,2026-06-06,wk inc flu prop ed visits,quantile,0.05,0.0
51,2026-05-16,3,2026-06-06,wk inc flu prop ed visits,quantile,0.05,0.0002584651375717666
53,2026-05-16,3,2026-06-06,wk inc flu prop ed visits,quantile,0.05,0.0015527498789761431
54,2026-05-16,3,2026-06-06,wk inc flu prop ed visits,quantile,0.05,0.0
55,2026-05-16,3,2026-06-06,wk inc flu prop ed visits,quantile,0.05,0.0
56,2026-05-16,3,2026-06-06,wk inc flu prop ed visits,quantile,0.05,8.913531824518652e-05
US,2026-05-16,3,2026-06-06,wk inc flu prop ed visits,quantile,0.05,0.0008411399755178934
01,2026-05-16,0,2026-05-16,wk inc flu prop ed visits,quantile,0.1,0.0014533600961102403
02,2026-05-16,0,2026-05-16,wk inc flu prop ed visits,quantile,0.1,0.0004504099645759348
04,2026-05-16,0,2026-05-16,wk inc flu prop ed visits,quantile,0.1,0.005140679186516366
05,2026-05-16,0,2026-05-16,wk inc flu prop ed visits,quantile,0.1,0.0008957832063458811
06,2026-05-16,0,2026-05-16,wk inc flu prop ed visits,quantile,0.1,0.002867225542535789
08,2026-05-16,0,2026-05-16,wk inc flu prop ed visits,quantile,0.1,0.0023684115301860716
09,2026-05-16,0,2026-05-16,wk inc flu prop ed visits,quantile,0.1,0.0015559218285766626
10,2026-05-16,0,2026-05-16,wk inc flu prop ed visits,quantile,0.1,0.0007046583711126022
11,2026-05-16,0,2026-05-16,wk inc flu prop ed visits,quantile,0.1,0.0005259850234535223
12,2026-05-16,0,2026-05-16,wk inc flu prop ed visits,quantile,0.1,0.0031178808732034856
13,2026-05-16,0,2026-05-16,wk inc flu prop ed visits,quantile,0.1,0.0010318917975324798
15,2026-05-16,0,2026-05-16,wk inc flu prop ed visits,quantile,0.1,0.01437498694019649
16,2026-05-16,0,2026-05-16,wk inc flu prop ed visits,quantile,0.1,0.0009121736543221395
17,2026-05-16,0,2026-05-16,wk inc flu prop ed visits,quantile,0.1,0.0005960370193258746
18,2026-05-16,0,2026-05-16,wk inc flu prop ed visits,quantile,0.1,0.0002307321296957665
19,2026-05-16,0,2026-05-16,wk inc flu prop ed visits,quantile,0.1,0.00026759935166608214
20,2026-05-16,0,2026-05-16,wk inc flu prop ed visits,quantile,0.1,0.0003636375641884696
21,2026-05-16,0,2026-05-16,wk inc flu prop ed visits,quantile,0.1,0.0007167733756307813
22,2026-05-16,0,2026-05-16,wk inc flu prop ed visits,quantile,0.1,0.000913989480196776
23,2026-05-16,0,2026-05-16,wk inc flu prop ed visits,quantile,0.1,0.001511107459523941
24,2026-05-16,0,2026-05-16,wk inc flu prop ed visits,quantile,0.1,0.0009399134391952672
25,2026-05-16,0,2026-05-16,wk inc flu prop ed visits,quantile,0.1,0.0012407102508185577
26,2026-05-16,0,2026-05-16,wk inc flu prop ed visits,quantile,0.1,0.00022696948691569409
27,2026-05-16,0,2026-05-16,wk inc flu prop ed visits,quantile,0.1,0.0016083000684916269
28,2026-05-16,0,2026-05-16,wk inc flu prop ed visits,quantile,0.1,0.0014260888905100718
30,2026-05-16,0,2026-05-16,wk inc flu prop ed visits,quantile,0.1,0.0007436456801829201
31,2026-05-16,0,2026-05-16,wk inc flu prop ed visits,quantile,0.1,0.0004811168427852326
32,2026-05-16,0,2026-05-16,wk inc flu prop ed visits,quantile,0.1,0.006594947941591649
33,2026-05-16,0,2026-05-16,wk inc flu prop ed visits,quantile,0.1,0.0012031778103410416
34,2026-05-16,0,2026-05-16,wk inc flu prop ed visits,quantile,0.1,0.0015764792397942756
35,2026-05-16,0,2026-05-16,wk inc flu prop ed visits,quantile,0.1,0.00256959030232872
36,2026-05-16,0,2026-05-16,wk inc flu prop ed visits,quantile,0.1,0.0016825611205950799
37,2026-05-16,0,2026-05-16,wk inc flu prop ed visits,quantile,0.1,0.004963843299331239
38,2026-05-16,0,2026-05-16,wk inc flu prop ed visits,quantile,0.1,0.0006627657753424912
39,2026-05-16,0,2026-05-16,wk inc flu prop ed visits,quantile,0.1,0.0001555674884636484
40,2026-05-16,0,2026-05-16,wk inc flu prop ed visits,quantile,0.1,0.0005870284297273817
41,2026-05-16,0,2026-05-16,wk inc flu prop ed visits,quantile,0.1,0.002250876616471869
42,2026-05-16,0,2026-05-16,wk inc flu prop ed visits,quantile,0.1,0.0009348141333270518
44,2026-05-16,0,2026-05-16,wk inc flu prop ed visits,quantile,0.1,0.0007628245060765863
45,2026-05-16,0,2026-05-16,wk inc flu prop ed visits,quantile,0.1,0.0013145164474492774
46,2026-05-16,0,2026-05-16,wk inc flu prop ed visits,quantile,0.1,0.00020767869394514214
47,2026-05-16,0,2026-05-16,wk inc flu prop ed visits,quantile,0.1,0.0015927570612778155
48,2026-05-16,0,2026-05-16,wk inc flu prop ed visits,quantile,0.1,0.002803796101397344
49,2026-05-16,0,2026-05-16,wk inc flu prop ed visits,quantile,0.1,0.0007446149322144415
50,2026-05-16,0,2026-05-16,wk inc flu prop ed visits,quantile,0.1,0.0008894378697421553
51,2026-05-16,0,2026-05-16,wk inc flu prop ed visits,quantile,0.1,0.0014326919690325676
53,2026-05-16,0,2026-05-16,wk inc flu prop ed visits,quantile,0.1,0.005166980098419809
54,2026-05-16,0,2026-05-16,wk inc flu prop ed visits,quantile,0.1,0.0007958695884271416
55,2026-05-16,0,2026-05-16,wk inc flu prop ed visits,quantile,0.1,0.000572576842996512
56,2026-05-16,0,2026-05-16,wk inc flu prop ed visits,quantile,0.1,0.0043924885842382905
US,2026-05-16,0,2026-05-16,wk inc flu prop ed visits,quantile,0.1,0.002102272974137764
01,2026-05-16,1,2026-05-23,wk inc flu prop ed visits,quantile,0.1,0.0008799380531626069
02,2026-05-16,1,2026-05-23,wk inc flu prop ed visits,quantile,0.1,0.00010777282105388834
04,2026-05-16,1,2026-05-23,wk inc flu prop ed visits,quantile,0.1,0.004001230168959129
05,2026-05-16,1,2026-05-23,wk inc flu prop ed visits,quantile,0.1,0.000443209366990015
06,2026-05-16,1,2026-05-23,wk inc flu prop ed visits,quantile,0.1,0.0021849477698934754
08,2026-05-16,1,2026-05-23,wk inc flu prop ed visits,quantile,0.1,0.0015472498279268325
09,2026-05-16,1,2026-05-23,wk inc flu prop ed visits,quantile,0.1,0.0008250123926875525
10,2026-05-16,1,2026-05-23,wk inc flu prop ed visits,quantile,0.1,0.00029746860495092427
11,2026-05-16,1,2026-05-23,wk inc flu prop ed visits,quantile,0.1,0.0001260490799943277
12,2026-05-16,1,2026-05-23,wk inc flu prop ed visits,quantile,0.1,0.002673068122699355
13,2026-05-16,1,2026-05-23,wk inc flu prop ed visits,quantile,0.1,0.0006564734197904973
15,2026-05-16,1,2026-05-23,wk inc flu prop ed visits,quantile,0.1,0.010741586926461879
16,2026-05-16,1,2026-05-23,wk inc flu prop ed visits,quantile,0.1,0.00037139794202923146
17,2026-05-16,1,2026-05-23,wk inc flu prop ed visits,quantile,0.1,0.0003281486609860413
18,2026-05-16,1,2026-05-23,wk inc flu prop ed visits,quantile,0.1,4.850216793065248e-05
19,2026-05-16,1,2026-05-23,wk inc flu prop ed visits,quantile,0.1,5.6895426278596226e-05
20,2026-05-16,1,2026-05-23,wk inc flu prop ed visits,quantile,0.1,0.00017301633233424033
21,2026-05-16,1,2026-05-23,wk inc flu prop ed visits,quantile,0.1,0.0003664033446595589
22,2026-05-16,1,2026-05-23,wk inc flu prop ed visits,quantile,0.1,0.0005775863147509289
23,2026-05-16,1,2026-05-23,wk inc flu prop ed visits,quantile,0.1,0.0007440598758812498
24,2026-05-16,1,2026-05-23,wk inc flu prop ed visits,quantile,0.1,0.0005071802202192208
25,2026-05-16,1,2026-05-23,wk inc flu prop ed visits,quantile,0.1,0.0006215978182719777
26,2026-05-16,1,2026-05-23,wk inc flu prop ed visits,quantile,0.1,8.800891653438043e-05
27,2026-05-16,1,2026-05-23,wk inc flu prop ed visits,quantile,0.1,0.0008741177166965406
28,2026-05-16,1,2026-05-23,wk inc flu prop ed visits,quantile,0.1,0.0008988445845638108
30,2026-05-16,1,2026-05-23,wk inc flu prop ed visits,quantile,0.1,0.00027101526243234413
31,2026-05-16,1,2026-05-23,wk inc flu prop ed visits,quantile,0.1,0.00022357787651947674
32,2026-05-16,1,2026-05-23,wk inc flu prop ed visits,quantile,0.1,0.0053796374741003185
33,2026-05-16,1,2026-05-23,wk inc flu prop ed visits,quantile,0.1,0.0005680984239255208
34,2026-05-16,1,2026-05-23,wk inc flu prop ed visits,quantile,0.1,0.0009739433238956834
35,2026-05-16,1,2026-05-23,wk inc flu prop ed visits,quantile,0.1,0.0015912260283867732
36,2026-05-16,1,2026-05-23,wk inc flu prop ed visits,quantile,0.1,0.001167457749293333
37,2026-05-16,1,2026-05-23,wk inc flu prop ed visits,quantile,0.1,0.0038193260104889206
38,2026-05-16,1,2026-05-23,wk inc flu prop ed visits,quantile,0.1,7.0319143121224e-05
39,2026-05-16,1,2026-05-23,wk inc flu prop ed visits,quantile,0.1,7.138558840033178e-06
40,2026-05-16,1,2026-05-23,wk inc flu prop ed visits,quantile,0.1,0.0002761248537637505
41,2026-05-16,1,2026-05-23,wk inc flu prop ed visits,quantile,0.1,0.0014740576113150229
42,2026-05-16,1,2026-05-23,wk inc flu prop ed visits,quantile,0.1,0.0005408306370593451
44,2026-05-16,1,2026-05-23,wk inc flu prop ed visits,quantile,0.1,0.00027230304208230774
45,2026-05-16,1,2026-05-23,wk inc flu prop ed visits,quantile,0.1,0.0008535076320551852
46,2026-05-16,1,2026-05-23,wk inc flu prop ed visits,quantile,0.1,0.0
47,2026-05-16,1,2026-05-23,wk inc flu prop ed visits,quantile,0.1,0.0010738816666880668
48,2026-05-16,1,2026-05-23,wk inc flu prop ed visits,quantile,0.1,0.002286396525128475
49,2026-05-16,1,2026-05-23,wk inc flu prop ed visits,quantile,0.1,0.00044360379863397567
50,2026-05-16,1,2026-05-23,wk inc flu prop ed visits,quantile,0.1,0.0004096279739326855
51,2026-05-16,1,2026-05-23,wk inc flu prop ed visits,quantile,0.1,0.0009517418316319129
53,2026-05-16,1,2026-05-23,wk inc flu prop ed visits,quantile,0.1,0.00365626777383502
54,2026-05-16,1,2026-05-23,wk inc flu prop ed visits,quantile,0.1,0.0003022359096297454
55,2026-05-16,1,2026-05-23,wk inc flu prop ed visits,quantile,0.1,0.00028352238411222654
56,2026-05-16,1,2026-05-23,wk inc flu prop ed visits,quantile,0.1,0.002419266425559799
US,2026-05-16,1,2026-05-23,wk inc flu prop ed visits,quantile,0.1,0.0016005412440142778
01,2026-05-16,2,2026-05-30,wk inc flu prop ed visits,quantile,0.1,0.0006120196310400617
02,2026-05-16,2,2026-05-30,wk inc flu prop ed visits,quantile,0.1,0.0
04,2026-05-16,2,2026-05-30,wk inc flu prop ed visits,quantile,0.1,0.0032683666691845723
05,2026-05-16,2,2026-05-30,wk inc flu prop ed visits,quantile,0.1,0.0002536855505769845
06,2026-05-16,2,2026-05-30,wk inc flu prop ed visits,quantile,0.1,0.00177837377474897
08,2026-05-16,2,2026-05-30,wk inc flu prop ed visits,quantile,0.1,0.001133646852268119
09,2026-05-16,2,2026-05-30,wk inc flu prop ed visits,quantile,0.1,0.00047414685065506196
10,2026-05-16,2,2026-05-30,wk inc flu prop ed visits,quantile,0.1,9.307177290235601e-05
11,2026-05-16,2,2026-05-30,wk inc flu prop ed visits,quantile,0.1,8.569763827408865e-06
12,2026-05-16,2,2026-05-30,wk inc flu prop ed visits,quantile,0.1,0.0024600533356850893
13,2026-05-16,2,2026-05-30,wk inc flu prop ed visits,quantile,0.1,0.0004388962331483831
15,2026-05-16,2,2026-05-30,wk inc flu prop ed visits,quantile,0.1,0.00839382363962636
16,2026-05-16,2,2026-05-30,wk inc flu prop ed visits,quantile,0.1,0.0001877726565366504
17,2026-05-16,2,2026-05-30,wk inc flu prop ed visits,quantile,0.1,0.00017546836473035136
18,2026-05-16,2,2026-05-30,wk inc flu prop ed visits,quantile,0.1,0.0
19,2026-05-16,2,2026-05-30,wk inc flu prop ed visits,quantile,0.1,0.0
20,2026-05-16,2,2026-05-30,wk inc flu prop ed visits,quantile,0.1,7.502678768878899e-05
21,2026-05-16,2,2026-05-30,wk inc flu prop ed visits,quantile,0.1,0.0001916407328602944
22,2026-05-16,2,2026-05-30,wk inc flu prop ed visits,quantile,0.1,0.00043673326819774095
23,2026-05-16,2,2026-05-30,wk inc flu prop ed visits,quantile,0.1,0.00032425935106515755
24,2026-05-16,2,2026-05-30,wk inc flu prop ed visits,quantile,0.1,0.00030173530080613355
25,2026-05-16,2,2026-05-30,wk inc flu prop ed visits,quantile,0.1,0.0003588494727038331
26,2026-05-16,2,2026-05-30,wk inc flu prop ed visits,quantile,0.1,1.388315623657696e-05
27,2026-05-16,2,2026-05-30,wk inc flu prop ed visits,quantile,0.1,0.0005359758554197953
28,2026-05-16,2,2026-05-30,wk inc flu prop ed visits,quantile,0.1,0.0005963299316507375
30,2026-05-16,2,2026-05-30,wk inc flu prop ed visits,quantile,0.1,7.314765092254245e-05
31,2026-05-16,2,2026-05-30,wk inc flu prop ed visits,quantile,0.1,5.3419585138031586e-05
32,2026-05-16,2,2026-05-30,wk inc flu prop ed visits,quantile,0.1,0.004575969729197844
33,2026-05-16,2,2026-05-30,wk inc flu prop ed visits,quantile,0.1,0.0002219240051135204
34,2026-05-16,2,2026-05-30,wk inc flu prop ed visits,quantile,0.1,0.000628889235217278
35,2026-05-16,2,2026-05-30,wk inc flu prop ed visits,quantile,0.1,0.001027178980456488
36,2026-05-16,2,2026-05-30,wk inc flu prop ed visits,quantile,0.1,0.000885308662747115
37,2026-05-16,2,2026-05-30,wk inc flu prop ed visits,quantile,0.1,0.0032833720811389394
38,2026-05-16,2,2026-05-30,wk inc flu prop ed visits,quantile,0.1,0.0
39,2026-05-16,2,2026-05-30,wk inc flu prop ed visits,quantile,0.1,0.0
40,2026-05-16,2,2026-05-30,wk inc flu prop ed visits,quantile,0.1,0.00014926518122316214
41,2026-05-16,2,2026-05-30,wk inc flu prop ed visits,quantile,0.1,0.001055187867250411
42,2026-05-16,2,2026-05-30,wk inc flu prop ed visits,quantile,0.1,0.00033193118613404057
44,2026-05-16,2,2026-05-30,wk inc flu prop ed visits,quantile,0.1,5.576264179924536e-05
45,2026-05-16,2,2026-05-30,wk inc flu prop ed visits,quantile,0.1,0.0006128528080641504
46,2026-05-16,2,2026-05-30,wk inc flu prop ed visits,quantile,0.1,0.0
47,2026-05-16,2,2026-05-30,wk inc flu prop ed visits,quantile,0.1,0.0008293014595775542
48,2026-05-16,2,2026-05-30,wk inc flu prop ed visits,quantile,0.1,0.001916584477411338
49,2026-05-16,2,2026-05-30,wk inc flu prop ed visits,quantile,0.1,0.0002840038349615718
50,2026-05-16,2,2026-05-30,wk inc flu prop ed visits,quantile,0.1,0.00013093657335657208
51,2026-05-16,2,2026-05-30,wk inc flu prop ed visits,quantile,0.1,0.0006833393506970358
53,2026-05-16,2,2026-05-30,wk inc flu prop ed visits,quantile,0.1,0.002713709787659212
54,2026-05-16,2,2026-05-30,wk inc flu prop ed visits,quantile,0.1,9.606982903152502e-05
55,2026-05-16,2,2026-05-30,wk inc flu prop ed visits,quantile,0.1,0.00013044640341358947
56,2026-05-16,2,2026-05-30,wk inc flu prop ed visits,quantile,0.1,0.0012153655651614974
US,2026-05-16,2,2026-05-30,wk inc flu prop ed visits,quantile,0.1,0.0013377558974700312
01,2026-05-16,3,2026-06-06,wk inc flu prop ed visits,quantile,0.1,0.00044786783640231905
02,2026-05-16,3,2026-06-06,wk inc flu prop ed visits,quantile,0.1,0.0
04,2026-05-16,3,2026-06-06,wk inc flu prop ed visits,quantile,0.1,0.0028197485677143065
05,2026-05-16,3,2026-06-06,wk inc flu prop ed visits,quantile,0.1,0.00014534177039257984
06,2026-05-16,3,2026-06-06,wk inc flu prop ed visits,quantile,0.1,0.001501605418482199
08,2026-05-16,3,2026-06-06,wk inc flu prop ed visits,quantile,0.1,0.0008388790060458452
09,2026-05-16,3,2026-06-06,wk inc flu prop ed visits,quantile,0.1,0.0002881604500902006
10,2026-05-16,3,2026-06-06,wk inc flu prop ed visits,quantile,0.1,6.331065808567858e-06
11,2026-05-16,3,2026-06-06,wk inc flu prop ed visits,quantile,0.1,0.0
12,2026-05-16,3,2026-06-06,wk inc flu prop ed visits,quantile,0.1,0.0023386990880553053
13,2026-05-16,3,2026-06-06,wk inc flu prop ed visits,quantile,0.1,0.00032694533750602826
15,2026-05-16,3,2026-06-06,wk inc flu prop ed visits,quantile,0.1,0.0070039859440852595
16,2026-05-16,3,2026-06-06,wk inc flu prop ed visits,quantile,0.1,9.358023475840372e-05
17,2026-05-16,3,2026-06-06,wk inc flu prop ed visits,quantile,0.1,0.00011611054723856021
18,2026-05-16,3,2026-06-06,wk inc flu prop ed visits,quantile,0.1,0.0
19,2026-05-16,3,2026-06-06,wk inc flu prop ed visits,quantile,0.1,0.0
20,2026-05-16,3,2026-06-06,wk inc flu prop ed visits,quantile,0.1,3.4236859840795754e-05
21,2026-05-16,3,2026-06-06,wk inc flu prop ed visits,quantile,0.1,0.00011896198421511658
22,2026-05-16,3,2026-06-06,wk inc flu prop ed visits,quantile,0.1,0.0003787215784193099
23,2026-05-16,3,2026-06-06,wk inc flu prop ed visits,quantile,0.1,0.0001320448261594369
24,2026-05-16,3,2026-06-06,wk inc flu prop ed visits,quantile,0.1,0.00020293530029753058
25,2026-05-16,3,2026-06-06,wk inc flu prop ed visits,quantile,0.1,0.00020621301455986716
26,2026-05-16,3,2026-06-06,wk inc flu prop ed visits,quantile,0.1,0.0
27,2026-05-16,3,2026-06-06,wk inc flu prop ed visits,quantile,0.1,0.0003497895949895082
28,2026-05-16,3,2026-06-06,wk inc flu prop ed visits,quantile,0.1,0.0004490514275655035
30,2026-05-16,3,2026-06-06,wk inc flu prop ed visits,quantile,0.1,0.0
31,2026-05-16,3,2026-06-06,wk inc flu prop ed visits,quantile,0.1,0.0
32,2026-05-16,3,2026-06-06,wk inc flu prop ed visits,quantile,0.1,0.0038880654671252586
33,2026-05-16,3,2026-06-06,wk inc flu prop ed visits,quantile,0.1,8.58185643789472e-05
34,2026-05-16,3,2026-06-06,wk inc flu prop ed visits,quantile,0.1,0.0005277197634736069
35,2026-05-16,3,2026-06-06,wk inc flu prop ed visits,quantile,0.1,0.0007558028113567275
36,2026-05-16,3,2026-06-06,wk inc flu prop ed visits,quantile,0.1,0.0007065946601601699
37,2026-05-16,3,2026-06-06,wk inc flu prop ed visits,quantile,0.1,0.002955150237337124
38,2026-05-16,3,2026-06-06,wk inc flu prop ed visits,quantile,0.1,0.0
39,2026-05-16,3,2026-06-06,wk inc flu prop ed visits,quantile,0.1,0.0
40,2026-05-16,3,2026-06-06,wk inc flu prop ed visits,quantile,0.1,7.839639538585157e-05
41,2026-05-16,3,2026-06-06,wk inc flu prop ed visits,quantile,0.1,0.0008419710627295819
42,2026-05-16,3,2026-06-06,wk inc flu prop ed visits,quantile,0.1,0.0002381840677094005
44,2026-05-16,3,2026-06-06,wk inc flu prop ed visits,quantile,0.1,0.0
45,2026-05-16,3,2026-06-06,wk inc flu prop ed visits,quantile,0.1,0.0005015711363700277
46,2026-05-16,3,2026-06-06,wk inc flu prop ed visits,quantile,0.1,0.0
47,2026-05-16,3,2026-06-06,wk inc flu prop ed visits,quantile,0.1,0.0006595625372292214
48,2026-05-16,3,2026-06-06,wk inc flu prop ed visits,quantile,0.1,0.0017982731146803565
49,2026-05-16,3,2026-06-06,wk inc flu prop ed visits,quantile,0.1,0.00020105077924103737
50,2026-05-16,3,2026-06-06,wk inc flu prop ed visits,quantile,0.1,4.002339067276904e-05
51,2026-05-16,3,2026-06-06,wk inc flu prop ed visits,quantile,0.1,0.000512226662238583
53,2026-05-16,3,2026-06-06,wk inc flu prop ed visits,quantile,0.1,0.002120260918206297
54,2026-05-16,3,2026-06-06,wk inc flu prop ed visits,quantile,0.1,3.257000970614826e-05
55,2026-05-16,3,2026-06-06,wk inc flu prop ed visits,quantile,0.1,6.115265305999986e-05
56,2026-05-16,3,2026-06-06,wk inc flu prop ed visits,quantile,0.1,0.0005938944247562247
US,2026-05-16,3,2026-06-06,wk inc flu prop ed visits,quantile,0.1,0.0012386894601242161
01,2026-05-16,0,2026-05-16,wk inc flu prop ed visits,quantile,0.15,0.0016405517872080655
02,2026-05-16,0,2026-05-16,wk inc flu prop ed visits,quantile,0.15,0.0005447870137923186
04,2026-05-16,0,2026-05-16,wk inc flu prop ed visits,quantile,0.15,0.005478699923542535
05,2026-05-16,0,2026-05-16,wk inc flu prop ed visits,quantile,0.15,0.0010252515113224356
06,2026-05-16,0,2026-05-16,wk inc flu prop ed visits,quantile,0.15,0.0030304487205805824
08,2026-05-16,0,2026-05-16,wk inc flu prop ed visits,quantile,0.15,0.0025392594041134526
09,2026-05-16,0,2026-05-16,wk inc flu prop ed visits,quantile,0.15,0.0017120585637756078
10,2026-05-16,0,2026-05-16,wk inc flu prop ed visits,quantile,0.15,0.0008385444302108275
11,2026-05-16,0,2026-05-16,wk inc flu prop ed visits,quantile,0.15,0.0006513840237016969
12,2026-05-16,0,2026-05-16,wk inc flu prop ed visits,quantile,0.15,0.0032777438693111075
13,2026-05-16,0,2026-05-16,wk inc flu prop ed visits,quantile,0.15,0.0011570477144184257
15,2026-05-16,0,2026-05-16,wk inc flu prop ed visits,quantile,0.15,0.01529139853434357
16,2026-05-16,0,2026-05-16,wk inc flu prop ed visits,quantile,0.15,0.001063140465756473
17,2026-05-16,0,2026-05-16,wk inc flu prop ed visits,quantile,0.15,0.0006873394891845938
18,2026-05-16,0,2026-05-16,wk inc flu prop ed visits,quantile,0.15,0.00028221112307303563
19,2026-05-16,0,2026-05-16,wk inc flu prop ed visits,quantile,0.15,0.00032156129848069924
20,2026-05-16,0,2026-05-16,wk inc flu prop ed visits,quantile,0.15,0.0004306489632609707
21,2026-05-16,0,2026-05-16,wk inc flu prop ed visits,quantile,0.15,0.0008506769397942915
22,2026-05-16,0,2026-05-16,wk inc flu prop ed visits,quantile,0.15,0.001027389964845583
23,2026-05-16,0,2026-05-16,wk inc flu prop ed visits,quantile,0.15,0.0017210955772846992
24,2026-05-16,0,2026-05-16,wk inc flu prop ed visits,quantile,0.15,0.0010762597740186064
25,2026-05-16,0,2026-05-16,wk inc flu prop ed visits,quantile,0.15,0.001379010276123535
26,2026-05-16,0,2026-05-16,wk inc flu prop ed visits,quantile,0.15,0.0002725235730948191
27,2026-05-16,0,2026-05-16,wk inc flu prop ed visits,quantile,0.15,0.001777913310083892
28,2026-05-16,0,2026-05-16,wk inc flu prop ed visits,quantile,0.15,0.0016176656307674779
30,2026-05-16,0,2026-05-16,wk inc flu prop ed visits,quantile,0.15,0.0008949855426651482
31,2026-05-16,0,2026-05-16,wk inc flu prop ed visits,quantile,0.15,0.0005990579448036641
32,2026-05-16,0,2026-05-16,wk inc flu prop ed visits,quantile,0.15,0.006978036390682575
33,2026-05-16,0,2026-05-16,wk inc flu prop ed visits,quantile,0.15,0.0014072707807780435
34,2026-05-16,0,2026-05-16,wk inc flu prop ed visits,quantile,0.15,0.0017013471530938759
35,2026-05-16,0,2026-05-16,wk inc flu prop ed visits,quantile,0.15,0.00285967873235957
36,2026-05-16,0,2026-05-16,wk inc flu prop ed visits,quantile,0.15,0.0018317288318836658
37,2026-05-16,0,2026-05-16,wk inc flu prop ed visits,quantile,0.15,0.005301011255885984
38,2026-05-16,0,2026-05-16,wk inc flu prop ed visits,quantile,0.15,0.0008204909171649637
39,2026-05-16,0,2026-05-16,wk inc flu prop ed visits,quantile,0.15,0.00019575668649202425
40,2026-05-16,0,2026-05-16,wk inc flu prop ed visits,quantile,0.15,0.0006971179256945142
41,2026-05-16,0,2026-05-16,wk inc flu prop ed visits,quantile,0.15,0.002446403618859428
42,2026-05-16,0,2026-05-16,wk inc flu prop ed visits,quantile,0.15,0.0010172443262245604
44,2026-05-16,0,2026-05-16,wk inc flu prop ed visits,quantile,0.15,0.0008923450927675725
45,2026-05-16,0,2026-05-16,wk inc flu prop ed visits,quantile,0.15,0.0015034702360061443
46,2026-05-16,0,2026-05-16,wk inc flu prop ed visits,quantile,0.15,0.00028660495249698296
47,2026-05-16,0,2026-05-16,wk inc flu prop ed visits,quantile,0.15,0.0017654683629315996
48,2026-05-16,0,2026-05-16,wk inc flu prop ed visits,quantile,0.15,0.002978271208656222
49,2026-05-16,0,2026-05-16,wk inc flu prop ed visits,quantile,0.15,0.0008720779363591155
50,2026-05-16,0,2026-05-16,wk inc flu prop ed visits,quantile,0.15,0.0011281852106390456
51,2026-05-16,0,2026-05-16,wk inc flu prop ed visits,quantile,0.15,0.0015562342287701086
53,2026-05-16,0,2026-05-16,wk inc flu prop ed visits,quantile,0.15,0.005467349977834961
54,2026-05-16,0,2026-05-16,wk inc flu prop ed visits,quantile,0.15,0.0009273596427290272
55,2026-05-16,0,2026-05-16,wk inc flu prop ed visits,quantile,0.15,0.0006453682136884318
56,2026-05-16,0,2026-05-16,wk inc flu prop ed visits,quantile,0.15,0.005263080749891652
US,2026-05-16,0,2026-05-16,wk inc flu prop ed visits,quantile,0.15,0.0022499332257373637
01,2026-05-16,1,2026-05-23,wk inc flu prop ed visits,quantile,0.15,0.001118678488029885
02,2026-05-16,1,2026-05-23,wk inc flu prop ed visits,quantile,0.15,0.00020422740729027027
04,2026-05-16,1,2026-05-23,wk inc flu prop ed visits,quantile,0.15,0.004512194865551976
05,2026-05-16,1,2026-05-23,wk inc flu prop ed visits,quantile,0.15,0.0006227047757105298
06,2026-05-16,1,2026-05-23,wk inc flu prop ed visits,quantile,0.15,0.002433947714121471
08,2026-05-16,1,2026-05-23,wk inc flu prop ed visits,quantile,0.15,0.0017918395177258736
09,2026-05-16,1,2026-05-23,wk inc flu prop ed visits,quantile,0.15,0.0010095486132102982
10,2026-05-16,1,2026-05-23,wk inc flu prop ed visits,quantile,0.15,0.00043497833449771266
11,2026-05-16,1,2026-05-23,wk inc flu prop ed visits,quantile,0.15,0.00023556527806370888
12,2026-05-16,1,2026-05-23,wk inc flu prop ed visits,quantile,0.15,0.002960939943606155
13,2026-05-16,1,2026-05-23,wk inc flu prop ed visits,quantile,0.15,0.0008261592613016289
15,2026-05-16,1,2026-05-23,wk inc flu prop ed visits,quantile,0.15,0.012136456677945367
16,2026-05-16,1,2026-05-23,wk inc flu prop ed visits,quantile,0.15,0.0005460747782249396
17,2026-05-16,1,2026-05-23,wk inc flu prop ed visits,quantile,0.15,0.00043166410211461397
18,2026-05-16,1,2026-05-23,wk inc flu prop ed visits,quantile,0.15,9.937132150210843e-05
19,2026-05-16,1,2026-05-23,wk inc flu prop ed visits,quantile,0.15,0.00011208562361679732
20,2026-05-16,1,2026-05-23,wk inc flu prop ed visits,quantile,0.15,0.00026498018290643447
21,2026-05-16,1,2026-05-23,wk inc flu prop ed visits,quantile,0.15,0.0004971148994930431
22,2026-05-16,1,2026-05-23,wk inc flu prop ed visits,quantile,0.15,0.0007543605098951603
23,2026-05-16,1,2026-05-23,wk inc flu prop ed visits,quantile,0.15,0.0009478464418051106
24,2026-05-16,1,2026-05-23,wk inc flu prop ed visits,quantile,0.15,0.0006547926106051195
25,2026-05-16,1,2026-05-23,wk inc flu prop ed visits,quantile,0.15,0.000761433421142425
26,2026-05-16,1,2026-05-23,wk inc flu prop ed visits,quantile,0.15,0.00015302936690420954
27,2026-05-16,1,2026-05-23,wk inc flu prop ed visits,quantile,0.15,0.0010755914647136832
28,2026-05-16,1,2026-05-23,wk inc flu prop ed visits,quantile,0.15,0.0011079939927280478
30,2026-05-16,1,2026-05-23,wk inc flu prop ed visits,quantile,0.15,0.0004420923907165328
31,2026-05-16,1,2026-05-23,wk inc flu prop ed visits,quantile,0.15,0.0003463116443487851
32,2026-05-16,1,2026-05-23,wk inc flu prop ed visits,quantile,0.15,0.005979034612342294
33,2026-05-16,1,2026-05-23,wk inc flu prop ed visits,quantile,0.15,0.0008068268072215319
34,2026-05-16,1,2026-05-23,wk inc flu prop ed visits,quantile,0.15,0.0011268154714188365
35,2026-05-16,1,2026-05-23,wk inc flu prop ed visits,quantile,0.15,0.001946579219810303
36,2026-05-16,1,2026-05-23,wk inc flu prop ed visits,quantile,0.15,0.001345729894492597
37,2026-05-16,1,2026-05-23,wk inc flu prop ed visits,quantile,0.15,0.004337540952457465
38,2026-05-16,1,2026-05-23,wk inc flu prop ed visits,quantile,0.15,0.00017251476912823158
39,2026-05-16,1,2026-05-23,wk inc flu prop ed visits,quantile,0.15,5.12743809042278e-05
40,2026-05-16,1,2026-05-23,wk inc flu prop ed visits,quantile,0.15,0.0004128106415405026
41,2026-05-16,1,2026-05-23,wk inc flu prop ed visits,quantile,0.15,0.0017086137391570952
42,2026-05-16,1,2026-05-23,wk inc flu prop ed visits,quantile,0.15,0.0006547855395001531
44,2026-05-16,1,2026-05-23,wk inc flu prop ed visits,quantile,0.15,0.00039731367281467333
45,2026-05-16,1,2026-05-23,wk inc flu prop ed visits,quantile,0.15,0.0011070002557737044
46,2026-05-16,1,2026-05-23,wk inc flu prop ed visits,quantile,0.15,0.0
47,2026-05-16,1,2026-05-23,wk inc flu prop ed visits,quantile,0.15,0.0012870021987435368
48,2026-05-16,1,2026-05-23,wk inc flu prop ed visits,quantile,0.15,0.002564143843662231
49,2026-05-16,1,2026-05-23,wk inc flu prop ed visits,quantile,0.15,0.0005920439051196004
50,2026-05-16,1,2026-05-23,wk inc flu prop ed visits,quantile,0.15,0.000663899889803072
51,2026-05-16,1,2026-05-23,wk inc flu prop ed visits,quantile,0.15,0.0011581327457537572
53,2026-05-16,1,2026-05-23,wk inc flu prop ed visits,quantile,0.15,0.004117466814674627
54,2026-05-16,1,2026-05-23,wk inc flu prop ed visits,quantile,0.15,0.00047414481417132147
55,2026-05-16,1,2026-05-23,wk inc flu prop ed visits,quantile,0.15,0.00037645034811320364
56,2026-05-16,1,2026-05-23,wk inc flu prop ed visits,quantile,0.15,0.0032405843357512774
US,2026-05-16,1,2026-05-23,wk inc flu prop ed visits,quantile,0.15,0.0018122322804302166
01,2026-05-16,2,2026-05-30,wk inc flu prop ed visits,quantile,0.15,0.0008757143158537411
02,2026-05-16,2,2026-05-30,wk inc flu prop ed visits,quantile,0.15,6.77162706060261e-05
04,2026-05-16,2,2026-05-30,wk inc flu prop ed visits,quantile,0.15,0.0038573068700718666
05,2026-05-16,2,2026-05-30,wk inc flu prop ed visits,quantile,0.15,0.00041206542085028554
06,2026-05-16,2,2026-05-30,wk inc flu prop ed visits,quantile,0.15,0.002087023512495307
08,2026-05-16,2,2026-05-30,wk inc flu prop ed visits,quantile,0.15,0.0013662378863246768
09,2026-05-16,2,2026-05-30,wk inc flu prop ed visits,quantile,0.15,0.000626201730142137
10,2026-05-16,2,2026-05-30,wk inc flu prop ed visits,quantile,0.15,0.00022900266780965072
11,2026-05-16,2,2026-05-30,wk inc flu prop ed visits,quantile,0.15,8.741971067636954e-05
12,2026-05-16,2,2026-05-30,wk inc flu prop ed visits,quantile,0.15,0.0028339352904465137
13,2026-05-16,2,2026-05-30,wk inc flu prop ed visits,quantile,0.15,0.000636856642693432
15,2026-05-16,2,2026-05-30,wk inc flu prop ed visits,quantile,0.15,0.00975685817906114
16,2026-05-16,2,2026-05-30,wk inc flu prop ed visits,quantile,0.15,0.00035742555304281735
17,2026-05-16,2,2026-05-30,wk inc flu prop ed visits,quantile,0.15,0.00028059138193582
18,2026-05-16,2,2026-05-30,wk inc flu prop ed visits,quantile,0.15,2.5902135807184065e-05
19,2026-05-16,2,2026-05-30,wk inc flu prop ed visits,quantile,0.15,3.812701803981368e-05
20,2026-05-16,2,2026-05-30,wk inc flu prop ed visits,quantile,0.15,0.00016145690328845676
21,2026-05-16,2,2026-05-30,wk inc flu prop ed visits,quantile,0.15,0.00033351567946531685
22,2026-05-16,2,2026-05-30,wk inc flu prop ed visits,quantile,0.15,0.0006356804179578262
23,2026-05-16,2,2026-05-30,wk inc flu prop ed visits,quantile,0.15,0.000549812402574909
24,2026-05-16,2,2026-05-30,wk inc flu prop ed visits,quantile,0.15,0.00046048778354492803
25,2026-05-16,2,2026-05-30,wk inc flu prop ed visits,quantile,0.15,0.0004923293840614392
26,2026-05-16,2,2026-05-30,wk inc flu prop ed visits,quantile,0.15,8.047423720789699e-05
27,2026-05-16,2,2026-05-30,wk inc flu prop ed visits,quantile,0.15,0.0007520574762444755
28,2026-05-16,2,2026-05-30,wk inc flu prop ed visits,quantile,0.15,0.0008469816159080586
30,2026-05-16,2,2026-05-30,wk inc flu prop ed visits,quantile,0.15,0.0002213949979933718
31,2026-05-16,2,2026-05-30,wk inc flu prop ed visits,quantile,0.15,0.000152801875053027
32,2026-05-16,2,2026-05-30,wk inc flu prop ed visits,quantile,0.15,0.005239851040364015
33,2026-05-16,2,2026-05-30,wk inc flu prop ed visits,quantile,0.15,0.00041692294559716314
34,2026-05-16,2,2026-05-30,wk inc flu prop ed visits,quantile,0.15,0.0008437935964169574
35,2026-05-16,2,2026-05-30,wk inc flu prop ed visits,quantile,0.15,0.0014534056266066497
36,2026-05-16,2,2026-05-30,wk inc flu prop ed visits,quantile,0.15,0.0010632440211901257
37,2026-05-16,2,2026-05-30,wk inc flu prop ed visits,quantile,0.15,0.0038767000239208586
38,2026-05-16,2,2026-05-30,wk inc flu prop ed visits,quantile,0.15,0.0
39,2026-05-16,2,2026-05-30,wk inc flu prop ed visits,quantile,0.15,0.0
40,2026-05-16,2,2026-05-30,wk inc flu prop ed visits,quantile,0.15,0.00028807564049985833
41,2026-05-16,2,2026-05-30,wk inc flu prop ed visits,quantile,0.15,0.0013426837113323705
42,2026-05-16,2,2026-05-30,wk inc flu prop ed visits,quantile,0.15,0.0004752897402401382
44,2026-05-16,2,2026-05-30,wk inc flu prop ed visits,quantile,0.15,0.00015499417140703032
45,2026-05-16,2,2026-05-30,wk inc flu prop ed visits,quantile,0.15,0.0008702130045031149
46,2026-05-16,2,2026-05-30,wk inc flu prop ed visits,quantile,0.15,0.0
47,2026-05-16,2,2026-05-30,wk inc flu prop ed visits,quantile,0.15,0.0010563778875076007
48,2026-05-16,2,2026-05-30,wk inc flu prop ed visits,quantile,0.15,0.002344958420768647
49,2026-05-16,2,2026-05-30,wk inc flu prop ed visits,quantile,0.15,0.00042385457472016386
50,2026-05-16,2,2026-05-30,wk inc flu prop ed visits,quantile,0.15,0.00037553043434160294
51,2026-05-16,2,2026-05-30,wk inc flu prop ed visits,quantile,0.15,0.0008724949675542197
53,2026-05-16,2,2026-05-30,wk inc flu prop ed visits,quantile,0.15,0.0032336091031908753
54,2026-05-16,2,2026-05-30,wk inc flu prop ed visits,quantile,0.15,0.0002312655836586358
55,2026-05-16,2,2026-05-30,wk inc flu prop ed visits,quantile,0.15,0.00022301245693300012
56,2026-05-16,2,2026-05-30,wk inc flu prop ed visits,quantile,0.15,0.001992601482085455
US,2026-05-16,2,2026-05-30,wk inc flu prop ed visits,quantile,0.15,0.0015609380923312613
01,2026-05-16,3,2026-06-06,wk inc flu prop ed visits,quantile,0.15,0.0007200896435003563
02,2026-05-16,3,2026-06-06,wk inc flu prop ed visits,quantile,0.15,0.0
04,2026-05-16,3,2026-06-06,wk inc flu prop ed visits,quantile,0.15,0.003347139443658119
05,2026-05-16,3,2026-06-06,wk inc flu prop ed visits,quantile,0.15,0.0003378777104458004
06,2026-05-16,3,2026-06-06,wk inc flu prop ed visits,quantile,0.15,0.0018601147175924964
08,2026-05-16,3,2026-06-06,wk inc flu prop ed visits,quantile,0.15,0.0010918035640364104
09,2026-05-16,3,2026-06-06,wk inc flu prop ed visits,quantile,0.15,0.000454393071794823
10,2026-05-16,3,2026-06-06,wk inc flu prop ed visits,quantile,0.15,0.00013998067821216842
11,2026-05-16,3,2026-06-06,wk inc flu prop ed visits,quantile,0.15,1.8083555076957007e-05
12,2026-05-16,3,2026-06-06,wk inc flu prop ed visits,quantile,0.15,0.002749498256248682
13,2026-05-16,3,2026-06-06,wk inc flu prop ed visits,quantile,0.15,0.0005347293095456234
15,2026-05-16,3,2026-06-06,wk inc flu prop ed visits,quantile,0.15,0.008334670785895112
16,2026-05-16,3,2026-06-06,wk inc flu prop ed visits,quantile,0.15,0.000243584579518114
17,2026-05-16,3,2026-06-06,wk inc flu prop ed visits,quantile,0.15,0.0002546581222444309
18,2026-05-16,3,2026-06-06,wk inc flu prop ed visits,quantile,0.15,0.0
19,2026-05-16,3,2026-06-06,wk inc flu prop ed visits,quantile,0.15,1.5321938178824815e-06
20,2026-05-16,3,2026-06-06,wk inc flu prop ed visits,quantile,0.15,0.00012677721283344922
21,2026-05-16,3,2026-06-06,wk inc flu prop ed visits,quantile,0.15,0.00030246456350226103
22,2026-05-16,3,2026-06-06,wk inc flu prop ed visits,quantile,0.15,0.0005890747788335945
23,2026-05-16,3,2026-06-06,wk inc flu prop ed visits,quantile,0.15,0.00027352381696482567
24,2026-05-16,3,2026-06-06,wk inc flu prop ed visits,quantile,0.15,0.00033684900785803005
25,2026-05-16,3,2026-06-06,wk inc flu prop ed visits,quantile,0.15,0.0003258553073575946
26,2026-05-16,3,2026-06-06,wk inc flu prop ed visits,quantile,0.15,5.7826687170829514e-05
27,2026-05-16,3,2026-06-06,wk inc flu prop ed visits,quantile,0.15,0.0005680636613240805
28,2026-05-16,3,2026-06-06,wk inc flu prop ed visits,quantile,0.15,0.0007251114201913156
30,2026-05-16,3,2026-06-06,wk inc flu prop ed visits,quantile,0.15,8.187124165920762e-05
31,2026-05-16,3,2026-06-06,wk inc flu prop ed visits,quantile,0.15,7.272359461939436e-05
32,2026-05-16,3,2026-06-06,wk inc flu prop ed visits,quantile,0.15,0.004632173890425836
33,2026-05-16,3,2026-06-06,wk inc flu prop ed visits,quantile,0.15,0.0002402221432861664
34,2026-05-16,3,2026-06-06,wk inc flu prop ed visits,quantile,0.15,0.0007191496410226059
35,2026-05-16,3,2026-06-06,wk inc flu prop ed visits,quantile,0.15,0.001096775574560534
36,2026-05-16,3,2026-06-06,wk inc flu prop ed visits,quantile,0.15,0.0009486114591104826
37,2026-05-16,3,2026-06-06,wk inc flu prop ed visits,quantile,0.15,0.003676240063994892
38,2026-05-16,3,2026-06-06,wk inc flu prop ed visits,quantile,0.15,0.0
39,2026-05-16,3,2026-06-06,wk inc flu prop ed visits,quantile,0.15,0.0
40,2026-05-16,3,2026-06-06,wk inc flu prop ed visits,quantile,0.15,0.0002044705449908929
41,2026-05-16,3,2026-06-06,wk inc flu prop ed visits,quantile,0.15,0.0011358870951412772
42,2026-05-16,3,2026-06-06,wk inc flu prop ed visits,quantile,0.15,0.0003793310762888833
44,2026-05-16,3,2026-06-06,wk inc flu prop ed visits,quantile,0.15,5.2596287336357774e-05
45,2026-05-16,3,2026-06-06,wk inc flu prop ed visits,quantile,0.15,0.0008176722397295012
46,2026-05-16,3,2026-06-06,wk inc flu prop ed visits,quantile,0.15,0.0
47,2026-05-16,3,2026-06-06,wk inc flu prop ed visits,quantile,0.15,0.0009571157393897627
48,2026-05-16,3,2026-06-06,wk inc flu prop ed visits,quantile,0.15,0.002277272754692508
49,2026-05-16,3,2026-06-06,wk inc flu prop ed visits,quantile,0.15,0.0003329599190331066
50,2026-05-16,3,2026-06-06,wk inc flu prop ed visits,quantile,0.15,0.00023611240816689806
51,2026-05-16,3,2026-06-06,wk inc flu prop ed visits,quantile,0.15,0.0007747550198698018
53,2026-05-16,3,2026-06-06,wk inc flu prop ed visits,quantile,0.15,0.0027859840866605577
54,2026-05-16,3,2026-06-06,wk inc flu prop ed visits,quantile,0.15,0.00014264468545443294
55,2026-05-16,3,2026-06-06,wk inc flu prop ed visits,quantile,0.15,0.00014714168668344784
56,2026-05-16,3,2026-06-06,wk inc flu prop ed visits,quantile,0.15,0.0012225321805796636
US,2026-05-16,3,2026-06-06,wk inc flu prop ed visits,quantile,0.15,0.001492874064988757
01,2026-05-16,0,2026-05-16,wk inc flu prop ed visits,quantile,0.2,0.001783582537261307
02,2026-05-16,0,2026-05-16,wk inc flu prop ed visits,quantile,0.2,0.0006434618558792289
04,2026-05-16,0,2026-05-16,wk inc flu prop ed visits,quantile,0.2,0.005750479726662262
05,2026-05-16,0,2026-05-16,wk inc flu prop ed visits,quantile,0.2,0.0011551311028441351
06,2026-05-16,0,2026-05-16,wk inc flu prop ed visits,quantile,0.2,0.0031622873034654253
08,2026-05-16,0,2026-05-16,wk inc flu prop ed visits,quantile,0.2,0.002727521051517211
09,2026-05-16,0,2026-05-16,wk inc flu prop ed visits,quantile,0.2,0.0018534369534044324
10,2026-05-16,0,2026-05-16,wk inc flu prop ed visits,quantile,0.2,0.0009631448597590749
11,2026-05-16,0,2026-05-16,wk inc flu prop ed visits,quantile,0.2,0.0007540086754740131
12,2026-05-16,0,2026-05-16,wk inc flu prop ed visits,quantile,0.2,0.00342236779396636
13,2026-05-16,0,2026-05-16,wk inc flu prop ed visits,quantile,0.2,0.0012686530261451048
15,2026-05-16,0,2026-05-16,wk inc flu prop ed visits,quantile,0.2,0.015956217968408563
16,2026-05-16,0,2026-05-16,wk inc flu prop ed visits,quantile,0.2,0.0011807794236723087
17,2026-05-16,0,2026-05-16,wk inc flu prop ed visits,quantile,0.2,0.0007515724851965199
18,2026-05-16,0,2026-05-16,wk inc flu prop ed visits,quantile,0.2,0.00032894010644215897
19,2026-05-16,0,2026-05-16,wk inc flu prop ed visits,quantile,0.2,0.0003733322092788923
20,2026-05-16,0,2026-05-16,wk inc flu prop ed visits,quantile,0.2,0.0004854706774200413
21,2026-05-16,0,2026-05-16,wk inc flu prop ed visits,quantile,0.2,0.0009473769858168859
22,2026-05-16,0,2026-05-16,wk inc flu prop ed visits,quantile,0.2,0.001121334215905471
23,2026-05-16,0,2026-05-16,wk inc flu prop ed visits,quantile,0.2,0.0019273311679678384
24,2026-05-16,0,2026-05-16,wk inc flu prop ed visits,quantile,0.2,0.001164243973628276
25,2026-05-16,0,2026-05-16,wk inc flu prop ed visits,quantile,0.2,0.0014848055818423656
26,2026-05-16,0,2026-05-16,wk inc flu prop ed visits,quantile,0.2,0.0003149501552899292
27,2026-05-16,0,2026-05-16,wk inc flu prop ed visits,quantile,0.2,0.0019155248811018948
28,2026-05-16,0,2026-05-16,wk inc flu prop ed visits,quantile,0.2,0.0017779661202107053
30,2026-05-16,0,2026-05-16,wk inc flu prop ed visits,quantile,0.2,0.0010531864521959422
31,2026-05-16,0,2026-05-16,wk inc flu prop ed visits,quantile,0.2,0.0006881488774435889
32,2026-05-16,0,2026-05-16,wk inc flu prop ed visits,quantile,0.2,0.007322041383681461
33,2026-05-16,0,2026-05-16,wk inc flu prop ed visits,quantile,0.2,0.0016081140364133603
34,2026-05-16,0,2026-05-16,wk inc flu prop ed visits,quantile,0.2,0.0018231892805646876
35,2026-05-16,0,2026-05-16,wk inc flu prop ed visits,quantile,0.2,0.003065236455453531
36,2026-05-16,0,2026-05-16,wk inc flu prop ed visits,quantile,0.2,0.0019355463554397894
37,2026-05-16,0,2026-05-16,wk inc flu prop ed visits,quantile,0.2,0.005554277468602999
38,2026-05-16,0,2026-05-16,wk inc flu prop ed visits,quantile,0.2,0.0009946822146775572
39,2026-05-16,0,2026-05-16,wk inc flu prop ed visits,quantile,0.2,0.00022261614475746225
40,2026-05-16,0,2026-05-16,wk inc flu prop ed visits,quantile,0.2,0.0008083793372851225
41,2026-05-16,0,2026-05-16,wk inc flu prop ed visits,quantile,0.2,0.002595851297185533
42,2026-05-16,0,2026-05-16,wk inc flu prop ed visits,quantile,0.2,0.0010950638997711455
44,2026-05-16,0,2026-05-16,wk inc flu prop ed visits,quantile,0.2,0.0010069904342562446
45,2026-05-16,0,2026-05-16,wk inc flu prop ed visits,quantile,0.2,0.0016222534817327996
46,2026-05-16,0,2026-05-16,wk inc flu prop ed visits,quantile,0.2,0.00035420773787143994
47,2026-05-16,0,2026-05-16,wk inc flu prop ed visits,quantile,0.2,0.0019003273432778224
48,2026-05-16,0,2026-05-16,wk inc flu prop ed visits,quantile,0.2,0.003155573496180249
49,2026-05-16,0,2026-05-16,wk inc flu prop ed visits,quantile,0.2,0.000976597983828523
50,2026-05-16,0,2026-05-16,wk inc flu prop ed visits,quantile,0.2,0.0013610027942660703
51,2026-05-16,0,2026-05-16,wk inc flu prop ed visits,quantile,0.2,0.0016905384308238858
53,2026-05-16,0,2026-05-16,wk inc flu prop ed visits,quantile,0.2,0.005699464735039548
54,2026-05-16,0,2026-05-16,wk inc flu prop ed visits,quantile,0.2,0.0010448978062088188
55,2026-05-16,0,2026-05-16,wk inc flu prop ed visits,quantile,0.2,0.0007137481756668931
56,2026-05-16,0,2026-05-16,wk inc flu prop ed visits,quantile,0.2,0.005951326367429369
US,2026-05-16,0,2026-05-16,wk inc flu prop ed visits,quantile,0.2,0.002364534540488997
01,2026-05-16,1,2026-05-23,wk inc flu prop ed visits,quantile,0.2,0.0013439672309271855
02,2026-05-16,1,2026-05-23,wk inc flu prop ed visits,quantile,0.2,0.0002788807678576146
04,2026-05-16,1,2026-05-23,wk inc flu prop ed visits,quantile,0.2,0.0049315293839621655
05,2026-05-16,1,2026-05-23,wk inc flu prop ed visits,quantile,0.2,0.0007804029067286004
06,2026-05-16,1,2026-05-23,wk inc flu prop ed visits,quantile,0.2,0.00265360701847559
08,2026-05-16,1,2026-05-23,wk inc flu prop ed visits,quantile,0.2,0.001990541072035593
09,2026-05-16,1,2026-05-23,wk inc flu prop ed visits,quantile,0.2,0.001178198610683597
10,2026-05-16,1,2026-05-23,wk inc flu prop ed visits,quantile,0.2,0.0005899449895655095
11,2026-05-16,1,2026-05-23,wk inc flu prop ed visits,quantile,0.2,0.00035254646974078633
12,2026-05-16,1,2026-05-23,wk inc flu prop ed visits,quantile,0.2,0.003179970211316825
13,2026-05-16,1,2026-05-23,wk inc flu prop ed visits,quantile,0.2,0.0009845158951833815
15,2026-05-16,1,2026-05-23,wk inc flu prop ed visits,quantile,0.2,0.013234355144038059
16,2026-05-16,1,2026-05-23,wk inc flu prop ed visits,quantile,0.2,0.0006660698187576521
17,2026-05-16,1,2026-05-23,wk inc flu prop ed visits,quantile,0.2,0.0005223298531838148
18,2026-05-16,1,2026-05-23,wk inc flu prop ed visits,quantile,0.2,0.00015095799697250877
19,2026-05-16,1,2026-05-23,wk inc flu prop ed visits,quantile,0.2,0.00018155956227575647
20,2026-05-16,1,2026-05-23,wk inc flu prop ed visits,quantile,0.2,0.00034066622334045496
21,2026-05-16,1,2026-05-23,wk inc flu prop ed visits,quantile,0.2,0.0006302139981513217
22,2026-05-16,1,2026-05-23,wk inc flu prop ed visits,quantile,0.2,0.0008964882407125518
23,2026-05-16,1,2026-05-23,wk inc flu prop ed visits,quantile,0.2,0.001177072635084348
24,2026-05-16,1,2026-05-23,wk inc flu prop ed visits,quantile,0.2,0.0007799059904359042
25,2026-05-16,1,2026-05-23,wk inc flu prop ed visits,quantile,0.2,0.0008920170866705859
26,2026-05-16,1,2026-05-23,wk inc flu prop ed visits,quantile,0.2,0.0002047353984549423
27,2026-05-16,1,2026-05-23,wk inc flu prop ed visits,quantile,0.2,0.0012553092966525767
28,2026-05-16,1,2026-05-23,wk inc flu prop ed visits,quantile,0.2,0.0012891787162116097
30,2026-05-16,1,2026-05-23,wk inc flu prop ed visits,quantile,0.2,0.0006098247996975642
31,2026-05-16,1,2026-05-23,wk inc flu prop ed visits,quantile,0.2,0.0004469434730089874
32,2026-05-16,1,2026-05-23,wk inc flu prop ed visits,quantile,0.2,0.006480275654814851
33,2026-05-16,1,2026-05-23,wk inc flu prop ed visits,quantile,0.2,0.0010163550692775989
34,2026-05-16,1,2026-05-23,wk inc flu prop ed visits,quantile,0.2,0.0012949844677828132
35,2026-05-16,1,2026-05-23,wk inc flu prop ed visits,quantile,0.2,0.002322840794030253
36,2026-05-16,1,2026-05-23,wk inc flu prop ed visits,quantile,0.2,0.0015208832908567497
37,2026-05-16,1,2026-05-23,wk inc flu prop ed visits,quantile,0.2,0.0048062112381069295
38,2026-05-16,1,2026-05-23,wk inc flu prop ed visits,quantile,0.2,0.00034794999260482506
39,2026-05-16,1,2026-05-23,wk inc flu prop ed visits,quantile,0.2,8.52627675647369e-05
40,2026-05-16,1,2026-05-23,wk inc flu prop ed visits,quantile,0.2,0.0005303435865188875
41,2026-05-16,1,2026-05-23,wk inc flu prop ed visits,quantile,0.2,0.002005796073817152
42,2026-05-16,1,2026-05-23,wk inc flu prop ed visits,quantile,0.2,0.000774689770096335
44,2026-05-16,1,2026-05-23,wk inc flu prop ed visits,quantile,0.2,0.0005274427839272776
45,2026-05-16,1,2026-05-23,wk inc flu prop ed visits,quantile,0.2,0.001297160900045054
46,2026-05-16,1,2026-05-23,wk inc flu prop ed visits,quantile,0.2,4.881665032263085e-05
47,2026-05-16,1,2026-05-23,wk inc flu prop ed visits,quantile,0.2,0.0015108072087765033
48,2026-05-16,1,2026-05-23,wk inc flu prop ed visits,quantile,0.2,0.002879598662411268
49,2026-05-16,1,2026-05-23,wk inc flu prop ed visits,quantile,0.2,0.0007031353902771167
50,2026-05-16,1,2026-05-23,wk inc flu prop ed visits,quantile,0.2,0.0009287506634553442
51,2026-05-16,1,2026-05-23,wk inc flu prop ed visits,quantile,0.2,0.0012894530356209236
53,2026-05-16,1,2026-05-23,wk inc flu prop ed visits,quantile,0.2,0.004483543997530476
54,2026-05-16,1,2026-05-23,wk inc flu prop ed visits,quantile,0.2,0.0006144030958670225
55,2026-05-16,1,2026-05-23,wk inc flu prop ed visits,quantile,0.2,0.0004644330257255739
56,2026-05-16,1,2026-05-23,wk inc flu prop ed visits,quantile,0.2,0.004071292787538676
US,2026-05-16,1,2026-05-23,wk inc flu prop ed visits,quantile,0.2,0.0019882616400156176
01,2026-05-16,2,2026-05-30,wk inc flu prop ed visits,quantile,0.2,0.0011519633276921557
02,2026-05-16,2,2026-05-30,wk inc flu prop ed visits,quantile,0.2,0.00015677944056126847
04,2026-05-16,2,2026-05-30,wk inc flu prop ed visits,quantile,0.2,0.0043659240334974056
05,2026-05-16,2,2026-05-30,wk inc flu prop ed visits,quantile,0.2,0.0005909085374075148
06,2026-05-16,2,2026-05-30,wk inc flu prop ed visits,quantile,0.2,0.002338316321678797
08,2026-05-16,2,2026-05-30,wk inc flu prop ed visits,quantile,0.2,0.0015881645420069207
09,2026-05-16,2,2026-05-30,wk inc flu prop ed visits,quantile,0.2,0.0008099382262306672
10,2026-05-16,2,2026-05-30,wk inc flu prop ed visits,quantile,0.2,0.0003913873901414033
11,2026-05-16,2,2026-05-30,wk inc flu prop ed visits,quantile,0.2,0.00017877858563694268
12,2026-05-16,2,2026-05-30,wk inc flu prop ed visits,quantile,0.2,0.0030667777456789115
13,2026-05-16,2,2026-05-30,wk inc flu prop ed visits,quantile,0.2,0.0008139505987784409
15,2026-05-16,2,2026-05-30,wk inc flu prop ed visits,quantile,0.2,0.010964215733512625
16,2026-05-16,2,2026-05-30,wk inc flu prop ed visits,quantile,0.2,0.0005039555489844831
17,2026-05-16,2,2026-05-30,wk inc flu prop ed visits,quantile,0.2,0.0003818943681820911
18,2026-05-16,2,2026-05-30,wk inc flu prop ed visits,quantile,0.2,8.929952309688684e-05
19,2026-05-16,2,2026-05-30,wk inc flu prop ed visits,quantile,0.2,9.218780116352821e-05
20,2026-05-16,2,2026-05-30,wk inc flu prop ed visits,quantile,0.2,0.00026109556542762294
21,2026-05-16,2,2026-05-30,wk inc flu prop ed visits,quantile,0.2,0.0004787186362317352
22,2026-05-16,2,2026-05-30,wk inc flu prop ed visits,quantile,0.2,0.0007962510045758952
23,2026-05-16,2,2026-05-30,wk inc flu prop ed visits,quantile,0.2,0.0007386104210732702
24,2026-05-16,2,2026-05-30,wk inc flu prop ed visits,quantile,0.2,0.0005879003542908704
25,2026-05-16,2,2026-05-30,wk inc flu prop ed visits,quantile,0.2,0.0006024386369851902
26,2026-05-16,2,2026-05-30,wk inc flu prop ed visits,quantile,0.2,0.000143997951177487
27,2026-05-16,2,2026-05-30,wk inc flu prop ed visits,quantile,0.2,0.0009731006763731798
28,2026-05-16,2,2026-05-30,wk inc flu prop ed visits,quantile,0.2,0.0010837634179108539
30,2026-05-16,2,2026-05-30,wk inc flu prop ed visits,quantile,0.2,0.00038389596645709896
31,2026-05-16,2,2026-05-30,wk inc flu prop ed visits,quantile,0.2,0.00028785628735762426
32,2026-05-16,2,2026-05-30,wk inc flu prop ed visits,quantile,0.2,0.005810789898325583
33,2026-05-16,2,2026-05-30,wk inc flu prop ed visits,quantile,0.2,0.0006083726868018853
34,2026-05-16,2,2026-05-30,wk inc flu prop ed visits,quantile,0.2,0.0010336755335263843
35,2026-05-16,2,2026-05-30,wk inc flu prop ed visits,quantile,0.2,0.0018281612504062689
36,2026-05-16,2,2026-05-30,wk inc flu prop ed visits,quantile,0.2,0.0012661267793839936
37,2026-05-16,2,2026-05-30,wk inc flu prop ed visits,quantile,0.2,0.004390719701760413
38,2026-05-16,2,2026-05-30,wk inc flu prop ed visits,quantile,0.2,9.039377467558408e-05
39,2026-05-16,2,2026-05-30,wk inc flu prop ed visits,quantile,0.2,2.8793427862274548e-05
40,2026-05-16,2,2026-05-30,wk inc flu prop ed visits,quantile,0.2,0.00039938463973573685
41,2026-05-16,2,2026-05-30,wk inc flu prop ed visits,quantile,0.2,0.0016389338313433845
42,2026-05-16,2,2026-05-30,wk inc flu prop ed visits,quantile,0.2,0.0006097586499091766
44,2026-05-16,2,2026-05-30,wk inc flu prop ed visits,quantile,0.2,0.00027816185316776405
45,2026-05-16,2,2026-05-30,wk inc flu prop ed visits,quantile,0.2,0.0011366888563881627
46,2026-05-16,2,2026-05-30,wk inc flu prop ed visits,quantile,0.2,0.0
47,2026-05-16,2,2026-05-30,wk inc flu prop ed visits,quantile,0.2,0.0013076248748728398
48,2026-05-16,2,2026-05-30,wk inc flu prop ed visits,quantile,0.2,0.0027136339554672774
49,2026-05-16,2,2026-05-30,wk inc flu prop ed visits,quantile,0.2,0.0005536624427371583
50,2026-05-16,2,2026-05-30,wk inc flu prop ed visits,quantile,0.2,0.000616347788175804
51,2026-05-16,2,2026-05-30,wk inc flu prop ed visits,quantile,0.2,0.0011011961842869542
53,2026-05-16,2,2026-05-30,wk inc flu prop ed visits,quantile,0.2,0.003614711905498992
54,2026-05-16,2,2026-05-30,wk inc flu prop ed visits,quantile,0.2,0.00037826043728178
55,2026-05-16,2,2026-05-30,wk inc flu prop ed visits,quantile,0.2,0.0003187374402947726
56,2026-05-16,2,2026-05-30,wk inc flu prop ed visits,quantile,0.2,0.0029272856540118507
US,2026-05-16,2,2026-05-30,wk inc flu prop ed visits,quantile,0.2,0.0018065854587660185
01,2026-05-16,3,2026-06-06,wk inc flu prop ed visits,quantile,0.2,0.0010720807599455635
02,2026-05-16,3,2026-06-06,wk inc flu prop ed visits,quantile,0.2,5.837338181640001e-05
04,2026-05-16,3,2026-06-06,wk inc flu prop ed visits,quantile,0.2,0.004035747027845676
05,2026-05-16,3,2026-06-06,wk inc flu prop ed visits,quantile,0.2,0.0004973585591701457
06,2026-05-16,3,2026-06-06,wk inc flu prop ed visits,quantile,0.2,0.0021720928962254108
08,2026-05-16,3,2026-06-06,wk inc flu prop ed visits,quantile,0.2,0.0013182471930514572
09,2026-05-16,3,2026-06-06,wk inc flu prop ed visits,quantile,0.2,0.0006158464052164711
10,2026-05-16,3,2026-06-06,wk inc flu prop ed visits,quantile,0.2,0.0002838637831394471
11,2026-05-16,3,2026-06-06,wk inc flu prop ed visits,quantile,0.2,0.000112338667008699
12,2026-05-16,3,2026-06-06,wk inc flu prop ed visits,quantile,0.2,0.003099319733129804
13,2026-05-16,3,2026-06-06,wk inc flu prop ed visits,quantile,0.2,0.0007530310827585777
15,2026-05-16,3,2026-06-06,wk inc flu prop ed visits,quantile,0.2,0.009560246647732785
16,2026-05-16,3,2026-06-06,wk inc flu prop ed visits,quantile,0.2,0.00037344998197722044
17,2026-05-16,3,2026-06-06,wk inc flu prop ed visits,quantile,0.2,0.0003408571823675575
18,2026-05-16,3,2026-06-06,wk inc flu prop ed visits,quantile,0.2,6.0984843982865905e-05
19,2026-05-16,3,2026-06-06,wk inc flu prop ed visits,quantile,0.2,5.779327969973146e-05
20,2026-05-16,3,2026-06-06,wk inc flu prop ed visits,quantile,0.2,0.0002339228912675892
21,2026-05-16,3,2026-06-06,wk inc flu prop ed visits,quantile,0.2,0.0004622715784386521
22,2026-05-16,3,2026-06-06,wk inc flu prop ed visits,quantile,0.2,0.0007947408888783401
23,2026-05-16,3,2026-06-06,wk inc flu prop ed visits,quantile,0.2,0.0004560332227509187
24,2026-05-16,3,2026-06-06,wk inc flu prop ed visits,quantile,0.2,0.0004956605577117279
25,2026-05-16,3,2026-06-06,wk inc flu prop ed visits,quantile,0.2,0.0004483469827174018
26,2026-05-16,3,2026-06-06,wk inc flu prop ed visits,quantile,0.2,0.00011659960095298205
27,2026-05-16,3,2026-06-06,wk inc flu prop ed visits,quantile,0.2,0.0007797672112930449
28,2026-05-16,3,2026-06-06,wk inc flu prop ed visits,quantile,0.2,0.0009561687931989831
30,2026-05-16,3,2026-06-06,wk inc flu prop ed visits,quantile,0.2,0.00023550600131208915
31,2026-05-16,3,2026-06-06,wk inc flu prop ed visits,quantile,0.2,0.00019027675160863435
32,2026-05-16,3,2026-06-06,wk inc flu prop ed visits,quantile,0.2,0.005332591246559358
33,2026-05-16,3,2026-06-06,wk inc flu prop ed visits,quantile,0.2,0.0004457740024152076
34,2026-05-16,3,2026-06-06,wk inc flu prop ed visits,quantile,0.2,0.0009378773708159749
35,2026-05-16,3,2026-06-06,wk inc flu prop ed visits,quantile,0.2,0.0014676884464233286
36,2026-05-16,3,2026-06-06,wk inc flu prop ed visits,quantile,0.2,0.0011502495620544118
37,2026-05-16,3,2026-06-06,wk inc flu prop ed visits,quantile,0.2,0.0043569000461626504
38,2026-05-16,3,2026-06-06,wk inc flu prop ed visits,quantile,0.2,0.0
39,2026-05-16,3,2026-06-06,wk inc flu prop ed visits,quantile,0.2,1.2657470467942849e-05
40,2026-05-16,3,2026-06-06,wk inc flu prop ed visits,quantile,0.2,0.0003416798401107296
41,2026-05-16,3,2026-06-06,wk inc flu prop ed visits,quantile,0.2,0.0014445510143565863
42,2026-05-16,3,2026-06-06,wk inc flu prop ed visits,quantile,0.2,0.0005485797574096254
44,2026-05-16,3,2026-06-06,wk inc flu prop ed visits,quantile,0.2,0.0001438940611013406
45,2026-05-16,3,2026-06-06,wk inc flu prop ed visits,quantile,0.2,0.0010849058851718273
46,2026-05-16,3,2026-06-06,wk inc flu prop ed visits,quantile,0.2,0.0
47,2026-05-16,3,2026-06-06,wk inc flu prop ed visits,quantile,0.2,0.0012181473220197704
48,2026-05-16,3,2026-06-06,wk inc flu prop ed visits,quantile,0.2,0.0027090466395241226
49,2026-05-16,3,2026-06-06,wk inc flu prop ed visits,quantile,0.2,0.0004994242784075681
50,2026-05-16,3,2026-06-06,wk inc flu prop ed visits,quantile,0.2,0.0004958842423299062
51,2026-05-16,3,2026-06-06,wk inc flu prop ed visits,quantile,0.2,0.0010345901081843017
53,2026-05-16,3,2026-06-06,wk inc flu prop ed visits,quantile,0.2,0.003220664969840958
54,2026-05-16,3,2026-06-06,wk inc flu prop ed visits,quantile,0.2,0.0002657755034948201
55,2026-05-16,3,2026-06-06,wk inc flu prop ed visits,quantile,0.2,0.00025363888233520684
56,2026-05-16,3,2026-06-06,wk inc flu prop ed visits,quantile,0.2,0.0022174056697177396
US,2026-05-16,3,2026-06-06,wk inc flu prop ed visits,quantile,0.2,0.0017400079631439897
01,2026-05-16,0,2026-05-16,wk inc flu prop ed visits,quantile,0.25,0.0019121961336872704
02,2026-05-16,0,2026-05-16,wk inc flu prop ed visits,quantile,0.25,0.0007187570353921599
04,2026-05-16,0,2026-05-16,wk inc flu prop ed visits,quantile,0.25,0.006003871157421796
05,2026-05-16,0,2026-05-16,wk inc flu prop ed visits,quantile,0.25,0.0012315999222273998
06,2026-05-16,0,2026-05-16,wk inc flu prop ed visits,quantile,0.25,0.0032676521018119146
08,2026-05-16,0,2026-05-16,wk inc flu prop ed visits,quantile,0.25,0.0028676016060930564
09,2026-05-16,0,2026-05-16,wk inc flu prop ed visits,quantile,0.25,0.0019827969937697663
10,2026-05-16,0,2026-05-16,wk inc flu prop ed visits,quantile,0.25,0.0010809855417230681
11,2026-05-16,0,2026-05-16,wk inc flu prop ed visits,quantile,0.25,0.0008554219174848189
12,2026-05-16,0,2026-05-16,wk inc flu prop ed visits,quantile,0.25,0.003563445734924276
13,2026-05-16,0,2026-05-16,wk inc flu prop ed visits,quantile,0.25,0.0013668608291056616
15,2026-05-16,0,2026-05-16,wk inc flu prop ed visits,quantile,0.25,0.016640298558788427
16,2026-05-16,0,2026-05-16,wk inc flu prop ed visits,quantile,0.25,0.0013074686674433272
17,2026-05-16,0,2026-05-16,wk inc flu prop ed visits,quantile,0.25,0.0008166243931094195
18,2026-05-16,0,2026-05-16,wk inc flu prop ed visits,quantile,0.25,0.0003766214356340321
19,2026-05-16,0,2026-05-16,wk inc flu prop ed visits,quantile,0.25,0.00042366557030646806
20,2026-05-16,0,2026-05-16,wk inc flu prop ed visits,quantile,0.25,0.0005382700377027681
21,2026-05-16,0,2026-05-16,wk inc flu prop ed visits,quantile,0.25,0.001039505817272614
22,2026-05-16,0,2026-05-16,wk inc flu prop ed visits,quantile,0.25,0.0012003088463179489
23,2026-05-16,0,2026-05-16,wk inc flu prop ed visits,quantile,0.25,0.0020598881742822073
24,2026-05-16,0,2026-05-16,wk inc flu prop ed visits,quantile,0.25,0.0012431271469983212
25,2026-05-16,0,2026-05-16,wk inc flu prop ed visits,quantile,0.25,0.0015717419945999686
26,2026-05-16,0,2026-05-16,wk inc flu prop ed visits,quantile,0.25,0.0003580102829539426
27,2026-05-16,0,2026-05-16,wk inc flu prop ed visits,quantile,0.25,0.002054134591460251
28,2026-05-16,0,2026-05-16,wk inc flu prop ed visits,quantile,0.25,0.0018974623756865946
30,2026-05-16,0,2026-05-16,wk inc flu prop ed visits,quantile,0.25,0.001192672886194998
31,2026-05-16,0,2026-05-16,wk inc flu prop ed visits,quantile,0.25,0.0007728258561112639
32,2026-05-16,0,2026-05-16,wk inc flu prop ed visits,quantile,0.25,0.007586020348010267
33,2026-05-16,0,2026-05-16,wk inc flu prop ed visits,quantile,0.25,0.0017770174057397151
34,2026-05-16,0,2026-05-16,wk inc flu prop ed visits,quantile,0.25,0.001917133602801164
35,2026-05-16,0,2026-05-16,wk inc flu prop ed visits,quantile,0.25,0.003317097918478338
36,2026-05-16,0,2026-05-16,wk inc flu prop ed visits,quantile,0.25,0.0020359869865162624
37,2026-05-16,0,2026-05-16,wk inc flu prop ed visits,quantile,0.25,0.005831203120359151
38,2026-05-16,0,2026-05-16,wk inc flu prop ed visits,quantile,0.25,0.0011734252007712454
39,2026-05-16,0,2026-05-16,wk inc flu prop ed visits,quantile,0.25,0.0002586214684465859
40,2026-05-16,0,2026-05-16,wk inc flu prop ed visits,quantile,0.25,0.0008988220085430258
41,2026-05-16,0,2026-05-16,wk inc flu prop ed visits,quantile,0.25,0.0027518643567204693
42,2026-05-16,0,2026-05-16,wk inc flu prop ed visits,quantile,0.25,0.0011754184336852497
44,2026-05-16,0,2026-05-16,wk inc flu prop ed visits,quantile,0.25,0.0011088269379023854
45,2026-05-16,0,2026-05-16,wk inc flu prop ed visits,quantile,0.25,0.0017457848376644688
46,2026-05-16,0,2026-05-16,wk inc flu prop ed visits,quantile,0.25,0.0004404016724898012
47,2026-05-16,0,2026-05-16,wk inc flu prop ed visits,quantile,0.25,0.0020364234480621164
48,2026-05-16,0,2026-05-16,wk inc flu prop ed visits,quantile,0.25,0.0033288283962095338
49,2026-05-16,0,2026-05-16,wk inc flu prop ed visits,quantile,0.25,0.0010420051525297997
50,2026-05-16,0,2026-05-16,wk inc flu prop ed visits,quantile,0.25,0.0015289832933584136
51,2026-05-16,0,2026-05-16,wk inc flu prop ed visits,quantile,0.25,0.0017834855980234097
53,2026-05-16,0,2026-05-16,wk inc flu prop ed visits,quantile,0.25,0.0059770053628590255
54,2026-05-16,0,2026-05-16,wk inc flu prop ed visits,quantile,0.25,0.001138386101943937
55,2026-05-16,0,2026-05-16,wk inc flu prop ed visits,quantile,0.25,0.0007760848410399103
56,2026-05-16,0,2026-05-16,wk inc flu prop ed visits,quantile,0.25,0.0066128692985595325
US,2026-05-16,0,2026-05-16,wk inc flu prop ed visits,quantile,0.25,0.002479979009456372
01,2026-05-16,1,2026-05-23,wk inc flu prop ed visits,quantile,0.25,0.0015305825583536703
02,2026-05-16,1,2026-05-23,wk inc flu prop ed visits,quantile,0.25,0.00036450817061479756
04,2026-05-16,1,2026-05-23,wk inc flu prop ed visits,quantile,0.25,0.005281065522063228
05,2026-05-16,1,2026-05-23,wk inc flu prop ed visits,quantile,0.25,0.0009278159790322679
06,2026-05-16,1,2026-05-23,wk inc flu prop ed visits,quantile,0.25,0.002841842994265203
08,2026-05-16,1,2026-05-23,wk inc flu prop ed visits,quantile,0.25,0.002182421925805409
09,2026-05-16,1,2026-05-23,wk inc flu prop ed visits,quantile,0.25,0.001342534498031862
10,2026-05-16,1,2026-05-23,wk inc flu prop ed visits,quantile,0.25,0.0007205314501830023
11,2026-05-16,1,2026-05-23,wk inc flu prop ed visits,quantile,0.25,0.0004491273669987517
12,2026-05-16,1,2026-05-23,wk inc flu prop ed visits,quantile,0.25,0.0033933973827204424
13,2026-05-16,1,2026-05-23,wk inc flu prop ed visits,quantile,0.25,0.001106873565098706
15,2026-05-16,1,2026-05-23,wk inc flu prop ed visits,quantile,0.25,0.014311985757920753
16,2026-05-16,1,2026-05-23,wk inc flu prop ed visits,quantile,0.25,0.0008368859132053329
17,2026-05-16,1,2026-05-23,wk inc flu prop ed visits,quantile,0.25,0.0006095866730565361
18,2026-05-16,1,2026-05-23,wk inc flu prop ed visits,quantile,0.25,0.00019253470762632398
19,2026-05-16,1,2026-05-23,wk inc flu prop ed visits,quantile,0.25,0.00023410858518951242
20,2026-05-16,1,2026-05-23,wk inc flu prop ed visits,quantile,0.25,0.00041571081008569857
21,2026-05-16,1,2026-05-23,wk inc flu prop ed visits,quantile,0.25,0.0007526480427361927
22,2026-05-16,1,2026-05-23,wk inc flu prop ed visits,quantile,0.25,0.0010166735458769828
23,2026-05-16,1,2026-05-23,wk inc flu prop ed visits,quantile,0.25,0.0013523981612191649
24,2026-05-16,1,2026-05-23,wk inc flu prop ed visits,quantile,0.25,0.0008858823302340823
25,2026-05-16,1,2026-05-23,wk inc flu prop ed visits,quantile,0.25,0.0010062445721513396
26,2026-05-16,1,2026-05-23,wk inc flu prop ed visits,quantile,0.25,0.0002630971167407905
27,2026-05-16,1,2026-05-23,wk inc flu prop ed visits,quantile,0.25,0.001484757880041604
28,2026-05-16,1,2026-05-23,wk inc flu prop ed visits,quantile,0.25,0.0014641669216993874
30,2026-05-16,1,2026-05-23,wk inc flu prop ed visits,quantile,0.25,0.0007716500021246242
31,2026-05-16,1,2026-05-23,wk inc flu prop ed visits,quantile,0.25,0.0005598523914707463
32,2026-05-16,1,2026-05-23,wk inc flu prop ed visits,quantile,0.25,0.006910275773848709
33,2026-05-16,1,2026-05-23,wk inc flu prop ed visits,quantile,0.25,0.0012329540128102625
34,2026-05-16,1,2026-05-23,wk inc flu prop ed visits,quantile,0.25,0.0014236196371681731
35,2026-05-16,1,2026-05-23,wk inc flu prop ed visits,quantile,0.25,0.0026138016766545846
36,2026-05-16,1,2026-05-23,wk inc flu prop ed visits,quantile,0.25,0.0016861988194014814
37,2026-05-16,1,2026-05-23,wk inc flu prop ed visits,quantile,0.25,0.005182438222280724
38,2026-05-16,1,2026-05-23,wk inc flu prop ed visits,quantile,0.25,0.0004932002347689673
39,2026-05-16,1,2026-05-23,wk inc flu prop ed visits,quantile,0.25,0.00012341141224404354
40,2026-05-16,1,2026-05-23,wk inc flu prop ed visits,quantile,0.25,0.0006500805029529137
41,2026-05-16,1,2026-05-23,wk inc flu prop ed visits,quantile,0.25,0.0022048358985471204
42,2026-05-16,1,2026-05-23,wk inc flu prop ed visits,quantile,0.25,0.0008936285509970758
44,2026-05-16,1,2026-05-23,wk inc flu prop ed visits,quantile,0.25,0.0006497364571472605
45,2026-05-16,1,2026-05-23,wk inc flu prop ed visits,quantile,0.25,0.001482655036391111
46,2026-05-16,1,2026-05-23,wk inc flu prop ed visits,quantile,0.25,0.0001095852929359308
47,2026-05-16,1,2026-05-23,wk inc flu prop ed visits,quantile,0.25,0.00172627530013151
48,2026-05-16,1,2026-05-23,wk inc flu prop ed visits,quantile,0.25,0.0031224031307847573
49,2026-05-16,1,2026-05-23,wk inc flu prop ed visits,quantile,0.25,0.0008260297154372266
50,2026-05-16,1,2026-05-23,wk inc flu prop ed visits,quantile,0.25,0.001204488434640273
51,2026-05-16,1,2026-05-23,wk inc flu prop ed visits,quantile,0.25,0.0014559639456625214
53,2026-05-16,1,2026-05-23,wk inc flu prop ed visits,quantile,0.25,0.004817951307884551
54,2026-05-16,1,2026-05-23,wk inc flu prop ed visits,quantile,0.25,0.000733255052279465
55,2026-05-16,1,2026-05-23,wk inc flu prop ed visits,quantile,0.25,0.0005598825497696613
56,2026-05-16,1,2026-05-23,wk inc flu prop ed visits,quantile,0.25,0.004954483468812874
US,2026-05-16,1,2026-05-23,wk inc flu prop ed visits,quantile,0.25,0.002136440042437243
01,2026-05-16,2,2026-05-30,wk inc flu prop ed visits,quantile,0.25,0.0013715680115805855
02,2026-05-16,2,2026-05-30,wk inc flu prop ed visits,quantile,0.25,0.00023982266166753098
04,2026-05-16,2,2026-05-30,wk inc flu prop ed visits,quantile,0.25,0.004866001486015984
05,2026-05-16,2,2026-05-30,wk inc flu prop ed visits,quantile,0.25,0.0007829759307354785
06,2026-05-16,2,2026-05-30,wk inc flu prop ed visits,quantile,0.25,0.002600560161362135
08,2026-05-16,2,2026-05-30,wk inc flu prop ed visits,quantile,0.25,0.0018198082457145696
09,2026-05-16,2,2026-05-30,wk inc flu prop ed visits,quantile,0.25,0.0009915290234687251
10,2026-05-16,2,2026-05-30,wk inc flu prop ed visits,quantile,0.25,0.0005402514671156989
11,2026-05-16,2,2026-05-30,wk inc flu prop ed visits,quantile,0.25,0.0002923891157314123
12,2026-05-16,2,2026-05-30,wk inc flu prop ed visits,quantile,0.25,0.003339517771311444
13,2026-05-16,2,2026-05-30,wk inc flu prop ed visits,quantile,0.25,0.0009841239132458606
15,2026-05-16,2,2026-05-30,wk inc flu prop ed visits,quantile,0.25,0.012100425361152045
16,2026-05-16,2,2026-05-30,wk inc flu prop ed visits,quantile,0.25,0.0006373177996793794
17,2026-05-16,2,2026-05-30,wk inc flu prop ed visits,quantile,0.25,0.0004807935657241404
18,2026-05-16,2,2026-05-30,wk inc flu prop ed visits,quantile,0.25,0.0001465229515124589
19,2026-05-16,2,2026-05-30,wk inc flu prop ed visits,quantile,0.25,0.00014800418119321882
20,2026-05-16,2,2026-05-30,wk inc flu prop ed visits,quantile,0.25,0.0003887791563477934
21,2026-05-16,2,2026-05-30,wk inc flu prop ed visits,quantile,0.25,0.0006328526078292632
22,2026-05-16,2,2026-05-30,wk inc flu prop ed visits,quantile,0.25,0.0009658433063413675
23,2026-05-16,2,2026-05-30,wk inc flu prop ed visits,quantile,0.25,0.0009595673110658927
24,2026-05-16,2,2026-05-30,wk inc flu prop ed visits,quantile,0.25,0.0007439435522186642
25,2026-05-16,2,2026-05-30,wk inc flu prop ed visits,quantile,0.25,0.0007346311952436291
26,2026-05-16,2,2026-05-30,wk inc flu prop ed visits,quantile,0.25,0.00021367314917950151
27,2026-05-16,2,2026-05-30,wk inc flu prop ed visits,quantile,0.25,0.001174254592719637
28,2026-05-16,2,2026-05-30,wk inc flu prop ed visits,quantile,0.25,0.0012724606280859827
30,2026-05-16,2,2026-05-30,wk inc flu prop ed visits,quantile,0.25,0.0005499411148383582
31,2026-05-16,2,2026-05-30,wk inc flu prop ed visits,quantile,0.25,0.0003901248311410428
32,2026-05-16,2,2026-05-30,wk inc flu prop ed visits,quantile,0.25,0.006457058656569966
33,2026-05-16,2,2026-05-30,wk inc flu prop ed visits,quantile,0.25,0.0008596932983178248
34,2026-05-16,2,2026-05-30,wk inc flu prop ed visits,quantile,0.25,0.0012281869592342385
35,2026-05-16,2,2026-05-30,wk inc flu prop ed visits,quantile,0.25,0.002161700644909504
36,2026-05-16,2,2026-05-30,wk inc flu prop ed visits,quantile,0.25,0.0014592663535543818
37,2026-05-16,2,2026-05-30,wk inc flu prop ed visits,quantile,0.25,0.004969132631315341
38,2026-05-16,2,2026-05-30,wk inc flu prop ed visits,quantile,0.25,0.00020509729944139055
39,2026-05-16,2,2026-05-30,wk inc flu prop ed visits,quantile,0.25,6.873015678042703e-05
40,2026-05-16,2,2026-05-30,wk inc flu prop ed visits,quantile,0.25,0.0005330653433529864
41,2026-05-16,2,2026-05-30,wk inc flu prop ed visits,quantile,0.25,0.001935240269678689
42,2026-05-16,2,2026-05-30,wk inc flu prop ed visits,quantile,0.25,0.0007289606233330368
44,2026-05-16,2,2026-05-30,wk inc flu prop ed visits,quantile,0.25,0.0003995696332570526
45,2026-05-16,2,2026-05-30,wk inc flu prop ed visits,quantile,0.25,0.0013747911268514425
46,2026-05-16,2,2026-05-30,wk inc flu prop ed visits,quantile,0.25,9.874020613688181e-06
47,2026-05-16,2,2026-05-30,wk inc flu prop ed visits,quantile,0.25,0.0015771872006814245
48,2026-05-16,2,2026-05-30,wk inc flu prop ed visits,quantile,0.25,0.003014605070229588
49,2026-05-16,2,2026-05-30,wk inc flu prop ed visits,quantile,0.25,0.0006922073550663796
50,2026-05-16,2,2026-05-30,wk inc flu prop ed visits,quantile,0.25,0.0009283366937626247
51,2026-05-16,2,2026-05-30,wk inc flu prop ed visits,quantile,0.25,0.0012807004713258315
53,2026-05-16,2,2026-05-30,wk inc flu prop ed visits,quantile,0.25,0.00404220210636348
54,2026-05-16,2,2026-05-30,wk inc flu prop ed visits,quantile,0.25,0.0005174523675951296
55,2026-05-16,2,2026-05-30,wk inc flu prop ed visits,quantile,0.25,0.0004233382335890798
56,2026-05-16,2,2026-05-30,wk inc flu prop ed visits,quantile,0.25,0.004009960481869847
US,2026-05-16,2,2026-05-30,wk inc flu prop ed visits,quantile,0.25,0.002014513124292517
01,2026-05-16,3,2026-06-06,wk inc flu prop ed visits,quantile,0.25,0.001395756303454452
02,2026-05-16,3,2026-06-06,wk inc flu prop ed visits,quantile,0.25,0.00013596362573670305
04,2026-05-16,3,2026-06-06,wk inc flu prop ed visits,quantile,0.25,0.004540695383303156
05,2026-05-16,3,2026-06-06,wk inc flu prop ed visits,quantile,0.25,0.0006724649830290661
06,2026-05-16,3,2026-06-06,wk inc flu prop ed visits,quantile,0.25,0.002454641764635224
08,2026-05-16,3,2026-06-06,wk inc flu prop ed visits,quantile,0.25,0.0015708866821280202
09,2026-05-16,3,2026-06-06,wk inc flu prop ed visits,quantile,0.25,0.0007963686742856759
10,2026-05-16,3,2026-06-06,wk inc flu prop ed visits,quantile,0.25,0.0004963625020396903
11,2026-05-16,3,2026-06-06,wk inc flu prop ed visits,quantile,0.25,0.0002348811783923959
12,2026-05-16,3,2026-06-06,wk inc flu prop ed visits,quantile,0.25,0.0034458220698613097
13,2026-05-16,3,2026-06-06,wk inc flu prop ed visits,quantile,0.25,0.0009238258044591053
15,2026-05-16,3,2026-06-06,wk inc flu prop ed visits,quantile,0.25,0.010831346720822484
16,2026-05-16,3,2026-06-06,wk inc flu prop ed visits,quantile,0.25,0.0005669905758826474
17,2026-05-16,3,2026-06-06,wk inc flu prop ed visits,quantile,0.25,0.00045663680401700197
18,2026-05-16,3,2026-06-06,wk inc flu prop ed visits,quantile,0.25,0.00013331882401963746
19,2026-05-16,3,2026-06-06,wk inc flu prop ed visits,quantile,0.25,0.00013287451857741978
20,2026-05-16,3,2026-06-06,wk inc flu prop ed visits,quantile,0.25,0.00034705988747574387
21,2026-05-16,3,2026-06-06,wk inc flu prop ed visits,quantile,0.25,0.0006386751706817343
22,2026-05-16,3,2026-06-06,wk inc flu prop ed visits,quantile,0.25,0.0010005078824530556
23,2026-05-16,3,2026-06-06,wk inc flu prop ed visits,quantile,0.25,0.0006994661622349803
24,2026-05-16,3,2026-06-06,wk inc flu prop ed visits,quantile,0.25,0.0006557440440452104
25,2026-05-16,3,2026-06-06,wk inc flu prop ed visits,quantile,0.25,0.0005779924098815539
26,2026-05-16,3,2026-06-06,wk inc flu prop ed visits,quantile,0.25,0.00018326286960912137
27,2026-05-16,3,2026-06-06,wk inc flu prop ed visits,quantile,0.25,0.0010036245458926588
28,2026-05-16,3,2026-06-06,wk inc flu prop ed visits,quantile,0.25,0.0011795446449840952
30,2026-05-16,3,2026-06-06,wk inc flu prop ed visits,quantile,0.25,0.00042884844462251736
31,2026-05-16,3,2026-06-06,wk inc flu prop ed visits,quantile,0.25,0.0003224133614818363
32,2026-05-16,3,2026-06-06,wk inc flu prop ed visits,quantile,0.25,0.0059405803710090264
33,2026-05-16,3,2026-06-06,wk inc flu prop ed visits,quantile,0.25,0.0006633184178546562
34,2026-05-16,3,2026-06-06,wk inc flu prop ed visits,quantile,0.25,0.0011620611660405696
35,2026-05-16,3,2026-06-06,wk inc flu prop ed visits,quantile,0.25,0.0018071046505255552
36,2026-05-16,3,2026-06-06,wk inc flu prop ed visits,quantile,0.25,0.001369198949319923
37,2026-05-16,3,2026-06-06,wk inc flu prop ed visits,quantile,0.25,0.0050616889086832085
38,2026-05-16,3,2026-06-06,wk inc flu prop ed visits,quantile,0.25,8.878616658670931e-05
39,2026-05-16,3,2026-06-06,wk inc flu prop ed visits,quantile,0.25,5.8278842582627306e-05
40,2026-05-16,3,2026-06-06,wk inc flu prop ed visits,quantile,0.25,0.0004832267081489584
41,2026-05-16,3,2026-06-06,wk inc flu prop ed visits,quantile,0.25,0.0017847495931823914
42,2026-05-16,3,2026-06-06,wk inc flu prop ed visits,quantile,0.25,0.000701617545395764
44,2026-05-16,3,2026-06-06,wk inc flu prop ed visits,quantile,0.25,0.00025435836592612436
45,2026-05-16,3,2026-06-06,wk inc flu prop ed visits,quantile,0.25,0.0013633033888487826
46,2026-05-16,3,2026-06-06,wk inc flu prop ed visits,quantile,0.25,0.0
47,2026-05-16,3,2026-06-06,wk inc flu prop ed visits,quantile,0.25,0.0014978304653913775
48,2026-05-16,3,2026-06-06,wk inc flu prop ed visits,quantile,0.25,0.0031669903545394422
49,2026-05-16,3,2026-06-06,wk inc flu prop ed visits,quantile,0.25,0.0006553685627171623
50,2026-05-16,3,2026-06-06,wk inc flu prop ed visits,quantile,0.25,0.0008228045886002844
51,2026-05-16,3,2026-06-06,wk inc flu prop ed visits,quantile,0.25,0.0012510516762602216
53,2026-05-16,3,2026-06-06,wk inc flu prop ed visits,quantile,0.25,0.0035605507270328757
54,2026-05-16,3,2026-06-06,wk inc flu prop ed visits,quantile,0.25,0.0004078684071391276
55,2026-05-16,3,2026-06-06,wk inc flu prop ed visits,quantile,0.25,0.00036393226435899094
56,2026-05-16,3,2026-06-06,wk inc flu prop ed visits,quantile,0.25,0.0031345101966063636
US,2026-05-16,3,2026-06-06,wk inc flu prop ed visits,quantile,0.25,0.001976561358315101
01,2026-05-16,0,2026-05-16,wk inc flu prop ed visits,quantile,0.3,0.0020374805995212845
02,2026-05-16,0,2026-05-16,wk inc flu prop ed visits,quantile,0.3,0.0008012444621748258
04,2026-05-16,0,2026-05-16,wk inc flu prop ed visits,quantile,0.3,0.00622138651322627
05,2026-05-16,0,2026-05-16,wk inc flu prop ed visits,quantile,0.3,0.0013306855089998246
06,2026-05-16,0,2026-05-16,wk inc flu prop ed visits,quantile,0.3,0.0033815381018580605
08,2026-05-16,0,2026-05-16,wk inc flu prop ed visits,quantile,0.3,0.0029914317610958375
09,2026-05-16,0,2026-05-16,wk inc flu prop ed visits,quantile,0.3,0.0020829859062224225
10,2026-05-16,0,2026-05-16,wk inc flu prop ed visits,quantile,0.3,0.001187065631822238
11,2026-05-16,0,2026-05-16,wk inc flu prop ed visits,quantile,0.3,0.0009501685643559273
12,2026-05-16,0,2026-05-16,wk inc flu prop ed visits,quantile,0.3,0.0036612848021380408
13,2026-05-16,0,2026-05-16,wk inc flu prop ed visits,quantile,0.3,0.0014587989193792603
15,2026-05-16,0,2026-05-16,wk inc flu prop ed visits,quantile,0.3,0.017339555090019648
16,2026-05-16,0,2026-05-16,wk inc flu prop ed visits,quantile,0.3,0.0014320797153934664
17,2026-05-16,0,2026-05-16,wk inc flu prop ed visits,quantile,0.3,0.0008712415463312391
18,2026-05-16,0,2026-05-16,wk inc flu prop ed visits,quantile,0.3,0.00042071509041174536
19,2026-05-16,0,2026-05-16,wk inc flu prop ed visits,quantile,0.3,0.0004679753816254448
20,2026-05-16,0,2026-05-16,wk inc flu prop ed visits,quantile,0.3,0.0005854896051748232
21,2026-05-16,0,2026-05-16,wk inc flu prop ed visits,quantile,0.3,0.0011340475502454913
22,2026-05-16,0,2026-05-16,wk inc flu prop ed visits,quantile,0.3,0.001279555250002834
23,2026-05-16,0,2026-05-16,wk inc flu prop ed visits,quantile,0.3,0.002227343335075565
24,2026-05-16,0,2026-05-16,wk inc flu prop ed visits,quantile,0.3,0.0013200072826997122
25,2026-05-16,0,2026-05-16,wk inc flu prop ed visits,quantile,0.3,0.0016759156333131828
26,2026-05-16,0,2026-05-16,wk inc flu prop ed visits,quantile,0.3,0.0003904196159747715
27,2026-05-16,0,2026-05-16,wk inc flu prop ed visits,quantile,0.3,0.0021921683135824595
28,2026-05-16,0,2026-05-16,wk inc flu prop ed visits,quantile,0.3,0.0020053229161857023
30,2026-05-16,0,2026-05-16,wk inc flu prop ed visits,quantile,0.3,0.0013219836535890248
31,2026-05-16,0,2026-05-16,wk inc flu prop ed visits,quantile,0.3,0.0008723773849727335
32,2026-05-16,0,2026-05-16,wk inc flu prop ed visits,quantile,0.3,0.007905521496681289
33,2026-05-16,0,2026-05-16,wk inc flu prop ed visits,quantile,0.3,0.0019255894830419878
34,2026-05-16,0,2026-05-16,wk inc flu prop ed visits,quantile,0.3,0.0020257349213662064
35,2026-05-16,0,2026-05-16,wk inc flu prop ed visits,quantile,0.3,0.003492490630650217
36,2026-05-16,0,2026-05-16,wk inc flu prop ed visits,quantile,0.3,0.002135287803918568
37,2026-05-16,0,2026-05-16,wk inc flu prop ed visits,quantile,0.3,0.0060428843834869714
38,2026-05-16,0,2026-05-16,wk inc flu prop ed visits,quantile,0.3,0.0013190130371654619
39,2026-05-16,0,2026-05-16,wk inc flu prop ed visits,quantile,0.3,0.00028834626923604484
40,2026-05-16,0,2026-05-16,wk inc flu prop ed visits,quantile,0.3,0.0009894832247995238
41,2026-05-16,0,2026-05-16,wk inc flu prop ed visits,quantile,0.3,0.0028926570374351326
42,2026-05-16,0,2026-05-16,wk inc flu prop ed visits,quantile,0.3,0.0012461492745312788
44,2026-05-16,0,2026-05-16,wk inc flu prop ed visits,quantile,0.3,0.0012065720081038485
45,2026-05-16,0,2026-05-16,wk inc flu prop ed visits,quantile,0.3,0.0018678123549865444
46,2026-05-16,0,2026-05-16,wk inc flu prop ed visits,quantile,0.3,0.0005170610108118563
47,2026-05-16,0,2026-05-16,wk inc flu prop ed visits,quantile,0.3,0.0021757940941656336
48,2026-05-16,0,2026-05-16,wk inc flu prop ed visits,quantile,0.3,0.0034682887824979895
49,2026-05-16,0,2026-05-16,wk inc flu prop ed visits,quantile,0.3,0.0011147658229390576
50,2026-05-16,0,2026-05-16,wk inc flu prop ed visits,quantile,0.3,0.0017345571908371472
51,2026-05-16,0,2026-05-16,wk inc flu prop ed visits,quantile,0.3,0.001896854469319263
53,2026-05-16,0,2026-05-16,wk inc flu prop ed visits,quantile,0.3,0.006216480908098859
54,2026-05-16,0,2026-05-16,wk inc flu prop ed visits,quantile,0.3,0.0012440738004183812
55,2026-05-16,0,2026-05-16,wk inc flu prop ed visits,quantile,0.3,0.0008354428154642129
56,2026-05-16,0,2026-05-16,wk inc flu prop ed visits,quantile,0.3,0.007111083684787895
US,2026-05-16,0,2026-05-16,wk inc flu prop ed visits,quantile,0.3,0.002573239759374618
01,2026-05-16,1,2026-05-23,wk inc flu prop ed visits,quantile,0.3,0.00169318861401681
02,2026-05-16,1,2026-05-23,wk inc flu prop ed visits,quantile,0.3,0.0004534269850690916
04,2026-05-16,1,2026-05-23,wk inc flu prop ed visits,quantile,0.3,0.005589415219242468
05,2026-05-16,1,2026-05-23,wk inc flu prop ed visits,quantile,0.3,0.0011020941048847542
06,2026-05-16,1,2026-05-23,wk inc flu prop ed visits,quantile,0.3,0.0030041917689594484
08,2026-05-16,1,2026-05-23,wk inc flu prop ed visits,quantile,0.3,0.0023639138477060725
09,2026-05-16,1,2026-05-23,wk inc flu prop ed visits,quantile,0.3,0.0015190251534250388
10,2026-05-16,1,2026-05-23,wk inc flu prop ed visits,quantile,0.3,0.0009026384960222611
11,2026-05-16,1,2026-05-23,wk inc flu prop ed visits,quantile,0.3,0.0005487555219870966
12,2026-05-16,1,2026-05-23,wk inc flu prop ed visits,quantile,0.3,0.0035805867193380476
13,2026-05-16,1,2026-05-23,wk inc flu prop ed visits,quantile,0.3,0.00124471873774354
15,2026-05-16,1,2026-05-23,wk inc flu prop ed visits,quantile,0.3,0.015334773061399767
16,2026-05-16,1,2026-05-23,wk inc flu prop ed visits,quantile,0.3,0.0009677188229948701
17,2026-05-16,1,2026-05-23,wk inc flu prop ed visits,quantile,0.3,0.0007038027657891033
18,2026-05-16,1,2026-05-23,wk inc flu prop ed visits,quantile,0.3,0.00024614475923095193
19,2026-05-16,1,2026-05-23,wk inc flu prop ed visits,quantile,0.3,0.0002932775117790613
20,2026-05-16,1,2026-05-23,wk inc flu prop ed visits,quantile,0.3,0.0005017513491830907
21,2026-05-16,1,2026-05-23,wk inc flu prop ed visits,quantile,0.3,0.0008729956915904856
22,2026-05-16,1,2026-05-23,wk inc flu prop ed visits,quantile,0.3,0.0011366931282094411
23,2026-05-16,1,2026-05-23,wk inc flu prop ed visits,quantile,0.3,0.0015722893158229736
24,2026-05-16,1,2026-05-23,wk inc flu prop ed visits,quantile,0.3,0.001011614172409853
25,2026-05-16,1,2026-05-23,wk inc flu prop ed visits,quantile,0.3,0.0011395061846194083
26,2026-05-16,1,2026-05-23,wk inc flu prop ed visits,quantile,0.3,0.00031501128169728163
27,2026-05-16,1,2026-05-23,wk inc flu prop ed visits,quantile,0.3,0.0016597251337376058
28,2026-05-16,1,2026-05-23,wk inc flu prop ed visits,quantile,0.3,0.001665697682926883
30,2026-05-16,1,2026-05-23,wk inc flu prop ed visits,quantile,0.3,0.0009526211872065167
31,2026-05-16,1,2026-05-23,wk inc flu prop ed visits,quantile,0.3,0.00066600031583835
32,2026-05-16,1,2026-05-23,wk inc flu prop ed visits,quantile,0.3,0.007370621197321974
33,2026-05-16,1,2026-05-23,wk inc flu prop ed visits,quantile,0.3,0.001406979655269845
34,2026-05-16,1,2026-05-23,wk inc flu prop ed visits,quantile,0.3,0.0015546697835612136
35,2026-05-16,1,2026-05-23,wk inc flu prop ed visits,quantile,0.3,0.0029179454944828374
36,2026-05-16,1,2026-05-23,wk inc flu prop ed visits,quantile,0.3,0.001833386278773554
37,2026-05-16,1,2026-05-23,wk inc flu prop ed visits,quantile,0.3,0.005558421840371257
38,2026-05-16,1,2026-05-23,wk inc flu prop ed visits,quantile,0.3,0.0006386660967409838
39,2026-05-16,1,2026-05-23,wk inc flu prop ed visits,quantile,0.3,0.00016701797046664586
40,2026-05-16,1,2026-05-23,wk inc flu prop ed visits,quantile,0.3,0.0007828938446837023
41,2026-05-16,1,2026-05-23,wk inc flu prop ed visits,quantile,0.3,0.002408354569809802
42,2026-05-16,1,2026-05-23,wk inc flu prop ed visits,quantile,0.3,0.000999726979661339
44,2026-05-16,1,2026-05-23,wk inc flu prop ed visits,quantile,0.3,0.00077770790699535
45,2026-05-16,1,2026-05-23,wk inc flu prop ed visits,quantile,0.3,0.001653767442494711
46,2026-05-16,1,2026-05-23,wk inc flu prop ed visits,quantile,0.3,0.00018737934298438495
47,2026-05-16,1,2026-05-23,wk inc flu prop ed visits,quantile,0.3,0.0019433090657347608
48,2026-05-16,1,2026-05-23,wk inc flu prop ed visits,quantile,0.3,0.0033550866380443424
49,2026-05-16,1,2026-05-23,wk inc flu prop ed visits,quantile,0.3,0.0009400215622603308
50,2026-05-16,1,2026-05-23,wk inc flu prop ed visits,quantile,0.3,0.0014903165415896175
51,2026-05-16,1,2026-05-23,wk inc flu prop ed visits,quantile,0.3,0.0015904724771045634
53,2026-05-16,1,2026-05-23,wk inc flu prop ed visits,quantile,0.3,0.005104515757965828
54,2026-05-16,1,2026-05-23,wk inc flu prop ed visits,quantile,0.3,0.0008721015011357938
55,2026-05-16,1,2026-05-23,wk inc flu prop ed visits,quantile,0.3,0.0006249546393429822
56,2026-05-16,1,2026-05-23,wk inc flu prop ed visits,quantile,0.3,0.005913663101672026
US,2026-05-16,1,2026-05-23,wk inc flu prop ed visits,quantile,0.3,0.0022915771941607525
01,2026-05-16,2,2026-05-30,wk inc flu prop ed visits,quantile,0.3,0.0016277566422257604
02,2026-05-16,2,2026-05-30,wk inc flu prop ed visits,quantile,0.3,0.0003332633514840071
04,2026-05-16,2,2026-05-30,wk inc flu prop ed visits,quantile,0.3,0.005267567350168293
05,2026-05-16,2,2026-05-30,wk inc flu prop ed visits,quantile,0.3,0.000986281288619618
06,2026-05-16,2,2026-05-30,wk inc flu prop ed visits,quantile,0.3,0.0028317782007748864
08,2026-05-16,2,2026-05-30,wk inc flu prop ed visits,quantile,0.3,0.002054130311326718
09,2026-05-16,2,2026-05-30,wk inc flu prop ed visits,quantile,0.3,0.001177566906932945
10,2026-05-16,2,2026-05-30,wk inc flu prop ed visits,quantile,0.3,0.0007038013897406166
11,2026-05-16,2,2026-05-30,wk inc flu prop ed visits,quantile,0.3,0.00039604172580134613
12,2026-05-16,2,2026-05-30,wk inc flu prop ed visits,quantile,0.3,0.0036280511432759876
13,2026-05-16,2,2026-05-30,wk inc flu prop ed visits,quantile,0.3,0.001172399796091722
15,2026-05-16,2,2026-05-30,wk inc flu prop ed visits,quantile,0.3,0.013479997314714625
16,2026-05-16,2,2026-05-30,wk inc flu prop ed visits,quantile,0.3,0.0008080938062603551
17,2026-05-16,2,2026-05-30,wk inc flu prop ed visits,quantile,0.3,0.0005901861949405824
18,2026-05-16,2,2026-05-30,wk inc flu prop ed visits,quantile,0.3,0.00020462376619566512
19,2026-05-16,2,2026-05-30,wk inc flu prop ed visits,quantile,0.3,0.0002214612419733882
20,2026-05-16,2,2026-05-30,wk inc flu prop ed visits,quantile,0.3,0.0004980958870416699
21,2026-05-16,2,2026-05-30,wk inc flu prop ed visits,quantile,0.3,0.0007780983325260412
22,2026-05-16,2,2026-05-30,wk inc flu prop ed visits,quantile,0.3,0.0011287164839491881
23,2026-05-16,2,2026-05-30,wk inc flu prop ed visits,quantile,0.3,0.001212859813055065
24,2026-05-16,2,2026-05-30,wk inc flu prop ed visits,quantile,0.3,0.0008653408399028879
25,2026-05-16,2,2026-05-30,wk inc flu prop ed visits,quantile,0.3,0.0008442699215533845
26,2026-05-16,2,2026-05-30,wk inc flu prop ed visits,quantile,0.3,0.00027598312064641727
27,2026-05-16,2,2026-05-30,wk inc flu prop ed visits,quantile,0.3,0.001390742882765987
28,2026-05-16,2,2026-05-30,wk inc flu prop ed visits,quantile,0.3,0.0014802136243004585
30,2026-05-16,2,2026-05-30,wk inc flu prop ed visits,quantile,0.3,0.0007523181882323556
31,2026-05-16,2,2026-05-30,wk inc flu prop ed visits,quantile,0.3,0.000542387285868249
32,2026-05-16,2,2026-05-30,wk inc flu prop ed visits,quantile,0.3,0.006972907959196452
33,2026-05-16,2,2026-05-30,wk inc flu prop ed visits,quantile,0.3,0.0010667245429602156
34,2026-05-16,2,2026-05-30,wk inc flu prop ed visits,quantile,0.3,0.001396802592741287
35,2026-05-16,2,2026-05-30,wk inc flu prop ed visits,quantile,0.3,0.002496992218557788
36,2026-05-16,2,2026-05-30,wk inc flu prop ed visits,quantile,0.3,0.0016234106200237908
37,2026-05-16,2,2026-05-30,wk inc flu prop ed visits,quantile,0.3,0.005461085559580815
38,2026-05-16,2,2026-05-30,wk inc flu prop ed visits,quantile,0.3,0.000350438329701755
39,2026-05-16,2,2026-05-30,wk inc flu prop ed visits,quantile,0.3,0.00011257124237764827
40,2026-05-16,2,2026-05-30,wk inc flu prop ed visits,quantile,0.3,0.0006875694216288488
41,2026-05-16,2,2026-05-30,wk inc flu prop ed visits,quantile,0.3,0.0022162552469960238
42,2026-05-16,2,2026-05-30,wk inc flu prop ed visits,quantile,0.3,0.0008665401869103216
44,2026-05-16,2,2026-05-30,wk inc flu prop ed visits,quantile,0.3,0.000544572937191646
45,2026-05-16,2,2026-05-30,wk inc flu prop ed visits,quantile,0.3,0.0015746368295210325
46,2026-05-16,2,2026-05-30,wk inc flu prop ed visits,quantile,0.3,7.502891766767034e-05
47,2026-05-16,2,2026-05-30,wk inc flu prop ed visits,quantile,0.3,0.0017608774447888794
48,2026-05-16,2,2026-05-30,wk inc flu prop ed visits,quantile,0.3,0.0033273071660231703
49,2026-05-16,2,2026-05-30,wk inc flu prop ed visits,quantile,0.3,0.000845065799902152
50,2026-05-16,2,2026-05-30,wk inc flu prop ed visits,quantile,0.3,0.0012704685533434853
51,2026-05-16,2,2026-05-30,wk inc flu prop ed visits,quantile,0.3,0.0015175548282701365
53,2026-05-16,2,2026-05-30,wk inc flu prop ed visits,quantile,0.3,0.004415772874776944
54,2026-05-16,2,2026-05-30,wk inc flu prop ed visits,quantile,0.3,0.000629919475982743
55,2026-05-16,2,2026-05-30,wk inc flu prop ed visits,quantile,0.3,0.0005166541789730192
56,2026-05-16,2,2026-05-30,wk inc flu prop ed visits,quantile,0.3,0.005053798866717189
US,2026-05-16,2,2026-05-30,wk inc flu prop ed visits,quantile,0.3,0.0022065560021257242
01,2026-05-16,3,2026-06-06,wk inc flu prop ed visits,quantile,0.3,0.001673648358231135
02,2026-05-16,3,2026-06-06,wk inc flu prop ed visits,quantile,0.3,0.00023414932192798165
04,2026-05-16,3,2026-06-06,wk inc flu prop ed visits,quantile,0.3,0.00502544248318994
05,2026-05-16,3,2026-06-06,wk inc flu prop ed visits,quantile,0.3,0.0008969916872235682
06,2026-05-16,3,2026-06-06,wk inc flu prop ed visits,quantile,0.3,0.002709972759384926
08,2026-05-16,3,2026-06-06,wk inc flu prop ed visits,quantile,0.3,0.0018585151618924001
09,2026-05-16,3,2026-06-06,wk inc flu prop ed visits,quantile,0.3,0.0010375567242692832
10,2026-05-16,3,2026-06-06,wk inc flu prop ed visits,quantile,0.3,0.0007098586724530296
11,2026-05-16,3,2026-06-06,wk inc flu prop ed visits,quantile,0.3,0.0003611443222006239
12,2026-05-16,3,2026-06-06,wk inc flu prop ed visits,quantile,0.3,0.0037631043744626165
13,2026-05-16,3,2026-06-06,wk inc flu prop ed visits,quantile,0.3,0.001153809538030964
15,2026-05-16,3,2026-06-06,wk inc flu prop ed visits,quantile,0.3,0.011948815687459069
16,2026-05-16,3,2026-06-06,wk inc flu prop ed visits,quantile,0.3,0.0007395707375910036
17,2026-05-16,3,2026-06-06,wk inc flu prop ed visits,quantile,0.3,0.0006099466692891821
18,2026-05-16,3,2026-06-06,wk inc flu prop ed visits,quantile,0.3,0.0002069205168662981
19,2026-05-16,3,2026-06-06,wk inc flu prop ed visits,quantile,0.3,0.00020228909507169615
20,2026-05-16,3,2026-06-06,wk inc flu prop ed visits,quantile,0.3,0.00046502035040587664
21,2026-05-16,3,2026-06-06,wk inc flu prop ed visits,quantile,0.3,0.0008297908579861342
22,2026-05-16,3,2026-06-06,wk inc flu prop ed visits,quantile,0.3,0.0012308332626951477
23,2026-05-16,3,2026-06-06,wk inc flu prop ed visits,quantile,0.3,0.0009064649397627349
24,2026-05-16,3,2026-06-06,wk inc flu prop ed visits,quantile,0.3,0.0008284634903267908
25,2026-05-16,3,2026-06-06,wk inc flu prop ed visits,quantile,0.3,0.000710434116760282
26,2026-05-16,3,2026-06-06,wk inc flu prop ed visits,quantile,0.3,0.00026563968675899296
27,2026-05-16,3,2026-06-06,wk inc flu prop ed visits,quantile,0.3,0.0012100847985398577
28,2026-05-16,3,2026-06-06,wk inc flu prop ed visits,quantile,0.3,0.0014384779811071075
30,2026-05-16,3,2026-06-06,wk inc flu prop ed visits,quantile,0.3,0.0006194654360600217
31,2026-05-16,3,2026-06-06,wk inc flu prop ed visits,quantile,0.3,0.0004929263080215422
32,2026-05-16,3,2026-06-06,wk inc flu prop ed visits,quantile,0.3,0.006587227612488187
33,2026-05-16,3,2026-06-06,wk inc flu prop ed visits,quantile,0.3,0.0009331407945466553
34,2026-05-16,3,2026-06-06,wk inc flu prop ed visits,quantile,0.3,0.0013922384417426065
35,2026-05-16,3,2026-06-06,wk inc flu prop ed visits,quantile,0.3,0.002217015639606948
36,2026-05-16,3,2026-06-06,wk inc flu prop ed visits,quantile,0.3,0.0015884289468891118
37,2026-05-16,3,2026-06-06,wk inc flu prop ed visits,quantile,0.3,0.005791098774113301
38,2026-05-16,3,2026-06-06,wk inc flu prop ed visits,quantile,0.3,0.00020909330821240773
39,2026-05-16,3,2026-06-06,wk inc flu prop ed visits,quantile,0.3,0.00010933501854743224
40,2026-05-16,3,2026-06-06,wk inc flu prop ed visits,quantile,0.3,0.0006730172226498449
41,2026-05-16,3,2026-06-06,wk inc flu prop ed visits,quantile,0.3,0.0020827382646881635
42,2026-05-16,3,2026-06-06,wk inc flu prop ed visits,quantile,0.3,0.0008684725566150985
44,2026-05-16,3,2026-06-06,wk inc flu prop ed visits,quantile,0.3,0.0003981676074144017
45,2026-05-16,3,2026-06-06,wk inc flu prop ed visits,quantile,0.3,0.001676435246424276
46,2026-05-16,3,2026-06-06,wk inc flu prop ed visits,quantile,0.3,1.4823561477018271e-05
47,2026-05-16,3,2026-06-06,wk inc flu prop ed visits,quantile,0.3,0.0017637566577854108
48,2026-05-16,3,2026-06-06,wk inc flu prop ed visits,quantile,0.3,0.0035141474078796524
49,2026-05-16,3,2026-06-06,wk inc flu prop ed visits,quantile,0.3,0.0008353879129552669
50,2026-05-16,3,2026-06-06,wk inc flu prop ed visits,quantile,0.3,0.0011960450551533532
51,2026-05-16,3,2026-06-06,wk inc flu prop ed visits,quantile,0.3,0.0014926591656633486
53,2026-05-16,3,2026-06-06,wk inc flu prop ed visits,quantile,0.3,0.00397749340612699
54,2026-05-16,3,2026-06-06,wk inc flu prop ed visits,quantile,0.3,0.0005677666335720641
55,2026-05-16,3,2026-06-06,wk inc flu prop ed visits,quantile,0.3,0.00046246363330420664
56,2026-05-16,3,2026-06-06,wk inc flu prop ed visits,quantile,0.3,0.004113455703865947
US,2026-05-16,3,2026-06-06,wk inc flu prop ed visits,quantile,0.3,0.002234471127928811
01,2026-05-16,0,2026-05-16,wk inc flu prop ed visits,quantile,0.35,0.0021619952563479688
02,2026-05-16,0,2026-05-16,wk inc flu prop ed visits,quantile,0.35,0.0008961323777121401
04,2026-05-16,0,2026-05-16,wk inc flu prop ed visits,quantile,0.35,0.006422689825398766
05,2026-05-16,0,2026-05-16,wk inc flu prop ed visits,quantile,0.35,0.001441485492342088
06,2026-05-16,0,2026-05-16,wk inc flu prop ed visits,quantile,0.35,0.0034829446805625342
08,2026-05-16,0,2026-05-16,wk inc flu prop ed visits,quantile,0.35,0.003097004857153808
09,2026-05-16,0,2026-05-16,wk inc flu prop ed visits,quantile,0.35,0.0021976245167494844
10,2026-05-16,0,2026-05-16,wk inc flu prop ed visits,quantile,0.35,0.0012935241142178944
11,2026-05-16,0,2026-05-16,wk inc flu prop ed visits,quantile,0.35,0.0010516741250947593
12,2026-05-16,0,2026-05-16,wk inc flu prop ed visits,quantile,0.35,0.003789904442664904
13,2026-05-16,0,2026-05-16,wk inc flu prop ed visits,quantile,0.35,0.0015579358797988823
15,2026-05-16,0,2026-05-16,wk inc flu prop ed visits,quantile,0.35,0.01798343467876533
16,2026-05-16,0,2026-05-16,wk inc flu prop ed visits,quantile,0.35,0.001538081356506757
17,2026-05-16,0,2026-05-16,wk inc flu prop ed visits,quantile,0.35,0.0009264203789843589
18,2026-05-16,0,2026-05-16,wk inc flu prop ed visits,quantile,0.35,0.00046365052541521434
19,2026-05-16,0,2026-05-16,wk inc flu prop ed visits,quantile,0.35,0.0005087079867097742
20,2026-05-16,0,2026-05-16,wk inc flu prop ed visits,quantile,0.35,0.0006379780287889503
21,2026-05-16,0,2026-05-16,wk inc flu prop ed visits,quantile,0.35,0.0012374709663512374
22,2026-05-16,0,2026-05-16,wk inc flu prop ed visits,quantile,0.35,0.0013520394197893784
23,2026-05-16,0,2026-05-16,wk inc flu prop ed visits,quantile,0.35,0.002377777670741954
24,2026-05-16,0,2026-05-16,wk inc flu prop ed visits,quantile,0.35,0.0014024560183945203
25,2026-05-16,0,2026-05-16,wk inc flu prop ed visits,quantile,0.35,0.0017510694327078624
26,2026-05-16,0,2026-05-16,wk inc flu prop ed visits,quantile,0.35,0.00043009904346611187
27,2026-05-16,0,2026-05-16,wk inc flu prop ed visits,quantile,0.35,0.0023180215642331884
28,2026-05-16,0,2026-05-16,wk inc flu prop ed visits,quantile,0.35,0.002124619398176211
30,2026-05-16,0,2026-05-16,wk inc flu prop ed visits,quantile,0.35,0.0014630040852843897
31,2026-05-16,0,2026-05-16,wk inc flu prop ed visits,quantile,0.35,0.0009477964409556368
32,2026-05-16,0,2026-05-16,wk inc flu prop ed visits,quantile,0.35,0.008131254309544388
33,2026-05-16,0,2026-05-16,wk inc flu prop ed visits,quantile,0.35,0.0020512483927610553
34,2026-05-16,0,2026-05-16,wk inc flu prop ed visits,quantile,0.35,0.0021327630769790236
35,2026-05-16,0,2026-05-16,wk inc flu prop ed visits,quantile,0.35,0.003702982794384139
36,2026-05-16,0,2026-05-16,wk inc flu prop ed visits,quantile,0.35,0.0022258474199579417
37,2026-05-16,0,2026-05-16,wk inc flu prop ed visits,quantile,0.35,0.006269928370411198
38,2026-05-16,0,2026-05-16,wk inc flu prop ed visits,quantile,0.35,0.0014627698515261697
39,2026-05-16,0,2026-05-16,wk inc flu prop ed visits,quantile,0.35,0.00031712308797058534
40,2026-05-16,0,2026-05-16,wk inc flu prop ed visits,quantile,0.35,0.0010681245729639408
41,2026-05-16,0,2026-05-16,wk inc flu prop ed visits,quantile,0.35,0.0030267732518570296
42,2026-05-16,0,2026-05-16,wk inc flu prop ed visits,quantile,0.35,0.001312226970571653
44,2026-05-16,0,2026-05-16,wk inc flu prop ed visits,quantile,0.35,0.001318227624552948
45,2026-05-16,0,2026-05-16,wk inc flu prop ed visits,quantile,0.35,0.001988335475783214
46,2026-05-16,0,2026-05-16,wk inc flu prop ed visits,quantile,0.35,0.0005830908231522986
47,2026-05-16,0,2026-05-16,wk inc flu prop ed visits,quantile,0.35,0.0023039025030256025
48,2026-05-16,0,2026-05-16,wk inc flu prop ed visits,quantile,0.35,0.0035936349259081276
49,2026-05-16,0,2026-05-16,wk inc flu prop ed visits,quantile,0.35,0.0012037440481694034
50,2026-05-16,0,2026-05-16,wk inc flu prop ed visits,quantile,0.35,0.001913585766532776
51,2026-05-16,0,2026-05-16,wk inc flu prop ed visits,quantile,0.35,0.001993100887879281
53,2026-05-16,0,2026-05-16,wk inc flu prop ed visits,quantile,0.35,0.0064199948577012955
54,2026-05-16,0,2026-05-16,wk inc flu prop ed visits,quantile,0.35,0.0013472764293165132
55,2026-05-16,0,2026-05-16,wk inc flu prop ed visits,quantile,0.35,0.0008925326075121952
56,2026-05-16,0,2026-05-16,wk inc flu prop ed visits,quantile,0.35,0.007702058814852779
US,2026-05-16,0,2026-05-16,wk inc flu prop ed visits,quantile,0.35,0.0026634293160654964
01,2026-05-16,1,2026-05-23,wk inc flu prop ed visits,quantile,0.35,0.0018898745727640213
02,2026-05-16,1,2026-05-23,wk inc flu prop ed visits,quantile,0.35,0.0005622755172196331
04,2026-05-16,1,2026-05-23,wk inc flu prop ed visits,quantile,0.35,0.005887836270037644
05,2026-05-16,1,2026-05-23,wk inc flu prop ed visits,quantile,0.35,0.001251166122171647
06,2026-05-16,1,2026-05-23,wk inc flu prop ed visits,quantile,0.35,0.003160618107221029
08,2026-05-16,1,2026-05-23,wk inc flu prop ed visits,quantile,0.35,0.002512215757600274
09,2026-05-16,1,2026-05-23,wk inc flu prop ed visits,quantile,0.35,0.0016872205302310894
10,2026-05-16,1,2026-05-23,wk inc flu prop ed visits,quantile,0.35,0.0010713975549063283
11,2026-05-16,1,2026-05-23,wk inc flu prop ed visits,quantile,0.35,0.0006621557200782903
12,2026-05-16,1,2026-05-23,wk inc flu prop ed visits,quantile,0.35,0.0037381680781403102
13,2026-05-16,1,2026-05-23,wk inc flu prop ed visits,quantile,0.35,0.0013780447259120884
15,2026-05-16,1,2026-05-23,wk inc flu prop ed visits,quantile,0.35,0.016260769275919122
16,2026-05-16,1,2026-05-23,wk inc flu prop ed visits,quantile,0.35,0.0011009537925259888
17,2026-05-16,1,2026-05-23,wk inc flu prop ed visits,quantile,0.35,0.0007780873904893661
18,2026-05-16,1,2026-05-23,wk inc flu prop ed visits,quantile,0.35,0.00031358707949282
19,2026-05-16,1,2026-05-23,wk inc flu prop ed visits,quantile,0.35,0.00035341423200151807
20,2026-05-16,1,2026-05-23,wk inc flu prop ed visits,quantile,0.35,0.0005884079584973389
21,2026-05-16,1,2026-05-23,wk inc flu prop ed visits,quantile,0.35,0.0009788140213412182
22,2026-05-16,1,2026-05-23,wk inc flu prop ed visits,quantile,0.35,0.0012481422704587542
23,2026-05-16,1,2026-05-23,wk inc flu prop ed visits,quantile,0.35,0.0017777312694546015
24,2026-05-16,1,2026-05-23,wk inc flu prop ed visits,quantile,0.35,0.0011132407596724612
25,2026-05-16,1,2026-05-23,wk inc flu prop ed visits,quantile,0.35,0.001280713421307024
26,2026-05-16,1,2026-05-23,wk inc flu prop ed visits,quantile,0.35,0.0003629786677415785
27,2026-05-16,1,2026-05-23,wk inc flu prop ed visits,quantile,0.35,0.001846357667728582
28,2026-05-16,1,2026-05-23,wk inc flu prop ed visits,quantile,0.35,0.001833235970904892
30,2026-05-16,1,2026-05-23,wk inc flu prop ed visits,quantile,0.35,0.0011736929461632253
31,2026-05-16,1,2026-05-23,wk inc flu prop ed visits,quantile,0.35,0.0007930669613770647
32,2026-05-16,1,2026-05-23,wk inc flu prop ed visits,quantile,0.35,0.007825518135839838
33,2026-05-16,1,2026-05-23,wk inc flu prop ed visits,quantile,0.35,0.0015819016971381217
34,2026-05-16,1,2026-05-23,wk inc flu prop ed visits,quantile,0.35,0.0017047823476776672
35,2026-05-16,1,2026-05-23,wk inc flu prop ed visits,quantile,0.35,0.003221264872998497
36,2026-05-16,1,2026-05-23,wk inc flu prop ed visits,quantile,0.35,0.0019778285871477844
37,2026-05-16,1,2026-05-23,wk inc flu prop ed visits,quantile,0.35,0.005915064912421742
38,2026-05-16,1,2026-05-23,wk inc flu prop ed visits,quantile,0.35,0.0008112691474386981
39,2026-05-16,1,2026-05-23,wk inc flu prop ed visits,quantile,0.35,0.00020313063668900698
40,2026-05-16,1,2026-05-23,wk inc flu prop ed visits,quantile,0.35,0.0008942757950932319
41,2026-05-16,1,2026-05-23,wk inc flu prop ed visits,quantile,0.35,0.0026331427913342505
42,2026-05-16,1,2026-05-23,wk inc flu prop ed visits,quantile,0.35,0.001120460234708902
44,2026-05-16,1,2026-05-23,wk inc flu prop ed visits,quantile,0.35,0.0009201088021310102
45,2026-05-16,1,2026-05-23,wk inc flu prop ed visits,quantile,0.35,0.0018215110773359784
46,2026-05-16,1,2026-05-23,wk inc flu prop ed visits,quantile,0.35,0.0002574146917433919
47,2026-05-16,1,2026-05-23,wk inc flu prop ed visits,quantile,0.35,0.0021427402467265426
48,2026-05-16,1,2026-05-23,wk inc flu prop ed visits,quantile,0.35,0.003535805441896834
49,2026-05-16,1,2026-05-23,wk inc flu prop ed visits,quantile,0.35,0.0010449665648259161
50,2026-05-16,1,2026-05-23,wk inc flu prop ed visits,quantile,0.35,0.0018401783365199237
51,2026-05-16,1,2026-05-23,wk inc flu prop ed visits,quantile,0.35,0.0017627098919515791
53,2026-05-16,1,2026-05-23,wk inc flu prop ed visits,quantile,0.35,0.005414313659690155
54,2026-05-16,1,2026-05-23,wk inc flu prop ed visits,quantile,0.35,0.00100136664960495
55,2026-05-16,1,2026-05-23,wk inc flu prop ed visits,quantile,0.35,0.000701349915344793
56,2026-05-16,1,2026-05-23,wk inc flu prop ed visits,quantile,0.35,0.0065857180188473655
US,2026-05-16,1,2026-05-23,wk inc flu prop ed visits,quantile,0.35,0.002471501459119358
01,2026-05-16,2,2026-05-30,wk inc flu prop ed visits,quantile,0.35,0.0019088060218324836
02,2026-05-16,2,2026-05-30,wk inc flu prop ed visits,quantile,0.35,0.00043703889629305675
04,2026-05-16,2,2026-05-30,wk inc flu prop ed visits,quantile,0.35,0.005651526900194112
05,2026-05-16,2,2026-05-30,wk inc flu prop ed visits,quantile,0.35,0.0012031099657240727
06,2026-05-16,2,2026-05-30,wk inc flu prop ed visits,quantile,0.35,0.0030129335633913377
08,2026-05-16,2,2026-05-30,wk inc flu prop ed visits,quantile,0.35,0.0022858369693539732
09,2026-05-16,2,2026-05-30,wk inc flu prop ed visits,quantile,0.35,0.0013637798689301662
10,2026-05-16,2,2026-05-30,wk inc flu prop ed visits,quantile,0.35,0.0009050126870286359
11,2026-05-16,2,2026-05-30,wk inc flu prop ed visits,quantile,0.35,0.0005255794449541464
12,2026-05-16,2,2026-05-30,wk inc flu prop ed visits,quantile,0.35,0.0038709400670525
13,2026-05-16,2,2026-05-30,wk inc flu prop ed visits,quantile,0.35,0.0013309904361708536
15,2026-05-16,2,2026-05-30,wk inc flu prop ed visits,quantile,0.35,0.014721920239718361
16,2026-05-16,2,2026-05-30,wk inc flu prop ed visits,quantile,0.35,0.0010138260033892544
17,2026-05-16,2,2026-05-30,wk inc flu prop ed visits,quantile,0.35,0.0007204315097964552
18,2026-05-16,2,2026-05-30,wk inc flu prop ed visits,quantile,0.35,0.0002636985820172575
19,2026-05-16,2,2026-05-30,wk inc flu prop ed visits,quantile,0.35,0.0002945180107525234
20,2026-05-16,2,2026-05-30,wk inc flu prop ed visits,quantile,0.35,0.0006101896578486742
21,2026-05-16,2,2026-05-30,wk inc flu prop ed visits,quantile,0.35,0.0009272254239842785
22,2026-05-16,2,2026-05-30,wk inc flu prop ed visits,quantile,0.35,0.001312002970588418
23,2026-05-16,2,2026-05-30,wk inc flu prop ed visits,quantile,0.35,0.001440796167137643
24,2026-05-16,2,2026-05-30,wk inc flu prop ed visits,quantile,0.35,0.0010192332199851612
25,2026-05-16,2,2026-05-30,wk inc flu prop ed visits,quantile,0.35,0.0009920519277381355
26,2026-05-16,2,2026-05-30,wk inc flu prop ed visits,quantile,0.35,0.0003461155435204052
27,2026-05-16,2,2026-05-30,wk inc flu prop ed visits,quantile,0.35,0.001650430189651867
28,2026-05-16,2,2026-05-30,wk inc flu prop ed visits,quantile,0.35,0.0017039624051251284
30,2026-05-16,2,2026-05-30,wk inc flu prop ed visits,quantile,0.35,0.0010107971168448104
31,2026-05-16,2,2026-05-30,wk inc flu prop ed visits,quantile,0.35,0.0006895826454096167
32,2026-05-16,2,2026-05-30,wk inc flu prop ed visits,quantile,0.35,0.00753663649331541
33,2026-05-16,2,2026-05-30,wk inc flu prop ed visits,quantile,0.35,0.001312915764366216
34,2026-05-16,2,2026-05-30,wk inc flu prop ed visits,quantile,0.35,0.0015869768975391035
35,2026-05-16,2,2026-05-30,wk inc flu prop ed visits,quantile,0.35,0.002891201020122747
36,2026-05-16,2,2026-05-30,wk inc flu prop ed visits,quantile,0.35,0.0018101860088777766
37,2026-05-16,2,2026-05-30,wk inc flu prop ed visits,quantile,0.35,0.005971655276593995
38,2026-05-16,2,2026-05-30,wk inc flu prop ed visits,quantile,0.35,0.0005052391680405881
39,2026-05-16,2,2026-05-30,wk inc flu prop ed visits,quantile,0.35,0.00016589997825383444
40,2026-05-16,2,2026-05-30,wk inc flu prop ed visits,quantile,0.35,0.0008362514489838514
41,2026-05-16,2,2026-05-30,wk inc flu prop ed visits,quantile,0.35,0.002500108521978986
42,2026-05-16,2,2026-05-30,wk inc flu prop ed visits,quantile,0.35,0.0010121436978203138
44,2026-05-16,2,2026-05-30,wk inc flu prop ed visits,quantile,0.35,0.0006887214372186543
45,2026-05-16,2,2026-05-30,wk inc flu prop ed visits,quantile,0.35,0.0017957836392892795
46,2026-05-16,2,2026-05-30,wk inc flu prop ed visits,quantile,0.35,0.000154098902902193
47,2026-05-16,2,2026-05-30,wk inc flu prop ed visits,quantile,0.35,0.001979517515051473
48,2026-05-16,2,2026-05-30,wk inc flu prop ed visits,quantile,0.35,0.0036655182756613874
49,2026-05-16,2,2026-05-30,wk inc flu prop ed visits,quantile,0.35,0.0010018556798353396
50,2026-05-16,2,2026-05-30,wk inc flu prop ed visits,quantile,0.35,0.0016093422635237481
51,2026-05-16,2,2026-05-30,wk inc flu prop ed visits,quantile,0.35,0.0017205794968957106
53,2026-05-16,2,2026-05-30,wk inc flu prop ed visits,quantile,0.35,0.004789942252543534
54,2026-05-16,2,2026-05-30,wk inc flu prop ed visits,quantile,0.35,0.0007890321689086571
55,2026-05-16,2,2026-05-30,wk inc flu prop ed visits,quantile,0.35,0.0006136579086609476
56,2026-05-16,2,2026-05-30,wk inc flu prop ed visits,quantile,0.35,0.006202532099405452
US,2026-05-16,2,2026-05-30,wk inc flu prop ed visits,quantile,0.35,0.0024472470419855162
01,2026-05-16,3,2026-06-06,wk inc flu prop ed visits,quantile,0.35,0.0020019237616572955
02,2026-05-16,3,2026-06-06,wk inc flu prop ed visits,quantile,0.35,0.00035929745533779027
04,2026-05-16,3,2026-06-06,wk inc flu prop ed visits,quantile,0.35,0.005577136575914829
05,2026-05-16,3,2026-06-06,wk inc flu prop ed visits,quantile,0.35,0.0011448521555921924
06,2026-05-16,3,2026-06-06,wk inc flu prop ed visits,quantile,0.35,0.0029450407208102404
08,2026-05-16,3,2026-06-06,wk inc flu prop ed visits,quantile,0.35,0.0021438960465351158
09,2026-05-16,3,2026-06-06,wk inc flu prop ed visits,quantile,0.35,0.001280413714625497
10,2026-05-16,3,2026-06-06,wk inc flu prop ed visits,quantile,0.35,0.000932513166777719
11,2026-05-16,3,2026-06-06,wk inc flu prop ed visits,quantile,0.35,0.0005206211653565848
12,2026-05-16,3,2026-06-06,wk inc flu prop ed visits,quantile,0.35,0.004084105130028424
13,2026-05-16,3,2026-06-06,wk inc flu prop ed visits,quantile,0.35,0.001372155642269582
15,2026-05-16,3,2026-06-06,wk inc flu prop ed visits,quantile,0.35,0.01336826639423242
16,2026-05-16,3,2026-06-06,wk inc flu prop ed visits,quantile,0.35,0.0008959391214792676
17,2026-05-16,3,2026-06-06,wk inc flu prop ed visits,quantile,0.35,0.0007389152975587257
18,2026-05-16,3,2026-06-06,wk inc flu prop ed visits,quantile,0.35,0.00028974410351617153
19,2026-05-16,3,2026-06-06,wk inc flu prop ed visits,quantile,0.35,0.0002894742699358409
20,2026-05-16,3,2026-06-06,wk inc flu prop ed visits,quantile,0.35,0.0006242962908002767
21,2026-05-16,3,2026-06-06,wk inc flu prop ed visits,quantile,0.35,0.001035062829287125
22,2026-05-16,3,2026-06-06,wk inc flu prop ed visits,quantile,0.35,0.0014661527447243333
23,2026-05-16,3,2026-06-06,wk inc flu prop ed visits,quantile,0.35,0.0012023037271191373
24,2026-05-16,3,2026-06-06,wk inc flu prop ed visits,quantile,0.35,0.0009999536813613298
25,2026-05-16,3,2026-06-06,wk inc flu prop ed visits,quantile,0.35,0.0008481215578384872
26,2026-05-16,3,2026-06-06,wk inc flu prop ed visits,quantile,0.35,0.0003553911062077839
27,2026-05-16,3,2026-06-06,wk inc flu prop ed visits,quantile,0.35,0.0014576747514626772
28,2026-05-16,3,2026-06-06,wk inc flu prop ed visits,quantile,0.35,0.0016972036388745594
30,2026-05-16,3,2026-06-06,wk inc flu prop ed visits,quantile,0.35,0.0009022285366263079
31,2026-05-16,3,2026-06-06,wk inc flu prop ed visits,quantile,0.35,0.0006445910038916564
32,2026-05-16,3,2026-06-06,wk inc flu prop ed visits,quantile,0.35,0.007208399075227821
33,2026-05-16,3,2026-06-06,wk inc flu prop ed visits,quantile,0.35,0.0012001389664451135
34,2026-05-16,3,2026-06-06,wk inc flu prop ed visits,quantile,0.35,0.0016523182025782698
35,2026-05-16,3,2026-06-06,wk inc flu prop ed visits,quantile,0.35,0.002698928381375317
36,2026-05-16,3,2026-06-06,wk inc flu prop ed visits,quantile,0.35,0.0018215125548710935
37,2026-05-16,3,2026-06-06,wk inc flu prop ed visits,quantile,0.35,0.006403417217905824
38,2026-05-16,3,2026-06-06,wk inc flu prop ed visits,quantile,0.35,0.00037591007298416973
39,2026-05-16,3,2026-06-06,wk inc flu prop ed visits,quantile,0.35,0.00017011568418561372
40,2026-05-16,3,2026-06-06,wk inc flu prop ed visits,quantile,0.35,0.0008727440907572989
41,2026-05-16,3,2026-06-06,wk inc flu prop ed visits,quantile,0.35,0.00239393041222344
42,2026-05-16,3,2026-06-06,wk inc flu prop ed visits,quantile,0.35,0.001028373986666466
44,2026-05-16,3,2026-06-06,wk inc flu prop ed visits,quantile,0.35,0.0005637099500429458
45,2026-05-16,3,2026-06-06,wk inc flu prop ed visits,quantile,0.35,0.0019900924551248533
46,2026-05-16,3,2026-06-06,wk inc flu prop ed visits,quantile,0.35,8.825235054430289e-05
47,2026-05-16,3,2026-06-06,wk inc flu prop ed visits,quantile,0.35,0.002057934197643317
48,2026-05-16,3,2026-06-06,wk inc flu prop ed visits,quantile,0.35,0.003918107302322565
49,2026-05-16,3,2026-06-06,wk inc flu prop ed visits,quantile,0.35,0.001032611114853247
50,2026-05-16,3,2026-06-06,wk inc flu prop ed visits,quantile,0.35,0.0016523728748580368
51,2026-05-16,3,2026-06-06,wk inc flu prop ed visits,quantile,0.35,0.001718404847654796
53,2026-05-16,3,2026-06-06,wk inc flu prop ed visits,quantile,0.35,0.004406967307108561
54,2026-05-16,3,2026-06-06,wk inc flu prop ed visits,quantile,0.35,0.000743176295931741
55,2026-05-16,3,2026-06-06,wk inc flu prop ed visits,quantile,0.35,0.0005843549353817185
56,2026-05-16,3,2026-06-06,wk inc flu prop ed visits,quantile,0.35,0.005401903721715324
US,2026-05-16,3,2026-06-06,wk inc flu prop ed visits,quantile,0.35,0.0025006969903427247
01,2026-05-16,0,2026-05-16,wk inc flu prop ed visits,quantile,0.4,0.0022936860072776824
02,2026-05-16,0,2026-05-16,wk inc flu prop ed visits,quantile,0.4,0.000984598702365726
04,2026-05-16,0,2026-05-16,wk inc flu prop ed visits,quantile,0.4,0.006672936505926259
05,2026-05-16,0,2026-05-16,wk inc flu prop ed visits,quantile,0.4,0.001536488935432507
06,2026-05-16,0,2026-05-16,wk inc flu prop ed visits,quantile,0.4,0.0035879137438661435
08,2026-05-16,0,2026-05-16,wk inc flu prop ed visits,quantile,0.4,0.0032093757541881065
09,2026-05-16,0,2026-05-16,wk inc flu prop ed visits,quantile,0.4,0.002288276736488856
10,2026-05-16,0,2026-05-16,wk inc flu prop ed visits,quantile,0.4,0.0014050360940290852
11,2026-05-16,0,2026-05-16,wk inc flu prop ed visits,quantile,0.4,0.0011424552670979886
12,2026-05-16,0,2026-05-16,wk inc flu prop ed visits,quantile,0.4,0.00390731736763513
13,2026-05-16,0,2026-05-16,wk inc flu prop ed visits,quantile,0.4,0.0016494844419784626
15,2026-05-16,0,2026-05-16,wk inc flu prop ed visits,quantile,0.4,0.018557348621456027
16,2026-05-16,0,2026-05-16,wk inc flu prop ed visits,quantile,0.4,0.001636048252688794
17,2026-05-16,0,2026-05-16,wk inc flu prop ed visits,quantile,0.4,0.000985556227196954
18,2026-05-16,0,2026-05-16,wk inc flu prop ed visits,quantile,0.4,0.0005083688540131149
19,2026-05-16,0,2026-05-16,wk inc flu prop ed visits,quantile,0.4,0.0005536196064634089
20,2026-05-16,0,2026-05-16,wk inc flu prop ed visits,quantile,0.4,0.0006950654423650657
21,2026-05-16,0,2026-05-16,wk inc flu prop ed visits,quantile,0.4,0.0013131336132814336
22,2026-05-16,0,2026-05-16,wk inc flu prop ed visits,quantile,0.4,0.0014272750601601542
23,2026-05-16,0,2026-05-16,wk inc flu prop ed visits,quantile,0.4,0.002535010473006965
24,2026-05-16,0,2026-05-16,wk inc flu prop ed visits,quantile,0.4,0.0014709544209440778
25,2026-05-16,0,2026-05-16,wk inc flu prop ed visits,quantile,0.4,0.001843078424175858
26,2026-05-16,0,2026-05-16,wk inc flu prop ed visits,quantile,0.4,0.0004638103331574739
27,2026-05-16,0,2026-05-16,wk inc flu prop ed visits,quantile,0.4,0.002444960652541567
28,2026-05-16,0,2026-05-16,wk inc flu prop ed visits,quantile,0.4,0.0022289014378284195
30,2026-05-16,0,2026-05-16,wk inc flu prop ed visits,quantile,0.4,0.001596094071598211
31,2026-05-16,0,2026-05-16,wk inc flu prop ed visits,quantile,0.4,0.0010316388470627048
32,2026-05-16,0,2026-05-16,wk inc flu prop ed visits,quantile,0.4,0.008375966292241209
33,2026-05-16,0,2026-05-16,wk inc flu prop ed visits,quantile,0.4,0.002212229672982592
34,2026-05-16,0,2026-05-16,wk inc flu prop ed visits,quantile,0.4,0.002237230169457856
35,2026-05-16,0,2026-05-16,wk inc flu prop ed visits,quantile,0.4,0.003901579111000691
36,2026-05-16,0,2026-05-16,wk inc flu prop ed visits,quantile,0.4,0.002315360090541488
37,2026-05-16,0,2026-05-16,wk inc flu prop ed visits,quantile,0.4,0.0064884360689875555
38,2026-05-16,0,2026-05-16,wk inc flu prop ed visits,quantile,0.4,0.0016318381319424913
39,2026-05-16,0,2026-05-16,wk inc flu prop ed visits,quantile,0.4,0.00034559946147139455
40,2026-05-16,0,2026-05-16,wk inc flu prop ed visits,quantile,0.4,0.0011531573001675116
41,2026-05-16,0,2026-05-16,wk inc flu prop ed visits,quantile,0.4,0.003133780548764497
42,2026-05-16,0,2026-05-16,wk inc flu prop ed visits,quantile,0.4,0.0013821253220586776
44,2026-05-16,0,2026-05-16,wk inc flu prop ed visits,quantile,0.4,0.0014324654152053065
45,2026-05-16,0,2026-05-16,wk inc flu prop ed visits,quantile,0.4,0.00208539876844398
46,2026-05-16,0,2026-05-16,wk inc flu prop ed visits,quantile,0.4,0.0006628726502175288
47,2026-05-16,0,2026-05-16,wk inc flu prop ed visits,quantile,0.4,0.0024192739982452243
48,2026-05-16,0,2026-05-16,wk inc flu prop ed visits,quantile,0.4,0.003717859204093637
49,2026-05-16,0,2026-05-16,wk inc flu prop ed visits,quantile,0.4,0.0012764601872803226
50,2026-05-16,0,2026-05-16,wk inc flu prop ed visits,quantile,0.4,0.002080389143556578
51,2026-05-16,0,2026-05-16,wk inc flu prop ed visits,quantile,0.4,0.0021052773509360207
53,2026-05-16,0,2026-05-16,wk inc flu prop ed visits,quantile,0.4,0.006605100658069313
54,2026-05-16,0,2026-05-16,wk inc flu prop ed visits,quantile,0.4,0.0014615764439648168
55,2026-05-16,0,2026-05-16,wk inc flu prop ed visits,quantile,0.4,0.0009521351546832377
56,2026-05-16,0,2026-05-16,wk inc flu prop ed visits,quantile,0.4,0.008257348821898302
US,2026-05-16,0,2026-05-16,wk inc flu prop ed visits,quantile,0.4,0.002765389327767343
01,2026-05-16,1,2026-05-23,wk inc flu prop ed visits,quantile,0.4,0.0021142929325350386
02,2026-05-16,1,2026-05-23,wk inc flu prop ed visits,quantile,0.4,0.000659091970142723
04,2026-05-16,1,2026-05-23,wk inc flu prop ed visits,quantile,0.4,0.006229911483908522
05,2026-05-16,1,2026-05-23,wk inc flu prop ed visits,quantile,0.4,0.0014278862629655653
06,2026-05-16,1,2026-05-23,wk inc flu prop ed visits,quantile,0.4,0.0033287014004526184
08,2026-05-16,1,2026-05-23,wk inc flu prop ed visits,quantile,0.4,0.002697861589254834
09,2026-05-16,1,2026-05-23,wk inc flu prop ed visits,quantile,0.4,0.0018286921505482711
10,2026-05-16,1,2026-05-23,wk inc flu prop ed visits,quantile,0.4,0.0012361119436103828
11,2026-05-16,1,2026-05-23,wk inc flu prop ed visits,quantile,0.4,0.0007720505294925688
12,2026-05-16,1,2026-05-23,wk inc flu prop ed visits,quantile,0.4,0.003934462363368659
13,2026-05-16,1,2026-05-23,wk inc flu prop ed visits,quantile,0.4,0.0015464374378928248
15,2026-05-16,1,2026-05-23,wk inc flu prop ed visits,quantile,0.4,0.017310277105839336
16,2026-05-16,1,2026-05-23,wk inc flu prop ed visits,quantile,0.4,0.0012615622877784494
17,2026-05-16,1,2026-05-23,wk inc flu prop ed visits,quantile,0.4,0.0008754874256382441
18,2026-05-16,1,2026-05-23,wk inc flu prop ed visits,quantile,0.4,0.00037152922599883044
19,2026-05-16,1,2026-05-23,wk inc flu prop ed visits,quantile,0.4,0.00041309449617220356
20,2026-05-16,1,2026-05-23,wk inc flu prop ed visits,quantile,0.4,0.0006787260904990894
21,2026-05-16,1,2026-05-23,wk inc flu prop ed visits,quantile,0.4,0.0011129030819063618
22,2026-05-16,1,2026-05-23,wk inc flu prop ed visits,quantile,0.4,0.0013763339974123983
23,2026-05-16,1,2026-05-23,wk inc flu prop ed visits,quantile,0.4,0.001998457784486455
24,2026-05-16,1,2026-05-23,wk inc flu prop ed visits,quantile,0.4,0.0012215626163232238
25,2026-05-16,1,2026-05-23,wk inc flu prop ed visits,quantile,0.4,0.001403891467259554
26,2026-05-16,1,2026-05-23,wk inc flu prop ed visits,quantile,0.4,0.0004227060872596669
27,2026-05-16,1,2026-05-23,wk inc flu prop ed visits,quantile,0.4,0.002037353859257234
28,2026-05-16,1,2026-05-23,wk inc flu prop ed visits,quantile,0.4,0.002041130604827268
30,2026-05-16,1,2026-05-23,wk inc flu prop ed visits,quantile,0.4,0.0013450623116218864
31,2026-05-16,1,2026-05-23,wk inc flu prop ed visits,quantile,0.4,0.0009369792391434646
32,2026-05-16,1,2026-05-23,wk inc flu prop ed visits,quantile,0.4,0.008213525788212744
33,2026-05-16,1,2026-05-23,wk inc flu prop ed visits,quantile,0.4,0.0018349585926701183
34,2026-05-16,1,2026-05-23,wk inc flu prop ed visits,quantile,0.4,0.001878086812059286
35,2026-05-16,1,2026-05-23,wk inc flu prop ed visits,quantile,0.4,0.003548043179555453
36,2026-05-16,1,2026-05-23,wk inc flu prop ed visits,quantile,0.4,0.0021309573573341472
37,2026-05-16,1,2026-05-23,wk inc flu prop ed visits,quantile,0.4,0.006270759043894663
38,2026-05-16,1,2026-05-23,wk inc flu prop ed visits,quantile,0.4,0.00102336683279553
39,2026-05-16,1,2026-05-23,wk inc flu prop ed visits,quantile,0.4,0.00024191126087922052
40,2026-05-16,1,2026-05-23,wk inc flu prop ed visits,quantile,0.4,0.001025962194736027
41,2026-05-16,1,2026-05-23,wk inc flu prop ed visits,quantile,0.4,0.002866312089002039
42,2026-05-16,1,2026-05-23,wk inc flu prop ed visits,quantile,0.4,0.0012190077643925727
44,2026-05-16,1,2026-05-23,wk inc flu prop ed visits,quantile,0.4,0.0010629056470122203
45,2026-05-16,1,2026-05-23,wk inc flu prop ed visits,quantile,0.4,0.0019651955928833274
46,2026-05-16,1,2026-05-23,wk inc flu prop ed visits,quantile,0.4,0.0003297842594913731
47,2026-05-16,1,2026-05-23,wk inc flu prop ed visits,quantile,0.4,0.002338445829621664
48,2026-05-16,1,2026-05-23,wk inc flu prop ed visits,quantile,0.4,0.003787589367453474
49,2026-05-16,1,2026-05-23,wk inc flu prop ed visits,quantile,0.4,0.00117387866501569
50,2026-05-16,1,2026-05-23,wk inc flu prop ed visits,quantile,0.4,0.0021900462115025335
51,2026-05-16,1,2026-05-23,wk inc flu prop ed visits,quantile,0.4,0.0019345144726710959
53,2026-05-16,1,2026-05-23,wk inc flu prop ed visits,quantile,0.4,0.0057413616847934315
54,2026-05-16,1,2026-05-23,wk inc flu prop ed visits,quantile,0.4,0.001131957745034191
55,2026-05-16,1,2026-05-23,wk inc flu prop ed visits,quantile,0.4,0.0007802192711221021
56,2026-05-16,1,2026-05-23,wk inc flu prop ed visits,quantile,0.4,0.007516884315307418
US,2026-05-16,1,2026-05-23,wk inc flu prop ed visits,quantile,0.4,0.002614087037913713
01,2026-05-16,2,2026-05-30,wk inc flu prop ed visits,quantile,0.4,0.0022011405437178974
02,2026-05-16,2,2026-05-30,wk inc flu prop ed visits,quantile,0.4,0.0005683327379918288
04,2026-05-16,2,2026-05-30,wk inc flu prop ed visits,quantile,0.4,0.006072631771481315
05,2026-05-16,2,2026-05-30,wk inc flu prop ed visits,quantile,0.4,0.0014330504735620626
06,2026-05-16,2,2026-05-30,wk inc flu prop ed visits,quantile,0.4,0.003217434720048169
08,2026-05-16,2,2026-05-30,wk inc flu prop ed visits,quantile,0.4,0.00251624347605056
09,2026-05-16,2,2026-05-30,wk inc flu prop ed visits,quantile,0.4,0.001536055780131115
10,2026-05-16,2,2026-05-30,wk inc flu prop ed visits,quantile,0.4,0.001140028593312715
11,2026-05-16,2,2026-05-30,wk inc flu prop ed visits,quantile,0.4,0.0007005056257224257
12,2026-05-16,2,2026-05-30,wk inc flu prop ed visits,quantile,0.4,0.0041156943444826235
13,2026-05-16,2,2026-05-30,wk inc flu prop ed visits,quantile,0.4,0.001521893281844276
15,2026-05-16,2,2026-05-30,wk inc flu prop ed visits,quantile,0.4,0.01599206901011058
16,2026-05-16,2,2026-05-30,wk inc flu prop ed visits,quantile,0.4,0.001223233912855379
17,2026-05-16,2,2026-05-30,wk inc flu prop ed visits,quantile,0.4,0.0008442059044654219
18,2026-05-16,2,2026-05-30,wk inc flu prop ed visits,quantile,0.4,0.00034644144549198836
19,2026-05-16,2,2026-05-30,wk inc flu prop ed visits,quantile,0.4,0.0003741882407085211
20,2026-05-16,2,2026-05-30,wk inc flu prop ed visits,quantile,0.4,0.0007061986865177055
21,2026-05-16,2,2026-05-30,wk inc flu prop ed visits,quantile,0.4,0.0010911086800695809
22,2026-05-16,2,2026-05-30,wk inc flu prop ed visits,quantile,0.4,0.0014696660696969957
23,2026-05-16,2,2026-05-30,wk inc flu prop ed visits,quantile,0.4,0.0016652005884395913
24,2026-05-16,2,2026-05-30,wk inc flu prop ed visits,quantile,0.4,0.0011556098347157437
25,2026-05-16,2,2026-05-30,wk inc flu prop ed visits,quantile,0.4,0.0011178992056124326
26,2026-05-16,2,2026-05-30,wk inc flu prop ed visits,quantile,0.4,0.00039831861745140353
27,2026-05-16,2,2026-05-30,wk inc flu prop ed visits,quantile,0.4,0.0018778614343364045
28,2026-05-16,2,2026-05-30,wk inc flu prop ed visits,quantile,0.4,0.0019233243727735162
30,2026-05-16,2,2026-05-30,wk inc flu prop ed visits,quantile,0.4,0.0012578416173702508
31,2026-05-16,2,2026-05-30,wk inc flu prop ed visits,quantile,0.4,0.0008596183648211357
32,2026-05-16,2,2026-05-30,wk inc flu prop ed visits,quantile,0.4,0.00808516232580055
33,2026-05-16,2,2026-05-30,wk inc flu prop ed visits,quantile,0.4,0.001566679873703354
34,2026-05-16,2,2026-05-30,wk inc flu prop ed visits,quantile,0.4,0.0017599422983392652
35,2026-05-16,2,2026-05-30,wk inc flu prop ed visits,quantile,0.4,0.003268598612878435
36,2026-05-16,2,2026-05-30,wk inc flu prop ed visits,quantile,0.4,0.0019841932504788
37,2026-05-16,2,2026-05-30,wk inc flu prop ed visits,quantile,0.4,0.006435310019487056
38,2026-05-16,2,2026-05-30,wk inc flu prop ed visits,quantile,0.4,0.0007446294806631865
39,2026-05-16,2,2026-05-30,wk inc flu prop ed visits,quantile,0.4,0.00021744494882655632
40,2026-05-16,2,2026-05-30,wk inc flu prop ed visits,quantile,0.4,0.0009845935303673572
41,2026-05-16,2,2026-05-30,wk inc flu prop ed visits,quantile,0.4,0.002836981542882797
42,2026-05-16,2,2026-05-30,wk inc flu prop ed visits,quantile,0.4,0.001141230449846184
44,2026-05-16,2,2026-05-30,wk inc flu prop ed visits,quantile,0.4,0.000869745561319763
45,2026-05-16,2,2026-05-30,wk inc flu prop ed visits,quantile,0.4,0.002030748083295931
46,2026-05-16,2,2026-05-30,wk inc flu prop ed visits,quantile,0.4,0.00023500400935562896
47,2026-05-16,2,2026-05-30,wk inc flu prop ed visits,quantile,0.4,0.0022614563562212146
48,2026-05-16,2,2026-05-30,wk inc flu prop ed visits,quantile,0.4,0.003968141670619529
49,2026-05-16,2,2026-05-30,wk inc flu prop ed visits,quantile,0.4,0.0011643583259303124
50,2026-05-16,2,2026-05-30,wk inc flu prop ed visits,quantile,0.4,0.002014157214681693
51,2026-05-16,2,2026-05-30,wk inc flu prop ed visits,quantile,0.4,0.001973928077498138
53,2026-05-16,2,2026-05-30,wk inc flu prop ed visits,quantile,0.4,0.005157302119252962
54,2026-05-16,2,2026-05-30,wk inc flu prop ed visits,quantile,0.4,0.000977612286274402
55,2026-05-16,2,2026-05-30,wk inc flu prop ed visits,quantile,0.4,0.0007184446703498105
56,2026-05-16,2,2026-05-30,wk inc flu prop ed visits,quantile,0.4,0.007288393668504445
US,2026-05-16,2,2026-05-30,wk inc flu prop ed visits,quantile,0.4,0.002634708265506489
01,2026-05-16,3,2026-06-06,wk inc flu prop ed visits,quantile,0.4,0.002342159305311222
02,2026-05-16,3,2026-06-06,wk inc flu prop ed visits,quantile,0.4,0.0004941509163799185
04,2026-05-16,3,2026-06-06,wk inc flu prop ed visits,quantile,0.4,0.006110086891849515
05,2026-05-16,3,2026-06-06,wk inc flu prop ed visits,quantile,0.4,0.001421381875912834
06,2026-05-16,3,2026-06-06,wk inc flu prop ed visits,quantile,0.4,0.0032071994060878252
08,2026-05-16,3,2026-06-06,wk inc flu prop ed visits,quantile,0.4,0.0023651539656793868
09,2026-05-16,3,2026-06-06,wk inc flu prop ed visits,quantile,0.4,0.0015356213136589942
10,2026-05-16,3,2026-06-06,wk inc flu prop ed visits,quantile,0.4,0.0011597674352911132
11,2026-05-16,3,2026-06-06,wk inc flu prop ed visits,quantile,0.4,0.0007110211830447015
12,2026-05-16,3,2026-06-06,wk inc flu prop ed visits,quantile,0.4,0.004422759069971119
13,2026-05-16,3,2026-06-06,wk inc flu prop ed visits,quantile,0.4,0.0016067536625906011
15,2026-05-16,3,2026-06-06,wk inc flu prop ed visits,quantile,0.4,0.01475994234177695
16,2026-05-16,3,2026-06-06,wk inc flu prop ed visits,quantile,0.4,0.0011287475019002738
17,2026-05-16,3,2026-06-06,wk inc flu prop ed visits,quantile,0.4,0.0008733501480288752
18,2026-05-16,3,2026-06-06,wk inc flu prop ed visits,quantile,0.4,0.0003827696223257225
19,2026-05-16,3,2026-06-06,wk inc flu prop ed visits,quantile,0.4,0.00039766234552762617
20,2026-05-16,3,2026-06-06,wk inc flu prop ed visits,quantile,0.4,0.0007723896987079301
21,2026-05-16,3,2026-06-06,wk inc flu prop ed visits,quantile,0.4,0.0012435100239749637
22,2026-05-16,3,2026-06-06,wk inc flu prop ed visits,quantile,0.4,0.0017201783806525014
23,2026-05-16,3,2026-06-06,wk inc flu prop ed visits,quantile,0.4,0.0014720592747324108
24,2026-05-16,3,2026-06-06,wk inc flu prop ed visits,quantile,0.4,0.0011805727111936259
25,2026-05-16,3,2026-06-06,wk inc flu prop ed visits,quantile,0.4,0.0010125178504870349
26,2026-05-16,3,2026-06-06,wk inc flu prop ed visits,quantile,0.4,0.0004472571091819948
27,2026-05-16,3,2026-06-06,wk inc flu prop ed visits,quantile,0.4,0.0017411981910917277
28,2026-05-16,3,2026-06-06,wk inc flu prop ed visits,quantile,0.4,0.001967119604312145
30,2026-05-16,3,2026-06-06,wk inc flu prop ed visits,quantile,0.4,0.0012537572001065117
31,2026-05-16,3,2026-06-06,wk inc flu prop ed visits,quantile,0.4,0.0008350148722355904
32,2026-05-16,3,2026-06-06,wk inc flu prop ed visits,quantile,0.4,0.007847451791463723
33,2026-05-16,3,2026-06-06,wk inc flu prop ed visits,quantile,0.4,0.0014948138433634483
34,2026-05-16,3,2026-06-06,wk inc flu prop ed visits,quantile,0.4,0.001869133920504214
35,2026-05-16,3,2026-06-06,wk inc flu prop ed visits,quantile,0.4,0.003082903090441508
36,2026-05-16,3,2026-06-06,wk inc flu prop ed visits,quantile,0.4,0.0020156166919905677
37,2026-05-16,3,2026-06-06,wk inc flu prop ed visits,quantile,0.4,0.007038720817314669
38,2026-05-16,3,2026-06-06,wk inc flu prop ed visits,quantile,0.4,0.0005693061317985001
39,2026-05-16,3,2026-06-06,wk inc flu prop ed visits,quantile,0.4,0.00024275307362483088
40,2026-05-16,3,2026-06-06,wk inc flu prop ed visits,quantile,0.4,0.0010624279859774762
41,2026-05-16,3,2026-06-06,wk inc flu prop ed visits,quantile,0.4,0.002738421698102722
42,2026-05-16,3,2026-06-06,wk inc flu prop ed visits,quantile,0.4,0.001194463894692837
44,2026-05-16,3,2026-06-06,wk inc flu prop ed visits,quantile,0.4,0.0007406575478806626
45,2026-05-16,3,2026-06-06,wk inc flu prop ed visits,quantile,0.4,0.002260247827936454
46,2026-05-16,3,2026-06-06,wk inc flu prop ed visits,quantile,0.4,0.00018865688712432522
47,2026-05-16,3,2026-06-06,wk inc flu prop ed visits,quantile,0.4,0.0023602758282455167
48,2026-05-16,3,2026-06-06,wk inc flu prop ed visits,quantile,0.4,0.004347072891921345
49,2026-05-16,3,2026-06-06,wk inc flu prop ed visits,quantile,0.4,0.0012279697007442178
50,2026-05-16,3,2026-06-06,wk inc flu prop ed visits,quantile,0.4,0.0021890992102901337
51,2026-05-16,3,2026-06-06,wk inc flu prop ed visits,quantile,0.4,0.002001978974064668
53,2026-05-16,3,2026-06-06,wk inc flu prop ed visits,quantile,0.4,0.004843281353837513
54,2026-05-16,3,2026-06-06,wk inc flu prop ed visits,quantile,0.4,0.0009190186222580283
55,2026-05-16,3,2026-06-06,wk inc flu prop ed visits,quantile,0.4,0.0006951356086557155
56,2026-05-16,3,2026-06-06,wk inc flu prop ed visits,quantile,0.4,0.0067100407803231945
US,2026-05-16,3,2026-06-06,wk inc flu prop ed visits,quantile,0.4,0.002771844580080205
01,2026-05-16,0,2026-05-16,wk inc flu prop ed visits,quantile,0.45,0.0023972193187315476
02,2026-05-16,0,2026-05-16,wk inc flu prop ed visits,quantile,0.45,0.0010622645724629796
04,2026-05-16,0,2026-05-16,wk inc flu prop ed visits,quantile,0.45,0.00685715221471005
05,2026-05-16,0,2026-05-16,wk inc flu prop ed visits,quantile,0.45,0.0016475718741794142
06,2026-05-16,0,2026-05-16,wk inc flu prop ed visits,quantile,0.45,0.003702743096778643
08,2026-05-16,0,2026-05-16,wk inc flu prop ed visits,quantile,0.45,0.0033182064031169324
09,2026-05-16,0,2026-05-16,wk inc flu prop ed visits,quantile,0.45,0.0024108851784392592
10,2026-05-16,0,2026-05-16,wk inc flu prop ed visits,quantile,0.45,0.0015051850524883403
11,2026-05-16,0,2026-05-16,wk inc flu prop ed visits,quantile,0.45,0.001238230713925026
12,2026-05-16,0,2026-05-16,wk inc flu prop ed visits,quantile,0.45,0.004009163107570825
13,2026-05-16,0,2026-05-16,wk inc flu prop ed visits,quantile,0.45,0.0017398620167335828
15,2026-05-16,0,2026-05-16,wk inc flu prop ed visits,quantile,0.45,0.019124529155998493
16,2026-05-16,0,2026-05-16,wk inc flu prop ed visits,quantile,0.45,0.0017377943187053386
17,2026-05-16,0,2026-05-16,wk inc flu prop ed visits,quantile,0.45,0.0010466715980590336
18,2026-05-16,0,2026-05-16,wk inc flu prop ed visits,quantile,0.45,0.0005466017215326385
19,2026-05-16,0,2026-05-16,wk inc flu prop ed visits,quantile,0.45,0.0005991301806402539
20,2026-05-16,0,2026-05-16,wk inc flu prop ed visits,quantile,0.45,0.0007469269462798919
21,2026-05-16,0,2026-05-16,wk inc flu prop ed visits,quantile,0.45,0.0014095018823136753
22,2026-05-16,0,2026-05-16,wk inc flu prop ed visits,quantile,0.45,0.0014896193052612624
23,2026-05-16,0,2026-05-16,wk inc flu prop ed visits,quantile,0.45,0.0026919504189011597
24,2026-05-16,0,2026-05-16,wk inc flu prop ed visits,quantile,0.45,0.0015439559447723088
25,2026-05-16,0,2026-05-16,wk inc flu prop ed visits,quantile,0.45,0.0019376774653561627
26,2026-05-16,0,2026-05-16,wk inc flu prop ed visits,quantile,0.45,0.0004968964176665797
27,2026-05-16,0,2026-05-16,wk inc flu prop ed visits,quantile,0.45,0.002581305877826006
28,2026-05-16,0,2026-05-16,wk inc flu prop ed visits,quantile,0.45,0.002322550546875454
30,2026-05-16,0,2026-05-16,wk inc flu prop ed visits,quantile,0.45,0.0017276065039956731
31,2026-05-16,0,2026-05-16,wk inc flu prop ed visits,quantile,0.45,0.0011012677313257274
32,2026-05-16,0,2026-05-16,wk inc flu prop ed visits,quantile,0.45,0.008631932511944156
33,2026-05-16,0,2026-05-16,wk inc flu prop ed visits,quantile,0.45,0.0023850231034372397
34,2026-05-16,0,2026-05-16,wk inc flu prop ed visits,quantile,0.45,0.002335910156898318
35,2026-05-16,0,2026-05-16,wk inc flu prop ed visits,quantile,0.45,0.004103699705850356
36,2026-05-16,0,2026-05-16,wk inc flu prop ed visits,quantile,0.45,0.0023974239293413444
37,2026-05-16,0,2026-05-16,wk inc flu prop ed visits,quantile,0.45,0.006662214950169496
38,2026-05-16,0,2026-05-16,wk inc flu prop ed visits,quantile,0.45,0.001790358872681747
39,2026-05-16,0,2026-05-16,wk inc flu prop ed visits,quantile,0.45,0.0003787157632200435
40,2026-05-16,0,2026-05-16,wk inc flu prop ed visits,quantile,0.45,0.0012418428331312076
41,2026-05-16,0,2026-05-16,wk inc flu prop ed visits,quantile,0.45,0.0032799357238758016
42,2026-05-16,0,2026-05-16,wk inc flu prop ed visits,quantile,0.45,0.001445141388034737
44,2026-05-16,0,2026-05-16,wk inc flu prop ed visits,quantile,0.45,0.0015272472978344722
45,2026-05-16,0,2026-05-16,wk inc flu prop ed visits,quantile,0.45,0.0021824995168571756
46,2026-05-16,0,2026-05-16,wk inc flu prop ed visits,quantile,0.45,0.000743303518954518
47,2026-05-16,0,2026-05-16,wk inc flu prop ed visits,quantile,0.45,0.002536224993543782
48,2026-05-16,0,2026-05-16,wk inc flu prop ed visits,quantile,0.45,0.0038642265939694996
49,2026-05-16,0,2026-05-16,wk inc flu prop ed visits,quantile,0.45,0.001349914231038657
50,2026-05-16,0,2026-05-16,wk inc flu prop ed visits,quantile,0.45,0.0023084620065272816
51,2026-05-16,0,2026-05-16,wk inc flu prop ed visits,quantile,0.45,0.0022031841780387005
53,2026-05-16,0,2026-05-16,wk inc flu prop ed visits,quantile,0.45,0.006785021609372611
54,2026-05-16,0,2026-05-16,wk inc flu prop ed visits,quantile,0.45,0.0015730953144003398
55,2026-05-16,0,2026-05-16,wk inc flu prop ed visits,quantile,0.45,0.0010099763847943608
56,2026-05-16,0,2026-05-16,wk inc flu prop ed visits,quantile,0.45,0.008938636033283485
US,2026-05-16,0,2026-05-16,wk inc flu prop ed visits,quantile,0.45,0.0028585104082195674
01,2026-05-16,1,2026-05-23,wk inc flu prop ed visits,quantile,0.45,0.0023143780034615776
02,2026-05-16,1,2026-05-23,wk inc flu prop ed visits,quantile,0.45,0.0007888292994337022
04,2026-05-16,1,2026-05-23,wk inc flu prop ed visits,quantile,0.45,0.006580920713395507
05,2026-05-16,1,2026-05-23,wk inc flu prop ed visits,quantile,0.45,0.0016192042897637926
06,2026-05-16,1,2026-05-23,wk inc flu prop ed visits,quantile,0.45,0.0035049986935342726
08,2026-05-16,1,2026-05-23,wk inc flu prop ed visits,quantile,0.45,0.0028768018336387
09,2026-05-16,1,2026-05-23,wk inc flu prop ed visits,quantile,0.45,0.0019953686281984026
10,2026-05-16,1,2026-05-23,wk inc flu prop ed visits,quantile,0.45,0.0014128942327291038
11,2026-05-16,1,2026-05-23,wk inc flu prop ed visits,quantile,0.45,0.000906912868700416
12,2026-05-16,1,2026-05-23,wk inc flu prop ed visits,quantile,0.45,0.004115851918693381
13,2026-05-16,1,2026-05-23,wk inc flu prop ed visits,quantile,0.45,0.0017021930089827508
15,2026-05-16,1,2026-05-23,wk inc flu prop ed visits,quantile,0.45,0.01814091035728462
16,2026-05-16,1,2026-05-23,wk inc flu prop ed visits,quantile,0.45,0.0014272712746479755
17,2026-05-16,1,2026-05-23,wk inc flu prop ed visits,quantile,0.45,0.0009511412018801516
18,2026-05-16,1,2026-05-23,wk inc flu prop ed visits,quantile,0.45,0.00043516261904988455
19,2026-05-16,1,2026-05-23,wk inc flu prop ed visits,quantile,0.45,0.0004722674593957377
20,2026-05-16,1,2026-05-23,wk inc flu prop ed visits,quantile,0.45,0.0007874900767901668
21,2026-05-16,1,2026-05-23,wk inc flu prop ed visits,quantile,0.45,0.0012642771962717658
22,2026-05-16,1,2026-05-23,wk inc flu prop ed visits,quantile,0.45,0.0014893465870128226
23,2026-05-16,1,2026-05-23,wk inc flu prop ed visits,quantile,0.45,0.002205585406457586
24,2026-05-16,1,2026-05-23,wk inc flu prop ed visits,quantile,0.45,0.0013431353590571083
25,2026-05-16,1,2026-05-23,wk inc flu prop ed visits,quantile,0.45,0.001526709201120731
26,2026-05-16,1,2026-05-23,wk inc flu prop ed visits,quantile,0.45,0.0004772164471615192
27,2026-05-16,1,2026-05-23,wk inc flu prop ed visits,quantile,0.45,0.0022180879687546955
28,2026-05-16,1,2026-05-23,wk inc flu prop ed visits,quantile,0.45,0.002220074896397601
30,2026-05-16,1,2026-05-23,wk inc flu prop ed visits,quantile,0.45,0.0015400700211499316
31,2026-05-16,1,2026-05-23,wk inc flu prop ed visits,quantile,0.45,0.0011118114553468287
32,2026-05-16,1,2026-05-23,wk inc flu prop ed visits,quantile,0.45,0.008619328576093092
33,2026-05-16,1,2026-05-23,wk inc flu prop ed visits,quantile,0.45,0.002048250177792221
34,2026-05-16,1,2026-05-23,wk inc flu prop ed visits,quantile,0.45,0.002016066597953794
35,2026-05-16,1,2026-05-23,wk inc flu prop ed visits,quantile,0.45,0.0038025779629528
36,2026-05-16,1,2026-05-23,wk inc flu prop ed visits,quantile,0.45,0.0022453412194535565
37,2026-05-16,1,2026-05-23,wk inc flu prop ed visits,quantile,0.45,0.006650844499241129
38,2026-05-16,1,2026-05-23,wk inc flu prop ed visits,quantile,0.45,0.0012125652251849981
39,2026-05-16,1,2026-05-23,wk inc flu prop ed visits,quantile,0.45,0.0002840577763974983
40,2026-05-16,1,2026-05-23,wk inc flu prop ed visits,quantile,0.45,0.001152057212146882
41,2026-05-16,1,2026-05-23,wk inc flu prop ed visits,quantile,0.45,0.0030990344781814875
42,2026-05-16,1,2026-05-23,wk inc flu prop ed visits,quantile,0.45,0.0013457982408298166
44,2026-05-16,1,2026-05-23,wk inc flu prop ed visits,quantile,0.45,0.0012163621171390577
45,2026-05-16,1,2026-05-23,wk inc flu prop ed visits,quantile,0.45,0.0021483101946788534
46,2026-05-16,1,2026-05-23,wk inc flu prop ed visits,quantile,0.45,0.00042255865811747487
47,2026-05-16,1,2026-05-23,wk inc flu prop ed visits,quantile,0.45,0.0025340511487568014
48,2026-05-16,1,2026-05-23,wk inc flu prop ed visits,quantile,0.45,0.004006602529793197
49,2026-05-16,1,2026-05-23,wk inc flu prop ed visits,quantile,0.45,0.001286624837004683
50,2026-05-16,1,2026-05-23,wk inc flu prop ed visits,quantile,0.45,0.0026431942715684246
51,2026-05-16,1,2026-05-23,wk inc flu prop ed visits,quantile,0.45,0.002091491674775135
53,2026-05-16,1,2026-05-23,wk inc flu prop ed visits,quantile,0.45,0.006108525573565995
54,2026-05-16,1,2026-05-23,wk inc flu prop ed visits,quantile,0.45,0.0012682271880110531
55,2026-05-16,1,2026-05-23,wk inc flu prop ed visits,quantile,0.45,0.0008566908895634748
56,2026-05-16,1,2026-05-23,wk inc flu prop ed visits,quantile,0.45,0.008564851543495311
US,2026-05-16,1,2026-05-23,wk inc flu prop ed visits,quantile,0.45,0.0027714416525368825
01,2026-05-16,2,2026-05-30,wk inc flu prop ed visits,quantile,0.45,0.002468819659190193
02,2026-05-16,2,2026-05-30,wk inc flu prop ed visits,quantile,0.45,0.000707391589088018
04,2026-05-16,2,2026-05-30,wk inc flu prop ed visits,quantile,0.45,0.006528277376118686
05,2026-05-16,2,2026-05-30,wk inc flu prop ed visits,quantile,0.45,0.0016770561517994798
06,2026-05-16,2,2026-05-30,wk inc flu prop ed visits,quantile,0.45,0.00344157263346846
08,2026-05-16,2,2026-05-30,wk inc flu prop ed visits,quantile,0.45,0.0027755689446922888
09,2026-05-16,2,2026-05-30,wk inc flu prop ed visits,quantile,0.45,0.001751948080588761
10,2026-05-16,2,2026-05-30,wk inc flu prop ed visits,quantile,0.45,0.0013502518122025583
11,2026-05-16,2,2026-05-30,wk inc flu prop ed visits,quantile,0.45,0.000878382949970377
12,2026-05-16,2,2026-05-30,wk inc flu prop ed visits,quantile,0.45,0.004345091569780705
13,2026-05-16,2,2026-05-30,wk inc flu prop ed visits,quantile,0.45,0.0017330252264308086
15,2026-05-16,2,2026-05-30,wk inc flu prop ed visits,quantile,0.45,0.01714144175172047
16,2026-05-16,2,2026-05-30,wk inc flu prop ed visits,quantile,0.45,0.001405056734520466
17,2026-05-16,2,2026-05-30,wk inc flu prop ed visits,quantile,0.45,0.0009368348873558138
18,2026-05-16,2,2026-05-30,wk inc flu prop ed visits,quantile,0.45,0.00041891043649282695
19,2026-05-16,2,2026-05-30,wk inc flu prop ed visits,quantile,0.45,0.0004623258413426057
20,2026-05-16,2,2026-05-30,wk inc flu prop ed visits,quantile,0.45,0.0008299622862346752
21,2026-05-16,2,2026-05-30,wk inc flu prop ed visits,quantile,0.45,0.0012552767920579488
22,2026-05-16,2,2026-05-30,wk inc flu prop ed visits,quantile,0.45,0.0016565626182647034
23,2026-05-16,2,2026-05-30,wk inc flu prop ed visits,quantile,0.45,0.0019380923845069627
24,2026-05-16,2,2026-05-30,wk inc flu prop ed visits,quantile,0.45,0.0013039711898923268
25,2026-05-16,2,2026-05-30,wk inc flu prop ed visits,quantile,0.45,0.0012741137948212129
26,2026-05-16,2,2026-05-30,wk inc flu prop ed visits,quantile,0.45,0.00047974847949720204
27,2026-05-16,2,2026-05-30,wk inc flu prop ed visits,quantile,0.45,0.0021082243859741993
28,2026-05-16,2,2026-05-30,wk inc flu prop ed visits,quantile,0.45,0.0021948942584969736
30,2026-05-16,2,2026-05-30,wk inc flu prop ed visits,quantile,0.45,0.00156484860595432
31,2026-05-16,2,2026-05-30,wk inc flu prop ed visits,quantile,0.45,0.001001495447307147
32,2026-05-16,2,2026-05-30,wk inc flu prop ed visits,quantile,0.45,0.008609603156263974
33,2026-05-16,2,2026-05-30,wk inc flu prop ed visits,quantile,0.45,0.0019470615492013944
34,2026-05-16,2,2026-05-30,wk inc flu prop ed visits,quantile,0.45,0.0019584246976588
35,2026-05-16,2,2026-05-30,wk inc flu prop ed visits,quantile,0.45,0.003653099047521514
36,2026-05-16,2,2026-05-30,wk inc flu prop ed visits,quantile,0.45,0.0021894994559874094
37,2026-05-16,2,2026-05-30,wk inc flu prop ed visits,quantile,0.45,0.007007160254444719
38,2026-05-16,2,2026-05-30,wk inc flu prop ed visits,quantile,0.45,0.0009536032444384395
39,2026-05-16,2,2026-05-30,wk inc flu prop ed visits,quantile,0.45,0.00028354426059818105
40,2026-05-16,2,2026-05-30,wk inc flu prop ed visits,quantile,0.45,0.001179749111531829
41,2026-05-16,2,2026-05-30,wk inc flu prop ed visits,quantile,0.45,0.003119199793130129
42,2026-05-16,2,2026-05-30,wk inc flu prop ed visits,quantile,0.45,0.0012851082267489474
44,2026-05-16,2,2026-05-30,wk inc flu prop ed visits,quantile,0.45,0.0010368209999888599
45,2026-05-16,2,2026-05-30,wk inc flu prop ed visits,quantile,0.45,0.0022879653493872707
46,2026-05-16,2,2026-05-30,wk inc flu prop ed visits,quantile,0.45,0.00033519808193407447
47,2026-05-16,2,2026-05-30,wk inc flu prop ed visits,quantile,0.45,0.0025855762495796634
48,2026-05-16,2,2026-05-30,wk inc flu prop ed visits,quantile,0.45,0.004238917493869546
49,2026-05-16,2,2026-05-30,wk inc flu prop ed visits,quantile,0.45,0.0013510593999279635
50,2026-05-16,2,2026-05-30,wk inc flu prop ed visits,quantile,0.45,0.002580535691113517
51,2026-05-16,2,2026-05-30,wk inc flu prop ed visits,quantile,0.45,0.002199501509813713
53,2026-05-16,2,2026-05-30,wk inc flu prop ed visits,quantile,0.45,0.005561429804964828
54,2026-05-16,2,2026-05-30,wk inc flu prop ed visits,quantile,0.45,0.0011434856842228323
55,2026-05-16,2,2026-05-30,wk inc flu prop ed visits,quantile,0.45,0.0008144956625389565
56,2026-05-16,2,2026-05-30,wk inc flu prop ed visits,quantile,0.45,0.008339080394848661
US,2026-05-16,2,2026-05-30,wk inc flu prop ed visits,quantile,0.45,0.002831626720019805
01,2026-05-16,3,2026-06-06,wk inc flu prop ed visits,quantile,0.45,0.002730677036936054
02,2026-05-16,3,2026-06-06,wk inc flu prop ed visits,quantile,0.45,0.0006345809252597575
04,2026-05-16,3,2026-06-06,wk inc flu prop ed visits,quantile,0.45,0.0066226389575692705
05,2026-05-16,3,2026-06-06,wk inc flu prop ed visits,quantile,0.45,0.0017491818480294696
06,2026-05-16,3,2026-06-06,wk inc flu prop ed visits,quantile,0.45,0.003549525448448185
08,2026-05-16,3,2026-06-06,wk inc flu prop ed visits,quantile,0.45,0.002625282963242179
09,2026-05-16,3,2026-06-06,wk inc flu prop ed visits,quantile,0.45,0.0017841632382805531
10,2026-05-16,3,2026-06-06,wk inc flu prop ed visits,quantile,0.45,0.0014216183746126845
11,2026-05-16,3,2026-06-06,wk inc flu prop ed visits,quantile,0.45,0.0009289299030464015
12,2026-05-16,3,2026-06-06,wk inc flu prop ed visits,quantile,0.45,0.004804725069092621
13,2026-05-16,3,2026-06-06,wk inc flu prop ed visits,quantile,0.45,0.0018806891822631875
15,2026-05-16,3,2026-06-06,wk inc flu prop ed visits,quantile,0.45,0.016172231484724863
16,2026-05-16,3,2026-06-06,wk inc flu prop ed visits,quantile,0.45,0.0014102624517123366
17,2026-05-16,3,2026-06-06,wk inc flu prop ed visits,quantile,0.45,0.000995173550433275
18,2026-05-16,3,2026-06-06,wk inc flu prop ed visits,quantile,0.45,0.000490145513772878
19,2026-05-16,3,2026-06-06,wk inc flu prop ed visits,quantile,0.45,0.000496459011456943
20,2026-05-16,3,2026-06-06,wk inc flu prop ed visits,quantile,0.45,0.0009568324920566063
21,2026-05-16,3,2026-06-06,wk inc flu prop ed visits,quantile,0.45,0.0014581643074938172
22,2026-05-16,3,2026-06-06,wk inc flu prop ed visits,quantile,0.45,0.001935921738761894
23,2026-05-16,3,2026-06-06,wk inc flu prop ed visits,quantile,0.45,0.0018064880661768296
24,2026-05-16,3,2026-06-06,wk inc flu prop ed visits,quantile,0.45,0.0013800808387616206
25,2026-05-16,3,2026-06-06,wk inc flu prop ed visits,quantile,0.45,0.0012276243352194306
26,2026-05-16,3,2026-06-06,wk inc flu prop ed visits,quantile,0.45,0.0005651339080554872
27,2026-05-16,3,2026-06-06,wk inc flu prop ed visits,quantile,0.45,0.0020365944543484452
28,2026-05-16,3,2026-06-06,wk inc flu prop ed visits,quantile,0.45,0.00232060146383443
30,2026-05-16,3,2026-06-06,wk inc flu prop ed visits,quantile,0.45,0.00162318840028142
31,2026-05-16,3,2026-06-06,wk inc flu prop ed visits,quantile,0.45,0.0010494143571606951
32,2026-05-16,3,2026-06-06,wk inc flu prop ed visits,quantile,0.45,0.008602427931022033
33,2026-05-16,3,2026-06-06,wk inc flu prop ed visits,quantile,0.45,0.001847545440008277
34,2026-05-16,3,2026-06-06,wk inc flu prop ed visits,quantile,0.45,0.0020972137897280153
35,2026-05-16,3,2026-06-06,wk inc flu prop ed visits,quantile,0.45,0.0036663373044491764
36,2026-05-16,3,2026-06-06,wk inc flu prop ed visits,quantile,0.45,0.0022476845944578135
37,2026-05-16,3,2026-06-06,wk inc flu prop ed visits,quantile,0.45,0.0077024449198563475
38,2026-05-16,3,2026-06-06,wk inc flu prop ed visits,quantile,0.45,0.0008498018096482361
39,2026-05-16,3,2026-06-06,wk inc flu prop ed visits,quantile,0.45,0.0003210442594962633
40,2026-05-16,3,2026-06-06,wk inc flu prop ed visits,quantile,0.45,0.001245306430769804
41,2026-05-16,3,2026-06-06,wk inc flu prop ed visits,quantile,0.45,0.003171768198773783
42,2026-05-16,3,2026-06-06,wk inc flu prop ed visits,quantile,0.45,0.0013760065425243685
44,2026-05-16,3,2026-06-06,wk inc flu prop ed visits,quantile,0.45,0.0009530240546452692
45,2026-05-16,3,2026-06-06,wk inc flu prop ed visits,quantile,0.45,0.002554357991153833
46,2026-05-16,3,2026-06-06,wk inc flu prop ed visits,quantile,0.45,0.00030476221043445153
47,2026-05-16,3,2026-06-06,wk inc flu prop ed visits,quantile,0.45,0.002734164311575354
48,2026-05-16,3,2026-06-06,wk inc flu prop ed visits,quantile,0.45,0.0047564448860240634
49,2026-05-16,3,2026-06-06,wk inc flu prop ed visits,quantile,0.45,0.0014218499452867488
50,2026-05-16,3,2026-06-06,wk inc flu prop ed visits,quantile,0.45,0.0029073914473432784
51,2026-05-16,3,2026-06-06,wk inc flu prop ed visits,quantile,0.45,0.0023173785049709038
53,2026-05-16,3,2026-06-06,wk inc flu prop ed visits,quantile,0.45,0.005285993048373519
54,2026-05-16,3,2026-06-06,wk inc flu prop ed visits,quantile,0.45,0.0011443295661089585
55,2026-05-16,3,2026-06-06,wk inc flu prop ed visits,quantile,0.45,0.0008007685180143237
56,2026-05-16,3,2026-06-06,wk inc flu prop ed visits,quantile,0.45,0.008353655381630845
US,2026-05-16,3,2026-06-06,wk inc flu prop ed visits,quantile,0.45,0.003055121516800102
01,2026-05-16,0,2026-05-16,wk inc flu prop ed visits,quantile,0.5,0.0025372594507049847
02,2026-05-16,0,2026-05-16,wk inc flu prop ed visits,quantile,0.5,0.0011434863471745218
04,2026-05-16,0,2026-05-16,wk inc flu prop ed visits,quantile,0.5,0.007069904346951962
05,2026-05-16,0,2026-05-16,wk inc flu prop ed visits,quantile,0.5,0.0017575628712342298
06,2026-05-16,0,2026-05-16,wk inc flu prop ed visits,quantile,0.5,0.003811050313131884
08,2026-05-16,0,2026-05-16,wk inc flu prop ed visits,quantile,0.5,0.0034137435858457793
09,2026-05-16,0,2026-05-16,wk inc flu prop ed visits,quantile,0.5,0.0025170106159943407
10,2026-05-16,0,2026-05-16,wk inc flu prop ed visits,quantile,0.5,0.0016060191506590854
11,2026-05-16,0,2026-05-16,wk inc flu prop ed visits,quantile,0.5,0.0013357996117875203
12,2026-05-16,0,2026-05-16,wk inc flu prop ed visits,quantile,0.5,0.004097922925886184
13,2026-05-16,0,2026-05-16,wk inc flu prop ed visits,quantile,0.5,0.0018445897942978011
15,2026-05-16,0,2026-05-16,wk inc flu prop ed visits,quantile,0.5,0.019757775933921026
16,2026-05-16,0,2026-05-16,wk inc flu prop ed visits,quantile,0.5,0.0018595717418033247
17,2026-05-16,0,2026-05-16,wk inc flu prop ed visits,quantile,0.5,0.0010987791051628257
18,2026-05-16,0,2026-05-16,wk inc flu prop ed visits,quantile,0.5,0.0005886049423265434
19,2026-05-16,0,2026-05-16,wk inc flu prop ed visits,quantile,0.5,0.0006446727116310235
20,2026-05-16,0,2026-05-16,wk inc flu prop ed visits,quantile,0.5,0.0007990386304335559
21,2026-05-16,0,2026-05-16,wk inc flu prop ed visits,quantile,0.5,0.0014944316045197123
22,2026-05-16,0,2026-05-16,wk inc flu prop ed visits,quantile,0.5,0.0015787641575681643
23,2026-05-16,0,2026-05-16,wk inc flu prop ed visits,quantile,0.5,0.0028780039478909242
24,2026-05-16,0,2026-05-16,wk inc flu prop ed visits,quantile,0.5,0.0016292854662870917
25,2026-05-16,0,2026-05-16,wk inc flu prop ed visits,quantile,0.5,0.0020115884773493392
26,2026-05-16,0,2026-05-16,wk inc flu prop ed visits,quantile,0.5,0.0005273363236452406
27,2026-05-16,0,2026-05-16,wk inc flu prop ed visits,quantile,0.5,0.0027067327559015504
28,2026-05-16,0,2026-05-16,wk inc flu prop ed visits,quantile,0.5,0.0024681065728659967
30,2026-05-16,0,2026-05-16,wk inc flu prop ed visits,quantile,0.5,0.0018838024536223753
31,2026-05-16,0,2026-05-16,wk inc flu prop ed visits,quantile,0.5,0.001201053134587961
32,2026-05-16,0,2026-05-16,wk inc flu prop ed visits,quantile,0.5,0.008851633391634917
33,2026-05-16,0,2026-05-16,wk inc flu prop ed visits,quantile,0.5,0.002568446850859694
34,2026-05-16,0,2026-05-16,wk inc flu prop ed visits,quantile,0.5,0.002439199428917524
35,2026-05-16,0,2026-05-16,wk inc flu prop ed visits,quantile,0.5,0.004328842349123149
36,2026-05-16,0,2026-05-16,wk inc flu prop ed visits,quantile,0.5,0.0024965996061971905
37,2026-05-16,0,2026-05-16,wk inc flu prop ed visits,quantile,0.5,0.006859905032887205
38,2026-05-16,0,2026-05-16,wk inc flu prop ed visits,quantile,0.5,0.0019720629727426357
39,2026-05-16,0,2026-05-16,wk inc flu prop ed visits,quantile,0.5,0.0004120407339866045
40,2026-05-16,0,2026-05-16,wk inc flu prop ed visits,quantile,0.5,0.001326986426710924
41,2026-05-16,0,2026-05-16,wk inc flu prop ed visits,quantile,0.5,0.003425425918231859
42,2026-05-16,0,2026-05-16,wk inc flu prop ed visits,quantile,0.5,0.0015188676939792373
44,2026-05-16,0,2026-05-16,wk inc flu prop ed visits,quantile,0.5,0.0016453878420382626
45,2026-05-16,0,2026-05-16,wk inc flu prop ed visits,quantile,0.5,0.0022917004488650842
46,2026-05-16,0,2026-05-16,wk inc flu prop ed visits,quantile,0.5,0.0008284257161021571
47,2026-05-16,0,2026-05-16,wk inc flu prop ed visits,quantile,0.5,0.002656448243450818
48,2026-05-16,0,2026-05-16,wk inc flu prop ed visits,quantile,0.5,0.004001007229810719
49,2026-05-16,0,2026-05-16,wk inc flu prop ed visits,quantile,0.5,0.0014230048153687658
50,2026-05-16,0,2026-05-16,wk inc flu prop ed visits,quantile,0.5,0.0025190892432718076
51,2026-05-16,0,2026-05-16,wk inc flu prop ed visits,quantile,0.5,0.0022906387312932493
53,2026-05-16,0,2026-05-16,wk inc flu prop ed visits,quantile,0.5,0.006943176004656102
54,2026-05-16,0,2026-05-16,wk inc flu prop ed visits,quantile,0.5,0.001669337380082754
55,2026-05-16,0,2026-05-16,wk inc flu prop ed visits,quantile,0.5,0.0010642325340301376
56,2026-05-16,0,2026-05-16,wk inc flu prop ed visits,quantile,0.5,0.009608376459129287
US,2026-05-16,0,2026-05-16,wk inc flu prop ed visits,quantile,0.5,0.002951591726646688
01,2026-05-16,1,2026-05-23,wk inc flu prop ed visits,quantile,0.5,0.0025425951502184908
02,2026-05-16,1,2026-05-23,wk inc flu prop ed visits,quantile,0.5,0.0008981454673345164
04,2026-05-16,1,2026-05-23,wk inc flu prop ed visits,quantile,0.5,0.006935266354159672
05,2026-05-16,1,2026-05-23,wk inc flu prop ed visits,quantile,0.5,0.0017869953452546944
06,2026-05-16,1,2026-05-23,wk inc flu prop ed visits,quantile,0.5,0.003687199786356175
08,2026-05-16,1,2026-05-23,wk inc flu prop ed visits,quantile,0.5,0.0030865741603339288
09,2026-05-16,1,2026-05-23,wk inc flu prop ed visits,quantile,0.5,0.0022038477673691327
10,2026-05-16,1,2026-05-23,wk inc flu prop ed visits,quantile,0.5,0.0015848419646546123
11,2026-05-16,1,2026-05-23,wk inc flu prop ed visits,quantile,0.5,0.0010574520136358398
12,2026-05-16,1,2026-05-23,wk inc flu prop ed visits,quantile,0.5,0.0043015657794724434
13,2026-05-16,1,2026-05-23,wk inc flu prop ed visits,quantile,0.5,0.0018632619704648903
15,2026-05-16,1,2026-05-23,wk inc flu prop ed visits,quantile,0.5,0.01908734696934485
16,2026-05-16,1,2026-05-23,wk inc flu prop ed visits,quantile,0.5,0.0015943860329087024
17,2026-05-16,1,2026-05-23,wk inc flu prop ed visits,quantile,0.5,0.001043889851504184
18,2026-05-16,1,2026-05-23,wk inc flu prop ed visits,quantile,0.5,0.0004905224292553627
19,2026-05-16,1,2026-05-23,wk inc flu prop ed visits,quantile,0.5,0.0005522970269520188
20,2026-05-16,1,2026-05-23,wk inc flu prop ed visits,quantile,0.5,0.0008811095195038005
21,2026-05-16,1,2026-05-23,wk inc flu prop ed visits,quantile,0.5,0.0014016490564482894
22,2026-05-16,1,2026-05-23,wk inc flu prop ed visits,quantile,0.5,0.0016393785831317511
23,2026-05-16,1,2026-05-23,wk inc flu prop ed visits,quantile,0.5,0.002427113501330286
24,2026-05-16,1,2026-05-23,wk inc flu prop ed visits,quantile,0.5,0.0014676629631845545
25,2026-05-16,1,2026-05-23,wk inc flu prop ed visits,quantile,0.5,0.0016756537582588804
26,2026-05-16,1,2026-05-23,wk inc flu prop ed visits,quantile,0.5,0.0005516925635671533
27,2026-05-16,1,2026-05-23,wk inc flu prop ed visits,quantile,0.5,0.002425749985647787
28,2026-05-16,1,2026-05-23,wk inc flu prop ed visits,quantile,0.5,0.0023998723015709357
30,2026-05-16,1,2026-05-23,wk inc flu prop ed visits,quantile,0.5,0.001797515816058365
31,2026-05-16,1,2026-05-23,wk inc flu prop ed visits,quantile,0.5,0.0012448444831989112
32,2026-05-16,1,2026-05-23,wk inc flu prop ed visits,quantile,0.5,0.009043044721837945
33,2026-05-16,1,2026-05-23,wk inc flu prop ed visits,quantile,0.5,0.0022600065909982765
34,2026-05-16,1,2026-05-23,wk inc flu prop ed visits,quantile,0.5,0.0021978804241217604
35,2026-05-16,1,2026-05-23,wk inc flu prop ed visits,quantile,0.5,0.004097374504569428
36,2026-05-16,1,2026-05-23,wk inc flu prop ed visits,quantile,0.5,0.002381588239804954
37,2026-05-16,1,2026-05-23,wk inc flu prop ed visits,quantile,0.5,0.007010833471280791
38,2026-05-16,1,2026-05-23,wk inc flu prop ed visits,quantile,0.5,0.001436759104049132
39,2026-05-16,1,2026-05-23,wk inc flu prop ed visits,quantile,0.5,0.0003372114888744867
40,2026-05-16,1,2026-05-23,wk inc flu prop ed visits,quantile,0.5,0.00129737677200143
41,2026-05-16,1,2026-05-23,wk inc flu prop ed visits,quantile,0.5,0.003332380056059217
42,2026-05-16,1,2026-05-23,wk inc flu prop ed visits,quantile,0.5,0.0014378344657415504
44,2026-05-16,1,2026-05-23,wk inc flu prop ed visits,quantile,0.5,0.0013566955247681356
45,2026-05-16,1,2026-05-23,wk inc flu prop ed visits,quantile,0.5,0.002357667383469442
46,2026-05-16,1,2026-05-23,wk inc flu prop ed visits,quantile,0.5,0.0005344887931925105
47,2026-05-16,1,2026-05-23,wk inc flu prop ed visits,quantile,0.5,0.002742299843867742
48,2026-05-16,1,2026-05-23,wk inc flu prop ed visits,quantile,0.5,0.004233944711371313
49,2026-05-16,1,2026-05-23,wk inc flu prop ed visits,quantile,0.5,0.0014220505505141133
50,2026-05-16,1,2026-05-23,wk inc flu prop ed visits,quantile,0.5,0.003079920497621442
51,2026-05-16,1,2026-05-23,wk inc flu prop ed visits,quantile,0.5,0.0022532346964717846
53,2026-05-16,1,2026-05-23,wk inc flu prop ed visits,quantile,0.5,0.006466426543281635
54,2026-05-16,1,2026-05-23,wk inc flu prop ed visits,quantile,0.5,0.0014357443378902753
55,2026-05-16,1,2026-05-23,wk inc flu prop ed visits,quantile,0.5,0.0009600724879906453
56,2026-05-16,1,2026-05-23,wk inc flu prop ed visits,quantile,0.5,0.009724021781815213
US,2026-05-16,1,2026-05-23,wk inc flu prop ed visits,quantile,0.5,0.0029387121562169344
01,2026-05-16,2,2026-05-30,wk inc flu prop ed visits,quantile,0.5,0.0028077153069535343
02,2026-05-16,2,2026-05-30,wk inc flu prop ed visits,quantile,0.5,0.000878897923408225
04,2026-05-16,2,2026-05-30,wk inc flu prop ed visits,quantile,0.5,0.007002374134883319
05,2026-05-16,2,2026-05-30,wk inc flu prop ed visits,quantile,0.5,0.0019496520671170197
06,2026-05-16,2,2026-05-30,wk inc flu prop ed visits,quantile,0.5,0.0036650334276628047
08,2026-05-16,2,2026-05-30,wk inc flu prop ed visits,quantile,0.5,0.0030298942942959127
09,2026-05-16,2,2026-05-30,wk inc flu prop ed visits,quantile,0.5,0.001984282657561109
10,2026-05-16,2,2026-05-30,wk inc flu prop ed visits,quantile,0.5,0.0016375039377147964
11,2026-05-16,2,2026-05-30,wk inc flu prop ed visits,quantile,0.5,0.001066019809802391
12,2026-05-16,2,2026-05-30,wk inc flu prop ed visits,quantile,0.5,0.004586380713878558
13,2026-05-16,2,2026-05-30,wk inc flu prop ed visits,quantile,0.5,0.0019544175761595857
15,2026-05-16,2,2026-05-30,wk inc flu prop ed visits,quantile,0.5,0.018363439487655567
16,2026-05-16,2,2026-05-30,wk inc flu prop ed visits,quantile,0.5,0.0016569454783722057
17,2026-05-16,2,2026-05-30,wk inc flu prop ed visits,quantile,0.5,0.00105999343086308
18,2026-05-16,2,2026-05-30,wk inc flu prop ed visits,quantile,0.5,0.0004965090933334456
19,2026-05-16,2,2026-05-30,wk inc flu prop ed visits,quantile,0.5,0.0005646747581914989
20,2026-05-16,2,2026-05-30,wk inc flu prop ed visits,quantile,0.5,0.0009600125286336104
21,2026-05-16,2,2026-05-30,wk inc flu prop ed visits,quantile,0.5,0.0014793881008116749
22,2026-05-16,2,2026-05-30,wk inc flu prop ed visits,quantile,0.5,0.0018598906048670684
23,2026-05-16,2,2026-05-30,wk inc flu prop ed visits,quantile,0.5,0.0022252816690082875
24,2026-05-16,2,2026-05-30,wk inc flu prop ed visits,quantile,0.5,0.0014699797810536605
25,2026-05-16,2,2026-05-30,wk inc flu prop ed visits,quantile,0.5,0.0014582433659923076
26,2026-05-16,2,2026-05-30,wk inc flu prop ed visits,quantile,0.5,0.0005622794631675383
27,2026-05-16,2,2026-05-30,wk inc flu prop ed visits,quantile,0.5,0.0023485435359592677
28,2026-05-16,2,2026-05-30,wk inc flu prop ed visits,quantile,0.5,0.002507063269491292
30,2026-05-16,2,2026-05-30,wk inc flu prop ed visits,quantile,0.5,0.0018667536481540856
31,2026-05-16,2,2026-05-30,wk inc flu prop ed visits,quantile,0.5,0.0011975795746156017
32,2026-05-16,2,2026-05-30,wk inc flu prop ed visits,quantile,0.5,0.009175682395211463
33,2026-05-16,2,2026-05-30,wk inc flu prop ed visits,quantile,0.5,0.0022534994507136296
34,2026-05-16,2,2026-05-30,wk inc flu prop ed visits,quantile,0.5,0.002158862223436065
35,2026-05-16,2,2026-05-30,wk inc flu prop ed visits,quantile,0.5,0.0041774513287748775
36,2026-05-16,2,2026-05-30,wk inc flu prop ed visits,quantile,0.5,0.0024172688445598394
37,2026-05-16,2,2026-05-30,wk inc flu prop ed visits,quantile,0.5,0.007597340326577127
38,2026-05-16,2,2026-05-30,wk inc flu prop ed visits,quantile,0.5,0.0012245374463259406
39,2026-05-16,2,2026-05-30,wk inc flu prop ed visits,quantile,0.5,0.000350967967105179
40,2026-05-16,2,2026-05-30,wk inc flu prop ed visits,quantile,0.5,0.0013719941921311782
41,2026-05-16,2,2026-05-30,wk inc flu prop ed visits,quantile,0.5,0.003405544169828953
42,2026-05-16,2,2026-05-30,wk inc flu prop ed visits,quantile,0.5,0.001458637066382788
44,2026-05-16,2,2026-05-30,wk inc flu prop ed visits,quantile,0.5,0.0012409448191594195
45,2026-05-16,2,2026-05-30,wk inc flu prop ed visits,quantile,0.5,0.002572654679047467
46,2026-05-16,2,2026-05-30,wk inc flu prop ed visits,quantile,0.5,0.0004500385917048829
47,2026-05-16,2,2026-05-30,wk inc flu prop ed visits,quantile,0.5,0.002899674409638078
48,2026-05-16,2,2026-05-30,wk inc flu prop ed visits,quantile,0.5,0.004571484285381347
49,2026-05-16,2,2026-05-30,wk inc flu prop ed visits,quantile,0.5,0.0015360357554706104
50,2026-05-16,2,2026-05-30,wk inc flu prop ed visits,quantile,0.5,0.003162959277413599
51,2026-05-16,2,2026-05-30,wk inc flu prop ed visits,quantile,0.5,0.0024311642380049282
53,2026-05-16,2,2026-05-30,wk inc flu prop ed visits,quantile,0.5,0.005977848113979516
54,2026-05-16,2,2026-05-30,wk inc flu prop ed visits,quantile,0.5,0.0013170796684857568
55,2026-05-16,2,2026-05-30,wk inc flu prop ed visits,quantile,0.5,0.0009375528866343406
56,2026-05-16,2,2026-05-30,wk inc flu prop ed visits,quantile,0.5,0.009864475231228983
US,2026-05-16,2,2026-05-30,wk inc flu prop ed visits,quantile,0.5,0.0030548043995232326
01,2026-05-16,3,2026-06-06,wk inc flu prop ed visits,quantile,0.5,0.0031529330219410064
02,2026-05-16,3,2026-06-06,wk inc flu prop ed visits,quantile,0.5,0.0008501154543080693
04,2026-05-16,3,2026-06-06,wk inc flu prop ed visits,quantile,0.5,0.007206037096590574
05,2026-05-16,3,2026-06-06,wk inc flu prop ed visits,quantile,0.5,0.0021085749758615636
06,2026-05-16,3,2026-06-06,wk inc flu prop ed visits,quantile,0.5,0.0038953041645722357
08,2026-05-16,3,2026-06-06,wk inc flu prop ed visits,quantile,0.5,0.0029136369765475002
09,2026-05-16,3,2026-06-06,wk inc flu prop ed visits,quantile,0.5,0.002061180843942015
10,2026-05-16,3,2026-06-06,wk inc flu prop ed visits,quantile,0.5,0.0017441037854549512
11,2026-05-16,3,2026-06-06,wk inc flu prop ed visits,quantile,0.5,0.0011321547789616274
12,2026-05-16,3,2026-06-06,wk inc flu prop ed visits,quantile,0.5,0.0051461098771916625
13,2026-05-16,3,2026-06-06,wk inc flu prop ed visits,quantile,0.5,0.002150977536161199
15,2026-05-16,3,2026-06-06,wk inc flu prop ed visits,quantile,0.5,0.017807585608758406
16,2026-05-16,3,2026-06-06,wk inc flu prop ed visits,quantile,0.5,0.0016758920676200261
17,2026-05-16,3,2026-06-06,wk inc flu prop ed visits,quantile,0.5,0.0011760229961509535
18,2026-05-16,3,2026-06-06,wk inc flu prop ed visits,quantile,0.5,0.0005916831880760398
19,2026-05-16,3,2026-06-06,wk inc flu prop ed visits,quantile,0.5,0.0006232201413688839
20,2026-05-16,3,2026-06-06,wk inc flu prop ed visits,quantile,0.5,0.0011392025731918637
21,2026-05-16,3,2026-06-06,wk inc flu prop ed visits,quantile,0.5,0.0017466313545260034
22,2026-05-16,3,2026-06-06,wk inc flu prop ed visits,quantile,0.5,0.0022151788020585944
23,2026-05-16,3,2026-06-06,wk inc flu prop ed visits,quantile,0.5,0.002231696832972385
24,2026-05-16,3,2026-06-06,wk inc flu prop ed visits,quantile,0.5,0.0015682465359036831
25,2026-05-16,3,2026-06-06,wk inc flu prop ed visits,quantile,0.5,0.0014193501249528384
26,2026-05-16,3,2026-06-06,wk inc flu prop ed visits,quantile,0.5,0.0006725307462954258
27,2026-05-16,3,2026-06-06,wk inc flu prop ed visits,quantile,0.5,0.0024076983915190774
28,2026-05-16,3,2026-06-06,wk inc flu prop ed visits,quantile,0.5,0.002661879422354952
30,2026-05-16,3,2026-06-06,wk inc flu prop ed visits,quantile,0.5,0.0020666484174688745
31,2026-05-16,3,2026-06-06,wk inc flu prop ed visits,quantile,0.5,0.0012874461043665666
32,2026-05-16,3,2026-06-06,wk inc flu prop ed visits,quantile,0.5,0.009262864577545903
33,2026-05-16,3,2026-06-06,wk inc flu prop ed visits,quantile,0.5,0.0022799008385796272
34,2026-05-16,3,2026-06-06,wk inc flu prop ed visits,quantile,0.5,0.002398200231279736
35,2026-05-16,3,2026-06-06,wk inc flu prop ed visits,quantile,0.5,0.004201443180500497
36,2026-05-16,3,2026-06-06,wk inc flu prop ed visits,quantile,0.5,0.0025095789429756647
37,2026-05-16,3,2026-06-06,wk inc flu prop ed visits,quantile,0.5,0.008351326223407033
38,2026-05-16,3,2026-06-06,wk inc flu prop ed visits,quantile,0.5,0.0012114260586578952
39,2026-05-16,3,2026-06-06,wk inc flu prop ed visits,quantile,0.5,0.0004151439483712382
40,2026-05-16,3,2026-06-06,wk inc flu prop ed visits,quantile,0.5,0.00149858169340207
41,2026-05-16,3,2026-06-06,wk inc flu prop ed visits,quantile,0.5,0.003583792991480102
42,2026-05-16,3,2026-06-06,wk inc flu prop ed visits,quantile,0.5,0.0015542966400394337
44,2026-05-16,3,2026-06-06,wk inc flu prop ed visits,quantile,0.5,0.0011836929098066793
45,2026-05-16,3,2026-06-06,wk inc flu prop ed visits,quantile,0.5,0.0029341622811017484
46,2026-05-16,3,2026-06-06,wk inc flu prop ed visits,quantile,0.5,0.000434384285596211
47,2026-05-16,3,2026-06-06,wk inc flu prop ed visits,quantile,0.5,0.00312821819240808
48,2026-05-16,3,2026-06-06,wk inc flu prop ed visits,quantile,0.5,0.005152815460686798
49,2026-05-16,3,2026-06-06,wk inc flu prop ed visits,quantile,0.5,0.001681371446176547
50,2026-05-16,3,2026-06-06,wk inc flu prop ed visits,quantile,0.5,0.0037823633632915908
51,2026-05-16,3,2026-06-06,wk inc flu prop ed visits,quantile,0.5,0.0026203889466171765
53,2026-05-16,3,2026-06-06,wk inc flu prop ed visits,quantile,0.5,0.005829856584336791
54,2026-05-16,3,2026-06-06,wk inc flu prop ed visits,quantile,0.5,0.0013995807022577932
55,2026-05-16,3,2026-06-06,wk inc flu prop ed visits,quantile,0.5,0.0009396896283387179
56,2026-05-16,3,2026-06-06,wk inc flu prop ed visits,quantile,0.5,0.010124868282682666
US,2026-05-16,3,2026-06-06,wk inc flu prop ed visits,quantile,0.5,0.0033268546926095485
01,2026-05-16,0,2026-05-16,wk inc flu prop ed visits,quantile,0.55,0.0026327446490757044
02,2026-05-16,0,2026-05-16,wk inc flu prop ed visits,quantile,0.55,0.0012437371507331364
04,2026-05-16,0,2026-05-16,wk inc flu prop ed visits,quantile,0.55,0.007234861474587466
05,2026-05-16,0,2026-05-16,wk inc flu prop ed visits,quantile,0.55,0.0018726149707791557
06,2026-05-16,0,2026-05-16,wk inc flu prop ed visits,quantile,0.55,0.003896846120748391
08,2026-05-16,0,2026-05-16,wk inc flu prop ed visits,quantile,0.55,0.0035222894236479545
09,2026-05-16,0,2026-05-16,wk inc flu prop ed visits,quantile,0.55,0.002620086983120185
10,2026-05-16,0,2026-05-16,wk inc flu prop ed visits,quantile,0.55,0.0017405459205386048
11,2026-05-16,0,2026-05-16,wk inc flu prop ed visits,quantile,0.55,0.0014355880195090023
12,2026-05-16,0,2026-05-16,wk inc flu prop ed visits,quantile,0.55,0.004206245326221048
13,2026-05-16,0,2026-05-16,wk inc flu prop ed visits,quantile,0.55,0.0019345510250299502
15,2026-05-16,0,2026-05-16,wk inc flu prop ed visits,quantile,0.55,0.02036887763609106
16,2026-05-16,0,2026-05-16,wk inc flu prop ed visits,quantile,0.55,0.001986828200718701
17,2026-05-16,0,2026-05-16,wk inc flu prop ed visits,quantile,0.55,0.0011529206547899807
18,2026-05-16,0,2026-05-16,wk inc flu prop ed visits,quantile,0.55,0.000634496180577402
19,2026-05-16,0,2026-05-16,wk inc flu prop ed visits,quantile,0.55,0.0006936654155638149
20,2026-05-16,0,2026-05-16,wk inc flu prop ed visits,quantile,0.55,0.0008522229714683832
21,2026-05-16,0,2026-05-16,wk inc flu prop ed visits,quantile,0.55,0.001591045538197361
22,2026-05-16,0,2026-05-16,wk inc flu prop ed visits,quantile,0.55,0.0016642997681981418
23,2026-05-16,0,2026-05-16,wk inc flu prop ed visits,quantile,0.55,0.0030444232708110447
24,2026-05-16,0,2026-05-16,wk inc flu prop ed visits,quantile,0.55,0.0017246200000962087
25,2026-05-16,0,2026-05-16,wk inc flu prop ed visits,quantile,0.55,0.0021219345256944387
26,2026-05-16,0,2026-05-16,wk inc flu prop ed visits,quantile,0.55,0.0005646694955656813
27,2026-05-16,0,2026-05-16,wk inc flu prop ed visits,quantile,0.55,0.0028319453607989244
28,2026-05-16,0,2026-05-16,wk inc flu prop ed visits,quantile,0.55,0.0025961032613549375
30,2026-05-16,0,2026-05-16,wk inc flu prop ed visits,quantile,0.55,0.002041724500438666
31,2026-05-16,0,2026-05-16,wk inc flu prop ed visits,quantile,0.55,0.001295523979773168
32,2026-05-16,0,2026-05-16,wk inc flu prop ed visits,quantile,0.55,0.00911228518187445
33,2026-05-16,0,2026-05-16,wk inc flu prop ed visits,quantile,0.55,0.0027455350731082607
34,2026-05-16,0,2026-05-16,wk inc flu prop ed visits,quantile,0.55,0.0025387405599340534
35,2026-05-16,0,2026-05-16,wk inc flu prop ed visits,quantile,0.55,0.004510553495083299
36,2026-05-16,0,2026-05-16,wk inc flu prop ed visits,quantile,0.55,0.002586237745350708
37,2026-05-16,0,2026-05-16,wk inc flu prop ed visits,quantile,0.55,0.0070757401855300155
38,2026-05-16,0,2026-05-16,wk inc flu prop ed visits,quantile,0.55,0.002156793528355004
39,2026-05-16,0,2026-05-16,wk inc flu prop ed visits,quantile,0.55,0.00044497479416975746
40,2026-05-16,0,2026-05-16,wk inc flu prop ed visits,quantile,0.55,0.0014249958972072962
41,2026-05-16,0,2026-05-16,wk inc flu prop ed visits,quantile,0.55,0.0035994489208018283
42,2026-05-16,0,2026-05-16,wk inc flu prop ed visits,quantile,0.55,0.001589175910523052
44,2026-05-16,0,2026-05-16,wk inc flu prop ed visits,quantile,0.55,0.0017576600819265592
45,2026-05-16,0,2026-05-16,wk inc flu prop ed visits,quantile,0.55,0.002386054580870321
46,2026-05-16,0,2026-05-16,wk inc flu prop ed visits,quantile,0.55,0.0009205687535970602
47,2026-05-16,0,2026-05-16,wk inc flu prop ed visits,quantile,0.55,0.0027896151733579444
48,2026-05-16,0,2026-05-16,wk inc flu prop ed visits,quantile,0.55,0.004116822496046845
49,2026-05-16,0,2026-05-16,wk inc flu prop ed visits,quantile,0.55,0.0014981734470553899
50,2026-05-16,0,2026-05-16,wk inc flu prop ed visits,quantile,0.55,0.0027428802875461428
51,2026-05-16,0,2026-05-16,wk inc flu prop ed visits,quantile,0.55,0.0023844758969823786
53,2026-05-16,0,2026-05-16,wk inc flu prop ed visits,quantile,0.55,0.007163619193812201
54,2026-05-16,0,2026-05-16,wk inc flu prop ed visits,quantile,0.55,0.0017590653644282872
55,2026-05-16,0,2026-05-16,wk inc flu prop ed visits,quantile,0.55,0.0011218280943093854
56,2026-05-16,0,2026-05-16,wk inc flu prop ed visits,quantile,0.55,0.010199319490445604
US,2026-05-16,0,2026-05-16,wk inc flu prop ed visits,quantile,0.55,0.003040750848160888
01,2026-05-16,1,2026-05-23,wk inc flu prop ed visits,quantile,0.55,0.002787372637606292
02,2026-05-16,1,2026-05-23,wk inc flu prop ed visits,quantile,0.55,0.0010422762510532936
04,2026-05-16,1,2026-05-23,wk inc flu prop ed visits,quantile,0.55,0.00727559287829654
05,2026-05-16,1,2026-05-23,wk inc flu prop ed visits,quantile,0.55,0.00201530222789031
06,2026-05-16,1,2026-05-23,wk inc flu prop ed visits,quantile,0.55,0.0038422223569023434
08,2026-05-16,1,2026-05-23,wk inc flu prop ed visits,quantile,0.55,0.003295688411443244
09,2026-05-16,1,2026-05-23,wk inc flu prop ed visits,quantile,0.55,0.002351837172097441
10,2026-05-16,1,2026-05-23,wk inc flu prop ed visits,quantile,0.55,0.0017802567049510056
11,2026-05-16,1,2026-05-23,wk inc flu prop ed visits,quantile,0.55,0.0012011838632769688
12,2026-05-16,1,2026-05-23,wk inc flu prop ed visits,quantile,0.55,0.004500820877761084
13,2026-05-16,1,2026-05-23,wk inc flu prop ed visits,quantile,0.55,0.0020404195479207686
15,2026-05-16,1,2026-05-23,wk inc flu prop ed visits,quantile,0.55,0.02007256403097578
16,2026-05-16,1,2026-05-23,wk inc flu prop ed visits,quantile,0.55,0.0017745786174865824
17,2026-05-16,1,2026-05-23,wk inc flu prop ed visits,quantile,0.55,0.00114171781464241
18,2026-05-16,1,2026-05-23,wk inc flu prop ed visits,quantile,0.55,0.0005641034390983552
19,2026-05-16,1,2026-05-23,wk inc flu prop ed visits,quantile,0.55,0.0006352189133494099
20,2026-05-16,1,2026-05-23,wk inc flu prop ed visits,quantile,0.55,0.0009970996560971627
21,2026-05-16,1,2026-05-23,wk inc flu prop ed visits,quantile,0.55,0.001528936326068961
22,2026-05-16,1,2026-05-23,wk inc flu prop ed visits,quantile,0.55,0.0017866779549489357
23,2026-05-16,1,2026-05-23,wk inc flu prop ed visits,quantile,0.55,0.002733053137657312
24,2026-05-16,1,2026-05-23,wk inc flu prop ed visits,quantile,0.55,0.0016031819522009474
25,2026-05-16,1,2026-05-23,wk inc flu prop ed visits,quantile,0.55,0.0018044445987804682
26,2026-05-16,1,2026-05-23,wk inc flu prop ed visits,quantile,0.55,0.0006142063728232205
27,2026-05-16,1,2026-05-23,wk inc flu prop ed visits,quantile,0.55,0.0026448818590000672
28,2026-05-16,1,2026-05-23,wk inc flu prop ed visits,quantile,0.55,0.0025556619671321416
30,2026-05-16,1,2026-05-23,wk inc flu prop ed visits,quantile,0.55,0.0020846372528322706
31,2026-05-16,1,2026-05-23,wk inc flu prop ed visits,quantile,0.55,0.0013878335116542905
32,2026-05-16,1,2026-05-23,wk inc flu prop ed visits,quantile,0.55,0.009472892618092489
33,2026-05-16,1,2026-05-23,wk inc flu prop ed visits,quantile,0.55,0.00252585307085348
34,2026-05-16,1,2026-05-23,wk inc flu prop ed visits,quantile,0.55,0.002370500288407454
35,2026-05-16,1,2026-05-23,wk inc flu prop ed visits,quantile,0.55,0.004439558170514406
36,2026-05-16,1,2026-05-23,wk inc flu prop ed visits,quantile,0.55,0.0025438615741426246
37,2026-05-16,1,2026-05-23,wk inc flu prop ed visits,quantile,0.55,0.007400613821443236
38,2026-05-16,1,2026-05-23,wk inc flu prop ed visits,quantile,0.55,0.0017504148715897993
39,2026-05-16,1,2026-05-23,wk inc flu prop ed visits,quantile,0.55,0.0003943887572456585
40,2026-05-16,1,2026-05-23,wk inc flu prop ed visits,quantile,0.55,0.0014430933227388917
41,2026-05-16,1,2026-05-23,wk inc flu prop ed visits,quantile,0.55,0.003587407022225026
42,2026-05-16,1,2026-05-23,wk inc flu prop ed visits,quantile,0.55,0.0015447541369819997
44,2026-05-16,1,2026-05-23,wk inc flu prop ed visits,quantile,0.55,0.0015401462618876366
45,2026-05-16,1,2026-05-23,wk inc flu prop ed visits,quantile,0.55,0.0025623853838691872
46,2026-05-16,1,2026-05-23,wk inc flu prop ed visits,quantile,0.55,0.0006626648151851353
47,2026-05-16,1,2026-05-23,wk inc flu prop ed visits,quantile,0.55,0.0029504998930425953
48,2026-05-16,1,2026-05-23,wk inc flu prop ed visits,quantile,0.55,0.004477810896468333
49,2026-05-16,1,2026-05-23,wk inc flu prop ed visits,quantile,0.55,0.0015833931283127196
50,2026-05-16,1,2026-05-23,wk inc flu prop ed visits,quantile,0.55,0.0035450351369730473
51,2026-05-16,1,2026-05-23,wk inc flu prop ed visits,quantile,0.55,0.0024443018233153164
53,2026-05-16,1,2026-05-23,wk inc flu prop ed visits,quantile,0.55,0.006702550830792961
54,2026-05-16,1,2026-05-23,wk inc flu prop ed visits,quantile,0.55,0.0015832307066691884
55,2026-05-16,1,2026-05-23,wk inc flu prop ed visits,quantile,0.55,0.0010653960175010762
56,2026-05-16,1,2026-05-23,wk inc flu prop ed visits,quantile,0.55,0.01086480946894101
US,2026-05-16,1,2026-05-23,wk inc flu prop ed visits,quantile,0.55,0.0031055000214486573
01,2026-05-16,2,2026-05-30,wk inc flu prop ed visits,quantile,0.55,0.0031039877774662766
02,2026-05-16,2,2026-05-30,wk inc flu prop ed visits,quantile,0.55,0.0010996196645023445
04,2026-05-16,2,2026-05-30,wk inc flu prop ed visits,quantile,0.55,0.007545242386432032
05,2026-05-16,2,2026-05-30,wk inc flu prop ed visits,quantile,0.55,0.00222544926149367
06,2026-05-16,2,2026-05-30,wk inc flu prop ed visits,quantile,0.55,0.003971532992946544
08,2026-05-16,2,2026-05-30,wk inc flu prop ed visits,quantile,0.55,0.0032568834954952107
09,2026-05-16,2,2026-05-30,wk inc flu prop ed visits,quantile,0.55,0.0022205716237112274
10,2026-05-16,2,2026-05-30,wk inc flu prop ed visits,quantile,0.55,0.0019209112769755638
11,2026-05-16,2,2026-05-30,wk inc flu prop ed visits,quantile,0.55,0.0012817250597467963
12,2026-05-16,2,2026-05-30,wk inc flu prop ed visits,quantile,0.55,0.0049229718854366345
13,2026-05-16,2,2026-05-30,wk inc flu prop ed visits,quantile,0.55,0.0022289303231476433
15,2026-05-16,2,2026-05-30,wk inc flu prop ed visits,quantile,0.55,0.019873909653171748
16,2026-05-16,2,2026-05-30,wk inc flu prop ed visits,quantile,0.55,0.0019016249151463185
17,2026-05-16,2,2026-05-30,wk inc flu prop ed visits,quantile,0.55,0.0012054655856497574
18,2026-05-16,2,2026-05-30,wk inc flu prop ed visits,quantile,0.55,0.0006092321075666369
19,2026-05-16,2,2026-05-30,wk inc flu prop ed visits,quantile,0.55,0.0006772978363623474
20,2026-05-16,2,2026-05-30,wk inc flu prop ed visits,quantile,0.55,0.0011225360291866409
21,2026-05-16,2,2026-05-30,wk inc flu prop ed visits,quantile,0.55,0.0017087660126110004
22,2026-05-16,2,2026-05-30,wk inc flu prop ed visits,quantile,0.55,0.0021140458326130126
23,2026-05-16,2,2026-05-30,wk inc flu prop ed visits,quantile,0.55,0.002586783095435441
24,2026-05-16,2,2026-05-30,wk inc flu prop ed visits,quantile,0.55,0.0016649924666750587
25,2026-05-16,2,2026-05-30,wk inc flu prop ed visits,quantile,0.55,0.001627475867688882
26,2026-05-16,2,2026-05-30,wk inc flu prop ed visits,quantile,0.55,0.0006467131642743687
27,2026-05-16,2,2026-05-30,wk inc flu prop ed visits,quantile,0.55,0.0026153613779305424
28,2026-05-16,2,2026-05-30,wk inc flu prop ed visits,quantile,0.55,0.002750783612339301
30,2026-05-16,2,2026-05-30,wk inc flu prop ed visits,quantile,0.55,0.0022859000406603293
31,2026-05-16,2,2026-05-30,wk inc flu prop ed visits,quantile,0.55,0.0013879417483083022
32,2026-05-16,2,2026-05-30,wk inc flu prop ed visits,quantile,0.55,0.009852834373733804
33,2026-05-16,2,2026-05-30,wk inc flu prop ed visits,quantile,0.55,0.0025735345028999844
34,2026-05-16,2,2026-05-30,wk inc flu prop ed visits,quantile,0.55,0.0023782616585244654
35,2026-05-16,2,2026-05-30,wk inc flu prop ed visits,quantile,0.55,0.00462889496980036
36,2026-05-16,2,2026-05-30,wk inc flu prop ed visits,quantile,0.55,0.0026282106812757066
37,2026-05-16,2,2026-05-30,wk inc flu prop ed visits,quantile,0.55,0.008079781568588608
38,2026-05-16,2,2026-05-30,wk inc flu prop ed visits,quantile,0.55,0.0015445956272543346
39,2026-05-16,2,2026-05-30,wk inc flu prop ed visits,quantile,0.55,0.00042409047198870405
40,2026-05-16,2,2026-05-30,wk inc flu prop ed visits,quantile,0.55,0.0016025152536978434
41,2026-05-16,2,2026-05-30,wk inc flu prop ed visits,quantile,0.55,0.0036938574240152405
42,2026-05-16,2,2026-05-30,wk inc flu prop ed visits,quantile,0.55,0.0016014567230649155
44,2026-05-16,2,2026-05-30,wk inc flu prop ed visits,quantile,0.55,0.0014632348806656436
45,2026-05-16,2,2026-05-30,wk inc flu prop ed visits,quantile,0.55,0.002892900354417785
46,2026-05-16,2,2026-05-30,wk inc flu prop ed visits,quantile,0.55,0.0005758768524243883
47,2026-05-16,2,2026-05-30,wk inc flu prop ed visits,quantile,0.55,0.003256480681349661
48,2026-05-16,2,2026-05-30,wk inc flu prop ed visits,quantile,0.55,0.004970981350561255
49,2026-05-16,2,2026-05-30,wk inc flu prop ed visits,quantile,0.55,0.0017400592423673388
50,2026-05-16,2,2026-05-30,wk inc flu prop ed visits,quantile,0.55,0.004028272443691176
51,2026-05-16,2,2026-05-30,wk inc flu prop ed visits,quantile,0.55,0.0026681720380041783
53,2026-05-16,2,2026-05-30,wk inc flu prop ed visits,quantile,0.55,0.00639174795060321
54,2026-05-16,2,2026-05-30,wk inc flu prop ed visits,quantile,0.55,0.0015524975083735446
55,2026-05-16,2,2026-05-30,wk inc flu prop ed visits,quantile,0.55,0.0010619147223226559
56,2026-05-16,2,2026-05-30,wk inc flu prop ed visits,quantile,0.55,0.011738016964365954
US,2026-05-16,2,2026-05-30,wk inc flu prop ed visits,quantile,0.55,0.0032804087849988874
01,2026-05-16,3,2026-06-06,wk inc flu prop ed visits,quantile,0.55,0.0035765403438319738
02,2026-05-16,3,2026-06-06,wk inc flu prop ed visits,quantile,0.55,0.0010511501791474422
04,2026-05-16,3,2026-06-06,wk inc flu prop ed visits,quantile,0.55,0.007883474632989053
05,2026-05-16,3,2026-06-06,wk inc flu prop ed visits,quantile,0.55,0.0024598054648554495
06,2026-05-16,3,2026-06-06,wk inc flu prop ed visits,quantile,0.55,0.004213633119000628
08,2026-05-16,3,2026-06-06,wk inc flu prop ed visits,quantile,0.55,0.00323979262349746
09,2026-05-16,3,2026-06-06,wk inc flu prop ed visits,quantile,0.55,0.002340883668079151
10,2026-05-16,3,2026-06-06,wk inc flu prop ed visits,quantile,0.55,0.002175373594927271
11,2026-05-16,3,2026-06-06,wk inc flu prop ed visits,quantile,0.55,0.0014292831859545906
12,2026-05-16,3,2026-06-06,wk inc flu prop ed visits,quantile,0.55,0.005515039815822162
13,2026-05-16,3,2026-06-06,wk inc flu prop ed visits,quantile,0.55,0.002476114494702526
15,2026-05-16,3,2026-06-06,wk inc flu prop ed visits,quantile,0.55,0.019238472173424608
16,2026-05-16,3,2026-06-06,wk inc flu prop ed visits,quantile,0.55,0.0020165654884294437
17,2026-05-16,3,2026-06-06,wk inc flu prop ed visits,quantile,0.55,0.0013681759785412403
18,2026-05-16,3,2026-06-06,wk inc flu prop ed visits,quantile,0.55,0.000716571985123877
19,2026-05-16,3,2026-06-06,wk inc flu prop ed visits,quantile,0.55,0.0007746375625755765
20,2026-05-16,3,2026-06-06,wk inc flu prop ed visits,quantile,0.55,0.0013812132370365346
21,2026-05-16,3,2026-06-06,wk inc flu prop ed visits,quantile,0.55,0.0020732390931496756
22,2026-05-16,3,2026-06-06,wk inc flu prop ed visits,quantile,0.55,0.002516167725502037
23,2026-05-16,3,2026-06-06,wk inc flu prop ed visits,quantile,0.55,0.0025914679005910085
24,2026-05-16,3,2026-06-06,wk inc flu prop ed visits,quantile,0.55,0.0018373448390332841
25,2026-05-16,3,2026-06-06,wk inc flu prop ed visits,quantile,0.55,0.0016369137997682408
26,2026-05-16,3,2026-06-06,wk inc flu prop ed visits,quantile,0.55,0.0008041804449070558
27,2026-05-16,3,2026-06-06,wk inc flu prop ed visits,quantile,0.55,0.002767077833744001
28,2026-05-16,3,2026-06-06,wk inc flu prop ed visits,quantile,0.55,0.003093016602265622
30,2026-05-16,3,2026-06-06,wk inc flu prop ed visits,quantile,0.55,0.002524567925797935
31,2026-05-16,3,2026-06-06,wk inc flu prop ed visits,quantile,0.55,0.0016019183833054828
32,2026-05-16,3,2026-06-06,wk inc flu prop ed visits,quantile,0.55,0.01004905949543847
33,2026-05-16,3,2026-06-06,wk inc flu prop ed visits,quantile,0.55,0.00268675587572385
34,2026-05-16,3,2026-06-06,wk inc flu prop ed visits,quantile,0.55,0.0026520645851047337
35,2026-05-16,3,2026-06-06,wk inc flu prop ed visits,quantile,0.55,0.00480472587136179
36,2026-05-16,3,2026-06-06,wk inc flu prop ed visits,quantile,0.55,0.002839316450652906
37,2026-05-16,3,2026-06-06,wk inc flu prop ed visits,quantile,0.55,0.009024053765629503
38,2026-05-16,3,2026-06-06,wk inc flu prop ed visits,quantile,0.55,0.0015818489806281406
39,2026-05-16,3,2026-06-06,wk inc flu prop ed visits,quantile,0.55,0.0005122157303251121
40,2026-05-16,3,2026-06-06,wk inc flu prop ed visits,quantile,0.55,0.0017518323406714121
41,2026-05-16,3,2026-06-06,wk inc flu prop ed visits,quantile,0.55,0.004013935826792786
42,2026-05-16,3,2026-06-06,wk inc flu prop ed visits,quantile,0.55,0.0017681209196184413
44,2026-05-16,3,2026-06-06,wk inc flu prop ed visits,quantile,0.55,0.0014205195914301844
45,2026-05-16,3,2026-06-06,wk inc flu prop ed visits,quantile,0.55,0.0033601172488842796
46,2026-05-16,3,2026-06-06,wk inc flu prop ed visits,quantile,0.55,0.0006073276321863399
47,2026-05-16,3,2026-06-06,wk inc flu prop ed visits,quantile,0.55,0.0035867104605113126
48,2026-05-16,3,2026-06-06,wk inc flu prop ed visits,quantile,0.55,0.005571635079489062
49,2026-05-16,3,2026-06-06,wk inc flu prop ed visits,quantile,0.55,0.0019535679980546014
50,2026-05-16,3,2026-06-06,wk inc flu prop ed visits,quantile,0.55,0.004649209592906651
51,2026-05-16,3,2026-06-06,wk inc flu prop ed visits,quantile,0.55,0.002996119300644093
53,2026-05-16,3,2026-06-06,wk inc flu prop ed visits,quantile,0.55,0.006360424092594256
54,2026-05-16,3,2026-06-06,wk inc flu prop ed visits,quantile,0.55,0.0016449934294955545
55,2026-05-16,3,2026-06-06,wk inc flu prop ed visits,quantile,0.55,0.0011146619529125421
56,2026-05-16,3,2026-06-06,wk inc flu prop ed visits,quantile,0.55,0.012207701556348984
US,2026-05-16,3,2026-06-06,wk inc flu prop ed visits,quantile,0.55,0.0036336922469296638
01,2026-05-16,0,2026-05-16,wk inc flu prop ed visits,quantile,0.6,0.0027735297499434995
02,2026-05-16,0,2026-05-16,wk inc flu prop ed visits,quantile,0.6,0.001328968333673952
04,2026-05-16,0,2026-05-16,wk inc flu prop ed visits,quantile,0.6,0.007445991952069544
05,2026-05-16,0,2026-05-16,wk inc flu prop ed visits,quantile,0.6,0.00198253739609937
06,2026-05-16,0,2026-05-16,wk inc flu prop ed visits,quantile,0.6,0.004015394404763524
08,2026-05-16,0,2026-05-16,wk inc flu prop ed visits,quantile,0.6,0.0036515230615732142
09,2026-05-16,0,2026-05-16,wk inc flu prop ed visits,quantile,0.6,0.002747910423223954
10,2026-05-16,0,2026-05-16,wk inc flu prop ed visits,quantile,0.6,0.0018644107840871365
11,2026-05-16,0,2026-05-16,wk inc flu prop ed visits,quantile,0.6,0.00154277413210559
12,2026-05-16,0,2026-05-16,wk inc flu prop ed visits,quantile,0.6,0.004339134619394806
13,2026-05-16,0,2026-05-16,wk inc flu prop ed visits,quantile,0.6,0.002026740887187566
15,2026-05-16,0,2026-05-16,wk inc flu prop ed visits,quantile,0.6,0.021127436640675665
16,2026-05-16,0,2026-05-16,wk inc flu prop ed visits,quantile,0.6,0.002122626086706397
17,2026-05-16,0,2026-05-16,wk inc flu prop ed visits,quantile,0.6,0.0012085970683773756
18,2026-05-16,0,2026-05-16,wk inc flu prop ed visits,quantile,0.6,0.0006825540304610259
19,2026-05-16,0,2026-05-16,wk inc flu prop ed visits,quantile,0.6,0.000749468027025957
20,2026-05-16,0,2026-05-16,wk inc flu prop ed visits,quantile,0.6,0.0009134813060882134
21,2026-05-16,0,2026-05-16,wk inc flu prop ed visits,quantile,0.6,0.0016727103762958473
22,2026-05-16,0,2026-05-16,wk inc flu prop ed visits,quantile,0.6,0.0017676934734520919
23,2026-05-16,0,2026-05-16,wk inc flu prop ed visits,quantile,0.6,0.0031906524216543507
24,2026-05-16,0,2026-05-16,wk inc flu prop ed visits,quantile,0.6,0.00181169211278113
25,2026-05-16,0,2026-05-16,wk inc flu prop ed visits,quantile,0.6,0.0022345487568989496
26,2026-05-16,0,2026-05-16,wk inc flu prop ed visits,quantile,0.6,0.0006031579707448825
27,2026-05-16,0,2026-05-16,wk inc flu prop ed visits,quantile,0.6,0.0029416659359409484
28,2026-05-16,0,2026-05-16,wk inc flu prop ed visits,quantile,0.6,0.0027404551870634057
30,2026-05-16,0,2026-05-16,wk inc flu prop ed visits,quantile,0.6,0.002204712928543037
31,2026-05-16,0,2026-05-16,wk inc flu prop ed visits,quantile,0.6,0.0013830497273735053
32,2026-05-16,0,2026-05-16,wk inc flu prop ed visits,quantile,0.6,0.009329166350155784
33,2026-05-16,0,2026-05-16,wk inc flu prop ed visits,quantile,0.6,0.0029002141441191675
34,2026-05-16,0,2026-05-16,wk inc flu prop ed visits,quantile,0.6,0.002655276515521028
35,2026-05-16,0,2026-05-16,wk inc flu prop ed visits,quantile,0.6,0.004699108559101199
36,2026-05-16,0,2026-05-16,wk inc flu prop ed visits,quantile,0.6,0.0026843941247594164
37,2026-05-16,0,2026-05-16,wk inc flu prop ed visits,quantile,0.6,0.007272368361840003
38,2026-05-16,0,2026-05-16,wk inc flu prop ed visits,quantile,0.6,0.002341223773836835
39,2026-05-16,0,2026-05-16,wk inc flu prop ed visits,quantile,0.6,0.00048015504793553446
40,2026-05-16,0,2026-05-16,wk inc flu prop ed visits,quantile,0.6,0.0015154901847917648
41,2026-05-16,0,2026-05-16,wk inc flu prop ed visits,quantile,0.6,0.0037578939583319385
42,2026-05-16,0,2026-05-16,wk inc flu prop ed visits,quantile,0.6,0.0016704790350100824
44,2026-05-16,0,2026-05-16,wk inc flu prop ed visits,quantile,0.6,0.0018671657469219879
45,2026-05-16,0,2026-05-16,wk inc flu prop ed visits,quantile,0.6,0.002497767160869556
46,2026-05-16,0,2026-05-16,wk inc flu prop ed visits,quantile,0.6,0.0010256908918240071
47,2026-05-16,0,2026-05-16,wk inc flu prop ed visits,quantile,0.6,0.0029373202847240453
48,2026-05-16,0,2026-05-16,wk inc flu prop ed visits,quantile,0.6,0.004244910724780764
49,2026-05-16,0,2026-05-16,wk inc flu prop ed visits,quantile,0.6,0.0016031727726209283
50,2026-05-16,0,2026-05-16,wk inc flu prop ed visits,quantile,0.6,0.002961259219641839
51,2026-05-16,0,2026-05-16,wk inc flu prop ed visits,quantile,0.6,0.0024969682946501225
53,2026-05-16,0,2026-05-16,wk inc flu prop ed visits,quantile,0.6,0.007358344008250539
54,2026-05-16,0,2026-05-16,wk inc flu prop ed visits,quantile,0.6,0.001867588830305569
55,2026-05-16,0,2026-05-16,wk inc flu prop ed visits,quantile,0.6,0.0011851081579196446
56,2026-05-16,0,2026-05-16,wk inc flu prop ed visits,quantile,0.6,0.010937358067546253
US,2026-05-16,0,2026-05-16,wk inc flu prop ed visits,quantile,0.6,0.0031355825626226113
01,2026-05-16,1,2026-05-23,wk inc flu prop ed visits,quantile,0.6,0.0030055570652928578
02,2026-05-16,1,2026-05-23,wk inc flu prop ed visits,quantile,0.6,0.0011987305962011237
04,2026-05-16,1,2026-05-23,wk inc flu prop ed visits,quantile,0.6,0.007652803571454651
05,2026-05-16,1,2026-05-23,wk inc flu prop ed visits,quantile,0.6,0.0022274660489544733
06,2026-05-16,1,2026-05-23,wk inc flu prop ed visits,quantile,0.6,0.004034963647511649
08,2026-05-16,1,2026-05-23,wk inc flu prop ed visits,quantile,0.6,0.003476897868631514
09,2026-05-16,1,2026-05-23,wk inc flu prop ed visits,quantile,0.6,0.002525185325780887
10,2026-05-16,1,2026-05-23,wk inc flu prop ed visits,quantile,0.6,0.0020147089003942297
11,2026-05-16,1,2026-05-23,wk inc flu prop ed visits,quantile,0.6,0.001360820843350174
12,2026-05-16,1,2026-05-23,wk inc flu prop ed visits,quantile,0.6,0.004709802597515776
13,2026-05-16,1,2026-05-23,wk inc flu prop ed visits,quantile,0.6,0.002210807842393241
15,2026-05-16,1,2026-05-23,wk inc flu prop ed visits,quantile,0.6,0.020977866710196365
16,2026-05-16,1,2026-05-23,wk inc flu prop ed visits,quantile,0.6,0.0020027007372105453
17,2026-05-16,1,2026-05-23,wk inc flu prop ed visits,quantile,0.6,0.0012311932271391684
18,2026-05-16,1,2026-05-23,wk inc flu prop ed visits,quantile,0.6,0.0006399990320753001
19,2026-05-16,1,2026-05-23,wk inc flu prop ed visits,quantile,0.6,0.0007370906929482252
20,2026-05-16,1,2026-05-23,wk inc flu prop ed visits,quantile,0.6,0.0011085011877208354
21,2026-05-16,1,2026-05-23,wk inc flu prop ed visits,quantile,0.6,0.001689016396550736
22,2026-05-16,1,2026-05-23,wk inc flu prop ed visits,quantile,0.6,0.0019588956575394265
23,2026-05-16,1,2026-05-23,wk inc flu prop ed visits,quantile,0.6,0.0030627061196983898
24,2026-05-16,1,2026-05-23,wk inc flu prop ed visits,quantile,0.6,0.0017295223979266617
25,2026-05-16,1,2026-05-23,wk inc flu prop ed visits,quantile,0.6,0.001971996260284834
26,2026-05-16,1,2026-05-23,wk inc flu prop ed visits,quantile,0.6,0.0006667412834011659
27,2026-05-16,1,2026-05-23,wk inc flu prop ed visits,quantile,0.6,0.002868857824209431
28,2026-05-16,1,2026-05-23,wk inc flu prop ed visits,quantile,0.6,0.002787951056099
30,2026-05-16,1,2026-05-23,wk inc flu prop ed visits,quantile,0.6,0.0023678949871666884
31,2026-05-16,1,2026-05-23,wk inc flu prop ed visits,quantile,0.6,0.0015637251151270108
32,2026-05-16,1,2026-05-23,wk inc flu prop ed visits,quantile,0.6,0.009902471545110585
33,2026-05-16,1,2026-05-23,wk inc flu prop ed visits,quantile,0.6,0.0028902241258866187
34,2026-05-16,1,2026-05-23,wk inc flu prop ed visits,quantile,0.6,0.0025457199334469422
35,2026-05-16,1,2026-05-23,wk inc flu prop ed visits,quantile,0.6,0.004794313114502483
36,2026-05-16,1,2026-05-23,wk inc flu prop ed visits,quantile,0.6,0.002685691699407318
37,2026-05-16,1,2026-05-23,wk inc flu prop ed visits,quantile,0.6,0.007829931446196604
38,2026-05-16,1,2026-05-23,wk inc flu prop ed visits,quantile,0.6,0.0020133295575701466
39,2026-05-16,1,2026-05-23,wk inc flu prop ed visits,quantile,0.6,0.00044902758296787147
40,2026-05-16,1,2026-05-23,wk inc flu prop ed visits,quantile,0.6,0.001612197783002403
41,2026-05-16,1,2026-05-23,wk inc flu prop ed visits,quantile,0.6,0.003804748176183546
42,2026-05-16,1,2026-05-23,wk inc flu prop ed visits,quantile,0.6,0.0016924452011518071
44,2026-05-16,1,2026-05-23,wk inc flu prop ed visits,quantile,0.6,0.0017665827492199019
45,2026-05-16,1,2026-05-23,wk inc flu prop ed visits,quantile,0.6,0.0027948345502049883
46,2026-05-16,1,2026-05-23,wk inc flu prop ed visits,quantile,0.6,0.0007898736729884169
47,2026-05-16,1,2026-05-23,wk inc flu prop ed visits,quantile,0.6,0.0031835461751973508
48,2026-05-16,1,2026-05-23,wk inc flu prop ed visits,quantile,0.6,0.004756675515604004
49,2026-05-16,1,2026-05-23,wk inc flu prop ed visits,quantile,0.6,0.0017378354056377604
50,2026-05-16,1,2026-05-23,wk inc flu prop ed visits,quantile,0.6,0.004078149851688822
51,2026-05-16,1,2026-05-23,wk inc flu prop ed visits,quantile,0.6,0.0026148032482961082
53,2026-05-16,1,2026-05-23,wk inc flu prop ed visits,quantile,0.6,0.0070382341025405125
54,2026-05-16,1,2026-05-23,wk inc flu prop ed visits,quantile,0.6,0.001782168422174287
55,2026-05-16,1,2026-05-23,wk inc flu prop ed visits,quantile,0.6,0.0011749622737838778
56,2026-05-16,1,2026-05-23,wk inc flu prop ed visits,quantile,0.6,0.012343195561849684
US,2026-05-16,1,2026-05-23,wk inc flu prop ed visits,quantile,0.6,0.0032731100753352563
01,2026-05-16,2,2026-05-30,wk inc flu prop ed visits,quantile,0.6,0.003480093678968761
02,2026-05-16,2,2026-05-30,wk inc flu prop ed visits,quantile,0.6,0.001303720140981336
04,2026-05-16,2,2026-05-30,wk inc flu prop ed visits,quantile,0.6,0.008122438055339241
05,2026-05-16,2,2026-05-30,wk inc flu prop ed visits,quantile,0.6,0.002515963680484982
06,2026-05-16,2,2026-05-30,wk inc flu prop ed visits,quantile,0.6,0.0042722384154940595
08,2026-05-16,2,2026-05-30,wk inc flu prop ed visits,quantile,0.6,0.0035118138793695597
09,2026-05-16,2,2026-05-30,wk inc flu prop ed visits,quantile,0.6,0.002470732974087531
10,2026-05-16,2,2026-05-30,wk inc flu prop ed visits,quantile,0.6,0.0022659299240706666
11,2026-05-16,2,2026-05-30,wk inc flu prop ed visits,quantile,0.6,0.0015538037866087556
12,2026-05-16,2,2026-05-30,wk inc flu prop ed visits,quantile,0.6,0.005217519275307792
13,2026-05-16,2,2026-05-30,wk inc flu prop ed visits,quantile,0.6,0.0025006715169362125
15,2026-05-16,2,2026-05-30,wk inc flu prop ed visits,quantile,0.6,0.02134336505695425
16,2026-05-16,2,2026-05-30,wk inc flu prop ed visits,quantile,0.6,0.0022221460507786954
17,2026-05-16,2,2026-05-30,wk inc flu prop ed visits,quantile,0.6,0.0013375146104303434
18,2026-05-16,2,2026-05-30,wk inc flu prop ed visits,quantile,0.6,0.0007148518948040865
19,2026-05-16,2,2026-05-30,wk inc flu prop ed visits,quantile,0.6,0.0007954583144241138
20,2026-05-16,2,2026-05-30,wk inc flu prop ed visits,quantile,0.6,0.0013075740382495302
21,2026-05-16,2,2026-05-30,wk inc flu prop ed visits,quantile,0.6,0.0019302881052157123
22,2026-05-16,2,2026-05-30,wk inc flu prop ed visits,quantile,0.6,0.00234695761443092
23,2026-05-16,2,2026-05-30,wk inc flu prop ed visits,quantile,0.6,0.0030027500025052818
24,2026-05-16,2,2026-05-30,wk inc flu prop ed visits,quantile,0.6,0.0018951023180498027
25,2026-05-16,2,2026-05-30,wk inc flu prop ed visits,quantile,0.6,0.0018544239091997509
26,2026-05-16,2,2026-05-30,wk inc flu prop ed visits,quantile,0.6,0.0007609858429045959
27,2026-05-16,2,2026-05-30,wk inc flu prop ed visits,quantile,0.6,0.002924994321731228
28,2026-05-16,2,2026-05-30,wk inc flu prop ed visits,quantile,0.6,0.0030566254762244977
30,2026-05-16,2,2026-05-30,wk inc flu prop ed visits,quantile,0.6,0.002723479188725279
31,2026-05-16,2,2026-05-30,wk inc flu prop ed visits,quantile,0.6,0.0016615789259489453
32,2026-05-16,2,2026-05-30,wk inc flu prop ed visits,quantile,0.6,0.010464932916183752
33,2026-05-16,2,2026-05-30,wk inc flu prop ed visits,quantile,0.6,0.0030535277120838766
34,2026-05-16,2,2026-05-30,wk inc flu prop ed visits,quantile,0.6,0.0026288611925348437
35,2026-05-16,2,2026-05-30,wk inc flu prop ed visits,quantile,0.6,0.00512246086724619
36,2026-05-16,2,2026-05-30,wk inc flu prop ed visits,quantile,0.6,0.002852749472694344
37,2026-05-16,2,2026-05-30,wk inc flu prop ed visits,quantile,0.6,0.008708600418580814
38,2026-05-16,2,2026-05-30,wk inc flu prop ed visits,quantile,0.6,0.0019309045274753895
39,2026-05-16,2,2026-05-30,wk inc flu prop ed visits,quantile,0.6,0.0005140498433163613
40,2026-05-16,2,2026-05-30,wk inc flu prop ed visits,quantile,0.6,0.0018488932512472655
41,2026-05-16,2,2026-05-30,wk inc flu prop ed visits,quantile,0.6,0.004074205518799614
42,2026-05-16,2,2026-05-30,wk inc flu prop ed visits,quantile,0.6,0.0017500550455190412
44,2026-05-16,2,2026-05-30,wk inc flu prop ed visits,quantile,0.6,0.0017098477777083003
45,2026-05-16,2,2026-05-30,wk inc flu prop ed visits,quantile,0.6,0.0032094781620170976
46,2026-05-16,2,2026-05-30,wk inc flu prop ed visits,quantile,0.6,0.0007871843515632059
47,2026-05-16,2,2026-05-30,wk inc flu prop ed visits,quantile,0.6,0.0035887051080981313
48,2026-05-16,2,2026-05-30,wk inc flu prop ed visits,quantile,0.6,0.005350014794117358
49,2026-05-16,2,2026-05-30,wk inc flu prop ed visits,quantile,0.6,0.0019786765284608584
50,2026-05-16,2,2026-05-30,wk inc flu prop ed visits,quantile,0.6,0.0048521194218926166
51,2026-05-16,2,2026-05-30,wk inc flu prop ed visits,quantile,0.6,0.0029262667131981423
53,2026-05-16,2,2026-05-30,wk inc flu prop ed visits,quantile,0.6,0.006885362684737294
54,2026-05-16,2,2026-05-30,wk inc flu prop ed visits,quantile,0.6,0.001745729348247317
55,2026-05-16,2,2026-05-30,wk inc flu prop ed visits,quantile,0.6,0.001199376090941
56,2026-05-16,2,2026-05-30,wk inc flu prop ed visits,quantile,0.6,0.013757621888502724
US,2026-05-16,2,2026-05-30,wk inc flu prop ed visits,quantile,0.6,0.0035062443819557742
01,2026-05-16,3,2026-06-06,wk inc flu prop ed visits,quantile,0.6,0.004127343407700097
02,2026-05-16,3,2026-06-06,wk inc flu prop ed visits,quantile,0.6,0.001367861163778723
04,2026-05-16,3,2026-06-06,wk inc flu prop ed visits,quantile,0.6,0.00854588129859064
05,2026-05-16,3,2026-06-06,wk inc flu prop ed visits,quantile,0.6,0.0028932777065089755
06,2026-05-16,3,2026-06-06,wk inc flu prop ed visits,quantile,0.6,0.004578533513172283
08,2026-05-16,3,2026-06-06,wk inc flu prop ed visits,quantile,0.6,0.003587308421747735
09,2026-05-16,3,2026-06-06,wk inc flu prop ed visits,quantile,0.6,0.002605274798175415
10,2026-05-16,3,2026-06-06,wk inc flu prop ed visits,quantile,0.6,0.0026688300001092287
11,2026-05-16,3,2026-06-06,wk inc flu prop ed visits,quantile,0.6,0.001755324727843505
12,2026-05-16,3,2026-06-06,wk inc flu prop ed visits,quantile,0.6,0.005936456458169727
13,2026-05-16,3,2026-06-06,wk inc flu prop ed visits,quantile,0.6,0.0028452253870041087
15,2026-05-16,3,2026-06-06,wk inc flu prop ed visits,quantile,0.6,0.021460636407017685
16,2026-05-16,3,2026-06-06,wk inc flu prop ed visits,quantile,0.6,0.0024045908371456903
17,2026-05-16,3,2026-06-06,wk inc flu prop ed visits,quantile,0.6,0.0015462373469324053
18,2026-05-16,3,2026-06-06,wk inc flu prop ed visits,quantile,0.6,0.0008526781564928223
19,2026-05-16,3,2026-06-06,wk inc flu prop ed visits,quantile,0.6,0.000940288947773191
20,2026-05-16,3,2026-06-06,wk inc flu prop ed visits,quantile,0.6,0.001607906743676434
21,2026-05-16,3,2026-06-06,wk inc flu prop ed visits,quantile,0.6,0.002382401727764856
22,2026-05-16,3,2026-06-06,wk inc flu prop ed visits,quantile,0.6,0.002870997829783191
23,2026-05-16,3,2026-06-06,wk inc flu prop ed visits,quantile,0.6,0.0031075849912905362
24,2026-05-16,3,2026-06-06,wk inc flu prop ed visits,quantile,0.6,0.002168928308808686
25,2026-05-16,3,2026-06-06,wk inc flu prop ed visits,quantile,0.6,0.0018710521668429787
26,2026-05-16,3,2026-06-06,wk inc flu prop ed visits,quantile,0.6,0.0009450635509659991
27,2026-05-16,3,2026-06-06,wk inc flu prop ed visits,quantile,0.6,0.003190539953150957
28,2026-05-16,3,2026-06-06,wk inc flu prop ed visits,quantile,0.6,0.0035080423017020547
30,2026-05-16,3,2026-06-06,wk inc flu prop ed visits,quantile,0.6,0.0030971173493036064
31,2026-05-16,3,2026-06-06,wk inc flu prop ed visits,quantile,0.6,0.0019680053159732112
32,2026-05-16,3,2026-06-06,wk inc flu prop ed visits,quantile,0.6,0.010845766088163945
33,2026-05-16,3,2026-06-06,wk inc flu prop ed visits,quantile,0.6,0.0032721905811479907
34,2026-05-16,3,2026-06-06,wk inc flu prop ed visits,quantile,0.6,0.0029127147662784576
35,2026-05-16,3,2026-06-06,wk inc flu prop ed visits,quantile,0.6,0.005571058425389626
36,2026-05-16,3,2026-06-06,wk inc flu prop ed visits,quantile,0.6,0.003138957568533898
37,2026-05-16,3,2026-06-06,wk inc flu prop ed visits,quantile,0.6,0.009738006490423083
38,2026-05-16,3,2026-06-06,wk inc flu prop ed visits,quantile,0.6,0.002080065685421641
39,2026-05-16,3,2026-06-06,wk inc flu prop ed visits,quantile,0.6,0.0006235061166978395
40,2026-05-16,3,2026-06-06,wk inc flu prop ed visits,quantile,0.6,0.0021192220847134867
41,2026-05-16,3,2026-06-06,wk inc flu prop ed visits,quantile,0.6,0.0044215346031213285
42,2026-05-16,3,2026-06-06,wk inc flu prop ed visits,quantile,0.6,0.0019640935567403323
44,2026-05-16,3,2026-06-06,wk inc flu prop ed visits,quantile,0.6,0.0017984332143179446
45,2026-05-16,3,2026-06-06,wk inc flu prop ed visits,quantile,0.6,0.003879468430234378
46,2026-05-16,3,2026-06-06,wk inc flu prop ed visits,quantile,0.6,0.0008557314560689687
47,2026-05-16,3,2026-06-06,wk inc flu prop ed visits,quantile,0.6,0.00413704824355636
48,2026-05-16,3,2026-06-06,wk inc flu prop ed visits,quantile,0.6,0.006128502770372437
49,2026-05-16,3,2026-06-06,wk inc flu prop ed visits,quantile,0.6,0.002285250183455113
50,2026-05-16,3,2026-06-06,wk inc flu prop ed visits,quantile,0.6,0.0057776947254320745
51,2026-05-16,3,2026-06-06,wk inc flu prop ed visits,quantile,0.6,0.003385203380561697
53,2026-05-16,3,2026-06-06,wk inc flu prop ed visits,quantile,0.6,0.006882576261362048
54,2026-05-16,3,2026-06-06,wk inc flu prop ed visits,quantile,0.6,0.0019451872829635431
55,2026-05-16,3,2026-06-06,wk inc flu prop ed visits,quantile,0.6,0.001305392019065304
56,2026-05-16,3,2026-06-06,wk inc flu prop ed visits,quantile,0.6,0.014752269393349598
US,2026-05-16,3,2026-06-06,wk inc flu prop ed visits,quantile,0.6,0.003982342062813695
01,2026-05-16,0,2026-05-16,wk inc flu prop ed visits,quantile,0.65,0.0029528654311380205
02,2026-05-16,0,2026-05-16,wk inc flu prop ed visits,quantile,0.65,0.001427161098601106
04,2026-05-16,0,2026-05-16,wk inc flu prop ed visits,quantile,0.65,0.0076551918607272815
05,2026-05-16,0,2026-05-16,wk inc flu prop ed visits,quantile,0.65,0.0021528441298490375
06,2026-05-16,0,2026-05-16,wk inc flu prop ed visits,quantile,0.65,0.004134054057499189
08,2026-05-16,0,2026-05-16,wk inc flu prop ed visits,quantile,0.65,0.003764230171786076
09,2026-05-16,0,2026-05-16,wk inc flu prop ed visits,quantile,0.65,0.0029103982931676046
10,2026-05-16,0,2026-05-16,wk inc flu prop ed visits,quantile,0.65,0.0020017988946943546
11,2026-05-16,0,2026-05-16,wk inc flu prop ed visits,quantile,0.65,0.0016587307596456929
12,2026-05-16,0,2026-05-16,wk inc flu prop ed visits,quantile,0.65,0.004455647304166456
13,2026-05-16,0,2026-05-16,wk inc flu prop ed visits,quantile,0.65,0.0021368573252510768
15,2026-05-16,0,2026-05-16,wk inc flu prop ed visits,quantile,0.65,0.02174323886413632
16,2026-05-16,0,2026-05-16,wk inc flu prop ed visits,quantile,0.65,0.0022628299019926503
17,2026-05-16,0,2026-05-16,wk inc flu prop ed visits,quantile,0.65,0.0012672798438084004
18,2026-05-16,0,2026-05-16,wk inc flu prop ed visits,quantile,0.65,0.0007334035923863314
19,2026-05-16,0,2026-05-16,wk inc flu prop ed visits,quantile,0.65,0.0008056358308268586
20,2026-05-16,0,2026-05-16,wk inc flu prop ed visits,quantile,0.65,0.0009796897052801801
21,2026-05-16,0,2026-05-16,wk inc flu prop ed visits,quantile,0.65,0.0017746627092931288
22,2026-05-16,0,2026-05-16,wk inc flu prop ed visits,quantile,0.65,0.0018663994856678973
23,2026-05-16,0,2026-05-16,wk inc flu prop ed visits,quantile,0.65,0.0033773058140621065
24,2026-05-16,0,2026-05-16,wk inc flu prop ed visits,quantile,0.65,0.0019069067446443404
25,2026-05-16,0,2026-05-16,wk inc flu prop ed visits,quantile,0.65,0.0023266972483552044
26,2026-05-16,0,2026-05-16,wk inc flu prop ed visits,quantile,0.65,0.000648010852720013
27,2026-05-16,0,2026-05-16,wk inc flu prop ed visits,quantile,0.65,0.0030859085938751774
28,2026-05-16,0,2026-05-16,wk inc flu prop ed visits,quantile,0.65,0.002868777048873243
30,2026-05-16,0,2026-05-16,wk inc flu prop ed visits,quantile,0.65,0.002405715686593953
31,2026-05-16,0,2026-05-16,wk inc flu prop ed visits,quantile,0.65,0.0014864605987110929
32,2026-05-16,0,2026-05-16,wk inc flu prop ed visits,quantile,0.65,0.009606856345106931
33,2026-05-16,0,2026-05-16,wk inc flu prop ed visits,quantile,0.65,0.0030805894105766065
34,2026-05-16,0,2026-05-16,wk inc flu prop ed visits,quantile,0.65,0.0027659261692060196
35,2026-05-16,0,2026-05-16,wk inc flu prop ed visits,quantile,0.65,0.004921516390708919
36,2026-05-16,0,2026-05-16,wk inc flu prop ed visits,quantile,0.65,0.0027842669390732823
37,2026-05-16,0,2026-05-16,wk inc flu prop ed visits,quantile,0.65,0.007502166482991607
38,2026-05-16,0,2026-05-16,wk inc flu prop ed visits,quantile,0.65,0.0025426458745054694
39,2026-05-16,0,2026-05-16,wk inc flu prop ed visits,quantile,0.65,0.0005183772658986714
40,2026-05-16,0,2026-05-16,wk inc flu prop ed visits,quantile,0.65,0.0016267973239461378
41,2026-05-16,0,2026-05-16,wk inc flu prop ed visits,quantile,0.65,0.003904958499709577
42,2026-05-16,0,2026-05-16,wk inc flu prop ed visits,quantile,0.65,0.0017517861470752814
44,2026-05-16,0,2026-05-16,wk inc flu prop ed visits,quantile,0.65,0.001996234315556305
45,2026-05-16,0,2026-05-16,wk inc flu prop ed visits,quantile,0.65,0.002616054195304171
46,2026-05-16,0,2026-05-16,wk inc flu prop ed visits,quantile,0.65,0.0011447247334195542
47,2026-05-16,0,2026-05-16,wk inc flu prop ed visits,quantile,0.65,0.0030771977924283133
48,2026-05-16,0,2026-05-16,wk inc flu prop ed visits,quantile,0.65,0.004394734674935245
49,2026-05-16,0,2026-05-16,wk inc flu prop ed visits,quantile,0.65,0.0016936098379476087
50,2026-05-16,0,2026-05-16,wk inc flu prop ed visits,quantile,0.65,0.0032626999396773164
51,2026-05-16,0,2026-05-16,wk inc flu prop ed visits,quantile,0.65,0.002606388591947265
53,2026-05-16,0,2026-05-16,wk inc flu prop ed visits,quantile,0.65,0.007616058590982547
54,2026-05-16,0,2026-05-16,wk inc flu prop ed visits,quantile,0.65,0.0019842610360365593
55,2026-05-16,0,2026-05-16,wk inc flu prop ed visits,quantile,0.65,0.0012559276431382907
56,2026-05-16,0,2026-05-16,wk inc flu prop ed visits,quantile,0.65,0.011772463824063849
US,2026-05-16,0,2026-05-16,wk inc flu prop ed visits,quantile,0.65,0.003243242034102995
01,2026-05-16,1,2026-05-23,wk inc flu prop ed visits,quantile,0.65,0.0032855017267657853
02,2026-05-16,1,2026-05-23,wk inc flu prop ed visits,quantile,0.65,0.0013870596467001868
04,2026-05-16,1,2026-05-23,wk inc flu prop ed visits,quantile,0.65,0.008074727229338307
05,2026-05-16,1,2026-05-23,wk inc flu prop ed visits,quantile,0.65,0.0024843372386937784
06,2026-05-16,1,2026-05-23,wk inc flu prop ed visits,quantile,0.65,0.004243136282871865
08,2026-05-16,1,2026-05-23,wk inc flu prop ed visits,quantile,0.65,0.0036747456944926536
09,2026-05-16,1,2026-05-23,wk inc flu prop ed visits,quantile,0.65,0.0027277078140715044
10,2026-05-16,1,2026-05-23,wk inc flu prop ed visits,quantile,0.65,0.0022621514193613716
11,2026-05-16,1,2026-05-23,wk inc flu prop ed visits,quantile,0.65,0.0015622638344865096
12,2026-05-16,1,2026-05-23,wk inc flu prop ed visits,quantile,0.65,0.004911702914253996
13,2026-05-16,1,2026-05-23,wk inc flu prop ed visits,quantile,0.65,0.0023817079747402935
15,2026-05-16,1,2026-05-23,wk inc flu prop ed visits,quantile,0.65,0.022173015354787697
16,2026-05-16,1,2026-05-23,wk inc flu prop ed visits,quantile,0.65,0.002261656795684879
17,2026-05-16,1,2026-05-23,wk inc flu prop ed visits,quantile,0.65,0.0013400164277817374
18,2026-05-16,1,2026-05-23,wk inc flu prop ed visits,quantile,0.65,0.0007209545234584173
19,2026-05-16,1,2026-05-23,wk inc flu prop ed visits,quantile,0.65,0.00083244086381524
20,2026-05-16,1,2026-05-23,wk inc flu prop ed visits,quantile,0.65,0.0012329003072238751
21,2026-05-16,1,2026-05-23,wk inc flu prop ed visits,quantile,0.65,0.001896311734116393
22,2026-05-16,1,2026-05-23,wk inc flu prop ed visits,quantile,0.65,0.002107424713627597
23,2026-05-16,1,2026-05-23,wk inc flu prop ed visits,quantile,0.65,0.0033672100118420896
24,2026-05-16,1,2026-05-23,wk inc flu prop ed visits,quantile,0.65,0.0018813472757192883
25,2026-05-16,1,2026-05-23,wk inc flu prop ed visits,quantile,0.65,0.002153883142907501
26,2026-05-16,1,2026-05-23,wk inc flu prop ed visits,quantile,0.65,0.0007313541271145381
27,2026-05-16,1,2026-05-23,wk inc flu prop ed visits,quantile,0.65,0.0031252187396594334
28,2026-05-16,1,2026-05-23,wk inc flu prop ed visits,quantile,0.65,0.003035936556871594
30,2026-05-16,1,2026-05-23,wk inc flu prop ed visits,quantile,0.65,0.0027087053914107793
31,2026-05-16,1,2026-05-23,wk inc flu prop ed visits,quantile,0.65,0.0017396097316722044
32,2026-05-16,1,2026-05-23,wk inc flu prop ed visits,quantile,0.65,0.010330452389770865
33,2026-05-16,1,2026-05-23,wk inc flu prop ed visits,quantile,0.65,0.003254659585696585
34,2026-05-16,1,2026-05-23,wk inc flu prop ed visits,quantile,0.65,0.002738278446014653
35,2026-05-16,1,2026-05-23,wk inc flu prop ed visits,quantile,0.65,0.00516251638046426
36,2026-05-16,1,2026-05-23,wk inc flu prop ed visits,quantile,0.65,0.002883015847455362
37,2026-05-16,1,2026-05-23,wk inc flu prop ed visits,quantile,0.65,0.008240024222586587
38,2026-05-16,1,2026-05-23,wk inc flu prop ed visits,quantile,0.65,0.002253887410053433
39,2026-05-16,1,2026-05-23,wk inc flu prop ed visits,quantile,0.65,0.0005247346052180743
40,2026-05-16,1,2026-05-23,wk inc flu prop ed visits,quantile,0.65,0.0017782936175839434
41,2026-05-16,1,2026-05-23,wk inc flu prop ed visits,quantile,0.65,0.004079764609346699
42,2026-05-16,1,2026-05-23,wk inc flu prop ed visits,quantile,0.65,0.001832413604404049
44,2026-05-16,1,2026-05-23,wk inc flu prop ed visits,quantile,0.65,0.001973548237441575
45,2026-05-16,1,2026-05-23,wk inc flu prop ed visits,quantile,0.65,0.0030804839808893534
46,2026-05-16,1,2026-05-23,wk inc flu prop ed visits,quantile,0.65,0.0009406310707859033
47,2026-05-16,1,2026-05-23,wk inc flu prop ed visits,quantile,0.65,0.0034652241544395183
48,2026-05-16,1,2026-05-23,wk inc flu prop ed visits,quantile,0.65,0.0050558417802167195
49,2026-05-16,1,2026-05-23,wk inc flu prop ed visits,quantile,0.65,0.0019009607420637867
50,2026-05-16,1,2026-05-23,wk inc flu prop ed visits,quantile,0.65,0.004618840491327568
51,2026-05-16,1,2026-05-23,wk inc flu prop ed visits,quantile,0.65,0.0028293900609961575
53,2026-05-16,1,2026-05-23,wk inc flu prop ed visits,quantile,0.65,0.007424549324841129
54,2026-05-16,1,2026-05-23,wk inc flu prop ed visits,quantile,0.65,0.001996209612535072
55,2026-05-16,1,2026-05-23,wk inc flu prop ed visits,quantile,0.65,0.0012885307473355786
56,2026-05-16,1,2026-05-23,wk inc flu prop ed visits,quantile,0.65,0.013796644955912407
US,2026-05-16,1,2026-05-23,wk inc flu prop ed visits,quantile,0.65,0.00342082081323449
01,2026-05-16,2,2026-05-30,wk inc flu prop ed visits,quantile,0.65,0.0038311407133666225
02,2026-05-16,2,2026-05-30,wk inc flu prop ed visits,quantile,0.65,0.001600078498625962
04,2026-05-16,2,2026-05-30,wk inc flu prop ed visits,quantile,0.65,0.008749784616283183
05,2026-05-16,2,2026-05-30,wk inc flu prop ed visits,quantile,0.65,0.002964276649839099
06,2026-05-16,2,2026-05-30,wk inc flu prop ed visits,quantile,0.65,0.004556588724676614
08,2026-05-16,2,2026-05-30,wk inc flu prop ed visits,quantile,0.65,0.0037859492441471693
09,2026-05-16,2,2026-05-30,wk inc flu prop ed visits,quantile,0.65,0.002764306904316125
10,2026-05-16,2,2026-05-30,wk inc flu prop ed visits,quantile,0.65,0.0026081682651532363
11,2026-05-16,2,2026-05-30,wk inc flu prop ed visits,quantile,0.65,0.0018025984691567827
12,2026-05-16,2,2026-05-30,wk inc flu prop ed visits,quantile,0.65,0.0055000139808735644
13,2026-05-16,2,2026-05-30,wk inc flu prop ed visits,quantile,0.65,0.0027944367467819
15,2026-05-16,2,2026-05-30,wk inc flu prop ed visits,quantile,0.65,0.023010601488374863
16,2026-05-16,2,2026-05-30,wk inc flu prop ed visits,quantile,0.65,0.0025830139216552746
17,2026-05-16,2,2026-05-30,wk inc flu prop ed visits,quantile,0.65,0.0015269286964480773
18,2026-05-16,2,2026-05-30,wk inc flu prop ed visits,quantile,0.65,0.0008309477224571778
19,2026-05-16,2,2026-05-30,wk inc flu prop ed visits,quantile,0.65,0.0009448395459204571
20,2026-05-16,2,2026-05-30,wk inc flu prop ed visits,quantile,0.65,0.0015485665639796283
21,2026-05-16,2,2026-05-30,wk inc flu prop ed visits,quantile,0.65,0.0022358291115844994
22,2026-05-16,2,2026-05-30,wk inc flu prop ed visits,quantile,0.65,0.002591150239846221
23,2026-05-16,2,2026-05-30,wk inc flu prop ed visits,quantile,0.65,0.0034396000530577935
24,2026-05-16,2,2026-05-30,wk inc flu prop ed visits,quantile,0.65,0.002141634280009228
25,2026-05-16,2,2026-05-30,wk inc flu prop ed visits,quantile,0.65,0.0021015626287337504
26,2026-05-16,2,2026-05-30,wk inc flu prop ed visits,quantile,0.65,0.0008710059527989401
27,2026-05-16,2,2026-05-30,wk inc flu prop ed visits,quantile,0.65,0.003287154964020774
28,2026-05-16,2,2026-05-30,wk inc flu prop ed visits,quantile,0.65,0.0034200139592491146
30,2026-05-16,2,2026-05-30,wk inc flu prop ed visits,quantile,0.65,0.0031744963011422823
31,2026-05-16,2,2026-05-30,wk inc flu prop ed visits,quantile,0.65,0.0019179448719813875
32,2026-05-16,2,2026-05-30,wk inc flu prop ed visits,quantile,0.65,0.011109123292355715
33,2026-05-16,2,2026-05-30,wk inc flu prop ed visits,quantile,0.65,0.0035343818178414266
34,2026-05-16,2,2026-05-30,wk inc flu prop ed visits,quantile,0.65,0.002943170691578963
35,2026-05-16,2,2026-05-30,wk inc flu prop ed visits,quantile,0.65,0.005631397963017607
36,2026-05-16,2,2026-05-30,wk inc flu prop ed visits,quantile,0.65,0.00310732075588756
37,2026-05-16,2,2026-05-30,wk inc flu prop ed visits,quantile,0.65,0.009313488008932195
38,2026-05-16,2,2026-05-30,wk inc flu prop ed visits,quantile,0.65,0.002315670667654801
39,2026-05-16,2,2026-05-30,wk inc flu prop ed visits,quantile,0.65,0.0006148176448679358
40,2026-05-16,2,2026-05-30,wk inc flu prop ed visits,quantile,0.65,0.0021562439862049462
41,2026-05-16,2,2026-05-30,wk inc flu prop ed visits,quantile,0.65,0.0044691496654626385
42,2026-05-16,2,2026-05-30,wk inc flu prop ed visits,quantile,0.65,0.0019225041057823952
44,2026-05-16,2,2026-05-30,wk inc flu prop ed visits,quantile,0.65,0.0020044603013313605
45,2026-05-16,2,2026-05-30,wk inc flu prop ed visits,quantile,0.65,0.0035893788852775165
46,2026-05-16,2,2026-05-30,wk inc flu prop ed visits,quantile,0.65,0.0010552408533788
47,2026-05-16,2,2026-05-30,wk inc flu prop ed visits,quantile,0.65,0.0039951970844836525
48,2026-05-16,2,2026-05-30,wk inc flu prop ed visits,quantile,0.65,0.0057615178954240134
49,2026-05-16,2,2026-05-30,wk inc flu prop ed visits,quantile,0.65,0.002236666134792906
50,2026-05-16,2,2026-05-30,wk inc flu prop ed visits,quantile,0.65,0.005758706471914839
51,2026-05-16,2,2026-05-30,wk inc flu prop ed visits,quantile,0.65,0.0032520936018528793
53,2026-05-16,2,2026-05-30,wk inc flu prop ed visits,quantile,0.65,0.007402465002885634
54,2026-05-16,2,2026-05-30,wk inc flu prop ed visits,quantile,0.65,0.001983242566675268
55,2026-05-16,2,2026-05-30,wk inc flu prop ed visits,quantile,0.65,0.0013431959544736788
56,2026-05-16,2,2026-05-30,wk inc flu prop ed visits,quantile,0.65,0.015992793841886933
US,2026-05-16,2,2026-05-30,wk inc flu prop ed visits,quantile,0.65,0.003772525784110495
01,2026-05-16,3,2026-06-06,wk inc flu prop ed visits,quantile,0.65,0.004655101937195016
02,2026-05-16,3,2026-06-06,wk inc flu prop ed visits,quantile,0.65,0.0017009694336433926
04,2026-05-16,3,2026-06-06,wk inc flu prop ed visits,quantile,0.65,0.009351087463794882
05,2026-05-16,3,2026-06-06,wk inc flu prop ed visits,quantile,0.65,0.0034773063581677753
06,2026-05-16,3,2026-06-06,wk inc flu prop ed visits,quantile,0.65,0.004906215722527011
08,2026-05-16,3,2026-06-06,wk inc flu prop ed visits,quantile,0.65,0.003923496334376365
09,2026-05-16,3,2026-06-06,wk inc flu prop ed visits,quantile,0.65,0.003020491342399028
10,2026-05-16,3,2026-06-06,wk inc flu prop ed visits,quantile,0.65,0.0031914450229640723
11,2026-05-16,3,2026-06-06,wk inc flu prop ed visits,quantile,0.65,0.0022002196161787614
12,2026-05-16,3,2026-06-06,wk inc flu prop ed visits,quantile,0.65,0.006404547587130843
13,2026-05-16,3,2026-06-06,wk inc flu prop ed visits,quantile,0.65,0.0033252315496848546
15,2026-05-16,3,2026-06-06,wk inc flu prop ed visits,quantile,0.65,0.02412623317366709
16,2026-05-16,3,2026-06-06,wk inc flu prop ed visits,quantile,0.65,0.0029300794134280656
17,2026-05-16,3,2026-06-06,wk inc flu prop ed visits,quantile,0.65,0.0017866750902635294
18,2026-05-16,3,2026-06-06,wk inc flu prop ed visits,quantile,0.65,0.001032364165434064
19,2026-05-16,3,2026-06-06,wk inc flu prop ed visits,quantile,0.65,0.0011149319152425321
20,2026-05-16,3,2026-06-06,wk inc flu prop ed visits,quantile,0.65,0.001938010354873675
21,2026-05-16,3,2026-06-06,wk inc flu prop ed visits,quantile,0.65,0.002737224000727509
22,2026-05-16,3,2026-06-06,wk inc flu prop ed visits,quantile,0.65,0.003313020345475026
23,2026-05-16,3,2026-06-06,wk inc flu prop ed visits,quantile,0.65,0.003657635119633805
24,2026-05-16,3,2026-06-06,wk inc flu prop ed visits,quantile,0.65,0.0025206201470439676
25,2026-05-16,3,2026-06-06,wk inc flu prop ed visits,quantile,0.65,0.002174992153328231
26,2026-05-16,3,2026-06-06,wk inc flu prop ed visits,quantile,0.65,0.0011106295632565947
27,2026-05-16,3,2026-06-06,wk inc flu prop ed visits,quantile,0.65,0.0036621931224578297
28,2026-05-16,3,2026-06-06,wk inc flu prop ed visits,quantile,0.65,0.004026911797583332
30,2026-05-16,3,2026-06-06,wk inc flu prop ed visits,quantile,0.65,0.0037892015659195177
31,2026-05-16,3,2026-06-06,wk inc flu prop ed visits,quantile,0.65,0.0023023543837874627
32,2026-05-16,3,2026-06-06,wk inc flu prop ed visits,quantile,0.65,0.011765329014920016
33,2026-05-16,3,2026-06-06,wk inc flu prop ed visits,quantile,0.65,0.003993378832135417
34,2026-05-16,3,2026-06-06,wk inc flu prop ed visits,quantile,0.65,0.00332238945270898
35,2026-05-16,3,2026-06-06,wk inc flu prop ed visits,quantile,0.65,0.006309112191766132
36,2026-05-16,3,2026-06-06,wk inc flu prop ed visits,quantile,0.65,0.0034664067580530583
37,2026-05-16,3,2026-06-06,wk inc flu prop ed visits,quantile,0.65,0.010700553610178475
38,2026-05-16,3,2026-06-06,wk inc flu prop ed visits,quantile,0.65,0.0026709222062778603
39,2026-05-16,3,2026-06-06,wk inc flu prop ed visits,quantile,0.65,0.0007598548777987562
40,2026-05-16,3,2026-06-06,wk inc flu prop ed visits,quantile,0.65,0.002526445009599997
41,2026-05-16,3,2026-06-06,wk inc flu prop ed visits,quantile,0.65,0.004928948971159936
42,2026-05-16,3,2026-06-06,wk inc flu prop ed visits,quantile,0.65,0.0022147238259908283
44,2026-05-16,3,2026-06-06,wk inc flu prop ed visits,quantile,0.65,0.0021684507680222336
45,2026-05-16,3,2026-06-06,wk inc flu prop ed visits,quantile,0.65,0.004367022825741647
46,2026-05-16,3,2026-06-06,wk inc flu prop ed visits,quantile,0.65,0.00115268039426479
47,2026-05-16,3,2026-06-06,wk inc flu prop ed visits,quantile,0.65,0.0047501614683269555
48,2026-05-16,3,2026-06-06,wk inc flu prop ed visits,quantile,0.65,0.006612489776111386
49,2026-05-16,3,2026-06-06,wk inc flu prop ed visits,quantile,0.65,0.002671957303991119
50,2026-05-16,3,2026-06-06,wk inc flu prop ed visits,quantile,0.65,0.007314814026031548
51,2026-05-16,3,2026-06-06,wk inc flu prop ed visits,quantile,0.65,0.003779088276095856
53,2026-05-16,3,2026-06-06,wk inc flu prop ed visits,quantile,0.65,0.007559096329399348
54,2026-05-16,3,2026-06-06,wk inc flu prop ed visits,quantile,0.65,0.0023263992761983743
55,2026-05-16,3,2026-06-06,wk inc flu prop ed visits,quantile,0.65,0.0015388066721458225
56,2026-05-16,3,2026-06-06,wk inc flu prop ed visits,quantile,0.65,0.017916493995561077
US,2026-05-16,3,2026-06-06,wk inc flu prop ed visits,quantile,0.65,0.0043258307311591325
01,2026-05-16,0,2026-05-16,wk inc flu prop ed visits,quantile,0.7,0.0030998444956233657
02,2026-05-16,0,2026-05-16,wk inc flu prop ed visits,quantile,0.7,0.0015394222555385592
04,2026-05-16,0,2026-05-16,wk inc flu prop ed visits,quantile,0.7,0.007899959424616413
05,2026-05-16,0,2026-05-16,wk inc flu prop ed visits,quantile,0.7,0.0022753035714527304
06,2026-05-16,0,2026-05-16,wk inc flu prop ed visits,quantile,0.7,0.004253437466473411
08,2026-05-16,0,2026-05-16,wk inc flu prop ed visits,quantile,0.7,0.0039202878300996615
09,2026-05-16,0,2026-05-16,wk inc flu prop ed visits,quantile,0.7,0.0030520562753717727
10,2026-05-16,0,2026-05-16,wk inc flu prop ed visits,quantile,0.7,0.0021629368650829058
11,2026-05-16,0,2026-05-16,wk inc flu prop ed visits,quantile,0.7,0.0017934246860506014
12,2026-05-16,0,2026-05-16,wk inc flu prop ed visits,quantile,0.7,0.004587015267436576
13,2026-05-16,0,2026-05-16,wk inc flu prop ed visits,quantile,0.7,0.0022567746948968627
15,2026-05-16,0,2026-05-16,wk inc flu prop ed visits,quantile,0.7,0.022469349719864445
16,2026-05-16,0,2026-05-16,wk inc flu prop ed visits,quantile,0.7,0.0024203973223058377
17,2026-05-16,0,2026-05-16,wk inc flu prop ed visits,quantile,0.7,0.0013254483706978018
18,2026-05-16,0,2026-05-16,wk inc flu prop ed visits,quantile,0.7,0.0007872133097898667
19,2026-05-16,0,2026-05-16,wk inc flu prop ed visits,quantile,0.7,0.0008702578327531773
20,2026-05-16,0,2026-05-16,wk inc flu prop ed visits,quantile,0.7,0.0010515558445311933
21,2026-05-16,0,2026-05-16,wk inc flu prop ed visits,quantile,0.7,0.0018735969702420893
22,2026-05-16,0,2026-05-16,wk inc flu prop ed visits,quantile,0.7,0.0019796893995321922
23,2026-05-16,0,2026-05-16,wk inc flu prop ed visits,quantile,0.7,0.003555303308324545
24,2026-05-16,0,2026-05-16,wk inc flu prop ed visits,quantile,0.7,0.0020005841865720865
25,2026-05-16,0,2026-05-16,wk inc flu prop ed visits,quantile,0.7,0.002432828035479245
26,2026-05-16,0,2026-05-16,wk inc flu prop ed visits,quantile,0.7,0.0006875844147870231
27,2026-05-16,0,2026-05-16,wk inc flu prop ed visits,quantile,0.7,0.0032750865209448354
28,2026-05-16,0,2026-05-16,wk inc flu prop ed visits,quantile,0.7,0.0030153416013714235
30,2026-05-16,0,2026-05-16,wk inc flu prop ed visits,quantile,0.7,0.0025791638891366053
31,2026-05-16,0,2026-05-16,wk inc flu prop ed visits,quantile,0.7,0.0015668683176128428
32,2026-05-16,0,2026-05-16,wk inc flu prop ed visits,quantile,0.7,0.009933434345425849
33,2026-05-16,0,2026-05-16,wk inc flu prop ed visits,quantile,0.7,0.0033450076501341562
34,2026-05-16,0,2026-05-16,wk inc flu prop ed visits,quantile,0.7,0.0028863876342925033
35,2026-05-16,0,2026-05-16,wk inc flu prop ed visits,quantile,0.7,0.005162047611530333
36,2026-05-16,0,2026-05-16,wk inc flu prop ed visits,quantile,0.7,0.0028917796555260693
37,2026-05-16,0,2026-05-16,wk inc flu prop ed visits,quantile,0.7,0.00777314849105784
38,2026-05-16,0,2026-05-16,wk inc flu prop ed visits,quantile,0.7,0.0027527093861074597
39,2026-05-16,0,2026-05-16,wk inc flu prop ed visits,quantile,0.7,0.000562766651146858
40,2026-05-16,0,2026-05-16,wk inc flu prop ed visits,quantile,0.7,0.0017348205373076044
41,2026-05-16,0,2026-05-16,wk inc flu prop ed visits,quantile,0.7,0.00409876192675218
42,2026-05-16,0,2026-05-16,wk inc flu prop ed visits,quantile,0.7,0.0018409615084112345
44,2026-05-16,0,2026-05-16,wk inc flu prop ed visits,quantile,0.7,0.002124819232908769
45,2026-05-16,0,2026-05-16,wk inc flu prop ed visits,quantile,0.7,0.0027447572432377897
46,2026-05-16,0,2026-05-16,wk inc flu prop ed visits,quantile,0.7,0.0012645147012860045
47,2026-05-16,0,2026-05-16,wk inc flu prop ed visits,quantile,0.7,0.003233700499362398
48,2026-05-16,0,2026-05-16,wk inc flu prop ed visits,quantile,0.7,0.004551630731283966
49,2026-05-16,0,2026-05-16,wk inc flu prop ed visits,quantile,0.7,0.0017801357898371293
50,2026-05-16,0,2026-05-16,wk inc flu prop ed visits,quantile,0.7,0.003621791742888773
51,2026-05-16,0,2026-05-16,wk inc flu prop ed visits,quantile,0.7,0.002756955018049307
53,2026-05-16,0,2026-05-16,wk inc flu prop ed visits,quantile,0.7,0.007855506830961723
54,2026-05-16,0,2026-05-16,wk inc flu prop ed visits,quantile,0.7,0.002122865747825807
55,2026-05-16,0,2026-05-16,wk inc flu prop ed visits,quantile,0.7,0.0013238464655679783
56,2026-05-16,0,2026-05-16,wk inc flu prop ed visits,quantile,0.7,0.012444076170893182
US,2026-05-16,0,2026-05-16,wk inc flu prop ed visits,quantile,0.7,0.003350004060740079
01,2026-05-16,1,2026-05-23,wk inc flu prop ed visits,quantile,0.7,0.0035787817759726044
02,2026-05-16,1,2026-05-23,wk inc flu prop ed visits,quantile,0.7,0.0016031925677675695
04,2026-05-16,1,2026-05-23,wk inc flu prop ed visits,quantile,0.7,0.008535190812531963
05,2026-05-16,1,2026-05-23,wk inc flu prop ed visits,quantile,0.7,0.0027086665756656174
06,2026-05-16,1,2026-05-23,wk inc flu prop ed visits,quantile,0.7,0.0044504080567657955
08,2026-05-16,1,2026-05-23,wk inc flu prop ed visits,quantile,0.7,0.003941146926337448
09,2026-05-16,1,2026-05-23,wk inc flu prop ed visits,quantile,0.7,0.0029823177440149347
10,2026-05-16,1,2026-05-23,wk inc flu prop ed visits,quantile,0.7,0.0025482432648228862
11,2026-05-16,1,2026-05-23,wk inc flu prop ed visits,quantile,0.7,0.0017521484087984175
12,2026-05-16,1,2026-05-23,wk inc flu prop ed visits,quantile,0.7,0.005126176266513012
13,2026-05-16,1,2026-05-23,wk inc flu prop ed visits,quantile,0.7,0.0026192472696441767
15,2026-05-16,1,2026-05-23,wk inc flu prop ed visits,quantile,0.7,0.023566935923526763
16,2026-05-16,1,2026-05-23,wk inc flu prop ed visits,quantile,0.7,0.0025319717136719484
17,2026-05-16,1,2026-05-23,wk inc flu prop ed visits,quantile,0.7,0.0014504691657443935
18,2026-05-16,1,2026-05-23,wk inc flu prop ed visits,quantile,0.7,0.0008324512440200092
19,2026-05-16,1,2026-05-23,wk inc flu prop ed visits,quantile,0.7,0.0009493043827854354
20,2026-05-16,1,2026-05-23,wk inc flu prop ed visits,quantile,0.7,0.0013887477249683244
21,2026-05-16,1,2026-05-23,wk inc flu prop ed visits,quantile,0.7,0.002118540094600606
22,2026-05-16,1,2026-05-23,wk inc flu prop ed visits,quantile,0.7,0.002295678521085521
23,2026-05-16,1,2026-05-23,wk inc flu prop ed visits,quantile,0.7,0.0037216405321783418
24,2026-05-16,1,2026-05-23,wk inc flu prop ed visits,quantile,0.7,0.0020689487615296754
25,2026-05-16,1,2026-05-23,wk inc flu prop ed visits,quantile,0.7,0.002331972269204891
26,2026-05-16,1,2026-05-23,wk inc flu prop ed visits,quantile,0.7,0.0008060706286676248
27,2026-05-16,1,2026-05-23,wk inc flu prop ed visits,quantile,0.7,0.003464974998335025
28,2026-05-16,1,2026-05-23,wk inc flu prop ed visits,quantile,0.7,0.003293456709316821
30,2026-05-16,1,2026-05-23,wk inc flu prop ed visits,quantile,0.7,0.003189558408492968
31,2026-05-16,1,2026-05-23,wk inc flu prop ed visits,quantile,0.7,0.001971992213400456
32,2026-05-16,1,2026-05-23,wk inc flu prop ed visits,quantile,0.7,0.010890648130939208
33,2026-05-16,1,2026-05-23,wk inc flu prop ed visits,quantile,0.7,0.003691336124560395
34,2026-05-16,1,2026-05-23,wk inc flu prop ed visits,quantile,0.7,0.0029383117873593694
35,2026-05-16,1,2026-05-23,wk inc flu prop ed visits,quantile,0.7,0.0056217786351647646
36,2026-05-16,1,2026-05-23,wk inc flu prop ed visits,quantile,0.7,0.0030863495478610265
37,2026-05-16,1,2026-05-23,wk inc flu prop ed visits,quantile,0.7,0.008635779492351666
38,2026-05-16,1,2026-05-23,wk inc flu prop ed visits,quantile,0.7,0.0025983788906837773
39,2026-05-16,1,2026-05-23,wk inc flu prop ed visits,quantile,0.7,0.0005997068818539379
40,2026-05-16,1,2026-05-23,wk inc flu prop ed visits,quantile,0.7,0.0019416192360566923
41,2026-05-16,1,2026-05-23,wk inc flu prop ed visits,quantile,0.7,0.004396103977006912
42,2026-05-16,1,2026-05-23,wk inc flu prop ed visits,quantile,0.7,0.0019818453686358036
44,2026-05-16,1,2026-05-23,wk inc flu prop ed visits,quantile,0.7,0.002260585276856446
45,2026-05-16,1,2026-05-23,wk inc flu prop ed visits,quantile,0.7,0.0033192373002888993
46,2026-05-16,1,2026-05-23,wk inc flu prop ed visits,quantile,0.7,0.0011656092578180301
47,2026-05-16,1,2026-05-23,wk inc flu prop ed visits,quantile,0.7,0.003742821862898004
48,2026-05-16,1,2026-05-23,wk inc flu prop ed visits,quantile,0.7,0.0053701452968190535
49,2026-05-16,1,2026-05-23,wk inc flu prop ed visits,quantile,0.7,0.0020795712352856856
50,2026-05-16,1,2026-05-23,wk inc flu prop ed visits,quantile,0.7,0.005379151226383897
51,2026-05-16,1,2026-05-23,wk inc flu prop ed visits,quantile,0.7,0.0030454957587989096
53,2026-05-16,1,2026-05-23,wk inc flu prop ed visits,quantile,0.7,0.007779456825311587
54,2026-05-16,1,2026-05-23,wk inc flu prop ed visits,quantile,0.7,0.0021611867449512086
55,2026-05-16,1,2026-05-23,wk inc flu prop ed visits,quantile,0.7,0.0014227820863155325
56,2026-05-16,1,2026-05-23,wk inc flu prop ed visits,quantile,0.7,0.015623191537814593
US,2026-05-16,1,2026-05-23,wk inc flu prop ed visits,quantile,0.7,0.0036017656952181828
01,2026-05-16,2,2026-05-30,wk inc flu prop ed visits,quantile,0.7,0.004411911395796178
02,2026-05-16,2,2026-05-30,wk inc flu prop ed visits,quantile,0.7,0.0019563597598938817
04,2026-05-16,2,2026-05-30,wk inc flu prop ed visits,quantile,0.7,0.009359629855964613
05,2026-05-16,2,2026-05-30,wk inc flu prop ed visits,quantile,0.7,0.0034185058603310274
06,2026-05-16,2,2026-05-30,wk inc flu prop ed visits,quantile,0.7,0.004834732383046827
08,2026-05-16,2,2026-05-30,wk inc flu prop ed visits,quantile,0.7,0.0041246089538471906
09,2026-05-16,2,2026-05-30,wk inc flu prop ed visits,quantile,0.7,0.003105380354857753
10,2026-05-16,2,2026-05-30,wk inc flu prop ed visits,quantile,0.7,0.0030910565017910835
11,2026-05-16,2,2026-05-30,wk inc flu prop ed visits,quantile,0.7,0.002166998183646219
12,2026-05-16,2,2026-05-30,wk inc flu prop ed visits,quantile,0.7,0.00582554594856833
13,2026-05-16,2,2026-05-30,wk inc flu prop ed visits,quantile,0.7,0.0031081736351798767
15,2026-05-16,2,2026-05-30,wk inc flu prop ed visits,quantile,0.7,0.024859706609611818
16,2026-05-16,2,2026-05-30,wk inc flu prop ed visits,quantile,0.7,0.00301022742466174
17,2026-05-16,2,2026-05-30,wk inc flu prop ed visits,quantile,0.7,0.0017099073388117808
18,2026-05-16,2,2026-05-30,wk inc flu prop ed visits,quantile,0.7,0.0009797312280589454
19,2026-05-16,2,2026-05-30,wk inc flu prop ed visits,quantile,0.7,0.0010885596273092705
20,2026-05-16,2,2026-05-30,wk inc flu prop ed visits,quantile,0.7,0.0017909404102471097
21,2026-05-16,2,2026-05-30,wk inc flu prop ed visits,quantile,0.7,0.0025756550756001516
22,2026-05-16,2,2026-05-30,wk inc flu prop ed visits,quantile,0.7,0.0029018119313603363
23,2026-05-16,2,2026-05-30,wk inc flu prop ed visits,quantile,0.7,0.003938424001597487
24,2026-05-16,2,2026-05-30,wk inc flu prop ed visits,quantile,0.7,0.0024021726156876998
25,2026-05-16,2,2026-05-30,wk inc flu prop ed visits,quantile,0.7,0.0023687965392451475
26,2026-05-16,2,2026-05-30,wk inc flu prop ed visits,quantile,0.7,0.0009947218611354443
27,2026-05-16,2,2026-05-30,wk inc flu prop ed visits,quantile,0.7,0.003757876250697407
28,2026-05-16,2,2026-05-30,wk inc flu prop ed visits,quantile,0.7,0.0038140218207575283
30,2026-05-16,2,2026-05-30,wk inc flu prop ed visits,quantile,0.7,0.0037717855177939615
31,2026-05-16,2,2026-05-30,wk inc flu prop ed visits,quantile,0.7,0.002276540302202214
32,2026-05-16,2,2026-05-30,wk inc flu prop ed visits,quantile,0.7,0.011800105176091882
33,2026-05-16,2,2026-05-30,wk inc flu prop ed visits,quantile,0.7,0.004240064899820113
34,2026-05-16,2,2026-05-30,wk inc flu prop ed visits,quantile,0.7,0.003279301494078421
35,2026-05-16,2,2026-05-30,wk inc flu prop ed visits,quantile,0.7,0.00630819126432794
36,2026-05-16,2,2026-05-30,wk inc flu prop ed visits,quantile,0.7,0.0033998867442593013
37,2026-05-16,2,2026-05-30,wk inc flu prop ed visits,quantile,0.7,0.009887007266590607
38,2026-05-16,2,2026-05-30,wk inc flu prop ed visits,quantile,0.7,0.0028513909825042135
39,2026-05-16,2,2026-05-30,wk inc flu prop ed visits,quantile,0.7,0.0007448414477010142
40,2026-05-16,2,2026-05-30,wk inc flu prop ed visits,quantile,0.7,0.0024811927760014295
41,2026-05-16,2,2026-05-30,wk inc flu prop ed visits,quantile,0.7,0.004944808137937609
42,2026-05-16,2,2026-05-30,wk inc flu prop ed visits,quantile,0.7,0.0021402702640054803
44,2026-05-16,2,2026-05-30,wk inc flu prop ed visits,quantile,0.7,0.002328179727242018
45,2026-05-16,2,2026-05-30,wk inc flu prop ed visits,quantile,0.7,0.004016645273560971
46,2026-05-16,2,2026-05-30,wk inc flu prop ed visits,quantile,0.7,0.0013199499147974996
47,2026-05-16,2,2026-05-30,wk inc flu prop ed visits,quantile,0.7,0.004519021183175782
48,2026-05-16,2,2026-05-30,wk inc flu prop ed visits,quantile,0.7,0.006287029043427359
49,2026-05-16,2,2026-05-30,wk inc flu prop ed visits,quantile,0.7,0.002525421316574203
50,2026-05-16,2,2026-05-30,wk inc flu prop ed visits,quantile,0.7,0.006762418369553724
51,2026-05-16,2,2026-05-30,wk inc flu prop ed visits,quantile,0.7,0.0035578471055242034
53,2026-05-16,2,2026-05-30,wk inc flu prop ed visits,quantile,0.7,0.007996217285053862
54,2026-05-16,2,2026-05-30,wk inc flu prop ed visits,quantile,0.7,0.0023394690923084814
55,2026-05-16,2,2026-05-30,wk inc flu prop ed visits,quantile,0.7,0.0015495728768505068
56,2026-05-16,2,2026-05-30,wk inc flu prop ed visits,quantile,0.7,0.019215396754086848
US,2026-05-16,2,2026-05-30,wk inc flu prop ed visits,quantile,0.7,0.004065106898096352
01,2026-05-16,3,2026-06-06,wk inc flu prop ed visits,quantile,0.7,0.005322879636689084
02,2026-05-16,3,2026-06-06,wk inc flu prop ed visits,quantile,0.7,0.0021425649403505284
04,2026-05-16,3,2026-06-06,wk inc flu prop ed visits,quantile,0.7,0.010189710485260508
05,2026-05-16,3,2026-06-06,wk inc flu prop ed visits,quantile,0.7,0.004206020417051693
06,2026-05-16,3,2026-06-06,wk inc flu prop ed visits,quantile,0.7,0.005321806184621925
08,2026-05-16,3,2026-06-06,wk inc flu prop ed visits,quantile,0.7,0.0043246162825659315
09,2026-05-16,3,2026-06-06,wk inc flu prop ed visits,quantile,0.7,0.0034811665995159334
10,2026-05-16,3,2026-06-06,wk inc flu prop ed visits,quantile,0.7,0.003798853508234146
11,2026-05-16,3,2026-06-06,wk inc flu prop ed visits,quantile,0.7,0.0026538227530482337
12,2026-05-16,3,2026-06-06,wk inc flu prop ed visits,quantile,0.7,0.006865214713702788
13,2026-05-16,3,2026-06-06,wk inc flu prop ed visits,quantile,0.7,0.0037508814430846503
15,2026-05-16,3,2026-06-06,wk inc flu prop ed visits,quantile,0.7,0.026605196575558546
16,2026-05-16,3,2026-06-06,wk inc flu prop ed visits,quantile,0.7,0.003438483732408349
17,2026-05-16,3,2026-06-06,wk inc flu prop ed visits,quantile,0.7,0.0021183175336657997
18,2026-05-16,3,2026-06-06,wk inc flu prop ed visits,quantile,0.7,0.0012296949361607422
19,2026-05-16,3,2026-06-06,wk inc flu prop ed visits,quantile,0.7,0.0013644889990826344
20,2026-05-16,3,2026-06-06,wk inc flu prop ed visits,quantile,0.7,0.002309064430222065
21,2026-05-16,3,2026-06-06,wk inc flu prop ed visits,quantile,0.7,0.003351201696681762
22,2026-05-16,3,2026-06-06,wk inc flu prop ed visits,quantile,0.7,0.0038506202995371077
23,2026-05-16,3,2026-06-06,wk inc flu prop ed visits,quantile,0.7,0.004175718172644928
24,2026-05-16,3,2026-06-06,wk inc flu prop ed visits,quantile,0.7,0.002862160636202004
25,2026-05-16,3,2026-06-06,wk inc flu prop ed visits,quantile,0.7,0.0025112132199429154
26,2026-05-16,3,2026-06-06,wk inc flu prop ed visits,quantile,0.7,0.001261530110960406
27,2026-05-16,3,2026-06-06,wk inc flu prop ed visits,quantile,0.7,0.004122363455420342
28,2026-05-16,3,2026-06-06,wk inc flu prop ed visits,quantile,0.7,0.004571473415275841
30,2026-05-16,3,2026-06-06,wk inc flu prop ed visits,quantile,0.7,0.004606620452990812
31,2026-05-16,3,2026-06-06,wk inc flu prop ed visits,quantile,0.7,0.0027724352637767415
32,2026-05-16,3,2026-06-06,wk inc flu prop ed visits,quantile,0.7,0.012674435381784305
33,2026-05-16,3,2026-06-06,wk inc flu prop ed visits,quantile,0.7,0.0047573781374232104
34,2026-05-16,3,2026-06-06,wk inc flu prop ed visits,quantile,0.7,0.0037513786503259256
35,2026-05-16,3,2026-06-06,wk inc flu prop ed visits,quantile,0.7,0.007098078898373424
36,2026-05-16,3,2026-06-06,wk inc flu prop ed visits,quantile,0.7,0.003910112421630967
37,2026-05-16,3,2026-06-06,wk inc flu prop ed visits,quantile,0.7,0.011797267744849585
38,2026-05-16,3,2026-06-06,wk inc flu prop ed visits,quantile,0.7,0.003302044046608247
39,2026-05-16,3,2026-06-06,wk inc flu prop ed visits,quantile,0.7,0.000925352295449856
40,2026-05-16,3,2026-06-06,wk inc flu prop ed visits,quantile,0.7,0.003038349976835033
41,2026-05-16,3,2026-06-06,wk inc flu prop ed visits,quantile,0.7,0.005529458187063855
42,2026-05-16,3,2026-06-06,wk inc flu prop ed visits,quantile,0.7,0.0025204081926827036
44,2026-05-16,3,2026-06-06,wk inc flu prop ed visits,quantile,0.7,0.0026329915319719933
45,2026-05-16,3,2026-06-06,wk inc flu prop ed visits,quantile,0.7,0.004862175131891469
46,2026-05-16,3,2026-06-06,wk inc flu prop ed visits,quantile,0.7,0.001505910639038298
47,2026-05-16,3,2026-06-06,wk inc flu prop ed visits,quantile,0.7,0.00537483106766958
48,2026-05-16,3,2026-06-06,wk inc flu prop ed visits,quantile,0.7,0.007304212747189046
49,2026-05-16,3,2026-06-06,wk inc flu prop ed visits,quantile,0.7,0.003067769953414406
50,2026-05-16,3,2026-06-06,wk inc flu prop ed visits,quantile,0.7,0.009270138189312951
51,2026-05-16,3,2026-06-06,wk inc flu prop ed visits,quantile,0.7,0.004286390271348586
53,2026-05-16,3,2026-06-06,wk inc flu prop ed visits,quantile,0.7,0.008364721887812903
54,2026-05-16,3,2026-06-06,wk inc flu prop ed visits,quantile,0.7,0.002728763628900356
55,2026-05-16,3,2026-06-06,wk inc flu prop ed visits,quantile,0.7,0.0017861954608686947
56,2026-05-16,3,2026-06-06,wk inc flu prop ed visits,quantile,0.7,0.02256615388920905
US,2026-05-16,3,2026-06-06,wk inc flu prop ed visits,quantile,0.7,0.004702920988205809
01,2026-05-16,0,2026-05-16,wk inc flu prop ed visits,quantile,0.75,0.003248079955151486
02,2026-05-16,0,2026-05-16,wk inc flu prop ed visits,quantile,0.75,0.0016704833810828514
04,2026-05-16,0,2026-05-16,wk inc flu prop ed visits,quantile,0.75,0.008144117534275283
05,2026-05-16,0,2026-05-16,wk inc flu prop ed visits,quantile,0.75,0.002412508503801968
06,2026-05-16,0,2026-05-16,wk inc flu prop ed visits,quantile,0.75,0.004396387765491109
08,2026-05-16,0,2026-05-16,wk inc flu prop ed visits,quantile,0.75,0.004075634704911302
09,2026-05-16,0,2026-05-16,wk inc flu prop ed visits,quantile,0.75,0.0032007227428316985
10,2026-05-16,0,2026-05-16,wk inc flu prop ed visits,quantile,0.75,0.00233864601395307
11,2026-05-16,0,2026-05-16,wk inc flu prop ed visits,quantile,0.75,0.00191855028535238
12,2026-05-16,0,2026-05-16,wk inc flu prop ed visits,quantile,0.75,0.004737887130221156
13,2026-05-16,0,2026-05-16,wk inc flu prop ed visits,quantile,0.75,0.0023841757387881883
15,2026-05-16,0,2026-05-16,wk inc flu prop ed visits,quantile,0.75,0.023303040235928316
16,2026-05-16,0,2026-05-16,wk inc flu prop ed visits,quantile,0.75,0.0025725296068727778
17,2026-05-16,0,2026-05-16,wk inc flu prop ed visits,quantile,0.75,0.001401513050192521
18,2026-05-16,0,2026-05-16,wk inc flu prop ed visits,quantile,0.75,0.0008525862230643725
19,2026-05-16,0,2026-05-16,wk inc flu prop ed visits,quantile,0.75,0.0009420384379570989
20,2026-05-16,0,2026-05-16,wk inc flu prop ed visits,quantile,0.75,0.0011321316474660244
21,2026-05-16,0,2026-05-16,wk inc flu prop ed visits,quantile,0.75,0.0020081046308619084
22,2026-05-16,0,2026-05-16,wk inc flu prop ed visits,quantile,0.75,0.0020845489974423174
23,2026-05-16,0,2026-05-16,wk inc flu prop ed visits,quantile,0.75,0.0037680590899361525
24,2026-05-16,0,2026-05-16,wk inc flu prop ed visits,quantile,0.75,0.0021238917799143216
25,2026-05-16,0,2026-05-16,wk inc flu prop ed visits,quantile,0.75,0.0025390369571723515
26,2026-05-16,0,2026-05-16,wk inc flu prop ed visits,quantile,0.75,0.000736437788663778
27,2026-05-16,0,2026-05-16,wk inc flu prop ed visits,quantile,0.75,0.0034657437007826145
28,2026-05-16,0,2026-05-16,wk inc flu prop ed visits,quantile,0.75,0.0031863067172089154
30,2026-05-16,0,2026-05-16,wk inc flu prop ed visits,quantile,0.75,0.0027868245217594284
31,2026-05-16,0,2026-05-16,wk inc flu prop ed visits,quantile,0.75,0.0017150408257932534
32,2026-05-16,0,2026-05-16,wk inc flu prop ed visits,quantile,0.75,0.010273699869303068
33,2026-05-16,0,2026-05-16,wk inc flu prop ed visits,quantile,0.75,0.0036152188796247037
34,2026-05-16,0,2026-05-16,wk inc flu prop ed visits,quantile,0.75,0.0030368224497795233
35,2026-05-16,0,2026-05-16,wk inc flu prop ed visits,quantile,0.75,0.0054308823702637725
36,2026-05-16,0,2026-05-16,wk inc flu prop ed visits,quantile,0.75,0.0030145179099040995
37,2026-05-16,0,2026-05-16,wk inc flu prop ed visits,quantile,0.75,0.008045490891647787
38,2026-05-16,0,2026-05-16,wk inc flu prop ed visits,quantile,0.75,0.0030247158348449326
39,2026-05-16,0,2026-05-16,wk inc flu prop ed visits,quantile,0.75,0.0006173812664556994
40,2026-05-16,0,2026-05-16,wk inc flu prop ed visits,quantile,0.75,0.0018612912515023805
41,2026-05-16,0,2026-05-16,wk inc flu prop ed visits,quantile,0.75,0.00432294009709353
42,2026-05-16,0,2026-05-16,wk inc flu prop ed visits,quantile,0.75,0.00195898052308338
44,2026-05-16,0,2026-05-16,wk inc flu prop ed visits,quantile,0.75,0.0022741636393483057
45,2026-05-16,0,2026-05-16,wk inc flu prop ed visits,quantile,0.75,0.002913830044085612
46,2026-05-16,0,2026-05-16,wk inc flu prop ed visits,quantile,0.75,0.0014295685476502524
47,2026-05-16,0,2026-05-16,wk inc flu prop ed visits,quantile,0.75,0.003389374835704556
48,2026-05-16,0,2026-05-16,wk inc flu prop ed visits,quantile,0.75,0.004723475967653328
49,2026-05-16,0,2026-05-16,wk inc flu prop ed visits,quantile,0.75,0.0019195593190961297
50,2026-05-16,0,2026-05-16,wk inc flu prop ed visits,quantile,0.75,0.003979340437678732
51,2026-05-16,0,2026-05-16,wk inc flu prop ed visits,quantile,0.75,0.0029165380949218943
53,2026-05-16,0,2026-05-16,wk inc flu prop ed visits,quantile,0.75,0.00809583772081425
54,2026-05-16,0,2026-05-16,wk inc flu prop ed visits,quantile,0.75,0.002295853727721273
55,2026-05-16,0,2026-05-16,wk inc flu prop ed visits,quantile,0.75,0.0014120416923825354
56,2026-05-16,0,2026-05-16,wk inc flu prop ed visits,quantile,0.75,0.013557273960911395
US,2026-05-16,0,2026-05-16,wk inc flu prop ed visits,quantile,0.75,0.003465382739258219
01,2026-05-16,1,2026-05-23,wk inc flu prop ed visits,quantile,0.75,0.003924181548087328
02,2026-05-16,1,2026-05-23,wk inc flu prop ed visits,quantile,0.75,0.0018262104967115872
04,2026-05-16,1,2026-05-23,wk inc flu prop ed visits,quantile,0.75,0.009042179130278431
05,2026-05-16,1,2026-05-23,wk inc flu prop ed visits,quantile,0.75,0.0031001349001682733
06,2026-05-16,1,2026-05-23,wk inc flu prop ed visits,quantile,0.75,0.004712271988591977
08,2026-05-16,1,2026-05-23,wk inc flu prop ed visits,quantile,0.75,0.004244936918775705
09,2026-05-16,1,2026-05-23,wk inc flu prop ed visits,quantile,0.75,0.0033331791036279677
10,2026-05-16,1,2026-05-23,wk inc flu prop ed visits,quantile,0.75,0.0029053427761158417
11,2026-05-16,1,2026-05-23,wk inc flu prop ed visits,quantile,0.75,0.0020513296947178962
12,2026-05-16,1,2026-05-23,wk inc flu prop ed visits,quantile,0.75,0.005435201429522427
13,2026-05-16,1,2026-05-23,wk inc flu prop ed visits,quantile,0.75,0.002889449291065553
15,2026-05-16,1,2026-05-23,wk inc flu prop ed visits,quantile,0.75,0.024981382211552536
16,2026-05-16,1,2026-05-23,wk inc flu prop ed visits,quantile,0.75,0.002816234908334488
17,2026-05-16,1,2026-05-23,wk inc flu prop ed visits,quantile,0.75,0.0015912839522363538
18,2026-05-16,1,2026-05-23,wk inc flu prop ed visits,quantile,0.75,0.0009624816734380886
19,2026-05-16,1,2026-05-23,wk inc flu prop ed visits,quantile,0.75,0.0010746817524266033
20,2026-05-16,1,2026-05-23,wk inc flu prop ed visits,quantile,0.75,0.001560740440438209
21,2026-05-16,1,2026-05-23,wk inc flu prop ed visits,quantile,0.75,0.002394418416049667
22,2026-05-16,1,2026-05-23,wk inc flu prop ed visits,quantile,0.75,0.002549410384290312
23,2026-05-16,1,2026-05-23,wk inc flu prop ed visits,quantile,0.75,0.004118170483673272
24,2026-05-16,1,2026-05-23,wk inc flu prop ed visits,quantile,0.75,0.0023085893226813133
25,2026-05-16,1,2026-05-23,wk inc flu prop ed visits,quantile,0.75,0.002521294959504999
26,2026-05-16,1,2026-05-23,wk inc flu prop ed visits,quantile,0.75,0.0009043521358259082
27,2026-05-16,1,2026-05-23,wk inc flu prop ed visits,quantile,0.75,0.0037841287655725375
28,2026-05-16,1,2026-05-23,wk inc flu prop ed visits,quantile,0.75,0.0035783718990322687
30,2026-05-16,1,2026-05-23,wk inc flu prop ed visits,quantile,0.75,0.0036009191326337015
31,2026-05-16,1,2026-05-23,wk inc flu prop ed visits,quantile,0.75,0.002213855731786566
32,2026-05-16,1,2026-05-23,wk inc flu prop ed visits,quantile,0.75,0.011496642236972872
33,2026-05-16,1,2026-05-23,wk inc flu prop ed visits,quantile,0.75,0.0042514666102813365
34,2026-05-16,1,2026-05-23,wk inc flu prop ed visits,quantile,0.75,0.0031934301524213825
35,2026-05-16,1,2026-05-23,wk inc flu prop ed visits,quantile,0.75,0.006217965399560296
36,2026-05-16,1,2026-05-23,wk inc flu prop ed visits,quantile,0.75,0.0033131346656666634
37,2026-05-16,1,2026-05-23,wk inc flu prop ed visits,quantile,0.75,0.009098138297681383
38,2026-05-16,1,2026-05-23,wk inc flu prop ed visits,quantile,0.75,0.003055213325861269
39,2026-05-16,1,2026-05-23,wk inc flu prop ed visits,quantile,0.75,0.0006899011399883994
40,2026-05-16,1,2026-05-23,wk inc flu prop ed visits,quantile,0.75,0.0022032228804695782
41,2026-05-16,1,2026-05-23,wk inc flu prop ed visits,quantile,0.75,0.004699915123437984
42,2026-05-16,1,2026-05-23,wk inc flu prop ed visits,quantile,0.75,0.0021742367562125435
44,2026-05-16,1,2026-05-23,wk inc flu prop ed visits,quantile,0.75,0.002536070419457139
45,2026-05-16,1,2026-05-23,wk inc flu prop ed visits,quantile,0.75,0.0036285719431656083
46,2026-05-16,1,2026-05-23,wk inc flu prop ed visits,quantile,0.75,0.0014436790643527007
47,2026-05-16,1,2026-05-23,wk inc flu prop ed visits,quantile,0.75,0.004064361887256721
48,2026-05-16,1,2026-05-23,wk inc flu prop ed visits,quantile,0.75,0.005702888858890523
49,2026-05-16,1,2026-05-23,wk inc flu prop ed visits,quantile,0.75,0.002295822130362523
50,2026-05-16,1,2026-05-23,wk inc flu prop ed visits,quantile,0.75,0.006251623100493074
51,2026-05-16,1,2026-05-23,wk inc flu prop ed visits,quantile,0.75,0.0033107277248744234
53,2026-05-16,1,2026-05-23,wk inc flu prop ed visits,quantile,0.75,0.008286598718755216
54,2026-05-16,1,2026-05-23,wk inc flu prop ed visits,quantile,0.75,0.0024079550881701446
55,2026-05-16,1,2026-05-23,wk inc flu prop ed visits,quantile,0.75,0.0015888676234479607
56,2026-05-16,1,2026-05-23,wk inc flu prop ed visits,quantile,0.75,0.017784185258173033
US,2026-05-16,1,2026-05-23,wk inc flu prop ed visits,quantile,0.75,0.003827070610834357
01,2026-05-16,2,2026-05-30,wk inc flu prop ed visits,quantile,0.75,0.00493593606748002
02,2026-05-16,2,2026-05-30,wk inc flu prop ed visits,quantile,0.75,0.002357395133870966
04,2026-05-16,2,2026-05-30,wk inc flu prop ed visits,quantile,0.75,0.010206314327498711
05,2026-05-16,2,2026-05-30,wk inc flu prop ed visits,quantile,0.75,0.003948623855764905
06,2026-05-16,2,2026-05-30,wk inc flu prop ed visits,quantile,0.75,0.005208846647523527
08,2026-05-16,2,2026-05-30,wk inc flu prop ed visits,quantile,0.75,0.004486853631899709
09,2026-05-16,2,2026-05-30,wk inc flu prop ed visits,quantile,0.75,0.0035164836148472507
10,2026-05-16,2,2026-05-30,wk inc flu prop ed visits,quantile,0.75,0.0035596460220034586
11,2026-05-16,2,2026-05-30,wk inc flu prop ed visits,quantile,0.75,0.00251080751639849
12,2026-05-16,2,2026-05-30,wk inc flu prop ed visits,quantile,0.75,0.006231352468605046
13,2026-05-16,2,2026-05-30,wk inc flu prop ed visits,quantile,0.75,0.003433120151303858
15,2026-05-16,2,2026-05-30,wk inc flu prop ed visits,quantile,0.75,0.027103087308776842
16,2026-05-16,2,2026-05-30,wk inc flu prop ed visits,quantile,0.75,0.0034810130272773998
17,2026-05-16,2,2026-05-30,wk inc flu prop ed visits,quantile,0.75,0.001932944660624969
18,2026-05-16,2,2026-05-30,wk inc flu prop ed visits,quantile,0.75,0.0011474593730205803
19,2026-05-16,2,2026-05-30,wk inc flu prop ed visits,quantile,0.75,0.001328820428859845
20,2026-05-16,2,2026-05-30,wk inc flu prop ed visits,quantile,0.75,0.002100494332329689
21,2026-05-16,2,2026-05-30,wk inc flu prop ed visits,quantile,0.75,0.002975311329011662
22,2026-05-16,2,2026-05-30,wk inc flu prop ed visits,quantile,0.75,0.003239024934968533
23,2026-05-16,2,2026-05-30,wk inc flu prop ed visits,quantile,0.75,0.004470642522432547
24,2026-05-16,2,2026-05-30,wk inc flu prop ed visits,quantile,0.75,0.002713582352610834
25,2026-05-16,2,2026-05-30,wk inc flu prop ed visits,quantile,0.75,0.00265828350055403
26,2026-05-16,2,2026-05-30,wk inc flu prop ed visits,quantile,0.75,0.001163812957723643
27,2026-05-16,2,2026-05-30,wk inc flu prop ed visits,quantile,0.75,0.0042154553832711005
28,2026-05-16,2,2026-05-30,wk inc flu prop ed visits,quantile,0.75,0.004284090630664771
30,2026-05-16,2,2026-05-30,wk inc flu prop ed visits,quantile,0.75,0.0045825227977128215
31,2026-05-16,2,2026-05-30,wk inc flu prop ed visits,quantile,0.75,0.002722038638200801
32,2026-05-16,2,2026-05-30,wk inc flu prop ed visits,quantile,0.75,0.012677829878163096
33,2026-05-16,2,2026-05-30,wk inc flu prop ed visits,quantile,0.75,0.004911821693616932
34,2026-05-16,2,2026-05-30,wk inc flu prop ed visits,quantile,0.75,0.0035931661000544453
35,2026-05-16,2,2026-05-30,wk inc flu prop ed visits,quantile,0.75,0.007183931047826674
36,2026-05-16,2,2026-05-30,wk inc flu prop ed visits,quantile,0.75,0.003698665380870883
37,2026-05-16,2,2026-05-30,wk inc flu prop ed visits,quantile,0.75,0.010779211689367785
38,2026-05-16,2,2026-05-30,wk inc flu prop ed visits,quantile,0.75,0.00362197750289022
39,2026-05-16,2,2026-05-30,wk inc flu prop ed visits,quantile,0.75,0.0008864878969409396
40,2026-05-16,2,2026-05-30,wk inc flu prop ed visits,quantile,0.75,0.0028432931271026997
41,2026-05-16,2,2026-05-30,wk inc flu prop ed visits,quantile,0.75,0.005515938244876621
42,2026-05-16,2,2026-05-30,wk inc flu prop ed visits,quantile,0.75,0.0023758058112632037
44,2026-05-16,2,2026-05-30,wk inc flu prop ed visits,quantile,0.75,0.0027597940265394493
45,2026-05-16,2,2026-05-30,wk inc flu prop ed visits,quantile,0.75,0.004451890387487971
46,2026-05-16,2,2026-05-30,wk inc flu prop ed visits,quantile,0.75,0.001688831602630291
47,2026-05-16,2,2026-05-30,wk inc flu prop ed visits,quantile,0.75,0.004991205660144127
48,2026-05-16,2,2026-05-30,wk inc flu prop ed visits,quantile,0.75,0.006833342313943825
49,2026-05-16,2,2026-05-30,wk inc flu prop ed visits,quantile,0.75,0.0028309411737020705
50,2026-05-16,2,2026-05-30,wk inc flu prop ed visits,quantile,0.75,0.008433405807308957
51,2026-05-16,2,2026-05-30,wk inc flu prop ed visits,quantile,0.75,0.004000643890959953
53,2026-05-16,2,2026-05-30,wk inc flu prop ed visits,quantile,0.75,0.008619500252980191
54,2026-05-16,2,2026-05-30,wk inc flu prop ed visits,quantile,0.75,0.0027434817709705538
55,2026-05-16,2,2026-05-30,wk inc flu prop ed visits,quantile,0.75,0.0017742937717047202
56,2026-05-16,2,2026-05-30,wk inc flu prop ed visits,quantile,0.75,0.0229374141372399
US,2026-05-16,2,2026-05-30,wk inc flu prop ed visits,quantile,0.75,0.004411172123860887
01,2026-05-16,3,2026-06-06,wk inc flu prop ed visits,quantile,0.75,0.006233287656094913
02,2026-05-16,3,2026-06-06,wk inc flu prop ed visits,quantile,0.75,0.0027859135411581947
04,2026-05-16,3,2026-06-06,wk inc flu prop ed visits,quantile,0.75,0.011153855989641357
05,2026-05-16,3,2026-06-06,wk inc flu prop ed visits,quantile,0.75,0.004883765578511724
06,2026-05-16,3,2026-06-06,wk inc flu prop ed visits,quantile,0.75,0.005820674232745664
08,2026-05-16,3,2026-06-06,wk inc flu prop ed visits,quantile,0.75,0.004821690747833961
09,2026-05-16,3,2026-06-06,wk inc flu prop ed visits,quantile,0.75,0.004044294616987579
10,2026-05-16,3,2026-06-06,wk inc flu prop ed visits,quantile,0.75,0.004608377117962253
11,2026-05-16,3,2026-06-06,wk inc flu prop ed visits,quantile,0.75,0.003203523899955568
12,2026-05-16,3,2026-06-06,wk inc flu prop ed visits,quantile,0.75,0.007459094231727683
13,2026-05-16,3,2026-06-06,wk inc flu prop ed visits,quantile,0.75,0.004276347367177741
15,2026-05-16,3,2026-06-06,wk inc flu prop ed visits,quantile,0.75,0.02950502851312104
16,2026-05-16,3,2026-06-06,wk inc flu prop ed visits,quantile,0.75,0.004042414493064974
17,2026-05-16,3,2026-06-06,wk inc flu prop ed visits,quantile,0.75,0.002351409713368425
18,2026-05-16,3,2026-06-06,wk inc flu prop ed visits,quantile,0.75,0.0014889941073194593
19,2026-05-16,3,2026-06-06,wk inc flu prop ed visits,quantile,0.75,0.0016465859461745095
20,2026-05-16,3,2026-06-06,wk inc flu prop ed visits,quantile,0.75,0.002785291096209303
21,2026-05-16,3,2026-06-06,wk inc flu prop ed visits,quantile,0.75,0.0038545701609607953
22,2026-05-16,3,2026-06-06,wk inc flu prop ed visits,quantile,0.75,0.00432751814815945
23,2026-05-16,3,2026-06-06,wk inc flu prop ed visits,quantile,0.75,0.004931251602426262
24,2026-05-16,3,2026-06-06,wk inc flu prop ed visits,quantile,0.75,0.0033292566271842113
25,2026-05-16,3,2026-06-06,wk inc flu prop ed visits,quantile,0.75,0.0029363140766135586
26,2026-05-16,3,2026-06-06,wk inc flu prop ed visits,quantile,0.75,0.001516348788310162
27,2026-05-16,3,2026-06-06,wk inc flu prop ed visits,quantile,0.75,0.004679988402979645
28,2026-05-16,3,2026-06-06,wk inc flu prop ed visits,quantile,0.75,0.005240580857740069
30,2026-05-16,3,2026-06-06,wk inc flu prop ed visits,quantile,0.75,0.0056776223024180665
31,2026-05-16,3,2026-06-06,wk inc flu prop ed visits,quantile,0.75,0.003383356966453255
32,2026-05-16,3,2026-06-06,wk inc flu prop ed visits,quantile,0.75,0.013823272800787217
33,2026-05-16,3,2026-06-06,wk inc flu prop ed visits,quantile,0.75,0.0057981665326969955
34,2026-05-16,3,2026-06-06,wk inc flu prop ed visits,quantile,0.75,0.004167213823382167
35,2026-05-16,3,2026-06-06,wk inc flu prop ed visits,quantile,0.75,0.008171124175944303
36,2026-05-16,3,2026-06-06,wk inc flu prop ed visits,quantile,0.75,0.004309991633605956
37,2026-05-16,3,2026-06-06,wk inc flu prop ed visits,quantile,0.75,0.012911790887242347
38,2026-05-16,3,2026-06-06,wk inc flu prop ed visits,quantile,0.75,0.0041711093283604795
39,2026-05-16,3,2026-06-06,wk inc flu prop ed visits,quantile,0.75,0.0011062539785181207
40,2026-05-16,3,2026-06-06,wk inc flu prop ed visits,quantile,0.75,0.003739410909435229
41,2026-05-16,3,2026-06-06,wk inc flu prop ed visits,quantile,0.75,0.0062170837369899335
42,2026-05-16,3,2026-06-06,wk inc flu prop ed visits,quantile,0.75,0.0028883204595016965
44,2026-05-16,3,2026-06-06,wk inc flu prop ed visits,quantile,0.75,0.0031128614541017213
45,2026-05-16,3,2026-06-06,wk inc flu prop ed visits,quantile,0.75,0.005593068278579483
46,2026-05-16,3,2026-06-06,wk inc flu prop ed visits,quantile,0.75,0.0020469188554178477
47,2026-05-16,3,2026-06-06,wk inc flu prop ed visits,quantile,0.75,0.006023251470402921
48,2026-05-16,3,2026-06-06,wk inc flu prop ed visits,quantile,0.75,0.008112293319279588
49,2026-05-16,3,2026-06-06,wk inc flu prop ed visits,quantile,0.75,0.0035093275858622025
50,2026-05-16,3,2026-06-06,wk inc flu prop ed visits,quantile,0.75,0.011343380614066092
51,2026-05-16,3,2026-06-06,wk inc flu prop ed visits,quantile,0.75,0.00477933205635257
53,2026-05-16,3,2026-06-06,wk inc flu prop ed visits,quantile,0.75,0.009176828121705989
54,2026-05-16,3,2026-06-06,wk inc flu prop ed visits,quantile,0.75,0.0032490691832396668
55,2026-05-16,3,2026-06-06,wk inc flu prop ed visits,quantile,0.75,0.002053639826832814
56,2026-05-16,3,2026-06-06,wk inc flu prop ed visits,quantile,0.75,0.027223770158508135
US,2026-05-16,3,2026-06-06,wk inc flu prop ed visits,quantile,0.75,0.005088052913122674
01,2026-05-16,0,2026-05-16,wk inc flu prop ed visits,quantile,0.8,0.0034641685774874564
02,2026-05-16,0,2026-05-16,wk inc flu prop ed visits,quantile,0.8,0.0018399961259372747
04,2026-05-16,0,2026-05-16,wk inc flu prop ed visits,quantile,0.8,0.008475966595216187
05,2026-05-16,0,2026-05-16,wk inc flu prop ed visits,quantile,0.8,0.002623504407256911
06,2026-05-16,0,2026-05-16,wk inc flu prop ed visits,quantile,0.8,0.00454476280436656
08,2026-05-16,0,2026-05-16,wk inc flu prop ed visits,quantile,0.8,0.004270487306657803
09,2026-05-16,0,2026-05-16,wk inc flu prop ed visits,quantile,0.8,0.0033980148567718314
10,2026-05-16,0,2026-05-16,wk inc flu prop ed visits,quantile,0.8,0.0024996870465166282
11,2026-05-16,0,2026-05-16,wk inc flu prop ed visits,quantile,0.8,0.0020979271598467004
12,2026-05-16,0,2026-05-16,wk inc flu prop ed visits,quantile,0.8,0.00488894722715155
13,2026-05-16,0,2026-05-16,wk inc flu prop ed visits,quantile,0.8,0.002538721658782489
15,2026-05-16,0,2026-05-16,wk inc flu prop ed visits,quantile,0.8,0.024239212866197294
16,2026-05-16,0,2026-05-16,wk inc flu prop ed visits,quantile,0.8,0.0027461396069889204
17,2026-05-16,0,2026-05-16,wk inc flu prop ed visits,quantile,0.8,0.0014983108051721441
18,2026-05-16,0,2026-05-16,wk inc flu prop ed visits,quantile,0.8,0.0009277634318744595
19,2026-05-16,0,2026-05-16,wk inc flu prop ed visits,quantile,0.8,0.0010231350882939343
20,2026-05-16,0,2026-05-16,wk inc flu prop ed visits,quantile,0.8,0.0012175691494523317
21,2026-05-16,0,2026-05-16,wk inc flu prop ed visits,quantile,0.8,0.002189576173873584
22,2026-05-16,0,2026-05-16,wk inc flu prop ed visits,quantile,0.8,0.0022162289856072605
23,2026-05-16,0,2026-05-16,wk inc flu prop ed visits,quantile,0.8,0.004036673914546736
24,2026-05-16,0,2026-05-16,wk inc flu prop ed visits,quantile,0.8,0.002246376362374605
25,2026-05-16,0,2026-05-16,wk inc flu prop ed visits,quantile,0.8,0.0026937862484388854
26,2026-05-16,0,2026-05-16,wk inc flu prop ed visits,quantile,0.8,0.0007980699360859407
27,2026-05-16,0,2026-05-16,wk inc flu prop ed visits,quantile,0.8,0.003691685159776535
28,2026-05-16,0,2026-05-16,wk inc flu prop ed visits,quantile,0.8,0.0033959054265733104
30,2026-05-16,0,2026-05-16,wk inc flu prop ed visits,quantile,0.8,0.003055378232235541
31,2026-05-16,0,2026-05-16,wk inc flu prop ed visits,quantile,0.8,0.0018599410357133333
32,2026-05-16,0,2026-05-16,wk inc flu prop ed visits,quantile,0.8,0.010647248328499712
33,2026-05-16,0,2026-05-16,wk inc flu prop ed visits,quantile,0.8,0.003943745224835595
34,2026-05-16,0,2026-05-16,wk inc flu prop ed visits,quantile,0.8,0.0031891662418361733
35,2026-05-16,0,2026-05-16,wk inc flu prop ed visits,quantile,0.8,0.00577816439776394
36,2026-05-16,0,2026-05-16,wk inc flu prop ed visits,quantile,0.8,0.0031495709054378328
37,2026-05-16,0,2026-05-16,wk inc flu prop ed visits,quantile,0.8,0.008407100578955502
38,2026-05-16,0,2026-05-16,wk inc flu prop ed visits,quantile,0.8,0.003317429494931908
39,2026-05-16,0,2026-05-16,wk inc flu prop ed visits,quantile,0.8,0.0006740145533905695
40,2026-05-16,0,2026-05-16,wk inc flu prop ed visits,quantile,0.8,0.0019977724939032014
41,2026-05-16,0,2026-05-16,wk inc flu prop ed visits,quantile,0.8,0.004517488830967819
42,2026-05-16,0,2026-05-16,wk inc flu prop ed visits,quantile,0.8,0.002087570878910891
44,2026-05-16,0,2026-05-16,wk inc flu prop ed visits,quantile,0.8,0.0024845856725640653
45,2026-05-16,0,2026-05-16,wk inc flu prop ed visits,quantile,0.8,0.003103118683536597
46,2026-05-16,0,2026-05-16,wk inc flu prop ed visits,quantile,0.8,0.0015879885136251331
47,2026-05-16,0,2026-05-16,wk inc flu prop ed visits,quantile,0.8,0.003616138605433419
48,2026-05-16,0,2026-05-16,wk inc flu prop ed visits,quantile,0.8,0.004936235386755457
49,2026-05-16,0,2026-05-16,wk inc flu prop ed visits,quantile,0.8,0.0020638136608301235
50,2026-05-16,0,2026-05-16,wk inc flu prop ed visits,quantile,0.8,0.004432915775257035
51,2026-05-16,0,2026-05-16,wk inc flu prop ed visits,quantile,0.8,0.0030710895004917656
53,2026-05-16,0,2026-05-16,wk inc flu prop ed visits,quantile,0.8,0.008410326836012675
54,2026-05-16,0,2026-05-16,wk inc flu prop ed visits,quantile,0.8,0.0024509761370483524
55,2026-05-16,0,2026-05-16,wk inc flu prop ed visits,quantile,0.8,0.0015123715655832412
56,2026-05-16,0,2026-05-16,wk inc flu prop ed visits,quantile,0.8,0.014712965033622944
US,2026-05-16,0,2026-05-16,wk inc flu prop ed visits,quantile,0.8,0.0035827742417055986
01,2026-05-16,1,2026-05-23,wk inc flu prop ed visits,quantile,0.8,0.004435386783643077
02,2026-05-16,1,2026-05-23,wk inc flu prop ed visits,quantile,0.8,0.0021559764707374516
04,2026-05-16,1,2026-05-23,wk inc flu prop ed visits,quantile,0.8,0.009563620558150557
05,2026-05-16,1,2026-05-23,wk inc flu prop ed visits,quantile,0.8,0.0034798120252452227
06,2026-05-16,1,2026-05-23,wk inc flu prop ed visits,quantile,0.8,0.005023243364350482
08,2026-05-16,1,2026-05-23,wk inc flu prop ed visits,quantile,0.8,0.004571793993909998
09,2026-05-16,1,2026-05-23,wk inc flu prop ed visits,quantile,0.8,0.0036152350048469133
10,2026-05-16,1,2026-05-23,wk inc flu prop ed visits,quantile,0.8,0.0032677454962092866
11,2026-05-16,1,2026-05-23,wk inc flu prop ed visits,quantile,0.8,0.002333070038397285
12,2026-05-16,1,2026-05-23,wk inc flu prop ed visits,quantile,0.8,0.005760118392388943
13,2026-05-16,1,2026-05-23,wk inc flu prop ed visits,quantile,0.8,0.0031263547652349375
15,2026-05-16,1,2026-05-23,wk inc flu prop ed visits,quantile,0.8,0.026706720209398686
16,2026-05-16,1,2026-05-23,wk inc flu prop ed visits,quantile,0.8,0.0031524782626313527
17,2026-05-16,1,2026-05-23,wk inc flu prop ed visits,quantile,0.8,0.0017819077287395413
18,2026-05-16,1,2026-05-23,wk inc flu prop ed visits,quantile,0.8,0.0011012666104133063
19,2026-05-16,1,2026-05-23,wk inc flu prop ed visits,quantile,0.8,0.001245090897792906
20,2026-05-16,1,2026-05-23,wk inc flu prop ed visits,quantile,0.8,0.0017791139228809586
21,2026-05-16,1,2026-05-23,wk inc flu prop ed visits,quantile,0.8,0.002703506660422446
22,2026-05-16,1,2026-05-23,wk inc flu prop ed visits,quantile,0.8,0.0027776853444874956
23,2026-05-16,1,2026-05-23,wk inc flu prop ed visits,quantile,0.8,0.004646897081239171
24,2026-05-16,1,2026-05-23,wk inc flu prop ed visits,quantile,0.8,0.002538821666072192
25,2026-05-16,1,2026-05-23,wk inc flu prop ed visits,quantile,0.8,0.00276410404015448
26,2026-05-16,1,2026-05-23,wk inc flu prop ed visits,quantile,0.8,0.0010221591159676844
27,2026-05-16,1,2026-05-23,wk inc flu prop ed visits,quantile,0.8,0.004143672145424883
28,2026-05-16,1,2026-05-23,wk inc flu prop ed visits,quantile,0.8,0.003999066715880649
30,2026-05-16,1,2026-05-23,wk inc flu prop ed visits,quantile,0.8,0.004170819938941847
31,2026-05-16,1,2026-05-23,wk inc flu prop ed visits,quantile,0.8,0.00257021112584519
32,2026-05-16,1,2026-05-23,wk inc flu prop ed visits,quantile,0.8,0.012121902914829261
33,2026-05-16,1,2026-05-23,wk inc flu prop ed visits,quantile,0.8,0.0048999878178440474
34,2026-05-16,1,2026-05-23,wk inc flu prop ed visits,quantile,0.8,0.0035384769899637035
35,2026-05-16,1,2026-05-23,wk inc flu prop ed visits,quantile,0.8,0.006826177062605133
36,2026-05-16,1,2026-05-23,wk inc flu prop ed visits,quantile,0.8,0.0035698229389290598
37,2026-05-16,1,2026-05-23,wk inc flu prop ed visits,quantile,0.8,0.009750409870501896
38,2026-05-16,1,2026-05-23,wk inc flu prop ed visits,quantile,0.8,0.003720920114653076
39,2026-05-16,1,2026-05-23,wk inc flu prop ed visits,quantile,0.8,0.0007813450015668403
40,2026-05-16,1,2026-05-23,wk inc flu prop ed visits,quantile,0.8,0.002475369960755444
41,2026-05-16,1,2026-05-23,wk inc flu prop ed visits,quantile,0.8,0.005109645085451372
42,2026-05-16,1,2026-05-23,wk inc flu prop ed visits,quantile,0.8,0.0023783885145263763
44,2026-05-16,1,2026-05-23,wk inc flu prop ed visits,quantile,0.8,0.002855775016412187
45,2026-05-16,1,2026-05-23,wk inc flu prop ed visits,quantile,0.8,0.004009995072044515
46,2026-05-16,1,2026-05-23,wk inc flu prop ed visits,quantile,0.8,0.0017852265111376509
47,2026-05-16,1,2026-05-23,wk inc flu prop ed visits,quantile,0.8,0.004408895714653665
48,2026-05-16,1,2026-05-23,wk inc flu prop ed visits,quantile,0.8,0.006102936389846106
49,2026-05-16,1,2026-05-23,wk inc flu prop ed visits,quantile,0.8,0.002573032220593034
50,2026-05-16,1,2026-05-23,wk inc flu prop ed visits,quantile,0.8,0.007273682437690527
51,2026-05-16,1,2026-05-23,wk inc flu prop ed visits,quantile,0.8,0.0036429101599874596
53,2026-05-16,1,2026-05-23,wk inc flu prop ed visits,quantile,0.8,0.00893235524623303
54,2026-05-16,1,2026-05-23,wk inc flu prop ed visits,quantile,0.8,0.0027174452629656785
55,2026-05-16,1,2026-05-23,wk inc flu prop ed visits,quantile,0.8,0.0017832337500620125
56,2026-05-16,1,2026-05-23,wk inc flu prop ed visits,quantile,0.8,0.020498716868393992
US,2026-05-16,1,2026-05-23,wk inc flu prop ed visits,quantile,0.8,0.0041011521183203755
01,2026-05-16,2,2026-05-30,wk inc flu prop ed visits,quantile,0.8,0.0057075091668639995
02,2026-05-16,2,2026-05-30,wk inc flu prop ed visits,quantile,0.8,0.0028078357332521745
04,2026-05-16,2,2026-05-30,wk inc flu prop ed visits,quantile,0.8,0.011212110361176354
05,2026-05-16,2,2026-05-30,wk inc flu prop ed visits,quantile,0.8,0.004613012150398069
06,2026-05-16,2,2026-05-30,wk inc flu prop ed visits,quantile,0.8,0.005603686807262065
08,2026-05-16,2,2026-05-30,wk inc flu prop ed visits,quantile,0.8,0.005007938250568374
09,2026-05-16,2,2026-05-30,wk inc flu prop ed visits,quantile,0.8,0.003962266288786042
10,2026-05-16,2,2026-05-30,wk inc flu prop ed visits,quantile,0.8,0.004281309364154872
11,2026-05-16,2,2026-05-30,wk inc flu prop ed visits,quantile,0.8,0.0030515351393937285
12,2026-05-16,2,2026-05-30,wk inc flu prop ed visits,quantile,0.8,0.006812259776115199
13,2026-05-16,2,2026-05-30,wk inc flu prop ed visits,quantile,0.8,0.003941732877093198
15,2026-05-16,2,2026-05-30,wk inc flu prop ed visits,quantile,0.8,0.02983726500620731
16,2026-05-16,2,2026-05-30,wk inc flu prop ed visits,quantile,0.8,0.004057309255916422
17,2026-05-16,2,2026-05-30,wk inc flu prop ed visits,quantile,0.8,0.002206515284099373
18,2026-05-16,2,2026-05-30,wk inc flu prop ed visits,quantile,0.8,0.0013780527158049937
19,2026-05-16,2,2026-05-30,wk inc flu prop ed visits,quantile,0.8,0.0016019970581338252
20,2026-05-16,2,2026-05-30,wk inc flu prop ed visits,quantile,0.8,0.002382926314325487
21,2026-05-16,2,2026-05-30,wk inc flu prop ed visits,quantile,0.8,0.0034636855719458954
22,2026-05-16,2,2026-05-30,wk inc flu prop ed visits,quantile,0.8,0.003831230488380088
23,2026-05-16,2,2026-05-30,wk inc flu prop ed visits,quantile,0.8,0.005082686343367421
24,2026-05-16,2,2026-05-30,wk inc flu prop ed visits,quantile,0.8,0.0031766566577692908
25,2026-05-16,2,2026-05-30,wk inc flu prop ed visits,quantile,0.8,0.003037785481719493
26,2026-05-16,2,2026-05-30,wk inc flu prop ed visits,quantile,0.8,0.0013710229049793581
27,2026-05-16,2,2026-05-30,wk inc flu prop ed visits,quantile,0.8,0.004821036710600564
28,2026-05-16,2,2026-05-30,wk inc flu prop ed visits,quantile,0.8,0.004931545161713319
30,2026-05-16,2,2026-05-30,wk inc flu prop ed visits,quantile,0.8,0.005500244254500464
31,2026-05-16,2,2026-05-30,wk inc flu prop ed visits,quantile,0.8,0.0032520011057195044
32,2026-05-16,2,2026-05-30,wk inc flu prop ed visits,quantile,0.8,0.013578461675931115
33,2026-05-16,2,2026-05-30,wk inc flu prop ed visits,quantile,0.8,0.005775455614292526
34,2026-05-16,2,2026-05-30,wk inc flu prop ed visits,quantile,0.8,0.003994746965939246
35,2026-05-16,2,2026-05-30,wk inc flu prop ed visits,quantile,0.8,0.0080280774709016
36,2026-05-16,2,2026-05-30,wk inc flu prop ed visits,quantile,0.8,0.004083397280842579
37,2026-05-16,2,2026-05-30,wk inc flu prop ed visits,quantile,0.8,0.011890972741698662
38,2026-05-16,2,2026-05-30,wk inc flu prop ed visits,quantile,0.8,0.004518646084990211
39,2026-05-16,2,2026-05-30,wk inc flu prop ed visits,quantile,0.8,0.0010518776885217824
40,2026-05-16,2,2026-05-30,wk inc flu prop ed visits,quantile,0.8,0.003324084884793708
41,2026-05-16,2,2026-05-30,wk inc flu prop ed visits,quantile,0.8,0.006214363374323845
42,2026-05-16,2,2026-05-30,wk inc flu prop ed visits,quantile,0.8,0.002705879319234472
44,2026-05-16,2,2026-05-30,wk inc flu prop ed visits,quantile,0.8,0.00330553919627644
45,2026-05-16,2,2026-05-30,wk inc flu prop ed visits,quantile,0.8,0.0050962812744211015
46,2026-05-16,2,2026-05-30,wk inc flu prop ed visits,quantile,0.8,0.002146161318086943
47,2026-05-16,2,2026-05-30,wk inc flu prop ed visits,quantile,0.8,0.005557157624160357
48,2026-05-16,2,2026-05-30,wk inc flu prop ed visits,quantile,0.8,0.007456382994671099
49,2026-05-16,2,2026-05-30,wk inc flu prop ed visits,quantile,0.8,0.00324682603517411
50,2026-05-16,2,2026-05-30,wk inc flu prop ed visits,quantile,0.8,0.01015935566200294
51,2026-05-16,2,2026-05-30,wk inc flu prop ed visits,quantile,0.8,0.00453854126957219
53,2026-05-16,2,2026-05-30,wk inc flu prop ed visits,quantile,0.8,0.009398084361947855
54,2026-05-16,2,2026-05-30,wk inc flu prop ed visits,quantile,0.8,0.0031935687119094476
55,2026-05-16,2,2026-05-30,wk inc flu prop ed visits,quantile,0.8,0.0020166739790508374
56,2026-05-16,2,2026-05-30,wk inc flu prop ed visits,quantile,0.8,0.026665383292720026
US,2026-05-16,2,2026-05-30,wk inc flu prop ed visits,quantile,0.8,0.004798071625128048
01,2026-05-16,3,2026-06-06,wk inc flu prop ed visits,quantile,0.8,0.007300095043245209
02,2026-05-16,3,2026-06-06,wk inc flu prop ed visits,quantile,0.8,0.0035903750034300772
04,2026-05-16,3,2026-06-06,wk inc flu prop ed visits,quantile,0.8,0.012548402845261741
05,2026-05-16,3,2026-06-06,wk inc flu prop ed visits,quantile,0.8,0.005968041603449178
06,2026-05-16,3,2026-06-06,wk inc flu prop ed visits,quantile,0.8,0.0064167431292077096
08,2026-05-16,3,2026-06-06,wk inc flu prop ed visits,quantile,0.8,0.005469674409212919
09,2026-05-16,3,2026-06-06,wk inc flu prop ed visits,quantile,0.8,0.004712921078920223
10,2026-05-16,3,2026-06-06,wk inc flu prop ed visits,quantile,0.8,0.005530705464901576
11,2026-05-16,3,2026-06-06,wk inc flu prop ed visits,quantile,0.8,0.003944998867469098
12,2026-05-16,3,2026-06-06,wk inc flu prop ed visits,quantile,0.8,0.008062468278715701
13,2026-05-16,3,2026-06-06,wk inc flu prop ed visits,quantile,0.8,0.005049236480990447
15,2026-05-16,3,2026-06-06,wk inc flu prop ed visits,quantile,0.8,0.03282641639816533
16,2026-05-16,3,2026-06-06,wk inc flu prop ed visits,quantile,0.8,0.00496952991185409
17,2026-05-16,3,2026-06-06,wk inc flu prop ed visits,quantile,0.8,0.0027566138762680895
18,2026-05-16,3,2026-06-06,wk inc flu prop ed visits,quantile,0.8,0.0018478965438633072
19,2026-05-16,3,2026-06-06,wk inc flu prop ed visits,quantile,0.8,0.0020366429644658388
20,2026-05-16,3,2026-06-06,wk inc flu prop ed visits,quantile,0.8,0.003316417365053386
21,2026-05-16,3,2026-06-06,wk inc flu prop ed visits,quantile,0.8,0.004627650838804331
22,2026-05-16,3,2026-06-06,wk inc flu prop ed visits,quantile,0.8,0.005048571749170993
23,2026-05-16,3,2026-06-06,wk inc flu prop ed visits,quantile,0.8,0.00570551496372026
24,2026-05-16,3,2026-06-06,wk inc flu prop ed visits,quantile,0.8,0.0038417283399556647
25,2026-05-16,3,2026-06-06,wk inc flu prop ed visits,quantile,0.8,0.003452566498424152
26,2026-05-16,3,2026-06-06,wk inc flu prop ed visits,quantile,0.8,0.001819253487352432
27,2026-05-16,3,2026-06-06,wk inc flu prop ed visits,quantile,0.8,0.005523736847876117
28,2026-05-16,3,2026-06-06,wk inc flu prop ed visits,quantile,0.8,0.006078441728678892
30,2026-05-16,3,2026-06-06,wk inc flu prop ed visits,quantile,0.8,0.006846342830799507
31,2026-05-16,3,2026-06-06,wk inc flu prop ed visits,quantile,0.8,0.00405818289355943
32,2026-05-16,3,2026-06-06,wk inc flu prop ed visits,quantile,0.8,0.015317999558098077
33,2026-05-16,3,2026-06-06,wk inc flu prop ed visits,quantile,0.8,0.007133866271415298
34,2026-05-16,3,2026-06-06,wk inc flu prop ed visits,quantile,0.8,0.004806078341287107
35,2026-05-16,3,2026-06-06,wk inc flu prop ed visits,quantile,0.8,0.009658799679694604
36,2026-05-16,3,2026-06-06,wk inc flu prop ed visits,quantile,0.8,0.00481967092899726
37,2026-05-16,3,2026-06-06,wk inc flu prop ed visits,quantile,0.8,0.014297553217643082
38,2026-05-16,3,2026-06-06,wk inc flu prop ed visits,quantile,0.8,0.005575838986329307
39,2026-05-16,3,2026-06-06,wk inc flu prop ed visits,quantile,0.8,0.001325866883569534
40,2026-05-16,3,2026-06-06,wk inc flu prop ed visits,quantile,0.8,0.004390285654810754
41,2026-05-16,3,2026-06-06,wk inc flu prop ed visits,quantile,0.8,0.007028409548716842
42,2026-05-16,3,2026-06-06,wk inc flu prop ed visits,quantile,0.8,0.003273499277638806
44,2026-05-16,3,2026-06-06,wk inc flu prop ed visits,quantile,0.8,0.0038080840958620078
45,2026-05-16,3,2026-06-06,wk inc flu prop ed visits,quantile,0.8,0.006579363040783972
46,2026-05-16,3,2026-06-06,wk inc flu prop ed visits,quantile,0.8,0.0028070213574252134
47,2026-05-16,3,2026-06-06,wk inc flu prop ed visits,quantile,0.8,0.006934625184301502
48,2026-05-16,3,2026-06-06,wk inc flu prop ed visits,quantile,0.8,0.009032658525002586
49,2026-05-16,3,2026-06-06,wk inc flu prop ed visits,quantile,0.8,0.004146034999974681
50,2026-05-16,3,2026-06-06,wk inc flu prop ed visits,quantile,0.8,0.01427811805671265
51,2026-05-16,3,2026-06-06,wk inc flu prop ed visits,quantile,0.8,0.005533230701702358
53,2026-05-16,3,2026-06-06,wk inc flu prop ed visits,quantile,0.8,0.010075212106890729
54,2026-05-16,3,2026-06-06,wk inc flu prop ed visits,quantile,0.8,0.003986012029145374
55,2026-05-16,3,2026-06-06,wk inc flu prop ed visits,quantile,0.8,0.002451112643703631
56,2026-05-16,3,2026-06-06,wk inc flu prop ed visits,quantile,0.8,0.03317314738794955
US,2026-05-16,3,2026-06-06,wk inc flu prop ed visits,quantile,0.8,0.005640969075818365
01,2026-05-16,0,2026-05-16,wk inc flu prop ed visits,quantile,0.85,0.003731308118238358
02,2026-05-16,0,2026-05-16,wk inc flu prop ed visits,quantile,0.85,0.0020552908818643814
04,2026-05-16,0,2026-05-16,wk inc flu prop ed visits,quantile,0.85,0.008846287630671794
05,2026-05-16,0,2026-05-16,wk inc flu prop ed visits,quantile,0.85,0.002877989633460438
06,2026-05-16,0,2026-05-16,wk inc flu prop ed visits,quantile,0.85,0.004721636843495131
08,2026-05-16,0,2026-05-16,wk inc flu prop ed visits,quantile,0.85,0.004504342139841007
09,2026-05-16,0,2026-05-16,wk inc flu prop ed visits,quantile,0.85,0.0035961807231109644
10,2026-05-16,0,2026-05-16,wk inc flu prop ed visits,quantile,0.85,0.002738087769001656
11,2026-05-16,0,2026-05-16,wk inc flu prop ed visits,quantile,0.85,0.0022879740254933907
12,2026-05-16,0,2026-05-16,wk inc flu prop ed visits,quantile,0.85,0.005041703907354494
13,2026-05-16,0,2026-05-16,wk inc flu prop ed visits,quantile,0.85,0.0027241645941988185
15,2026-05-16,0,2026-05-16,wk inc flu prop ed visits,quantile,0.85,0.025156676739436782
16,2026-05-16,0,2026-05-16,wk inc flu prop ed visits,quantile,0.85,0.00293605264685111
17,2026-05-16,0,2026-05-16,wk inc flu prop ed visits,quantile,0.85,0.0016197767119483534
18,2026-05-16,0,2026-05-16,wk inc flu prop ed visits,quantile,0.85,0.0010047751512462647
19,2026-05-16,0,2026-05-16,wk inc flu prop ed visits,quantile,0.85,0.001132358353248421
20,2026-05-16,0,2026-05-16,wk inc flu prop ed visits,quantile,0.85,0.0013427803581323545
21,2026-05-16,0,2026-05-16,wk inc flu prop ed visits,quantile,0.85,0.0023849002227497858
22,2026-05-16,0,2026-05-16,wk inc flu prop ed visits,quantile,0.85,0.0023769881750908763
23,2026-05-16,0,2026-05-16,wk inc flu prop ed visits,quantile,0.85,0.004353862282690007
24,2026-05-16,0,2026-05-16,wk inc flu prop ed visits,quantile,0.85,0.0024054664112409434
25,2026-05-16,0,2026-05-16,wk inc flu prop ed visits,quantile,0.85,0.00290969511199969
26,2026-05-16,0,2026-05-16,wk inc flu prop ed visits,quantile,0.85,0.0008750871296119701
27,2026-05-16,0,2026-05-16,wk inc flu prop ed visits,quantile,0.85,0.003921568315791084
28,2026-05-16,0,2026-05-16,wk inc flu prop ed visits,quantile,0.85,0.00362020051922504
30,2026-05-16,0,2026-05-16,wk inc flu prop ed visits,quantile,0.85,0.0034336325626053953
31,2026-05-16,0,2026-05-16,wk inc flu prop ed visits,quantile,0.85,0.002056542133208431
32,2026-05-16,0,2026-05-16,wk inc flu prop ed visits,quantile,0.85,0.011044022624677886
33,2026-05-16,0,2026-05-16,wk inc flu prop ed visits,quantile,0.85,0.0043387167554699195
34,2026-05-16,0,2026-05-16,wk inc flu prop ed visits,quantile,0.85,0.0033684634731338315
35,2026-05-16,0,2026-05-16,wk inc flu prop ed visits,quantile,0.85,0.006176967409082883
36,2026-05-16,0,2026-05-16,wk inc flu prop ed visits,quantile,0.85,0.0033016998663405695
37,2026-05-16,0,2026-05-16,wk inc flu prop ed visits,quantile,0.85,0.00878203606177256
38,2026-05-16,0,2026-05-16,wk inc flu prop ed visits,quantile,0.85,0.003742423710691613
39,2026-05-16,0,2026-05-16,wk inc flu prop ed visits,quantile,0.85,0.0007396496253841052
40,2026-05-16,0,2026-05-16,wk inc flu prop ed visits,quantile,0.85,0.00219480068386107
41,2026-05-16,0,2026-05-16,wk inc flu prop ed visits,quantile,0.85,0.004791308982433547
42,2026-05-16,0,2026-05-16,wk inc flu prop ed visits,quantile,0.85,0.002231446350721354
44,2026-05-16,0,2026-05-16,wk inc flu prop ed visits,quantile,0.85,0.0027538275826483223
45,2026-05-16,0,2026-05-16,wk inc flu prop ed visits,quantile,0.85,0.0033089040494159463
46,2026-05-16,0,2026-05-16,wk inc flu prop ed visits,quantile,0.85,0.001825944834056338
47,2026-05-16,0,2026-05-16,wk inc flu prop ed visits,quantile,0.85,0.003846367719715911
48,2026-05-16,0,2026-05-16,wk inc flu prop ed visits,quantile,0.85,0.005193277807783769
49,2026-05-16,0,2026-05-16,wk inc flu prop ed visits,quantile,0.85,0.0022194781204916032
50,2026-05-16,0,2026-05-16,wk inc flu prop ed visits,quantile,0.85,0.005030088339778836
51,2026-05-16,0,2026-05-16,wk inc flu prop ed visits,quantile,0.85,0.003256630743090027
53,2026-05-16,0,2026-05-16,wk inc flu prop ed visits,quantile,0.85,0.008834477931544243
54,2026-05-16,0,2026-05-16,wk inc flu prop ed visits,quantile,0.85,0.002657021370582479
55,2026-05-16,0,2026-05-16,wk inc flu prop ed visits,quantile,0.85,0.0016418089955023258
56,2026-05-16,0,2026-05-16,wk inc flu prop ed visits,quantile,0.85,0.016256847097339606
US,2026-05-16,0,2026-05-16,wk inc flu prop ed visits,quantile,0.85,0.00370633723669546
01,2026-05-16,1,2026-05-23,wk inc flu prop ed visits,quantile,0.85,0.005022821809154059
02,2026-05-16,1,2026-05-23,wk inc flu prop ed visits,quantile,0.85,0.002558843559565354
04,2026-05-16,1,2026-05-23,wk inc flu prop ed visits,quantile,0.85,0.010374552876991093
05,2026-05-16,1,2026-05-23,wk inc flu prop ed visits,quantile,0.85,0.004001544973621313
06,2026-05-16,1,2026-05-23,wk inc flu prop ed visits,quantile,0.85,0.0053349403296666775
08,2026-05-16,1,2026-05-23,wk inc flu prop ed visits,quantile,0.85,0.004965743627416355
09,2026-05-16,1,2026-05-23,wk inc flu prop ed visits,quantile,0.85,0.004092033438120039
10,2026-05-16,1,2026-05-23,wk inc flu prop ed visits,quantile,0.85,0.0038160724775369004
11,2026-05-16,1,2026-05-23,wk inc flu prop ed visits,quantile,0.85,0.002743574802888158
12,2026-05-16,1,2026-05-23,wk inc flu prop ed visits,quantile,0.85,0.006093814812679681
13,2026-05-16,1,2026-05-23,wk inc flu prop ed visits,quantile,0.85,0.0035753719526753114
15,2026-05-16,1,2026-05-23,wk inc flu prop ed visits,quantile,0.85,0.028920060724099025
16,2026-05-16,1,2026-05-23,wk inc flu prop ed visits,quantile,0.85,0.003639322456843575
17,2026-05-16,1,2026-05-23,wk inc flu prop ed visits,quantile,0.85,0.001991390945786613
18,2026-05-16,1,2026-05-23,wk inc flu prop ed visits,quantile,0.85,0.001305932924259589
19,2026-05-16,1,2026-05-23,wk inc flu prop ed visits,quantile,0.85,0.0014799330360613877
20,2026-05-16,1,2026-05-23,wk inc flu prop ed visits,quantile,0.85,0.0019788194210852116
21,2026-05-16,1,2026-05-23,wk inc flu prop ed visits,quantile,0.85,0.003067355244226298
22,2026-05-16,1,2026-05-23,wk inc flu prop ed visits,quantile,0.85,0.0031443557191125097
23,2026-05-16,1,2026-05-23,wk inc flu prop ed visits,quantile,0.85,0.0052654668027544834
24,2026-05-16,1,2026-05-23,wk inc flu prop ed visits,quantile,0.85,0.0028742060737196253
25,2026-05-16,1,2026-05-23,wk inc flu prop ed visits,quantile,0.85,0.0030338562842717894
26,2026-05-16,1,2026-05-23,wk inc flu prop ed visits,quantile,0.85,0.0011747306323881795
27,2026-05-16,1,2026-05-23,wk inc flu prop ed visits,quantile,0.85,0.004623769092286095
28,2026-05-16,1,2026-05-23,wk inc flu prop ed visits,quantile,0.85,0.004516192028905095
30,2026-05-16,1,2026-05-23,wk inc flu prop ed visits,quantile,0.85,0.004893323148662646
31,2026-05-16,1,2026-05-23,wk inc flu prop ed visits,quantile,0.85,0.0030124972679027983
32,2026-05-16,1,2026-05-23,wk inc flu prop ed visits,quantile,0.85,0.012809184560526788
33,2026-05-16,1,2026-05-23,wk inc flu prop ed visits,quantile,0.85,0.005682663548217647
34,2026-05-16,1,2026-05-23,wk inc flu prop ed visits,quantile,0.85,0.003916923978730013
35,2026-05-16,1,2026-05-23,wk inc flu prop ed visits,quantile,0.85,0.007530399724903679
36,2026-05-16,1,2026-05-23,wk inc flu prop ed visits,quantile,0.85,0.003930225213600931
37,2026-05-16,1,2026-05-23,wk inc flu prop ed visits,quantile,0.85,0.010518645142166515
38,2026-05-16,1,2026-05-23,wk inc flu prop ed visits,quantile,0.85,0.004481463849126841
39,2026-05-16,1,2026-05-23,wk inc flu prop ed visits,quantile,0.85,0.0009517404985947205
40,2026-05-16,1,2026-05-23,wk inc flu prop ed visits,quantile,0.85,0.0028474244890388124
41,2026-05-16,1,2026-05-23,wk inc flu prop ed visits,quantile,0.85,0.005691486823033118
42,2026-05-16,1,2026-05-23,wk inc flu prop ed visits,quantile,0.85,0.0026494144297857817
44,2026-05-16,1,2026-05-23,wk inc flu prop ed visits,quantile,0.85,0.0033426256229465053
45,2026-05-16,1,2026-05-23,wk inc flu prop ed visits,quantile,0.85,0.004498070014527631
46,2026-05-16,1,2026-05-23,wk inc flu prop ed visits,quantile,0.85,0.0022110634779714308
47,2026-05-16,1,2026-05-23,wk inc flu prop ed visits,quantile,0.85,0.004942347035421032
48,2026-05-16,1,2026-05-23,wk inc flu prop ed visits,quantile,0.85,0.006599486031618814
49,2026-05-16,1,2026-05-23,wk inc flu prop ed visits,quantile,0.85,0.002908518905681697
50,2026-05-16,1,2026-05-23,wk inc flu prop ed visits,quantile,0.85,0.00869760726971693
51,2026-05-16,1,2026-05-23,wk inc flu prop ed visits,quantile,0.85,0.00407112200386339
53,2026-05-16,1,2026-05-23,wk inc flu prop ed visits,quantile,0.85,0.00958135898171922
54,2026-05-16,1,2026-05-23,wk inc flu prop ed visits,quantile,0.85,0.003085962040825914
55,2026-05-16,1,2026-05-23,wk inc flu prop ed visits,quantile,0.85,0.001993441694117216
56,2026-05-16,1,2026-05-23,wk inc flu prop ed visits,quantile,0.85,0.023426220960432616
US,2026-05-16,1,2026-05-23,wk inc flu prop ed visits,quantile,0.85,0.00448430192116321
01,2026-05-16,2,2026-05-30,wk inc flu prop ed visits,quantile,0.85,0.006726367997406593
02,2026-05-16,2,2026-05-30,wk inc flu prop ed visits,quantile,0.85,0.0034918338801322698
04,2026-05-16,2,2026-05-30,wk inc flu prop ed visits,quantile,0.85,0.012244844563934591
05,2026-05-16,2,2026-05-30,wk inc flu prop ed visits,quantile,0.85,0.0053904816484897965
06,2026-05-16,2,2026-05-30,wk inc flu prop ed visits,quantile,0.85,0.006155476210971419
08,2026-05-16,2,2026-05-30,wk inc flu prop ed visits,quantile,0.85,0.0055299378801514755
09,2026-05-16,2,2026-05-30,wk inc flu prop ed visits,quantile,0.85,0.004733466622319409
10,2026-05-16,2,2026-05-30,wk inc flu prop ed visits,quantile,0.85,0.005097061823309278
11,2026-05-16,2,2026-05-30,wk inc flu prop ed visits,quantile,0.85,0.0037624968005448125
12,2026-05-16,2,2026-05-30,wk inc flu prop ed visits,quantile,0.85,0.0074106386738109105
13,2026-05-16,2,2026-05-30,wk inc flu prop ed visits,quantile,0.85,0.004511332100613307
15,2026-05-16,2,2026-05-30,wk inc flu prop ed visits,quantile,0.85,0.03326717404770984
16,2026-05-16,2,2026-05-30,wk inc flu prop ed visits,quantile,0.85,0.004801691851475661
17,2026-05-16,2,2026-05-30,wk inc flu prop ed visits,quantile,0.85,0.0025186624525970125
18,2026-05-16,2,2026-05-30,wk inc flu prop ed visits,quantile,0.85,0.0016638090806916285
19,2026-05-16,2,2026-05-30,wk inc flu prop ed visits,quantile,0.85,0.0019367569901345542
20,2026-05-16,2,2026-05-30,wk inc flu prop ed visits,quantile,0.85,0.0028918671633331454
21,2026-05-16,2,2026-05-30,wk inc flu prop ed visits,quantile,0.85,0.00416925353099584
22,2026-05-16,2,2026-05-30,wk inc flu prop ed visits,quantile,0.85,0.004424208513169263
23,2026-05-16,2,2026-05-30,wk inc flu prop ed visits,quantile,0.85,0.0061263265812783185
24,2026-05-16,2,2026-05-30,wk inc flu prop ed visits,quantile,0.85,0.003579557102800301
25,2026-05-16,2,2026-05-30,wk inc flu prop ed visits,quantile,0.85,0.00350012213759507
26,2026-05-16,2,2026-05-30,wk inc flu prop ed visits,quantile,0.85,0.0015843312361022977
27,2026-05-16,2,2026-05-30,wk inc flu prop ed visits,quantile,0.85,0.005539402151375291
28,2026-05-16,2,2026-05-30,wk inc flu prop ed visits,quantile,0.85,0.005713995112256984
30,2026-05-16,2,2026-05-30,wk inc flu prop ed visits,quantile,0.85,0.006974373061961898
31,2026-05-16,2,2026-05-30,wk inc flu prop ed visits,quantile,0.85,0.004104036900924943
32,2026-05-16,2,2026-05-30,wk inc flu prop ed visits,quantile,0.85,0.01480951863248508
33,2026-05-16,2,2026-05-30,wk inc flu prop ed visits,quantile,0.85,0.007130541488984182
34,2026-05-16,2,2026-05-30,wk inc flu prop ed visits,quantile,0.85,0.004595988750767017
35,2026-05-16,2,2026-05-30,wk inc flu prop ed visits,quantile,0.85,0.00931103817270657
36,2026-05-16,2,2026-05-30,wk inc flu prop ed visits,quantile,0.85,0.004579507867578571
37,2026-05-16,2,2026-05-30,wk inc flu prop ed visits,quantile,0.85,0.013264070783408785
38,2026-05-16,2,2026-05-30,wk inc flu prop ed visits,quantile,0.85,0.0057891946650992145
39,2026-05-16,2,2026-05-30,wk inc flu prop ed visits,quantile,0.85,0.001289598181276134
40,2026-05-16,2,2026-05-30,wk inc flu prop ed visits,quantile,0.85,0.004072062357014036
41,2026-05-16,2,2026-05-30,wk inc flu prop ed visits,quantile,0.85,0.007065040282417173
42,2026-05-16,2,2026-05-30,wk inc flu prop ed visits,quantile,0.85,0.0031434221381177727
44,2026-05-16,2,2026-05-30,wk inc flu prop ed visits,quantile,0.85,0.004091290316198565
45,2026-05-16,2,2026-05-30,wk inc flu prop ed visits,quantile,0.85,0.0059646894485124
46,2026-05-16,2,2026-05-30,wk inc flu prop ed visits,quantile,0.85,0.002929248922725263
47,2026-05-16,2,2026-05-30,wk inc flu prop ed visits,quantile,0.85,0.006402427685080306
48,2026-05-16,2,2026-05-30,wk inc flu prop ed visits,quantile,0.85,0.008337355400431902
49,2026-05-16,2,2026-05-30,wk inc flu prop ed visits,quantile,0.85,0.0038993725374992993
50,2026-05-16,2,2026-05-30,wk inc flu prop ed visits,quantile,0.85,0.01247871778372072
51,2026-05-16,2,2026-05-30,wk inc flu prop ed visits,quantile,0.85,0.005047822429494226
53,2026-05-16,2,2026-05-30,wk inc flu prop ed visits,quantile,0.85,0.010355928702056023
54,2026-05-16,2,2026-05-30,wk inc flu prop ed visits,quantile,0.85,0.0039046449330839127
55,2026-05-16,2,2026-05-30,wk inc flu prop ed visits,quantile,0.85,0.002365130683391704
56,2026-05-16,2,2026-05-30,wk inc flu prop ed visits,quantile,0.85,0.032531301949231324
US,2026-05-16,2,2026-05-30,wk inc flu prop ed visits,quantile,0.85,0.005263859876703878
01,2026-05-16,3,2026-06-06,wk inc flu prop ed visits,quantile,0.85,0.00849556040388915
02,2026-05-16,3,2026-06-06,wk inc flu prop ed visits,quantile,0.85,0.004622071409664591
04,2026-05-16,3,2026-06-06,wk inc flu prop ed visits,quantile,0.85,0.013866560285578242
05,2026-05-16,3,2026-06-06,wk inc flu prop ed visits,quantile,0.85,0.0073204278218622736
06,2026-05-16,3,2026-06-06,wk inc flu prop ed visits,quantile,0.85,0.0070915479917579025
08,2026-05-16,3,2026-06-06,wk inc flu prop ed visits,quantile,0.85,0.006227014422547566
09,2026-05-16,3,2026-06-06,wk inc flu prop ed visits,quantile,0.85,0.005655007125352271
10,2026-05-16,3,2026-06-06,wk inc flu prop ed visits,quantile,0.85,0.006926200401261775
11,2026-05-16,3,2026-06-06,wk inc flu prop ed visits,quantile,0.85,0.005058638286390325
12,2026-05-16,3,2026-06-06,wk inc flu prop ed visits,quantile,0.85,0.008914562319185212
13,2026-05-16,3,2026-06-06,wk inc flu prop ed visits,quantile,0.85,0.005876978059647372
15,2026-05-16,3,2026-06-06,wk inc flu prop ed visits,quantile,0.85,0.0368667693387922
16,2026-05-16,3,2026-06-06,wk inc flu prop ed visits,quantile,0.85,0.00615300763658015
17,2026-05-16,3,2026-06-06,wk inc flu prop ed visits,quantile,0.85,0.00337230175455553
18,2026-05-16,3,2026-06-06,wk inc flu prop ed visits,quantile,0.85,0.0023050809407766117
19,2026-05-16,3,2026-06-06,wk inc flu prop ed visits,quantile,0.85,0.0025637554168013743
20,2026-05-16,3,2026-06-06,wk inc flu prop ed visits,quantile,0.85,0.004019323543299778
21,2026-05-16,3,2026-06-06,wk inc flu prop ed visits,quantile,0.85,0.005863010310758793
22,2026-05-16,3,2026-06-06,wk inc flu prop ed visits,quantile,0.85,0.005996531906222834
23,2026-05-16,3,2026-06-06,wk inc flu prop ed visits,quantile,0.85,0.006981639765414474
24,2026-05-16,3,2026-06-06,wk inc flu prop ed visits,quantile,0.85,0.004569709537057985
25,2026-05-16,3,2026-06-06,wk inc flu prop ed visits,quantile,0.85,0.003988496578600887
26,2026-05-16,3,2026-06-06,wk inc flu prop ed visits,quantile,0.85,0.002214269501648933
27,2026-05-16,3,2026-06-06,wk inc flu prop ed visits,quantile,0.85,0.006529139248178688
28,2026-05-16,3,2026-06-06,wk inc flu prop ed visits,quantile,0.85,0.0069973635048214775
30,2026-05-16,3,2026-06-06,wk inc flu prop ed visits,quantile,0.85,0.00862904426517106
31,2026-05-16,3,2026-06-06,wk inc flu prop ed visits,quantile,0.85,0.0050003213618560185
32,2026-05-16,3,2026-06-06,wk inc flu prop ed visits,quantile,0.85,0.016768785070822925
33,2026-05-16,3,2026-06-06,wk inc flu prop ed visits,quantile,0.85,0.008779854521344995
34,2026-05-16,3,2026-06-06,wk inc flu prop ed visits,quantile,0.85,0.005676198677958949
35,2026-05-16,3,2026-06-06,wk inc flu prop ed visits,quantile,0.85,0.011349115255651713
36,2026-05-16,3,2026-06-06,wk inc flu prop ed visits,quantile,0.85,0.005545699966356531
37,2026-05-16,3,2026-06-06,wk inc flu prop ed visits,quantile,0.85,0.016104394934502757
38,2026-05-16,3,2026-06-06,wk inc flu prop ed visits,quantile,0.85,0.007185549779652209
39,2026-05-16,3,2026-06-06,wk inc flu prop ed visits,quantile,0.85,0.0017735552976260833
40,2026-05-16,3,2026-06-06,wk inc flu prop ed visits,quantile,0.85,0.005402448401116949
41,2026-05-16,3,2026-06-06,wk inc flu prop ed visits,quantile,0.85,0.00820481710233503
42,2026-05-16,3,2026-06-06,wk inc flu prop ed visits,quantile,0.85,0.003885754111793663
44,2026-05-16,3,2026-06-06,wk inc flu prop ed visits,quantile,0.85,0.0049378512487990725
45,2026-05-16,3,2026-06-06,wk inc flu prop ed visits,quantile,0.85,0.007525106963535695
46,2026-05-16,3,2026-06-06,wk inc flu prop ed visits,quantile,0.85,0.003777448678478667
47,2026-05-16,3,2026-06-06,wk inc flu prop ed visits,quantile,0.85,0.007893994791023007
48,2026-05-16,3,2026-06-06,wk inc flu prop ed visits,quantile,0.85,0.010432659743219323
49,2026-05-16,3,2026-06-06,wk inc flu prop ed visits,quantile,0.85,0.005008371688703228
50,2026-05-16,3,2026-06-06,wk inc flu prop ed visits,quantile,0.85,0.018575930619090165
51,2026-05-16,3,2026-06-06,wk inc flu prop ed visits,quantile,0.85,0.006369752796936934
53,2026-05-16,3,2026-06-06,wk inc flu prop ed visits,quantile,0.85,0.011343764299162975
54,2026-05-16,3,2026-06-06,wk inc flu prop ed visits,quantile,0.85,0.0049529449792304866
55,2026-05-16,3,2026-06-06,wk inc flu prop ed visits,quantile,0.85,0.003032438743539578
56,2026-05-16,3,2026-06-06,wk inc flu prop ed visits,quantile,0.85,0.03991955737530284
US,2026-05-16,3,2026-06-06,wk inc flu prop ed visits,quantile,0.85,0.006360689079155969
01,2026-05-16,0,2026-05-16,wk inc flu prop ed visits,quantile,0.9,0.004081217160207282
02,2026-05-16,0,2026-05-16,wk inc flu prop ed visits,quantile,0.9,0.002282154161541124
04,2026-05-16,0,2026-05-16,wk inc flu prop ed visits,quantile,0.9,0.009402531480394561
05,2026-05-16,0,2026-05-16,wk inc flu prop ed visits,quantile,0.9,0.003239008611050998
06,2026-05-16,0,2026-05-16,wk inc flu prop ed visits,quantile,0.9,0.00492334034412274
08,2026-05-16,0,2026-05-16,wk inc flu prop ed visits,quantile,0.9,0.004797134965415329
09,2026-05-16,0,2026-05-16,wk inc flu prop ed visits,quantile,0.9,0.003886297907719013
10,2026-05-16,0,2026-05-16,wk inc flu prop ed visits,quantile,0.9,0.003094929612558369
11,2026-05-16,0,2026-05-16,wk inc flu prop ed visits,quantile,0.9,0.0025547008010021054
12,2026-05-16,0,2026-05-16,wk inc flu prop ed visits,quantile,0.9,0.005274331238960532
13,2026-05-16,0,2026-05-16,wk inc flu prop ed visits,quantile,0.9,0.0029758267931147687
15,2026-05-16,0,2026-05-16,wk inc flu prop ed visits,quantile,0.9,0.02653027788260936
16,2026-05-16,0,2026-05-16,wk inc flu prop ed visits,quantile,0.9,0.0032907445718904442
17,2026-05-16,0,2026-05-16,wk inc flu prop ed visits,quantile,0.9,0.001764758444139518
18,2026-05-16,0,2026-05-16,wk inc flu prop ed visits,quantile,0.9,0.0011336520699067004
19,2026-05-16,0,2026-05-16,wk inc flu prop ed visits,quantile,0.9,0.0012586217130265212
20,2026-05-16,0,2026-05-16,wk inc flu prop ed visits,quantile,0.9,0.0015197695695284411
21,2026-05-16,0,2026-05-16,wk inc flu prop ed visits,quantile,0.9,0.002643091793454961
22,2026-05-16,0,2026-05-16,wk inc flu prop ed visits,quantile,0.9,0.002611213768191283
23,2026-05-16,0,2026-05-16,wk inc flu prop ed visits,quantile,0.9,0.004754122718461216
24,2026-05-16,0,2026-05-16,wk inc flu prop ed visits,quantile,0.9,0.0026228078534245203
25,2026-05-16,0,2026-05-16,wk inc flu prop ed visits,quantile,0.9,0.0031126765378337896
26,2026-05-16,0,2026-05-16,wk inc flu prop ed visits,quantile,0.9,0.0009507874379467912
27,2026-05-16,0,2026-05-16,wk inc flu prop ed visits,quantile,0.9,0.004294257888726046
28,2026-05-16,0,2026-05-16,wk inc flu prop ed visits,quantile,0.9,0.003942227521984811
30,2026-05-16,0,2026-05-16,wk inc flu prop ed visits,quantile,0.9,0.003968966711096659
31,2026-05-16,0,2026-05-16,wk inc flu prop ed visits,quantile,0.9,0.0023705550491025813
32,2026-05-16,0,2026-05-16,wk inc flu prop ed visits,quantile,0.9,0.011607270433713759
33,2026-05-16,0,2026-05-16,wk inc flu prop ed visits,quantile,0.9,0.00489893486816231
34,2026-05-16,0,2026-05-16,wk inc flu prop ed visits,quantile,0.9,0.0036488194261362315
35,2026-05-16,0,2026-05-16,wk inc flu prop ed visits,quantile,0.9,0.006658997407719596
36,2026-05-16,0,2026-05-16,wk inc flu prop ed visits,quantile,0.9,0.0035804551116982012
37,2026-05-16,0,2026-05-16,wk inc flu prop ed visits,quantile,0.9,0.009247208558406524
38,2026-05-16,0,2026-05-16,wk inc flu prop ed visits,quantile,0.9,0.004243009083241583
39,2026-05-16,0,2026-05-16,wk inc flu prop ed visits,quantile,0.9,0.0008295209434832957
40,2026-05-16,0,2026-05-16,wk inc flu prop ed visits,quantile,0.9,0.0024176196397712193
41,2026-05-16,0,2026-05-16,wk inc flu prop ed visits,quantile,0.9,0.005177151951356615
42,2026-05-16,0,2026-05-16,wk inc flu prop ed visits,quantile,0.9,0.002423771670188959
44,2026-05-16,0,2026-05-16,wk inc flu prop ed visits,quantile,0.9,0.00301808710278196
45,2026-05-16,0,2026-05-16,wk inc flu prop ed visits,quantile,0.9,0.003652351659912908
46,2026-05-16,0,2026-05-16,wk inc flu prop ed visits,quantile,0.9,0.0021622234817342003
47,2026-05-16,0,2026-05-16,wk inc flu prop ed visits,quantile,0.9,0.004193369440235903
48,2026-05-16,0,2026-05-16,wk inc flu prop ed visits,quantile,0.9,0.005455040398008069
49,2026-05-16,0,2026-05-16,wk inc flu prop ed visits,quantile,0.9,0.0024335030160227704
50,2026-05-16,0,2026-05-16,wk inc flu prop ed visits,quantile,0.9,0.005801037969903245
51,2026-05-16,0,2026-05-16,wk inc flu prop ed visits,quantile,0.9,0.003554490834798628
53,2026-05-16,0,2026-05-16,wk inc flu prop ed visits,quantile,0.9,0.009344200094087297
54,2026-05-16,0,2026-05-16,wk inc flu prop ed visits,quantile,0.9,0.002897773307862613
55,2026-05-16,0,2026-05-16,wk inc flu prop ed visits,quantile,0.9,0.001800598234842161
56,2026-05-16,0,2026-05-16,wk inc flu prop ed visits,quantile,0.9,0.018326015127515628
US,2026-05-16,0,2026-05-16,wk inc flu prop ed visits,quantile,0.9,0.003893642965823779
01,2026-05-16,1,2026-05-23,wk inc flu prop ed visits,quantile,0.9,0.005790817989490209
02,2026-05-16,1,2026-05-23,wk inc flu prop ed visits,quantile,0.9,0.003160195539372617
04,2026-05-16,1,2026-05-23,wk inc flu prop ed visits,quantile,0.9,0.011509861276891884
05,2026-05-16,1,2026-05-23,wk inc flu prop ed visits,quantile,0.9,0.004688798537736005
06,2026-05-16,1,2026-05-23,wk inc flu prop ed visits,quantile,0.9,0.005809814222584839
08,2026-05-16,1,2026-05-23,wk inc flu prop ed visits,quantile,0.9,0.00552678526930435
09,2026-05-16,1,2026-05-23,wk inc flu prop ed visits,quantile,0.9,0.00467988569406373
10,2026-05-16,1,2026-05-23,wk inc flu prop ed visits,quantile,0.9,0.004618887680057274
11,2026-05-16,1,2026-05-23,wk inc flu prop ed visits,quantile,0.9,0.003340060363195249
12,2026-05-16,1,2026-05-23,wk inc flu prop ed visits,quantile,0.9,0.006599528113150248
13,2026-05-16,1,2026-05-23,wk inc flu prop ed visits,quantile,0.9,0.004039159497521904
15,2026-05-16,1,2026-05-23,wk inc flu prop ed visits,quantile,0.9,0.031966466493143136
16,2026-05-16,1,2026-05-23,wk inc flu prop ed visits,quantile,0.9,0.004352207511031564
17,2026-05-16,1,2026-05-23,wk inc flu prop ed visits,quantile,0.9,0.0023056760401017123
18,2026-05-16,1,2026-05-23,wk inc flu prop ed visits,quantile,0.9,0.001530733341005948
19,2026-05-16,1,2026-05-23,wk inc flu prop ed visits,quantile,0.9,0.0017830541475770132
20,2026-05-16,1,2026-05-23,wk inc flu prop ed visits,quantile,0.9,0.0024079868249756446
21,2026-05-16,1,2026-05-23,wk inc flu prop ed visits,quantile,0.9,0.0036439503129295924
22,2026-05-16,1,2026-05-23,wk inc flu prop ed visits,quantile,0.9,0.003629335030517154
23,2026-05-16,1,2026-05-23,wk inc flu prop ed visits,quantile,0.9,0.005951804500614629
24,2026-05-16,1,2026-05-23,wk inc flu prop ed visits,quantile,0.9,0.0033371189119776688
25,2026-05-16,1,2026-05-23,wk inc flu prop ed visits,quantile,0.9,0.00342692596952147
26,2026-05-16,1,2026-05-23,wk inc flu prop ed visits,quantile,0.9,0.0014204708937058772
27,2026-05-16,1,2026-05-23,wk inc flu prop ed visits,quantile,0.9,0.0052558439166300805
28,2026-05-16,1,2026-05-23,wk inc flu prop ed visits,quantile,0.9,0.005298758317688807
30,2026-05-16,1,2026-05-23,wk inc flu prop ed visits,quantile,0.9,0.00592876160133624
31,2026-05-16,1,2026-05-23,wk inc flu prop ed visits,quantile,0.9,0.003728034995773102
32,2026-05-16,1,2026-05-23,wk inc flu prop ed visits,quantile,0.9,0.013736643720358472
33,2026-05-16,1,2026-05-23,wk inc flu prop ed visits,quantile,0.9,0.0066827284402494825
34,2026-05-16,1,2026-05-23,wk inc flu prop ed visits,quantile,0.9,0.004367679826213761
35,2026-05-16,1,2026-05-23,wk inc flu prop ed visits,quantile,0.9,0.00862320899261856
36,2026-05-16,1,2026-05-23,wk inc flu prop ed visits,quantile,0.9,0.004408335759595524
37,2026-05-16,1,2026-05-23,wk inc flu prop ed visits,quantile,0.9,0.01154348497232005
38,2026-05-16,1,2026-05-23,wk inc flu prop ed visits,quantile,0.9,0.005598656255562916
39,2026-05-16,1,2026-05-23,wk inc flu prop ed visits,quantile,0.9,0.0011687969216150763
40,2026-05-16,1,2026-05-23,wk inc flu prop ed visits,quantile,0.9,0.0033888236706834827
41,2026-05-16,1,2026-05-23,wk inc flu prop ed visits,quantile,0.9,0.006506123428778706
42,2026-05-16,1,2026-05-23,wk inc flu prop ed visits,quantile,0.9,0.002947855429479644
44,2026-05-16,1,2026-05-23,wk inc flu prop ed visits,quantile,0.9,0.003990288556116946
45,2026-05-16,1,2026-05-23,wk inc flu prop ed visits,quantile,0.9,0.005163417326941756
46,2026-05-16,1,2026-05-23,wk inc flu prop ed visits,quantile,0.9,0.002959055525372673
47,2026-05-16,1,2026-05-23,wk inc flu prop ed visits,quantile,0.9,0.005701854772452468
48,2026-05-16,1,2026-05-23,wk inc flu prop ed visits,quantile,0.9,0.007188258893164184
49,2026-05-16,1,2026-05-23,wk inc flu prop ed visits,quantile,0.9,0.0034200538097440576
50,2026-05-16,1,2026-05-23,wk inc flu prop ed visits,quantile,0.9,0.010724071694546979
51,2026-05-16,1,2026-05-23,wk inc flu prop ed visits,quantile,0.9,0.004575009413545553
53,2026-05-16,1,2026-05-23,wk inc flu prop ed visits,quantile,0.9,0.01053723998979345
54,2026-05-16,1,2026-05-23,wk inc flu prop ed visits,quantile,0.9,0.0037586953726036413
55,2026-05-16,1,2026-05-23,wk inc flu prop ed visits,quantile,0.9,0.0022551295296033987
56,2026-05-16,1,2026-05-23,wk inc flu prop ed visits,quantile,0.9,0.028545237457708973
US,2026-05-16,1,2026-05-23,wk inc flu prop ed visits,quantile,0.9,0.0048896847444755785
01,2026-05-16,2,2026-05-30,wk inc flu prop ed visits,quantile,0.9,0.007879870009626998
02,2026-05-16,2,2026-05-30,wk inc flu prop ed visits,quantile,0.9,0.004547547968240819
04,2026-05-16,2,2026-05-30,wk inc flu prop ed visits,quantile,0.9,0.013815511036506096
05,2026-05-16,2,2026-05-30,wk inc flu prop ed visits,quantile,0.9,0.0067588782914960455
06,2026-05-16,2,2026-05-30,wk inc flu prop ed visits,quantile,0.9,0.006811257679214961
08,2026-05-16,2,2026-05-30,wk inc flu prop ed visits,quantile,0.9,0.006382546013236328
09,2026-05-16,2,2026-05-30,wk inc flu prop ed visits,quantile,0.9,0.005599573241390281
10,2026-05-16,2,2026-05-30,wk inc flu prop ed visits,quantile,0.9,0.00624689702458457
11,2026-05-16,2,2026-05-30,wk inc flu prop ed visits,quantile,0.9,0.004737391830817568
12,2026-05-16,2,2026-05-30,wk inc flu prop ed visits,quantile,0.9,0.008215950356424587
13,2026-05-16,2,2026-05-30,wk inc flu prop ed visits,quantile,0.9,0.005438781052934593
15,2026-05-16,2,2026-05-30,wk inc flu prop ed visits,quantile,0.9,0.03777883825362747
16,2026-05-16,2,2026-05-30,wk inc flu prop ed visits,quantile,0.9,0.00614658366488841
17,2026-05-16,2,2026-05-30,wk inc flu prop ed visits,quantile,0.9,0.003072992505318188
18,2026-05-16,2,2026-05-30,wk inc flu prop ed visits,quantile,0.9,0.0021097737934778022
19,2026-05-16,2,2026-05-30,wk inc flu prop ed visits,quantile,0.9,0.002450401307244622
20,2026-05-16,2,2026-05-30,wk inc flu prop ed visits,quantile,0.9,0.0035217791304630592
21,2026-05-16,2,2026-05-30,wk inc flu prop ed visits,quantile,0.9,0.005351821807707735
22,2026-05-16,2,2026-05-30,wk inc flu prop ed visits,quantile,0.9,0.005364694791873569
23,2026-05-16,2,2026-05-30,wk inc flu prop ed visits,quantile,0.9,0.007454248656292219
24,2026-05-16,2,2026-05-30,wk inc flu prop ed visits,quantile,0.9,0.004206878897931583
25,2026-05-16,2,2026-05-30,wk inc flu prop ed visits,quantile,0.9,0.004075798767058378
26,2026-05-16,2,2026-05-30,wk inc flu prop ed visits,quantile,0.9,0.00189665023281301
27,2026-05-16,2,2026-05-30,wk inc flu prop ed visits,quantile,0.9,0.006762062978393727
28,2026-05-16,2,2026-05-30,wk inc flu prop ed visits,quantile,0.9,0.00672039603130805
30,2026-05-16,2,2026-05-30,wk inc flu prop ed visits,quantile,0.9,0.008704316245937106
31,2026-05-16,2,2026-05-30,wk inc flu prop ed visits,quantile,0.9,0.005117303357392101
32,2026-05-16,2,2026-05-30,wk inc flu prop ed visits,quantile,0.9,0.016593439789082627
33,2026-05-16,2,2026-05-30,wk inc flu prop ed visits,quantile,0.9,0.00883720555951764
34,2026-05-16,2,2026-05-30,wk inc flu prop ed visits,quantile,0.9,0.005504192546105156
35,2026-05-16,2,2026-05-30,wk inc flu prop ed visits,quantile,0.9,0.011192700404713193
36,2026-05-16,2,2026-05-30,wk inc flu prop ed visits,quantile,0.9,0.005233985172724329
37,2026-05-16,2,2026-05-30,wk inc flu prop ed visits,quantile,0.9,0.014853954443772154
38,2026-05-16,2,2026-05-30,wk inc flu prop ed visits,quantile,0.9,0.007690665593139082
39,2026-05-16,2,2026-05-30,wk inc flu prop ed visits,quantile,0.9,0.001650809720169364
40,2026-05-16,2,2026-05-30,wk inc flu prop ed visits,quantile,0.9,0.00494577700390754
41,2026-05-16,2,2026-05-30,wk inc flu prop ed visits,quantile,0.9,0.008169465113965097
42,2026-05-16,2,2026-05-30,wk inc flu prop ed visits,quantile,0.9,0.0037752583622943595
44,2026-05-16,2,2026-05-30,wk inc flu prop ed visits,quantile,0.9,0.005175245421213937
45,2026-05-16,2,2026-05-30,wk inc flu prop ed visits,quantile,0.9,0.007030150493150395
46,2026-05-16,2,2026-05-30,wk inc flu prop ed visits,quantile,0.9,0.004342254810817799
47,2026-05-16,2,2026-05-30,wk inc flu prop ed visits,quantile,0.9,0.00725003034993839
48,2026-05-16,2,2026-05-30,wk inc flu prop ed visits,quantile,0.9,0.009587648658928017
49,2026-05-16,2,2026-05-30,wk inc flu prop ed visits,quantile,0.9,0.004755323435130484
50,2026-05-16,2,2026-05-30,wk inc flu prop ed visits,quantile,0.9,0.016291771087354558
51,2026-05-16,2,2026-05-30,wk inc flu prop ed visits,quantile,0.9,0.0059631786237733945
53,2026-05-16,2,2026-05-30,wk inc flu prop ed visits,quantile,0.9,0.011602704045475778
54,2026-05-16,2,2026-05-30,wk inc flu prop ed visits,quantile,0.9,0.004922573002578142
55,2026-05-16,2,2026-05-30,wk inc flu prop ed visits,quantile,0.9,0.0029032301719795406
56,2026-05-16,2,2026-05-30,wk inc flu prop ed visits,quantile,0.9,0.04003522097050733
US,2026-05-16,2,2026-05-30,wk inc flu prop ed visits,quantile,0.9,0.005921011371129155
01,2026-05-16,3,2026-06-06,wk inc flu prop ed visits,quantile,0.9,0.010737593563740055
02,2026-05-16,3,2026-06-06,wk inc flu prop ed visits,quantile,0.9,0.006339728923305608
04,2026-05-16,3,2026-06-06,wk inc flu prop ed visits,quantile,0.9,0.016384638159828827
05,2026-05-16,3,2026-06-06,wk inc flu prop ed visits,quantile,0.9,0.009279508220933659
06,2026-05-16,3,2026-06-06,wk inc flu prop ed visits,quantile,0.9,0.00796611779956244
08,2026-05-16,3,2026-06-06,wk inc flu prop ed visits,quantile,0.9,0.007307735955688023
09,2026-05-16,3,2026-06-06,wk inc flu prop ed visits,quantile,0.9,0.007113674291720867
10,2026-05-16,3,2026-06-06,wk inc flu prop ed visits,quantile,0.9,0.009220616570530742
11,2026-05-16,3,2026-06-06,wk inc flu prop ed visits,quantile,0.9,0.006609404527878987
12,2026-05-16,3,2026-06-06,wk inc flu prop ed visits,quantile,0.9,0.00990909311373868
13,2026-05-16,3,2026-06-06,wk inc flu prop ed visits,quantile,0.9,0.007034184975179289
15,2026-05-16,3,2026-06-06,wk inc flu prop ed visits,quantile,0.9,0.0423760606617916
16,2026-05-16,3,2026-06-06,wk inc flu prop ed visits,quantile,0.9,0.007944038764024088
17,2026-05-16,3,2026-06-06,wk inc flu prop ed visits,quantile,0.9,0.004114309255526476
18,2026-05-16,3,2026-06-06,wk inc flu prop ed visits,quantile,0.9,0.0029280834025262087
19,2026-05-16,3,2026-06-06,wk inc flu prop ed visits,quantile,0.9,0.003239258785662572
20,2026-05-16,3,2026-06-06,wk inc flu prop ed visits,quantile,0.9,0.005063800912026254
21,2026-05-16,3,2026-06-06,wk inc flu prop ed visits,quantile,0.9,0.007496976766621556
22,2026-05-16,3,2026-06-06,wk inc flu prop ed visits,quantile,0.9,0.007262688760022996
23,2026-05-16,3,2026-06-06,wk inc flu prop ed visits,quantile,0.9,0.008799202427299873
24,2026-05-16,3,2026-06-06,wk inc flu prop ed visits,quantile,0.9,0.005507602307315543
25,2026-05-16,3,2026-06-06,wk inc flu prop ed visits,quantile,0.9,0.005078054256450296
26,2026-05-16,3,2026-06-06,wk inc flu prop ed visits,quantile,0.9,0.002712388563652561
27,2026-05-16,3,2026-06-06,wk inc flu prop ed visits,quantile,0.9,0.008142884972270678
28,2026-05-16,3,2026-06-06,wk inc flu prop ed visits,quantile,0.9,0.008203331902654607
30,2026-05-16,3,2026-06-06,wk inc flu prop ed visits,quantile,0.9,0.011254805104032714
31,2026-05-16,3,2026-06-06,wk inc flu prop ed visits,quantile,0.9,0.0066212617893014495
32,2026-05-16,3,2026-06-06,wk inc flu prop ed visits,quantile,0.9,0.019264821463601877
33,2026-05-16,3,2026-06-06,wk inc flu prop ed visits,quantile,0.9,0.011172080851200986
34,2026-05-16,3,2026-06-06,wk inc flu prop ed visits,quantile,0.9,0.006767937069646291
35,2026-05-16,3,2026-06-06,wk inc flu prop ed visits,quantile,0.9,0.014121552174892199
36,2026-05-16,3,2026-06-06,wk inc flu prop ed visits,quantile,0.9,0.006403701563399221
37,2026-05-16,3,2026-06-06,wk inc flu prop ed visits,quantile,0.9,0.018739637228152237
38,2026-05-16,3,2026-06-06,wk inc flu prop ed visits,quantile,0.9,0.009557765263184324
39,2026-05-16,3,2026-06-06,wk inc flu prop ed visits,quantile,0.9,0.0023680100494136054
40,2026-05-16,3,2026-06-06,wk inc flu prop ed visits,quantile,0.9,0.006862390698637596
41,2026-05-16,3,2026-06-06,wk inc flu prop ed visits,quantile,0.9,0.009871796441245539
42,2026-05-16,3,2026-06-06,wk inc flu prop ed visits,quantile,0.9,0.004779388602857722
44,2026-05-16,3,2026-06-06,wk inc flu prop ed visits,quantile,0.9,0.00651208396131957
45,2026-05-16,3,2026-06-06,wk inc flu prop ed visits,quantile,0.9,0.009164175608795427
46,2026-05-16,3,2026-06-06,wk inc flu prop ed visits,quantile,0.9,0.005446919559527895
47,2026-05-16,3,2026-06-06,wk inc flu prop ed visits,quantile,0.9,0.009545084637137274
48,2026-05-16,3,2026-06-06,wk inc flu prop ed visits,quantile,0.9,0.012187168119257227
49,2026-05-16,3,2026-06-06,wk inc flu prop ed visits,quantile,0.9,0.006159736440132684
50,2026-05-16,3,2026-06-06,wk inc flu prop ed visits,quantile,0.9,0.02402030494195072
51,2026-05-16,3,2026-06-06,wk inc flu prop ed visits,quantile,0.9,0.007562674102481196
53,2026-05-16,3,2026-06-06,wk inc flu prop ed visits,quantile,0.9,0.012928706252685962
54,2026-05-16,3,2026-06-06,wk inc flu prop ed visits,quantile,0.9,0.006244845311311072
55,2026-05-16,3,2026-06-06,wk inc flu prop ed visits,quantile,0.9,0.003697272679983501
56,2026-05-16,3,2026-06-06,wk inc flu prop ed visits,quantile,0.9,0.05262748588935136
US,2026-05-16,3,2026-06-06,wk inc flu prop ed visits,quantile,0.9,0.007281099085042851
01,2026-05-16,0,2026-05-16,wk inc flu prop ed visits,quantile,0.95,0.004588101042276836
02,2026-05-16,0,2026-05-16,wk inc flu prop ed visits,quantile,0.95,0.0028097502756288745
04,2026-05-16,0,2026-05-16,wk inc flu prop ed visits,quantile,0.95,0.010156699697287665
05,2026-05-16,0,2026-05-16,wk inc flu prop ed visits,quantile,0.95,0.0038380290090547636
06,2026-05-16,0,2026-05-16,wk inc flu prop ed visits,quantile,0.95,0.0053359937821009125
08,2026-05-16,0,2026-05-16,wk inc flu prop ed visits,quantile,0.95,0.005281036805018377
09,2026-05-16,0,2026-05-16,wk inc flu prop ed visits,quantile,0.95,0.004331535388998223
10,2026-05-16,0,2026-05-16,wk inc flu prop ed visits,quantile,0.95,0.0036579900334625442
11,2026-05-16,0,2026-05-16,wk inc flu prop ed visits,quantile,0.95,0.0031114268359210035
12,2026-05-16,0,2026-05-16,wk inc flu prop ed visits,quantile,0.95,0.005739461663199262
13,2026-05-16,0,2026-05-16,wk inc flu prop ed visits,quantile,0.95,0.0033817031726986334
15,2026-05-16,0,2026-05-16,wk inc flu prop ed visits,quantile,0.95,0.02866033100407556
16,2026-05-16,0,2026-05-16,wk inc flu prop ed visits,quantile,0.95,0.0038770858378800194
17,2026-05-16,0,2026-05-16,wk inc flu prop ed visits,quantile,0.95,0.002031515704583561
18,2026-05-16,0,2026-05-16,wk inc flu prop ed visits,quantile,0.95,0.0013781843838118794
19,2026-05-16,0,2026-05-16,wk inc flu prop ed visits,quantile,0.95,0.001520110122421761
20,2026-05-16,0,2026-05-16,wk inc flu prop ed visits,quantile,0.95,0.0017846274287983061
21,2026-05-16,0,2026-05-16,wk inc flu prop ed visits,quantile,0.95,0.0031288199887862835
22,2026-05-16,0,2026-05-16,wk inc flu prop ed visits,quantile,0.95,0.002910162762749679
23,2026-05-16,0,2026-05-16,wk inc flu prop ed visits,quantile,0.95,0.005548079393166669
24,2026-05-16,0,2026-05-16,wk inc flu prop ed visits,quantile,0.95,0.0029756663989624873
25,2026-05-16,0,2026-05-16,wk inc flu prop ed visits,quantile,0.95,0.0034566198834075417
26,2026-05-16,0,2026-05-16,wk inc flu prop ed visits,quantile,0.95,0.001143597638149145
27,2026-05-16,0,2026-05-16,wk inc flu prop ed visits,quantile,0.95,0.004823435676653987
28,2026-05-16,0,2026-05-16,wk inc flu prop ed visits,quantile,0.95,0.004395664298170781
30,2026-05-16,0,2026-05-16,wk inc flu prop ed visits,quantile,0.95,0.004787408412963821
31,2026-05-16,0,2026-05-16,wk inc flu prop ed visits,quantile,0.95,0.00280069088574472
32,2026-05-16,0,2026-05-16,wk inc flu prop ed visits,quantile,0.95,0.012468528519634038
33,2026-05-16,0,2026-05-16,wk inc flu prop ed visits,quantile,0.95,0.0056556998636133225
34,2026-05-16,0,2026-05-16,wk inc flu prop ed visits,quantile,0.95,0.004073873482360835
35,2026-05-16,0,2026-05-16,wk inc flu prop ed visits,quantile,0.95,0.007609082229099082
36,2026-05-16,0,2026-05-16,wk inc flu prop ed visits,quantile,0.95,0.004003241343160216
37,2026-05-16,0,2026-05-16,wk inc flu prop ed visits,quantile,0.95,0.010278311991835931
38,2026-05-16,0,2026-05-16,wk inc flu prop ed visits,quantile,0.95,0.005094268534128946
39,2026-05-16,0,2026-05-16,wk inc flu prop ed visits,quantile,0.95,0.0009687664320568693
40,2026-05-16,0,2026-05-16,wk inc flu prop ed visits,quantile,0.95,0.002820648764762737
41,2026-05-16,0,2026-05-16,wk inc flu prop ed visits,quantile,0.95,0.00566456348112561
42,2026-05-16,0,2026-05-16,wk inc flu prop ed visits,quantile,0.95,0.002735090907268151
44,2026-05-16,0,2026-05-16,wk inc flu prop ed visits,quantile,0.95,0.003482063792836521
45,2026-05-16,0,2026-05-16,wk inc flu prop ed visits,quantile,0.95,0.004069049081518862
46,2026-05-16,0,2026-05-16,wk inc flu prop ed visits,quantile,0.95,0.002773307687312453
47,2026-05-16,0,2026-05-16,wk inc flu prop ed visits,quantile,0.95,0.004649426613674463
48,2026-05-16,0,2026-05-16,wk inc flu prop ed visits,quantile,0.95,0.006012700343591666
49,2026-05-16,0,2026-05-16,wk inc flu prop ed visits,quantile,0.95,0.0027539116463530895
50,2026-05-16,0,2026-05-16,wk inc flu prop ed visits,quantile,0.95,0.007179258987468343
51,2026-05-16,0,2026-05-16,wk inc flu prop ed visits,quantile,0.95,0.003970067666399592
53,2026-05-16,0,2026-05-16,wk inc flu prop ed visits,quantile,0.95,0.010107871066297602
54,2026-05-16,0,2026-05-16,wk inc flu prop ed visits,quantile,0.95,0.003310988314850682
55,2026-05-16,0,2026-05-16,wk inc flu prop ed visits,quantile,0.95,0.002031383544254078
56,2026-05-16,0,2026-05-16,wk inc flu prop ed visits,quantile,0.95,0.021300746290463496
US,2026-05-16,0,2026-05-16,wk inc flu prop ed visits,quantile,0.95,0.00422947759599037
01,2026-05-16,1,2026-05-23,wk inc flu prop ed visits,quantile,0.95,0.006964273317270707
02,2026-05-16,1,2026-05-23,wk inc flu prop ed visits,quantile,0.95,0.004095632545256734
04,2026-05-16,1,2026-05-23,wk inc flu prop ed visits,quantile,0.95,0.01303558899030112
05,2026-05-16,1,2026-05-23,wk inc flu prop ed visits,quantile,0.95,0.0058944873818161945
06,2026-05-16,1,2026-05-23,wk inc flu prop ed visits,quantile,0.95,0.0065209094302269375
08,2026-05-16,1,2026-05-23,wk inc flu prop ed visits,quantile,0.95,0.0064146719513803055
09,2026-05-16,1,2026-05-23,wk inc flu prop ed visits,quantile,0.95,0.005822104964480637
10,2026-05-16,1,2026-05-23,wk inc flu prop ed visits,quantile,0.95,0.0059616068323323865
11,2026-05-16,1,2026-05-23,wk inc flu prop ed visits,quantile,0.95,0.004443865578894024
12,2026-05-16,1,2026-05-23,wk inc flu prop ed visits,quantile,0.95,0.007535856750040305
13,2026-05-16,1,2026-05-23,wk inc flu prop ed visits,quantile,0.95,0.00482148141826061
15,2026-05-16,1,2026-05-23,wk inc flu prop ed visits,quantile,0.95,0.036946439050679354
16,2026-05-16,1,2026-05-23,wk inc flu prop ed visits,quantile,0.95,0.005669802327755484
17,2026-05-16,1,2026-05-23,wk inc flu prop ed visits,quantile,0.95,0.002878504818840577
18,2026-05-16,1,2026-05-23,wk inc flu prop ed visits,quantile,0.95,0.001950198196120536
19,2026-05-16,1,2026-05-23,wk inc flu prop ed visits,quantile,0.95,0.002230016694292888
20,2026-05-16,1,2026-05-23,wk inc flu prop ed visits,quantile,0.95,0.0030329830911817166
21,2026-05-16,1,2026-05-23,wk inc flu prop ed visits,quantile,0.95,0.004685524183314303
22,2026-05-16,1,2026-05-23,wk inc flu prop ed visits,quantile,0.95,0.004436368105640828
23,2026-05-16,1,2026-05-23,wk inc flu prop ed visits,quantile,0.95,0.007301700392602731
24,2026-05-16,1,2026-05-23,wk inc flu prop ed visits,quantile,0.95,0.004019316627193974
25,2026-05-16,1,2026-05-23,wk inc flu prop ed visits,quantile,0.95,0.004138854338135748
26,2026-05-16,1,2026-05-23,wk inc flu prop ed visits,quantile,0.95,0.0017606054589936729
27,2026-05-16,1,2026-05-23,wk inc flu prop ed visits,quantile,0.95,0.006491719844648048
28,2026-05-16,1,2026-05-23,wk inc flu prop ed visits,quantile,0.95,0.006376191470172432
30,2026-05-16,1,2026-05-23,wk inc flu prop ed visits,quantile,0.95,0.00819245098159073
31,2026-05-16,1,2026-05-23,wk inc flu prop ed visits,quantile,0.95,0.00488086542437803
32,2026-05-16,1,2026-05-23,wk inc flu prop ed visits,quantile,0.95,0.015532129830361644
33,2026-05-16,1,2026-05-23,wk inc flu prop ed visits,quantile,0.95,0.008693943216989505
34,2026-05-16,1,2026-05-23,wk inc flu prop ed visits,quantile,0.95,0.005278467949540336
35,2026-05-16,1,2026-05-23,wk inc flu prop ed visits,quantile,0.95,0.010406891389628373
36,2026-05-16,1,2026-05-23,wk inc flu prop ed visits,quantile,0.95,0.005161829204922745
37,2026-05-16,1,2026-05-23,wk inc flu prop ed visits,quantile,0.95,0.013519634274460077
38,2026-05-16,1,2026-05-23,wk inc flu prop ed visits,quantile,0.95,0.007512428538118862
39,2026-05-16,1,2026-05-23,wk inc flu prop ed visits,quantile,0.95,0.001499091338732618
40,2026-05-16,1,2026-05-23,wk inc flu prop ed visits,quantile,0.95,0.004235440900532975
41,2026-05-16,1,2026-05-23,wk inc flu prop ed visits,quantile,0.95,0.007752369062512202
42,2026-05-16,1,2026-05-23,wk inc flu prop ed visits,quantile,0.95,0.0036052597873257207
44,2026-05-16,1,2026-05-23,wk inc flu prop ed visits,quantile,0.95,0.005202946561744321
45,2026-05-16,1,2026-05-23,wk inc flu prop ed visits,quantile,0.95,0.0061370065451331925
46,2026-05-16,1,2026-05-23,wk inc flu prop ed visits,quantile,0.95,0.004124497764849645
47,2026-05-16,1,2026-05-23,wk inc flu prop ed visits,quantile,0.95,0.006901736133528458
48,2026-05-16,1,2026-05-23,wk inc flu prop ed visits,quantile,0.95,0.008266556889547723
49,2026-05-16,1,2026-05-23,wk inc flu prop ed visits,quantile,0.95,0.004237774170528395
50,2026-05-16,1,2026-05-23,wk inc flu prop ed visits,quantile,0.95,0.013982849851009789
51,2026-05-16,1,2026-05-23,wk inc flu prop ed visits,quantile,0.95,0.005477270070324657
53,2026-05-16,1,2026-05-23,wk inc flu prop ed visits,quantile,0.95,0.011843655607451906
54,2026-05-16,1,2026-05-23,wk inc flu prop ed visits,quantile,0.95,0.004665946603935934
55,2026-05-16,1,2026-05-23,wk inc flu prop ed visits,quantile,0.95,0.0028210686432791686
56,2026-05-16,1,2026-05-23,wk inc flu prop ed visits,quantile,0.95,0.036062914022936925
US,2026-05-16,1,2026-05-23,wk inc flu prop ed visits,quantile,0.95,0.005477015934615278
01,2026-05-16,2,2026-05-30,wk inc flu prop ed visits,quantile,0.95,0.010075382693658977
02,2026-05-16,2,2026-05-30,wk inc flu prop ed visits,quantile,0.95,0.006518324342333546
04,2026-05-16,2,2026-05-30,wk inc flu prop ed visits,quantile,0.95,0.016081708537396464
05,2026-05-16,2,2026-05-30,wk inc flu prop ed visits,quantile,0.95,0.008872651989024104
06,2026-05-16,2,2026-05-30,wk inc flu prop ed visits,quantile,0.95,0.007983632930408244
08,2026-05-16,2,2026-05-30,wk inc flu prop ed visits,quantile,0.95,0.007676855830007807
09,2026-05-16,2,2026-05-30,wk inc flu prop ed visits,quantile,0.95,0.007077101445400488
10,2026-05-16,2,2026-05-30,wk inc flu prop ed visits,quantile,0.95,0.009263940369705547
11,2026-05-16,2,2026-05-30,wk inc flu prop ed visits,quantile,0.95,0.0065609650898646
12,2026-05-16,2,2026-05-30,wk inc flu prop ed visits,quantile,0.95,0.009497617885156694
13,2026-05-16,2,2026-05-30,wk inc flu prop ed visits,quantile,0.95,0.006806342831070274
15,2026-05-16,2,2026-05-30,wk inc flu prop ed visits,quantile,0.95,0.04374538839120959
16,2026-05-16,2,2026-05-30,wk inc flu prop ed visits,quantile,0.95,0.007965435963449013
17,2026-05-16,2,2026-05-30,wk inc flu prop ed visits,quantile,0.95,0.004212747026519984
18,2026-05-16,2,2026-05-30,wk inc flu prop ed visits,quantile,0.95,0.0029355809974363277
19,2026-05-16,2,2026-05-30,wk inc flu prop ed visits,quantile,0.95,0.0032898416019403083
20,2026-05-16,2,2026-05-30,wk inc flu prop ed visits,quantile,0.95,0.004645900306064564
21,2026-05-16,2,2026-05-30,wk inc flu prop ed visits,quantile,0.95,0.007003636584612746
22,2026-05-16,2,2026-05-30,wk inc flu prop ed visits,quantile,0.95,0.006632562358876604
23,2026-05-16,2,2026-05-30,wk inc flu prop ed visits,quantile,0.95,0.009782600149688004
24,2026-05-16,2,2026-05-30,wk inc flu prop ed visits,quantile,0.95,0.005342217330445383
25,2026-05-16,2,2026-05-30,wk inc flu prop ed visits,quantile,0.95,0.005106502263143656
26,2026-05-16,2,2026-05-30,wk inc flu prop ed visits,quantile,0.95,0.0026264141143031105
27,2026-05-16,2,2026-05-30,wk inc flu prop ed visits,quantile,0.95,0.008368019449973858
28,2026-05-16,2,2026-05-30,wk inc flu prop ed visits,quantile,0.95,0.008539603245845274
30,2026-05-16,2,2026-05-30,wk inc flu prop ed visits,quantile,0.95,0.012501180547744016
31,2026-05-16,2,2026-05-30,wk inc flu prop ed visits,quantile,0.95,0.007020804491478543
32,2026-05-16,2,2026-05-30,wk inc flu prop ed visits,quantile,0.95,0.01873574192405768
33,2026-05-16,2,2026-05-30,wk inc flu prop ed visits,quantile,0.95,0.012189016543961933
34,2026-05-16,2,2026-05-30,wk inc flu prop ed visits,quantile,0.95,0.0067504394814501
35,2026-05-16,2,2026-05-30,wk inc flu prop ed visits,quantile,0.95,0.015052941319787495
36,2026-05-16,2,2026-05-30,wk inc flu prop ed visits,quantile,0.95,0.006488553837173704
37,2026-05-16,2,2026-05-30,wk inc flu prop ed visits,quantile,0.95,0.01776854991014206
38,2026-05-16,2,2026-05-30,wk inc flu prop ed visits,quantile,0.95,0.011053559381253866
39,2026-05-16,2,2026-05-30,wk inc flu prop ed visits,quantile,0.95,0.002385779264013681
40,2026-05-16,2,2026-05-30,wk inc flu prop ed visits,quantile,0.95,0.006492473189222548
41,2026-05-16,2,2026-05-30,wk inc flu prop ed visits,quantile,0.95,0.010279711350063963
42,2026-05-16,2,2026-05-30,wk inc flu prop ed visits,quantile,0.95,0.0047699291063656776
44,2026-05-16,2,2026-05-30,wk inc flu prop ed visits,quantile,0.95,0.0073087215639448385
45,2026-05-16,2,2026-05-30,wk inc flu prop ed visits,quantile,0.95,0.008585752443821813
46,2026-05-16,2,2026-05-30,wk inc flu prop ed visits,quantile,0.95,0.00640268605558709
47,2026-05-16,2,2026-05-30,wk inc flu prop ed visits,quantile,0.95,0.009883319889417413
48,2026-05-16,2,2026-05-30,wk inc flu prop ed visits,quantile,0.95,0.011565867929237673
49,2026-05-16,2,2026-05-30,wk inc flu prop ed visits,quantile,0.95,0.006090336930757335
50,2026-05-16,2,2026-05-30,wk inc flu prop ed visits,quantile,0.95,0.022503078614405907
51,2026-05-16,2,2026-05-30,wk inc flu prop ed visits,quantile,0.95,0.007534201472927059
53,2026-05-16,2,2026-05-30,wk inc flu prop ed visits,quantile,0.95,0.01388208439554686
54,2026-05-16,2,2026-05-30,wk inc flu prop ed visits,quantile,0.95,0.006552024858817978
55,2026-05-16,2,2026-05-30,wk inc flu prop ed visits,quantile,0.95,0.0038632467480593275
56,2026-05-16,2,2026-05-30,wk inc flu prop ed visits,quantile,0.95,0.05367780017873706
US,2026-05-16,2,2026-05-30,wk inc flu prop ed visits,quantile,0.95,0.007011103634486188
01,2026-05-16,3,2026-06-06,wk inc flu prop ed visits,quantile,0.95,0.01407587559123345
02,2026-05-16,3,2026-06-06,wk inc flu prop ed visits,quantile,0.95,0.009738990310775783
04,2026-05-16,3,2026-06-06,wk inc flu prop ed visits,quantile,0.95,0.020224756737391037
05,2026-05-16,3,2026-06-06,wk inc flu prop ed visits,quantile,0.95,0.012650178541534171
06,2026-05-16,3,2026-06-06,wk inc flu prop ed visits,quantile,0.95,0.009559593245212761
08,2026-05-16,3,2026-06-06,wk inc flu prop ed visits,quantile,0.95,0.009362011264589205
09,2026-05-16,3,2026-06-06,wk inc flu prop ed visits,quantile,0.95,0.008988509377548084
10,2026-05-16,3,2026-06-06,wk inc flu prop ed visits,quantile,0.95,0.012934931033904916
11,2026-05-16,3,2026-06-06,wk inc flu prop ed visits,quantile,0.95,0.01020183045269988
12,2026-05-16,3,2026-06-06,wk inc flu prop ed visits,quantile,0.95,0.0118301221682639
13,2026-05-16,3,2026-06-06,wk inc flu prop ed visits,quantile,0.95,0.009161194808558816
15,2026-05-16,3,2026-06-06,wk inc flu prop ed visits,quantile,0.95,0.05184215394563621
16,2026-05-16,3,2026-06-06,wk inc flu prop ed visits,quantile,0.95,0.011063214893828045
17,2026-05-16,3,2026-06-06,wk inc flu prop ed visits,quantile,0.95,0.00588858738056312
18,2026-05-16,3,2026-06-06,wk inc flu prop ed visits,quantile,0.95,0.004404309496046452
19,2026-05-16,3,2026-06-06,wk inc flu prop ed visits,quantile,0.95,0.0044270522880613975
20,2026-05-16,3,2026-06-06,wk inc flu prop ed visits,quantile,0.95,0.006418730238700646
21,2026-05-16,3,2026-06-06,wk inc flu prop ed visits,quantile,0.95,0.010639724293711232
22,2026-05-16,3,2026-06-06,wk inc flu prop ed visits,quantile,0.95,0.009600003624756754
23,2026-05-16,3,2026-06-06,wk inc flu prop ed visits,quantile,0.95,0.012716456296218228
24,2026-05-16,3,2026-06-06,wk inc flu prop ed visits,quantile,0.95,0.006982542759256809
25,2026-05-16,3,2026-06-06,wk inc flu prop ed visits,quantile,0.95,0.006345447207792703
26,2026-05-16,3,2026-06-06,wk inc flu prop ed visits,quantile,0.95,0.003784977529502508
27,2026-05-16,3,2026-06-06,wk inc flu prop ed visits,quantile,0.95,0.01118466474996549
28,2026-05-16,3,2026-06-06,wk inc flu prop ed visits,quantile,0.95,0.011311601608089646
30,2026-05-16,3,2026-06-06,wk inc flu prop ed visits,quantile,0.95,0.016505019862221467
31,2026-05-16,3,2026-06-06,wk inc flu prop ed visits,quantile,0.95,0.009582309162929048
32,2026-05-16,3,2026-06-06,wk inc flu prop ed visits,quantile,0.95,0.022648398407174534
33,2026-05-16,3,2026-06-06,wk inc flu prop ed visits,quantile,0.95,0.01623882827216104
34,2026-05-16,3,2026-06-06,wk inc flu prop ed visits,quantile,0.95,0.008905325376750383
35,2026-05-16,3,2026-06-06,wk inc flu prop ed visits,quantile,0.95,0.018678222343149288
36,2026-05-16,3,2026-06-06,wk inc flu prop ed visits,quantile,0.95,0.008094156534217163
37,2026-05-16,3,2026-06-06,wk inc flu prop ed visits,quantile,0.95,0.023212632509200228
38,2026-05-16,3,2026-06-06,wk inc flu prop ed visits,quantile,0.95,0.014833674328754211
39,2026-05-16,3,2026-06-06,wk inc flu prop ed visits,quantile,0.95,0.0033372148481780415
40,2026-05-16,3,2026-06-06,wk inc flu prop ed visits,quantile,0.95,0.009486581416951183
41,2026-05-16,3,2026-06-06,wk inc flu prop ed visits,quantile,0.95,0.012856352233710889
42,2026-05-16,3,2026-06-06,wk inc flu prop ed visits,quantile,0.95,0.006493886891744828
44,2026-05-16,3,2026-06-06,wk inc flu prop ed visits,quantile,0.95,0.009522887228711507
45,2026-05-16,3,2026-06-06,wk inc flu prop ed visits,quantile,0.95,0.011931334108780455
46,2026-05-16,3,2026-06-06,wk inc flu prop ed visits,quantile,0.95,0.009489500897255752
47,2026-05-16,3,2026-06-06,wk inc flu prop ed visits,quantile,0.95,0.012517641202960322
48,2026-05-16,3,2026-06-06,wk inc flu prop ed visits,quantile,0.95,0.015287492424795284
49,2026-05-16,3,2026-06-06,wk inc flu prop ed visits,quantile,0.95,0.008447036136278554
50,2026-05-16,3,2026-06-06,wk inc flu prop ed visits,quantile,0.95,0.03372819306243503
51,2026-05-16,3,2026-06-06,wk inc flu prop ed visits,quantile,0.95,0.009714585093636142
53,2026-05-16,3,2026-06-06,wk inc flu prop ed visits,quantile,0.95,0.016074733913785416
54,2026-05-16,3,2026-06-06,wk inc flu prop ed visits,quantile,0.95,0.00889715153875501
55,2026-05-16,3,2026-06-06,wk inc flu prop ed visits,quantile,0.95,0.0050044684036557605
56,2026-05-16,3,2026-06-06,wk inc flu prop ed visits,quantile,0.95,0.07548787295090796
US,2026-05-16,3,2026-06-06,wk inc flu prop ed visits,quantile,0.95,0.008550728474709404
01,2026-05-16,0,2026-05-16,wk inc flu prop ed visits,quantile,0.975,0.005146718311234998
02,2026-05-16,0,2026-05-16,wk inc flu prop ed visits,quantile,0.975,0.00317769119443532
04,2026-05-16,0,2026-05-16,wk inc flu prop ed visits,quantile,0.975,0.010773690626962495
05,2026-05-16,0,2026-05-16,wk inc flu prop ed visits,quantile,0.975,0.004404414249866281
06,2026-05-16,0,2026-05-16,wk inc flu prop ed visits,quantile,0.975,0.0056664286679538765
08,2026-05-16,0,2026-05-16,wk inc flu prop ed visits,quantile,0.975,0.005690707822071399
09,2026-05-16,0,2026-05-16,wk inc flu prop ed visits,quantile,0.975,0.0048267311377282775
10,2026-05-16,0,2026-05-16,wk inc flu prop ed visits,quantile,0.975,0.004159470574509041
11,2026-05-16,0,2026-05-16,wk inc flu prop ed visits,quantile,0.975,0.0035401050923624857
12,2026-05-16,0,2026-05-16,wk inc flu prop ed visits,quantile,0.975,0.006128049967543814
13,2026-05-16,0,2026-05-16,wk inc flu prop ed visits,quantile,0.975,0.00369683863936374
15,2026-05-16,0,2026-05-16,wk inc flu prop ed visits,quantile,0.975,0.031044100046939107
16,2026-05-16,0,2026-05-16,wk inc flu prop ed visits,quantile,0.975,0.004320255657367158
17,2026-05-16,0,2026-05-16,wk inc flu prop ed visits,quantile,0.975,0.002251336619462084
18,2026-05-16,0,2026-05-16,wk inc flu prop ed visits,quantile,0.975,0.001550210961091239
19,2026-05-16,0,2026-05-16,wk inc flu prop ed visits,quantile,0.975,0.0017308748722628584
20,2026-05-16,0,2026-05-16,wk inc flu prop ed visits,quantile,0.975,0.002040038224679662
21,2026-05-16,0,2026-05-16,wk inc flu prop ed visits,quantile,0.975,0.003572026400738139
22,2026-05-16,0,2026-05-16,wk inc flu prop ed visits,quantile,0.975,0.0031863447818786888
23,2026-05-16,0,2026-05-16,wk inc flu prop ed visits,quantile,0.975,0.006128336119889084
24,2026-05-16,0,2026-05-16,wk inc flu prop ed visits,quantile,0.975,0.003298086445234652
25,2026-05-16,0,2026-05-16,wk inc flu prop ed visits,quantile,0.975,0.0038453344397055152
26,2026-05-16,0,2026-05-16,wk inc flu prop ed visits,quantile,0.975,0.0013021957367859009
27,2026-05-16,0,2026-05-16,wk inc flu prop ed visits,quantile,0.975,0.005381182410026553
28,2026-05-16,0,2026-05-16,wk inc flu prop ed visits,quantile,0.975,0.004954695068609148
30,2026-05-16,0,2026-05-16,wk inc flu prop ed visits,quantile,0.975,0.005515638096905676
31,2026-05-16,0,2026-05-16,wk inc flu prop ed visits,quantile,0.975,0.003302198297925946
32,2026-05-16,0,2026-05-16,wk inc flu prop ed visits,quantile,0.975,0.0131473851115489
33,2026-05-16,0,2026-05-16,wk inc flu prop ed visits,quantile,0.975,0.00631303594560374
34,2026-05-16,0,2026-05-16,wk inc flu prop ed visits,quantile,0.975,0.004427813930470419
35,2026-05-16,0,2026-05-16,wk inc flu prop ed visits,quantile,0.975,0.008429553839360927
36,2026-05-16,0,2026-05-16,wk inc flu prop ed visits,quantile,0.975,0.004389589004278776
37,2026-05-16,0,2026-05-16,wk inc flu prop ed visits,quantile,0.975,0.011078951126040841
38,2026-05-16,0,2026-05-16,wk inc flu prop ed visits,quantile,0.975,0.0058119464954260154
39,2026-05-16,0,2026-05-16,wk inc flu prop ed visits,quantile,0.975,0.0011365983078623684
40,2026-05-16,0,2026-05-16,wk inc flu prop ed visits,quantile,0.975,0.003256730379776123
41,2026-05-16,0,2026-05-16,wk inc flu prop ed visits,quantile,0.975,0.006259164918616783
42,2026-05-16,0,2026-05-16,wk inc flu prop ed visits,quantile,0.975,0.003054791473379022
44,2026-05-16,0,2026-05-16,wk inc flu prop ed visits,quantile,0.975,0.004055394051081269
45,2026-05-16,0,2026-05-16,wk inc flu prop ed visits,quantile,0.975,0.004549573127988931
46,2026-05-16,0,2026-05-16,wk inc flu prop ed visits,quantile,0.975,0.003266433017521298
47,2026-05-16,0,2026-05-16,wk inc flu prop ed visits,quantile,0.975,0.005144802162127122
48,2026-05-16,0,2026-05-16,wk inc flu prop ed visits,quantile,0.975,0.006467031970888132
49,2026-05-16,0,2026-05-16,wk inc flu prop ed visits,quantile,0.975,0.003063888580897062
50,2026-05-16,0,2026-05-16,wk inc flu prop ed visits,quantile,0.975,0.008347528421123112
51,2026-05-16,0,2026-05-16,wk inc flu prop ed visits,quantile,0.975,0.0043113253333348055
53,2026-05-16,0,2026-05-16,wk inc flu prop ed visits,quantile,0.975,0.010745994760846271
54,2026-05-16,0,2026-05-16,wk inc flu prop ed visits,quantile,0.975,0.0038151217466255126
55,2026-05-16,0,2026-05-16,wk inc flu prop ed visits,quantile,0.975,0.0022783648935951087
56,2026-05-16,0,2026-05-16,wk inc flu prop ed visits,quantile,0.975,0.02462438078539746
US,2026-05-16,0,2026-05-16,wk inc flu prop ed visits,quantile,0.975,0.004565480678853425
01,2026-05-16,1,2026-05-23,wk inc flu prop ed visits,quantile,0.975,0.008269403079465687
02,2026-05-16,1,2026-05-23,wk inc flu prop ed visits,quantile,0.975,0.004969492931398919
04,2026-05-16,1,2026-05-23,wk inc flu prop ed visits,quantile,0.975,0.014274151083736634
05,2026-05-16,1,2026-05-23,wk inc flu prop ed visits,quantile,0.975,0.007252514482056756
06,2026-05-16,1,2026-05-23,wk inc flu prop ed visits,quantile,0.975,0.007256149151893309
08,2026-05-16,1,2026-05-23,wk inc flu prop ed visits,quantile,0.975,0.007173732227558339
09,2026-05-16,1,2026-05-23,wk inc flu prop ed visits,quantile,0.975,0.006621273861779194
10,2026-05-16,1,2026-05-23,wk inc flu prop ed visits,quantile,0.975,0.007192326492804272
11,2026-05-16,1,2026-05-23,wk inc flu prop ed visits,quantile,0.975,0.005321002057878713
12,2026-05-16,1,2026-05-23,wk inc flu prop ed visits,quantile,0.975,0.008193946617818608
13,2026-05-16,1,2026-05-23,wk inc flu prop ed visits,quantile,0.975,0.005646654813483094
15,2026-05-16,1,2026-05-23,wk inc flu prop ed visits,quantile,0.975,0.040609642410955785
16,2026-05-16,1,2026-05-23,wk inc flu prop ed visits,quantile,0.975,0.006807145731659201
17,2026-05-16,1,2026-05-23,wk inc flu prop ed visits,quantile,0.975,0.003359520504888777
18,2026-05-16,1,2026-05-23,wk inc flu prop ed visits,quantile,0.975,0.0024247987509334033
19,2026-05-16,1,2026-05-23,wk inc flu prop ed visits,quantile,0.975,0.0026759842173445553
20,2026-05-16,1,2026-05-23,wk inc flu prop ed visits,quantile,0.975,0.003594252108899767
21,2026-05-16,1,2026-05-23,wk inc flu prop ed visits,quantile,0.975,0.005527215948839465
22,2026-05-16,1,2026-05-23,wk inc flu prop ed visits,quantile,0.975,0.005172302312387058
23,2026-05-16,1,2026-05-23,wk inc flu prop ed visits,quantile,0.975,0.008878280984947586
24,2026-05-16,1,2026-05-23,wk inc flu prop ed visits,quantile,0.975,0.004753102324309112
25,2026-05-16,1,2026-05-23,wk inc flu prop ed visits,quantile,0.975,0.004953598837512192
26,2026-05-16,1,2026-05-23,wk inc flu prop ed visits,quantile,0.975,0.002218017185667399
27,2026-05-16,1,2026-05-23,wk inc flu prop ed visits,quantile,0.975,0.007472306374261551
28,2026-05-16,1,2026-05-23,wk inc flu prop ed visits,quantile,0.975,0.007425008574979613
30,2026-05-16,1,2026-05-23,wk inc flu prop ed visits,quantile,0.975,0.009802656685415877
31,2026-05-16,1,2026-05-23,wk inc flu prop ed visits,quantile,0.975,0.00619007083882811
32,2026-05-16,1,2026-05-23,wk inc flu prop ed visits,quantile,0.975,0.0171722285236253
33,2026-05-16,1,2026-05-23,wk inc flu prop ed visits,quantile,0.975,0.010525030751173385
34,2026-05-16,1,2026-05-23,wk inc flu prop ed visits,quantile,0.975,0.006100979027385925
35,2026-05-16,1,2026-05-23,wk inc flu prop ed visits,quantile,0.975,0.012184691769670708
36,2026-05-16,1,2026-05-23,wk inc flu prop ed visits,quantile,0.975,0.005861831103940437
37,2026-05-16,1,2026-05-23,wk inc flu prop ed visits,quantile,0.975,0.015017665188829915
38,2026-05-16,1,2026-05-23,wk inc flu prop ed visits,quantile,0.975,0.009521895957757128
39,2026-05-16,1,2026-05-23,wk inc flu prop ed visits,quantile,0.975,0.0019152218093248354
40,2026-05-16,1,2026-05-23,wk inc flu prop ed visits,quantile,0.975,0.005100459814036986
41,2026-05-16,1,2026-05-23,wk inc flu prop ed visits,quantile,0.975,0.009093447290631074
42,2026-05-16,1,2026-05-23,wk inc flu prop ed visits,quantile,0.975,0.004360015003614973
44,2026-05-16,1,2026-05-23,wk inc flu prop ed visits,quantile,0.975,0.006268991726516949
45,2026-05-16,1,2026-05-23,wk inc flu prop ed visits,quantile,0.975,0.0072497783068607765
46,2026-05-16,1,2026-05-23,wk inc flu prop ed visits,quantile,0.975,0.005650295178620841
47,2026-05-16,1,2026-05-23,wk inc flu prop ed visits,quantile,0.975,0.008099958413234912
48,2026-05-16,1,2026-05-23,wk inc flu prop ed visits,quantile,0.975,0.009345551149094623
49,2026-05-16,1,2026-05-23,wk inc flu prop ed visits,quantile,0.975,0.004950295224687203
50,2026-05-16,1,2026-05-23,wk inc flu prop ed visits,quantile,0.975,0.018390464282637423
51,2026-05-16,1,2026-05-23,wk inc flu prop ed visits,quantile,0.975,0.0065861337514129216
53,2026-05-16,1,2026-05-23,wk inc flu prop ed visits,quantile,0.975,0.013299798432899176
54,2026-05-16,1,2026-05-23,wk inc flu prop ed visits,quantile,0.975,0.005863144057189743
55,2026-05-16,1,2026-05-23,wk inc flu prop ed visits,quantile,0.975,0.0035411330288744026
56,2026-05-16,1,2026-05-23,wk inc flu prop ed visits,quantile,0.975,0.045810252733984334
US,2026-05-16,1,2026-05-23,wk inc flu prop ed visits,quantile,0.975,0.006155777648486888
01,2026-05-16,2,2026-05-30,wk inc flu prop ed visits,quantile,0.975,0.012702942508265395
02,2026-05-16,2,2026-05-30,wk inc flu prop ed visits,quantile,0.975,0.00859678158054794
04,2026-05-16,2,2026-05-30,wk inc flu prop ed visits,quantile,0.975,0.01848658362050869
05,2026-05-16,2,2026-05-30,wk inc flu prop ed visits,quantile,0.975,0.011529253790568447
06,2026-05-16,2,2026-05-30,wk inc flu prop ed visits,quantile,0.975,0.008923352785437207
08,2026-05-16,2,2026-05-30,wk inc flu prop ed visits,quantile,0.975,0.009533429474870642
09,2026-05-16,2,2026-05-30,wk inc flu prop ed visits,quantile,0.975,0.008263597688923
10,2026-05-16,2,2026-05-30,wk inc flu prop ed visits,quantile,0.975,0.011619817677152646
11,2026-05-16,2,2026-05-30,wk inc flu prop ed visits,quantile,0.975,0.008870802416134376
12,2026-05-16,2,2026-05-30,wk inc flu prop ed visits,quantile,0.975,0.011234910443183612
13,2026-05-16,2,2026-05-30,wk inc flu prop ed visits,quantile,0.975,0.008274972588889628
15,2026-05-16,2,2026-05-30,wk inc flu prop ed visits,quantile,0.975,0.05024464692697852
16,2026-05-16,2,2026-05-30,wk inc flu prop ed visits,quantile,0.975,0.010306641448957165
17,2026-05-16,2,2026-05-30,wk inc flu prop ed visits,quantile,0.975,0.005338384993891883
18,2026-05-16,2,2026-05-30,wk inc flu prop ed visits,quantile,0.975,0.0038069596465999667
19,2026-05-16,2,2026-05-30,wk inc flu prop ed visits,quantile,0.975,0.004077383674565878
20,2026-05-16,2,2026-05-30,wk inc flu prop ed visits,quantile,0.975,0.0057311120858478
21,2026-05-16,2,2026-05-30,wk inc flu prop ed visits,quantile,0.975,0.008923595613618197
22,2026-05-16,2,2026-05-30,wk inc flu prop ed visits,quantile,0.975,0.00818537755837766
23,2026-05-16,2,2026-05-30,wk inc flu prop ed visits,quantile,0.975,0.012279104015105433
24,2026-05-16,2,2026-05-30,wk inc flu prop ed visits,quantile,0.975,0.006798388162074517
25,2026-05-16,2,2026-05-30,wk inc flu prop ed visits,quantile,0.975,0.00625557481434455
26,2026-05-16,2,2026-05-30,wk inc flu prop ed visits,quantile,0.975,0.0035019014056646637
27,2026-05-16,2,2026-05-30,wk inc flu prop ed visits,quantile,0.975,0.010342115751809888
28,2026-05-16,2,2026-05-30,wk inc flu prop ed visits,quantile,0.975,0.010371992479913944
30,2026-05-16,2,2026-05-30,wk inc flu prop ed visits,quantile,0.975,0.01665732121491807
31,2026-05-16,2,2026-05-30,wk inc flu prop ed visits,quantile,0.975,0.009772987709116505
32,2026-05-16,2,2026-05-30,wk inc flu prop ed visits,quantile,0.975,0.02140701535114617
33,2026-05-16,2,2026-05-30,wk inc flu prop ed visits,quantile,0.975,0.015822798321114735
34,2026-05-16,2,2026-05-30,wk inc flu prop ed visits,quantile,0.975,0.008376924418912962
35,2026-05-16,2,2026-05-30,wk inc flu prop ed visits,quantile,0.975,0.018031017496963522
36,2026-05-16,2,2026-05-30,wk inc flu prop ed visits,quantile,0.975,0.007707931539440663
37,2026-05-16,2,2026-05-30,wk inc flu prop ed visits,quantile,0.975,0.020465646134773377
38,2026-05-16,2,2026-05-30,wk inc flu prop ed visits,quantile,0.975,0.014152516449323188
39,2026-05-16,2,2026-05-30,wk inc flu prop ed visits,quantile,0.975,0.0029579187848027657
40,2026-05-16,2,2026-05-30,wk inc flu prop ed visits,quantile,0.975,0.00833526888765414
41,2026-05-16,2,2026-05-30,wk inc flu prop ed visits,quantile,0.975,0.012180407268949416
42,2026-05-16,2,2026-05-30,wk inc flu prop ed visits,quantile,0.975,0.006016243995214587
44,2026-05-16,2,2026-05-30,wk inc flu prop ed visits,quantile,0.975,0.009271290792037595
45,2026-05-16,2,2026-05-30,wk inc flu prop ed visits,quantile,0.975,0.010832221465050886
46,2026-05-16,2,2026-05-30,wk inc flu prop ed visits,quantile,0.975,0.008982165155839987
47,2026-05-16,2,2026-05-30,wk inc flu prop ed visits,quantile,0.975,0.011596767010947424
48,2026-05-16,2,2026-05-30,wk inc flu prop ed visits,quantile,0.975,0.013421204881561068
49,2026-05-16,2,2026-05-30,wk inc flu prop ed visits,quantile,0.975,0.007830553781932995
50,2026-05-16,2,2026-05-30,wk inc flu prop ed visits,quantile,0.975,0.029172551662456053
51,2026-05-16,2,2026-05-30,wk inc flu prop ed visits,quantile,0.975,0.009340798550219577
53,2026-05-16,2,2026-05-30,wk inc flu prop ed visits,quantile,0.975,0.015642067001082328
54,2026-05-16,2,2026-05-30,wk inc flu prop ed visits,quantile,0.975,0.008394932037532096
55,2026-05-16,2,2026-05-30,wk inc flu prop ed visits,quantile,0.975,0.004885305587077673
56,2026-05-16,2,2026-05-30,wk inc flu prop ed visits,quantile,0.975,0.06796343331620062
US,2026-05-16,2,2026-05-30,wk inc flu prop ed visits,quantile,0.975,0.00798903752436063
01,2026-05-16,3,2026-06-06,wk inc flu prop ed visits,quantile,0.975,0.01687285059388427
02,2026-05-16,3,2026-06-06,wk inc flu prop ed visits,quantile,0.975,0.012657503200832637
04,2026-05-16,3,2026-06-06,wk inc flu prop ed visits,quantile,0.975,0.023329389144336285
05,2026-05-16,3,2026-06-06,wk inc flu prop ed visits,quantile,0.975,0.01590245155092792
06,2026-05-16,3,2026-06-06,wk inc flu prop ed visits,quantile,0.975,0.01116858387559319
08,2026-05-16,3,2026-06-06,wk inc flu prop ed visits,quantile,0.975,0.011117192326515537
09,2026-05-16,3,2026-06-06,wk inc flu prop ed visits,quantile,0.975,0.01124672767537008
10,2026-05-16,3,2026-06-06,wk inc flu prop ed visits,quantile,0.975,0.018020884082232333
11,2026-05-16,3,2026-06-06,wk inc flu prop ed visits,quantile,0.975,0.013944861773656685
12,2026-05-16,3,2026-06-06,wk inc flu prop ed visits,quantile,0.975,0.014172929068062542
13,2026-05-16,3,2026-06-06,wk inc flu prop ed visits,quantile,0.975,0.011465395401357343
15,2026-05-16,3,2026-06-06,wk inc flu prop ed visits,quantile,0.975,0.06310167958742477
16,2026-05-16,3,2026-06-06,wk inc flu prop ed visits,quantile,0.975,0.015011382899657115
17,2026-05-16,3,2026-06-06,wk inc flu prop ed visits,quantile,0.975,0.0075451662465022004
18,2026-05-16,3,2026-06-06,wk inc flu prop ed visits,quantile,0.975,0.006033561488972418
19,2026-05-16,3,2026-06-06,wk inc flu prop ed visits,quantile,0.975,0.006216794371541714
20,2026-05-16,3,2026-06-06,wk inc flu prop ed visits,quantile,0.975,0.008308470625710372
21,2026-05-16,3,2026-06-06,wk inc flu prop ed visits,quantile,0.975,0.013562352161582051
22,2026-05-16,3,2026-06-06,wk inc flu prop ed visits,quantile,0.975,0.01219174446346557
23,2026-05-16,3,2026-06-06,wk inc flu prop ed visits,quantile,0.975,0.016097032386526003
24,2026-05-16,3,2026-06-06,wk inc flu prop ed visits,quantile,0.975,0.008801655845057899
25,2026-05-16,3,2026-06-06,wk inc flu prop ed visits,quantile,0.975,0.008054446515014706
26,2026-05-16,3,2026-06-06,wk inc flu prop ed visits,quantile,0.975,0.00502776254864893
27,2026-05-16,3,2026-06-06,wk inc flu prop ed visits,quantile,0.975,0.014179955486913533
28,2026-05-16,3,2026-06-06,wk inc flu prop ed visits,quantile,0.975,0.013989901993544726
30,2026-05-16,3,2026-06-06,wk inc flu prop ed visits,quantile,0.975,0.02434100056564246
31,2026-05-16,3,2026-06-06,wk inc flu prop ed visits,quantile,0.975,0.013455080783266085
32,2026-05-16,3,2026-06-06,wk inc flu prop ed visits,quantile,0.975,0.02555379536898076
33,2026-05-16,3,2026-06-06,wk inc flu prop ed visits,quantile,0.975,0.022316261588680924
34,2026-05-16,3,2026-06-06,wk inc flu prop ed visits,quantile,0.975,0.010753852813807101
35,2026-05-16,3,2026-06-06,wk inc flu prop ed visits,quantile,0.975,0.024546848442155517
36,2026-05-16,3,2026-06-06,wk inc flu prop ed visits,quantile,0.975,0.010432274406785617
37,2026-05-16,3,2026-06-06,wk inc flu prop ed visits,quantile,0.975,0.026886909113448855
38,2026-05-16,3,2026-06-06,wk inc flu prop ed visits,quantile,0.975,0.02060572311175052
39,2026-05-16,3,2026-06-06,wk inc flu prop ed visits,quantile,0.975,0.004438904754070627
40,2026-05-16,3,2026-06-06,wk inc flu prop ed visits,quantile,0.975,0.012232011133929696
41,2026-05-16,3,2026-06-06,wk inc flu prop ed visits,quantile,0.975,0.015365260341449007
42,2026-05-16,3,2026-06-06,wk inc flu prop ed visits,quantile,0.975,0.00797943453892403
44,2026-05-16,3,2026-06-06,wk inc flu prop ed visits,quantile,0.975,0.013065477864011793
45,2026-05-16,3,2026-06-06,wk inc flu prop ed visits,quantile,0.975,0.014463656084002739
46,2026-05-16,3,2026-06-06,wk inc flu prop ed visits,quantile,0.975,0.012894618324593717
47,2026-05-16,3,2026-06-06,wk inc flu prop ed visits,quantile,0.975,0.015422556680944896
48,2026-05-16,3,2026-06-06,wk inc flu prop ed visits,quantile,0.975,0.018747096934034126
49,2026-05-16,3,2026-06-06,wk inc flu prop ed visits,quantile,0.975,0.011294648642046226
50,2026-05-16,3,2026-06-06,wk inc flu prop ed visits,quantile,0.975,0.04329798151382489
51,2026-05-16,3,2026-06-06,wk inc flu prop ed visits,quantile,0.975,0.012316138472878877
53,2026-05-16,3,2026-06-06,wk inc flu prop ed visits,quantile,0.975,0.018210400420686227
54,2026-05-16,3,2026-06-06,wk inc flu prop ed visits,quantile,0.975,0.01248980319429266
55,2026-05-16,3,2026-06-06,wk inc flu prop ed visits,quantile,0.975,0.00660642484842437
56,2026-05-16,3,2026-06-06,wk inc flu prop ed visits,quantile,0.975,0.09537082494839105
US,2026-05-16,3,2026-06-06,wk inc flu prop ed visits,quantile,0.975,0.010214422017024018
01,2026-05-16,0,2026-05-16,wk inc flu prop ed visits,quantile,0.99,0.005825779152452327
02,2026-05-16,0,2026-05-16,wk inc flu prop ed visits,quantile,0.99,0.003820644402353325
04,2026-05-16,0,2026-05-16,wk inc flu prop ed visits,quantile,0.99,0.01153809831809373
05,2026-05-16,0,2026-05-16,wk inc flu prop ed visits,quantile,0.99,0.004955675963890689
06,2026-05-16,0,2026-05-16,wk inc flu prop ed visits,quantile,0.99,0.006010327424449838
08,2026-05-16,0,2026-05-16,wk inc flu prop ed visits,quantile,0.99,0.006101149344853082
09,2026-05-16,0,2026-05-16,wk inc flu prop ed visits,quantile,0.99,0.005378924129353451
10,2026-05-16,0,2026-05-16,wk inc flu prop ed visits,quantile,0.99,0.004801879547062228
11,2026-05-16,0,2026-05-16,wk inc flu prop ed visits,quantile,0.99,0.0040788241929754715
12,2026-05-16,0,2026-05-16,wk inc flu prop ed visits,quantile,0.99,0.006624067979170614
13,2026-05-16,0,2026-05-16,wk inc flu prop ed visits,quantile,0.99,0.004101524562188355
15,2026-05-16,0,2026-05-16,wk inc flu prop ed visits,quantile,0.99,0.03352255884974043
16,2026-05-16,0,2026-05-16,wk inc flu prop ed visits,quantile,0.99,0.004983938476126099
17,2026-05-16,0,2026-05-16,wk inc flu prop ed visits,quantile,0.99,0.00257838665075078
18,2026-05-16,0,2026-05-16,wk inc flu prop ed visits,quantile,0.99,0.0018423784813288277
19,2026-05-16,0,2026-05-16,wk inc flu prop ed visits,quantile,0.99,0.002045527658130923
20,2026-05-16,0,2026-05-16,wk inc flu prop ed visits,quantile,0.99,0.0023586817847020673
21,2026-05-16,0,2026-05-16,wk inc flu prop ed visits,quantile,0.99,0.004212523692191004
22,2026-05-16,0,2026-05-16,wk inc flu prop ed visits,quantile,0.99,0.0036074761416238377
23,2026-05-16,0,2026-05-16,wk inc flu prop ed visits,quantile,0.99,0.006753709617021826
24,2026-05-16,0,2026-05-16,wk inc flu prop ed visits,quantile,0.99,0.0037828632887785592
25,2026-05-16,0,2026-05-16,wk inc flu prop ed visits,quantile,0.99,0.004279666131634084
26,2026-05-16,0,2026-05-16,wk inc flu prop ed visits,quantile,0.99,0.0014967584604955802
27,2026-05-16,0,2026-05-16,wk inc flu prop ed visits,quantile,0.99,0.006043649158492068
28,2026-05-16,0,2026-05-16,wk inc flu prop ed visits,quantile,0.99,0.005559444912740931
30,2026-05-16,0,2026-05-16,wk inc flu prop ed visits,quantile,0.99,0.0064395566038967615
31,2026-05-16,0,2026-05-16,wk inc flu prop ed visits,quantile,0.99,0.003963764677804298
32,2026-05-16,0,2026-05-16,wk inc flu prop ed visits,quantile,0.99,0.013863065171144051
33,2026-05-16,0,2026-05-16,wk inc flu prop ed visits,quantile,0.99,0.0072675972889281225
34,2026-05-16,0,2026-05-16,wk inc flu prop ed visits,quantile,0.99,0.004691870225044264
35,2026-05-16,0,2026-05-16,wk inc flu prop ed visits,quantile,0.99,0.009190027790485784
36,2026-05-16,0,2026-05-16,wk inc flu prop ed visits,quantile,0.99,0.0047760225490163545
37,2026-05-16,0,2026-05-16,wk inc flu prop ed visits,quantile,0.99,0.01180755353023784
38,2026-05-16,0,2026-05-16,wk inc flu prop ed visits,quantile,0.99,0.006756991346560819
39,2026-05-16,0,2026-05-16,wk inc flu prop ed visits,quantile,0.99,0.0013158642587587145
40,2026-05-16,0,2026-05-16,wk inc flu prop ed visits,quantile,0.99,0.0037279588385539936
41,2026-05-16,0,2026-05-16,wk inc flu prop ed visits,quantile,0.99,0.007169203783376397
42,2026-05-16,0,2026-05-16,wk inc flu prop ed visits,quantile,0.99,0.0033835064851155143
44,2026-05-16,0,2026-05-16,wk inc flu prop ed visits,quantile,0.99,0.004809719581745423
45,2026-05-16,0,2026-05-16,wk inc flu prop ed visits,quantile,0.99,0.005122040607626538
46,2026-05-16,0,2026-05-16,wk inc flu prop ed visits,quantile,0.99,0.004042663276059246
47,2026-05-16,0,2026-05-16,wk inc flu prop ed visits,quantile,0.99,0.005722822867883876
48,2026-05-16,0,2026-05-16,wk inc flu prop ed visits,quantile,0.99,0.007051266358792164
49,2026-05-16,0,2026-05-16,wk inc flu prop ed visits,quantile,0.99,0.003433240763170693
50,2026-05-16,0,2026-05-16,wk inc flu prop ed visits,quantile,0.99,0.009960434793368618
51,2026-05-16,0,2026-05-16,wk inc flu prop ed visits,quantile,0.99,0.004795718657102467
53,2026-05-16,0,2026-05-16,wk inc flu prop ed visits,quantile,0.99,0.011646546897207328
54,2026-05-16,0,2026-05-16,wk inc flu prop ed visits,quantile,0.99,0.004455385828801245
55,2026-05-16,0,2026-05-16,wk inc flu prop ed visits,quantile,0.99,0.0026008909371904075
56,2026-05-16,0,2026-05-16,wk inc flu prop ed visits,quantile,0.99,0.029687975691089195
US,2026-05-16,0,2026-05-16,wk inc flu prop ed visits,quantile,0.99,0.004963950616955487
01,2026-05-16,1,2026-05-23,wk inc flu prop ed visits,quantile,0.99,0.009655067238797818
02,2026-05-16,1,2026-05-23,wk inc flu prop ed visits,quantile,0.99,0.00695497511579319
04,2026-05-16,1,2026-05-23,wk inc flu prop ed visits,quantile,0.99,0.015646239037973898
05,2026-05-16,1,2026-05-23,wk inc flu prop ed visits,quantile,0.99,0.008597211906294635
06,2026-05-16,1,2026-05-23,wk inc flu prop ed visits,quantile,0.99,0.008079427215809747
08,2026-05-16,1,2026-05-23,wk inc flu prop ed visits,quantile,0.99,0.00866346612098567
09,2026-05-16,1,2026-05-23,wk inc flu prop ed visits,quantile,0.99,0.007862454625360593
10,2026-05-16,1,2026-05-23,wk inc flu prop ed visits,quantile,0.99,0.008894043659695747
11,2026-05-16,1,2026-05-23,wk inc flu prop ed visits,quantile,0.99,0.0064631368465115115
12,2026-05-16,1,2026-05-23,wk inc flu prop ed visits,quantile,0.99,0.0091377695995505
13,2026-05-16,1,2026-05-23,wk inc flu prop ed visits,quantile,0.99,0.006814320486713066
15,2026-05-16,1,2026-05-23,wk inc flu prop ed visits,quantile,0.99,0.04670049917760463
16,2026-05-16,1,2026-05-23,wk inc flu prop ed visits,quantile,0.99,0.007931375462158212
17,2026-05-16,1,2026-05-23,wk inc flu prop ed visits,quantile,0.99,0.00425044558104249
18,2026-05-16,1,2026-05-23,wk inc flu prop ed visits,quantile,0.99,0.0031143351621328525
19,2026-05-16,1,2026-05-23,wk inc flu prop ed visits,quantile,0.99,0.003686123556203907
20,2026-05-16,1,2026-05-23,wk inc flu prop ed visits,quantile,0.99,0.004477406866325606
21,2026-05-16,1,2026-05-23,wk inc flu prop ed visits,quantile,0.99,0.006691124074947871
22,2026-05-16,1,2026-05-23,wk inc flu prop ed visits,quantile,0.99,0.006379176932306233
23,2026-05-16,1,2026-05-23,wk inc flu prop ed visits,quantile,0.99,0.010698548691576144
24,2026-05-16,1,2026-05-23,wk inc flu prop ed visits,quantile,0.99,0.005808099928642958
25,2026-05-16,1,2026-05-23,wk inc flu prop ed visits,quantile,0.99,0.005697454394077526
26,2026-05-16,1,2026-05-23,wk inc flu prop ed visits,quantile,0.99,0.002910465443344424
27,2026-05-16,1,2026-05-23,wk inc flu prop ed visits,quantile,0.99,0.009254836798104227
28,2026-05-16,1,2026-05-23,wk inc flu prop ed visits,quantile,0.99,0.008670199573877397
30,2026-05-16,1,2026-05-23,wk inc flu prop ed visits,quantile,0.99,0.011993121140266542
31,2026-05-16,1,2026-05-23,wk inc flu prop ed visits,quantile,0.99,0.007816188999887414
32,2026-05-16,1,2026-05-23,wk inc flu prop ed visits,quantile,0.99,0.019510961666512297
33,2026-05-16,1,2026-05-23,wk inc flu prop ed visits,quantile,0.99,0.013584143093810418
34,2026-05-16,1,2026-05-23,wk inc flu prop ed visits,quantile,0.99,0.007255672696575375
35,2026-05-16,1,2026-05-23,wk inc flu prop ed visits,quantile,0.99,0.014590217372513157
36,2026-05-16,1,2026-05-23,wk inc flu prop ed visits,quantile,0.99,0.006534153607001485
37,2026-05-16,1,2026-05-23,wk inc flu prop ed visits,quantile,0.99,0.017095291951838797
38,2026-05-16,1,2026-05-23,wk inc flu prop ed visits,quantile,0.99,0.012666499436914683
39,2026-05-16,1,2026-05-23,wk inc flu prop ed visits,quantile,0.99,0.0023201654276807267
40,2026-05-16,1,2026-05-23,wk inc flu prop ed visits,quantile,0.99,0.006502579684883917
41,2026-05-16,1,2026-05-23,wk inc flu prop ed visits,quantile,0.99,0.01033738221288643
42,2026-05-16,1,2026-05-23,wk inc flu prop ed visits,quantile,0.99,0.005273298394142614
44,2026-05-16,1,2026-05-23,wk inc flu prop ed visits,quantile,0.99,0.008099515357874749
45,2026-05-16,1,2026-05-23,wk inc flu prop ed visits,quantile,0.99,0.008720643744268371
46,2026-05-16,1,2026-05-23,wk inc flu prop ed visits,quantile,0.99,0.007258905831977009
47,2026-05-16,1,2026-05-23,wk inc flu prop ed visits,quantile,0.99,0.009299055496807578
48,2026-05-16,1,2026-05-23,wk inc flu prop ed visits,quantile,0.99,0.011239357423287504
49,2026-05-16,1,2026-05-23,wk inc flu prop ed visits,quantile,0.99,0.005701267539169642
50,2026-05-16,1,2026-05-23,wk inc flu prop ed visits,quantile,0.99,0.02500962960927479
51,2026-05-16,1,2026-05-23,wk inc flu prop ed visits,quantile,0.99,0.007710416217530326
53,2026-05-16,1,2026-05-23,wk inc flu prop ed visits,quantile,0.99,0.014781681742655824
54,2026-05-16,1,2026-05-23,wk inc flu prop ed visits,quantile,0.99,0.0073211888929141
55,2026-05-16,1,2026-05-23,wk inc flu prop ed visits,quantile,0.99,0.004295531612496775
56,2026-05-16,1,2026-05-23,wk inc flu prop ed visits,quantile,0.99,0.057032943206434
US,2026-05-16,1,2026-05-23,wk inc flu prop ed visits,quantile,0.99,0.006844814354107297
01,2026-05-16,2,2026-05-30,wk inc flu prop ed visits,quantile,0.99,0.015981263114768364
02,2026-05-16,2,2026-05-30,wk inc flu prop ed visits,quantile,0.99,0.011296479079207658
04,2026-05-16,2,2026-05-30,wk inc flu prop ed visits,quantile,0.99,0.022024705404975208
05,2026-05-16,2,2026-05-30,wk inc flu prop ed visits,quantile,0.99,0.014019246226834956
06,2026-05-16,2,2026-05-30,wk inc flu prop ed visits,quantile,0.99,0.010704207268937126
08,2026-05-16,2,2026-05-30,wk inc flu prop ed visits,quantile,0.99,0.011328013226029096
09,2026-05-16,2,2026-05-30,wk inc flu prop ed visits,quantile,0.99,0.010113559720009567
10,2026-05-16,2,2026-05-30,wk inc flu prop ed visits,quantile,0.99,0.014616462409430098
11,2026-05-16,2,2026-05-30,wk inc flu prop ed visits,quantile,0.99,0.011405250424211694
12,2026-05-16,2,2026-05-30,wk inc flu prop ed visits,quantile,0.99,0.01294997238598128
13,2026-05-16,2,2026-05-30,wk inc flu prop ed visits,quantile,0.99,0.010780348177549144
15,2026-05-16,2,2026-05-30,wk inc flu prop ed visits,quantile,0.99,0.06122657734088807
16,2026-05-16,2,2026-05-30,wk inc flu prop ed visits,quantile,0.99,0.01308047466936404
17,2026-05-16,2,2026-05-30,wk inc flu prop ed visits,quantile,0.99,0.006292231012686825
18,2026-05-16,2,2026-05-30,wk inc flu prop ed visits,quantile,0.99,0.005063183762387775
19,2026-05-16,2,2026-05-30,wk inc flu prop ed visits,quantile,0.99,0.005790454468343308
20,2026-05-16,2,2026-05-30,wk inc flu prop ed visits,quantile,0.99,0.00736735903292423
21,2026-05-16,2,2026-05-30,wk inc flu prop ed visits,quantile,0.99,0.011623622692024185
22,2026-05-16,2,2026-05-30,wk inc flu prop ed visits,quantile,0.99,0.010691940139921988
23,2026-05-16,2,2026-05-30,wk inc flu prop ed visits,quantile,0.99,0.015856187849738662
24,2026-05-16,2,2026-05-30,wk inc flu prop ed visits,quantile,0.99,0.008423175838178792
25,2026-05-16,2,2026-05-30,wk inc flu prop ed visits,quantile,0.99,0.007455980617565397
26,2026-05-16,2,2026-05-30,wk inc flu prop ed visits,quantile,0.99,0.004549656387323679
27,2026-05-16,2,2026-05-30,wk inc flu prop ed visits,quantile,0.99,0.014294834035263226
28,2026-05-16,2,2026-05-30,wk inc flu prop ed visits,quantile,0.99,0.012753732650314785
30,2026-05-16,2,2026-05-30,wk inc flu prop ed visits,quantile,0.99,0.022396084034992176
31,2026-05-16,2,2026-05-30,wk inc flu prop ed visits,quantile,0.99,0.01269663037449749
32,2026-05-16,2,2026-05-30,wk inc flu prop ed visits,quantile,0.99,0.02472314708359404
33,2026-05-16,2,2026-05-30,wk inc flu prop ed visits,quantile,0.99,0.020072929176381257
34,2026-05-16,2,2026-05-30,wk inc flu prop ed visits,quantile,0.99,0.010496113441922077
35,2026-05-16,2,2026-05-30,wk inc flu prop ed visits,quantile,0.99,0.022793525780731034
36,2026-05-16,2,2026-05-30,wk inc flu prop ed visits,quantile,0.99,0.010287612227501956
37,2026-05-16,2,2026-05-30,wk inc flu prop ed visits,quantile,0.99,0.024700145016270634
38,2026-05-16,2,2026-05-30,wk inc flu prop ed visits,quantile,0.99,0.019010956431011063
39,2026-05-16,2,2026-05-30,wk inc flu prop ed visits,quantile,0.99,0.0036225369654862396
40,2026-05-16,2,2026-05-30,wk inc flu prop ed visits,quantile,0.99,0.010453217653081015
41,2026-05-16,2,2026-05-30,wk inc flu prop ed visits,quantile,0.99,0.013738989047294528
42,2026-05-16,2,2026-05-30,wk inc flu prop ed visits,quantile,0.99,0.007405972255824286
44,2026-05-16,2,2026-05-30,wk inc flu prop ed visits,quantile,0.99,0.012528647290987798
45,2026-05-16,2,2026-05-30,wk inc flu prop ed visits,quantile,0.99,0.013698908257555202
46,2026-05-16,2,2026-05-30,wk inc flu prop ed visits,quantile,0.99,0.013366272728297659
47,2026-05-16,2,2026-05-30,wk inc flu prop ed visits,quantile,0.99,0.014243187206978305
48,2026-05-16,2,2026-05-30,wk inc flu prop ed visits,quantile,0.99,0.01590206802009086
49,2026-05-16,2,2026-05-30,wk inc flu prop ed visits,quantile,0.99,0.009933887625348975
50,2026-05-16,2,2026-05-30,wk inc flu prop ed visits,quantile,0.99,0.038241622735390335
51,2026-05-16,2,2026-05-30,wk inc flu prop ed visits,quantile,0.99,0.011987761874538967
53,2026-05-16,2,2026-05-30,wk inc flu prop ed visits,quantile,0.99,0.01845199252256178
54,2026-05-16,2,2026-05-30,wk inc flu prop ed visits,quantile,0.99,0.011363139658074933
55,2026-05-16,2,2026-05-30,wk inc flu prop ed visits,quantile,0.99,0.005917116165029747
56,2026-05-16,2,2026-05-30,wk inc flu prop ed visits,quantile,0.99,0.09147360148580506
US,2026-05-16,2,2026-05-30,wk inc flu prop ed visits,quantile,0.99,0.009374029099894213
01,2026-05-16,3,2026-06-06,wk inc flu prop ed visits,quantile,0.99,0.02455178214057547
02,2026-05-16,3,2026-06-06,wk inc flu prop ed visits,quantile,0.99,0.016948870219160653
04,2026-05-16,3,2026-06-06,wk inc flu prop ed visits,quantile,0.99,0.02818345374022787
05,2026-05-16,3,2026-06-06,wk inc flu prop ed visits,quantile,0.99,0.021339665584577613
06,2026-05-16,3,2026-06-06,wk inc flu prop ed visits,quantile,0.99,0.01278275026627291
08,2026-05-16,3,2026-06-06,wk inc flu prop ed visits,quantile,0.99,0.014333817418717113
09,2026-05-16,3,2026-06-06,wk inc flu prop ed visits,quantile,0.99,0.0142193527299536
10,2026-05-16,3,2026-06-06,wk inc flu prop ed visits,quantile,0.99,0.02411361429068068
11,2026-05-16,3,2026-06-06,wk inc flu prop ed visits,quantile,0.99,0.021283057375772792
12,2026-05-16,3,2026-06-06,wk inc flu prop ed visits,quantile,0.99,0.016457311735728924
13,2026-05-16,3,2026-06-06,wk inc flu prop ed visits,quantile,0.99,0.015150250348417998
15,2026-05-16,3,2026-06-06,wk inc flu prop ed visits,quantile,0.99,0.07425754053749627
16,2026-05-16,3,2026-06-06,wk inc flu prop ed visits,quantile,0.99,0.018616518863024876
17,2026-05-16,3,2026-06-06,wk inc flu prop ed visits,quantile,0.99,0.009536768555902492
18,2026-05-16,3,2026-06-06,wk inc flu prop ed visits,quantile,0.99,0.00796982140790557
19,2026-05-16,3,2026-06-06,wk inc flu prop ed visits,quantile,0.99,0.008811296271204926
20,2026-05-16,3,2026-06-06,wk inc flu prop ed visits,quantile,0.99,0.010589391653623019
21,2026-05-16,3,2026-06-06,wk inc flu prop ed visits,quantile,0.99,0.01754122806660754
22,2026-05-16,3,2026-06-06,wk inc flu prop ed visits,quantile,0.99,0.014635911451146138
23,2026-05-16,3,2026-06-06,wk inc flu prop ed visits,quantile,0.99,0.020733440684749783
24,2026-05-16,3,2026-06-06,wk inc flu prop ed visits,quantile,0.99,0.011816423404827397
25,2026-05-16,3,2026-06-06,wk inc flu prop ed visits,quantile,0.99,0.01024442009147278
26,2026-05-16,3,2026-06-06,wk inc flu prop ed visits,quantile,0.99,0.007123872490038533
27,2026-05-16,3,2026-06-06,wk inc flu prop ed visits,quantile,0.99,0.019006630864411914
28,2026-05-16,3,2026-06-06,wk inc flu prop ed visits,quantile,0.99,0.017652995266168012
30,2026-05-16,3,2026-06-06,wk inc flu prop ed visits,quantile,0.99,0.032108540897149374
31,2026-05-16,3,2026-06-06,wk inc flu prop ed visits,quantile,0.99,0.017255690519951933
32,2026-05-16,3,2026-06-06,wk inc flu prop ed visits,quantile,0.99,0.032490897018762295
33,2026-05-16,3,2026-06-06,wk inc flu prop ed visits,quantile,0.99,0.029963650268893735
34,2026-05-16,3,2026-06-06,wk inc flu prop ed visits,quantile,0.99,0.013155453231510697
35,2026-05-16,3,2026-06-06,wk inc flu prop ed visits,quantile,0.99,0.030966425713247304
36,2026-05-16,3,2026-06-06,wk inc flu prop ed visits,quantile,0.99,0.013838225324439566
37,2026-05-16,3,2026-06-06,wk inc flu prop ed visits,quantile,0.99,0.033446011295478896
38,2026-05-16,3,2026-06-06,wk inc flu prop ed visits,quantile,0.99,0.029608723958840115
39,2026-05-16,3,2026-06-06,wk inc flu prop ed visits,quantile,0.99,0.005596496856841018
40,2026-05-16,3,2026-06-06,wk inc flu prop ed visits,quantile,0.99,0.017084650560078962
41,2026-05-16,3,2026-06-06,wk inc flu prop ed visits,quantile,0.99,0.019595626620935346
42,2026-05-16,3,2026-06-06,wk inc flu prop ed visits,quantile,0.99,0.009777357574837331
44,2026-05-16,3,2026-06-06,wk inc flu prop ed visits,quantile,0.99,0.019887016548971976
45,2026-05-16,3,2026-06-06,wk inc flu prop ed visits,quantile,0.99,0.01897103157593172
46,2026-05-16,3,2026-06-06,wk inc flu prop ed visits,quantile,0.99,0.01897002069507891
47,2026-05-16,3,2026-06-06,wk inc flu prop ed visits,quantile,0.99,0.019191816633412073
48,2026-05-16,3,2026-06-06,wk inc flu prop ed visits,quantile,0.99,0.021758272680008815
49,2026-05-16,3,2026-06-06,wk inc flu prop ed visits,quantile,0.99,0.014376632952547066
50,2026-05-16,3,2026-06-06,wk inc flu prop ed visits,quantile,0.99,0.05482827093268887
51,2026-05-16,3,2026-06-06,wk inc flu prop ed visits,quantile,0.99,0.01611001564770409
53,2026-05-16,3,2026-06-06,wk inc flu prop ed visits,quantile,0.99,0.022331473151259246
54,2026-05-16,3,2026-06-06,wk inc flu prop ed visits,quantile,0.99,0.016853266202664915
55,2026-05-16,3,2026-06-06,wk inc flu prop ed visits,quantile,0.99,0.008639420005963608
56,2026-05-16,3,2026-06-06,wk inc flu prop ed visits,quantile,0.99,0.12525356093734985
US,2026-05-16,3,2026-06-06,wk inc flu prop ed visits,quantile,0.99,0.012268545262612913
