reference_date,target,horizon,target_end_date,location,output_type,output_type_id,value
2025-03-01,peak inc flu hosp,NA,NA,01,quantile,0.01,667.0
2025-03-01,peak inc flu hosp,NA,NA,01,quantile,0.025,690.0
2025-03-01,peak inc flu hosp,NA,NA,01,quantile,0.05,690.0
2025-03-01,peak inc flu hosp,NA,NA,01,quantile,0.1,722.0
2025-03-01,peak inc flu hosp,NA,NA,01,quantile,0.15,728.0
2025-03-01,peak inc flu hosp,NA,NA,01,quantile,0.2,736.0
2025-03-01,peak inc flu hosp,NA,NA,01,quantile,0.25,739.0
2025-03-01,peak inc flu hosp,NA,NA,01,quantile,0.3,742.0
2025-03-01,peak inc flu hosp,NA,NA,01,quantile,0.35,742.0
2025-03-01,peak inc flu hosp,NA,NA,01,quantile,0.4,742.0
2025-03-01,peak inc flu hosp,NA,NA,01,quantile,0.45,742.0
2025-03-01,peak inc flu hosp,NA,NA,01,quantile,0.5,742.0
2025-03-01,peak inc flu hosp,NA,NA,01,quantile,0.55,742.0
2025-03-01,peak inc flu hosp,NA,NA,01,quantile,0.6,742.0
2025-03-01,peak inc flu hosp,NA,NA,01,quantile,0.65,742.0
2025-03-01,peak inc flu hosp,NA,NA,01,quantile,0.7,742.0
2025-03-01,peak inc flu hosp,NA,NA,01,quantile,0.75,742.0
2025-03-01,peak inc flu hosp,NA,NA,01,quantile,0.8,744.0
2025-03-01,peak inc flu hosp,NA,NA,01,quantile,0.85,755.0
2025-03-01,peak inc flu hosp,NA,NA,01,quantile,0.9,807.0
2025-03-01,peak inc flu hosp,NA,NA,01,quantile,0.95,981.0
2025-03-01,peak inc flu hosp,NA,NA,01,quantile,0.975,1578.0
2025-03-01,peak inc flu hosp,NA,NA,01,quantile,0.99,6136.0
2025-03-01,peak inc flu hosp,NA,NA,02,quantile,0.01,48.0
2025-03-01,peak inc flu hosp,NA,NA,02,quantile,0.025,55.0
2025-03-01,peak inc flu hosp,NA,NA,02,quantile,0.05,60.0
2025-03-01,peak inc flu hosp,NA,NA,02,quantile,0.1,62.0
2025-03-01,peak inc flu hosp,NA,NA,02,quantile,0.15,62.0
2025-03-01,peak inc flu hosp,NA,NA,02,quantile,0.2,62.0
2025-03-01,peak inc flu hosp,NA,NA,02,quantile,0.25,62.0
2025-03-01,peak inc flu hosp,NA,NA,02,quantile,0.3,62.0
2025-03-01,peak inc flu hosp,NA,NA,02,quantile,0.35,62.0
2025-03-01,peak inc flu hosp,NA,NA,02,quantile,0.4,62.0
2025-03-01,peak inc flu hosp,NA,NA,02,quantile,0.45,62.0
2025-03-01,peak inc flu hosp,NA,NA,02,quantile,0.5,62.0
2025-03-01,peak inc flu hosp,NA,NA,02,quantile,0.55,62.0
2025-03-01,peak inc flu hosp,NA,NA,02,quantile,0.6,62.0
2025-03-01,peak inc flu hosp,NA,NA,02,quantile,0.65,62.0
2025-03-01,peak inc flu hosp,NA,NA,02,quantile,0.7,62.0
2025-03-01,peak inc flu hosp,NA,NA,02,quantile,0.75,62.0
2025-03-01,peak inc flu hosp,NA,NA,02,quantile,0.8,62.0
2025-03-01,peak inc flu hosp,NA,NA,02,quantile,0.85,62.0
2025-03-01,peak inc flu hosp,NA,NA,02,quantile,0.9,65.0
2025-03-01,peak inc flu hosp,NA,NA,02,quantile,0.95,93.0
2025-03-01,peak inc flu hosp,NA,NA,02,quantile,0.975,204.0
2025-03-01,peak inc flu hosp,NA,NA,02,quantile,0.99,281.0
2025-03-01,peak inc flu hosp,NA,NA,04,quantile,0.01,2556.0
2025-03-01,peak inc flu hosp,NA,NA,04,quantile,0.025,2735.0
2025-03-01,peak inc flu hosp,NA,NA,04,quantile,0.05,2772.0
2025-03-01,peak inc flu hosp,NA,NA,04,quantile,0.1,2794.0
2025-03-01,peak inc flu hosp,NA,NA,04,quantile,0.15,2816.0
2025-03-01,peak inc flu hosp,NA,NA,04,quantile,0.2,2828.0
2025-03-01,peak inc flu hosp,NA,NA,04,quantile,0.25,2831.0
2025-03-01,peak inc flu hosp,NA,NA,04,quantile,0.3,2831.0
2025-03-01,peak inc flu hosp,NA,NA,04,quantile,0.35,2831.0
2025-03-01,peak inc flu hosp,NA,NA,04,quantile,0.4,2831.0
2025-03-01,peak inc flu hosp,NA,NA,04,quantile,0.45,2831.0
2025-03-01,peak inc flu hosp,NA,NA,04,quantile,0.5,2831.0
2025-03-01,peak inc flu hosp,NA,NA,04,quantile,0.55,2831.0
2025-03-01,peak inc flu hosp,NA,NA,04,quantile,0.6,2836.0
2025-03-01,peak inc flu hosp,NA,NA,04,quantile,0.65,2862.0
2025-03-01,peak inc flu hosp,NA,NA,04,quantile,0.7,2897.0
2025-03-01,peak inc flu hosp,NA,NA,04,quantile,0.75,2922.0
2025-03-01,peak inc flu hosp,NA,NA,04,quantile,0.8,2946.0
2025-03-01,peak inc flu hosp,NA,NA,04,quantile,0.85,3030.0
2025-03-01,peak inc flu hosp,NA,NA,04,quantile,0.9,3236.0
2025-03-01,peak inc flu hosp,NA,NA,04,quantile,0.95,3976.0
2025-03-01,peak inc flu hosp,NA,NA,04,quantile,0.975,7817.0
2025-03-01,peak inc flu hosp,NA,NA,04,quantile,0.99,14849.0
2025-03-01,peak inc flu hosp,NA,NA,05,quantile,0.01,613.0
2025-03-01,peak inc flu hosp,NA,NA,05,quantile,0.025,641.0
2025-03-01,peak inc flu hosp,NA,NA,05,quantile,0.05,656.0
2025-03-01,peak inc flu hosp,NA,NA,05,quantile,0.1,665.0
2025-03-01,peak inc flu hosp,NA,NA,05,quantile,0.15,672.0
2025-03-01,peak inc flu hosp,NA,NA,05,quantile,0.2,676.0
2025-03-01,peak inc flu hosp,NA,NA,05,quantile,0.25,679.0
2025-03-01,peak inc flu hosp,NA,NA,05,quantile,0.3,679.0
2025-03-01,peak inc flu hosp,NA,NA,05,quantile,0.35,679.0
2025-03-01,peak inc flu hosp,NA,NA,05,quantile,0.4,679.0
2025-03-01,peak inc flu hosp,NA,NA,05,quantile,0.45,679.0
2025-03-01,peak inc flu hosp,NA,NA,05,quantile,0.5,679.0
2025-03-01,peak inc flu hosp,NA,NA,05,quantile,0.55,679.0
2025-03-01,peak inc flu hosp,NA,NA,05,quantile,0.6,679.0
2025-03-01,peak inc flu hosp,NA,NA,05,quantile,0.65,679.0
2025-03-01,peak inc flu hosp,NA,NA,05,quantile,0.7,682.0
2025-03-01,peak inc flu hosp,NA,NA,05,quantile,0.75,690.0
2025-03-01,peak inc flu hosp,NA,NA,05,quantile,0.8,711.0
2025-03-01,peak inc flu hosp,NA,NA,05,quantile,0.85,744.0
2025-03-01,peak inc flu hosp,NA,NA,05,quantile,0.9,914.0
2025-03-01,peak inc flu hosp,NA,NA,05,quantile,0.95,1665.0
2025-03-01,peak inc flu hosp,NA,NA,05,quantile,0.975,3106.0
2025-03-01,peak inc flu hosp,NA,NA,05,quantile,0.99,5196.0
2025-03-01,peak inc flu hosp,NA,NA,06,quantile,0.01,4151.0
2025-03-01,peak inc flu hosp,NA,NA,06,quantile,0.025,4168.0
2025-03-01,peak inc flu hosp,NA,NA,06,quantile,0.05,4236.0
2025-03-01,peak inc flu hosp,NA,NA,06,quantile,0.1,4256.0
2025-03-01,peak inc flu hosp,NA,NA,06,quantile,0.15,4269.0
2025-03-01,peak inc flu hosp,NA,NA,06,quantile,0.2,4287.0
2025-03-01,peak inc flu hosp,NA,NA,06,quantile,0.25,4292.0
2025-03-01,peak inc flu hosp,NA,NA,06,quantile,0.3,4297.0
2025-03-01,peak inc flu hosp,NA,NA,06,quantile,0.35,4297.0
2025-03-01,peak inc flu hosp,NA,NA,06,quantile,0.4,4297.0
2025-03-01,peak inc flu hosp,NA,NA,06,quantile,0.45,4301.0
2025-03-01,peak inc flu hosp,NA,NA,06,quantile,0.5,4318.0
2025-03-01,peak inc flu hosp,NA,NA,06,quantile,0.55,4350.0
2025-03-01,peak inc flu hosp,NA,NA,06,quantile,0.6,4397.0
2025-03-01,peak inc flu hosp,NA,NA,06,quantile,0.65,4437.0
2025-03-01,peak inc flu hosp,NA,NA,06,quantile,0.7,4453.0
2025-03-01,peak inc flu hosp,NA,NA,06,quantile,0.75,4491.0
2025-03-01,peak inc flu hosp,NA,NA,06,quantile,0.8,4584.0
2025-03-01,peak inc flu hosp,NA,NA,06,quantile,0.85,4705.0
2025-03-01,peak inc flu hosp,NA,NA,06,quantile,0.9,5469.0
2025-03-01,peak inc flu hosp,NA,NA,06,quantile,0.95,5593.0
2025-03-01,peak inc flu hosp,NA,NA,06,quantile,0.975,7098.0
2025-03-01,peak inc flu hosp,NA,NA,06,quantile,0.99,10559.0
2025-03-01,peak inc flu hosp,NA,NA,08,quantile,0.01,604.0
2025-03-01,peak inc flu hosp,NA,NA,08,quantile,0.025,706.0
2025-03-01,peak inc flu hosp,NA,NA,08,quantile,0.05,735.0
2025-03-01,peak inc flu hosp,NA,NA,08,quantile,0.1,751.0
2025-03-01,peak inc flu hosp,NA,NA,08,quantile,0.15,755.0
2025-03-01,peak inc flu hosp,NA,NA,08,quantile,0.2,760.0
2025-03-01,peak inc flu hosp,NA,NA,08,quantile,0.25,760.0
2025-03-01,peak inc flu hosp,NA,NA,08,quantile,0.3,760.0
2025-03-01,peak inc flu hosp,NA,NA,08,quantile,0.35,760.0
2025-03-01,peak inc flu hosp,NA,NA,08,quantile,0.4,760.0
2025-03-01,peak inc flu hosp,NA,NA,08,quantile,0.45,760.0
2025-03-01,peak inc flu hosp,NA,NA,08,quantile,0.5,760.0
2025-03-01,peak inc flu hosp,NA,NA,08,quantile,0.55,760.0
2025-03-01,peak inc flu hosp,NA,NA,08,quantile,0.6,760.0
2025-03-01,peak inc flu hosp,NA,NA,08,quantile,0.65,760.0
2025-03-01,peak inc flu hosp,NA,NA,08,quantile,0.7,760.0
2025-03-01,peak inc flu hosp,NA,NA,08,quantile,0.75,760.0
2025-03-01,peak inc flu hosp,NA,NA,08,quantile,0.8,760.0
2025-03-01,peak inc flu hosp,NA,NA,08,quantile,0.85,760.0
2025-03-01,peak inc flu hosp,NA,NA,08,quantile,0.9,808.0
2025-03-01,peak inc flu hosp,NA,NA,08,quantile,0.95,994.0
2025-03-01,peak inc flu hosp,NA,NA,08,quantile,0.975,1576.0
2025-03-01,peak inc flu hosp,NA,NA,08,quantile,0.99,3070.0
2025-03-01,peak inc flu hosp,NA,NA,09,quantile,0.01,478.0
2025-03-01,peak inc flu hosp,NA,NA,09,quantile,0.025,493.0
2025-03-01,peak inc flu hosp,NA,NA,09,quantile,0.05,508.0
2025-03-01,peak inc flu hosp,NA,NA,09,quantile,0.1,525.0
2025-03-01,peak inc flu hosp,NA,NA,09,quantile,0.15,527.0
2025-03-01,peak inc flu hosp,NA,NA,09,quantile,0.2,533.0
2025-03-01,peak inc flu hosp,NA,NA,09,quantile,0.25,535.0
2025-03-01,peak inc flu hosp,NA,NA,09,quantile,0.3,537.0
2025-03-01,peak inc flu hosp,NA,NA,09,quantile,0.35,537.0
2025-03-01,peak inc flu hosp,NA,NA,09,quantile,0.4,537.0
2025-03-01,peak inc flu hosp,NA,NA,09,quantile,0.45,537.0
2025-03-01,peak inc flu hosp,NA,NA,09,quantile,0.5,537.0
2025-03-01,peak inc flu hosp,NA,NA,09,quantile,0.55,537.0
2025-03-01,peak inc flu hosp,NA,NA,09,quantile,0.6,537.0
2025-03-01,peak inc flu hosp,NA,NA,09,quantile,0.65,540.0
2025-03-01,peak inc flu hosp,NA,NA,09,quantile,0.7,544.0
2025-03-01,peak inc flu hosp,NA,NA,09,quantile,0.75,554.0
2025-03-01,peak inc flu hosp,NA,NA,09,quantile,0.8,569.0
2025-03-01,peak inc flu hosp,NA,NA,09,quantile,0.85,603.0
2025-03-01,peak inc flu hosp,NA,NA,09,quantile,0.9,710.0
2025-03-01,peak inc flu hosp,NA,NA,09,quantile,0.95,1266.0
2025-03-01,peak inc flu hosp,NA,NA,09,quantile,0.975,2010.0
2025-03-01,peak inc flu hosp,NA,NA,09,quantile,0.99,3299.0
2025-03-01,peak inc flu hosp,NA,NA,10,quantile,0.01,168.0
2025-03-01,peak inc flu hosp,NA,NA,10,quantile,0.025,174.0
2025-03-01,peak inc flu hosp,NA,NA,10,quantile,0.05,181.0
2025-03-01,peak inc flu hosp,NA,NA,10,quantile,0.1,184.0
2025-03-01,peak inc flu hosp,NA,NA,10,quantile,0.15,185.0
2025-03-01,peak inc flu hosp,NA,NA,10,quantile,0.2,185.0
2025-03-01,peak inc flu hosp,NA,NA,10,quantile,0.25,185.0
2025-03-01,peak inc flu hosp,NA,NA,10,quantile,0.3,185.0
2025-03-01,peak inc flu hosp,NA,NA,10,quantile,0.35,185.0
2025-03-01,peak inc flu hosp,NA,NA,10,quantile,0.4,185.0
2025-03-01,peak inc flu hosp,NA,NA,10,quantile,0.45,185.0
2025-03-01,peak inc flu hosp,NA,NA,10,quantile,0.5,185.0
2025-03-01,peak inc flu hosp,NA,NA,10,quantile,0.55,185.0
2025-03-01,peak inc flu hosp,NA,NA,10,quantile,0.6,185.0
2025-03-01,peak inc flu hosp,NA,NA,10,quantile,0.65,185.0
2025-03-01,peak inc flu hosp,NA,NA,10,quantile,0.7,185.0
2025-03-01,peak inc flu hosp,NA,NA,10,quantile,0.75,185.0
2025-03-01,peak inc flu hosp,NA,NA,10,quantile,0.8,185.0
2025-03-01,peak inc flu hosp,NA,NA,10,quantile,0.85,185.0
2025-03-01,peak inc flu hosp,NA,NA,10,quantile,0.9,203.0
2025-03-01,peak inc flu hosp,NA,NA,10,quantile,0.95,234.0
2025-03-01,peak inc flu hosp,NA,NA,10,quantile,0.975,384.0
2025-03-01,peak inc flu hosp,NA,NA,10,quantile,0.99,733.0
2025-03-01,peak inc flu hosp,NA,NA,11,quantile,0.01,212.0
2025-03-01,peak inc flu hosp,NA,NA,11,quantile,0.025,233.0
2025-03-01,peak inc flu hosp,NA,NA,11,quantile,0.05,236.0
2025-03-01,peak inc flu hosp,NA,NA,11,quantile,0.1,241.0
2025-03-01,peak inc flu hosp,NA,NA,11,quantile,0.15,246.0
2025-03-01,peak inc flu hosp,NA,NA,11,quantile,0.2,248.0
2025-03-01,peak inc flu hosp,NA,NA,11,quantile,0.25,248.0
2025-03-01,peak inc flu hosp,NA,NA,11,quantile,0.3,248.0
2025-03-01,peak inc flu hosp,NA,NA,11,quantile,0.35,248.0
2025-03-01,peak inc flu hosp,NA,NA,11,quantile,0.4,248.0
2025-03-01,peak inc flu hosp,NA,NA,11,quantile,0.45,248.0
2025-03-01,peak inc flu hosp,NA,NA,11,quantile,0.5,248.0
2025-03-01,peak inc flu hosp,NA,NA,11,quantile,0.55,248.0
2025-03-01,peak inc flu hosp,NA,NA,11,quantile,0.6,248.0
2025-03-01,peak inc flu hosp,NA,NA,11,quantile,0.65,248.0
2025-03-01,peak inc flu hosp,NA,NA,11,quantile,0.7,251.0
2025-03-01,peak inc flu hosp,NA,NA,11,quantile,0.75,256.0
2025-03-01,peak inc flu hosp,NA,NA,11,quantile,0.8,263.0
2025-03-01,peak inc flu hosp,NA,NA,11,quantile,0.85,275.0
2025-03-01,peak inc flu hosp,NA,NA,11,quantile,0.9,313.0
2025-03-01,peak inc flu hosp,NA,NA,11,quantile,0.95,515.0
2025-03-01,peak inc flu hosp,NA,NA,11,quantile,0.975,793.0
2025-03-01,peak inc flu hosp,NA,NA,11,quantile,0.99,1467.0
2025-03-01,peak inc flu hosp,NA,NA,12,quantile,0.01,3123.0
2025-03-01,peak inc flu hosp,NA,NA,12,quantile,0.025,3296.0
2025-03-01,peak inc flu hosp,NA,NA,12,quantile,0.05,3488.0
2025-03-01,peak inc flu hosp,NA,NA,12,quantile,0.1,3563.0
2025-03-01,peak inc flu hosp,NA,NA,12,quantile,0.15,3591.0
2025-03-01,peak inc flu hosp,NA,NA,12,quantile,0.2,3608.0
2025-03-01,peak inc flu hosp,NA,NA,12,quantile,0.25,3621.0
2025-03-01,peak inc flu hosp,NA,NA,12,quantile,0.3,3627.0
2025-03-01,peak inc flu hosp,NA,NA,12,quantile,0.35,3627.0
2025-03-01,peak inc flu hosp,NA,NA,12,quantile,0.4,3627.0
2025-03-01,peak inc flu hosp,NA,NA,12,quantile,0.45,3627.0
2025-03-01,peak inc flu hosp,NA,NA,12,quantile,0.5,3636.0
2025-03-01,peak inc flu hosp,NA,NA,12,quantile,0.55,3655.0
2025-03-01,peak inc flu hosp,NA,NA,12,quantile,0.6,3694.0
2025-03-01,peak inc flu hosp,NA,NA,12,quantile,0.65,3717.0
2025-03-01,peak inc flu hosp,NA,NA,12,quantile,0.7,3748.0
2025-03-01,peak inc flu hosp,NA,NA,12,quantile,0.75,3778.0
2025-03-01,peak inc flu hosp,NA,NA,12,quantile,0.8,3827.0
2025-03-01,peak inc flu hosp,NA,NA,12,quantile,0.85,4033.0
2025-03-01,peak inc flu hosp,NA,NA,12,quantile,0.9,4613.0
2025-03-01,peak inc flu hosp,NA,NA,12,quantile,0.95,5021.0
2025-03-01,peak inc flu hosp,NA,NA,12,quantile,0.975,5120.0
2025-03-01,peak inc flu hosp,NA,NA,12,quantile,0.99,8658.0
2025-03-01,peak inc flu hosp,NA,NA,13,quantile,0.01,1202.0
2025-03-01,peak inc flu hosp,NA,NA,13,quantile,0.025,1269.0
2025-03-01,peak inc flu hosp,NA,NA,13,quantile,0.05,1290.0
2025-03-01,peak inc flu hosp,NA,NA,13,quantile,0.1,1315.0
2025-03-01,peak inc flu hosp,NA,NA,13,quantile,0.15,1331.0
2025-03-01,peak inc flu hosp,NA,NA,13,quantile,0.2,1339.0
2025-03-01,peak inc flu hosp,NA,NA,13,quantile,0.25,1346.0
2025-03-01,peak inc flu hosp,NA,NA,13,quantile,0.3,1346.0
2025-03-01,peak inc flu hosp,NA,NA,13,quantile,0.35,1346.0
2025-03-01,peak inc flu hosp,NA,NA,13,quantile,0.4,1346.0
2025-03-01,peak inc flu hosp,NA,NA,13,quantile,0.45,1346.0
2025-03-01,peak inc flu hosp,NA,NA,13,quantile,0.5,1346.0
2025-03-01,peak inc flu hosp,NA,NA,13,quantile,0.55,1346.0
2025-03-01,peak inc flu hosp,NA,NA,13,quantile,0.6,1346.0
2025-03-01,peak inc flu hosp,NA,NA,13,quantile,0.65,1346.0
2025-03-01,peak inc flu hosp,NA,NA,13,quantile,0.7,1346.0
2025-03-01,peak inc flu hosp,NA,NA,13,quantile,0.75,1346.0
2025-03-01,peak inc flu hosp,NA,NA,13,quantile,0.8,1349.0
2025-03-01,peak inc flu hosp,NA,NA,13,quantile,0.85,1371.0
2025-03-01,peak inc flu hosp,NA,NA,13,quantile,0.9,1431.0
2025-03-01,peak inc flu hosp,NA,NA,13,quantile,0.95,1525.0
2025-03-01,peak inc flu hosp,NA,NA,13,quantile,0.975,1845.0
2025-03-01,peak inc flu hosp,NA,NA,13,quantile,0.99,3169.0
2025-03-01,peak inc flu hosp,NA,NA,15,quantile,0.01,98.0
2025-03-01,peak inc flu hosp,NA,NA,15,quantile,0.025,115.0
2025-03-01,peak inc flu hosp,NA,NA,15,quantile,0.05,118.0
2025-03-01,peak inc flu hosp,NA,NA,15,quantile,0.1,121.0
2025-03-01,peak inc flu hosp,NA,NA,15,quantile,0.15,123.0
2025-03-01,peak inc flu hosp,NA,NA,15,quantile,0.2,124.0
2025-03-01,peak inc flu hosp,NA,NA,15,quantile,0.25,124.0
2025-03-01,peak inc flu hosp,NA,NA,15,quantile,0.3,124.0
2025-03-01,peak inc flu hosp,NA,NA,15,quantile,0.35,124.0
2025-03-01,peak inc flu hosp,NA,NA,15,quantile,0.4,124.0
2025-03-01,peak inc flu hosp,NA,NA,15,quantile,0.45,124.0
2025-03-01,peak inc flu hosp,NA,NA,15,quantile,0.5,124.0
2025-03-01,peak inc flu hosp,NA,NA,15,quantile,0.55,124.0
2025-03-01,peak inc flu hosp,NA,NA,15,quantile,0.6,124.0
2025-03-01,peak inc flu hosp,NA,NA,15,quantile,0.65,124.0
2025-03-01,peak inc flu hosp,NA,NA,15,quantile,0.7,124.0
2025-03-01,peak inc flu hosp,NA,NA,15,quantile,0.75,124.0
2025-03-01,peak inc flu hosp,NA,NA,15,quantile,0.8,124.0
2025-03-01,peak inc flu hosp,NA,NA,15,quantile,0.85,126.0
2025-03-01,peak inc flu hosp,NA,NA,15,quantile,0.9,135.0
2025-03-01,peak inc flu hosp,NA,NA,15,quantile,0.95,163.0
2025-03-01,peak inc flu hosp,NA,NA,15,quantile,0.975,471.0
2025-03-01,peak inc flu hosp,NA,NA,15,quantile,0.99,580.0
2025-03-01,peak inc flu hosp,NA,NA,16,quantile,0.01,249.0
2025-03-01,peak inc flu hosp,NA,NA,16,quantile,0.025,300.0
2025-03-01,peak inc flu hosp,NA,NA,16,quantile,0.05,316.0
2025-03-01,peak inc flu hosp,NA,NA,16,quantile,0.1,323.0
2025-03-01,peak inc flu hosp,NA,NA,16,quantile,0.15,329.0
2025-03-01,peak inc flu hosp,NA,NA,16,quantile,0.2,332.0
2025-03-01,peak inc flu hosp,NA,NA,16,quantile,0.25,333.0
2025-03-01,peak inc flu hosp,NA,NA,16,quantile,0.3,333.0
2025-03-01,peak inc flu hosp,NA,NA,16,quantile,0.35,333.0
2025-03-01,peak inc flu hosp,NA,NA,16,quantile,0.4,333.0
2025-03-01,peak inc flu hosp,NA,NA,16,quantile,0.45,333.0
2025-03-01,peak inc flu hosp,NA,NA,16,quantile,0.5,333.0
2025-03-01,peak inc flu hosp,NA,NA,16,quantile,0.55,333.0
2025-03-01,peak inc flu hosp,NA,NA,16,quantile,0.6,333.0
2025-03-01,peak inc flu hosp,NA,NA,16,quantile,0.65,333.0
2025-03-01,peak inc flu hosp,NA,NA,16,quantile,0.7,333.0
2025-03-01,peak inc flu hosp,NA,NA,16,quantile,0.75,333.0
2025-03-01,peak inc flu hosp,NA,NA,16,quantile,0.8,333.0
2025-03-01,peak inc flu hosp,NA,NA,16,quantile,0.85,333.0
2025-03-01,peak inc flu hosp,NA,NA,16,quantile,0.9,341.0
2025-03-01,peak inc flu hosp,NA,NA,16,quantile,0.95,373.0
2025-03-01,peak inc flu hosp,NA,NA,16,quantile,0.975,531.0
2025-03-01,peak inc flu hosp,NA,NA,16,quantile,0.99,1138.0
2025-03-01,peak inc flu hosp,NA,NA,17,quantile,0.01,1813.0
2025-03-01,peak inc flu hosp,NA,NA,17,quantile,0.025,2067.0
2025-03-01,peak inc flu hosp,NA,NA,17,quantile,0.05,2154.0
2025-03-01,peak inc flu hosp,NA,NA,17,quantile,0.1,2208.0
2025-03-01,peak inc flu hosp,NA,NA,17,quantile,0.15,2231.0
2025-03-01,peak inc flu hosp,NA,NA,17,quantile,0.2,2243.0
2025-03-01,peak inc flu hosp,NA,NA,17,quantile,0.25,2243.0
2025-03-01,peak inc flu hosp,NA,NA,17,quantile,0.3,2243.0
2025-03-01,peak inc flu hosp,NA,NA,17,quantile,0.35,2246.0
2025-03-01,peak inc flu hosp,NA,NA,17,quantile,0.4,2253.0
2025-03-01,peak inc flu hosp,NA,NA,17,quantile,0.45,2261.0
2025-03-01,peak inc flu hosp,NA,NA,17,quantile,0.5,2271.0
2025-03-01,peak inc flu hosp,NA,NA,17,quantile,0.55,2298.0
2025-03-01,peak inc flu hosp,NA,NA,17,quantile,0.6,2319.0
2025-03-01,peak inc flu hosp,NA,NA,17,quantile,0.65,2332.0
2025-03-01,peak inc flu hosp,NA,NA,17,quantile,0.7,2352.0
2025-03-01,peak inc flu hosp,NA,NA,17,quantile,0.75,2398.0
2025-03-01,peak inc flu hosp,NA,NA,17,quantile,0.8,2469.0
2025-03-01,peak inc flu hosp,NA,NA,17,quantile,0.85,2704.0
2025-03-01,peak inc flu hosp,NA,NA,17,quantile,0.9,3018.0
2025-03-01,peak inc flu hosp,NA,NA,17,quantile,0.95,5102.0
2025-03-01,peak inc flu hosp,NA,NA,17,quantile,0.975,10157.0
2025-03-01,peak inc flu hosp,NA,NA,17,quantile,0.99,17778.0
2025-03-01,peak inc flu hosp,NA,NA,18,quantile,0.01,1243.0
2025-03-01,peak inc flu hosp,NA,NA,18,quantile,0.025,1257.0
2025-03-01,peak inc flu hosp,NA,NA,18,quantile,0.05,1592.0
2025-03-01,peak inc flu hosp,NA,NA,18,quantile,0.1,1646.0
2025-03-01,peak inc flu hosp,NA,NA,18,quantile,0.15,1658.0
2025-03-01,peak inc flu hosp,NA,NA,18,quantile,0.2,1667.0
2025-03-01,peak inc flu hosp,NA,NA,18,quantile,0.25,1667.0
2025-03-01,peak inc flu hosp,NA,NA,18,quantile,0.3,1667.0
2025-03-01,peak inc flu hosp,NA,NA,18,quantile,0.35,1672.0
2025-03-01,peak inc flu hosp,NA,NA,18,quantile,0.4,1681.0
2025-03-01,peak inc flu hosp,NA,NA,18,quantile,0.45,1686.0
2025-03-01,peak inc flu hosp,NA,NA,18,quantile,0.5,1706.0
2025-03-01,peak inc flu hosp,NA,NA,18,quantile,0.55,1709.0
2025-03-01,peak inc flu hosp,NA,NA,18,quantile,0.6,1722.0
2025-03-01,peak inc flu hosp,NA,NA,18,quantile,0.65,1727.0
2025-03-01,peak inc flu hosp,NA,NA,18,quantile,0.7,1741.0
2025-03-01,peak inc flu hosp,NA,NA,18,quantile,0.75,1785.0
2025-03-01,peak inc flu hosp,NA,NA,18,quantile,0.8,1853.0
2025-03-01,peak inc flu hosp,NA,NA,18,quantile,0.85,2123.0
2025-03-01,peak inc flu hosp,NA,NA,18,quantile,0.9,2354.0
2025-03-01,peak inc flu hosp,NA,NA,18,quantile,0.95,3691.0
2025-03-01,peak inc flu hosp,NA,NA,18,quantile,0.975,5972.0
2025-03-01,peak inc flu hosp,NA,NA,18,quantile,0.99,10390.0
2025-03-01,peak inc flu hosp,NA,NA,19,quantile,0.01,455.0
2025-03-01,peak inc flu hosp,NA,NA,19,quantile,0.025,528.0
2025-03-01,peak inc flu hosp,NA,NA,19,quantile,0.05,542.0
2025-03-01,peak inc flu hosp,NA,NA,19,quantile,0.1,557.0
2025-03-01,peak inc flu hosp,NA,NA,19,quantile,0.15,562.0
2025-03-01,peak inc flu hosp,NA,NA,19,quantile,0.2,566.0
2025-03-01,peak inc flu hosp,NA,NA,19,quantile,0.25,566.0
2025-03-01,peak inc flu hosp,NA,NA,19,quantile,0.3,566.0
2025-03-01,peak inc flu hosp,NA,NA,19,quantile,0.35,566.0
2025-03-01,peak inc flu hosp,NA,NA,19,quantile,0.4,566.0
2025-03-01,peak inc flu hosp,NA,NA,19,quantile,0.45,566.0
2025-03-01,peak inc flu hosp,NA,NA,19,quantile,0.5,566.0
2025-03-01,peak inc flu hosp,NA,NA,19,quantile,0.55,566.0
2025-03-01,peak inc flu hosp,NA,NA,19,quantile,0.6,566.0
2025-03-01,peak inc flu hosp,NA,NA,19,quantile,0.65,566.0
2025-03-01,peak inc flu hosp,NA,NA,19,quantile,0.7,569.0
2025-03-01,peak inc flu hosp,NA,NA,19,quantile,0.75,572.0
2025-03-01,peak inc flu hosp,NA,NA,19,quantile,0.8,592.0
2025-03-01,peak inc flu hosp,NA,NA,19,quantile,0.85,617.0
2025-03-01,peak inc flu hosp,NA,NA,19,quantile,0.9,715.0
2025-03-01,peak inc flu hosp,NA,NA,19,quantile,0.95,1143.0
2025-03-01,peak inc flu hosp,NA,NA,19,quantile,0.975,1914.0
2025-03-01,peak inc flu hosp,NA,NA,19,quantile,0.99,3373.0
2025-03-01,peak inc flu hosp,NA,NA,20,quantile,0.01,419.0
2025-03-01,peak inc flu hosp,NA,NA,20,quantile,0.025,458.0
2025-03-01,peak inc flu hosp,NA,NA,20,quantile,0.05,462.0
2025-03-01,peak inc flu hosp,NA,NA,20,quantile,0.1,467.0
2025-03-01,peak inc flu hosp,NA,NA,20,quantile,0.15,474.0
2025-03-01,peak inc flu hosp,NA,NA,20,quantile,0.2,476.0
2025-03-01,peak inc flu hosp,NA,NA,20,quantile,0.25,476.0
2025-03-01,peak inc flu hosp,NA,NA,20,quantile,0.3,476.0
2025-03-01,peak inc flu hosp,NA,NA,20,quantile,0.35,476.0
2025-03-01,peak inc flu hosp,NA,NA,20,quantile,0.4,476.0
2025-03-01,peak inc flu hosp,NA,NA,20,quantile,0.45,476.0
2025-03-01,peak inc flu hosp,NA,NA,20,quantile,0.5,481.0
2025-03-01,peak inc flu hosp,NA,NA,20,quantile,0.55,487.0
2025-03-01,peak inc flu hosp,NA,NA,20,quantile,0.6,499.0
2025-03-01,peak inc flu hosp,NA,NA,20,quantile,0.65,508.0
2025-03-01,peak inc flu hosp,NA,NA,20,quantile,0.7,525.0
2025-03-01,peak inc flu hosp,NA,NA,20,quantile,0.75,554.0
2025-03-01,peak inc flu hosp,NA,NA,20,quantile,0.8,596.0
2025-03-01,peak inc flu hosp,NA,NA,20,quantile,0.85,811.0
2025-03-01,peak inc flu hosp,NA,NA,20,quantile,0.9,1144.0
2025-03-01,peak inc flu hosp,NA,NA,20,quantile,0.95,2082.0
2025-03-01,peak inc flu hosp,NA,NA,20,quantile,0.975,2986.0
2025-03-01,peak inc flu hosp,NA,NA,20,quantile,0.99,3351.0
2025-03-01,peak inc flu hosp,NA,NA,21,quantile,0.01,715.0
2025-03-01,peak inc flu hosp,NA,NA,21,quantile,0.025,1120.0
2025-03-01,peak inc flu hosp,NA,NA,21,quantile,0.05,1148.0
2025-03-01,peak inc flu hosp,NA,NA,21,quantile,0.1,1155.0
2025-03-01,peak inc flu hosp,NA,NA,21,quantile,0.15,1164.0
2025-03-01,peak inc flu hosp,NA,NA,21,quantile,0.2,1166.0
2025-03-01,peak inc flu hosp,NA,NA,21,quantile,0.25,1167.0
2025-03-01,peak inc flu hosp,NA,NA,21,quantile,0.3,1171.0
2025-03-01,peak inc flu hosp,NA,NA,21,quantile,0.35,1178.0
2025-03-01,peak inc flu hosp,NA,NA,21,quantile,0.4,1184.0
2025-03-01,peak inc flu hosp,NA,NA,21,quantile,0.45,1196.0
2025-03-01,peak inc flu hosp,NA,NA,21,quantile,0.5,1205.0
2025-03-01,peak inc flu hosp,NA,NA,21,quantile,0.55,1218.0
2025-03-01,peak inc flu hosp,NA,NA,21,quantile,0.6,1233.0
2025-03-01,peak inc flu hosp,NA,NA,21,quantile,0.65,1254.0
2025-03-01,peak inc flu hosp,NA,NA,21,quantile,0.7,1297.0
2025-03-01,peak inc flu hosp,NA,NA,21,quantile,0.75,1421.0
2025-03-01,peak inc flu hosp,NA,NA,21,quantile,0.8,1536.0
2025-03-01,peak inc flu hosp,NA,NA,21,quantile,0.85,1904.0
2025-03-01,peak inc flu hosp,NA,NA,21,quantile,0.9,2732.0
2025-03-01,peak inc flu hosp,NA,NA,21,quantile,0.95,5076.0
2025-03-01,peak inc flu hosp,NA,NA,21,quantile,0.975,6955.0
2025-03-01,peak inc flu hosp,NA,NA,21,quantile,0.99,8305.0
2025-03-01,peak inc flu hosp,NA,NA,22,quantile,0.01,559.0
2025-03-01,peak inc flu hosp,NA,NA,22,quantile,0.025,586.0
2025-03-01,peak inc flu hosp,NA,NA,22,quantile,0.05,588.0
2025-03-01,peak inc flu hosp,NA,NA,22,quantile,0.1,596.0
2025-03-01,peak inc flu hosp,NA,NA,22,quantile,0.15,603.0
2025-03-01,peak inc flu hosp,NA,NA,22,quantile,0.2,607.0
2025-03-01,peak inc flu hosp,NA,NA,22,quantile,0.25,607.0
2025-03-01,peak inc flu hosp,NA,NA,22,quantile,0.3,607.0
2025-03-01,peak inc flu hosp,NA,NA,22,quantile,0.35,607.0
2025-03-01,peak inc flu hosp,NA,NA,22,quantile,0.4,607.0
2025-03-01,peak inc flu hosp,NA,NA,22,quantile,0.45,607.0
2025-03-01,peak inc flu hosp,NA,NA,22,quantile,0.5,607.0
2025-03-01,peak inc flu hosp,NA,NA,22,quantile,0.55,607.0
2025-03-01,peak inc flu hosp,NA,NA,22,quantile,0.6,607.0
2025-03-01,peak inc flu hosp,NA,NA,22,quantile,0.65,607.0
2025-03-01,peak inc flu hosp,NA,NA,22,quantile,0.7,607.0
2025-03-01,peak inc flu hosp,NA,NA,22,quantile,0.75,607.0
2025-03-01,peak inc flu hosp,NA,NA,22,quantile,0.8,607.0
2025-03-01,peak inc flu hosp,NA,NA,22,quantile,0.85,610.0
2025-03-01,peak inc flu hosp,NA,NA,22,quantile,0.9,638.0
2025-03-01,peak inc flu hosp,NA,NA,22,quantile,0.95,708.0
2025-03-01,peak inc flu hosp,NA,NA,22,quantile,0.975,1225.0
2025-03-01,peak inc flu hosp,NA,NA,22,quantile,0.99,2452.0
2025-03-01,peak inc flu hosp,NA,NA,23,quantile,0.01,249.0
2025-03-01,peak inc flu hosp,NA,NA,23,quantile,0.025,254.0
2025-03-01,peak inc flu hosp,NA,NA,23,quantile,0.05,260.0
2025-03-01,peak inc flu hosp,NA,NA,23,quantile,0.1,264.0
2025-03-01,peak inc flu hosp,NA,NA,23,quantile,0.15,266.0
2025-03-01,peak inc flu hosp,NA,NA,23,quantile,0.2,267.0
2025-03-01,peak inc flu hosp,NA,NA,23,quantile,0.25,267.0
2025-03-01,peak inc flu hosp,NA,NA,23,quantile,0.3,267.0
2025-03-01,peak inc flu hosp,NA,NA,23,quantile,0.35,267.0
2025-03-01,peak inc flu hosp,NA,NA,23,quantile,0.4,267.0
2025-03-01,peak inc flu hosp,NA,NA,23,quantile,0.45,267.0
2025-03-01,peak inc flu hosp,NA,NA,23,quantile,0.5,270.0
2025-03-01,peak inc flu hosp,NA,NA,23,quantile,0.55,271.0
2025-03-01,peak inc flu hosp,NA,NA,23,quantile,0.6,277.0
2025-03-01,peak inc flu hosp,NA,NA,23,quantile,0.65,285.0
2025-03-01,peak inc flu hosp,NA,NA,23,quantile,0.7,300.0
2025-03-01,peak inc flu hosp,NA,NA,23,quantile,0.75,312.0
2025-03-01,peak inc flu hosp,NA,NA,23,quantile,0.8,358.0
2025-03-01,peak inc flu hosp,NA,NA,23,quantile,0.85,498.0
2025-03-01,peak inc flu hosp,NA,NA,23,quantile,0.9,731.0
2025-03-01,peak inc flu hosp,NA,NA,23,quantile,0.95,1247.0
2025-03-01,peak inc flu hosp,NA,NA,23,quantile,0.975,1641.0
2025-03-01,peak inc flu hosp,NA,NA,23,quantile,0.99,1900.0
2025-03-01,peak inc flu hosp,NA,NA,24,quantile,0.01,986.0
2025-03-01,peak inc flu hosp,NA,NA,24,quantile,0.025,1046.0
2025-03-01,peak inc flu hosp,NA,NA,24,quantile,0.05,1067.0
2025-03-01,peak inc flu hosp,NA,NA,24,quantile,0.1,1075.0
2025-03-01,peak inc flu hosp,NA,NA,24,quantile,0.15,1081.0
2025-03-01,peak inc flu hosp,NA,NA,24,quantile,0.2,1081.0
2025-03-01,peak inc flu hosp,NA,NA,24,quantile,0.25,1081.0
2025-03-01,peak inc flu hosp,NA,NA,24,quantile,0.3,1086.0
2025-03-01,peak inc flu hosp,NA,NA,24,quantile,0.35,1093.0
2025-03-01,peak inc flu hosp,NA,NA,24,quantile,0.4,1105.0
2025-03-01,peak inc flu hosp,NA,NA,24,quantile,0.45,1112.0
2025-03-01,peak inc flu hosp,NA,NA,24,quantile,0.5,1116.0
2025-03-01,peak inc flu hosp,NA,NA,24,quantile,0.55,1127.0
2025-03-01,peak inc flu hosp,NA,NA,24,quantile,0.6,1143.0
2025-03-01,peak inc flu hosp,NA,NA,24,quantile,0.65,1180.0
2025-03-01,peak inc flu hosp,NA,NA,24,quantile,0.7,1232.0
2025-03-01,peak inc flu hosp,NA,NA,24,quantile,0.75,1363.0
2025-03-01,peak inc flu hosp,NA,NA,24,quantile,0.8,1547.0
2025-03-01,peak inc flu hosp,NA,NA,24,quantile,0.85,2199.0
2025-03-01,peak inc flu hosp,NA,NA,24,quantile,0.9,3416.0
2025-03-01,peak inc flu hosp,NA,NA,24,quantile,0.95,6209.0
2025-03-01,peak inc flu hosp,NA,NA,24,quantile,0.975,6705.0
2025-03-01,peak inc flu hosp,NA,NA,24,quantile,0.99,7718.0
2025-03-01,peak inc flu hosp,NA,NA,25,quantile,0.01,1304.0
2025-03-01,peak inc flu hosp,NA,NA,25,quantile,0.025,1446.0
2025-03-01,peak inc flu hosp,NA,NA,25,quantile,0.05,1515.0
2025-03-01,peak inc flu hosp,NA,NA,25,quantile,0.1,1556.0
2025-03-01,peak inc flu hosp,NA,NA,25,quantile,0.15,1564.0
2025-03-01,peak inc flu hosp,NA,NA,25,quantile,0.2,1574.0
2025-03-01,peak inc flu hosp,NA,NA,25,quantile,0.25,1574.0
2025-03-01,peak inc flu hosp,NA,NA,25,quantile,0.3,1577.0
2025-03-01,peak inc flu hosp,NA,NA,25,quantile,0.35,1579.0
2025-03-01,peak inc flu hosp,NA,NA,25,quantile,0.4,1585.0
2025-03-01,peak inc flu hosp,NA,NA,25,quantile,0.45,1592.0
2025-03-01,peak inc flu hosp,NA,NA,25,quantile,0.5,1610.0
2025-03-01,peak inc flu hosp,NA,NA,25,quantile,0.55,1613.0
2025-03-01,peak inc flu hosp,NA,NA,25,quantile,0.6,1623.0
2025-03-01,peak inc flu hosp,NA,NA,25,quantile,0.65,1637.0
2025-03-01,peak inc flu hosp,NA,NA,25,quantile,0.7,1651.0
2025-03-01,peak inc flu hosp,NA,NA,25,quantile,0.75,1679.0
2025-03-01,peak inc flu hosp,NA,NA,25,quantile,0.8,1741.0
2025-03-01,peak inc flu hosp,NA,NA,25,quantile,0.85,2004.0
2025-03-01,peak inc flu hosp,NA,NA,25,quantile,0.9,2206.0
2025-03-01,peak inc flu hosp,NA,NA,25,quantile,0.95,3573.0
2025-03-01,peak inc flu hosp,NA,NA,25,quantile,0.975,6883.0
2025-03-01,peak inc flu hosp,NA,NA,25,quantile,0.99,9881.0
2025-03-01,peak inc flu hosp,NA,NA,26,quantile,0.01,1244.0
2025-03-01,peak inc flu hosp,NA,NA,26,quantile,0.025,1275.0
2025-03-01,peak inc flu hosp,NA,NA,26,quantile,0.05,1461.0
2025-03-01,peak inc flu hosp,NA,NA,26,quantile,0.1,1497.0
2025-03-01,peak inc flu hosp,NA,NA,26,quantile,0.15,1507.0
2025-03-01,peak inc flu hosp,NA,NA,26,quantile,0.2,1517.0
2025-03-01,peak inc flu hosp,NA,NA,26,quantile,0.25,1536.0
2025-03-01,peak inc flu hosp,NA,NA,26,quantile,0.3,1549.0
2025-03-01,peak inc flu hosp,NA,NA,26,quantile,0.35,1564.0
2025-03-01,peak inc flu hosp,NA,NA,26,quantile,0.4,1576.0
2025-03-01,peak inc flu hosp,NA,NA,26,quantile,0.45,1593.0
2025-03-01,peak inc flu hosp,NA,NA,26,quantile,0.5,1611.0
2025-03-01,peak inc flu hosp,NA,NA,26,quantile,0.55,1665.0
2025-03-01,peak inc flu hosp,NA,NA,26,quantile,0.6,1719.0
2025-03-01,peak inc flu hosp,NA,NA,26,quantile,0.65,1792.0
2025-03-01,peak inc flu hosp,NA,NA,26,quantile,0.7,1928.0
2025-03-01,peak inc flu hosp,NA,NA,26,quantile,0.75,2123.0
2025-03-01,peak inc flu hosp,NA,NA,26,quantile,0.8,2471.0
2025-03-01,peak inc flu hosp,NA,NA,26,quantile,0.85,3910.0
2025-03-01,peak inc flu hosp,NA,NA,26,quantile,0.9,5024.0
2025-03-01,peak inc flu hosp,NA,NA,26,quantile,0.95,6887.0
2025-03-01,peak inc flu hosp,NA,NA,26,quantile,0.975,9350.0
2025-03-01,peak inc flu hosp,NA,NA,26,quantile,0.99,12141.0
2025-03-01,peak inc flu hosp,NA,NA,27,quantile,0.01,895.0
2025-03-01,peak inc flu hosp,NA,NA,27,quantile,0.025,913.0
2025-03-01,peak inc flu hosp,NA,NA,27,quantile,0.05,925.0
2025-03-01,peak inc flu hosp,NA,NA,27,quantile,0.1,937.0
2025-03-01,peak inc flu hosp,NA,NA,27,quantile,0.15,945.0
2025-03-01,peak inc flu hosp,NA,NA,27,quantile,0.2,949.0
2025-03-01,peak inc flu hosp,NA,NA,27,quantile,0.25,949.0
2025-03-01,peak inc flu hosp,NA,NA,27,quantile,0.3,949.0
2025-03-01,peak inc flu hosp,NA,NA,27,quantile,0.35,949.0
2025-03-01,peak inc flu hosp,NA,NA,27,quantile,0.4,949.0
2025-03-01,peak inc flu hosp,NA,NA,27,quantile,0.45,949.0
2025-03-01,peak inc flu hosp,NA,NA,27,quantile,0.5,949.0
2025-03-01,peak inc flu hosp,NA,NA,27,quantile,0.55,949.0
2025-03-01,peak inc flu hosp,NA,NA,27,quantile,0.6,949.0
2025-03-01,peak inc flu hosp,NA,NA,27,quantile,0.65,949.0
2025-03-01,peak inc flu hosp,NA,NA,27,quantile,0.7,949.0
2025-03-01,peak inc flu hosp,NA,NA,27,quantile,0.75,949.0
2025-03-01,peak inc flu hosp,NA,NA,27,quantile,0.8,949.0
2025-03-01,peak inc flu hosp,NA,NA,27,quantile,0.85,952.0
2025-03-01,peak inc flu hosp,NA,NA,27,quantile,0.9,996.0
2025-03-01,peak inc flu hosp,NA,NA,27,quantile,0.95,1145.0
2025-03-01,peak inc flu hosp,NA,NA,27,quantile,0.975,1949.0
2025-03-01,peak inc flu hosp,NA,NA,27,quantile,0.99,3833.0
2025-03-01,peak inc flu hosp,NA,NA,28,quantile,0.01,445.0
2025-03-01,peak inc flu hosp,NA,NA,28,quantile,0.025,477.0
2025-03-01,peak inc flu hosp,NA,NA,28,quantile,0.05,505.0
2025-03-01,peak inc flu hosp,NA,NA,28,quantile,0.1,524.0
2025-03-01,peak inc flu hosp,NA,NA,28,quantile,0.15,530.0
2025-03-01,peak inc flu hosp,NA,NA,28,quantile,0.2,533.0
2025-03-01,peak inc flu hosp,NA,NA,28,quantile,0.25,536.0
2025-03-01,peak inc flu hosp,NA,NA,28,quantile,0.3,536.0
2025-03-01,peak inc flu hosp,NA,NA,28,quantile,0.35,536.0
2025-03-01,peak inc flu hosp,NA,NA,28,quantile,0.4,536.0
2025-03-01,peak inc flu hosp,NA,NA,28,quantile,0.45,536.0
2025-03-01,peak inc flu hosp,NA,NA,28,quantile,0.5,536.0
2025-03-01,peak inc flu hosp,NA,NA,28,quantile,0.55,536.0
2025-03-01,peak inc flu hosp,NA,NA,28,quantile,0.6,536.0
2025-03-01,peak inc flu hosp,NA,NA,28,quantile,0.65,536.0
2025-03-01,peak inc flu hosp,NA,NA,28,quantile,0.7,536.0
2025-03-01,peak inc flu hosp,NA,NA,28,quantile,0.75,536.0
2025-03-01,peak inc flu hosp,NA,NA,28,quantile,0.8,538.0
2025-03-01,peak inc flu hosp,NA,NA,28,quantile,0.85,545.0
2025-03-01,peak inc flu hosp,NA,NA,28,quantile,0.9,576.0
2025-03-01,peak inc flu hosp,NA,NA,28,quantile,0.95,616.0
2025-03-01,peak inc flu hosp,NA,NA,28,quantile,0.975,696.0
2025-03-01,peak inc flu hosp,NA,NA,28,quantile,0.99,1251.0
2025-03-01,peak inc flu hosp,NA,NA,29,quantile,0.01,1036.0
2025-03-01,peak inc flu hosp,NA,NA,29,quantile,0.025,1112.0
2025-03-01,peak inc flu hosp,NA,NA,29,quantile,0.05,1185.0
2025-03-01,peak inc flu hosp,NA,NA,29,quantile,0.1,1221.0
2025-03-01,peak inc flu hosp,NA,NA,29,quantile,0.15,1230.0
2025-03-01,peak inc flu hosp,NA,NA,29,quantile,0.2,1234.0
2025-03-01,peak inc flu hosp,NA,NA,29,quantile,0.25,1234.0
2025-03-01,peak inc flu hosp,NA,NA,29,quantile,0.3,1234.0
2025-03-01,peak inc flu hosp,NA,NA,29,quantile,0.35,1236.0
2025-03-01,peak inc flu hosp,NA,NA,29,quantile,0.4,1238.0
2025-03-01,peak inc flu hosp,NA,NA,29,quantile,0.45,1243.0
2025-03-01,peak inc flu hosp,NA,NA,29,quantile,0.5,1256.0
2025-03-01,peak inc flu hosp,NA,NA,29,quantile,0.55,1263.0
2025-03-01,peak inc flu hosp,NA,NA,29,quantile,0.6,1272.0
2025-03-01,peak inc flu hosp,NA,NA,29,quantile,0.65,1283.0
2025-03-01,peak inc flu hosp,NA,NA,29,quantile,0.7,1287.0
2025-03-01,peak inc flu hosp,NA,NA,29,quantile,0.75,1308.0
2025-03-01,peak inc flu hosp,NA,NA,29,quantile,0.8,1333.0
2025-03-01,peak inc flu hosp,NA,NA,29,quantile,0.85,1428.0
2025-03-01,peak inc flu hosp,NA,NA,29,quantile,0.9,1625.0
2025-03-01,peak inc flu hosp,NA,NA,29,quantile,0.95,2502.0
2025-03-01,peak inc flu hosp,NA,NA,29,quantile,0.975,4239.0
2025-03-01,peak inc flu hosp,NA,NA,29,quantile,0.99,7504.0
2025-03-01,peak inc flu hosp,NA,NA,30,quantile,0.01,173.0
2025-03-01,peak inc flu hosp,NA,NA,30,quantile,0.025,183.0
2025-03-01,peak inc flu hosp,NA,NA,30,quantile,0.05,189.0
2025-03-01,peak inc flu hosp,NA,NA,30,quantile,0.1,194.0
2025-03-01,peak inc flu hosp,NA,NA,30,quantile,0.15,196.0
2025-03-01,peak inc flu hosp,NA,NA,30,quantile,0.2,196.0
2025-03-01,peak inc flu hosp,NA,NA,30,quantile,0.25,196.0
2025-03-01,peak inc flu hosp,NA,NA,30,quantile,0.3,198.0
2025-03-01,peak inc flu hosp,NA,NA,30,quantile,0.35,200.0
2025-03-01,peak inc flu hosp,NA,NA,30,quantile,0.4,203.0
2025-03-01,peak inc flu hosp,NA,NA,30,quantile,0.45,206.0
2025-03-01,peak inc flu hosp,NA,NA,30,quantile,0.5,210.0
2025-03-01,peak inc flu hosp,NA,NA,30,quantile,0.55,216.0
2025-03-01,peak inc flu hosp,NA,NA,30,quantile,0.6,223.0
2025-03-01,peak inc flu hosp,NA,NA,30,quantile,0.65,233.0
2025-03-01,peak inc flu hosp,NA,NA,30,quantile,0.7,251.0
2025-03-01,peak inc flu hosp,NA,NA,30,quantile,0.75,274.0
2025-03-01,peak inc flu hosp,NA,NA,30,quantile,0.8,316.0
2025-03-01,peak inc flu hosp,NA,NA,30,quantile,0.85,500.0
2025-03-01,peak inc flu hosp,NA,NA,30,quantile,0.9,635.0
2025-03-01,peak inc flu hosp,NA,NA,30,quantile,0.95,886.0
2025-03-01,peak inc flu hosp,NA,NA,30,quantile,0.975,1214.0
2025-03-01,peak inc flu hosp,NA,NA,30,quantile,0.99,1563.0
2025-03-01,peak inc flu hosp,NA,NA,31,quantile,0.01,300.0
2025-03-01,peak inc flu hosp,NA,NA,31,quantile,0.025,303.0
2025-03-01,peak inc flu hosp,NA,NA,31,quantile,0.05,304.0
2025-03-01,peak inc flu hosp,NA,NA,31,quantile,0.1,306.0
2025-03-01,peak inc flu hosp,NA,NA,31,quantile,0.15,307.0
2025-03-01,peak inc flu hosp,NA,NA,31,quantile,0.2,308.0
2025-03-01,peak inc flu hosp,NA,NA,31,quantile,0.25,309.0
2025-03-01,peak inc flu hosp,NA,NA,31,quantile,0.3,309.0
2025-03-01,peak inc flu hosp,NA,NA,31,quantile,0.35,309.0
2025-03-01,peak inc flu hosp,NA,NA,31,quantile,0.4,309.0
2025-03-01,peak inc flu hosp,NA,NA,31,quantile,0.45,309.0
2025-03-01,peak inc flu hosp,NA,NA,31,quantile,0.5,309.0
2025-03-01,peak inc flu hosp,NA,NA,31,quantile,0.55,309.0
2025-03-01,peak inc flu hosp,NA,NA,31,quantile,0.6,312.0
2025-03-01,peak inc flu hosp,NA,NA,31,quantile,0.65,315.0
2025-03-01,peak inc flu hosp,NA,NA,31,quantile,0.7,321.0
2025-03-01,peak inc flu hosp,NA,NA,31,quantile,0.75,333.0
2025-03-01,peak inc flu hosp,NA,NA,31,quantile,0.8,345.0
2025-03-01,peak inc flu hosp,NA,NA,31,quantile,0.85,358.0
2025-03-01,peak inc flu hosp,NA,NA,31,quantile,0.9,437.0
2025-03-01,peak inc flu hosp,NA,NA,31,quantile,0.95,759.0
2025-03-01,peak inc flu hosp,NA,NA,31,quantile,0.975,1379.0
2025-03-01,peak inc flu hosp,NA,NA,31,quantile,0.99,1988.0
2025-03-01,peak inc flu hosp,NA,NA,32,quantile,0.01,327.0
2025-03-01,peak inc flu hosp,NA,NA,32,quantile,0.025,372.0
2025-03-01,peak inc flu hosp,NA,NA,32,quantile,0.05,375.0
2025-03-01,peak inc flu hosp,NA,NA,32,quantile,0.1,381.0
2025-03-01,peak inc flu hosp,NA,NA,32,quantile,0.15,385.0
2025-03-01,peak inc flu hosp,NA,NA,32,quantile,0.2,387.0
2025-03-01,peak inc flu hosp,NA,NA,32,quantile,0.25,387.0
2025-03-01,peak inc flu hosp,NA,NA,32,quantile,0.3,387.0
2025-03-01,peak inc flu hosp,NA,NA,32,quantile,0.35,387.0
2025-03-01,peak inc flu hosp,NA,NA,32,quantile,0.4,387.0
2025-03-01,peak inc flu hosp,NA,NA,32,quantile,0.45,387.0
2025-03-01,peak inc flu hosp,NA,NA,32,quantile,0.5,387.0
2025-03-01,peak inc flu hosp,NA,NA,32,quantile,0.55,387.0
2025-03-01,peak inc flu hosp,NA,NA,32,quantile,0.6,387.0
2025-03-01,peak inc flu hosp,NA,NA,32,quantile,0.65,387.0
2025-03-01,peak inc flu hosp,NA,NA,32,quantile,0.7,387.0
2025-03-01,peak inc flu hosp,NA,NA,32,quantile,0.75,387.0
2025-03-01,peak inc flu hosp,NA,NA,32,quantile,0.8,387.0
2025-03-01,peak inc flu hosp,NA,NA,32,quantile,0.85,394.0
2025-03-01,peak inc flu hosp,NA,NA,32,quantile,0.9,425.0
2025-03-01,peak inc flu hosp,NA,NA,32,quantile,0.95,504.0
2025-03-01,peak inc flu hosp,NA,NA,32,quantile,0.975,815.0
2025-03-01,peak inc flu hosp,NA,NA,32,quantile,0.99,1502.0
2025-03-01,peak inc flu hosp,NA,NA,33,quantile,0.01,193.0
2025-03-01,peak inc flu hosp,NA,NA,33,quantile,0.025,195.0
2025-03-01,peak inc flu hosp,NA,NA,33,quantile,0.05,196.0
2025-03-01,peak inc flu hosp,NA,NA,33,quantile,0.1,199.0
2025-03-01,peak inc flu hosp,NA,NA,33,quantile,0.15,199.0
2025-03-01,peak inc flu hosp,NA,NA,33,quantile,0.2,200.0
2025-03-01,peak inc flu hosp,NA,NA,33,quantile,0.25,200.0
2025-03-01,peak inc flu hosp,NA,NA,33,quantile,0.3,200.0
2025-03-01,peak inc flu hosp,NA,NA,33,quantile,0.35,200.0
2025-03-01,peak inc flu hosp,NA,NA,33,quantile,0.4,200.0
2025-03-01,peak inc flu hosp,NA,NA,33,quantile,0.45,200.0
2025-03-01,peak inc flu hosp,NA,NA,33,quantile,0.5,201.0
2025-03-01,peak inc flu hosp,NA,NA,33,quantile,0.55,204.0
2025-03-01,peak inc flu hosp,NA,NA,33,quantile,0.6,206.0
2025-03-01,peak inc flu hosp,NA,NA,33,quantile,0.65,209.0
2025-03-01,peak inc flu hosp,NA,NA,33,quantile,0.7,219.0
2025-03-01,peak inc flu hosp,NA,NA,33,quantile,0.75,229.0
2025-03-01,peak inc flu hosp,NA,NA,33,quantile,0.8,241.0
2025-03-01,peak inc flu hosp,NA,NA,33,quantile,0.85,317.0
2025-03-01,peak inc flu hosp,NA,NA,33,quantile,0.9,452.0
2025-03-01,peak inc flu hosp,NA,NA,33,quantile,0.95,820.0
2025-03-01,peak inc flu hosp,NA,NA,33,quantile,0.975,1241.0
2025-03-01,peak inc flu hosp,NA,NA,33,quantile,0.99,1428.0
2025-03-01,peak inc flu hosp,NA,NA,34,quantile,0.01,1591.0
2025-03-01,peak inc flu hosp,NA,NA,34,quantile,0.025,1716.0
2025-03-01,peak inc flu hosp,NA,NA,34,quantile,0.05,1776.0
2025-03-01,peak inc flu hosp,NA,NA,34,quantile,0.1,1838.0
2025-03-01,peak inc flu hosp,NA,NA,34,quantile,0.15,1869.0
2025-03-01,peak inc flu hosp,NA,NA,34,quantile,0.2,1882.0
2025-03-01,peak inc flu hosp,NA,NA,34,quantile,0.25,1888.0
2025-03-01,peak inc flu hosp,NA,NA,34,quantile,0.3,1888.0
2025-03-01,peak inc flu hosp,NA,NA,34,quantile,0.35,1888.0
2025-03-01,peak inc flu hosp,NA,NA,34,quantile,0.4,1892.0
2025-03-01,peak inc flu hosp,NA,NA,34,quantile,0.45,1903.0
2025-03-01,peak inc flu hosp,NA,NA,34,quantile,0.5,1922.0
2025-03-01,peak inc flu hosp,NA,NA,34,quantile,0.55,1934.0
2025-03-01,peak inc flu hosp,NA,NA,34,quantile,0.6,1947.0
2025-03-01,peak inc flu hosp,NA,NA,34,quantile,0.65,1956.0
2025-03-01,peak inc flu hosp,NA,NA,34,quantile,0.7,1967.0
2025-03-01,peak inc flu hosp,NA,NA,34,quantile,0.75,1995.0
2025-03-01,peak inc flu hosp,NA,NA,34,quantile,0.8,2036.0
2025-03-01,peak inc flu hosp,NA,NA,34,quantile,0.85,2131.0
2025-03-01,peak inc flu hosp,NA,NA,34,quantile,0.9,2478.0
2025-03-01,peak inc flu hosp,NA,NA,34,quantile,0.95,3586.0
2025-03-01,peak inc flu hosp,NA,NA,34,quantile,0.975,5673.0
2025-03-01,peak inc flu hosp,NA,NA,34,quantile,0.99,10913.0
2025-03-01,peak inc flu hosp,NA,NA,35,quantile,0.01,266.0
2025-03-01,peak inc flu hosp,NA,NA,35,quantile,0.025,287.0
2025-03-01,peak inc flu hosp,NA,NA,35,quantile,0.05,300.0
2025-03-01,peak inc flu hosp,NA,NA,35,quantile,0.1,307.0
2025-03-01,peak inc flu hosp,NA,NA,35,quantile,0.15,309.0
2025-03-01,peak inc flu hosp,NA,NA,35,quantile,0.2,310.0
2025-03-01,peak inc flu hosp,NA,NA,35,quantile,0.25,310.0
2025-03-01,peak inc flu hosp,NA,NA,35,quantile,0.3,310.0
2025-03-01,peak inc flu hosp,NA,NA,35,quantile,0.35,310.0
2025-03-01,peak inc flu hosp,NA,NA,35,quantile,0.4,310.0
2025-03-01,peak inc flu hosp,NA,NA,35,quantile,0.45,310.0
2025-03-01,peak inc flu hosp,NA,NA,35,quantile,0.5,310.0
2025-03-01,peak inc flu hosp,NA,NA,35,quantile,0.55,310.0
2025-03-01,peak inc flu hosp,NA,NA,35,quantile,0.6,310.0
2025-03-01,peak inc flu hosp,NA,NA,35,quantile,0.65,310.0
2025-03-01,peak inc flu hosp,NA,NA,35,quantile,0.7,310.0
2025-03-01,peak inc flu hosp,NA,NA,35,quantile,0.75,310.0
2025-03-01,peak inc flu hosp,NA,NA,35,quantile,0.8,310.0
2025-03-01,peak inc flu hosp,NA,NA,35,quantile,0.85,316.0
2025-03-01,peak inc flu hosp,NA,NA,35,quantile,0.9,347.0
2025-03-01,peak inc flu hosp,NA,NA,35,quantile,0.95,404.0
2025-03-01,peak inc flu hosp,NA,NA,35,quantile,0.975,581.0
2025-03-01,peak inc flu hosp,NA,NA,35,quantile,0.99,1252.0
2025-03-01,peak inc flu hosp,NA,NA,36,quantile,0.01,2914.0
2025-03-01,peak inc flu hosp,NA,NA,36,quantile,0.025,2929.0
2025-03-01,peak inc flu hosp,NA,NA,36,quantile,0.05,2967.0
2025-03-01,peak inc flu hosp,NA,NA,36,quantile,0.1,3000.0
2025-03-01,peak inc flu hosp,NA,NA,36,quantile,0.15,3011.0
2025-03-01,peak inc flu hosp,NA,NA,36,quantile,0.2,3026.0
2025-03-01,peak inc flu hosp,NA,NA,36,quantile,0.25,3030.0
2025-03-01,peak inc flu hosp,NA,NA,36,quantile,0.3,3030.0
2025-03-01,peak inc flu hosp,NA,NA,36,quantile,0.35,3030.0
2025-03-01,peak inc flu hosp,NA,NA,36,quantile,0.4,3036.0
2025-03-01,peak inc flu hosp,NA,NA,36,quantile,0.45,3052.0
2025-03-01,peak inc flu hosp,NA,NA,36,quantile,0.5,3064.0
2025-03-01,peak inc flu hosp,NA,NA,36,quantile,0.55,3095.0
2025-03-01,peak inc flu hosp,NA,NA,36,quantile,0.6,3103.0
2025-03-01,peak inc flu hosp,NA,NA,36,quantile,0.65,3120.0
2025-03-01,peak inc flu hosp,NA,NA,36,quantile,0.7,3155.0
2025-03-01,peak inc flu hosp,NA,NA,36,quantile,0.75,3186.0
2025-03-01,peak inc flu hosp,NA,NA,36,quantile,0.8,3271.0
2025-03-01,peak inc flu hosp,NA,NA,36,quantile,0.85,3373.0
2025-03-01,peak inc flu hosp,NA,NA,36,quantile,0.9,3532.0
2025-03-01,peak inc flu hosp,NA,NA,36,quantile,0.95,4072.0
2025-03-01,peak inc flu hosp,NA,NA,36,quantile,0.975,5076.0
2025-03-01,peak inc flu hosp,NA,NA,36,quantile,0.99,7566.0
2025-03-01,peak inc flu hosp,NA,NA,37,quantile,0.01,1553.0
2025-03-01,peak inc flu hosp,NA,NA,37,quantile,0.025,1926.0
2025-03-01,peak inc flu hosp,NA,NA,37,quantile,0.05,2156.0
2025-03-01,peak inc flu hosp,NA,NA,37,quantile,0.1,2223.0
2025-03-01,peak inc flu hosp,NA,NA,37,quantile,0.15,2238.0
2025-03-01,peak inc flu hosp,NA,NA,37,quantile,0.2,2245.0
2025-03-01,peak inc flu hosp,NA,NA,37,quantile,0.25,2245.0
2025-03-01,peak inc flu hosp,NA,NA,37,quantile,0.3,2245.0
2025-03-01,peak inc flu hosp,NA,NA,37,quantile,0.35,2245.0
2025-03-01,peak inc flu hosp,NA,NA,37,quantile,0.4,2250.0
2025-03-01,peak inc flu hosp,NA,NA,37,quantile,0.45,2254.0
2025-03-01,peak inc flu hosp,NA,NA,37,quantile,0.5,2273.0
2025-03-01,peak inc flu hosp,NA,NA,37,quantile,0.55,2299.0
2025-03-01,peak inc flu hosp,NA,NA,37,quantile,0.6,2301.0
2025-03-01,peak inc flu hosp,NA,NA,37,quantile,0.65,2321.0
2025-03-01,peak inc flu hosp,NA,NA,37,quantile,0.7,2335.0
2025-03-01,peak inc flu hosp,NA,NA,37,quantile,0.75,2373.0
2025-03-01,peak inc flu hosp,NA,NA,37,quantile,0.8,2446.0
2025-03-01,peak inc flu hosp,NA,NA,37,quantile,0.85,2600.0
2025-03-01,peak inc flu hosp,NA,NA,37,quantile,0.9,2953.0
2025-03-01,peak inc flu hosp,NA,NA,37,quantile,0.95,4852.0
2025-03-01,peak inc flu hosp,NA,NA,37,quantile,0.975,8428.0
2025-03-01,peak inc flu hosp,NA,NA,37,quantile,0.99,14126.0
2025-03-01,peak inc flu hosp,NA,NA,38,quantile,0.01,110.0
2025-03-01,peak inc flu hosp,NA,NA,38,quantile,0.025,116.0
2025-03-01,peak inc flu hosp,NA,NA,38,quantile,0.05,119.0
2025-03-01,peak inc flu hosp,NA,NA,38,quantile,0.1,121.0
2025-03-01,peak inc flu hosp,NA,NA,38,quantile,0.15,122.0
2025-03-01,peak inc flu hosp,NA,NA,38,quantile,0.2,122.0
2025-03-01,peak inc flu hosp,NA,NA,38,quantile,0.25,123.0
2025-03-01,peak inc flu hosp,NA,NA,38,quantile,0.3,123.0
2025-03-01,peak inc flu hosp,NA,NA,38,quantile,0.35,123.0
2025-03-01,peak inc flu hosp,NA,NA,38,quantile,0.4,123.0
2025-03-01,peak inc flu hosp,NA,NA,38,quantile,0.45,123.0
2025-03-01,peak inc flu hosp,NA,NA,38,quantile,0.5,123.0
2025-03-01,peak inc flu hosp,NA,NA,38,quantile,0.55,123.0
2025-03-01,peak inc flu hosp,NA,NA,38,quantile,0.6,123.0
2025-03-01,peak inc flu hosp,NA,NA,38,quantile,0.65,123.0
2025-03-01,peak inc flu hosp,NA,NA,38,quantile,0.7,124.0
2025-03-01,peak inc flu hosp,NA,NA,38,quantile,0.75,125.0
2025-03-01,peak inc flu hosp,NA,NA,38,quantile,0.8,129.0
2025-03-01,peak inc flu hosp,NA,NA,38,quantile,0.85,134.0
2025-03-01,peak inc flu hosp,NA,NA,38,quantile,0.9,154.0
2025-03-01,peak inc flu hosp,NA,NA,38,quantile,0.95,258.0
2025-03-01,peak inc flu hosp,NA,NA,38,quantile,0.975,397.0
2025-03-01,peak inc flu hosp,NA,NA,38,quantile,0.99,724.0
2025-03-01,peak inc flu hosp,NA,NA,39,quantile,0.01,3140.0
2025-03-01,peak inc flu hosp,NA,NA,39,quantile,0.025,3357.0
2025-03-01,peak inc flu hosp,NA,NA,39,quantile,0.05,3442.0
2025-03-01,peak inc flu hosp,NA,NA,39,quantile,0.1,3472.0
2025-03-01,peak inc flu hosp,NA,NA,39,quantile,0.15,3491.0
2025-03-01,peak inc flu hosp,NA,NA,39,quantile,0.2,3496.0
2025-03-01,peak inc flu hosp,NA,NA,39,quantile,0.25,3501.0
2025-03-01,peak inc flu hosp,NA,NA,39,quantile,0.3,3511.0
2025-03-01,peak inc flu hosp,NA,NA,39,quantile,0.35,3526.0
2025-03-01,peak inc flu hosp,NA,NA,39,quantile,0.4,3550.0
2025-03-01,peak inc flu hosp,NA,NA,39,quantile,0.45,3595.0
2025-03-01,peak inc flu hosp,NA,NA,39,quantile,0.5,3615.0
2025-03-01,peak inc flu hosp,NA,NA,39,quantile,0.55,3650.0
2025-03-01,peak inc flu hosp,NA,NA,39,quantile,0.6,3697.0
2025-03-01,peak inc flu hosp,NA,NA,39,quantile,0.65,3791.0
2025-03-01,peak inc flu hosp,NA,NA,39,quantile,0.7,3949.0
2025-03-01,peak inc flu hosp,NA,NA,39,quantile,0.75,4144.0
2025-03-01,peak inc flu hosp,NA,NA,39,quantile,0.8,4808.0
2025-03-01,peak inc flu hosp,NA,NA,39,quantile,0.85,6398.0
2025-03-01,peak inc flu hosp,NA,NA,39,quantile,0.9,9080.0
2025-03-01,peak inc flu hosp,NA,NA,39,quantile,0.95,15483.0
2025-03-01,peak inc flu hosp,NA,NA,39,quantile,0.975,21680.0
2025-03-01,peak inc flu hosp,NA,NA,39,quantile,0.99,24970.0
2025-03-01,peak inc flu hosp,NA,NA,40,quantile,0.01,1033.0
2025-03-01,peak inc flu hosp,NA,NA,40,quantile,0.025,1046.0
2025-03-01,peak inc flu hosp,NA,NA,40,quantile,0.05,1076.0
2025-03-01,peak inc flu hosp,NA,NA,40,quantile,0.1,1095.0
2025-03-01,peak inc flu hosp,NA,NA,40,quantile,0.15,1104.0
2025-03-01,peak inc flu hosp,NA,NA,40,quantile,0.2,1111.0
2025-03-01,peak inc flu hosp,NA,NA,40,quantile,0.25,1115.0
2025-03-01,peak inc flu hosp,NA,NA,40,quantile,0.3,1115.0
2025-03-01,peak inc flu hosp,NA,NA,40,quantile,0.35,1115.0
2025-03-01,peak inc flu hosp,NA,NA,40,quantile,0.4,1115.0
2025-03-01,peak inc flu hosp,NA,NA,40,quantile,0.45,1115.0
2025-03-01,peak inc flu hosp,NA,NA,40,quantile,0.5,1115.0
2025-03-01,peak inc flu hosp,NA,NA,40,quantile,0.55,1115.0
2025-03-01,peak inc flu hosp,NA,NA,40,quantile,0.6,1115.0
2025-03-01,peak inc flu hosp,NA,NA,40,quantile,0.65,1115.0
2025-03-01,peak inc flu hosp,NA,NA,40,quantile,0.7,1115.0
2025-03-01,peak inc flu hosp,NA,NA,40,quantile,0.75,1115.0
2025-03-01,peak inc flu hosp,NA,NA,40,quantile,0.8,1118.0
2025-03-01,peak inc flu hosp,NA,NA,40,quantile,0.85,1165.0
2025-03-01,peak inc flu hosp,NA,NA,40,quantile,0.9,1208.0
2025-03-01,peak inc flu hosp,NA,NA,40,quantile,0.95,1274.0
2025-03-01,peak inc flu hosp,NA,NA,40,quantile,0.975,1464.0
2025-03-01,peak inc flu hosp,NA,NA,40,quantile,0.99,2701.0
2025-03-01,peak inc flu hosp,NA,NA,41,quantile,0.01,542.0
2025-03-01,peak inc flu hosp,NA,NA,41,quantile,0.025,544.0
2025-03-01,peak inc flu hosp,NA,NA,41,quantile,0.05,546.0
2025-03-01,peak inc flu hosp,NA,NA,41,quantile,0.1,549.0
2025-03-01,peak inc flu hosp,NA,NA,41,quantile,0.15,549.0
2025-03-01,peak inc flu hosp,NA,NA,41,quantile,0.2,555.0
2025-03-01,peak inc flu hosp,NA,NA,41,quantile,0.25,555.0
2025-03-01,peak inc flu hosp,NA,NA,41,quantile,0.3,555.0
2025-03-01,peak inc flu hosp,NA,NA,41,quantile,0.35,555.0
2025-03-01,peak inc flu hosp,NA,NA,41,quantile,0.4,555.0
2025-03-01,peak inc flu hosp,NA,NA,41,quantile,0.45,555.0
2025-03-01,peak inc flu hosp,NA,NA,41,quantile,0.5,555.0
2025-03-01,peak inc flu hosp,NA,NA,41,quantile,0.55,555.0
2025-03-01,peak inc flu hosp,NA,NA,41,quantile,0.6,558.0
2025-03-01,peak inc flu hosp,NA,NA,41,quantile,0.65,567.0
2025-03-01,peak inc flu hosp,NA,NA,41,quantile,0.7,572.0
2025-03-01,peak inc flu hosp,NA,NA,41,quantile,0.75,579.0
2025-03-01,peak inc flu hosp,NA,NA,41,quantile,0.8,599.0
2025-03-01,peak inc flu hosp,NA,NA,41,quantile,0.85,636.0
2025-03-01,peak inc flu hosp,NA,NA,41,quantile,0.9,775.0
2025-03-01,peak inc flu hosp,NA,NA,41,quantile,0.95,1349.0
2025-03-01,peak inc flu hosp,NA,NA,41,quantile,0.975,2428.0
2025-03-01,peak inc flu hosp,NA,NA,41,quantile,0.99,3684.0
2025-03-01,peak inc flu hosp,NA,NA,42,quantile,0.01,3730.0
2025-03-01,peak inc flu hosp,NA,NA,42,quantile,0.025,3772.0
2025-03-01,peak inc flu hosp,NA,NA,42,quantile,0.05,4146.0
2025-03-01,peak inc flu hosp,NA,NA,42,quantile,0.1,4251.0
2025-03-01,peak inc flu hosp,NA,NA,42,quantile,0.15,4285.0
2025-03-01,peak inc flu hosp,NA,NA,42,quantile,0.2,4312.0
2025-03-01,peak inc flu hosp,NA,NA,42,quantile,0.25,4318.0
2025-03-01,peak inc flu hosp,NA,NA,42,quantile,0.3,4333.0
2025-03-01,peak inc flu hosp,NA,NA,42,quantile,0.35,4349.0
2025-03-01,peak inc flu hosp,NA,NA,42,quantile,0.4,4421.0
2025-03-01,peak inc flu hosp,NA,NA,42,quantile,0.45,4449.0
2025-03-01,peak inc flu hosp,NA,NA,42,quantile,0.5,4466.0
2025-03-01,peak inc flu hosp,NA,NA,42,quantile,0.55,4507.0
2025-03-01,peak inc flu hosp,NA,NA,42,quantile,0.6,4555.0
2025-03-01,peak inc flu hosp,NA,NA,42,quantile,0.65,4675.0
2025-03-01,peak inc flu hosp,NA,NA,42,quantile,0.7,4869.0
2025-03-01,peak inc flu hosp,NA,NA,42,quantile,0.75,5059.0
2025-03-01,peak inc flu hosp,NA,NA,42,quantile,0.8,5782.0
2025-03-01,peak inc flu hosp,NA,NA,42,quantile,0.85,7575.0
2025-03-01,peak inc flu hosp,NA,NA,42,quantile,0.9,10877.0
2025-03-01,peak inc flu hosp,NA,NA,42,quantile,0.95,20411.0
2025-03-01,peak inc flu hosp,NA,NA,42,quantile,0.975,29526.0
2025-03-01,peak inc flu hosp,NA,NA,42,quantile,0.99,33439.0
2025-03-01,peak inc flu hosp,NA,NA,44,quantile,0.01,172.0
2025-03-01,peak inc flu hosp,NA,NA,44,quantile,0.025,181.0
2025-03-01,peak inc flu hosp,NA,NA,44,quantile,0.05,187.0
2025-03-01,peak inc flu hosp,NA,NA,44,quantile,0.1,189.0
2025-03-01,peak inc flu hosp,NA,NA,44,quantile,0.15,191.0
2025-03-01,peak inc flu hosp,NA,NA,44,quantile,0.2,192.0
2025-03-01,peak inc flu hosp,NA,NA,44,quantile,0.25,193.0
2025-03-01,peak inc flu hosp,NA,NA,44,quantile,0.3,193.0
2025-03-01,peak inc flu hosp,NA,NA,44,quantile,0.35,193.0
2025-03-01,peak inc flu hosp,NA,NA,44,quantile,0.4,193.0
2025-03-01,peak inc flu hosp,NA,NA,44,quantile,0.45,193.0
2025-03-01,peak inc flu hosp,NA,NA,44,quantile,0.5,193.0
2025-03-01,peak inc flu hosp,NA,NA,44,quantile,0.55,193.0
2025-03-01,peak inc flu hosp,NA,NA,44,quantile,0.6,193.0
2025-03-01,peak inc flu hosp,NA,NA,44,quantile,0.65,194.0
2025-03-01,peak inc flu hosp,NA,NA,44,quantile,0.7,195.0
2025-03-01,peak inc flu hosp,NA,NA,44,quantile,0.75,199.0
2025-03-01,peak inc flu hosp,NA,NA,44,quantile,0.8,206.0
2025-03-01,peak inc flu hosp,NA,NA,44,quantile,0.85,215.0
2025-03-01,peak inc flu hosp,NA,NA,44,quantile,0.9,244.0
2025-03-01,peak inc flu hosp,NA,NA,44,quantile,0.95,379.0
2025-03-01,peak inc flu hosp,NA,NA,44,quantile,0.975,613.0
2025-03-01,peak inc flu hosp,NA,NA,44,quantile,0.99,1137.0
2025-03-01,peak inc flu hosp,NA,NA,45,quantile,0.01,1166.0
2025-03-01,peak inc flu hosp,NA,NA,45,quantile,0.025,1202.0
2025-03-01,peak inc flu hosp,NA,NA,45,quantile,0.05,1215.0
2025-03-01,peak inc flu hosp,NA,NA,45,quantile,0.1,1227.0
2025-03-01,peak inc flu hosp,NA,NA,45,quantile,0.15,1239.0
2025-03-01,peak inc flu hosp,NA,NA,45,quantile,0.2,1249.0
2025-03-01,peak inc flu hosp,NA,NA,45,quantile,0.25,1259.0
2025-03-01,peak inc flu hosp,NA,NA,45,quantile,0.3,1259.0
2025-03-01,peak inc flu hosp,NA,NA,45,quantile,0.35,1259.0
2025-03-01,peak inc flu hosp,NA,NA,45,quantile,0.4,1259.0
2025-03-01,peak inc flu hosp,NA,NA,45,quantile,0.45,1259.0
2025-03-01,peak inc flu hosp,NA,NA,45,quantile,0.5,1259.0
2025-03-01,peak inc flu hosp,NA,NA,45,quantile,0.55,1259.0
2025-03-01,peak inc flu hosp,NA,NA,45,quantile,0.6,1259.0
2025-03-01,peak inc flu hosp,NA,NA,45,quantile,0.65,1259.0
2025-03-01,peak inc flu hosp,NA,NA,45,quantile,0.7,1259.0
2025-03-01,peak inc flu hosp,NA,NA,45,quantile,0.75,1259.0
2025-03-01,peak inc flu hosp,NA,NA,45,quantile,0.8,1273.0
2025-03-01,peak inc flu hosp,NA,NA,45,quantile,0.85,1301.0
2025-03-01,peak inc flu hosp,NA,NA,45,quantile,0.9,1394.0
2025-03-01,peak inc flu hosp,NA,NA,45,quantile,0.95,1628.0
2025-03-01,peak inc flu hosp,NA,NA,45,quantile,0.975,2708.0
2025-03-01,peak inc flu hosp,NA,NA,45,quantile,0.99,4427.0
2025-03-01,peak inc flu hosp,NA,NA,46,quantile,0.01,156.0
2025-03-01,peak inc flu hosp,NA,NA,46,quantile,0.025,175.0
2025-03-01,peak inc flu hosp,NA,NA,46,quantile,0.05,188.0
2025-03-01,peak inc flu hosp,NA,NA,46,quantile,0.1,193.0
2025-03-01,peak inc flu hosp,NA,NA,46,quantile,0.15,195.0
2025-03-01,peak inc flu hosp,NA,NA,46,quantile,0.2,196.0
2025-03-01,peak inc flu hosp,NA,NA,46,quantile,0.25,197.0
2025-03-01,peak inc flu hosp,NA,NA,46,quantile,0.3,197.0
2025-03-01,peak inc flu hosp,NA,NA,46,quantile,0.35,197.0
2025-03-01,peak inc flu hosp,NA,NA,46,quantile,0.4,197.0
2025-03-01,peak inc flu hosp,NA,NA,46,quantile,0.45,197.0
2025-03-01,peak inc flu hosp,NA,NA,46,quantile,0.5,197.0
2025-03-01,peak inc flu hosp,NA,NA,46,quantile,0.55,197.0
2025-03-01,peak inc flu hosp,NA,NA,46,quantile,0.6,197.0
2025-03-01,peak inc flu hosp,NA,NA,46,quantile,0.65,197.0
2025-03-01,peak inc flu hosp,NA,NA,46,quantile,0.7,198.0
2025-03-01,peak inc flu hosp,NA,NA,46,quantile,0.75,200.0
2025-03-01,peak inc flu hosp,NA,NA,46,quantile,0.8,207.0
2025-03-01,peak inc flu hosp,NA,NA,46,quantile,0.85,225.0
2025-03-01,peak inc flu hosp,NA,NA,46,quantile,0.9,260.0
2025-03-01,peak inc flu hosp,NA,NA,46,quantile,0.95,392.0
2025-03-01,peak inc flu hosp,NA,NA,46,quantile,0.975,650.0
2025-03-01,peak inc flu hosp,NA,NA,46,quantile,0.99,1160.0
2025-03-01,peak inc flu hosp,NA,NA,47,quantile,0.01,1010.0
2025-03-01,peak inc flu hosp,NA,NA,47,quantile,0.025,1010.0
2025-03-01,peak inc flu hosp,NA,NA,47,quantile,0.05,1026.0
2025-03-01,peak inc flu hosp,NA,NA,47,quantile,0.1,1051.0
2025-03-01,peak inc flu hosp,NA,NA,47,quantile,0.15,1060.0
2025-03-01,peak inc flu hosp,NA,NA,47,quantile,0.2,1060.0
2025-03-01,peak inc flu hosp,NA,NA,47,quantile,0.25,1060.0
2025-03-01,peak inc flu hosp,NA,NA,47,quantile,0.3,1060.0
2025-03-01,peak inc flu hosp,NA,NA,47,quantile,0.35,1060.0
2025-03-01,peak inc flu hosp,NA,NA,47,quantile,0.4,1060.0
2025-03-01,peak inc flu hosp,NA,NA,47,quantile,0.45,1060.0
2025-03-01,peak inc flu hosp,NA,NA,47,quantile,0.5,1060.0
2025-03-01,peak inc flu hosp,NA,NA,47,quantile,0.55,1060.0
2025-03-01,peak inc flu hosp,NA,NA,47,quantile,0.6,1060.0
2025-03-01,peak inc flu hosp,NA,NA,47,quantile,0.65,1060.0
2025-03-01,peak inc flu hosp,NA,NA,47,quantile,0.7,1060.0
2025-03-01,peak inc flu hosp,NA,NA,47,quantile,0.75,1060.0
2025-03-01,peak inc flu hosp,NA,NA,47,quantile,0.8,1078.0
2025-03-01,peak inc flu hosp,NA,NA,47,quantile,0.85,1140.0
2025-03-01,peak inc flu hosp,NA,NA,47,quantile,0.9,1196.0
2025-03-01,peak inc flu hosp,NA,NA,47,quantile,0.95,1548.0
2025-03-01,peak inc flu hosp,NA,NA,47,quantile,0.975,4265.0
2025-03-01,peak inc flu hosp,NA,NA,47,quantile,0.99,8733.0
2025-03-01,peak inc flu hosp,NA,NA,48,quantile,0.01,4475.0
2025-03-01,peak inc flu hosp,NA,NA,48,quantile,0.025,4519.0
2025-03-01,peak inc flu hosp,NA,NA,48,quantile,0.05,4567.0
2025-03-01,peak inc flu hosp,NA,NA,48,quantile,0.1,4610.0
2025-03-01,peak inc flu hosp,NA,NA,48,quantile,0.15,4627.0
2025-03-01,peak inc flu hosp,NA,NA,48,quantile,0.2,4654.0
2025-03-01,peak inc flu hosp,NA,NA,48,quantile,0.25,4664.0
2025-03-01,peak inc flu hosp,NA,NA,48,quantile,0.3,4664.0
2025-03-01,peak inc flu hosp,NA,NA,48,quantile,0.35,4664.0
2025-03-01,peak inc flu hosp,NA,NA,48,quantile,0.4,4664.0
2025-03-01,peak inc flu hosp,NA,NA,48,quantile,0.45,4678.0
2025-03-01,peak inc flu hosp,NA,NA,48,quantile,0.5,4712.0
2025-03-01,peak inc flu hosp,NA,NA,48,quantile,0.55,4766.0
2025-03-01,peak inc flu hosp,NA,NA,48,quantile,0.6,4779.0
2025-03-01,peak inc flu hosp,NA,NA,48,quantile,0.65,4816.0
2025-03-01,peak inc flu hosp,NA,NA,48,quantile,0.7,4833.0
2025-03-01,peak inc flu hosp,NA,NA,48,quantile,0.75,4874.0
2025-03-01,peak inc flu hosp,NA,NA,48,quantile,0.8,5074.0
2025-03-01,peak inc flu hosp,NA,NA,48,quantile,0.85,5335.0
2025-03-01,peak inc flu hosp,NA,NA,48,quantile,0.9,5948.0
2025-03-01,peak inc flu hosp,NA,NA,48,quantile,0.95,6143.0
2025-03-01,peak inc flu hosp,NA,NA,48,quantile,0.975,6584.0
2025-03-01,peak inc flu hosp,NA,NA,48,quantile,0.99,11194.0
2025-03-01,peak inc flu hosp,NA,NA,49,quantile,0.01,291.0
2025-03-01,peak inc flu hosp,NA,NA,49,quantile,0.025,327.0
2025-03-01,peak inc flu hosp,NA,NA,49,quantile,0.05,354.0
2025-03-01,peak inc flu hosp,NA,NA,49,quantile,0.1,376.0
2025-03-01,peak inc flu hosp,NA,NA,49,quantile,0.15,384.0
2025-03-01,peak inc flu hosp,NA,NA,49,quantile,0.2,386.0
2025-03-01,peak inc flu hosp,NA,NA,49,quantile,0.25,388.0
2025-03-01,peak inc flu hosp,NA,NA,49,quantile,0.3,388.0
2025-03-01,peak inc flu hosp,NA,NA,49,quantile,0.35,388.0
2025-03-01,peak inc flu hosp,NA,NA,49,quantile,0.4,388.0
2025-03-01,peak inc flu hosp,NA,NA,49,quantile,0.45,388.0
2025-03-01,peak inc flu hosp,NA,NA,49,quantile,0.5,388.0
2025-03-01,peak inc flu hosp,NA,NA,49,quantile,0.55,388.0
2025-03-01,peak inc flu hosp,NA,NA,49,quantile,0.6,388.0
2025-03-01,peak inc flu hosp,NA,NA,49,quantile,0.65,388.0
2025-03-01,peak inc flu hosp,NA,NA,49,quantile,0.7,388.0
2025-03-01,peak inc flu hosp,NA,NA,49,quantile,0.75,388.0
2025-03-01,peak inc flu hosp,NA,NA,49,quantile,0.8,388.0
2025-03-01,peak inc flu hosp,NA,NA,49,quantile,0.85,388.0
2025-03-01,peak inc flu hosp,NA,NA,49,quantile,0.9,405.0
2025-03-01,peak inc flu hosp,NA,NA,49,quantile,0.95,489.0
2025-03-01,peak inc flu hosp,NA,NA,49,quantile,0.975,1276.0
2025-03-01,peak inc flu hosp,NA,NA,49,quantile,0.99,2510.0
2025-03-01,peak inc flu hosp,NA,NA,50,quantile,0.01,105.0
2025-03-01,peak inc flu hosp,NA,NA,50,quantile,0.025,117.0
2025-03-01,peak inc flu hosp,NA,NA,50,quantile,0.05,121.0
2025-03-01,peak inc flu hosp,NA,NA,50,quantile,0.1,123.0
2025-03-01,peak inc flu hosp,NA,NA,50,quantile,0.15,124.0
2025-03-01,peak inc flu hosp,NA,NA,50,quantile,0.2,125.0
2025-03-01,peak inc flu hosp,NA,NA,50,quantile,0.25,125.0
2025-03-01,peak inc flu hosp,NA,NA,50,quantile,0.3,125.0
2025-03-01,peak inc flu hosp,NA,NA,50,quantile,0.35,125.0
2025-03-01,peak inc flu hosp,NA,NA,50,quantile,0.4,125.0
2025-03-01,peak inc flu hosp,NA,NA,50,quantile,0.45,125.0
2025-03-01,peak inc flu hosp,NA,NA,50,quantile,0.5,125.0
2025-03-01,peak inc flu hosp,NA,NA,50,quantile,0.55,125.0
2025-03-01,peak inc flu hosp,NA,NA,50,quantile,0.6,125.0
2025-03-01,peak inc flu hosp,NA,NA,50,quantile,0.65,126.0
2025-03-01,peak inc flu hosp,NA,NA,50,quantile,0.7,126.0
2025-03-01,peak inc flu hosp,NA,NA,50,quantile,0.75,129.0
2025-03-01,peak inc flu hosp,NA,NA,50,quantile,0.8,132.0
2025-03-01,peak inc flu hosp,NA,NA,50,quantile,0.85,141.0
2025-03-01,peak inc flu hosp,NA,NA,50,quantile,0.9,164.0
2025-03-01,peak inc flu hosp,NA,NA,50,quantile,0.95,269.0
2025-03-01,peak inc flu hosp,NA,NA,50,quantile,0.975,427.0
2025-03-01,peak inc flu hosp,NA,NA,50,quantile,0.99,757.0
2025-03-01,peak inc flu hosp,NA,NA,51,quantile,0.01,986.0
2025-03-01,peak inc flu hosp,NA,NA,51,quantile,0.025,997.0
2025-03-01,peak inc flu hosp,NA,NA,51,quantile,0.05,1109.0
2025-03-01,peak inc flu hosp,NA,NA,51,quantile,0.1,1141.0
2025-03-01,peak inc flu hosp,NA,NA,51,quantile,0.15,1147.0
2025-03-01,peak inc flu hosp,NA,NA,51,quantile,0.2,1153.0
2025-03-01,peak inc flu hosp,NA,NA,51,quantile,0.25,1153.0
2025-03-01,peak inc flu hosp,NA,NA,51,quantile,0.3,1153.0
2025-03-01,peak inc flu hosp,NA,NA,51,quantile,0.35,1153.0
2025-03-01,peak inc flu hosp,NA,NA,51,quantile,0.4,1157.0
2025-03-01,peak inc flu hosp,NA,NA,51,quantile,0.45,1162.0
2025-03-01,peak inc flu hosp,NA,NA,51,quantile,0.5,1171.0
2025-03-01,peak inc flu hosp,NA,NA,51,quantile,0.55,1182.0
2025-03-01,peak inc flu hosp,NA,NA,51,quantile,0.6,1190.0
2025-03-01,peak inc flu hosp,NA,NA,51,quantile,0.65,1195.0
2025-03-01,peak inc flu hosp,NA,NA,51,quantile,0.7,1209.0
2025-03-01,peak inc flu hosp,NA,NA,51,quantile,0.75,1231.0
2025-03-01,peak inc flu hosp,NA,NA,51,quantile,0.8,1269.0
2025-03-01,peak inc flu hosp,NA,NA,51,quantile,0.85,1454.0
2025-03-01,peak inc flu hosp,NA,NA,51,quantile,0.9,1596.0
2025-03-01,peak inc flu hosp,NA,NA,51,quantile,0.95,2421.0
2025-03-01,peak inc flu hosp,NA,NA,51,quantile,0.975,3976.0
2025-03-01,peak inc flu hosp,NA,NA,51,quantile,0.99,7157.0
2025-03-01,peak inc flu hosp,NA,NA,53,quantile,0.01,578.0
2025-03-01,peak inc flu hosp,NA,NA,53,quantile,0.025,605.0
2025-03-01,peak inc flu hosp,NA,NA,53,quantile,0.05,681.0
2025-03-01,peak inc flu hosp,NA,NA,53,quantile,0.1,742.0
2025-03-01,peak inc flu hosp,NA,NA,53,quantile,0.15,747.0
2025-03-01,peak inc flu hosp,NA,NA,53,quantile,0.2,749.0
2025-03-01,peak inc flu hosp,NA,NA,53,quantile,0.25,749.0
2025-03-01,peak inc flu hosp,NA,NA,53,quantile,0.3,750.0
2025-03-01,peak inc flu hosp,NA,NA,53,quantile,0.35,751.0
2025-03-01,peak inc flu hosp,NA,NA,53,quantile,0.4,754.0
2025-03-01,peak inc flu hosp,NA,NA,53,quantile,0.45,757.0
2025-03-01,peak inc flu hosp,NA,NA,53,quantile,0.5,765.0
2025-03-01,peak inc flu hosp,NA,NA,53,quantile,0.55,771.0
2025-03-01,peak inc flu hosp,NA,NA,53,quantile,0.6,775.0
2025-03-01,peak inc flu hosp,NA,NA,53,quantile,0.65,780.0
2025-03-01,peak inc flu hosp,NA,NA,53,quantile,0.7,788.0
2025-03-01,peak inc flu hosp,NA,NA,53,quantile,0.75,799.0
2025-03-01,peak inc flu hosp,NA,NA,53,quantile,0.8,824.0
2025-03-01,peak inc flu hosp,NA,NA,53,quantile,0.85,945.0
2025-03-01,peak inc flu hosp,NA,NA,53,quantile,0.9,1058.0
2025-03-01,peak inc flu hosp,NA,NA,53,quantile,0.95,2101.0
2025-03-01,peak inc flu hosp,NA,NA,53,quantile,0.975,4742.0
2025-03-01,peak inc flu hosp,NA,NA,53,quantile,0.99,4832.0
2025-03-01,peak inc flu hosp,NA,NA,54,quantile,0.01,267.0
2025-03-01,peak inc flu hosp,NA,NA,54,quantile,0.025,568.0
2025-03-01,peak inc flu hosp,NA,NA,54,quantile,0.05,609.0
2025-03-01,peak inc flu hosp,NA,NA,54,quantile,0.1,617.0
2025-03-01,peak inc flu hosp,NA,NA,54,quantile,0.15,626.0
2025-03-01,peak inc flu hosp,NA,NA,54,quantile,0.2,632.0
2025-03-01,peak inc flu hosp,NA,NA,54,quantile,0.25,636.0
2025-03-01,peak inc flu hosp,NA,NA,54,quantile,0.3,639.0
2025-03-01,peak inc flu hosp,NA,NA,54,quantile,0.35,647.0
2025-03-01,peak inc flu hosp,NA,NA,54,quantile,0.4,650.0
2025-03-01,peak inc flu hosp,NA,NA,54,quantile,0.45,658.0
2025-03-01,peak inc flu hosp,NA,NA,54,quantile,0.5,670.0
2025-03-01,peak inc flu hosp,NA,NA,54,quantile,0.55,686.0
2025-03-01,peak inc flu hosp,NA,NA,54,quantile,0.6,710.0
2025-03-01,peak inc flu hosp,NA,NA,54,quantile,0.65,739.0
2025-03-01,peak inc flu hosp,NA,NA,54,quantile,0.7,810.0
2025-03-01,peak inc flu hosp,NA,NA,54,quantile,0.75,871.0
2025-03-01,peak inc flu hosp,NA,NA,54,quantile,0.8,986.0
2025-03-01,peak inc flu hosp,NA,NA,54,quantile,0.85,1402.0
2025-03-01,peak inc flu hosp,NA,NA,54,quantile,0.9,1973.0
2025-03-01,peak inc flu hosp,NA,NA,54,quantile,0.95,2882.0
2025-03-01,peak inc flu hosp,NA,NA,54,quantile,0.975,3934.0
2025-03-01,peak inc flu hosp,NA,NA,54,quantile,0.99,4977.0
2025-03-01,peak inc flu hosp,NA,NA,55,quantile,0.01,812.0
2025-03-01,peak inc flu hosp,NA,NA,55,quantile,0.025,994.0
2025-03-01,peak inc flu hosp,NA,NA,55,quantile,0.05,1074.0
2025-03-01,peak inc flu hosp,NA,NA,55,quantile,0.1,1106.0
2025-03-01,peak inc flu hosp,NA,NA,55,quantile,0.15,1114.0
2025-03-01,peak inc flu hosp,NA,NA,55,quantile,0.2,1119.0
2025-03-01,peak inc flu hosp,NA,NA,55,quantile,0.25,1119.0
2025-03-01,peak inc flu hosp,NA,NA,55,quantile,0.3,1119.0
2025-03-01,peak inc flu hosp,NA,NA,55,quantile,0.35,1121.0
2025-03-01,peak inc flu hosp,NA,NA,55,quantile,0.4,1122.0
2025-03-01,peak inc flu hosp,NA,NA,55,quantile,0.45,1125.0
2025-03-01,peak inc flu hosp,NA,NA,55,quantile,0.5,1130.0
2025-03-01,peak inc flu hosp,NA,NA,55,quantile,0.55,1145.0
2025-03-01,peak inc flu hosp,NA,NA,55,quantile,0.6,1147.0
2025-03-01,peak inc flu hosp,NA,NA,55,quantile,0.65,1159.0
2025-03-01,peak inc flu hosp,NA,NA,55,quantile,0.7,1169.0
2025-03-01,peak inc flu hosp,NA,NA,55,quantile,0.75,1186.0
2025-03-01,peak inc flu hosp,NA,NA,55,quantile,0.8,1221.0
2025-03-01,peak inc flu hosp,NA,NA,55,quantile,0.85,1331.0
2025-03-01,peak inc flu hosp,NA,NA,55,quantile,0.9,1580.0
2025-03-01,peak inc flu hosp,NA,NA,55,quantile,0.95,2965.0
2025-03-01,peak inc flu hosp,NA,NA,55,quantile,0.975,6749.0
2025-03-01,peak inc flu hosp,NA,NA,55,quantile,0.99,8018.0
2025-03-01,peak inc flu hosp,NA,NA,56,quantile,0.01,110.0
2025-03-01,peak inc flu hosp,NA,NA,56,quantile,0.025,114.0
2025-03-01,peak inc flu hosp,NA,NA,56,quantile,0.05,117.0
2025-03-01,peak inc flu hosp,NA,NA,56,quantile,0.1,120.0
2025-03-01,peak inc flu hosp,NA,NA,56,quantile,0.15,120.0
2025-03-01,peak inc flu hosp,NA,NA,56,quantile,0.2,121.0
2025-03-01,peak inc flu hosp,NA,NA,56,quantile,0.25,121.0
2025-03-01,peak inc flu hosp,NA,NA,56,quantile,0.3,121.0
2025-03-01,peak inc flu hosp,NA,NA,56,quantile,0.35,121.0
2025-03-01,peak inc flu hosp,NA,NA,56,quantile,0.4,121.0
2025-03-01,peak inc flu hosp,NA,NA,56,quantile,0.45,121.0
2025-03-01,peak inc flu hosp,NA,NA,56,quantile,0.5,121.0
2025-03-01,peak inc flu hosp,NA,NA,56,quantile,0.55,121.0
2025-03-01,peak inc flu hosp,NA,NA,56,quantile,0.6,121.0
2025-03-01,peak inc flu hosp,NA,NA,56,quantile,0.65,121.0
2025-03-01,peak inc flu hosp,NA,NA,56,quantile,0.7,121.0
2025-03-01,peak inc flu hosp,NA,NA,56,quantile,0.75,121.0
2025-03-01,peak inc flu hosp,NA,NA,56,quantile,0.8,121.0
2025-03-01,peak inc flu hosp,NA,NA,56,quantile,0.85,127.0
2025-03-01,peak inc flu hosp,NA,NA,56,quantile,0.9,133.0
2025-03-01,peak inc flu hosp,NA,NA,56,quantile,0.95,192.0
2025-03-01,peak inc flu hosp,NA,NA,56,quantile,0.975,365.0
2025-03-01,peak inc flu hosp,NA,NA,56,quantile,0.99,489.0
2025-03-01,peak inc flu hosp,NA,NA,72,quantile,0.01,1054.0
2025-03-01,peak inc flu hosp,NA,NA,72,quantile,0.025,1128.0
2025-03-01,peak inc flu hosp,NA,NA,72,quantile,0.05,1211.0
2025-03-01,peak inc flu hosp,NA,NA,72,quantile,0.1,1223.0
2025-03-01,peak inc flu hosp,NA,NA,72,quantile,0.15,1240.0
2025-03-01,peak inc flu hosp,NA,NA,72,quantile,0.2,1247.0
2025-03-01,peak inc flu hosp,NA,NA,72,quantile,0.25,1249.0
2025-03-01,peak inc flu hosp,NA,NA,72,quantile,0.3,1249.0
2025-03-01,peak inc flu hosp,NA,NA,72,quantile,0.35,1249.0
2025-03-01,peak inc flu hosp,NA,NA,72,quantile,0.4,1249.0
2025-03-01,peak inc flu hosp,NA,NA,72,quantile,0.45,1249.0
2025-03-01,peak inc flu hosp,NA,NA,72,quantile,0.5,1249.0
2025-03-01,peak inc flu hosp,NA,NA,72,quantile,0.55,1249.0
2025-03-01,peak inc flu hosp,NA,NA,72,quantile,0.6,1249.0
2025-03-01,peak inc flu hosp,NA,NA,72,quantile,0.65,1249.0
2025-03-01,peak inc flu hosp,NA,NA,72,quantile,0.7,1249.0
2025-03-01,peak inc flu hosp,NA,NA,72,quantile,0.75,1249.0
2025-03-01,peak inc flu hosp,NA,NA,72,quantile,0.8,1249.0
2025-03-01,peak inc flu hosp,NA,NA,72,quantile,0.85,1249.0
2025-03-01,peak inc flu hosp,NA,NA,72,quantile,0.9,1314.0
2025-03-01,peak inc flu hosp,NA,NA,72,quantile,0.95,1405.0
2025-03-01,peak inc flu hosp,NA,NA,72,quantile,0.975,1997.0
2025-03-01,peak inc flu hosp,NA,NA,72,quantile,0.99,4473.0
2025-03-01,peak inc flu hosp,NA,NA,US,quantile,0.01,47688.0
2025-03-01,peak inc flu hosp,NA,NA,US,quantile,0.025,50331.0
2025-03-01,peak inc flu hosp,NA,NA,US,quantile,0.05,50489.0
2025-03-01,peak inc flu hosp,NA,NA,US,quantile,0.1,51954.0
2025-03-01,peak inc flu hosp,NA,NA,US,quantile,0.15,52304.0
2025-03-01,peak inc flu hosp,NA,NA,US,quantile,0.2,52471.0
2025-03-01,peak inc flu hosp,NA,NA,US,quantile,0.25,52471.0
2025-03-01,peak inc flu hosp,NA,NA,US,quantile,0.3,52471.0
2025-03-01,peak inc flu hosp,NA,NA,US,quantile,0.35,52471.0
2025-03-01,peak inc flu hosp,NA,NA,US,quantile,0.4,52630.0
2025-03-01,peak inc flu hosp,NA,NA,US,quantile,0.45,52887.0
2025-03-01,peak inc flu hosp,NA,NA,US,quantile,0.5,53524.0
2025-03-01,peak inc flu hosp,NA,NA,US,quantile,0.55,53694.0
2025-03-01,peak inc flu hosp,NA,NA,US,quantile,0.6,53993.0
2025-03-01,peak inc flu hosp,NA,NA,US,quantile,0.65,54367.0
2025-03-01,peak inc flu hosp,NA,NA,US,quantile,0.7,54732.0
2025-03-01,peak inc flu hosp,NA,NA,US,quantile,0.75,56027.0
2025-03-01,peak inc flu hosp,NA,NA,US,quantile,0.8,58673.0
2025-03-01,peak inc flu hosp,NA,NA,US,quantile,0.85,66162.0
2025-03-01,peak inc flu hosp,NA,NA,US,quantile,0.9,69104.0
2025-03-01,peak inc flu hosp,NA,NA,US,quantile,0.95,102979.0
2025-03-01,peak inc flu hosp,NA,NA,US,quantile,0.975,160281.0
2025-03-01,peak inc flu hosp,NA,NA,US,quantile,0.99,306737.0
2025-03-01,peak week inc flu hosp,NA,NA,01,pmf,2024-10-05,9.984417324951269e-05
2025-03-01,peak week inc flu hosp,NA,NA,01,pmf,2024-10-12,9.984417324951269e-05
2025-03-01,peak week inc flu hosp,NA,NA,01,pmf,2024-10-19,9.984417324951269e-05
2025-03-01,peak week inc flu hosp,NA,NA,01,pmf,2024-10-26,9.984417324951269e-05
2025-03-01,peak week inc flu hosp,NA,NA,01,pmf,2024-11-02,9.984417324951269e-05
2025-03-01,peak week inc flu hosp,NA,NA,01,pmf,2024-11-09,9.984417324951269e-05
2025-03-01,peak week inc flu hosp,NA,NA,01,pmf,2024-11-16,9.984417324951269e-05
2025-03-01,peak week inc flu hosp,NA,NA,01,pmf,2024-11-23,9.984417324951269e-05
2025-03-01,peak week inc flu hosp,NA,NA,01,pmf,2024-11-30,9.984417324951269e-05
2025-03-01,peak week inc flu hosp,NA,NA,01,pmf,2024-12-07,9.984417324951269e-05
2025-03-01,peak week inc flu hosp,NA,NA,01,pmf,2024-12-14,9.984417324951269e-05
2025-03-01,peak week inc flu hosp,NA,NA,01,pmf,2024-12-21,0.0049879638992414805
2025-03-01,peak week inc flu hosp,NA,NA,01,pmf,2024-12-28,0.024891823390954762
2025-03-01,peak week inc flu hosp,NA,NA,01,pmf,2025-01-04,0.04483839125360024
2025-03-01,peak week inc flu hosp,NA,NA,01,pmf,2025-01-11,0.009969127628993827
2025-03-01,peak week inc flu hosp,NA,NA,01,pmf,2025-01-18,0.009966234077707914
2025-03-01,peak week inc flu hosp,NA,NA,01,pmf,2025-01-25,0.00498753796500441
2025-03-01,peak week inc flu hosp,NA,NA,01,pmf,2025-02-01,0.881608266727121
2025-03-01,peak week inc flu hosp,NA,NA,01,pmf,2025-02-08,0.014926963408194806
2025-03-01,peak week inc flu hosp,NA,NA,01,pmf,2025-02-15,9.984417324951269e-05
2025-03-01,peak week inc flu hosp,NA,NA,01,pmf,2025-02-22,9.984417324951269e-05
2025-03-01,peak week inc flu hosp,NA,NA,01,pmf,2025-03-01,0.00027067735899606653
2025-03-01,peak week inc flu hosp,NA,NA,01,pmf,2025-03-08,0.00016414670395740774
2025-03-01,peak week inc flu hosp,NA,NA,01,pmf,2025-03-15,0.00044884016979734284
2025-03-01,peak week inc flu hosp,NA,NA,01,pmf,2025-03-22,0.0003881433583741387
2025-03-01,peak week inc flu hosp,NA,NA,01,pmf,2025-03-29,0.0003249376112225764
2025-03-01,peak week inc flu hosp,NA,NA,01,pmf,2025-04-05,0.00015276799795081568
2025-03-01,peak week inc flu hosp,NA,NA,01,pmf,2025-04-12,9.984417324951269e-05
2025-03-01,peak week inc flu hosp,NA,NA,01,pmf,2025-04-19,9.984417324951269e-05
2025-03-01,peak week inc flu hosp,NA,NA,01,pmf,2025-04-26,9.984417324951269e-05
2025-03-01,peak week inc flu hosp,NA,NA,01,pmf,2025-05-03,9.984417324951269e-05
2025-03-01,peak week inc flu hosp,NA,NA,01,pmf,2025-05-10,9.984417324951269e-05
2025-03-01,peak week inc flu hosp,NA,NA,01,pmf,2025-05-17,9.984417324951269e-05
2025-03-01,peak week inc flu hosp,NA,NA,01,pmf,2025-05-24,0.00017713915714258224
2025-03-01,peak week inc flu hosp,NA,NA,02,pmf,2024-10-05,9.982032341784787e-05
2025-03-01,peak week inc flu hosp,NA,NA,02,pmf,2024-10-12,9.982032341784787e-05
2025-03-01,peak week inc flu hosp,NA,NA,02,pmf,2024-10-19,9.982032341784787e-05
2025-03-01,peak week inc flu hosp,NA,NA,02,pmf,2024-10-26,9.982032341784787e-05
2025-03-01,peak week inc flu hosp,NA,NA,02,pmf,2024-11-02,9.982032341784787e-05
2025-03-01,peak week inc flu hosp,NA,NA,02,pmf,2024-11-09,9.982032341784787e-05
2025-03-01,peak week inc flu hosp,NA,NA,02,pmf,2024-11-16,9.982032341784787e-05
2025-03-01,peak week inc flu hosp,NA,NA,02,pmf,2024-11-23,9.982032341784787e-05
2025-03-01,peak week inc flu hosp,NA,NA,02,pmf,2024-11-30,9.982032341784787e-05
2025-03-01,peak week inc flu hosp,NA,NA,02,pmf,2024-12-07,9.982032341784787e-05
2025-03-01,peak week inc flu hosp,NA,NA,02,pmf,2024-12-14,9.982032341784787e-05
2025-03-01,peak week inc flu hosp,NA,NA,02,pmf,2024-12-21,9.982032341784787e-05
2025-03-01,peak week inc flu hosp,NA,NA,02,pmf,2024-12-28,9.982032341784787e-05
2025-03-01,peak week inc flu hosp,NA,NA,02,pmf,2025-01-04,0.8481233656389233
2025-03-01,peak week inc flu hosp,NA,NA,02,pmf,2025-01-11,9.982032341784787e-05
2025-03-01,peak week inc flu hosp,NA,NA,02,pmf,2025-01-18,9.982032341784787e-05
2025-03-01,peak week inc flu hosp,NA,NA,02,pmf,2025-01-25,9.982032341784787e-05
2025-03-01,peak week inc flu hosp,NA,NA,02,pmf,2025-02-01,9.982032341784787e-05
2025-03-01,peak week inc flu hosp,NA,NA,02,pmf,2025-02-08,9.982032341784787e-05
2025-03-01,peak week inc flu hosp,NA,NA,02,pmf,2025-02-15,0.01696552882222069
2025-03-01,peak week inc flu hosp,NA,NA,02,pmf,2025-02-22,0.04425808936870511
2025-03-01,peak week inc flu hosp,NA,NA,02,pmf,2025-03-01,0.031691110355122974
2025-03-01,peak week inc flu hosp,NA,NA,02,pmf,2025-03-08,0.032412904624351375
2025-03-01,peak week inc flu hosp,NA,NA,02,pmf,2025-03-15,0.015523719636719873
2025-03-01,peak week inc flu hosp,NA,NA,02,pmf,2025-03-22,0.0045255017829884305
2025-03-01,peak week inc flu hosp,NA,NA,02,pmf,2025-03-29,0.0014372461775160824
2025-03-01,peak week inc flu hosp,NA,NA,02,pmf,2025-04-05,0.0010565068023464246
2025-03-01,peak week inc flu hosp,NA,NA,02,pmf,2025-04-12,0.0004896233088523879
2025-03-01,peak week inc flu hosp,NA,NA,02,pmf,2025-04-19,0.00047306951672165907
2025-03-01,peak week inc flu hosp,NA,NA,02,pmf,2025-04-26,0.00021837185735628753
2025-03-01,peak week inc flu hosp,NA,NA,02,pmf,2025-05-03,0.0001600661865626437
2025-03-01,peak week inc flu hosp,NA,NA,02,pmf,2025-05-10,0.0001331271484456089
2025-03-01,peak week inc flu hosp,NA,NA,02,pmf,2025-05-17,0.00012605398079282618
2025-03-01,peak week inc flu hosp,NA,NA,02,pmf,2025-05-24,0.0006089489708529954
2025-03-01,peak week inc flu hosp,NA,NA,04,pmf,2024-10-05,9.975275521573944e-05
2025-03-01,peak week inc flu hosp,NA,NA,04,pmf,2024-10-12,9.975275521573944e-05
2025-03-01,peak week inc flu hosp,NA,NA,04,pmf,2024-10-19,9.975275521573944e-05
2025-03-01,peak week inc flu hosp,NA,NA,04,pmf,2024-10-26,9.975275521573944e-05
2025-03-01,peak week inc flu hosp,NA,NA,04,pmf,2024-11-02,9.975275521573944e-05
2025-03-01,peak week inc flu hosp,NA,NA,04,pmf,2024-11-09,9.975275521573944e-05
2025-03-01,peak week inc flu hosp,NA,NA,04,pmf,2024-11-16,9.975275521573944e-05
2025-03-01,peak week inc flu hosp,NA,NA,04,pmf,2024-11-23,9.975275521573944e-05
2025-03-01,peak week inc flu hosp,NA,NA,04,pmf,2024-11-30,9.975275521573944e-05
2025-03-01,peak week inc flu hosp,NA,NA,04,pmf,2024-12-07,9.975275521573944e-05
2025-03-01,peak week inc flu hosp,NA,NA,04,pmf,2024-12-14,9.975275521573944e-05
2025-03-01,peak week inc flu hosp,NA,NA,04,pmf,2024-12-21,9.975275521573944e-05
2025-03-01,peak week inc flu hosp,NA,NA,04,pmf,2024-12-28,9.975275521573944e-05
2025-03-01,peak week inc flu hosp,NA,NA,04,pmf,2025-01-04,0.9867974621655375
2025-03-01,peak week inc flu hosp,NA,NA,04,pmf,2025-01-11,9.975275521573944e-05
2025-03-01,peak week inc flu hosp,NA,NA,04,pmf,2025-01-18,0.00995100541504225
2025-03-01,peak week inc flu hosp,NA,NA,04,pmf,2025-01-25,9.975275521573944e-05
2025-03-01,peak week inc flu hosp,NA,NA,04,pmf,2025-02-01,9.975275521573944e-05
2025-03-01,peak week inc flu hosp,NA,NA,04,pmf,2025-02-08,9.975275521573944e-05
2025-03-01,peak week inc flu hosp,NA,NA,04,pmf,2025-02-15,9.975275521573944e-05
2025-03-01,peak week inc flu hosp,NA,NA,04,pmf,2025-02-22,9.975275521573944e-05
2025-03-01,peak week inc flu hosp,NA,NA,04,pmf,2025-03-01,9.975275521573944e-05
2025-03-01,peak week inc flu hosp,NA,NA,04,pmf,2025-03-08,9.975275521573944e-05
2025-03-01,peak week inc flu hosp,NA,NA,04,pmf,2025-03-15,0.00013783330172235006
2025-03-01,peak week inc flu hosp,NA,NA,04,pmf,2025-03-22,0.00011520199244595655
2025-03-01,peak week inc flu hosp,NA,NA,04,pmf,2025-03-29,9.975275521573944e-05
2025-03-01,peak week inc flu hosp,NA,NA,04,pmf,2025-04-05,9.975275521573944e-05
2025-03-01,peak week inc flu hosp,NA,NA,04,pmf,2025-04-12,9.975275521573944e-05
2025-03-01,peak week inc flu hosp,NA,NA,04,pmf,2025-04-19,9.975275521573944e-05
2025-03-01,peak week inc flu hosp,NA,NA,04,pmf,2025-04-26,9.975275521573944e-05
2025-03-01,peak week inc flu hosp,NA,NA,04,pmf,2025-05-03,9.975275521573944e-05
2025-03-01,peak week inc flu hosp,NA,NA,04,pmf,2025-05-10,9.975275521573944e-05
2025-03-01,peak week inc flu hosp,NA,NA,04,pmf,2025-05-17,9.975275521573944e-05
2025-03-01,peak week inc flu hosp,NA,NA,04,pmf,2025-05-24,0.00010566722399540517
2025-03-01,peak week inc flu hosp,NA,NA,05,pmf,2024-10-05,9.981398388822987e-05
2025-03-01,peak week inc flu hosp,NA,NA,05,pmf,2024-10-12,9.981398388822987e-05
2025-03-01,peak week inc flu hosp,NA,NA,05,pmf,2024-10-19,9.981398388822987e-05
2025-03-01,peak week inc flu hosp,NA,NA,05,pmf,2024-10-26,9.981398388822987e-05
2025-03-01,peak week inc flu hosp,NA,NA,05,pmf,2024-11-02,9.981398388822987e-05
2025-03-01,peak week inc flu hosp,NA,NA,05,pmf,2024-11-09,9.981398388822987e-05
2025-03-01,peak week inc flu hosp,NA,NA,05,pmf,2024-11-16,9.981398388822987e-05
2025-03-01,peak week inc flu hosp,NA,NA,05,pmf,2024-11-23,9.981398388822987e-05
2025-03-01,peak week inc flu hosp,NA,NA,05,pmf,2024-11-30,9.981398388822987e-05
2025-03-01,peak week inc flu hosp,NA,NA,05,pmf,2024-12-07,9.981398388822987e-05
2025-03-01,peak week inc flu hosp,NA,NA,05,pmf,2024-12-14,9.981398388822987e-05
2025-03-01,peak week inc flu hosp,NA,NA,05,pmf,2024-12-21,9.981398388822987e-05
2025-03-01,peak week inc flu hosp,NA,NA,05,pmf,2024-12-28,9.981398388822987e-05
2025-03-01,peak week inc flu hosp,NA,NA,05,pmf,2025-01-04,9.981398388822987e-05
2025-03-01,peak week inc flu hosp,NA,NA,05,pmf,2025-01-11,0.00498606546089398
2025-03-01,peak week inc flu hosp,NA,NA,05,pmf,2025-01-18,9.981398388822987e-05
2025-03-01,peak week inc flu hosp,NA,NA,05,pmf,2025-01-25,0.014940867886523329
2025-03-01,peak week inc flu hosp,NA,NA,05,pmf,2025-02-01,0.00498332691008661
2025-03-01,peak week inc flu hosp,NA,NA,05,pmf,2025-02-08,0.9702487851130498
2025-03-01,peak week inc flu hosp,NA,NA,05,pmf,2025-02-15,9.981398388822987e-05
2025-03-01,peak week inc flu hosp,NA,NA,05,pmf,2025-02-22,9.981398388822987e-05
2025-03-01,peak week inc flu hosp,NA,NA,05,pmf,2025-03-01,0.00017348379141613612
2025-03-01,peak week inc flu hosp,NA,NA,05,pmf,2025-03-08,0.000181842848198539
2025-03-01,peak week inc flu hosp,NA,NA,05,pmf,2025-03-15,0.0007309830545423555
2025-03-01,peak week inc flu hosp,NA,NA,05,pmf,2025-03-22,0.0006014355062937428
2025-03-01,peak week inc flu hosp,NA,NA,05,pmf,2025-03-29,0.0002834060343966814
2025-03-01,peak week inc flu hosp,NA,NA,05,pmf,2025-04-05,0.0002548560236958002
2025-03-01,peak week inc flu hosp,NA,NA,05,pmf,2025-04-12,0.00019939054491027782
2025-03-01,peak week inc flu hosp,NA,NA,05,pmf,2025-04-19,9.981398388822987e-05
2025-03-01,peak week inc flu hosp,NA,NA,05,pmf,2025-04-26,9.981398388822987e-05
2025-03-01,peak week inc flu hosp,NA,NA,05,pmf,2025-05-03,9.981398388822987e-05
2025-03-01,peak week inc flu hosp,NA,NA,05,pmf,2025-05-10,9.981398388822987e-05
2025-03-01,peak week inc flu hosp,NA,NA,05,pmf,2025-05-17,9.981398388822987e-05
2025-03-01,peak week inc flu hosp,NA,NA,05,pmf,2025-05-24,0.00021964918045185968
2025-03-01,peak week inc flu hosp,NA,NA,06,pmf,2024-10-05,9.980029870491482e-05
2025-03-01,peak week inc flu hosp,NA,NA,06,pmf,2024-10-12,9.980029870491482e-05
2025-03-01,peak week inc flu hosp,NA,NA,06,pmf,2024-10-19,9.980029870491482e-05
2025-03-01,peak week inc flu hosp,NA,NA,06,pmf,2024-10-26,9.980029870491482e-05
2025-03-01,peak week inc flu hosp,NA,NA,06,pmf,2024-11-02,9.980029870491482e-05
2025-03-01,peak week inc flu hosp,NA,NA,06,pmf,2024-11-09,9.980029870491482e-05
2025-03-01,peak week inc flu hosp,NA,NA,06,pmf,2024-11-16,9.980029870491482e-05
2025-03-01,peak week inc flu hosp,NA,NA,06,pmf,2024-11-23,9.980029870491482e-05
2025-03-01,peak week inc flu hosp,NA,NA,06,pmf,2024-11-30,9.980029870491482e-05
2025-03-01,peak week inc flu hosp,NA,NA,06,pmf,2024-12-07,9.980029870491482e-05
2025-03-01,peak week inc flu hosp,NA,NA,06,pmf,2024-12-14,9.980029870491482e-05
2025-03-01,peak week inc flu hosp,NA,NA,06,pmf,2024-12-21,9.980029870491482e-05
2025-03-01,peak week inc flu hosp,NA,NA,06,pmf,2024-12-28,9.980029870491482e-05
2025-03-01,peak week inc flu hosp,NA,NA,06,pmf,2025-01-04,9.980029870491482e-05
2025-03-01,peak week inc flu hosp,NA,NA,06,pmf,2025-01-11,9.980029870491482e-05
2025-03-01,peak week inc flu hosp,NA,NA,06,pmf,2025-01-18,0.004977132689717445
2025-03-01,peak week inc flu hosp,NA,NA,06,pmf,2025-01-25,0.009953376428482279
2025-03-01,peak week inc flu hosp,NA,NA,06,pmf,2025-02-01,0.980351871001805
2025-03-01,peak week inc flu hosp,NA,NA,06,pmf,2025-02-08,9.980029870491482e-05
2025-03-01,peak week inc flu hosp,NA,NA,06,pmf,2025-02-15,9.980029870491482e-05
2025-03-01,peak week inc flu hosp,NA,NA,06,pmf,2025-02-22,9.980029870491482e-05
2025-03-01,peak week inc flu hosp,NA,NA,06,pmf,2025-03-01,0.00037191219606372956
2025-03-01,peak week inc flu hosp,NA,NA,06,pmf,2025-03-08,0.0002349109691750627
2025-03-01,peak week inc flu hosp,NA,NA,06,pmf,2025-03-15,0.0005231352106558838
2025-03-01,peak week inc flu hosp,NA,NA,06,pmf,2025-03-22,0.0005057096935120395
2025-03-01,peak week inc flu hosp,NA,NA,06,pmf,2025-03-29,0.0002921175606805415
2025-03-01,peak week inc flu hosp,NA,NA,06,pmf,2025-04-05,0.00019533947993554288
2025-03-01,peak week inc flu hosp,NA,NA,06,pmf,2025-04-12,0.00010101339121783
2025-03-01,peak week inc flu hosp,NA,NA,06,pmf,2025-04-19,0.00010229066925916179
2025-03-01,peak week inc flu hosp,NA,NA,06,pmf,2025-04-26,9.980029870491482e-05
2025-03-01,peak week inc flu hosp,NA,NA,06,pmf,2025-05-03,9.980029870491482e-05
2025-03-01,peak week inc flu hosp,NA,NA,06,pmf,2025-05-10,9.980029870491482e-05
2025-03-01,peak week inc flu hosp,NA,NA,06,pmf,2025-05-17,9.980029870491482e-05
2025-03-01,peak week inc flu hosp,NA,NA,06,pmf,2025-05-24,0.00019558413798735443
2025-03-01,peak week inc flu hosp,NA,NA,08,pmf,2024-10-05,9.98271817969173e-05
2025-03-01,peak week inc flu hosp,NA,NA,08,pmf,2024-10-12,9.98271817969173e-05
2025-03-01,peak week inc flu hosp,NA,NA,08,pmf,2024-10-19,9.98271817969173e-05
2025-03-01,peak week inc flu hosp,NA,NA,08,pmf,2024-10-26,9.98271817969173e-05
2025-03-01,peak week inc flu hosp,NA,NA,08,pmf,2024-11-02,9.98271817969173e-05
2025-03-01,peak week inc flu hosp,NA,NA,08,pmf,2024-11-09,9.98271817969173e-05
2025-03-01,peak week inc flu hosp,NA,NA,08,pmf,2024-11-16,9.98271817969173e-05
2025-03-01,peak week inc flu hosp,NA,NA,08,pmf,2024-11-23,9.98271817969173e-05
2025-03-01,peak week inc flu hosp,NA,NA,08,pmf,2024-11-30,9.98271817969173e-05
2025-03-01,peak week inc flu hosp,NA,NA,08,pmf,2024-12-07,9.98271817969173e-05
2025-03-01,peak week inc flu hosp,NA,NA,08,pmf,2024-12-14,9.98271817969173e-05
2025-03-01,peak week inc flu hosp,NA,NA,08,pmf,2024-12-21,9.98271817969173e-05
2025-03-01,peak week inc flu hosp,NA,NA,08,pmf,2024-12-28,0.0049610371012652225
2025-03-01,peak week inc flu hosp,NA,NA,08,pmf,2025-01-04,0.9609946908432367
2025-03-01,peak week inc flu hosp,NA,NA,08,pmf,2025-01-11,9.98271817969173e-05
2025-03-01,peak week inc flu hosp,NA,NA,08,pmf,2025-01-18,0.004973483564370602
2025-03-01,peak week inc flu hosp,NA,NA,08,pmf,2025-01-25,9.98271817969173e-05
2025-03-01,peak week inc flu hosp,NA,NA,08,pmf,2025-02-01,0.004980902436562706
2025-03-01,peak week inc flu hosp,NA,NA,08,pmf,2025-02-08,0.01481830685950275
2025-03-01,peak week inc flu hosp,NA,NA,08,pmf,2025-02-15,9.98271817969173e-05
2025-03-01,peak week inc flu hosp,NA,NA,08,pmf,2025-02-22,9.98271817969173e-05
2025-03-01,peak week inc flu hosp,NA,NA,08,pmf,2025-03-01,0.0022325102051493056
2025-03-01,peak week inc flu hosp,NA,NA,08,pmf,2025-03-08,0.0015220064801062503
2025-03-01,peak week inc flu hosp,NA,NA,08,pmf,2025-03-15,0.001529617246543318
2025-03-01,peak week inc flu hosp,NA,NA,08,pmf,2025-03-22,0.0007534750706997213
2025-03-01,peak week inc flu hosp,NA,NA,08,pmf,2025-03-29,0.0004290673459272533
2025-03-01,peak week inc flu hosp,NA,NA,08,pmf,2025-04-05,0.00025651494007707966
2025-03-01,peak week inc flu hosp,NA,NA,08,pmf,2025-04-12,0.00016247180046970465
2025-03-01,peak week inc flu hosp,NA,NA,08,pmf,2025-04-19,0.00011730903628037033
2025-03-01,peak week inc flu hosp,NA,NA,08,pmf,2025-04-26,9.98271817969173e-05
2025-03-01,peak week inc flu hosp,NA,NA,08,pmf,2025-05-03,9.98271817969173e-05
2025-03-01,peak week inc flu hosp,NA,NA,08,pmf,2025-05-10,9.98271817969173e-05
2025-03-01,peak week inc flu hosp,NA,NA,08,pmf,2025-05-17,9.98271817969173e-05
2025-03-01,peak week inc flu hosp,NA,NA,08,pmf,2025-05-24,0.00027206343387079716
2025-03-01,peak week inc flu hosp,NA,NA,09,pmf,2024-10-05,9.983223102458404e-05
2025-03-01,peak week inc flu hosp,NA,NA,09,pmf,2024-10-12,9.983223102458404e-05
2025-03-01,peak week inc flu hosp,NA,NA,09,pmf,2024-10-19,9.983223102458404e-05
2025-03-01,peak week inc flu hosp,NA,NA,09,pmf,2024-10-26,9.983223102458404e-05
2025-03-01,peak week inc flu hosp,NA,NA,09,pmf,2024-11-02,9.983223102458404e-05
2025-03-01,peak week inc flu hosp,NA,NA,09,pmf,2024-11-09,9.983223102458404e-05
2025-03-01,peak week inc flu hosp,NA,NA,09,pmf,2024-11-16,9.983223102458404e-05
2025-03-01,peak week inc flu hosp,NA,NA,09,pmf,2024-11-23,9.983223102458404e-05
2025-03-01,peak week inc flu hosp,NA,NA,09,pmf,2024-11-30,9.983223102458404e-05
2025-03-01,peak week inc flu hosp,NA,NA,09,pmf,2024-12-07,9.983223102458404e-05
2025-03-01,peak week inc flu hosp,NA,NA,09,pmf,2024-12-14,9.983223102458404e-05
2025-03-01,peak week inc flu hosp,NA,NA,09,pmf,2024-12-21,9.983223102458404e-05
2025-03-01,peak week inc flu hosp,NA,NA,09,pmf,2024-12-28,0.004985656499424943
2025-03-01,peak week inc flu hosp,NA,NA,09,pmf,2025-01-04,0.004954691052330399
2025-03-01,peak week inc flu hosp,NA,NA,09,pmf,2025-01-11,9.983223102458404e-05
2025-03-01,peak week inc flu hosp,NA,NA,09,pmf,2025-01-18,9.983223102458404e-05
2025-03-01,peak week inc flu hosp,NA,NA,09,pmf,2025-01-25,9.983223102458404e-05
2025-03-01,peak week inc flu hosp,NA,NA,09,pmf,2025-02-01,9.983223102458404e-05
2025-03-01,peak week inc flu hosp,NA,NA,09,pmf,2025-02-08,0.8995304467778709
2025-03-01,peak week inc flu hosp,NA,NA,09,pmf,2025-02-15,0.07326697776168485
2025-03-01,peak week inc flu hosp,NA,NA,09,pmf,2025-02-22,0.00459825486226
2025-03-01,peak week inc flu hosp,NA,NA,09,pmf,2025-03-01,0.004580156462062442
2025-03-01,peak week inc flu hosp,NA,NA,09,pmf,2025-03-08,0.0021433463074438473
2025-03-01,peak week inc flu hosp,NA,NA,09,pmf,2025-03-15,0.0018332050056932183
2025-03-01,peak week inc flu hosp,NA,NA,09,pmf,2025-03-22,0.000722551910028168
2025-03-01,peak week inc flu hosp,NA,NA,09,pmf,2025-03-29,0.0004196135509528371
2025-03-01,peak week inc flu hosp,NA,NA,09,pmf,2025-04-05,0.00025497129850825197
2025-03-01,peak week inc flu hosp,NA,NA,09,pmf,2025-04-12,0.00023957479112590274
2025-03-01,peak week inc flu hosp,NA,NA,09,pmf,2025-04-19,0.0001608578243396436
2025-03-01,peak week inc flu hosp,NA,NA,09,pmf,2025-04-26,0.00010338243669544399
2025-03-01,peak week inc flu hosp,NA,NA,09,pmf,2025-05-03,9.983223102458404e-05
2025-03-01,peak week inc flu hosp,NA,NA,09,pmf,2025-05-10,9.983223102458404e-05
2025-03-01,peak week inc flu hosp,NA,NA,09,pmf,2025-05-17,9.983223102458404e-05
2025-03-01,peak week inc flu hosp,NA,NA,09,pmf,2025-05-24,0.00030950107011224647
2025-03-01,peak week inc flu hosp,NA,NA,10,pmf,2024-10-05,9.980672636337253e-05
2025-03-01,peak week inc flu hosp,NA,NA,10,pmf,2024-10-12,9.980672636337253e-05
2025-03-01,peak week inc flu hosp,NA,NA,10,pmf,2024-10-19,9.980672636337253e-05
2025-03-01,peak week inc flu hosp,NA,NA,10,pmf,2024-10-26,9.980672636337253e-05
2025-03-01,peak week inc flu hosp,NA,NA,10,pmf,2024-11-02,9.980672636337253e-05
2025-03-01,peak week inc flu hosp,NA,NA,10,pmf,2024-11-09,9.980672636337253e-05
2025-03-01,peak week inc flu hosp,NA,NA,10,pmf,2024-11-16,9.980672636337253e-05
2025-03-01,peak week inc flu hosp,NA,NA,10,pmf,2024-11-23,9.980672636337253e-05
2025-03-01,peak week inc flu hosp,NA,NA,10,pmf,2024-11-30,9.980672636337253e-05
2025-03-01,peak week inc flu hosp,NA,NA,10,pmf,2024-12-07,9.980672636337253e-05
2025-03-01,peak week inc flu hosp,NA,NA,10,pmf,2024-12-14,9.980672636337253e-05
2025-03-01,peak week inc flu hosp,NA,NA,10,pmf,2024-12-21,9.980672636337253e-05
2025-03-01,peak week inc flu hosp,NA,NA,10,pmf,2024-12-28,9.980672636337253e-05
2025-03-01,peak week inc flu hosp,NA,NA,10,pmf,2025-01-04,0.9750818039674227
2025-03-01,peak week inc flu hosp,NA,NA,10,pmf,2025-01-11,9.980672636337253e-05
2025-03-01,peak week inc flu hosp,NA,NA,10,pmf,2025-01-18,9.980672636337253e-05
2025-03-01,peak week inc flu hosp,NA,NA,10,pmf,2025-01-25,9.980672636337253e-05
2025-03-01,peak week inc flu hosp,NA,NA,10,pmf,2025-02-01,9.980672636337253e-05
2025-03-01,peak week inc flu hosp,NA,NA,10,pmf,2025-02-08,9.980672636337253e-05
2025-03-01,peak week inc flu hosp,NA,NA,10,pmf,2025-02-15,0.009862853057236444
2025-03-01,peak week inc flu hosp,NA,NA,10,pmf,2025-02-22,9.980672636337253e-05
2025-03-01,peak week inc flu hosp,NA,NA,10,pmf,2025-03-01,0.0023318562858847766
2025-03-01,peak week inc flu hosp,NA,NA,10,pmf,2025-03-08,0.003925044807386609
2025-03-01,peak week inc flu hosp,NA,NA,10,pmf,2025-03-15,0.0030570715600719708
2025-03-01,peak week inc flu hosp,NA,NA,10,pmf,2025-03-22,0.001497216091036454
2025-03-01,peak week inc flu hosp,NA,NA,10,pmf,2025-03-29,0.0005491183093016526
2025-03-01,peak week inc flu hosp,NA,NA,10,pmf,2025-04-05,0.0005347067722220216
2025-03-01,peak week inc flu hosp,NA,NA,10,pmf,2025-04-12,0.0002777651081187322
2025-03-01,peak week inc flu hosp,NA,NA,10,pmf,2025-04-19,0.000167145032864392
2025-03-01,peak week inc flu hosp,NA,NA,10,pmf,2025-04-26,0.00013342299110975173
2025-03-01,peak week inc flu hosp,NA,NA,10,pmf,2025-05-03,9.980672636337253e-05
2025-03-01,peak week inc flu hosp,NA,NA,10,pmf,2025-05-10,9.980672636337253e-05
2025-03-01,peak week inc flu hosp,NA,NA,10,pmf,2025-05-17,9.980672636337253e-05
2025-03-01,peak week inc flu hosp,NA,NA,10,pmf,2025-05-24,0.00038624803735024004
2025-03-01,peak week inc flu hosp,NA,NA,11,pmf,2024-10-05,9.979761685924952e-05
2025-03-01,peak week inc flu hosp,NA,NA,11,pmf,2024-10-12,9.979761685924952e-05
2025-03-01,peak week inc flu hosp,NA,NA,11,pmf,2024-10-19,9.979761685924952e-05
2025-03-01,peak week inc flu hosp,NA,NA,11,pmf,2024-10-26,9.979761685924952e-05
2025-03-01,peak week inc flu hosp,NA,NA,11,pmf,2024-11-02,9.979761685924952e-05
2025-03-01,peak week inc flu hosp,NA,NA,11,pmf,2024-11-09,9.979761685924952e-05
2025-03-01,peak week inc flu hosp,NA,NA,11,pmf,2024-11-16,9.979761685924952e-05
2025-03-01,peak week inc flu hosp,NA,NA,11,pmf,2024-11-23,9.979761685924952e-05
2025-03-01,peak week inc flu hosp,NA,NA,11,pmf,2024-11-30,9.979761685924952e-05
2025-03-01,peak week inc flu hosp,NA,NA,11,pmf,2024-12-07,9.979761685924952e-05
2025-03-01,peak week inc flu hosp,NA,NA,11,pmf,2024-12-14,9.979761685924952e-05
2025-03-01,peak week inc flu hosp,NA,NA,11,pmf,2024-12-21,9.979761685924952e-05
2025-03-01,peak week inc flu hosp,NA,NA,11,pmf,2024-12-28,9.979761685924952e-05
2025-03-01,peak week inc flu hosp,NA,NA,11,pmf,2025-01-04,9.979761685924952e-05
2025-03-01,peak week inc flu hosp,NA,NA,11,pmf,2025-01-11,0.004984130914943483
2025-03-01,peak week inc flu hosp,NA,NA,11,pmf,2025-01-18,9.979761685924952e-05
2025-03-01,peak week inc flu hosp,NA,NA,11,pmf,2025-01-25,0.024912871432889852
2025-03-01,peak week inc flu hosp,NA,NA,11,pmf,2025-02-01,9.979761685924952e-05
2025-03-01,peak week inc flu hosp,NA,NA,11,pmf,2025-02-08,0.9661393885461499
2025-03-01,peak week inc flu hosp,NA,NA,11,pmf,2025-02-15,9.979761685924952e-05
2025-03-01,peak week inc flu hosp,NA,NA,11,pmf,2025-02-22,9.979761685924952e-05
2025-03-01,peak week inc flu hosp,NA,NA,11,pmf,2025-03-01,0.00018094623118740966
2025-03-01,peak week inc flu hosp,NA,NA,11,pmf,2025-03-08,0.00014013159876925566
2025-03-01,peak week inc flu hosp,NA,NA,11,pmf,2025-03-15,0.00034816213251120834
2025-03-01,peak week inc flu hosp,NA,NA,11,pmf,2025-03-22,0.00023906614157335104
2025-03-01,peak week inc flu hosp,NA,NA,11,pmf,2025-03-29,0.0003415265190895946
2025-03-01,peak week inc flu hosp,NA,NA,11,pmf,2025-04-05,0.00013704321112103276
2025-03-01,peak week inc flu hosp,NA,NA,11,pmf,2025-04-12,0.00010722442818162262
2025-03-01,peak week inc flu hosp,NA,NA,11,pmf,2025-04-19,9.979761685924952e-05
2025-03-01,peak week inc flu hosp,NA,NA,11,pmf,2025-04-26,9.979761685924952e-05
2025-03-01,peak week inc flu hosp,NA,NA,11,pmf,2025-05-03,9.979761685924952e-05
2025-03-01,peak week inc flu hosp,NA,NA,11,pmf,2025-05-10,9.979761685924952e-05
2025-03-01,peak week inc flu hosp,NA,NA,11,pmf,2025-05-17,9.979761685924952e-05
2025-03-01,peak week inc flu hosp,NA,NA,11,pmf,2025-05-24,0.000174163655820607
2025-03-01,peak week inc flu hosp,NA,NA,12,pmf,2024-10-05,9.978751634954129e-05
2025-03-01,peak week inc flu hosp,NA,NA,12,pmf,2024-10-12,9.978751634954129e-05
2025-03-01,peak week inc flu hosp,NA,NA,12,pmf,2024-10-19,9.978751634954129e-05
2025-03-01,peak week inc flu hosp,NA,NA,12,pmf,2024-10-26,9.978751634954129e-05
2025-03-01,peak week inc flu hosp,NA,NA,12,pmf,2024-11-02,9.978751634954129e-05
2025-03-01,peak week inc flu hosp,NA,NA,12,pmf,2024-11-09,9.978751634954129e-05
2025-03-01,peak week inc flu hosp,NA,NA,12,pmf,2024-11-16,9.978751634954129e-05
2025-03-01,peak week inc flu hosp,NA,NA,12,pmf,2024-11-23,9.978751634954129e-05
2025-03-01,peak week inc flu hosp,NA,NA,12,pmf,2024-11-30,9.978751634954129e-05
2025-03-01,peak week inc flu hosp,NA,NA,12,pmf,2024-12-07,9.978751634954129e-05
2025-03-01,peak week inc flu hosp,NA,NA,12,pmf,2024-12-14,9.978751634954129e-05
2025-03-01,peak week inc flu hosp,NA,NA,12,pmf,2024-12-21,9.978751634954129e-05
2025-03-01,peak week inc flu hosp,NA,NA,12,pmf,2024-12-28,9.978751634954129e-05
2025-03-01,peak week inc flu hosp,NA,NA,12,pmf,2025-01-04,9.978751634954129e-05
2025-03-01,peak week inc flu hosp,NA,NA,12,pmf,2025-01-11,9.978751634954129e-05
2025-03-01,peak week inc flu hosp,NA,NA,12,pmf,2025-01-18,9.978751634954129e-05
2025-03-01,peak week inc flu hosp,NA,NA,12,pmf,2025-01-25,0.024908232544953106
2025-03-01,peak week inc flu hosp,NA,NA,12,pmf,2025-02-01,0.9705594455617279
2025-03-01,peak week inc flu hosp,NA,NA,12,pmf,2025-02-08,9.978751634954129e-05
2025-03-01,peak week inc flu hosp,NA,NA,12,pmf,2025-02-15,9.978751634954129e-05
2025-03-01,peak week inc flu hosp,NA,NA,12,pmf,2025-02-22,9.978751634954129e-05
2025-03-01,peak week inc flu hosp,NA,NA,12,pmf,2025-03-01,0.0002472623313502924
2025-03-01,peak week inc flu hosp,NA,NA,12,pmf,2025-03-08,0.00017210218451881956
2025-03-01,peak week inc flu hosp,NA,NA,12,pmf,2025-03-15,0.00043972613376627137
2025-03-01,peak week inc flu hosp,NA,NA,12,pmf,2025-03-22,0.0005606568813068117
2025-03-01,peak week inc flu hosp,NA,NA,12,pmf,2025-03-29,0.00023178360300810666
2025-03-01,peak week inc flu hosp,NA,NA,12,pmf,2025-04-05,0.00018961209815920077
2025-03-01,peak week inc flu hosp,NA,NA,12,pmf,2025-04-12,9.978751634954129e-05
2025-03-01,peak week inc flu hosp,NA,NA,12,pmf,2025-04-19,9.978751634954129e-05
2025-03-01,peak week inc flu hosp,NA,NA,12,pmf,2025-04-26,9.978751634954129e-05
2025-03-01,peak week inc flu hosp,NA,NA,12,pmf,2025-05-03,9.978751634954129e-05
2025-03-01,peak week inc flu hosp,NA,NA,12,pmf,2025-05-10,9.978751634954129e-05
2025-03-01,peak week inc flu hosp,NA,NA,12,pmf,2025-05-17,9.978751634954129e-05
2025-03-01,peak week inc flu hosp,NA,NA,12,pmf,2025-05-24,0.00019649075247083874
2025-03-01,peak week inc flu hosp,NA,NA,13,pmf,2024-10-05,9.978213214077715e-05
2025-03-01,peak week inc flu hosp,NA,NA,13,pmf,2024-10-12,9.978213214077715e-05
2025-03-01,peak week inc flu hosp,NA,NA,13,pmf,2024-10-19,9.978213214077715e-05
2025-03-01,peak week inc flu hosp,NA,NA,13,pmf,2024-10-26,9.978213214077715e-05
2025-03-01,peak week inc flu hosp,NA,NA,13,pmf,2024-11-02,9.978213214077715e-05
2025-03-01,peak week inc flu hosp,NA,NA,13,pmf,2024-11-09,9.978213214077715e-05
2025-03-01,peak week inc flu hosp,NA,NA,13,pmf,2024-11-16,9.978213214077715e-05
2025-03-01,peak week inc flu hosp,NA,NA,13,pmf,2024-11-23,9.978213214077715e-05
2025-03-01,peak week inc flu hosp,NA,NA,13,pmf,2024-11-30,9.978213214077715e-05
2025-03-01,peak week inc flu hosp,NA,NA,13,pmf,2024-12-07,9.978213214077715e-05
2025-03-01,peak week inc flu hosp,NA,NA,13,pmf,2024-12-14,9.978213214077715e-05
2025-03-01,peak week inc flu hosp,NA,NA,13,pmf,2024-12-21,9.978213214077715e-05
2025-03-01,peak week inc flu hosp,NA,NA,13,pmf,2024-12-28,9.978213214077715e-05
2025-03-01,peak week inc flu hosp,NA,NA,13,pmf,2025-01-04,9.978213214077715e-05
2025-03-01,peak week inc flu hosp,NA,NA,13,pmf,2025-01-11,9.978213214077715e-05
2025-03-01,peak week inc flu hosp,NA,NA,13,pmf,2025-01-18,9.978213214077715e-05
2025-03-01,peak week inc flu hosp,NA,NA,13,pmf,2025-01-25,9.978213214077715e-05
2025-03-01,peak week inc flu hosp,NA,NA,13,pmf,2025-02-01,0.9810864034949028
2025-03-01,peak week inc flu hosp,NA,NA,13,pmf,2025-02-08,0.014946340881016764
2025-03-01,peak week inc flu hosp,NA,NA,13,pmf,2025-02-15,9.978213214077715e-05
2025-03-01,peak week inc flu hosp,NA,NA,13,pmf,2025-02-22,9.978213214077715e-05
2025-03-01,peak week inc flu hosp,NA,NA,13,pmf,2025-03-01,9.978213214077715e-05
2025-03-01,peak week inc flu hosp,NA,NA,13,pmf,2025-03-08,0.00010506023337143876
2025-03-01,peak week inc flu hosp,NA,NA,13,pmf,2025-03-15,0.0004036784201564677
2025-03-01,peak week inc flu hosp,NA,NA,13,pmf,2025-03-22,0.00029704075277721344
2025-03-01,peak week inc flu hosp,NA,NA,13,pmf,2025-03-29,0.00025473174086595367
2025-03-01,peak week inc flu hosp,NA,NA,13,pmf,2025-04-05,0.00015048585338593826
2025-03-01,peak week inc flu hosp,NA,NA,13,pmf,2025-04-12,9.978213214077715e-05
2025-03-01,peak week inc flu hosp,NA,NA,13,pmf,2025-04-19,9.978213214077715e-05
2025-03-01,peak week inc flu hosp,NA,NA,13,pmf,2025-04-26,9.978213214077715e-05
2025-03-01,peak week inc flu hosp,NA,NA,13,pmf,2025-05-03,9.978213214077715e-05
2025-03-01,peak week inc flu hosp,NA,NA,13,pmf,2025-05-10,9.978213214077715e-05
2025-03-01,peak week inc flu hosp,NA,NA,13,pmf,2025-05-17,9.978213214077715e-05
2025-03-01,peak week inc flu hosp,NA,NA,13,pmf,2025-05-24,0.0001619231878633454
2025-03-01,peak week inc flu hosp,NA,NA,15,pmf,2024-10-05,9.982439908333552e-05
2025-03-01,peak week inc flu hosp,NA,NA,15,pmf,2024-10-12,9.982439908333552e-05
2025-03-01,peak week inc flu hosp,NA,NA,15,pmf,2024-10-19,9.982439908333552e-05
2025-03-01,peak week inc flu hosp,NA,NA,15,pmf,2024-10-26,9.982439908333552e-05
2025-03-01,peak week inc flu hosp,NA,NA,15,pmf,2024-11-02,9.982439908333552e-05
2025-03-01,peak week inc flu hosp,NA,NA,15,pmf,2024-11-09,9.982439908333552e-05
2025-03-01,peak week inc flu hosp,NA,NA,15,pmf,2024-11-16,9.982439908333552e-05
2025-03-01,peak week inc flu hosp,NA,NA,15,pmf,2024-11-23,9.982439908333552e-05
2025-03-01,peak week inc flu hosp,NA,NA,15,pmf,2024-11-30,9.982439908333552e-05
2025-03-01,peak week inc flu hosp,NA,NA,15,pmf,2024-12-07,9.982439908333552e-05
2025-03-01,peak week inc flu hosp,NA,NA,15,pmf,2024-12-14,9.982439908333552e-05
2025-03-01,peak week inc flu hosp,NA,NA,15,pmf,2024-12-21,0.009969242928917708
2025-03-01,peak week inc flu hosp,NA,NA,15,pmf,2024-12-28,9.982439908333552e-05
2025-03-01,peak week inc flu hosp,NA,NA,15,pmf,2025-01-04,0.9521307819017178
2025-03-01,peak week inc flu hosp,NA,NA,15,pmf,2025-01-11,0.019615208664724614
2025-03-01,peak week inc flu hosp,NA,NA,15,pmf,2025-01-18,0.00481534701254774
2025-03-01,peak week inc flu hosp,NA,NA,15,pmf,2025-01-25,9.982439908333552e-05
2025-03-01,peak week inc flu hosp,NA,NA,15,pmf,2025-02-01,9.982439908333552e-05
2025-03-01,peak week inc flu hosp,NA,NA,15,pmf,2025-02-08,9.982439908333552e-05
2025-03-01,peak week inc flu hosp,NA,NA,15,pmf,2025-02-15,9.982439908333552e-05
2025-03-01,peak week inc flu hosp,NA,NA,15,pmf,2025-02-22,0.004333103540546081
2025-03-01,peak week inc flu hosp,NA,NA,15,pmf,2025-03-01,0.002358541648734037
2025-03-01,peak week inc flu hosp,NA,NA,15,pmf,2025-03-08,0.0026373774682925647
2025-03-01,peak week inc flu hosp,NA,NA,15,pmf,2025-03-15,0.0007138944189517178
2025-03-01,peak week inc flu hosp,NA,NA,15,pmf,2025-03-22,0.000507332277197855
2025-03-01,peak week inc flu hosp,NA,NA,15,pmf,2025-03-29,0.0002688433626760018
2025-03-01,peak week inc flu hosp,NA,NA,15,pmf,2025-04-05,0.00018222128854905636
2025-03-01,peak week inc flu hosp,NA,NA,15,pmf,2025-04-12,0.0001301953058619497
2025-03-01,peak week inc flu hosp,NA,NA,15,pmf,2025-04-19,0.00010514458795742603
2025-03-01,peak week inc flu hosp,NA,NA,15,pmf,2025-04-26,9.982439908333552e-05
2025-03-01,peak week inc flu hosp,NA,NA,15,pmf,2025-05-03,9.982439908333552e-05
2025-03-01,peak week inc flu hosp,NA,NA,15,pmf,2025-05-10,9.982439908333552e-05
2025-03-01,peak week inc flu hosp,NA,NA,15,pmf,2025-05-17,9.982439908333552e-05
2025-03-01,peak week inc flu hosp,NA,NA,15,pmf,2025-05-24,0.00023627761165879104
2025-03-01,peak week inc flu hosp,NA,NA,16,pmf,2024-10-05,9.980145809645881e-05
2025-03-01,peak week inc flu hosp,NA,NA,16,pmf,2024-10-12,9.980145809645881e-05
2025-03-01,peak week inc flu hosp,NA,NA,16,pmf,2024-10-19,9.980145809645881e-05
2025-03-01,peak week inc flu hosp,NA,NA,16,pmf,2024-10-26,9.980145809645881e-05
2025-03-01,peak week inc flu hosp,NA,NA,16,pmf,2024-11-02,9.980145809645881e-05
2025-03-01,peak week inc flu hosp,NA,NA,16,pmf,2024-11-09,9.980145809645881e-05
2025-03-01,peak week inc flu hosp,NA,NA,16,pmf,2024-11-16,9.980145809645881e-05
2025-03-01,peak week inc flu hosp,NA,NA,16,pmf,2024-11-23,9.980145809645881e-05
2025-03-01,peak week inc flu hosp,NA,NA,16,pmf,2024-11-30,9.980145809645881e-05
2025-03-01,peak week inc flu hosp,NA,NA,16,pmf,2024-12-07,9.980145809645881e-05
2025-03-01,peak week inc flu hosp,NA,NA,16,pmf,2024-12-14,9.980145809645881e-05
2025-03-01,peak week inc flu hosp,NA,NA,16,pmf,2024-12-21,9.980145809645881e-05
2025-03-01,peak week inc flu hosp,NA,NA,16,pmf,2024-12-28,0.9739003175819332
2025-03-01,peak week inc flu hosp,NA,NA,16,pmf,2025-01-04,0.00995275819706961
2025-03-01,peak week inc flu hosp,NA,NA,16,pmf,2025-01-11,9.980145809645881e-05
2025-03-01,peak week inc flu hosp,NA,NA,16,pmf,2025-01-18,9.980145809645881e-05
2025-03-01,peak week inc flu hosp,NA,NA,16,pmf,2025-01-25,9.980145809645881e-05
2025-03-01,peak week inc flu hosp,NA,NA,16,pmf,2025-02-01,9.980145809645881e-05
2025-03-01,peak week inc flu hosp,NA,NA,16,pmf,2025-02-08,9.980145809645881e-05
2025-03-01,peak week inc flu hosp,NA,NA,16,pmf,2025-02-15,9.980145809645881e-05
2025-03-01,peak week inc flu hosp,NA,NA,16,pmf,2025-02-22,9.980145809645881e-05
2025-03-01,peak week inc flu hosp,NA,NA,16,pmf,2025-03-01,0.0025968061001796034
2025-03-01,peak week inc flu hosp,NA,NA,16,pmf,2025-03-08,0.0065450619348814
2025-03-01,peak week inc flu hosp,NA,NA,16,pmf,2025-03-15,0.0023303052552311795
2025-03-01,peak week inc flu hosp,NA,NA,16,pmf,2025-03-22,0.0010300888979182363
2025-03-01,peak week inc flu hosp,NA,NA,16,pmf,2025-03-29,0.0004248163881376802
2025-03-01,peak week inc flu hosp,NA,NA,16,pmf,2025-04-05,0.00024703972537911615
2025-03-01,peak week inc flu hosp,NA,NA,16,pmf,2025-04-12,0.00017586824084908
2025-03-01,peak week inc flu hosp,NA,NA,16,pmf,2025-04-19,0.0001838904389517748
2025-03-01,peak week inc flu hosp,NA,NA,16,pmf,2025-04-26,9.980145809645881e-05
2025-03-01,peak week inc flu hosp,NA,NA,16,pmf,2025-05-03,9.980145809645881e-05
2025-03-01,peak week inc flu hosp,NA,NA,16,pmf,2025-05-10,9.980145809645881e-05
2025-03-01,peak week inc flu hosp,NA,NA,16,pmf,2025-05-17,9.980145809645881e-05
2025-03-01,peak week inc flu hosp,NA,NA,16,pmf,2025-05-24,0.0003176137032506482
2025-03-01,peak week inc flu hosp,NA,NA,17,pmf,2024-10-05,9.982829625265516e-05
2025-03-01,peak week inc flu hosp,NA,NA,17,pmf,2024-10-12,9.982829625265516e-05
2025-03-01,peak week inc flu hosp,NA,NA,17,pmf,2024-10-19,9.982829625265516e-05
2025-03-01,peak week inc flu hosp,NA,NA,17,pmf,2024-10-26,9.982829625265516e-05
2025-03-01,peak week inc flu hosp,NA,NA,17,pmf,2024-11-02,9.982829625265516e-05
2025-03-01,peak week inc flu hosp,NA,NA,17,pmf,2024-11-09,9.982829625265516e-05
2025-03-01,peak week inc flu hosp,NA,NA,17,pmf,2024-11-16,9.982829625265516e-05
2025-03-01,peak week inc flu hosp,NA,NA,17,pmf,2024-11-23,9.982829625265516e-05
2025-03-01,peak week inc flu hosp,NA,NA,17,pmf,2024-11-30,9.982829625265516e-05
2025-03-01,peak week inc flu hosp,NA,NA,17,pmf,2024-12-07,9.982829625265516e-05
2025-03-01,peak week inc flu hosp,NA,NA,17,pmf,2024-12-14,9.982829625265516e-05
2025-03-01,peak week inc flu hosp,NA,NA,17,pmf,2024-12-21,9.982829625265516e-05
2025-03-01,peak week inc flu hosp,NA,NA,17,pmf,2024-12-28,9.982829625265516e-05
2025-03-01,peak week inc flu hosp,NA,NA,17,pmf,2025-01-04,9.982829625265516e-05
2025-03-01,peak week inc flu hosp,NA,NA,17,pmf,2025-01-11,9.982829625265516e-05
2025-03-01,peak week inc flu hosp,NA,NA,17,pmf,2025-01-18,0.009956774512012
2025-03-01,peak week inc flu hosp,NA,NA,17,pmf,2025-01-25,0.009970683664598377
2025-03-01,peak week inc flu hosp,NA,NA,17,pmf,2025-02-01,0.06929284941593944
2025-03-01,peak week inc flu hosp,NA,NA,17,pmf,2025-02-08,0.8974506484708877
2025-03-01,peak week inc flu hosp,NA,NA,17,pmf,2025-02-15,9.982829625265516e-05
2025-03-01,peak week inc flu hosp,NA,NA,17,pmf,2025-02-22,0.004640511108722366
2025-03-01,peak week inc flu hosp,NA,NA,17,pmf,2025-03-01,0.0020557601169167166
2025-03-01,peak week inc flu hosp,NA,NA,17,pmf,2025-03-08,0.001632173018905389
2025-03-01,peak week inc flu hosp,NA,NA,17,pmf,2025-03-15,0.001333750012268647
2025-03-01,peak week inc flu hosp,NA,NA,17,pmf,2025-03-22,0.0005608467377322279
2025-03-01,peak week inc flu hosp,NA,NA,17,pmf,2025-03-29,0.00031598950682683877
2025-03-01,peak week inc flu hosp,NA,NA,17,pmf,2025-04-05,0.0002098515590139912
2025-03-01,peak week inc flu hosp,NA,NA,17,pmf,2025-04-12,0.0001676956424746092
2025-03-01,peak week inc flu hosp,NA,NA,17,pmf,2025-04-19,0.0001394249746645136
2025-03-01,peak week inc flu hosp,NA,NA,17,pmf,2025-04-26,9.982829625265516e-05
2025-03-01,peak week inc flu hosp,NA,NA,17,pmf,2025-05-03,9.982829625265516e-05
2025-03-01,peak week inc flu hosp,NA,NA,17,pmf,2025-05-10,9.982829625265516e-05
2025-03-01,peak week inc flu hosp,NA,NA,17,pmf,2025-05-17,9.982829625265516e-05
2025-03-01,peak week inc flu hosp,NA,NA,17,pmf,2025-05-24,0.00027647533398396563
2025-03-01,peak week inc flu hosp,NA,NA,18,pmf,2024-10-05,9.983028850953382e-05
2025-03-01,peak week inc flu hosp,NA,NA,18,pmf,2024-10-12,9.983028850953382e-05
2025-03-01,peak week inc flu hosp,NA,NA,18,pmf,2024-10-19,9.983028850953382e-05
2025-03-01,peak week inc flu hosp,NA,NA,18,pmf,2024-10-26,9.983028850953382e-05
2025-03-01,peak week inc flu hosp,NA,NA,18,pmf,2024-11-02,9.983028850953382e-05
2025-03-01,peak week inc flu hosp,NA,NA,18,pmf,2024-11-09,9.983028850953382e-05
2025-03-01,peak week inc flu hosp,NA,NA,18,pmf,2024-11-16,9.983028850953382e-05
2025-03-01,peak week inc flu hosp,NA,NA,18,pmf,2024-11-23,9.983028850953382e-05
2025-03-01,peak week inc flu hosp,NA,NA,18,pmf,2024-11-30,9.983028850953382e-05
2025-03-01,peak week inc flu hosp,NA,NA,18,pmf,2024-12-07,9.983028850953382e-05
2025-03-01,peak week inc flu hosp,NA,NA,18,pmf,2024-12-14,9.983028850953382e-05
2025-03-01,peak week inc flu hosp,NA,NA,18,pmf,2024-12-21,9.983028850953382e-05
2025-03-01,peak week inc flu hosp,NA,NA,18,pmf,2024-12-28,9.983028850953382e-05
2025-03-01,peak week inc flu hosp,NA,NA,18,pmf,2025-01-04,9.983028850953382e-05
2025-03-01,peak week inc flu hosp,NA,NA,18,pmf,2025-01-11,9.983028850953382e-05
2025-03-01,peak week inc flu hosp,NA,NA,18,pmf,2025-01-18,9.983028850953382e-05
2025-03-01,peak week inc flu hosp,NA,NA,18,pmf,2025-01-25,9.983028850953382e-05
2025-03-01,peak week inc flu hosp,NA,NA,18,pmf,2025-02-01,0.029846991926042767
2025-03-01,peak week inc flu hosp,NA,NA,18,pmf,2025-02-08,0.8396576400940322
2025-03-01,peak week inc flu hosp,NA,NA,18,pmf,2025-02-15,0.056652789991945895
2025-03-01,peak week inc flu hosp,NA,NA,18,pmf,2025-02-22,0.008871318398945324
2025-03-01,peak week inc flu hosp,NA,NA,18,pmf,2025-03-01,0.03489529547524543
2025-03-01,peak week inc flu hosp,NA,NA,18,pmf,2025-03-08,0.013063739594829473
2025-03-01,peak week inc flu hosp,NA,NA,18,pmf,2025-03-15,0.00856390684461271
2025-03-01,peak week inc flu hosp,NA,NA,18,pmf,2025-03-22,0.0031728841160554343
2025-03-01,peak week inc flu hosp,NA,NA,18,pmf,2025-03-29,0.0011127149062413147
2025-03-01,peak week inc flu hosp,NA,NA,18,pmf,2025-04-05,0.0005927488495381789
2025-03-01,peak week inc flu hosp,NA,NA,18,pmf,2025-04-12,0.00038991445994205275
2025-03-01,peak week inc flu hosp,NA,NA,18,pmf,2025-04-19,0.00028121676051487453
2025-03-01,peak week inc flu hosp,NA,NA,18,pmf,2025-04-26,0.00021251554705327094
2025-03-01,peak week inc flu hosp,NA,NA,18,pmf,2025-05-03,0.0001632237593740905
2025-03-01,peak week inc flu hosp,NA,NA,18,pmf,2025-05-10,0.00012989795357163812
2025-03-01,peak week inc flu hosp,NA,NA,18,pmf,2025-05-17,0.0001284640428887197
2025-03-01,peak week inc flu hosp,NA,NA,18,pmf,2025-05-24,0.0005676223745046183
2025-03-01,peak week inc flu hosp,NA,NA,19,pmf,2024-10-05,9.981441683752843e-05
2025-03-01,peak week inc flu hosp,NA,NA,19,pmf,2024-10-12,9.981441683752843e-05
2025-03-01,peak week inc flu hosp,NA,NA,19,pmf,2024-10-19,9.981441683752843e-05
2025-03-01,peak week inc flu hosp,NA,NA,19,pmf,2024-10-26,9.981441683752843e-05
2025-03-01,peak week inc flu hosp,NA,NA,19,pmf,2024-11-02,9.981441683752843e-05
2025-03-01,peak week inc flu hosp,NA,NA,19,pmf,2024-11-09,9.981441683752843e-05
2025-03-01,peak week inc flu hosp,NA,NA,19,pmf,2024-11-16,9.981441683752843e-05
2025-03-01,peak week inc flu hosp,NA,NA,19,pmf,2024-11-23,9.981441683752843e-05
2025-03-01,peak week inc flu hosp,NA,NA,19,pmf,2024-11-30,9.981441683752843e-05
2025-03-01,peak week inc flu hosp,NA,NA,19,pmf,2024-12-07,9.981441683752843e-05
2025-03-01,peak week inc flu hosp,NA,NA,19,pmf,2024-12-14,9.981441683752843e-05
2025-03-01,peak week inc flu hosp,NA,NA,19,pmf,2024-12-21,9.981441683752843e-05
2025-03-01,peak week inc flu hosp,NA,NA,19,pmf,2024-12-28,9.981441683752843e-05
2025-03-01,peak week inc flu hosp,NA,NA,19,pmf,2025-01-04,9.981441683752843e-05
2025-03-01,peak week inc flu hosp,NA,NA,19,pmf,2025-01-11,9.981441683752843e-05
2025-03-01,peak week inc flu hosp,NA,NA,19,pmf,2025-01-18,9.981441683752843e-05
2025-03-01,peak week inc flu hosp,NA,NA,19,pmf,2025-01-25,9.981441683752843e-05
2025-03-01,peak week inc flu hosp,NA,NA,19,pmf,2025-02-01,0.004971040555672382
2025-03-01,peak week inc flu hosp,NA,NA,19,pmf,2025-02-08,0.9727723417667646
2025-03-01,peak week inc flu hosp,NA,NA,19,pmf,2025-02-15,0.00978616754321809
2025-03-01,peak week inc flu hosp,NA,NA,19,pmf,2025-02-22,9.981441683752843e-05
2025-03-01,peak week inc flu hosp,NA,NA,19,pmf,2025-03-01,0.0025762694813658968
2025-03-01,peak week inc flu hosp,NA,NA,19,pmf,2025-03-08,0.002334420492958588
2025-03-01,peak week inc flu hosp,NA,NA,19,pmf,2025-03-15,0.002583131308074294
2025-03-01,peak week inc flu hosp,NA,NA,19,pmf,2025-03-22,0.001157972944056307
2025-03-01,peak week inc flu hosp,NA,NA,19,pmf,2025-03-29,0.0005331104568692003
2025-03-01,peak week inc flu hosp,NA,NA,19,pmf,2025-04-05,0.00036266947892355254
2025-03-01,peak week inc flu hosp,NA,NA,19,pmf,2025-04-12,0.00021624473760387187
2025-03-01,peak week inc flu hosp,NA,NA,19,pmf,2025-04-19,0.00016994692552476357
2025-03-01,peak week inc flu hosp,NA,NA,19,pmf,2025-04-26,0.00010099922394751749
2025-03-01,peak week inc flu hosp,NA,NA,19,pmf,2025-05-03,9.981441683752843e-05
2025-03-01,peak week inc flu hosp,NA,NA,19,pmf,2025-05-10,9.981441683752843e-05
2025-03-01,peak week inc flu hosp,NA,NA,19,pmf,2025-05-17,9.981441683752843e-05
2025-03-01,peak week inc flu hosp,NA,NA,19,pmf,2025-05-24,0.0003395823314328279
2025-03-01,peak week inc flu hosp,NA,NA,20,pmf,2024-10-05,9.982864179593936e-05
2025-03-01,peak week inc flu hosp,NA,NA,20,pmf,2024-10-12,9.982864179593936e-05
2025-03-01,peak week inc flu hosp,NA,NA,20,pmf,2024-10-19,9.982864179593936e-05
2025-03-01,peak week inc flu hosp,NA,NA,20,pmf,2024-10-26,9.982864179593936e-05
2025-03-01,peak week inc flu hosp,NA,NA,20,pmf,2024-11-02,9.982864179593936e-05
2025-03-01,peak week inc flu hosp,NA,NA,20,pmf,2024-11-09,9.982864179593936e-05
2025-03-01,peak week inc flu hosp,NA,NA,20,pmf,2024-11-16,9.982864179593936e-05
2025-03-01,peak week inc flu hosp,NA,NA,20,pmf,2024-11-23,9.982864179593936e-05
2025-03-01,peak week inc flu hosp,NA,NA,20,pmf,2024-11-30,9.982864179593936e-05
2025-03-01,peak week inc flu hosp,NA,NA,20,pmf,2024-12-07,9.982864179593936e-05
2025-03-01,peak week inc flu hosp,NA,NA,20,pmf,2024-12-14,9.982864179593936e-05
2025-03-01,peak week inc flu hosp,NA,NA,20,pmf,2024-12-21,9.982864179593936e-05
2025-03-01,peak week inc flu hosp,NA,NA,20,pmf,2024-12-28,0.004983283905297536
2025-03-01,peak week inc flu hosp,NA,NA,20,pmf,2025-01-04,9.982864179593936e-05
2025-03-01,peak week inc flu hosp,NA,NA,20,pmf,2025-01-11,9.982864179593936e-05
2025-03-01,peak week inc flu hosp,NA,NA,20,pmf,2025-01-18,9.982864179593936e-05
2025-03-01,peak week inc flu hosp,NA,NA,20,pmf,2025-01-25,9.982864179593936e-05
2025-03-01,peak week inc flu hosp,NA,NA,20,pmf,2025-02-01,9.982864179593936e-05
2025-03-01,peak week inc flu hosp,NA,NA,20,pmf,2025-02-08,0.10273036495608924
2025-03-01,peak week inc flu hosp,NA,NA,20,pmf,2025-02-15,0.8676504386767669
2025-03-01,peak week inc flu hosp,NA,NA,20,pmf,2025-02-22,0.00449230321996176
2025-03-01,peak week inc flu hosp,NA,NA,20,pmf,2025-03-01,0.007863607140195784
2025-03-01,peak week inc flu hosp,NA,NA,20,pmf,2025-03-08,0.003567759818848991
2025-03-01,peak week inc flu hosp,NA,NA,20,pmf,2025-03-15,0.00343989171099623
2025-03-01,peak week inc flu hosp,NA,NA,20,pmf,2025-03-22,0.0012033420979578214
2025-03-01,peak week inc flu hosp,NA,NA,20,pmf,2025-03-29,0.0005895812346586337
2025-03-01,peak week inc flu hosp,NA,NA,20,pmf,2025-04-05,0.0003456438577299422
2025-03-01,peak week inc flu hosp,NA,NA,20,pmf,2025-04-12,0.0003299651054195213
2025-03-01,peak week inc flu hosp,NA,NA,20,pmf,2025-04-19,0.00025059397307124393
2025-03-01,peak week inc flu hosp,NA,NA,20,pmf,2025-04-26,0.0001607603000590932
2025-03-01,peak week inc flu hosp,NA,NA,20,pmf,2025-05-03,0.00010391526257770303
2025-03-01,peak week inc flu hosp,NA,NA,20,pmf,2025-05-10,9.982864179593936e-05
2025-03-01,peak week inc flu hosp,NA,NA,20,pmf,2025-05-17,9.982864179593936e-05
2025-03-01,peak week inc flu hosp,NA,NA,20,pmf,2025-05-24,0.0003918045462466984
2025-03-01,peak week inc flu hosp,NA,NA,21,pmf,2024-10-05,9.983965584829923e-05
2025-03-01,peak week inc flu hosp,NA,NA,21,pmf,2024-10-12,9.983965584829923e-05
2025-03-01,peak week inc flu hosp,NA,NA,21,pmf,2024-10-19,9.983965584829923e-05
2025-03-01,peak week inc flu hosp,NA,NA,21,pmf,2024-10-26,9.983965584829923e-05
2025-03-01,peak week inc flu hosp,NA,NA,21,pmf,2024-11-02,9.983965584829923e-05
2025-03-01,peak week inc flu hosp,NA,NA,21,pmf,2024-11-09,9.983965584829923e-05
2025-03-01,peak week inc flu hosp,NA,NA,21,pmf,2024-11-16,9.983965584829923e-05
2025-03-01,peak week inc flu hosp,NA,NA,21,pmf,2024-11-23,9.983965584829923e-05
2025-03-01,peak week inc flu hosp,NA,NA,21,pmf,2024-11-30,9.983965584829923e-05
2025-03-01,peak week inc flu hosp,NA,NA,21,pmf,2024-12-07,9.983965584829923e-05
2025-03-01,peak week inc flu hosp,NA,NA,21,pmf,2024-12-14,9.983965584829923e-05
2025-03-01,peak week inc flu hosp,NA,NA,21,pmf,2024-12-21,9.983965584829923e-05
2025-03-01,peak week inc flu hosp,NA,NA,21,pmf,2024-12-28,9.983965584829923e-05
2025-03-01,peak week inc flu hosp,NA,NA,21,pmf,2025-01-04,0.0049838387306366735
2025-03-01,peak week inc flu hosp,NA,NA,21,pmf,2025-01-11,9.983965584829923e-05
2025-03-01,peak week inc flu hosp,NA,NA,21,pmf,2025-01-18,0.004977719760938543
2025-03-01,peak week inc flu hosp,NA,NA,21,pmf,2025-01-25,9.983965584829923e-05
2025-03-01,peak week inc flu hosp,NA,NA,21,pmf,2025-02-01,0.009972100282230206
2025-03-01,peak week inc flu hosp,NA,NA,21,pmf,2025-02-08,0.15585659246217784
2025-03-01,peak week inc flu hosp,NA,NA,21,pmf,2025-02-15,0.7943947680825527
2025-03-01,peak week inc flu hosp,NA,NA,21,pmf,2025-02-22,9.983965584829923e-05
2025-03-01,peak week inc flu hosp,NA,NA,21,pmf,2025-03-01,0.01505131822232106
2025-03-01,peak week inc flu hosp,NA,NA,21,pmf,2025-03-08,0.005535682136205755
2025-03-01,peak week inc flu hosp,NA,NA,21,pmf,2025-03-15,0.004143139213375967
2025-03-01,peak week inc flu hosp,NA,NA,21,pmf,2025-03-22,0.001153218875941243
2025-03-01,peak week inc flu hosp,NA,NA,21,pmf,2025-03-29,0.0005550656416182188
2025-03-01,peak week inc flu hosp,NA,NA,21,pmf,2025-04-05,0.0003657866350151009
2025-03-01,peak week inc flu hosp,NA,NA,21,pmf,2025-04-12,0.00030905765015195534
2025-03-01,peak week inc flu hosp,NA,NA,21,pmf,2025-04-19,0.0002531796990363215
2025-03-01,peak week inc flu hosp,NA,NA,21,pmf,2025-04-26,0.00014855380598224213
2025-03-01,peak week inc flu hosp,NA,NA,21,pmf,2025-05-03,0.00010771219441371186
2025-03-01,peak week inc flu hosp,NA,NA,21,pmf,2025-05-10,9.983965584829923e-05
2025-03-01,peak week inc flu hosp,NA,NA,21,pmf,2025-05-17,9.983965584829923e-05
2025-03-01,peak week inc flu hosp,NA,NA,21,pmf,2025-05-24,0.00039515280213288866
2025-03-01,peak week inc flu hosp,NA,NA,22,pmf,2024-10-05,9.980740522013097e-05
2025-03-01,peak week inc flu hosp,NA,NA,22,pmf,2024-10-12,9.980740522013097e-05
2025-03-01,peak week inc flu hosp,NA,NA,22,pmf,2024-10-19,9.980740522013097e-05
2025-03-01,peak week inc flu hosp,NA,NA,22,pmf,2024-10-26,9.980740522013097e-05
2025-03-01,peak week inc flu hosp,NA,NA,22,pmf,2024-11-02,9.980740522013097e-05
2025-03-01,peak week inc flu hosp,NA,NA,22,pmf,2024-11-09,9.980740522013097e-05
2025-03-01,peak week inc flu hosp,NA,NA,22,pmf,2024-11-16,9.980740522013097e-05
2025-03-01,peak week inc flu hosp,NA,NA,22,pmf,2024-11-23,9.980740522013097e-05
2025-03-01,peak week inc flu hosp,NA,NA,22,pmf,2024-11-30,9.980740522013097e-05
2025-03-01,peak week inc flu hosp,NA,NA,22,pmf,2024-12-07,9.980740522013097e-05
2025-03-01,peak week inc flu hosp,NA,NA,22,pmf,2024-12-14,9.980740522013097e-05
2025-03-01,peak week inc flu hosp,NA,NA,22,pmf,2024-12-21,9.980740522013097e-05
2025-03-01,peak week inc flu hosp,NA,NA,22,pmf,2024-12-28,0.05466078224256033
2025-03-01,peak week inc flu hosp,NA,NA,22,pmf,2025-01-04,0.8687555899086372
2025-03-01,peak week inc flu hosp,NA,NA,22,pmf,2025-01-11,9.980740522013097e-05
2025-03-01,peak week inc flu hosp,NA,NA,22,pmf,2025-01-18,9.980740522013097e-05
2025-03-01,peak week inc flu hosp,NA,NA,22,pmf,2025-01-25,9.980740522013097e-05
2025-03-01,peak week inc flu hosp,NA,NA,22,pmf,2025-02-01,0.06949373757455621
2025-03-01,peak week inc flu hosp,NA,NA,22,pmf,2025-02-08,9.980740522013097e-05
2025-03-01,peak week inc flu hosp,NA,NA,22,pmf,2025-02-15,9.980740522013097e-05
2025-03-01,peak week inc flu hosp,NA,NA,22,pmf,2025-02-22,9.980740522013097e-05
2025-03-01,peak week inc flu hosp,NA,NA,22,pmf,2025-03-01,0.0014080354237576145
2025-03-01,peak week inc flu hosp,NA,NA,22,pmf,2025-03-08,0.0006401929852589439
2025-03-01,peak week inc flu hosp,NA,NA,22,pmf,2025-03-15,0.0009839937277249162
2025-03-01,peak week inc flu hosp,NA,NA,22,pmf,2025-03-22,0.0006965695115920969
2025-03-01,peak week inc flu hosp,NA,NA,22,pmf,2025-03-29,0.0003647278101950941
2025-03-01,peak week inc flu hosp,NA,NA,22,pmf,2025-04-05,0.0002350264057691626
2025-03-01,peak week inc flu hosp,NA,NA,22,pmf,2025-04-12,0.00014243574229015567
2025-03-01,peak week inc flu hosp,NA,NA,22,pmf,2025-04-19,0.0001828204526859716
2025-03-01,peak week inc flu hosp,NA,NA,22,pmf,2025-04-26,9.980740522013097e-05
2025-03-01,peak week inc flu hosp,NA,NA,22,pmf,2025-05-03,9.980740522013097e-05
2025-03-01,peak week inc flu hosp,NA,NA,22,pmf,2025-05-10,9.980740522013097e-05
2025-03-01,peak week inc flu hosp,NA,NA,22,pmf,2025-05-17,9.980740522013097e-05
2025-03-01,peak week inc flu hosp,NA,NA,22,pmf,2025-05-24,0.00024032530012953074
2025-03-01,peak week inc flu hosp,NA,NA,23,pmf,2024-10-05,9.982032341784786e-05
2025-03-01,peak week inc flu hosp,NA,NA,23,pmf,2024-10-12,9.982032341784786e-05
2025-03-01,peak week inc flu hosp,NA,NA,23,pmf,2024-10-19,9.982032341784786e-05
2025-03-01,peak week inc flu hosp,NA,NA,23,pmf,2024-10-26,9.982032341784786e-05
2025-03-01,peak week inc flu hosp,NA,NA,23,pmf,2024-11-02,9.982032341784786e-05
2025-03-01,peak week inc flu hosp,NA,NA,23,pmf,2024-11-09,9.982032341784786e-05
2025-03-01,peak week inc flu hosp,NA,NA,23,pmf,2024-11-16,9.982032341784786e-05
2025-03-01,peak week inc flu hosp,NA,NA,23,pmf,2024-11-23,9.982032341784786e-05
2025-03-01,peak week inc flu hosp,NA,NA,23,pmf,2024-11-30,9.982032341784786e-05
2025-03-01,peak week inc flu hosp,NA,NA,23,pmf,2024-12-07,9.982032341784786e-05
2025-03-01,peak week inc flu hosp,NA,NA,23,pmf,2024-12-14,9.982032341784786e-05
2025-03-01,peak week inc flu hosp,NA,NA,23,pmf,2024-12-21,9.982032341784786e-05
2025-03-01,peak week inc flu hosp,NA,NA,23,pmf,2024-12-28,9.982032341784786e-05
2025-03-01,peak week inc flu hosp,NA,NA,23,pmf,2025-01-04,9.982032341784786e-05
2025-03-01,peak week inc flu hosp,NA,NA,23,pmf,2025-01-11,0.004979196406934978
2025-03-01,peak week inc flu hosp,NA,NA,23,pmf,2025-01-18,9.982032341784786e-05
2025-03-01,peak week inc flu hosp,NA,NA,23,pmf,2025-01-25,9.982032341784786e-05
2025-03-01,peak week inc flu hosp,NA,NA,23,pmf,2025-02-01,9.982032341784786e-05
2025-03-01,peak week inc flu hosp,NA,NA,23,pmf,2025-02-08,9.982032341784786e-05
2025-03-01,peak week inc flu hosp,NA,NA,23,pmf,2025-02-15,0.7755967980178073
2025-03-01,peak week inc flu hosp,NA,NA,23,pmf,2025-02-22,0.10145327389399031
2025-03-01,peak week inc flu hosp,NA,NA,23,pmf,2025-03-01,0.06307189984907678
2025-03-01,peak week inc flu hosp,NA,NA,23,pmf,2025-03-08,0.033532669462563905
2025-03-01,peak week inc flu hosp,NA,NA,23,pmf,2025-03-15,0.012337014925013743
2025-03-01,peak week inc flu hosp,NA,NA,23,pmf,2025-03-22,0.0031808023532455716
2025-03-01,peak week inc flu hosp,NA,NA,23,pmf,2025-03-29,0.0009670599770103746
2025-03-01,peak week inc flu hosp,NA,NA,23,pmf,2025-04-05,0.0007558561687763645
2025-03-01,peak week inc flu hosp,NA,NA,23,pmf,2025-04-12,0.0004435427035221695
2025-03-01,peak week inc flu hosp,NA,NA,23,pmf,2025-04-19,0.0003204518922055109
2025-03-01,peak week inc flu hosp,NA,NA,23,pmf,2025-04-26,0.0002440403070542416
2025-03-01,peak week inc flu hosp,NA,NA,23,pmf,2025-05-03,0.00018821273054803975
2025-03-01,peak week inc flu hosp,NA,NA,23,pmf,2025-05-10,0.0003044290457582697
2025-03-01,peak week inc flu hosp,NA,NA,23,pmf,2025-05-17,0.0001560383540296595
2025-03-01,peak week inc flu hosp,NA,NA,23,pmf,2025-05-24,0.0006719480909416042
2025-03-01,peak week inc flu hosp,NA,NA,24,pmf,2024-10-05,9.98221758044002e-05
2025-03-01,peak week inc flu hosp,NA,NA,24,pmf,2024-10-12,9.98221758044002e-05
2025-03-01,peak week inc flu hosp,NA,NA,24,pmf,2024-10-19,9.98221758044002e-05
2025-03-01,peak week inc flu hosp,NA,NA,24,pmf,2024-10-26,9.98221758044002e-05
2025-03-01,peak week inc flu hosp,NA,NA,24,pmf,2024-11-02,9.98221758044002e-05
2025-03-01,peak week inc flu hosp,NA,NA,24,pmf,2024-11-09,9.98221758044002e-05
2025-03-01,peak week inc flu hosp,NA,NA,24,pmf,2024-11-16,9.98221758044002e-05
2025-03-01,peak week inc flu hosp,NA,NA,24,pmf,2024-11-23,9.98221758044002e-05
2025-03-01,peak week inc flu hosp,NA,NA,24,pmf,2024-11-30,9.98221758044002e-05
2025-03-01,peak week inc flu hosp,NA,NA,24,pmf,2024-12-07,9.98221758044002e-05
2025-03-01,peak week inc flu hosp,NA,NA,24,pmf,2024-12-14,9.98221758044002e-05
2025-03-01,peak week inc flu hosp,NA,NA,24,pmf,2024-12-21,9.98221758044002e-05
2025-03-01,peak week inc flu hosp,NA,NA,24,pmf,2024-12-28,9.98221758044002e-05
2025-03-01,peak week inc flu hosp,NA,NA,24,pmf,2025-01-04,9.98221758044002e-05
2025-03-01,peak week inc flu hosp,NA,NA,24,pmf,2025-01-11,9.98221758044002e-05
2025-03-01,peak week inc flu hosp,NA,NA,24,pmf,2025-01-18,0.024877979411883907
2025-03-01,peak week inc flu hosp,NA,NA,24,pmf,2025-01-25,0.004983725488713682
2025-03-01,peak week inc flu hosp,NA,NA,24,pmf,2025-02-01,9.98221758044002e-05
2025-03-01,peak week inc flu hosp,NA,NA,24,pmf,2025-02-08,0.014753940526800078
2025-03-01,peak week inc flu hosp,NA,NA,24,pmf,2025-02-15,0.9412012973991165
2025-03-01,peak week inc flu hosp,NA,NA,24,pmf,2025-02-22,9.98221758044002e-05
2025-03-01,peak week inc flu hosp,NA,NA,24,pmf,2025-03-01,0.00471661173916957
2025-03-01,peak week inc flu hosp,NA,NA,24,pmf,2025-03-08,0.003548231570686855
2025-03-01,peak week inc flu hosp,NA,NA,24,pmf,2025-03-15,0.0019992212411085483
2025-03-01,peak week inc flu hosp,NA,NA,24,pmf,2025-03-22,0.0005477343270337834
2025-03-01,peak week inc flu hosp,NA,NA,24,pmf,2025-03-29,0.00031892536595354737
2025-03-01,peak week inc flu hosp,NA,NA,24,pmf,2025-04-05,0.00023186343813771864
2025-03-01,peak week inc flu hosp,NA,NA,24,pmf,2025-04-12,0.00023788751989728697
2025-03-01,peak week inc flu hosp,NA,NA,24,pmf,2025-04-19,0.0001775225825401014
2025-03-01,peak week inc flu hosp,NA,NA,24,pmf,2025-04-26,0.00010143204491703792
2025-03-01,peak week inc flu hosp,NA,NA,24,pmf,2025-05-03,9.98221758044002e-05
2025-03-01,peak week inc flu hosp,NA,NA,24,pmf,2025-05-10,9.98221758044002e-05
2025-03-01,peak week inc flu hosp,NA,NA,24,pmf,2025-05-17,9.98221758044002e-05
2025-03-01,peak week inc flu hosp,NA,NA,24,pmf,2025-05-24,0.0003071838279534342
2025-03-01,peak week inc flu hosp,NA,NA,25,pmf,2024-10-05,9.98391683476069e-05
2025-03-01,peak week inc flu hosp,NA,NA,25,pmf,2024-10-12,9.98391683476069e-05
2025-03-01,peak week inc flu hosp,NA,NA,25,pmf,2024-10-19,9.98391683476069e-05
2025-03-01,peak week inc flu hosp,NA,NA,25,pmf,2024-10-26,9.98391683476069e-05
2025-03-01,peak week inc flu hosp,NA,NA,25,pmf,2024-11-02,9.98391683476069e-05
2025-03-01,peak week inc flu hosp,NA,NA,25,pmf,2024-11-09,9.98391683476069e-05
2025-03-01,peak week inc flu hosp,NA,NA,25,pmf,2024-11-16,9.98391683476069e-05
2025-03-01,peak week inc flu hosp,NA,NA,25,pmf,2024-11-23,9.98391683476069e-05
2025-03-01,peak week inc flu hosp,NA,NA,25,pmf,2024-11-30,9.98391683476069e-05
2025-03-01,peak week inc flu hosp,NA,NA,25,pmf,2024-12-07,9.98391683476069e-05
2025-03-01,peak week inc flu hosp,NA,NA,25,pmf,2024-12-14,9.98391683476069e-05
2025-03-01,peak week inc flu hosp,NA,NA,25,pmf,2024-12-21,9.98391683476069e-05
2025-03-01,peak week inc flu hosp,NA,NA,25,pmf,2024-12-28,9.98391683476069e-05
2025-03-01,peak week inc flu hosp,NA,NA,25,pmf,2025-01-04,9.98391683476069e-05
2025-03-01,peak week inc flu hosp,NA,NA,25,pmf,2025-01-11,9.98391683476069e-05
2025-03-01,peak week inc flu hosp,NA,NA,25,pmf,2025-01-18,0.0049787783959853405
2025-03-01,peak week inc flu hosp,NA,NA,25,pmf,2025-01-25,9.98391683476069e-05
2025-03-01,peak week inc flu hosp,NA,NA,25,pmf,2025-02-01,0.009899254483347443
2025-03-01,peak week inc flu hosp,NA,NA,25,pmf,2025-02-08,0.93186012349957
2025-03-01,peak week inc flu hosp,NA,NA,25,pmf,2025-02-15,0.019551242185795965
2025-03-01,peak week inc flu hosp,NA,NA,25,pmf,2025-02-22,0.009144863833749895
2025-03-01,peak week inc flu hosp,NA,NA,25,pmf,2025-03-01,0.010814548481477358
2025-03-01,peak week inc flu hosp,NA,NA,25,pmf,2025-03-08,0.004627119131366579
2025-03-01,peak week inc flu hosp,NA,NA,25,pmf,2025-03-15,0.003811685748098605
2025-03-01,peak week inc flu hosp,NA,NA,25,pmf,2025-03-22,0.0013276540388397558
2025-03-01,peak week inc flu hosp,NA,NA,25,pmf,2025-03-29,0.0006186045614063992
2025-03-01,peak week inc flu hosp,NA,NA,25,pmf,2025-04-05,0.0003876976265817969
2025-03-01,peak week inc flu hosp,NA,NA,25,pmf,2025-04-12,0.00031462377265523253
2025-03-01,peak week inc flu hosp,NA,NA,25,pmf,2025-04-19,0.0001996009338045463
2025-03-01,peak week inc flu hosp,NA,NA,25,pmf,2025-04-26,0.0001456430158900417
2025-03-01,peak week inc flu hosp,NA,NA,25,pmf,2025-05-03,0.00011165259340594616
2025-03-01,peak week inc flu hosp,NA,NA,25,pmf,2025-05-10,9.98391683476069e-05
2025-03-01,peak week inc flu hosp,NA,NA,25,pmf,2025-05-17,9.98391683476069e-05
2025-03-01,peak week inc flu hosp,NA,NA,25,pmf,2025-05-24,0.00040980266776817834
2025-03-01,peak week inc flu hosp,NA,NA,26,pmf,2024-10-05,9.985022466300551e-05
2025-03-01,peak week inc flu hosp,NA,NA,26,pmf,2024-10-12,9.985022466300551e-05
2025-03-01,peak week inc flu hosp,NA,NA,26,pmf,2024-10-19,9.985022466300551e-05
2025-03-01,peak week inc flu hosp,NA,NA,26,pmf,2024-10-26,9.985022466300551e-05
2025-03-01,peak week inc flu hosp,NA,NA,26,pmf,2024-11-02,9.985022466300551e-05
2025-03-01,peak week inc flu hosp,NA,NA,26,pmf,2024-11-09,9.985022466300551e-05
2025-03-01,peak week inc flu hosp,NA,NA,26,pmf,2024-11-16,9.985022466300551e-05
2025-03-01,peak week inc flu hosp,NA,NA,26,pmf,2024-11-23,9.985022466300551e-05
2025-03-01,peak week inc flu hosp,NA,NA,26,pmf,2024-11-30,9.985022466300551e-05
2025-03-01,peak week inc flu hosp,NA,NA,26,pmf,2024-12-07,9.985022466300551e-05
2025-03-01,peak week inc flu hosp,NA,NA,26,pmf,2024-12-14,9.985022466300551e-05
2025-03-01,peak week inc flu hosp,NA,NA,26,pmf,2024-12-21,9.985022466300551e-05
2025-03-01,peak week inc flu hosp,NA,NA,26,pmf,2024-12-28,9.985022466300551e-05
2025-03-01,peak week inc flu hosp,NA,NA,26,pmf,2025-01-04,9.985022466300551e-05
2025-03-01,peak week inc flu hosp,NA,NA,26,pmf,2025-01-11,9.985022466300551e-05
2025-03-01,peak week inc flu hosp,NA,NA,26,pmf,2025-01-18,0.004978822223701239
2025-03-01,peak week inc flu hosp,NA,NA,26,pmf,2025-01-25,0.004965338003290843
2025-03-01,peak week inc flu hosp,NA,NA,26,pmf,2025-02-01,0.004976501474422641
2025-03-01,peak week inc flu hosp,NA,NA,26,pmf,2025-02-08,0.018723815604913555
2025-03-01,peak week inc flu hosp,NA,NA,26,pmf,2025-02-15,0.009047201898721787
2025-03-01,peak week inc flu hosp,NA,NA,26,pmf,2025-02-22,0.8080547241319251
2025-03-01,peak week inc flu hosp,NA,NA,26,pmf,2025-03-01,0.09128467632977212
2025-03-01,peak week inc flu hosp,NA,NA,26,pmf,2025-03-08,0.035005444609095486
2025-03-01,peak week inc flu hosp,NA,NA,26,pmf,2025-03-15,0.013542274163285701
2025-03-01,peak week inc flu hosp,NA,NA,26,pmf,2025-03-22,0.0036978717416025417
2025-03-01,peak week inc flu hosp,NA,NA,26,pmf,2025-03-29,0.0010600691919746363
2025-03-01,peak week inc flu hosp,NA,NA,26,pmf,2025-04-05,0.0006429895770286229
2025-03-01,peak week inc flu hosp,NA,NA,26,pmf,2025-04-12,0.0004724576214989558
2025-03-01,peak week inc flu hosp,NA,NA,26,pmf,2025-04-19,0.00044795020799269844
2025-03-01,peak week inc flu hosp,NA,NA,26,pmf,2025-04-26,0.00032292726509942845
2025-03-01,peak week inc flu hosp,NA,NA,26,pmf,2025-05-03,0.00021531008088566112
2025-03-01,peak week inc flu hosp,NA,NA,26,pmf,2025-05-10,0.00018533912479190765
2025-03-01,peak week inc flu hosp,NA,NA,26,pmf,2025-05-17,0.00016376120296014447
2025-03-01,peak week inc flu hosp,NA,NA,26,pmf,2025-05-24,0.0007147721770917857
2025-03-01,peak week inc flu hosp,NA,NA,27,pmf,2024-10-05,9.980590578310311e-05
2025-03-01,peak week inc flu hosp,NA,NA,27,pmf,2024-10-12,9.980590578310311e-05
2025-03-01,peak week inc flu hosp,NA,NA,27,pmf,2024-10-19,9.980590578310311e-05
2025-03-01,peak week inc flu hosp,NA,NA,27,pmf,2024-10-26,9.980590578310311e-05
2025-03-01,peak week inc flu hosp,NA,NA,27,pmf,2024-11-02,9.980590578310311e-05
2025-03-01,peak week inc flu hosp,NA,NA,27,pmf,2024-11-09,9.980590578310311e-05
2025-03-01,peak week inc flu hosp,NA,NA,27,pmf,2024-11-16,9.980590578310311e-05
2025-03-01,peak week inc flu hosp,NA,NA,27,pmf,2024-11-23,9.980590578310311e-05
2025-03-01,peak week inc flu hosp,NA,NA,27,pmf,2024-11-30,9.980590578310311e-05
2025-03-01,peak week inc flu hosp,NA,NA,27,pmf,2024-12-07,9.980590578310311e-05
2025-03-01,peak week inc flu hosp,NA,NA,27,pmf,2024-12-14,9.980590578310311e-05
2025-03-01,peak week inc flu hosp,NA,NA,27,pmf,2024-12-21,9.980590578310311e-05
2025-03-01,peak week inc flu hosp,NA,NA,27,pmf,2024-12-28,9.980590578310311e-05
2025-03-01,peak week inc flu hosp,NA,NA,27,pmf,2025-01-04,0.8819950961775582
2025-03-01,peak week inc flu hosp,NA,NA,27,pmf,2025-01-11,0.04483718696895155
2025-03-01,peak week inc flu hosp,NA,NA,27,pmf,2025-01-18,0.054819404190108494
2025-03-01,peak week inc flu hosp,NA,NA,27,pmf,2025-01-25,0.004982366500450644
2025-03-01,peak week inc flu hosp,NA,NA,27,pmf,2025-02-01,0.00996707617673943
2025-03-01,peak week inc flu hosp,NA,NA,27,pmf,2025-02-08,9.980590578310311e-05
2025-03-01,peak week inc flu hosp,NA,NA,27,pmf,2025-02-15,9.980590578310311e-05
2025-03-01,peak week inc flu hosp,NA,NA,27,pmf,2025-02-22,9.980590578310311e-05
2025-03-01,peak week inc flu hosp,NA,NA,27,pmf,2025-03-01,0.00019786817425853368
2025-03-01,peak week inc flu hosp,NA,NA,27,pmf,2025-03-08,0.00014840881545491986
2025-03-01,peak week inc flu hosp,NA,NA,27,pmf,2025-03-15,0.00020792490282806254
2025-03-01,peak week inc flu hosp,NA,NA,27,pmf,2025-03-22,0.0002544333239225653
2025-03-01,peak week inc flu hosp,NA,NA,27,pmf,2025-03-29,0.00014556017553744773
2025-03-01,peak week inc flu hosp,NA,NA,27,pmf,2025-04-05,9.980590578310311e-05
2025-03-01,peak week inc flu hosp,NA,NA,27,pmf,2025-04-12,9.980590578310311e-05
2025-03-01,peak week inc flu hosp,NA,NA,27,pmf,2025-04-19,9.980590578310311e-05
2025-03-01,peak week inc flu hosp,NA,NA,27,pmf,2025-04-26,9.980590578310311e-05
2025-03-01,peak week inc flu hosp,NA,NA,27,pmf,2025-05-03,9.980590578310311e-05
2025-03-01,peak week inc flu hosp,NA,NA,27,pmf,2025-05-10,9.980590578310311e-05
2025-03-01,peak week inc flu hosp,NA,NA,27,pmf,2025-05-17,9.980590578310311e-05
2025-03-01,peak week inc flu hosp,NA,NA,27,pmf,2025-05-24,0.00014913876117869
2025-03-01,peak week inc flu hosp,NA,NA,28,pmf,2024-10-05,9.978669497976303e-05
2025-03-01,peak week inc flu hosp,NA,NA,28,pmf,2024-10-12,9.978669497976303e-05
2025-03-01,peak week inc flu hosp,NA,NA,28,pmf,2024-10-19,9.978669497976303e-05
2025-03-01,peak week inc flu hosp,NA,NA,28,pmf,2024-10-26,9.978669497976303e-05
2025-03-01,peak week inc flu hosp,NA,NA,28,pmf,2024-11-02,9.978669497976303e-05
2025-03-01,peak week inc flu hosp,NA,NA,28,pmf,2024-11-09,9.978669497976303e-05
2025-03-01,peak week inc flu hosp,NA,NA,28,pmf,2024-11-16,9.978669497976303e-05
2025-03-01,peak week inc flu hosp,NA,NA,28,pmf,2024-11-23,9.978669497976303e-05
2025-03-01,peak week inc flu hosp,NA,NA,28,pmf,2024-11-30,9.978669497976303e-05
2025-03-01,peak week inc flu hosp,NA,NA,28,pmf,2024-12-07,9.978669497976303e-05
2025-03-01,peak week inc flu hosp,NA,NA,28,pmf,2024-12-14,9.978669497976303e-05
2025-03-01,peak week inc flu hosp,NA,NA,28,pmf,2024-12-21,9.978669497976303e-05
2025-03-01,peak week inc flu hosp,NA,NA,28,pmf,2024-12-28,9.978669497976303e-05
2025-03-01,peak week inc flu hosp,NA,NA,28,pmf,2025-01-04,9.978669497976303e-05
2025-03-01,peak week inc flu hosp,NA,NA,28,pmf,2025-01-11,9.978669497976303e-05
2025-03-01,peak week inc flu hosp,NA,NA,28,pmf,2025-01-18,9.978669497976303e-05
2025-03-01,peak week inc flu hosp,NA,NA,28,pmf,2025-01-25,9.978669497976303e-05
2025-03-01,peak week inc flu hosp,NA,NA,28,pmf,2025-02-01,0.980481543041367
2025-03-01,peak week inc flu hosp,NA,NA,28,pmf,2025-02-08,0.014916679051654464
2025-03-01,peak week inc flu hosp,NA,NA,28,pmf,2025-02-15,9.978669497976303e-05
2025-03-01,peak week inc flu hosp,NA,NA,28,pmf,2025-02-22,9.978669497976303e-05
2025-03-01,peak week inc flu hosp,NA,NA,28,pmf,2025-03-01,0.0002665827373331105
2025-03-01,peak week inc flu hosp,NA,NA,28,pmf,2025-03-08,0.0001574764716752351
2025-03-01,peak week inc flu hosp,NA,NA,28,pmf,2025-03-15,0.0005790973271222219
2025-03-01,peak week inc flu hosp,NA,NA,28,pmf,2025-03-22,0.00041271918701436876
2025-03-01,peak week inc flu hosp,NA,NA,28,pmf,2025-03-29,0.0002991243309317649
2025-03-01,peak week inc flu hosp,NA,NA,28,pmf,2025-04-05,0.00019485848688415843
2025-03-01,peak week inc flu hosp,NA,NA,28,pmf,2025-04-12,9.978669497976303e-05
2025-03-01,peak week inc flu hosp,NA,NA,28,pmf,2025-04-19,9.978669497976303e-05
2025-03-01,peak week inc flu hosp,NA,NA,28,pmf,2025-04-26,9.978669497976303e-05
2025-03-01,peak week inc flu hosp,NA,NA,28,pmf,2025-05-03,9.978669497976303e-05
2025-03-01,peak week inc flu hosp,NA,NA,28,pmf,2025-05-10,9.978669497976303e-05
2025-03-01,peak week inc flu hosp,NA,NA,28,pmf,2025-05-17,9.978669497976303e-05
2025-03-01,peak week inc flu hosp,NA,NA,28,pmf,2025-05-24,0.00019725199152344415
2025-03-01,peak week inc flu hosp,NA,NA,29,pmf,2024-10-05,9.98150707133262e-05
2025-03-01,peak week inc flu hosp,NA,NA,29,pmf,2024-10-12,9.98150707133262e-05
2025-03-01,peak week inc flu hosp,NA,NA,29,pmf,2024-10-19,9.98150707133262e-05
2025-03-01,peak week inc flu hosp,NA,NA,29,pmf,2024-10-26,9.98150707133262e-05
2025-03-01,peak week inc flu hosp,NA,NA,29,pmf,2024-11-02,9.98150707133262e-05
2025-03-01,peak week inc flu hosp,NA,NA,29,pmf,2024-11-09,9.98150707133262e-05
2025-03-01,peak week inc flu hosp,NA,NA,29,pmf,2024-11-16,9.98150707133262e-05
2025-03-01,peak week inc flu hosp,NA,NA,29,pmf,2024-11-23,9.98150707133262e-05
2025-03-01,peak week inc flu hosp,NA,NA,29,pmf,2024-11-30,9.98150707133262e-05
2025-03-01,peak week inc flu hosp,NA,NA,29,pmf,2024-12-07,9.98150707133262e-05
2025-03-01,peak week inc flu hosp,NA,NA,29,pmf,2024-12-14,9.98150707133262e-05
2025-03-01,peak week inc flu hosp,NA,NA,29,pmf,2024-12-21,9.98150707133262e-05
2025-03-01,peak week inc flu hosp,NA,NA,29,pmf,2024-12-28,9.98150707133262e-05
2025-03-01,peak week inc flu hosp,NA,NA,29,pmf,2025-01-04,9.98150707133262e-05
2025-03-01,peak week inc flu hosp,NA,NA,29,pmf,2025-01-11,9.98150707133262e-05
2025-03-01,peak week inc flu hosp,NA,NA,29,pmf,2025-01-18,9.98150707133262e-05
2025-03-01,peak week inc flu hosp,NA,NA,29,pmf,2025-01-25,9.98150707133262e-05
2025-03-01,peak week inc flu hosp,NA,NA,29,pmf,2025-02-01,0.014934024998796341
2025-03-01,peak week inc flu hosp,NA,NA,29,pmf,2025-02-08,0.9604525781305033
2025-03-01,peak week inc flu hosp,NA,NA,29,pmf,2025-02-15,9.98150707133262e-05
2025-03-01,peak week inc flu hosp,NA,NA,29,pmf,2025-02-22,0.008879775902602463
2025-03-01,peak week inc flu hosp,NA,NA,29,pmf,2025-03-01,0.003620408843150617
2025-03-01,peak week inc flu hosp,NA,NA,29,pmf,2025-03-08,0.00497750660853628
2025-03-01,peak week inc flu hosp,NA,NA,29,pmf,2025-03-15,0.0020194099241684044
2025-03-01,peak week inc flu hosp,NA,NA,29,pmf,2025-03-22,0.0011715995758996966
2025-03-01,peak week inc flu hosp,NA,NA,29,pmf,2025-03-29,0.0006203408415239812
2025-03-01,peak week inc flu hosp,NA,NA,29,pmf,2025-04-05,0.00033424916204903934
2025-03-01,peak week inc flu hosp,NA,NA,29,pmf,2025-04-12,0.0002589460091641351
2025-03-01,peak week inc flu hosp,NA,NA,29,pmf,2025-04-19,0.00017542320179785652
2025-03-01,peak week inc flu hosp,NA,NA,29,pmf,2025-04-26,0.00010666706443496462
2025-03-01,peak week inc flu hosp,NA,NA,29,pmf,2025-05-03,9.98150707133262e-05
2025-03-01,peak week inc flu hosp,NA,NA,29,pmf,2025-05-10,9.98150707133262e-05
2025-03-01,peak week inc flu hosp,NA,NA,29,pmf,2025-05-17,9.98150707133262e-05
2025-03-01,peak week inc flu hosp,NA,NA,29,pmf,2025-05-24,0.00035295325239304725
2025-03-01,peak week inc flu hosp,NA,NA,30,pmf,2024-10-05,9.981036031540082e-05
2025-03-01,peak week inc flu hosp,NA,NA,30,pmf,2024-10-12,9.981036031540082e-05
2025-03-01,peak week inc flu hosp,NA,NA,30,pmf,2024-10-19,9.981036031540082e-05
2025-03-01,peak week inc flu hosp,NA,NA,30,pmf,2024-10-26,9.981036031540082e-05
2025-03-01,peak week inc flu hosp,NA,NA,30,pmf,2024-11-02,9.981036031540082e-05
2025-03-01,peak week inc flu hosp,NA,NA,30,pmf,2024-11-09,9.981036031540082e-05
2025-03-01,peak week inc flu hosp,NA,NA,30,pmf,2024-11-16,9.981036031540082e-05
2025-03-01,peak week inc flu hosp,NA,NA,30,pmf,2024-11-23,9.981036031540082e-05
2025-03-01,peak week inc flu hosp,NA,NA,30,pmf,2024-11-30,9.981036031540082e-05
2025-03-01,peak week inc flu hosp,NA,NA,30,pmf,2024-12-07,9.981036031540082e-05
2025-03-01,peak week inc flu hosp,NA,NA,30,pmf,2024-12-14,9.981036031540082e-05
2025-03-01,peak week inc flu hosp,NA,NA,30,pmf,2024-12-21,9.981036031540082e-05
2025-03-01,peak week inc flu hosp,NA,NA,30,pmf,2024-12-28,9.981036031540082e-05
2025-03-01,peak week inc flu hosp,NA,NA,30,pmf,2025-01-04,9.981036031540082e-05
2025-03-01,peak week inc flu hosp,NA,NA,30,pmf,2025-01-11,9.981036031540082e-05
2025-03-01,peak week inc flu hosp,NA,NA,30,pmf,2025-01-18,9.981036031540082e-05
2025-03-01,peak week inc flu hosp,NA,NA,30,pmf,2025-01-25,9.981036031540082e-05
2025-03-01,peak week inc flu hosp,NA,NA,30,pmf,2025-02-01,9.981036031540082e-05
2025-03-01,peak week inc flu hosp,NA,NA,30,pmf,2025-02-08,9.981036031540082e-05
2025-03-01,peak week inc flu hosp,NA,NA,30,pmf,2025-02-15,0.004746209861062507
2025-03-01,peak week inc flu hosp,NA,NA,30,pmf,2025-02-22,0.8453780325082105
2025-03-01,peak week inc flu hosp,NA,NA,30,pmf,2025-03-01,0.07826694811488434
2025-03-01,peak week inc flu hosp,NA,NA,30,pmf,2025-03-08,0.034205389409357155
2025-03-01,peak week inc flu hosp,NA,NA,30,pmf,2025-03-15,0.026570271266764905
2025-03-01,peak week inc flu hosp,NA,NA,30,pmf,2025-03-22,0.0040347324002101195
2025-03-01,peak week inc flu hosp,NA,NA,30,pmf,2025-03-29,0.0013536562929789726
2025-03-01,peak week inc flu hosp,NA,NA,30,pmf,2025-04-05,0.000762906611610688
2025-03-01,peak week inc flu hosp,NA,NA,30,pmf,2025-04-12,0.0005541532646853592
2025-03-01,peak week inc flu hosp,NA,NA,30,pmf,2025-04-19,0.00043230103180988996
2025-03-01,peak week inc flu hosp,NA,NA,30,pmf,2025-04-26,0.00029719331645694763
2025-03-01,peak week inc flu hosp,NA,NA,30,pmf,2025-05-03,0.00020674719462927983
2025-03-01,peak week inc flu hosp,NA,NA,30,pmf,2025-05-10,0.00019434582192348813
2025-03-01,peak week inc flu hosp,NA,NA,30,pmf,2025-05-17,0.00027660309252998974
2025-03-01,peak week inc flu hosp,NA,NA,30,pmf,2025-05-24,0.0008241129668933126
2025-03-01,peak week inc flu hosp,NA,NA,31,pmf,2024-10-05,9.985022466300549e-05
2025-03-01,peak week inc flu hosp,NA,NA,31,pmf,2024-10-12,9.985022466300549e-05
2025-03-01,peak week inc flu hosp,NA,NA,31,pmf,2024-10-19,9.985022466300549e-05
2025-03-01,peak week inc flu hosp,NA,NA,31,pmf,2024-10-26,9.985022466300549e-05
2025-03-01,peak week inc flu hosp,NA,NA,31,pmf,2024-11-02,9.985022466300549e-05
2025-03-01,peak week inc flu hosp,NA,NA,31,pmf,2024-11-09,9.985022466300549e-05
2025-03-01,peak week inc flu hosp,NA,NA,31,pmf,2024-11-16,9.985022466300549e-05
2025-03-01,peak week inc flu hosp,NA,NA,31,pmf,2024-11-23,9.985022466300549e-05
2025-03-01,peak week inc flu hosp,NA,NA,31,pmf,2024-11-30,9.985022466300549e-05
2025-03-01,peak week inc flu hosp,NA,NA,31,pmf,2024-12-07,9.985022466300549e-05
2025-03-01,peak week inc flu hosp,NA,NA,31,pmf,2024-12-14,9.985022466300549e-05
2025-03-01,peak week inc flu hosp,NA,NA,31,pmf,2024-12-21,9.985022466300549e-05
2025-03-01,peak week inc flu hosp,NA,NA,31,pmf,2024-12-28,9.985022466300549e-05
2025-03-01,peak week inc flu hosp,NA,NA,31,pmf,2025-01-04,9.985022466300549e-05
2025-03-01,peak week inc flu hosp,NA,NA,31,pmf,2025-01-11,0.004934808473603328
2025-03-01,peak week inc flu hosp,NA,NA,31,pmf,2025-01-18,9.985022466300549e-05
2025-03-01,peak week inc flu hosp,NA,NA,31,pmf,2025-01-25,0.004984126190365639
2025-03-01,peak week inc flu hosp,NA,NA,31,pmf,2025-02-01,0.13134955936078674
2025-03-01,peak week inc flu hosp,NA,NA,31,pmf,2025-02-08,0.6619933127128304
2025-03-01,peak week inc flu hosp,NA,NA,31,pmf,2025-02-15,0.14124217544881593
2025-03-01,peak week inc flu hosp,NA,NA,31,pmf,2025-02-22,0.02273380153704558
2025-03-01,peak week inc flu hosp,NA,NA,31,pmf,2025-03-01,0.012327145829788043
2025-03-01,peak week inc flu hosp,NA,NA,31,pmf,2025-03-08,0.004667133577147784
2025-03-01,peak week inc flu hosp,NA,NA,31,pmf,2025-03-15,0.008594758125039209
2025-03-01,peak week inc flu hosp,NA,NA,31,pmf,2025-03-22,0.002447305788793527
2025-03-01,peak week inc flu hosp,NA,NA,31,pmf,2025-03-29,0.0008845930640462754
2025-03-01,peak week inc flu hosp,NA,NA,31,pmf,2025-04-05,0.0005285584532338176
2025-03-01,peak week inc flu hosp,NA,NA,31,pmf,2025-04-12,0.0003747130527770709
2025-03-01,peak week inc flu hosp,NA,NA,31,pmf,2025-04-19,0.00037325386520392704
2025-03-01,peak week inc flu hosp,NA,NA,31,pmf,2025-04-26,0.00018874373568751187
2025-03-01,peak week inc flu hosp,NA,NA,31,pmf,2025-05-03,0.00014471412779797947
2025-03-01,peak week inc flu hosp,NA,NA,31,pmf,2025-05-10,0.00011756015071509385
2025-03-01,peak week inc flu hosp,NA,NA,31,pmf,2025-05-17,0.00011299253596569827
2025-03-01,peak week inc flu hosp,NA,NA,31,pmf,2025-05-24,0.0005029906004115029
2025-03-01,peak week inc flu hosp,NA,NA,32,pmf,2024-10-05,9.97884440407702e-05
2025-03-01,peak week inc flu hosp,NA,NA,32,pmf,2024-10-12,9.97884440407702e-05
2025-03-01,peak week inc flu hosp,NA,NA,32,pmf,2024-10-19,9.97884440407702e-05
2025-03-01,peak week inc flu hosp,NA,NA,32,pmf,2024-10-26,9.97884440407702e-05
2025-03-01,peak week inc flu hosp,NA,NA,32,pmf,2024-11-02,9.97884440407702e-05
2025-03-01,peak week inc flu hosp,NA,NA,32,pmf,2024-11-09,9.97884440407702e-05
2025-03-01,peak week inc flu hosp,NA,NA,32,pmf,2024-11-16,9.97884440407702e-05
2025-03-01,peak week inc flu hosp,NA,NA,32,pmf,2024-11-23,9.97884440407702e-05
2025-03-01,peak week inc flu hosp,NA,NA,32,pmf,2024-11-30,9.97884440407702e-05
2025-03-01,peak week inc flu hosp,NA,NA,32,pmf,2024-12-07,9.97884440407702e-05
2025-03-01,peak week inc flu hosp,NA,NA,32,pmf,2024-12-14,9.97884440407702e-05
2025-03-01,peak week inc flu hosp,NA,NA,32,pmf,2024-12-21,0.004984417296901306
2025-03-01,peak week inc flu hosp,NA,NA,32,pmf,2024-12-28,9.97884440407702e-05
2025-03-01,peak week inc flu hosp,NA,NA,32,pmf,2025-01-04,0.9862168161803491
2025-03-01,peak week inc flu hosp,NA,NA,32,pmf,2025-01-11,0.004984806308533509
2025-03-01,peak week inc flu hosp,NA,NA,32,pmf,2025-01-18,9.97884440407702e-05
2025-03-01,peak week inc flu hosp,NA,NA,32,pmf,2025-01-25,9.97884440407702e-05
2025-03-01,peak week inc flu hosp,NA,NA,32,pmf,2025-02-01,9.97884440407702e-05
2025-03-01,peak week inc flu hosp,NA,NA,32,pmf,2025-02-08,9.97884440407702e-05
2025-03-01,peak week inc flu hosp,NA,NA,32,pmf,2025-02-15,9.97884440407702e-05
2025-03-01,peak week inc flu hosp,NA,NA,32,pmf,2025-02-22,9.97884440407702e-05
2025-03-01,peak week inc flu hosp,NA,NA,32,pmf,2025-03-01,9.97884440407702e-05
2025-03-01,peak week inc flu hosp,NA,NA,32,pmf,2025-03-08,0.00022033527545676333
2025-03-01,peak week inc flu hosp,NA,NA,32,pmf,2025-03-15,0.00033398152802412715
2025-03-01,peak week inc flu hosp,NA,NA,32,pmf,2025-03-22,0.0003303965910285994
2025-03-01,peak week inc flu hosp,NA,NA,32,pmf,2025-03-29,0.00016351838947669572
2025-03-01,peak week inc flu hosp,NA,NA,32,pmf,2025-04-05,0.00010941546737294066
2025-03-01,peak week inc flu hosp,NA,NA,32,pmf,2025-04-12,9.97884440407702e-05
2025-03-01,peak week inc flu hosp,NA,NA,32,pmf,2025-04-19,9.97884440407702e-05
2025-03-01,peak week inc flu hosp,NA,NA,32,pmf,2025-04-26,9.97884440407702e-05
2025-03-01,peak week inc flu hosp,NA,NA,32,pmf,2025-05-03,9.97884440407702e-05
2025-03-01,peak week inc flu hosp,NA,NA,32,pmf,2025-05-10,9.97884440407702e-05
2025-03-01,peak week inc flu hosp,NA,NA,32,pmf,2025-05-17,9.97884440407702e-05
2025-03-01,peak week inc flu hosp,NA,NA,32,pmf,2025-05-24,0.00016160186183764383
2025-03-01,peak week inc flu hosp,NA,NA,33,pmf,2024-10-05,9.984025559105434e-05
2025-03-01,peak week inc flu hosp,NA,NA,33,pmf,2024-10-12,9.984025559105434e-05
2025-03-01,peak week inc flu hosp,NA,NA,33,pmf,2024-10-19,9.984025559105434e-05
2025-03-01,peak week inc flu hosp,NA,NA,33,pmf,2024-10-26,9.984025559105434e-05
2025-03-01,peak week inc flu hosp,NA,NA,33,pmf,2024-11-02,9.984025559105434e-05
2025-03-01,peak week inc flu hosp,NA,NA,33,pmf,2024-11-09,9.984025559105434e-05
2025-03-01,peak week inc flu hosp,NA,NA,33,pmf,2024-11-16,9.984025559105434e-05
2025-03-01,peak week inc flu hosp,NA,NA,33,pmf,2024-11-23,9.984025559105434e-05
2025-03-01,peak week inc flu hosp,NA,NA,33,pmf,2024-11-30,9.984025559105434e-05
2025-03-01,peak week inc flu hosp,NA,NA,33,pmf,2024-12-07,9.984025559105434e-05
2025-03-01,peak week inc flu hosp,NA,NA,33,pmf,2024-12-14,9.984025559105434e-05
2025-03-01,peak week inc flu hosp,NA,NA,33,pmf,2024-12-21,9.984025559105434e-05
2025-03-01,peak week inc flu hosp,NA,NA,33,pmf,2024-12-28,9.984025559105434e-05
2025-03-01,peak week inc flu hosp,NA,NA,33,pmf,2025-01-04,0.0049839451348417645
2025-03-01,peak week inc flu hosp,NA,NA,33,pmf,2025-01-11,9.984025559105434e-05
2025-03-01,peak week inc flu hosp,NA,NA,33,pmf,2025-01-18,9.984025559105434e-05
2025-03-01,peak week inc flu hosp,NA,NA,33,pmf,2025-01-25,9.984025559105434e-05
2025-03-01,peak week inc flu hosp,NA,NA,33,pmf,2025-02-01,0.004970232557059539
2025-03-01,peak week inc flu hosp,NA,NA,33,pmf,2025-02-08,0.23817835711520677
2025-03-01,peak week inc flu hosp,NA,NA,33,pmf,2025-02-15,0.6847193047279124
2025-03-01,peak week inc flu hosp,NA,NA,33,pmf,2025-02-22,0.0350971855097522
2025-03-01,peak week inc flu hosp,NA,NA,33,pmf,2025-03-01,0.015647581220368724
2025-03-01,peak week inc flu hosp,NA,NA,33,pmf,2025-03-08,0.006171832406239089
2025-03-01,peak week inc flu hosp,NA,NA,33,pmf,2025-03-15,0.004275487006319153
2025-03-01,peak week inc flu hosp,NA,NA,33,pmf,2025-03-22,0.0016360805285563897
2025-03-01,peak week inc flu hosp,NA,NA,33,pmf,2025-03-29,0.0006727948015859744
2025-03-01,peak week inc flu hosp,NA,NA,33,pmf,2025-04-05,0.00041217230773905097
2025-03-01,peak week inc flu hosp,NA,NA,33,pmf,2025-04-12,0.00032376124741098226
2025-03-01,peak week inc flu hosp,NA,NA,33,pmf,2025-04-19,0.0003265464939271778
2025-03-01,peak week inc flu hosp,NA,NA,33,pmf,2025-04-26,0.00019855752234007674
2025-03-01,peak week inc flu hosp,NA,NA,33,pmf,2025-05-03,0.00013081403081736544
2025-03-01,peak week inc flu hosp,NA,NA,33,pmf,2025-05-10,0.00010289169757684378
2025-03-01,peak week inc flu hosp,NA,NA,33,pmf,2025-05-17,0.00010525982008943388
2025-03-01,peak week inc flu hosp,NA,NA,33,pmf,2025-05-24,0.00044975178280023644
2025-03-01,peak week inc flu hosp,NA,NA,34,pmf,2024-10-05,9.980975744505615e-05
2025-03-01,peak week inc flu hosp,NA,NA,34,pmf,2024-10-12,9.980975744505615e-05
2025-03-01,peak week inc flu hosp,NA,NA,34,pmf,2024-10-19,9.980975744505615e-05
2025-03-01,peak week inc flu hosp,NA,NA,34,pmf,2024-10-26,9.980975744505615e-05
2025-03-01,peak week inc flu hosp,NA,NA,34,pmf,2024-11-02,9.980975744505615e-05
2025-03-01,peak week inc flu hosp,NA,NA,34,pmf,2024-11-09,9.980975744505615e-05
2025-03-01,peak week inc flu hosp,NA,NA,34,pmf,2024-11-16,9.980975744505615e-05
2025-03-01,peak week inc flu hosp,NA,NA,34,pmf,2024-11-23,9.980975744505615e-05
2025-03-01,peak week inc flu hosp,NA,NA,34,pmf,2024-11-30,9.980975744505615e-05
2025-03-01,peak week inc flu hosp,NA,NA,34,pmf,2024-12-07,9.980975744505615e-05
2025-03-01,peak week inc flu hosp,NA,NA,34,pmf,2024-12-14,9.980975744505615e-05
2025-03-01,peak week inc flu hosp,NA,NA,34,pmf,2024-12-21,9.980975744505615e-05
2025-03-01,peak week inc flu hosp,NA,NA,34,pmf,2024-12-28,9.980975744505615e-05
2025-03-01,peak week inc flu hosp,NA,NA,34,pmf,2025-01-04,9.980975744505615e-05
2025-03-01,peak week inc flu hosp,NA,NA,34,pmf,2025-01-11,9.980975744505615e-05
2025-03-01,peak week inc flu hosp,NA,NA,34,pmf,2025-01-18,9.980975744505615e-05
2025-03-01,peak week inc flu hosp,NA,NA,34,pmf,2025-01-25,0.024863476931171212
2025-03-01,peak week inc flu hosp,NA,NA,34,pmf,2025-02-01,0.0638340526930941
2025-03-01,peak week inc flu hosp,NA,NA,34,pmf,2025-02-08,0.9018194493080512
2025-03-01,peak week inc flu hosp,NA,NA,34,pmf,2025-02-15,9.980975744505615e-05
2025-03-01,peak week inc flu hosp,NA,NA,34,pmf,2025-02-22,9.980975744505615e-05
2025-03-01,peak week inc flu hosp,NA,NA,34,pmf,2025-03-01,0.002137862108759757
2025-03-01,peak week inc flu hosp,NA,NA,34,pmf,2025-03-08,0.001678755754484034
2025-03-01,peak week inc flu hosp,NA,NA,34,pmf,2025-03-15,0.0012014263634941332
2025-03-01,peak week inc flu hosp,NA,NA,34,pmf,2025-03-22,0.0008043851033933375
2025-03-01,peak week inc flu hosp,NA,NA,34,pmf,2025-03-29,0.0004964400821022783
2025-03-01,peak week inc flu hosp,NA,NA,34,pmf,2025-04-05,0.0003582096739740427
2025-03-01,peak week inc flu hosp,NA,NA,34,pmf,2025-04-12,0.00016416546730761082
2025-03-01,peak week inc flu hosp,NA,NA,34,pmf,2025-04-19,0.00015432558460588854
2025-03-01,peak week inc flu hosp,NA,NA,34,pmf,2025-04-26,9.980975744505615e-05
2025-03-01,peak week inc flu hosp,NA,NA,34,pmf,2025-05-03,9.980975744505615e-05
2025-03-01,peak week inc flu hosp,NA,NA,34,pmf,2025-05-10,9.980975744505615e-05
2025-03-01,peak week inc flu hosp,NA,NA,34,pmf,2025-05-17,9.980975744505615e-05
2025-03-01,peak week inc flu hosp,NA,NA,34,pmf,2025-05-24,0.00029163626577102553
2025-03-01,peak week inc flu hosp,NA,NA,35,pmf,2024-10-05,9.983028850953383e-05
2025-03-01,peak week inc flu hosp,NA,NA,35,pmf,2024-10-12,9.983028850953383e-05
2025-03-01,peak week inc flu hosp,NA,NA,35,pmf,2024-10-19,9.983028850953383e-05
2025-03-01,peak week inc flu hosp,NA,NA,35,pmf,2024-10-26,9.983028850953383e-05
2025-03-01,peak week inc flu hosp,NA,NA,35,pmf,2024-11-02,9.983028850953383e-05
2025-03-01,peak week inc flu hosp,NA,NA,35,pmf,2024-11-09,9.983028850953383e-05
2025-03-01,peak week inc flu hosp,NA,NA,35,pmf,2024-11-16,9.983028850953383e-05
2025-03-01,peak week inc flu hosp,NA,NA,35,pmf,2024-11-23,9.983028850953383e-05
2025-03-01,peak week inc flu hosp,NA,NA,35,pmf,2024-11-30,9.983028850953383e-05
2025-03-01,peak week inc flu hosp,NA,NA,35,pmf,2024-12-07,9.983028850953383e-05
2025-03-01,peak week inc flu hosp,NA,NA,35,pmf,2024-12-14,9.983028850953383e-05
2025-03-01,peak week inc flu hosp,NA,NA,35,pmf,2024-12-21,9.983028850953383e-05
2025-03-01,peak week inc flu hosp,NA,NA,35,pmf,2024-12-28,9.983028850953383e-05
2025-03-01,peak week inc flu hosp,NA,NA,35,pmf,2025-01-04,0.9435779433259163
2025-03-01,peak week inc flu hosp,NA,NA,35,pmf,2025-01-11,0.0049620568524560435
2025-03-01,peak week inc flu hosp,NA,NA,35,pmf,2025-01-18,0.004594488374728969
2025-03-01,peak week inc flu hosp,NA,NA,35,pmf,2025-01-25,0.009850792409637635
2025-03-01,peak week inc flu hosp,NA,NA,35,pmf,2025-02-01,9.983028850953383e-05
2025-03-01,peak week inc flu hosp,NA,NA,35,pmf,2025-02-08,9.983028850953383e-05
2025-03-01,peak week inc flu hosp,NA,NA,35,pmf,2025-02-15,9.983028850953383e-05
2025-03-01,peak week inc flu hosp,NA,NA,35,pmf,2025-02-22,9.983028850953383e-05
2025-03-01,peak week inc flu hosp,NA,NA,35,pmf,2025-03-01,0.011994874060961488
2025-03-01,peak week inc flu hosp,NA,NA,35,pmf,2025-03-08,0.012740866863269794
2025-03-01,peak week inc flu hosp,NA,NA,35,pmf,2025-03-15,0.005189431349513097
2025-03-01,peak week inc flu hosp,NA,NA,35,pmf,2025-03-22,0.002501826553719046
2025-03-01,peak week inc flu hosp,NA,NA,35,pmf,2025-03-29,0.0007709781966739569
2025-03-01,peak week inc flu hosp,NA,NA,35,pmf,2025-04-05,0.0005040460219693896
2025-03-01,peak week inc flu hosp,NA,NA,35,pmf,2025-04-12,0.0003705563149307645
2025-03-01,peak week inc flu hosp,NA,NA,35,pmf,2025-04-19,0.00027208928896314995
2025-03-01,peak week inc flu hosp,NA,NA,35,pmf,2025-04-26,0.00017876087616220784
2025-03-01,peak week inc flu hosp,NA,NA,35,pmf,2025-05-03,0.0001291120353464755
2025-03-01,peak week inc flu hosp,NA,NA,35,pmf,2025-05-10,0.000117257100258724
2025-03-01,peak week inc flu hosp,NA,NA,35,pmf,2025-05-17,0.00010310809846615388
2025-03-01,peak week inc flu hosp,NA,NA,35,pmf,2025-05-24,0.00044469737236456765
2025-03-01,peak week inc flu hosp,NA,NA,36,pmf,2024-10-05,9.981522865716325e-05
2025-03-01,peak week inc flu hosp,NA,NA,36,pmf,2024-10-12,9.981522865716325e-05
2025-03-01,peak week inc flu hosp,NA,NA,36,pmf,2024-10-19,9.981522865716325e-05
2025-03-01,peak week inc flu hosp,NA,NA,36,pmf,2024-10-26,9.981522865716325e-05
2025-03-01,peak week inc flu hosp,NA,NA,36,pmf,2024-11-02,9.981522865716325e-05
2025-03-01,peak week inc flu hosp,NA,NA,36,pmf,2024-11-09,9.981522865716325e-05
2025-03-01,peak week inc flu hosp,NA,NA,36,pmf,2024-11-16,9.981522865716325e-05
2025-03-01,peak week inc flu hosp,NA,NA,36,pmf,2024-11-23,9.981522865716325e-05
2025-03-01,peak week inc flu hosp,NA,NA,36,pmf,2024-11-30,9.981522865716325e-05
2025-03-01,peak week inc flu hosp,NA,NA,36,pmf,2024-12-07,9.981522865716325e-05
2025-03-01,peak week inc flu hosp,NA,NA,36,pmf,2024-12-14,9.981522865716325e-05
2025-03-01,peak week inc flu hosp,NA,NA,36,pmf,2024-12-21,9.981522865716325e-05
2025-03-01,peak week inc flu hosp,NA,NA,36,pmf,2024-12-28,9.981522865716325e-05
2025-03-01,peak week inc flu hosp,NA,NA,36,pmf,2025-01-04,9.981522865716325e-05
2025-03-01,peak week inc flu hosp,NA,NA,36,pmf,2025-01-11,9.981522865716325e-05
2025-03-01,peak week inc flu hosp,NA,NA,36,pmf,2025-01-18,0.0049775509925546165
2025-03-01,peak week inc flu hosp,NA,NA,36,pmf,2025-01-25,0.04965703408481827
2025-03-01,peak week inc flu hosp,NA,NA,36,pmf,2025-02-01,0.919101201412033
2025-03-01,peak week inc flu hosp,NA,NA,36,pmf,2025-02-08,0.019861726345274555
2025-03-01,peak week inc flu hosp,NA,NA,36,pmf,2025-02-15,9.981522865716325e-05
2025-03-01,peak week inc flu hosp,NA,NA,36,pmf,2025-02-22,9.981522865716325e-05
2025-03-01,peak week inc flu hosp,NA,NA,36,pmf,2025-03-01,0.0008867795245124705
2025-03-01,peak week inc flu hosp,NA,NA,36,pmf,2025-03-08,0.0007609842950637289
2025-03-01,peak week inc flu hosp,NA,NA,36,pmf,2025-03-15,0.0009009189008187672
2025-03-01,peak week inc flu hosp,NA,NA,36,pmf,2025-03-22,0.0005793309345106808
2025-03-01,peak week inc flu hosp,NA,NA,36,pmf,2025-03-29,0.0004038029898065627
2025-03-01,peak week inc flu hosp,NA,NA,36,pmf,2025-04-05,0.00027207350347267426
2025-03-01,peak week inc flu hosp,NA,NA,36,pmf,2025-04-12,0.00014864121482261575
2025-03-01,peak week inc flu hosp,NA,NA,36,pmf,2025-04-19,0.00011613703512287605
2025-03-01,peak week inc flu hosp,NA,NA,36,pmf,2025-04-26,9.981522865716325e-05
2025-03-01,peak week inc flu hosp,NA,NA,36,pmf,2025-05-03,9.981522865716325e-05
2025-03-01,peak week inc flu hosp,NA,NA,36,pmf,2025-05-10,9.981522865716325e-05
2025-03-01,peak week inc flu hosp,NA,NA,36,pmf,2025-05-17,9.981522865716325e-05
2025-03-01,peak week inc flu hosp,NA,NA,36,pmf,2025-05-24,0.00023769896538866566
2025-03-01,peak week inc flu hosp,NA,NA,37,pmf,2024-10-05,9.981549921662373e-05
2025-03-01,peak week inc flu hosp,NA,NA,37,pmf,2024-10-12,9.981549921662373e-05
2025-03-01,peak week inc flu hosp,NA,NA,37,pmf,2024-10-19,9.981549921662373e-05
2025-03-01,peak week inc flu hosp,NA,NA,37,pmf,2024-10-26,9.981549921662373e-05
2025-03-01,peak week inc flu hosp,NA,NA,37,pmf,2024-11-02,9.981549921662373e-05
2025-03-01,peak week inc flu hosp,NA,NA,37,pmf,2024-11-09,9.981549921662373e-05
2025-03-01,peak week inc flu hosp,NA,NA,37,pmf,2024-11-16,9.981549921662373e-05
2025-03-01,peak week inc flu hosp,NA,NA,37,pmf,2024-11-23,9.981549921662373e-05
2025-03-01,peak week inc flu hosp,NA,NA,37,pmf,2024-11-30,9.981549921662373e-05
2025-03-01,peak week inc flu hosp,NA,NA,37,pmf,2024-12-07,9.981549921662373e-05
2025-03-01,peak week inc flu hosp,NA,NA,37,pmf,2024-12-14,9.981549921662373e-05
2025-03-01,peak week inc flu hosp,NA,NA,37,pmf,2024-12-21,9.981549921662373e-05
2025-03-01,peak week inc flu hosp,NA,NA,37,pmf,2024-12-28,9.981549921662373e-05
2025-03-01,peak week inc flu hosp,NA,NA,37,pmf,2025-01-04,9.981549921662373e-05
2025-03-01,peak week inc flu hosp,NA,NA,37,pmf,2025-01-11,9.981549921662373e-05
2025-03-01,peak week inc flu hosp,NA,NA,37,pmf,2025-01-18,0.0049780908461176405
2025-03-01,peak week inc flu hosp,NA,NA,37,pmf,2025-01-25,0.014957582532734486
2025-03-01,peak week inc flu hosp,NA,NA,37,pmf,2025-02-01,0.00996155597026943
2025-03-01,peak week inc flu hosp,NA,NA,37,pmf,2025-02-08,0.9636326793436889
2025-03-01,peak week inc flu hosp,NA,NA,37,pmf,2025-02-15,9.981549921662373e-05
2025-03-01,peak week inc flu hosp,NA,NA,37,pmf,2025-02-22,9.981549921662373e-05
2025-03-01,peak week inc flu hosp,NA,NA,37,pmf,2025-03-01,0.000629587043643562
2025-03-01,peak week inc flu hosp,NA,NA,37,pmf,2025-03-08,0.001121641161896946
2025-03-01,peak week inc flu hosp,NA,NA,37,pmf,2025-03-15,0.0008089802712327243
2025-03-01,peak week inc flu hosp,NA,NA,37,pmf,2025-03-22,0.0007842817193791514
2025-03-01,peak week inc flu hosp,NA,NA,37,pmf,2025-03-29,0.00028629180317906296
2025-03-01,peak week inc flu hosp,NA,NA,37,pmf,2025-04-05,0.00023980993758152892
2025-03-01,peak week inc flu hosp,NA,NA,37,pmf,2025-04-12,0.0001355549817458113
2025-03-01,peak week inc flu hosp,NA,NA,37,pmf,2025-04-19,0.00011541774465314094
2025-03-01,peak week inc flu hosp,NA,NA,37,pmf,2025-04-26,9.981549921662373e-05
2025-03-01,peak week inc flu hosp,NA,NA,37,pmf,2025-05-03,9.981549921662373e-05
2025-03-01,peak week inc flu hosp,NA,NA,37,pmf,2025-05-10,9.981549921662373e-05
2025-03-01,peak week inc flu hosp,NA,NA,37,pmf,2025-05-17,9.981549921662373e-05
2025-03-01,peak week inc flu hosp,NA,NA,37,pmf,2025-05-24,0.00025240116032851633
2025-03-01,peak week inc flu hosp,NA,NA,38,pmf,2024-10-05,9.982317844874915e-05
2025-03-01,peak week inc flu hosp,NA,NA,38,pmf,2024-10-12,9.982317844874915e-05
2025-03-01,peak week inc flu hosp,NA,NA,38,pmf,2024-10-19,9.982317844874915e-05
2025-03-01,peak week inc flu hosp,NA,NA,38,pmf,2024-10-26,9.982317844874915e-05
2025-03-01,peak week inc flu hosp,NA,NA,38,pmf,2024-11-02,9.982317844874915e-05
2025-03-01,peak week inc flu hosp,NA,NA,38,pmf,2024-11-09,9.982317844874915e-05
2025-03-01,peak week inc flu hosp,NA,NA,38,pmf,2024-11-16,9.982317844874915e-05
2025-03-01,peak week inc flu hosp,NA,NA,38,pmf,2024-11-23,9.982317844874915e-05
2025-03-01,peak week inc flu hosp,NA,NA,38,pmf,2024-11-30,9.982317844874915e-05
2025-03-01,peak week inc flu hosp,NA,NA,38,pmf,2024-12-07,9.982317844874915e-05
2025-03-01,peak week inc flu hosp,NA,NA,38,pmf,2024-12-14,9.982317844874915e-05
2025-03-01,peak week inc flu hosp,NA,NA,38,pmf,2024-12-21,9.982317844874915e-05
2025-03-01,peak week inc flu hosp,NA,NA,38,pmf,2024-12-28,0.004986551738207932
2025-03-01,peak week inc flu hosp,NA,NA,38,pmf,2025-01-04,9.982317844874915e-05
2025-03-01,peak week inc flu hosp,NA,NA,38,pmf,2025-01-11,9.982317844874915e-05
2025-03-01,peak week inc flu hosp,NA,NA,38,pmf,2025-01-18,0.004974901283059673
2025-03-01,peak week inc flu hosp,NA,NA,38,pmf,2025-01-25,0.0049759183979156294
2025-03-01,peak week inc flu hosp,NA,NA,38,pmf,2025-02-01,9.982317844874915e-05
2025-03-01,peak week inc flu hosp,NA,NA,38,pmf,2025-02-08,0.9744973870754369
2025-03-01,peak week inc flu hosp,NA,NA,38,pmf,2025-02-15,0.0049136306302958585
2025-03-01,peak week inc flu hosp,NA,NA,38,pmf,2025-02-22,9.982317844874915e-05
2025-03-01,peak week inc flu hosp,NA,NA,38,pmf,2025-03-01,0.0005013459498585429
2025-03-01,peak week inc flu hosp,NA,NA,38,pmf,2025-03-08,0.000651384527024312
2025-03-01,peak week inc flu hosp,NA,NA,38,pmf,2025-03-15,0.0008664825085769053
2025-03-01,peak week inc flu hosp,NA,NA,38,pmf,2025-03-22,0.0006098034296515555
2025-03-01,peak week inc flu hosp,NA,NA,38,pmf,2025-03-29,0.00033589949548472537
2025-03-01,peak week inc flu hosp,NA,NA,38,pmf,2025-04-05,0.0002268344752857313
2025-03-01,peak week inc flu hosp,NA,NA,38,pmf,2025-04-12,0.00012175467683329284
2025-03-01,peak week inc flu hosp,NA,NA,38,pmf,2025-04-19,0.00010897315963728935
2025-03-01,peak week inc flu hosp,NA,NA,38,pmf,2025-04-26,9.982317844874915e-05
2025-03-01,peak week inc flu hosp,NA,NA,38,pmf,2025-05-03,9.982317844874915e-05
2025-03-01,peak week inc flu hosp,NA,NA,38,pmf,2025-05-10,9.982317844874915e-05
2025-03-01,peak week inc flu hosp,NA,NA,38,pmf,2025-05-17,9.982317844874915e-05
2025-03-01,peak week inc flu hosp,NA,NA,38,pmf,2025-05-24,0.00023266908375669745
2025-03-01,peak week inc flu hosp,NA,NA,39,pmf,2024-10-05,9.982989969142848e-05
2025-03-01,peak week inc flu hosp,NA,NA,39,pmf,2024-10-12,9.982989969142848e-05
2025-03-01,peak week inc flu hosp,NA,NA,39,pmf,2024-10-19,9.982989969142848e-05
2025-03-01,peak week inc flu hosp,NA,NA,39,pmf,2024-10-26,9.982989969142848e-05
2025-03-01,peak week inc flu hosp,NA,NA,39,pmf,2024-11-02,9.982989969142848e-05
2025-03-01,peak week inc flu hosp,NA,NA,39,pmf,2024-11-09,9.982989969142848e-05
2025-03-01,peak week inc flu hosp,NA,NA,39,pmf,2024-11-16,9.982989969142848e-05
2025-03-01,peak week inc flu hosp,NA,NA,39,pmf,2024-11-23,9.982989969142848e-05
2025-03-01,peak week inc flu hosp,NA,NA,39,pmf,2024-11-30,9.982989969142848e-05
2025-03-01,peak week inc flu hosp,NA,NA,39,pmf,2024-12-07,9.982989969142848e-05
2025-03-01,peak week inc flu hosp,NA,NA,39,pmf,2024-12-14,9.982989969142848e-05
2025-03-01,peak week inc flu hosp,NA,NA,39,pmf,2024-12-21,9.982989969142848e-05
2025-03-01,peak week inc flu hosp,NA,NA,39,pmf,2024-12-28,9.982989969142848e-05
2025-03-01,peak week inc flu hosp,NA,NA,39,pmf,2025-01-04,9.982989969142848e-05
2025-03-01,peak week inc flu hosp,NA,NA,39,pmf,2025-01-11,9.982989969142848e-05
2025-03-01,peak week inc flu hosp,NA,NA,39,pmf,2025-01-18,0.004977344841952405
2025-03-01,peak week inc flu hosp,NA,NA,39,pmf,2025-01-25,0.009966945061767553
2025-03-01,peak week inc flu hosp,NA,NA,39,pmf,2025-02-01,9.982989969142848e-05
2025-03-01,peak week inc flu hosp,NA,NA,39,pmf,2025-02-08,9.982989969142848e-05
2025-03-01,peak week inc flu hosp,NA,NA,39,pmf,2025-02-15,0.9202364077507963
2025-03-01,peak week inc flu hosp,NA,NA,39,pmf,2025-02-22,0.022766660392347815
2025-03-01,peak week inc flu hosp,NA,NA,39,pmf,2025-03-01,0.02452088810504317
2025-03-01,peak week inc flu hosp,NA,NA,39,pmf,2025-03-08,0.010614870424311959
2025-03-01,peak week inc flu hosp,NA,NA,39,pmf,2025-03-15,0.001955328094021841
2025-03-01,peak week inc flu hosp,NA,NA,39,pmf,2025-03-22,0.0010113992764656749
2025-03-01,peak week inc flu hosp,NA,NA,39,pmf,2025-03-29,0.00043518611272607517
2025-03-01,peak week inc flu hosp,NA,NA,39,pmf,2025-04-05,0.00038182708136495763
2025-03-01,peak week inc flu hosp,NA,NA,39,pmf,2025-04-12,0.00028138810796566775
2025-03-01,peak week inc flu hosp,NA,NA,39,pmf,2025-04-19,0.00020667175210712057
2025-03-01,peak week inc flu hosp,NA,NA,39,pmf,2025-04-26,0.00021097343948543208
2025-03-01,peak week inc flu hosp,NA,NA,39,pmf,2025-05-03,0.00012161531581604215
2025-03-01,peak week inc flu hosp,NA,NA,39,pmf,2025-05-10,9.982989969142848e-05
2025-03-01,peak week inc flu hosp,NA,NA,39,pmf,2025-05-17,9.982989969142848e-05
2025-03-01,peak week inc flu hosp,NA,NA,39,pmf,2025-05-24,0.00041572614969082375
2025-03-01,peak week inc flu hosp,NA,NA,40,pmf,2024-10-05,9.980244991363452e-05
2025-03-01,peak week inc flu hosp,NA,NA,40,pmf,2024-10-12,9.980244991363452e-05
2025-03-01,peak week inc flu hosp,NA,NA,40,pmf,2024-10-19,9.980244991363452e-05
2025-03-01,peak week inc flu hosp,NA,NA,40,pmf,2024-10-26,9.980244991363452e-05
2025-03-01,peak week inc flu hosp,NA,NA,40,pmf,2024-11-02,9.980244991363452e-05
2025-03-01,peak week inc flu hosp,NA,NA,40,pmf,2024-11-09,9.980244991363452e-05
2025-03-01,peak week inc flu hosp,NA,NA,40,pmf,2024-11-16,9.980244991363452e-05
2025-03-01,peak week inc flu hosp,NA,NA,40,pmf,2024-11-23,9.980244991363452e-05
2025-03-01,peak week inc flu hosp,NA,NA,40,pmf,2024-11-30,9.980244991363452e-05
2025-03-01,peak week inc flu hosp,NA,NA,40,pmf,2024-12-07,9.980244991363452e-05
2025-03-01,peak week inc flu hosp,NA,NA,40,pmf,2024-12-14,9.980244991363452e-05
2025-03-01,peak week inc flu hosp,NA,NA,40,pmf,2024-12-21,9.980244991363452e-05
2025-03-01,peak week inc flu hosp,NA,NA,40,pmf,2024-12-28,9.980244991363452e-05
2025-03-01,peak week inc flu hosp,NA,NA,40,pmf,2025-01-04,9.980244991363452e-05
2025-03-01,peak week inc flu hosp,NA,NA,40,pmf,2025-01-11,9.980244991363452e-05
2025-03-01,peak week inc flu hosp,NA,NA,40,pmf,2025-01-18,9.980244991363452e-05
2025-03-01,peak week inc flu hosp,NA,NA,40,pmf,2025-01-25,0.004966123986406782
2025-03-01,peak week inc flu hosp,NA,NA,40,pmf,2025-02-01,0.9349638719228377
2025-03-01,peak week inc flu hosp,NA,NA,40,pmf,2025-02-08,0.05466603129819469
2025-03-01,peak week inc flu hosp,NA,NA,40,pmf,2025-02-15,9.980244991363452e-05
2025-03-01,peak week inc flu hosp,NA,NA,40,pmf,2025-02-22,9.980244991363452e-05
2025-03-01,peak week inc flu hosp,NA,NA,40,pmf,2025-03-01,0.00041890291642652773
2025-03-01,peak week inc flu hosp,NA,NA,40,pmf,2025-03-08,0.0003436506970249936
2025-03-01,peak week inc flu hosp,NA,NA,40,pmf,2025-03-15,0.0008199255334505304
2025-03-01,peak week inc flu hosp,NA,NA,40,pmf,2025-03-22,0.0006068206979007286
2025-03-01,peak week inc flu hosp,NA,NA,40,pmf,2025-03-29,0.0003760352957436372
2025-03-01,peak week inc flu hosp,NA,NA,40,pmf,2025-04-05,0.000213818099441317
2025-03-01,peak week inc flu hosp,NA,NA,40,pmf,2025-04-12,0.00010876943081344083
2025-03-01,peak week inc flu hosp,NA,NA,40,pmf,2025-04-19,9.99030608306411e-05
2025-03-01,peak week inc flu hosp,NA,NA,40,pmf,2025-04-26,9.980244991363452e-05
2025-03-01,peak week inc flu hosp,NA,NA,40,pmf,2025-05-03,9.980244991363452e-05
2025-03-01,peak week inc flu hosp,NA,NA,40,pmf,2025-05-10,9.980244991363452e-05
2025-03-01,peak week inc flu hosp,NA,NA,40,pmf,2025-05-17,9.980244991363452e-05
2025-03-01,peak week inc flu hosp,NA,NA,40,pmf,2025-05-24,0.00022049316282920194
2025-03-01,peak week inc flu hosp,NA,NA,41,pmf,2024-10-05,9.988014382740707e-05
2025-03-01,peak week inc flu hosp,NA,NA,41,pmf,2024-10-12,9.988014382740707e-05
2025-03-01,peak week inc flu hosp,NA,NA,41,pmf,2024-10-19,9.988014382740707e-05
2025-03-01,peak week inc flu hosp,NA,NA,41,pmf,2024-10-26,9.988014382740707e-05
2025-03-01,peak week inc flu hosp,NA,NA,41,pmf,2024-11-02,9.988014382740707e-05
2025-03-01,peak week inc flu hosp,NA,NA,41,pmf,2024-11-09,9.988014382740707e-05
2025-03-01,peak week inc flu hosp,NA,NA,41,pmf,2024-11-16,9.988014382740707e-05
2025-03-01,peak week inc flu hosp,NA,NA,41,pmf,2024-11-23,9.988014382740707e-05
2025-03-01,peak week inc flu hosp,NA,NA,41,pmf,2024-11-30,9.988014382740707e-05
2025-03-01,peak week inc flu hosp,NA,NA,41,pmf,2024-12-07,9.988014382740707e-05
2025-03-01,peak week inc flu hosp,NA,NA,41,pmf,2024-12-14,9.988014382740707e-05
2025-03-01,peak week inc flu hosp,NA,NA,41,pmf,2024-12-21,0.009946589957152434
2025-03-01,peak week inc flu hosp,NA,NA,41,pmf,2024-12-28,0.21956027677462991
2025-03-01,peak week inc flu hosp,NA,NA,41,pmf,2025-01-04,0.029393393144121576
2025-03-01,peak week inc flu hosp,NA,NA,41,pmf,2025-01-11,9.988014382740707e-05
2025-03-01,peak week inc flu hosp,NA,NA,41,pmf,2025-01-18,0.009870972210696135
2025-03-01,peak week inc flu hosp,NA,NA,41,pmf,2025-01-25,0.004986213896706843
2025-03-01,peak week inc flu hosp,NA,NA,41,pmf,2025-02-01,0.014712036294053883
2025-03-01,peak week inc flu hosp,NA,NA,41,pmf,2025-02-08,0.6536130238267457
2025-03-01,peak week inc flu hosp,NA,NA,41,pmf,2025-02-15,0.00490080169418108
2025-03-01,peak week inc flu hosp,NA,NA,41,pmf,2025-02-22,0.02765320883291422
2025-03-01,peak week inc flu hosp,NA,NA,41,pmf,2025-03-01,0.010769628615516594
2025-03-01,peak week inc flu hosp,NA,NA,41,pmf,2025-03-08,0.006428831571858895
2025-03-01,peak week inc flu hosp,NA,NA,41,pmf,2025-03-15,0.0029537790778821184
2025-03-01,peak week inc flu hosp,NA,NA,41,pmf,2025-03-22,0.0012599638562644797
2025-03-01,peak week inc flu hosp,NA,NA,41,pmf,2025-03-29,0.0005637121938560037
2025-03-01,peak week inc flu hosp,NA,NA,41,pmf,2025-04-05,0.00042252129689101674
2025-03-01,peak week inc flu hosp,NA,NA,41,pmf,2025-04-12,0.00040322512139155306
2025-03-01,peak week inc flu hosp,NA,NA,41,pmf,2025-04-19,0.00036026622738283693
2025-03-01,peak week inc flu hosp,NA,NA,41,pmf,2025-04-26,0.00017925064391775011
2025-03-01,peak week inc flu hosp,NA,NA,41,pmf,2025-05-03,0.00012455101511803872
2025-03-01,peak week inc flu hosp,NA,NA,41,pmf,2025-05-10,0.00015534461868335988
2025-03-01,peak week inc flu hosp,NA,NA,41,pmf,2025-05-17,0.00011034146817497087
2025-03-01,peak week inc flu hosp,NA,NA,41,pmf,2025-05-24,0.00043350593593166934
2025-03-01,peak week inc flu hosp,NA,NA,42,pmf,2024-10-05,9.984650451772783e-05
2025-03-01,peak week inc flu hosp,NA,NA,42,pmf,2024-10-12,9.984650451772783e-05
2025-03-01,peak week inc flu hosp,NA,NA,42,pmf,2024-10-19,9.984650451772783e-05
2025-03-01,peak week inc flu hosp,NA,NA,42,pmf,2024-10-26,9.984650451772783e-05
2025-03-01,peak week inc flu hosp,NA,NA,42,pmf,2024-11-02,9.984650451772783e-05
2025-03-01,peak week inc flu hosp,NA,NA,42,pmf,2024-11-09,9.984650451772783e-05
2025-03-01,peak week inc flu hosp,NA,NA,42,pmf,2024-11-16,9.984650451772783e-05
2025-03-01,peak week inc flu hosp,NA,NA,42,pmf,2024-11-23,9.984650451772783e-05
2025-03-01,peak week inc flu hosp,NA,NA,42,pmf,2024-11-30,9.984650451772783e-05
2025-03-01,peak week inc flu hosp,NA,NA,42,pmf,2024-12-07,9.984650451772783e-05
2025-03-01,peak week inc flu hosp,NA,NA,42,pmf,2024-12-14,9.984650451772783e-05
2025-03-01,peak week inc flu hosp,NA,NA,42,pmf,2024-12-21,9.984650451772783e-05
2025-03-01,peak week inc flu hosp,NA,NA,42,pmf,2024-12-28,9.984650451772783e-05
2025-03-01,peak week inc flu hosp,NA,NA,42,pmf,2025-01-04,9.984650451772783e-05
2025-03-01,peak week inc flu hosp,NA,NA,42,pmf,2025-01-11,9.984650451772783e-05
2025-03-01,peak week inc flu hosp,NA,NA,42,pmf,2025-01-18,0.009955716820014324
2025-03-01,peak week inc flu hosp,NA,NA,42,pmf,2025-01-25,0.0049879096310189094
2025-03-01,peak week inc flu hosp,NA,NA,42,pmf,2025-02-01,0.02484432482779469
2025-03-01,peak week inc flu hosp,NA,NA,42,pmf,2025-02-08,0.08392532755809849
2025-03-01,peak week inc flu hosp,NA,NA,42,pmf,2025-02-15,0.8526716450873002
2025-03-01,peak week inc flu hosp,NA,NA,42,pmf,2025-02-22,0.00474259655027092
2025-03-01,peak week inc flu hosp,NA,NA,42,pmf,2025-03-01,0.009535187349072764
2025-03-01,peak week inc flu hosp,NA,NA,42,pmf,2025-03-08,0.0037711597912365247
2025-03-01,peak week inc flu hosp,NA,NA,42,pmf,2025-03-15,0.0014646044144648858
2025-03-01,peak week inc flu hosp,NA,NA,42,pmf,2025-03-22,0.000675789273299175
2025-03-01,peak week inc flu hosp,NA,NA,42,pmf,2025-03-29,0.00036323570432855945
2025-03-01,peak week inc flu hosp,NA,NA,42,pmf,2025-04-05,0.0002632808141288554
2025-03-01,peak week inc flu hosp,NA,NA,42,pmf,2025-04-12,0.00028218035799674524
2025-03-01,peak week inc flu hosp,NA,NA,42,pmf,2025-04-19,0.00019819660020569156
2025-03-01,peak week inc flu hosp,NA,NA,42,pmf,2025-04-26,0.00016742554431340752
2025-03-01,peak week inc flu hosp,NA,NA,42,pmf,2025-05-03,9.984650451772783e-05
2025-03-01,peak week inc flu hosp,NA,NA,42,pmf,2025-05-10,9.984650451772783e-05
2025-03-01,peak week inc flu hosp,NA,NA,42,pmf,2025-05-17,9.984650451772783e-05
2025-03-01,peak week inc flu hosp,NA,NA,42,pmf,2025-05-24,0.00035418259513665375
2025-03-01,peak week inc flu hosp,NA,NA,44,pmf,2024-10-05,9.981637734668975e-05
2025-03-01,peak week inc flu hosp,NA,NA,44,pmf,2024-10-12,9.981637734668975e-05
2025-03-01,peak week inc flu hosp,NA,NA,44,pmf,2024-10-19,9.981637734668975e-05
2025-03-01,peak week inc flu hosp,NA,NA,44,pmf,2024-10-26,9.981637734668975e-05
2025-03-01,peak week inc flu hosp,NA,NA,44,pmf,2024-11-02,9.981637734668975e-05
2025-03-01,peak week inc flu hosp,NA,NA,44,pmf,2024-11-09,9.981637734668975e-05
2025-03-01,peak week inc flu hosp,NA,NA,44,pmf,2024-11-16,9.981637734668975e-05
2025-03-01,peak week inc flu hosp,NA,NA,44,pmf,2024-11-23,9.981637734668975e-05
2025-03-01,peak week inc flu hosp,NA,NA,44,pmf,2024-11-30,9.981637734668975e-05
2025-03-01,peak week inc flu hosp,NA,NA,44,pmf,2024-12-07,9.981637734668975e-05
2025-03-01,peak week inc flu hosp,NA,NA,44,pmf,2024-12-14,9.981637734668975e-05
2025-03-01,peak week inc flu hosp,NA,NA,44,pmf,2024-12-21,9.981637734668975e-05
2025-03-01,peak week inc flu hosp,NA,NA,44,pmf,2024-12-28,9.981637734668975e-05
2025-03-01,peak week inc flu hosp,NA,NA,44,pmf,2025-01-04,9.981637734668975e-05
2025-03-01,peak week inc flu hosp,NA,NA,44,pmf,2025-01-11,9.981637734668975e-05
2025-03-01,peak week inc flu hosp,NA,NA,44,pmf,2025-01-18,0.014924396418117374
2025-03-01,peak week inc flu hosp,NA,NA,44,pmf,2025-01-25,9.981637734668975e-05
2025-03-01,peak week inc flu hosp,NA,NA,44,pmf,2025-02-01,0.024787293741638555
2025-03-01,peak week inc flu hosp,NA,NA,44,pmf,2025-02-08,0.9425707824148097
2025-03-01,peak week inc flu hosp,NA,NA,44,pmf,2025-02-15,0.00988128736372681
2025-03-01,peak week inc flu hosp,NA,NA,44,pmf,2025-02-22,9.981637734668975e-05
2025-03-01,peak week inc flu hosp,NA,NA,44,pmf,2025-03-01,0.0020541507331357446
2025-03-01,peak week inc flu hosp,NA,NA,44,pmf,2025-03-08,0.0015553210606186268
2025-03-01,peak week inc flu hosp,NA,NA,44,pmf,2025-03-15,0.0006713295696644568
2025-03-01,peak week inc flu hosp,NA,NA,44,pmf,2025-03-22,0.0004122823113983026
2025-03-01,peak week inc flu hosp,NA,NA,44,pmf,2025-03-29,0.0002823424979797375
2025-03-01,peak week inc flu hosp,NA,NA,44,pmf,2025-04-05,0.00021964124270660033
2025-03-01,peak week inc flu hosp,NA,NA,44,pmf,2025-04-12,0.00016557017007204857
2025-03-01,peak week inc flu hosp,NA,NA,44,pmf,2025-04-19,0.00012618501705617238
2025-03-01,peak week inc flu hosp,NA,NA,44,pmf,2025-04-26,9.981637734668975e-05
2025-03-01,peak week inc flu hosp,NA,NA,44,pmf,2025-05-03,9.981637734668975e-05
2025-03-01,peak week inc flu hosp,NA,NA,44,pmf,2025-05-10,9.981637734668975e-05
2025-03-01,peak week inc flu hosp,NA,NA,44,pmf,2025-05-17,9.981637734668975e-05
2025-03-01,peak week inc flu hosp,NA,NA,44,pmf,2025-05-24,0.00025327353479546544
2025-03-01,peak week inc flu hosp,NA,NA,45,pmf,2024-10-05,9.980415256605598e-05
2025-03-01,peak week inc flu hosp,NA,NA,45,pmf,2024-10-12,9.980415256605598e-05
2025-03-01,peak week inc flu hosp,NA,NA,45,pmf,2024-10-19,9.980415256605598e-05
2025-03-01,peak week inc flu hosp,NA,NA,45,pmf,2024-10-26,9.980415256605598e-05
2025-03-01,peak week inc flu hosp,NA,NA,45,pmf,2024-11-02,9.980415256605598e-05
2025-03-01,peak week inc flu hosp,NA,NA,45,pmf,2024-11-09,9.980415256605598e-05
2025-03-01,peak week inc flu hosp,NA,NA,45,pmf,2024-11-16,9.980415256605598e-05
2025-03-01,peak week inc flu hosp,NA,NA,45,pmf,2024-11-23,9.980415256605598e-05
2025-03-01,peak week inc flu hosp,NA,NA,45,pmf,2024-11-30,9.980415256605598e-05
2025-03-01,peak week inc flu hosp,NA,NA,45,pmf,2024-12-07,9.980415256605598e-05
2025-03-01,peak week inc flu hosp,NA,NA,45,pmf,2024-12-14,9.980415256605598e-05
2025-03-01,peak week inc flu hosp,NA,NA,45,pmf,2024-12-21,9.980415256605598e-05
2025-03-01,peak week inc flu hosp,NA,NA,45,pmf,2024-12-28,0.004983192472121732
2025-03-01,peak week inc flu hosp,NA,NA,45,pmf,2025-01-04,9.980415256605598e-05
2025-03-01,peak week inc flu hosp,NA,NA,45,pmf,2025-01-11,0.0049823525171779365
2025-03-01,peak week inc flu hosp,NA,NA,45,pmf,2025-01-18,9.980415256605598e-05
2025-03-01,peak week inc flu hosp,NA,NA,45,pmf,2025-01-25,9.980415256605598e-05
2025-03-01,peak week inc flu hosp,NA,NA,45,pmf,2025-02-01,0.936130808439082
2025-03-01,peak week inc flu hosp,NA,NA,45,pmf,2025-02-08,0.049635378805381235
2025-03-01,peak week inc flu hosp,NA,NA,45,pmf,2025-02-15,9.980415256605598e-05
2025-03-01,peak week inc flu hosp,NA,NA,45,pmf,2025-02-22,9.980415256605598e-05
2025-03-01,peak week inc flu hosp,NA,NA,45,pmf,2025-03-01,0.0004809815653837238
2025-03-01,peak week inc flu hosp,NA,NA,45,pmf,2025-03-08,0.0002577180235928047
2025-03-01,peak week inc flu hosp,NA,NA,45,pmf,2025-03-15,0.0003310672687552406
2025-03-01,peak week inc flu hosp,NA,NA,45,pmf,2025-03-22,0.0003469865848572276
2025-03-01,peak week inc flu hosp,NA,NA,45,pmf,2025-03-29,0.00020277262109860467
2025-03-01,peak week inc flu hosp,NA,NA,45,pmf,2025-04-05,0.00017529552655364035
2025-03-01,peak week inc flu hosp,NA,NA,45,pmf,2025-04-12,9.980415256605598e-05
2025-03-01,peak week inc flu hosp,NA,NA,45,pmf,2025-04-19,9.980415256605598e-05
2025-03-01,peak week inc flu hosp,NA,NA,45,pmf,2025-04-26,9.980415256605598e-05
2025-03-01,peak week inc flu hosp,NA,NA,45,pmf,2025-05-03,9.980415256605598e-05
2025-03-01,peak week inc flu hosp,NA,NA,45,pmf,2025-05-10,9.980415256605598e-05
2025-03-01,peak week inc flu hosp,NA,NA,45,pmf,2025-05-17,9.980415256605598e-05
2025-03-01,peak week inc flu hosp,NA,NA,45,pmf,2025-05-24,0.0001779506669767664
2025-03-01,peak week inc flu hosp,NA,NA,46,pmf,2024-10-05,9.981816881467301e-05
2025-03-01,peak week inc flu hosp,NA,NA,46,pmf,2024-10-12,9.981816881467301e-05
2025-03-01,peak week inc flu hosp,NA,NA,46,pmf,2024-10-19,9.981816881467301e-05
2025-03-01,peak week inc flu hosp,NA,NA,46,pmf,2024-10-26,9.981816881467301e-05
2025-03-01,peak week inc flu hosp,NA,NA,46,pmf,2024-11-02,9.981816881467301e-05
2025-03-01,peak week inc flu hosp,NA,NA,46,pmf,2024-11-09,9.981816881467301e-05
2025-03-01,peak week inc flu hosp,NA,NA,46,pmf,2024-11-16,9.981816881467301e-05
2025-03-01,peak week inc flu hosp,NA,NA,46,pmf,2024-11-23,9.981816881467301e-05
2025-03-01,peak week inc flu hosp,NA,NA,46,pmf,2024-11-30,9.981816881467301e-05
2025-03-01,peak week inc flu hosp,NA,NA,46,pmf,2024-12-07,9.981816881467301e-05
2025-03-01,peak week inc flu hosp,NA,NA,46,pmf,2024-12-14,9.981816881467301e-05
2025-03-01,peak week inc flu hosp,NA,NA,46,pmf,2024-12-21,9.981816881467301e-05
2025-03-01,peak week inc flu hosp,NA,NA,46,pmf,2024-12-28,9.981816881467301e-05
2025-03-01,peak week inc flu hosp,NA,NA,46,pmf,2025-01-04,9.981816881467301e-05
2025-03-01,peak week inc flu hosp,NA,NA,46,pmf,2025-01-11,9.981816881467301e-05
2025-03-01,peak week inc flu hosp,NA,NA,46,pmf,2025-01-18,9.981816881467301e-05
2025-03-01,peak week inc flu hosp,NA,NA,46,pmf,2025-01-25,9.981816881467301e-05
2025-03-01,peak week inc flu hosp,NA,NA,46,pmf,2025-02-01,0.014884930762424052
2025-03-01,peak week inc flu hosp,NA,NA,46,pmf,2025-02-08,0.9681402600824327
2025-03-01,peak week inc flu hosp,NA,NA,46,pmf,2025-02-15,0.00490169923014048
2025-03-01,peak week inc flu hosp,NA,NA,46,pmf,2025-02-22,9.981816881467301e-05
2025-03-01,peak week inc flu hosp,NA,NA,46,pmf,2025-03-01,0.0008918652839072422
2025-03-01,peak week inc flu hosp,NA,NA,46,pmf,2025-03-08,0.002578159663315104
2025-03-01,peak week inc flu hosp,NA,NA,46,pmf,2025-03-15,0.00278071346141776
2025-03-01,peak week inc flu hosp,NA,NA,46,pmf,2025-03-22,0.0018413244035739005
2025-03-01,peak week inc flu hosp,NA,NA,46,pmf,2025-03-29,0.0005099014012138799
2025-03-01,peak week inc flu hosp,NA,NA,46,pmf,2025-04-05,0.00038402282139444224
2025-03-01,peak week inc flu hosp,NA,NA,46,pmf,2025-04-12,0.00031380278298874623
2025-03-01,peak week inc flu hosp,NA,NA,46,pmf,2025-04-19,0.00017526939013623905
2025-03-01,peak week inc flu hosp,NA,NA,46,pmf,2025-04-26,0.00011894344624744368
2025-03-01,peak week inc flu hosp,NA,NA,46,pmf,2025-05-03,0.00011192204418955145
2025-03-01,peak week inc flu hosp,NA,NA,46,pmf,2025-05-10,9.981816881467301e-05
2025-03-01,peak week inc flu hosp,NA,NA,46,pmf,2025-05-17,0.0001107163450926413
2025-03-01,peak week inc flu hosp,NA,NA,46,pmf,2025-05-24,0.0003599236740470548
2025-03-01,peak week inc flu hosp,NA,NA,47,pmf,2024-10-05,9.983663434580003e-05
2025-03-01,peak week inc flu hosp,NA,NA,47,pmf,2024-10-12,9.983663434580003e-05
2025-03-01,peak week inc flu hosp,NA,NA,47,pmf,2024-10-19,9.983663434580003e-05
2025-03-01,peak week inc flu hosp,NA,NA,47,pmf,2024-10-26,9.983663434580003e-05
2025-03-01,peak week inc flu hosp,NA,NA,47,pmf,2024-11-02,9.983663434580003e-05
2025-03-01,peak week inc flu hosp,NA,NA,47,pmf,2024-11-09,9.983663434580003e-05
2025-03-01,peak week inc flu hosp,NA,NA,47,pmf,2024-11-16,9.983663434580003e-05
2025-03-01,peak week inc flu hosp,NA,NA,47,pmf,2024-11-23,9.983663434580003e-05
2025-03-01,peak week inc flu hosp,NA,NA,47,pmf,2024-11-30,9.983663434580003e-05
2025-03-01,peak week inc flu hosp,NA,NA,47,pmf,2024-12-07,9.983663434580003e-05
2025-03-01,peak week inc flu hosp,NA,NA,47,pmf,2024-12-14,9.983663434580003e-05
2025-03-01,peak week inc flu hosp,NA,NA,47,pmf,2024-12-21,9.983663434580003e-05
2025-03-01,peak week inc flu hosp,NA,NA,47,pmf,2024-12-28,0.009954362305049792
2025-03-01,peak week inc flu hosp,NA,NA,47,pmf,2025-01-04,0.8664838085911576
2025-03-01,peak week inc flu hosp,NA,NA,47,pmf,2025-01-11,0.004984071587167057
2025-03-01,peak week inc flu hosp,NA,NA,47,pmf,2025-01-18,0.009959178243582575
2025-03-01,peak week inc flu hosp,NA,NA,47,pmf,2025-01-25,0.009968984247789489
2025-03-01,peak week inc flu hosp,NA,NA,47,pmf,2025-02-01,0.0049813707751015625
2025-03-01,peak week inc flu hosp,NA,NA,47,pmf,2025-02-08,0.08955187081552979
2025-03-01,peak week inc flu hosp,NA,NA,47,pmf,2025-02-15,9.983663434580003e-05
2025-03-01,peak week inc flu hosp,NA,NA,47,pmf,2025-02-22,9.983663434580003e-05
2025-03-01,peak week inc flu hosp,NA,NA,47,pmf,2025-03-01,0.0003306197941814384
2025-03-01,peak week inc flu hosp,NA,NA,47,pmf,2025-03-08,0.0002462843666173359
2025-03-01,peak week inc flu hosp,NA,NA,47,pmf,2025-03-15,0.0005114896070885412
2025-03-01,peak week inc flu hosp,NA,NA,47,pmf,2025-03-22,0.00041794709004902716
2025-03-01,peak week inc flu hosp,NA,NA,47,pmf,2025-03-29,0.0002550691872972157
2025-03-01,peak week inc flu hosp,NA,NA,47,pmf,2025-04-05,0.0001663255882458956
2025-03-01,peak week inc flu hosp,NA,NA,47,pmf,2025-04-12,9.983663434580003e-05
2025-03-01,peak week inc flu hosp,NA,NA,47,pmf,2025-04-19,9.983663434580003e-05
2025-03-01,peak week inc flu hosp,NA,NA,47,pmf,2025-04-26,9.983663434580003e-05
2025-03-01,peak week inc flu hosp,NA,NA,47,pmf,2025-05-03,9.983663434580003e-05
2025-03-01,peak week inc flu hosp,NA,NA,47,pmf,2025-05-10,9.983663434580003e-05
2025-03-01,peak week inc flu hosp,NA,NA,47,pmf,2025-05-17,9.983663434580003e-05
2025-03-01,peak week inc flu hosp,NA,NA,47,pmf,2025-05-24,0.00019188511422670596
2025-03-01,peak week inc flu hosp,NA,NA,48,pmf,2024-10-05,9.978751390705957e-05
2025-03-01,peak week inc flu hosp,NA,NA,48,pmf,2024-10-12,9.978751390705957e-05
2025-03-01,peak week inc flu hosp,NA,NA,48,pmf,2024-10-19,9.978751390705957e-05
2025-03-01,peak week inc flu hosp,NA,NA,48,pmf,2024-10-26,9.978751390705957e-05
2025-03-01,peak week inc flu hosp,NA,NA,48,pmf,2024-11-02,9.978751390705957e-05
2025-03-01,peak week inc flu hosp,NA,NA,48,pmf,2024-11-09,9.978751390705957e-05
2025-03-01,peak week inc flu hosp,NA,NA,48,pmf,2024-11-16,9.978751390705957e-05
2025-03-01,peak week inc flu hosp,NA,NA,48,pmf,2024-11-23,9.978751390705957e-05
2025-03-01,peak week inc flu hosp,NA,NA,48,pmf,2024-11-30,9.978751390705957e-05
2025-03-01,peak week inc flu hosp,NA,NA,48,pmf,2024-12-07,9.978751390705957e-05
2025-03-01,peak week inc flu hosp,NA,NA,48,pmf,2024-12-14,9.978751390705957e-05
2025-03-01,peak week inc flu hosp,NA,NA,48,pmf,2024-12-21,9.978751390705957e-05
2025-03-01,peak week inc flu hosp,NA,NA,48,pmf,2024-12-28,9.978751390705957e-05
2025-03-01,peak week inc flu hosp,NA,NA,48,pmf,2025-01-04,9.978751390705957e-05
2025-03-01,peak week inc flu hosp,NA,NA,48,pmf,2025-01-11,9.978751390705957e-05
2025-03-01,peak week inc flu hosp,NA,NA,48,pmf,2025-01-18,9.978751390705957e-05
2025-03-01,peak week inc flu hosp,NA,NA,48,pmf,2025-01-25,0.0049858593422063766
2025-03-01,peak week inc flu hosp,NA,NA,48,pmf,2025-02-01,0.9900320736316566
2025-03-01,peak week inc flu hosp,NA,NA,48,pmf,2025-02-08,9.978751390705957e-05
2025-03-01,peak week inc flu hosp,NA,NA,48,pmf,2025-02-15,9.978751390705957e-05
2025-03-01,peak week inc flu hosp,NA,NA,48,pmf,2025-02-22,9.978751390705957e-05
2025-03-01,peak week inc flu hosp,NA,NA,48,pmf,2025-03-01,0.0004258819523218356
2025-03-01,peak week inc flu hosp,NA,NA,48,pmf,2025-03-08,0.00020566501899943425
2025-03-01,peak week inc flu hosp,NA,NA,48,pmf,2025-03-15,0.0005505386116789266
2025-03-01,peak week inc flu hosp,NA,NA,48,pmf,2025-03-22,0.0005045098891655006
2025-03-01,peak week inc flu hosp,NA,NA,48,pmf,2025-03-29,0.0004204986073848737
2025-03-01,peak week inc flu hosp,NA,NA,48,pmf,2025-04-05,0.0001831093464276301
2025-03-01,peak week inc flu hosp,NA,NA,48,pmf,2025-04-12,9.978751390705957e-05
2025-03-01,peak week inc flu hosp,NA,NA,48,pmf,2025-04-19,9.978751390705957e-05
2025-03-01,peak week inc flu hosp,NA,NA,48,pmf,2025-04-26,9.978751390705957e-05
2025-03-01,peak week inc flu hosp,NA,NA,48,pmf,2025-05-03,9.978751390705957e-05
2025-03-01,peak week inc flu hosp,NA,NA,48,pmf,2025-05-10,9.978751390705957e-05
2025-03-01,peak week inc flu hosp,NA,NA,48,pmf,2025-05-17,9.978751390705957e-05
2025-03-01,peak week inc flu hosp,NA,NA,48,pmf,2025-05-24,0.00019717575248222408
2025-03-01,peak week inc flu hosp,NA,NA,49,pmf,2024-10-05,9.981858235768647e-05
2025-03-01,peak week inc flu hosp,NA,NA,49,pmf,2024-10-12,9.981858235768647e-05
2025-03-01,peak week inc flu hosp,NA,NA,49,pmf,2024-10-19,9.981858235768647e-05
2025-03-01,peak week inc flu hosp,NA,NA,49,pmf,2024-10-26,9.981858235768647e-05
2025-03-01,peak week inc flu hosp,NA,NA,49,pmf,2024-11-02,9.981858235768647e-05
2025-03-01,peak week inc flu hosp,NA,NA,49,pmf,2024-11-09,9.981858235768647e-05
2025-03-01,peak week inc flu hosp,NA,NA,49,pmf,2024-11-16,9.981858235768647e-05
2025-03-01,peak week inc flu hosp,NA,NA,49,pmf,2024-11-23,9.981858235768647e-05
2025-03-01,peak week inc flu hosp,NA,NA,49,pmf,2024-11-30,9.981858235768647e-05
2025-03-01,peak week inc flu hosp,NA,NA,49,pmf,2024-12-07,9.981858235768647e-05
2025-03-01,peak week inc flu hosp,NA,NA,49,pmf,2024-12-14,9.981858235768647e-05
2025-03-01,peak week inc flu hosp,NA,NA,49,pmf,2024-12-21,0.004983250929157963
2025-03-01,peak week inc flu hosp,NA,NA,49,pmf,2024-12-28,0.009852720449978702
2025-03-01,peak week inc flu hosp,NA,NA,49,pmf,2025-01-04,0.9653960841435387
2025-03-01,peak week inc flu hosp,NA,NA,49,pmf,2025-01-11,0.004984967500468513
2025-03-01,peak week inc flu hosp,NA,NA,49,pmf,2025-01-18,9.981858235768647e-05
2025-03-01,peak week inc flu hosp,NA,NA,49,pmf,2025-01-25,0.004982207587314997
2025-03-01,peak week inc flu hosp,NA,NA,49,pmf,2025-02-01,0.004981929528334536
2025-03-01,peak week inc flu hosp,NA,NA,49,pmf,2025-02-08,9.981858235768647e-05
2025-03-01,peak week inc flu hosp,NA,NA,49,pmf,2025-02-15,9.981858235768647e-05
2025-03-01,peak week inc flu hosp,NA,NA,49,pmf,2025-02-22,9.981858235768647e-05
2025-03-01,peak week inc flu hosp,NA,NA,49,pmf,2025-03-01,0.0005405596534055167
2025-03-01,peak week inc flu hosp,NA,NA,49,pmf,2025-03-08,0.0011221392438012735
2025-03-01,peak week inc flu hosp,NA,NA,49,pmf,2025-03-15,0.0003709575486818279
2025-03-01,peak week inc flu hosp,NA,NA,49,pmf,2025-03-22,0.000296369066437146
2025-03-01,peak week inc flu hosp,NA,NA,49,pmf,2025-03-29,0.00014389395062620907
2025-03-01,peak week inc flu hosp,NA,NA,49,pmf,2025-04-05,9.981858235768647e-05
2025-03-01,peak week inc flu hosp,NA,NA,49,pmf,2025-04-12,9.981858235768647e-05
2025-03-01,peak week inc flu hosp,NA,NA,49,pmf,2025-04-19,9.981858235768647e-05
2025-03-01,peak week inc flu hosp,NA,NA,49,pmf,2025-04-26,9.981858235768647e-05
2025-03-01,peak week inc flu hosp,NA,NA,49,pmf,2025-05-03,9.981858235768647e-05
2025-03-01,peak week inc flu hosp,NA,NA,49,pmf,2025-05-10,9.981858235768647e-05
2025-03-01,peak week inc flu hosp,NA,NA,49,pmf,2025-05-17,9.981858235768647e-05
2025-03-01,peak week inc flu hosp,NA,NA,49,pmf,2025-05-24,0.00014891158638545457
2025-03-01,peak week inc flu hosp,NA,NA,50,pmf,2024-10-05,9.98203234178479e-05
2025-03-01,peak week inc flu hosp,NA,NA,50,pmf,2024-10-12,9.98203234178479e-05
2025-03-01,peak week inc flu hosp,NA,NA,50,pmf,2024-10-19,9.98203234178479e-05
2025-03-01,peak week inc flu hosp,NA,NA,50,pmf,2024-10-26,9.98203234178479e-05
2025-03-01,peak week inc flu hosp,NA,NA,50,pmf,2024-11-02,9.98203234178479e-05
2025-03-01,peak week inc flu hosp,NA,NA,50,pmf,2024-11-09,9.98203234178479e-05
2025-03-01,peak week inc flu hosp,NA,NA,50,pmf,2024-11-16,9.98203234178479e-05
2025-03-01,peak week inc flu hosp,NA,NA,50,pmf,2024-11-23,9.98203234178479e-05
2025-03-01,peak week inc flu hosp,NA,NA,50,pmf,2024-11-30,9.98203234178479e-05
2025-03-01,peak week inc flu hosp,NA,NA,50,pmf,2024-12-07,9.98203234178479e-05
2025-03-01,peak week inc flu hosp,NA,NA,50,pmf,2024-12-14,9.98203234178479e-05
2025-03-01,peak week inc flu hosp,NA,NA,50,pmf,2024-12-21,9.98203234178479e-05
2025-03-01,peak week inc flu hosp,NA,NA,50,pmf,2024-12-28,0.004985175840146726
2025-03-01,peak week inc flu hosp,NA,NA,50,pmf,2025-01-04,9.98203234178479e-05
2025-03-01,peak week inc flu hosp,NA,NA,50,pmf,2025-01-11,9.98203234178479e-05
2025-03-01,peak week inc flu hosp,NA,NA,50,pmf,2025-01-18,9.98203234178479e-05
2025-03-01,peak week inc flu hosp,NA,NA,50,pmf,2025-01-25,9.98203234178479e-05
2025-03-01,peak week inc flu hosp,NA,NA,50,pmf,2025-02-01,9.98203234178479e-05
2025-03-01,peak week inc flu hosp,NA,NA,50,pmf,2025-02-08,0.9623453953721419
2025-03-01,peak week inc flu hosp,NA,NA,50,pmf,2025-02-15,0.00974624066669891
2025-03-01,peak week inc flu hosp,NA,NA,50,pmf,2025-02-22,9.98203234178479e-05
2025-03-01,peak week inc flu hosp,NA,NA,50,pmf,2025-03-01,0.0040841248581093715
2025-03-01,peak week inc flu hosp,NA,NA,50,pmf,2025-03-08,0.004022805998600931
2025-03-01,peak week inc flu hosp,NA,NA,50,pmf,2025-03-15,0.006844149868524405
2025-03-01,peak week inc flu hosp,NA,NA,50,pmf,2025-03-22,0.0031498883069560734
2025-03-01,peak week inc flu hosp,NA,NA,50,pmf,2025-03-29,0.0009415432989403957
2025-03-01,peak week inc flu hosp,NA,NA,50,pmf,2025-04-05,0.0005688785274967713
2025-03-01,peak week inc flu hosp,NA,NA,50,pmf,2025-04-12,0.0003057793061074461
2025-03-01,peak week inc flu hosp,NA,NA,50,pmf,2025-04-19,0.000230759255738996
2025-03-01,peak week inc flu hosp,NA,NA,50,pmf,2025-04-26,0.0001567535616757349
2025-03-01,peak week inc flu hosp,NA,NA,50,pmf,2025-05-03,0.0001270129196284716
2025-03-01,peak week inc flu hosp,NA,NA,50,pmf,2025-05-10,0.00010443635136169897
2025-03-01,peak week inc flu hosp,NA,NA,50,pmf,2025-05-17,0.00011555276409918638
2025-03-01,peak week inc flu hosp,NA,NA,50,pmf,2025-05-24,0.00047473728225158975
2025-03-01,peak week inc flu hosp,NA,NA,51,pmf,2024-10-05,9.982031645554642e-05
2025-03-01,peak week inc flu hosp,NA,NA,51,pmf,2024-10-12,9.982031645554642e-05
2025-03-01,peak week inc flu hosp,NA,NA,51,pmf,2024-10-19,9.982031645554642e-05
2025-03-01,peak week inc flu hosp,NA,NA,51,pmf,2024-10-26,9.982031645554642e-05
2025-03-01,peak week inc flu hosp,NA,NA,51,pmf,2024-11-02,9.982031645554642e-05
2025-03-01,peak week inc flu hosp,NA,NA,51,pmf,2024-11-09,9.982031645554642e-05
2025-03-01,peak week inc flu hosp,NA,NA,51,pmf,2024-11-16,9.982031645554642e-05
2025-03-01,peak week inc flu hosp,NA,NA,51,pmf,2024-11-23,9.982031645554642e-05
2025-03-01,peak week inc flu hosp,NA,NA,51,pmf,2024-11-30,9.982031645554642e-05
2025-03-01,peak week inc flu hosp,NA,NA,51,pmf,2024-12-07,9.982031645554642e-05
2025-03-01,peak week inc flu hosp,NA,NA,51,pmf,2024-12-14,9.982031645554642e-05
2025-03-01,peak week inc flu hosp,NA,NA,51,pmf,2024-12-21,9.982031645554642e-05
2025-03-01,peak week inc flu hosp,NA,NA,51,pmf,2024-12-28,9.982031645554642e-05
2025-03-01,peak week inc flu hosp,NA,NA,51,pmf,2025-01-04,9.982031645554642e-05
2025-03-01,peak week inc flu hosp,NA,NA,51,pmf,2025-01-11,9.982031645554642e-05
2025-03-01,peak week inc flu hosp,NA,NA,51,pmf,2025-01-18,9.982031645554642e-05
2025-03-01,peak week inc flu hosp,NA,NA,51,pmf,2025-01-25,0.004983388445975033
2025-03-01,peak week inc flu hosp,NA,NA,51,pmf,2025-02-01,0.024903931365930793
2025-03-01,peak week inc flu hosp,NA,NA,51,pmf,2025-02-08,0.9152640523089889
2025-03-01,peak week inc flu hosp,NA,NA,51,pmf,2025-02-15,0.04406357613056351
2025-03-01,peak week inc flu hosp,NA,NA,51,pmf,2025-02-22,9.982031645554642e-05
2025-03-01,peak week inc flu hosp,NA,NA,51,pmf,2025-03-01,0.0027512402739273177
2025-03-01,peak week inc flu hosp,NA,NA,51,pmf,2025-03-08,0.0023101304803473544
2025-03-01,peak week inc flu hosp,NA,NA,51,pmf,2025-03-15,0.0016285499368038942
2025-03-01,peak week inc flu hosp,NA,NA,51,pmf,2025-03-22,0.0006146289603046934
2025-03-01,peak week inc flu hosp,NA,NA,51,pmf,2025-03-29,0.00041728143732171837
2025-03-01,peak week inc flu hosp,NA,NA,51,pmf,2025-04-05,0.0003004246760921304
2025-03-01,peak week inc flu hosp,NA,NA,51,pmf,2025-04-12,0.000236591528022825
2025-03-01,peak week inc flu hosp,NA,NA,51,pmf,2025-04-19,0.000145307360494353
2025-03-01,peak week inc flu hosp,NA,NA,51,pmf,2025-04-26,9.982031645554642e-05
2025-03-01,peak week inc flu hosp,NA,NA,51,pmf,2025-05-03,9.982031645554642e-05
2025-03-01,peak week inc flu hosp,NA,NA,51,pmf,2025-05-10,9.982031645554642e-05
2025-03-01,peak week inc flu hosp,NA,NA,51,pmf,2025-05-17,9.982031645554642e-05
2025-03-01,peak week inc flu hosp,NA,NA,51,pmf,2025-05-24,0.00028467044966097436
2025-03-01,peak week inc flu hosp,NA,NA,53,pmf,2024-10-05,9.983028850953382e-05
2025-03-01,peak week inc flu hosp,NA,NA,53,pmf,2024-10-12,9.983028850953382e-05
2025-03-01,peak week inc flu hosp,NA,NA,53,pmf,2024-10-19,9.983028850953382e-05
2025-03-01,peak week inc flu hosp,NA,NA,53,pmf,2024-10-26,9.983028850953382e-05
2025-03-01,peak week inc flu hosp,NA,NA,53,pmf,2024-11-02,9.983028850953382e-05
2025-03-01,peak week inc flu hosp,NA,NA,53,pmf,2024-11-09,9.983028850953382e-05
2025-03-01,peak week inc flu hosp,NA,NA,53,pmf,2024-11-16,9.983028850953382e-05
2025-03-01,peak week inc flu hosp,NA,NA,53,pmf,2024-11-23,9.983028850953382e-05
2025-03-01,peak week inc flu hosp,NA,NA,53,pmf,2024-11-30,9.983028850953382e-05
2025-03-01,peak week inc flu hosp,NA,NA,53,pmf,2024-12-07,9.983028850953382e-05
2025-03-01,peak week inc flu hosp,NA,NA,53,pmf,2024-12-14,9.983028850953382e-05
2025-03-01,peak week inc flu hosp,NA,NA,53,pmf,2024-12-21,9.983028850953382e-05
2025-03-01,peak week inc flu hosp,NA,NA,53,pmf,2024-12-28,0.009969795977709847
2025-03-01,peak week inc flu hosp,NA,NA,53,pmf,2025-01-04,9.983028850953382e-05
2025-03-01,peak week inc flu hosp,NA,NA,53,pmf,2025-01-11,9.983028850953382e-05
2025-03-01,peak week inc flu hosp,NA,NA,53,pmf,2025-01-18,0.01991471809139934
2025-03-01,peak week inc flu hosp,NA,NA,53,pmf,2025-01-25,9.983028850953382e-05
2025-03-01,peak week inc flu hosp,NA,NA,53,pmf,2025-02-01,0.00997073895874631
2025-03-01,peak week inc flu hosp,NA,NA,53,pmf,2025-02-08,0.9222748435496247
2025-03-01,peak week inc flu hosp,NA,NA,53,pmf,2025-02-15,9.983028850953382e-05
2025-03-01,peak week inc flu hosp,NA,NA,53,pmf,2025-02-22,9.983028850953382e-05
2025-03-01,peak week inc flu hosp,NA,NA,53,pmf,2025-03-01,0.019213642895902574
2025-03-01,peak week inc flu hosp,NA,NA,53,pmf,2025-03-08,0.009150864391380152
2025-03-01,peak week inc flu hosp,NA,NA,53,pmf,2025-03-15,0.0034497231520016006
2025-03-01,peak week inc flu hosp,NA,NA,53,pmf,2025-03-22,0.0015538099776142747
2025-03-01,peak week inc flu hosp,NA,NA,53,pmf,2025-03-29,0.0006233456477359834
2025-03-01,peak week inc flu hosp,NA,NA,53,pmf,2025-04-05,0.0004540138650881225
2025-03-01,peak week inc flu hosp,NA,NA,53,pmf,2025-04-12,0.00037222132820119544
2025-03-01,peak week inc flu hosp,NA,NA,53,pmf,2025-04-19,0.00035759013652452267
2025-03-01,peak week inc flu hosp,NA,NA,53,pmf,2025-04-26,0.00016876288912834637
2025-03-01,peak week inc flu hosp,NA,NA,53,pmf,2025-05-03,0.00013237855837949824
2025-03-01,peak week inc flu hosp,NA,NA,53,pmf,2025-05-10,0.00010954502516175038
2025-03-01,peak week inc flu hosp,NA,NA,53,pmf,2025-05-17,0.00011772452902259702
2025-03-01,peak week inc flu hosp,NA,NA,53,pmf,2025-05-24,0.0004691661217170506
2025-03-01,peak week inc flu hosp,NA,NA,54,pmf,2024-10-05,9.984025559105431e-05
2025-03-01,peak week inc flu hosp,NA,NA,54,pmf,2024-10-12,9.984025559105431e-05
2025-03-01,peak week inc flu hosp,NA,NA,54,pmf,2024-10-19,9.984025559105431e-05
2025-03-01,peak week inc flu hosp,NA,NA,54,pmf,2024-10-26,9.984025559105431e-05
2025-03-01,peak week inc flu hosp,NA,NA,54,pmf,2024-11-02,9.984025559105431e-05
2025-03-01,peak week inc flu hosp,NA,NA,54,pmf,2024-11-09,9.984025559105431e-05
2025-03-01,peak week inc flu hosp,NA,NA,54,pmf,2024-11-16,9.984025559105431e-05
2025-03-01,peak week inc flu hosp,NA,NA,54,pmf,2024-11-23,9.984025559105431e-05
2025-03-01,peak week inc flu hosp,NA,NA,54,pmf,2024-11-30,9.984025559105431e-05
2025-03-01,peak week inc flu hosp,NA,NA,54,pmf,2024-12-07,9.984025559105431e-05
2025-03-01,peak week inc flu hosp,NA,NA,54,pmf,2024-12-14,9.984025559105431e-05
2025-03-01,peak week inc flu hosp,NA,NA,54,pmf,2024-12-21,9.984025559105431e-05
2025-03-01,peak week inc flu hosp,NA,NA,54,pmf,2024-12-28,9.984025559105431e-05
2025-03-01,peak week inc flu hosp,NA,NA,54,pmf,2025-01-04,0.009926663981400411
2025-03-01,peak week inc flu hosp,NA,NA,54,pmf,2025-01-11,9.984025559105431e-05
2025-03-01,peak week inc flu hosp,NA,NA,54,pmf,2025-01-18,9.984025559105431e-05
2025-03-01,peak week inc flu hosp,NA,NA,54,pmf,2025-01-25,9.984025559105431e-05
2025-03-01,peak week inc flu hosp,NA,NA,54,pmf,2025-02-01,0.0049770137109570525
2025-03-01,peak week inc flu hosp,NA,NA,54,pmf,2025-02-08,0.004960875997534558
2025-03-01,peak week inc flu hosp,NA,NA,54,pmf,2025-02-15,0.22884486846980076
2025-03-01,peak week inc flu hosp,NA,NA,54,pmf,2025-02-22,0.579888599549375
2025-03-01,peak week inc flu hosp,NA,NA,54,pmf,2025-03-01,0.08296913564078105
2025-03-01,peak week inc flu hosp,NA,NA,54,pmf,2025-03-08,0.05163544864949928
2025-03-01,peak week inc flu hosp,NA,NA,54,pmf,2025-03-15,0.020297299362607952
2025-03-01,peak week inc flu hosp,NA,NA,54,pmf,2025-03-22,0.009308724779440714
2025-03-01,peak week inc flu hosp,NA,NA,54,pmf,2025-03-29,0.001446739890335009
2025-03-01,peak week inc flu hosp,NA,NA,54,pmf,2025-04-05,0.0008892077624366823
2025-03-01,peak week inc flu hosp,NA,NA,54,pmf,2025-04-12,0.0006363744607069431
2025-03-01,peak week inc flu hosp,NA,NA,54,pmf,2025-04-19,0.00044212719489190774
2025-03-01,peak week inc flu hosp,NA,NA,54,pmf,2025-04-26,0.00032530637728300077
2025-03-01,peak week inc flu hosp,NA,NA,54,pmf,2025-05-03,0.00029650714540992667
2025-03-01,peak week inc flu hosp,NA,NA,54,pmf,2025-05-10,0.00045549603043101356
2025-03-01,peak week inc flu hosp,NA,NA,54,pmf,2025-05-17,0.0002017934317667616
2025-03-01,peak week inc flu hosp,NA,NA,54,pmf,2025-05-24,0.0009003734758850091
2025-03-01,peak week inc flu hosp,NA,NA,55,pmf,2024-10-05,9.983320197015018e-05
2025-03-01,peak week inc flu hosp,NA,NA,55,pmf,2024-10-12,9.983320197015018e-05
2025-03-01,peak week inc flu hosp,NA,NA,55,pmf,2024-10-19,9.983320197015018e-05
2025-03-01,peak week inc flu hosp,NA,NA,55,pmf,2024-10-26,9.983320197015018e-05
2025-03-01,peak week inc flu hosp,NA,NA,55,pmf,2024-11-02,9.983320197015018e-05
2025-03-01,peak week inc flu hosp,NA,NA,55,pmf,2024-11-09,9.983320197015018e-05
2025-03-01,peak week inc flu hosp,NA,NA,55,pmf,2024-11-16,9.983320197015018e-05
2025-03-01,peak week inc flu hosp,NA,NA,55,pmf,2024-11-23,9.983320197015018e-05
2025-03-01,peak week inc flu hosp,NA,NA,55,pmf,2024-11-30,9.983320197015018e-05
2025-03-01,peak week inc flu hosp,NA,NA,55,pmf,2024-12-07,9.983320197015018e-05
2025-03-01,peak week inc flu hosp,NA,NA,55,pmf,2024-12-14,9.983320197015018e-05
2025-03-01,peak week inc flu hosp,NA,NA,55,pmf,2024-12-21,9.983320197015018e-05
2025-03-01,peak week inc flu hosp,NA,NA,55,pmf,2024-12-28,9.983320197015018e-05
2025-03-01,peak week inc flu hosp,NA,NA,55,pmf,2025-01-04,9.983320197015018e-05
2025-03-01,peak week inc flu hosp,NA,NA,55,pmf,2025-01-11,9.983320197015018e-05
2025-03-01,peak week inc flu hosp,NA,NA,55,pmf,2025-01-18,0.014934446588660059
2025-03-01,peak week inc flu hosp,NA,NA,55,pmf,2025-01-25,0.014953834820630842
2025-03-01,peak week inc flu hosp,NA,NA,55,pmf,2025-02-01,0.009964956638597531
2025-03-01,peak week inc flu hosp,NA,NA,55,pmf,2025-02-08,0.9281496366231919
2025-03-01,peak week inc flu hosp,NA,NA,55,pmf,2025-02-15,0.019681192294495137
2025-03-01,peak week inc flu hosp,NA,NA,55,pmf,2025-02-22,9.983320197015018e-05
2025-03-01,peak week inc flu hosp,NA,NA,55,pmf,2025-03-01,0.0048205791725586655
2025-03-01,peak week inc flu hosp,NA,NA,55,pmf,2025-03-08,0.00217640153774461
2025-03-01,peak week inc flu hosp,NA,NA,55,pmf,2025-03-15,0.0014462103790878597
2025-03-01,peak week inc flu hosp,NA,NA,55,pmf,2025-03-22,0.0006021883722587319
2025-03-01,peak week inc flu hosp,NA,NA,55,pmf,2025-03-29,0.00033134509975451957
2025-03-01,peak week inc flu hosp,NA,NA,55,pmf,2025-04-05,0.00022691597104524346
2025-03-01,peak week inc flu hosp,NA,NA,55,pmf,2025-04-12,0.00025614553289660894
2025-03-01,peak week inc flu hosp,NA,NA,55,pmf,2025-04-19,0.00014533604691012716
2025-03-01,peak week inc flu hosp,NA,NA,55,pmf,2025-04-26,0.00010438240954008005
2025-03-01,peak week inc flu hosp,NA,NA,55,pmf,2025-05-03,9.983320197015018e-05
2025-03-01,peak week inc flu hosp,NA,NA,55,pmf,2025-05-10,9.983320197015018e-05
2025-03-01,peak week inc flu hosp,NA,NA,55,pmf,2025-05-17,9.983320197015018e-05
2025-03-01,peak week inc flu hosp,NA,NA,55,pmf,2025-05-24,0.0003095976751954666
2025-03-01,peak week inc flu hosp,NA,NA,56,pmf,2024-10-05,9.985022466300549e-05
2025-03-01,peak week inc flu hosp,NA,NA,56,pmf,2024-10-12,9.985022466300549e-05
2025-03-01,peak week inc flu hosp,NA,NA,56,pmf,2024-10-19,9.985022466300549e-05
2025-03-01,peak week inc flu hosp,NA,NA,56,pmf,2024-10-26,9.985022466300549e-05
2025-03-01,peak week inc flu hosp,NA,NA,56,pmf,2024-11-02,9.985022466300549e-05
2025-03-01,peak week inc flu hosp,NA,NA,56,pmf,2024-11-09,9.985022466300549e-05
2025-03-01,peak week inc flu hosp,NA,NA,56,pmf,2024-11-16,9.985022466300549e-05
2025-03-01,peak week inc flu hosp,NA,NA,56,pmf,2024-11-23,9.985022466300549e-05
2025-03-01,peak week inc flu hosp,NA,NA,56,pmf,2024-11-30,9.985022466300549e-05
2025-03-01,peak week inc flu hosp,NA,NA,56,pmf,2024-12-07,9.985022466300549e-05
2025-03-01,peak week inc flu hosp,NA,NA,56,pmf,2024-12-14,9.985022466300549e-05
2025-03-01,peak week inc flu hosp,NA,NA,56,pmf,2024-12-21,9.985022466300549e-05
2025-03-01,peak week inc flu hosp,NA,NA,56,pmf,2024-12-28,0.00497033374715244
2025-03-01,peak week inc flu hosp,NA,NA,56,pmf,2025-01-04,0.90256832528763
2025-03-01,peak week inc flu hosp,NA,NA,56,pmf,2025-01-11,0.004983338993688373
2025-03-01,peak week inc flu hosp,NA,NA,56,pmf,2025-01-18,9.985022466300549e-05
2025-03-01,peak week inc flu hosp,NA,NA,56,pmf,2025-01-25,9.985022466300549e-05
2025-03-01,peak week inc flu hosp,NA,NA,56,pmf,2025-02-01,0.00493583344916311
2025-03-01,peak week inc flu hosp,NA,NA,56,pmf,2025-02-08,0.009593562681504443
2025-03-01,peak week inc flu hosp,NA,NA,56,pmf,2025-02-15,9.985022466300549e-05
2025-03-01,peak week inc flu hosp,NA,NA,56,pmf,2025-02-22,0.04066077962559408
2025-03-01,peak week inc flu hosp,NA,NA,56,pmf,2025-03-01,0.014152280707462977
2025-03-01,peak week inc flu hosp,NA,NA,56,pmf,2025-03-08,0.0066286036238447504
2025-03-01,peak week inc flu hosp,NA,NA,56,pmf,2025-03-15,0.004250668400779412
2025-03-01,peak week inc flu hosp,NA,NA,56,pmf,2025-03-22,0.002838991285184495
2025-03-01,peak week inc flu hosp,NA,NA,56,pmf,2025-03-29,0.0007589745504178381
2025-03-01,peak week inc flu hosp,NA,NA,56,pmf,2025-04-05,0.00044409112735485927
2025-03-01,peak week inc flu hosp,NA,NA,56,pmf,2025-04-12,0.00035065494979435227
2025-03-01,peak week inc flu hosp,NA,NA,56,pmf,2025-04-19,0.00028736744131305214
2025-03-01,peak week inc flu hosp,NA,NA,56,pmf,2025-04-26,0.00018425005867592364
2025-03-01,peak week inc flu hosp,NA,NA,56,pmf,2025-05-03,0.00013405057733246372
2025-03-01,peak week inc flu hosp,NA,NA,56,pmf,2025-05-10,0.00011150382687690142
2025-03-01,peak week inc flu hosp,NA,NA,56,pmf,2025-05-17,0.00013734197814709845
2025-03-01,peak week inc flu hosp,NA,NA,56,pmf,2025-05-24,0.0005112943181382423
2025-03-01,peak week inc flu hosp,NA,NA,72,pmf,2024-10-05,9.97704069404039e-05
2025-03-01,peak week inc flu hosp,NA,NA,72,pmf,2024-10-12,9.97704069404039e-05
2025-03-01,peak week inc flu hosp,NA,NA,72,pmf,2024-10-19,9.97704069404039e-05
2025-03-01,peak week inc flu hosp,NA,NA,72,pmf,2024-10-26,9.97704069404039e-05
2025-03-01,peak week inc flu hosp,NA,NA,72,pmf,2024-11-02,9.97704069404039e-05
2025-03-01,peak week inc flu hosp,NA,NA,72,pmf,2024-11-09,9.97704069404039e-05
2025-03-01,peak week inc flu hosp,NA,NA,72,pmf,2024-11-16,9.97704069404039e-05
2025-03-01,peak week inc flu hosp,NA,NA,72,pmf,2024-11-23,9.97704069404039e-05
2025-03-01,peak week inc flu hosp,NA,NA,72,pmf,2024-11-30,9.97704069404039e-05
2025-03-01,peak week inc flu hosp,NA,NA,72,pmf,2024-12-07,9.97704069404039e-05
2025-03-01,peak week inc flu hosp,NA,NA,72,pmf,2024-12-14,9.97704069404039e-05
2025-03-01,peak week inc flu hosp,NA,NA,72,pmf,2024-12-21,9.97704069404039e-05
2025-03-01,peak week inc flu hosp,NA,NA,72,pmf,2024-12-28,9.97704069404039e-05
2025-03-01,peak week inc flu hosp,NA,NA,72,pmf,2025-01-04,0.004983742525053597
2025-03-01,peak week inc flu hosp,NA,NA,72,pmf,2025-01-11,0.9917457529351548
2025-03-01,peak week inc flu hosp,NA,NA,72,pmf,2025-01-18,9.97704069404039e-05
2025-03-01,peak week inc flu hosp,NA,NA,72,pmf,2025-01-25,9.97704069404039e-05
2025-03-01,peak week inc flu hosp,NA,NA,72,pmf,2025-02-01,9.97704069404039e-05
2025-03-01,peak week inc flu hosp,NA,NA,72,pmf,2025-02-08,9.97704069404039e-05
2025-03-01,peak week inc flu hosp,NA,NA,72,pmf,2025-02-15,9.97704069404039e-05
2025-03-01,peak week inc flu hosp,NA,NA,72,pmf,2025-02-22,9.97704069404039e-05
2025-03-01,peak week inc flu hosp,NA,NA,72,pmf,2025-03-01,9.97704069404039e-05
2025-03-01,peak week inc flu hosp,NA,NA,72,pmf,2025-03-08,9.97704069404039e-05
2025-03-01,peak week inc flu hosp,NA,NA,72,pmf,2025-03-15,0.00010462873931141207
2025-03-01,peak week inc flu hosp,NA,NA,72,pmf,2025-03-22,0.00010375546553314448
2025-03-01,peak week inc flu hosp,NA,NA,72,pmf,2025-03-29,0.0001426663896330288
2025-03-01,peak week inc flu hosp,NA,NA,72,pmf,2025-04-05,9.97704069404039e-05
2025-03-01,peak week inc flu hosp,NA,NA,72,pmf,2025-04-12,9.97704069404039e-05
2025-03-01,peak week inc flu hosp,NA,NA,72,pmf,2025-04-19,9.97704069404039e-05
2025-03-01,peak week inc flu hosp,NA,NA,72,pmf,2025-04-26,9.97704069404039e-05
2025-03-01,peak week inc flu hosp,NA,NA,72,pmf,2025-05-03,9.97704069404039e-05
2025-03-01,peak week inc flu hosp,NA,NA,72,pmf,2025-05-10,9.97704069404039e-05
2025-03-01,peak week inc flu hosp,NA,NA,72,pmf,2025-05-17,9.97704069404039e-05
2025-03-01,peak week inc flu hosp,NA,NA,72,pmf,2025-05-24,0.00012588255098274043
2025-03-01,peak week inc flu hosp,NA,NA,US,pmf,2024-10-05,9.980946718410235e-05
2025-03-01,peak week inc flu hosp,NA,NA,US,pmf,2024-10-12,9.980946718410235e-05
2025-03-01,peak week inc flu hosp,NA,NA,US,pmf,2024-10-19,9.980946718410235e-05
2025-03-01,peak week inc flu hosp,NA,NA,US,pmf,2024-10-26,9.980946718410235e-05
2025-03-01,peak week inc flu hosp,NA,NA,US,pmf,2024-11-02,9.980946718410235e-05
2025-03-01,peak week inc flu hosp,NA,NA,US,pmf,2024-11-09,9.980946718410235e-05
2025-03-01,peak week inc flu hosp,NA,NA,US,pmf,2024-11-16,9.980946718410235e-05
2025-03-01,peak week inc flu hosp,NA,NA,US,pmf,2024-11-23,9.980946718410235e-05
2025-03-01,peak week inc flu hosp,NA,NA,US,pmf,2024-11-30,9.980946718410235e-05
2025-03-01,peak week inc flu hosp,NA,NA,US,pmf,2024-12-07,9.980946718410235e-05
2025-03-01,peak week inc flu hosp,NA,NA,US,pmf,2024-12-14,9.980946718410235e-05
2025-03-01,peak week inc flu hosp,NA,NA,US,pmf,2024-12-21,9.980946718410235e-05
2025-03-01,peak week inc flu hosp,NA,NA,US,pmf,2024-12-28,9.980946718410235e-05
2025-03-01,peak week inc flu hosp,NA,NA,US,pmf,2025-01-04,9.980946718410235e-05
2025-03-01,peak week inc flu hosp,NA,NA,US,pmf,2025-01-11,9.980946718410235e-05
2025-03-01,peak week inc flu hosp,NA,NA,US,pmf,2025-01-18,9.980946718410235e-05
2025-03-01,peak week inc flu hosp,NA,NA,US,pmf,2025-01-25,0.004988540475279246
2025-03-01,peak week inc flu hosp,NA,NA,US,pmf,2025-02-01,0.059614361771336465
2025-03-01,peak week inc flu hosp,NA,NA,US,pmf,2025-02-08,0.9266295250142569
2025-03-01,peak week inc flu hosp,NA,NA,US,pmf,2025-02-15,9.980946718410235e-05
2025-03-01,peak week inc flu hosp,NA,NA,US,pmf,2025-02-22,9.980946718410235e-05
2025-03-01,peak week inc flu hosp,NA,NA,US,pmf,2025-03-01,0.001716141195722296
2025-03-01,peak week inc flu hosp,NA,NA,US,pmf,2025-03-08,0.0014794054639859643
2025-03-01,peak week inc flu hosp,NA,NA,US,pmf,2025-03-15,0.001350565885096574
2025-03-01,peak week inc flu hosp,NA,NA,US,pmf,2025-03-22,0.000712117391040141
2025-03-01,peak week inc flu hosp,NA,NA,US,pmf,2025-03-29,0.0004579532764645063
2025-03-01,peak week inc flu hosp,NA,NA,US,pmf,2025-04-05,0.0002735792425857642
2025-03-01,peak week inc flu hosp,NA,NA,US,pmf,2025-04-12,0.00015663093051320135
2025-03-01,peak week inc flu hosp,NA,NA,US,pmf,2025-04-19,0.00014159612700676138
2025-03-01,peak week inc flu hosp,NA,NA,US,pmf,2025-04-26,9.980946718410235e-05
2025-03-01,peak week inc flu hosp,NA,NA,US,pmf,2025-05-03,9.980946718410235e-05
2025-03-01,peak week inc flu hosp,NA,NA,US,pmf,2025-05-10,9.980946718410235e-05
2025-03-01,peak week inc flu hosp,NA,NA,US,pmf,2025-05-17,9.980946718410235e-05
2025-03-01,peak week inc flu hosp,NA,NA,US,pmf,2025-05-24,0.00028377494866189
