location,reference_date,horizon,target_end_date,target,output_type,output_type_id,value
01,2024-11-30,0,2024-11-30,wk inc flu hosp,quantile,0.01,24.68631066937394
02,2024-11-30,0,2024-11-30,wk inc flu hosp,quantile,0.01,1.2839518778549972
04,2024-11-30,0,2024-11-30,wk inc flu hosp,quantile,0.01,256.9108305686851
05,2024-11-30,0,2024-11-30,wk inc flu hosp,quantile,0.01,0.06738938875520192
06,2024-11-30,0,2024-11-30,wk inc flu hosp,quantile,0.01,249.0484319314986
08,2024-11-30,0,2024-11-30,wk inc flu hosp,quantile,0.01,14.27860094840279
09,2024-11-30,0,2024-11-30,wk inc flu hosp,quantile,0.01,0.0
10,2024-11-30,0,2024-11-30,wk inc flu hosp,quantile,0.01,2.5365178541612914
11,2024-11-30,0,2024-11-30,wk inc flu hosp,quantile,0.01,0.9613111038681376
12,2024-11-30,0,2024-11-30,wk inc flu hosp,quantile,0.01,236.78663695869898
13,2024-11-30,0,2024-11-30,wk inc flu hosp,quantile,0.01,21.819603525543563
15,2024-11-30,0,2024-11-30,wk inc flu hosp,quantile,0.01,2.2206645899051085
16,2024-11-30,0,2024-11-30,wk inc flu hosp,quantile,0.01,9.755705335590692
17,2024-11-30,0,2024-11-30,wk inc flu hosp,quantile,0.01,34.145447064929876
18,2024-11-30,0,2024-11-30,wk inc flu hosp,quantile,0.01,16.576468372974116
19,2024-11-30,0,2024-11-30,wk inc flu hosp,quantile,0.01,0.0
20,2024-11-30,0,2024-11-30,wk inc flu hosp,quantile,0.01,5.612674271383759
21,2024-11-30,0,2024-11-30,wk inc flu hosp,quantile,0.01,7.69880856988397
22,2024-11-30,0,2024-11-30,wk inc flu hosp,quantile,0.01,40.47689201496779
23,2024-11-30,0,2024-11-30,wk inc flu hosp,quantile,0.01,0.0
24,2024-11-30,0,2024-11-30,wk inc flu hosp,quantile,0.01,6.649740201090201
25,2024-11-30,0,2024-11-30,wk inc flu hosp,quantile,0.01,21.03797529586828
26,2024-11-30,0,2024-11-30,wk inc flu hosp,quantile,0.01,21.958244034844114
27,2024-11-30,0,2024-11-30,wk inc flu hosp,quantile,0.01,0.0
28,2024-11-30,0,2024-11-30,wk inc flu hosp,quantile,0.01,4.299596435702636
29,2024-11-30,0,2024-11-30,wk inc flu hosp,quantile,0.01,20.62470642230549
30,2024-11-30,0,2024-11-30,wk inc flu hosp,quantile,0.01,0.0
31,2024-11-30,0,2024-11-30,wk inc flu hosp,quantile,0.01,0.0
32,2024-11-30,0,2024-11-30,wk inc flu hosp,quantile,0.01,19.67193068001038
33,2024-11-30,0,2024-11-30,wk inc flu hosp,quantile,0.01,2.9566615553354016
34,2024-11-30,0,2024-11-30,wk inc flu hosp,quantile,0.01,0.0
35,2024-11-30,0,2024-11-30,wk inc flu hosp,quantile,0.01,10.022681439834013
36,2024-11-30,0,2024-11-30,wk inc flu hosp,quantile,0.01,45.65738068551512
37,2024-11-30,0,2024-11-30,wk inc flu hosp,quantile,0.01,10.515557134066261
38,2024-11-30,0,2024-11-30,wk inc flu hosp,quantile,0.01,0.0
39,2024-11-30,0,2024-11-30,wk inc flu hosp,quantile,0.01,271.2086416734984
40,2024-11-30,0,2024-11-30,wk inc flu hosp,quantile,0.01,2.733338024633782
41,2024-11-30,0,2024-11-30,wk inc flu hosp,quantile,0.01,16.468596338255868
42,2024-11-30,0,2024-11-30,wk inc flu hosp,quantile,0.01,66.6913853982273
44,2024-11-30,0,2024-11-30,wk inc flu hosp,quantile,0.01,0.0
45,2024-11-30,0,2024-11-30,wk inc flu hosp,quantile,0.01,3.4615693414268747
46,2024-11-30,0,2024-11-30,wk inc flu hosp,quantile,0.01,0.0
47,2024-11-30,0,2024-11-30,wk inc flu hosp,quantile,0.01,24.130903153694582
48,2024-11-30,0,2024-11-30,wk inc flu hosp,quantile,0.01,159.7769320322204
49,2024-11-30,0,2024-11-30,wk inc flu hosp,quantile,0.01,8.053615826441309
50,2024-11-30,0,2024-11-30,wk inc flu hosp,quantile,0.01,0.0
51,2024-11-30,0,2024-11-30,wk inc flu hosp,quantile,0.01,14.2956600307213
53,2024-11-30,0,2024-11-30,wk inc flu hosp,quantile,0.01,11.306730354408163
54,2024-11-30,0,2024-11-30,wk inc flu hosp,quantile,0.01,0.10044364640032791
55,2024-11-30,0,2024-11-30,wk inc flu hosp,quantile,0.01,5.811686850020038
56,2024-11-30,0,2024-11-30,wk inc flu hosp,quantile,0.01,2.4742877332357067
72,2024-11-30,0,2024-11-30,wk inc flu hosp,quantile,0.01,19.552186312518195
US,2024-11-30,0,2024-11-30,wk inc flu hosp,quantile,0.01,2675.9264479402295
01,2024-11-30,1,2024-12-07,wk inc flu hosp,quantile,0.01,23.540742820657798
02,2024-11-30,1,2024-12-07,wk inc flu hosp,quantile,0.01,1.1501561634170345
04,2024-11-30,1,2024-12-07,wk inc flu hosp,quantile,0.01,231.9248757117511
05,2024-11-30,1,2024-12-07,wk inc flu hosp,quantile,0.01,0.0
06,2024-11-30,1,2024-12-07,wk inc flu hosp,quantile,0.01,241.3683981352308
08,2024-11-30,1,2024-12-07,wk inc flu hosp,quantile,0.01,13.296109306380805
09,2024-11-30,1,2024-12-07,wk inc flu hosp,quantile,0.01,0.0
10,2024-11-30,1,2024-12-07,wk inc flu hosp,quantile,0.01,2.3603125974021015
11,2024-11-30,1,2024-12-07,wk inc flu hosp,quantile,0.01,0.9065126975410907
12,2024-11-30,1,2024-12-07,wk inc flu hosp,quantile,0.01,229.1341583866822
13,2024-11-30,1,2024-12-07,wk inc flu hosp,quantile,0.01,20.986976080672093
15,2024-11-30,1,2024-12-07,wk inc flu hosp,quantile,0.01,1.942230512632978
16,2024-11-30,1,2024-12-07,wk inc flu hosp,quantile,0.01,9.274859431213986
17,2024-11-30,1,2024-12-07,wk inc flu hosp,quantile,0.01,33.166876246576635
18,2024-11-30,1,2024-12-07,wk inc flu hosp,quantile,0.01,15.617511250165114
19,2024-11-30,1,2024-12-07,wk inc flu hosp,quantile,0.01,0.0
20,2024-11-30,1,2024-12-07,wk inc flu hosp,quantile,0.01,5.1295926486110135
21,2024-11-30,1,2024-12-07,wk inc flu hosp,quantile,0.01,7.008580191118433
22,2024-11-30,1,2024-12-07,wk inc flu hosp,quantile,0.01,37.23550941850454
23,2024-11-30,1,2024-12-07,wk inc flu hosp,quantile,0.01,0.0
24,2024-11-30,1,2024-12-07,wk inc flu hosp,quantile,0.01,6.109261954581244
25,2024-11-30,1,2024-12-07,wk inc flu hosp,quantile,0.01,20.510054177865626
26,2024-11-30,1,2024-12-07,wk inc flu hosp,quantile,0.01,20.746537228205806
27,2024-11-30,1,2024-12-07,wk inc flu hosp,quantile,0.01,0.0
28,2024-11-30,1,2024-12-07,wk inc flu hosp,quantile,0.01,3.9911719691051752
29,2024-11-30,1,2024-12-07,wk inc flu hosp,quantile,0.01,19.46177462305682
30,2024-11-30,1,2024-12-07,wk inc flu hosp,quantile,0.01,0.0
31,2024-11-30,1,2024-12-07,wk inc flu hosp,quantile,0.01,0.0
32,2024-11-30,1,2024-12-07,wk inc flu hosp,quantile,0.01,18.103619645139023
33,2024-11-30,1,2024-12-07,wk inc flu hosp,quantile,0.01,2.4022551204190195
34,2024-11-30,1,2024-12-07,wk inc flu hosp,quantile,0.01,0.0
35,2024-11-30,1,2024-12-07,wk inc flu hosp,quantile,0.01,9.322740334819937
36,2024-11-30,1,2024-12-07,wk inc flu hosp,quantile,0.01,44.094958938180234
37,2024-11-30,1,2024-12-07,wk inc flu hosp,quantile,0.01,9.803619443871217
38,2024-11-30,1,2024-12-07,wk inc flu hosp,quantile,0.01,0.0
39,2024-11-30,1,2024-12-07,wk inc flu hosp,quantile,0.01,234.87499423405114
40,2024-11-30,1,2024-12-07,wk inc flu hosp,quantile,0.01,2.244516246867405
41,2024-11-30,1,2024-12-07,wk inc flu hosp,quantile,0.01,15.477981583782789
42,2024-11-30,1,2024-12-07,wk inc flu hosp,quantile,0.01,65.11714861885861
44,2024-11-30,1,2024-12-07,wk inc flu hosp,quantile,0.01,0.0
45,2024-11-30,1,2024-12-07,wk inc flu hosp,quantile,0.01,2.973096044883815
46,2024-11-30,1,2024-12-07,wk inc flu hosp,quantile,0.01,0.0
47,2024-11-30,1,2024-12-07,wk inc flu hosp,quantile,0.01,23.18055333935136
48,2024-11-30,1,2024-12-07,wk inc flu hosp,quantile,0.01,156.27396546385106
49,2024-11-30,1,2024-12-07,wk inc flu hosp,quantile,0.01,7.616695193693646
50,2024-11-30,1,2024-12-07,wk inc flu hosp,quantile,0.01,0.0
51,2024-11-30,1,2024-12-07,wk inc flu hosp,quantile,0.01,13.721833098001033
53,2024-11-30,1,2024-12-07,wk inc flu hosp,quantile,0.01,10.687691721818593
54,2024-11-30,1,2024-12-07,wk inc flu hosp,quantile,0.01,0.0
55,2024-11-30,1,2024-12-07,wk inc flu hosp,quantile,0.01,5.254499712286817
56,2024-11-30,1,2024-12-07,wk inc flu hosp,quantile,0.01,2.284525751772753
72,2024-11-30,1,2024-12-07,wk inc flu hosp,quantile,0.01,18.536750426982728
US,2024-11-30,1,2024-12-07,wk inc flu hosp,quantile,0.01,2611.21173338598
01,2024-11-30,2,2024-12-14,wk inc flu hosp,quantile,0.01,22.391223233266178
02,2024-11-30,2,2024-12-14,wk inc flu hosp,quantile,0.01,1.1142780885532717
04,2024-11-30,2,2024-12-14,wk inc flu hosp,quantile,0.01,217.64981644225867
05,2024-11-30,2,2024-12-14,wk inc flu hosp,quantile,0.01,0.0
06,2024-11-30,2,2024-12-14,wk inc flu hosp,quantile,0.01,232.6941797398726
08,2024-11-30,2,2024-12-14,wk inc flu hosp,quantile,0.01,12.88767985372252
09,2024-11-30,2,2024-12-14,wk inc flu hosp,quantile,0.01,0.0
10,2024-11-30,2,2024-12-14,wk inc flu hosp,quantile,0.01,2.222034578620238
11,2024-11-30,2,2024-12-14,wk inc flu hosp,quantile,0.01,0.8336386520518798
12,2024-11-30,2,2024-12-14,wk inc flu hosp,quantile,0.01,222.6705835595528
13,2024-11-30,2,2024-12-14,wk inc flu hosp,quantile,0.01,20.618380001166127
15,2024-11-30,2,2024-12-14,wk inc flu hosp,quantile,0.01,1.7956856294107004
16,2024-11-30,2,2024-12-14,wk inc flu hosp,quantile,0.01,8.859511809284204
17,2024-11-30,2,2024-12-14,wk inc flu hosp,quantile,0.01,32.07573839175881
18,2024-11-30,2,2024-12-14,wk inc flu hosp,quantile,0.01,15.351182565023448
19,2024-11-30,2,2024-12-14,wk inc flu hosp,quantile,0.01,0.0
20,2024-11-30,2,2024-12-14,wk inc flu hosp,quantile,0.01,5.069385228601072
21,2024-11-30,2,2024-12-14,wk inc flu hosp,quantile,0.01,6.586396900338874
22,2024-11-30,2,2024-12-14,wk inc flu hosp,quantile,0.01,35.015014333912035
23,2024-11-30,2,2024-12-14,wk inc flu hosp,quantile,0.01,0.0
24,2024-11-30,2,2024-12-14,wk inc flu hosp,quantile,0.01,5.583466645473358
25,2024-11-30,2,2024-12-14,wk inc flu hosp,quantile,0.01,20.100434464074237
26,2024-11-30,2,2024-12-14,wk inc flu hosp,quantile,0.01,20.424462835474273
27,2024-11-30,2,2024-12-14,wk inc flu hosp,quantile,0.01,0.0
28,2024-11-30,2,2024-12-14,wk inc flu hosp,quantile,0.01,4.012483756213692
29,2024-11-30,2,2024-12-14,wk inc flu hosp,quantile,0.01,18.793746795102525
30,2024-11-30,2,2024-12-14,wk inc flu hosp,quantile,0.01,0.0
31,2024-11-30,2,2024-12-14,wk inc flu hosp,quantile,0.01,0.0
32,2024-11-30,2,2024-12-14,wk inc flu hosp,quantile,0.01,17.19633312817376
33,2024-11-30,2,2024-12-14,wk inc flu hosp,quantile,0.01,2.223156143518735
34,2024-11-30,2,2024-12-14,wk inc flu hosp,quantile,0.01,0.0
35,2024-11-30,2,2024-12-14,wk inc flu hosp,quantile,0.01,9.161998024662644
36,2024-11-30,2,2024-12-14,wk inc flu hosp,quantile,0.01,43.05975418303014
37,2024-11-30,2,2024-12-14,wk inc flu hosp,quantile,0.01,9.558295942036855
38,2024-11-30,2,2024-12-14,wk inc flu hosp,quantile,0.01,0.0
39,2024-11-30,2,2024-12-14,wk inc flu hosp,quantile,0.01,206.45471126740102
40,2024-11-30,2,2024-12-14,wk inc flu hosp,quantile,0.01,1.7360725199409257
41,2024-11-30,2,2024-12-14,wk inc flu hosp,quantile,0.01,14.495126512591925
42,2024-11-30,2,2024-12-14,wk inc flu hosp,quantile,0.01,64.87394521978204
44,2024-11-30,2,2024-12-14,wk inc flu hosp,quantile,0.01,0.0
45,2024-11-30,2,2024-12-14,wk inc flu hosp,quantile,0.01,2.6897975859177867
46,2024-11-30,2,2024-12-14,wk inc flu hosp,quantile,0.01,0.0
47,2024-11-30,2,2024-12-14,wk inc flu hosp,quantile,0.01,22.570606996105322
48,2024-11-30,2,2024-12-14,wk inc flu hosp,quantile,0.01,154.41826064893866
49,2024-11-30,2,2024-12-14,wk inc flu hosp,quantile,0.01,7.107900490837334
50,2024-11-30,2,2024-12-14,wk inc flu hosp,quantile,0.01,0.0
51,2024-11-30,2,2024-12-14,wk inc flu hosp,quantile,0.01,13.425050012751466
53,2024-11-30,2,2024-12-14,wk inc flu hosp,quantile,0.01,10.462153054975712
54,2024-11-30,2,2024-12-14,wk inc flu hosp,quantile,0.01,0.0
55,2024-11-30,2,2024-12-14,wk inc flu hosp,quantile,0.01,4.943560803042833
56,2024-11-30,2,2024-12-14,wk inc flu hosp,quantile,0.01,2.211498426642397
72,2024-11-30,2,2024-12-14,wk inc flu hosp,quantile,0.01,18.296922089127634
US,2024-11-30,2,2024-12-14,wk inc flu hosp,quantile,0.01,2567.246499582068
01,2024-11-30,3,2024-12-21,wk inc flu hosp,quantile,0.01,22.400542496510003
02,2024-11-30,3,2024-12-21,wk inc flu hosp,quantile,0.01,1.0902355321317503
04,2024-11-30,3,2024-12-21,wk inc flu hosp,quantile,0.01,203.24441984178264
05,2024-11-30,3,2024-12-21,wk inc flu hosp,quantile,0.01,0.0
06,2024-11-30,3,2024-12-21,wk inc flu hosp,quantile,0.01,228.9085143677672
08,2024-11-30,3,2024-12-21,wk inc flu hosp,quantile,0.01,12.74543577742234
09,2024-11-30,3,2024-12-21,wk inc flu hosp,quantile,0.01,0.0
10,2024-11-30,3,2024-12-21,wk inc flu hosp,quantile,0.01,2.18211721155893
11,2024-11-30,3,2024-12-21,wk inc flu hosp,quantile,0.01,0.8051697924396489
12,2024-11-30,3,2024-12-21,wk inc flu hosp,quantile,0.01,221.27572008185902
13,2024-11-30,3,2024-12-21,wk inc flu hosp,quantile,0.01,20.40290024320062
15,2024-11-30,3,2024-12-21,wk inc flu hosp,quantile,0.01,1.7585728466382797
16,2024-11-30,3,2024-12-21,wk inc flu hosp,quantile,0.01,8.743713734956291
17,2024-11-30,3,2024-12-21,wk inc flu hosp,quantile,0.01,31.444971994710592
18,2024-11-30,3,2024-12-21,wk inc flu hosp,quantile,0.01,15.058359847015357
19,2024-11-30,3,2024-12-21,wk inc flu hosp,quantile,0.01,0.0
20,2024-11-30,3,2024-12-21,wk inc flu hosp,quantile,0.01,5.015642202857267
21,2024-11-30,3,2024-12-21,wk inc flu hosp,quantile,0.01,6.520639059985442
22,2024-11-30,3,2024-12-21,wk inc flu hosp,quantile,0.01,34.62013614663547
23,2024-11-30,3,2024-12-21,wk inc flu hosp,quantile,0.01,0.0
24,2024-11-30,3,2024-12-21,wk inc flu hosp,quantile,0.01,5.442881641209306
25,2024-11-30,3,2024-12-21,wk inc flu hosp,quantile,0.01,20.02041382137199
26,2024-11-30,3,2024-12-21,wk inc flu hosp,quantile,0.01,20.360776668415838
27,2024-11-30,3,2024-12-21,wk inc flu hosp,quantile,0.01,0.0
28,2024-11-30,3,2024-12-21,wk inc flu hosp,quantile,0.01,3.984634721831928
29,2024-11-30,3,2024-12-21,wk inc flu hosp,quantile,0.01,18.696513378998766
30,2024-11-30,3,2024-12-21,wk inc flu hosp,quantile,0.01,0.0
31,2024-11-30,3,2024-12-21,wk inc flu hosp,quantile,0.01,0.0
32,2024-11-30,3,2024-12-21,wk inc flu hosp,quantile,0.01,17.049401894118116
33,2024-11-30,3,2024-12-21,wk inc flu hosp,quantile,0.01,2.082171285753046
34,2024-11-30,3,2024-12-21,wk inc flu hosp,quantile,0.01,0.0
35,2024-11-30,3,2024-12-21,wk inc flu hosp,quantile,0.01,9.116243522498989
36,2024-11-30,3,2024-12-21,wk inc flu hosp,quantile,0.01,42.6198285946223
37,2024-11-30,3,2024-12-21,wk inc flu hosp,quantile,0.01,9.54298692092696
38,2024-11-30,3,2024-12-21,wk inc flu hosp,quantile,0.01,0.0
39,2024-11-30,3,2024-12-21,wk inc flu hosp,quantile,0.01,171.80070948205793
40,2024-11-30,3,2024-12-21,wk inc flu hosp,quantile,0.01,1.6609175075141978
41,2024-11-30,3,2024-12-21,wk inc flu hosp,quantile,0.01,14.30678722904152
42,2024-11-30,3,2024-12-21,wk inc flu hosp,quantile,0.01,63.80384094309208
44,2024-11-30,3,2024-12-21,wk inc flu hosp,quantile,0.01,0.0
45,2024-11-30,3,2024-12-21,wk inc flu hosp,quantile,0.01,2.6182039437855105
46,2024-11-30,3,2024-12-21,wk inc flu hosp,quantile,0.01,0.0
47,2024-11-30,3,2024-12-21,wk inc flu hosp,quantile,0.01,22.219870563046086
48,2024-11-30,3,2024-12-21,wk inc flu hosp,quantile,0.01,153.95163370744459
49,2024-11-30,3,2024-12-21,wk inc flu hosp,quantile,0.01,6.985032078262691
50,2024-11-30,3,2024-12-21,wk inc flu hosp,quantile,0.01,0.0
51,2024-11-30,3,2024-12-21,wk inc flu hosp,quantile,0.01,12.622637208801056
53,2024-11-30,3,2024-12-21,wk inc flu hosp,quantile,0.01,9.932066355210084
54,2024-11-30,3,2024-12-21,wk inc flu hosp,quantile,0.01,0.0
55,2024-11-30,3,2024-12-21,wk inc flu hosp,quantile,0.01,4.827231891130835
56,2024-11-30,3,2024-12-21,wk inc flu hosp,quantile,0.01,2.222893055938599
72,2024-11-30,3,2024-12-21,wk inc flu hosp,quantile,0.01,18.039672675707006
US,2024-11-30,3,2024-12-21,wk inc flu hosp,quantile,0.01,2580.8552065049294
01,2024-11-30,0,2024-11-30,wk inc flu hosp,quantile,0.025,29.83639442961165
02,2024-11-30,0,2024-11-30,wk inc flu hosp,quantile,0.025,2.0458156767125475
04,2024-11-30,0,2024-11-30,wk inc flu hosp,quantile,0.025,282.13901282460336
05,2024-11-30,0,2024-11-30,wk inc flu hosp,quantile,0.025,2.413138555352812
06,2024-11-30,0,2024-11-30,wk inc flu hosp,quantile,0.025,274.1216368951764
08,2024-11-30,0,2024-11-30,wk inc flu hosp,quantile,0.025,17.540673804959965
09,2024-11-30,0,2024-11-30,wk inc flu hosp,quantile,0.025,0.630921208661475
10,2024-11-30,0,2024-11-30,wk inc flu hosp,quantile,0.025,3.463438856727459
11,2024-11-30,0,2024-11-30,wk inc flu hosp,quantile,0.025,1.5729788681690455
12,2024-11-30,0,2024-11-30,wk inc flu hosp,quantile,0.025,270.79234667517056
13,2024-11-30,0,2024-11-30,wk inc flu hosp,quantile,0.025,26.86732182429623
15,2024-11-30,0,2024-11-30,wk inc flu hosp,quantile,0.025,3.0786217265576776
16,2024-11-30,0,2024-11-30,wk inc flu hosp,quantile,0.025,10.978455142805275
17,2024-11-30,0,2024-11-30,wk inc flu hosp,quantile,0.025,40.59036458903175
18,2024-11-30,0,2024-11-30,wk inc flu hosp,quantile,0.025,20.103375999908216
19,2024-11-30,0,2024-11-30,wk inc flu hosp,quantile,0.025,0.4091886559535285
20,2024-11-30,0,2024-11-30,wk inc flu hosp,quantile,0.025,7.51848558461484
21,2024-11-30,0,2024-11-30,wk inc flu hosp,quantile,0.025,11.322312458388218
22,2024-11-30,0,2024-11-30,wk inc flu hosp,quantile,0.025,45.45744234386866
23,2024-11-30,0,2024-11-30,wk inc flu hosp,quantile,0.025,0.0
24,2024-11-30,0,2024-11-30,wk inc flu hosp,quantile,0.025,8.893298547089623
25,2024-11-30,0,2024-11-30,wk inc flu hosp,quantile,0.025,22.96692061035613
26,2024-11-30,0,2024-11-30,wk inc flu hosp,quantile,0.025,28.22249542886132
27,2024-11-30,0,2024-11-30,wk inc flu hosp,quantile,0.025,0.0
28,2024-11-30,0,2024-11-30,wk inc flu hosp,quantile,0.025,6.716311924545176
29,2024-11-30,0,2024-11-30,wk inc flu hosp,quantile,0.025,24.32824386830809
30,2024-11-30,0,2024-11-30,wk inc flu hosp,quantile,0.025,0.0
31,2024-11-30,0,2024-11-30,wk inc flu hosp,quantile,0.025,1.123990138897357
32,2024-11-30,0,2024-11-30,wk inc flu hosp,quantile,0.025,23.475852080768565
33,2024-11-30,0,2024-11-30,wk inc flu hosp,quantile,0.025,4.149169299025985
34,2024-11-30,0,2024-11-30,wk inc flu hosp,quantile,0.025,0.0
35,2024-11-30,0,2024-11-30,wk inc flu hosp,quantile,0.025,12.81697841031539
36,2024-11-30,0,2024-11-30,wk inc flu hosp,quantile,0.025,53.504007341855086
37,2024-11-30,0,2024-11-30,wk inc flu hosp,quantile,0.025,14.418660363629924
38,2024-11-30,0,2024-11-30,wk inc flu hosp,quantile,0.025,0.0
39,2024-11-30,0,2024-11-30,wk inc flu hosp,quantile,0.025,322.25544311141033
40,2024-11-30,0,2024-11-30,wk inc flu hosp,quantile,0.025,6.713073114947956
41,2024-11-30,0,2024-11-30,wk inc flu hosp,quantile,0.025,20.676022147124836
42,2024-11-30,0,2024-11-30,wk inc flu hosp,quantile,0.025,81.61074236893428
44,2024-11-30,0,2024-11-30,wk inc flu hosp,quantile,0.025,0.0
45,2024-11-30,0,2024-11-30,wk inc flu hosp,quantile,0.025,6.657714894644275
46,2024-11-30,0,2024-11-30,wk inc flu hosp,quantile,0.025,0.0
47,2024-11-30,0,2024-11-30,wk inc flu hosp,quantile,0.025,27.403764133357644
48,2024-11-30,0,2024-11-30,wk inc flu hosp,quantile,0.025,173.70746668966027
49,2024-11-30,0,2024-11-30,wk inc flu hosp,quantile,0.025,9.68996739852479
50,2024-11-30,0,2024-11-30,wk inc flu hosp,quantile,0.025,0.0
51,2024-11-30,0,2024-11-30,wk inc flu hosp,quantile,0.025,19.59758714570229
53,2024-11-30,0,2024-11-30,wk inc flu hosp,quantile,0.025,13.382733144405988
54,2024-11-30,0,2024-11-30,wk inc flu hosp,quantile,0.025,1.8652437962878659
55,2024-11-30,0,2024-11-30,wk inc flu hosp,quantile,0.025,8.070961816051517
56,2024-11-30,0,2024-11-30,wk inc flu hosp,quantile,0.025,3.6620449328206512
72,2024-11-30,0,2024-11-30,wk inc flu hosp,quantile,0.025,23.184319985613847
US,2024-11-30,0,2024-11-30,wk inc flu hosp,quantile,0.025,3052.2118272394246
01,2024-11-30,1,2024-12-07,wk inc flu hosp,quantile,0.025,29.2168160726086
02,2024-11-30,1,2024-12-07,wk inc flu hosp,quantile,0.025,1.8977751483454963
04,2024-11-30,1,2024-12-07,wk inc flu hosp,quantile,0.025,244.04437000595857
05,2024-11-30,1,2024-12-07,wk inc flu hosp,quantile,0.025,2.345590581572348
06,2024-11-30,1,2024-12-07,wk inc flu hosp,quantile,0.025,268.2110305079123
08,2024-11-30,1,2024-12-07,wk inc flu hosp,quantile,0.025,16.83712798405641
09,2024-11-30,1,2024-12-07,wk inc flu hosp,quantile,0.025,0.5299345747937726
10,2024-11-30,1,2024-12-07,wk inc flu hosp,quantile,0.025,3.218755557723727
11,2024-11-30,1,2024-12-07,wk inc flu hosp,quantile,0.025,1.5627227399464854
12,2024-11-30,1,2024-12-07,wk inc flu hosp,quantile,0.025,260.64820295654835
13,2024-11-30,1,2024-12-07,wk inc flu hosp,quantile,0.025,25.97744492913092
15,2024-11-30,1,2024-12-07,wk inc flu hosp,quantile,0.025,2.8516238814568107
16,2024-11-30,1,2024-12-07,wk inc flu hosp,quantile,0.025,10.284338962078692
17,2024-11-30,1,2024-12-07,wk inc flu hosp,quantile,0.025,40.46444502154696
18,2024-11-30,1,2024-12-07,wk inc flu hosp,quantile,0.025,19.76070497801047
19,2024-11-30,1,2024-12-07,wk inc flu hosp,quantile,0.025,0.3245593210272351
20,2024-11-30,1,2024-12-07,wk inc flu hosp,quantile,0.025,7.389704462486471
21,2024-11-30,1,2024-12-07,wk inc flu hosp,quantile,0.025,11.08202183049703
22,2024-11-30,1,2024-12-07,wk inc flu hosp,quantile,0.025,42.20256910103853
23,2024-11-30,1,2024-12-07,wk inc flu hosp,quantile,0.025,0.0
24,2024-11-30,1,2024-12-07,wk inc flu hosp,quantile,0.025,8.594200898311264
25,2024-11-30,1,2024-12-07,wk inc flu hosp,quantile,0.025,22.809821640952315
26,2024-11-30,1,2024-12-07,wk inc flu hosp,quantile,0.025,27.46265618506263
27,2024-11-30,1,2024-12-07,wk inc flu hosp,quantile,0.025,0.0
28,2024-11-30,1,2024-12-07,wk inc flu hosp,quantile,0.025,6.820768992733195
29,2024-11-30,1,2024-12-07,wk inc flu hosp,quantile,0.025,23.82524662521179
30,2024-11-30,1,2024-12-07,wk inc flu hosp,quantile,0.025,0.0
31,2024-11-30,1,2024-12-07,wk inc flu hosp,quantile,0.025,1.044536701434568
32,2024-11-30,1,2024-12-07,wk inc flu hosp,quantile,0.025,22.233867075510453
33,2024-11-30,1,2024-12-07,wk inc flu hosp,quantile,0.025,3.783984310118125
34,2024-11-30,1,2024-12-07,wk inc flu hosp,quantile,0.025,0.0
35,2024-11-30,1,2024-12-07,wk inc flu hosp,quantile,0.025,12.64550418096653
36,2024-11-30,1,2024-12-07,wk inc flu hosp,quantile,0.025,52.98957269993137
37,2024-11-30,1,2024-12-07,wk inc flu hosp,quantile,0.025,13.476305829038711
38,2024-11-30,1,2024-12-07,wk inc flu hosp,quantile,0.025,0.0
39,2024-11-30,1,2024-12-07,wk inc flu hosp,quantile,0.025,274.5964002272116
40,2024-11-30,1,2024-12-07,wk inc flu hosp,quantile,0.025,6.313944514404695
41,2024-11-30,1,2024-12-07,wk inc flu hosp,quantile,0.025,19.832709304638055
42,2024-11-30,1,2024-12-07,wk inc flu hosp,quantile,0.025,79.46050182377223
44,2024-11-30,1,2024-12-07,wk inc flu hosp,quantile,0.025,0.0
45,2024-11-30,1,2024-12-07,wk inc flu hosp,quantile,0.025,6.415724841244889
46,2024-11-30,1,2024-12-07,wk inc flu hosp,quantile,0.025,0.0
47,2024-11-30,1,2024-12-07,wk inc flu hosp,quantile,0.025,26.36201561274368
48,2024-11-30,1,2024-12-07,wk inc flu hosp,quantile,0.025,172.1229909030251
49,2024-11-30,1,2024-12-07,wk inc flu hosp,quantile,0.025,9.216789498813354
50,2024-11-30,1,2024-12-07,wk inc flu hosp,quantile,0.025,0.0
51,2024-11-30,1,2024-12-07,wk inc flu hosp,quantile,0.025,19.398404212162205
53,2024-11-30,1,2024-12-07,wk inc flu hosp,quantile,0.025,13.007780754905879
54,2024-11-30,1,2024-12-07,wk inc flu hosp,quantile,0.025,1.8646030268098184
55,2024-11-30,1,2024-12-07,wk inc flu hosp,quantile,0.025,7.952295342735614
56,2024-11-30,1,2024-12-07,wk inc flu hosp,quantile,0.025,3.55299871742213
72,2024-11-30,1,2024-12-07,wk inc flu hosp,quantile,0.025,22.527607844518517
US,2024-11-30,1,2024-12-07,wk inc flu hosp,quantile,0.025,3010.576364060864
01,2024-11-30,2,2024-12-14,wk inc flu hosp,quantile,0.025,29.145497200131565
02,2024-11-30,2,2024-12-14,wk inc flu hosp,quantile,0.025,1.8862740951164776
04,2024-11-30,2,2024-12-14,wk inc flu hosp,quantile,0.025,227.9874440520267
05,2024-11-30,2,2024-12-14,wk inc flu hosp,quantile,0.025,2.3207045374740254
06,2024-11-30,2,2024-12-14,wk inc flu hosp,quantile,0.025,264.34146465717697
08,2024-11-30,2,2024-12-14,wk inc flu hosp,quantile,0.025,16.486581658343777
09,2024-11-30,2,2024-12-14,wk inc flu hosp,quantile,0.025,0.5011348423268787
10,2024-11-30,2,2024-12-14,wk inc flu hosp,quantile,0.025,3.1586319895468007
11,2024-11-30,2,2024-12-14,wk inc flu hosp,quantile,0.025,1.5481884079577368
12,2024-11-30,2,2024-12-14,wk inc flu hosp,quantile,0.025,256.4517154093469
13,2024-11-30,2,2024-12-14,wk inc flu hosp,quantile,0.025,25.70297447012098
15,2024-11-30,2,2024-12-14,wk inc flu hosp,quantile,0.025,2.7808351324132703
16,2024-11-30,2,2024-12-14,wk inc flu hosp,quantile,0.025,10.139043017318098
17,2024-11-30,2,2024-12-14,wk inc flu hosp,quantile,0.025,39.47331308304695
18,2024-11-30,2,2024-12-14,wk inc flu hosp,quantile,0.025,19.97020854987903
19,2024-11-30,2,2024-12-14,wk inc flu hosp,quantile,0.025,0.2620751423997828
20,2024-11-30,2,2024-12-14,wk inc flu hosp,quantile,0.025,7.2613455885731675
21,2024-11-30,2,2024-12-14,wk inc flu hosp,quantile,0.025,10.85866498047498
22,2024-11-30,2,2024-12-14,wk inc flu hosp,quantile,0.025,40.94823844872205
23,2024-11-30,2,2024-12-14,wk inc flu hosp,quantile,0.025,0.0
24,2024-11-30,2,2024-12-14,wk inc flu hosp,quantile,0.025,8.355442019794298
25,2024-11-30,2,2024-12-14,wk inc flu hosp,quantile,0.025,22.5441961353604
26,2024-11-30,2,2024-12-14,wk inc flu hosp,quantile,0.025,26.770902170793903
27,2024-11-30,2,2024-12-14,wk inc flu hosp,quantile,0.025,0.0
28,2024-11-30,2,2024-12-14,wk inc flu hosp,quantile,0.025,6.958065482095306
29,2024-11-30,2,2024-12-14,wk inc flu hosp,quantile,0.025,23.735672736064483
30,2024-11-30,2,2024-12-14,wk inc flu hosp,quantile,0.025,0.0
31,2024-11-30,2,2024-12-14,wk inc flu hosp,quantile,0.025,1.002058643216737
32,2024-11-30,2,2024-12-14,wk inc flu hosp,quantile,0.025,21.54279117543833
33,2024-11-30,2,2024-12-14,wk inc flu hosp,quantile,0.025,3.726947417377622
34,2024-11-30,2,2024-12-14,wk inc flu hosp,quantile,0.025,0.0
35,2024-11-30,2,2024-12-14,wk inc flu hosp,quantile,0.025,12.381647425624555
36,2024-11-30,2,2024-12-14,wk inc flu hosp,quantile,0.025,52.158489263005045
37,2024-11-30,2,2024-12-14,wk inc flu hosp,quantile,0.025,13.143991220445844
38,2024-11-30,2,2024-12-14,wk inc flu hosp,quantile,0.025,0.0
39,2024-11-30,2,2024-12-14,wk inc flu hosp,quantile,0.025,235.86340511960705
40,2024-11-30,2,2024-12-14,wk inc flu hosp,quantile,0.025,6.131442538792209
41,2024-11-30,2,2024-12-14,wk inc flu hosp,quantile,0.025,19.113641072121744
42,2024-11-30,2,2024-12-14,wk inc flu hosp,quantile,0.025,78.19800094314455
44,2024-11-30,2,2024-12-14,wk inc flu hosp,quantile,0.025,0.0
45,2024-11-30,2,2024-12-14,wk inc flu hosp,quantile,0.025,6.341699438898409
46,2024-11-30,2,2024-12-14,wk inc flu hosp,quantile,0.025,0.0
47,2024-11-30,2,2024-12-14,wk inc flu hosp,quantile,0.025,25.7121782437036
48,2024-11-30,2,2024-12-14,wk inc flu hosp,quantile,0.025,170.00716467697072
49,2024-11-30,2,2024-12-14,wk inc flu hosp,quantile,0.025,8.938140108941873
50,2024-11-30,2,2024-12-14,wk inc flu hosp,quantile,0.025,0.0
51,2024-11-30,2,2024-12-14,wk inc flu hosp,quantile,0.025,19.24599528615502
53,2024-11-30,2,2024-12-14,wk inc flu hosp,quantile,0.025,12.768060568997665
54,2024-11-30,2,2024-12-14,wk inc flu hosp,quantile,0.025,1.8714796664786073
55,2024-11-30,2,2024-12-14,wk inc flu hosp,quantile,0.025,7.676072946610425
56,2024-11-30,2,2024-12-14,wk inc flu hosp,quantile,0.025,3.547364394617842
72,2024-11-30,2,2024-12-14,wk inc flu hosp,quantile,0.025,22.477847019892597
US,2024-11-30,2,2024-12-14,wk inc flu hosp,quantile,0.025,2992.3316789513965
01,2024-11-30,3,2024-12-21,wk inc flu hosp,quantile,0.025,28.705090172286905
02,2024-11-30,3,2024-12-21,wk inc flu hosp,quantile,0.025,1.8610207316572496
04,2024-11-30,3,2024-12-21,wk inc flu hosp,quantile,0.025,215.57820853490915
05,2024-11-30,3,2024-12-21,wk inc flu hosp,quantile,0.025,2.1864447438344476
06,2024-11-30,3,2024-12-21,wk inc flu hosp,quantile,0.025,259.540592349973
08,2024-11-30,3,2024-12-21,wk inc flu hosp,quantile,0.025,16.160065091918888
09,2024-11-30,3,2024-12-21,wk inc flu hosp,quantile,0.025,0.4289648411041874
10,2024-11-30,3,2024-12-21,wk inc flu hosp,quantile,0.025,3.1382504410740077
11,2024-11-30,3,2024-12-21,wk inc flu hosp,quantile,0.025,1.532293629937924
12,2024-11-30,3,2024-12-21,wk inc flu hosp,quantile,0.025,254.72761527130714
13,2024-11-30,3,2024-12-21,wk inc flu hosp,quantile,0.025,25.600926068231328
15,2024-11-30,3,2024-12-21,wk inc flu hosp,quantile,0.025,2.7698590990142287
16,2024-11-30,3,2024-12-21,wk inc flu hosp,quantile,0.025,10.095833463400147
17,2024-11-30,3,2024-12-21,wk inc flu hosp,quantile,0.025,39.01370983265892
18,2024-11-30,3,2024-12-21,wk inc flu hosp,quantile,0.025,19.71522025100473
19,2024-11-30,3,2024-12-21,wk inc flu hosp,quantile,0.025,0.20965633590089147
20,2024-11-30,3,2024-12-21,wk inc flu hosp,quantile,0.025,7.2286767633960025
21,2024-11-30,3,2024-12-21,wk inc flu hosp,quantile,0.025,10.822187503629975
22,2024-11-30,3,2024-12-21,wk inc flu hosp,quantile,0.025,40.06823836227945
23,2024-11-30,3,2024-12-21,wk inc flu hosp,quantile,0.025,0.0
24,2024-11-30,3,2024-12-21,wk inc flu hosp,quantile,0.025,8.298563459038524
25,2024-11-30,3,2024-12-21,wk inc flu hosp,quantile,0.025,22.49447588712811
26,2024-11-30,3,2024-12-21,wk inc flu hosp,quantile,0.025,26.588490499540065
27,2024-11-30,3,2024-12-21,wk inc flu hosp,quantile,0.025,0.0
28,2024-11-30,3,2024-12-21,wk inc flu hosp,quantile,0.025,6.834020996675209
29,2024-11-30,3,2024-12-21,wk inc flu hosp,quantile,0.025,23.651091426836462
30,2024-11-30,3,2024-12-21,wk inc flu hosp,quantile,0.025,0.0
31,2024-11-30,3,2024-12-21,wk inc flu hosp,quantile,0.025,1.0158172556310083
32,2024-11-30,3,2024-12-21,wk inc flu hosp,quantile,0.025,21.323323430266903
33,2024-11-30,3,2024-12-21,wk inc flu hosp,quantile,0.025,3.5658431228841994
34,2024-11-30,3,2024-12-21,wk inc flu hosp,quantile,0.025,0.0
35,2024-11-30,3,2024-12-21,wk inc flu hosp,quantile,0.025,12.328760321466257
36,2024-11-30,3,2024-12-21,wk inc flu hosp,quantile,0.025,51.724574768699334
37,2024-11-30,3,2024-12-21,wk inc flu hosp,quantile,0.025,12.99783958155513
38,2024-11-30,3,2024-12-21,wk inc flu hosp,quantile,0.025,0.0
39,2024-11-30,3,2024-12-21,wk inc flu hosp,quantile,0.025,195.52658216505665
40,2024-11-30,3,2024-12-21,wk inc flu hosp,quantile,0.025,6.121842373459096
41,2024-11-30,3,2024-12-21,wk inc flu hosp,quantile,0.025,18.797399973461086
42,2024-11-30,3,2024-12-21,wk inc flu hosp,quantile,0.025,76.93376284290186
44,2024-11-30,3,2024-12-21,wk inc flu hosp,quantile,0.025,0.0
45,2024-11-30,3,2024-12-21,wk inc flu hosp,quantile,0.025,6.106888301613434
46,2024-11-30,3,2024-12-21,wk inc flu hosp,quantile,0.025,0.0
47,2024-11-30,3,2024-12-21,wk inc flu hosp,quantile,0.025,25.430415129798195
48,2024-11-30,3,2024-12-21,wk inc flu hosp,quantile,0.025,169.03337244884398
49,2024-11-30,3,2024-12-21,wk inc flu hosp,quantile,0.025,8.77030229332409
50,2024-11-30,3,2024-12-21,wk inc flu hosp,quantile,0.025,0.0
51,2024-11-30,3,2024-12-21,wk inc flu hosp,quantile,0.025,19.060618019656673
53,2024-11-30,3,2024-12-21,wk inc flu hosp,quantile,0.025,12.643361269576596
54,2024-11-30,3,2024-12-21,wk inc flu hosp,quantile,0.025,1.816003276582872
55,2024-11-30,3,2024-12-21,wk inc flu hosp,quantile,0.025,7.549993602512996
56,2024-11-30,3,2024-12-21,wk inc flu hosp,quantile,0.025,3.5436623905747453
72,2024-11-30,3,2024-12-21,wk inc flu hosp,quantile,0.025,22.48725379647426
US,2024-11-30,3,2024-12-21,wk inc flu hosp,quantile,0.025,2991.1804206380225
01,2024-11-30,0,2024-11-30,wk inc flu hosp,quantile,0.05,34.98693288713905
02,2024-11-30,0,2024-11-30,wk inc flu hosp,quantile,0.05,2.7809626986842364
04,2024-11-30,0,2024-11-30,wk inc flu hosp,quantile,0.05,314.09617497833557
05,2024-11-30,0,2024-11-30,wk inc flu hosp,quantile,0.05,3.350602027724238
06,2024-11-30,0,2024-11-30,wk inc flu hosp,quantile,0.05,304.7527256617986
08,2024-11-30,0,2024-11-30,wk inc flu hosp,quantile,0.05,19.51581999945425
09,2024-11-30,0,2024-11-30,wk inc flu hosp,quantile,0.05,1.9998929016617581
10,2024-11-30,0,2024-11-30,wk inc flu hosp,quantile,0.05,4.541605140651522
11,2024-11-30,0,2024-11-30,wk inc flu hosp,quantile,0.05,2.036738543321942
12,2024-11-30,0,2024-11-30,wk inc flu hosp,quantile,0.05,310.5294372416505
13,2024-11-30,0,2024-11-30,wk inc flu hosp,quantile,0.05,31.98371436348603
15,2024-11-30,0,2024-11-30,wk inc flu hosp,quantile,0.05,4.060497442202904
16,2024-11-30,0,2024-11-30,wk inc flu hosp,quantile,0.05,12.729091989897979
17,2024-11-30,0,2024-11-30,wk inc flu hosp,quantile,0.05,47.618545257087966
18,2024-11-30,0,2024-11-30,wk inc flu hosp,quantile,0.05,23.87041132033138
19,2024-11-30,0,2024-11-30,wk inc flu hosp,quantile,0.05,1.51351559556866
20,2024-11-30,0,2024-11-30,wk inc flu hosp,quantile,0.05,9.024092450844048
21,2024-11-30,0,2024-11-30,wk inc flu hosp,quantile,0.05,13.230898753185002
22,2024-11-30,0,2024-11-30,wk inc flu hosp,quantile,0.05,54.79998614103446
23,2024-11-30,0,2024-11-30,wk inc flu hosp,quantile,0.05,0.0
24,2024-11-30,0,2024-11-30,wk inc flu hosp,quantile,0.05,10.623412517611362
25,2024-11-30,0,2024-11-30,wk inc flu hosp,quantile,0.05,26.223403974837357
26,2024-11-30,0,2024-11-30,wk inc flu hosp,quantile,0.05,34.37532500127614
27,2024-11-30,0,2024-11-30,wk inc flu hosp,quantile,0.05,2.713691936696377
28,2024-11-30,0,2024-11-30,wk inc flu hosp,quantile,0.05,9.102891839060417
29,2024-11-30,0,2024-11-30,wk inc flu hosp,quantile,0.05,28.474439002803425
30,2024-11-30,0,2024-11-30,wk inc flu hosp,quantile,0.05,0.0
31,2024-11-30,0,2024-11-30,wk inc flu hosp,quantile,0.05,1.6988617703928681
32,2024-11-30,0,2024-11-30,wk inc flu hosp,quantile,0.05,27.76147593579321
33,2024-11-30,0,2024-11-30,wk inc flu hosp,quantile,0.05,5.78305637881693
34,2024-11-30,0,2024-11-30,wk inc flu hosp,quantile,0.05,0.0
35,2024-11-30,0,2024-11-30,wk inc flu hosp,quantile,0.05,14.361174512711845
36,2024-11-30,0,2024-11-30,wk inc flu hosp,quantile,0.05,65.72366269311665
37,2024-11-30,0,2024-11-30,wk inc flu hosp,quantile,0.05,17.904856292735875
38,2024-11-30,0,2024-11-30,wk inc flu hosp,quantile,0.05,0.19013953929609706
39,2024-11-30,0,2024-11-30,wk inc flu hosp,quantile,0.05,367.3331108448074
40,2024-11-30,0,2024-11-30,wk inc flu hosp,quantile,0.05,8.2398365367685
41,2024-11-30,0,2024-11-30,wk inc flu hosp,quantile,0.05,25.771077704310333
42,2024-11-30,0,2024-11-30,wk inc flu hosp,quantile,0.05,97.84137758945717
44,2024-11-30,0,2024-11-30,wk inc flu hosp,quantile,0.05,0.041379584087902814
45,2024-11-30,0,2024-11-30,wk inc flu hosp,quantile,0.05,8.815115187862013
46,2024-11-30,0,2024-11-30,wk inc flu hosp,quantile,0.05,0.0
47,2024-11-30,0,2024-11-30,wk inc flu hosp,quantile,0.05,33.28295414666192
48,2024-11-30,0,2024-11-30,wk inc flu hosp,quantile,0.05,204.54623787259789
49,2024-11-30,0,2024-11-30,wk inc flu hosp,quantile,0.05,10.927093507494325
50,2024-11-30,0,2024-11-30,wk inc flu hosp,quantile,0.05,0.0
51,2024-11-30,0,2024-11-30,wk inc flu hosp,quantile,0.05,22.422122485295343
53,2024-11-30,0,2024-11-30,wk inc flu hosp,quantile,0.05,16.722687631888885
54,2024-11-30,0,2024-11-30,wk inc flu hosp,quantile,0.05,3.0195476789384035
55,2024-11-30,0,2024-11-30,wk inc flu hosp,quantile,0.05,9.089732860663613
56,2024-11-30,0,2024-11-30,wk inc flu hosp,quantile,0.05,4.360650936034647
72,2024-11-30,0,2024-11-30,wk inc flu hosp,quantile,0.05,26.199945700415718
US,2024-11-30,0,2024-11-30,wk inc flu hosp,quantile,0.05,3288.2066400395756
01,2024-11-30,1,2024-12-07,wk inc flu hosp,quantile,0.05,34.917305567928885
02,2024-11-30,1,2024-12-07,wk inc flu hosp,quantile,0.05,2.7483429291936865
04,2024-11-30,1,2024-12-07,wk inc flu hosp,quantile,0.05,288.7597314738224
05,2024-11-30,1,2024-12-07,wk inc flu hosp,quantile,0.05,3.586821961893751
06,2024-11-30,1,2024-12-07,wk inc flu hosp,quantile,0.05,302.1199885827108
08,2024-11-30,1,2024-12-07,wk inc flu hosp,quantile,0.05,19.387718158679405
09,2024-11-30,1,2024-12-07,wk inc flu hosp,quantile,0.05,2.141653550709709
10,2024-11-30,1,2024-12-07,wk inc flu hosp,quantile,0.05,4.547496220476579
11,2024-11-30,1,2024-12-07,wk inc flu hosp,quantile,0.05,2.0798193094854573
12,2024-11-30,1,2024-12-07,wk inc flu hosp,quantile,0.05,304.61217524628677
13,2024-11-30,1,2024-12-07,wk inc flu hosp,quantile,0.05,32.2420388703317
15,2024-11-30,1,2024-12-07,wk inc flu hosp,quantile,0.05,4.022664634130382
16,2024-11-30,1,2024-12-07,wk inc flu hosp,quantile,0.05,12.738231011206116
17,2024-11-30,1,2024-12-07,wk inc flu hosp,quantile,0.05,48.39401037603427
18,2024-11-30,1,2024-12-07,wk inc flu hosp,quantile,0.05,24.226806787827474
19,2024-11-30,1,2024-12-07,wk inc flu hosp,quantile,0.05,1.66001839736358
20,2024-11-30,1,2024-12-07,wk inc flu hosp,quantile,0.05,9.028805637077523
21,2024-11-30,1,2024-12-07,wk inc flu hosp,quantile,0.05,13.450272833710141
22,2024-11-30,1,2024-12-07,wk inc flu hosp,quantile,0.05,52.96316096152603
23,2024-11-30,1,2024-12-07,wk inc flu hosp,quantile,0.05,0.0
24,2024-11-30,1,2024-12-07,wk inc flu hosp,quantile,0.05,10.655487251133398
25,2024-11-30,1,2024-12-07,wk inc flu hosp,quantile,0.05,26.527059992535833
26,2024-11-30,1,2024-12-07,wk inc flu hosp,quantile,0.05,34.82770086775973
27,2024-11-30,1,2024-12-07,wk inc flu hosp,quantile,0.05,2.573224170829154
28,2024-11-30,1,2024-12-07,wk inc flu hosp,quantile,0.05,9.13988436544502
29,2024-11-30,1,2024-12-07,wk inc flu hosp,quantile,0.05,28.385904395963326
30,2024-11-30,1,2024-12-07,wk inc flu hosp,quantile,0.05,0.0
31,2024-11-30,1,2024-12-07,wk inc flu hosp,quantile,0.05,1.7760655242138061
32,2024-11-30,1,2024-12-07,wk inc flu hosp,quantile,0.05,27.46581943649521
33,2024-11-30,1,2024-12-07,wk inc flu hosp,quantile,0.05,5.552051802273608
34,2024-11-30,1,2024-12-07,wk inc flu hosp,quantile,0.05,0.0
35,2024-11-30,1,2024-12-07,wk inc flu hosp,quantile,0.05,14.546875390811635
36,2024-11-30,1,2024-12-07,wk inc flu hosp,quantile,0.05,65.55918894178447
37,2024-11-30,1,2024-12-07,wk inc flu hosp,quantile,0.05,17.554846818866714
38,2024-11-30,1,2024-12-07,wk inc flu hosp,quantile,0.05,0.2504347862520975
39,2024-11-30,1,2024-12-07,wk inc flu hosp,quantile,0.05,312.52382948855717
40,2024-11-30,1,2024-12-07,wk inc flu hosp,quantile,0.05,8.51458033329832
41,2024-11-30,1,2024-12-07,wk inc flu hosp,quantile,0.05,25.356250166467408
42,2024-11-30,1,2024-12-07,wk inc flu hosp,quantile,0.05,97.68124478221651
44,2024-11-30,1,2024-12-07,wk inc flu hosp,quantile,0.05,0.08367774414927559
45,2024-11-30,1,2024-12-07,wk inc flu hosp,quantile,0.05,8.879205685118068
46,2024-11-30,1,2024-12-07,wk inc flu hosp,quantile,0.05,0.0
47,2024-11-30,1,2024-12-07,wk inc flu hosp,quantile,0.05,33.28304085631384
48,2024-11-30,1,2024-12-07,wk inc flu hosp,quantile,0.05,203.50511545137647
49,2024-11-30,1,2024-12-07,wk inc flu hosp,quantile,0.05,10.951584145073113
50,2024-11-30,1,2024-12-07,wk inc flu hosp,quantile,0.05,0.0
51,2024-11-30,1,2024-12-07,wk inc flu hosp,quantile,0.05,23.007408777723118
53,2024-11-30,1,2024-12-07,wk inc flu hosp,quantile,0.05,16.7549598795376
54,2024-11-30,1,2024-12-07,wk inc flu hosp,quantile,0.05,3.0558771741461075
55,2024-11-30,1,2024-12-07,wk inc flu hosp,quantile,0.05,9.006716152036185
56,2024-11-30,1,2024-12-07,wk inc flu hosp,quantile,0.05,4.354635490379746
72,2024-11-30,1,2024-12-07,wk inc flu hosp,quantile,0.05,26.061567227234853
US,2024-11-30,1,2024-12-07,wk inc flu hosp,quantile,0.05,3278.897933282908
01,2024-11-30,2,2024-12-14,wk inc flu hosp,quantile,0.05,35.01394874798798
02,2024-11-30,2,2024-12-14,wk inc flu hosp,quantile,0.05,2.760950792331018
04,2024-11-30,2,2024-12-14,wk inc flu hosp,quantile,0.05,278.4729322542221
05,2024-11-30,2,2024-12-14,wk inc flu hosp,quantile,0.05,3.867917363195086
06,2024-11-30,2,2024-12-14,wk inc flu hosp,quantile,0.05,300.94253444618755
08,2024-11-30,2,2024-12-14,wk inc flu hosp,quantile,0.05,19.62288315261043
09,2024-11-30,2,2024-12-14,wk inc flu hosp,quantile,0.05,2.247700672080138
10,2024-11-30,2,2024-12-14,wk inc flu hosp,quantile,0.05,4.572789235122528
11,2024-11-30,2,2024-12-14,wk inc flu hosp,quantile,0.05,2.1149354343353077
12,2024-11-30,2,2024-12-14,wk inc flu hosp,quantile,0.05,303.87467692643315
13,2024-11-30,2,2024-12-14,wk inc flu hosp,quantile,0.05,32.35288102637986
15,2024-11-30,2,2024-12-14,wk inc flu hosp,quantile,0.05,4.023593144675008
16,2024-11-30,2,2024-12-14,wk inc flu hosp,quantile,0.05,12.69885332829338
17,2024-11-30,2,2024-12-14,wk inc flu hosp,quantile,0.05,48.19300359007938
18,2024-11-30,2,2024-12-14,wk inc flu hosp,quantile,0.05,24.466835775653454
19,2024-11-30,2,2024-12-14,wk inc flu hosp,quantile,0.05,1.7167161085253084
20,2024-11-30,2,2024-12-14,wk inc flu hosp,quantile,0.05,9.115200119945909
21,2024-11-30,2,2024-12-14,wk inc flu hosp,quantile,0.05,13.686285401836479
22,2024-11-30,2,2024-12-14,wk inc flu hosp,quantile,0.05,52.89036570762902
23,2024-11-30,2,2024-12-14,wk inc flu hosp,quantile,0.05,0.0
24,2024-11-30,2,2024-12-14,wk inc flu hosp,quantile,0.05,10.774186324642637
25,2024-11-30,2,2024-12-14,wk inc flu hosp,quantile,0.05,26.971142600936012
26,2024-11-30,2,2024-12-14,wk inc flu hosp,quantile,0.05,35.00318340878198
27,2024-11-30,2,2024-12-14,wk inc flu hosp,quantile,0.05,2.741562674324435
28,2024-11-30,2,2024-12-14,wk inc flu hosp,quantile,0.05,9.388557235269598
29,2024-11-30,2,2024-12-14,wk inc flu hosp,quantile,0.05,28.509657511983924
30,2024-11-30,2,2024-12-14,wk inc flu hosp,quantile,0.05,0.0
31,2024-11-30,2,2024-12-14,wk inc flu hosp,quantile,0.05,1.8373078265777445
32,2024-11-30,2,2024-12-14,wk inc flu hosp,quantile,0.05,27.419089563956174
33,2024-11-30,2,2024-12-14,wk inc flu hosp,quantile,0.05,5.635225069923355
34,2024-11-30,2,2024-12-14,wk inc flu hosp,quantile,0.05,0.0
35,2024-11-30,2,2024-12-14,wk inc flu hosp,quantile,0.05,14.648534768533573
36,2024-11-30,2,2024-12-14,wk inc flu hosp,quantile,0.05,66.31138119764361
37,2024-11-30,2,2024-12-14,wk inc flu hosp,quantile,0.05,17.591667513639837
38,2024-11-30,2,2024-12-14,wk inc flu hosp,quantile,0.05,0.26748210199407846
39,2024-11-30,2,2024-12-14,wk inc flu hosp,quantile,0.05,263.40703146623616
40,2024-11-30,2,2024-12-14,wk inc flu hosp,quantile,0.05,8.763565413396817
41,2024-11-30,2,2024-12-14,wk inc flu hosp,quantile,0.05,25.221104719024858
42,2024-11-30,2,2024-12-14,wk inc flu hosp,quantile,0.05,98.21127344638055
44,2024-11-30,2,2024-12-14,wk inc flu hosp,quantile,0.05,0.09827901673218685
45,2024-11-30,2,2024-12-14,wk inc flu hosp,quantile,0.05,9.17495800064749
46,2024-11-30,2,2024-12-14,wk inc flu hosp,quantile,0.05,0.0
47,2024-11-30,2,2024-12-14,wk inc flu hosp,quantile,0.05,33.16323880980155
48,2024-11-30,2,2024-12-14,wk inc flu hosp,quantile,0.05,204.14934003318575
49,2024-11-30,2,2024-12-14,wk inc flu hosp,quantile,0.05,10.940094682626608
50,2024-11-30,2,2024-12-14,wk inc flu hosp,quantile,0.05,0.0
51,2024-11-30,2,2024-12-14,wk inc flu hosp,quantile,0.05,23.392831606933264
53,2024-11-30,2,2024-12-14,wk inc flu hosp,quantile,0.05,17.039045207263086
54,2024-11-30,2,2024-12-14,wk inc flu hosp,quantile,0.05,3.229622586441531
55,2024-11-30,2,2024-12-14,wk inc flu hosp,quantile,0.05,9.169193687337831
56,2024-11-30,2,2024-12-14,wk inc flu hosp,quantile,0.05,4.368238384563873
72,2024-11-30,2,2024-12-14,wk inc flu hosp,quantile,0.05,26.169392878120142
US,2024-11-30,2,2024-12-14,wk inc flu hosp,quantile,0.05,3271.912919365376
01,2024-11-30,3,2024-12-21,wk inc flu hosp,quantile,0.05,34.938239204168944
02,2024-11-30,3,2024-12-21,wk inc flu hosp,quantile,0.05,2.7593152285409395
04,2024-11-30,3,2024-12-21,wk inc flu hosp,quantile,0.05,259.4250840988313
05,2024-11-30,3,2024-12-21,wk inc flu hosp,quantile,0.05,3.824448539253255
06,2024-11-30,3,2024-12-21,wk inc flu hosp,quantile,0.05,300.5984146039115
08,2024-11-30,3,2024-12-21,wk inc flu hosp,quantile,0.05,19.52536289212872
09,2024-11-30,3,2024-12-21,wk inc flu hosp,quantile,0.05,2.244622208928757
10,2024-11-30,3,2024-12-21,wk inc flu hosp,quantile,0.05,4.635476103589728
11,2024-11-30,3,2024-12-21,wk inc flu hosp,quantile,0.05,2.1261218737953365
12,2024-11-30,3,2024-12-21,wk inc flu hosp,quantile,0.05,302.70587757010753
13,2024-11-30,3,2024-12-21,wk inc flu hosp,quantile,0.05,32.549843648826275
15,2024-11-30,3,2024-12-21,wk inc flu hosp,quantile,0.05,4.026029599356336
16,2024-11-30,3,2024-12-21,wk inc flu hosp,quantile,0.05,12.63358236969838
17,2024-11-30,3,2024-12-21,wk inc flu hosp,quantile,0.05,48.13276459968996
18,2024-11-30,3,2024-12-21,wk inc flu hosp,quantile,0.05,24.334173962963824
19,2024-11-30,3,2024-12-21,wk inc flu hosp,quantile,0.05,1.6762867669963109
20,2024-11-30,3,2024-12-21,wk inc flu hosp,quantile,0.05,9.136427959027083
21,2024-11-30,3,2024-12-21,wk inc flu hosp,quantile,0.05,13.629733222810106
22,2024-11-30,3,2024-12-21,wk inc flu hosp,quantile,0.05,51.985339826372254
23,2024-11-30,3,2024-12-21,wk inc flu hosp,quantile,0.05,0.0
24,2024-11-30,3,2024-12-21,wk inc flu hosp,quantile,0.05,10.799829634267029
25,2024-11-30,3,2024-12-21,wk inc flu hosp,quantile,0.05,26.714534487075188
26,2024-11-30,3,2024-12-21,wk inc flu hosp,quantile,0.05,34.60623553234939
27,2024-11-30,3,2024-12-21,wk inc flu hosp,quantile,0.05,2.827391451027249
28,2024-11-30,3,2024-12-21,wk inc flu hosp,quantile,0.05,9.283353436626836
29,2024-11-30,3,2024-12-21,wk inc flu hosp,quantile,0.05,28.423412646049275
30,2024-11-30,3,2024-12-21,wk inc flu hosp,quantile,0.05,0.0
31,2024-11-30,3,2024-12-21,wk inc flu hosp,quantile,0.05,1.7952984662680977
32,2024-11-30,3,2024-12-21,wk inc flu hosp,quantile,0.05,27.289615125474366
33,2024-11-30,3,2024-12-21,wk inc flu hosp,quantile,0.05,5.500915396906766
34,2024-11-30,3,2024-12-21,wk inc flu hosp,quantile,0.05,0.0
35,2024-11-30,3,2024-12-21,wk inc flu hosp,quantile,0.05,14.63889681149469
36,2024-11-30,3,2024-12-21,wk inc flu hosp,quantile,0.05,66.41124075519873
37,2024-11-30,3,2024-12-21,wk inc flu hosp,quantile,0.05,17.558410389762376
38,2024-11-30,3,2024-12-21,wk inc flu hosp,quantile,0.05,0.2818185378836509
39,2024-11-30,3,2024-12-21,wk inc flu hosp,quantile,0.05,219.9289716066345
40,2024-11-30,3,2024-12-21,wk inc flu hosp,quantile,0.05,8.717246863582222
41,2024-11-30,3,2024-12-21,wk inc flu hosp,quantile,0.05,25.193633794474255
42,2024-11-30,3,2024-12-21,wk inc flu hosp,quantile,0.05,97.58317231164412
44,2024-11-30,3,2024-12-21,wk inc flu hosp,quantile,0.05,0.09004161807459746
45,2024-11-30,3,2024-12-21,wk inc flu hosp,quantile,0.05,9.085098478011153
46,2024-11-30,3,2024-12-21,wk inc flu hosp,quantile,0.05,0.0
47,2024-11-30,3,2024-12-21,wk inc flu hosp,quantile,0.05,33.09580963253759
48,2024-11-30,3,2024-12-21,wk inc flu hosp,quantile,0.05,204.3440377124913
49,2024-11-30,3,2024-12-21,wk inc flu hosp,quantile,0.05,10.909767122431928
50,2024-11-30,3,2024-12-21,wk inc flu hosp,quantile,0.05,0.0
51,2024-11-30,3,2024-12-21,wk inc flu hosp,quantile,0.05,23.284939907831372
53,2024-11-30,3,2024-12-21,wk inc flu hosp,quantile,0.05,17.097859831470352
54,2024-11-30,3,2024-12-21,wk inc flu hosp,quantile,0.05,3.2165756660292133
55,2024-11-30,3,2024-12-21,wk inc flu hosp,quantile,0.05,9.1636571736419
56,2024-11-30,3,2024-12-21,wk inc flu hosp,quantile,0.05,4.380179657677376
72,2024-11-30,3,2024-12-21,wk inc flu hosp,quantile,0.05,26.076467235758663
US,2024-11-30,3,2024-12-21,wk inc flu hosp,quantile,0.05,3262.9418702380467
01,2024-11-30,0,2024-11-30,wk inc flu hosp,quantile,0.1,40.51349833233801
02,2024-11-30,0,2024-11-30,wk inc flu hosp,quantile,0.1,3.2566600331974613
04,2024-11-30,0,2024-11-30,wk inc flu hosp,quantile,0.1,356.08622128401464
05,2024-11-30,0,2024-11-30,wk inc flu hosp,quantile,0.1,4.488962314646536
06,2024-11-30,0,2024-11-30,wk inc flu hosp,quantile,0.1,360.9847773151805
08,2024-11-30,0,2024-11-30,wk inc flu hosp,quantile,0.1,22.66490168896222
09,2024-11-30,0,2024-11-30,wk inc flu hosp,quantile,0.1,3.050909280251419
10,2024-11-30,0,2024-11-30,wk inc flu hosp,quantile,0.1,5.694866812395868
11,2024-11-30,0,2024-11-30,wk inc flu hosp,quantile,0.1,2.737739104153437
12,2024-11-30,0,2024-11-30,wk inc flu hosp,quantile,0.1,343.96268208075105
13,2024-11-30,0,2024-11-30,wk inc flu hosp,quantile,0.1,35.7212910565846
15,2024-11-30,0,2024-11-30,wk inc flu hosp,quantile,0.1,4.539673239431256
16,2024-11-30,0,2024-11-30,wk inc flu hosp,quantile,0.1,16.120293648430373
17,2024-11-30,0,2024-11-30,wk inc flu hosp,quantile,0.1,55.96299316935444
18,2024-11-30,0,2024-11-30,wk inc flu hosp,quantile,0.1,26.043666168072143
19,2024-11-30,0,2024-11-30,wk inc flu hosp,quantile,0.1,2.347570111870574
20,2024-11-30,0,2024-11-30,wk inc flu hosp,quantile,0.1,10.559263082158877
21,2024-11-30,0,2024-11-30,wk inc flu hosp,quantile,0.1,14.555301581781352
22,2024-11-30,0,2024-11-30,wk inc flu hosp,quantile,0.1,59.89892727314576
23,2024-11-30,0,2024-11-30,wk inc flu hosp,quantile,0.1,0.016049992191450847
24,2024-11-30,0,2024-11-30,wk inc flu hosp,quantile,0.1,12.526417102873816
25,2024-11-30,0,2024-11-30,wk inc flu hosp,quantile,0.1,29.51112374944989
26,2024-11-30,0,2024-11-30,wk inc flu hosp,quantile,0.1,40.92203780835161
27,2024-11-30,0,2024-11-30,wk inc flu hosp,quantile,0.1,5.036109613688308
28,2024-11-30,0,2024-11-30,wk inc flu hosp,quantile,0.1,11.297513202979871
29,2024-11-30,0,2024-11-30,wk inc flu hosp,quantile,0.1,31.040112336416392
30,2024-11-30,0,2024-11-30,wk inc flu hosp,quantile,0.1,0.13966461644555866
31,2024-11-30,0,2024-11-30,wk inc flu hosp,quantile,0.1,2.036024441615158
32,2024-11-30,0,2024-11-30,wk inc flu hosp,quantile,0.1,31.12608553887949
33,2024-11-30,0,2024-11-30,wk inc flu hosp,quantile,0.1,6.265260151708768
34,2024-11-30,0,2024-11-30,wk inc flu hosp,quantile,0.1,1.4835353687178519
35,2024-11-30,0,2024-11-30,wk inc flu hosp,quantile,0.1,16.608863726823284
36,2024-11-30,0,2024-11-30,wk inc flu hosp,quantile,0.1,77.74418344624497
37,2024-11-30,0,2024-11-30,wk inc flu hosp,quantile,0.1,21.073209987039217
38,2024-11-30,0,2024-11-30,wk inc flu hosp,quantile,0.1,0.6030385443911842
39,2024-11-30,0,2024-11-30,wk inc flu hosp,quantile,0.1,399.81476044278236
40,2024-11-30,0,2024-11-30,wk inc flu hosp,quantile,0.1,9.71486580172866
41,2024-11-30,0,2024-11-30,wk inc flu hosp,quantile,0.1,30.628511753059783
42,2024-11-30,0,2024-11-30,wk inc flu hosp,quantile,0.1,108.9831818762427
44,2024-11-30,0,2024-11-30,wk inc flu hosp,quantile,0.1,0.2632826220638361
45,2024-11-30,0,2024-11-30,wk inc flu hosp,quantile,0.1,10.071149071268719
46,2024-11-30,0,2024-11-30,wk inc flu hosp,quantile,0.1,0.0
47,2024-11-30,0,2024-11-30,wk inc flu hosp,quantile,0.1,37.15295892772061
48,2024-11-30,0,2024-11-30,wk inc flu hosp,quantile,0.1,231.70035698426835
49,2024-11-30,0,2024-11-30,wk inc flu hosp,quantile,0.1,13.240954061705924
50,2024-11-30,0,2024-11-30,wk inc flu hosp,quantile,0.1,0.0
51,2024-11-30,0,2024-11-30,wk inc flu hosp,quantile,0.1,24.81145273874213
53,2024-11-30,0,2024-11-30,wk inc flu hosp,quantile,0.1,21.505650497440897
54,2024-11-30,0,2024-11-30,wk inc flu hosp,quantile,0.1,3.6154635190771724
55,2024-11-30,0,2024-11-30,wk inc flu hosp,quantile,0.1,9.829412077943742
56,2024-11-30,0,2024-11-30,wk inc flu hosp,quantile,0.1,4.995751100546412
72,2024-11-30,0,2024-11-30,wk inc flu hosp,quantile,0.1,30.279337936669638
US,2024-11-30,0,2024-11-30,wk inc flu hosp,quantile,0.1,3465.9710115157054
01,2024-11-30,1,2024-12-07,wk inc flu hosp,quantile,0.1,41.36684913634562
02,2024-11-30,1,2024-12-07,wk inc flu hosp,quantile,0.1,3.2439262795279675
04,2024-11-30,1,2024-12-07,wk inc flu hosp,quantile,0.1,334.7827221447859
05,2024-11-30,1,2024-12-07,wk inc flu hosp,quantile,0.1,4.9266043931870485
06,2024-11-30,1,2024-12-07,wk inc flu hosp,quantile,0.1,364.61450702592566
08,2024-11-30,1,2024-12-07,wk inc flu hosp,quantile,0.1,23.29258678264023
09,2024-11-30,1,2024-12-07,wk inc flu hosp,quantile,0.1,3.363614776896328
10,2024-11-30,1,2024-12-07,wk inc flu hosp,quantile,0.1,5.688102278377576
11,2024-11-30,1,2024-12-07,wk inc flu hosp,quantile,0.1,2.8648504932294117
12,2024-11-30,1,2024-12-07,wk inc flu hosp,quantile,0.1,346.5329330330652
13,2024-11-30,1,2024-12-07,wk inc flu hosp,quantile,0.1,36.52388916609114
15,2024-11-30,1,2024-12-07,wk inc flu hosp,quantile,0.1,4.618315643511426
16,2024-11-30,1,2024-12-07,wk inc flu hosp,quantile,0.1,16.610127703895067
17,2024-11-30,1,2024-12-07,wk inc flu hosp,quantile,0.1,56.629994951247376
18,2024-11-30,1,2024-12-07,wk inc flu hosp,quantile,0.1,27.067765052489936
19,2024-11-30,1,2024-12-07,wk inc flu hosp,quantile,0.1,2.5766293742603623
20,2024-11-30,1,2024-12-07,wk inc flu hosp,quantile,0.1,10.877496731223543
21,2024-11-30,1,2024-12-07,wk inc flu hosp,quantile,0.1,15.15864721815331
22,2024-11-30,1,2024-12-07,wk inc flu hosp,quantile,0.1,59.26412583473748
23,2024-11-30,1,2024-12-07,wk inc flu hosp,quantile,0.1,0.08043712007349683
24,2024-11-30,1,2024-12-07,wk inc flu hosp,quantile,0.1,13.181730124317566
25,2024-11-30,1,2024-12-07,wk inc flu hosp,quantile,0.1,30.94867765703801
26,2024-11-30,1,2024-12-07,wk inc flu hosp,quantile,0.1,41.48474015268595
27,2024-11-30,1,2024-12-07,wk inc flu hosp,quantile,0.1,5.257430184644696
28,2024-11-30,1,2024-12-07,wk inc flu hosp,quantile,0.1,11.548685209198476
29,2024-11-30,1,2024-12-07,wk inc flu hosp,quantile,0.1,31.20645452605011
30,2024-11-30,1,2024-12-07,wk inc flu hosp,quantile,0.1,0.23220721644582673
31,2024-11-30,1,2024-12-07,wk inc flu hosp,quantile,0.1,2.2566504610569638
32,2024-11-30,1,2024-12-07,wk inc flu hosp,quantile,0.1,31.687737751880878
33,2024-11-30,1,2024-12-07,wk inc flu hosp,quantile,0.1,6.446622029132326
34,2024-11-30,1,2024-12-07,wk inc flu hosp,quantile,0.1,1.9882607261328553
35,2024-11-30,1,2024-12-07,wk inc flu hosp,quantile,0.1,17.11083544355378
36,2024-11-30,1,2024-12-07,wk inc flu hosp,quantile,0.1,79.28060670149436
37,2024-11-30,1,2024-12-07,wk inc flu hosp,quantile,0.1,21.288552442775238
38,2024-11-30,1,2024-12-07,wk inc flu hosp,quantile,0.1,0.7148019422106409
39,2024-11-30,1,2024-12-07,wk inc flu hosp,quantile,0.1,340.57818304308904
40,2024-11-30,1,2024-12-07,wk inc flu hosp,quantile,0.1,10.342088225661726
41,2024-11-30,1,2024-12-07,wk inc flu hosp,quantile,0.1,31.09078838234743
42,2024-11-30,1,2024-12-07,wk inc flu hosp,quantile,0.1,111.5169366545922
44,2024-11-30,1,2024-12-07,wk inc flu hosp,quantile,0.1,0.31977238191985213
45,2024-11-30,1,2024-12-07,wk inc flu hosp,quantile,0.1,10.612078286667888
46,2024-11-30,1,2024-12-07,wk inc flu hosp,quantile,0.1,0.00671823057802418
47,2024-11-30,1,2024-12-07,wk inc flu hosp,quantile,0.1,37.26047978866428
48,2024-11-30,1,2024-12-07,wk inc flu hosp,quantile,0.1,237.22794029852454
49,2024-11-30,1,2024-12-07,wk inc flu hosp,quantile,0.1,13.340538309149661
50,2024-11-30,1,2024-12-07,wk inc flu hosp,quantile,0.1,0.0
51,2024-11-30,1,2024-12-07,wk inc flu hosp,quantile,0.1,25.517902233605525
53,2024-11-30,1,2024-12-07,wk inc flu hosp,quantile,0.1,22.150049339328575
54,2024-11-30,1,2024-12-07,wk inc flu hosp,quantile,0.1,3.971876885710151
55,2024-11-30,1,2024-12-07,wk inc flu hosp,quantile,0.1,10.255073866459579
56,2024-11-30,1,2024-12-07,wk inc flu hosp,quantile,0.1,5.097194306319519
72,2024-11-30,1,2024-12-07,wk inc flu hosp,quantile,0.1,29.80224216398023
US,2024-11-30,1,2024-12-07,wk inc flu hosp,quantile,0.1,3534.767084594761
01,2024-11-30,2,2024-12-14,wk inc flu hosp,quantile,0.1,41.80115886346157
02,2024-11-30,2,2024-12-14,wk inc flu hosp,quantile,0.1,3.300323715181439
04,2024-11-30,2,2024-12-14,wk inc flu hosp,quantile,0.1,327.80424220935737
05,2024-11-30,2,2024-12-14,wk inc flu hosp,quantile,0.1,5.454716628469368
06,2024-11-30,2,2024-12-14,wk inc flu hosp,quantile,0.1,366.0104659079544
08,2024-11-30,2,2024-12-14,wk inc flu hosp,quantile,0.1,23.626567815181925
09,2024-11-30,2,2024-12-14,wk inc flu hosp,quantile,0.1,3.653439840064022
10,2024-11-30,2,2024-12-14,wk inc flu hosp,quantile,0.1,5.84528480281701
11,2024-11-30,2,2024-12-14,wk inc flu hosp,quantile,0.1,2.9324221268763933
12,2024-11-30,2,2024-12-14,wk inc flu hosp,quantile,0.1,347.158321624831
13,2024-11-30,2,2024-12-14,wk inc flu hosp,quantile,0.1,37.424606230798375
15,2024-11-30,2,2024-12-14,wk inc flu hosp,quantile,0.1,4.749509305311174
16,2024-11-30,2,2024-12-14,wk inc flu hosp,quantile,0.1,16.799153302700194
17,2024-11-30,2,2024-12-14,wk inc flu hosp,quantile,0.1,57.715271271119796
18,2024-11-30,2,2024-12-14,wk inc flu hosp,quantile,0.1,28.299081324899475
19,2024-11-30,2,2024-12-14,wk inc flu hosp,quantile,0.1,2.8642601866079347
20,2024-11-30,2,2024-12-14,wk inc flu hosp,quantile,0.1,11.36372778439447
21,2024-11-30,2,2024-12-14,wk inc flu hosp,quantile,0.1,15.966327384201058
22,2024-11-30,2,2024-12-14,wk inc flu hosp,quantile,0.1,60.37953178916476
23,2024-11-30,2,2024-12-14,wk inc flu hosp,quantile,0.1,0.21349725092859995
24,2024-11-30,2,2024-12-14,wk inc flu hosp,quantile,0.1,13.65901195511462
25,2024-11-30,2,2024-12-14,wk inc flu hosp,quantile,0.1,31.62879384490256
26,2024-11-30,2,2024-12-14,wk inc flu hosp,quantile,0.1,42.564593835303086
27,2024-11-30,2,2024-12-14,wk inc flu hosp,quantile,0.1,5.568775717134024
28,2024-11-30,2,2024-12-14,wk inc flu hosp,quantile,0.1,12.041524067055539
29,2024-11-30,2,2024-12-14,wk inc flu hosp,quantile,0.1,31.539158623321843
30,2024-11-30,2,2024-12-14,wk inc flu hosp,quantile,0.1,0.3578779429589438
31,2024-11-30,2,2024-12-14,wk inc flu hosp,quantile,0.1,2.5196047126239596
32,2024-11-30,2,2024-12-14,wk inc flu hosp,quantile,0.1,32.1580608572343
33,2024-11-30,2,2024-12-14,wk inc flu hosp,quantile,0.1,6.51970679802562
34,2024-11-30,2,2024-12-14,wk inc flu hosp,quantile,0.1,2.925075084070827
35,2024-11-30,2,2024-12-14,wk inc flu hosp,quantile,0.1,17.343646257210285
36,2024-11-30,2,2024-12-14,wk inc flu hosp,quantile,0.1,81.79010258972802
37,2024-11-30,2,2024-12-14,wk inc flu hosp,quantile,0.1,21.836501842707666
38,2024-11-30,2,2024-12-14,wk inc flu hosp,quantile,0.1,0.7633881832569474
39,2024-11-30,2,2024-12-14,wk inc flu hosp,quantile,0.1,287.60873160899473
40,2024-11-30,2,2024-12-14,wk inc flu hosp,quantile,0.1,11.117725268204088
41,2024-11-30,2,2024-12-14,wk inc flu hosp,quantile,0.1,31.119632937350143
42,2024-11-30,2,2024-12-14,wk inc flu hosp,quantile,0.1,113.87876639326329
44,2024-11-30,2,2024-12-14,wk inc flu hosp,quantile,0.1,0.3670905570013643
45,2024-11-30,2,2024-12-14,wk inc flu hosp,quantile,0.1,11.420290126315358
46,2024-11-30,2,2024-12-14,wk inc flu hosp,quantile,0.1,0.08906827519912786
47,2024-11-30,2,2024-12-14,wk inc flu hosp,quantile,0.1,38.329355233209974
48,2024-11-30,2,2024-12-14,wk inc flu hosp,quantile,0.1,240.09494171198554
49,2024-11-30,2,2024-12-14,wk inc flu hosp,quantile,0.1,13.525652895328726
50,2024-11-30,2,2024-12-14,wk inc flu hosp,quantile,0.1,0.0
51,2024-11-30,2,2024-12-14,wk inc flu hosp,quantile,0.1,26.700605666427734
53,2024-11-30,2,2024-12-14,wk inc flu hosp,quantile,0.1,22.6158724901548
54,2024-11-30,2,2024-12-14,wk inc flu hosp,quantile,0.1,4.242011458725323
55,2024-11-30,2,2024-12-14,wk inc flu hosp,quantile,0.1,10.734248450114942
56,2024-11-30,2,2024-12-14,wk inc flu hosp,quantile,0.1,5.184421773607712
72,2024-11-30,2,2024-12-14,wk inc flu hosp,quantile,0.1,30.491426868299314
US,2024-11-30,2,2024-12-14,wk inc flu hosp,quantile,0.1,3563.2413874089175
01,2024-11-30,3,2024-12-21,wk inc flu hosp,quantile,0.1,41.62715098078579
02,2024-11-30,3,2024-12-21,wk inc flu hosp,quantile,0.1,3.306234358827129
04,2024-11-30,3,2024-12-21,wk inc flu hosp,quantile,0.1,310.36171838103974
05,2024-11-30,3,2024-12-21,wk inc flu hosp,quantile,0.1,5.448886938920462
06,2024-11-30,3,2024-12-21,wk inc flu hosp,quantile,0.1,366.85282240887346
08,2024-11-30,3,2024-12-21,wk inc flu hosp,quantile,0.1,23.783226413005778
09,2024-11-30,3,2024-12-21,wk inc flu hosp,quantile,0.1,3.681353676796594
10,2024-11-30,3,2024-12-21,wk inc flu hosp,quantile,0.1,5.8576201524370175
11,2024-11-30,3,2024-12-21,wk inc flu hosp,quantile,0.1,2.9755894421456826
12,2024-11-30,3,2024-12-21,wk inc flu hosp,quantile,0.1,348.20496180111905
13,2024-11-30,3,2024-12-21,wk inc flu hosp,quantile,0.1,37.21664473785187
15,2024-11-30,3,2024-12-21,wk inc flu hosp,quantile,0.1,4.692963912545693
16,2024-11-30,3,2024-12-21,wk inc flu hosp,quantile,0.1,16.782068087698416
17,2024-11-30,3,2024-12-21,wk inc flu hosp,quantile,0.1,57.73411907503992
18,2024-11-30,3,2024-12-21,wk inc flu hosp,quantile,0.1,28.485335321023225
19,2024-11-30,3,2024-12-21,wk inc flu hosp,quantile,0.1,2.9189789918032933
20,2024-11-30,3,2024-12-21,wk inc flu hosp,quantile,0.1,11.37452081906741
21,2024-11-30,3,2024-12-21,wk inc flu hosp,quantile,0.1,16.03695483513729
22,2024-11-30,3,2024-12-21,wk inc flu hosp,quantile,0.1,59.93172420929383
23,2024-11-30,3,2024-12-21,wk inc flu hosp,quantile,0.1,0.24483013067279713
24,2024-11-30,3,2024-12-21,wk inc flu hosp,quantile,0.1,13.649576510048751
25,2024-11-30,3,2024-12-21,wk inc flu hosp,quantile,0.1,31.329964826266327
26,2024-11-30,3,2024-12-21,wk inc flu hosp,quantile,0.1,43.34661713663196
27,2024-11-30,3,2024-12-21,wk inc flu hosp,quantile,0.1,5.604246553891313
28,2024-11-30,3,2024-12-21,wk inc flu hosp,quantile,0.1,12.031343272887304
29,2024-11-30,3,2024-12-21,wk inc flu hosp,quantile,0.1,31.191705002008096
30,2024-11-30,3,2024-12-21,wk inc flu hosp,quantile,0.1,0.3663718793674781
31,2024-11-30,3,2024-12-21,wk inc flu hosp,quantile,0.1,2.5282597027778673
32,2024-11-30,3,2024-12-21,wk inc flu hosp,quantile,0.1,32.27509339547043
33,2024-11-30,3,2024-12-21,wk inc flu hosp,quantile,0.1,6.51970679802562
34,2024-11-30,3,2024-12-21,wk inc flu hosp,quantile,0.1,2.9305553913527396
35,2024-11-30,3,2024-12-21,wk inc flu hosp,quantile,0.1,17.601790223191024
36,2024-11-30,3,2024-12-21,wk inc flu hosp,quantile,0.1,82.04620835055297
37,2024-11-30,3,2024-12-21,wk inc flu hosp,quantile,0.1,21.826860013797386
38,2024-11-30,3,2024-12-21,wk inc flu hosp,quantile,0.1,0.7613879610457878
39,2024-11-30,3,2024-12-21,wk inc flu hosp,quantile,0.1,239.64725114348423
40,2024-11-30,3,2024-12-21,wk inc flu hosp,quantile,0.1,11.276451639840126
41,2024-11-30,3,2024-12-21,wk inc flu hosp,quantile,0.1,31.657318063256586
42,2024-11-30,3,2024-12-21,wk inc flu hosp,quantile,0.1,113.56798977558037
44,2024-11-30,3,2024-12-21,wk inc flu hosp,quantile,0.1,0.3912256829639412
45,2024-11-30,3,2024-12-21,wk inc flu hosp,quantile,0.1,11.420756864504227
46,2024-11-30,3,2024-12-21,wk inc flu hosp,quantile,0.1,0.10196588308262258
47,2024-11-30,3,2024-12-21,wk inc flu hosp,quantile,0.1,38.06189167281168
48,2024-11-30,3,2024-12-21,wk inc flu hosp,quantile,0.1,239.709117550555
49,2024-11-30,3,2024-12-21,wk inc flu hosp,quantile,0.1,13.53161486037982
50,2024-11-30,3,2024-12-21,wk inc flu hosp,quantile,0.1,0.0
51,2024-11-30,3,2024-12-21,wk inc flu hosp,quantile,0.1,26.88617608755509
53,2024-11-30,3,2024-12-21,wk inc flu hosp,quantile,0.1,22.707979036530062
54,2024-11-30,3,2024-12-21,wk inc flu hosp,quantile,0.1,4.249097949533801
55,2024-11-30,3,2024-12-21,wk inc flu hosp,quantile,0.1,10.753741694108232
56,2024-11-30,3,2024-12-21,wk inc flu hosp,quantile,0.1,5.17937840471628
72,2024-11-30,3,2024-12-21,wk inc flu hosp,quantile,0.1,30.655121341529217
US,2024-11-30,3,2024-12-21,wk inc flu hosp,quantile,0.1,3564.4106661729925
01,2024-11-30,0,2024-11-30,wk inc flu hosp,quantile,0.15,43.846136250436764
02,2024-11-30,0,2024-11-30,wk inc flu hosp,quantile,0.15,3.678938997142729
04,2024-11-30,0,2024-11-30,wk inc flu hosp,quantile,0.15,382.58867329686694
05,2024-11-30,0,2024-11-30,wk inc flu hosp,quantile,0.15,5.6308644837769375
06,2024-11-30,0,2024-11-30,wk inc flu hosp,quantile,0.15,399.9919600535055
08,2024-11-30,0,2024-11-30,wk inc flu hosp,quantile,0.15,24.691767752689728
09,2024-11-30,0,2024-11-30,wk inc flu hosp,quantile,0.15,3.4999159757185216
10,2024-11-30,0,2024-11-30,wk inc flu hosp,quantile,0.15,7.005400731295994
11,2024-11-30,0,2024-11-30,wk inc flu hosp,quantile,0.15,2.8982605032992006
12,2024-11-30,0,2024-11-30,wk inc flu hosp,quantile,0.15,367.3720423607636
13,2024-11-30,0,2024-11-30,wk inc flu hosp,quantile,0.15,39.04159727619893
15,2024-11-30,0,2024-11-30,wk inc flu hosp,quantile,0.15,5.288558370028646
16,2024-11-30,0,2024-11-30,wk inc flu hosp,quantile,0.15,19.85310373417808
17,2024-11-30,0,2024-11-30,wk inc flu hosp,quantile,0.15,60.83043830883565
18,2024-11-30,0,2024-11-30,wk inc flu hosp,quantile,0.15,27.68225146992085
19,2024-11-30,0,2024-11-30,wk inc flu hosp,quantile,0.15,2.693348362010706
20,2024-11-30,0,2024-11-30,wk inc flu hosp,quantile,0.15,11.899648757525418
21,2024-11-30,0,2024-11-30,wk inc flu hosp,quantile,0.15,15.464586049873436
22,2024-11-30,0,2024-11-30,wk inc flu hosp,quantile,0.15,64.06401581490876
23,2024-11-30,0,2024-11-30,wk inc flu hosp,quantile,0.15,0.07632684009799473
24,2024-11-30,0,2024-11-30,wk inc flu hosp,quantile,0.15,15.242253092815373
25,2024-11-30,0,2024-11-30,wk inc flu hosp,quantile,0.15,33.491192648864406
26,2024-11-30,0,2024-11-30,wk inc flu hosp,quantile,0.15,46.389746950742364
27,2024-11-30,0,2024-11-30,wk inc flu hosp,quantile,0.15,7.26079453182709
28,2024-11-30,0,2024-11-30,wk inc flu hosp,quantile,0.15,12.461086619061469
29,2024-11-30,0,2024-11-30,wk inc flu hosp,quantile,0.15,34.15613774073688
30,2024-11-30,0,2024-11-30,wk inc flu hosp,quantile,0.15,0.35675235823305157
31,2024-11-30,0,2024-11-30,wk inc flu hosp,quantile,0.15,2.465311797207575
32,2024-11-30,0,2024-11-30,wk inc flu hosp,quantile,0.15,34.553401064991036
33,2024-11-30,0,2024-11-30,wk inc flu hosp,quantile,0.15,7.304141454682354
34,2024-11-30,0,2024-11-30,wk inc flu hosp,quantile,0.15,3.3936352628046174
35,2024-11-30,0,2024-11-30,wk inc flu hosp,quantile,0.15,19.065077582642477
36,2024-11-30,0,2024-11-30,wk inc flu hosp,quantile,0.15,86.73913671379198
37,2024-11-30,0,2024-11-30,wk inc flu hosp,quantile,0.15,23.505446569489486
38,2024-11-30,0,2024-11-30,wk inc flu hosp,quantile,0.15,0.9266815997886997
39,2024-11-30,0,2024-11-30,wk inc flu hosp,quantile,0.15,439.54818029842085
40,2024-11-30,0,2024-11-30,wk inc flu hosp,quantile,0.15,10.560946964747403
41,2024-11-30,0,2024-11-30,wk inc flu hosp,quantile,0.15,34.84640094773432
42,2024-11-30,0,2024-11-30,wk inc flu hosp,quantile,0.15,121.09627514780355
44,2024-11-30,0,2024-11-30,wk inc flu hosp,quantile,0.15,0.5973481353383264
45,2024-11-30,0,2024-11-30,wk inc flu hosp,quantile,0.15,11.336719438182126
46,2024-11-30,0,2024-11-30,wk inc flu hosp,quantile,0.15,0.07499070743534511
47,2024-11-30,0,2024-11-30,wk inc flu hosp,quantile,0.15,40.75786954210603
48,2024-11-30,0,2024-11-30,wk inc flu hosp,quantile,0.15,249.5813789395028
49,2024-11-30,0,2024-11-30,wk inc flu hosp,quantile,0.15,15.544343258915045
50,2024-11-30,0,2024-11-30,wk inc flu hosp,quantile,0.15,0.0
51,2024-11-30,0,2024-11-30,wk inc flu hosp,quantile,0.15,26.155439501238096
53,2024-11-30,0,2024-11-30,wk inc flu hosp,quantile,0.15,24.882465615668796
54,2024-11-30,0,2024-11-30,wk inc flu hosp,quantile,0.15,4.1405844646628225
55,2024-11-30,0,2024-11-30,wk inc flu hosp,quantile,0.15,12.287887988022748
56,2024-11-30,0,2024-11-30,wk inc flu hosp,quantile,0.15,5.566463734041058
72,2024-11-30,0,2024-11-30,wk inc flu hosp,quantile,0.15,33.980220371093566
US,2024-11-30,0,2024-11-30,wk inc flu hosp,quantile,0.15,3612.082500021813
01,2024-11-30,1,2024-12-07,wk inc flu hosp,quantile,0.15,46.53505535045347
02,2024-11-30,1,2024-12-07,wk inc flu hosp,quantile,0.15,3.7823018226979985
04,2024-11-30,1,2024-12-07,wk inc flu hosp,quantile,0.15,377.58209456131794
05,2024-11-30,1,2024-12-07,wk inc flu hosp,quantile,0.15,6.118865114028218
06,2024-11-30,1,2024-12-07,wk inc flu hosp,quantile,0.15,418.69954657175333
08,2024-11-30,1,2024-12-07,wk inc flu hosp,quantile,0.15,25.781167985834536
09,2024-11-30,1,2024-12-07,wk inc flu hosp,quantile,0.15,3.9641163349127786
10,2024-11-30,1,2024-12-07,wk inc flu hosp,quantile,0.15,7.395929843987467
11,2024-11-30,1,2024-12-07,wk inc flu hosp,quantile,0.15,3.1826701204599908
12,2024-11-30,1,2024-12-07,wk inc flu hosp,quantile,0.15,374.8843656008
13,2024-11-30,1,2024-12-07,wk inc flu hosp,quantile,0.15,41.72192918111527
15,2024-11-30,1,2024-12-07,wk inc flu hosp,quantile,0.15,5.575838479414761
16,2024-11-30,1,2024-12-07,wk inc flu hosp,quantile,0.15,21.148356355974734
17,2024-11-30,1,2024-12-07,wk inc flu hosp,quantile,0.15,63.74043726636481
18,2024-11-30,1,2024-12-07,wk inc flu hosp,quantile,0.15,30.12219021274383
19,2024-11-30,1,2024-12-07,wk inc flu hosp,quantile,0.15,3.0978384339083487
20,2024-11-30,1,2024-12-07,wk inc flu hosp,quantile,0.15,12.741905514791165
21,2024-11-30,1,2024-12-07,wk inc flu hosp,quantile,0.15,16.55138797064833
22,2024-11-30,1,2024-12-07,wk inc flu hosp,quantile,0.15,65.13049378194684
23,2024-11-30,1,2024-12-07,wk inc flu hosp,quantile,0.15,0.21634150046833442
24,2024-11-30,1,2024-12-07,wk inc flu hosp,quantile,0.15,16.569681190473748
25,2024-11-30,1,2024-12-07,wk inc flu hosp,quantile,0.15,35.60425614686815
26,2024-11-30,1,2024-12-07,wk inc flu hosp,quantile,0.15,49.5068517353528
27,2024-11-30,1,2024-12-07,wk inc flu hosp,quantile,0.15,7.973651111115542
28,2024-11-30,1,2024-12-07,wk inc flu hosp,quantile,0.15,13.17745833179747
29,2024-11-30,1,2024-12-07,wk inc flu hosp,quantile,0.15,36.422049046937424
30,2024-11-30,1,2024-12-07,wk inc flu hosp,quantile,0.15,0.4869999950527789
31,2024-11-30,1,2024-12-07,wk inc flu hosp,quantile,0.15,2.7287402060204453
32,2024-11-30,1,2024-12-07,wk inc flu hosp,quantile,0.15,35.59950641237263
33,2024-11-30,1,2024-12-07,wk inc flu hosp,quantile,0.15,7.680975436443256
34,2024-11-30,1,2024-12-07,wk inc flu hosp,quantile,0.15,4.041035194156832
35,2024-11-30,1,2024-12-07,wk inc flu hosp,quantile,0.15,19.801226508230698
36,2024-11-30,1,2024-12-07,wk inc flu hosp,quantile,0.15,92.28474143624119
37,2024-11-30,1,2024-12-07,wk inc flu hosp,quantile,0.15,24.467452573153324
38,2024-11-30,1,2024-12-07,wk inc flu hosp,quantile,0.15,1.0779275691235746
39,2024-11-30,1,2024-12-07,wk inc flu hosp,quantile,0.15,384.83687500335554
40,2024-11-30,1,2024-12-07,wk inc flu hosp,quantile,0.15,11.527565201567917
41,2024-11-30,1,2024-12-07,wk inc flu hosp,quantile,0.15,36.488733050469804
42,2024-11-30,1,2024-12-07,wk inc flu hosp,quantile,0.15,123.72094577345939
44,2024-11-30,1,2024-12-07,wk inc flu hosp,quantile,0.15,0.7115705577653177
45,2024-11-30,1,2024-12-07,wk inc flu hosp,quantile,0.15,12.242992296728048
46,2024-11-30,1,2024-12-07,wk inc flu hosp,quantile,0.15,0.15249590406598304
47,2024-11-30,1,2024-12-07,wk inc flu hosp,quantile,0.15,42.18084996732511
48,2024-11-30,1,2024-12-07,wk inc flu hosp,quantile,0.15,261.9178085035764
49,2024-11-30,1,2024-12-07,wk inc flu hosp,quantile,0.15,16.261534099438308
50,2024-11-30,1,2024-12-07,wk inc flu hosp,quantile,0.15,0.0
51,2024-11-30,1,2024-12-07,wk inc flu hosp,quantile,0.15,27.713365121337617
53,2024-11-30,1,2024-12-07,wk inc flu hosp,quantile,0.15,26.55682904068685
54,2024-11-30,1,2024-12-07,wk inc flu hosp,quantile,0.15,4.5453487392143135
55,2024-11-30,1,2024-12-07,wk inc flu hosp,quantile,0.15,13.474489769131894
56,2024-11-30,1,2024-12-07,wk inc flu hosp,quantile,0.15,5.727784689516516
72,2024-11-30,1,2024-12-07,wk inc flu hosp,quantile,0.15,35.41534655150196
US,2024-11-30,1,2024-12-07,wk inc flu hosp,quantile,0.15,3738.512344084031
01,2024-11-30,2,2024-12-14,wk inc flu hosp,quantile,0.15,47.50255549050382
02,2024-11-30,2,2024-12-14,wk inc flu hosp,quantile,0.15,3.8447822215782783
04,2024-11-30,2,2024-12-14,wk inc flu hosp,quantile,0.15,366.59789260969535
05,2024-11-30,2,2024-12-14,wk inc flu hosp,quantile,0.15,6.577513290098557
06,2024-11-30,2,2024-12-14,wk inc flu hosp,quantile,0.15,425.27119616718375
08,2024-11-30,2,2024-12-14,wk inc flu hosp,quantile,0.15,26.820885180035145
09,2024-11-30,2,2024-12-14,wk inc flu hosp,quantile,0.15,4.3006608440169485
10,2024-11-30,2,2024-12-14,wk inc flu hosp,quantile,0.15,7.425354292845879
11,2024-11-30,2,2024-12-14,wk inc flu hosp,quantile,0.15,3.2207331618648896
12,2024-11-30,2,2024-12-14,wk inc flu hosp,quantile,0.15,379.6531309137919
13,2024-11-30,2,2024-12-14,wk inc flu hosp,quantile,0.15,42.82228110001493
15,2024-11-30,2,2024-12-14,wk inc flu hosp,quantile,0.15,5.661188549751346
16,2024-11-30,2,2024-12-14,wk inc flu hosp,quantile,0.15,21.68738735996358
17,2024-11-30,2,2024-12-14,wk inc flu hosp,quantile,0.15,65.70750822321709
18,2024-11-30,2,2024-12-14,wk inc flu hosp,quantile,0.15,31.331874738803464
19,2024-11-30,2,2024-12-14,wk inc flu hosp,quantile,0.15,3.424272647271281
20,2024-11-30,2,2024-12-14,wk inc flu hosp,quantile,0.15,13.34297773499259
21,2024-11-30,2,2024-12-14,wk inc flu hosp,quantile,0.15,17.455973129487717
22,2024-11-30,2,2024-12-14,wk inc flu hosp,quantile,0.15,66.26415706711951
23,2024-11-30,2,2024-12-14,wk inc flu hosp,quantile,0.15,0.3564686939832079
24,2024-11-30,2,2024-12-14,wk inc flu hosp,quantile,0.15,17.481544734052914
25,2024-11-30,2,2024-12-14,wk inc flu hosp,quantile,0.15,37.02938002136028
26,2024-11-30,2,2024-12-14,wk inc flu hosp,quantile,0.15,51.89410433379424
27,2024-11-30,2,2024-12-14,wk inc flu hosp,quantile,0.15,8.558551582194815
28,2024-11-30,2,2024-12-14,wk inc flu hosp,quantile,0.15,13.697409399296465
29,2024-11-30,2,2024-12-14,wk inc flu hosp,quantile,0.15,37.09759143816054
30,2024-11-30,2,2024-12-14,wk inc flu hosp,quantile,0.15,0.6086917265086272
31,2024-11-30,2,2024-12-14,wk inc flu hosp,quantile,0.15,3.036241492047132
32,2024-11-30,2,2024-12-14,wk inc flu hosp,quantile,0.15,36.50825536297678
33,2024-11-30,2,2024-12-14,wk inc flu hosp,quantile,0.15,7.760305853001903
34,2024-11-30,2,2024-12-14,wk inc flu hosp,quantile,0.15,5.460293604708703
35,2024-11-30,2,2024-12-14,wk inc flu hosp,quantile,0.15,20.643050529820897
36,2024-11-30,2,2024-12-14,wk inc flu hosp,quantile,0.15,94.86836868235646
37,2024-11-30,2,2024-12-14,wk inc flu hosp,quantile,0.15,25.697887021196777
38,2024-11-30,2,2024-12-14,wk inc flu hosp,quantile,0.15,1.163088612822542
39,2024-11-30,2,2024-12-14,wk inc flu hosp,quantile,0.15,315.75325484288913
40,2024-11-30,2,2024-12-14,wk inc flu hosp,quantile,0.15,12.470458601251758
41,2024-11-30,2,2024-12-14,wk inc flu hosp,quantile,0.15,37.42341869459846
42,2024-11-30,2,2024-12-14,wk inc flu hosp,quantile,0.15,126.9606987163521
44,2024-11-30,2,2024-12-14,wk inc flu hosp,quantile,0.15,0.7462292754699815
45,2024-11-30,2,2024-12-14,wk inc flu hosp,quantile,0.15,12.917753010754707
46,2024-11-30,2,2024-12-14,wk inc flu hosp,quantile,0.15,0.21516929628611317
47,2024-11-30,2,2024-12-14,wk inc flu hosp,quantile,0.15,43.75064744278649
48,2024-11-30,2,2024-12-14,wk inc flu hosp,quantile,0.15,268.5107830070381
49,2024-11-30,2,2024-12-14,wk inc flu hosp,quantile,0.15,16.741548662409457
50,2024-11-30,2,2024-12-14,wk inc flu hosp,quantile,0.15,0.0037090859963979737
51,2024-11-30,2,2024-12-14,wk inc flu hosp,quantile,0.15,28.881940169613618
53,2024-11-30,2,2024-12-14,wk inc flu hosp,quantile,0.15,27.521129074681056
54,2024-11-30,2,2024-12-14,wk inc flu hosp,quantile,0.15,4.932042726652744
55,2024-11-30,2,2024-12-14,wk inc flu hosp,quantile,0.15,14.024045444349548
56,2024-11-30,2,2024-12-14,wk inc flu hosp,quantile,0.15,5.893280149374228
72,2024-11-30,2,2024-12-14,wk inc flu hosp,quantile,0.15,36.09498326424208
US,2024-11-30,2,2024-12-14,wk inc flu hosp,quantile,0.15,3773.7169959543508
01,2024-11-30,3,2024-12-21,wk inc flu hosp,quantile,0.15,47.778141578237395
02,2024-11-30,3,2024-12-21,wk inc flu hosp,quantile,0.15,3.8264367338725824
04,2024-11-30,3,2024-12-21,wk inc flu hosp,quantile,0.15,346.0347880993214
05,2024-11-30,3,2024-12-21,wk inc flu hosp,quantile,0.15,6.724131236996148
06,2024-11-30,3,2024-12-21,wk inc flu hosp,quantile,0.15,425.2825431311548
08,2024-11-30,3,2024-12-21,wk inc flu hosp,quantile,0.15,26.652331027251353
09,2024-11-30,3,2024-12-21,wk inc flu hosp,quantile,0.15,4.32558141668692
10,2024-11-30,3,2024-12-21,wk inc flu hosp,quantile,0.15,7.391391719234957
11,2024-11-30,3,2024-12-21,wk inc flu hosp,quantile,0.15,3.2529642164526162
12,2024-11-30,3,2024-12-21,wk inc flu hosp,quantile,0.15,379.9835302943176
13,2024-11-30,3,2024-12-21,wk inc flu hosp,quantile,0.15,42.697881904051854
15,2024-11-30,3,2024-12-21,wk inc flu hosp,quantile,0.15,5.60876839534945
16,2024-11-30,3,2024-12-21,wk inc flu hosp,quantile,0.15,21.69811888878797
17,2024-11-30,3,2024-12-21,wk inc flu hosp,quantile,0.15,65.57405246581699
18,2024-11-30,3,2024-12-21,wk inc flu hosp,quantile,0.15,31.620756907957496
19,2024-11-30,3,2024-12-21,wk inc flu hosp,quantile,0.15,3.4885659581364727
20,2024-11-30,3,2024-12-21,wk inc flu hosp,quantile,0.15,13.819988595955119
21,2024-11-30,3,2024-12-21,wk inc flu hosp,quantile,0.15,17.567567512494268
22,2024-11-30,3,2024-12-21,wk inc flu hosp,quantile,0.15,66.08895832738429
23,2024-11-30,3,2024-12-21,wk inc flu hosp,quantile,0.15,0.3985785580211904
24,2024-11-30,3,2024-12-21,wk inc flu hosp,quantile,0.15,17.687205654801772
25,2024-11-30,3,2024-12-21,wk inc flu hosp,quantile,0.15,37.38856396227182
26,2024-11-30,3,2024-12-21,wk inc flu hosp,quantile,0.15,52.12366805261774
27,2024-11-30,3,2024-12-21,wk inc flu hosp,quantile,0.15,8.606189838548898
28,2024-11-30,3,2024-12-21,wk inc flu hosp,quantile,0.15,13.700770533809836
29,2024-11-30,3,2024-12-21,wk inc flu hosp,quantile,0.15,37.29435696977626
30,2024-11-30,3,2024-12-21,wk inc flu hosp,quantile,0.15,0.6287476768242893
31,2024-11-30,3,2024-12-21,wk inc flu hosp,quantile,0.15,3.0271989549785974
32,2024-11-30,3,2024-12-21,wk inc flu hosp,quantile,0.15,36.38753504756831
33,2024-11-30,3,2024-12-21,wk inc flu hosp,quantile,0.15,7.7768393345693
34,2024-11-30,3,2024-12-21,wk inc flu hosp,quantile,0.15,5.496847342768071
35,2024-11-30,3,2024-12-21,wk inc flu hosp,quantile,0.15,21.04893385718449
36,2024-11-30,3,2024-12-21,wk inc flu hosp,quantile,0.15,94.32315337377453
37,2024-11-30,3,2024-12-21,wk inc flu hosp,quantile,0.15,25.90789856327774
38,2024-11-30,3,2024-12-21,wk inc flu hosp,quantile,0.15,1.1695884770318674
39,2024-11-30,3,2024-12-21,wk inc flu hosp,quantile,0.15,265.11243239875137
40,2024-11-30,3,2024-12-21,wk inc flu hosp,quantile,0.15,12.626770490575598
41,2024-11-30,3,2024-12-21,wk inc flu hosp,quantile,0.15,37.07761251260498
42,2024-11-30,3,2024-12-21,wk inc flu hosp,quantile,0.15,127.05430930871621
44,2024-11-30,3,2024-12-21,wk inc flu hosp,quantile,0.15,0.7624301504564639
45,2024-11-30,3,2024-12-21,wk inc flu hosp,quantile,0.15,13.000635406616235
46,2024-11-30,3,2024-12-21,wk inc flu hosp,quantile,0.15,0.24505158847593225
47,2024-11-30,3,2024-12-21,wk inc flu hosp,quantile,0.15,43.40536342249817
48,2024-11-30,3,2024-12-21,wk inc flu hosp,quantile,0.15,269.7189324467806
49,2024-11-30,3,2024-12-21,wk inc flu hosp,quantile,0.15,16.948230919569852
50,2024-11-30,3,2024-12-21,wk inc flu hosp,quantile,0.15,0.013993141534869894
51,2024-11-30,3,2024-12-21,wk inc flu hosp,quantile,0.15,29.215847263947293
53,2024-11-30,3,2024-12-21,wk inc flu hosp,quantile,0.15,27.75108449927456
54,2024-11-30,3,2024-12-21,wk inc flu hosp,quantile,0.15,4.962239287150998
55,2024-11-30,3,2024-12-21,wk inc flu hosp,quantile,0.15,14.175436126388623
56,2024-11-30,3,2024-12-21,wk inc flu hosp,quantile,0.15,5.909991633748468
72,2024-11-30,3,2024-12-21,wk inc flu hosp,quantile,0.15,36.168465081334126
US,2024-11-30,3,2024-12-21,wk inc flu hosp,quantile,0.15,3782.0615607729173
01,2024-11-30,0,2024-11-30,wk inc flu hosp,quantile,0.2,47.667289748925974
02,2024-11-30,0,2024-11-30,wk inc flu hosp,quantile,0.2,4.117058944559679
04,2024-11-30,0,2024-11-30,wk inc flu hosp,quantile,0.2,405.68509002272464
05,2024-11-30,0,2024-11-30,wk inc flu hosp,quantile,0.2,6.503213314757279
06,2024-11-30,0,2024-11-30,wk inc flu hosp,quantile,0.2,426.2447167643649
08,2024-11-30,0,2024-11-30,wk inc flu hosp,quantile,0.2,27.292193666463486
09,2024-11-30,0,2024-11-30,wk inc flu hosp,quantile,0.2,3.88027669526644
10,2024-11-30,0,2024-11-30,wk inc flu hosp,quantile,0.2,7.7100774401022765
11,2024-11-30,0,2024-11-30,wk inc flu hosp,quantile,0.2,3.563614678341259
12,2024-11-30,0,2024-11-30,wk inc flu hosp,quantile,0.2,373.606354794268
13,2024-11-30,0,2024-11-30,wk inc flu hosp,quantile,0.2,42.334934181942714
15,2024-11-30,0,2024-11-30,wk inc flu hosp,quantile,0.2,5.832510464446139
16,2024-11-30,0,2024-11-30,wk inc flu hosp,quantile,0.2,22.029810298252197
17,2024-11-30,0,2024-11-30,wk inc flu hosp,quantile,0.2,64.45314742903906
18,2024-11-30,0,2024-11-30,wk inc flu hosp,quantile,0.2,29.847013015492607
19,2024-11-30,0,2024-11-30,wk inc flu hosp,quantile,0.2,3.038151074945705
20,2024-11-30,0,2024-11-30,wk inc flu hosp,quantile,0.2,13.247097715533664
21,2024-11-30,0,2024-11-30,wk inc flu hosp,quantile,0.2,16.598081069048398
22,2024-11-30,0,2024-11-30,wk inc flu hosp,quantile,0.2,67.04321417775972
23,2024-11-30,0,2024-11-30,wk inc flu hosp,quantile,0.2,0.09358606360857391
24,2024-11-30,0,2024-11-30,wk inc flu hosp,quantile,0.2,17.255927416525786
25,2024-11-30,0,2024-11-30,wk inc flu hosp,quantile,0.2,37.65270961622772
26,2024-11-30,0,2024-11-30,wk inc flu hosp,quantile,0.2,52.412171829330354
27,2024-11-30,0,2024-11-30,wk inc flu hosp,quantile,0.2,9.505319485322461
28,2024-11-30,0,2024-11-30,wk inc flu hosp,quantile,0.2,14.233903281837454
29,2024-11-30,0,2024-11-30,wk inc flu hosp,quantile,0.2,36.490096063907096
30,2024-11-30,0,2024-11-30,wk inc flu hosp,quantile,0.2,0.4317566249319367
31,2024-11-30,0,2024-11-30,wk inc flu hosp,quantile,0.2,2.7185470675307357
32,2024-11-30,0,2024-11-30,wk inc flu hosp,quantile,0.2,37.80661798274871
33,2024-11-30,0,2024-11-30,wk inc flu hosp,quantile,0.2,8.278780151001419
34,2024-11-30,0,2024-11-30,wk inc flu hosp,quantile,0.2,4.80350732263274
35,2024-11-30,0,2024-11-30,wk inc flu hosp,quantile,0.2,20.672510592497915
36,2024-11-30,0,2024-11-30,wk inc flu hosp,quantile,0.2,93.67670968268835
37,2024-11-30,0,2024-11-30,wk inc flu hosp,quantile,0.2,26.674883030528996
38,2024-11-30,0,2024-11-30,wk inc flu hosp,quantile,0.2,1.2574792753331276
39,2024-11-30,0,2024-11-30,wk inc flu hosp,quantile,0.2,460.08694046634236
40,2024-11-30,0,2024-11-30,wk inc flu hosp,quantile,0.2,11.530393244352409
41,2024-11-30,0,2024-11-30,wk inc flu hosp,quantile,0.2,37.99471105532821
42,2024-11-30,0,2024-11-30,wk inc flu hosp,quantile,0.2,123.45713612176523
44,2024-11-30,0,2024-11-30,wk inc flu hosp,quantile,0.2,0.8995768871518826
45,2024-11-30,0,2024-11-30,wk inc flu hosp,quantile,0.2,12.220543359126928
46,2024-11-30,0,2024-11-30,wk inc flu hosp,quantile,0.2,0.16119810699568782
47,2024-11-30,0,2024-11-30,wk inc flu hosp,quantile,0.2,42.02462381951004
48,2024-11-30,0,2024-11-30,wk inc flu hosp,quantile,0.2,261.83366290881787
49,2024-11-30,0,2024-11-30,wk inc flu hosp,quantile,0.2,17.078782804683343
50,2024-11-30,0,2024-11-30,wk inc flu hosp,quantile,0.2,0.0
51,2024-11-30,0,2024-11-30,wk inc flu hosp,quantile,0.2,27.529284711752428
53,2024-11-30,0,2024-11-30,wk inc flu hosp,quantile,0.2,27.342081320082393
54,2024-11-30,0,2024-11-30,wk inc flu hosp,quantile,0.2,4.627698408227354
55,2024-11-30,0,2024-11-30,wk inc flu hosp,quantile,0.2,14.561302957910623
56,2024-11-30,0,2024-11-30,wk inc flu hosp,quantile,0.2,6.135651850708551
72,2024-11-30,0,2024-11-30,wk inc flu hosp,quantile,0.2,37.16199246764488
US,2024-11-30,0,2024-11-30,wk inc flu hosp,quantile,0.2,3689.23682161721
01,2024-11-30,1,2024-12-07,wk inc flu hosp,quantile,0.2,51.93159731086582
02,2024-11-30,1,2024-12-07,wk inc flu hosp,quantile,0.2,4.28794258845014
04,2024-11-30,1,2024-12-07,wk inc flu hosp,quantile,0.2,398.8489395405246
05,2024-11-30,1,2024-12-07,wk inc flu hosp,quantile,0.2,7.382040888767706
06,2024-11-30,1,2024-12-07,wk inc flu hosp,quantile,0.2,448.96431890333173
08,2024-11-30,1,2024-12-07,wk inc flu hosp,quantile,0.2,29.196174683477526
09,2024-11-30,1,2024-12-07,wk inc flu hosp,quantile,0.2,4.500602746508446
10,2024-11-30,1,2024-12-07,wk inc flu hosp,quantile,0.2,8.321853189004848
11,2024-11-30,1,2024-12-07,wk inc flu hosp,quantile,0.2,3.882067877059391
12,2024-11-30,1,2024-12-07,wk inc flu hosp,quantile,0.2,386.908023017395
13,2024-11-30,1,2024-12-07,wk inc flu hosp,quantile,0.2,46.204076809302315
15,2024-11-30,1,2024-12-07,wk inc flu hosp,quantile,0.2,6.224848484284173
16,2024-11-30,1,2024-12-07,wk inc flu hosp,quantile,0.2,24.290082212307315
17,2024-11-30,1,2024-12-07,wk inc flu hosp,quantile,0.2,71.89368472413885
18,2024-11-30,1,2024-12-07,wk inc flu hosp,quantile,0.2,32.96003881006246
19,2024-11-30,1,2024-12-07,wk inc flu hosp,quantile,0.2,3.623852051411144
20,2024-11-30,1,2024-12-07,wk inc flu hosp,quantile,0.2,14.828395622158885
21,2024-11-30,1,2024-12-07,wk inc flu hosp,quantile,0.2,18.468274814146174
22,2024-11-30,1,2024-12-07,wk inc flu hosp,quantile,0.2,69.91378320118764
23,2024-11-30,1,2024-12-07,wk inc flu hosp,quantile,0.2,0.30806108801618365
24,2024-11-30,1,2024-12-07,wk inc flu hosp,quantile,0.2,19.554194414963824
25,2024-11-30,1,2024-12-07,wk inc flu hosp,quantile,0.2,40.91834619160862
26,2024-11-30,1,2024-12-07,wk inc flu hosp,quantile,0.2,57.42045720368002
27,2024-11-30,1,2024-12-07,wk inc flu hosp,quantile,0.2,10.370366292087546
28,2024-11-30,1,2024-12-07,wk inc flu hosp,quantile,0.2,15.431925106529038
29,2024-11-30,1,2024-12-07,wk inc flu hosp,quantile,0.2,40.309236542003504
30,2024-11-30,1,2024-12-07,wk inc flu hosp,quantile,0.2,0.624613698681373
31,2024-11-30,1,2024-12-07,wk inc flu hosp,quantile,0.2,3.143904775053054
32,2024-11-30,1,2024-12-07,wk inc flu hosp,quantile,0.2,39.77052768707147
33,2024-11-30,1,2024-12-07,wk inc flu hosp,quantile,0.2,8.831307190592172
34,2024-11-30,1,2024-12-07,wk inc flu hosp,quantile,0.2,6.463378213530201
35,2024-11-30,1,2024-12-07,wk inc flu hosp,quantile,0.2,22.61446871548852
36,2024-11-30,1,2024-12-07,wk inc flu hosp,quantile,0.2,104.44222905964924
37,2024-11-30,1,2024-12-07,wk inc flu hosp,quantile,0.2,29.198890777905763
38,2024-11-30,1,2024-12-07,wk inc flu hosp,quantile,0.2,1.4869674306475584
39,2024-11-30,1,2024-12-07,wk inc flu hosp,quantile,0.2,418.4334645731201
40,2024-11-30,1,2024-12-07,wk inc flu hosp,quantile,0.2,13.089274667529578
41,2024-11-30,1,2024-12-07,wk inc flu hosp,quantile,0.2,40.701827231026876
42,2024-11-30,1,2024-12-07,wk inc flu hosp,quantile,0.2,131.47514037021793
44,2024-11-30,1,2024-12-07,wk inc flu hosp,quantile,0.2,1.053616270233328
45,2024-11-30,1,2024-12-07,wk inc flu hosp,quantile,0.2,13.453146704429825
46,2024-11-30,1,2024-12-07,wk inc flu hosp,quantile,0.2,0.24886319722345746
47,2024-11-30,1,2024-12-07,wk inc flu hosp,quantile,0.2,43.59279500571056
48,2024-11-30,1,2024-12-07,wk inc flu hosp,quantile,0.2,282.35434165708295
49,2024-11-30,1,2024-12-07,wk inc flu hosp,quantile,0.2,18.005948019477753
50,2024-11-30,1,2024-12-07,wk inc flu hosp,quantile,0.2,0.060270579910857644
51,2024-11-30,1,2024-12-07,wk inc flu hosp,quantile,0.2,29.874179815217463
53,2024-11-30,1,2024-12-07,wk inc flu hosp,quantile,0.2,31.228202587848735
54,2024-11-30,1,2024-12-07,wk inc flu hosp,quantile,0.2,5.13467417337744
55,2024-11-30,1,2024-12-07,wk inc flu hosp,quantile,0.2,16.401364080127788
56,2024-11-30,1,2024-12-07,wk inc flu hosp,quantile,0.2,6.510415364145144
72,2024-11-30,1,2024-12-07,wk inc flu hosp,quantile,0.2,39.21145172535549
US,2024-11-30,1,2024-12-07,wk inc flu hosp,quantile,0.2,3873.4685320006256
01,2024-11-30,2,2024-12-14,wk inc flu hosp,quantile,0.2,54.21716997051046
02,2024-11-30,2,2024-12-14,wk inc flu hosp,quantile,0.2,4.469386811520702
04,2024-11-30,2,2024-12-14,wk inc flu hosp,quantile,0.2,389.3561957869925
05,2024-11-30,2,2024-12-14,wk inc flu hosp,quantile,0.2,8.300475685917405
06,2024-11-30,2,2024-12-14,wk inc flu hosp,quantile,0.2,462.00435597065814
08,2024-11-30,2,2024-12-14,wk inc flu hosp,quantile,0.2,30.827645415265458
09,2024-11-30,2,2024-12-14,wk inc flu hosp,quantile,0.2,4.96776296168212
10,2024-11-30,2,2024-12-14,wk inc flu hosp,quantile,0.2,8.468361910698507
11,2024-11-30,2,2024-12-14,wk inc flu hosp,quantile,0.2,4.157030814889139
12,2024-11-30,2,2024-12-14,wk inc flu hosp,quantile,0.2,399.03516673008187
13,2024-11-30,2,2024-12-14,wk inc flu hosp,quantile,0.2,49.82880738686903
15,2024-11-30,2,2024-12-14,wk inc flu hosp,quantile,0.2,6.590073268952748
16,2024-11-30,2,2024-12-14,wk inc flu hosp,quantile,0.2,24.984289807842806
17,2024-11-30,2,2024-12-14,wk inc flu hosp,quantile,0.2,75.090862783614
18,2024-11-30,2,2024-12-14,wk inc flu hosp,quantile,0.2,36.01205101340409
19,2024-11-30,2,2024-12-14,wk inc flu hosp,quantile,0.2,4.213300303422203
20,2024-11-30,2,2024-12-14,wk inc flu hosp,quantile,0.2,15.722943679535993
21,2024-11-30,2,2024-12-14,wk inc flu hosp,quantile,0.2,20.124226216550074
22,2024-11-30,2,2024-12-14,wk inc flu hosp,quantile,0.2,71.55826611615313
23,2024-11-30,2,2024-12-14,wk inc flu hosp,quantile,0.2,0.5218195921877086
24,2024-11-30,2,2024-12-14,wk inc flu hosp,quantile,0.2,21.898808367097374
25,2024-11-30,2,2024-12-14,wk inc flu hosp,quantile,0.2,43.72429945597762
26,2024-11-30,2,2024-12-14,wk inc flu hosp,quantile,0.2,60.967527880472765
27,2024-11-30,2,2024-12-14,wk inc flu hosp,quantile,0.2,11.56336173314691
28,2024-11-30,2,2024-12-14,wk inc flu hosp,quantile,0.2,16.358737358080894
29,2024-11-30,2,2024-12-14,wk inc flu hosp,quantile,0.2,43.63267775124587
30,2024-11-30,2,2024-12-14,wk inc flu hosp,quantile,0.2,0.8311237718619792
31,2024-11-30,2,2024-12-14,wk inc flu hosp,quantile,0.2,3.536824041747173
32,2024-11-30,2,2024-12-14,wk inc flu hosp,quantile,0.2,40.813757011516934
33,2024-11-30,2,2024-12-14,wk inc flu hosp,quantile,0.2,9.32352933710324
34,2024-11-30,2,2024-12-14,wk inc flu hosp,quantile,0.2,8.668564252962193
35,2024-11-30,2,2024-12-14,wk inc flu hosp,quantile,0.2,23.87036619312301
36,2024-11-30,2,2024-12-14,wk inc flu hosp,quantile,0.2,112.01729477048572
37,2024-11-30,2,2024-12-14,wk inc flu hosp,quantile,0.2,30.654557017430086
38,2024-11-30,2,2024-12-14,wk inc flu hosp,quantile,0.2,1.6495384825706914
39,2024-11-30,2,2024-12-14,wk inc flu hosp,quantile,0.2,359.02799877506527
40,2024-11-30,2,2024-12-14,wk inc flu hosp,quantile,0.2,14.557513719499905
41,2024-11-30,2,2024-12-14,wk inc flu hosp,quantile,0.2,42.57198455403265
42,2024-11-30,2,2024-12-14,wk inc flu hosp,quantile,0.2,134.95336423877652
44,2024-11-30,2,2024-12-14,wk inc flu hosp,quantile,0.2,1.2025602567618392
45,2024-11-30,2,2024-12-14,wk inc flu hosp,quantile,0.2,14.599499642086288
46,2024-11-30,2,2024-12-14,wk inc flu hosp,quantile,0.2,0.3626902067099842
47,2024-11-30,2,2024-12-14,wk inc flu hosp,quantile,0.2,45.743540707280935
48,2024-11-30,2,2024-12-14,wk inc flu hosp,quantile,0.2,295.10919308563456
49,2024-11-30,2,2024-12-14,wk inc flu hosp,quantile,0.2,18.936105071358465
50,2024-11-30,2,2024-12-14,wk inc flu hosp,quantile,0.2,0.13248097043583512
51,2024-11-30,2,2024-12-14,wk inc flu hosp,quantile,0.2,32.02358319695917
53,2024-11-30,2,2024-12-14,wk inc flu hosp,quantile,0.2,33.316076524918785
54,2024-11-30,2,2024-12-14,wk inc flu hosp,quantile,0.2,5.664132574043006
55,2024-11-30,2,2024-12-14,wk inc flu hosp,quantile,0.2,17.922300017771903
56,2024-11-30,2,2024-12-14,wk inc flu hosp,quantile,0.2,6.7800061189276635
72,2024-11-30,2,2024-12-14,wk inc flu hosp,quantile,0.2,40.66117022809802
US,2024-11-30,2,2024-12-14,wk inc flu hosp,quantile,0.2,4083.43597673722
01,2024-11-30,3,2024-12-21,wk inc flu hosp,quantile,0.2,53.76783057294173
02,2024-11-30,3,2024-12-21,wk inc flu hosp,quantile,0.2,4.479949912890499
04,2024-11-30,3,2024-12-21,wk inc flu hosp,quantile,0.2,363.0786892204488
05,2024-11-30,3,2024-12-21,wk inc flu hosp,quantile,0.2,8.412749681279555
06,2024-11-30,3,2024-12-21,wk inc flu hosp,quantile,0.2,459.39474850235797
08,2024-11-30,3,2024-12-21,wk inc flu hosp,quantile,0.2,31.56554199302419
09,2024-11-30,3,2024-12-21,wk inc flu hosp,quantile,0.2,5.1167491744707165
10,2024-11-30,3,2024-12-21,wk inc flu hosp,quantile,0.2,8.29111427435508
11,2024-11-30,3,2024-12-21,wk inc flu hosp,quantile,0.2,4.173958739168669
12,2024-11-30,3,2024-12-21,wk inc flu hosp,quantile,0.2,400.7427643520969
13,2024-11-30,3,2024-12-21,wk inc flu hosp,quantile,0.2,49.56792076391684
15,2024-11-30,3,2024-12-21,wk inc flu hosp,quantile,0.2,6.503816430693409
16,2024-11-30,3,2024-12-21,wk inc flu hosp,quantile,0.2,24.562915573263844
17,2024-11-30,3,2024-12-21,wk inc flu hosp,quantile,0.2,74.64852928585896
18,2024-11-30,3,2024-12-21,wk inc flu hosp,quantile,0.2,36.3882988634856
19,2024-11-30,3,2024-12-21,wk inc flu hosp,quantile,0.2,4.386324310348265
20,2024-11-30,3,2024-12-21,wk inc flu hosp,quantile,0.2,15.926913523542046
21,2024-11-30,3,2024-12-21,wk inc flu hosp,quantile,0.2,20.087440587627054
22,2024-11-30,3,2024-12-21,wk inc flu hosp,quantile,0.2,70.83401662711572
23,2024-11-30,3,2024-12-21,wk inc flu hosp,quantile,0.2,0.5683037316205166
24,2024-11-30,3,2024-12-21,wk inc flu hosp,quantile,0.2,22.17742340682432
25,2024-11-30,3,2024-12-21,wk inc flu hosp,quantile,0.2,44.41659115000667
26,2024-11-30,3,2024-12-21,wk inc flu hosp,quantile,0.2,60.754400059850894
27,2024-11-30,3,2024-12-21,wk inc flu hosp,quantile,0.2,11.981541512377031
28,2024-11-30,3,2024-12-21,wk inc flu hosp,quantile,0.2,16.428510160851722
29,2024-11-30,3,2024-12-21,wk inc flu hosp,quantile,0.2,43.63620607731389
30,2024-11-30,3,2024-12-21,wk inc flu hosp,quantile,0.2,0.8336361349662802
31,2024-11-30,3,2024-12-21,wk inc flu hosp,quantile,0.2,3.5747442251562567
32,2024-11-30,3,2024-12-21,wk inc flu hosp,quantile,0.2,40.63829474927119
33,2024-11-30,3,2024-12-21,wk inc flu hosp,quantile,0.2,9.234506380625824
34,2024-11-30,3,2024-12-21,wk inc flu hosp,quantile,0.2,9.028477866165305
35,2024-11-30,3,2024-12-21,wk inc flu hosp,quantile,0.2,24.04653838314049
36,2024-11-30,3,2024-12-21,wk inc flu hosp,quantile,0.2,110.1530877895951
37,2024-11-30,3,2024-12-21,wk inc flu hosp,quantile,0.2,30.707960813263078
38,2024-11-30,3,2024-12-21,wk inc flu hosp,quantile,0.2,1.6607158738291166
39,2024-11-30,3,2024-12-21,wk inc flu hosp,quantile,0.2,297.5502562123044
40,2024-11-30,3,2024-12-21,wk inc flu hosp,quantile,0.2,14.767367837781444
41,2024-11-30,3,2024-12-21,wk inc flu hosp,quantile,0.2,42.88171810147543
42,2024-11-30,3,2024-12-21,wk inc flu hosp,quantile,0.2,135.0036320051673
44,2024-11-30,3,2024-12-21,wk inc flu hosp,quantile,0.2,1.2078018121390965
45,2024-11-30,3,2024-12-21,wk inc flu hosp,quantile,0.2,15.041020358246763
46,2024-11-30,3,2024-12-21,wk inc flu hosp,quantile,0.2,0.39307676252462426
47,2024-11-30,3,2024-12-21,wk inc flu hosp,quantile,0.2,45.297078896186456
48,2024-11-30,3,2024-12-21,wk inc flu hosp,quantile,0.2,295.85674353344797
49,2024-11-30,3,2024-12-21,wk inc flu hosp,quantile,0.2,18.796108277688376
50,2024-11-30,3,2024-12-21,wk inc flu hosp,quantile,0.2,0.1513677597782612
51,2024-11-30,3,2024-12-21,wk inc flu hosp,quantile,0.2,32.3690124671358
53,2024-11-30,3,2024-12-21,wk inc flu hosp,quantile,0.2,33.62004737254873
54,2024-11-30,3,2024-12-21,wk inc flu hosp,quantile,0.2,5.88257789015167
55,2024-11-30,3,2024-12-21,wk inc flu hosp,quantile,0.2,18.059129154590625
56,2024-11-30,3,2024-12-21,wk inc flu hosp,quantile,0.2,6.731912950703122
72,2024-11-30,3,2024-12-21,wk inc flu hosp,quantile,0.2,40.79188612741366
US,2024-11-30,3,2024-12-21,wk inc flu hosp,quantile,0.2,4047.947290436379
01,2024-11-30,0,2024-11-30,wk inc flu hosp,quantile,0.25,49.68407734673635
02,2024-11-30,0,2024-11-30,wk inc flu hosp,quantile,0.25,4.382288114816943
04,2024-11-30,0,2024-11-30,wk inc flu hosp,quantile,0.25,422.48102895363303
05,2024-11-30,0,2024-11-30,wk inc flu hosp,quantile,0.25,6.966608547994149
06,2024-11-30,0,2024-11-30,wk inc flu hosp,quantile,0.25,446.98398746025384
08,2024-11-30,0,2024-11-30,wk inc flu hosp,quantile,0.25,27.94396599799002
09,2024-11-30,0,2024-11-30,wk inc flu hosp,quantile,0.25,4.191094623573869
10,2024-11-30,0,2024-11-30,wk inc flu hosp,quantile,0.25,8.772279684635109
11,2024-11-30,0,2024-11-30,wk inc flu hosp,quantile,0.25,4.232808907215384
12,2024-11-30,0,2024-11-30,wk inc flu hosp,quantile,0.25,373.88683158327086
13,2024-11-30,0,2024-11-30,wk inc flu hosp,quantile,0.25,43.92888716572416
15,2024-11-30,0,2024-11-30,wk inc flu hosp,quantile,0.25,6.193947671374629
16,2024-11-30,0,2024-11-30,wk inc flu hosp,quantile,0.25,23.896286783661765
17,2024-11-30,0,2024-11-30,wk inc flu hosp,quantile,0.25,69.71932155550155
18,2024-11-30,0,2024-11-30,wk inc flu hosp,quantile,0.25,31.217313073183934
19,2024-11-30,0,2024-11-30,wk inc flu hosp,quantile,0.25,3.324062107582972
20,2024-11-30,0,2024-11-30,wk inc flu hosp,quantile,0.25,14.525855426715992
21,2024-11-30,0,2024-11-30,wk inc flu hosp,quantile,0.25,17.122582065122554
22,2024-11-30,0,2024-11-30,wk inc flu hosp,quantile,0.25,70.17836865435567
23,2024-11-30,0,2024-11-30,wk inc flu hosp,quantile,0.25,0.12488984271582675
24,2024-11-30,0,2024-11-30,wk inc flu hosp,quantile,0.25,17.973194708125234
25,2024-11-30,0,2024-11-30,wk inc flu hosp,quantile,0.25,39.97842909484513
26,2024-11-30,0,2024-11-30,wk inc flu hosp,quantile,0.25,54.404669928980546
27,2024-11-30,0,2024-11-30,wk inc flu hosp,quantile,0.25,11.290238468793444
28,2024-11-30,0,2024-11-30,wk inc flu hosp,quantile,0.25,15.336949113789201
29,2024-11-30,0,2024-11-30,wk inc flu hosp,quantile,0.25,37.757380640480754
30,2024-11-30,0,2024-11-30,wk inc flu hosp,quantile,0.25,0.6823667928762288
31,2024-11-30,0,2024-11-30,wk inc flu hosp,quantile,0.25,2.968344461987075
32,2024-11-30,0,2024-11-30,wk inc flu hosp,quantile,0.25,40.48044837100486
33,2024-11-30,0,2024-11-30,wk inc flu hosp,quantile,0.25,9.226957162374577
34,2024-11-30,0,2024-11-30,wk inc flu hosp,quantile,0.25,6.9283360654404635
35,2024-11-30,0,2024-11-30,wk inc flu hosp,quantile,0.25,21.598596871603288
36,2024-11-30,0,2024-11-30,wk inc flu hosp,quantile,0.25,96.46850660702293
37,2024-11-30,0,2024-11-30,wk inc flu hosp,quantile,0.25,28.668849956755047
38,2024-11-30,0,2024-11-30,wk inc flu hosp,quantile,0.25,1.8863076524500388
39,2024-11-30,0,2024-11-30,wk inc flu hosp,quantile,0.25,485.8570901746084
40,2024-11-30,0,2024-11-30,wk inc flu hosp,quantile,0.25,12.039974747550657
41,2024-11-30,0,2024-11-30,wk inc flu hosp,quantile,0.25,39.80890115376498
42,2024-11-30,0,2024-11-30,wk inc flu hosp,quantile,0.25,124.97995861275416
44,2024-11-30,0,2024-11-30,wk inc flu hosp,quantile,0.25,1.1549864744178868
45,2024-11-30,0,2024-11-30,wk inc flu hosp,quantile,0.25,12.911851429505727
46,2024-11-30,0,2024-11-30,wk inc flu hosp,quantile,0.25,0.21301146321487002
47,2024-11-30,0,2024-11-30,wk inc flu hosp,quantile,0.25,44.75021718175878
48,2024-11-30,0,2024-11-30,wk inc flu hosp,quantile,0.25,267.6510727788637
49,2024-11-30,0,2024-11-30,wk inc flu hosp,quantile,0.25,18.560665991341565
50,2024-11-30,0,2024-11-30,wk inc flu hosp,quantile,0.25,0.050733763462228715
51,2024-11-30,0,2024-11-30,wk inc flu hosp,quantile,0.25,28.148924824303606
53,2024-11-30,0,2024-11-30,wk inc flu hosp,quantile,0.25,29.056920317386407
54,2024-11-30,0,2024-11-30,wk inc flu hosp,quantile,0.25,4.802309310796185
55,2024-11-30,0,2024-11-30,wk inc flu hosp,quantile,0.25,15.66116370463968
56,2024-11-30,0,2024-11-30,wk inc flu hosp,quantile,0.25,6.650635808404244
72,2024-11-30,0,2024-11-30,wk inc flu hosp,quantile,0.25,38.3953480096859
US,2024-11-30,0,2024-11-30,wk inc flu hosp,quantile,0.25,3691.7140310869986
01,2024-11-30,1,2024-12-07,wk inc flu hosp,quantile,0.25,54.181685899211736
02,2024-11-30,1,2024-12-07,wk inc flu hosp,quantile,0.25,4.6798645169899125
04,2024-11-30,1,2024-12-07,wk inc flu hosp,quantile,0.25,411.1733666766099
05,2024-11-30,1,2024-12-07,wk inc flu hosp,quantile,0.25,8.036530220245206
06,2024-11-30,1,2024-12-07,wk inc flu hosp,quantile,0.25,477.0471456572126
08,2024-11-30,1,2024-12-07,wk inc flu hosp,quantile,0.25,30.51985885836802
09,2024-11-30,1,2024-12-07,wk inc flu hosp,quantile,0.25,5.141705317891879
10,2024-11-30,1,2024-12-07,wk inc flu hosp,quantile,0.25,9.56369003517087
11,2024-11-30,1,2024-12-07,wk inc flu hosp,quantile,0.25,4.726830222639534
12,2024-11-30,1,2024-12-07,wk inc flu hosp,quantile,0.25,389.36163726087733
13,2024-11-30,1,2024-12-07,wk inc flu hosp,quantile,0.25,48.85492415620374
15,2024-11-30,1,2024-12-07,wk inc flu hosp,quantile,0.25,6.676324990547881
16,2024-11-30,1,2024-12-07,wk inc flu hosp,quantile,0.25,26.16008175509884
17,2024-11-30,1,2024-12-07,wk inc flu hosp,quantile,0.25,77.53106371471874
18,2024-11-30,1,2024-12-07,wk inc flu hosp,quantile,0.25,35.25382676814296
19,2024-11-30,1,2024-12-07,wk inc flu hosp,quantile,0.25,4.209229108555196
20,2024-11-30,1,2024-12-07,wk inc flu hosp,quantile,0.25,16.740698768216905
21,2024-11-30,1,2024-12-07,wk inc flu hosp,quantile,0.25,19.570391870840716
22,2024-11-30,1,2024-12-07,wk inc flu hosp,quantile,0.25,72.88379662373991
23,2024-11-30,1,2024-12-07,wk inc flu hosp,quantile,0.25,0.41729358812502015
24,2024-11-30,1,2024-12-07,wk inc flu hosp,quantile,0.25,21.46406155072171
25,2024-11-30,1,2024-12-07,wk inc flu hosp,quantile,0.25,45.05157380502558
26,2024-11-30,1,2024-12-07,wk inc flu hosp,quantile,0.25,60.35974038216673
27,2024-11-30,1,2024-12-07,wk inc flu hosp,quantile,0.25,12.712400293416525
28,2024-11-30,1,2024-12-07,wk inc flu hosp,quantile,0.25,17.005680124991837
29,2024-11-30,1,2024-12-07,wk inc flu hosp,quantile,0.25,42.42557327235132
30,2024-11-30,1,2024-12-07,wk inc flu hosp,quantile,0.25,0.9328962115610507
31,2024-11-30,1,2024-12-07,wk inc flu hosp,quantile,0.25,3.6432468896166914
32,2024-11-30,1,2024-12-07,wk inc flu hosp,quantile,0.25,43.33707516890149
33,2024-11-30,1,2024-12-07,wk inc flu hosp,quantile,0.25,9.714520443432798
34,2024-11-30,1,2024-12-07,wk inc flu hosp,quantile,0.25,9.046932740107799
35,2024-11-30,1,2024-12-07,wk inc flu hosp,quantile,0.25,24.055825085086635
36,2024-11-30,1,2024-12-07,wk inc flu hosp,quantile,0.25,107.05194390181728
37,2024-11-30,1,2024-12-07,wk inc flu hosp,quantile,0.25,31.303259119293898
38,2024-11-30,1,2024-12-07,wk inc flu hosp,quantile,0.25,2.2107727826857655
39,2024-11-30,1,2024-12-07,wk inc flu hosp,quantile,0.25,442.2062172210451
40,2024-11-30,1,2024-12-07,wk inc flu hosp,quantile,0.25,14.184369674018987
41,2024-11-30,1,2024-12-07,wk inc flu hosp,quantile,0.25,43.64064772734301
42,2024-11-30,1,2024-12-07,wk inc flu hosp,quantile,0.25,134.3426547536394
44,2024-11-30,1,2024-12-07,wk inc flu hosp,quantile,0.25,1.3379427999306792
45,2024-11-30,1,2024-12-07,wk inc flu hosp,quantile,0.25,14.579597925413607
46,2024-11-30,1,2024-12-07,wk inc flu hosp,quantile,0.25,0.325579078187974
47,2024-11-30,1,2024-12-07,wk inc flu hosp,quantile,0.25,48.06650364735085
48,2024-11-30,1,2024-12-07,wk inc flu hosp,quantile,0.25,290.40688849834004
49,2024-11-30,1,2024-12-07,wk inc flu hosp,quantile,0.25,20.125015951819417
50,2024-11-30,1,2024-12-07,wk inc flu hosp,quantile,0.25,0.16974618641326658
51,2024-11-30,1,2024-12-07,wk inc flu hosp,quantile,0.25,31.41436669595799
53,2024-11-30,1,2024-12-07,wk inc flu hosp,quantile,0.25,33.658052844661555
54,2024-11-30,1,2024-12-07,wk inc flu hosp,quantile,0.25,5.493540885781252
55,2024-11-30,1,2024-12-07,wk inc flu hosp,quantile,0.25,18.14128578037089
56,2024-11-30,1,2024-12-07,wk inc flu hosp,quantile,0.25,7.11142222994718
72,2024-11-30,1,2024-12-07,wk inc flu hosp,quantile,0.25,40.93661843904283
US,2024-11-30,1,2024-12-07,wk inc flu hosp,quantile,0.25,3905.056966841703
01,2024-11-30,2,2024-12-14,wk inc flu hosp,quantile,0.25,59.34952220085851
02,2024-11-30,2,2024-12-14,wk inc flu hosp,quantile,0.25,4.895282760403848
04,2024-11-30,2,2024-12-14,wk inc flu hosp,quantile,0.25,400.4990373950018
05,2024-11-30,2,2024-12-14,wk inc flu hosp,quantile,0.25,9.534045730550949
06,2024-11-30,2,2024-12-14,wk inc flu hosp,quantile,0.25,502.5247290342519
08,2024-11-30,2,2024-12-14,wk inc flu hosp,quantile,0.25,33.762162415046475
09,2024-11-30,2,2024-12-14,wk inc flu hosp,quantile,0.25,6.1904742991516875
10,2024-11-30,2,2024-12-14,wk inc flu hosp,quantile,0.25,9.827392987813411
11,2024-11-30,2,2024-12-14,wk inc flu hosp,quantile,0.25,5.051915470383636
12,2024-11-30,2,2024-12-14,wk inc flu hosp,quantile,0.25,408.70613900012245
13,2024-11-30,2,2024-12-14,wk inc flu hosp,quantile,0.25,54.8674638408882
15,2024-11-30,2,2024-12-14,wk inc flu hosp,quantile,0.25,7.111219385040889
16,2024-11-30,2,2024-12-14,wk inc flu hosp,quantile,0.25,27.8033282235299
17,2024-11-30,2,2024-12-14,wk inc flu hosp,quantile,0.25,84.28309482157647
18,2024-11-30,2,2024-12-14,wk inc flu hosp,quantile,0.25,39.65781521990974
19,2024-11-30,2,2024-12-14,wk inc flu hosp,quantile,0.25,5.447729628008164
20,2024-11-30,2,2024-12-14,wk inc flu hosp,quantile,0.25,18.830244804165332
21,2024-11-30,2,2024-12-14,wk inc flu hosp,quantile,0.25,21.974003812270006
22,2024-11-30,2,2024-12-14,wk inc flu hosp,quantile,0.25,75.57641404036319
23,2024-11-30,2,2024-12-14,wk inc flu hosp,quantile,0.25,0.7508795256028807
24,2024-11-30,2,2024-12-14,wk inc flu hosp,quantile,0.25,24.953012876830538
25,2024-11-30,2,2024-12-14,wk inc flu hosp,quantile,0.25,50.09304517740915
26,2024-11-30,2,2024-12-14,wk inc flu hosp,quantile,0.25,67.50963704270468
27,2024-11-30,2,2024-12-14,wk inc flu hosp,quantile,0.25,14.19766602646678
28,2024-11-30,2,2024-12-14,wk inc flu hosp,quantile,0.25,18.78718958331236
29,2024-11-30,2,2024-12-14,wk inc flu hosp,quantile,0.25,47.132252541168754
30,2024-11-30,2,2024-12-14,wk inc flu hosp,quantile,0.25,1.2252019801212024
31,2024-11-30,2,2024-12-14,wk inc flu hosp,quantile,0.25,4.319072224234381
32,2024-11-30,2,2024-12-14,wk inc flu hosp,quantile,0.25,46.13788372727112
33,2024-11-30,2,2024-12-14,wk inc flu hosp,quantile,0.25,10.180991122551063
34,2024-11-30,2,2024-12-14,wk inc flu hosp,quantile,0.25,12.007787438661323
35,2024-11-30,2,2024-12-14,wk inc flu hosp,quantile,0.25,26.228685764591365
36,2024-11-30,2,2024-12-14,wk inc flu hosp,quantile,0.25,120.01994846163853
37,2024-11-30,2,2024-12-14,wk inc flu hosp,quantile,0.25,34.11089072855096
38,2024-11-30,2,2024-12-14,wk inc flu hosp,quantile,0.25,2.524926198520348
39,2024-11-30,2,2024-12-14,wk inc flu hosp,quantile,0.25,373.99415819905556
40,2024-11-30,2,2024-12-14,wk inc flu hosp,quantile,0.25,16.49958092703232
41,2024-11-30,2,2024-12-14,wk inc flu hosp,quantile,0.25,47.20626054490568
42,2024-11-30,2,2024-12-14,wk inc flu hosp,quantile,0.25,142.0039935885318
44,2024-11-30,2,2024-12-14,wk inc flu hosp,quantile,0.25,1.6049350316574533
45,2024-11-30,2,2024-12-14,wk inc flu hosp,quantile,0.25,16.581244823360908
46,2024-11-30,2,2024-12-14,wk inc flu hosp,quantile,0.25,0.47066685226307353
47,2024-11-30,2,2024-12-14,wk inc flu hosp,quantile,0.25,52.2975921324444
48,2024-11-30,2,2024-12-14,wk inc flu hosp,quantile,0.25,319.37423777170966
49,2024-11-30,2,2024-12-14,wk inc flu hosp,quantile,0.25,21.661450419907307
50,2024-11-30,2,2024-12-14,wk inc flu hosp,quantile,0.25,0.3360058421726122
51,2024-11-30,2,2024-12-14,wk inc flu hosp,quantile,0.25,35.48215593466501
53,2024-11-30,2,2024-12-14,wk inc flu hosp,quantile,0.25,37.93740074353732
54,2024-11-30,2,2024-12-14,wk inc flu hosp,quantile,0.25,6.420751980756488
55,2024-11-30,2,2024-12-14,wk inc flu hosp,quantile,0.25,21.138660678111354
56,2024-11-30,2,2024-12-14,wk inc flu hosp,quantile,0.25,7.5503592055481095
72,2024-11-30,2,2024-12-14,wk inc flu hosp,quantile,0.25,43.36937319172392
US,2024-11-30,2,2024-12-14,wk inc flu hosp,quantile,0.25,4135.635880138428
01,2024-11-30,3,2024-12-21,wk inc flu hosp,quantile,0.25,60.26457913996183
02,2024-11-30,3,2024-12-21,wk inc flu hosp,quantile,0.25,5.015277841487844
04,2024-11-30,3,2024-12-21,wk inc flu hosp,quantile,0.25,370.315035413915
05,2024-11-30,3,2024-12-21,wk inc flu hosp,quantile,0.25,10.161275386291033
06,2024-11-30,3,2024-12-21,wk inc flu hosp,quantile,0.25,505.2725473351043
08,2024-11-30,3,2024-12-21,wk inc flu hosp,quantile,0.25,35.045145767640115
09,2024-11-30,3,2024-12-21,wk inc flu hosp,quantile,0.25,6.788783184790341
10,2024-11-30,3,2024-12-21,wk inc flu hosp,quantile,0.25,9.84806001967638
11,2024-11-30,3,2024-12-21,wk inc flu hosp,quantile,0.25,5.216598384735671
12,2024-11-30,3,2024-12-21,wk inc flu hosp,quantile,0.25,410.5564796708966
13,2024-11-30,3,2024-12-21,wk inc flu hosp,quantile,0.25,56.68050759079572
15,2024-11-30,3,2024-12-21,wk inc flu hosp,quantile,0.25,7.426444274152877
16,2024-11-30,3,2024-12-21,wk inc flu hosp,quantile,0.25,27.805457210360327
17,2024-11-30,3,2024-12-21,wk inc flu hosp,quantile,0.25,87.05305380920163
18,2024-11-30,3,2024-12-21,wk inc flu hosp,quantile,0.25,41.095262717988554
19,2024-11-30,3,2024-12-21,wk inc flu hosp,quantile,0.25,5.680480657481671
20,2024-11-30,3,2024-12-21,wk inc flu hosp,quantile,0.25,19.194730858065252
21,2024-11-30,3,2024-12-21,wk inc flu hosp,quantile,0.25,22.822690325027132
22,2024-11-30,3,2024-12-21,wk inc flu hosp,quantile,0.25,74.66338220662546
23,2024-11-30,3,2024-12-21,wk inc flu hosp,quantile,0.25,0.9330987433104925
24,2024-11-30,3,2024-12-21,wk inc flu hosp,quantile,0.25,26.094355323461826
25,2024-11-30,3,2024-12-21,wk inc flu hosp,quantile,0.25,51.32903716201134
26,2024-11-30,3,2024-12-21,wk inc flu hosp,quantile,0.25,69.81298351943275
27,2024-11-30,3,2024-12-21,wk inc flu hosp,quantile,0.25,14.71940744949617
28,2024-11-30,3,2024-12-21,wk inc flu hosp,quantile,0.25,19.63897014062067
29,2024-11-30,3,2024-12-21,wk inc flu hosp,quantile,0.25,48.09261773479826
30,2024-11-30,3,2024-12-21,wk inc flu hosp,quantile,0.25,1.2593771172174462
31,2024-11-30,3,2024-12-21,wk inc flu hosp,quantile,0.25,4.5380288614440065
32,2024-11-30,3,2024-12-21,wk inc flu hosp,quantile,0.25,46.764392277978764
33,2024-11-30,3,2024-12-21,wk inc flu hosp,quantile,0.25,10.26819358788656
34,2024-11-30,3,2024-12-21,wk inc flu hosp,quantile,0.25,12.65490791533059
35,2024-11-30,3,2024-12-21,wk inc flu hosp,quantile,0.25,27.23251352881503
36,2024-11-30,3,2024-12-21,wk inc flu hosp,quantile,0.25,122.43947030667475
37,2024-11-30,3,2024-12-21,wk inc flu hosp,quantile,0.25,35.0127448635622
38,2024-11-30,3,2024-12-21,wk inc flu hosp,quantile,0.25,2.6072614230807147
39,2024-11-30,3,2024-12-21,wk inc flu hosp,quantile,0.25,312.83361416459394
40,2024-11-30,3,2024-12-21,wk inc flu hosp,quantile,0.25,17.304996205031852
41,2024-11-30,3,2024-12-21,wk inc flu hosp,quantile,0.25,47.252404707210374
42,2024-11-30,3,2024-12-21,wk inc flu hosp,quantile,0.25,145.96722613079535
44,2024-11-30,3,2024-12-21,wk inc flu hosp,quantile,0.25,1.6549401313370076
45,2024-11-30,3,2024-12-21,wk inc flu hosp,quantile,0.25,17.413530252695676
46,2024-11-30,3,2024-12-21,wk inc flu hosp,quantile,0.25,0.6053114482909825
47,2024-11-30,3,2024-12-21,wk inc flu hosp,quantile,0.25,52.85136910319467
48,2024-11-30,3,2024-12-21,wk inc flu hosp,quantile,0.25,321.9118358643222
49,2024-11-30,3,2024-12-21,wk inc flu hosp,quantile,0.25,21.390884072194314
50,2024-11-30,3,2024-12-21,wk inc flu hosp,quantile,0.25,0.3996097670004983
51,2024-11-30,3,2024-12-21,wk inc flu hosp,quantile,0.25,36.68525306738912
53,2024-11-30,3,2024-12-21,wk inc flu hosp,quantile,0.25,38.711689271472416
54,2024-11-30,3,2024-12-21,wk inc flu hosp,quantile,0.25,6.744357181069097
55,2024-11-30,3,2024-12-21,wk inc flu hosp,quantile,0.25,21.874158458673847
56,2024-11-30,3,2024-12-21,wk inc flu hosp,quantile,0.25,7.6725748260930855
72,2024-11-30,3,2024-12-21,wk inc flu hosp,quantile,0.25,43.96671400844426
US,2024-11-30,3,2024-12-21,wk inc flu hosp,quantile,0.25,4188.459313158453
01,2024-11-30,0,2024-11-30,wk inc flu hosp,quantile,0.3,51.32266982927519
02,2024-11-30,0,2024-11-30,wk inc flu hosp,quantile,0.3,4.787322223897566
04,2024-11-30,0,2024-11-30,wk inc flu hosp,quantile,0.3,447.3595763294069
05,2024-11-30,0,2024-11-30,wk inc flu hosp,quantile,0.3,7.781347512449089
06,2024-11-30,0,2024-11-30,wk inc flu hosp,quantile,0.3,462.82435740600994
08,2024-11-30,0,2024-11-30,wk inc flu hosp,quantile,0.3,29.415802261940073
09,2024-11-30,0,2024-11-30,wk inc flu hosp,quantile,0.3,4.683623282920125
10,2024-11-30,0,2024-11-30,wk inc flu hosp,quantile,0.3,9.610286211339684
11,2024-11-30,0,2024-11-30,wk inc flu hosp,quantile,0.3,4.84359789040693
12,2024-11-30,0,2024-11-30,wk inc flu hosp,quantile,0.3,383.4268087398429
13,2024-11-30,0,2024-11-30,wk inc flu hosp,quantile,0.3,46.686502106331346
15,2024-11-30,0,2024-11-30,wk inc flu hosp,quantile,0.3,6.7568366551511465
16,2024-11-30,0,2024-11-30,wk inc flu hosp,quantile,0.3,25.06411625584279
17,2024-11-30,0,2024-11-30,wk inc flu hosp,quantile,0.3,73.69273137908283
18,2024-11-30,0,2024-11-30,wk inc flu hosp,quantile,0.3,33.34684359060124
19,2024-11-30,0,2024-11-30,wk inc flu hosp,quantile,0.3,3.630909592868014
20,2024-11-30,0,2024-11-30,wk inc flu hosp,quantile,0.3,15.745405865608383
21,2024-11-30,0,2024-11-30,wk inc flu hosp,quantile,0.3,18.160693580120444
22,2024-11-30,0,2024-11-30,wk inc flu hosp,quantile,0.3,73.45580027784692
23,2024-11-30,0,2024-11-30,wk inc flu hosp,quantile,0.3,0.19927869125846281
24,2024-11-30,0,2024-11-30,wk inc flu hosp,quantile,0.3,19.158622846808182
25,2024-11-30,0,2024-11-30,wk inc flu hosp,quantile,0.3,42.5027368404595
26,2024-11-30,0,2024-11-30,wk inc flu hosp,quantile,0.3,57.416887840299204
27,2024-11-30,0,2024-11-30,wk inc flu hosp,quantile,0.3,12.817057168814431
28,2024-11-30,0,2024-11-30,wk inc flu hosp,quantile,0.3,16.77990789267546
29,2024-11-30,0,2024-11-30,wk inc flu hosp,quantile,0.3,39.732480749771774
30,2024-11-30,0,2024-11-30,wk inc flu hosp,quantile,0.3,0.913462726571899
31,2024-11-30,0,2024-11-30,wk inc flu hosp,quantile,0.3,3.465305551465284
32,2024-11-30,0,2024-11-30,wk inc flu hosp,quantile,0.3,42.349635253839885
33,2024-11-30,0,2024-11-30,wk inc flu hosp,quantile,0.3,9.968136680413243
34,2024-11-30,0,2024-11-30,wk inc flu hosp,quantile,0.3,8.816101102423069
35,2024-11-30,0,2024-11-30,wk inc flu hosp,quantile,0.3,22.754038590816645
36,2024-11-30,0,2024-11-30,wk inc flu hosp,quantile,0.3,98.4252595431646
37,2024-11-30,0,2024-11-30,wk inc flu hosp,quantile,0.3,31.144729345640698
38,2024-11-30,0,2024-11-30,wk inc flu hosp,quantile,0.3,2.1665967328862585
39,2024-11-30,0,2024-11-30,wk inc flu hosp,quantile,0.3,502.5168591062773
40,2024-11-30,0,2024-11-30,wk inc flu hosp,quantile,0.3,12.846335403474143
41,2024-11-30,0,2024-11-30,wk inc flu hosp,quantile,0.3,41.981545888076106
42,2024-11-30,0,2024-11-30,wk inc flu hosp,quantile,0.3,129.94515256872768
44,2024-11-30,0,2024-11-30,wk inc flu hosp,quantile,0.3,1.3987950598574346
45,2024-11-30,0,2024-11-30,wk inc flu hosp,quantile,0.3,13.63653506024715
46,2024-11-30,0,2024-11-30,wk inc flu hosp,quantile,0.3,0.3475174467895269
47,2024-11-30,0,2024-11-30,wk inc flu hosp,quantile,0.3,48.73245427062147
48,2024-11-30,0,2024-11-30,wk inc flu hosp,quantile,0.3,271.12632570230494
49,2024-11-30,0,2024-11-30,wk inc flu hosp,quantile,0.3,19.0688118102772
50,2024-11-30,0,2024-11-30,wk inc flu hosp,quantile,0.3,0.1363176422898077
51,2024-11-30,0,2024-11-30,wk inc flu hosp,quantile,0.3,29.048854334157156
53,2024-11-30,0,2024-11-30,wk inc flu hosp,quantile,0.3,31.054441921611396
54,2024-11-30,0,2024-11-30,wk inc flu hosp,quantile,0.3,5.147486833461869
55,2024-11-30,0,2024-11-30,wk inc flu hosp,quantile,0.3,17.1978911458827
56,2024-11-30,0,2024-11-30,wk inc flu hosp,quantile,0.3,7.275068804480116
72,2024-11-30,0,2024-11-30,wk inc flu hosp,quantile,0.3,40.59100424333741
US,2024-11-30,0,2024-11-30,wk inc flu hosp,quantile,0.3,3719.2918721858973
01,2024-11-30,1,2024-12-07,wk inc flu hosp,quantile,0.3,57.72081740819118
02,2024-11-30,1,2024-12-07,wk inc flu hosp,quantile,0.3,5.120695620018153
04,2024-11-30,1,2024-12-07,wk inc flu hosp,quantile,0.3,440.0532364647283
05,2024-11-30,1,2024-12-07,wk inc flu hosp,quantile,0.3,9.347925457924111
06,2024-11-30,1,2024-12-07,wk inc flu hosp,quantile,0.3,498.253542071371
08,2024-11-30,1,2024-12-07,wk inc flu hosp,quantile,0.3,33.162157057542515
09,2024-11-30,1,2024-12-07,wk inc flu hosp,quantile,0.3,5.791463505879599
10,2024-11-30,1,2024-12-07,wk inc flu hosp,quantile,0.3,10.456293452807383
11,2024-11-30,1,2024-12-07,wk inc flu hosp,quantile,0.3,5.4472528262140365
12,2024-11-30,1,2024-12-07,wk inc flu hosp,quantile,0.3,408.0565763318985
13,2024-11-30,1,2024-12-07,wk inc flu hosp,quantile,0.3,54.3732822843513
15,2024-11-30,1,2024-12-07,wk inc flu hosp,quantile,0.3,7.403629343814562
16,2024-11-30,1,2024-12-07,wk inc flu hosp,quantile,0.3,27.452698436175062
17,2024-11-30,1,2024-12-07,wk inc flu hosp,quantile,0.3,84.78438778926746
18,2024-11-30,1,2024-12-07,wk inc flu hosp,quantile,0.3,39.00775587913788
19,2024-11-30,1,2024-12-07,wk inc flu hosp,quantile,0.3,4.709587981236998
20,2024-11-30,1,2024-12-07,wk inc flu hosp,quantile,0.3,18.658767082847724
21,2024-11-30,1,2024-12-07,wk inc flu hosp,quantile,0.3,21.48179442518112
22,2024-11-30,1,2024-12-07,wk inc flu hosp,quantile,0.3,78.27195702868018
23,2024-11-30,1,2024-12-07,wk inc flu hosp,quantile,0.3,0.5804178357059177
24,2024-11-30,1,2024-12-07,wk inc flu hosp,quantile,0.3,23.32850357287951
25,2024-11-30,1,2024-12-07,wk inc flu hosp,quantile,0.3,48.428563293488715
26,2024-11-30,1,2024-12-07,wk inc flu hosp,quantile,0.3,66.99513628397284
27,2024-11-30,1,2024-12-07,wk inc flu hosp,quantile,0.3,14.801613821373907
28,2024-11-30,1,2024-12-07,wk inc flu hosp,quantile,0.3,19.218753403921124
29,2024-11-30,1,2024-12-07,wk inc flu hosp,quantile,0.3,46.55651543677532
30,2024-11-30,1,2024-12-07,wk inc flu hosp,quantile,0.3,1.3180155428252405
31,2024-11-30,1,2024-12-07,wk inc flu hosp,quantile,0.3,4.366610499305466
32,2024-11-30,1,2024-12-07,wk inc flu hosp,quantile,0.3,46.400433266458094
33,2024-11-30,1,2024-12-07,wk inc flu hosp,quantile,0.3,10.74748173683191
34,2024-11-30,1,2024-12-07,wk inc flu hosp,quantile,0.3,12.127682835188187
35,2024-11-30,1,2024-12-07,wk inc flu hosp,quantile,0.3,25.8717681027738
36,2024-11-30,1,2024-12-07,wk inc flu hosp,quantile,0.3,115.14989568746475
37,2024-11-30,1,2024-12-07,wk inc flu hosp,quantile,0.3,34.65872531140158
38,2024-11-30,1,2024-12-07,wk inc flu hosp,quantile,0.3,2.5701931452405917
39,2024-11-30,1,2024-12-07,wk inc flu hosp,quantile,0.3,462.68568969578854
40,2024-11-30,1,2024-12-07,wk inc flu hosp,quantile,0.3,15.90291014136312
41,2024-11-30,1,2024-12-07,wk inc flu hosp,quantile,0.3,47.18842982356097
42,2024-11-30,1,2024-12-07,wk inc flu hosp,quantile,0.3,143.5715779412131
44,2024-11-30,1,2024-12-07,wk inc flu hosp,quantile,0.3,1.6525064757269687
45,2024-11-30,1,2024-12-07,wk inc flu hosp,quantile,0.3,15.483597622312892
46,2024-11-30,1,2024-12-07,wk inc flu hosp,quantile,0.3,0.568431973666187
47,2024-11-30,1,2024-12-07,wk inc flu hosp,quantile,0.3,54.24257359126557
48,2024-11-30,1,2024-12-07,wk inc flu hosp,quantile,0.3,306.12134670754267
49,2024-11-30,1,2024-12-07,wk inc flu hosp,quantile,0.3,20.906180568094463
50,2024-11-30,1,2024-12-07,wk inc flu hosp,quantile,0.3,0.3069347131736429
51,2024-11-30,1,2024-12-07,wk inc flu hosp,quantile,0.3,34.00834340743665
53,2024-11-30,1,2024-12-07,wk inc flu hosp,quantile,0.3,36.805241372373466
54,2024-11-30,1,2024-12-07,wk inc flu hosp,quantile,0.3,6.200028996174017
55,2024-11-30,1,2024-12-07,wk inc flu hosp,quantile,0.3,20.4547277139143
56,2024-11-30,1,2024-12-07,wk inc flu hosp,quantile,0.3,7.925805023180533
72,2024-11-30,1,2024-12-07,wk inc flu hosp,quantile,0.3,44.024279441238875
US,2024-11-30,1,2024-12-07,wk inc flu hosp,quantile,0.3,4040.183642802763
01,2024-11-30,2,2024-12-14,wk inc flu hosp,quantile,0.3,63.153421218150186
02,2024-11-30,2,2024-12-14,wk inc flu hosp,quantile,0.3,5.624866587793529
04,2024-11-30,2,2024-12-14,wk inc flu hosp,quantile,0.3,423.6498770586771
05,2024-11-30,2,2024-12-14,wk inc flu hosp,quantile,0.3,11.296929673616258
06,2024-11-30,2,2024-12-14,wk inc flu hosp,quantile,0.3,533.3025130751552
08,2024-11-30,2,2024-12-14,wk inc flu hosp,quantile,0.3,37.8801700093422
09,2024-11-30,2,2024-12-14,wk inc flu hosp,quantile,0.3,7.651071751804431
10,2024-11-30,2,2024-12-14,wk inc flu hosp,quantile,0.3,11.358340139131014
11,2024-11-30,2,2024-12-14,wk inc flu hosp,quantile,0.3,6.280542133459954
12,2024-11-30,2,2024-12-14,wk inc flu hosp,quantile,0.3,439.0160865388802
13,2024-11-30,2,2024-12-14,wk inc flu hosp,quantile,0.3,62.67206172186571
15,2024-11-30,2,2024-12-14,wk inc flu hosp,quantile,0.3,7.903914793390155
16,2024-11-30,2,2024-12-14,wk inc flu hosp,quantile,0.3,30.28434281866571
17,2024-11-30,2,2024-12-14,wk inc flu hosp,quantile,0.3,96.97521884993978
18,2024-11-30,2,2024-12-14,wk inc flu hosp,quantile,0.3,45.6195379624688
19,2024-11-30,2,2024-12-14,wk inc flu hosp,quantile,0.3,6.346009048624495
20,2024-11-30,2,2024-12-14,wk inc flu hosp,quantile,0.3,21.29668097332788
21,2024-11-30,2,2024-12-14,wk inc flu hosp,quantile,0.3,25.216198319490534
22,2024-11-30,2,2024-12-14,wk inc flu hosp,quantile,0.3,84.0961674625668
23,2024-11-30,2,2024-12-14,wk inc flu hosp,quantile,0.3,1.1592579568042856
24,2024-11-30,2,2024-12-14,wk inc flu hosp,quantile,0.3,27.929407863798556
25,2024-11-30,2,2024-12-14,wk inc flu hosp,quantile,0.3,56.5251509857183
26,2024-11-30,2,2024-12-14,wk inc flu hosp,quantile,0.3,78.42982817537477
27,2024-11-30,2,2024-12-14,wk inc flu hosp,quantile,0.3,17.382839289218534
28,2024-11-30,2,2024-12-14,wk inc flu hosp,quantile,0.3,22.460425515819225
29,2024-11-30,2,2024-12-14,wk inc flu hosp,quantile,0.3,53.493731738686876
30,2024-11-30,2,2024-12-14,wk inc flu hosp,quantile,0.3,1.8361872613480554
31,2024-11-30,2,2024-12-14,wk inc flu hosp,quantile,0.3,5.511031429035844
32,2024-11-30,2,2024-12-14,wk inc flu hosp,quantile,0.3,49.78406211961367
33,2024-11-30,2,2024-12-14,wk inc flu hosp,quantile,0.3,11.67329040675636
34,2024-11-30,2,2024-12-14,wk inc flu hosp,quantile,0.3,16.72860237123702
35,2024-11-30,2,2024-12-14,wk inc flu hosp,quantile,0.3,29.301313787102075
36,2024-11-30,2,2024-12-14,wk inc flu hosp,quantile,0.3,134.96074979244543
37,2024-11-30,2,2024-12-14,wk inc flu hosp,quantile,0.3,39.98004157711417
38,2024-11-30,2,2024-12-14,wk inc flu hosp,quantile,0.3,3.0565583259907734
39,2024-11-30,2,2024-12-14,wk inc flu hosp,quantile,0.3,377.7452284904319
40,2024-11-30,2,2024-12-14,wk inc flu hosp,quantile,0.3,19.41918479270423
41,2024-11-30,2,2024-12-14,wk inc flu hosp,quantile,0.3,51.98696296408621
42,2024-11-30,2,2024-12-14,wk inc flu hosp,quantile,0.3,158.0718793700068
44,2024-11-30,2,2024-12-14,wk inc flu hosp,quantile,0.3,2.1205813467834327
45,2024-11-30,2,2024-12-14,wk inc flu hosp,quantile,0.3,18.629938002194045
46,2024-11-30,2,2024-12-14,wk inc flu hosp,quantile,0.3,0.8351699078642213
47,2024-11-30,2,2024-12-14,wk inc flu hosp,quantile,0.3,60.860428259396684
48,2024-11-30,2,2024-12-14,wk inc flu hosp,quantile,0.3,342.37045987744136
49,2024-11-30,2,2024-12-14,wk inc flu hosp,quantile,0.3,22.362088928574984
50,2024-11-30,2,2024-12-14,wk inc flu hosp,quantile,0.3,0.5581576580313461
51,2024-11-30,2,2024-12-14,wk inc flu hosp,quantile,0.3,39.64355776788829
53,2024-11-30,2,2024-12-14,wk inc flu hosp,quantile,0.3,43.66072981614014
54,2024-11-30,2,2024-12-14,wk inc flu hosp,quantile,0.3,7.59768594173262
55,2024-11-30,2,2024-12-14,wk inc flu hosp,quantile,0.3,24.77733259579096
56,2024-11-30,2,2024-12-14,wk inc flu hosp,quantile,0.3,8.755610035089685
72,2024-11-30,2,2024-12-14,wk inc flu hosp,quantile,0.3,47.83799939367433
US,2024-11-30,2,2024-12-14,wk inc flu hosp,quantile,0.3,4334.706952110722
01,2024-11-30,3,2024-12-21,wk inc flu hosp,quantile,0.3,65.37390992943462
02,2024-11-30,3,2024-12-21,wk inc flu hosp,quantile,0.3,5.81306037077932
04,2024-11-30,3,2024-12-21,wk inc flu hosp,quantile,0.3,400.40008431777767
05,2024-11-30,3,2024-12-21,wk inc flu hosp,quantile,0.3,12.31162349696663
06,2024-11-30,3,2024-12-21,wk inc flu hosp,quantile,0.3,541.4423118894272
08,2024-11-30,3,2024-12-21,wk inc flu hosp,quantile,0.3,40.06336046552617
09,2024-11-30,3,2024-12-21,wk inc flu hosp,quantile,0.3,8.338846383585844
10,2024-11-30,3,2024-12-21,wk inc flu hosp,quantile,0.3,11.595639082399787
11,2024-11-30,3,2024-12-21,wk inc flu hosp,quantile,0.3,6.470035424062173
12,2024-11-30,3,2024-12-21,wk inc flu hosp,quantile,0.3,445.4569989281661
13,2024-11-30,3,2024-12-21,wk inc flu hosp,quantile,0.3,65.59618090883572
15,2024-11-30,3,2024-12-21,wk inc flu hosp,quantile,0.3,8.141648676478239
16,2024-11-30,3,2024-12-21,wk inc flu hosp,quantile,0.3,30.718504621132393
17,2024-11-30,3,2024-12-21,wk inc flu hosp,quantile,0.3,102.17311069298334
18,2024-11-30,3,2024-12-21,wk inc flu hosp,quantile,0.3,49.208637817149715
19,2024-11-30,3,2024-12-21,wk inc flu hosp,quantile,0.3,7.169825647253302
20,2024-11-30,3,2024-12-21,wk inc flu hosp,quantile,0.3,22.359108253405882
21,2024-11-30,3,2024-12-21,wk inc flu hosp,quantile,0.3,27.07244976683489
22,2024-11-30,3,2024-12-21,wk inc flu hosp,quantile,0.3,84.14414585307486
23,2024-11-30,3,2024-12-21,wk inc flu hosp,quantile,0.3,1.4562114119648815
24,2024-11-30,3,2024-12-21,wk inc flu hosp,quantile,0.3,30.076095065690648
25,2024-11-30,3,2024-12-21,wk inc flu hosp,quantile,0.3,59.262569234624884
26,2024-11-30,3,2024-12-21,wk inc flu hosp,quantile,0.3,81.02012586167788
27,2024-11-30,3,2024-12-21,wk inc flu hosp,quantile,0.3,18.30048046041101
28,2024-11-30,3,2024-12-21,wk inc flu hosp,quantile,0.3,23.495961681797606
29,2024-11-30,3,2024-12-21,wk inc flu hosp,quantile,0.3,56.11587670081338
30,2024-11-30,3,2024-12-21,wk inc flu hosp,quantile,0.3,2.1401089377045097
31,2024-11-30,3,2024-12-21,wk inc flu hosp,quantile,0.3,5.8890680135196
32,2024-11-30,3,2024-12-21,wk inc flu hosp,quantile,0.3,50.584335422296775
33,2024-11-30,3,2024-12-21,wk inc flu hosp,quantile,0.3,11.861069748729419
34,2024-11-30,3,2024-12-21,wk inc flu hosp,quantile,0.3,17.898066366478737
35,2024-11-30,3,2024-12-21,wk inc flu hosp,quantile,0.3,30.520121742807465
36,2024-11-30,3,2024-12-21,wk inc flu hosp,quantile,0.3,142.14604964625386
37,2024-11-30,3,2024-12-21,wk inc flu hosp,quantile,0.3,41.67005389624252
38,2024-11-30,3,2024-12-21,wk inc flu hosp,quantile,0.3,3.3067342567696225
39,2024-11-30,3,2024-12-21,wk inc flu hosp,quantile,0.3,314.79810529213455
40,2024-11-30,3,2024-12-21,wk inc flu hosp,quantile,0.3,21.044943428291116
41,2024-11-30,3,2024-12-21,wk inc flu hosp,quantile,0.3,53.324946609504295
42,2024-11-30,3,2024-12-21,wk inc flu hosp,quantile,0.3,161.8021435574176
44,2024-11-30,3,2024-12-21,wk inc flu hosp,quantile,0.3,2.297509713473302
45,2024-11-30,3,2024-12-21,wk inc flu hosp,quantile,0.3,20.20214409431322
46,2024-11-30,3,2024-12-21,wk inc flu hosp,quantile,0.3,0.9868986008499642
47,2024-11-30,3,2024-12-21,wk inc flu hosp,quantile,0.3,62.65652817074493
48,2024-11-30,3,2024-12-21,wk inc flu hosp,quantile,0.3,353.02799980583353
49,2024-11-30,3,2024-12-21,wk inc flu hosp,quantile,0.3,22.729399935922384
50,2024-11-30,3,2024-12-21,wk inc flu hosp,quantile,0.3,0.660096927040785
51,2024-11-30,3,2024-12-21,wk inc flu hosp,quantile,0.3,42.486420031185865
53,2024-11-30,3,2024-12-21,wk inc flu hosp,quantile,0.3,45.052292653491556
54,2024-11-30,3,2024-12-21,wk inc flu hosp,quantile,0.3,8.048891404874837
55,2024-11-30,3,2024-12-21,wk inc flu hosp,quantile,0.3,26.650926446469185
56,2024-11-30,3,2024-12-21,wk inc flu hosp,quantile,0.3,9.023817062825836
72,2024-11-30,3,2024-12-21,wk inc flu hosp,quantile,0.3,48.65782852781777
US,2024-11-30,3,2024-12-21,wk inc flu hosp,quantile,0.3,4482.886154080139
01,2024-11-30,0,2024-11-30,wk inc flu hosp,quantile,0.35,53.224771667871046
02,2024-11-30,0,2024-11-30,wk inc flu hosp,quantile,0.35,5.106927315599986
04,2024-11-30,0,2024-11-30,wk inc flu hosp,quantile,0.35,466.43638479435026
05,2024-11-30,0,2024-11-30,wk inc flu hosp,quantile,0.35,8.350352651081696
06,2024-11-30,0,2024-11-30,wk inc flu hosp,quantile,0.35,471.8908618182974
08,2024-11-30,0,2024-11-30,wk inc flu hosp,quantile,0.35,30.47094191166153
09,2024-11-30,0,2024-11-30,wk inc flu hosp,quantile,0.35,5.128233412640604
10,2024-11-30,0,2024-11-30,wk inc flu hosp,quantile,0.35,9.98149947598418
11,2024-11-30,0,2024-11-30,wk inc flu hosp,quantile,0.35,5.039072654865851
12,2024-11-30,0,2024-11-30,wk inc flu hosp,quantile,0.35,396.7391780881114
13,2024-11-30,0,2024-11-30,wk inc flu hosp,quantile,0.35,48.68079678933358
15,2024-11-30,0,2024-11-30,wk inc flu hosp,quantile,0.35,7.334064323749382
16,2024-11-30,0,2024-11-30,wk inc flu hosp,quantile,0.35,25.925396945902015
17,2024-11-30,0,2024-11-30,wk inc flu hosp,quantile,0.35,77.78836961905
18,2024-11-30,0,2024-11-30,wk inc flu hosp,quantile,0.35,34.64128833453678
19,2024-11-30,0,2024-11-30,wk inc flu hosp,quantile,0.35,3.8983378888866786
20,2024-11-30,0,2024-11-30,wk inc flu hosp,quantile,0.35,16.795583394538195
21,2024-11-30,0,2024-11-30,wk inc flu hosp,quantile,0.35,19.005894318739784
22,2024-11-30,0,2024-11-30,wk inc flu hosp,quantile,0.35,76.46106173724557
23,2024-11-30,0,2024-11-30,wk inc flu hosp,quantile,0.35,0.3728462104674858
24,2024-11-30,0,2024-11-30,wk inc flu hosp,quantile,0.35,20.097171338497514
25,2024-11-30,0,2024-11-30,wk inc flu hosp,quantile,0.35,45.17167826803727
26,2024-11-30,0,2024-11-30,wk inc flu hosp,quantile,0.35,61.07537508750612
27,2024-11-30,0,2024-11-30,wk inc flu hosp,quantile,0.35,14.75652126618752
28,2024-11-30,0,2024-11-30,wk inc flu hosp,quantile,0.35,18.02132759118278
29,2024-11-30,0,2024-11-30,wk inc flu hosp,quantile,0.35,41.95875934092018
30,2024-11-30,0,2024-11-30,wk inc flu hosp,quantile,0.35,1.0119661475510255
31,2024-11-30,0,2024-11-30,wk inc flu hosp,quantile,0.35,3.734845673583597
32,2024-11-30,0,2024-11-30,wk inc flu hosp,quantile,0.35,43.437327437202235
33,2024-11-30,0,2024-11-30,wk inc flu hosp,quantile,0.35,10.881992538222582
34,2024-11-30,0,2024-11-30,wk inc flu hosp,quantile,0.35,10.379913304323173
35,2024-11-30,0,2024-11-30,wk inc flu hosp,quantile,0.35,23.847128068913282
36,2024-11-30,0,2024-11-30,wk inc flu hosp,quantile,0.35,102.90805113897508
37,2024-11-30,0,2024-11-30,wk inc flu hosp,quantile,0.35,31.928978731634878
38,2024-11-30,0,2024-11-30,wk inc flu hosp,quantile,0.35,2.270518020579749
39,2024-11-30,0,2024-11-30,wk inc flu hosp,quantile,0.35,512.1111119086706
40,2024-11-30,0,2024-11-30,wk inc flu hosp,quantile,0.35,13.848403609156811
41,2024-11-30,0,2024-11-30,wk inc flu hosp,quantile,0.35,44.063382704355995
42,2024-11-30,0,2024-11-30,wk inc flu hosp,quantile,0.35,135.68718478273814
44,2024-11-30,0,2024-11-30,wk inc flu hosp,quantile,0.35,1.5651834178591053
45,2024-11-30,0,2024-11-30,wk inc flu hosp,quantile,0.35,14.04960878900451
46,2024-11-30,0,2024-11-30,wk inc flu hosp,quantile,0.35,0.5533158413787014
47,2024-11-30,0,2024-11-30,wk inc flu hosp,quantile,0.35,52.325917310581886
48,2024-11-30,0,2024-11-30,wk inc flu hosp,quantile,0.35,282.8421847360346
49,2024-11-30,0,2024-11-30,wk inc flu hosp,quantile,0.35,19.647746662140467
50,2024-11-30,0,2024-11-30,wk inc flu hosp,quantile,0.35,0.2655784406604759
51,2024-11-30,0,2024-11-30,wk inc flu hosp,quantile,0.35,30.553294917595025
53,2024-11-30,0,2024-11-30,wk inc flu hosp,quantile,0.35,31.607498013238985
54,2024-11-30,0,2024-11-30,wk inc flu hosp,quantile,0.35,5.708867873301409
55,2024-11-30,0,2024-11-30,wk inc flu hosp,quantile,0.35,17.811945872291037
56,2024-11-30,0,2024-11-30,wk inc flu hosp,quantile,0.35,7.529445830729373
72,2024-11-30,0,2024-11-30,wk inc flu hosp,quantile,0.35,41.31325397006965
US,2024-11-30,0,2024-11-30,wk inc flu hosp,quantile,0.35,3791.7495545186084
01,2024-11-30,1,2024-12-07,wk inc flu hosp,quantile,0.35,60.31555698943394
02,2024-11-30,1,2024-12-07,wk inc flu hosp,quantile,0.35,5.55336727317567
04,2024-11-30,1,2024-12-07,wk inc flu hosp,quantile,0.35,458.29270010451955
05,2024-11-30,1,2024-12-07,wk inc flu hosp,quantile,0.35,10.18882241849547
06,2024-11-30,1,2024-12-07,wk inc flu hosp,quantile,0.35,517.9618785575854
08,2024-11-30,1,2024-12-07,wk inc flu hosp,quantile,0.35,34.959479745237886
09,2024-11-30,1,2024-12-07,wk inc flu hosp,quantile,0.35,6.608039188821379
10,2024-11-30,1,2024-12-07,wk inc flu hosp,quantile,0.35,11.134376183390783
11,2024-11-30,1,2024-12-07,wk inc flu hosp,quantile,0.35,5.6591736717157035
12,2024-11-30,1,2024-12-07,wk inc flu hosp,quantile,0.35,427.41289239489817
13,2024-11-30,1,2024-12-07,wk inc flu hosp,quantile,0.35,57.57921139959539
15,2024-11-30,1,2024-12-07,wk inc flu hosp,quantile,0.35,8.09112091114097
16,2024-11-30,1,2024-12-07,wk inc flu hosp,quantile,0.35,28.773154793432703
17,2024-11-30,1,2024-12-07,wk inc flu hosp,quantile,0.35,89.12628012320371
18,2024-11-30,1,2024-12-07,wk inc flu hosp,quantile,0.35,41.023113974587226
19,2024-11-30,1,2024-12-07,wk inc flu hosp,quantile,0.35,5.243498099358402
20,2024-11-30,1,2024-12-07,wk inc flu hosp,quantile,0.35,19.583134851323283
21,2024-11-30,1,2024-12-07,wk inc flu hosp,quantile,0.35,22.593747780262078
22,2024-11-30,1,2024-12-07,wk inc flu hosp,quantile,0.35,82.06559569549961
23,2024-11-30,1,2024-12-07,wk inc flu hosp,quantile,0.35,0.8156020334424505
24,2024-11-30,1,2024-12-07,wk inc flu hosp,quantile,0.35,24.31475360291054
25,2024-11-30,1,2024-12-07,wk inc flu hosp,quantile,0.35,51.782465945661116
26,2024-11-30,1,2024-12-07,wk inc flu hosp,quantile,0.35,72.10657629559549
27,2024-11-30,1,2024-12-07,wk inc flu hosp,quantile,0.35,16.983794271902067
28,2024-11-30,1,2024-12-07,wk inc flu hosp,quantile,0.35,20.666030249962915
29,2024-11-30,1,2024-12-07,wk inc flu hosp,quantile,0.35,49.08030288344318
30,2024-11-30,1,2024-12-07,wk inc flu hosp,quantile,0.35,1.4753620234235163
31,2024-11-30,1,2024-12-07,wk inc flu hosp,quantile,0.35,4.72283796398476
32,2024-11-30,1,2024-12-07,wk inc flu hosp,quantile,0.35,47.612748050620155
33,2024-11-30,1,2024-12-07,wk inc flu hosp,quantile,0.35,11.883552628715849
34,2024-11-30,1,2024-12-07,wk inc flu hosp,quantile,0.35,14.336398211472341
35,2024-11-30,1,2024-12-07,wk inc flu hosp,quantile,0.35,27.20333495014122
36,2024-11-30,1,2024-12-07,wk inc flu hosp,quantile,0.35,119.5422082276016
37,2024-11-30,1,2024-12-07,wk inc flu hosp,quantile,0.35,36.499903638315566
38,2024-11-30,1,2024-12-07,wk inc flu hosp,quantile,0.35,2.67374750734732
39,2024-11-30,1,2024-12-07,wk inc flu hosp,quantile,0.35,463.3725244200869
40,2024-11-30,1,2024-12-07,wk inc flu hosp,quantile,0.35,17.085066858216678
41,2024-11-30,1,2024-12-07,wk inc flu hosp,quantile,0.35,49.433011907679315
42,2024-11-30,1,2024-12-07,wk inc flu hosp,quantile,0.35,148.39715026660713
44,2024-11-30,1,2024-12-07,wk inc flu hosp,quantile,0.35,1.8664663684645233
45,2024-11-30,1,2024-12-07,wk inc flu hosp,quantile,0.35,17.050725318606844
46,2024-11-30,1,2024-12-07,wk inc flu hosp,quantile,0.35,0.8380511637550628
47,2024-11-30,1,2024-12-07,wk inc flu hosp,quantile,0.35,58.26763777426198
48,2024-11-30,1,2024-12-07,wk inc flu hosp,quantile,0.35,317.87964903537943
49,2024-11-30,1,2024-12-07,wk inc flu hosp,quantile,0.35,21.745996226079185
50,2024-11-30,1,2024-12-07,wk inc flu hosp,quantile,0.35,0.5004348268631887
51,2024-11-30,1,2024-12-07,wk inc flu hosp,quantile,0.35,35.664700941523954
53,2024-11-30,1,2024-12-07,wk inc flu hosp,quantile,0.35,37.751728985908436
54,2024-11-30,1,2024-12-07,wk inc flu hosp,quantile,0.35,6.803143673729817
55,2024-11-30,1,2024-12-07,wk inc flu hosp,quantile,0.35,21.87827160279121
56,2024-11-30,1,2024-12-07,wk inc flu hosp,quantile,0.35,8.31450827819381
72,2024-11-30,1,2024-12-07,wk inc flu hosp,quantile,0.35,45.043882594053365
US,2024-11-30,1,2024-12-07,wk inc flu hosp,quantile,0.35,4126.074614506113
01,2024-11-30,2,2024-12-14,wk inc flu hosp,quantile,0.35,67.63086311914468
02,2024-11-30,2,2024-12-14,wk inc flu hosp,quantile,0.35,6.127088502945048
04,2024-11-30,2,2024-12-14,wk inc flu hosp,quantile,0.35,439.649249243185
05,2024-11-30,2,2024-12-14,wk inc flu hosp,quantile,0.35,13.203491505535549
06,2024-11-30,2,2024-12-14,wk inc flu hosp,quantile,0.35,555.5430028652248
08,2024-11-30,2,2024-12-14,wk inc flu hosp,quantile,0.35,40.054603288529165
09,2024-11-30,2,2024-12-14,wk inc flu hosp,quantile,0.35,8.62917084872439
10,2024-11-30,2,2024-12-14,wk inc flu hosp,quantile,0.35,12.19064814760423
11,2024-11-30,2,2024-12-14,wk inc flu hosp,quantile,0.35,6.528406710941084
12,2024-11-30,2,2024-12-14,wk inc flu hosp,quantile,0.35,459.4862869565817
13,2024-11-30,2,2024-12-14,wk inc flu hosp,quantile,0.35,68.27038927196509
15,2024-11-30,2,2024-12-14,wk inc flu hosp,quantile,0.35,8.822415499259543
16,2024-11-30,2,2024-12-14,wk inc flu hosp,quantile,0.35,31.319980809344667
17,2024-11-30,2,2024-12-14,wk inc flu hosp,quantile,0.35,101.95600597275548
18,2024-11-30,2,2024-12-14,wk inc flu hosp,quantile,0.35,49.522088664102945
19,2024-11-30,2,2024-12-14,wk inc flu hosp,quantile,0.35,7.349705834885706
20,2024-11-30,2,2024-12-14,wk inc flu hosp,quantile,0.35,23.466892187750794
21,2024-11-30,2,2024-12-14,wk inc flu hosp,quantile,0.35,27.446238811626408
22,2024-11-30,2,2024-12-14,wk inc flu hosp,quantile,0.35,87.16205118127499
23,2024-11-30,2,2024-12-14,wk inc flu hosp,quantile,0.35,1.5471865809579002
24,2024-11-30,2,2024-12-14,wk inc flu hosp,quantile,0.35,30.30906332623533
25,2024-11-30,2,2024-12-14,wk inc flu hosp,quantile,0.35,61.4622762497003
26,2024-11-30,2,2024-12-14,wk inc flu hosp,quantile,0.35,84.87050132694085
27,2024-11-30,2,2024-12-14,wk inc flu hosp,quantile,0.35,19.299143152438994
28,2024-11-30,2,2024-12-14,wk inc flu hosp,quantile,0.35,24.309040666584647
29,2024-11-30,2,2024-12-14,wk inc flu hosp,quantile,0.35,58.01083669993967
30,2024-11-30,2,2024-12-14,wk inc flu hosp,quantile,0.35,2.248311425154249
31,2024-11-30,2,2024-12-14,wk inc flu hosp,quantile,0.35,6.078691426378104
32,2024-11-30,2,2024-12-14,wk inc flu hosp,quantile,0.35,52.72644345191879
33,2024-11-30,2,2024-12-14,wk inc flu hosp,quantile,0.35,12.850463853183903
34,2024-11-30,2,2024-12-14,wk inc flu hosp,quantile,0.35,20.285479686326326
35,2024-11-30,2,2024-12-14,wk inc flu hosp,quantile,0.35,31.577679570552718
36,2024-11-30,2,2024-12-14,wk inc flu hosp,quantile,0.35,146.08458775939494
37,2024-11-30,2,2024-12-14,wk inc flu hosp,quantile,0.35,42.00726556646896
38,2024-11-30,2,2024-12-14,wk inc flu hosp,quantile,0.35,3.3825291559471697
39,2024-11-30,2,2024-12-14,wk inc flu hosp,quantile,0.35,379.2144415467085
40,2024-11-30,2,2024-12-14,wk inc flu hosp,quantile,0.35,22.113191075945483
41,2024-11-30,2,2024-12-14,wk inc flu hosp,quantile,0.35,55.92294835718841
42,2024-11-30,2,2024-12-14,wk inc flu hosp,quantile,0.35,165.0774416218155
44,2024-11-30,2,2024-12-14,wk inc flu hosp,quantile,0.35,2.414278077635532
45,2024-11-30,2,2024-12-14,wk inc flu hosp,quantile,0.35,20.69511329406155
46,2024-11-30,2,2024-12-14,wk inc flu hosp,quantile,0.35,1.2544570121313903
47,2024-11-30,2,2024-12-14,wk inc flu hosp,quantile,0.35,64.55447104125973
48,2024-11-30,2,2024-12-14,wk inc flu hosp,quantile,0.35,364.1822592851561
49,2024-11-30,2,2024-12-14,wk inc flu hosp,quantile,0.35,23.984853255245
50,2024-11-30,2,2024-12-14,wk inc flu hosp,quantile,0.35,0.8615991931228545
51,2024-11-30,2,2024-12-14,wk inc flu hosp,quantile,0.35,43.47696425487815
53,2024-11-30,2,2024-12-14,wk inc flu hosp,quantile,0.35,46.29409257031161
54,2024-11-30,2,2024-12-14,wk inc flu hosp,quantile,0.35,8.498208622820272
55,2024-11-30,2,2024-12-14,wk inc flu hosp,quantile,0.35,26.92862768153203
56,2024-11-30,2,2024-12-14,wk inc flu hosp,quantile,0.35,9.22320247180213
72,2024-11-30,2,2024-12-14,wk inc flu hosp,quantile,0.35,49.97984212725169
US,2024-11-30,2,2024-12-14,wk inc flu hosp,quantile,0.35,4515.652470599088
01,2024-11-30,3,2024-12-21,wk inc flu hosp,quantile,0.35,71.4972623604843
02,2024-11-30,3,2024-12-21,wk inc flu hosp,quantile,0.35,6.375369767863169
04,2024-11-30,3,2024-12-21,wk inc flu hosp,quantile,0.35,421.23586930650276
05,2024-11-30,3,2024-12-21,wk inc flu hosp,quantile,0.35,14.60608938227705
06,2024-11-30,3,2024-12-21,wk inc flu hosp,quantile,0.35,569.6483703206942
08,2024-11-30,3,2024-12-21,wk inc flu hosp,quantile,0.35,42.8861403069151
09,2024-11-30,3,2024-12-21,wk inc flu hosp,quantile,0.35,9.987640977088471
10,2024-11-30,3,2024-12-21,wk inc flu hosp,quantile,0.35,12.77693902575478
11,2024-11-30,3,2024-12-21,wk inc flu hosp,quantile,0.35,7.00190859211392
12,2024-11-30,3,2024-12-21,wk inc flu hosp,quantile,0.35,473.1032717862935
13,2024-11-30,3,2024-12-21,wk inc flu hosp,quantile,0.35,74.59571461449592
15,2024-11-30,3,2024-12-21,wk inc flu hosp,quantile,0.35,9.292067500015396
16,2024-11-30,3,2024-12-21,wk inc flu hosp,quantile,0.35,32.969828610334176
17,2024-11-30,3,2024-12-21,wk inc flu hosp,quantile,0.35,109.4483159952022
18,2024-11-30,3,2024-12-21,wk inc flu hosp,quantile,0.35,53.28029245653527
19,2024-11-30,3,2024-12-21,wk inc flu hosp,quantile,0.35,8.664655123493505
20,2024-11-30,3,2024-12-21,wk inc flu hosp,quantile,0.35,25.115724914023183
21,2024-11-30,3,2024-12-21,wk inc flu hosp,quantile,0.35,29.819286384871646
22,2024-11-30,3,2024-12-21,wk inc flu hosp,quantile,0.35,89.23545277058807
23,2024-11-30,3,2024-12-21,wk inc flu hosp,quantile,0.35,2.0338032037891263
24,2024-11-30,3,2024-12-21,wk inc flu hosp,quantile,0.35,32.62895423911308
25,2024-11-30,3,2024-12-21,wk inc flu hosp,quantile,0.35,66.7166000097237
26,2024-11-30,3,2024-12-21,wk inc flu hosp,quantile,0.35,93.48402865561411
27,2024-11-30,3,2024-12-21,wk inc flu hosp,quantile,0.35,21.145719981129705
28,2024-11-30,3,2024-12-21,wk inc flu hosp,quantile,0.35,26.519874558041234
29,2024-11-30,3,2024-12-21,wk inc flu hosp,quantile,0.35,62.544350827991515
30,2024-11-30,3,2024-12-21,wk inc flu hosp,quantile,0.35,2.7299487521201056
31,2024-11-30,3,2024-12-21,wk inc flu hosp,quantile,0.35,6.847628789029803
32,2024-11-30,3,2024-12-21,wk inc flu hosp,quantile,0.35,54.103782740783316
33,2024-11-30,3,2024-12-21,wk inc flu hosp,quantile,0.35,13.349848364159692
34,2024-11-30,3,2024-12-21,wk inc flu hosp,quantile,0.35,22.51882019807199
35,2024-11-30,3,2024-12-21,wk inc flu hosp,quantile,0.35,33.770957610286175
36,2024-11-30,3,2024-12-21,wk inc flu hosp,quantile,0.35,155.21600899479878
37,2024-11-30,3,2024-12-21,wk inc flu hosp,quantile,0.35,45.013213440066416
38,2024-11-30,3,2024-12-21,wk inc flu hosp,quantile,0.35,3.7156816158030126
39,2024-11-30,3,2024-12-21,wk inc flu hosp,quantile,0.35,323.6582352215551
40,2024-11-30,3,2024-12-21,wk inc flu hosp,quantile,0.35,24.62031154090828
41,2024-11-30,3,2024-12-21,wk inc flu hosp,quantile,0.35,58.1910047606976
42,2024-11-30,3,2024-12-21,wk inc flu hosp,quantile,0.35,175.31081791297183
44,2024-11-30,3,2024-12-21,wk inc flu hosp,quantile,0.35,2.6880174086192308
45,2024-11-30,3,2024-12-21,wk inc flu hosp,quantile,0.35,22.640072743474978
46,2024-11-30,3,2024-12-21,wk inc flu hosp,quantile,0.35,1.5193810091896107
47,2024-11-30,3,2024-12-21,wk inc flu hosp,quantile,0.35,68.19929119275804
48,2024-11-30,3,2024-12-21,wk inc flu hosp,quantile,0.35,384.73132426336923
49,2024-11-30,3,2024-12-21,wk inc flu hosp,quantile,0.35,24.753582450894303
50,2024-11-30,3,2024-12-21,wk inc flu hosp,quantile,0.35,1.0274126027454944
51,2024-11-30,3,2024-12-21,wk inc flu hosp,quantile,0.35,47.4309945400913
53,2024-11-30,3,2024-12-21,wk inc flu hosp,quantile,0.35,50.22864737355923
54,2024-11-30,3,2024-12-21,wk inc flu hosp,quantile,0.35,9.422236358805238
55,2024-11-30,3,2024-12-21,wk inc flu hosp,quantile,0.35,29.237996422743596
56,2024-11-30,3,2024-12-21,wk inc flu hosp,quantile,0.35,9.744267587064186
72,2024-11-30,3,2024-12-21,wk inc flu hosp,quantile,0.35,52.00822983379862
US,2024-11-30,3,2024-12-21,wk inc flu hosp,quantile,0.35,4686.002683746025
01,2024-11-30,0,2024-11-30,wk inc flu hosp,quantile,0.4,54.769367224259085
02,2024-11-30,0,2024-11-30,wk inc flu hosp,quantile,0.4,5.4807561063383705
04,2024-11-30,0,2024-11-30,wk inc flu hosp,quantile,0.4,478.44302792475463
05,2024-11-30,0,2024-11-30,wk inc flu hosp,quantile,0.4,9.47763738286688
06,2024-11-30,0,2024-11-30,wk inc flu hosp,quantile,0.4,475.48444337748987
08,2024-11-30,0,2024-11-30,wk inc flu hosp,quantile,0.4,32.12140928396839
09,2024-11-30,0,2024-11-30,wk inc flu hosp,quantile,0.4,5.738885504353865
10,2024-11-30,0,2024-11-30,wk inc flu hosp,quantile,0.4,10.833958238546103
11,2024-11-30,0,2024-11-30,wk inc flu hosp,quantile,0.4,5.521040839739837
12,2024-11-30,0,2024-11-30,wk inc flu hosp,quantile,0.4,412.7519708454887
13,2024-11-30,0,2024-11-30,wk inc flu hosp,quantile,0.4,51.4758235876659
15,2024-11-30,0,2024-11-30,wk inc flu hosp,quantile,0.4,7.76132528576864
16,2024-11-30,0,2024-11-30,wk inc flu hosp,quantile,0.4,27.12541076488028
17,2024-11-30,0,2024-11-30,wk inc flu hosp,quantile,0.4,77.91950306935458
18,2024-11-30,0,2024-11-30,wk inc flu hosp,quantile,0.4,36.6557872678091
19,2024-11-30,0,2024-11-30,wk inc flu hosp,quantile,0.4,4.582501734792883
20,2024-11-30,0,2024-11-30,wk inc flu hosp,quantile,0.4,17.441008682754514
21,2024-11-30,0,2024-11-30,wk inc flu hosp,quantile,0.4,20.139396324020623
22,2024-11-30,0,2024-11-30,wk inc flu hosp,quantile,0.4,80.13548769302464
23,2024-11-30,0,2024-11-30,wk inc flu hosp,quantile,0.4,0.5755920811864383
24,2024-11-30,0,2024-11-30,wk inc flu hosp,quantile,0.4,20.48303917586496
25,2024-11-30,0,2024-11-30,wk inc flu hosp,quantile,0.4,47.792755588056984
26,2024-11-30,0,2024-11-30,wk inc flu hosp,quantile,0.4,63.90668970502122
27,2024-11-30,0,2024-11-30,wk inc flu hosp,quantile,0.4,16.579068341935972
28,2024-11-30,0,2024-11-30,wk inc flu hosp,quantile,0.4,19.124425049418164
29,2024-11-30,0,2024-11-30,wk inc flu hosp,quantile,0.4,44.383540096782454
30,2024-11-30,0,2024-11-30,wk inc flu hosp,quantile,0.4,1.3123808796769156
31,2024-11-30,0,2024-11-30,wk inc flu hosp,quantile,0.4,4.456631978779419
32,2024-11-30,0,2024-11-30,wk inc flu hosp,quantile,0.4,45.07501006847366
33,2024-11-30,0,2024-11-30,wk inc flu hosp,quantile,0.4,11.868545408224644
34,2024-11-30,0,2024-11-30,wk inc flu hosp,quantile,0.4,13.118944707021157
35,2024-11-30,0,2024-11-30,wk inc flu hosp,quantile,0.4,24.901458220059634
36,2024-11-30,0,2024-11-30,wk inc flu hosp,quantile,0.4,107.33745885532299
37,2024-11-30,0,2024-11-30,wk inc flu hosp,quantile,0.4,33.66113011206295
38,2024-11-30,0,2024-11-30,wk inc flu hosp,quantile,0.4,2.638263464058749
39,2024-11-30,0,2024-11-30,wk inc flu hosp,quantile,0.4,521.9362341241311
40,2024-11-30,0,2024-11-30,wk inc flu hosp,quantile,0.4,15.16943432375785
41,2024-11-30,0,2024-11-30,wk inc flu hosp,quantile,0.4,46.51943748887983
42,2024-11-30,0,2024-11-30,wk inc flu hosp,quantile,0.4,141.4251210618032
44,2024-11-30,0,2024-11-30,wk inc flu hosp,quantile,0.4,1.8602985227753817
45,2024-11-30,0,2024-11-30,wk inc flu hosp,quantile,0.4,14.886510331145502
46,2024-11-30,0,2024-11-30,wk inc flu hosp,quantile,0.4,0.7576917375977779
47,2024-11-30,0,2024-11-30,wk inc flu hosp,quantile,0.4,54.954950305700216
48,2024-11-30,0,2024-11-30,wk inc flu hosp,quantile,0.4,288.38805084405476
49,2024-11-30,0,2024-11-30,wk inc flu hosp,quantile,0.4,20.339534064500608
50,2024-11-30,0,2024-11-30,wk inc flu hosp,quantile,0.4,0.4338092618781957
51,2024-11-30,0,2024-11-30,wk inc flu hosp,quantile,0.4,32.101757206721864
53,2024-11-30,0,2024-11-30,wk inc flu hosp,quantile,0.4,32.88246457060991
54,2024-11-30,0,2024-11-30,wk inc flu hosp,quantile,0.4,6.284869146575126
55,2024-11-30,0,2024-11-30,wk inc flu hosp,quantile,0.4,18.537449699539934
56,2024-11-30,0,2024-11-30,wk inc flu hosp,quantile,0.4,7.844563855896315
72,2024-11-30,0,2024-11-30,wk inc flu hosp,quantile,0.4,42.74292774621282
US,2024-11-30,0,2024-11-30,wk inc flu hosp,quantile,0.4,3890.9877696924436
01,2024-11-30,1,2024-12-07,wk inc flu hosp,quantile,0.4,62.58122973965988
02,2024-11-30,1,2024-12-07,wk inc flu hosp,quantile,0.4,5.978830797696674
04,2024-11-30,1,2024-12-07,wk inc flu hosp,quantile,0.4,477.7722544253791
05,2024-11-30,1,2024-12-07,wk inc flu hosp,quantile,0.4,11.808937575923315
06,2024-11-30,1,2024-12-07,wk inc flu hosp,quantile,0.4,529.8819747095844
08,2024-11-30,1,2024-12-07,wk inc flu hosp,quantile,0.4,36.352168591560094
09,2024-11-30,1,2024-12-07,wk inc flu hosp,quantile,0.4,7.2966399537487785
10,2024-11-30,1,2024-12-07,wk inc flu hosp,quantile,0.4,12.108788381041014
11,2024-11-30,1,2024-12-07,wk inc flu hosp,quantile,0.4,6.322635747653095
12,2024-11-30,1,2024-12-07,wk inc flu hosp,quantile,0.4,448.118930491805
13,2024-11-30,1,2024-12-07,wk inc flu hosp,quantile,0.4,62.11965206272016
15,2024-11-30,1,2024-12-07,wk inc flu hosp,quantile,0.4,8.727906771182449
16,2024-11-30,1,2024-12-07,wk inc flu hosp,quantile,0.4,31.03424499018424
17,2024-11-30,1,2024-12-07,wk inc flu hosp,quantile,0.4,90.92972167799348
18,2024-11-30,1,2024-12-07,wk inc flu hosp,quantile,0.4,44.123659659865666
19,2024-11-30,1,2024-12-07,wk inc flu hosp,quantile,0.4,6.116030612867988
20,2024-11-30,1,2024-12-07,wk inc flu hosp,quantile,0.4,20.297868461290445
21,2024-11-30,1,2024-12-07,wk inc flu hosp,quantile,0.4,24.33932658173243
22,2024-11-30,1,2024-12-07,wk inc flu hosp,quantile,0.4,86.84393780067143
23,2024-11-30,1,2024-12-07,wk inc flu hosp,quantile,0.4,1.0647250084572
24,2024-11-30,1,2024-12-07,wk inc flu hosp,quantile,0.4,25.368156036141887
25,2024-11-30,1,2024-12-07,wk inc flu hosp,quantile,0.4,56.32757845679597
26,2024-11-30,1,2024-12-07,wk inc flu hosp,quantile,0.4,77.7416710349627
27,2024-11-30,1,2024-12-07,wk inc flu hosp,quantile,0.4,19.019334614957682
28,2024-11-30,1,2024-12-07,wk inc flu hosp,quantile,0.4,22.47273463973525
29,2024-11-30,1,2024-12-07,wk inc flu hosp,quantile,0.4,52.76352086484138
30,2024-11-30,1,2024-12-07,wk inc flu hosp,quantile,0.4,1.8810563605447597
31,2024-11-30,1,2024-12-07,wk inc flu hosp,quantile,0.4,5.49719443911492
32,2024-11-30,1,2024-12-07,wk inc flu hosp,quantile,0.4,50.246868324731786
33,2024-11-30,1,2024-12-07,wk inc flu hosp,quantile,0.4,13.09040175785822
34,2024-11-30,1,2024-12-07,wk inc flu hosp,quantile,0.4,18.429451765596163
35,2024-11-30,1,2024-12-07,wk inc flu hosp,quantile,0.4,28.924262596965796
36,2024-11-30,1,2024-12-07,wk inc flu hosp,quantile,0.4,129.25695972591657
37,2024-11-30,1,2024-12-07,wk inc flu hosp,quantile,0.4,39.114875565513735
38,2024-11-30,1,2024-12-07,wk inc flu hosp,quantile,0.4,3.0670468220419203
39,2024-11-30,1,2024-12-07,wk inc flu hosp,quantile,0.4,468.4176028314822
40,2024-11-30,1,2024-12-07,wk inc flu hosp,quantile,0.4,19.286445598552636
41,2024-11-30,1,2024-12-07,wk inc flu hosp,quantile,0.4,52.788160622496676
42,2024-11-30,1,2024-12-07,wk inc flu hosp,quantile,0.4,157.82940848274242
44,2024-11-30,1,2024-12-07,wk inc flu hosp,quantile,0.4,2.261731904918555
45,2024-11-30,1,2024-12-07,wk inc flu hosp,quantile,0.4,17.90521476235754
46,2024-11-30,1,2024-12-07,wk inc flu hosp,quantile,0.4,1.134892221258268
47,2024-11-30,1,2024-12-07,wk inc flu hosp,quantile,0.4,62.02852296480568
48,2024-11-30,1,2024-12-07,wk inc flu hosp,quantile,0.4,333.0049056229357
49,2024-11-30,1,2024-12-07,wk inc flu hosp,quantile,0.4,22.92797234457457
50,2024-11-30,1,2024-12-07,wk inc flu hosp,quantile,0.4,0.7059535614438293
51,2024-11-30,1,2024-12-07,wk inc flu hosp,quantile,0.4,38.09783235408349
53,2024-11-30,1,2024-12-07,wk inc flu hosp,quantile,0.4,40.13711064848125
54,2024-11-30,1,2024-12-07,wk inc flu hosp,quantile,0.4,7.463961414153159
55,2024-11-30,1,2024-12-07,wk inc flu hosp,quantile,0.4,22.91201204475891
56,2024-11-30,1,2024-12-07,wk inc flu hosp,quantile,0.4,8.802363178391868
72,2024-11-30,1,2024-12-07,wk inc flu hosp,quantile,0.4,47.18486212067333
US,2024-11-30,1,2024-12-07,wk inc flu hosp,quantile,0.4,4327.561133287533
01,2024-11-30,2,2024-12-14,wk inc flu hosp,quantile,0.4,72.92892944246147
02,2024-11-30,2,2024-12-14,wk inc flu hosp,quantile,0.4,6.721969692270671
04,2024-11-30,2,2024-12-14,wk inc flu hosp,quantile,0.4,458.4922541516218
05,2024-11-30,2,2024-12-14,wk inc flu hosp,quantile,0.4,15.29935850791286
06,2024-11-30,2,2024-12-14,wk inc flu hosp,quantile,0.4,594.8443977501747
08,2024-11-30,2,2024-12-14,wk inc flu hosp,quantile,0.4,43.147759560134
09,2024-11-30,2,2024-12-14,wk inc flu hosp,quantile,0.4,10.050723766736812
10,2024-11-30,2,2024-12-14,wk inc flu hosp,quantile,0.4,13.864323573785988
11,2024-11-30,2,2024-12-14,wk inc flu hosp,quantile,0.4,7.436421149260213
12,2024-11-30,2,2024-12-14,wk inc flu hosp,quantile,0.4,491.5788941107871
13,2024-11-30,2,2024-12-14,wk inc flu hosp,quantile,0.4,74.90586888900991
15,2024-11-30,2,2024-12-14,wk inc flu hosp,quantile,0.4,9.868249268642884
16,2024-11-30,2,2024-12-14,wk inc flu hosp,quantile,0.4,34.929418847569565
17,2024-11-30,2,2024-12-14,wk inc flu hosp,quantile,0.4,107.3030080382314
18,2024-11-30,2,2024-12-14,wk inc flu hosp,quantile,0.4,55.31913939445532
19,2024-11-30,2,2024-12-14,wk inc flu hosp,quantile,0.4,8.687460329096615
20,2024-11-30,2,2024-12-14,wk inc flu hosp,quantile,0.4,24.557907525598612
21,2024-11-30,2,2024-12-14,wk inc flu hosp,quantile,0.4,30.580973653950053
22,2024-11-30,2,2024-12-14,wk inc flu hosp,quantile,0.4,96.19763173780399
23,2024-11-30,2,2024-12-14,wk inc flu hosp,quantile,0.4,2.1104622944976743
24,2024-11-30,2,2024-12-14,wk inc flu hosp,quantile,0.4,32.617092509944136
25,2024-11-30,2,2024-12-14,wk inc flu hosp,quantile,0.4,69.42847401104135
26,2024-11-30,2,2024-12-14,wk inc flu hosp,quantile,0.4,94.39920690376964
27,2024-11-30,2,2024-12-14,wk inc flu hosp,quantile,0.4,22.81773998791915
28,2024-11-30,2,2024-12-14,wk inc flu hosp,quantile,0.4,27.096178188248196
29,2024-11-30,2,2024-12-14,wk inc flu hosp,quantile,0.4,63.80648581793651
30,2024-11-30,2,2024-12-14,wk inc flu hosp,quantile,0.4,2.9555263482623286
31,2024-11-30,2,2024-12-14,wk inc flu hosp,quantile,0.4,7.280468032525453
32,2024-11-30,2,2024-12-14,wk inc flu hosp,quantile,0.4,56.39785863643576
33,2024-11-30,2,2024-12-14,wk inc flu hosp,quantile,0.4,14.606916833556555
34,2024-11-30,2,2024-12-14,wk inc flu hosp,quantile,0.4,25.40920531558281
35,2024-11-30,2,2024-12-14,wk inc flu hosp,quantile,0.4,34.21162827319469
36,2024-11-30,2,2024-12-14,wk inc flu hosp,quantile,0.4,159.44508532615367
37,2024-11-30,2,2024-12-14,wk inc flu hosp,quantile,0.4,47.0485144948751
38,2024-11-30,2,2024-12-14,wk inc flu hosp,quantile,0.4,3.9018104271083844
39,2024-11-30,2,2024-12-14,wk inc flu hosp,quantile,0.4,392.0333201255302
40,2024-11-30,2,2024-12-14,wk inc flu hosp,quantile,0.4,25.535444420684193
41,2024-11-30,2,2024-12-14,wk inc flu hosp,quantile,0.4,60.82129793850355
42,2024-11-30,2,2024-12-14,wk inc flu hosp,quantile,0.4,181.5703320683893
44,2024-11-30,2,2024-12-14,wk inc flu hosp,quantile,0.4,2.95604135677112
45,2024-11-30,2,2024-12-14,wk inc flu hosp,quantile,0.4,23.02132489562902
46,2024-11-30,2,2024-12-14,wk inc flu hosp,quantile,0.4,1.6265714859629765
47,2024-11-30,2,2024-12-14,wk inc flu hosp,quantile,0.4,71.2417100934546
48,2024-11-30,2,2024-12-14,wk inc flu hosp,quantile,0.4,389.34089854737766
49,2024-11-30,2,2024-12-14,wk inc flu hosp,quantile,0.4,25.465813252103892
50,2024-11-30,2,2024-12-14,wk inc flu hosp,quantile,0.4,1.1634136923629896
51,2024-11-30,2,2024-12-14,wk inc flu hosp,quantile,0.4,48.139985193817516
53,2024-11-30,2,2024-12-14,wk inc flu hosp,quantile,0.4,50.239540033284044
54,2024-11-30,2,2024-12-14,wk inc flu hosp,quantile,0.4,9.576873305063739
55,2024-11-30,2,2024-12-14,wk inc flu hosp,quantile,0.4,29.020669369973827
56,2024-11-30,2,2024-12-14,wk inc flu hosp,quantile,0.4,10.034207129742288
72,2024-11-30,2,2024-12-14,wk inc flu hosp,quantile,0.4,53.08014083386026
US,2024-11-30,2,2024-12-14,wk inc flu hosp,quantile,0.4,4852.691991007141
01,2024-11-30,3,2024-12-21,wk inc flu hosp,quantile,0.4,77.98246469365954
02,2024-11-30,3,2024-12-21,wk inc flu hosp,quantile,0.4,7.06764846333377
04,2024-11-30,3,2024-12-21,wk inc flu hosp,quantile,0.4,426.0872505059807
05,2024-11-30,3,2024-12-21,wk inc flu hosp,quantile,0.4,17.41273835991625
06,2024-11-30,3,2024-12-21,wk inc flu hosp,quantile,0.4,613.9988024169055
08,2024-11-30,3,2024-12-21,wk inc flu hosp,quantile,0.4,46.073996272273924
09,2024-11-30,3,2024-12-21,wk inc flu hosp,quantile,0.4,11.740958514938853
10,2024-11-30,3,2024-12-21,wk inc flu hosp,quantile,0.4,14.72253547819796
11,2024-11-30,3,2024-12-21,wk inc flu hosp,quantile,0.4,8.017836299133881
12,2024-11-30,3,2024-12-21,wk inc flu hosp,quantile,0.4,510.0966474572498
13,2024-11-30,3,2024-12-21,wk inc flu hosp,quantile,0.4,83.5416718586685
15,2024-11-30,3,2024-12-21,wk inc flu hosp,quantile,0.4,10.360565956161146
16,2024-11-30,3,2024-12-21,wk inc flu hosp,quantile,0.4,37.242256468363465
17,2024-11-30,3,2024-12-21,wk inc flu hosp,quantile,0.4,117.88055769773032
18,2024-11-30,3,2024-12-21,wk inc flu hosp,quantile,0.4,62.120939315023456
19,2024-11-30,3,2024-12-21,wk inc flu hosp,quantile,0.4,9.947227092070413
20,2024-11-30,3,2024-12-21,wk inc flu hosp,quantile,0.4,27.24804997072072
21,2024-11-30,3,2024-12-21,wk inc flu hosp,quantile,0.4,34.283764334467804
22,2024-11-30,3,2024-12-21,wk inc flu hosp,quantile,0.4,98.57740935421873
23,2024-11-30,3,2024-12-21,wk inc flu hosp,quantile,0.4,2.6459553290760263
24,2024-11-30,3,2024-12-21,wk inc flu hosp,quantile,0.4,36.854314230472106
25,2024-11-30,3,2024-12-21,wk inc flu hosp,quantile,0.4,75.22390002963571
26,2024-11-30,3,2024-12-21,wk inc flu hosp,quantile,0.4,104.92082824524215
27,2024-11-30,3,2024-12-21,wk inc flu hosp,quantile,0.4,24.982456527108095
28,2024-11-30,3,2024-12-21,wk inc flu hosp,quantile,0.4,29.40788092563135
29,2024-11-30,3,2024-12-21,wk inc flu hosp,quantile,0.4,70.02808870938695
30,2024-11-30,3,2024-12-21,wk inc flu hosp,quantile,0.4,3.596255543746914
31,2024-11-30,3,2024-12-21,wk inc flu hosp,quantile,0.4,8.607333299931412
32,2024-11-30,3,2024-12-21,wk inc flu hosp,quantile,0.4,58.51886132002332
33,2024-11-30,3,2024-12-21,wk inc flu hosp,quantile,0.4,15.48452006273691
34,2024-11-30,3,2024-12-21,wk inc flu hosp,quantile,0.4,29.66426293304562
35,2024-11-30,3,2024-12-21,wk inc flu hosp,quantile,0.4,37.51515448785841
36,2024-11-30,3,2024-12-21,wk inc flu hosp,quantile,0.4,174.9814780139552
37,2024-11-30,3,2024-12-21,wk inc flu hosp,quantile,0.4,50.03488209135477
38,2024-11-30,3,2024-12-21,wk inc flu hosp,quantile,0.4,4.496919375135742
39,2024-11-30,3,2024-12-21,wk inc flu hosp,quantile,0.4,333.83158027613433
40,2024-11-30,3,2024-12-21,wk inc flu hosp,quantile,0.4,29.57642020313181
41,2024-11-30,3,2024-12-21,wk inc flu hosp,quantile,0.4,63.217413326167396
42,2024-11-30,3,2024-12-21,wk inc flu hosp,quantile,0.4,195.78091602797824
44,2024-11-30,3,2024-12-21,wk inc flu hosp,quantile,0.4,3.3458798229078908
45,2024-11-30,3,2024-12-21,wk inc flu hosp,quantile,0.4,25.329673302613873
46,2024-11-30,3,2024-12-21,wk inc flu hosp,quantile,0.4,1.9948820081713612
47,2024-11-30,3,2024-12-21,wk inc flu hosp,quantile,0.4,76.19903568140339
48,2024-11-30,3,2024-12-21,wk inc flu hosp,quantile,0.4,423.16651962602043
49,2024-11-30,3,2024-12-21,wk inc flu hosp,quantile,0.4,26.556248761114613
50,2024-11-30,3,2024-12-21,wk inc flu hosp,quantile,0.4,1.483705265585114
51,2024-11-30,3,2024-12-21,wk inc flu hosp,quantile,0.4,54.1312326830445
53,2024-11-30,3,2024-12-21,wk inc flu hosp,quantile,0.4,55.8371117551089
54,2024-11-30,3,2024-12-21,wk inc flu hosp,quantile,0.4,11.00985810453905
55,2024-11-30,3,2024-12-21,wk inc flu hosp,quantile,0.4,31.879701989750174
56,2024-11-30,3,2024-12-21,wk inc flu hosp,quantile,0.4,10.857388277878913
72,2024-11-30,3,2024-12-21,wk inc flu hosp,quantile,0.4,54.63607685612279
US,2024-11-30,3,2024-12-21,wk inc flu hosp,quantile,0.4,5171.636543358358
01,2024-11-30,0,2024-11-30,wk inc flu hosp,quantile,0.45,56.13179956402363
02,2024-11-30,0,2024-11-30,wk inc flu hosp,quantile,0.45,5.7108189010593735
04,2024-11-30,0,2024-11-30,wk inc flu hosp,quantile,0.45,481.0377989691183
05,2024-11-30,0,2024-11-30,wk inc flu hosp,quantile,0.45,10.396584123336362
06,2024-11-30,0,2024-11-30,wk inc flu hosp,quantile,0.45,476.6042336753477
08,2024-11-30,0,2024-11-30,wk inc flu hosp,quantile,0.45,33.26969026374709
09,2024-11-30,0,2024-11-30,wk inc flu hosp,quantile,0.45,6.378183648626126
10,2024-11-30,0,2024-11-30,wk inc flu hosp,quantile,0.45,11.395016833707132
11,2024-11-30,0,2024-11-30,wk inc flu hosp,quantile,0.45,6.08655207879907
12,2024-11-30,0,2024-11-30,wk inc flu hosp,quantile,0.45,424.17930557098674
13,2024-11-30,0,2024-11-30,wk inc flu hosp,quantile,0.45,54.876515849955865
15,2024-11-30,0,2024-11-30,wk inc flu hosp,quantile,0.45,8.167875403897458
16,2024-11-30,0,2024-11-30,wk inc flu hosp,quantile,0.45,29.37399597603768
17,2024-11-30,0,2024-11-30,wk inc flu hosp,quantile,0.45,79.83585645133233
18,2024-11-30,0,2024-11-30,wk inc flu hosp,quantile,0.45,39.23899940991143
19,2024-11-30,0,2024-11-30,wk inc flu hosp,quantile,0.45,5.193713492641864
20,2024-11-30,0,2024-11-30,wk inc flu hosp,quantile,0.45,17.887373083289592
21,2024-11-30,0,2024-11-30,wk inc flu hosp,quantile,0.45,21.795954245089586
22,2024-11-30,0,2024-11-30,wk inc flu hosp,quantile,0.45,82.33888573393197
23,2024-11-30,0,2024-11-30,wk inc flu hosp,quantile,0.45,0.7668943653473247
24,2024-11-30,0,2024-11-30,wk inc flu hosp,quantile,0.45,21.804932330604167
25,2024-11-30,0,2024-11-30,wk inc flu hosp,quantile,0.45,49.72092238462508
26,2024-11-30,0,2024-11-30,wk inc flu hosp,quantile,0.45,68.62711900796454
27,2024-11-30,0,2024-11-30,wk inc flu hosp,quantile,0.45,18.206838876884206
28,2024-11-30,0,2024-11-30,wk inc flu hosp,quantile,0.45,20.577787219610567
29,2024-11-30,0,2024-11-30,wk inc flu hosp,quantile,0.45,46.32606738664997
30,2024-11-30,0,2024-11-30,wk inc flu hosp,quantile,0.45,1.6215178894967035
31,2024-11-30,0,2024-11-30,wk inc flu hosp,quantile,0.45,4.885051776152797
32,2024-11-30,0,2024-11-30,wk inc flu hosp,quantile,0.45,46.4873772995428
33,2024-11-30,0,2024-11-30,wk inc flu hosp,quantile,0.45,12.41803677478614
34,2024-11-30,0,2024-11-30,wk inc flu hosp,quantile,0.45,15.071759203457615
35,2024-11-30,0,2024-11-30,wk inc flu hosp,quantile,0.45,26.286471296353213
36,2024-11-30,0,2024-11-30,wk inc flu hosp,quantile,0.45,111.97983226150457
37,2024-11-30,0,2024-11-30,wk inc flu hosp,quantile,0.45,35.37728415163636
38,2024-11-30,0,2024-11-30,wk inc flu hosp,quantile,0.45,3.022694916268028
39,2024-11-30,0,2024-11-30,wk inc flu hosp,quantile,0.45,527.8432386020703
40,2024-11-30,0,2024-11-30,wk inc flu hosp,quantile,0.45,16.948667973205254
41,2024-11-30,0,2024-11-30,wk inc flu hosp,quantile,0.45,47.06823900992738
42,2024-11-30,0,2024-11-30,wk inc flu hosp,quantile,0.45,146.66754502416774
44,2024-11-30,0,2024-11-30,wk inc flu hosp,quantile,0.45,2.1635690397810765
45,2024-11-30,0,2024-11-30,wk inc flu hosp,quantile,0.45,16.534032426893354
46,2024-11-30,0,2024-11-30,wk inc flu hosp,quantile,0.45,0.9353961075411246
47,2024-11-30,0,2024-11-30,wk inc flu hosp,quantile,0.45,57.53705088897126
48,2024-11-30,0,2024-11-30,wk inc flu hosp,quantile,0.45,296.99588331927987
49,2024-11-30,0,2024-11-30,wk inc flu hosp,quantile,0.45,20.495595650980103
50,2024-11-30,0,2024-11-30,wk inc flu hosp,quantile,0.45,0.5330272766822115
51,2024-11-30,0,2024-11-30,wk inc flu hosp,quantile,0.45,33.795320834662405
53,2024-11-30,0,2024-11-30,wk inc flu hosp,quantile,0.45,34.34855545168165
54,2024-11-30,0,2024-11-30,wk inc flu hosp,quantile,0.45,6.783786193508518
55,2024-11-30,0,2024-11-30,wk inc flu hosp,quantile,0.45,19.987879259311853
56,2024-11-30,0,2024-11-30,wk inc flu hosp,quantile,0.45,8.415574270006038
72,2024-11-30,0,2024-11-30,wk inc flu hosp,quantile,0.45,44.3131055158266
US,2024-11-30,0,2024-11-30,wk inc flu hosp,quantile,0.45,3915.1753141122035
01,2024-11-30,1,2024-12-07,wk inc flu hosp,quantile,0.45,65.36019090954822
02,2024-11-30,1,2024-12-07,wk inc flu hosp,quantile,0.45,6.457301798904913
04,2024-11-30,1,2024-12-07,wk inc flu hosp,quantile,0.45,481.1455697197595
05,2024-11-30,1,2024-12-07,wk inc flu hosp,quantile,0.45,13.256441822136132
06,2024-11-30,1,2024-12-07,wk inc flu hosp,quantile,0.45,540.989495285159
08,2024-11-30,1,2024-12-07,wk inc flu hosp,quantile,0.45,38.673040039032834
09,2024-11-30,1,2024-12-07,wk inc flu hosp,quantile,0.45,8.291468757625582
10,2024-11-30,1,2024-12-07,wk inc flu hosp,quantile,0.45,13.044975383655519
11,2024-11-30,1,2024-12-07,wk inc flu hosp,quantile,0.45,7.012168740998773
12,2024-11-30,1,2024-12-07,wk inc flu hosp,quantile,0.45,468.8436078513271
13,2024-11-30,1,2024-12-07,wk inc flu hosp,quantile,0.45,65.64196275380378
15,2024-11-30,1,2024-12-07,wk inc flu hosp,quantile,0.45,9.138596391277087
16,2024-11-30,1,2024-12-07,wk inc flu hosp,quantile,0.45,33.43092067534879
17,2024-11-30,1,2024-12-07,wk inc flu hosp,quantile,0.45,93.80129571884537
18,2024-11-30,1,2024-12-07,wk inc flu hosp,quantile,0.45,48.18852929272986
19,2024-11-30,1,2024-12-07,wk inc flu hosp,quantile,0.45,6.88307074068065
20,2024-11-30,1,2024-12-07,wk inc flu hosp,quantile,0.45,21.32294323299407
21,2024-11-30,1,2024-12-07,wk inc flu hosp,quantile,0.45,26.754692558026115
22,2024-11-30,1,2024-12-07,wk inc flu hosp,quantile,0.45,90.48641471141593
23,2024-11-30,1,2024-12-07,wk inc flu hosp,quantile,0.45,1.447679586634783
24,2024-11-30,1,2024-12-07,wk inc flu hosp,quantile,0.45,27.49595325683908
25,2024-11-30,1,2024-12-07,wk inc flu hosp,quantile,0.45,59.79184824683592
26,2024-11-30,1,2024-12-07,wk inc flu hosp,quantile,0.45,81.77518755690703
27,2024-11-30,1,2024-12-07,wk inc flu hosp,quantile,0.45,21.092301820099536
28,2024-11-30,1,2024-12-07,wk inc flu hosp,quantile,0.45,24.295459132937925
29,2024-11-30,1,2024-12-07,wk inc flu hosp,quantile,0.45,55.119744446216785
30,2024-11-30,1,2024-12-07,wk inc flu hosp,quantile,0.45,2.322606059217972
31,2024-11-30,1,2024-12-07,wk inc flu hosp,quantile,0.45,6.33692717336565
32,2024-11-30,1,2024-12-07,wk inc flu hosp,quantile,0.45,52.94548760821214
33,2024-11-30,1,2024-12-07,wk inc flu hosp,quantile,0.45,13.9379858949492
34,2024-11-30,1,2024-12-07,wk inc flu hosp,quantile,0.45,21.281526629565526
35,2024-11-30,1,2024-12-07,wk inc flu hosp,quantile,0.45,30.64428094303681
36,2024-11-30,1,2024-12-07,wk inc flu hosp,quantile,0.45,137.6359036158689
37,2024-11-30,1,2024-12-07,wk inc flu hosp,quantile,0.45,41.36828664779325
38,2024-11-30,1,2024-12-07,wk inc flu hosp,quantile,0.45,3.601922070972281
39,2024-11-30,1,2024-12-07,wk inc flu hosp,quantile,0.45,468.99085910790836
40,2024-11-30,1,2024-12-07,wk inc flu hosp,quantile,0.45,21.88558583739237
41,2024-11-30,1,2024-12-07,wk inc flu hosp,quantile,0.45,55.07507433847894
42,2024-11-30,1,2024-12-07,wk inc flu hosp,quantile,0.45,167.1964295252903
44,2024-11-30,1,2024-12-07,wk inc flu hosp,quantile,0.45,2.678845686357314
45,2024-11-30,1,2024-12-07,wk inc flu hosp,quantile,0.45,20.141523694149075
46,2024-11-30,1,2024-12-07,wk inc flu hosp,quantile,0.45,1.3560194091916495
47,2024-11-30,1,2024-12-07,wk inc flu hosp,quantile,0.45,65.71166410061983
48,2024-11-30,1,2024-12-07,wk inc flu hosp,quantile,0.45,351.67263177753387
49,2024-11-30,1,2024-12-07,wk inc flu hosp,quantile,0.45,23.193621755555654
50,2024-11-30,1,2024-12-07,wk inc flu hosp,quantile,0.45,0.8962673142663182
51,2024-11-30,1,2024-12-07,wk inc flu hosp,quantile,0.45,41.74603703610668
53,2024-11-30,1,2024-12-07,wk inc flu hosp,quantile,0.45,42.7904568468338
54,2024-11-30,1,2024-12-07,wk inc flu hosp,quantile,0.45,8.27250850042219
55,2024-11-30,1,2024-12-07,wk inc flu hosp,quantile,0.45,24.6638683888692
56,2024-11-30,1,2024-12-07,wk inc flu hosp,quantile,0.45,9.548194035482478
72,2024-11-30,1,2024-12-07,wk inc flu hosp,quantile,0.45,49.14958963581645
US,2024-11-30,1,2024-12-07,wk inc flu hosp,quantile,0.45,4478.6577729419305
01,2024-11-30,2,2024-12-14,wk inc flu hosp,quantile,0.45,77.10252906508506
02,2024-11-30,2,2024-12-14,wk inc flu hosp,quantile,0.45,7.357391582678439
04,2024-11-30,2,2024-12-14,wk inc flu hosp,quantile,0.45,464.6220187162786
05,2024-11-30,2,2024-12-14,wk inc flu hosp,quantile,0.45,17.330591005117256
06,2024-11-30,2,2024-12-14,wk inc flu hosp,quantile,0.45,614.3035770350086
08,2024-11-30,2,2024-12-14,wk inc flu hosp,quantile,0.45,46.391784015243786
09,2024-11-30,2,2024-12-14,wk inc flu hosp,quantile,0.45,11.551978674631158
10,2024-11-30,2,2024-12-14,wk inc flu hosp,quantile,0.45,15.063715683435666
11,2024-11-30,2,2024-12-14,wk inc flu hosp,quantile,0.45,8.368414705558394
12,2024-11-30,2,2024-12-14,wk inc flu hosp,quantile,0.45,525.860094889643
13,2024-11-30,2,2024-12-14,wk inc flu hosp,quantile,0.45,82.17583384173071
15,2024-11-30,2,2024-12-14,wk inc flu hosp,quantile,0.45,10.623332212671814
16,2024-11-30,2,2024-12-14,wk inc flu hosp,quantile,0.45,39.868957523473306
17,2024-11-30,2,2024-12-14,wk inc flu hosp,quantile,0.45,113.41666771362478
18,2024-11-30,2,2024-12-14,wk inc flu hosp,quantile,0.45,61.45786767715255
19,2024-11-30,2,2024-12-14,wk inc flu hosp,quantile,0.45,9.731423574480875
20,2024-11-30,2,2024-12-14,wk inc flu hosp,quantile,0.45,26.245710406567735
21,2024-11-30,2,2024-12-14,wk inc flu hosp,quantile,0.45,33.782950926777396
22,2024-11-30,2,2024-12-14,wk inc flu hosp,quantile,0.45,101.29725833906444
23,2024-11-30,2,2024-12-14,wk inc flu hosp,quantile,0.45,2.409999378627538
24,2024-11-30,2,2024-12-14,wk inc flu hosp,quantile,0.45,36.190194352297375
25,2024-11-30,2,2024-12-14,wk inc flu hosp,quantile,0.45,74.77425493305546
26,2024-11-30,2,2024-12-14,wk inc flu hosp,quantile,0.45,104.01994118360123
27,2024-11-30,2,2024-12-14,wk inc flu hosp,quantile,0.45,25.41322417427398
28,2024-11-30,2,2024-12-14,wk inc flu hosp,quantile,0.45,30.25274166724675
29,2024-11-30,2,2024-12-14,wk inc flu hosp,quantile,0.45,69.16623431437885
30,2024-11-30,2,2024-12-14,wk inc flu hosp,quantile,0.45,3.5846584388843334
31,2024-11-30,2,2024-12-14,wk inc flu hosp,quantile,0.45,8.563699338190965
32,2024-11-30,2,2024-12-14,wk inc flu hosp,quantile,0.45,60.129555436511346
33,2024-11-30,2,2024-12-14,wk inc flu hosp,quantile,0.45,15.919775593146023
34,2024-11-30,2,2024-12-14,wk inc flu hosp,quantile,0.45,29.846227730909007
35,2024-11-30,2,2024-12-14,wk inc flu hosp,quantile,0.45,37.273233989473454
36,2024-11-30,2,2024-12-14,wk inc flu hosp,quantile,0.45,174.08799955688116
37,2024-11-30,2,2024-12-14,wk inc flu hosp,quantile,0.45,50.038541175153846
38,2024-11-30,2,2024-12-14,wk inc flu hosp,quantile,0.45,4.67137372717994
39,2024-11-30,2,2024-12-14,wk inc flu hosp,quantile,0.45,397.5331810019561
40,2024-11-30,2,2024-12-14,wk inc flu hosp,quantile,0.45,29.913671329342083
41,2024-11-30,2,2024-12-14,wk inc flu hosp,quantile,0.45,64.41245843890036
42,2024-11-30,2,2024-12-14,wk inc flu hosp,quantile,0.45,194.0417323054538
44,2024-11-30,2,2024-12-14,wk inc flu hosp,quantile,0.45,3.495607703198741
45,2024-11-30,2,2024-12-14,wk inc flu hosp,quantile,0.45,25.860607373791392
46,2024-11-30,2,2024-12-14,wk inc flu hosp,quantile,0.45,1.9979399456874476
47,2024-11-30,2,2024-12-14,wk inc flu hosp,quantile,0.45,77.88659761325025
48,2024-11-30,2,2024-12-14,wk inc flu hosp,quantile,0.45,421.3755080026409
49,2024-11-30,2,2024-12-14,wk inc flu hosp,quantile,0.45,26.610268306001107
50,2024-11-30,2,2024-12-14,wk inc flu hosp,quantile,0.45,1.446391615802069
51,2024-11-30,2,2024-12-14,wk inc flu hosp,quantile,0.45,53.1428429258102
53,2024-11-30,2,2024-12-14,wk inc flu hosp,quantile,0.45,54.770709455245346
54,2024-11-30,2,2024-12-14,wk inc flu hosp,quantile,0.45,10.688551635896733
55,2024-11-30,2,2024-12-14,wk inc flu hosp,quantile,0.45,31.0799086241012
56,2024-11-30,2,2024-12-14,wk inc flu hosp,quantile,0.45,11.12736862528187
72,2024-11-30,2,2024-12-14,wk inc flu hosp,quantile,0.45,55.60683549744491
US,2024-11-30,2,2024-12-14,wk inc flu hosp,quantile,0.45,5166.887449373793
01,2024-11-30,3,2024-12-21,wk inc flu hosp,quantile,0.45,83.50402918708647
02,2024-11-30,3,2024-12-21,wk inc flu hosp,quantile,0.45,7.882537359989823
04,2024-11-30,3,2024-12-21,wk inc flu hosp,quantile,0.45,432.88194416433834
05,2024-11-30,3,2024-12-21,wk inc flu hosp,quantile,0.45,19.86390279081896
06,2024-11-30,3,2024-12-21,wk inc flu hosp,quantile,0.45,663.8858364788655
08,2024-11-30,3,2024-12-21,wk inc flu hosp,quantile,0.45,51.65900950132352
09,2024-11-30,3,2024-12-21,wk inc flu hosp,quantile,0.45,13.668733689279927
10,2024-11-30,3,2024-12-21,wk inc flu hosp,quantile,0.45,16.391238627149324
11,2024-11-30,3,2024-12-21,wk inc flu hosp,quantile,0.45,9.15969913176992
12,2024-11-30,3,2024-12-21,wk inc flu hosp,quantile,0.45,544.425786638112
13,2024-11-30,3,2024-12-21,wk inc flu hosp,quantile,0.45,91.82800664412689
15,2024-11-30,3,2024-12-21,wk inc flu hosp,quantile,0.45,11.35477609989728
16,2024-11-30,3,2024-12-21,wk inc flu hosp,quantile,0.45,42.636518582635745
17,2024-11-30,3,2024-12-21,wk inc flu hosp,quantile,0.45,128.1449775781923
18,2024-11-30,3,2024-12-21,wk inc flu hosp,quantile,0.45,69.45204192390311
19,2024-11-30,3,2024-12-21,wk inc flu hosp,quantile,0.45,11.465311285655762
20,2024-11-30,3,2024-12-21,wk inc flu hosp,quantile,0.45,29.76579620112767
21,2024-11-30,3,2024-12-21,wk inc flu hosp,quantile,0.45,38.73073050723134
22,2024-11-30,3,2024-12-21,wk inc flu hosp,quantile,0.45,105.08152648274496
23,2024-11-30,3,2024-12-21,wk inc flu hosp,quantile,0.45,3.1031080577139636
24,2024-11-30,3,2024-12-21,wk inc flu hosp,quantile,0.45,41.35531005464846
25,2024-11-30,3,2024-12-21,wk inc flu hosp,quantile,0.45,84.26050865671502
26,2024-11-30,3,2024-12-21,wk inc flu hosp,quantile,0.45,117.1613168983747
27,2024-11-30,3,2024-12-21,wk inc flu hosp,quantile,0.45,27.46733590176458
28,2024-11-30,3,2024-12-21,wk inc flu hosp,quantile,0.45,33.4667465088735
29,2024-11-30,3,2024-12-21,wk inc flu hosp,quantile,0.45,77.80923845430408
30,2024-11-30,3,2024-12-21,wk inc flu hosp,quantile,0.45,4.143955182048605
31,2024-11-30,3,2024-12-21,wk inc flu hosp,quantile,0.45,9.846427753834451
32,2024-11-30,3,2024-12-21,wk inc flu hosp,quantile,0.45,63.35489444325242
33,2024-11-30,3,2024-12-21,wk inc flu hosp,quantile,0.45,16.72792555493495
34,2024-11-30,3,2024-12-21,wk inc flu hosp,quantile,0.45,34.45271489363054
35,2024-11-30,3,2024-12-21,wk inc flu hosp,quantile,0.45,41.16898813526039
36,2024-11-30,3,2024-12-21,wk inc flu hosp,quantile,0.45,194.1901756666315
37,2024-11-30,3,2024-12-21,wk inc flu hosp,quantile,0.45,54.352331811959196
38,2024-11-30,3,2024-12-21,wk inc flu hosp,quantile,0.45,5.157410489071464
39,2024-11-30,3,2024-12-21,wk inc flu hosp,quantile,0.45,345.7208823638505
40,2024-11-30,3,2024-12-21,wk inc flu hosp,quantile,0.45,35.15852519825457
41,2024-11-30,3,2024-12-21,wk inc flu hosp,quantile,0.45,69.70705902907453
42,2024-11-30,3,2024-12-21,wk inc flu hosp,quantile,0.45,207.5778565194962
44,2024-11-30,3,2024-12-21,wk inc flu hosp,quantile,0.45,4.025877438197802
45,2024-11-30,3,2024-12-21,wk inc flu hosp,quantile,0.45,29.241219618700306
46,2024-11-30,3,2024-12-21,wk inc flu hosp,quantile,0.45,2.4483845104267106
47,2024-11-30,3,2024-12-21,wk inc flu hosp,quantile,0.45,83.34021809199866
48,2024-11-30,3,2024-12-21,wk inc flu hosp,quantile,0.45,459.44733264896473
49,2024-11-30,3,2024-12-21,wk inc flu hosp,quantile,0.45,28.924872717518763
50,2024-11-30,3,2024-12-21,wk inc flu hosp,quantile,0.45,1.7641744747938413
51,2024-11-30,3,2024-12-21,wk inc flu hosp,quantile,0.45,59.5400999315695
53,2024-11-30,3,2024-12-21,wk inc flu hosp,quantile,0.45,61.75136351704021
54,2024-11-30,3,2024-12-21,wk inc flu hosp,quantile,0.45,12.55028039753198
55,2024-11-30,3,2024-12-21,wk inc flu hosp,quantile,0.45,35.564001832292035
56,2024-11-30,3,2024-12-21,wk inc flu hosp,quantile,0.45,12.18063938805847
72,2024-11-30,3,2024-12-21,wk inc flu hosp,quantile,0.45,59.30451589427706
US,2024-11-30,3,2024-12-21,wk inc flu hosp,quantile,0.45,5561.578870129192
01,2024-11-30,0,2024-11-30,wk inc flu hosp,quantile,0.5,58.342104899964966
02,2024-11-30,0,2024-11-30,wk inc flu hosp,quantile,0.5,6.066582017591209
04,2024-11-30,0,2024-11-30,wk inc flu hosp,quantile,0.5,497.42437583170766
05,2024-11-30,0,2024-11-30,wk inc flu hosp,quantile,0.5,11.610722125788147
06,2024-11-30,0,2024-11-30,wk inc flu hosp,quantile,0.5,489.1598961864245
08,2024-11-30,0,2024-11-30,wk inc flu hosp,quantile,0.5,34.59652017759493
09,2024-11-30,0,2024-11-30,wk inc flu hosp,quantile,0.5,6.821352193746838
10,2024-11-30,0,2024-11-30,wk inc flu hosp,quantile,0.5,12.072778458851356
11,2024-11-30,0,2024-11-30,wk inc flu hosp,quantile,0.5,6.419952209924741
12,2024-11-30,0,2024-11-30,wk inc flu hosp,quantile,0.5,445.5313510229309
13,2024-11-30,0,2024-11-30,wk inc flu hosp,quantile,0.5,57.23678882466384
15,2024-11-30,0,2024-11-30,wk inc flu hosp,quantile,0.5,8.961631468051925
16,2024-11-30,0,2024-11-30,wk inc flu hosp,quantile,0.5,30.104049058600776
17,2024-11-30,0,2024-11-30,wk inc flu hosp,quantile,0.5,80.03021383063995
18,2024-11-30,0,2024-11-30,wk inc flu hosp,quantile,0.5,41.69667219263555
19,2024-11-30,0,2024-11-30,wk inc flu hosp,quantile,0.5,5.882480419809914
20,2024-11-30,0,2024-11-30,wk inc flu hosp,quantile,0.5,18.014522812797924
21,2024-11-30,0,2024-11-30,wk inc flu hosp,quantile,0.5,23.14752460679471
22,2024-11-30,0,2024-11-30,wk inc flu hosp,quantile,0.5,86.92742909944745
23,2024-11-30,0,2024-11-30,wk inc flu hosp,quantile,0.5,1.076557224538263
24,2024-11-30,0,2024-11-30,wk inc flu hosp,quantile,0.5,23.355992460769535
25,2024-11-30,0,2024-11-30,wk inc flu hosp,quantile,0.5,52.274133569648306
26,2024-11-30,0,2024-11-30,wk inc flu hosp,quantile,0.5,71.90538183327646
27,2024-11-30,0,2024-11-30,wk inc flu hosp,quantile,0.5,21.03733319251915
28,2024-11-30,0,2024-11-30,wk inc flu hosp,quantile,0.5,22.6084774359769
29,2024-11-30,0,2024-11-30,wk inc flu hosp,quantile,0.5,48.28787196654602
30,2024-11-30,0,2024-11-30,wk inc flu hosp,quantile,0.5,1.9504912102036045
31,2024-11-30,0,2024-11-30,wk inc flu hosp,quantile,0.5,5.396768650150017
32,2024-11-30,0,2024-11-30,wk inc flu hosp,quantile,0.5,48.70181411469554
33,2024-11-30,0,2024-11-30,wk inc flu hosp,quantile,0.5,13.510576129631996
34,2024-11-30,0,2024-11-30,wk inc flu hosp,quantile,0.5,18.752293402120866
35,2024-11-30,0,2024-11-30,wk inc flu hosp,quantile,0.5,27.577650475355295
36,2024-11-30,0,2024-11-30,wk inc flu hosp,quantile,0.5,116.6489658990648
37,2024-11-30,0,2024-11-30,wk inc flu hosp,quantile,0.5,38.23583906310053
38,2024-11-30,0,2024-11-30,wk inc flu hosp,quantile,0.5,3.200595312084794
39,2024-11-30,0,2024-11-30,wk inc flu hosp,quantile,0.5,529.2381601360944
40,2024-11-30,0,2024-11-30,wk inc flu hosp,quantile,0.5,18.573500572711144
41,2024-11-30,0,2024-11-30,wk inc flu hosp,quantile,0.5,49.10045532799674
42,2024-11-30,0,2024-11-30,wk inc flu hosp,quantile,0.5,154.11079522006747
44,2024-11-30,0,2024-11-30,wk inc flu hosp,quantile,0.5,2.4646449389002645
45,2024-11-30,0,2024-11-30,wk inc flu hosp,quantile,0.5,18.35553436672139
46,2024-11-30,0,2024-11-30,wk inc flu hosp,quantile,0.5,1.13418756395851
47,2024-11-30,0,2024-11-30,wk inc flu hosp,quantile,0.5,62.20953486344471
48,2024-11-30,0,2024-11-30,wk inc flu hosp,quantile,0.5,306.19252415949796
49,2024-11-30,0,2024-11-30,wk inc flu hosp,quantile,0.5,20.793530146830303
50,2024-11-30,0,2024-11-30,wk inc flu hosp,quantile,0.5,0.8452622511949072
51,2024-11-30,0,2024-11-30,wk inc flu hosp,quantile,0.5,36.313536945449115
53,2024-11-30,0,2024-11-30,wk inc flu hosp,quantile,0.5,35.36503876371804
54,2024-11-30,0,2024-11-30,wk inc flu hosp,quantile,0.5,7.5304129184248225
55,2024-11-30,0,2024-11-30,wk inc flu hosp,quantile,0.5,20.85570308136898
56,2024-11-30,0,2024-11-30,wk inc flu hosp,quantile,0.5,8.9316061539374
72,2024-11-30,0,2024-11-30,wk inc flu hosp,quantile,0.5,46.986385204048446
US,2024-11-30,0,2024-11-30,wk inc flu hosp,quantile,0.5,4004.1049920690275
01,2024-11-30,1,2024-12-07,wk inc flu hosp,quantile,0.5,70.69777820737872
02,2024-11-30,1,2024-12-07,wk inc flu hosp,quantile,0.5,7.120925508094078
04,2024-11-30,1,2024-12-07,wk inc flu hosp,quantile,0.5,504.341355225356
05,2024-11-30,1,2024-12-07,wk inc flu hosp,quantile,0.5,15.163961236443292
06,2024-11-30,1,2024-12-07,wk inc flu hosp,quantile,0.5,566.5677290037235
08,2024-11-30,1,2024-12-07,wk inc flu hosp,quantile,0.5,42.101124005013865
09,2024-11-30,1,2024-12-07,wk inc flu hosp,quantile,0.5,9.442765268421725
10,2024-11-30,1,2024-12-07,wk inc flu hosp,quantile,0.5,14.346316097530153
11,2024-11-30,1,2024-12-07,wk inc flu hosp,quantile,0.5,7.617909870450081
12,2024-11-30,1,2024-12-07,wk inc flu hosp,quantile,0.5,500.84097710512094
13,2024-11-30,1,2024-12-07,wk inc flu hosp,quantile,0.5,71.41932652777352
15,2024-11-30,1,2024-12-07,wk inc flu hosp,quantile,0.5,10.21691014372111
16,2024-11-30,1,2024-12-07,wk inc flu hosp,quantile,0.5,35.8906310024694
17,2024-11-30,1,2024-12-07,wk inc flu hosp,quantile,0.5,96.97650633141461
18,2024-11-30,1,2024-12-07,wk inc flu hosp,quantile,0.5,52.410422960761515
19,2024-11-30,1,2024-12-07,wk inc flu hosp,quantile,0.5,8.25407423294729
20,2024-11-30,1,2024-12-07,wk inc flu hosp,quantile,0.5,22.17289968271642
21,2024-11-30,1,2024-12-07,wk inc flu hosp,quantile,0.5,29.165705454111308
22,2024-11-30,1,2024-12-07,wk inc flu hosp,quantile,0.5,97.52220089313288
23,2024-11-30,1,2024-12-07,wk inc flu hosp,quantile,0.5,1.9567824457594327
24,2024-11-30,1,2024-12-07,wk inc flu hosp,quantile,0.5,30.58222983116417
25,2024-11-30,1,2024-12-07,wk inc flu hosp,quantile,0.5,64.63062772351256
26,2024-11-30,1,2024-12-07,wk inc flu hosp,quantile,0.5,90.95253755659934
27,2024-11-30,1,2024-12-07,wk inc flu hosp,quantile,0.5,24.335339374667445
28,2024-11-30,1,2024-12-07,wk inc flu hosp,quantile,0.5,27.741826763848927
29,2024-11-30,1,2024-12-07,wk inc flu hosp,quantile,0.5,59.66593522708669
30,2024-11-30,1,2024-12-07,wk inc flu hosp,quantile,0.5,2.8868656719671284
31,2024-11-30,1,2024-12-07,wk inc flu hosp,quantile,0.5,7.246743378441158
32,2024-11-30,1,2024-12-07,wk inc flu hosp,quantile,0.5,57.116636558137
33,2024-11-30,1,2024-12-07,wk inc flu hosp,quantile,0.5,15.526223270289547
34,2024-11-30,1,2024-12-07,wk inc flu hosp,quantile,0.5,26.56794610800531
35,2024-11-30,1,2024-12-07,wk inc flu hosp,quantile,0.5,33.23075016718498
36,2024-11-30,1,2024-12-07,wk inc flu hosp,quantile,0.5,148.7207540882651
37,2024-11-30,1,2024-12-07,wk inc flu hosp,quantile,0.5,46.1440810735899
38,2024-11-30,1,2024-12-07,wk inc flu hosp,quantile,0.5,3.932435861818034
39,2024-11-30,1,2024-12-07,wk inc flu hosp,quantile,0.5,484.46880631089897
40,2024-11-30,1,2024-12-07,wk inc flu hosp,quantile,0.5,25.44508098523603
41,2024-11-30,1,2024-12-07,wk inc flu hosp,quantile,0.5,59.125730910265624
42,2024-11-30,1,2024-12-07,wk inc flu hosp,quantile,0.5,179.75048426824566
44,2024-11-30,1,2024-12-07,wk inc flu hosp,quantile,0.5,3.2226924866375413
45,2024-11-30,1,2024-12-07,wk inc flu hosp,quantile,0.5,22.99573596529912
46,2024-11-30,1,2024-12-07,wk inc flu hosp,quantile,0.5,1.6643761001072175
47,2024-11-30,1,2024-12-07,wk inc flu hosp,quantile,0.5,73.47551218664235
48,2024-11-30,1,2024-12-07,wk inc flu hosp,quantile,0.5,369.40968726095775
49,2024-11-30,1,2024-12-07,wk inc flu hosp,quantile,0.5,24.35547431374504
50,2024-11-30,1,2024-12-07,wk inc flu hosp,quantile,0.5,1.2883460109662495
51,2024-11-30,1,2024-12-07,wk inc flu hosp,quantile,0.5,45.75318917254996
53,2024-11-30,1,2024-12-07,wk inc flu hosp,quantile,0.5,45.95036114835476
54,2024-11-30,1,2024-12-07,wk inc flu hosp,quantile,0.5,9.29254492270839
55,2024-11-30,1,2024-12-07,wk inc flu hosp,quantile,0.5,27.123673268007828
56,2024-11-30,1,2024-12-07,wk inc flu hosp,quantile,0.5,10.394248347454372
72,2024-11-30,1,2024-12-07,wk inc flu hosp,quantile,0.5,53.5678748574272
US,2024-11-30,1,2024-12-07,wk inc flu hosp,quantile,0.5,4741.507091567334
01,2024-11-30,2,2024-12-14,wk inc flu hosp,quantile,0.5,85.06101787636253
02,2024-11-30,2,2024-12-14,wk inc flu hosp,quantile,0.5,8.300623581584517
04,2024-11-30,2,2024-12-14,wk inc flu hosp,quantile,0.5,479.63630001314385
05,2024-11-30,2,2024-12-14,wk inc flu hosp,quantile,0.5,20.65899872973094
06,2024-11-30,2,2024-12-14,wk inc flu hosp,quantile,0.5,667.5734723192661
08,2024-11-30,2,2024-12-14,wk inc flu hosp,quantile,0.5,51.88458438033068
09,2024-11-30,2,2024-12-14,wk inc flu hosp,quantile,0.5,13.85686883604133
10,2024-11-30,2,2024-12-14,wk inc flu hosp,quantile,0.5,17.296916512700143
11,2024-11-30,2,2024-12-14,wk inc flu hosp,quantile,0.5,9.459786702129824
12,2024-11-30,2,2024-12-14,wk inc flu hosp,quantile,0.5,572.8046368182538
13,2024-11-30,2,2024-12-14,wk inc flu hosp,quantile,0.5,92.0880112931783
15,2024-11-30,2,2024-12-14,wk inc flu hosp,quantile,0.5,12.148884672168206
16,2024-11-30,2,2024-12-14,wk inc flu hosp,quantile,0.5,43.21546266222449
17,2024-11-30,2,2024-12-14,wk inc flu hosp,quantile,0.5,124.50578483449262
18,2024-11-30,2,2024-12-14,wk inc flu hosp,quantile,0.5,69.41414620766726
19,2024-11-30,2,2024-12-14,wk inc flu hosp,quantile,0.5,11.818802852063337
20,2024-11-30,2,2024-12-14,wk inc flu hosp,quantile,0.5,28.80467225517049
21,2024-11-30,2,2024-12-14,wk inc flu hosp,quantile,0.5,39.231359233655425
22,2024-11-30,2,2024-12-14,wk inc flu hosp,quantile,0.5,110.77123934864504
23,2024-11-30,2,2024-12-14,wk inc flu hosp,quantile,0.5,3.2262995183972145
24,2024-11-30,2,2024-12-14,wk inc flu hosp,quantile,0.5,40.623787942364466
25,2024-11-30,2,2024-12-14,wk inc flu hosp,quantile,0.5,82.9242105771878
26,2024-11-30,2,2024-12-14,wk inc flu hosp,quantile,0.5,116.99754828569527
27,2024-11-30,2,2024-12-14,wk inc flu hosp,quantile,0.5,30.60900548541026
28,2024-11-30,2,2024-12-14,wk inc flu hosp,quantile,0.5,34.36559815830036
29,2024-11-30,2,2024-12-14,wk inc flu hosp,quantile,0.5,77.10538302150403
30,2024-11-30,2,2024-12-14,wk inc flu hosp,quantile,0.5,4.549940949311434
31,2024-11-30,2,2024-12-14,wk inc flu hosp,quantile,0.5,9.841712450035663
32,2024-11-30,2,2024-12-14,wk inc flu hosp,quantile,0.5,66.409537500982
33,2024-11-30,2,2024-12-14,wk inc flu hosp,quantile,0.5,18.034129493714
34,2024-11-30,2,2024-12-14,wk inc flu hosp,quantile,0.5,39.08748344731549
35,2024-11-30,2,2024-12-14,wk inc flu hosp,quantile,0.5,42.27552367205687
36,2024-11-30,2,2024-12-14,wk inc flu hosp,quantile,0.5,192.15758308761153
37,2024-11-30,2,2024-12-14,wk inc flu hosp,quantile,0.5,58.801765509702534
38,2024-11-30,2,2024-12-14,wk inc flu hosp,quantile,0.5,5.35004945518272
39,2024-11-30,2,2024-12-14,wk inc flu hosp,quantile,0.5,414.38237152221774
40,2024-11-30,2,2024-12-14,wk inc flu hosp,quantile,0.5,35.224831426370066
41,2024-11-30,2,2024-12-14,wk inc flu hosp,quantile,0.5,70.66711537466182
42,2024-11-30,2,2024-12-14,wk inc flu hosp,quantile,0.5,215.61678448714508
44,2024-11-30,2,2024-12-14,wk inc flu hosp,quantile,0.5,4.264769716372289
45,2024-11-30,2,2024-12-14,wk inc flu hosp,quantile,0.5,29.689011049742113
46,2024-11-30,2,2024-12-14,wk inc flu hosp,quantile,0.5,2.501874901308813
47,2024-11-30,2,2024-12-14,wk inc flu hosp,quantile,0.5,88.64014952760071
48,2024-11-30,2,2024-12-14,wk inc flu hosp,quantile,0.5,457.505228292171
49,2024-11-30,2,2024-12-14,wk inc flu hosp,quantile,0.5,28.7778512379575
50,2024-11-30,2,2024-12-14,wk inc flu hosp,quantile,0.5,2.034735731658431
51,2024-11-30,2,2024-12-14,wk inc flu hosp,quantile,0.5,59.761880922336466
53,2024-11-30,2,2024-12-14,wk inc flu hosp,quantile,0.5,60.755449287983744
54,2024-11-30,2,2024-12-14,wk inc flu hosp,quantile,0.5,12.641732806629227
55,2024-11-30,2,2024-12-14,wk inc flu hosp,quantile,0.5,36.22611981983287
56,2024-11-30,2,2024-12-14,wk inc flu hosp,quantile,0.5,12.413217470032212
72,2024-11-30,2,2024-12-14,wk inc flu hosp,quantile,0.5,62.7660064652661
US,2024-11-30,2,2024-12-14,wk inc flu hosp,quantile,0.5,5659.869956336632
01,2024-11-30,3,2024-12-21,wk inc flu hosp,quantile,0.5,92.77689563004552
02,2024-11-30,3,2024-12-21,wk inc flu hosp,quantile,0.5,8.91831591909182
04,2024-11-30,3,2024-12-21,wk inc flu hosp,quantile,0.5,450.9553695918688
05,2024-11-30,3,2024-12-21,wk inc flu hosp,quantile,0.5,23.015815259767304
06,2024-11-30,3,2024-12-21,wk inc flu hosp,quantile,0.5,704.1151672637134
08,2024-11-30,3,2024-12-21,wk inc flu hosp,quantile,0.5,56.29179155023062
09,2024-11-30,3,2024-12-21,wk inc flu hosp,quantile,0.5,15.936597422205447
10,2024-11-30,3,2024-12-21,wk inc flu hosp,quantile,0.5,18.34187768645425
11,2024-11-30,3,2024-12-21,wk inc flu hosp,quantile,0.5,10.559836001746364
12,2024-11-30,3,2024-12-21,wk inc flu hosp,quantile,0.5,605.5888433835388
13,2024-11-30,3,2024-12-21,wk inc flu hosp,quantile,0.5,103.76791255577145
15,2024-11-30,3,2024-12-21,wk inc flu hosp,quantile,0.5,12.732713047313457
16,2024-11-30,3,2024-12-21,wk inc flu hosp,quantile,0.5,46.80125288559004
17,2024-11-30,3,2024-12-21,wk inc flu hosp,quantile,0.5,139.14617507151638
18,2024-11-30,3,2024-12-21,wk inc flu hosp,quantile,0.5,78.53644148896986
19,2024-11-30,3,2024-12-21,wk inc flu hosp,quantile,0.5,13.914751086660681
20,2024-11-30,3,2024-12-21,wk inc flu hosp,quantile,0.5,32.17385275819165
21,2024-11-30,3,2024-12-21,wk inc flu hosp,quantile,0.5,44.00231136471167
22,2024-11-30,3,2024-12-21,wk inc flu hosp,quantile,0.5,116.00215393987666
23,2024-11-30,3,2024-12-21,wk inc flu hosp,quantile,0.5,4.089432367652153
24,2024-11-30,3,2024-12-21,wk inc flu hosp,quantile,0.5,47.19264825143423
25,2024-11-30,3,2024-12-21,wk inc flu hosp,quantile,0.5,91.3538208870654
26,2024-11-30,3,2024-12-21,wk inc flu hosp,quantile,0.5,128.55926384213592
27,2024-11-30,3,2024-12-21,wk inc flu hosp,quantile,0.5,33.275088103171065
28,2024-11-30,3,2024-12-21,wk inc flu hosp,quantile,0.5,37.90244455509695
29,2024-11-30,3,2024-12-21,wk inc flu hosp,quantile,0.5,87.37469616584598
30,2024-11-30,3,2024-12-21,wk inc flu hosp,quantile,0.5,5.521599524669944
31,2024-11-30,3,2024-12-21,wk inc flu hosp,quantile,0.5,11.096339839250934
32,2024-11-30,3,2024-12-21,wk inc flu hosp,quantile,0.5,71.12071030964442
33,2024-11-30,3,2024-12-21,wk inc flu hosp,quantile,0.5,18.607620953034846
34,2024-11-30,3,2024-12-21,wk inc flu hosp,quantile,0.5,42.549539171768764
35,2024-11-30,3,2024-12-21,wk inc flu hosp,quantile,0.5,46.32845355114112
36,2024-11-30,3,2024-12-21,wk inc flu hosp,quantile,0.5,220.49679344909978
37,2024-11-30,3,2024-12-21,wk inc flu hosp,quantile,0.5,64.44957218599586
38,2024-11-30,3,2024-12-21,wk inc flu hosp,quantile,0.5,6.059734702883119
39,2024-11-30,3,2024-12-21,wk inc flu hosp,quantile,0.5,364.72182436561496
40,2024-11-30,3,2024-12-21,wk inc flu hosp,quantile,0.5,41.13305584289039
41,2024-11-30,3,2024-12-21,wk inc flu hosp,quantile,0.5,76.9940186156754
42,2024-11-30,3,2024-12-21,wk inc flu hosp,quantile,0.5,233.42109092525794
44,2024-11-30,3,2024-12-21,wk inc flu hosp,quantile,0.5,4.81132932462043
45,2024-11-30,3,2024-12-21,wk inc flu hosp,quantile,0.5,33.61774764564166
46,2024-11-30,3,2024-12-21,wk inc flu hosp,quantile,0.5,2.906778085315716
47,2024-11-30,3,2024-12-21,wk inc flu hosp,quantile,0.5,93.42563507693247
48,2024-11-30,3,2024-12-21,wk inc flu hosp,quantile,0.5,492.9607972384106
49,2024-11-30,3,2024-12-21,wk inc flu hosp,quantile,0.5,30.814090149415144
50,2024-11-30,3,2024-12-21,wk inc flu hosp,quantile,0.5,2.314974043655349
51,2024-11-30,3,2024-12-21,wk inc flu hosp,quantile,0.5,67.22491670910452
53,2024-11-30,3,2024-12-21,wk inc flu hosp,quantile,0.5,68.13866719085668
54,2024-11-30,3,2024-12-21,wk inc flu hosp,quantile,0.5,14.713186092608737
55,2024-11-30,3,2024-12-21,wk inc flu hosp,quantile,0.5,41.1382340523437
56,2024-11-30,3,2024-12-21,wk inc flu hosp,quantile,0.5,13.430763500696566
72,2024-11-30,3,2024-12-21,wk inc flu hosp,quantile,0.5,66.17444999284713
US,2024-11-30,3,2024-12-21,wk inc flu hosp,quantile,0.5,6079.842025233029
01,2024-11-30,0,2024-11-30,wk inc flu hosp,quantile,0.55,59.47564437045037
02,2024-11-30,0,2024-11-30,wk inc flu hosp,quantile,0.55,6.478348832997195
04,2024-11-30,0,2024-11-30,wk inc flu hosp,quantile,0.55,510.5705127481362
05,2024-11-30,0,2024-11-30,wk inc flu hosp,quantile,0.55,12.026536123057168
06,2024-11-30,0,2024-11-30,wk inc flu hosp,quantile,0.55,496.0007633983484
08,2024-11-30,0,2024-11-30,wk inc flu hosp,quantile,0.55,35.84256130238049
09,2024-11-30,0,2024-11-30,wk inc flu hosp,quantile,0.55,7.3610699159087005
10,2024-11-30,0,2024-11-30,wk inc flu hosp,quantile,0.55,12.558638565012997
11,2024-11-30,0,2024-11-30,wk inc flu hosp,quantile,0.55,6.7355564171343
12,2024-11-30,0,2024-11-30,wk inc flu hosp,quantile,0.55,455.37831207578466
13,2024-11-30,0,2024-11-30,wk inc flu hosp,quantile,0.55,58.340620265891104
15,2024-11-30,0,2024-11-30,wk inc flu hosp,quantile,0.55,9.421052824595982
16,2024-11-30,0,2024-11-30,wk inc flu hosp,quantile,0.55,31.382132849227204
17,2024-11-30,0,2024-11-30,wk inc flu hosp,quantile,0.55,82.00567749245484
18,2024-11-30,0,2024-11-30,wk inc flu hosp,quantile,0.55,42.97169547741928
19,2024-11-30,0,2024-11-30,wk inc flu hosp,quantile,0.55,6.400848781783178
20,2024-11-30,0,2024-11-30,wk inc flu hosp,quantile,0.55,18.603104815277295
21,2024-11-30,0,2024-11-30,wk inc flu hosp,quantile,0.55,23.981608489536196
22,2024-11-30,0,2024-11-30,wk inc flu hosp,quantile,0.55,90.5178407137208
23,2024-11-30,0,2024-11-30,wk inc flu hosp,quantile,0.55,1.29066577976627
24,2024-11-30,0,2024-11-30,wk inc flu hosp,quantile,0.55,23.9190830820322
25,2024-11-30,0,2024-11-30,wk inc flu hosp,quantile,0.55,54.34931063377278
26,2024-11-30,0,2024-11-30,wk inc flu hosp,quantile,0.55,73.69315883433283
27,2024-11-30,0,2024-11-30,wk inc flu hosp,quantile,0.55,22.2606994483251
28,2024-11-30,0,2024-11-30,wk inc flu hosp,quantile,0.55,23.737801232323964
29,2024-11-30,0,2024-11-30,wk inc flu hosp,quantile,0.55,49.3611070227455
30,2024-11-30,0,2024-11-30,wk inc flu hosp,quantile,0.55,2.367688149321843
31,2024-11-30,0,2024-11-30,wk inc flu hosp,quantile,0.55,5.9059814691563846
32,2024-11-30,0,2024-11-30,wk inc flu hosp,quantile,0.55,49.93799154144993
33,2024-11-30,0,2024-11-30,wk inc flu hosp,quantile,0.55,14.167297347035115
34,2024-11-30,0,2024-11-30,wk inc flu hosp,quantile,0.55,20.496345928651223
35,2024-11-30,0,2024-11-30,wk inc flu hosp,quantile,0.55,28.133124704656336
36,2024-11-30,0,2024-11-30,wk inc flu hosp,quantile,0.55,118.93435207716337
37,2024-11-30,0,2024-11-30,wk inc flu hosp,quantile,0.55,40.238557789217154
38,2024-11-30,0,2024-11-30,wk inc flu hosp,quantile,0.55,3.4616893985727377
39,2024-11-30,0,2024-11-30,wk inc flu hosp,quantile,0.55,564.4379235490067
40,2024-11-30,0,2024-11-30,wk inc flu hosp,quantile,0.55,19.3234604803643
41,2024-11-30,0,2024-11-30,wk inc flu hosp,quantile,0.55,50.71057434411702
42,2024-11-30,0,2024-11-30,wk inc flu hosp,quantile,0.55,157.97394588555633
44,2024-11-30,0,2024-11-30,wk inc flu hosp,quantile,0.55,2.688457305691505
45,2024-11-30,0,2024-11-30,wk inc flu hosp,quantile,0.55,19.149633511871755
46,2024-11-30,0,2024-11-30,wk inc flu hosp,quantile,0.55,1.2239159908568251
47,2024-11-30,0,2024-11-30,wk inc flu hosp,quantile,0.55,64.95307216954073
48,2024-11-30,0,2024-11-30,wk inc flu hosp,quantile,0.55,310.49243276071087
49,2024-11-30,0,2024-11-30,wk inc flu hosp,quantile,0.55,21.34215037948037
50,2024-11-30,0,2024-11-30,wk inc flu hosp,quantile,0.55,1.023317031364005
51,2024-11-30,0,2024-11-30,wk inc flu hosp,quantile,0.55,37.749992788146464
53,2024-11-30,0,2024-11-30,wk inc flu hosp,quantile,0.55,36.27089187503138
54,2024-11-30,0,2024-11-30,wk inc flu hosp,quantile,0.55,7.808229033981987
55,2024-11-30,0,2024-11-30,wk inc flu hosp,quantile,0.55,21.49471622313535
56,2024-11-30,0,2024-11-30,wk inc flu hosp,quantile,0.55,9.321860746581034
72,2024-11-30,0,2024-11-30,wk inc flu hosp,quantile,0.55,48.28709239579927
US,2024-11-30,0,2024-11-30,wk inc flu hosp,quantile,0.55,4031.0983460072835
01,2024-11-30,1,2024-12-07,wk inc flu hosp,quantile,0.55,72.75683219218296
02,2024-11-30,1,2024-12-07,wk inc flu hosp,quantile,0.55,7.736445811769322
04,2024-11-30,1,2024-12-07,wk inc flu hosp,quantile,0.55,515.3225511695022
05,2024-11-30,1,2024-12-07,wk inc flu hosp,quantile,0.55,16.43715811689813
06,2024-11-30,1,2024-12-07,wk inc flu hosp,quantile,0.55,585.8258485053329
08,2024-11-30,1,2024-12-07,wk inc flu hosp,quantile,0.55,44.33293749359677
09,2024-11-30,1,2024-12-07,wk inc flu hosp,quantile,0.55,10.428090954595634
10,2024-11-30,1,2024-12-07,wk inc flu hosp,quantile,0.55,14.950310002231516
11,2024-11-30,1,2024-12-07,wk inc flu hosp,quantile,0.55,8.173360339277647
12,2024-11-30,1,2024-12-07,wk inc flu hosp,quantile,0.55,516.6025728714362
13,2024-11-30,1,2024-12-07,wk inc flu hosp,quantile,0.55,74.93859385271469
15,2024-11-30,1,2024-12-07,wk inc flu hosp,quantile,0.55,11.003439515053978
16,2024-11-30,1,2024-12-07,wk inc flu hosp,quantile,0.55,37.9803994292429
17,2024-11-30,1,2024-12-07,wk inc flu hosp,quantile,0.55,102.1690117734324
18,2024-11-30,1,2024-12-07,wk inc flu hosp,quantile,0.55,55.343691144676235
19,2024-11-30,1,2024-12-07,wk inc flu hosp,quantile,0.55,9.3081648591475
20,2024-11-30,1,2024-12-07,wk inc flu hosp,quantile,0.55,23.601497522317146
21,2024-11-30,1,2024-12-07,wk inc flu hosp,quantile,0.55,30.960168836260177
22,2024-11-30,1,2024-12-07,wk inc flu hosp,quantile,0.55,103.35895684386043
23,2024-11-30,1,2024-12-07,wk inc flu hosp,quantile,0.55,2.3430693061044767
24,2024-11-30,1,2024-12-07,wk inc flu hosp,quantile,0.55,32.40762293324389
25,2024-11-30,1,2024-12-07,wk inc flu hosp,quantile,0.55,67.5109961094604
26,2024-11-30,1,2024-12-07,wk inc flu hosp,quantile,0.55,94.68016059168777
27,2024-11-30,1,2024-12-07,wk inc flu hosp,quantile,0.55,27.16790014848701
28,2024-11-30,1,2024-12-07,wk inc flu hosp,quantile,0.55,28.998838250542594
29,2024-11-30,1,2024-12-07,wk inc flu hosp,quantile,0.55,62.64076137485981
30,2024-11-30,1,2024-12-07,wk inc flu hosp,quantile,0.55,3.4974721068621033
31,2024-11-30,1,2024-12-07,wk inc flu hosp,quantile,0.55,8.061171928861032
32,2024-11-30,1,2024-12-07,wk inc flu hosp,quantile,0.55,58.27337267608972
33,2024-11-30,1,2024-12-07,wk inc flu hosp,quantile,0.55,16.62998220722549
34,2024-11-30,1,2024-12-07,wk inc flu hosp,quantile,0.55,30.06939545946435
35,2024-11-30,1,2024-12-07,wk inc flu hosp,quantile,0.55,34.58533659138723
36,2024-11-30,1,2024-12-07,wk inc flu hosp,quantile,0.55,153.40415155035677
37,2024-11-30,1,2024-12-07,wk inc flu hosp,quantile,0.55,49.2962048180399
38,2024-11-30,1,2024-12-07,wk inc flu hosp,quantile,0.55,4.380229445300459
39,2024-11-30,1,2024-12-07,wk inc flu hosp,quantile,0.55,516.2008876217116
40,2024-11-30,1,2024-12-07,wk inc flu hosp,quantile,0.55,26.800294730944188
41,2024-11-30,1,2024-12-07,wk inc flu hosp,quantile,0.55,61.08130748048212
42,2024-11-30,1,2024-12-07,wk inc flu hosp,quantile,0.55,188.0368312183656
44,2024-11-30,1,2024-12-07,wk inc flu hosp,quantile,0.55,3.5045856768783064
45,2024-11-30,1,2024-12-07,wk inc flu hosp,quantile,0.55,24.85018489898298
46,2024-11-30,1,2024-12-07,wk inc flu hosp,quantile,0.55,1.8934735799407878
47,2024-11-30,1,2024-12-07,wk inc flu hosp,quantile,0.55,77.22761840696793
48,2024-11-30,1,2024-12-07,wk inc flu hosp,quantile,0.55,381.6195679726685
49,2024-11-30,1,2024-12-07,wk inc flu hosp,quantile,0.55,25.786977201163968
50,2024-11-30,1,2024-12-07,wk inc flu hosp,quantile,0.55,1.625226675961501
51,2024-11-30,1,2024-12-07,wk inc flu hosp,quantile,0.55,48.50560892892156
53,2024-11-30,1,2024-12-07,wk inc flu hosp,quantile,0.55,48.009496976288396
54,2024-11-30,1,2024-12-07,wk inc flu hosp,quantile,0.55,10.179969430745214
55,2024-11-30,1,2024-12-07,wk inc flu hosp,quantile,0.55,27.3075696295657
56,2024-11-30,1,2024-12-07,wk inc flu hosp,quantile,0.55,10.995558712930475
72,2024-11-30,1,2024-12-07,wk inc flu hosp,quantile,0.55,55.19863090129645
US,2024-11-30,1,2024-12-07,wk inc flu hosp,quantile,0.55,4806.039536858231
01,2024-11-30,2,2024-12-14,wk inc flu hosp,quantile,0.55,88.76190485786881
02,2024-11-30,2,2024-12-14,wk inc flu hosp,quantile,0.55,9.182142898235059
04,2024-11-30,2,2024-12-14,wk inc flu hosp,quantile,0.55,496.61318370675673
05,2024-11-30,2,2024-12-14,wk inc flu hosp,quantile,0.55,22.240211014957563
06,2024-11-30,2,2024-12-14,wk inc flu hosp,quantile,0.55,699.5766902853591
08,2024-11-30,2,2024-12-14,wk inc flu hosp,quantile,0.55,55.92161152726268
09,2024-11-30,2,2024-12-14,wk inc flu hosp,quantile,0.55,15.36027713855925
10,2024-11-30,2,2024-12-14,wk inc flu hosp,quantile,0.55,18.166581585997882
11,2024-11-30,2,2024-12-14,wk inc flu hosp,quantile,0.55,10.512258304577218
12,2024-11-30,2,2024-12-14,wk inc flu hosp,quantile,0.55,586.2192264969389
13,2024-11-30,2,2024-12-14,wk inc flu hosp,quantile,0.55,97.95340235007791
15,2024-11-30,2,2024-12-14,wk inc flu hosp,quantile,0.55,12.96991237369102
16,2024-11-30,2,2024-12-14,wk inc flu hosp,quantile,0.55,46.59932558188542
17,2024-11-30,2,2024-12-14,wk inc flu hosp,quantile,0.55,132.37020838398092
18,2024-11-30,2,2024-12-14,wk inc flu hosp,quantile,0.55,75.55940729440015
19,2024-11-30,2,2024-12-14,wk inc flu hosp,quantile,0.55,13.49249744106023
20,2024-11-30,2,2024-12-14,wk inc flu hosp,quantile,0.55,30.799338524120675
21,2024-11-30,2,2024-12-14,wk inc flu hosp,quantile,0.55,41.64079552912214
22,2024-11-30,2,2024-12-14,wk inc flu hosp,quantile,0.55,118.13995421072073
23,2024-11-30,2,2024-12-14,wk inc flu hosp,quantile,0.55,3.8715850153189844
24,2024-11-30,2,2024-12-14,wk inc flu hosp,quantile,0.55,44.86958273990692
25,2024-11-30,2,2024-12-14,wk inc flu hosp,quantile,0.55,88.8923393392648
26,2024-11-30,2,2024-12-14,wk inc flu hosp,quantile,0.55,125.54176287019277
27,2024-11-30,2,2024-12-14,wk inc flu hosp,quantile,0.55,34.24774064968121
28,2024-11-30,2,2024-12-14,wk inc flu hosp,quantile,0.55,37.07466800073095
29,2024-11-30,2,2024-12-14,wk inc flu hosp,quantile,0.55,82.1639841947321
30,2024-11-30,2,2024-12-14,wk inc flu hosp,quantile,0.55,5.137149614879644
31,2024-11-30,2,2024-12-14,wk inc flu hosp,quantile,0.55,11.184555456771834
32,2024-11-30,2,2024-12-14,wk inc flu hosp,quantile,0.55,70.14435757482059
33,2024-11-30,2,2024-12-14,wk inc flu hosp,quantile,0.55,19.36440831406668
34,2024-11-30,2,2024-12-14,wk inc flu hosp,quantile,0.55,42.13879907378253
35,2024-11-30,2,2024-12-14,wk inc flu hosp,quantile,0.55,44.26448698114174
36,2024-11-30,2,2024-12-14,wk inc flu hosp,quantile,0.55,207.63899688142513
37,2024-11-30,2,2024-12-14,wk inc flu hosp,quantile,0.55,63.2770991088324
38,2024-11-30,2,2024-12-14,wk inc flu hosp,quantile,0.55,5.987066572383819
39,2024-11-30,2,2024-12-14,wk inc flu hosp,quantile,0.55,453.0390622700285
40,2024-11-30,2,2024-12-14,wk inc flu hosp,quantile,0.55,38.32529652406759
41,2024-11-30,2,2024-12-14,wk inc flu hosp,quantile,0.55,74.92772766330219
42,2024-11-30,2,2024-12-14,wk inc flu hosp,quantile,0.55,229.3963426528664
44,2024-11-30,2,2024-12-14,wk inc flu hosp,quantile,0.55,4.916536485243241
45,2024-11-30,2,2024-12-14,wk inc flu hosp,quantile,0.55,32.32856476920481
46,2024-11-30,2,2024-12-14,wk inc flu hosp,quantile,0.55,2.8350024902090074
47,2024-11-30,2,2024-12-14,wk inc flu hosp,quantile,0.55,94.00542818154022
48,2024-11-30,2,2024-12-14,wk inc flu hosp,quantile,0.55,480.2054138446494
49,2024-11-30,2,2024-12-14,wk inc flu hosp,quantile,0.55,30.84736555111148
50,2024-11-30,2,2024-12-14,wk inc flu hosp,quantile,0.55,2.4595662169552
51,2024-11-30,2,2024-12-14,wk inc flu hosp,quantile,0.55,64.51707556981088
53,2024-11-30,2,2024-12-14,wk inc flu hosp,quantile,0.55,64.90109382159059
54,2024-11-30,2,2024-12-14,wk inc flu hosp,quantile,0.55,13.945191379421649
55,2024-11-30,2,2024-12-14,wk inc flu hosp,quantile,0.55,38.48334411468968
56,2024-11-30,2,2024-12-14,wk inc flu hosp,quantile,0.55,13.33154314748013
72,2024-11-30,2,2024-12-14,wk inc flu hosp,quantile,0.55,65.0544653045352
US,2024-11-30,2,2024-12-14,wk inc flu hosp,quantile,0.55,5869.888117765919
01,2024-11-30,3,2024-12-21,wk inc flu hosp,quantile,0.55,99.18738585968438
02,2024-11-30,3,2024-12-21,wk inc flu hosp,quantile,0.55,9.94639208728528
04,2024-11-30,3,2024-12-21,wk inc flu hosp,quantile,0.55,469.7692474478451
05,2024-11-30,3,2024-12-21,wk inc flu hosp,quantile,0.55,25.886024366308177
06,2024-11-30,3,2024-12-21,wk inc flu hosp,quantile,0.55,758.7073995816454
08,2024-11-30,3,2024-12-21,wk inc flu hosp,quantile,0.55,61.687557455259686
09,2024-11-30,3,2024-12-21,wk inc flu hosp,quantile,0.55,17.71335626191544
10,2024-11-30,3,2024-12-21,wk inc flu hosp,quantile,0.55,19.737199535872058
11,2024-11-30,3,2024-12-21,wk inc flu hosp,quantile,0.55,11.94794857239721
12,2024-11-30,3,2024-12-21,wk inc flu hosp,quantile,0.55,626.6124601764428
13,2024-11-30,3,2024-12-21,wk inc flu hosp,quantile,0.55,113.41272971762439
15,2024-11-30,3,2024-12-21,wk inc flu hosp,quantile,0.55,13.906599597222025
16,2024-11-30,3,2024-12-21,wk inc flu hosp,quantile,0.55,52.287007231892396
17,2024-11-30,3,2024-12-21,wk inc flu hosp,quantile,0.55,150.29854592132835
18,2024-11-30,3,2024-12-21,wk inc flu hosp,quantile,0.55,86.64207163639433
19,2024-11-30,3,2024-12-21,wk inc flu hosp,quantile,0.55,16.19130130314181
20,2024-11-30,3,2024-12-21,wk inc flu hosp,quantile,0.55,35.44767928489964
21,2024-11-30,3,2024-12-21,wk inc flu hosp,quantile,0.55,48.645751141621794
22,2024-11-30,3,2024-12-21,wk inc flu hosp,quantile,0.55,123.10345254993476
23,2024-11-30,3,2024-12-21,wk inc flu hosp,quantile,0.55,4.907588938910483
24,2024-11-30,3,2024-12-21,wk inc flu hosp,quantile,0.55,52.92248130630413
25,2024-11-30,3,2024-12-21,wk inc flu hosp,quantile,0.55,101.21726586274713
26,2024-11-30,3,2024-12-21,wk inc flu hosp,quantile,0.55,142.10672113851578
27,2024-11-30,3,2024-12-21,wk inc flu hosp,quantile,0.55,38.75084168389673
28,2024-11-30,3,2024-12-21,wk inc flu hosp,quantile,0.55,41.96932342868949
29,2024-11-30,3,2024-12-21,wk inc flu hosp,quantile,0.55,93.81123312057896
30,2024-11-30,3,2024-12-21,wk inc flu hosp,quantile,0.55,6.3631043033066055
31,2024-11-30,3,2024-12-21,wk inc flu hosp,quantile,0.55,13.077166147860734
32,2024-11-30,3,2024-12-21,wk inc flu hosp,quantile,0.55,75.37026427692788
33,2024-11-30,3,2024-12-21,wk inc flu hosp,quantile,0.55,20.631270986422848
34,2024-11-30,3,2024-12-21,wk inc flu hosp,quantile,0.55,49.82505204912642
35,2024-11-30,3,2024-12-21,wk inc flu hosp,quantile,0.55,49.79428788850513
36,2024-11-30,3,2024-12-21,wk inc flu hosp,quantile,0.55,239.4552378857919
37,2024-11-30,3,2024-12-21,wk inc flu hosp,quantile,0.55,70.40696959355985
38,2024-11-30,3,2024-12-21,wk inc flu hosp,quantile,0.55,6.919980366459873
39,2024-11-30,3,2024-12-21,wk inc flu hosp,quantile,0.55,407.0791945879819
40,2024-11-30,3,2024-12-21,wk inc flu hosp,quantile,0.55,45.87964510545862
41,2024-11-30,3,2024-12-21,wk inc flu hosp,quantile,0.55,82.09488040184341
42,2024-11-30,3,2024-12-21,wk inc flu hosp,quantile,0.55,252.84296677236642
44,2024-11-30,3,2024-12-21,wk inc flu hosp,quantile,0.55,5.565939483799016
45,2024-11-30,3,2024-12-21,wk inc flu hosp,quantile,0.55,37.95711575837778
46,2024-11-30,3,2024-12-21,wk inc flu hosp,quantile,0.55,3.3802989471397336
47,2024-11-30,3,2024-12-21,wk inc flu hosp,quantile,0.55,101.51812826698858
48,2024-11-30,3,2024-12-21,wk inc flu hosp,quantile,0.55,537.1067028815232
49,2024-11-30,3,2024-12-21,wk inc flu hosp,quantile,0.55,33.157514367850666
50,2024-11-30,3,2024-12-21,wk inc flu hosp,quantile,0.55,2.969321474996428
51,2024-11-30,3,2024-12-21,wk inc flu hosp,quantile,0.55,75.7215936643513
53,2024-11-30,3,2024-12-21,wk inc flu hosp,quantile,0.55,74.89199530613006
54,2024-11-30,3,2024-12-21,wk inc flu hosp,quantile,0.55,16.262570801591774
55,2024-11-30,3,2024-12-21,wk inc flu hosp,quantile,0.55,44.98438200351298
56,2024-11-30,3,2024-12-21,wk inc flu hosp,quantile,0.55,14.78858155273028
72,2024-11-30,3,2024-12-21,wk inc flu hosp,quantile,0.55,69.19445233955636
US,2024-11-30,3,2024-12-21,wk inc flu hosp,quantile,0.55,6455.959910127219
01,2024-11-30,0,2024-11-30,wk inc flu hosp,quantile,0.6,61.754655682177905
02,2024-11-30,0,2024-11-30,wk inc flu hosp,quantile,0.6,6.821729218892903
04,2024-11-30,0,2024-11-30,wk inc flu hosp,quantile,0.6,520.955841872319
05,2024-11-30,0,2024-11-30,wk inc flu hosp,quantile,0.6,13.165710799117184
06,2024-11-30,0,2024-11-30,wk inc flu hosp,quantile,0.6,507.90729796322887
08,2024-11-30,0,2024-11-30,wk inc flu hosp,quantile,0.6,36.54387486437481
09,2024-11-30,0,2024-11-30,wk inc flu hosp,quantile,0.6,8.378398864220745
10,2024-11-30,0,2024-11-30,wk inc flu hosp,quantile,0.6,13.387745305772151
11,2024-11-30,0,2024-11-30,wk inc flu hosp,quantile,0.6,7.219692901031908
12,2024-11-30,0,2024-11-30,wk inc flu hosp,quantile,0.6,478.3591439781857
13,2024-11-30,0,2024-11-30,wk inc flu hosp,quantile,0.6,60.226335522189515
15,2024-11-30,0,2024-11-30,wk inc flu hosp,quantile,0.6,10.086259662629583
16,2024-11-30,0,2024-11-30,wk inc flu hosp,quantile,0.6,32.8946530923813
17,2024-11-30,0,2024-11-30,wk inc flu hosp,quantile,0.6,85.01263900332876
18,2024-11-30,0,2024-11-30,wk inc flu hosp,quantile,0.6,43.903295705896106
19,2024-11-30,0,2024-11-30,wk inc flu hosp,quantile,0.6,6.717429243285752
20,2024-11-30,0,2024-11-30,wk inc flu hosp,quantile,0.6,19.251786533205962
21,2024-11-30,0,2024-11-30,wk inc flu hosp,quantile,0.6,24.522466471440705
22,2024-11-30,0,2024-11-30,wk inc flu hosp,quantile,0.6,93.5125584660451
23,2024-11-30,0,2024-11-30,wk inc flu hosp,quantile,0.6,1.4689170846911188
24,2024-11-30,0,2024-11-30,wk inc flu hosp,quantile,0.6,24.681952802936145
25,2024-11-30,0,2024-11-30,wk inc flu hosp,quantile,0.6,55.39551085109091
26,2024-11-30,0,2024-11-30,wk inc flu hosp,quantile,0.6,76.79614872695026
27,2024-11-30,0,2024-11-30,wk inc flu hosp,quantile,0.6,24.887495389809533
28,2024-11-30,0,2024-11-30,wk inc flu hosp,quantile,0.6,24.69898598701259
29,2024-11-30,0,2024-11-30,wk inc flu hosp,quantile,0.6,50.5752759851001
30,2024-11-30,0,2024-11-30,wk inc flu hosp,quantile,0.6,2.6617072378058104
31,2024-11-30,0,2024-11-30,wk inc flu hosp,quantile,0.6,6.378716348424207
32,2024-11-30,0,2024-11-30,wk inc flu hosp,quantile,0.6,51.676646518833394
33,2024-11-30,0,2024-11-30,wk inc flu hosp,quantile,0.6,15.034890149311849
34,2024-11-30,0,2024-11-30,wk inc flu hosp,quantile,0.6,22.495276833945983
35,2024-11-30,0,2024-11-30,wk inc flu hosp,quantile,0.6,29.269688132143173
36,2024-11-30,0,2024-11-30,wk inc flu hosp,quantile,0.6,123.795798681765
37,2024-11-30,0,2024-11-30,wk inc flu hosp,quantile,0.6,42.933256503111224
38,2024-11-30,0,2024-11-30,wk inc flu hosp,quantile,0.6,3.7208668959749067
39,2024-11-30,0,2024-11-30,wk inc flu hosp,quantile,0.6,578.838517857487
40,2024-11-30,0,2024-11-30,wk inc flu hosp,quantile,0.6,20.74166567134671
41,2024-11-30,0,2024-11-30,wk inc flu hosp,quantile,0.6,52.60399785735101
42,2024-11-30,0,2024-11-30,wk inc flu hosp,quantile,0.6,162.6751599376285
44,2024-11-30,0,2024-11-30,wk inc flu hosp,quantile,0.6,2.874620643672967
45,2024-11-30,0,2024-11-30,wk inc flu hosp,quantile,0.6,20.642083032151938
46,2024-11-30,0,2024-11-30,wk inc flu hosp,quantile,0.6,1.5669823239343048
47,2024-11-30,0,2024-11-30,wk inc flu hosp,quantile,0.6,68.35932626135371
48,2024-11-30,0,2024-11-30,wk inc flu hosp,quantile,0.6,319.08235541199133
49,2024-11-30,0,2024-11-30,wk inc flu hosp,quantile,0.6,22.13854385024007
50,2024-11-30,0,2024-11-30,wk inc flu hosp,quantile,0.6,1.234128339567226
51,2024-11-30,0,2024-11-30,wk inc flu hosp,quantile,0.6,38.47031287050763
53,2024-11-30,0,2024-11-30,wk inc flu hosp,quantile,0.6,37.98413738689011
54,2024-11-30,0,2024-11-30,wk inc flu hosp,quantile,0.6,8.290110560427724
55,2024-11-30,0,2024-11-30,wk inc flu hosp,quantile,0.6,22.929799215950197
56,2024-11-30,0,2024-11-30,wk inc flu hosp,quantile,0.6,9.736191114379242
72,2024-11-30,0,2024-11-30,wk inc flu hosp,quantile,0.6,50.77246378474551
US,2024-11-30,0,2024-11-30,wk inc flu hosp,quantile,0.6,4103.37118568537
01,2024-11-30,1,2024-12-07,wk inc flu hosp,quantile,0.6,75.30063065129973
02,2024-11-30,1,2024-12-07,wk inc flu hosp,quantile,0.6,8.193177139312663
04,2024-11-30,1,2024-12-07,wk inc flu hosp,quantile,0.6,537.8664390018215
05,2024-11-30,1,2024-12-07,wk inc flu hosp,quantile,0.6,17.629672522615465
06,2024-11-30,1,2024-12-07,wk inc flu hosp,quantile,0.6,594.4064411482491
08,2024-11-30,1,2024-12-07,wk inc flu hosp,quantile,0.6,45.856970081945974
09,2024-11-30,1,2024-12-07,wk inc flu hosp,quantile,0.6,11.565853568747558
10,2024-11-30,1,2024-12-07,wk inc flu hosp,quantile,0.6,15.84018492779047
11,2024-11-30,1,2024-12-07,wk inc flu hosp,quantile,0.6,8.692718587008162
12,2024-11-30,1,2024-12-07,wk inc flu hosp,quantile,0.6,541.5980914787456
13,2024-11-30,1,2024-12-07,wk inc flu hosp,quantile,0.6,77.80941487238391
15,2024-11-30,1,2024-12-07,wk inc flu hosp,quantile,0.6,11.860609508618255
16,2024-11-30,1,2024-12-07,wk inc flu hosp,quantile,0.6,39.501877254766306
17,2024-11-30,1,2024-12-07,wk inc flu hosp,quantile,0.6,105.34436267511941
18,2024-11-30,1,2024-12-07,wk inc flu hosp,quantile,0.6,57.748142121052965
19,2024-11-30,1,2024-12-07,wk inc flu hosp,quantile,0.6,10.026863310161746
20,2024-11-30,1,2024-12-07,wk inc flu hosp,quantile,0.6,24.632630989731247
21,2024-11-30,1,2024-12-07,wk inc flu hosp,quantile,0.6,31.740231943396676
22,2024-11-30,1,2024-12-07,wk inc flu hosp,quantile,0.6,106.88453239484927
23,2024-11-30,1,2024-12-07,wk inc flu hosp,quantile,0.6,2.681189871305479
24,2024-11-30,1,2024-12-07,wk inc flu hosp,quantile,0.6,33.53572994347349
25,2024-11-30,1,2024-12-07,wk inc flu hosp,quantile,0.6,70.26526226833926
26,2024-11-30,1,2024-12-07,wk inc flu hosp,quantile,0.6,98.54010756209604
27,2024-11-30,1,2024-12-07,wk inc flu hosp,quantile,0.6,29.243417870775637
28,2024-11-30,1,2024-12-07,wk inc flu hosp,quantile,0.6,30.337543488739556
29,2024-11-30,1,2024-12-07,wk inc flu hosp,quantile,0.6,65.13019195649247
30,2024-11-30,1,2024-12-07,wk inc flu hosp,quantile,0.6,3.9073963975330943
31,2024-11-30,1,2024-12-07,wk inc flu hosp,quantile,0.6,8.662464683105588
32,2024-11-30,1,2024-12-07,wk inc flu hosp,quantile,0.6,60.888416671226814
33,2024-11-30,1,2024-12-07,wk inc flu hosp,quantile,0.6,17.479186071368854
34,2024-11-30,1,2024-12-07,wk inc flu hosp,quantile,0.6,32.44287833312962
35,2024-11-30,1,2024-12-07,wk inc flu hosp,quantile,0.6,36.311329334725606
36,2024-11-30,1,2024-12-07,wk inc flu hosp,quantile,0.6,159.57606233022798
37,2024-11-30,1,2024-12-07,wk inc flu hosp,quantile,0.6,52.55663861727763
38,2024-11-30,1,2024-12-07,wk inc flu hosp,quantile,0.6,4.729323264885384
39,2024-11-30,1,2024-12-07,wk inc flu hosp,quantile,0.6,536.3094582176227
40,2024-11-30,1,2024-12-07,wk inc flu hosp,quantile,0.6,28.924835275599207
41,2024-11-30,1,2024-12-07,wk inc flu hosp,quantile,0.6,64.37837023811316
42,2024-11-30,1,2024-12-07,wk inc flu hosp,quantile,0.6,193.39797292709667
44,2024-11-30,1,2024-12-07,wk inc flu hosp,quantile,0.6,3.8467872630432045
45,2024-11-30,1,2024-12-07,wk inc flu hosp,quantile,0.6,26.64586370321562
46,2024-11-30,1,2024-12-07,wk inc flu hosp,quantile,0.6,2.2553146661143866
47,2024-11-30,1,2024-12-07,wk inc flu hosp,quantile,0.6,81.70574422640921
48,2024-11-30,1,2024-12-07,wk inc flu hosp,quantile,0.6,391.7406300072358
49,2024-11-30,1,2024-12-07,wk inc flu hosp,quantile,0.6,26.475711808150837
50,2024-11-30,1,2024-12-07,wk inc flu hosp,quantile,0.6,1.8713090537837125
51,2024-11-30,1,2024-12-07,wk inc flu hosp,quantile,0.6,50.65616481018047
53,2024-11-30,1,2024-12-07,wk inc flu hosp,quantile,0.6,50.077494636884815
54,2024-11-30,1,2024-12-07,wk inc flu hosp,quantile,0.6,10.983277010035179
55,2024-11-30,1,2024-12-07,wk inc flu hosp,quantile,0.6,29.90614181289382
56,2024-11-30,1,2024-12-07,wk inc flu hosp,quantile,0.6,11.562412085825805
72,2024-11-30,1,2024-12-07,wk inc flu hosp,quantile,0.6,57.959269801999724
US,2024-11-30,1,2024-12-07,wk inc flu hosp,quantile,0.6,4960.449458687875
01,2024-11-30,2,2024-12-14,wk inc flu hosp,quantile,0.6,94.51006997823816
02,2024-11-30,2,2024-12-14,wk inc flu hosp,quantile,0.6,10.155205975264275
04,2024-11-30,2,2024-12-14,wk inc flu hosp,quantile,0.6,529.9205414542748
05,2024-11-30,2,2024-12-14,wk inc flu hosp,quantile,0.6,24.597793545935115
06,2024-11-30,2,2024-12-14,wk inc flu hosp,quantile,0.6,738.2174471665435
08,2024-11-30,2,2024-12-14,wk inc flu hosp,quantile,0.6,59.48496229309209
09,2024-11-30,2,2024-12-14,wk inc flu hosp,quantile,0.6,16.276234698508333
10,2024-11-30,2,2024-12-14,wk inc flu hosp,quantile,0.6,19.5690006031355
11,2024-11-30,2,2024-12-14,wk inc flu hosp,quantile,0.6,11.362254134425472
12,2024-11-30,2,2024-12-14,wk inc flu hosp,quantile,0.6,640.1425256473673
13,2024-11-30,2,2024-12-14,wk inc flu hosp,quantile,0.6,105.84172411781026
15,2024-11-30,2,2024-12-14,wk inc flu hosp,quantile,0.6,14.637553729324168
16,2024-11-30,2,2024-12-14,wk inc flu hosp,quantile,0.6,49.346705545396134
17,2024-11-30,2,2024-12-14,wk inc flu hosp,quantile,0.6,139.00599082904984
18,2024-11-30,2,2024-12-14,wk inc flu hosp,quantile,0.6,80.0570764873479
19,2024-11-30,2,2024-12-14,wk inc flu hosp,quantile,0.6,14.408704129677353
20,2024-11-30,2,2024-12-14,wk inc flu hosp,quantile,0.6,32.83392930954975
21,2024-11-30,2,2024-12-14,wk inc flu hosp,quantile,0.6,44.54948021801833
22,2024-11-30,2,2024-12-14,wk inc flu hosp,quantile,0.6,127.13756622588815
23,2024-11-30,2,2024-12-14,wk inc flu hosp,quantile,0.6,4.498698083713337
24,2024-11-30,2,2024-12-14,wk inc flu hosp,quantile,0.6,47.34121914242855
25,2024-11-30,2,2024-12-14,wk inc flu hosp,quantile,0.6,94.15943834556961
26,2024-11-30,2,2024-12-14,wk inc flu hosp,quantile,0.6,133.57270251574704
27,2024-11-30,2,2024-12-14,wk inc flu hosp,quantile,0.6,36.929587702362554
28,2024-11-30,2,2024-12-14,wk inc flu hosp,quantile,0.6,39.7352531424741
29,2024-11-30,2,2024-12-14,wk inc flu hosp,quantile,0.6,87.60835863070406
30,2024-11-30,2,2024-12-14,wk inc flu hosp,quantile,0.6,6.023030332722788
31,2024-11-30,2,2024-12-14,wk inc flu hosp,quantile,0.6,12.504852881759255
32,2024-11-30,2,2024-12-14,wk inc flu hosp,quantile,0.6,75.20067273354502
33,2024-11-30,2,2024-12-14,wk inc flu hosp,quantile,0.6,21.267864321443785
34,2024-11-30,2,2024-12-14,wk inc flu hosp,quantile,0.6,46.827732394745766
35,2024-11-30,2,2024-12-14,wk inc flu hosp,quantile,0.6,47.208871155679276
36,2024-11-30,2,2024-12-14,wk inc flu hosp,quantile,0.6,221.10026622627433
37,2024-11-30,2,2024-12-14,wk inc flu hosp,quantile,0.6,67.8279187833008
38,2024-11-30,2,2024-12-14,wk inc flu hosp,quantile,0.6,6.440838578933617
39,2024-11-30,2,2024-12-14,wk inc flu hosp,quantile,0.6,491.7343157212995
40,2024-11-30,2,2024-12-14,wk inc flu hosp,quantile,0.6,42.573839168784396
41,2024-11-30,2,2024-12-14,wk inc flu hosp,quantile,0.6,82.46234413314954
42,2024-11-30,2,2024-12-14,wk inc flu hosp,quantile,0.6,242.2498278174062
44,2024-11-30,2,2024-12-14,wk inc flu hosp,quantile,0.6,5.462628378852831
45,2024-11-30,2,2024-12-14,wk inc flu hosp,quantile,0.6,34.950972312849764
46,2024-11-30,2,2024-12-14,wk inc flu hosp,quantile,0.6,3.1722430736948715
47,2024-11-30,2,2024-12-14,wk inc flu hosp,quantile,0.6,102.72980925412702
48,2024-11-30,2,2024-12-14,wk inc flu hosp,quantile,0.6,499.69881753415615
49,2024-11-30,2,2024-12-14,wk inc flu hosp,quantile,0.6,32.78404027701301
50,2024-11-30,2,2024-12-14,wk inc flu hosp,quantile,0.6,2.9260723674478837
51,2024-11-30,2,2024-12-14,wk inc flu hosp,quantile,0.6,69.19058545820675
53,2024-11-30,2,2024-12-14,wk inc flu hosp,quantile,0.6,69.4149154172671
54,2024-11-30,2,2024-12-14,wk inc flu hosp,quantile,0.6,15.43561475232808
55,2024-11-30,2,2024-12-14,wk inc flu hosp,quantile,0.6,40.586898333929994
56,2024-11-30,2,2024-12-14,wk inc flu hosp,quantile,0.6,14.544286691231148
72,2024-11-30,2,2024-12-14,wk inc flu hosp,quantile,0.6,68.74267928553012
US,2024-11-30,2,2024-12-14,wk inc flu hosp,quantile,0.6,6193.8622088761385
01,2024-11-30,3,2024-12-21,wk inc flu hosp,quantile,0.6,105.97269307551088
02,2024-11-30,3,2024-12-21,wk inc flu hosp,quantile,0.6,11.03354610176903
04,2024-11-30,3,2024-12-21,wk inc flu hosp,quantile,0.6,504.38804047395587
05,2024-11-30,3,2024-12-21,wk inc flu hosp,quantile,0.6,28.662697074511396
06,2024-11-30,3,2024-12-21,wk inc flu hosp,quantile,0.6,797.4920607331475
08,2024-11-30,3,2024-12-21,wk inc flu hosp,quantile,0.6,65.04766851721018
09,2024-11-30,3,2024-12-21,wk inc flu hosp,quantile,0.6,19.061640049128957
10,2024-11-30,3,2024-12-21,wk inc flu hosp,quantile,0.6,21.511681831513812
11,2024-11-30,3,2024-12-21,wk inc flu hosp,quantile,0.6,12.778829737181272
12,2024-11-30,3,2024-12-21,wk inc flu hosp,quantile,0.6,679.6014697087593
13,2024-11-30,3,2024-12-21,wk inc flu hosp,quantile,0.6,123.24055645329028
15,2024-11-30,3,2024-12-21,wk inc flu hosp,quantile,0.6,15.711710842241978
16,2024-11-30,3,2024-12-21,wk inc flu hosp,quantile,0.6,54.13192392759063
17,2024-11-30,3,2024-12-21,wk inc flu hosp,quantile,0.6,158.59741921325755
18,2024-11-30,3,2024-12-21,wk inc flu hosp,quantile,0.6,92.77008870543342
19,2024-11-30,3,2024-12-21,wk inc flu hosp,quantile,0.6,17.474511206459166
20,2024-11-30,3,2024-12-21,wk inc flu hosp,quantile,0.6,37.16569306400271
21,2024-11-30,3,2024-12-21,wk inc flu hosp,quantile,0.6,52.070079748728595
22,2024-11-30,3,2024-12-21,wk inc flu hosp,quantile,0.6,134.47557786653667
23,2024-11-30,3,2024-12-21,wk inc flu hosp,quantile,0.6,5.58097027516559
24,2024-11-30,3,2024-12-21,wk inc flu hosp,quantile,0.6,56.87726103934266
25,2024-11-30,3,2024-12-21,wk inc flu hosp,quantile,0.6,108.97259805124847
26,2024-11-30,3,2024-12-21,wk inc flu hosp,quantile,0.6,152.85063333947025
27,2024-11-30,3,2024-12-21,wk inc flu hosp,quantile,0.6,41.28895388300506
28,2024-11-30,3,2024-12-21,wk inc flu hosp,quantile,0.6,45.54713494457436
29,2024-11-30,3,2024-12-21,wk inc flu hosp,quantile,0.6,100.98837016863136
30,2024-11-30,3,2024-12-21,wk inc flu hosp,quantile,0.6,7.193391149872728
31,2024-11-30,3,2024-12-21,wk inc flu hosp,quantile,0.6,14.477839792750755
32,2024-11-30,3,2024-12-21,wk inc flu hosp,quantile,0.6,81.77220730645163
33,2024-11-30,3,2024-12-21,wk inc flu hosp,quantile,0.6,22.738758536142846
34,2024-11-30,3,2024-12-21,wk inc flu hosp,quantile,0.6,53.90683469783681
35,2024-11-30,3,2024-12-21,wk inc flu hosp,quantile,0.6,53.723707728319866
36,2024-11-30,3,2024-12-21,wk inc flu hosp,quantile,0.6,256.65707323443456
37,2024-11-30,3,2024-12-21,wk inc flu hosp,quantile,0.6,73.15089195202185
38,2024-11-30,3,2024-12-21,wk inc flu hosp,quantile,0.6,7.537465965417855
39,2024-11-30,3,2024-12-21,wk inc flu hosp,quantile,0.6,439.5297406104776
40,2024-11-30,3,2024-12-21,wk inc flu hosp,quantile,0.6,51.239025655537986
41,2024-11-30,3,2024-12-21,wk inc flu hosp,quantile,0.6,89.56544898598861
42,2024-11-30,3,2024-12-21,wk inc flu hosp,quantile,0.6,271.63106255612814
44,2024-11-30,3,2024-12-21,wk inc flu hosp,quantile,0.6,6.217457837122311
45,2024-11-30,3,2024-12-21,wk inc flu hosp,quantile,0.6,40.75934224459926
46,2024-11-30,3,2024-12-21,wk inc flu hosp,quantile,0.6,3.775276779512092
47,2024-11-30,3,2024-12-21,wk inc flu hosp,quantile,0.6,111.97687512828985
48,2024-11-30,3,2024-12-21,wk inc flu hosp,quantile,0.6,568.2022498998332
49,2024-11-30,3,2024-12-21,wk inc flu hosp,quantile,0.6,35.654232198834485
50,2024-11-30,3,2024-12-21,wk inc flu hosp,quantile,0.6,3.48838217866776
51,2024-11-30,3,2024-12-21,wk inc flu hosp,quantile,0.6,79.64420104515222
53,2024-11-30,3,2024-12-21,wk inc flu hosp,quantile,0.6,79.99892214656856
54,2024-11-30,3,2024-12-21,wk inc flu hosp,quantile,0.6,18.170728947125756
55,2024-11-30,3,2024-12-21,wk inc flu hosp,quantile,0.6,47.44494800227263
56,2024-11-30,3,2024-12-21,wk inc flu hosp,quantile,0.6,15.982020218827913
72,2024-11-30,3,2024-12-21,wk inc flu hosp,quantile,0.6,74.58151827080259
US,2024-11-30,3,2024-12-21,wk inc flu hosp,quantile,0.6,6897.564072582581
01,2024-11-30,0,2024-11-30,wk inc flu hosp,quantile,0.65,64.10133292404818
02,2024-11-30,0,2024-11-30,wk inc flu hosp,quantile,0.65,7.215254056454251
04,2024-11-30,0,2024-11-30,wk inc flu hosp,quantile,0.65,537.3328388244873
05,2024-11-30,0,2024-11-30,wk inc flu hosp,quantile,0.65,13.949148364982209
06,2024-11-30,0,2024-11-30,wk inc flu hosp,quantile,0.65,526.9395189911254
08,2024-11-30,0,2024-11-30,wk inc flu hosp,quantile,0.65,37.48906089464591
09,2024-11-30,0,2024-11-30,wk inc flu hosp,quantile,0.65,8.8661089493512
10,2024-11-30,0,2024-11-30,wk inc flu hosp,quantile,0.65,14.245581760721768
11,2024-11-30,0,2024-11-30,wk inc flu hosp,quantile,0.65,7.385018750050011
12,2024-11-30,0,2024-11-30,wk inc flu hosp,quantile,0.65,489.2856534957559
13,2024-11-30,0,2024-11-30,wk inc flu hosp,quantile,0.65,63.407592512048716
15,2024-11-30,0,2024-11-30,wk inc flu hosp,quantile,0.65,10.815427412049035
16,2024-11-30,0,2024-11-30,wk inc flu hosp,quantile,0.65,34.16836020144499
17,2024-11-30,0,2024-11-30,wk inc flu hosp,quantile,0.65,86.94700098478401
18,2024-11-30,0,2024-11-30,wk inc flu hosp,quantile,0.65,45.63147429310977
19,2024-11-30,0,2024-11-30,wk inc flu hosp,quantile,0.65,7.292137097479779
20,2024-11-30,0,2024-11-30,wk inc flu hosp,quantile,0.65,19.795032012522398
21,2024-11-30,0,2024-11-30,wk inc flu hosp,quantile,0.65,25.18103542054552
22,2024-11-30,0,2024-11-30,wk inc flu hosp,quantile,0.65,97.98234477092802
23,2024-11-30,0,2024-11-30,wk inc flu hosp,quantile,0.65,1.6579277785950834
24,2024-11-30,0,2024-11-30,wk inc flu hosp,quantile,0.65,25.420873891214352
25,2024-11-30,0,2024-11-30,wk inc flu hosp,quantile,0.65,56.96970511585485
26,2024-11-30,0,2024-11-30,wk inc flu hosp,quantile,0.65,80.15624200757351
27,2024-11-30,0,2024-11-30,wk inc flu hosp,quantile,0.65,27.080299531876175
28,2024-11-30,0,2024-11-30,wk inc flu hosp,quantile,0.65,25.93391870158684
29,2024-11-30,0,2024-11-30,wk inc flu hosp,quantile,0.65,52.56478492134991
30,2024-11-30,0,2024-11-30,wk inc flu hosp,quantile,0.65,2.976349841426753
31,2024-11-30,0,2024-11-30,wk inc flu hosp,quantile,0.65,6.771295447342112
32,2024-11-30,0,2024-11-30,wk inc flu hosp,quantile,0.65,53.7239515166396
33,2024-11-30,0,2024-11-30,wk inc flu hosp,quantile,0.65,16.064409462873876
34,2024-11-30,0,2024-11-30,wk inc flu hosp,quantile,0.65,23.83410070780533
35,2024-11-30,0,2024-11-30,wk inc flu hosp,quantile,0.65,30.344328296709797
36,2024-11-30,0,2024-11-30,wk inc flu hosp,quantile,0.65,125.91882390003646
37,2024-11-30,0,2024-11-30,wk inc flu hosp,quantile,0.65,46.03246297572939
38,2024-11-30,0,2024-11-30,wk inc flu hosp,quantile,0.65,3.9028985387249966
39,2024-11-30,0,2024-11-30,wk inc flu hosp,quantile,0.65,611.6515287781622
40,2024-11-30,0,2024-11-30,wk inc flu hosp,quantile,0.65,21.529422380288842
41,2024-11-30,0,2024-11-30,wk inc flu hosp,quantile,0.65,54.096609766704745
42,2024-11-30,0,2024-11-30,wk inc flu hosp,quantile,0.65,167.628759086794
44,2024-11-30,0,2024-11-30,wk inc flu hosp,quantile,0.65,3.1659408487518634
45,2024-11-30,0,2024-11-30,wk inc flu hosp,quantile,0.65,21.60922709958668
46,2024-11-30,0,2024-11-30,wk inc flu hosp,quantile,0.65,1.722993897999442
47,2024-11-30,0,2024-11-30,wk inc flu hosp,quantile,0.65,72.77631341448723
48,2024-11-30,0,2024-11-30,wk inc flu hosp,quantile,0.65,329.79005747563383
49,2024-11-30,0,2024-11-30,wk inc flu hosp,quantile,0.65,22.965803624622136
50,2024-11-30,0,2024-11-30,wk inc flu hosp,quantile,0.65,1.4836111844295954
51,2024-11-30,0,2024-11-30,wk inc flu hosp,quantile,0.65,39.17347571513537
53,2024-11-30,0,2024-11-30,wk inc flu hosp,quantile,0.65,39.633673746830624
54,2024-11-30,0,2024-11-30,wk inc flu hosp,quantile,0.65,8.475004052059107
55,2024-11-30,0,2024-11-30,wk inc flu hosp,quantile,0.65,24.075108024502388
56,2024-11-30,0,2024-11-30,wk inc flu hosp,quantile,0.65,10.179079680993475
72,2024-11-30,0,2024-11-30,wk inc flu hosp,quantile,0.65,53.224699691993465
US,2024-11-30,0,2024-11-30,wk inc flu hosp,quantile,0.65,4231.890742383547
01,2024-11-30,1,2024-12-07,wk inc flu hosp,quantile,0.65,79.60192768851579
02,2024-11-30,1,2024-12-07,wk inc flu hosp,quantile,0.65,8.776883648651904
04,2024-11-30,1,2024-12-07,wk inc flu hosp,quantile,0.65,561.6137823578822
05,2024-11-30,1,2024-12-07,wk inc flu hosp,quantile,0.65,18.846732219383206
06,2024-11-30,1,2024-12-07,wk inc flu hosp,quantile,0.65,628.089668317087
08,2024-11-30,1,2024-12-07,wk inc flu hosp,quantile,0.65,47.52500646644902
09,2024-11-30,1,2024-12-07,wk inc flu hosp,quantile,0.65,12.21002109715501
10,2024-11-30,1,2024-12-07,wk inc flu hosp,quantile,0.65,17.100371511361445
11,2024-11-30,1,2024-12-07,wk inc flu hosp,quantile,0.65,9.367730809267853
12,2024-11-30,1,2024-12-07,wk inc flu hosp,quantile,0.65,565.5530408418838
13,2024-11-30,1,2024-12-07,wk inc flu hosp,quantile,0.65,81.61823287124014
15,2024-11-30,1,2024-12-07,wk inc flu hosp,quantile,0.65,12.897919472986164
16,2024-11-30,1,2024-12-07,wk inc flu hosp,quantile,0.65,41.571314352546764
17,2024-11-30,1,2024-12-07,wk inc flu hosp,quantile,0.65,111.56548313611628
18,2024-11-30,1,2024-12-07,wk inc flu hosp,quantile,0.65,61.117934905435604
19,2024-11-30,1,2024-12-07,wk inc flu hosp,quantile,0.65,10.51089951665165
20,2024-11-30,1,2024-12-07,wk inc flu hosp,quantile,0.65,26.00288803608786
21,2024-11-30,1,2024-12-07,wk inc flu hosp,quantile,0.65,33.57571003703832
22,2024-11-30,1,2024-12-07,wk inc flu hosp,quantile,0.65,114.35232666508418
23,2024-11-30,1,2024-12-07,wk inc flu hosp,quantile,0.65,2.8381479029105905
24,2024-11-30,1,2024-12-07,wk inc flu hosp,quantile,0.65,35.42749107488614
25,2024-11-30,1,2024-12-07,wk inc flu hosp,quantile,0.65,74.49539334681985
26,2024-11-30,1,2024-12-07,wk inc flu hosp,quantile,0.65,104.91433202165935
27,2024-11-30,1,2024-12-07,wk inc flu hosp,quantile,0.65,32.468125122091394
28,2024-11-30,1,2024-12-07,wk inc flu hosp,quantile,0.65,32.64602664838934
29,2024-11-30,1,2024-12-07,wk inc flu hosp,quantile,0.65,68.3079819025246
30,2024-11-30,1,2024-12-07,wk inc flu hosp,quantile,0.65,4.21836467286998
31,2024-11-30,1,2024-12-07,wk inc flu hosp,quantile,0.65,9.253891964131448
32,2024-11-30,1,2024-12-07,wk inc flu hosp,quantile,0.65,65.036105078963
33,2024-11-30,1,2024-12-07,wk inc flu hosp,quantile,0.65,19.147346849178227
34,2024-11-30,1,2024-12-07,wk inc flu hosp,quantile,0.65,34.833479173576116
35,2024-11-30,1,2024-12-07,wk inc flu hosp,quantile,0.65,38.649000429959294
36,2024-11-30,1,2024-12-07,wk inc flu hosp,quantile,0.65,169.51810901442266
37,2024-11-30,1,2024-12-07,wk inc flu hosp,quantile,0.65,57.360555608783905
38,2024-11-30,1,2024-12-07,wk inc flu hosp,quantile,0.65,4.9534833366038
39,2024-11-30,1,2024-12-07,wk inc flu hosp,quantile,0.65,569.3879063524745
40,2024-11-30,1,2024-12-07,wk inc flu hosp,quantile,0.65,30.413030518565918
41,2024-11-30,1,2024-12-07,wk inc flu hosp,quantile,0.65,68.2414389247654
42,2024-11-30,1,2024-12-07,wk inc flu hosp,quantile,0.65,203.67133157407426
44,2024-11-30,1,2024-12-07,wk inc flu hosp,quantile,0.65,4.230129452513772
45,2024-11-30,1,2024-12-07,wk inc flu hosp,quantile,0.65,27.451083247444927
46,2024-11-30,1,2024-12-07,wk inc flu hosp,quantile,0.65,2.3686110131683353
47,2024-11-30,1,2024-12-07,wk inc flu hosp,quantile,0.65,87.99242123161886
48,2024-11-30,1,2024-12-07,wk inc flu hosp,quantile,0.65,408.63491506379023
49,2024-11-30,1,2024-12-07,wk inc flu hosp,quantile,0.65,27.515195230643368
50,2024-11-30,1,2024-12-07,wk inc flu hosp,quantile,0.65,2.216747528930115
51,2024-11-30,1,2024-12-07,wk inc flu hosp,quantile,0.65,52.03766247573233
53,2024-11-30,1,2024-12-07,wk inc flu hosp,quantile,0.65,53.459714109251365
54,2024-11-30,1,2024-12-07,wk inc flu hosp,quantile,0.65,11.62480611441793
55,2024-11-30,1,2024-12-07,wk inc flu hosp,quantile,0.65,31.370692072037517
56,2024-11-30,1,2024-12-07,wk inc flu hosp,quantile,0.65,12.265670980297676
72,2024-11-30,1,2024-12-07,wk inc flu hosp,quantile,0.65,62.53345920129336
US,2024-11-30,1,2024-12-07,wk inc flu hosp,quantile,0.65,5161.876725020468
01,2024-11-30,2,2024-12-14,wk inc flu hosp,quantile,0.65,103.50019509105951
02,2024-11-30,2,2024-12-14,wk inc flu hosp,quantile,0.65,11.005480651397647
04,2024-11-30,2,2024-12-14,wk inc flu hosp,quantile,0.65,567.6226947631344
05,2024-11-30,2,2024-12-14,wk inc flu hosp,quantile,0.65,26.37238630535414
06,2024-11-30,2,2024-12-14,wk inc flu hosp,quantile,0.65,793.5745937828561
08,2024-11-30,2,2024-12-14,wk inc flu hosp,quantile,0.65,63.01909137849375
09,2024-11-30,2,2024-12-14,wk inc flu hosp,quantile,0.65,17.543471422615823
10,2024-11-30,2,2024-12-14,wk inc flu hosp,quantile,0.65,21.618544743999
11,2024-11-30,2,2024-12-14,wk inc flu hosp,quantile,0.65,12.645619323787875
12,2024-11-30,2,2024-12-14,wk inc flu hosp,quantile,0.65,685.4434084310484
13,2024-11-30,2,2024-12-14,wk inc flu hosp,quantile,0.65,113.24224549311755
15,2024-11-30,2,2024-12-14,wk inc flu hosp,quantile,0.65,16.224970273158146
16,2024-11-30,2,2024-12-14,wk inc flu hosp,quantile,0.65,54.44673101697661
17,2024-11-30,2,2024-12-14,wk inc flu hosp,quantile,0.65,151.43593048913795
18,2024-11-30,2,2024-12-14,wk inc flu hosp,quantile,0.65,86.01756028447933
19,2024-11-30,2,2024-12-14,wk inc flu hosp,quantile,0.65,15.622077038504832
20,2024-11-30,2,2024-12-14,wk inc flu hosp,quantile,0.65,35.64253162297387
21,2024-11-30,2,2024-12-14,wk inc flu hosp,quantile,0.65,47.93464508143609
22,2024-11-30,2,2024-12-14,wk inc flu hosp,quantile,0.65,138.7138635307116
23,2024-11-30,2,2024-12-14,wk inc flu hosp,quantile,0.65,4.965493792373274
24,2024-11-30,2,2024-12-14,wk inc flu hosp,quantile,0.65,51.69764346848932
25,2024-11-30,2,2024-12-14,wk inc flu hosp,quantile,0.65,104.0922866484294
26,2024-11-30,2,2024-12-14,wk inc flu hosp,quantile,0.65,145.86948106481066
27,2024-11-30,2,2024-12-14,wk inc flu hosp,quantile,0.65,41.55191910295602
28,2024-11-30,2,2024-12-14,wk inc flu hosp,quantile,0.65,43.42633686875661
29,2024-11-30,2,2024-12-14,wk inc flu hosp,quantile,0.65,95.66519362075769
30,2024-11-30,2,2024-12-14,wk inc flu hosp,quantile,0.65,6.645076099224583
31,2024-11-30,2,2024-12-14,wk inc flu hosp,quantile,0.65,13.510925673025966
32,2024-11-30,2,2024-12-14,wk inc flu hosp,quantile,0.65,81.50934712211941
33,2024-11-30,2,2024-12-14,wk inc flu hosp,quantile,0.65,23.82025551116412
34,2024-11-30,2,2024-12-14,wk inc flu hosp,quantile,0.65,50.833106773822855
35,2024-11-30,2,2024-12-14,wk inc flu hosp,quantile,0.65,51.51810212602129
36,2024-11-30,2,2024-12-14,wk inc flu hosp,quantile,0.65,237.7604984110177
37,2024-11-30,2,2024-12-14,wk inc flu hosp,quantile,0.65,74.64807659898082
38,2024-11-30,2,2024-12-14,wk inc flu hosp,quantile,0.65,7.116141236336164
39,2024-11-30,2,2024-12-14,wk inc flu hosp,quantile,0.65,518.1412324989225
40,2024-11-30,2,2024-12-14,wk inc flu hosp,quantile,0.65,47.07418432508802
41,2024-11-30,2,2024-12-14,wk inc flu hosp,quantile,0.65,89.21348201087982
42,2024-11-30,2,2024-12-14,wk inc flu hosp,quantile,0.65,262.8476920538072
44,2024-11-30,2,2024-12-14,wk inc flu hosp,quantile,0.65,6.024642843195593
45,2024-11-30,2,2024-12-14,wk inc flu hosp,quantile,0.65,37.247849350538
46,2024-11-30,2,2024-12-14,wk inc flu hosp,quantile,0.65,3.431900190135112
47,2024-11-30,2,2024-12-14,wk inc flu hosp,quantile,0.65,110.87126041735789
48,2024-11-30,2,2024-12-14,wk inc flu hosp,quantile,0.65,540.4929274733593
49,2024-11-30,2,2024-12-14,wk inc flu hosp,quantile,0.65,35.00385259163781
50,2024-11-30,2,2024-12-14,wk inc flu hosp,quantile,0.65,3.3755777872616584
51,2024-11-30,2,2024-12-14,wk inc flu hosp,quantile,0.65,73.1620660916852
53,2024-11-30,2,2024-12-14,wk inc flu hosp,quantile,0.65,76.91095416566627
54,2024-11-30,2,2024-12-14,wk inc flu hosp,quantile,0.65,17.084787361968264
55,2024-11-30,2,2024-12-14,wk inc flu hosp,quantile,0.65,43.252871543665144
56,2024-11-30,2,2024-12-14,wk inc flu hosp,quantile,0.65,15.677457160770018
72,2024-11-30,2,2024-12-14,wk inc flu hosp,quantile,0.65,75.56777775174466
US,2024-11-30,2,2024-12-14,wk inc flu hosp,quantile,0.65,6553.422708536252
01,2024-11-30,3,2024-12-21,wk inc flu hosp,quantile,0.65,115.50710912949549
02,2024-11-30,3,2024-12-21,wk inc flu hosp,quantile,0.65,12.247432091245505
04,2024-11-30,3,2024-12-21,wk inc flu hosp,quantile,0.65,538.4499494568527
05,2024-11-30,3,2024-12-21,wk inc flu hosp,quantile,0.65,31.064425835518456
06,2024-11-30,3,2024-12-21,wk inc flu hosp,quantile,0.65,864.8093528491042
08,2024-11-30,3,2024-12-21,wk inc flu hosp,quantile,0.65,71.72833951040305
09,2024-11-30,3,2024-12-21,wk inc flu hosp,quantile,0.65,21.01082989347288
10,2024-11-30,3,2024-12-21,wk inc flu hosp,quantile,0.65,23.760900656997975
11,2024-11-30,3,2024-12-21,wk inc flu hosp,quantile,0.65,14.073859906090373
12,2024-11-30,3,2024-12-21,wk inc flu hosp,quantile,0.65,731.5393868184257
13,2024-11-30,3,2024-12-21,wk inc flu hosp,quantile,0.65,133.00473603863375
15,2024-11-30,3,2024-12-21,wk inc flu hosp,quantile,0.65,17.21440386315755
16,2024-11-30,3,2024-12-21,wk inc flu hosp,quantile,0.65,60.93715598281538
17,2024-11-30,3,2024-12-21,wk inc flu hosp,quantile,0.65,175.48305832897995
18,2024-11-30,3,2024-12-21,wk inc flu hosp,quantile,0.65,100.6654327376071
19,2024-11-30,3,2024-12-21,wk inc flu hosp,quantile,0.65,18.58403123502581
20,2024-11-30,3,2024-12-21,wk inc flu hosp,quantile,0.65,41.58120277863751
21,2024-11-30,3,2024-12-21,wk inc flu hosp,quantile,0.65,56.17655591362924
22,2024-11-30,3,2024-12-21,wk inc flu hosp,quantile,0.65,147.42823894712268
23,2024-11-30,3,2024-12-21,wk inc flu hosp,quantile,0.65,6.266679660298708
24,2024-11-30,3,2024-12-21,wk inc flu hosp,quantile,0.65,61.863253139110476
25,2024-11-30,3,2024-12-21,wk inc flu hosp,quantile,0.65,119.23418901173733
26,2024-11-30,3,2024-12-21,wk inc flu hosp,quantile,0.65,170.94234554012968
27,2024-11-30,3,2024-12-21,wk inc flu hosp,quantile,0.65,46.74454169645784
28,2024-11-30,3,2024-12-21,wk inc flu hosp,quantile,0.65,49.90950993425513
29,2024-11-30,3,2024-12-21,wk inc flu hosp,quantile,0.65,110.08001648069327
30,2024-11-30,3,2024-12-21,wk inc flu hosp,quantile,0.65,8.112936378865502
31,2024-11-30,3,2024-12-21,wk inc flu hosp,quantile,0.65,16.204946287487186
32,2024-11-30,3,2024-12-21,wk inc flu hosp,quantile,0.65,88.1599113553687
33,2024-11-30,3,2024-12-21,wk inc flu hosp,quantile,0.65,25.31999968255518
34,2024-11-30,3,2024-12-21,wk inc flu hosp,quantile,0.65,59.89454658995569
35,2024-11-30,3,2024-12-21,wk inc flu hosp,quantile,0.65,59.836420411863315
36,2024-11-30,3,2024-12-21,wk inc flu hosp,quantile,0.65,277.74867292107103
37,2024-11-30,3,2024-12-21,wk inc flu hosp,quantile,0.65,84.8795230007723
38,2024-11-30,3,2024-12-21,wk inc flu hosp,quantile,0.65,8.487082731433881
39,2024-11-30,3,2024-12-21,wk inc flu hosp,quantile,0.65,465.93357993717456
40,2024-11-30,3,2024-12-21,wk inc flu hosp,quantile,0.65,56.52643409685559
41,2024-11-30,3,2024-12-21,wk inc flu hosp,quantile,0.65,98.11926047048874
42,2024-11-30,3,2024-12-21,wk inc flu hosp,quantile,0.65,292.1225612669089
44,2024-11-30,3,2024-12-21,wk inc flu hosp,quantile,0.65,6.809067591803007
45,2024-11-30,3,2024-12-21,wk inc flu hosp,quantile,0.65,43.71230203600953
46,2024-11-30,3,2024-12-21,wk inc flu hosp,quantile,0.65,4.185323388564184
47,2024-11-30,3,2024-12-21,wk inc flu hosp,quantile,0.65,122.22453262153523
48,2024-11-30,3,2024-12-21,wk inc flu hosp,quantile,0.65,616.2241710306805
49,2024-11-30,3,2024-12-21,wk inc flu hosp,quantile,0.65,38.35136138128674
50,2024-11-30,3,2024-12-21,wk inc flu hosp,quantile,0.65,4.118255994109064
51,2024-11-30,3,2024-12-21,wk inc flu hosp,quantile,0.65,85.53710201576213
53,2024-11-30,3,2024-12-21,wk inc flu hosp,quantile,0.65,90.50232379899082
54,2024-11-30,3,2024-12-21,wk inc flu hosp,quantile,0.65,20.423044479634047
55,2024-11-30,3,2024-12-21,wk inc flu hosp,quantile,0.65,52.36163637557476
56,2024-11-30,3,2024-12-21,wk inc flu hosp,quantile,0.65,17.41008233404684
72,2024-11-30,3,2024-12-21,wk inc flu hosp,quantile,0.65,82.90451832881098
US,2024-11-30,3,2024-12-21,wk inc flu hosp,quantile,0.65,7287.397198625058
01,2024-11-30,0,2024-11-30,wk inc flu hosp,quantile,0.7,68.58412070510558
02,2024-11-30,0,2024-11-30,wk inc flu hosp,quantile,0.7,7.896929006068071
04,2024-11-30,0,2024-11-30,wk inc flu hosp,quantile,0.7,559.2832353034929
05,2024-11-30,0,2024-11-30,wk inc flu hosp,quantile,0.7,15.10410006557188
06,2024-11-30,0,2024-11-30,wk inc flu hosp,quantile,0.7,556.8825776106569
08,2024-11-30,0,2024-11-30,wk inc flu hosp,quantile,0.7,39.86818450207219
09,2024-11-30,0,2024-11-30,wk inc flu hosp,quantile,0.7,9.591996731078412
10,2024-11-30,0,2024-11-30,wk inc flu hosp,quantile,0.7,15.4241207038157
11,2024-11-30,0,2024-11-30,wk inc flu hosp,quantile,0.7,8.029490514926765
12,2024-11-30,0,2024-11-30,wk inc flu hosp,quantile,0.7,512.264352765573
13,2024-11-30,0,2024-11-30,wk inc flu hosp,quantile,0.7,65.73335150260257
15,2024-11-30,0,2024-11-30,wk inc flu hosp,quantile,0.7,11.714524976836413
16,2024-11-30,0,2024-11-30,wk inc flu hosp,quantile,0.7,36.56954855352729
17,2024-11-30,0,2024-11-30,wk inc flu hosp,quantile,0.7,92.48414183263449
18,2024-11-30,0,2024-11-30,wk inc flu hosp,quantile,0.7,48.719625776951
19,2024-11-30,0,2024-11-30,wk inc flu hosp,quantile,0.7,8.005104703419306
20,2024-11-30,0,2024-11-30,wk inc flu hosp,quantile,0.7,21.245475913949786
21,2024-11-30,0,2024-11-30,wk inc flu hosp,quantile,0.7,27.158001878770285
22,2024-11-30,0,2024-11-30,wk inc flu hosp,quantile,0.7,104.01902060214512
23,2024-11-30,0,2024-11-30,wk inc flu hosp,quantile,0.7,2.0245002485217842
24,2024-11-30,0,2024-11-30,wk inc flu hosp,quantile,0.7,27.594826747460292
25,2024-11-30,0,2024-11-30,wk inc flu hosp,quantile,0.7,61.45816148291219
26,2024-11-30,0,2024-11-30,wk inc flu hosp,quantile,0.7,85.09872971348987
27,2024-11-30,0,2024-11-30,wk inc flu hosp,quantile,0.7,29.87298915775022
28,2024-11-30,0,2024-11-30,wk inc flu hosp,quantile,0.7,27.178231738218603
29,2024-11-30,0,2024-11-30,wk inc flu hosp,quantile,0.7,56.2984858319382
30,2024-11-30,0,2024-11-30,wk inc flu hosp,quantile,0.7,3.466619115539209
31,2024-11-30,0,2024-11-30,wk inc flu hosp,quantile,0.7,7.457013499220081
32,2024-11-30,0,2024-11-30,wk inc flu hosp,quantile,0.7,56.51586283890008
33,2024-11-30,0,2024-11-30,wk inc flu hosp,quantile,0.7,17.179070602685123
34,2024-11-30,0,2024-11-30,wk inc flu hosp,quantile,0.7,26.42423359964949
35,2024-11-30,0,2024-11-30,wk inc flu hosp,quantile,0.7,33.0275075720437
36,2024-11-30,0,2024-11-30,wk inc flu hosp,quantile,0.7,134.12006322954957
37,2024-11-30,0,2024-11-30,wk inc flu hosp,quantile,0.7,48.59671359364665
38,2024-11-30,0,2024-11-30,wk inc flu hosp,quantile,0.7,4.351285891545342
39,2024-11-30,0,2024-11-30,wk inc flu hosp,quantile,0.7,637.6640010164244
40,2024-11-30,0,2024-11-30,wk inc flu hosp,quantile,0.7,23.80661381554047
41,2024-11-30,0,2024-11-30,wk inc flu hosp,quantile,0.7,57.7361058346527
42,2024-11-30,0,2024-11-30,wk inc flu hosp,quantile,0.7,177.20607575696923
44,2024-11-30,0,2024-11-30,wk inc flu hosp,quantile,0.7,3.5380974232321476
45,2024-11-30,0,2024-11-30,wk inc flu hosp,quantile,0.7,23.26979055451019
46,2024-11-30,0,2024-11-30,wk inc flu hosp,quantile,0.7,1.9800070858968404
47,2024-11-30,0,2024-11-30,wk inc flu hosp,quantile,0.7,78.86303620541469
48,2024-11-30,0,2024-11-30,wk inc flu hosp,quantile,0.7,344.74893487278933
49,2024-11-30,0,2024-11-30,wk inc flu hosp,quantile,0.7,24.339071799258647
50,2024-11-30,0,2024-11-30,wk inc flu hosp,quantile,0.7,1.812484086773077
51,2024-11-30,0,2024-11-30,wk inc flu hosp,quantile,0.7,41.49124192780362
53,2024-11-30,0,2024-11-30,wk inc flu hosp,quantile,0.7,42.65688963765515
54,2024-11-30,0,2024-11-30,wk inc flu hosp,quantile,0.7,9.487580011559517
55,2024-11-30,0,2024-11-30,wk inc flu hosp,quantile,0.7,26.623867142951653
56,2024-11-30,0,2024-11-30,wk inc flu hosp,quantile,0.7,11.049936321869504
72,2024-11-30,0,2024-11-30,wk inc flu hosp,quantile,0.7,56.60905869547765
US,2024-11-30,0,2024-11-30,wk inc flu hosp,quantile,0.7,4368.0011955404325
01,2024-11-30,1,2024-12-07,wk inc flu hosp,quantile,0.7,85.43139394458888
02,2024-11-30,1,2024-12-07,wk inc flu hosp,quantile,0.7,9.580985226310185
04,2024-11-30,1,2024-12-07,wk inc flu hosp,quantile,0.7,582.2774873961598
05,2024-11-30,1,2024-12-07,wk inc flu hosp,quantile,0.7,20.327525556123145
06,2024-11-30,1,2024-12-07,wk inc flu hosp,quantile,0.7,671.18502799723
08,2024-11-30,1,2024-12-07,wk inc flu hosp,quantile,0.7,51.64394695213004
09,2024-11-30,1,2024-12-07,wk inc flu hosp,quantile,0.7,13.225622583101979
10,2024-11-30,1,2024-12-07,wk inc flu hosp,quantile,0.7,18.78778509978198
11,2024-11-30,1,2024-12-07,wk inc flu hosp,quantile,0.7,9.994738958515095
12,2024-11-30,1,2024-12-07,wk inc flu hosp,quantile,0.7,594.3556749464374
13,2024-11-30,1,2024-12-07,wk inc flu hosp,quantile,0.7,86.72176074669618
15,2024-11-30,1,2024-12-07,wk inc flu hosp,quantile,0.7,14.100947331587518
16,2024-11-30,1,2024-12-07,wk inc flu hosp,quantile,0.7,45.69132958651693
17,2024-11-30,1,2024-12-07,wk inc flu hosp,quantile,0.7,118.90837757374393
18,2024-11-30,1,2024-12-07,wk inc flu hosp,quantile,0.7,64.44506845284494
19,2024-11-30,1,2024-12-07,wk inc flu hosp,quantile,0.7,11.230782669782608
20,2024-11-30,1,2024-12-07,wk inc flu hosp,quantile,0.7,27.83330562365285
21,2024-11-30,1,2024-12-07,wk inc flu hosp,quantile,0.7,35.85888220915543
22,2024-11-30,1,2024-12-07,wk inc flu hosp,quantile,0.7,121.05316635607761
23,2024-11-30,1,2024-12-07,wk inc flu hosp,quantile,0.7,3.24521380323554
24,2024-11-30,1,2024-12-07,wk inc flu hosp,quantile,0.7,38.153827966806375
25,2024-11-30,1,2024-12-07,wk inc flu hosp,quantile,0.7,79.97754904433229
26,2024-11-30,1,2024-12-07,wk inc flu hosp,quantile,0.7,111.62223126682979
27,2024-11-30,1,2024-12-07,wk inc flu hosp,quantile,0.7,36.173822817428785
28,2024-11-30,1,2024-12-07,wk inc flu hosp,quantile,0.7,34.82398000055972
29,2024-11-30,1,2024-12-07,wk inc flu hosp,quantile,0.7,72.51763964711807
30,2024-11-30,1,2024-12-07,wk inc flu hosp,quantile,0.7,4.790119471448764
31,2024-11-30,1,2024-12-07,wk inc flu hosp,quantile,0.7,10.268533916359278
32,2024-11-30,1,2024-12-07,wk inc flu hosp,quantile,0.7,68.82248118754396
33,2024-11-30,1,2024-12-07,wk inc flu hosp,quantile,0.7,20.292958524710656
34,2024-11-30,1,2024-12-07,wk inc flu hosp,quantile,0.7,36.821677260697406
35,2024-11-30,1,2024-12-07,wk inc flu hosp,quantile,0.7,41.803255769251784
36,2024-11-30,1,2024-12-07,wk inc flu hosp,quantile,0.7,180.05119521134816
37,2024-11-30,1,2024-12-07,wk inc flu hosp,quantile,0.7,61.21476673763299
38,2024-11-30,1,2024-12-07,wk inc flu hosp,quantile,0.7,5.4712139939575675
39,2024-11-30,1,2024-12-07,wk inc flu hosp,quantile,0.7,602.8372394566321
40,2024-11-30,1,2024-12-07,wk inc flu hosp,quantile,0.7,33.362958774174814
41,2024-11-30,1,2024-12-07,wk inc flu hosp,quantile,0.7,72.87321106060745
42,2024-11-30,1,2024-12-07,wk inc flu hosp,quantile,0.7,218.2475991277157
44,2024-11-30,1,2024-12-07,wk inc flu hosp,quantile,0.7,4.6776548209781454
45,2024-11-30,1,2024-12-07,wk inc flu hosp,quantile,0.7,29.799357439294237
46,2024-11-30,1,2024-12-07,wk inc flu hosp,quantile,0.7,2.669859966242443
47,2024-11-30,1,2024-12-07,wk inc flu hosp,quantile,0.7,94.84407847500515
48,2024-11-30,1,2024-12-07,wk inc flu hosp,quantile,0.7,432.1830932720949
49,2024-11-30,1,2024-12-07,wk inc flu hosp,quantile,0.7,29.64446370142101
50,2024-11-30,1,2024-12-07,wk inc flu hosp,quantile,0.7,2.609794610529584
51,2024-11-30,1,2024-12-07,wk inc flu hosp,quantile,0.7,54.22912557232676
53,2024-11-30,1,2024-12-07,wk inc flu hosp,quantile,0.7,56.751190772058784
54,2024-11-30,1,2024-12-07,wk inc flu hosp,quantile,0.7,12.676152921480108
55,2024-11-30,1,2024-12-07,wk inc flu hosp,quantile,0.7,33.97864999038146
56,2024-11-30,1,2024-12-07,wk inc flu hosp,quantile,0.7,13.354084913950917
72,2024-11-30,1,2024-12-07,wk inc flu hosp,quantile,0.7,65.92271941493745
US,2024-11-30,1,2024-12-07,wk inc flu hosp,quantile,0.7,5355.831399929398
01,2024-11-30,2,2024-12-14,wk inc flu hosp,quantile,0.7,111.58788405947254
02,2024-11-30,2,2024-12-14,wk inc flu hosp,quantile,0.7,12.016310746019592
04,2024-11-30,2,2024-12-14,wk inc flu hosp,quantile,0.7,592.4112111745932
05,2024-11-30,2,2024-12-14,wk inc flu hosp,quantile,0.7,29.96181919485823
06,2024-11-30,2,2024-12-14,wk inc flu hosp,quantile,0.7,875.4252051225345
08,2024-11-30,2,2024-12-14,wk inc flu hosp,quantile,0.7,70.1391816800404
09,2024-11-30,2,2024-12-14,wk inc flu hosp,quantile,0.7,19.49401364743011
10,2024-11-30,2,2024-12-14,wk inc flu hosp,quantile,0.7,24.2301593466195
11,2024-11-30,2,2024-12-14,wk inc flu hosp,quantile,0.7,13.760176023065853
12,2024-11-30,2,2024-12-14,wk inc flu hosp,quantile,0.7,733.4798577717628
13,2024-11-30,2,2024-12-14,wk inc flu hosp,quantile,0.7,124.75340807115452
15,2024-11-30,2,2024-12-14,wk inc flu hosp,quantile,0.7,17.737688881163837
16,2024-11-30,2,2024-12-14,wk inc flu hosp,quantile,0.7,60.85190833068043
17,2024-11-30,2,2024-12-14,wk inc flu hosp,quantile,0.7,165.74775653955626
18,2024-11-30,2,2024-12-14,wk inc flu hosp,quantile,0.7,93.23354617995875
19,2024-11-30,2,2024-12-14,wk inc flu hosp,quantile,0.7,17.320284159697174
20,2024-11-30,2,2024-12-14,wk inc flu hosp,quantile,0.7,39.44819433418781
21,2024-11-30,2,2024-12-14,wk inc flu hosp,quantile,0.7,51.450817196961765
22,2024-11-30,2,2024-12-14,wk inc flu hosp,quantile,0.7,152.19291175055207
23,2024-11-30,2,2024-12-14,wk inc flu hosp,quantile,0.7,5.595078210171939
24,2024-11-30,2,2024-12-14,wk inc flu hosp,quantile,0.7,56.97719026676388
25,2024-11-30,2,2024-12-14,wk inc flu hosp,quantile,0.7,115.01954299188185
26,2024-11-30,2,2024-12-14,wk inc flu hosp,quantile,0.7,163.13283342766977
27,2024-11-30,2,2024-12-14,wk inc flu hosp,quantile,0.7,46.737195112965686
28,2024-11-30,2,2024-12-14,wk inc flu hosp,quantile,0.7,48.650027292031645
29,2024-11-30,2,2024-12-14,wk inc flu hosp,quantile,0.7,104.93344814355342
30,2024-11-30,2,2024-12-14,wk inc flu hosp,quantile,0.7,7.416574380181083
31,2024-11-30,2,2024-12-14,wk inc flu hosp,quantile,0.7,15.041424815780871
32,2024-11-30,2,2024-12-14,wk inc flu hosp,quantile,0.7,89.62757921831216
33,2024-11-30,2,2024-12-14,wk inc flu hosp,quantile,0.7,26.261978760199728
34,2024-11-30,2,2024-12-14,wk inc flu hosp,quantile,0.7,56.70146059151521
35,2024-11-30,2,2024-12-14,wk inc flu hosp,quantile,0.7,56.98261571675105
36,2024-11-30,2,2024-12-14,wk inc flu hosp,quantile,0.7,258.8295340212199
37,2024-11-30,2,2024-12-14,wk inc flu hosp,quantile,0.7,81.75811010481304
38,2024-11-30,2,2024-12-14,wk inc flu hosp,quantile,0.7,7.455033177832724
39,2024-11-30,2,2024-12-14,wk inc flu hosp,quantile,0.7,556.365206565985
40,2024-11-30,2,2024-12-14,wk inc flu hosp,quantile,0.7,50.80126557389616
41,2024-11-30,2,2024-12-14,wk inc flu hosp,quantile,0.7,97.62082289783994
42,2024-11-30,2,2024-12-14,wk inc flu hosp,quantile,0.7,292.87830695341626
44,2024-11-30,2,2024-12-14,wk inc flu hosp,quantile,0.7,6.726206661328632
45,2024-11-30,2,2024-12-14,wk inc flu hosp,quantile,0.7,42.544668155819785
46,2024-11-30,2,2024-12-14,wk inc flu hosp,quantile,0.7,3.8495608204025875
47,2024-11-30,2,2024-12-14,wk inc flu hosp,quantile,0.7,123.55247591649407
48,2024-11-30,2,2024-12-14,wk inc flu hosp,quantile,0.7,589.6700057169571
49,2024-11-30,2,2024-12-14,wk inc flu hosp,quantile,0.7,38.95305253553661
50,2024-11-30,2,2024-12-14,wk inc flu hosp,quantile,0.7,4.141444735041711
51,2024-11-30,2,2024-12-14,wk inc flu hosp,quantile,0.7,77.91322632585936
53,2024-11-30,2,2024-12-14,wk inc flu hosp,quantile,0.7,84.82392144115579
54,2024-11-30,2,2024-12-14,wk inc flu hosp,quantile,0.7,18.822196595418553
55,2024-11-30,2,2024-12-14,wk inc flu hosp,quantile,0.7,47.91386911102427
56,2024-11-30,2,2024-12-14,wk inc flu hosp,quantile,0.7,17.185214458087838
72,2024-11-30,2,2024-12-14,wk inc flu hosp,quantile,0.7,83.00625239241823
US,2024-11-30,2,2024-12-14,wk inc flu hosp,quantile,0.7,7013.720063928564
01,2024-11-30,3,2024-12-21,wk inc flu hosp,quantile,0.7,127.89053125551672
02,2024-11-30,3,2024-12-21,wk inc flu hosp,quantile,0.7,13.443132015646983
04,2024-11-30,3,2024-12-21,wk inc flu hosp,quantile,0.7,559.7109218247163
05,2024-11-30,3,2024-12-21,wk inc flu hosp,quantile,0.7,36.55296582385253
06,2024-11-30,3,2024-12-21,wk inc flu hosp,quantile,0.7,955.659628042816
08,2024-11-30,3,2024-12-21,wk inc flu hosp,quantile,0.7,80.8543907650867
09,2024-11-30,3,2024-12-21,wk inc flu hosp,quantile,0.7,23.77330417135246
10,2024-11-30,3,2024-12-21,wk inc flu hosp,quantile,0.7,27.141269229021376
11,2024-11-30,3,2024-12-21,wk inc flu hosp,quantile,0.7,15.883905484204428
12,2024-11-30,3,2024-12-21,wk inc flu hosp,quantile,0.7,795.4502709284205
13,2024-11-30,3,2024-12-21,wk inc flu hosp,quantile,0.7,148.36379130600668
15,2024-11-30,3,2024-12-21,wk inc flu hosp,quantile,0.7,19.925477545790052
16,2024-11-30,3,2024-12-21,wk inc flu hosp,quantile,0.7,68.91357837223003
17,2024-11-30,3,2024-12-21,wk inc flu hosp,quantile,0.7,188.14642027968154
18,2024-11-30,3,2024-12-21,wk inc flu hosp,quantile,0.7,113.3566812874814
19,2024-11-30,3,2024-12-21,wk inc flu hosp,quantile,0.7,21.669906730501978
20,2024-11-30,3,2024-12-21,wk inc flu hosp,quantile,0.7,46.22488550590227
21,2024-11-30,3,2024-12-21,wk inc flu hosp,quantile,0.7,63.63317716393807
22,2024-11-30,3,2024-12-21,wk inc flu hosp,quantile,0.7,163.94507862701667
23,2024-11-30,3,2024-12-21,wk inc flu hosp,quantile,0.7,7.2952942944464425
24,2024-11-30,3,2024-12-21,wk inc flu hosp,quantile,0.7,72.46932828580762
25,2024-11-30,3,2024-12-21,wk inc flu hosp,quantile,0.7,138.12191602466592
26,2024-11-30,3,2024-12-21,wk inc flu hosp,quantile,0.7,191.1072278890894
27,2024-11-30,3,2024-12-21,wk inc flu hosp,quantile,0.7,55.74853827459298
28,2024-11-30,3,2024-12-21,wk inc flu hosp,quantile,0.7,56.901052278383
29,2024-11-30,3,2024-12-21,wk inc flu hosp,quantile,0.7,124.1381513930364
30,2024-11-30,3,2024-12-21,wk inc flu hosp,quantile,0.7,9.659144419342788
31,2024-11-30,3,2024-12-21,wk inc flu hosp,quantile,0.7,18.958823098875516
32,2024-11-30,3,2024-12-21,wk inc flu hosp,quantile,0.7,99.62930581587713
33,2024-11-30,3,2024-12-21,wk inc flu hosp,quantile,0.7,28.81888113680377
34,2024-11-30,3,2024-12-21,wk inc flu hosp,quantile,0.7,67.39087941326973
35,2024-11-30,3,2024-12-21,wk inc flu hosp,quantile,0.7,67.22688898553284
36,2024-11-30,3,2024-12-21,wk inc flu hosp,quantile,0.7,311.2195521765191
37,2024-11-30,3,2024-12-21,wk inc flu hosp,quantile,0.7,94.51648594092106
38,2024-11-30,3,2024-12-21,wk inc flu hosp,quantile,0.7,9.365074579057309
39,2024-11-30,3,2024-12-21,wk inc flu hosp,quantile,0.7,497.14345079814916
40,2024-11-30,3,2024-12-21,wk inc flu hosp,quantile,0.7,65.2947012596804
41,2024-11-30,3,2024-12-21,wk inc flu hosp,quantile,0.7,109.13182136980689
42,2024-11-30,3,2024-12-21,wk inc flu hosp,quantile,0.7,328.57262298064893
44,2024-11-30,3,2024-12-21,wk inc flu hosp,quantile,0.7,8.024423373049267
45,2024-11-30,3,2024-12-21,wk inc flu hosp,quantile,0.7,49.41325964654235
46,2024-11-30,3,2024-12-21,wk inc flu hosp,quantile,0.7,4.808032006403717
47,2024-11-30,3,2024-12-21,wk inc flu hosp,quantile,0.7,140.37169952398546
48,2024-11-30,3,2024-12-21,wk inc flu hosp,quantile,0.7,684.2390346557838
49,2024-11-30,3,2024-12-21,wk inc flu hosp,quantile,0.7,43.37048435489594
50,2024-11-30,3,2024-12-21,wk inc flu hosp,quantile,0.7,5.17188085984571
51,2024-11-30,3,2024-12-21,wk inc flu hosp,quantile,0.7,95.57036409474826
53,2024-11-30,3,2024-12-21,wk inc flu hosp,quantile,0.7,102.04770861642665
54,2024-11-30,3,2024-12-21,wk inc flu hosp,quantile,0.7,23.885202112575158
55,2024-11-30,3,2024-12-21,wk inc flu hosp,quantile,0.7,58.80612934220522
56,2024-11-30,3,2024-12-21,wk inc flu hosp,quantile,0.7,19.473416032958244
72,2024-11-30,3,2024-12-21,wk inc flu hosp,quantile,0.7,90.44895770904411
US,2024-11-30,3,2024-12-21,wk inc flu hosp,quantile,0.7,7958.998224290385
01,2024-11-30,0,2024-11-30,wk inc flu hosp,quantile,0.75,73.29048519908078
02,2024-11-30,0,2024-11-30,wk inc flu hosp,quantile,0.75,8.5067604885654
04,2024-11-30,0,2024-11-30,wk inc flu hosp,quantile,0.75,591.6578337777113
05,2024-11-30,0,2024-11-30,wk inc flu hosp,quantile,0.75,16.37501909749221
06,2024-11-30,0,2024-11-30,wk inc flu hosp,quantile,0.75,592.5055594539052
08,2024-11-30,0,2024-11-30,wk inc flu hosp,quantile,0.75,42.65176046068241
09,2024-11-30,0,2024-11-30,wk inc flu hosp,quantile,0.75,10.646649355223733
10,2024-11-30,0,2024-11-30,wk inc flu hosp,quantile,0.75,16.959731261614994
11,2024-11-30,0,2024-11-30,wk inc flu hosp,quantile,0.75,8.554317368113786
12,2024-11-30,0,2024-11-30,wk inc flu hosp,quantile,0.75,545.1908560039234
13,2024-11-30,0,2024-11-30,wk inc flu hosp,quantile,0.75,70.55208262563458
15,2024-11-30,0,2024-11-30,wk inc flu hosp,quantile,0.75,12.901454888293642
16,2024-11-30,0,2024-11-30,wk inc flu hosp,quantile,0.75,39.1255791419964
17,2024-11-30,0,2024-11-30,wk inc flu hosp,quantile,0.75,98.47128346230097
18,2024-11-30,0,2024-11-30,wk inc flu hosp,quantile,0.75,52.35016106724716
19,2024-11-30,0,2024-11-30,wk inc flu hosp,quantile,0.75,9.179552589428166
20,2024-11-30,0,2024-11-30,wk inc flu hosp,quantile,0.75,23.212472017505387
21,2024-11-30,0,2024-11-30,wk inc flu hosp,quantile,0.75,29.35967484199226
22,2024-11-30,0,2024-11-30,wk inc flu hosp,quantile,0.75,110.36964526396714
23,2024-11-30,0,2024-11-30,wk inc flu hosp,quantile,0.75,2.4128892331455343
24,2024-11-30,0,2024-11-30,wk inc flu hosp,quantile,0.75,30.003755832124845
25,2024-11-30,0,2024-11-30,wk inc flu hosp,quantile,0.75,65.89766986688208
26,2024-11-30,0,2024-11-30,wk inc flu hosp,quantile,0.75,92.22199688244861
27,2024-11-30,0,2024-11-30,wk inc flu hosp,quantile,0.75,33.29922157268603
28,2024-11-30,0,2024-11-30,wk inc flu hosp,quantile,0.75,29.464462452404838
29,2024-11-30,0,2024-11-30,wk inc flu hosp,quantile,0.75,60.2762431028881
30,2024-11-30,0,2024-11-30,wk inc flu hosp,quantile,0.75,4.049630262346479
31,2024-11-30,0,2024-11-30,wk inc flu hosp,quantile,0.75,8.231184696847306
32,2024-11-30,0,2024-11-30,wk inc flu hosp,quantile,0.75,60.255077236948175
33,2024-11-30,0,2024-11-30,wk inc flu hosp,quantile,0.75,18.815484085226085
34,2024-11-30,0,2024-11-30,wk inc flu hosp,quantile,0.75,28.707392418487114
35,2024-11-30,0,2024-11-30,wk inc flu hosp,quantile,0.75,35.42169415672889
36,2024-11-30,0,2024-11-30,wk inc flu hosp,quantile,0.75,144.14218443059542
37,2024-11-30,0,2024-11-30,wk inc flu hosp,quantile,0.75,52.39041917432204
38,2024-11-30,0,2024-11-30,wk inc flu hosp,quantile,0.75,4.755759545682969
39,2024-11-30,0,2024-11-30,wk inc flu hosp,quantile,0.75,660.8676910639222
40,2024-11-30,0,2024-11-30,wk inc flu hosp,quantile,0.75,26.265462451016653
41,2024-11-30,0,2024-11-30,wk inc flu hosp,quantile,0.75,62.87658746668931
42,2024-11-30,0,2024-11-30,wk inc flu hosp,quantile,0.75,185.81820496448697
44,2024-11-30,0,2024-11-30,wk inc flu hosp,quantile,0.75,3.977445404188899
45,2024-11-30,0,2024-11-30,wk inc flu hosp,quantile,0.75,24.85110978524218
46,2024-11-30,0,2024-11-30,wk inc flu hosp,quantile,0.75,2.2442291033214716
47,2024-11-30,0,2024-11-30,wk inc flu hosp,quantile,0.75,85.39535735146826
48,2024-11-30,0,2024-11-30,wk inc flu hosp,quantile,0.75,368.3628249433364
49,2024-11-30,0,2024-11-30,wk inc flu hosp,quantile,0.75,25.976523136724126
50,2024-11-30,0,2024-11-30,wk inc flu hosp,quantile,0.75,2.128945411328012
51,2024-11-30,0,2024-11-30,wk inc flu hosp,quantile,0.75,43.936087130088744
53,2024-11-30,0,2024-11-30,wk inc flu hosp,quantile,0.75,46.3363054060679
54,2024-11-30,0,2024-11-30,wk inc flu hosp,quantile,0.75,10.37238671439072
55,2024-11-30,0,2024-11-30,wk inc flu hosp,quantile,0.75,29.00204135503282
56,2024-11-30,0,2024-11-30,wk inc flu hosp,quantile,0.75,11.808503240620869
72,2024-11-30,0,2024-11-30,wk inc flu hosp,quantile,0.75,60.28900249215775
US,2024-11-30,0,2024-11-30,wk inc flu hosp,quantile,0.75,4589.685123116104
01,2024-11-30,1,2024-12-07,wk inc flu hosp,quantile,0.75,90.8598700739911
02,2024-11-30,1,2024-12-07,wk inc flu hosp,quantile,0.75,10.272692377960285
04,2024-11-30,1,2024-12-07,wk inc flu hosp,quantile,0.75,628.5477379670211
05,2024-11-30,1,2024-12-07,wk inc flu hosp,quantile,0.75,22.389914766758896
06,2024-11-30,1,2024-12-07,wk inc flu hosp,quantile,0.75,725.0415270970497
08,2024-11-30,1,2024-12-07,wk inc flu hosp,quantile,0.75,55.874333406352726
09,2024-11-30,1,2024-12-07,wk inc flu hosp,quantile,0.75,14.635084848614186
10,2024-11-30,1,2024-12-07,wk inc flu hosp,quantile,0.75,20.499246548560244
11,2024-11-30,1,2024-12-07,wk inc flu hosp,quantile,0.75,10.924757909851259
12,2024-11-30,1,2024-12-07,wk inc flu hosp,quantile,0.75,640.5073881359027
13,2024-11-30,1,2024-12-07,wk inc flu hosp,quantile,0.75,93.0494063805998
15,2024-11-30,1,2024-12-07,wk inc flu hosp,quantile,0.75,15.424832209525304
16,2024-11-30,1,2024-12-07,wk inc flu hosp,quantile,0.75,48.95807916565725
17,2024-11-30,1,2024-12-07,wk inc flu hosp,quantile,0.75,128.41196171606495
18,2024-11-30,1,2024-12-07,wk inc flu hosp,quantile,0.75,69.95942843268737
19,2024-11-30,1,2024-12-07,wk inc flu hosp,quantile,0.75,12.554916627574642
20,2024-11-30,1,2024-12-07,wk inc flu hosp,quantile,0.75,30.49063767164351
21,2024-11-30,1,2024-12-07,wk inc flu hosp,quantile,0.75,39.276249960077074
22,2024-11-30,1,2024-12-07,wk inc flu hosp,quantile,0.75,130.41201526673487
23,2024-11-30,1,2024-12-07,wk inc flu hosp,quantile,0.75,3.7158657390189096
24,2024-11-30,1,2024-12-07,wk inc flu hosp,quantile,0.75,41.67914148656688
25,2024-11-30,1,2024-12-07,wk inc flu hosp,quantile,0.75,86.11903097710075
26,2024-11-30,1,2024-12-07,wk inc flu hosp,quantile,0.75,121.52379181314284
27,2024-11-30,1,2024-12-07,wk inc flu hosp,quantile,0.75,40.03814772676068
28,2024-11-30,1,2024-12-07,wk inc flu hosp,quantile,0.75,38.10482996122979
29,2024-11-30,1,2024-12-07,wk inc flu hosp,quantile,0.75,79.18257872903622
30,2024-11-30,1,2024-12-07,wk inc flu hosp,quantile,0.75,5.564223564926049
31,2024-11-30,1,2024-12-07,wk inc flu hosp,quantile,0.75,11.361693613650312
32,2024-11-30,1,2024-12-07,wk inc flu hosp,quantile,0.75,73.64029141657477
33,2024-11-30,1,2024-12-07,wk inc flu hosp,quantile,0.75,22.35390954151235
34,2024-11-30,1,2024-12-07,wk inc flu hosp,quantile,0.75,42.981513618705385
35,2024-11-30,1,2024-12-07,wk inc flu hosp,quantile,0.75,44.986088441173656
36,2024-11-30,1,2024-12-07,wk inc flu hosp,quantile,0.75,191.86303377155227
37,2024-11-30,1,2024-12-07,wk inc flu hosp,quantile,0.75,65.15053158566985
38,2024-11-30,1,2024-12-07,wk inc flu hosp,quantile,0.75,6.00536491651656
39,2024-11-30,1,2024-12-07,wk inc flu hosp,quantile,0.75,636.6859595672108
40,2024-11-30,1,2024-12-07,wk inc flu hosp,quantile,0.75,37.41380719273445
41,2024-11-30,1,2024-12-07,wk inc flu hosp,quantile,0.75,78.26316401546777
42,2024-11-30,1,2024-12-07,wk inc flu hosp,quantile,0.75,233.52481827965872
44,2024-11-30,1,2024-12-07,wk inc flu hosp,quantile,0.75,5.219386870743931
45,2024-11-30,1,2024-12-07,wk inc flu hosp,quantile,0.75,32.03227445637683
46,2024-11-30,1,2024-12-07,wk inc flu hosp,quantile,0.75,2.9865456877380887
47,2024-11-30,1,2024-12-07,wk inc flu hosp,quantile,0.75,104.52784345283112
48,2024-11-30,1,2024-12-07,wk inc flu hosp,quantile,0.75,465.4511397077486
49,2024-11-30,1,2024-12-07,wk inc flu hosp,quantile,0.75,31.67218664372114
50,2024-11-30,1,2024-12-07,wk inc flu hosp,quantile,0.75,3.1124453492913884
51,2024-11-30,1,2024-12-07,wk inc flu hosp,quantile,0.75,57.61143133313108
53,2024-11-30,1,2024-12-07,wk inc flu hosp,quantile,0.75,63.67234315032398
54,2024-11-30,1,2024-12-07,wk inc flu hosp,quantile,0.75,14.033190347239042
55,2024-11-30,1,2024-12-07,wk inc flu hosp,quantile,0.75,37.148158927304394
56,2024-11-30,1,2024-12-07,wk inc flu hosp,quantile,0.75,14.703635879926994
72,2024-11-30,1,2024-12-07,wk inc flu hosp,quantile,0.75,70.78274799522794
US,2024-11-30,1,2024-12-07,wk inc flu hosp,quantile,0.75,5649.964072813135
01,2024-11-30,2,2024-12-14,wk inc flu hosp,quantile,0.75,121.0393206434441
02,2024-11-30,2,2024-12-14,wk inc flu hosp,quantile,0.75,13.750575837394058
04,2024-11-30,2,2024-12-14,wk inc flu hosp,quantile,0.75,646.7269075841549
05,2024-11-30,2,2024-12-14,wk inc flu hosp,quantile,0.75,32.80543267339972
06,2024-11-30,2,2024-12-14,wk inc flu hosp,quantile,0.75,926.2950568666563
08,2024-11-30,2,2024-12-14,wk inc flu hosp,quantile,0.75,78.09935883880047
09,2024-11-30,2,2024-12-14,wk inc flu hosp,quantile,0.75,21.661114755061934
10,2024-11-30,2,2024-12-14,wk inc flu hosp,quantile,0.75,25.80073976677111
11,2024-11-30,2,2024-12-14,wk inc flu hosp,quantile,0.75,15.309194831351002
12,2024-11-30,2,2024-12-14,wk inc flu hosp,quantile,0.75,789.7090983120114
13,2024-11-30,2,2024-12-14,wk inc flu hosp,quantile,0.75,135.48352130468967
15,2024-11-30,2,2024-12-14,wk inc flu hosp,quantile,0.75,19.520242755095126
16,2024-11-30,2,2024-12-14,wk inc flu hosp,quantile,0.75,64.26706256669021
17,2024-11-30,2,2024-12-14,wk inc flu hosp,quantile,0.75,178.48194616273724
18,2024-11-30,2,2024-12-14,wk inc flu hosp,quantile,0.75,103.07472684339
19,2024-11-30,2,2024-12-14,wk inc flu hosp,quantile,0.75,19.07754456711826
20,2024-11-30,2,2024-12-14,wk inc flu hosp,quantile,0.75,43.437450196061945
21,2024-11-30,2,2024-12-14,wk inc flu hosp,quantile,0.75,57.39776127602137
22,2024-11-30,2,2024-12-14,wk inc flu hosp,quantile,0.75,163.71296438946356
23,2024-11-30,2,2024-12-14,wk inc flu hosp,quantile,0.75,6.244163509149649
24,2024-11-30,2,2024-12-14,wk inc flu hosp,quantile,0.75,63.569860243086936
25,2024-11-30,2,2024-12-14,wk inc flu hosp,quantile,0.75,127.25650732773067
26,2024-11-30,2,2024-12-14,wk inc flu hosp,quantile,0.75,172.9198371327167
27,2024-11-30,2,2024-12-14,wk inc flu hosp,quantile,0.75,52.744929076635515
28,2024-11-30,2,2024-12-14,wk inc flu hosp,quantile,0.75,53.86822000276943
29,2024-11-30,2,2024-12-14,wk inc flu hosp,quantile,0.75,113.24122504962085
30,2024-11-30,2,2024-12-14,wk inc flu hosp,quantile,0.75,8.54750382665316
31,2024-11-30,2,2024-12-14,wk inc flu hosp,quantile,0.75,17.043614174952083
32,2024-11-30,2,2024-12-14,wk inc flu hosp,quantile,0.75,94.0026276505225
33,2024-11-30,2,2024-12-14,wk inc flu hosp,quantile,0.75,28.746233376035722
34,2024-11-30,2,2024-12-14,wk inc flu hosp,quantile,0.75,62.790002363633334
35,2024-11-30,2,2024-12-14,wk inc flu hosp,quantile,0.75,62.50353802574862
36,2024-11-30,2,2024-12-14,wk inc flu hosp,quantile,0.75,278.4300646153827
37,2024-11-30,2,2024-12-14,wk inc flu hosp,quantile,0.75,89.40036581658488
38,2024-11-30,2,2024-12-14,wk inc flu hosp,quantile,0.75,8.509927250324692
39,2024-11-30,2,2024-12-14,wk inc flu hosp,quantile,0.75,598.8564812876789
40,2024-11-30,2,2024-12-14,wk inc flu hosp,quantile,0.75,57.71075356038796
41,2024-11-30,2,2024-12-14,wk inc flu hosp,quantile,0.75,104.61659274484458
42,2024-11-30,2,2024-12-14,wk inc flu hosp,quantile,0.75,312.3541475357484
44,2024-11-30,2,2024-12-14,wk inc flu hosp,quantile,0.75,7.486727103870395
45,2024-11-30,2,2024-12-14,wk inc flu hosp,quantile,0.75,45.59303298322733
46,2024-11-30,2,2024-12-14,wk inc flu hosp,quantile,0.75,4.391389110345838
47,2024-11-30,2,2024-12-14,wk inc flu hosp,quantile,0.75,140.4517252661388
48,2024-11-30,2,2024-12-14,wk inc flu hosp,quantile,0.75,621.8049256890143
49,2024-11-30,2,2024-12-14,wk inc flu hosp,quantile,0.75,40.93605653482179
50,2024-11-30,2,2024-12-14,wk inc flu hosp,quantile,0.75,4.78425492707966
51,2024-11-30,2,2024-12-14,wk inc flu hosp,quantile,0.75,82.94044147652468
53,2024-11-30,2,2024-12-14,wk inc flu hosp,quantile,0.75,93.86995676993183
54,2024-11-30,2,2024-12-14,wk inc flu hosp,quantile,0.75,21.27013443194342
55,2024-11-30,2,2024-12-14,wk inc flu hosp,quantile,0.75,52.93603488314795
56,2024-11-30,2,2024-12-14,wk inc flu hosp,quantile,0.75,19.114062646549332
72,2024-11-30,2,2024-12-14,wk inc flu hosp,quantile,0.75,88.56794425720729
US,2024-11-30,2,2024-12-14,wk inc flu hosp,quantile,0.75,7498.512107251886
01,2024-11-30,3,2024-12-21,wk inc flu hosp,quantile,0.75,134.39186872304208
02,2024-11-30,3,2024-12-21,wk inc flu hosp,quantile,0.75,14.81102473580091
04,2024-11-30,3,2024-12-21,wk inc flu hosp,quantile,0.75,612.343068546168
05,2024-11-30,3,2024-12-21,wk inc flu hosp,quantile,0.75,38.81215459569803
06,2024-11-30,3,2024-12-21,wk inc flu hosp,quantile,0.75,1015.5263698189406
08,2024-11-30,3,2024-12-21,wk inc flu hosp,quantile,0.75,87.71313782669837
09,2024-11-30,3,2024-12-21,wk inc flu hosp,quantile,0.75,26.669685601731086
10,2024-11-30,3,2024-12-21,wk inc flu hosp,quantile,0.75,29.063570207910878
11,2024-11-30,3,2024-12-21,wk inc flu hosp,quantile,0.75,17.346764623114193
12,2024-11-30,3,2024-12-21,wk inc flu hosp,quantile,0.75,856.4015402511146
13,2024-11-30,3,2024-12-21,wk inc flu hosp,quantile,0.75,157.06196555553458
15,2024-11-30,3,2024-12-21,wk inc flu hosp,quantile,0.75,21.506860107788135
16,2024-11-30,3,2024-12-21,wk inc flu hosp,quantile,0.75,72.89008737285029
17,2024-11-30,3,2024-12-21,wk inc flu hosp,quantile,0.75,202.8888023529197
18,2024-11-30,3,2024-12-21,wk inc flu hosp,quantile,0.75,121.99143454759249
19,2024-11-30,3,2024-12-21,wk inc flu hosp,quantile,0.75,23.939316162283863
20,2024-11-30,3,2024-12-21,wk inc flu hosp,quantile,0.75,49.94337216929711
21,2024-11-30,3,2024-12-21,wk inc flu hosp,quantile,0.75,67.96245686143843
22,2024-11-30,3,2024-12-21,wk inc flu hosp,quantile,0.75,177.4169491955919
23,2024-11-30,3,2024-12-21,wk inc flu hosp,quantile,0.75,8.05479068206932
24,2024-11-30,3,2024-12-21,wk inc flu hosp,quantile,0.75,76.0712544461414
25,2024-11-30,3,2024-12-21,wk inc flu hosp,quantile,0.75,148.74466412678103
26,2024-11-30,3,2024-12-21,wk inc flu hosp,quantile,0.75,205.5090758238037
27,2024-11-30,3,2024-12-21,wk inc flu hosp,quantile,0.75,61.29587730470981
28,2024-11-30,3,2024-12-21,wk inc flu hosp,quantile,0.75,61.3785698990897
29,2024-11-30,3,2024-12-21,wk inc flu hosp,quantile,0.75,132.2476657127132
30,2024-11-30,3,2024-12-21,wk inc flu hosp,quantile,0.75,10.727317275254457
31,2024-11-30,3,2024-12-21,wk inc flu hosp,quantile,0.75,20.0939154604376
32,2024-11-30,3,2024-12-21,wk inc flu hosp,quantile,0.75,103.98864609259077
33,2024-11-30,3,2024-12-21,wk inc flu hosp,quantile,0.75,31.18936591928855
34,2024-11-30,3,2024-12-21,wk inc flu hosp,quantile,0.75,74.2260219882906
35,2024-11-30,3,2024-12-21,wk inc flu hosp,quantile,0.75,70.86785012416408
36,2024-11-30,3,2024-12-21,wk inc flu hosp,quantile,0.75,334.61484597846186
37,2024-11-30,3,2024-12-21,wk inc flu hosp,quantile,0.75,102.62999972973222
38,2024-11-30,3,2024-12-21,wk inc flu hosp,quantile,0.75,10.425838541574706
39,2024-11-30,3,2024-12-21,wk inc flu hosp,quantile,0.75,550.7939154544448
40,2024-11-30,3,2024-12-21,wk inc flu hosp,quantile,0.75,69.11036246575605
41,2024-11-30,3,2024-12-21,wk inc flu hosp,quantile,0.75,117.34857730373692
42,2024-11-30,3,2024-12-21,wk inc flu hosp,quantile,0.75,346.3909408034458
44,2024-11-30,3,2024-12-21,wk inc flu hosp,quantile,0.75,8.833964275533097
45,2024-11-30,3,2024-12-21,wk inc flu hosp,quantile,0.75,51.39835867539556
46,2024-11-30,3,2024-12-21,wk inc flu hosp,quantile,0.75,5.316236018796908
47,2024-11-30,3,2024-12-21,wk inc flu hosp,quantile,0.75,153.40565617109255
48,2024-11-30,3,2024-12-21,wk inc flu hosp,quantile,0.75,710.3421468528051
49,2024-11-30,3,2024-12-21,wk inc flu hosp,quantile,0.75,45.48142203486633
50,2024-11-30,3,2024-12-21,wk inc flu hosp,quantile,0.75,5.589870397293308
51,2024-11-30,3,2024-12-21,wk inc flu hosp,quantile,0.75,97.81580593267962
53,2024-11-30,3,2024-12-21,wk inc flu hosp,quantile,0.75,110.01692941445934
54,2024-11-30,3,2024-12-21,wk inc flu hosp,quantile,0.75,25.272539128912847
55,2024-11-30,3,2024-12-21,wk inc flu hosp,quantile,0.75,66.2133230582798
56,2024-11-30,3,2024-12-21,wk inc flu hosp,quantile,0.75,21.403425762216685
72,2024-11-30,3,2024-12-21,wk inc flu hosp,quantile,0.75,96.64026776248993
US,2024-11-30,3,2024-12-21,wk inc flu hosp,quantile,0.75,8360.622537393934
01,2024-11-30,0,2024-11-30,wk inc flu hosp,quantile,0.8,78.59714563196364
02,2024-11-30,0,2024-11-30,wk inc flu hosp,quantile,0.8,9.210325724570527
04,2024-11-30,0,2024-11-30,wk inc flu hosp,quantile,0.8,624.4955892305514
05,2024-11-30,0,2024-11-30,wk inc flu hosp,quantile,0.8,18.4928287262944
06,2024-11-30,0,2024-11-30,wk inc flu hosp,quantile,0.8,620.8610929283615
08,2024-11-30,0,2024-11-30,wk inc flu hosp,quantile,0.8,45.81066750384079
09,2024-11-30,0,2024-11-30,wk inc flu hosp,quantile,0.8,11.75994894628908
10,2024-11-30,0,2024-11-30,wk inc flu hosp,quantile,0.8,18.2096807767765
11,2024-11-30,0,2024-11-30,wk inc flu hosp,quantile,0.8,9.217195447889134
12,2024-11-30,0,2024-11-30,wk inc flu hosp,quantile,0.8,587.995387227055
13,2024-11-30,0,2024-11-30,wk inc flu hosp,quantile,0.8,75.6139699800849
15,2024-11-30,0,2024-11-30,wk inc flu hosp,quantile,0.8,14.098360604039305
16,2024-11-30,0,2024-11-30,wk inc flu hosp,quantile,0.8,42.346660808466524
17,2024-11-30,0,2024-11-30,wk inc flu hosp,quantile,0.8,105.7172988851123
18,2024-11-30,0,2024-11-30,wk inc flu hosp,quantile,0.8,55.9906245118549
19,2024-11-30,0,2024-11-30,wk inc flu hosp,quantile,0.8,10.0570906993109
20,2024-11-30,0,2024-11-30,wk inc flu hosp,quantile,0.8,25.0831110395745
21,2024-11-30,0,2024-11-30,wk inc flu hosp,quantile,0.8,31.89027205806615
22,2024-11-30,0,2024-11-30,wk inc flu hosp,quantile,0.8,117.79412511666868
23,2024-11-30,0,2024-11-30,wk inc flu hosp,quantile,0.8,2.9420374863781156
24,2024-11-30,0,2024-11-30,wk inc flu hosp,quantile,0.8,32.77310133012753
25,2024-11-30,0,2024-11-30,wk inc flu hosp,quantile,0.8,70.25241924280459
26,2024-11-30,0,2024-11-30,wk inc flu hosp,quantile,0.8,101.51912608419929
27,2024-11-30,0,2024-11-30,wk inc flu hosp,quantile,0.8,35.84285715994977
28,2024-11-30,0,2024-11-30,wk inc flu hosp,quantile,0.8,32.359809397984904
29,2024-11-30,0,2024-11-30,wk inc flu hosp,quantile,0.8,65.1322830924231
30,2024-11-30,0,2024-11-30,wk inc flu hosp,quantile,0.8,4.765585236524854
31,2024-11-30,0,2024-11-30,wk inc flu hosp,quantile,0.8,9.480713262489923
32,2024-11-30,0,2024-11-30,wk inc flu hosp,quantile,0.8,64.56907233629222
33,2024-11-30,0,2024-11-30,wk inc flu hosp,quantile,0.8,20.83395821319655
34,2024-11-30,0,2024-11-30,wk inc flu hosp,quantile,0.8,33.61661768957897
35,2024-11-30,0,2024-11-30,wk inc flu hosp,quantile,0.8,38.45303290204461
36,2024-11-30,0,2024-11-30,wk inc flu hosp,quantile,0.8,156.24308709544096
37,2024-11-30,0,2024-11-30,wk inc flu hosp,quantile,0.8,56.11218714389184
38,2024-11-30,0,2024-11-30,wk inc flu hosp,quantile,0.8,5.368474762174976
39,2024-11-30,0,2024-11-30,wk inc flu hosp,quantile,0.8,693.1771692996491
40,2024-11-30,0,2024-11-30,wk inc flu hosp,quantile,0.8,29.26457010884567
41,2024-11-30,0,2024-11-30,wk inc flu hosp,quantile,0.8,67.27566111927906
42,2024-11-30,0,2024-11-30,wk inc flu hosp,quantile,0.8,199.90948147574153
44,2024-11-30,0,2024-11-30,wk inc flu hosp,quantile,0.8,4.546375675656869
45,2024-11-30,0,2024-11-30,wk inc flu hosp,quantile,0.8,27.12678012592683
46,2024-11-30,0,2024-11-30,wk inc flu hosp,quantile,0.8,2.532264322695143
47,2024-11-30,0,2024-11-30,wk inc flu hosp,quantile,0.8,92.72880254111168
48,2024-11-30,0,2024-11-30,wk inc flu hosp,quantile,0.8,396.56166576131517
49,2024-11-30,0,2024-11-30,wk inc flu hosp,quantile,0.8,27.94372064050252
50,2024-11-30,0,2024-11-30,wk inc flu hosp,quantile,0.8,2.610138771622465
51,2024-11-30,0,2024-11-30,wk inc flu hosp,quantile,0.8,47.20071321337992
53,2024-11-30,0,2024-11-30,wk inc flu hosp,quantile,0.8,51.12596410564038
54,2024-11-30,0,2024-11-30,wk inc flu hosp,quantile,0.8,11.006651870099164
55,2024-11-30,0,2024-11-30,wk inc flu hosp,quantile,0.8,31.06251672075599
56,2024-11-30,0,2024-11-30,wk inc flu hosp,quantile,0.8,12.848830349908233
72,2024-11-30,0,2024-11-30,wk inc flu hosp,quantile,0.8,64.0908167862139
US,2024-11-30,0,2024-11-30,wk inc flu hosp,quantile,0.8,4774.42508878742
01,2024-11-30,1,2024-12-07,wk inc flu hosp,quantile,0.8,97.51672897564488
02,2024-11-30,1,2024-12-07,wk inc flu hosp,quantile,0.8,10.993928387300477
04,2024-11-30,1,2024-12-07,wk inc flu hosp,quantile,0.8,659.8892520240336
05,2024-11-30,1,2024-12-07,wk inc flu hosp,quantile,0.8,25.260403313724737
06,2024-11-30,1,2024-12-07,wk inc flu hosp,quantile,0.8,758.8469925966234
08,2024-11-30,1,2024-12-07,wk inc flu hosp,quantile,0.8,58.71394624377902
09,2024-11-30,1,2024-12-07,wk inc flu hosp,quantile,0.8,16.221191706829575
10,2024-11-30,1,2024-12-07,wk inc flu hosp,quantile,0.8,22.033134800827224
11,2024-11-30,1,2024-12-07,wk inc flu hosp,quantile,0.8,11.882319252514888
12,2024-11-30,1,2024-12-07,wk inc flu hosp,quantile,0.8,685.7119667617884
13,2024-11-30,1,2024-12-07,wk inc flu hosp,quantile,0.8,100.29549001666183
15,2024-11-30,1,2024-12-07,wk inc flu hosp,quantile,0.8,16.680662106055458
16,2024-11-30,1,2024-12-07,wk inc flu hosp,quantile,0.8,52.7704401537535
17,2024-11-30,1,2024-12-07,wk inc flu hosp,quantile,0.8,137.84446876071263
18,2024-11-30,1,2024-12-07,wk inc flu hosp,quantile,0.8,75.76452823428409
19,2024-11-30,1,2024-12-07,wk inc flu hosp,quantile,0.8,14.023245781226228
20,2024-11-30,1,2024-12-07,wk inc flu hosp,quantile,0.8,32.79999187394561
21,2024-11-30,1,2024-12-07,wk inc flu hosp,quantile,0.8,42.62201660764825
22,2024-11-30,1,2024-12-07,wk inc flu hosp,quantile,0.8,136.42798847613767
23,2024-11-30,1,2024-12-07,wk inc flu hosp,quantile,0.8,4.4567273659792
24,2024-11-30,1,2024-12-07,wk inc flu hosp,quantile,0.8,45.44553592759068
25,2024-11-30,1,2024-12-07,wk inc flu hosp,quantile,0.8,94.40648072294766
26,2024-11-30,1,2024-12-07,wk inc flu hosp,quantile,0.8,131.87323205287976
27,2024-11-30,1,2024-12-07,wk inc flu hosp,quantile,0.8,42.32994996045881
28,2024-11-30,1,2024-12-07,wk inc flu hosp,quantile,0.8,41.45068055688508
29,2024-11-30,1,2024-12-07,wk inc flu hosp,quantile,0.8,85.89440779431008
30,2024-11-30,1,2024-12-07,wk inc flu hosp,quantile,0.8,6.594115827703891
31,2024-11-30,1,2024-12-07,wk inc flu hosp,quantile,0.8,12.795428822468491
32,2024-11-30,1,2024-12-07,wk inc flu hosp,quantile,0.8,78.63073371273043
33,2024-11-30,1,2024-12-07,wk inc flu hosp,quantile,0.8,24.69420262194349
34,2024-11-30,1,2024-12-07,wk inc flu hosp,quantile,0.8,48.815877878176366
35,2024-11-30,1,2024-12-07,wk inc flu hosp,quantile,0.8,49.18657265280137
36,2024-11-30,1,2024-12-07,wk inc flu hosp,quantile,0.8,209.22429218890906
37,2024-11-30,1,2024-12-07,wk inc flu hosp,quantile,0.8,69.29035729750366
38,2024-11-30,1,2024-12-07,wk inc flu hosp,quantile,0.8,6.793555279442282
39,2024-11-30,1,2024-12-07,wk inc flu hosp,quantile,0.8,682.0502218569819
40,2024-11-30,1,2024-12-07,wk inc flu hosp,quantile,0.8,41.47511191422095
41,2024-11-30,1,2024-12-07,wk inc flu hosp,quantile,0.8,84.90111386173214
42,2024-11-30,1,2024-12-07,wk inc flu hosp,quantile,0.8,249.3854315450912
44,2024-11-30,1,2024-12-07,wk inc flu hosp,quantile,0.8,5.93886482546879
45,2024-11-30,1,2024-12-07,wk inc flu hosp,quantile,0.8,34.44674171516766
46,2024-11-30,1,2024-12-07,wk inc flu hosp,quantile,0.8,3.402305715102555
47,2024-11-30,1,2024-12-07,wk inc flu hosp,quantile,0.8,112.78402531785453
48,2024-11-30,1,2024-12-07,wk inc flu hosp,quantile,0.8,492.2778243754705
49,2024-11-30,1,2024-12-07,wk inc flu hosp,quantile,0.8,34.674445407400846
50,2024-11-30,1,2024-12-07,wk inc flu hosp,quantile,0.8,3.561934108735922
51,2024-11-30,1,2024-12-07,wk inc flu hosp,quantile,0.8,62.097265515695604
53,2024-11-30,1,2024-12-07,wk inc flu hosp,quantile,0.8,68.71227496905442
54,2024-11-30,1,2024-12-07,wk inc flu hosp,quantile,0.8,15.507416414292022
55,2024-11-30,1,2024-12-07,wk inc flu hosp,quantile,0.8,39.93206864635984
56,2024-11-30,1,2024-12-07,wk inc flu hosp,quantile,0.8,15.959483990430055
72,2024-11-30,1,2024-12-07,wk inc flu hosp,quantile,0.8,75.54226709306845
US,2024-11-30,1,2024-12-07,wk inc flu hosp,quantile,0.8,5929.070844507977
01,2024-11-30,2,2024-12-14,wk inc flu hosp,quantile,0.8,124.02867935184013
02,2024-11-30,2,2024-12-14,wk inc flu hosp,quantile,0.8,13.758319384499753
04,2024-11-30,2,2024-12-14,wk inc flu hosp,quantile,0.8,683.5314798589335
05,2024-11-30,2,2024-12-14,wk inc flu hosp,quantile,0.8,34.44855035227052
06,2024-11-30,2,2024-12-14,wk inc flu hosp,quantile,0.8,948.4041773244106
08,2024-11-30,2,2024-12-14,wk inc flu hosp,quantile,0.8,78.17475848491304
09,2024-11-30,2,2024-12-14,wk inc flu hosp,quantile,0.8,22.4147961266647
10,2024-11-30,2,2024-12-14,wk inc flu hosp,quantile,0.8,27.540657066607423
11,2024-11-30,2,2024-12-14,wk inc flu hosp,quantile,0.8,15.422408395502451
12,2024-11-30,2,2024-12-14,wk inc flu hosp,quantile,0.8,822.7184393097466
13,2024-11-30,2,2024-12-14,wk inc flu hosp,quantile,0.8,137.122103312557
15,2024-11-30,2,2024-12-14,wk inc flu hosp,quantile,0.8,20.67604012943334
16,2024-11-30,2,2024-12-14,wk inc flu hosp,quantile,0.8,68.30690293012562
17,2024-11-30,2,2024-12-14,wk inc flu hosp,quantile,0.8,183.6133618843508
18,2024-11-30,2,2024-12-14,wk inc flu hosp,quantile,0.8,107.75939905482129
19,2024-11-30,2,2024-12-14,wk inc flu hosp,quantile,0.8,20.022308514212316
20,2024-11-30,2,2024-12-14,wk inc flu hosp,quantile,0.8,44.89629873715798
21,2024-11-30,2,2024-12-14,wk inc flu hosp,quantile,0.8,60.416470639704215
22,2024-11-30,2,2024-12-14,wk inc flu hosp,quantile,0.8,167.68982928662513
23,2024-11-30,2,2024-12-14,wk inc flu hosp,quantile,0.8,6.678936670668889
24,2024-11-30,2,2024-12-14,wk inc flu hosp,quantile,0.8,66.10978362358796
25,2024-11-30,2,2024-12-14,wk inc flu hosp,quantile,0.8,131.41510352365688
26,2024-11-30,2,2024-12-14,wk inc flu hosp,quantile,0.8,180.4907099049915
27,2024-11-30,2,2024-12-14,wk inc flu hosp,quantile,0.8,55.27732448996723
28,2024-11-30,2,2024-12-14,wk inc flu hosp,quantile,0.8,55.715314624502085
29,2024-11-30,2,2024-12-14,wk inc flu hosp,quantile,0.8,117.89498098660249
30,2024-11-30,2,2024-12-14,wk inc flu hosp,quantile,0.8,9.794034251443671
31,2024-11-30,2,2024-12-14,wk inc flu hosp,quantile,0.8,18.189244070458315
32,2024-11-30,2,2024-12-14,wk inc flu hosp,quantile,0.8,99.09305574349621
33,2024-11-30,2,2024-12-14,wk inc flu hosp,quantile,0.8,31.058867162416913
34,2024-11-30,2,2024-12-14,wk inc flu hosp,quantile,0.8,69.59381813531509
35,2024-11-30,2,2024-12-14,wk inc flu hosp,quantile,0.8,65.39368874528239
36,2024-11-30,2,2024-12-14,wk inc flu hosp,quantile,0.8,292.863200964439
37,2024-11-30,2,2024-12-14,wk inc flu hosp,quantile,0.8,93.42038508592664
38,2024-11-30,2,2024-12-14,wk inc flu hosp,quantile,0.8,9.323546723635516
39,2024-11-30,2,2024-12-14,wk inc flu hosp,quantile,0.8,642.4684660272147
40,2024-11-30,2,2024-12-14,wk inc flu hosp,quantile,0.8,60.67160441458575
41,2024-11-30,2,2024-12-14,wk inc flu hosp,quantile,0.8,110.74709881838982
42,2024-11-30,2,2024-12-14,wk inc flu hosp,quantile,0.8,322.9735923197968
44,2024-11-30,2,2024-12-14,wk inc flu hosp,quantile,0.8,8.207751174836652
45,2024-11-30,2,2024-12-14,wk inc flu hosp,quantile,0.8,46.54931520989496
46,2024-11-30,2,2024-12-14,wk inc flu hosp,quantile,0.8,4.796259909436369
47,2024-11-30,2,2024-12-14,wk inc flu hosp,quantile,0.8,144.92874211620563
48,2024-11-30,2,2024-12-14,wk inc flu hosp,quantile,0.8,651.2314879615294
49,2024-11-30,2,2024-12-14,wk inc flu hosp,quantile,0.8,43.89461005222471
50,2024-11-30,2,2024-12-14,wk inc flu hosp,quantile,0.8,5.224645043961488
51,2024-11-30,2,2024-12-14,wk inc flu hosp,quantile,0.8,85.45782935389065
53,2024-11-30,2,2024-12-14,wk inc flu hosp,quantile,0.8,97.34859743649218
54,2024-11-30,2,2024-12-14,wk inc flu hosp,quantile,0.8,22.279678759337727
55,2024-11-30,2,2024-12-14,wk inc flu hosp,quantile,0.8,55.36358663891474
56,2024-11-30,2,2024-12-14,wk inc flu hosp,quantile,0.8,20.235178745546623
72,2024-11-30,2,2024-12-14,wk inc flu hosp,quantile,0.8,93.98166714889724
US,2024-11-30,2,2024-12-14,wk inc flu hosp,quantile,0.8,7532.555752966848
01,2024-11-30,3,2024-12-21,wk inc flu hosp,quantile,0.8,142.4758627671625
02,2024-11-30,3,2024-12-21,wk inc flu hosp,quantile,0.8,14.96787758536054
04,2024-11-30,3,2024-12-21,wk inc flu hosp,quantile,0.8,659.6691418993474
05,2024-11-30,3,2024-12-21,wk inc flu hosp,quantile,0.8,40.88214964637946
06,2024-11-30,3,2024-12-21,wk inc flu hosp,quantile,0.8,1047.6505279926655
08,2024-11-30,3,2024-12-21,wk inc flu hosp,quantile,0.8,93.15766923440435
09,2024-11-30,3,2024-12-21,wk inc flu hosp,quantile,0.8,28.84401654743495
10,2024-11-30,3,2024-12-21,wk inc flu hosp,quantile,0.8,30.838083758095284
11,2024-11-30,3,2024-12-21,wk inc flu hosp,quantile,0.8,18.268307251985924
12,2024-11-30,3,2024-12-21,wk inc flu hosp,quantile,0.8,889.3169864703312
13,2024-11-30,3,2024-12-21,wk inc flu hosp,quantile,0.8,161.03006075079335
15,2024-11-30,3,2024-12-21,wk inc flu hosp,quantile,0.8,22.263381042306005
16,2024-11-30,3,2024-12-21,wk inc flu hosp,quantile,0.8,77.4192636076491
17,2024-11-30,3,2024-12-21,wk inc flu hosp,quantile,0.8,211.92520714190735
18,2024-11-30,3,2024-12-21,wk inc flu hosp,quantile,0.8,126.89837936533807
19,2024-11-30,3,2024-12-21,wk inc flu hosp,quantile,0.8,25.483525618462494
20,2024-11-30,3,2024-12-21,wk inc flu hosp,quantile,0.8,52.70307549420303
21,2024-11-30,3,2024-12-21,wk inc flu hosp,quantile,0.8,70.55505768053848
22,2024-11-30,3,2024-12-21,wk inc flu hosp,quantile,0.8,178.18815213719301
23,2024-11-30,3,2024-12-21,wk inc flu hosp,quantile,0.8,9.037912323251774
24,2024-11-30,3,2024-12-21,wk inc flu hosp,quantile,0.8,79.84548290887979
25,2024-11-30,3,2024-12-21,wk inc flu hosp,quantile,0.8,155.63176375378973
26,2024-11-30,3,2024-12-21,wk inc flu hosp,quantile,0.8,211.6409757843616
27,2024-11-30,3,2024-12-21,wk inc flu hosp,quantile,0.8,63.34310516274775
28,2024-11-30,3,2024-12-21,wk inc flu hosp,quantile,0.8,63.01835244373669
29,2024-11-30,3,2024-12-21,wk inc flu hosp,quantile,0.8,138.37105515362074
30,2024-11-30,3,2024-12-21,wk inc flu hosp,quantile,0.8,12.034444556567225
31,2024-11-30,3,2024-12-21,wk inc flu hosp,quantile,0.8,21.176848088285322
32,2024-11-30,3,2024-12-21,wk inc flu hosp,quantile,0.8,106.65171943384219
33,2024-11-30,3,2024-12-21,wk inc flu hosp,quantile,0.8,33.27307373306695
34,2024-11-30,3,2024-12-21,wk inc flu hosp,quantile,0.8,81.30335298160341
35,2024-11-30,3,2024-12-21,wk inc flu hosp,quantile,0.8,73.93533499895861
36,2024-11-30,3,2024-12-21,wk inc flu hosp,quantile,0.8,347.40972978911935
37,2024-11-30,3,2024-12-21,wk inc flu hosp,quantile,0.8,111.37528748236252
38,2024-11-30,3,2024-12-21,wk inc flu hosp,quantile,0.8,11.58102588027968
39,2024-11-30,3,2024-12-21,wk inc flu hosp,quantile,0.8,613.7273367662035
40,2024-11-30,3,2024-12-21,wk inc flu hosp,quantile,0.8,74.03862665789083
41,2024-11-30,3,2024-12-21,wk inc flu hosp,quantile,0.8,120.93080410694667
42,2024-11-30,3,2024-12-21,wk inc flu hosp,quantile,0.8,362.17791377232635
44,2024-11-30,3,2024-12-21,wk inc flu hosp,quantile,0.8,9.636120703905224
45,2024-11-30,3,2024-12-21,wk inc flu hosp,quantile,0.8,54.22651601378349
46,2024-11-30,3,2024-12-21,wk inc flu hosp,quantile,0.8,6.168662977211488
47,2024-11-30,3,2024-12-21,wk inc flu hosp,quantile,0.8,157.69883858569304
48,2024-11-30,3,2024-12-21,wk inc flu hosp,quantile,0.8,737.3841743761703
49,2024-11-30,3,2024-12-21,wk inc flu hosp,quantile,0.8,48.07843536678892
50,2024-11-30,3,2024-12-21,wk inc flu hosp,quantile,0.8,6.293412905317814
51,2024-11-30,3,2024-12-21,wk inc flu hosp,quantile,0.8,102.85624992201505
53,2024-11-30,3,2024-12-21,wk inc flu hosp,quantile,0.8,113.5652100995195
54,2024-11-30,3,2024-12-21,wk inc flu hosp,quantile,0.8,26.413751183099688
55,2024-11-30,3,2024-12-21,wk inc flu hosp,quantile,0.8,68.23807180781697
56,2024-11-30,3,2024-12-21,wk inc flu hosp,quantile,0.8,23.027097577443094
72,2024-11-30,3,2024-12-21,wk inc flu hosp,quantile,0.8,101.2982066041151
US,2024-11-30,3,2024-12-21,wk inc flu hosp,quantile,0.8,8571.610432416146
01,2024-11-30,0,2024-11-30,wk inc flu hosp,quantile,0.85,83.02041455010605
02,2024-11-30,0,2024-11-30,wk inc flu hosp,quantile,0.85,9.73804115337442
04,2024-11-30,0,2024-11-30,wk inc flu hosp,quantile,0.85,655.881523909807
05,2024-11-30,0,2024-11-30,wk inc flu hosp,quantile,0.85,19.938132873563838
06,2024-11-30,0,2024-11-30,wk inc flu hosp,quantile,0.85,668.8813725805891
08,2024-11-30,0,2024-11-30,wk inc flu hosp,quantile,0.85,48.64910552748681
09,2024-11-30,0,2024-11-30,wk inc flu hosp,quantile,0.85,12.599359946621355
10,2024-11-30,0,2024-11-30,wk inc flu hosp,quantile,0.85,19.35235449024728
11,2024-11-30,0,2024-11-30,wk inc flu hosp,quantile,0.85,9.846869619344885
12,2024-11-30,0,2024-11-30,wk inc flu hosp,quantile,0.85,619.9550995893018
13,2024-11-30,0,2024-11-30,wk inc flu hosp,quantile,0.85,80.89145555550401
15,2024-11-30,0,2024-11-30,wk inc flu hosp,quantile,0.85,14.743660326547566
16,2024-11-30,0,2024-11-30,wk inc flu hosp,quantile,0.85,46.39795505528851
17,2024-11-30,0,2024-11-30,wk inc flu hosp,quantile,0.85,112.21128475449017
18,2024-11-30,0,2024-11-30,wk inc flu hosp,quantile,0.85,60.67277560983438
19,2024-11-30,0,2024-11-30,wk inc flu hosp,quantile,0.85,10.655652793341234
20,2024-11-30,0,2024-11-30,wk inc flu hosp,quantile,0.85,26.84721112049292
21,2024-11-30,0,2024-11-30,wk inc flu hosp,quantile,0.85,33.9873208612017
22,2024-11-30,0,2024-11-30,wk inc flu hosp,quantile,0.85,124.93522965291284
23,2024-11-30,0,2024-11-30,wk inc flu hosp,quantile,0.85,3.3746152589426677
24,2024-11-30,0,2024-11-30,wk inc flu hosp,quantile,0.85,35.64301231557335
25,2024-11-30,0,2024-11-30,wk inc flu hosp,quantile,0.85,75.9340161715929
26,2024-11-30,0,2024-11-30,wk inc flu hosp,quantile,0.85,108.89576039219006
27,2024-11-30,0,2024-11-30,wk inc flu hosp,quantile,0.85,39.47936661204754
28,2024-11-30,0,2024-11-30,wk inc flu hosp,quantile,0.85,35.207623221446305
29,2024-11-30,0,2024-11-30,wk inc flu hosp,quantile,0.85,69.12896870227408
30,2024-11-30,0,2024-11-30,wk inc flu hosp,quantile,0.85,5.362310287105196
31,2024-11-30,0,2024-11-30,wk inc flu hosp,quantile,0.85,10.305292153000513
32,2024-11-30,0,2024-11-30,wk inc flu hosp,quantile,0.85,69.29966940302
33,2024-11-30,0,2024-11-30,wk inc flu hosp,quantile,0.85,22.08110467013989
34,2024-11-30,0,2024-11-30,wk inc flu hosp,quantile,0.85,40.09877177672181
35,2024-11-30,0,2024-11-30,wk inc flu hosp,quantile,0.85,41.441196573899255
36,2024-11-30,0,2024-11-30,wk inc flu hosp,quantile,0.85,169.8579983354355
37,2024-11-30,0,2024-11-30,wk inc flu hosp,quantile,0.85,61.008664218585935
38,2024-11-30,0,2024-11-30,wk inc flu hosp,quantile,0.85,5.919307400406388
39,2024-11-30,0,2024-11-30,wk inc flu hosp,quantile,0.85,725.6059449468338
40,2024-11-30,0,2024-11-30,wk inc flu hosp,quantile,0.85,31.65529343195112
41,2024-11-30,0,2024-11-30,wk inc flu hosp,quantile,0.85,72.82014006881035
42,2024-11-30,0,2024-11-30,wk inc flu hosp,quantile,0.85,206.75301667993776
44,2024-11-30,0,2024-11-30,wk inc flu hosp,quantile,0.85,4.9848718067702755
45,2024-11-30,0,2024-11-30,wk inc flu hosp,quantile,0.85,28.629920201887625
46,2024-11-30,0,2024-11-30,wk inc flu hosp,quantile,0.85,2.557738101276416
47,2024-11-30,0,2024-11-30,wk inc flu hosp,quantile,0.85,98.5339503716645
48,2024-11-30,0,2024-11-30,wk inc flu hosp,quantile,0.85,413.95561375930714
49,2024-11-30,0,2024-11-30,wk inc flu hosp,quantile,0.85,30.07617824537622
50,2024-11-30,0,2024-11-30,wk inc flu hosp,quantile,0.85,2.9715753247998267
51,2024-11-30,0,2024-11-30,wk inc flu hosp,quantile,0.85,49.9350819743865
53,2024-11-30,0,2024-11-30,wk inc flu hosp,quantile,0.85,55.888227417456584
54,2024-11-30,0,2024-11-30,wk inc flu hosp,quantile,0.85,12.265934955690275
55,2024-11-30,0,2024-11-30,wk inc flu hosp,quantile,0.85,33.984570154252985
56,2024-11-30,0,2024-11-30,wk inc flu hosp,quantile,0.85,13.614104594831685
72,2024-11-30,0,2024-11-30,wk inc flu hosp,quantile,0.85,68.51646343033308
US,2024-11-30,0,2024-11-30,wk inc flu hosp,quantile,0.85,4980.208829926338
01,2024-11-30,1,2024-12-07,wk inc flu hosp,quantile,0.85,105.07534559329301
02,2024-11-30,1,2024-12-07,wk inc flu hosp,quantile,0.85,11.940756250919792
04,2024-11-30,1,2024-12-07,wk inc flu hosp,quantile,0.85,690.040680539493
05,2024-11-30,1,2024-12-07,wk inc flu hosp,quantile,0.85,27.97860053467055
06,2024-11-30,1,2024-12-07,wk inc flu hosp,quantile,0.85,820.7978863261677
08,2024-11-30,1,2024-12-07,wk inc flu hosp,quantile,0.85,63.9421023371179
09,2024-11-30,1,2024-12-07,wk inc flu hosp,quantile,0.85,17.42274267279109
10,2024-11-30,1,2024-12-07,wk inc flu hosp,quantile,0.85,23.954588404863337
11,2024-11-30,1,2024-12-07,wk inc flu hosp,quantile,0.85,12.859321027017
12,2024-11-30,1,2024-12-07,wk inc flu hosp,quantile,0.85,721.8309461776032
13,2024-11-30,1,2024-12-07,wk inc flu hosp,quantile,0.85,108.28991846875516
15,2024-11-30,1,2024-12-07,wk inc flu hosp,quantile,0.85,17.784376052553057
16,2024-11-30,1,2024-12-07,wk inc flu hosp,quantile,0.85,59.765045260864206
17,2024-11-30,1,2024-12-07,wk inc flu hosp,quantile,0.85,145.66080098659154
18,2024-11-30,1,2024-12-07,wk inc flu hosp,quantile,0.85,83.22465792149328
19,2024-11-30,1,2024-12-07,wk inc flu hosp,quantile,0.85,14.96586645693602
20,2024-11-30,1,2024-12-07,wk inc flu hosp,quantile,0.85,35.33643219247217
21,2024-11-30,1,2024-12-07,wk inc flu hosp,quantile,0.85,46.59781886831271
22,2024-11-30,1,2024-12-07,wk inc flu hosp,quantile,0.85,146.85749214327902
23,2024-11-30,1,2024-12-07,wk inc flu hosp,quantile,0.85,5.122169587791278
24,2024-11-30,1,2024-12-07,wk inc flu hosp,quantile,0.85,50.6735958596408
25,2024-11-30,1,2024-12-07,wk inc flu hosp,quantile,0.85,102.12240955791756
26,2024-11-30,1,2024-12-07,wk inc flu hosp,quantile,0.85,144.32353382695635
27,2024-11-30,1,2024-12-07,wk inc flu hosp,quantile,0.85,46.513839395810095
28,2024-11-30,1,2024-12-07,wk inc flu hosp,quantile,0.85,45.31379759396349
29,2024-11-30,1,2024-12-07,wk inc flu hosp,quantile,0.85,93.03792610241211
30,2024-11-30,1,2024-12-07,wk inc flu hosp,quantile,0.85,7.390315242288823
31,2024-11-30,1,2024-12-07,wk inc flu hosp,quantile,0.85,14.323699456988
32,2024-11-30,1,2024-12-07,wk inc flu hosp,quantile,0.85,83.59910100722684
33,2024-11-30,1,2024-12-07,wk inc flu hosp,quantile,0.85,26.475773333413343
34,2024-11-30,1,2024-12-07,wk inc flu hosp,quantile,0.85,56.538101932314234
35,2024-11-30,1,2024-12-07,wk inc flu hosp,quantile,0.85,53.28688922125294
36,2024-11-30,1,2024-12-07,wk inc flu hosp,quantile,0.85,229.90974477332472
37,2024-11-30,1,2024-12-07,wk inc flu hosp,quantile,0.85,72.80405007982779
38,2024-11-30,1,2024-12-07,wk inc flu hosp,quantile,0.85,7.619893381815923
39,2024-11-30,1,2024-12-07,wk inc flu hosp,quantile,0.85,724.3304102825784
40,2024-11-30,1,2024-12-07,wk inc flu hosp,quantile,0.85,45.88152544895596
41,2024-11-30,1,2024-12-07,wk inc flu hosp,quantile,0.85,92.90538759418408
42,2024-11-30,1,2024-12-07,wk inc flu hosp,quantile,0.85,259.3110733157627
44,2024-11-30,1,2024-12-07,wk inc flu hosp,quantile,0.85,6.585325992166734
45,2024-11-30,1,2024-12-07,wk inc flu hosp,quantile,0.85,38.23662152952239
46,2024-11-30,1,2024-12-07,wk inc flu hosp,quantile,0.85,3.739709300934693
47,2024-11-30,1,2024-12-07,wk inc flu hosp,quantile,0.85,120.23366037027074
48,2024-11-30,1,2024-12-07,wk inc flu hosp,quantile,0.85,526.6200924006648
49,2024-11-30,1,2024-12-07,wk inc flu hosp,quantile,0.85,37.02169715438567
50,2024-11-30,1,2024-12-07,wk inc flu hosp,quantile,0.85,4.261663157017868
51,2024-11-30,1,2024-12-07,wk inc flu hosp,quantile,0.85,67.1719040134781
53,2024-11-30,1,2024-12-07,wk inc flu hosp,quantile,0.85,77.1327494104703
54,2024-11-30,1,2024-12-07,wk inc flu hosp,quantile,0.85,17.124848729176676
55,2024-11-30,1,2024-12-07,wk inc flu hosp,quantile,0.85,43.43202833369404
56,2024-11-30,1,2024-12-07,wk inc flu hosp,quantile,0.85,16.869395042455384
72,2024-11-30,1,2024-12-07,wk inc flu hosp,quantile,0.85,81.33114957900784
US,2024-11-30,1,2024-12-07,wk inc flu hosp,quantile,0.85,6153.751801414801
01,2024-11-30,2,2024-12-14,wk inc flu hosp,quantile,0.85,132.5646517751917
02,2024-11-30,2,2024-12-14,wk inc flu hosp,quantile,0.85,14.78784131328367
04,2024-11-30,2,2024-12-14,wk inc flu hosp,quantile,0.85,717.2649926975744
05,2024-11-30,2,2024-12-14,wk inc flu hosp,quantile,0.85,38.11935763439904
06,2024-11-30,2,2024-12-14,wk inc flu hosp,quantile,0.85,1017.0294350601299
08,2024-11-30,2,2024-12-14,wk inc flu hosp,quantile,0.85,83.07682955198385
09,2024-11-30,2,2024-12-14,wk inc flu hosp,quantile,0.85,24.984212393471
10,2024-11-30,2,2024-12-14,wk inc flu hosp,quantile,0.85,29.712976688523387
11,2024-11-30,2,2024-12-14,wk inc flu hosp,quantile,0.85,16.95714699696502
12,2024-11-30,2,2024-12-14,wk inc flu hosp,quantile,0.85,864.3393747268644
13,2024-11-30,2,2024-12-14,wk inc flu hosp,quantile,0.85,145.7782005079136
15,2024-11-30,2,2024-12-14,wk inc flu hosp,quantile,0.85,21.2827395992324
16,2024-11-30,2,2024-12-14,wk inc flu hosp,quantile,0.85,76.26208889742746
17,2024-11-30,2,2024-12-14,wk inc flu hosp,quantile,0.85,194.50650196459793
18,2024-11-30,2,2024-12-14,wk inc flu hosp,quantile,0.85,113.81302460322856
19,2024-11-30,2,2024-12-14,wk inc flu hosp,quantile,0.85,22.238313827831018
20,2024-11-30,2,2024-12-14,wk inc flu hosp,quantile,0.85,47.099011344048165
21,2024-11-30,2,2024-12-14,wk inc flu hosp,quantile,0.85,64.00354473675179
22,2024-11-30,2,2024-12-14,wk inc flu hosp,quantile,0.85,175.7573744647232
23,2024-11-30,2,2024-12-14,wk inc flu hosp,quantile,0.85,7.694179305879944
24,2024-11-30,2,2024-12-14,wk inc flu hosp,quantile,0.85,70.44405004698221
25,2024-11-30,2,2024-12-14,wk inc flu hosp,quantile,0.85,140.36459141602913
26,2024-11-30,2,2024-12-14,wk inc flu hosp,quantile,0.85,192.51146364610105
27,2024-11-30,2,2024-12-14,wk inc flu hosp,quantile,0.85,60.41871675957933
28,2024-11-30,2,2024-12-14,wk inc flu hosp,quantile,0.85,58.99059178795672
29,2024-11-30,2,2024-12-14,wk inc flu hosp,quantile,0.85,125.81559162279633
30,2024-11-30,2,2024-12-14,wk inc flu hosp,quantile,0.85,10.341415723138583
31,2024-11-30,2,2024-12-14,wk inc flu hosp,quantile,0.85,19.50470408638829
32,2024-11-30,2,2024-12-14,wk inc flu hosp,quantile,0.85,103.44550428504402
33,2024-11-30,2,2024-12-14,wk inc flu hosp,quantile,0.85,32.069567340524294
34,2024-11-30,2,2024-12-14,wk inc flu hosp,quantile,0.85,76.35118433617858
35,2024-11-30,2,2024-12-14,wk inc flu hosp,quantile,0.85,69.95468900306194
36,2024-11-30,2,2024-12-14,wk inc flu hosp,quantile,0.85,307.74014828976095
37,2024-11-30,2,2024-12-14,wk inc flu hosp,quantile,0.85,100.72503946714599
38,2024-11-30,2,2024-12-14,wk inc flu hosp,quantile,0.85,10.214365575799135
39,2024-11-30,2,2024-12-14,wk inc flu hosp,quantile,0.85,717.6395193346988
40,2024-11-30,2,2024-12-14,wk inc flu hosp,quantile,0.85,66.73275543495892
41,2024-11-30,2,2024-12-14,wk inc flu hosp,quantile,0.85,116.92826969357267
42,2024-11-30,2,2024-12-14,wk inc flu hosp,quantile,0.85,330.15204767628825
44,2024-11-30,2,2024-12-14,wk inc flu hosp,quantile,0.85,8.82470422218154
45,2024-11-30,2,2024-12-14,wk inc flu hosp,quantile,0.85,51.120476781403546
46,2024-11-30,2,2024-12-14,wk inc flu hosp,quantile,0.85,5.254274207367736
47,2024-11-30,2,2024-12-14,wk inc flu hosp,quantile,0.85,150.92695633025818
48,2024-11-30,2,2024-12-14,wk inc flu hosp,quantile,0.85,671.1884204700277
49,2024-11-30,2,2024-12-14,wk inc flu hosp,quantile,0.85,45.43185254791017
50,2024-11-30,2,2024-12-14,wk inc flu hosp,quantile,0.85,6.051902565126836
51,2024-11-30,2,2024-12-14,wk inc flu hosp,quantile,0.85,91.58324136768728
53,2024-11-30,2,2024-12-14,wk inc flu hosp,quantile,0.85,104.00814257998317
54,2024-11-30,2,2024-12-14,wk inc flu hosp,quantile,0.85,24.97068068584042
55,2024-11-30,2,2024-12-14,wk inc flu hosp,quantile,0.85,60.00821814724251
56,2024-11-30,2,2024-12-14,wk inc flu hosp,quantile,0.85,20.853901368684863
72,2024-11-30,2,2024-12-14,wk inc flu hosp,quantile,0.85,99.85014118978705
US,2024-11-30,2,2024-12-14,wk inc flu hosp,quantile,0.85,7812.85371990689
01,2024-11-30,3,2024-12-21,wk inc flu hosp,quantile,0.85,153.03654771133412
02,2024-11-30,3,2024-12-21,wk inc flu hosp,quantile,0.85,16.132645138669112
04,2024-11-30,3,2024-12-21,wk inc flu hosp,quantile,0.85,708.464538732925
05,2024-11-30,3,2024-12-21,wk inc flu hosp,quantile,0.85,44.46452155439949
06,2024-11-30,3,2024-12-21,wk inc flu hosp,quantile,0.85,1127.2622379342622
08,2024-11-30,3,2024-12-21,wk inc flu hosp,quantile,0.85,94.14060341415771
09,2024-11-30,3,2024-12-21,wk inc flu hosp,quantile,0.85,30.203453015261424
10,2024-11-30,3,2024-12-21,wk inc flu hosp,quantile,0.85,33.056462932435
11,2024-11-30,3,2024-12-21,wk inc flu hosp,quantile,0.85,19.202962656350977
12,2024-11-30,3,2024-12-21,wk inc flu hosp,quantile,0.85,929.6476281575951
13,2024-11-30,3,2024-12-21,wk inc flu hosp,quantile,0.85,170.3161348520822
15,2024-11-30,3,2024-12-21,wk inc flu hosp,quantile,0.85,23.15892129758135
16,2024-11-30,3,2024-12-21,wk inc flu hosp,quantile,0.85,85.42441075142555
17,2024-11-30,3,2024-12-21,wk inc flu hosp,quantile,0.85,225.50317655606628
18,2024-11-30,3,2024-12-21,wk inc flu hosp,quantile,0.85,136.05321984302714
19,2024-11-30,3,2024-12-21,wk inc flu hosp,quantile,0.85,26.908872359748795
20,2024-11-30,3,2024-12-21,wk inc flu hosp,quantile,0.85,56.15114397134779
21,2024-11-30,3,2024-12-21,wk inc flu hosp,quantile,0.85,76.7151136774123
22,2024-11-30,3,2024-12-21,wk inc flu hosp,quantile,0.85,188.10583527869608
23,2024-11-30,3,2024-12-21,wk inc flu hosp,quantile,0.85,9.549311515512194
24,2024-11-30,3,2024-12-21,wk inc flu hosp,quantile,0.85,84.9714381272344
25,2024-11-30,3,2024-12-21,wk inc flu hosp,quantile,0.85,167.1471382842678
26,2024-11-30,3,2024-12-21,wk inc flu hosp,quantile,0.85,228.88660383549757
27,2024-11-30,3,2024-12-21,wk inc flu hosp,quantile,0.85,70.32145603392027
28,2024-11-30,3,2024-12-21,wk inc flu hosp,quantile,0.85,68.26038129442166
29,2024-11-30,3,2024-12-21,wk inc flu hosp,quantile,0.85,146.97348462538957
30,2024-11-30,3,2024-12-21,wk inc flu hosp,quantile,0.85,12.990265542247375
31,2024-11-30,3,2024-12-21,wk inc flu hosp,quantile,0.85,22.97794460038447
32,2024-11-30,3,2024-12-21,wk inc flu hosp,quantile,0.85,115.8832166569983
33,2024-11-30,3,2024-12-21,wk inc flu hosp,quantile,0.85,35.41171034747732
34,2024-11-30,3,2024-12-21,wk inc flu hosp,quantile,0.85,86.35773931129584
35,2024-11-30,3,2024-12-21,wk inc flu hosp,quantile,0.85,80.4524616183061
36,2024-11-30,3,2024-12-21,wk inc flu hosp,quantile,0.85,365.5744361991576
37,2024-11-30,3,2024-12-21,wk inc flu hosp,quantile,0.85,113.25575430421468
38,2024-11-30,3,2024-12-21,wk inc flu hosp,quantile,0.85,12.3308572379635
39,2024-11-30,3,2024-12-21,wk inc flu hosp,quantile,0.85,679.4430382856879
40,2024-11-30,3,2024-12-21,wk inc flu hosp,quantile,0.85,82.67053789184709
41,2024-11-30,3,2024-12-21,wk inc flu hosp,quantile,0.85,132.9587297466558
42,2024-11-30,3,2024-12-21,wk inc flu hosp,quantile,0.85,374.265834038774
44,2024-11-30,3,2024-12-21,wk inc flu hosp,quantile,0.85,10.13392579224226
45,2024-11-30,3,2024-12-21,wk inc flu hosp,quantile,0.85,60.667310857023715
46,2024-11-30,3,2024-12-21,wk inc flu hosp,quantile,0.85,6.62648672643779
47,2024-11-30,3,2024-12-21,wk inc flu hosp,quantile,0.85,165.5274437968828
48,2024-11-30,3,2024-12-21,wk inc flu hosp,quantile,0.85,784.0984371850941
49,2024-11-30,3,2024-12-21,wk inc flu hosp,quantile,0.85,50.786906851444265
50,2024-11-30,3,2024-12-21,wk inc flu hosp,quantile,0.85,7.19861431577391
51,2024-11-30,3,2024-12-21,wk inc flu hosp,quantile,0.85,110.56798401898837
53,2024-11-30,3,2024-12-21,wk inc flu hosp,quantile,0.85,123.79261489316536
54,2024-11-30,3,2024-12-21,wk inc flu hosp,quantile,0.85,30.50178773548393
55,2024-11-30,3,2024-12-21,wk inc flu hosp,quantile,0.85,73.69753597098527
56,2024-11-30,3,2024-12-21,wk inc flu hosp,quantile,0.85,24.427309996609655
72,2024-11-30,3,2024-12-21,wk inc flu hosp,quantile,0.85,108.47775278536746
US,2024-11-30,3,2024-12-21,wk inc flu hosp,quantile,0.85,8896.383425264237
01,2024-11-30,0,2024-11-30,wk inc flu hosp,quantile,0.9,90.5972197454042
02,2024-11-30,0,2024-11-30,wk inc flu hosp,quantile,0.9,10.8133544501496
04,2024-11-30,0,2024-11-30,wk inc flu hosp,quantile,0.9,697.2548866294619
05,2024-11-30,0,2024-11-30,wk inc flu hosp,quantile,0.9,22.52624873774712
06,2024-11-30,0,2024-11-30,wk inc flu hosp,quantile,0.9,724.647024769667
08,2024-11-30,0,2024-11-30,wk inc flu hosp,quantile,0.9,51.234451732596526
09,2024-11-30,0,2024-11-30,wk inc flu hosp,quantile,0.9,14.663569341432177
10,2024-11-30,0,2024-11-30,wk inc flu hosp,quantile,0.9,21.114106506348964
11,2024-11-30,0,2024-11-30,wk inc flu hosp,quantile,0.9,10.908382866985038
12,2024-11-30,0,2024-11-30,wk inc flu hosp,quantile,0.9,658.2902034038095
13,2024-11-30,0,2024-11-30,wk inc flu hosp,quantile,0.9,87.94364752973165
15,2024-11-30,0,2024-11-30,wk inc flu hosp,quantile,0.9,16.046349724993135
16,2024-11-30,0,2024-11-30,wk inc flu hosp,quantile,0.9,50.8018990767008
17,2024-11-30,0,2024-11-30,wk inc flu hosp,quantile,0.9,118.40263751828182
18,2024-11-30,0,2024-11-30,wk inc flu hosp,quantile,0.9,66.89182669924185
19,2024-11-30,0,2024-11-30,wk inc flu hosp,quantile,0.9,12.323016646101344
20,2024-11-30,0,2024-11-30,wk inc flu hosp,quantile,0.9,28.707265633643757
21,2024-11-30,0,2024-11-30,wk inc flu hosp,quantile,0.9,37.37288742745567
22,2024-11-30,0,2024-11-30,wk inc flu hosp,quantile,0.9,131.74603747692737
23,2024-11-30,0,2024-11-30,wk inc flu hosp,quantile,0.9,4.230191552519437
24,2024-11-30,0,2024-11-30,wk inc flu hosp,quantile,0.9,38.7122785083733
25,2024-11-30,0,2024-11-30,wk inc flu hosp,quantile,0.9,81.0292160902426
26,2024-11-30,0,2024-11-30,wk inc flu hosp,quantile,0.9,118.92139805905498
27,2024-11-30,0,2024-11-30,wk inc flu hosp,quantile,0.9,42.45811531356086
28,2024-11-30,0,2024-11-30,wk inc flu hosp,quantile,0.9,38.411200397722965
29,2024-11-30,0,2024-11-30,wk inc flu hosp,quantile,0.9,75.24367830782103
30,2024-11-30,0,2024-11-30,wk inc flu hosp,quantile,0.9,6.3480023472828275
31,2024-11-30,0,2024-11-30,wk inc flu hosp,quantile,0.9,11.233491836415606
32,2024-11-30,0,2024-11-30,wk inc flu hosp,quantile,0.9,74.97476174566613
33,2024-11-30,0,2024-11-30,wk inc flu hosp,quantile,0.9,24.499434145901535
34,2024-11-30,0,2024-11-30,wk inc flu hosp,quantile,0.9,49.501482764642816
35,2024-11-30,0,2024-11-30,wk inc flu hosp,quantile,0.9,44.79713095502938
36,2024-11-30,0,2024-11-30,wk inc flu hosp,quantile,0.9,181.8128248474883
37,2024-11-30,0,2024-11-30,wk inc flu hosp,quantile,0.9,69.42914404074581
38,2024-11-30,0,2024-11-30,wk inc flu hosp,quantile,0.9,6.754646186823144
39,2024-11-30,0,2024-11-30,wk inc flu hosp,quantile,0.9,762.7953615749728
40,2024-11-30,0,2024-11-30,wk inc flu hosp,quantile,0.9,35.501823353968675
41,2024-11-30,0,2024-11-30,wk inc flu hosp,quantile,0.9,79.7536718450543
42,2024-11-30,0,2024-11-30,wk inc flu hosp,quantile,0.9,214.96490281419366
44,2024-11-30,0,2024-11-30,wk inc flu hosp,quantile,0.9,5.739296202728563
45,2024-11-30,0,2024-11-30,wk inc flu hosp,quantile,0.9,31.267801534180766
46,2024-11-30,0,2024-11-30,wk inc flu hosp,quantile,0.9,3.1497549201772665
47,2024-11-30,0,2024-11-30,wk inc flu hosp,quantile,0.9,108.03204061686661
48,2024-11-30,0,2024-11-30,wk inc flu hosp,quantile,0.9,439.3789365168061
49,2024-11-30,0,2024-11-30,wk inc flu hosp,quantile,0.9,32.46893341207848
50,2024-11-30,0,2024-11-30,wk inc flu hosp,quantile,0.9,3.4517607663529697
51,2024-11-30,0,2024-11-30,wk inc flu hosp,quantile,0.9,53.40473981982998
53,2024-11-30,0,2024-11-30,wk inc flu hosp,quantile,0.9,61.74747502317091
54,2024-11-30,0,2024-11-30,wk inc flu hosp,quantile,0.9,14.009498309538456
55,2024-11-30,0,2024-11-30,wk inc flu hosp,quantile,0.9,37.34438039101084
56,2024-11-30,0,2024-11-30,wk inc flu hosp,quantile,0.9,14.811166754411891
72,2024-11-30,0,2024-11-30,wk inc flu hosp,quantile,0.9,74.86538664201872
US,2024-11-30,0,2024-11-30,wk inc flu hosp,quantile,0.9,5104.669445638021
01,2024-11-30,1,2024-12-07,wk inc flu hosp,quantile,0.9,113.34110782856368
02,2024-11-30,1,2024-12-07,wk inc flu hosp,quantile,0.9,13.169070581608345
04,2024-11-30,1,2024-12-07,wk inc flu hosp,quantile,0.9,746.5542720881571
05,2024-11-30,1,2024-12-07,wk inc flu hosp,quantile,0.9,31.65225904485013
06,2024-11-30,1,2024-12-07,wk inc flu hosp,quantile,0.9,882.6120946018959
08,2024-11-30,1,2024-12-07,wk inc flu hosp,quantile,0.9,67.23429576077059
09,2024-11-30,1,2024-12-07,wk inc flu hosp,quantile,0.9,20.095358569753884
10,2024-11-30,1,2024-12-07,wk inc flu hosp,quantile,0.9,25.836587493048338
11,2024-11-30,1,2024-12-07,wk inc flu hosp,quantile,0.9,14.012029677738186
12,2024-11-30,1,2024-12-07,wk inc flu hosp,quantile,0.9,769.6215991005511
13,2024-11-30,1,2024-12-07,wk inc flu hosp,quantile,0.9,117.75816082380976
15,2024-11-30,1,2024-12-07,wk inc flu hosp,quantile,0.9,19.195158690190237
16,2024-11-30,1,2024-12-07,wk inc flu hosp,quantile,0.9,64.82032187998331
17,2024-11-30,1,2024-12-07,wk inc flu hosp,quantile,0.9,155.27430144003557
18,2024-11-30,1,2024-12-07,wk inc flu hosp,quantile,0.9,91.7847229881717
19,2024-11-30,1,2024-12-07,wk inc flu hosp,quantile,0.9,17.54022971431041
20,2024-11-30,1,2024-12-07,wk inc flu hosp,quantile,0.9,38.279701157091324
21,2024-11-30,1,2024-12-07,wk inc flu hosp,quantile,0.9,50.77809702742011
22,2024-11-30,1,2024-12-07,wk inc flu hosp,quantile,0.9,157.60808292161968
23,2024-11-30,1,2024-12-07,wk inc flu hosp,quantile,0.9,5.944201137528841
24,2024-11-30,1,2024-12-07,wk inc flu hosp,quantile,0.9,53.399150917575035
25,2024-11-30,1,2024-12-07,wk inc flu hosp,quantile,0.9,109.50773300090955
26,2024-11-30,1,2024-12-07,wk inc flu hosp,quantile,0.9,159.76779179415144
27,2024-11-30,1,2024-12-07,wk inc flu hosp,quantile,0.9,52.588405769380095
28,2024-11-30,1,2024-12-07,wk inc flu hosp,quantile,0.9,51.643638643719314
29,2024-11-30,1,2024-12-07,wk inc flu hosp,quantile,0.9,100.52344361917955
30,2024-11-30,1,2024-12-07,wk inc flu hosp,quantile,0.9,8.762093632716237
31,2024-11-30,1,2024-12-07,wk inc flu hosp,quantile,0.9,15.955659276045715
32,2024-11-30,1,2024-12-07,wk inc flu hosp,quantile,0.9,92.3143068111127
33,2024-11-30,1,2024-12-07,wk inc flu hosp,quantile,0.9,29.253991134369766
34,2024-11-30,1,2024-12-07,wk inc flu hosp,quantile,0.9,65.63627453794754
35,2024-11-30,1,2024-12-07,wk inc flu hosp,quantile,0.9,58.30501531341566
36,2024-11-30,1,2024-12-07,wk inc flu hosp,quantile,0.9,242.34395786520108
37,2024-11-30,1,2024-12-07,wk inc flu hosp,quantile,0.9,82.81973660431386
38,2024-11-30,1,2024-12-07,wk inc flu hosp,quantile,0.9,8.639180672510749
39,2024-11-30,1,2024-12-07,wk inc flu hosp,quantile,0.9,774.643675624756
40,2024-11-30,1,2024-12-07,wk inc flu hosp,quantile,0.9,50.738563771959555
41,2024-11-30,1,2024-12-07,wk inc flu hosp,quantile,0.9,101.23204272563474
42,2024-11-30,1,2024-12-07,wk inc flu hosp,quantile,0.9,268.19957041236376
44,2024-11-30,1,2024-12-07,wk inc flu hosp,quantile,0.9,7.448662669006668
45,2024-11-30,1,2024-12-07,wk inc flu hosp,quantile,0.9,41.080859202957306
46,2024-11-30,1,2024-12-07,wk inc flu hosp,quantile,0.9,4.475735373830988
47,2024-11-30,1,2024-12-07,wk inc flu hosp,quantile,0.9,132.1967664056256
48,2024-11-30,1,2024-12-07,wk inc flu hosp,quantile,0.9,554.8981051144987
49,2024-11-30,1,2024-12-07,wk inc flu hosp,quantile,0.9,39.757917119214135
50,2024-11-30,1,2024-12-07,wk inc flu hosp,quantile,0.9,4.737026732204569
51,2024-11-30,1,2024-12-07,wk inc flu hosp,quantile,0.9,69.49615254443191
53,2024-11-30,1,2024-12-07,wk inc flu hosp,quantile,0.9,83.15360486497116
54,2024-11-30,1,2024-12-07,wk inc flu hosp,quantile,0.9,18.98606566200863
55,2024-11-30,1,2024-12-07,wk inc flu hosp,quantile,0.9,48.89044156316912
56,2024-11-30,1,2024-12-07,wk inc flu hosp,quantile,0.9,18.289331948920527
72,2024-11-30,1,2024-12-07,wk inc flu hosp,quantile,0.9,89.03941305741586
US,2024-11-30,1,2024-12-07,wk inc flu hosp,quantile,0.9,6286.039863861721
01,2024-11-30,2,2024-12-14,wk inc flu hosp,quantile,0.9,144.09310355338962
02,2024-11-30,2,2024-12-14,wk inc flu hosp,quantile,0.9,16.642403184941802
04,2024-11-30,2,2024-12-14,wk inc flu hosp,quantile,0.9,795.3982777856788
05,2024-11-30,2,2024-12-14,wk inc flu hosp,quantile,0.9,43.89797050145025
06,2024-11-30,2,2024-12-14,wk inc flu hosp,quantile,0.9,1078.2351826012562
08,2024-11-30,2,2024-12-14,wk inc flu hosp,quantile,0.9,90.6363649127445
09,2024-11-30,2,2024-12-14,wk inc flu hosp,quantile,0.9,28.485033450584496
10,2024-11-30,2,2024-12-14,wk inc flu hosp,quantile,0.9,32.323361587998086
11,2024-11-30,2,2024-12-14,wk inc flu hosp,quantile,0.9,18.043634575614963
12,2024-11-30,2,2024-12-14,wk inc flu hosp,quantile,0.9,905.5671580913586
13,2024-11-30,2,2024-12-14,wk inc flu hosp,quantile,0.9,159.13288703219328
15,2024-11-30,2,2024-12-14,wk inc flu hosp,quantile,0.9,22.844901807857273
16,2024-11-30,2,2024-12-14,wk inc flu hosp,quantile,0.9,83.36865761522031
17,2024-11-30,2,2024-12-14,wk inc flu hosp,quantile,0.9,205.40311790280745
18,2024-11-30,2,2024-12-14,wk inc flu hosp,quantile,0.9,124.76541786434471
19,2024-11-30,2,2024-12-14,wk inc flu hosp,quantile,0.9,25.04882556899296
20,2024-11-30,2,2024-12-14,wk inc flu hosp,quantile,0.9,52.81411193909392
21,2024-11-30,2,2024-12-14,wk inc flu hosp,quantile,0.9,69.78322802496179
22,2024-11-30,2,2024-12-14,wk inc flu hosp,quantile,0.9,188.03595482231054
23,2024-11-30,2,2024-12-14,wk inc flu hosp,quantile,0.9,9.421155473422393
24,2024-11-30,2,2024-12-14,wk inc flu hosp,quantile,0.9,75.92664362418238
25,2024-11-30,2,2024-12-14,wk inc flu hosp,quantile,0.9,149.56048565600486
26,2024-11-30,2,2024-12-14,wk inc flu hosp,quantile,0.9,210.8741476980179
27,2024-11-30,2,2024-12-14,wk inc flu hosp,quantile,0.9,69.24484614802817
28,2024-11-30,2,2024-12-14,wk inc flu hosp,quantile,0.9,66.03478861748754
29,2024-11-30,2,2024-12-14,wk inc flu hosp,quantile,0.9,134.19810472580946
30,2024-11-30,2,2024-12-14,wk inc flu hosp,quantile,0.9,12.325137551529615
31,2024-11-30,2,2024-12-14,wk inc flu hosp,quantile,0.9,22.164972070543104
32,2024-11-30,2,2024-12-14,wk inc flu hosp,quantile,0.9,115.78519300194633
33,2024-11-30,2,2024-12-14,wk inc flu hosp,quantile,0.9,35.34351067322261
34,2024-11-30,2,2024-12-14,wk inc flu hosp,quantile,0.9,94.84786100912308
35,2024-11-30,2,2024-12-14,wk inc flu hosp,quantile,0.9,76.72269508218601
36,2024-11-30,2,2024-12-14,wk inc flu hosp,quantile,0.9,325.9740914795327
37,2024-11-30,2,2024-12-14,wk inc flu hosp,quantile,0.9,114.87681560536049
38,2024-11-30,2,2024-12-14,wk inc flu hosp,quantile,0.9,11.521187161694161
39,2024-11-30,2,2024-12-14,wk inc flu hosp,quantile,0.9,781.2714578174681
40,2024-11-30,2,2024-12-14,wk inc flu hosp,quantile,0.9,74.75126582065502
41,2024-11-30,2,2024-12-14,wk inc flu hosp,quantile,0.9,130.3600005690522
42,2024-11-30,2,2024-12-14,wk inc flu hosp,quantile,0.9,338.59373112300494
44,2024-11-30,2,2024-12-14,wk inc flu hosp,quantile,0.9,10.355298604728663
45,2024-11-30,2,2024-12-14,wk inc flu hosp,quantile,0.9,56.21755493979208
46,2024-11-30,2,2024-12-14,wk inc flu hosp,quantile,0.9,6.355510171450065
47,2024-11-30,2,2024-12-14,wk inc flu hosp,quantile,0.9,168.34331529580172
48,2024-11-30,2,2024-12-14,wk inc flu hosp,quantile,0.9,706.0112593787894
49,2024-11-30,2,2024-12-14,wk inc flu hosp,quantile,0.9,49.33622551012734
50,2024-11-30,2,2024-12-14,wk inc flu hosp,quantile,0.9,7.008773231802449
51,2024-11-30,2,2024-12-14,wk inc flu hosp,quantile,0.9,94.53297259843897
53,2024-11-30,2,2024-12-14,wk inc flu hosp,quantile,0.9,112.0673801815696
54,2024-11-30,2,2024-12-14,wk inc flu hosp,quantile,0.9,27.954844163762555
55,2024-11-30,2,2024-12-14,wk inc flu hosp,quantile,0.9,66.01983395762203
56,2024-11-30,2,2024-12-14,wk inc flu hosp,quantile,0.9,23.489327761142214
72,2024-11-30,2,2024-12-14,wk inc flu hosp,quantile,0.9,105.73147856740854
US,2024-11-30,2,2024-12-14,wk inc flu hosp,quantile,0.9,7986.0445861469
01,2024-11-30,3,2024-12-21,wk inc flu hosp,quantile,0.9,164.15664673562168
02,2024-11-30,3,2024-12-21,wk inc flu hosp,quantile,0.9,18.711887482847303
04,2024-11-30,3,2024-12-21,wk inc flu hosp,quantile,0.9,801.9253314701383
05,2024-11-30,3,2024-12-21,wk inc flu hosp,quantile,0.9,53.310865782296
06,2024-11-30,3,2024-12-21,wk inc flu hosp,quantile,0.9,1188.5733967980136
08,2024-11-30,3,2024-12-21,wk inc flu hosp,quantile,0.9,106.18342741578074
09,2024-11-30,3,2024-12-21,wk inc flu hosp,quantile,0.9,34.00705274380343
10,2024-11-30,3,2024-12-21,wk inc flu hosp,quantile,0.9,35.306717226029456
11,2024-11-30,3,2024-12-21,wk inc flu hosp,quantile,0.9,21.118780077805933
12,2024-11-30,3,2024-12-21,wk inc flu hosp,quantile,0.9,965.2004393636125
13,2024-11-30,3,2024-12-21,wk inc flu hosp,quantile,0.9,187.9009371487882
15,2024-11-30,3,2024-12-21,wk inc flu hosp,quantile,0.9,24.99364023967689
16,2024-11-30,3,2024-12-21,wk inc flu hosp,quantile,0.9,92.41353089592634
17,2024-11-30,3,2024-12-21,wk inc flu hosp,quantile,0.9,238.47472036760837
18,2024-11-30,3,2024-12-21,wk inc flu hosp,quantile,0.9,153.3609517919709
19,2024-11-30,3,2024-12-21,wk inc flu hosp,quantile,0.9,29.122624893965305
20,2024-11-30,3,2024-12-21,wk inc flu hosp,quantile,0.9,61.65426376307775
21,2024-11-30,3,2024-12-21,wk inc flu hosp,quantile,0.9,86.38841839998992
22,2024-11-30,3,2024-12-21,wk inc flu hosp,quantile,0.9,205.59624668418857
23,2024-11-30,3,2024-12-21,wk inc flu hosp,quantile,0.9,11.612214086196689
24,2024-11-30,3,2024-12-21,wk inc flu hosp,quantile,0.9,92.45677536205294
25,2024-11-30,3,2024-12-21,wk inc flu hosp,quantile,0.9,185.32217987557556
26,2024-11-30,3,2024-12-21,wk inc flu hosp,quantile,0.9,251.69881611862138
27,2024-11-30,3,2024-12-21,wk inc flu hosp,quantile,0.9,79.4259239405296
28,2024-11-30,3,2024-12-21,wk inc flu hosp,quantile,0.9,76.57349485451506
29,2024-11-30,3,2024-12-21,wk inc flu hosp,quantile,0.9,164.4255763034703
30,2024-11-30,3,2024-12-21,wk inc flu hosp,quantile,0.9,14.406384311087702
31,2024-11-30,3,2024-12-21,wk inc flu hosp,quantile,0.9,27.15053011613624
32,2024-11-30,3,2024-12-21,wk inc flu hosp,quantile,0.9,124.65111472735437
33,2024-11-30,3,2024-12-21,wk inc flu hosp,quantile,0.9,38.415923233565884
34,2024-11-30,3,2024-12-21,wk inc flu hosp,quantile,0.9,109.15497163865568
35,2024-11-30,3,2024-12-21,wk inc flu hosp,quantile,0.9,87.70495195263284
36,2024-11-30,3,2024-12-21,wk inc flu hosp,quantile,0.9,391.918574934715
37,2024-11-30,3,2024-12-21,wk inc flu hosp,quantile,0.9,127.41945903177958
38,2024-11-30,3,2024-12-21,wk inc flu hosp,quantile,0.9,14.20021920030301
39,2024-11-30,3,2024-12-21,wk inc flu hosp,quantile,0.9,767.5650310473906
40,2024-11-30,3,2024-12-21,wk inc flu hosp,quantile,0.9,96.7942441182537
41,2024-11-30,3,2024-12-21,wk inc flu hosp,quantile,0.9,147.03153122143704
42,2024-11-30,3,2024-12-21,wk inc flu hosp,quantile,0.9,384.01406681531347
44,2024-11-30,3,2024-12-21,wk inc flu hosp,quantile,0.9,11.704018478536268
45,2024-11-30,3,2024-12-21,wk inc flu hosp,quantile,0.9,67.53846199481761
46,2024-11-30,3,2024-12-21,wk inc flu hosp,quantile,0.9,7.697272121400106
47,2024-11-30,3,2024-12-21,wk inc flu hosp,quantile,0.9,186.07170124215494
48,2024-11-30,3,2024-12-21,wk inc flu hosp,quantile,0.9,824.4933414921596
49,2024-11-30,3,2024-12-21,wk inc flu hosp,quantile,0.9,55.06552587735398
50,2024-11-30,3,2024-12-21,wk inc flu hosp,quantile,0.9,8.245424102143692
51,2024-11-30,3,2024-12-21,wk inc flu hosp,quantile,0.9,117.34083662828175
53,2024-11-30,3,2024-12-21,wk inc flu hosp,quantile,0.9,139.1442877761354
54,2024-11-30,3,2024-12-21,wk inc flu hosp,quantile,0.9,34.997378978476384
55,2024-11-30,3,2024-12-21,wk inc flu hosp,quantile,0.9,77.39026598051966
56,2024-11-30,3,2024-12-21,wk inc flu hosp,quantile,0.9,26.209566351649286
72,2024-11-30,3,2024-12-21,wk inc flu hosp,quantile,0.9,114.92441666760399
US,2024-11-30,3,2024-12-21,wk inc flu hosp,quantile,0.9,9034.224087329065
01,2024-11-30,0,2024-11-30,wk inc flu hosp,quantile,0.95,107.51176872162964
02,2024-11-30,0,2024-11-30,wk inc flu hosp,quantile,0.95,12.871529012130871
04,2024-11-30,0,2024-11-30,wk inc flu hosp,quantile,0.95,781.3286849541358
05,2024-11-30,0,2024-11-30,wk inc flu hosp,quantile,0.95,28.75827081428772
06,2024-11-30,0,2024-11-30,wk inc flu hosp,quantile,0.95,826.5080745071061
08,2024-11-30,0,2024-11-30,wk inc flu hosp,quantile,0.95,59.1365575907593
09,2024-11-30,0,2024-11-30,wk inc flu hosp,quantile,0.95,18.181920326384578
10,2024-11-30,0,2024-11-30,wk inc flu hosp,quantile,0.95,25.322406569469887
11,2024-11-30,0,2024-11-30,wk inc flu hosp,quantile,0.95,12.972601220289398
12,2024-11-30,0,2024-11-30,wk inc flu hosp,quantile,0.95,715.5236804903877
13,2024-11-30,0,2024-11-30,wk inc flu hosp,quantile,0.95,108.57991362728417
15,2024-11-30,0,2024-11-30,wk inc flu hosp,quantile,0.95,18.684598019072578
16,2024-11-30,0,2024-11-30,wk inc flu hosp,quantile,0.95,55.35359471602597
17,2024-11-30,0,2024-11-30,wk inc flu hosp,quantile,0.95,142.22897415234664
18,2024-11-30,0,2024-11-30,wk inc flu hosp,quantile,0.95,82.29883614049943
19,2024-11-30,0,2024-11-30,wk inc flu hosp,quantile,0.95,15.44120313067314
20,2024-11-30,0,2024-11-30,wk inc flu hosp,quantile,0.95,34.0350614109092
21,2024-11-30,0,2024-11-30,wk inc flu hosp,quantile,0.95,46.585109989702914
22,2024-11-30,0,2024-11-30,wk inc flu hosp,quantile,0.95,147.89877546047512
23,2024-11-30,0,2024-11-30,wk inc flu hosp,quantile,0.95,6.216284168106205
24,2024-11-30,0,2024-11-30,wk inc flu hosp,quantile,0.95,46.47500808259582
25,2024-11-30,0,2024-11-30,wk inc flu hosp,quantile,0.95,97.82885198117273
26,2024-11-30,0,2024-11-30,wk inc flu hosp,quantile,0.95,146.99332902112906
27,2024-11-30,0,2024-11-30,wk inc flu hosp,quantile,0.95,50.00900225124456
28,2024-11-30,0,2024-11-30,wk inc flu hosp,quantile,0.95,44.01909223193001
29,2024-11-30,0,2024-11-30,wk inc flu hosp,quantile,0.95,92.25596409577483
30,2024-11-30,0,2024-11-30,wk inc flu hosp,quantile,0.95,9.02966035216848
31,2024-11-30,0,2024-11-30,wk inc flu hosp,quantile,0.95,13.871195514317447
32,2024-11-30,0,2024-11-30,wk inc flu hosp,quantile,0.95,87.66388154523767
33,2024-11-30,0,2024-11-30,wk inc flu hosp,quantile,0.95,28.910154335814667
34,2024-11-30,0,2024-11-30,wk inc flu hosp,quantile,0.95,62.05620859997004
35,2024-11-30,0,2024-11-30,wk inc flu hosp,quantile,0.95,53.77486823630073
36,2024-11-30,0,2024-11-30,wk inc flu hosp,quantile,0.95,218.27264085812828
37,2024-11-30,0,2024-11-30,wk inc flu hosp,quantile,0.95,86.64530080677123
38,2024-11-30,0,2024-11-30,wk inc flu hosp,quantile,0.95,8.440045402473759
39,2024-11-30,0,2024-11-30,wk inc flu hosp,quantile,0.95,801.6000835616597
40,2024-11-30,0,2024-11-30,wk inc flu hosp,quantile,0.95,44.42842159539421
41,2024-11-30,0,2024-11-30,wk inc flu hosp,quantile,0.95,95.44994131776988
42,2024-11-30,0,2024-11-30,wk inc flu hosp,quantile,0.95,244.19056052884105
44,2024-11-30,0,2024-11-30,wk inc flu hosp,quantile,0.95,7.3046490771476975
45,2024-11-30,0,2024-11-30,wk inc flu hosp,quantile,0.95,37.37989154902894
46,2024-11-30,0,2024-11-30,wk inc flu hosp,quantile,0.95,4.571171768593113
47,2024-11-30,0,2024-11-30,wk inc flu hosp,quantile,0.95,127.6966604296004
48,2024-11-30,0,2024-11-30,wk inc flu hosp,quantile,0.95,500.6473583332002
49,2024-11-30,0,2024-11-30,wk inc flu hosp,quantile,0.95,37.78704467689693
50,2024-11-30,0,2024-11-30,wk inc flu hosp,quantile,0.95,4.578374402627847
51,2024-11-30,0,2024-11-30,wk inc flu hosp,quantile,0.95,59.69056189284464
53,2024-11-30,0,2024-11-30,wk inc flu hosp,quantile,0.95,75.81731011027867
54,2024-11-30,0,2024-11-30,wk inc flu hosp,quantile,0.95,18.870311487848426
55,2024-11-30,0,2024-11-30,wk inc flu hosp,quantile,0.95,44.513947952839146
56,2024-11-30,0,2024-11-30,wk inc flu hosp,quantile,0.95,17.902300016365768
72,2024-11-30,0,2024-11-30,wk inc flu hosp,quantile,0.95,83.34473249446579
US,2024-11-30,0,2024-11-30,wk inc flu hosp,quantile,0.95,5760.712176773992
01,2024-11-30,1,2024-12-07,wk inc flu hosp,quantile,0.95,137.62569649981012
02,2024-11-30,1,2024-12-07,wk inc flu hosp,quantile,0.95,15.767381078106963
04,2024-11-30,1,2024-12-07,wk inc flu hosp,quantile,0.95,878.0387826378561
05,2024-11-30,1,2024-12-07,wk inc flu hosp,quantile,0.95,37.69391686837845
06,2024-11-30,1,2024-12-07,wk inc flu hosp,quantile,0.95,1019.6386851555094
08,2024-11-30,1,2024-12-07,wk inc flu hosp,quantile,0.95,73.74178798281723
09,2024-11-30,1,2024-12-07,wk inc flu hosp,quantile,0.95,24.179737273683852
10,2024-11-30,1,2024-12-07,wk inc flu hosp,quantile,0.95,31.9710512516656
11,2024-11-30,1,2024-12-07,wk inc flu hosp,quantile,0.95,16.240555620504104
12,2024-11-30,1,2024-12-07,wk inc flu hosp,quantile,0.95,832.1050252531724
13,2024-11-30,1,2024-12-07,wk inc flu hosp,quantile,0.95,138.34016048171273
15,2024-11-30,1,2024-12-07,wk inc flu hosp,quantile,0.95,22.51291484933367
16,2024-11-30,1,2024-12-07,wk inc flu hosp,quantile,0.95,73.1533074218831
17,2024-11-30,1,2024-12-07,wk inc flu hosp,quantile,0.95,180.40869926895314
18,2024-11-30,1,2024-12-07,wk inc flu hosp,quantile,0.95,107.1401026101127
19,2024-11-30,1,2024-12-07,wk inc flu hosp,quantile,0.95,20.39995603728025
20,2024-11-30,1,2024-12-07,wk inc flu hosp,quantile,0.95,43.43469536153316
21,2024-11-30,1,2024-12-07,wk inc flu hosp,quantile,0.95,60.50619487210654
22,2024-11-30,1,2024-12-07,wk inc flu hosp,quantile,0.95,177.96362817816146
23,2024-11-30,1,2024-12-07,wk inc flu hosp,quantile,0.95,8.247664980332775
24,2024-11-30,1,2024-12-07,wk inc flu hosp,quantile,0.95,61.3966768203955
25,2024-11-30,1,2024-12-07,wk inc flu hosp,quantile,0.95,131.08849113002023
26,2024-11-30,1,2024-12-07,wk inc flu hosp,quantile,0.95,195.2469564107726
27,2024-11-30,1,2024-12-07,wk inc flu hosp,quantile,0.95,62.79230628340402
28,2024-11-30,1,2024-12-07,wk inc flu hosp,quantile,0.95,57.84335734442332
29,2024-11-30,1,2024-12-07,wk inc flu hosp,quantile,0.95,120.42719438708508
30,2024-11-30,1,2024-12-07,wk inc flu hosp,quantile,0.95,11.906716815010173
31,2024-11-30,1,2024-12-07,wk inc flu hosp,quantile,0.95,18.34920492373555
32,2024-11-30,1,2024-12-07,wk inc flu hosp,quantile,0.95,108.88069049900157
33,2024-11-30,1,2024-12-07,wk inc flu hosp,quantile,0.95,35.50363892725925
34,2024-11-30,1,2024-12-07,wk inc flu hosp,quantile,0.95,78.84432604868925
35,2024-11-30,1,2024-12-07,wk inc flu hosp,quantile,0.95,66.49347104935104
36,2024-11-30,1,2024-12-07,wk inc flu hosp,quantile,0.95,270.835780202853
37,2024-11-30,1,2024-12-07,wk inc flu hosp,quantile,0.95,104.9996135383724
38,2024-11-30,1,2024-12-07,wk inc flu hosp,quantile,0.95,10.632161581815891
39,2024-11-30,1,2024-12-07,wk inc flu hosp,quantile,0.95,856.2877856797385
40,2024-11-30,1,2024-12-07,wk inc flu hosp,quantile,0.95,58.710618998520594
41,2024-11-30,1,2024-12-07,wk inc flu hosp,quantile,0.95,120.84548584861552
42,2024-11-30,1,2024-12-07,wk inc flu hosp,quantile,0.95,285.7742585307874
44,2024-11-30,1,2024-12-07,wk inc flu hosp,quantile,0.95,9.062390849007325
45,2024-11-30,1,2024-12-07,wk inc flu hosp,quantile,0.95,46.64902791548708
46,2024-11-30,1,2024-12-07,wk inc flu hosp,quantile,0.95,6.164238844680413
47,2024-11-30,1,2024-12-07,wk inc flu hosp,quantile,0.95,153.037276749437
48,2024-11-30,1,2024-12-07,wk inc flu hosp,quantile,0.95,624.9569531722453
49,2024-11-30,1,2024-12-07,wk inc flu hosp,quantile,0.95,47.733118786425116
50,2024-11-30,1,2024-12-07,wk inc flu hosp,quantile,0.95,6.168178772426399
51,2024-11-30,1,2024-12-07,wk inc flu hosp,quantile,0.95,77.02088028020844
53,2024-11-30,1,2024-12-07,wk inc flu hosp,quantile,0.95,100.38435999505006
54,2024-11-30,1,2024-12-07,wk inc flu hosp,quantile,0.95,23.141076971099327
55,2024-11-30,1,2024-12-07,wk inc flu hosp,quantile,0.95,57.00255116273462
56,2024-11-30,1,2024-12-07,wk inc flu hosp,quantile,0.95,21.669270139917653
72,2024-11-30,1,2024-12-07,wk inc flu hosp,quantile,0.95,100.83771617825099
US,2024-11-30,1,2024-12-07,wk inc flu hosp,quantile,0.95,7041.11260010279
01,2024-11-30,2,2024-12-14,wk inc flu hosp,quantile,0.95,169.00831685243267
02,2024-11-30,2,2024-12-14,wk inc flu hosp,quantile,0.95,19.953082360220012
04,2024-11-30,2,2024-12-14,wk inc flu hosp,quantile,0.95,944.8120986872532
05,2024-11-30,2,2024-12-14,wk inc flu hosp,quantile,0.95,52.137380047488996
06,2024-11-30,2,2024-12-14,wk inc flu hosp,quantile,0.95,1168.3232730694365
08,2024-11-30,2,2024-12-14,wk inc flu hosp,quantile,0.95,99.37102483318748
09,2024-11-30,2,2024-12-14,wk inc flu hosp,quantile,0.95,33.76823034146095
10,2024-11-30,2,2024-12-14,wk inc flu hosp,quantile,0.95,39.695889965390144
11,2024-11-30,2,2024-12-14,wk inc flu hosp,quantile,0.95,20.219068366953035
12,2024-11-30,2,2024-12-14,wk inc flu hosp,quantile,0.95,955.617154016139
13,2024-11-30,2,2024-12-14,wk inc flu hosp,quantile,0.95,191.11063947089252
15,2024-11-30,2,2024-12-14,wk inc flu hosp,quantile,0.95,26.280405283061498
16,2024-11-30,2,2024-12-14,wk inc flu hosp,quantile,0.95,92.18045491105862
17,2024-11-30,2,2024-12-14,wk inc flu hosp,quantile,0.95,234.74231819617353
18,2024-11-30,2,2024-12-14,wk inc flu hosp,quantile,0.95,145.9122738678083
19,2024-11-30,2,2024-12-14,wk inc flu hosp,quantile,0.95,30.031522458483806
20,2024-11-30,2,2024-12-14,wk inc flu hosp,quantile,0.95,57.940885111092065
21,2024-11-30,2,2024-12-14,wk inc flu hosp,quantile,0.95,84.61703733138621
22,2024-11-30,2,2024-12-14,wk inc flu hosp,quantile,0.95,214.04967193318353
23,2024-11-30,2,2024-12-14,wk inc flu hosp,quantile,0.95,12.22062840135377
24,2024-11-30,2,2024-12-14,wk inc flu hosp,quantile,0.95,84.94916866271055
25,2024-11-30,2,2024-12-14,wk inc flu hosp,quantile,0.95,166.50044093810064
26,2024-11-30,2,2024-12-14,wk inc flu hosp,quantile,0.95,252.27361501887214
27,2024-11-30,2,2024-12-14,wk inc flu hosp,quantile,0.95,79.12978048590286
28,2024-11-30,2,2024-12-14,wk inc flu hosp,quantile,0.95,76.80552482721622
29,2024-11-30,2,2024-12-14,wk inc flu hosp,quantile,0.95,158.24216234689092
30,2024-11-30,2,2024-12-14,wk inc flu hosp,quantile,0.95,16.455668099258684
31,2024-11-30,2,2024-12-14,wk inc flu hosp,quantile,0.95,26.08376398126385
32,2024-11-30,2,2024-12-14,wk inc flu hosp,quantile,0.95,131.2933339455757
33,2024-11-30,2,2024-12-14,wk inc flu hosp,quantile,0.95,42.51934905578804
34,2024-11-30,2,2024-12-14,wk inc flu hosp,quantile,0.95,120.8630946740661
35,2024-11-30,2,2024-12-14,wk inc flu hosp,quantile,0.95,86.27555615222062
36,2024-11-30,2,2024-12-14,wk inc flu hosp,quantile,0.95,361.29953080230035
37,2024-11-30,2,2024-12-14,wk inc flu hosp,quantile,0.95,139.3439982317893
38,2024-11-30,2,2024-12-14,wk inc flu hosp,quantile,0.95,14.265075178167843
39,2024-11-30,2,2024-12-14,wk inc flu hosp,quantile,0.95,871.1088509465642
40,2024-11-30,2,2024-12-14,wk inc flu hosp,quantile,0.95,85.91961462622366
41,2024-11-30,2,2024-12-14,wk inc flu hosp,quantile,0.95,148.45295429244368
42,2024-11-30,2,2024-12-14,wk inc flu hosp,quantile,0.95,369.39092359796786
44,2024-11-30,2,2024-12-14,wk inc flu hosp,quantile,0.95,12.339278176290128
45,2024-11-30,2,2024-12-14,wk inc flu hosp,quantile,0.95,66.27467681202285
46,2024-11-30,2,2024-12-14,wk inc flu hosp,quantile,0.95,8.592636667756251
47,2024-11-30,2,2024-12-14,wk inc flu hosp,quantile,0.95,203.0600901917987
48,2024-11-30,2,2024-12-14,wk inc flu hosp,quantile,0.95,790.8035880464853
49,2024-11-30,2,2024-12-14,wk inc flu hosp,quantile,0.95,55.87909955639159
50,2024-11-30,2,2024-12-14,wk inc flu hosp,quantile,0.95,8.136991674829806
51,2024-11-30,2,2024-12-14,wk inc flu hosp,quantile,0.95,104.18037994527701
53,2024-11-30,2,2024-12-14,wk inc flu hosp,quantile,0.95,134.02007406171265
54,2024-11-30,2,2024-12-14,wk inc flu hosp,quantile,0.95,30.61866919950865
55,2024-11-30,2,2024-12-14,wk inc flu hosp,quantile,0.95,77.0490385450004
56,2024-11-30,2,2024-12-14,wk inc flu hosp,quantile,0.95,26.382760842512596
72,2024-11-30,2,2024-12-14,wk inc flu hosp,quantile,0.95,119.54956330086233
US,2024-11-30,2,2024-12-14,wk inc flu hosp,quantile,0.95,8929.306551885873
01,2024-11-30,3,2024-12-21,wk inc flu hosp,quantile,0.95,198.56712946666892
02,2024-11-30,3,2024-12-21,wk inc flu hosp,quantile,0.95,22.038378179210238
04,2024-11-30,3,2024-12-21,wk inc flu hosp,quantile,0.95,966.5227635032162
05,2024-11-30,3,2024-12-21,wk inc flu hosp,quantile,0.95,65.79034786273267
06,2024-11-30,3,2024-12-21,wk inc flu hosp,quantile,0.95,1293.2070054411759
08,2024-11-30,3,2024-12-21,wk inc flu hosp,quantile,0.95,124.45091641840422
09,2024-11-30,3,2024-12-21,wk inc flu hosp,quantile,0.95,46.41279673541005
10,2024-11-30,3,2024-12-21,wk inc flu hosp,quantile,0.95,46.829773025738724
11,2024-11-30,3,2024-12-21,wk inc flu hosp,quantile,0.95,25.028721284863153
12,2024-11-30,3,2024-12-21,wk inc flu hosp,quantile,0.95,1020.7200568891245
13,2024-11-30,3,2024-12-21,wk inc flu hosp,quantile,0.95,229.67361382176298
15,2024-11-30,3,2024-12-21,wk inc flu hosp,quantile,0.95,28.731698880427746
16,2024-11-30,3,2024-12-21,wk inc flu hosp,quantile,0.95,105.18924496182103
17,2024-11-30,3,2024-12-21,wk inc flu hosp,quantile,0.95,278.18440067580235
18,2024-11-30,3,2024-12-21,wk inc flu hosp,quantile,0.95,179.96832562300133
19,2024-11-30,3,2024-12-21,wk inc flu hosp,quantile,0.95,39.882223921321085
20,2024-11-30,3,2024-12-21,wk inc flu hosp,quantile,0.95,74.69639774225517
21,2024-11-30,3,2024-12-21,wk inc flu hosp,quantile,0.95,101.15365974719953
22,2024-11-30,3,2024-12-21,wk inc flu hosp,quantile,0.95,229.59124203323432
23,2024-11-30,3,2024-12-21,wk inc flu hosp,quantile,0.95,16.68249999485144
24,2024-11-30,3,2024-12-21,wk inc flu hosp,quantile,0.95,108.0220152476273
25,2024-11-30,3,2024-12-21,wk inc flu hosp,quantile,0.95,197.6240991494984
26,2024-11-30,3,2024-12-21,wk inc flu hosp,quantile,0.95,302.4656544500845
27,2024-11-30,3,2024-12-21,wk inc flu hosp,quantile,0.95,88.97994161729568
28,2024-11-30,3,2024-12-21,wk inc flu hosp,quantile,0.95,91.4541041398233
29,2024-11-30,3,2024-12-21,wk inc flu hosp,quantile,0.95,191.48796326186877
30,2024-11-30,3,2024-12-21,wk inc flu hosp,quantile,0.95,21.453863313296214
31,2024-11-30,3,2024-12-21,wk inc flu hosp,quantile,0.95,32.559813703495806
32,2024-11-30,3,2024-12-21,wk inc flu hosp,quantile,0.95,145.4699461500395
33,2024-11-30,3,2024-12-21,wk inc flu hosp,quantile,0.95,46.86900175637592
34,2024-11-30,3,2024-12-21,wk inc flu hosp,quantile,0.95,154.77879552712284
35,2024-11-30,3,2024-12-21,wk inc flu hosp,quantile,0.95,103.51473878635252
36,2024-11-30,3,2024-12-21,wk inc flu hosp,quantile,0.95,431.9104210550076
37,2024-11-30,3,2024-12-21,wk inc flu hosp,quantile,0.95,165.46876846138625
38,2024-11-30,3,2024-12-21,wk inc flu hosp,quantile,0.95,18.07287597090431
39,2024-11-30,3,2024-12-21,wk inc flu hosp,quantile,0.95,898.8396215415271
40,2024-11-30,3,2024-12-21,wk inc flu hosp,quantile,0.95,113.18254937799728
41,2024-11-30,3,2024-12-21,wk inc flu hosp,quantile,0.95,172.33904100613867
42,2024-11-30,3,2024-12-21,wk inc flu hosp,quantile,0.95,429.3350741923101
44,2024-11-30,3,2024-12-21,wk inc flu hosp,quantile,0.95,15.815826099629803
45,2024-11-30,3,2024-12-21,wk inc flu hosp,quantile,0.95,83.56106313648972
46,2024-11-30,3,2024-12-21,wk inc flu hosp,quantile,0.95,11.39695254318387
47,2024-11-30,3,2024-12-21,wk inc flu hosp,quantile,0.95,227.08066948121066
48,2024-11-30,3,2024-12-21,wk inc flu hosp,quantile,0.95,902.321354914167
49,2024-11-30,3,2024-12-21,wk inc flu hosp,quantile,0.95,63.663673626270146
50,2024-11-30,3,2024-12-21,wk inc flu hosp,quantile,0.95,9.992280919823799
51,2024-11-30,3,2024-12-21,wk inc flu hosp,quantile,0.95,130.68333207731078
53,2024-11-30,3,2024-12-21,wk inc flu hosp,quantile,0.95,161.367738774439
54,2024-11-30,3,2024-12-21,wk inc flu hosp,quantile,0.95,41.205029735546674
55,2024-11-30,3,2024-12-21,wk inc flu hosp,quantile,0.95,101.97487592493442
56,2024-11-30,3,2024-12-21,wk inc flu hosp,quantile,0.95,31.60600229105853
72,2024-11-30,3,2024-12-21,wk inc flu hosp,quantile,0.95,134.89677901555586
US,2024-11-30,3,2024-12-21,wk inc flu hosp,quantile,0.95,10164.771791912199
01,2024-11-30,0,2024-11-30,wk inc flu hosp,quantile,0.975,118.60618382730756
02,2024-11-30,0,2024-11-30,wk inc flu hosp,quantile,0.975,14.706255498789691
04,2024-11-30,0,2024-11-30,wk inc flu hosp,quantile,0.975,853.2350868923143
05,2024-11-30,0,2024-11-30,wk inc flu hosp,quantile,0.975,33.0016884290063
06,2024-11-30,0,2024-11-30,wk inc flu hosp,quantile,0.975,889.9085261625005
08,2024-11-30,0,2024-11-30,wk inc flu hosp,quantile,0.975,65.49316108472722
09,2024-11-30,0,2024-11-30,wk inc flu hosp,quantile,0.975,21.67192167212752
10,2024-11-30,0,2024-11-30,wk inc flu hosp,quantile,0.975,29.05998867722374
11,2024-11-30,0,2024-11-30,wk inc flu hosp,quantile,0.975,14.750184120164667
12,2024-11-30,0,2024-11-30,wk inc flu hosp,quantile,0.975,726.1949295938579
13,2024-11-30,0,2024-11-30,wk inc flu hosp,quantile,0.975,121.37212181317922
15,2024-11-30,0,2024-11-30,wk inc flu hosp,quantile,0.975,20.50635251968416
16,2024-11-30,0,2024-11-30,wk inc flu hosp,quantile,0.975,61.334998385249136
17,2024-11-30,0,2024-11-30,wk inc flu hosp,quantile,0.975,155.58097204697492
18,2024-11-30,0,2024-11-30,wk inc flu hosp,quantile,0.975,92.9422403612194
19,2024-11-30,0,2024-11-30,wk inc flu hosp,quantile,0.975,17.840318807111956
20,2024-11-30,0,2024-11-30,wk inc flu hosp,quantile,0.975,38.72538872856954
21,2024-11-30,0,2024-11-30,wk inc flu hosp,quantile,0.975,53.16468668689264
22,2024-11-30,0,2024-11-30,wk inc flu hosp,quantile,0.975,156.94565987061432
23,2024-11-30,0,2024-11-30,wk inc flu hosp,quantile,0.975,8.157159337761351
24,2024-11-30,0,2024-11-30,wk inc flu hosp,quantile,0.975,52.70642483139008
25,2024-11-30,0,2024-11-30,wk inc flu hosp,quantile,0.975,109.52354066369065
26,2024-11-30,0,2024-11-30,wk inc flu hosp,quantile,0.975,161.4578870072222
27,2024-11-30,0,2024-11-30,wk inc flu hosp,quantile,0.975,52.41455364574397
28,2024-11-30,0,2024-11-30,wk inc flu hosp,quantile,0.975,47.00043951631665
29,2024-11-30,0,2024-11-30,wk inc flu hosp,quantile,0.975,103.42752265329568
30,2024-11-30,0,2024-11-30,wk inc flu hosp,quantile,0.975,10.740798197439359
31,2024-11-30,0,2024-11-30,wk inc flu hosp,quantile,0.975,15.479729512056446
32,2024-11-30,0,2024-11-30,wk inc flu hosp,quantile,0.975,96.41287664923904
33,2024-11-30,0,2024-11-30,wk inc flu hosp,quantile,0.975,30.430399145741138
34,2024-11-30,0,2024-11-30,wk inc flu hosp,quantile,0.975,67.48790084408895
35,2024-11-30,0,2024-11-30,wk inc flu hosp,quantile,0.975,58.54346130431823
36,2024-11-30,0,2024-11-30,wk inc flu hosp,quantile,0.975,232.14353657564965
37,2024-11-30,0,2024-11-30,wk inc flu hosp,quantile,0.975,92.86069468465723
38,2024-11-30,0,2024-11-30,wk inc flu hosp,quantile,0.975,10.14126696799863
39,2024-11-30,0,2024-11-30,wk inc flu hosp,quantile,0.975,873.5989259304404
40,2024-11-30,0,2024-11-30,wk inc flu hosp,quantile,0.975,51.99239198725963
41,2024-11-30,0,2024-11-30,wk inc flu hosp,quantile,0.975,106.16820065569867
42,2024-11-30,0,2024-11-30,wk inc flu hosp,quantile,0.975,257.53371020587144
44,2024-11-30,0,2024-11-30,wk inc flu hosp,quantile,0.975,8.516872332503441
45,2024-11-30,0,2024-11-30,wk inc flu hosp,quantile,0.975,40.86970296939298
46,2024-11-30,0,2024-11-30,wk inc flu hosp,quantile,0.975,6.276364166273158
47,2024-11-30,0,2024-11-30,wk inc flu hosp,quantile,0.975,134.2249798253106
48,2024-11-30,0,2024-11-30,wk inc flu hosp,quantile,0.975,538.0770296438327
49,2024-11-30,0,2024-11-30,wk inc flu hosp,quantile,0.975,42.062622161616694
50,2024-11-30,0,2024-11-30,wk inc flu hosp,quantile,0.975,5.137699876862488
51,2024-11-30,0,2024-11-30,wk inc flu hosp,quantile,0.975,66.7074763034767
53,2024-11-30,0,2024-11-30,wk inc flu hosp,quantile,0.975,86.42006491186831
54,2024-11-30,0,2024-11-30,wk inc flu hosp,quantile,0.975,21.54405839889752
55,2024-11-30,0,2024-11-30,wk inc flu hosp,quantile,0.975,50.15154191079091
56,2024-11-30,0,2024-11-30,wk inc flu hosp,quantile,0.975,19.99150694508311
72,2024-11-30,0,2024-11-30,wk inc flu hosp,quantile,0.975,86.94780743684808
US,2024-11-30,0,2024-11-30,wk inc flu hosp,quantile,0.975,6058.274325610535
01,2024-11-30,1,2024-12-07,wk inc flu hosp,quantile,0.975,164.0415947795634
02,2024-11-30,1,2024-12-07,wk inc flu hosp,quantile,0.975,18.175694989753985
04,2024-11-30,1,2024-12-07,wk inc flu hosp,quantile,0.975,1021.4706194170152
05,2024-11-30,1,2024-12-07,wk inc flu hosp,quantile,0.975,46.71689493796347
06,2024-11-30,1,2024-12-07,wk inc flu hosp,quantile,0.975,1172.9550204521965
08,2024-11-30,1,2024-12-07,wk inc flu hosp,quantile,0.975,86.9345427973055
09,2024-11-30,1,2024-12-07,wk inc flu hosp,quantile,0.975,30.140399384099823
10,2024-11-30,1,2024-12-07,wk inc flu hosp,quantile,0.975,38.98791419822451
11,2024-11-30,1,2024-12-07,wk inc flu hosp,quantile,0.975,19.717792458398122
12,2024-11-30,1,2024-12-07,wk inc flu hosp,quantile,0.975,913.9808982340201
13,2024-11-30,1,2024-12-07,wk inc flu hosp,quantile,0.975,171.45371958389188
15,2024-11-30,1,2024-12-07,wk inc flu hosp,quantile,0.975,26.209330779013275
16,2024-11-30,1,2024-12-07,wk inc flu hosp,quantile,0.975,87.06445237273857
17,2024-11-30,1,2024-12-07,wk inc flu hosp,quantile,0.975,204.53748110897112
18,2024-11-30,1,2024-12-07,wk inc flu hosp,quantile,0.975,130.25813752184982
19,2024-11-30,1,2024-12-07,wk inc flu hosp,quantile,0.975,25.459956604248127
20,2024-11-30,1,2024-12-07,wk inc flu hosp,quantile,0.975,52.068120761986535
21,2024-11-30,1,2024-12-07,wk inc flu hosp,quantile,0.975,73.68200044490304
22,2024-11-30,1,2024-12-07,wk inc flu hosp,quantile,0.975,206.9454037694236
23,2024-11-30,1,2024-12-07,wk inc flu hosp,quantile,0.975,11.545540932190782
24,2024-11-30,1,2024-12-07,wk inc flu hosp,quantile,0.975,73.95057561405491
25,2024-11-30,1,2024-12-07,wk inc flu hosp,quantile,0.975,149.48330856865525
26,2024-11-30,1,2024-12-07,wk inc flu hosp,quantile,0.975,237.99703063283272
27,2024-11-30,1,2024-12-07,wk inc flu hosp,quantile,0.975,70.90759858651136
28,2024-11-30,1,2024-12-07,wk inc flu hosp,quantile,0.975,66.56605983472578
29,2024-11-30,1,2024-12-07,wk inc flu hosp,quantile,0.975,144.9381017354286
30,2024-11-30,1,2024-12-07,wk inc flu hosp,quantile,0.975,15.218975594172564
31,2024-11-30,1,2024-12-07,wk inc flu hosp,quantile,0.975,22.55461734968447
32,2024-11-30,1,2024-12-07,wk inc flu hosp,quantile,0.975,132.62631390082535
33,2024-11-30,1,2024-12-07,wk inc flu hosp,quantile,0.975,39.4293831817785
34,2024-11-30,1,2024-12-07,wk inc flu hosp,quantile,0.975,95.44832768036525
35,2024-11-30,1,2024-12-07,wk inc flu hosp,quantile,0.975,78.42112687630134
36,2024-11-30,1,2024-12-07,wk inc flu hosp,quantile,0.975,311.2039437971086
37,2024-11-30,1,2024-12-07,wk inc flu hosp,quantile,0.975,123.38884168932145
38,2024-11-30,1,2024-12-07,wk inc flu hosp,quantile,0.975,13.387130538306721
39,2024-11-30,1,2024-12-07,wk inc flu hosp,quantile,0.975,947.5376407303253
40,2024-11-30,1,2024-12-07,wk inc flu hosp,quantile,0.975,73.82778769419554
41,2024-11-30,1,2024-12-07,wk inc flu hosp,quantile,0.975,151.19429401437486
42,2024-11-30,1,2024-12-07,wk inc flu hosp,quantile,0.975,314.6998369878785
44,2024-11-30,1,2024-12-07,wk inc flu hosp,quantile,0.975,11.436639415950959
45,2024-11-30,1,2024-12-07,wk inc flu hosp,quantile,0.975,55.48640570754069
46,2024-11-30,1,2024-12-07,wk inc flu hosp,quantile,0.975,8.135598559825826
47,2024-11-30,1,2024-12-07,wk inc flu hosp,quantile,0.975,179.05208202758044
48,2024-11-30,1,2024-12-07,wk inc flu hosp,quantile,0.975,709.9483096323346
49,2024-11-30,1,2024-12-07,wk inc flu hosp,quantile,0.975,56.79762559702936
50,2024-11-30,1,2024-12-07,wk inc flu hosp,quantile,0.975,7.312959043248169
51,2024-11-30,1,2024-12-07,wk inc flu hosp,quantile,0.975,89.571526491679
53,2024-11-30,1,2024-12-07,wk inc flu hosp,quantile,0.975,125.46700897277849
54,2024-11-30,1,2024-12-07,wk inc flu hosp,quantile,0.975,27.569216790757956
55,2024-11-30,1,2024-12-07,wk inc flu hosp,quantile,0.975,68.5704865556378
56,2024-11-30,1,2024-12-07,wk inc flu hosp,quantile,0.975,24.401004594738982
72,2024-11-30,1,2024-12-07,wk inc flu hosp,quantile,0.975,114.06766852669955
US,2024-11-30,1,2024-12-07,wk inc flu hosp,quantile,0.975,7819.3466659305195
01,2024-11-30,2,2024-12-14,wk inc flu hosp,quantile,0.975,196.59979477558628
02,2024-11-30,2,2024-12-14,wk inc flu hosp,quantile,0.975,22.232974039851904
04,2024-11-30,2,2024-12-14,wk inc flu hosp,quantile,0.975,1075.8632587737177
05,2024-11-30,2,2024-12-14,wk inc flu hosp,quantile,0.975,62.89441421618279
06,2024-11-30,2,2024-12-14,wk inc flu hosp,quantile,0.975,1309.9135742621593
08,2024-11-30,2,2024-12-14,wk inc flu hosp,quantile,0.975,111.14399910424976
09,2024-11-30,2,2024-12-14,wk inc flu hosp,quantile,0.975,41.84740211177101
10,2024-11-30,2,2024-12-14,wk inc flu hosp,quantile,0.975,47.277293293970025
11,2024-11-30,2,2024-12-14,wk inc flu hosp,quantile,0.975,24.383957794372897
12,2024-11-30,2,2024-12-14,wk inc flu hosp,quantile,0.975,1006.2219124133985
13,2024-11-30,2,2024-12-14,wk inc flu hosp,quantile,0.975,218.63376750599477
15,2024-11-30,2,2024-12-14,wk inc flu hosp,quantile,0.975,29.962572231756024
16,2024-11-30,2,2024-12-14,wk inc flu hosp,quantile,0.975,107.25621327379724
17,2024-11-30,2,2024-12-14,wk inc flu hosp,quantile,0.975,261.48456446957493
18,2024-11-30,2,2024-12-14,wk inc flu hosp,quantile,0.975,170.63155786914476
19,2024-11-30,2,2024-12-14,wk inc flu hosp,quantile,0.975,36.45224955560924
20,2024-11-30,2,2024-12-14,wk inc flu hosp,quantile,0.975,66.6081006141658
21,2024-11-30,2,2024-12-14,wk inc flu hosp,quantile,0.975,96.86194959333729
22,2024-11-30,2,2024-12-14,wk inc flu hosp,quantile,0.975,236.63391824753677
23,2024-11-30,2,2024-12-14,wk inc flu hosp,quantile,0.975,16.62028975499227
24,2024-11-30,2,2024-12-14,wk inc flu hosp,quantile,0.975,99.58781670036862
25,2024-11-30,2,2024-12-14,wk inc flu hosp,quantile,0.975,185.21880276097227
26,2024-11-30,2,2024-12-14,wk inc flu hosp,quantile,0.975,294.3237000391015
27,2024-11-30,2,2024-12-14,wk inc flu hosp,quantile,0.975,83.34735475464203
28,2024-11-30,2,2024-12-14,wk inc flu hosp,quantile,0.975,84.69468090387178
29,2024-11-30,2,2024-12-14,wk inc flu hosp,quantile,0.975,186.68101662967015
30,2024-11-30,2,2024-12-14,wk inc flu hosp,quantile,0.975,20.75029612251548
31,2024-11-30,2,2024-12-14,wk inc flu hosp,quantile,0.975,30.104925703805513
32,2024-11-30,2,2024-12-14,wk inc flu hosp,quantile,0.975,154.54941802268908
33,2024-11-30,2,2024-12-14,wk inc flu hosp,quantile,0.975,46.96606514304098
34,2024-11-30,2,2024-12-14,wk inc flu hosp,quantile,0.975,131.72337112922443
35,2024-11-30,2,2024-12-14,wk inc flu hosp,quantile,0.975,100.71698845111295
36,2024-11-30,2,2024-12-14,wk inc flu hosp,quantile,0.975,380.8581569296564
37,2024-11-30,2,2024-12-14,wk inc flu hosp,quantile,0.975,162.0682491343287
38,2024-11-30,2,2024-12-14,wk inc flu hosp,quantile,0.975,17.086758160110723
39,2024-11-30,2,2024-12-14,wk inc flu hosp,quantile,0.975,975.1308124348453
40,2024-11-30,2,2024-12-14,wk inc flu hosp,quantile,0.975,102.33614441662863
41,2024-11-30,2,2024-12-14,wk inc flu hosp,quantile,0.975,180.5481500372988
42,2024-11-30,2,2024-12-14,wk inc flu hosp,quantile,0.975,371.74199462499575
44,2024-11-30,2,2024-12-14,wk inc flu hosp,quantile,0.975,14.772700573428201
45,2024-11-30,2,2024-12-14,wk inc flu hosp,quantile,0.975,74.38308458939139
46,2024-11-30,2,2024-12-14,wk inc flu hosp,quantile,0.975,11.6338138163664
47,2024-11-30,2,2024-12-14,wk inc flu hosp,quantile,0.975,215.71683281822848
48,2024-11-30,2,2024-12-14,wk inc flu hosp,quantile,0.975,833.667860682601
49,2024-11-30,2,2024-12-14,wk inc flu hosp,quantile,0.975,66.42620880635498
50,2024-11-30,2,2024-12-14,wk inc flu hosp,quantile,0.975,9.930386096798337
51,2024-11-30,2,2024-12-14,wk inc flu hosp,quantile,0.975,120.86690071351744
53,2024-11-30,2,2024-12-14,wk inc flu hosp,quantile,0.975,162.0558171585228
54,2024-11-30,2,2024-12-14,wk inc flu hosp,quantile,0.975,35.36709393540967
55,2024-11-30,2,2024-12-14,wk inc flu hosp,quantile,0.975,93.2376718164012
56,2024-11-30,2,2024-12-14,wk inc flu hosp,quantile,0.975,30.397897883990034
72,2024-11-30,2,2024-12-14,wk inc flu hosp,quantile,0.975,129.80655962673345
US,2024-11-30,2,2024-12-14,wk inc flu hosp,quantile,0.975,9085.036301559892
01,2024-11-30,3,2024-12-21,wk inc flu hosp,quantile,0.975,226.6819505969105
02,2024-11-30,3,2024-12-21,wk inc flu hosp,quantile,0.975,25.951012511774238
04,2024-11-30,3,2024-12-21,wk inc flu hosp,quantile,0.975,1117.9916014067464
05,2024-11-30,3,2024-12-21,wk inc flu hosp,quantile,0.975,82.33421724990961
06,2024-11-30,3,2024-12-21,wk inc flu hosp,quantile,0.975,1390.2246693944267
08,2024-11-30,3,2024-12-21,wk inc flu hosp,quantile,0.975,146.7943468266225
09,2024-11-30,3,2024-12-21,wk inc flu hosp,quantile,0.975,62.88047126126316
10,2024-11-30,3,2024-12-21,wk inc flu hosp,quantile,0.975,51.950856598430654
11,2024-11-30,3,2024-12-21,wk inc flu hosp,quantile,0.975,29.94663925079248
12,2024-11-30,3,2024-12-21,wk inc flu hosp,quantile,0.975,1071.4456441055565
13,2024-11-30,3,2024-12-21,wk inc flu hosp,quantile,0.975,272.9267543490345
15,2024-11-30,3,2024-12-21,wk inc flu hosp,quantile,0.975,33.12702123207255
16,2024-11-30,3,2024-12-21,wk inc flu hosp,quantile,0.975,121.34190166945324
17,2024-11-30,3,2024-12-21,wk inc flu hosp,quantile,0.975,336.60025489232095
18,2024-11-30,3,2024-12-21,wk inc flu hosp,quantile,0.975,222.5331898652191
19,2024-11-30,3,2024-12-21,wk inc flu hosp,quantile,0.975,54.69690073236541
20,2024-11-30,3,2024-12-21,wk inc flu hosp,quantile,0.975,89.43506536293573
21,2024-11-30,3,2024-12-21,wk inc flu hosp,quantile,0.975,130.13956502759558
22,2024-11-30,3,2024-12-21,wk inc flu hosp,quantile,0.975,258.1167877828679
23,2024-11-30,3,2024-12-21,wk inc flu hosp,quantile,0.975,24.288229646992367
24,2024-11-30,3,2024-12-21,wk inc flu hosp,quantile,0.975,132.8375219888683
25,2024-11-30,3,2024-12-21,wk inc flu hosp,quantile,0.975,222.82724659912137
26,2024-11-30,3,2024-12-21,wk inc flu hosp,quantile,0.975,371.67460041169005
27,2024-11-30,3,2024-12-21,wk inc flu hosp,quantile,0.975,94.79965366429293
28,2024-11-30,3,2024-12-21,wk inc flu hosp,quantile,0.975,104.35347687653402
29,2024-11-30,3,2024-12-21,wk inc flu hosp,quantile,0.975,236.153570433687
30,2024-11-30,3,2024-12-21,wk inc flu hosp,quantile,0.975,27.486660322666033
31,2024-11-30,3,2024-12-21,wk inc flu hosp,quantile,0.975,39.75583834595479
32,2024-11-30,3,2024-12-21,wk inc flu hosp,quantile,0.975,166.62355757923993
33,2024-11-30,3,2024-12-21,wk inc flu hosp,quantile,0.975,51.41629852417899
34,2024-11-30,3,2024-12-21,wk inc flu hosp,quantile,0.975,171.23439475590146
35,2024-11-30,3,2024-12-21,wk inc flu hosp,quantile,0.975,125.18828088203374
36,2024-11-30,3,2024-12-21,wk inc flu hosp,quantile,0.975,477.6309607361033
37,2024-11-30,3,2024-12-21,wk inc flu hosp,quantile,0.975,201.30777076111977
38,2024-11-30,3,2024-12-21,wk inc flu hosp,quantile,0.975,22.894982931209356
39,2024-11-30,3,2024-12-21,wk inc flu hosp,quantile,0.975,1012.559661820055
40,2024-11-30,3,2024-12-21,wk inc flu hosp,quantile,0.975,145.16354817885198
41,2024-11-30,3,2024-12-21,wk inc flu hosp,quantile,0.975,198.358291276486
42,2024-11-30,3,2024-12-21,wk inc flu hosp,quantile,0.975,465.10431730051397
44,2024-11-30,3,2024-12-21,wk inc flu hosp,quantile,0.975,19.420522735461386
45,2024-11-30,3,2024-12-21,wk inc flu hosp,quantile,0.975,104.47085728680095
46,2024-11-30,3,2024-12-21,wk inc flu hosp,quantile,0.975,16.053978958633564
47,2024-11-30,3,2024-12-21,wk inc flu hosp,quantile,0.975,252.2969796422842
48,2024-11-30,3,2024-12-21,wk inc flu hosp,quantile,0.975,994.5122293918766
49,2024-11-30,3,2024-12-21,wk inc flu hosp,quantile,0.975,73.00881300721596
50,2024-11-30,3,2024-12-21,wk inc flu hosp,quantile,0.975,12.837356709853195
51,2024-11-30,3,2024-12-21,wk inc flu hosp,quantile,0.975,170.8794563192711
53,2024-11-30,3,2024-12-21,wk inc flu hosp,quantile,0.975,203.62160425575533
54,2024-11-30,3,2024-12-21,wk inc flu hosp,quantile,0.975,46.04203037571463
55,2024-11-30,3,2024-12-21,wk inc flu hosp,quantile,0.975,129.97638841721513
56,2024-11-30,3,2024-12-21,wk inc flu hosp,quantile,0.975,37.02492194661475
72,2024-11-30,3,2024-12-21,wk inc flu hosp,quantile,0.975,143.1694503482248
US,2024-11-30,3,2024-12-21,wk inc flu hosp,quantile,0.975,10480.828758434525
01,2024-11-30,0,2024-11-30,wk inc flu hosp,quantile,0.99,134.8816506649642
02,2024-11-30,0,2024-11-30,wk inc flu hosp,quantile,0.99,16.035826121322177
04,2024-11-30,0,2024-11-30,wk inc flu hosp,quantile,0.99,926.7038246602748
05,2024-11-30,0,2024-11-30,wk inc flu hosp,quantile,0.99,42.16294501632045
06,2024-11-30,0,2024-11-30,wk inc flu hosp,quantile,0.99,947.9241658598334
08,2024-11-30,0,2024-11-30,wk inc flu hosp,quantile,0.99,76.90272081757729
09,2024-11-30,0,2024-11-30,wk inc flu hosp,quantile,0.99,29.779791675722077
10,2024-11-30,0,2024-11-30,wk inc flu hosp,quantile,0.99,33.68685169629648
11,2024-11-30,0,2024-11-30,wk inc flu hosp,quantile,0.99,17.411217780411977
12,2024-11-30,0,2024-11-30,wk inc flu hosp,quantile,0.99,781.3627100613712
13,2024-11-30,0,2024-11-30,wk inc flu hosp,quantile,0.99,135.96179742147646
15,2024-11-30,0,2024-11-30,wk inc flu hosp,quantile,0.99,22.72680042777811
16,2024-11-30,0,2024-11-30,wk inc flu hosp,quantile,0.99,73.11168481159812
17,2024-11-30,0,2024-11-30,wk inc flu hosp,quantile,0.99,168.9815533003196
18,2024-11-30,0,2024-11-30,wk inc flu hosp,quantile,0.99,104.51529414338341
19,2024-11-30,0,2024-11-30,wk inc flu hosp,quantile,0.99,23.26459521115599
20,2024-11-30,0,2024-11-30,wk inc flu hosp,quantile,0.99,45.500969169085046
21,2024-11-30,0,2024-11-30,wk inc flu hosp,quantile,0.99,60.344540587286616
22,2024-11-30,0,2024-11-30,wk inc flu hosp,quantile,0.99,180.36531361648775
23,2024-11-30,0,2024-11-30,wk inc flu hosp,quantile,0.99,11.15946898114445
24,2024-11-30,0,2024-11-30,wk inc flu hosp,quantile,0.99,63.02299199462682
25,2024-11-30,0,2024-11-30,wk inc flu hosp,quantile,0.99,126.47149857803466
26,2024-11-30,0,2024-11-30,wk inc flu hosp,quantile,0.99,180.0118005879913
27,2024-11-30,0,2024-11-30,wk inc flu hosp,quantile,0.99,59.18678046920808
28,2024-11-30,0,2024-11-30,wk inc flu hosp,quantile,0.99,53.52457817527301
29,2024-11-30,0,2024-11-30,wk inc flu hosp,quantile,0.99,117.05541064745033
30,2024-11-30,0,2024-11-30,wk inc flu hosp,quantile,0.99,12.60424703524285
31,2024-11-30,0,2024-11-30,wk inc flu hosp,quantile,0.99,18.08137640288414
32,2024-11-30,0,2024-11-30,wk inc flu hosp,quantile,0.99,109.68501817982407
33,2024-11-30,0,2024-11-30,wk inc flu hosp,quantile,0.99,33.3980630873116
34,2024-11-30,0,2024-11-30,wk inc flu hosp,quantile,0.99,83.65762874532926
35,2024-11-30,0,2024-11-30,wk inc flu hosp,quantile,0.99,67.24660410981062
36,2024-11-30,0,2024-11-30,wk inc flu hosp,quantile,0.99,254.57318485227637
37,2024-11-30,0,2024-11-30,wk inc flu hosp,quantile,0.99,111.24640027224261
38,2024-11-30,0,2024-11-30,wk inc flu hosp,quantile,0.99,12.551357953828086
39,2024-11-30,0,2024-11-30,wk inc flu hosp,quantile,0.99,995.2137411907127
40,2024-11-30,0,2024-11-30,wk inc flu hosp,quantile,0.99,61.365938292543646
41,2024-11-30,0,2024-11-30,wk inc flu hosp,quantile,0.99,123.6095464809928
42,2024-11-30,0,2024-11-30,wk inc flu hosp,quantile,0.99,282.4146247817955
44,2024-11-30,0,2024-11-30,wk inc flu hosp,quantile,0.99,10.218033460686328
45,2024-11-30,0,2024-11-30,wk inc flu hosp,quantile,0.99,49.30326739584619
46,2024-11-30,0,2024-11-30,wk inc flu hosp,quantile,0.99,9.178996242602931
47,2024-11-30,0,2024-11-30,wk inc flu hosp,quantile,0.99,149.03833740624341
48,2024-11-30,0,2024-11-30,wk inc flu hosp,quantile,0.99,580.1939243651592
49,2024-11-30,0,2024-11-30,wk inc flu hosp,quantile,0.99,48.449197531363346
50,2024-11-30,0,2024-11-30,wk inc flu hosp,quantile,0.99,5.992839136673091
51,2024-11-30,0,2024-11-30,wk inc flu hosp,quantile,0.99,84.32217057746865
53,2024-11-30,0,2024-11-30,wk inc flu hosp,quantile,0.99,100.76062820743991
54,2024-11-30,0,2024-11-30,wk inc flu hosp,quantile,0.99,25.21581246276231
55,2024-11-30,0,2024-11-30,wk inc flu hosp,quantile,0.99,64.23046729784083
56,2024-11-30,0,2024-11-30,wk inc flu hosp,quantile,0.99,22.719132804280807
72,2024-11-30,0,2024-11-30,wk inc flu hosp,quantile,0.99,96.02791291395815
US,2024-11-30,0,2024-11-30,wk inc flu hosp,quantile,0.99,6764.716672158683
01,2024-11-30,1,2024-12-07,wk inc flu hosp,quantile,0.99,186.50387508374973
02,2024-11-30,1,2024-12-07,wk inc flu hosp,quantile,0.99,19.799572470957152
04,2024-11-30,1,2024-12-07,wk inc flu hosp,quantile,0.99,1108.182274983682
05,2024-11-30,1,2024-12-07,wk inc flu hosp,quantile,0.99,58.57057187055412
06,2024-11-30,1,2024-12-07,wk inc flu hosp,quantile,0.99,1297.2965468154243
08,2024-11-30,1,2024-12-07,wk inc flu hosp,quantile,0.99,100.1115396984376
09,2024-11-30,1,2024-12-07,wk inc flu hosp,quantile,0.99,41.22813344937179
10,2024-11-30,1,2024-12-07,wk inc flu hosp,quantile,0.99,43.78050435689205
11,2024-11-30,1,2024-12-07,wk inc flu hosp,quantile,0.99,22.19281325673254
12,2024-11-30,1,2024-12-07,wk inc flu hosp,quantile,0.99,997.9513456947832
13,2024-11-30,1,2024-12-07,wk inc flu hosp,quantile,0.99,189.4217135464507
15,2024-11-30,1,2024-12-07,wk inc flu hosp,quantile,0.99,28.821443819436425
16,2024-11-30,1,2024-12-07,wk inc flu hosp,quantile,0.99,102.43522212821738
17,2024-11-30,1,2024-12-07,wk inc flu hosp,quantile,0.99,225.23817869714
18,2024-11-30,1,2024-12-07,wk inc flu hosp,quantile,0.99,141.970603189624
19,2024-11-30,1,2024-12-07,wk inc flu hosp,quantile,0.99,33.11810367251337
20,2024-11-30,1,2024-12-07,wk inc flu hosp,quantile,0.99,60.21024260826229
21,2024-11-30,1,2024-12-07,wk inc flu hosp,quantile,0.99,82.9248471289081
22,2024-11-30,1,2024-12-07,wk inc flu hosp,quantile,0.99,238.8227155279759
23,2024-11-30,1,2024-12-07,wk inc flu hosp,quantile,0.99,15.175219144328167
24,2024-11-30,1,2024-12-07,wk inc flu hosp,quantile,0.99,86.15310110881965
25,2024-11-30,1,2024-12-07,wk inc flu hosp,quantile,0.99,168.74789334909602
26,2024-11-30,1,2024-12-07,wk inc flu hosp,quantile,0.99,265.2720244736998
27,2024-11-30,1,2024-12-07,wk inc flu hosp,quantile,0.99,75.23503302743859
28,2024-11-30,1,2024-12-07,wk inc flu hosp,quantile,0.99,76.44008061575624
29,2024-11-30,1,2024-12-07,wk inc flu hosp,quantile,0.99,160.16163618963773
30,2024-11-30,1,2024-12-07,wk inc flu hosp,quantile,0.99,17.357125944986965
31,2024-11-30,1,2024-12-07,wk inc flu hosp,quantile,0.99,26.014819658934293
32,2024-11-30,1,2024-12-07,wk inc flu hosp,quantile,0.99,150.00291531265214
33,2024-11-30,1,2024-12-07,wk inc flu hosp,quantile,0.99,43.728768269916465
34,2024-11-30,1,2024-12-07,wk inc flu hosp,quantile,0.99,121.4726574573881
35,2024-11-30,1,2024-12-07,wk inc flu hosp,quantile,0.99,88.37855882863242
36,2024-11-30,1,2024-12-07,wk inc flu hosp,quantile,0.99,352.7947255599284
37,2024-11-30,1,2024-12-07,wk inc flu hosp,quantile,0.99,146.39687635255262
38,2024-11-30,1,2024-12-07,wk inc flu hosp,quantile,0.99,16.01929610517678
39,2024-11-30,1,2024-12-07,wk inc flu hosp,quantile,0.99,1078.9887457995596
40,2024-11-30,1,2024-12-07,wk inc flu hosp,quantile,0.99,88.62246215623377
41,2024-11-30,1,2024-12-07,wk inc flu hosp,quantile,0.99,171.52885246134758
42,2024-11-30,1,2024-12-07,wk inc flu hosp,quantile,0.99,356.34749603505566
44,2024-11-30,1,2024-12-07,wk inc flu hosp,quantile,0.99,13.42673778403471
45,2024-11-30,1,2024-12-07,wk inc flu hosp,quantile,0.99,67.68375357267753
46,2024-11-30,1,2024-12-07,wk inc flu hosp,quantile,0.99,11.591747968581224
47,2024-11-30,1,2024-12-07,wk inc flu hosp,quantile,0.99,200.44877992303222
48,2024-11-30,1,2024-12-07,wk inc flu hosp,quantile,0.99,798.961060553295
49,2024-11-30,1,2024-12-07,wk inc flu hosp,quantile,0.99,64.61832816899134
50,2024-11-30,1,2024-12-07,wk inc flu hosp,quantile,0.99,8.34642127040216
51,2024-11-30,1,2024-12-07,wk inc flu hosp,quantile,0.99,114.60360600304813
53,2024-11-30,1,2024-12-07,wk inc flu hosp,quantile,0.99,140.26407207137834
54,2024-11-30,1,2024-12-07,wk inc flu hosp,quantile,0.99,32.42245112821788
55,2024-11-30,1,2024-12-07,wk inc flu hosp,quantile,0.99,87.32886077886594
56,2024-11-30,1,2024-12-07,wk inc flu hosp,quantile,0.99,28.07577874430481
72,2024-11-30,1,2024-12-07,wk inc flu hosp,quantile,0.99,123.66756720419323
US,2024-11-30,1,2024-12-07,wk inc flu hosp,quantile,0.99,8899.778485592982
01,2024-11-30,2,2024-12-14,wk inc flu hosp,quantile,0.99,231.24581283089995
02,2024-11-30,2,2024-12-14,wk inc flu hosp,quantile,0.99,24.49893209828132
04,2024-11-30,2,2024-12-14,wk inc flu hosp,quantile,0.99,1198.5873259031964
05,2024-11-30,2,2024-12-14,wk inc flu hosp,quantile,0.99,78.89792602121283
06,2024-11-30,2,2024-12-14,wk inc flu hosp,quantile,0.99,1531.5907891603476
08,2024-11-30,2,2024-12-14,wk inc flu hosp,quantile,0.99,132.61248414389215
09,2024-11-30,2,2024-12-14,wk inc flu hosp,quantile,0.99,56.90770412088915
10,2024-11-30,2,2024-12-14,wk inc flu hosp,quantile,0.99,53.68102594702156
11,2024-11-30,2,2024-12-14,wk inc flu hosp,quantile,0.99,28.13840331847029
12,2024-11-30,2,2024-12-14,wk inc flu hosp,quantile,0.99,1165.767041868013
13,2024-11-30,2,2024-12-14,wk inc flu hosp,quantile,0.99,241.64308237832594
15,2024-11-30,2,2024-12-14,wk inc flu hosp,quantile,0.99,34.85095759515555
16,2024-11-30,2,2024-12-14,wk inc flu hosp,quantile,0.99,125.54791032626846
17,2024-11-30,2,2024-12-14,wk inc flu hosp,quantile,0.99,284.784659597469
18,2024-11-30,2,2024-12-14,wk inc flu hosp,quantile,0.99,190.65321986765582
19,2024-11-30,2,2024-12-14,wk inc flu hosp,quantile,0.99,46.79617562128432
20,2024-11-30,2,2024-12-14,wk inc flu hosp,quantile,0.99,77.78043238917711
21,2024-11-30,2,2024-12-14,wk inc flu hosp,quantile,0.99,111.45617181603411
22,2024-11-30,2,2024-12-14,wk inc flu hosp,quantile,0.99,276.9601174122964
23,2024-11-30,2,2024-12-14,wk inc flu hosp,quantile,0.99,21.654664233385724
24,2024-11-30,2,2024-12-14,wk inc flu hosp,quantile,0.99,116.37749197067622
25,2024-11-30,2,2024-12-14,wk inc flu hosp,quantile,0.99,208.9600426428571
26,2024-11-30,2,2024-12-14,wk inc flu hosp,quantile,0.99,346.1862804270639
27,2024-11-30,2,2024-12-14,wk inc flu hosp,quantile,0.99,94.19130109602392
28,2024-11-30,2,2024-12-14,wk inc flu hosp,quantile,0.99,98.65120075650599
29,2024-11-30,2,2024-12-14,wk inc flu hosp,quantile,0.99,209.8914078049336
30,2024-11-30,2,2024-12-14,wk inc flu hosp,quantile,0.99,24.559863419522795
31,2024-11-30,2,2024-12-14,wk inc flu hosp,quantile,0.99,35.54882610989451
32,2024-11-30,2,2024-12-14,wk inc flu hosp,quantile,0.99,178.9812515636156
33,2024-11-30,2,2024-12-14,wk inc flu hosp,quantile,0.99,52.00861782030644
34,2024-11-30,2,2024-12-14,wk inc flu hosp,quantile,0.99,168.7169980897217
35,2024-11-30,2,2024-12-14,wk inc flu hosp,quantile,0.99,113.53979490835319
36,2024-11-30,2,2024-12-14,wk inc flu hosp,quantile,0.99,457.52184434136393
37,2024-11-30,2,2024-12-14,wk inc flu hosp,quantile,0.99,188.46802577313687
38,2024-11-30,2,2024-12-14,wk inc flu hosp,quantile,0.99,21.27909425377745
39,2024-11-30,2,2024-12-14,wk inc flu hosp,quantile,0.99,1147.6746716430894
40,2024-11-30,2,2024-12-14,wk inc flu hosp,quantile,0.99,125.0295574956386
41,2024-11-30,2,2024-12-14,wk inc flu hosp,quantile,0.99,212.27220566332184
42,2024-11-30,2,2024-12-14,wk inc flu hosp,quantile,0.99,456.06954511229975
44,2024-11-30,2,2024-12-14,wk inc flu hosp,quantile,0.99,17.729018736208257
45,2024-11-30,2,2024-12-14,wk inc flu hosp,quantile,0.99,92.39914280610381
46,2024-11-30,2,2024-12-14,wk inc flu hosp,quantile,0.99,16.347414104888717
47,2024-11-30,2,2024-12-14,wk inc flu hosp,quantile,0.99,249.84816607861663
48,2024-11-30,2,2024-12-14,wk inc flu hosp,quantile,0.99,1003.2257066059652
49,2024-11-30,2,2024-12-14,wk inc flu hosp,quantile,0.99,77.40940978546769
50,2024-11-30,2,2024-12-14,wk inc flu hosp,quantile,0.99,11.598517609497083
51,2024-11-30,2,2024-12-14,wk inc flu hosp,quantile,0.99,151.43922800254262
53,2024-11-30,2,2024-12-14,wk inc flu hosp,quantile,0.99,182.06154703802838
54,2024-11-30,2,2024-12-14,wk inc flu hosp,quantile,0.99,41.93723956396517
55,2024-11-30,2,2024-12-14,wk inc flu hosp,quantile,0.99,120.09417420877796
56,2024-11-30,2,2024-12-14,wk inc flu hosp,quantile,0.99,35.06925281177693
72,2024-11-30,2,2024-12-14,wk inc flu hosp,quantile,0.99,147.13496957457912
US,2024-11-30,2,2024-12-14,wk inc flu hosp,quantile,0.99,11093.492437333744
01,2024-11-30,3,2024-12-21,wk inc flu hosp,quantile,0.99,268.4177977169809
02,2024-11-30,3,2024-12-21,wk inc flu hosp,quantile,0.99,28.57288660793999
04,2024-11-30,3,2024-12-21,wk inc flu hosp,quantile,0.99,1253.9700999312072
05,2024-11-30,3,2024-12-21,wk inc flu hosp,quantile,0.99,106.28095148749912
06,2024-11-30,3,2024-12-21,wk inc flu hosp,quantile,0.99,1686.5486531511071
08,2024-11-30,3,2024-12-21,wk inc flu hosp,quantile,0.99,165.7918909616305
09,2024-11-30,3,2024-12-21,wk inc flu hosp,quantile,0.99,76.41789493733968
10,2024-11-30,3,2024-12-21,wk inc flu hosp,quantile,0.99,58.4718670729803
11,2024-11-30,3,2024-12-21,wk inc flu hosp,quantile,0.99,33.9348229258944
12,2024-11-30,3,2024-12-21,wk inc flu hosp,quantile,0.99,1298.8211102551415
13,2024-11-30,3,2024-12-21,wk inc flu hosp,quantile,0.99,307.9700466956659
15,2024-11-30,3,2024-12-21,wk inc flu hosp,quantile,0.99,38.95184918378646
16,2024-11-30,3,2024-12-21,wk inc flu hosp,quantile,0.99,144.36372097200586
17,2024-11-30,3,2024-12-21,wk inc flu hosp,quantile,0.99,364.9612911376267
18,2024-11-30,3,2024-12-21,wk inc flu hosp,quantile,0.99,248.90867531960282
19,2024-11-30,3,2024-12-21,wk inc flu hosp,quantile,0.99,63.58002955522378
20,2024-11-30,3,2024-12-21,wk inc flu hosp,quantile,0.99,99.67165078771792
21,2024-11-30,3,2024-12-21,wk inc flu hosp,quantile,0.99,148.2471346714763
22,2024-11-30,3,2024-12-21,wk inc flu hosp,quantile,0.99,309.12415651654857
23,2024-11-30,3,2024-12-21,wk inc flu hosp,quantile,0.99,30.462662477495183
24,2024-11-30,3,2024-12-21,wk inc flu hosp,quantile,0.99,153.5203950099265
25,2024-11-30,3,2024-12-21,wk inc flu hosp,quantile,0.99,261.48352223850316
26,2024-11-30,3,2024-12-21,wk inc flu hosp,quantile,0.99,431.87194614311693
27,2024-11-30,3,2024-12-21,wk inc flu hosp,quantile,0.99,108.5037273029605
28,2024-11-30,3,2024-12-21,wk inc flu hosp,quantile,0.99,122.2104271341918
29,2024-11-30,3,2024-12-21,wk inc flu hosp,quantile,0.99,268.9135513272766
30,2024-11-30,3,2024-12-21,wk inc flu hosp,quantile,0.99,32.96962665207766
31,2024-11-30,3,2024-12-21,wk inc flu hosp,quantile,0.99,46.46026239207314
32,2024-11-30,3,2024-12-21,wk inc flu hosp,quantile,0.99,200.5612825497091
33,2024-11-30,3,2024-12-21,wk inc flu hosp,quantile,0.99,58.83221095051408
34,2024-11-30,3,2024-12-21,wk inc flu hosp,quantile,0.99,213.34134827764575
35,2024-11-30,3,2024-12-21,wk inc flu hosp,quantile,0.99,144.06422276714252
36,2024-11-30,3,2024-12-21,wk inc flu hosp,quantile,0.99,593.6413637816464
37,2024-11-30,3,2024-12-21,wk inc flu hosp,quantile,0.99,240.92119084371313
38,2024-11-30,3,2024-12-21,wk inc flu hosp,quantile,0.99,26.917266198361613
39,2024-11-30,3,2024-12-21,wk inc flu hosp,quantile,0.99,1220.1617809650602
40,2024-11-30,3,2024-12-21,wk inc flu hosp,quantile,0.99,168.36526886447626
41,2024-11-30,3,2024-12-21,wk inc flu hosp,quantile,0.99,245.66690682345939
42,2024-11-30,3,2024-12-21,wk inc flu hosp,quantile,0.99,561.0489906364328
44,2024-11-30,3,2024-12-21,wk inc flu hosp,quantile,0.99,22.494330136854863
45,2024-11-30,3,2024-12-21,wk inc flu hosp,quantile,0.99,121.81242735184117
46,2024-11-30,3,2024-12-21,wk inc flu hosp,quantile,0.99,22.064021058355618
47,2024-11-30,3,2024-12-21,wk inc flu hosp,quantile,0.99,286.63686941692384
48,2024-11-30,3,2024-12-21,wk inc flu hosp,quantile,0.99,1215.6170061403545
49,2024-11-30,3,2024-12-21,wk inc flu hosp,quantile,0.99,86.18689243494325
50,2024-11-30,3,2024-12-21,wk inc flu hosp,quantile,0.99,15.057692255246794
51,2024-11-30,3,2024-12-21,wk inc flu hosp,quantile,0.99,202.48384639313448
53,2024-11-30,3,2024-12-21,wk inc flu hosp,quantile,0.99,228.41166105148505
54,2024-11-30,3,2024-12-21,wk inc flu hosp,quantile,0.99,53.86412103901559
55,2024-11-30,3,2024-12-21,wk inc flu hosp,quantile,0.99,161.06724928396946
56,2024-11-30,3,2024-12-21,wk inc flu hosp,quantile,0.99,41.703592510016065
72,2024-11-30,3,2024-12-21,wk inc flu hosp,quantile,0.99,167.3829340782722
US,2024-11-30,3,2024-12-21,wk inc flu hosp,quantile,0.99,13227.252714642384
