location,reference_date,horizon,target_end_date,target,output_type,output_type_id,value
01,2025-01-18,0,2025-01-18,wk inc flu hosp,quantile,0.01,143.65197533277814
02,2025-01-18,0,2025-01-18,wk inc flu hosp,quantile,0.01,12.43932993003953
04,2025-01-18,0,2025-01-18,wk inc flu hosp,quantile,0.01,494.7043419424782
05,2025-01-18,0,2025-01-18,wk inc flu hosp,quantile,0.01,50.767836635729175
06,2025-01-18,0,2025-01-18,wk inc flu hosp,quantile,0.01,1038.5155744748913
08,2025-01-18,0,2025-01-18,wk inc flu hosp,quantile,0.01,152.06399845070678
09,2025-01-18,0,2025-01-18,wk inc flu hosp,quantile,0.01,109.26996114851697
10,2025-01-18,0,2025-01-18,wk inc flu hosp,quantile,0.01,14.97153086128596
11,2025-01-18,0,2025-01-18,wk inc flu hosp,quantile,0.01,12.430157057761761
12,2025-01-18,0,2025-01-18,wk inc flu hosp,quantile,0.01,1018.1587599996674
13,2025-01-18,0,2025-01-18,wk inc flu hosp,quantile,0.01,310.339241333421
15,2025-01-18,0,2025-01-18,wk inc flu hosp,quantile,0.01,22.050877394574744
16,2025-01-18,0,2025-01-18,wk inc flu hosp,quantile,0.01,35.67616253284661
17,2025-01-18,0,2025-01-18,wk inc flu hosp,quantile,0.01,455.91646226653233
18,2025-01-18,0,2025-01-18,wk inc flu hosp,quantile,0.01,186.2655590874469
19,2025-01-18,0,2025-01-18,wk inc flu hosp,quantile,0.01,107.99298856089139
20,2025-01-18,0,2025-01-18,wk inc flu hosp,quantile,0.01,72.69054655025909
21,2025-01-18,0,2025-01-18,wk inc flu hosp,quantile,0.01,129.5536435257757
22,2025-01-18,0,2025-01-18,wk inc flu hosp,quantile,0.01,158.98921299643504
23,2025-01-18,0,2025-01-18,wk inc flu hosp,quantile,0.01,37.18338644280322
24,2025-01-18,0,2025-01-18,wk inc flu hosp,quantile,0.01,154.5468772862721
25,2025-01-18,0,2025-01-18,wk inc flu hosp,quantile,0.01,248.69857897593369
26,2025-01-18,0,2025-01-18,wk inc flu hosp,quantile,0.01,212.17440153082657
27,2025-01-18,0,2025-01-18,wk inc flu hosp,quantile,0.01,548.8211429276233
28,2025-01-18,0,2025-01-18,wk inc flu hosp,quantile,0.01,90.1453292485717
29,2025-01-18,0,2025-01-18,wk inc flu hosp,quantile,0.01,153.3920120806226
30,2025-01-18,0,2025-01-18,wk inc flu hosp,quantile,0.01,19.450841041683184
31,2025-01-18,0,2025-01-18,wk inc flu hosp,quantile,0.01,59.490930499389705
32,2025-01-18,0,2025-01-18,wk inc flu hosp,quantile,0.01,77.9817533580415
33,2025-01-18,0,2025-01-18,wk inc flu hosp,quantile,0.01,15.131990793143345
34,2025-01-18,0,2025-01-18,wk inc flu hosp,quantile,0.01,382.9121796208528
35,2025-01-18,0,2025-01-18,wk inc flu hosp,quantile,0.01,75.65568587198716
36,2025-01-18,0,2025-01-18,wk inc flu hosp,quantile,0.01,799.1826003009838
37,2025-01-18,0,2025-01-18,wk inc flu hosp,quantile,0.01,286.81558752578195
38,2025-01-18,0,2025-01-18,wk inc flu hosp,quantile,0.01,11.132512618439968
39,2025-01-18,0,2025-01-18,wk inc flu hosp,quantile,0.01,375.35054145488823
40,2025-01-18,0,2025-01-18,wk inc flu hosp,quantile,0.01,55.36765795632672
41,2025-01-18,0,2025-01-18,wk inc flu hosp,quantile,0.01,84.17179254446076
42,2025-01-18,0,2025-01-18,wk inc flu hosp,quantile,0.01,660.0595034627852
44,2025-01-18,0,2025-01-18,wk inc flu hosp,quantile,0.01,20.34733355130549
45,2025-01-18,0,2025-01-18,wk inc flu hosp,quantile,0.01,155.448194620674
46,2025-01-18,0,2025-01-18,wk inc flu hosp,quantile,0.01,19.88728967655759
47,2025-01-18,0,2025-01-18,wk inc flu hosp,quantile,0.01,233.5241141954116
48,2025-01-18,0,2025-01-18,wk inc flu hosp,quantile,0.01,848.7597248539474
49,2025-01-18,0,2025-01-18,wk inc flu hosp,quantile,0.01,88.67554954861177
50,2025-01-18,0,2025-01-18,wk inc flu hosp,quantile,0.01,11.653203583873992
51,2025-01-18,0,2025-01-18,wk inc flu hosp,quantile,0.01,189.2239403892012
53,2025-01-18,0,2025-01-18,wk inc flu hosp,quantile,0.01,189.55940491937798
54,2025-01-18,0,2025-01-18,wk inc flu hosp,quantile,0.01,56.318989577969404
55,2025-01-18,0,2025-01-18,wk inc flu hosp,quantile,0.01,155.19944006962513
56,2025-01-18,0,2025-01-18,wk inc flu hosp,quantile,0.01,15.72114035325669
72,2025-01-18,0,2025-01-18,wk inc flu hosp,quantile,0.01,348.85149233535543
US,2025-01-18,0,2025-01-18,wk inc flu hosp,quantile,0.01,13786.324893878735
01,2025-01-18,1,2025-01-25,wk inc flu hosp,quantile,0.01,117.92076531328061
02,2025-01-18,1,2025-01-25,wk inc flu hosp,quantile,0.01,9.469261493093397
04,2025-01-18,1,2025-01-25,wk inc flu hosp,quantile,0.01,416.29535699780917
05,2025-01-18,1,2025-01-25,wk inc flu hosp,quantile,0.01,42.11965352372284
06,2025-01-18,1,2025-01-25,wk inc flu hosp,quantile,0.01,849.2565995617904
08,2025-01-18,1,2025-01-25,wk inc flu hosp,quantile,0.01,128.51028617399987
09,2025-01-18,1,2025-01-25,wk inc flu hosp,quantile,0.01,91.74026133099035
10,2025-01-18,1,2025-01-25,wk inc flu hosp,quantile,0.01,12.596936462672904
11,2025-01-18,1,2025-01-25,wk inc flu hosp,quantile,0.01,9.848868283691736
12,2025-01-18,1,2025-01-25,wk inc flu hosp,quantile,0.01,883.2077288457623
13,2025-01-18,1,2025-01-25,wk inc flu hosp,quantile,0.01,261.99148475900614
15,2025-01-18,1,2025-01-25,wk inc flu hosp,quantile,0.01,17.648047420534596
16,2025-01-18,1,2025-01-25,wk inc flu hosp,quantile,0.01,27.84906822255199
17,2025-01-18,1,2025-01-25,wk inc flu hosp,quantile,0.01,385.99644935459963
18,2025-01-18,1,2025-01-25,wk inc flu hosp,quantile,0.01,151.63774892395878
19,2025-01-18,1,2025-01-25,wk inc flu hosp,quantile,0.01,93.9852597137666
20,2025-01-18,1,2025-01-25,wk inc flu hosp,quantile,0.01,59.94077478705883
21,2025-01-18,1,2025-01-25,wk inc flu hosp,quantile,0.01,103.39914325899906
22,2025-01-18,1,2025-01-25,wk inc flu hosp,quantile,0.01,130.74647575190096
23,2025-01-18,1,2025-01-25,wk inc flu hosp,quantile,0.01,31.342581653464105
24,2025-01-18,1,2025-01-25,wk inc flu hosp,quantile,0.01,130.16797547646232
25,2025-01-18,1,2025-01-25,wk inc flu hosp,quantile,0.01,212.23371599513743
26,2025-01-18,1,2025-01-25,wk inc flu hosp,quantile,0.01,176.9115490650862
27,2025-01-18,1,2025-01-25,wk inc flu hosp,quantile,0.01,478.80909816323197
28,2025-01-18,1,2025-01-25,wk inc flu hosp,quantile,0.01,76.13536871380224
29,2025-01-18,1,2025-01-25,wk inc flu hosp,quantile,0.01,124.421268246029
30,2025-01-18,1,2025-01-25,wk inc flu hosp,quantile,0.01,15.630268606624476
31,2025-01-18,1,2025-01-25,wk inc flu hosp,quantile,0.01,49.200512150418575
32,2025-01-18,1,2025-01-25,wk inc flu hosp,quantile,0.01,63.25759237316329
33,2025-01-18,1,2025-01-25,wk inc flu hosp,quantile,0.01,11.3961231792318
34,2025-01-18,1,2025-01-25,wk inc flu hosp,quantile,0.01,326.2892138414085
35,2025-01-18,1,2025-01-25,wk inc flu hosp,quantile,0.01,60.07004028048058
36,2025-01-18,1,2025-01-25,wk inc flu hosp,quantile,0.01,678.8999602103488
37,2025-01-18,1,2025-01-25,wk inc flu hosp,quantile,0.01,241.33444590158132
38,2025-01-18,1,2025-01-25,wk inc flu hosp,quantile,0.01,9.29482933147589
39,2025-01-18,1,2025-01-25,wk inc flu hosp,quantile,0.01,321.0676346004095
40,2025-01-18,1,2025-01-25,wk inc flu hosp,quantile,0.01,41.78396400916708
41,2025-01-18,1,2025-01-25,wk inc flu hosp,quantile,0.01,64.13094368233828
42,2025-01-18,1,2025-01-25,wk inc flu hosp,quantile,0.01,580.2087723793118
44,2025-01-18,1,2025-01-25,wk inc flu hosp,quantile,0.01,16.323685136649132
45,2025-01-18,1,2025-01-25,wk inc flu hosp,quantile,0.01,129.40191721675885
46,2025-01-18,1,2025-01-25,wk inc flu hosp,quantile,0.01,16.807545251951993
47,2025-01-18,1,2025-01-25,wk inc flu hosp,quantile,0.01,194.24807124914798
48,2025-01-18,1,2025-01-25,wk inc flu hosp,quantile,0.01,723.4936897557573
49,2025-01-18,1,2025-01-25,wk inc flu hosp,quantile,0.01,75.60225894852562
50,2025-01-18,1,2025-01-25,wk inc flu hosp,quantile,0.01,9.280824166340809
51,2025-01-18,1,2025-01-25,wk inc flu hosp,quantile,0.01,159.36364770226228
53,2025-01-18,1,2025-01-25,wk inc flu hosp,quantile,0.01,155.83511432928293
54,2025-01-18,1,2025-01-25,wk inc flu hosp,quantile,0.01,46.927672805612914
55,2025-01-18,1,2025-01-25,wk inc flu hosp,quantile,0.01,128.91239720651188
56,2025-01-18,1,2025-01-25,wk inc flu hosp,quantile,0.01,12.094771251071684
72,2025-01-18,1,2025-01-25,wk inc flu hosp,quantile,0.01,336.8284962456398
US,2025-01-18,1,2025-01-25,wk inc flu hosp,quantile,0.01,11933.879534508476
01,2025-01-18,2,2025-02-01,wk inc flu hosp,quantile,0.01,80.48521868537416
02,2025-01-18,2,2025-02-01,wk inc flu hosp,quantile,0.01,7.313353273281558
04,2025-01-18,2,2025-02-01,wk inc flu hosp,quantile,0.01,276.3740778564498
05,2025-01-18,2,2025-02-01,wk inc flu hosp,quantile,0.01,37.771319190994134
06,2025-01-18,2,2025-02-01,wk inc flu hosp,quantile,0.01,586.0078919825656
08,2025-01-18,2,2025-02-01,wk inc flu hosp,quantile,0.01,76.73181426086829
09,2025-01-18,2,2025-02-01,wk inc flu hosp,quantile,0.01,77.11321878134265
10,2025-01-18,2,2025-02-01,wk inc flu hosp,quantile,0.01,6.978671567649253
11,2025-01-18,2,2025-02-01,wk inc flu hosp,quantile,0.01,7.626582230878378
12,2025-01-18,2,2025-02-01,wk inc flu hosp,quantile,0.01,720.7950983564222
13,2025-01-18,2,2025-02-01,wk inc flu hosp,quantile,0.01,208.48548252008138
15,2025-01-18,2,2025-02-01,wk inc flu hosp,quantile,0.01,14.434296974449172
16,2025-01-18,2,2025-02-01,wk inc flu hosp,quantile,0.01,17.801208629540884
17,2025-01-18,2,2025-02-01,wk inc flu hosp,quantile,0.01,249.1550177791784
18,2025-01-18,2,2025-02-01,wk inc flu hosp,quantile,0.01,120.0716880185263
19,2025-01-18,2,2025-02-01,wk inc flu hosp,quantile,0.01,79.67916144995871
20,2025-01-18,2,2025-02-01,wk inc flu hosp,quantile,0.01,42.2349754416619
21,2025-01-18,2,2025-02-01,wk inc flu hosp,quantile,0.01,77.1967531482939
22,2025-01-18,2,2025-02-01,wk inc flu hosp,quantile,0.01,88.3834443582911
23,2025-01-18,2,2025-02-01,wk inc flu hosp,quantile,0.01,26.403154606460465
24,2025-01-18,2,2025-02-01,wk inc flu hosp,quantile,0.01,108.91225674043903
25,2025-01-18,2,2025-02-01,wk inc flu hosp,quantile,0.01,183.2549651959417
26,2025-01-18,2,2025-02-01,wk inc flu hosp,quantile,0.01,150.29348617856425
27,2025-01-18,2,2025-02-01,wk inc flu hosp,quantile,0.01,341.11630373933485
28,2025-01-18,2,2025-02-01,wk inc flu hosp,quantile,0.01,62.45195034564642
29,2025-01-18,2,2025-02-01,wk inc flu hosp,quantile,0.01,95.47246921169118
30,2025-01-18,2,2025-02-01,wk inc flu hosp,quantile,0.01,11.829891814158046
31,2025-01-18,2,2025-02-01,wk inc flu hosp,quantile,0.01,38.37957441250962
32,2025-01-18,2,2025-02-01,wk inc flu hosp,quantile,0.01,42.94922184885441
33,2025-01-18,2,2025-02-01,wk inc flu hosp,quantile,0.01,4.954224440899334
34,2025-01-18,2,2025-02-01,wk inc flu hosp,quantile,0.01,222.08279255440968
35,2025-01-18,2,2025-02-01,wk inc flu hosp,quantile,0.01,46.691218469075764
36,2025-01-18,2,2025-02-01,wk inc flu hosp,quantile,0.01,484.6483123774887
37,2025-01-18,2,2025-02-01,wk inc flu hosp,quantile,0.01,188.48084692577925
38,2025-01-18,2,2025-02-01,wk inc flu hosp,quantile,0.01,7.988498338284603
39,2025-01-18,2,2025-02-01,wk inc flu hosp,quantile,0.01,250.68772163800315
40,2025-01-18,2,2025-02-01,wk inc flu hosp,quantile,0.01,33.31520051501071
41,2025-01-18,2,2025-02-01,wk inc flu hosp,quantile,0.01,39.641876163910965
42,2025-01-18,2,2025-02-01,wk inc flu hosp,quantile,0.01,454.2151927546853
44,2025-01-18,2,2025-02-01,wk inc flu hosp,quantile,0.01,11.621359746198806
45,2025-01-18,2,2025-02-01,wk inc flu hosp,quantile,0.01,105.7543717108062
46,2025-01-18,2,2025-02-01,wk inc flu hosp,quantile,0.01,14.709986687479182
47,2025-01-18,2,2025-02-01,wk inc flu hosp,quantile,0.01,127.41566927868058
48,2025-01-18,2,2025-02-01,wk inc flu hosp,quantile,0.01,591.4447475475359
49,2025-01-18,2,2025-02-01,wk inc flu hosp,quantile,0.01,51.65915576282892
50,2025-01-18,2,2025-02-01,wk inc flu hosp,quantile,0.01,7.61749990689288
51,2025-01-18,2,2025-02-01,wk inc flu hosp,quantile,0.01,131.9835642900737
53,2025-01-18,2,2025-02-01,wk inc flu hosp,quantile,0.01,118.52600062557364
54,2025-01-18,2,2025-02-01,wk inc flu hosp,quantile,0.01,38.206662269766106
55,2025-01-18,2,2025-02-01,wk inc flu hosp,quantile,0.01,105.87147037551729
56,2025-01-18,2,2025-02-01,wk inc flu hosp,quantile,0.01,8.423324846188184
72,2025-01-18,2,2025-02-01,wk inc flu hosp,quantile,0.01,253.78614710740496
US,2025-01-18,2,2025-02-01,wk inc flu hosp,quantile,0.01,9559.607897029715
01,2025-01-18,3,2025-02-08,wk inc flu hosp,quantile,0.01,63.06784402766509
02,2025-01-18,3,2025-02-08,wk inc flu hosp,quantile,0.01,5.958638182938492
04,2025-01-18,3,2025-02-08,wk inc flu hosp,quantile,0.01,202.91259230293727
05,2025-01-18,3,2025-02-08,wk inc flu hosp,quantile,0.01,34.07172803614294
06,2025-01-18,3,2025-02-08,wk inc flu hosp,quantile,0.01,471.6926566283181
08,2025-01-18,3,2025-02-08,wk inc flu hosp,quantile,0.01,55.53547223853015
09,2025-01-18,3,2025-02-08,wk inc flu hosp,quantile,0.01,65.13699390335545
10,2025-01-18,3,2025-02-08,wk inc flu hosp,quantile,0.01,4.648029190614437
11,2025-01-18,3,2025-02-08,wk inc flu hosp,quantile,0.01,5.7596174873107255
12,2025-01-18,3,2025-02-08,wk inc flu hosp,quantile,0.01,595.1517002479129
13,2025-01-18,3,2025-02-08,wk inc flu hosp,quantile,0.01,162.53117652202963
15,2025-01-18,3,2025-02-08,wk inc flu hosp,quantile,0.01,11.651676307400562
16,2025-01-18,3,2025-02-08,wk inc flu hosp,quantile,0.01,13.301397257193972
17,2025-01-18,3,2025-02-08,wk inc flu hosp,quantile,0.01,170.82574305176198
18,2025-01-18,3,2025-02-08,wk inc flu hosp,quantile,0.01,92.36594356369693
19,2025-01-18,3,2025-02-08,wk inc flu hosp,quantile,0.01,67.02483886061451
20,2025-01-18,3,2025-02-08,wk inc flu hosp,quantile,0.01,32.64360240945931
21,2025-01-18,3,2025-02-08,wk inc flu hosp,quantile,0.01,62.01280497698076
22,2025-01-18,3,2025-02-08,wk inc flu hosp,quantile,0.01,76.30129533637606
23,2025-01-18,3,2025-02-08,wk inc flu hosp,quantile,0.01,22.545668721311422
24,2025-01-18,3,2025-02-08,wk inc flu hosp,quantile,0.01,85.05756929900964
25,2025-01-18,3,2025-02-08,wk inc flu hosp,quantile,0.01,164.1566542745553
26,2025-01-18,3,2025-02-08,wk inc flu hosp,quantile,0.01,132.4982874686777
27,2025-01-18,3,2025-02-08,wk inc flu hosp,quantile,0.01,265.0343276354635
28,2025-01-18,3,2025-02-08,wk inc flu hosp,quantile,0.01,51.77601648374172
29,2025-01-18,3,2025-02-08,wk inc flu hosp,quantile,0.01,73.6004573289222
30,2025-01-18,3,2025-02-08,wk inc flu hosp,quantile,0.01,9.217311385639883
31,2025-01-18,3,2025-02-08,wk inc flu hosp,quantile,0.01,28.624513045299967
32,2025-01-18,3,2025-02-08,wk inc flu hosp,quantile,0.01,33.107561952483344
33,2025-01-18,3,2025-02-08,wk inc flu hosp,quantile,0.01,2.6878171060662854
34,2025-01-18,3,2025-02-08,wk inc flu hosp,quantile,0.01,159.27113362149976
35,2025-01-18,3,2025-02-08,wk inc flu hosp,quantile,0.01,36.82808935152833
36,2025-01-18,3,2025-02-08,wk inc flu hosp,quantile,0.01,369.9993721698844
37,2025-01-18,3,2025-02-08,wk inc flu hosp,quantile,0.01,149.01766256060174
38,2025-01-18,3,2025-02-08,wk inc flu hosp,quantile,0.01,7.17539079685162
39,2025-01-18,3,2025-02-08,wk inc flu hosp,quantile,0.01,196.69545794010327
40,2025-01-18,3,2025-02-08,wk inc flu hosp,quantile,0.01,27.106298112899964
41,2025-01-18,3,2025-02-08,wk inc flu hosp,quantile,0.01,29.866104006509733
42,2025-01-18,3,2025-02-08,wk inc flu hosp,quantile,0.01,360.7769884288953
44,2025-01-18,3,2025-02-08,wk inc flu hosp,quantile,0.01,8.945210653629116
45,2025-01-18,3,2025-02-08,wk inc flu hosp,quantile,0.01,83.86782300445282
46,2025-01-18,3,2025-02-08,wk inc flu hosp,quantile,0.01,13.167083667395707
47,2025-01-18,3,2025-02-08,wk inc flu hosp,quantile,0.01,98.99774694893628
48,2025-01-18,3,2025-02-08,wk inc flu hosp,quantile,0.01,471.0797711346068
49,2025-01-18,3,2025-02-08,wk inc flu hosp,quantile,0.01,37.413268612979195
50,2025-01-18,3,2025-02-08,wk inc flu hosp,quantile,0.01,6.425162806893287
51,2025-01-18,3,2025-02-08,wk inc flu hosp,quantile,0.01,107.36204949819984
53,2025-01-18,3,2025-02-08,wk inc flu hosp,quantile,0.01,94.61832776354845
54,2025-01-18,3,2025-02-08,wk inc flu hosp,quantile,0.01,32.11067005512799
55,2025-01-18,3,2025-02-08,wk inc flu hosp,quantile,0.01,86.95226609704869
56,2025-01-18,3,2025-02-08,wk inc flu hosp,quantile,0.01,6.519488551131011
72,2025-01-18,3,2025-02-08,wk inc flu hosp,quantile,0.01,208.42774750616863
US,2025-01-18,3,2025-02-08,wk inc flu hosp,quantile,0.01,7761.7800088230515
01,2025-01-18,0,2025-01-18,wk inc flu hosp,quantile,0.025,212.21072745648124
02,2025-01-18,0,2025-01-18,wk inc flu hosp,quantile,0.025,15.436584439396299
04,2025-01-18,0,2025-01-18,wk inc flu hosp,quantile,0.025,677.8306679375531
05,2025-01-18,0,2025-01-18,wk inc flu hosp,quantile,0.025,63.37264657470093
06,2025-01-18,0,2025-01-18,wk inc flu hosp,quantile,0.025,1397.0709966131094
08,2025-01-18,0,2025-01-18,wk inc flu hosp,quantile,0.025,222.8176321608237
09,2025-01-18,0,2025-01-18,wk inc flu hosp,quantile,0.025,141.8676305096038
10,2025-01-18,0,2025-01-18,wk inc flu hosp,quantile,0.025,25.83931604764811
11,2025-01-18,0,2025-01-18,wk inc flu hosp,quantile,0.025,16.9734986825988
12,2025-01-18,0,2025-01-18,wk inc flu hosp,quantile,0.025,1258.2053437813793
13,2025-01-18,0,2025-01-18,wk inc flu hosp,quantile,0.025,399.1713207578358
15,2025-01-18,0,2025-01-18,wk inc flu hosp,quantile,0.025,28.102516351775186
16,2025-01-18,0,2025-01-18,wk inc flu hosp,quantile,0.025,54.73701480502468
17,2025-01-18,0,2025-01-18,wk inc flu hosp,quantile,0.025,631.9819308368375
18,2025-01-18,0,2025-01-18,wk inc flu hosp,quantile,0.025,246.8572203122881
19,2025-01-18,0,2025-01-18,wk inc flu hosp,quantile,0.025,133.7196705020663
20,2025-01-18,0,2025-01-18,wk inc flu hosp,quantile,0.025,101.87503059080042
21,2025-01-18,0,2025-01-18,wk inc flu hosp,quantile,0.025,181.40246687381503
22,2025-01-18,0,2025-01-18,wk inc flu hosp,quantile,0.025,216.20426135053862
23,2025-01-18,0,2025-01-18,wk inc flu hosp,quantile,0.025,48.54636469663227
24,2025-01-18,0,2025-01-18,wk inc flu hosp,quantile,0.025,191.16109674242796
25,2025-01-18,0,2025-01-18,wk inc flu hosp,quantile,0.025,307.62283224265633
26,2025-01-18,0,2025-01-18,wk inc flu hosp,quantile,0.025,258.95774368849686
27,2025-01-18,0,2025-01-18,wk inc flu hosp,quantile,0.025,729.9145900583648
28,2025-01-18,0,2025-01-18,wk inc flu hosp,quantile,0.025,118.21797643190735
29,2025-01-18,0,2025-01-18,wk inc flu hosp,quantile,0.025,216.08417965434253
30,2025-01-18,0,2025-01-18,wk inc flu hosp,quantile,0.025,26.727726121837343
31,2025-01-18,0,2025-01-18,wk inc flu hosp,quantile,0.025,76.32690714325764
32,2025-01-18,0,2025-01-18,wk inc flu hosp,quantile,0.025,106.3765969233231
33,2025-01-18,0,2025-01-18,wk inc flu hosp,quantile,0.025,23.646875071301782
34,2025-01-18,0,2025-01-18,wk inc flu hosp,quantile,0.025,514.7549330098507
35,2025-01-18,0,2025-01-18,wk inc flu hosp,quantile,0.025,98.71862894457338
36,2025-01-18,0,2025-01-18,wk inc flu hosp,quantile,0.025,1029.8693878791737
37,2025-01-18,0,2025-01-18,wk inc flu hosp,quantile,0.025,368.0463524764395
38,2025-01-18,0,2025-01-18,wk inc flu hosp,quantile,0.025,17.02621023873576
39,2025-01-18,0,2025-01-18,wk inc flu hosp,quantile,0.025,482.8281593709926
40,2025-01-18,0,2025-01-18,wk inc flu hosp,quantile,0.025,76.44235919270594
41,2025-01-18,0,2025-01-18,wk inc flu hosp,quantile,0.025,123.09941492644778
42,2025-01-18,0,2025-01-18,wk inc flu hosp,quantile,0.025,841.9427232754169
44,2025-01-18,0,2025-01-18,wk inc flu hosp,quantile,0.025,27.855246307919455
45,2025-01-18,0,2025-01-18,wk inc flu hosp,quantile,0.025,206.01480613328607
46,2025-01-18,0,2025-01-18,wk inc flu hosp,quantile,0.025,25.567061696913164
47,2025-01-18,0,2025-01-18,wk inc flu hosp,quantile,0.025,324.79151742714447
48,2025-01-18,0,2025-01-18,wk inc flu hosp,quantile,0.025,1072.7431054538101
49,2025-01-18,0,2025-01-18,wk inc flu hosp,quantile,0.025,122.43707391403228
50,2025-01-18,0,2025-01-18,wk inc flu hosp,quantile,0.025,15.587172223280717
51,2025-01-18,0,2025-01-18,wk inc flu hosp,quantile,0.025,239.7292506954499
53,2025-01-18,0,2025-01-18,wk inc flu hosp,quantile,0.025,258.3601614395312
54,2025-01-18,0,2025-01-18,wk inc flu hosp,quantile,0.025,73.98933480649076
55,2025-01-18,0,2025-01-18,wk inc flu hosp,quantile,0.025,201.2739980379851
56,2025-01-18,0,2025-01-18,wk inc flu hosp,quantile,0.025,23.615954378706714
72,2025-01-18,0,2025-01-18,wk inc flu hosp,quantile,0.025,539.6559789064648
US,2025-01-18,0,2025-01-18,wk inc flu hosp,quantile,0.025,17778.301913691877
01,2025-01-18,1,2025-01-25,wk inc flu hosp,quantile,0.025,151.19285973245118
02,2025-01-18,1,2025-01-25,wk inc flu hosp,quantile,0.025,12.335371958269528
04,2025-01-18,1,2025-01-25,wk inc flu hosp,quantile,0.025,495.79572276429093
05,2025-01-18,1,2025-01-25,wk inc flu hosp,quantile,0.025,54.29345143851352
06,2025-01-18,1,2025-01-25,wk inc flu hosp,quantile,0.025,1059.3739886903759
08,2025-01-18,1,2025-01-25,wk inc flu hosp,quantile,0.025,165.92077009335804
09,2025-01-18,1,2025-01-25,wk inc flu hosp,quantile,0.025,122.6229460212689
10,2025-01-18,1,2025-01-25,wk inc flu hosp,quantile,0.025,17.2977927236358
11,2025-01-18,1,2025-01-25,wk inc flu hosp,quantile,0.025,13.908172595275172
12,2025-01-18,1,2025-01-25,wk inc flu hosp,quantile,0.025,1046.8078949341327
13,2025-01-18,1,2025-01-25,wk inc flu hosp,quantile,0.025,316.8234534077951
15,2025-01-18,1,2025-01-25,wk inc flu hosp,quantile,0.025,22.69646154164795
16,2025-01-18,1,2025-01-25,wk inc flu hosp,quantile,0.025,36.76370591116826
17,2025-01-18,1,2025-01-25,wk inc flu hosp,quantile,0.025,485.0866646211797
18,2025-01-18,1,2025-01-25,wk inc flu hosp,quantile,0.025,199.63438268059258
19,2025-01-18,1,2025-01-25,wk inc flu hosp,quantile,0.025,113.94222245278519
20,2025-01-18,1,2025-01-25,wk inc flu hosp,quantile,0.025,78.99476954687782
21,2025-01-18,1,2025-01-25,wk inc flu hosp,quantile,0.025,142.33754186538994
22,2025-01-18,1,2025-01-25,wk inc flu hosp,quantile,0.025,158.1540059840305
23,2025-01-18,1,2025-01-25,wk inc flu hosp,quantile,0.025,42.493139048589384
24,2025-01-18,1,2025-01-25,wk inc flu hosp,quantile,0.025,159.31947567355655
25,2025-01-18,1,2025-01-25,wk inc flu hosp,quantile,0.025,265.91010692415404
26,2025-01-18,1,2025-01-25,wk inc flu hosp,quantile,0.025,223.0805223286631
27,2025-01-18,1,2025-01-25,wk inc flu hosp,quantile,0.025,566.1122133496713
28,2025-01-18,1,2025-01-25,wk inc flu hosp,quantile,0.025,100.45261735223085
29,2025-01-18,1,2025-01-25,wk inc flu hosp,quantile,0.025,172.58520465934674
30,2025-01-18,1,2025-01-25,wk inc flu hosp,quantile,0.025,22.13411230476644
31,2025-01-18,1,2025-01-25,wk inc flu hosp,quantile,0.025,61.142729960890414
32,2025-01-18,1,2025-01-25,wk inc flu hosp,quantile,0.025,78.82725467557921
33,2025-01-18,1,2025-01-25,wk inc flu hosp,quantile,0.025,16.072575937997303
34,2025-01-18,1,2025-01-25,wk inc flu hosp,quantile,0.025,401.469360282605
35,2025-01-18,1,2025-01-25,wk inc flu hosp,quantile,0.025,76.64816410458775
36,2025-01-18,1,2025-01-25,wk inc flu hosp,quantile,0.025,834.3400936341848
37,2025-01-18,1,2025-01-25,wk inc flu hosp,quantile,0.025,294.9221781515302
38,2025-01-18,1,2025-01-25,wk inc flu hosp,quantile,0.025,14.686778928049295
39,2025-01-18,1,2025-01-25,wk inc flu hosp,quantile,0.025,397.4117688299662
40,2025-01-18,1,2025-01-25,wk inc flu hosp,quantile,0.025,60.6358463496364
41,2025-01-18,1,2025-01-25,wk inc flu hosp,quantile,0.025,83.21998213270216
42,2025-01-18,1,2025-01-25,wk inc flu hosp,quantile,0.025,704.7033748232212
44,2025-01-18,1,2025-01-25,wk inc flu hosp,quantile,0.025,21.945393611531234
45,2025-01-18,1,2025-01-25,wk inc flu hosp,quantile,0.025,166.90642824615082
46,2025-01-18,1,2025-01-25,wk inc flu hosp,quantile,0.025,22.248340275941757
47,2025-01-18,1,2025-01-25,wk inc flu hosp,quantile,0.025,237.29439371108307
48,2025-01-18,1,2025-01-25,wk inc flu hosp,quantile,0.025,918.4377138634461
49,2025-01-18,1,2025-01-25,wk inc flu hosp,quantile,0.025,91.89188228876168
50,2025-01-18,1,2025-01-25,wk inc flu hosp,quantile,0.025,13.116092236905587
51,2025-01-18,1,2025-01-25,wk inc flu hosp,quantile,0.025,203.84753412014584
53,2025-01-18,1,2025-01-25,wk inc flu hosp,quantile,0.025,203.5451770948248
54,2025-01-18,1,2025-01-25,wk inc flu hosp,quantile,0.025,62.542856075523794
55,2025-01-18,1,2025-01-25,wk inc flu hosp,quantile,0.025,167.94472203752488
56,2025-01-18,1,2025-01-25,wk inc flu hosp,quantile,0.025,17.172750997502803
72,2025-01-18,1,2025-01-25,wk inc flu hosp,quantile,0.025,448.47430982745476
US,2025-01-18,1,2025-01-25,wk inc flu hosp,quantile,0.025,14780.106087304439
01,2025-01-18,2,2025-02-01,wk inc flu hosp,quantile,0.025,104.56881639989591
02,2025-01-18,2,2025-02-01,wk inc flu hosp,quantile,0.025,9.648061016607366
04,2025-01-18,2,2025-02-01,wk inc flu hosp,quantile,0.025,298.7998363391608
05,2025-01-18,2,2025-02-01,wk inc flu hosp,quantile,0.025,49.928937037903424
06,2025-01-18,2,2025-02-01,wk inc flu hosp,quantile,0.025,756.2971010920648
08,2025-01-18,2,2025-02-01,wk inc flu hosp,quantile,0.025,104.7390716997764
09,2025-01-18,2,2025-02-01,wk inc flu hosp,quantile,0.025,103.85273858054227
10,2025-01-18,2,2025-02-01,wk inc flu hosp,quantile,0.025,9.540839305520544
11,2025-01-18,2,2025-02-01,wk inc flu hosp,quantile,0.025,10.919129160994792
12,2025-01-18,2,2025-02-01,wk inc flu hosp,quantile,0.025,839.9181974277495
13,2025-01-18,2,2025-02-01,wk inc flu hosp,quantile,0.025,239.3818173801142
15,2025-01-18,2,2025-02-01,wk inc flu hosp,quantile,0.025,17.970750821036166
16,2025-01-18,2,2025-02-01,wk inc flu hosp,quantile,0.025,23.54572819362126
17,2025-01-18,2,2025-02-01,wk inc flu hosp,quantile,0.025,312.14934115381135
18,2025-01-18,2,2025-02-01,wk inc flu hosp,quantile,0.025,152.5637259126702
19,2025-01-18,2,2025-02-01,wk inc flu hosp,quantile,0.025,96.49826623319302
20,2025-01-18,2,2025-02-01,wk inc flu hosp,quantile,0.025,55.567906927426215
21,2025-01-18,2,2025-02-01,wk inc flu hosp,quantile,0.025,102.44772705478186
22,2025-01-18,2,2025-02-01,wk inc flu hosp,quantile,0.025,117.0225610847232
23,2025-01-18,2,2025-02-01,wk inc flu hosp,quantile,0.025,36.75358239470736
24,2025-01-18,2,2025-02-01,wk inc flu hosp,quantile,0.025,132.83123813435415
25,2025-01-18,2,2025-02-01,wk inc flu hosp,quantile,0.025,233.5479753812145
26,2025-01-18,2,2025-02-01,wk inc flu hosp,quantile,0.025,196.076230683164
27,2025-01-18,2,2025-02-01,wk inc flu hosp,quantile,0.025,395.0798121998727
28,2025-01-18,2,2025-02-01,wk inc flu hosp,quantile,0.025,84.98694873233838
29,2025-01-18,2,2025-02-01,wk inc flu hosp,quantile,0.025,127.95069490545755
30,2025-01-18,2,2025-02-01,wk inc flu hosp,quantile,0.025,17.99384982074655
31,2025-01-18,2,2025-02-01,wk inc flu hosp,quantile,0.025,45.41271121893348
32,2025-01-18,2,2025-02-01,wk inc flu hosp,quantile,0.025,58.231141656678055
33,2025-01-18,2,2025-02-01,wk inc flu hosp,quantile,0.025,8.302821914631306
34,2025-01-18,2,2025-02-01,wk inc flu hosp,quantile,0.025,276.5806621815681
35,2025-01-18,2,2025-02-01,wk inc flu hosp,quantile,0.025,59.177693325213085
36,2025-01-18,2,2025-02-01,wk inc flu hosp,quantile,0.025,582.1460926552292
37,2025-01-18,2,2025-02-01,wk inc flu hosp,quantile,0.025,218.46493257359282
38,2025-01-18,2,2025-02-01,wk inc flu hosp,quantile,0.025,12.822745287465635
39,2025-01-18,2,2025-02-01,wk inc flu hosp,quantile,0.025,298.85664527018787
40,2025-01-18,2,2025-02-01,wk inc flu hosp,quantile,0.025,48.771699136602486
41,2025-01-18,2,2025-02-01,wk inc flu hosp,quantile,0.025,56.3263525761063
42,2025-01-18,2,2025-02-01,wk inc flu hosp,quantile,0.025,529.8793046465966
44,2025-01-18,2,2025-02-01,wk inc flu hosp,quantile,0.025,16.07563656763041
45,2025-01-18,2,2025-02-01,wk inc flu hosp,quantile,0.025,128.6190282273468
46,2025-01-18,2,2025-02-01,wk inc flu hosp,quantile,0.025,20.05745353710232
47,2025-01-18,2,2025-02-01,wk inc flu hosp,quantile,0.025,161.70805165907188
48,2025-01-18,2,2025-02-01,wk inc flu hosp,quantile,0.025,734.5760219809005
49,2025-01-18,2,2025-02-01,wk inc flu hosp,quantile,0.025,58.195542227101726
50,2025-01-18,2,2025-02-01,wk inc flu hosp,quantile,0.025,11.228472880028226
51,2025-01-18,2,2025-02-01,wk inc flu hosp,quantile,0.025,172.18289602528387
53,2025-01-18,2,2025-02-01,wk inc flu hosp,quantile,0.025,154.53505494985697
54,2025-01-18,2,2025-02-01,wk inc flu hosp,quantile,0.025,53.78631874923961
55,2025-01-18,2,2025-02-01,wk inc flu hosp,quantile,0.025,135.79321744202434
56,2025-01-18,2,2025-02-01,wk inc flu hosp,quantile,0.025,11.28266428975219
72,2025-01-18,2,2025-02-01,wk inc flu hosp,quantile,0.025,336.6784698037557
US,2025-01-18,2,2025-02-01,wk inc flu hosp,quantile,0.025,11504.499006382079
01,2025-01-18,3,2025-02-08,wk inc flu hosp,quantile,0.025,77.79371997040037
02,2025-01-18,3,2025-02-08,wk inc flu hosp,quantile,0.025,8.382560708284648
04,2025-01-18,3,2025-02-08,wk inc flu hosp,quantile,0.025,228.77595642051884
05,2025-01-18,3,2025-02-08,wk inc flu hosp,quantile,0.025,45.198778929701334
06,2025-01-18,3,2025-02-08,wk inc flu hosp,quantile,0.025,563.5239896597262
08,2025-01-18,3,2025-02-08,wk inc flu hosp,quantile,0.025,70.624988669734
09,2025-01-18,3,2025-02-08,wk inc flu hosp,quantile,0.025,88.38902792417257
10,2025-01-18,3,2025-02-08,wk inc flu hosp,quantile,0.025,6.347884066872117
11,2025-01-18,3,2025-02-08,wk inc flu hosp,quantile,0.025,8.543856033930545
12,2025-01-18,3,2025-02-08,wk inc flu hosp,quantile,0.025,683.9321649604794
13,2025-01-18,3,2025-02-08,wk inc flu hosp,quantile,0.025,181.15386538259241
15,2025-01-18,3,2025-02-08,wk inc flu hosp,quantile,0.025,14.526555546272304
16,2025-01-18,3,2025-02-08,wk inc flu hosp,quantile,0.025,17.927564323032502
17,2025-01-18,3,2025-02-08,wk inc flu hosp,quantile,0.025,208.5518042630136
18,2025-01-18,3,2025-02-08,wk inc flu hosp,quantile,0.025,117.49397736299782
19,2025-01-18,3,2025-02-08,wk inc flu hosp,quantile,0.025,82.43481299422963
20,2025-01-18,3,2025-02-08,wk inc flu hosp,quantile,0.025,42.303072795642585
21,2025-01-18,3,2025-02-08,wk inc flu hosp,quantile,0.025,75.91725938541062
22,2025-01-18,3,2025-02-08,wk inc flu hosp,quantile,0.025,91.08716126851469
23,2025-01-18,3,2025-02-08,wk inc flu hosp,quantile,0.025,32.68734259641294
24,2025-01-18,3,2025-02-08,wk inc flu hosp,quantile,0.025,105.72980643548526
25,2025-01-18,3,2025-02-08,wk inc flu hosp,quantile,0.025,202.8099697916007
26,2025-01-18,3,2025-02-08,wk inc flu hosp,quantile,0.025,166.60077423649426
27,2025-01-18,3,2025-02-08,wk inc flu hosp,quantile,0.025,301.68276433551404
28,2025-01-18,3,2025-02-08,wk inc flu hosp,quantile,0.025,69.50284828986166
29,2025-01-18,3,2025-02-08,wk inc flu hosp,quantile,0.025,96.19608326320557
30,2025-01-18,3,2025-02-08,wk inc flu hosp,quantile,0.025,14.557991469680587
31,2025-01-18,3,2025-02-08,wk inc flu hosp,quantile,0.025,32.39078573815155
32,2025-01-18,3,2025-02-08,wk inc flu hosp,quantile,0.025,45.40685722895475
33,2025-01-18,3,2025-02-08,wk inc flu hosp,quantile,0.025,5.212618866125211
34,2025-01-18,3,2025-02-08,wk inc flu hosp,quantile,0.025,194.4740604545471
35,2025-01-18,3,2025-02-08,wk inc flu hosp,quantile,0.025,46.94670540003278
36,2025-01-18,3,2025-02-08,wk inc flu hosp,quantile,0.025,425.94619799388147
37,2025-01-18,3,2025-02-08,wk inc flu hosp,quantile,0.025,169.5013585162911
38,2025-01-18,3,2025-02-08,wk inc flu hosp,quantile,0.025,11.285737528939531
39,2025-01-18,3,2025-02-08,wk inc flu hosp,quantile,0.025,231.85855297529343
40,2025-01-18,3,2025-02-08,wk inc flu hosp,quantile,0.025,39.44209711643325
41,2025-01-18,3,2025-02-08,wk inc flu hosp,quantile,0.025,38.34515884856633
42,2025-01-18,3,2025-02-08,wk inc flu hosp,quantile,0.025,413.06215811507536
44,2025-01-18,3,2025-02-08,wk inc flu hosp,quantile,0.025,12.770123855017005
45,2025-01-18,3,2025-02-08,wk inc flu hosp,quantile,0.025,100.03456270258918
46,2025-01-18,3,2025-02-08,wk inc flu hosp,quantile,0.025,18.005628941465037
47,2025-01-18,3,2025-02-08,wk inc flu hosp,quantile,0.025,114.91881019759784
48,2025-01-18,3,2025-02-08,wk inc flu hosp,quantile,0.025,586.9795491302713
49,2025-01-18,3,2025-02-08,wk inc flu hosp,quantile,0.025,43.20829263360875
50,2025-01-18,3,2025-02-08,wk inc flu hosp,quantile,0.025,9.562590433310737
51,2025-01-18,3,2025-02-08,wk inc flu hosp,quantile,0.025,141.05593672936104
53,2025-01-18,3,2025-02-08,wk inc flu hosp,quantile,0.025,116.29957557115489
54,2025-01-18,3,2025-02-08,wk inc flu hosp,quantile,0.025,45.82616135587847
55,2025-01-18,3,2025-02-08,wk inc flu hosp,quantile,0.025,108.84792522390761
56,2025-01-18,3,2025-02-08,wk inc flu hosp,quantile,0.025,8.721965034605159
72,2025-01-18,3,2025-02-08,wk inc flu hosp,quantile,0.025,302.2808291905789
US,2025-01-18,3,2025-02-08,wk inc flu hosp,quantile,0.025,9226.013988217519
01,2025-01-18,0,2025-01-18,wk inc flu hosp,quantile,0.05,250.78896440596918
02,2025-01-18,0,2025-01-18,wk inc flu hosp,quantile,0.05,17.96642332872008
04,2025-01-18,0,2025-01-18,wk inc flu hosp,quantile,0.05,785.4490809698821
05,2025-01-18,0,2025-01-18,wk inc flu hosp,quantile,0.05,74.53891630297993
06,2025-01-18,0,2025-01-18,wk inc flu hosp,quantile,0.05,1691.2563343437896
08,2025-01-18,0,2025-01-18,wk inc flu hosp,quantile,0.05,276.94698412527765
09,2025-01-18,0,2025-01-18,wk inc flu hosp,quantile,0.05,162.91765487283578
10,2025-01-18,0,2025-01-18,wk inc flu hosp,quantile,0.05,34.12578385511355
11,2025-01-18,0,2025-01-18,wk inc flu hosp,quantile,0.05,20.4574251669128
12,2025-01-18,0,2025-01-18,wk inc flu hosp,quantile,0.05,1448.8252340362988
13,2025-01-18,0,2025-01-18,wk inc flu hosp,quantile,0.05,454.29809114884324
15,2025-01-18,0,2025-01-18,wk inc flu hosp,quantile,0.05,32.43611884380725
16,2025-01-18,0,2025-01-18,wk inc flu hosp,quantile,0.05,69.13253117921379
17,2025-01-18,0,2025-01-18,wk inc flu hosp,quantile,0.05,755.1685889631291
18,2025-01-18,0,2025-01-18,wk inc flu hosp,quantile,0.05,284.9372848318472
19,2025-01-18,0,2025-01-18,wk inc flu hosp,quantile,0.05,149.1015959321557
20,2025-01-18,0,2025-01-18,wk inc flu hosp,quantile,0.05,122.97797747690096
21,2025-01-18,0,2025-01-18,wk inc flu hosp,quantile,0.05,213.1538321857091
22,2025-01-18,0,2025-01-18,wk inc flu hosp,quantile,0.05,261.01342134468786
23,2025-01-18,0,2025-01-18,wk inc flu hosp,quantile,0.05,54.08387000011039
24,2025-01-18,0,2025-01-18,wk inc flu hosp,quantile,0.05,209.45279480591492
25,2025-01-18,0,2025-01-18,wk inc flu hosp,quantile,0.05,333.37715264101655
26,2025-01-18,0,2025-01-18,wk inc flu hosp,quantile,0.05,289.9217568863774
27,2025-01-18,0,2025-01-18,wk inc flu hosp,quantile,0.05,843.5570819452917
28,2025-01-18,0,2025-01-18,wk inc flu hosp,quantile,0.05,132.9581670085274
29,2025-01-18,0,2025-01-18,wk inc flu hosp,quantile,0.05,256.9259024366294
30,2025-01-18,0,2025-01-18,wk inc flu hosp,quantile,0.05,31.375038228433333
31,2025-01-18,0,2025-01-18,wk inc flu hosp,quantile,0.05,91.18582271854356
32,2025-01-18,0,2025-01-18,wk inc flu hosp,quantile,0.05,130.1983588879295
33,2025-01-18,0,2025-01-18,wk inc flu hosp,quantile,0.05,31.320270624585458
34,2025-01-18,0,2025-01-18,wk inc flu hosp,quantile,0.05,627.6838689943687
35,2025-01-18,0,2025-01-18,wk inc flu hosp,quantile,0.05,114.83911544285303
36,2025-01-18,0,2025-01-18,wk inc flu hosp,quantile,0.05,1251.668201234629
37,2025-01-18,0,2025-01-18,wk inc flu hosp,quantile,0.05,417.3162792695312
38,2025-01-18,0,2025-01-18,wk inc flu hosp,quantile,0.05,20.243743350388282
39,2025-01-18,0,2025-01-18,wk inc flu hosp,quantile,0.05,562.318118994455
40,2025-01-18,0,2025-01-18,wk inc flu hosp,quantile,0.05,87.263846833015
41,2025-01-18,0,2025-01-18,wk inc flu hosp,quantile,0.05,154.06160301459624
42,2025-01-18,0,2025-01-18,wk inc flu hosp,quantile,0.05,985.9555487853285
44,2025-01-18,0,2025-01-18,wk inc flu hosp,quantile,0.05,33.559185193048066
45,2025-01-18,0,2025-01-18,wk inc flu hosp,quantile,0.05,237.00499268406406
46,2025-01-18,0,2025-01-18,wk inc flu hosp,quantile,0.05,28.622118270889874
47,2025-01-18,0,2025-01-18,wk inc flu hosp,quantile,0.05,386.12050537112054
48,2025-01-18,0,2025-01-18,wk inc flu hosp,quantile,0.05,1241.0464959228432
49,2025-01-18,0,2025-01-18,wk inc flu hosp,quantile,0.05,142.95283973818366
50,2025-01-18,0,2025-01-18,wk inc flu hosp,quantile,0.05,17.695945630583534
51,2025-01-18,0,2025-01-18,wk inc flu hosp,quantile,0.05,263.13741073592956
53,2025-01-18,0,2025-01-18,wk inc flu hosp,quantile,0.05,303.0188828173498
54,2025-01-18,0,2025-01-18,wk inc flu hosp,quantile,0.05,82.29675800864852
55,2025-01-18,0,2025-01-18,wk inc flu hosp,quantile,0.05,225.05329157275088
56,2025-01-18,0,2025-01-18,wk inc flu hosp,quantile,0.05,29.518783474149163
72,2025-01-18,0,2025-01-18,wk inc flu hosp,quantile,0.05,706.4905107414803
US,2025-01-18,0,2025-01-18,wk inc flu hosp,quantile,0.05,20309.872390933164
01,2025-01-18,1,2025-01-25,wk inc flu hosp,quantile,0.05,163.7974366484766
02,2025-01-18,1,2025-01-25,wk inc flu hosp,quantile,0.05,13.944787794505428
04,2025-01-18,1,2025-01-25,wk inc flu hosp,quantile,0.05,513.4910599190766
05,2025-01-18,1,2025-01-25,wk inc flu hosp,quantile,0.05,65.72101507641317
06,2025-01-18,1,2025-01-25,wk inc flu hosp,quantile,0.05,1148.2751728245157
08,2025-01-18,1,2025-01-25,wk inc flu hosp,quantile,0.05,192.1138209046147
09,2025-01-18,1,2025-01-25,wk inc flu hosp,quantile,0.05,139.4443124931926
10,2025-01-18,1,2025-01-25,wk inc flu hosp,quantile,0.05,20.939536278320546
11,2025-01-18,1,2025-01-25,wk inc flu hosp,quantile,0.05,15.133634439702854
12,2025-01-18,1,2025-01-25,wk inc flu hosp,quantile,0.05,1126.3361523911037
13,2025-01-18,1,2025-01-25,wk inc flu hosp,quantile,0.05,337.6208182541779
15,2025-01-18,1,2025-01-25,wk inc flu hosp,quantile,0.05,24.653414026314547
16,2025-01-18,1,2025-01-25,wk inc flu hosp,quantile,0.05,42.96195477452167
17,2025-01-18,1,2025-01-25,wk inc flu hosp,quantile,0.05,541.4401836877454
18,2025-01-18,1,2025-01-25,wk inc flu hosp,quantile,0.05,213.89837835589935
19,2025-01-18,1,2025-01-25,wk inc flu hosp,quantile,0.05,129.54343137264067
20,2025-01-18,1,2025-01-25,wk inc flu hosp,quantile,0.05,87.46249147930916
21,2025-01-18,1,2025-01-25,wk inc flu hosp,quantile,0.05,155.5050171132922
22,2025-01-18,1,2025-01-25,wk inc flu hosp,quantile,0.05,182.33287812387428
23,2025-01-18,1,2025-01-25,wk inc flu hosp,quantile,0.05,47.157425999586714
24,2025-01-18,1,2025-01-25,wk inc flu hosp,quantile,0.05,175.99961819181163
25,2025-01-18,1,2025-01-25,wk inc flu hosp,quantile,0.05,290.6415703134575
26,2025-01-18,1,2025-01-25,wk inc flu hosp,quantile,0.05,255.200565716613
27,2025-01-18,1,2025-01-25,wk inc flu hosp,quantile,0.05,609.2725605871213
28,2025-01-18,1,2025-01-25,wk inc flu hosp,quantile,0.05,112.24657025739114
29,2025-01-18,1,2025-01-25,wk inc flu hosp,quantile,0.05,185.0558907205254
30,2025-01-18,1,2025-01-25,wk inc flu hosp,quantile,0.05,25.288813328852168
31,2025-01-18,1,2025-01-25,wk inc flu hosp,quantile,0.05,68.43279414473218
32,2025-01-18,1,2025-01-25,wk inc flu hosp,quantile,0.05,96.01968444870198
33,2025-01-18,1,2025-01-25,wk inc flu hosp,quantile,0.05,19.44496394650523
34,2025-01-18,1,2025-01-25,wk inc flu hosp,quantile,0.05,454.8135209337937
35,2025-01-18,1,2025-01-25,wk inc flu hosp,quantile,0.05,83.32767747822486
36,2025-01-18,1,2025-01-25,wk inc flu hosp,quantile,0.05,952.7783198669131
37,2025-01-18,1,2025-01-25,wk inc flu hosp,quantile,0.05,311.67516284371095
38,2025-01-18,1,2025-01-25,wk inc flu hosp,quantile,0.05,18.292923708638668
39,2025-01-18,1,2025-01-25,wk inc flu hosp,quantile,0.05,423.2970287608797
40,2025-01-18,1,2025-01-25,wk inc flu hosp,quantile,0.05,72.88712025029795
41,2025-01-18,1,2025-01-25,wk inc flu hosp,quantile,0.05,93.99347638210551
42,2025-01-18,1,2025-01-25,wk inc flu hosp,quantile,0.05,769.1001012951873
44,2025-01-18,1,2025-01-25,wk inc flu hosp,quantile,0.05,24.33264085878958
45,2025-01-18,1,2025-01-25,wk inc flu hosp,quantile,0.05,183.03088067936224
46,2025-01-18,1,2025-01-25,wk inc flu hosp,quantile,0.05,25.879146300492437
47,2025-01-18,1,2025-01-25,wk inc flu hosp,quantile,0.05,268.7481425617757
48,2025-01-18,1,2025-01-25,wk inc flu hosp,quantile,0.05,995.5483886802109
49,2025-01-18,1,2025-01-25,wk inc flu hosp,quantile,0.05,98.08023393982405
50,2025-01-18,1,2025-01-25,wk inc flu hosp,quantile,0.05,15.219316804644647
51,2025-01-18,1,2025-01-25,wk inc flu hosp,quantile,0.05,222.06049041202473
53,2025-01-18,1,2025-01-25,wk inc flu hosp,quantile,0.05,224.89533607790784
54,2025-01-18,1,2025-01-25,wk inc flu hosp,quantile,0.05,70.58419758587223
55,2025-01-18,1,2025-01-25,wk inc flu hosp,quantile,0.05,186.35673778975965
56,2025-01-18,1,2025-01-25,wk inc flu hosp,quantile,0.05,19.77397119220928
72,2025-01-18,1,2025-01-25,wk inc flu hosp,quantile,0.05,546.5443008692116
US,2025-01-18,1,2025-01-25,wk inc flu hosp,quantile,0.05,15668.896182514103
01,2025-01-18,2,2025-02-01,wk inc flu hosp,quantile,0.05,110.1358231554827
02,2025-01-18,2,2025-02-01,wk inc flu hosp,quantile,0.05,11.051334434063763
04,2025-01-18,2,2025-02-01,wk inc flu hosp,quantile,0.05,348.4095057169549
05,2025-01-18,2,2025-02-01,wk inc flu hosp,quantile,0.05,61.42447725048762
06,2025-01-18,2,2025-02-01,wk inc flu hosp,quantile,0.05,806.6425734205975
08,2025-01-18,2,2025-02-01,wk inc flu hosp,quantile,0.05,124.84504826997323
09,2025-01-18,2,2025-02-01,wk inc flu hosp,quantile,0.05,118.84036841149889
10,2025-01-18,2,2025-02-01,wk inc flu hosp,quantile,0.05,12.654430119374068
11,2025-01-18,2,2025-02-01,wk inc flu hosp,quantile,0.05,11.905569395976558
12,2025-01-18,2,2025-02-01,wk inc flu hosp,quantile,0.05,919.1561152176763
13,2025-01-18,2,2025-02-01,wk inc flu hosp,quantile,0.05,249.2546086957261
15,2025-01-18,2,2025-02-01,wk inc flu hosp,quantile,0.05,20.279821228030663
16,2025-01-18,2,2025-02-01,wk inc flu hosp,quantile,0.05,28.461418565582857
17,2025-01-18,2,2025-02-01,wk inc flu hosp,quantile,0.05,349.5913541085468
18,2025-01-18,2,2025-02-01,wk inc flu hosp,quantile,0.05,166.4235921862706
19,2025-01-18,2,2025-02-01,wk inc flu hosp,quantile,0.05,113.74120692208875
20,2025-01-18,2,2025-02-01,wk inc flu hosp,quantile,0.05,63.24792040638074
21,2025-01-18,2,2025-02-01,wk inc flu hosp,quantile,0.05,113.2743964014524
22,2025-01-18,2,2025-02-01,wk inc flu hosp,quantile,0.05,125.46320512685077
23,2025-01-18,2,2025-02-01,wk inc flu hosp,quantile,0.05,43.564110917330034
24,2025-01-18,2,2025-02-01,wk inc flu hosp,quantile,0.05,147.16449419659978
25,2025-01-18,2,2025-02-01,wk inc flu hosp,quantile,0.05,259.1325334077112
26,2025-01-18,2,2025-02-01,wk inc flu hosp,quantile,0.05,227.54754009099182
27,2025-01-18,2,2025-02-01,wk inc flu hosp,quantile,0.05,445.2372479420025
28,2025-01-18,2,2025-02-01,wk inc flu hosp,quantile,0.05,95.40208509914665
29,2025-01-18,2,2025-02-01,wk inc flu hosp,quantile,0.05,137.05762505386636
30,2025-01-18,2,2025-02-01,wk inc flu hosp,quantile,0.05,21.141312063851874
31,2025-01-18,2,2025-02-01,wk inc flu hosp,quantile,0.05,48.16116287425757
32,2025-01-18,2,2025-02-01,wk inc flu hosp,quantile,0.05,69.9947626352942
33,2025-01-18,2,2025-02-01,wk inc flu hosp,quantile,0.05,11.972215383553845
34,2025-01-18,2,2025-02-01,wk inc flu hosp,quantile,0.05,312.76369712774726
35,2025-01-18,2,2025-02-01,wk inc flu hosp,quantile,0.05,68.34377251747696
36,2025-01-18,2,2025-02-01,wk inc flu hosp,quantile,0.05,684.6527635900864
37,2025-01-18,2,2025-02-01,wk inc flu hosp,quantile,0.05,227.14986895251855
38,2025-01-18,2,2025-02-01,wk inc flu hosp,quantile,0.05,16.03080474917887
39,2025-01-18,2,2025-02-01,wk inc flu hosp,quantile,0.05,323.2108503901193
40,2025-01-18,2,2025-02-01,wk inc flu hosp,quantile,0.05,61.326133165573694
41,2025-01-18,2,2025-02-01,wk inc flu hosp,quantile,0.05,62.341895628924334
42,2025-01-18,2,2025-02-01,wk inc flu hosp,quantile,0.05,601.5511846456033
44,2025-01-18,2,2025-02-01,wk inc flu hosp,quantile,0.05,18.75225167538372
45,2025-01-18,2,2025-02-01,wk inc flu hosp,quantile,0.05,145.3319704326441
46,2025-01-18,2,2025-02-01,wk inc flu hosp,quantile,0.05,23.497054253637117
47,2025-01-18,2,2025-02-01,wk inc flu hosp,quantile,0.05,170.98467061289995
48,2025-01-18,2,2025-02-01,wk inc flu hosp,quantile,0.05,834.387549060442
49,2025-01-18,2,2025-02-01,wk inc flu hosp,quantile,0.05,67.11402125437586
50,2025-01-18,2,2025-02-01,wk inc flu hosp,quantile,0.05,13.198552083168247
51,2025-01-18,2,2025-02-01,wk inc flu hosp,quantile,0.05,188.4206699437239
53,2025-01-18,2,2025-02-01,wk inc flu hosp,quantile,0.05,170.5844593812937
54,2025-01-18,2,2025-02-01,wk inc flu hosp,quantile,0.05,59.746980479401095
55,2025-01-18,2,2025-02-01,wk inc flu hosp,quantile,0.05,154.47351101246187
56,2025-01-18,2,2025-02-01,wk inc flu hosp,quantile,0.05,13.706821100472572
72,2025-01-18,2,2025-02-01,wk inc flu hosp,quantile,0.05,422.74791033216513
US,2025-01-18,2,2025-02-01,wk inc flu hosp,quantile,0.05,12184.083454197738
01,2025-01-18,3,2025-02-08,wk inc flu hosp,quantile,0.05,77.99688716164758
02,2025-01-18,3,2025-02-08,wk inc flu hosp,quantile,0.05,9.728846605366146
04,2025-01-18,3,2025-02-08,wk inc flu hosp,quantile,0.05,261.8266681421083
05,2025-01-18,3,2025-02-08,wk inc flu hosp,quantile,0.05,55.83888829180801
06,2025-01-18,3,2025-02-08,wk inc flu hosp,quantile,0.05,580.1386148579136
08,2025-01-18,3,2025-02-08,wk inc flu hosp,quantile,0.05,90.90462408827773
09,2025-01-18,3,2025-02-08,wk inc flu hosp,quantile,0.05,102.6054514385134
10,2025-01-18,3,2025-02-08,wk inc flu hosp,quantile,0.05,8.262954091357711
11,2025-01-18,3,2025-02-08,wk inc flu hosp,quantile,0.05,9.597508273765554
12,2025-01-18,3,2025-02-08,wk inc flu hosp,quantile,0.05,765.7804891771342
13,2025-01-18,3,2025-02-08,wk inc flu hosp,quantile,0.05,185.99519360329808
15,2025-01-18,3,2025-02-08,wk inc flu hosp,quantile,0.05,16.68650951491944
16,2025-01-18,3,2025-02-08,wk inc flu hosp,quantile,0.05,21.56563186126344
17,2025-01-18,3,2025-02-08,wk inc flu hosp,quantile,0.05,245.82384373988148
18,2025-01-18,3,2025-02-08,wk inc flu hosp,quantile,0.05,132.3249037364252
19,2025-01-18,3,2025-02-08,wk inc flu hosp,quantile,0.05,97.41846773481457
20,2025-01-18,3,2025-02-08,wk inc flu hosp,quantile,0.05,47.53117484135922
21,2025-01-18,3,2025-02-08,wk inc flu hosp,quantile,0.05,83.20452434334034
22,2025-01-18,3,2025-02-08,wk inc flu hosp,quantile,0.05,99.9206633914659
23,2025-01-18,3,2025-02-08,wk inc flu hosp,quantile,0.05,39.013587236072944
24,2025-01-18,3,2025-02-08,wk inc flu hosp,quantile,0.05,121.19004442313971
25,2025-01-18,3,2025-02-08,wk inc flu hosp,quantile,0.05,224.58765880055125
26,2025-01-18,3,2025-02-08,wk inc flu hosp,quantile,0.05,195.47194178479603
27,2025-01-18,3,2025-02-08,wk inc flu hosp,quantile,0.05,346.930397495438
28,2025-01-18,3,2025-02-08,wk inc flu hosp,quantile,0.05,78.46428751346548
29,2025-01-18,3,2025-02-08,wk inc flu hosp,quantile,0.05,104.29096423434032
30,2025-01-18,3,2025-02-08,wk inc flu hosp,quantile,0.05,16.711690644434114
31,2025-01-18,3,2025-02-08,wk inc flu hosp,quantile,0.05,36.535806574561164
32,2025-01-18,3,2025-02-08,wk inc flu hosp,quantile,0.05,52.84549808580056
33,2025-01-18,3,2025-02-08,wk inc flu hosp,quantile,0.05,7.468618736677063
34,2025-01-18,3,2025-02-08,wk inc flu hosp,quantile,0.05,221.53369080415845
35,2025-01-18,3,2025-02-08,wk inc flu hosp,quantile,0.05,54.99438947457298
36,2025-01-18,3,2025-02-08,wk inc flu hosp,quantile,0.05,495.2641910029986
37,2025-01-18,3,2025-02-08,wk inc flu hosp,quantile,0.05,176.08188907514017
38,2025-01-18,3,2025-02-08,wk inc flu hosp,quantile,0.05,14.504135946869578
39,2025-01-18,3,2025-02-08,wk inc flu hosp,quantile,0.05,252.30033929265193
40,2025-01-18,3,2025-02-08,wk inc flu hosp,quantile,0.05,51.87658130146383
41,2025-01-18,3,2025-02-08,wk inc flu hosp,quantile,0.05,44.49428090597639
42,2025-01-18,3,2025-02-08,wk inc flu hosp,quantile,0.05,480.07303069025716
44,2025-01-18,3,2025-02-08,wk inc flu hosp,quantile,0.05,14.972580953156324
45,2025-01-18,3,2025-02-08,wk inc flu hosp,quantile,0.05,114.95104765153373
46,2025-01-18,3,2025-02-08,wk inc flu hosp,quantile,0.05,21.257584924703195
47,2025-01-18,3,2025-02-08,wk inc flu hosp,quantile,0.05,124.48942199761345
48,2025-01-18,3,2025-02-08,wk inc flu hosp,quantile,0.05,700.3577290237027
49,2025-01-18,3,2025-02-08,wk inc flu hosp,quantile,0.05,48.779183425944346
50,2025-01-18,3,2025-02-08,wk inc flu hosp,quantile,0.05,11.322397624663195
51,2025-01-18,3,2025-02-08,wk inc flu hosp,quantile,0.05,154.05854125980292
53,2025-01-18,3,2025-02-08,wk inc flu hosp,quantile,0.05,124.7053759220683
54,2025-01-18,3,2025-02-08,wk inc flu hosp,quantile,0.05,50.625171198957126
55,2025-01-18,3,2025-02-08,wk inc flu hosp,quantile,0.05,124.07885438297076
56,2025-01-18,3,2025-02-08,wk inc flu hosp,quantile,0.05,10.773042668890259
72,2025-01-18,3,2025-02-08,wk inc flu hosp,quantile,0.05,371.8365072011958
US,2025-01-18,3,2025-02-08,wk inc flu hosp,quantile,0.05,9919.638713780629
01,2025-01-18,0,2025-01-18,wk inc flu hosp,quantile,0.1,266.77870387213545
02,2025-01-18,0,2025-01-18,wk inc flu hosp,quantile,0.1,20.704897604770032
04,2025-01-18,0,2025-01-18,wk inc flu hosp,quantile,0.1,836.5866161744311
05,2025-01-18,0,2025-01-18,wk inc flu hosp,quantile,0.1,83.05231354680443
06,2025-01-18,0,2025-01-18,wk inc flu hosp,quantile,0.1,1853.8296573736834
08,2025-01-18,0,2025-01-18,wk inc flu hosp,quantile,0.1,289.1876508522668
09,2025-01-18,0,2025-01-18,wk inc flu hosp,quantile,0.1,178.05449194414047
10,2025-01-18,0,2025-01-18,wk inc flu hosp,quantile,0.1,36.34572226588032
11,2025-01-18,0,2025-01-18,wk inc flu hosp,quantile,0.1,21.95519081703315
12,2025-01-18,0,2025-01-18,wk inc flu hosp,quantile,0.1,1601.7566207974573
13,2025-01-18,0,2025-01-18,wk inc flu hosp,quantile,0.1,499.42253680419475
15,2025-01-18,0,2025-01-18,wk inc flu hosp,quantile,0.1,36.798607834627816
16,2025-01-18,0,2025-01-18,wk inc flu hosp,quantile,0.1,76.65606674204176
17,2025-01-18,0,2025-01-18,wk inc flu hosp,quantile,0.1,794.9932756922319
18,2025-01-18,0,2025-01-18,wk inc flu hosp,quantile,0.1,316.375086529371
19,2025-01-18,0,2025-01-18,wk inc flu hosp,quantile,0.1,160.25832165322217
20,2025-01-18,0,2025-01-18,wk inc flu hosp,quantile,0.1,138.95240582597344
21,2025-01-18,0,2025-01-18,wk inc flu hosp,quantile,0.1,236.69313078342682
22,2025-01-18,0,2025-01-18,wk inc flu hosp,quantile,0.1,282.5142035327716
23,2025-01-18,0,2025-01-18,wk inc flu hosp,quantile,0.1,58.80979777913421
24,2025-01-18,0,2025-01-18,wk inc flu hosp,quantile,0.1,229.49718724811675
25,2025-01-18,0,2025-01-18,wk inc flu hosp,quantile,0.1,364.9352776304889
26,2025-01-18,0,2025-01-18,wk inc flu hosp,quantile,0.1,318.14486579513556
27,2025-01-18,0,2025-01-18,wk inc flu hosp,quantile,0.1,866.1285641327332
28,2025-01-18,0,2025-01-18,wk inc flu hosp,quantile,0.1,144.7308982632051
29,2025-01-18,0,2025-01-18,wk inc flu hosp,quantile,0.1,282.48372591349226
30,2025-01-18,0,2025-01-18,wk inc flu hosp,quantile,0.1,35.62471706351568
31,2025-01-18,0,2025-01-18,wk inc flu hosp,quantile,0.1,100.90149782705564
32,2025-01-18,0,2025-01-18,wk inc flu hosp,quantile,0.1,144.04145853654015
33,2025-01-18,0,2025-01-18,wk inc flu hosp,quantile,0.1,35.54504981997996
34,2025-01-18,0,2025-01-18,wk inc flu hosp,quantile,0.1,675.9984292976524
35,2025-01-18,0,2025-01-18,wk inc flu hosp,quantile,0.1,129.61768802105541
36,2025-01-18,0,2025-01-18,wk inc flu hosp,quantile,0.1,1362.0364493415689
37,2025-01-18,0,2025-01-18,wk inc flu hosp,quantile,0.1,456.3891150639452
38,2025-01-18,0,2025-01-18,wk inc flu hosp,quantile,0.1,21.93336666902833
39,2025-01-18,0,2025-01-18,wk inc flu hosp,quantile,0.1,603.8081167209833
40,2025-01-18,0,2025-01-18,wk inc flu hosp,quantile,0.1,101.15178728286887
41,2025-01-18,0,2025-01-18,wk inc flu hosp,quantile,0.1,165.74078309754745
42,2025-01-18,0,2025-01-18,wk inc flu hosp,quantile,0.1,1067.197526767731
44,2025-01-18,0,2025-01-18,wk inc flu hosp,quantile,0.1,38.73775240496292
45,2025-01-18,0,2025-01-18,wk inc flu hosp,quantile,0.1,247.86985067461055
46,2025-01-18,0,2025-01-18,wk inc flu hosp,quantile,0.1,31.3732964742965
47,2025-01-18,0,2025-01-18,wk inc flu hosp,quantile,0.1,409.8141011688841
48,2025-01-18,0,2025-01-18,wk inc flu hosp,quantile,0.1,1360.1333702872023
49,2025-01-18,0,2025-01-18,wk inc flu hosp,quantile,0.1,149.37515515357708
50,2025-01-18,0,2025-01-18,wk inc flu hosp,quantile,0.1,19.063556796887642
51,2025-01-18,0,2025-01-18,wk inc flu hosp,quantile,0.1,287.5682211888995
53,2025-01-18,0,2025-01-18,wk inc flu hosp,quantile,0.1,331.61710755133447
54,2025-01-18,0,2025-01-18,wk inc flu hosp,quantile,0.1,88.81660644023914
55,2025-01-18,0,2025-01-18,wk inc flu hosp,quantile,0.1,243.9988257293154
56,2025-01-18,0,2025-01-18,wk inc flu hosp,quantile,0.1,33.8386906768452
72,2025-01-18,0,2025-01-18,wk inc flu hosp,quantile,0.1,828.9589229908471
US,2025-01-18,0,2025-01-18,wk inc flu hosp,quantile,0.1,21989.861581053257
01,2025-01-18,1,2025-01-25,wk inc flu hosp,quantile,0.1,185.24152882943963
02,2025-01-18,1,2025-01-25,wk inc flu hosp,quantile,0.1,16.888663900132688
04,2025-01-18,1,2025-01-25,wk inc flu hosp,quantile,0.1,595.402351165628
05,2025-01-18,1,2025-01-25,wk inc flu hosp,quantile,0.1,79.24121664627579
06,2025-01-18,1,2025-01-25,wk inc flu hosp,quantile,0.1,1365.8008759360152
08,2025-01-18,1,2025-01-25,wk inc flu hosp,quantile,0.1,217.48262177793364
09,2025-01-18,1,2025-01-25,wk inc flu hosp,quantile,0.1,157.6501976990283
10,2025-01-18,1,2025-01-25,wk inc flu hosp,quantile,0.1,23.912081291264254
11,2025-01-18,1,2025-01-25,wk inc flu hosp,quantile,0.1,17.65989882730622
12,2025-01-18,1,2025-01-25,wk inc flu hosp,quantile,0.1,1297.325040867784
13,2025-01-18,1,2025-01-25,wk inc flu hosp,quantile,0.1,390.497015650363
15,2025-01-18,1,2025-01-25,wk inc flu hosp,quantile,0.1,29.806676030010145
16,2025-01-18,1,2025-01-25,wk inc flu hosp,quantile,0.1,51.52944410776672
17,2025-01-18,1,2025-01-25,wk inc flu hosp,quantile,0.1,583.6587647334303
18,2025-01-18,1,2025-01-25,wk inc flu hosp,quantile,0.1,250.468109560444
19,2025-01-18,1,2025-01-25,wk inc flu hosp,quantile,0.1,144.3266114731558
20,2025-01-18,1,2025-01-25,wk inc flu hosp,quantile,0.1,104.11260543385472
21,2025-01-18,1,2025-01-25,wk inc flu hosp,quantile,0.1,177.73849212797947
22,2025-01-18,1,2025-01-25,wk inc flu hosp,quantile,0.1,211.4145466752643
23,2025-01-18,1,2025-01-25,wk inc flu hosp,quantile,0.1,56.81811922770427
24,2025-01-18,1,2025-01-25,wk inc flu hosp,quantile,0.1,193.961393277818
25,2025-01-18,1,2025-01-25,wk inc flu hosp,quantile,0.1,333.04024461415565
26,2025-01-18,1,2025-01-25,wk inc flu hosp,quantile,0.1,292.8880726806634
27,2025-01-18,1,2025-01-25,wk inc flu hosp,quantile,0.1,651.6384901234738
28,2025-01-18,1,2025-01-25,wk inc flu hosp,quantile,0.1,123.72163367165606
29,2025-01-18,1,2025-01-25,wk inc flu hosp,quantile,0.1,217.26706183938825
30,2025-01-18,1,2025-01-25,wk inc flu hosp,quantile,0.1,30.81291348039683
31,2025-01-18,1,2025-01-25,wk inc flu hosp,quantile,0.1,79.01302077174746
32,2025-01-18,1,2025-01-25,wk inc flu hosp,quantile,0.1,110.7102412495373
33,2025-01-18,1,2025-01-25,wk inc flu hosp,quantile,0.1,25.56992462299548
34,2025-01-18,1,2025-01-25,wk inc flu hosp,quantile,0.1,506.42248613953143
35,2025-01-18,1,2025-01-25,wk inc flu hosp,quantile,0.1,102.27889540917944
36,2025-01-18,1,2025-01-25,wk inc flu hosp,quantile,0.1,1064.8145044987186
37,2025-01-18,1,2025-01-25,wk inc flu hosp,quantile,0.1,358.4931143289405
38,2025-01-18,1,2025-01-25,wk inc flu hosp,quantile,0.1,21.25294467131958
39,2025-01-18,1,2025-01-25,wk inc flu hosp,quantile,0.1,484.0198172288371
40,2025-01-18,1,2025-01-25,wk inc flu hosp,quantile,0.1,89.22099544546832
41,2025-01-18,1,2025-01-25,wk inc flu hosp,quantile,0.1,114.09806106166249
42,2025-01-18,1,2025-01-25,wk inc flu hosp,quantile,0.1,857.7862237631045
44,2025-01-18,1,2025-01-25,wk inc flu hosp,quantile,0.1,29.952799570399108
45,2025-01-18,1,2025-01-25,wk inc flu hosp,quantile,0.1,199.35274763815494
46,2025-01-18,1,2025-01-25,wk inc flu hosp,quantile,0.1,29.93173435415524
47,2025-01-18,1,2025-01-25,wk inc flu hosp,quantile,0.1,298.84889434543123
48,2025-01-18,1,2025-01-25,wk inc flu hosp,quantile,0.1,1125.3454490527483
49,2025-01-18,1,2025-01-25,wk inc flu hosp,quantile,0.1,110.2376760717024
50,2025-01-18,1,2025-01-25,wk inc flu hosp,quantile,0.1,17.161835258572534
51,2025-01-18,1,2025-01-25,wk inc flu hosp,quantile,0.1,242.99567630301217
53,2025-01-18,1,2025-01-25,wk inc flu hosp,quantile,0.1,261.0868230017617
54,2025-01-18,1,2025-01-25,wk inc flu hosp,quantile,0.1,79.25182013267963
55,2025-01-18,1,2025-01-25,wk inc flu hosp,quantile,0.1,204.2307456376354
56,2025-01-18,1,2025-01-25,wk inc flu hosp,quantile,0.1,25.068093024818566
72,2025-01-18,1,2025-01-25,wk inc flu hosp,quantile,0.1,683.7841059542784
US,2025-01-18,1,2025-01-25,wk inc flu hosp,quantile,0.1,17502.194480207905
01,2025-01-18,2,2025-02-01,wk inc flu hosp,quantile,0.1,129.57040883697204
02,2025-01-18,2,2025-02-01,wk inc flu hosp,quantile,0.1,14.553034914463524
04,2025-01-18,2,2025-02-01,wk inc flu hosp,quantile,0.1,428.3919731890907
05,2025-01-18,2,2025-02-01,wk inc flu hosp,quantile,0.1,75.35079780208986
06,2025-01-18,2,2025-02-01,wk inc flu hosp,quantile,0.1,991.9897198830864
08,2025-01-18,2,2025-02-01,wk inc flu hosp,quantile,0.1,154.13703018901626
09,2025-01-18,2,2025-02-01,wk inc flu hosp,quantile,0.1,132.69452700179926
10,2025-01-18,2,2025-02-01,wk inc flu hosp,quantile,0.1,15.789112623499214
11,2025-01-18,2,2025-02-01,wk inc flu hosp,quantile,0.1,14.789953373971219
12,2025-01-18,2,2025-02-01,wk inc flu hosp,quantile,0.1,1078.2631344954527
13,2025-01-18,2,2025-02-01,wk inc flu hosp,quantile,0.1,295.2534625404713
15,2025-01-18,2,2025-02-01,wk inc flu hosp,quantile,0.1,24.590666833883336
16,2025-01-18,2,2025-02-01,wk inc flu hosp,quantile,0.1,35.70892527053306
17,2025-01-18,2,2025-02-01,wk inc flu hosp,quantile,0.1,402.5050620056582
18,2025-01-18,2,2025-02-01,wk inc flu hosp,quantile,0.1,202.10196337981492
19,2025-01-18,2,2025-02-01,wk inc flu hosp,quantile,0.1,121.60312178647526
20,2025-01-18,2,2025-02-01,wk inc flu hosp,quantile,0.1,76.93223576479227
21,2025-01-18,2,2025-02-01,wk inc flu hosp,quantile,0.1,134.27710643941916
22,2025-01-18,2,2025-02-01,wk inc flu hosp,quantile,0.1,152.49791612208796
23,2025-01-18,2,2025-02-01,wk inc flu hosp,quantile,0.1,50.37958157412153
24,2025-01-18,2,2025-02-01,wk inc flu hosp,quantile,0.1,162.65630085343273
25,2025-01-18,2,2025-02-01,wk inc flu hosp,quantile,0.1,285.9952584828644
26,2025-01-18,2,2025-02-01,wk inc flu hosp,quantile,0.1,260.86663722475276
27,2025-01-18,2,2025-02-01,wk inc flu hosp,quantile,0.1,501.36681801497855
28,2025-01-18,2,2025-02-01,wk inc flu hosp,quantile,0.1,106.23647864766987
29,2025-01-18,2,2025-02-01,wk inc flu hosp,quantile,0.1,169.84778482121587
30,2025-01-18,2,2025-02-01,wk inc flu hosp,quantile,0.1,24.437874574418636
31,2025-01-18,2,2025-02-01,wk inc flu hosp,quantile,0.1,59.016172191345795
32,2025-01-18,2,2025-02-01,wk inc flu hosp,quantile,0.1,82.99465078500218
33,2025-01-18,2,2025-02-01,wk inc flu hosp,quantile,0.1,16.907331435060243
34,2025-01-18,2,2025-02-01,wk inc flu hosp,quantile,0.1,385.23247047508903
35,2025-01-18,2,2025-02-01,wk inc flu hosp,quantile,0.1,81.48726876491726
36,2025-01-18,2,2025-02-01,wk inc flu hosp,quantile,0.1,809.3445345830833
37,2025-01-18,2,2025-02-01,wk inc flu hosp,quantile,0.1,271.00047636798683
38,2025-01-18,2,2025-02-01,wk inc flu hosp,quantile,0.1,18.608199055760025
39,2025-01-18,2,2025-02-01,wk inc flu hosp,quantile,0.1,387.3124607379258
40,2025-01-18,2,2025-02-01,wk inc flu hosp,quantile,0.1,76.56964881903531
41,2025-01-18,2,2025-02-01,wk inc flu hosp,quantile,0.1,76.4892195458927
42,2025-01-18,2,2025-02-01,wk inc flu hosp,quantile,0.1,701.1411187538231
44,2025-01-18,2,2025-02-01,wk inc flu hosp,quantile,0.1,23.957135922672908
45,2025-01-18,2,2025-02-01,wk inc flu hosp,quantile,0.1,160.85819339471382
46,2025-01-18,2,2025-02-01,wk inc flu hosp,quantile,0.1,27.16225608337909
47,2025-01-18,2,2025-02-01,wk inc flu hosp,quantile,0.1,206.43808372593563
48,2025-01-18,2,2025-02-01,wk inc flu hosp,quantile,0.1,996.6171376789272
49,2025-01-18,2,2025-02-01,wk inc flu hosp,quantile,0.1,80.26735427119262
50,2025-01-18,2,2025-02-01,wk inc flu hosp,quantile,0.1,14.373139030356398
51,2025-01-18,2,2025-02-01,wk inc flu hosp,quantile,0.1,208.29074390475932
53,2025-01-18,2,2025-02-01,wk inc flu hosp,quantile,0.1,194.38394237876236
54,2025-01-18,2,2025-02-01,wk inc flu hosp,quantile,0.1,65.67247825315194
55,2025-01-18,2,2025-02-01,wk inc flu hosp,quantile,0.1,165.40501646184714
56,2025-01-18,2,2025-02-01,wk inc flu hosp,quantile,0.1,18.127202537008912
72,2025-01-18,2,2025-02-01,wk inc flu hosp,quantile,0.1,558.4585175959444
US,2025-01-18,2,2025-02-01,wk inc flu hosp,quantile,0.1,13795.747079604776
01,2025-01-18,3,2025-02-08,wk inc flu hosp,quantile,0.1,97.21829950760969
02,2025-01-18,3,2025-02-08,wk inc flu hosp,quantile,0.1,12.492459140450107
04,2025-01-18,3,2025-02-08,wk inc flu hosp,quantile,0.1,331.88613385041754
05,2025-01-18,3,2025-02-08,wk inc flu hosp,quantile,0.1,69.69241734257119
06,2025-01-18,3,2025-02-08,wk inc flu hosp,quantile,0.1,725.8522609273753
08,2025-01-18,3,2025-02-08,wk inc flu hosp,quantile,0.1,112.23777294232461
09,2025-01-18,3,2025-02-08,wk inc flu hosp,quantile,0.1,114.88159813164711
10,2025-01-18,3,2025-02-08,wk inc flu hosp,quantile,0.1,10.968886627217714
11,2025-01-18,3,2025-02-08,wk inc flu hosp,quantile,0.1,12.149531569857958
12,2025-01-18,3,2025-02-08,wk inc flu hosp,quantile,0.1,861.5611660951644
13,2025-01-18,3,2025-02-08,wk inc flu hosp,quantile,0.1,216.25875509812187
15,2025-01-18,3,2025-02-08,wk inc flu hosp,quantile,0.1,19.7697266810591
16,2025-01-18,3,2025-02-08,wk inc flu hosp,quantile,0.1,28.16542158299229
17,2025-01-18,3,2025-02-08,wk inc flu hosp,quantile,0.1,282.02169021696074
18,2025-01-18,3,2025-02-08,wk inc flu hosp,quantile,0.1,159.37997101759362
19,2025-01-18,3,2025-02-08,wk inc flu hosp,quantile,0.1,100.38129786272196
20,2025-01-18,3,2025-02-08,wk inc flu hosp,quantile,0.1,57.93351591723649
21,2025-01-18,3,2025-02-08,wk inc flu hosp,quantile,0.1,95.63759510331654
22,2025-01-18,3,2025-02-08,wk inc flu hosp,quantile,0.1,115.71054716019863
23,2025-01-18,3,2025-02-08,wk inc flu hosp,quantile,0.1,46.464142864327876
24,2025-01-18,3,2025-02-08,wk inc flu hosp,quantile,0.1,134.64543645691427
25,2025-01-18,3,2025-02-08,wk inc flu hosp,quantile,0.1,243.5592595676759
26,2025-01-18,3,2025-02-08,wk inc flu hosp,quantile,0.1,227.830243183703
27,2025-01-18,3,2025-02-08,wk inc flu hosp,quantile,0.1,392.64399977849394
28,2025-01-18,3,2025-02-08,wk inc flu hosp,quantile,0.1,88.85117467800418
29,2025-01-18,3,2025-02-08,wk inc flu hosp,quantile,0.1,131.66294952496662
30,2025-01-18,3,2025-02-08,wk inc flu hosp,quantile,0.1,20.140449144969843
31,2025-01-18,3,2025-02-08,wk inc flu hosp,quantile,0.1,44.185040639337075
32,2025-01-18,3,2025-02-08,wk inc flu hosp,quantile,0.1,58.45928045080931
33,2025-01-18,3,2025-02-08,wk inc flu hosp,quantile,0.1,11.563168410019376
34,2025-01-18,3,2025-02-08,wk inc flu hosp,quantile,0.1,274.23038330439573
35,2025-01-18,3,2025-02-08,wk inc flu hosp,quantile,0.1,65.62664154041121
36,2025-01-18,3,2025-02-08,wk inc flu hosp,quantile,0.1,577.2038014330095
37,2025-01-18,3,2025-02-08,wk inc flu hosp,quantile,0.1,204.61293573129143
38,2025-01-18,3,2025-02-08,wk inc flu hosp,quantile,0.1,17.43828856714267
39,2025-01-18,3,2025-02-08,wk inc flu hosp,quantile,0.1,301.96431157726744
40,2025-01-18,3,2025-02-08,wk inc flu hosp,quantile,0.1,64.30797312785926
41,2025-01-18,3,2025-02-08,wk inc flu hosp,quantile,0.1,51.469716104987654
42,2025-01-18,3,2025-02-08,wk inc flu hosp,quantile,0.1,559.385827938535
44,2025-01-18,3,2025-02-08,wk inc flu hosp,quantile,0.1,19.166714037373918
45,2025-01-18,3,2025-02-08,wk inc flu hosp,quantile,0.1,129.591767298538
46,2025-01-18,3,2025-02-08,wk inc flu hosp,quantile,0.1,24.395130411842214
47,2025-01-18,3,2025-02-08,wk inc flu hosp,quantile,0.1,145.91930698176915
48,2025-01-18,3,2025-02-08,wk inc flu hosp,quantile,0.1,840.1538364308723
49,2025-01-18,3,2025-02-08,wk inc flu hosp,quantile,0.1,61.44939224081005
50,2025-01-18,3,2025-02-08,wk inc flu hosp,quantile,0.1,12.141605602806758
51,2025-01-18,3,2025-02-08,wk inc flu hosp,quantile,0.1,173.98017645420686
53,2025-01-18,3,2025-02-08,wk inc flu hosp,quantile,0.1,142.08226983390327
54,2025-01-18,3,2025-02-08,wk inc flu hosp,quantile,0.1,56.03804279035104
55,2025-01-18,3,2025-02-08,wk inc flu hosp,quantile,0.1,136.24589557081168
56,2025-01-18,3,2025-02-08,wk inc flu hosp,quantile,0.1,13.444748863615544
72,2025-01-18,3,2025-02-08,wk inc flu hosp,quantile,0.1,512.1937938397677
US,2025-01-18,3,2025-02-08,wk inc flu hosp,quantile,0.1,11058.189640422359
01,2025-01-18,0,2025-01-18,wk inc flu hosp,quantile,0.15,272.21443398078384
02,2025-01-18,0,2025-01-18,wk inc flu hosp,quantile,0.15,23.34810578293487
04,2025-01-18,0,2025-01-18,wk inc flu hosp,quantile,0.15,847.7508995227416
05,2025-01-18,0,2025-01-18,wk inc flu hosp,quantile,0.15,91.48087466265895
06,2025-01-18,0,2025-01-18,wk inc flu hosp,quantile,0.15,1870.7500597128198
08,2025-01-18,0,2025-01-18,wk inc flu hosp,quantile,0.15,302.90066909724464
09,2025-01-18,0,2025-01-18,wk inc flu hosp,quantile,0.15,188.0045363197147
10,2025-01-18,0,2025-01-18,wk inc flu hosp,quantile,0.15,37.244369755310736
11,2025-01-18,0,2025-01-18,wk inc flu hosp,quantile,0.15,23.760575159155533
12,2025-01-18,0,2025-01-18,wk inc flu hosp,quantile,0.15,1629.219682113909
13,2025-01-18,0,2025-01-18,wk inc flu hosp,quantile,0.15,521.371551797069
15,2025-01-18,0,2025-01-18,wk inc flu hosp,quantile,0.15,38.53261350056907
16,2025-01-18,0,2025-01-18,wk inc flu hosp,quantile,0.15,80.66317155131989
17,2025-01-18,0,2025-01-18,wk inc flu hosp,quantile,0.15,812.120036557347
18,2025-01-18,0,2025-01-18,wk inc flu hosp,quantile,0.15,338.36912820711774
19,2025-01-18,0,2025-01-18,wk inc flu hosp,quantile,0.15,168.64092065425456
20,2025-01-18,0,2025-01-18,wk inc flu hosp,quantile,0.15,145.4016266839654
21,2025-01-18,0,2025-01-18,wk inc flu hosp,quantile,0.15,247.68512657954307
22,2025-01-18,0,2025-01-18,wk inc flu hosp,quantile,0.15,293.59102796748766
23,2025-01-18,0,2025-01-18,wk inc flu hosp,quantile,0.15,62.146306636824185
24,2025-01-18,0,2025-01-18,wk inc flu hosp,quantile,0.15,236.6124395450307
25,2025-01-18,0,2025-01-18,wk inc flu hosp,quantile,0.15,384.6905228841557
26,2025-01-18,0,2025-01-18,wk inc flu hosp,quantile,0.15,336.4953044440241
27,2025-01-18,0,2025-01-18,wk inc flu hosp,quantile,0.15,866.6319064438372
28,2025-01-18,0,2025-01-18,wk inc flu hosp,quantile,0.15,152.71022561058334
29,2025-01-18,0,2025-01-18,wk inc flu hosp,quantile,0.15,293.10631781764585
30,2025-01-18,0,2025-01-18,wk inc flu hosp,quantile,0.15,38.292294036170425
31,2025-01-18,0,2025-01-18,wk inc flu hosp,quantile,0.15,105.85451023353666
32,2025-01-18,0,2025-01-18,wk inc flu hosp,quantile,0.15,147.94816901937628
33,2025-01-18,0,2025-01-18,wk inc flu hosp,quantile,0.15,38.09769390905759
34,2025-01-18,0,2025-01-18,wk inc flu hosp,quantile,0.15,691.4764419865805
35,2025-01-18,0,2025-01-18,wk inc flu hosp,quantile,0.15,135.81643970504751
36,2025-01-18,0,2025-01-18,wk inc flu hosp,quantile,0.15,1403.571995188022
37,2025-01-18,0,2025-01-18,wk inc flu hosp,quantile,0.15,475.52128459512045
38,2025-01-18,0,2025-01-18,wk inc flu hosp,quantile,0.15,24.110579620337454
39,2025-01-18,0,2025-01-18,wk inc flu hosp,quantile,0.15,623.3377798126543
40,2025-01-18,0,2025-01-18,wk inc flu hosp,quantile,0.15,114.38443183155835
41,2025-01-18,0,2025-01-18,wk inc flu hosp,quantile,0.15,176.7917345347753
42,2025-01-18,0,2025-01-18,wk inc flu hosp,quantile,0.15,1092.7711027441323
44,2025-01-18,0,2025-01-18,wk inc flu hosp,quantile,0.15,41.5418605769534
45,2025-01-18,0,2025-01-18,wk inc flu hosp,quantile,0.15,261.3960171873633
46,2025-01-18,0,2025-01-18,wk inc flu hosp,quantile,0.15,32.949825630410494
47,2025-01-18,0,2025-01-18,wk inc flu hosp,quantile,0.15,420.4845886184876
48,2025-01-18,0,2025-01-18,wk inc flu hosp,quantile,0.15,1404.70070995483
49,2025-01-18,0,2025-01-18,wk inc flu hosp,quantile,0.15,149.45667993425596
50,2025-01-18,0,2025-01-18,wk inc flu hosp,quantile,0.15,20.7510554126266
51,2025-01-18,0,2025-01-18,wk inc flu hosp,quantile,0.15,293.08023161759326
53,2025-01-18,0,2025-01-18,wk inc flu hosp,quantile,0.15,341.1142493292173
54,2025-01-18,0,2025-01-18,wk inc flu hosp,quantile,0.15,95.49054149634217
55,2025-01-18,0,2025-01-18,wk inc flu hosp,quantile,0.15,253.98579312830745
56,2025-01-18,0,2025-01-18,wk inc flu hosp,quantile,0.15,36.503367031207276
72,2025-01-18,0,2025-01-18,wk inc flu hosp,quantile,0.15,840.7730402751622
US,2025-01-18,0,2025-01-18,wk inc flu hosp,quantile,0.15,22733.55410750889
01,2025-01-18,1,2025-01-25,wk inc flu hosp,quantile,0.15,198.42286349939226
02,2025-01-18,1,2025-01-25,wk inc flu hosp,quantile,0.15,20.133217371089852
04,2025-01-18,1,2025-01-25,wk inc flu hosp,quantile,0.15,623.4901320277637
05,2025-01-18,1,2025-01-25,wk inc flu hosp,quantile,0.15,90.10495214825912
06,2025-01-18,1,2025-01-25,wk inc flu hosp,quantile,0.15,1411.8222214514378
08,2025-01-18,1,2025-01-25,wk inc flu hosp,quantile,0.15,228.6002561739859
09,2025-01-18,1,2025-01-25,wk inc flu hosp,quantile,0.15,177.12965721174626
10,2025-01-18,1,2025-01-25,wk inc flu hosp,quantile,0.15,25.85285845362737
11,2025-01-18,1,2025-01-25,wk inc flu hosp,quantile,0.15,21.005319536177105
12,2025-01-18,1,2025-01-25,wk inc flu hosp,quantile,0.15,1365.7886652735492
13,2025-01-18,1,2025-01-25,wk inc flu hosp,quantile,0.15,420.9114640820148
15,2025-01-18,1,2025-01-25,wk inc flu hosp,quantile,0.15,31.654438819321864
16,2025-01-18,1,2025-01-25,wk inc flu hosp,quantile,0.15,57.19310697012597
17,2025-01-18,1,2025-01-25,wk inc flu hosp,quantile,0.15,612.5732997151721
18,2025-01-18,1,2025-01-25,wk inc flu hosp,quantile,0.15,274.53479343371407
19,2025-01-18,1,2025-01-25,wk inc flu hosp,quantile,0.15,159.3658938970812
20,2025-01-18,1,2025-01-25,wk inc flu hosp,quantile,0.15,112.88440073297771
21,2025-01-18,1,2025-01-25,wk inc flu hosp,quantile,0.15,196.46535055369827
22,2025-01-18,1,2025-01-25,wk inc flu hosp,quantile,0.15,220.39269585517022
23,2025-01-18,1,2025-01-25,wk inc flu hosp,quantile,0.15,60.59547077981714
24,2025-01-18,1,2025-01-25,wk inc flu hosp,quantile,0.15,205.67571883943597
25,2025-01-18,1,2025-01-25,wk inc flu hosp,quantile,0.15,361.6983195669936
26,2025-01-18,1,2025-01-25,wk inc flu hosp,quantile,0.15,320.2349483123031
27,2025-01-18,1,2025-01-25,wk inc flu hosp,quantile,0.15,660.1637544913826
28,2025-01-18,1,2025-01-25,wk inc flu hosp,quantile,0.15,138.83298008732757
29,2025-01-18,1,2025-01-25,wk inc flu hosp,quantile,0.15,238.84804159683014
30,2025-01-18,1,2025-01-25,wk inc flu hosp,quantile,0.15,35.22954758532172
31,2025-01-18,1,2025-01-25,wk inc flu hosp,quantile,0.15,86.46677614616061
32,2025-01-18,1,2025-01-25,wk inc flu hosp,quantile,0.15,115.139016416331
33,2025-01-18,1,2025-01-25,wk inc flu hosp,quantile,0.15,27.245773473357048
34,2025-01-18,1,2025-01-25,wk inc flu hosp,quantile,0.15,549.8405353849489
35,2025-01-18,1,2025-01-25,wk inc flu hosp,quantile,0.15,110.3855727627328
36,2025-01-18,1,2025-01-25,wk inc flu hosp,quantile,0.15,1135.7418686794992
37,2025-01-18,1,2025-01-25,wk inc flu hosp,quantile,0.15,381.34347541085856
38,2025-01-18,1,2025-01-25,wk inc flu hosp,quantile,0.15,23.78733872898032
39,2025-01-18,1,2025-01-25,wk inc flu hosp,quantile,0.15,524.6778679490726
40,2025-01-18,1,2025-01-25,wk inc flu hosp,quantile,0.15,106.28222860874207
41,2025-01-18,1,2025-01-25,wk inc flu hosp,quantile,0.15,123.12916624650207
42,2025-01-18,1,2025-01-25,wk inc flu hosp,quantile,0.15,906.8811069079948
44,2025-01-18,1,2025-01-25,wk inc flu hosp,quantile,0.15,33.214403728986525
45,2025-01-18,1,2025-01-25,wk inc flu hosp,quantile,0.15,221.04778060740148
46,2025-01-18,1,2025-01-25,wk inc flu hosp,quantile,0.15,32.30136706413786
47,2025-01-18,1,2025-01-25,wk inc flu hosp,quantile,0.15,310.974453535764
48,2025-01-18,1,2025-01-25,wk inc flu hosp,quantile,0.15,1202.5584901023944
49,2025-01-18,1,2025-01-25,wk inc flu hosp,quantile,0.15,112.26619277992647
50,2025-01-18,1,2025-01-25,wk inc flu hosp,quantile,0.15,19.0597712283852
51,2025-01-18,1,2025-01-25,wk inc flu hosp,quantile,0.15,260.65127518729633
53,2025-01-18,1,2025-01-25,wk inc flu hosp,quantile,0.15,272.3120802577084
54,2025-01-18,1,2025-01-25,wk inc flu hosp,quantile,0.15,87.99113397183847
55,2025-01-18,1,2025-01-25,wk inc flu hosp,quantile,0.15,220.11813597984408
56,2025-01-18,1,2025-01-25,wk inc flu hosp,quantile,0.15,27.326481967420673
72,2025-01-18,1,2025-01-25,wk inc flu hosp,quantile,0.15,719.8517963137157
US,2025-01-18,1,2025-01-25,wk inc flu hosp,quantile,0.15,18543.000537168547
01,2025-01-18,2,2025-02-01,wk inc flu hosp,quantile,0.15,144.27210479851237
02,2025-01-18,2,2025-02-01,wk inc flu hosp,quantile,0.15,19.176570235359716
04,2025-01-18,2,2025-02-01,wk inc flu hosp,quantile,0.15,469.80566137984397
05,2025-01-18,2,2025-02-01,wk inc flu hosp,quantile,0.15,89.02428391266454
06,2025-01-18,2,2025-02-01,wk inc flu hosp,quantile,0.15,1113.0958667545458
08,2025-01-18,2,2025-02-01,wk inc flu hosp,quantile,0.15,168.9978671659712
09,2025-01-18,2,2025-02-01,wk inc flu hosp,quantile,0.15,158.84148661669752
10,2025-01-18,2,2025-02-01,wk inc flu hosp,quantile,0.15,17.895976402882532
11,2025-01-18,2,2025-02-01,wk inc flu hosp,quantile,0.15,18.435584676479444
12,2025-01-18,2,2025-02-01,wk inc flu hosp,quantile,0.15,1165.855732788472
13,2025-01-18,2,2025-02-01,wk inc flu hosp,quantile,0.15,326.7039314935579
15,2025-01-18,2,2025-02-01,wk inc flu hosp,quantile,0.15,26.499571342822094
16,2025-01-18,2,2025-02-01,wk inc flu hosp,quantile,0.15,43.699987008540205
17,2025-01-18,2,2025-02-01,wk inc flu hosp,quantile,0.15,433.695201090812
18,2025-01-18,2,2025-02-01,wk inc flu hosp,quantile,0.15,228.10345424594885
19,2025-01-18,2,2025-02-01,wk inc flu hosp,quantile,0.15,140.33118895485015
20,2025-01-18,2,2025-02-01,wk inc flu hosp,quantile,0.15,88.5192612199891
21,2025-01-18,2,2025-02-01,wk inc flu hosp,quantile,0.15,155.41058984033486
22,2025-01-18,2,2025-02-01,wk inc flu hosp,quantile,0.15,172.95705206452925
23,2025-01-18,2,2025-02-01,wk inc flu hosp,quantile,0.15,56.26833284900231
24,2025-01-18,2,2025-02-01,wk inc flu hosp,quantile,0.15,184.20679880344997
25,2025-01-18,2,2025-02-01,wk inc flu hosp,quantile,0.15,323.6669974654762
26,2025-01-18,2,2025-02-01,wk inc flu hosp,quantile,0.15,297.7313503153798
27,2025-01-18,2,2025-02-01,wk inc flu hosp,quantile,0.15,519.8728501614253
28,2025-01-18,2,2025-02-01,wk inc flu hosp,quantile,0.15,121.82020370342143
29,2025-01-18,2,2025-02-01,wk inc flu hosp,quantile,0.15,192.22487819415636
30,2025-01-18,2,2025-02-01,wk inc flu hosp,quantile,0.15,29.756505907030693
31,2025-01-18,2,2025-02-01,wk inc flu hosp,quantile,0.15,68.22273931046661
32,2025-01-18,2,2025-02-01,wk inc flu hosp,quantile,0.15,90.2336324100184
33,2025-01-18,2,2025-02-01,wk inc flu hosp,quantile,0.15,19.964221820027003
34,2025-01-18,2,2025-02-01,wk inc flu hosp,quantile,0.15,422.7137924082611
35,2025-01-18,2,2025-02-01,wk inc flu hosp,quantile,0.15,91.564477699695
36,2025-01-18,2,2025-02-01,wk inc flu hosp,quantile,0.15,889.4963412094583
37,2025-01-18,2,2025-02-01,wk inc flu hosp,quantile,0.15,301.37764913792404
38,2025-01-18,2,2025-02-01,wk inc flu hosp,quantile,0.15,22.654342364688382
39,2025-01-18,2,2025-02-01,wk inc flu hosp,quantile,0.15,447.3115866395526
40,2025-01-18,2,2025-02-01,wk inc flu hosp,quantile,0.15,96.35325475322395
41,2025-01-18,2,2025-02-01,wk inc flu hosp,quantile,0.15,89.09174399464156
42,2025-01-18,2,2025-02-01,wk inc flu hosp,quantile,0.15,788.2037794871287
44,2025-01-18,2,2025-02-01,wk inc flu hosp,quantile,0.15,27.845730576507805
45,2025-01-18,2,2025-02-01,wk inc flu hosp,quantile,0.15,187.50828259211272
46,2025-01-18,2,2025-02-01,wk inc flu hosp,quantile,0.15,30.919139423120516
47,2025-01-18,2,2025-02-01,wk inc flu hosp,quantile,0.15,227.3216638397116
48,2025-01-18,2,2025-02-01,wk inc flu hosp,quantile,0.15,1090.0181330250252
49,2025-01-18,2,2025-02-01,wk inc flu hosp,quantile,0.15,84.34554091635518
50,2025-01-18,2,2025-02-01,wk inc flu hosp,quantile,0.15,17.012349530794275
51,2025-01-18,2,2025-02-01,wk inc flu hosp,quantile,0.15,229.89746915296183
53,2025-01-18,2,2025-02-01,wk inc flu hosp,quantile,0.15,219.58455604817306
54,2025-01-18,2,2025-02-01,wk inc flu hosp,quantile,0.15,78.99752613266682
55,2025-01-18,2,2025-02-01,wk inc flu hosp,quantile,0.15,190.08499291714594
56,2025-01-18,2,2025-02-01,wk inc flu hosp,quantile,0.15,21.235842255219637
72,2025-01-18,2,2025-02-01,wk inc flu hosp,quantile,0.15,637.8529619410126
US,2025-01-18,2,2025-02-01,wk inc flu hosp,quantile,0.15,15368.322072360614
01,2025-01-18,3,2025-02-08,wk inc flu hosp,quantile,0.15,103.9038831898976
02,2025-01-18,3,2025-02-08,wk inc flu hosp,quantile,0.15,16.422427672424444
04,2025-01-18,3,2025-02-08,wk inc flu hosp,quantile,0.15,369.4038127652685
05,2025-01-18,3,2025-02-08,wk inc flu hosp,quantile,0.15,81.68611581174667
06,2025-01-18,3,2025-02-08,wk inc flu hosp,quantile,0.15,817.8578587310186
08,2025-01-18,3,2025-02-08,wk inc flu hosp,quantile,0.15,123.79660766646953
09,2025-01-18,3,2025-02-08,wk inc flu hosp,quantile,0.15,139.85935489182683
10,2025-01-18,3,2025-02-08,wk inc flu hosp,quantile,0.15,12.441246288215693
11,2025-01-18,3,2025-02-08,wk inc flu hosp,quantile,0.15,15.282197880406272
12,2025-01-18,3,2025-02-08,wk inc flu hosp,quantile,0.15,933.4837312018171
13,2025-01-18,3,2025-02-08,wk inc flu hosp,quantile,0.15,238.1904862287882
15,2025-01-18,3,2025-02-08,wk inc flu hosp,quantile,0.15,21.27706118818136
16,2025-01-18,3,2025-02-08,wk inc flu hosp,quantile,0.15,32.04037902662924
17,2025-01-18,3,2025-02-08,wk inc flu hosp,quantile,0.15,306.6024960196609
18,2025-01-18,3,2025-02-08,wk inc flu hosp,quantile,0.15,172.82871084854082
19,2025-01-18,3,2025-02-08,wk inc flu hosp,quantile,0.15,118.78060377336433
20,2025-01-18,3,2025-02-08,wk inc flu hosp,quantile,0.15,65.72718304726094
21,2025-01-18,3,2025-02-08,wk inc flu hosp,quantile,0.15,106.70549352168246
22,2025-01-18,3,2025-02-08,wk inc flu hosp,quantile,0.15,128.6702342908718
23,2025-01-18,3,2025-02-08,wk inc flu hosp,quantile,0.15,51.16962943761466
24,2025-01-18,3,2025-02-08,wk inc flu hosp,quantile,0.15,148.13646754732534
25,2025-01-18,3,2025-02-08,wk inc flu hosp,quantile,0.15,278.2489384634982
26,2025-01-18,3,2025-02-08,wk inc flu hosp,quantile,0.15,261.66704135760335
27,2025-01-18,3,2025-02-08,wk inc flu hosp,quantile,0.15,414.4696477940098
28,2025-01-18,3,2025-02-08,wk inc flu hosp,quantile,0.15,101.93613782144517
29,2025-01-18,3,2025-02-08,wk inc flu hosp,quantile,0.15,143.94239959954334
30,2025-01-18,3,2025-02-08,wk inc flu hosp,quantile,0.15,23.8849560799158
31,2025-01-18,3,2025-02-08,wk inc flu hosp,quantile,0.15,48.152666305122374
32,2025-01-18,3,2025-02-08,wk inc flu hosp,quantile,0.15,71.89523152978325
33,2025-01-18,3,2025-02-08,wk inc flu hosp,quantile,0.15,14.24857994118547
34,2025-01-18,3,2025-02-08,wk inc flu hosp,quantile,0.15,304.68065065118236
35,2025-01-18,3,2025-02-08,wk inc flu hosp,quantile,0.15,74.1345941653855
36,2025-01-18,3,2025-02-08,wk inc flu hosp,quantile,0.15,635.2735581174677
37,2025-01-18,3,2025-02-08,wk inc flu hosp,quantile,0.15,220.38954154630534
38,2025-01-18,3,2025-02-08,wk inc flu hosp,quantile,0.15,21.034243319133843
39,2025-01-18,3,2025-02-08,wk inc flu hosp,quantile,0.15,335.66514343002495
40,2025-01-18,3,2025-02-08,wk inc flu hosp,quantile,0.15,83.19267981834243
41,2025-01-18,3,2025-02-08,wk inc flu hosp,quantile,0.15,64.55345978493929
42,2025-01-18,3,2025-02-08,wk inc flu hosp,quantile,0.15,622.4435106479738
44,2025-01-18,3,2025-02-08,wk inc flu hosp,quantile,0.15,21.870547946771946
45,2025-01-18,3,2025-02-08,wk inc flu hosp,quantile,0.15,144.87294446791614
46,2025-01-18,3,2025-02-08,wk inc flu hosp,quantile,0.15,28.52015912418377
47,2025-01-18,3,2025-02-08,wk inc flu hosp,quantile,0.15,168.51662603444797
48,2025-01-18,3,2025-02-08,wk inc flu hosp,quantile,0.15,914.1228252902185
49,2025-01-18,3,2025-02-08,wk inc flu hosp,quantile,0.15,64.41504261096787
50,2025-01-18,3,2025-02-08,wk inc flu hosp,quantile,0.15,14.832079921318277
51,2025-01-18,3,2025-02-08,wk inc flu hosp,quantile,0.15,198.36111564559414
53,2025-01-18,3,2025-02-08,wk inc flu hosp,quantile,0.15,157.64064946825525
54,2025-01-18,3,2025-02-08,wk inc flu hosp,quantile,0.15,68.7842865525267
55,2025-01-18,3,2025-02-08,wk inc flu hosp,quantile,0.15,154.3268196184417
56,2025-01-18,3,2025-02-08,wk inc flu hosp,quantile,0.15,15.521748705301784
72,2025-01-18,3,2025-02-08,wk inc flu hosp,quantile,0.15,572.1532773692088
US,2025-01-18,3,2025-02-08,wk inc flu hosp,quantile,0.15,11677.269540945139
01,2025-01-18,0,2025-01-18,wk inc flu hosp,quantile,0.2,273.32999195697556
02,2025-01-18,0,2025-01-18,wk inc flu hosp,quantile,0.2,25.310140105147575
04,2025-01-18,0,2025-01-18,wk inc flu hosp,quantile,0.2,875.4425049602778
05,2025-01-18,0,2025-01-18,wk inc flu hosp,quantile,0.2,95.48971633441795
06,2025-01-18,0,2025-01-18,wk inc flu hosp,quantile,0.2,1910.8891254090654
08,2025-01-18,0,2025-01-18,wk inc flu hosp,quantile,0.2,305.6789275824031
09,2025-01-18,0,2025-01-18,wk inc flu hosp,quantile,0.2,196.70971595015246
10,2025-01-18,0,2025-01-18,wk inc flu hosp,quantile,0.2,37.60670939085848
11,2025-01-18,0,2025-01-18,wk inc flu hosp,quantile,0.2,26.070689818918314
12,2025-01-18,0,2025-01-18,wk inc flu hosp,quantile,0.2,1648.8729541302891
13,2025-01-18,0,2025-01-18,wk inc flu hosp,quantile,0.2,538.570882396989
15,2025-01-18,0,2025-01-18,wk inc flu hosp,quantile,0.2,40.138010713608956
16,2025-01-18,0,2025-01-18,wk inc flu hosp,quantile,0.2,83.86598450142704
17,2025-01-18,0,2025-01-18,wk inc flu hosp,quantile,0.2,819.6620791121605
18,2025-01-18,0,2025-01-18,wk inc flu hosp,quantile,0.2,348.56952542928906
19,2025-01-18,0,2025-01-18,wk inc flu hosp,quantile,0.2,172.04395320534036
20,2025-01-18,0,2025-01-18,wk inc flu hosp,quantile,0.2,147.0624718305112
21,2025-01-18,0,2025-01-18,wk inc flu hosp,quantile,0.2,258.59627832906494
22,2025-01-18,0,2025-01-18,wk inc flu hosp,quantile,0.2,297.10746057279897
23,2025-01-18,0,2025-01-18,wk inc flu hosp,quantile,0.2,65.92055427787895
24,2025-01-18,0,2025-01-18,wk inc flu hosp,quantile,0.2,246.4701857324253
25,2025-01-18,0,2025-01-18,wk inc flu hosp,quantile,0.2,390.12396225669875
26,2025-01-18,0,2025-01-18,wk inc flu hosp,quantile,0.2,350.82590796944874
27,2025-01-18,0,2025-01-18,wk inc flu hosp,quantile,0.2,875.8309093554288
28,2025-01-18,0,2025-01-18,wk inc flu hosp,quantile,0.2,158.93441214622692
29,2025-01-18,0,2025-01-18,wk inc flu hosp,quantile,0.2,310.9741154120332
30,2025-01-18,0,2025-01-18,wk inc flu hosp,quantile,0.2,40.98254784746531
31,2025-01-18,0,2025-01-18,wk inc flu hosp,quantile,0.2,111.00810484820053
32,2025-01-18,0,2025-01-18,wk inc flu hosp,quantile,0.2,150.56139124944067
33,2025-01-18,0,2025-01-18,wk inc flu hosp,quantile,0.2,39.58546310523673
34,2025-01-18,0,2025-01-18,wk inc flu hosp,quantile,0.2,711.8964099700843
35,2025-01-18,0,2025-01-18,wk inc flu hosp,quantile,0.2,139.96779390038657
36,2025-01-18,0,2025-01-18,wk inc flu hosp,quantile,0.2,1452.862415668428
37,2025-01-18,0,2025-01-18,wk inc flu hosp,quantile,0.2,491.5983030184373
38,2025-01-18,0,2025-01-18,wk inc flu hosp,quantile,0.2,25.797074288450386
39,2025-01-18,0,2025-01-18,wk inc flu hosp,quantile,0.2,654.421163689213
40,2025-01-18,0,2025-01-18,wk inc flu hosp,quantile,0.2,124.08941488048463
41,2025-01-18,0,2025-01-18,wk inc flu hosp,quantile,0.2,177.6834751901502
42,2025-01-18,0,2025-01-18,wk inc flu hosp,quantile,0.2,1121.2030132458792
44,2025-01-18,0,2025-01-18,wk inc flu hosp,quantile,0.2,42.885569970530305
45,2025-01-18,0,2025-01-18,wk inc flu hosp,quantile,0.2,273.72471632104265
46,2025-01-18,0,2025-01-18,wk inc flu hosp,quantile,0.2,35.92969829734071
47,2025-01-18,0,2025-01-18,wk inc flu hosp,quantile,0.2,421.23356815728096
48,2025-01-18,0,2025-01-18,wk inc flu hosp,quantile,0.2,1449.536157891067
49,2025-01-18,0,2025-01-18,wk inc flu hosp,quantile,0.2,151.72291784694636
50,2025-01-18,0,2025-01-18,wk inc flu hosp,quantile,0.2,21.538189220436838
51,2025-01-18,0,2025-01-18,wk inc flu hosp,quantile,0.2,303.2269894292938
53,2025-01-18,0,2025-01-18,wk inc flu hosp,quantile,0.2,349.33850305843936
54,2025-01-18,0,2025-01-18,wk inc flu hosp,quantile,0.2,99.88575323455709
55,2025-01-18,0,2025-01-18,wk inc flu hosp,quantile,0.2,262.20678935054167
56,2025-01-18,0,2025-01-18,wk inc flu hosp,quantile,0.2,38.66144579136155
72,2025-01-18,0,2025-01-18,wk inc flu hosp,quantile,0.2,866.7371662814577
US,2025-01-18,0,2025-01-18,wk inc flu hosp,quantile,0.2,23054.169368991526
01,2025-01-18,1,2025-01-25,wk inc flu hosp,quantile,0.2,210.2969598564424
02,2025-01-18,1,2025-01-25,wk inc flu hosp,quantile,0.2,22.84052298912023
04,2025-01-18,1,2025-01-25,wk inc flu hosp,quantile,0.2,667.882331143267
05,2025-01-18,1,2025-01-25,wk inc flu hosp,quantile,0.2,97.90542564750393
06,2025-01-18,1,2025-01-25,wk inc flu hosp,quantile,0.2,1533.013755990906
08,2025-01-18,1,2025-01-25,wk inc flu hosp,quantile,0.2,245.8439653919489
09,2025-01-18,1,2025-01-25,wk inc flu hosp,quantile,0.2,189.935176640761
10,2025-01-18,1,2025-01-25,wk inc flu hosp,quantile,0.2,27.668287858459653
11,2025-01-18,1,2025-01-25,wk inc flu hosp,quantile,0.2,24.64397935873265
12,2025-01-18,1,2025-01-25,wk inc flu hosp,quantile,0.2,1452.28529844656
13,2025-01-18,1,2025-01-25,wk inc flu hosp,quantile,0.2,453.8523069209522
15,2025-01-18,1,2025-01-25,wk inc flu hosp,quantile,0.2,34.792231352229756
16,2025-01-18,1,2025-01-25,wk inc flu hosp,quantile,0.2,64.04830287063078
17,2025-01-18,1,2025-01-25,wk inc flu hosp,quantile,0.2,643.9305889734721
18,2025-01-18,1,2025-01-25,wk inc flu hosp,quantile,0.2,304.0270567561371
19,2025-01-18,1,2025-01-25,wk inc flu hosp,quantile,0.2,164.16667858927667
20,2025-01-18,1,2025-01-25,wk inc flu hosp,quantile,0.2,121.52256387996664
21,2025-01-18,1,2025-01-25,wk inc flu hosp,quantile,0.2,212.65241564194554
22,2025-01-18,1,2025-01-25,wk inc flu hosp,quantile,0.2,239.7781649633221
23,2025-01-18,1,2025-01-25,wk inc flu hosp,quantile,0.2,63.798771150293966
24,2025-01-18,1,2025-01-25,wk inc flu hosp,quantile,0.2,226.0035550748511
25,2025-01-18,1,2025-01-25,wk inc flu hosp,quantile,0.2,380.67902491139955
26,2025-01-18,1,2025-01-25,wk inc flu hosp,quantile,0.2,344.1650856184485
27,2025-01-18,1,2025-01-25,wk inc flu hosp,quantile,0.2,686.7476744744203
28,2025-01-18,1,2025-01-25,wk inc flu hosp,quantile,0.2,148.1651043152526
29,2025-01-18,1,2025-01-25,wk inc flu hosp,quantile,0.2,270.5385144902096
30,2025-01-18,1,2025-01-25,wk inc flu hosp,quantile,0.2,38.72884028836243
31,2025-01-18,1,2025-01-25,wk inc flu hosp,quantile,0.2,93.33304002157209
32,2025-01-18,1,2025-01-25,wk inc flu hosp,quantile,0.2,120.7535022005716
33,2025-01-18,1,2025-01-25,wk inc flu hosp,quantile,0.2,30.551452471752814
34,2025-01-18,1,2025-01-25,wk inc flu hosp,quantile,0.2,576.6800962033603
35,2025-01-18,1,2025-01-25,wk inc flu hosp,quantile,0.2,118.51440056765692
36,2025-01-18,1,2025-01-25,wk inc flu hosp,quantile,0.2,1221.0482518776728
37,2025-01-18,1,2025-01-25,wk inc flu hosp,quantile,0.2,408.5708791655834
38,2025-01-18,1,2025-01-25,wk inc flu hosp,quantile,0.2,25.949288660816805
39,2025-01-18,1,2025-01-25,wk inc flu hosp,quantile,0.2,558.6572074128995
40,2025-01-18,1,2025-01-25,wk inc flu hosp,quantile,0.2,124.10397225147402
41,2025-01-18,1,2025-01-25,wk inc flu hosp,quantile,0.2,133.6705947701261
42,2025-01-18,1,2025-01-25,wk inc flu hosp,quantile,0.2,972.7778762545465
44,2025-01-18,1,2025-01-25,wk inc flu hosp,quantile,0.2,36.0815164549945
45,2025-01-18,1,2025-01-25,wk inc flu hosp,quantile,0.2,236.70957837220237
46,2025-01-18,1,2025-01-25,wk inc flu hosp,quantile,0.2,35.373633662198515
47,2025-01-18,1,2025-01-25,wk inc flu hosp,quantile,0.2,332.8434685236446
48,2025-01-18,1,2025-01-25,wk inc flu hosp,quantile,0.2,1290.9930672183862
49,2025-01-18,1,2025-01-25,wk inc flu hosp,quantile,0.2,117.99055826740091
50,2025-01-18,1,2025-01-25,wk inc flu hosp,quantile,0.2,21.14824346867231
51,2025-01-18,1,2025-01-25,wk inc flu hosp,quantile,0.2,286.238012706397
53,2025-01-18,1,2025-01-25,wk inc flu hosp,quantile,0.2,289.6055617449638
54,2025-01-18,1,2025-01-25,wk inc flu hosp,quantile,0.2,95.46739374039765
55,2025-01-18,1,2025-01-25,wk inc flu hosp,quantile,0.2,242.46748676016256
56,2025-01-18,1,2025-01-25,wk inc flu hosp,quantile,0.2,30.648689525304437
72,2025-01-18,1,2025-01-25,wk inc flu hosp,quantile,0.2,728.3462948466672
US,2025-01-18,1,2025-01-25,wk inc flu hosp,quantile,0.2,19363.57186197082
01,2025-01-18,2,2025-02-01,wk inc flu hosp,quantile,0.2,157.42737067987224
02,2025-01-18,2,2025-02-01,wk inc flu hosp,quantile,0.2,21.459260709923747
04,2025-01-18,2,2025-02-01,wk inc flu hosp,quantile,0.2,531.2737873873554
05,2025-01-18,2,2025-02-01,wk inc flu hosp,quantile,0.2,99.52893644704764
06,2025-01-18,2,2025-02-01,wk inc flu hosp,quantile,0.2,1246.3874599087394
08,2025-01-18,2,2025-02-01,wk inc flu hosp,quantile,0.2,193.96456917686675
09,2025-01-18,2,2025-02-01,wk inc flu hosp,quantile,0.2,173.2344310990954
10,2025-01-18,2,2025-02-01,wk inc flu hosp,quantile,0.2,19.59851796587344
11,2025-01-18,2,2025-02-01,wk inc flu hosp,quantile,0.2,22.784100657167404
12,2025-01-18,2,2025-02-01,wk inc flu hosp,quantile,0.2,1258.2878384785097
13,2025-01-18,2,2025-02-01,wk inc flu hosp,quantile,0.2,373.4256870206704
15,2025-01-18,2,2025-02-01,wk inc flu hosp,quantile,0.2,30.137704816892356
16,2025-01-18,2,2025-02-01,wk inc flu hosp,quantile,0.2,48.60585134065326
17,2025-01-18,2,2025-02-01,wk inc flu hosp,quantile,0.2,501.4070019374965
18,2025-01-18,2,2025-02-01,wk inc flu hosp,quantile,0.2,255.28510865377032
19,2025-01-18,2,2025-02-01,wk inc flu hosp,quantile,0.2,153.0245516243304
20,2025-01-18,2,2025-02-01,wk inc flu hosp,quantile,0.2,98.11260880720371
21,2025-01-18,2,2025-02-01,wk inc flu hosp,quantile,0.2,173.24000985750462
22,2025-01-18,2,2025-02-01,wk inc flu hosp,quantile,0.2,193.2068227712545
23,2025-01-18,2,2025-02-01,wk inc flu hosp,quantile,0.2,62.227951607751585
24,2025-01-18,2,2025-02-01,wk inc flu hosp,quantile,0.2,200.9578935490871
25,2025-01-18,2,2025-02-01,wk inc flu hosp,quantile,0.2,354.69338525945244
26,2025-01-18,2,2025-02-01,wk inc flu hosp,quantile,0.2,331.3723147516714
27,2025-01-18,2,2025-02-01,wk inc flu hosp,quantile,0.2,546.3630393419718
28,2025-01-18,2,2025-02-01,wk inc flu hosp,quantile,0.2,133.899771988868
29,2025-01-18,2,2025-02-01,wk inc flu hosp,quantile,0.2,220.0481201420456
30,2025-01-18,2,2025-02-01,wk inc flu hosp,quantile,0.2,35.71196561391446
31,2025-01-18,2,2025-02-01,wk inc flu hosp,quantile,0.2,76.55277773127476
32,2025-01-18,2,2025-02-01,wk inc flu hosp,quantile,0.2,102.9984439204465
33,2025-01-18,2,2025-02-01,wk inc flu hosp,quantile,0.2,23.665914068747092
34,2025-01-18,2,2025-02-01,wk inc flu hosp,quantile,0.2,468.36811179409557
35,2025-01-18,2,2025-02-01,wk inc flu hosp,quantile,0.2,101.23677913247758
36,2025-01-18,2,2025-02-01,wk inc flu hosp,quantile,0.2,975.8680750296879
37,2025-01-18,2,2025-02-01,wk inc flu hosp,quantile,0.2,343.327348672323
38,2025-01-18,2,2025-02-01,wk inc flu hosp,quantile,0.2,25.098579780454283
39,2025-01-18,2,2025-02-01,wk inc flu hosp,quantile,0.2,482.46794217001366
40,2025-01-18,2,2025-02-01,wk inc flu hosp,quantile,0.2,118.2082587348905
41,2025-01-18,2,2025-02-01,wk inc flu hosp,quantile,0.2,103.35280696799131
42,2025-01-18,2,2025-02-01,wk inc flu hosp,quantile,0.2,852.0853740362261
44,2025-01-18,2,2025-02-01,wk inc flu hosp,quantile,0.2,31.109528145548385
45,2025-01-18,2,2025-02-01,wk inc flu hosp,quantile,0.2,204.50965422655017
46,2025-01-18,2,2025-02-01,wk inc flu hosp,quantile,0.2,33.88725336683949
47,2025-01-18,2,2025-02-01,wk inc flu hosp,quantile,0.2,251.73921209512756
48,2025-01-18,2,2025-02-01,wk inc flu hosp,quantile,0.2,1170.5648998432046
49,2025-01-18,2,2025-02-01,wk inc flu hosp,quantile,0.2,92.8604468467791
50,2025-01-18,2,2025-02-01,wk inc flu hosp,quantile,0.2,19.68787590662642
51,2025-01-18,2,2025-02-01,wk inc flu hosp,quantile,0.2,262.8276280734794
53,2025-01-18,2,2025-02-01,wk inc flu hosp,quantile,0.2,242.17751028659418
54,2025-01-18,2,2025-02-01,wk inc flu hosp,quantile,0.2,89.66194616193965
55,2025-01-18,2,2025-02-01,wk inc flu hosp,quantile,0.2,213.13451756019958
56,2025-01-18,2,2025-02-01,wk inc flu hosp,quantile,0.2,23.473375587986503
72,2025-01-18,2,2025-02-01,wk inc flu hosp,quantile,0.2,651.2649125113945
US,2025-01-18,2,2025-02-01,wk inc flu hosp,quantile,0.2,16541.896602699693
01,2025-01-18,3,2025-02-08,wk inc flu hosp,quantile,0.2,119.66009697545056
02,2025-01-18,3,2025-02-08,wk inc flu hosp,quantile,0.2,18.89846377203845
04,2025-01-18,3,2025-02-08,wk inc flu hosp,quantile,0.2,431.9761830867028
05,2025-01-18,3,2025-02-08,wk inc flu hosp,quantile,0.2,93.9113870434422
06,2025-01-18,3,2025-02-08,wk inc flu hosp,quantile,0.2,949.1066179401132
08,2025-01-18,3,2025-02-08,wk inc flu hosp,quantile,0.2,142.03945726819074
09,2025-01-18,3,2025-02-08,wk inc flu hosp,quantile,0.2,149.42203917678577
10,2025-01-18,3,2025-02-08,wk inc flu hosp,quantile,0.2,14.782222447664154
11,2025-01-18,3,2025-02-08,wk inc flu hosp,quantile,0.2,18.105399175889133
12,2025-01-18,3,2025-02-08,wk inc flu hosp,quantile,0.2,1012.495660325191
13,2025-01-18,3,2025-02-08,wk inc flu hosp,quantile,0.2,255.38047456020507
15,2025-01-18,3,2025-02-08,wk inc flu hosp,quantile,0.2,24.348072844553954
16,2025-01-18,3,2025-02-08,wk inc flu hosp,quantile,0.2,39.58796481534646
17,2025-01-18,3,2025-02-08,wk inc flu hosp,quantile,0.2,357.1992535572185
18,2025-01-18,3,2025-02-08,wk inc flu hosp,quantile,0.2,188.9809274509149
19,2025-01-18,3,2025-02-08,wk inc flu hosp,quantile,0.2,127.33072452509724
20,2025-01-18,3,2025-02-08,wk inc flu hosp,quantile,0.2,72.39490346677938
21,2025-01-18,3,2025-02-08,wk inc flu hosp,quantile,0.2,117.48109672673937
22,2025-01-18,3,2025-02-08,wk inc flu hosp,quantile,0.2,147.2707855404407
23,2025-01-18,3,2025-02-08,wk inc flu hosp,quantile,0.2,57.31123604175001
24,2025-01-18,3,2025-02-08,wk inc flu hosp,quantile,0.2,162.37658447939648
25,2025-01-18,3,2025-02-08,wk inc flu hosp,quantile,0.2,303.7109049864896
26,2025-01-18,3,2025-02-08,wk inc flu hosp,quantile,0.2,287.55644703650603
27,2025-01-18,3,2025-02-08,wk inc flu hosp,quantile,0.2,447.8412742086902
28,2025-01-18,3,2025-02-08,wk inc flu hosp,quantile,0.2,112.04438848854029
29,2025-01-18,3,2025-02-08,wk inc flu hosp,quantile,0.2,152.06249117481673
30,2025-01-18,3,2025-02-08,wk inc flu hosp,quantile,0.2,28.131653560232905
31,2025-01-18,3,2025-02-08,wk inc flu hosp,quantile,0.2,54.46281811187309
32,2025-01-18,3,2025-02-08,wk inc flu hosp,quantile,0.2,78.94009217500314
33,2025-01-18,3,2025-02-08,wk inc flu hosp,quantile,0.2,16.09989952148698
34,2025-01-18,3,2025-02-08,wk inc flu hosp,quantile,0.2,332.541782606752
35,2025-01-18,3,2025-02-08,wk inc flu hosp,quantile,0.2,82.45647419040242
36,2025-01-18,3,2025-02-08,wk inc flu hosp,quantile,0.2,714.8674307276813
37,2025-01-18,3,2025-02-08,wk inc flu hosp,quantile,0.2,237.69340216106792
38,2025-01-18,3,2025-02-08,wk inc flu hosp,quantile,0.2,23.448798073991007
39,2025-01-18,3,2025-02-08,wk inc flu hosp,quantile,0.2,356.8535131971878
40,2025-01-18,3,2025-02-08,wk inc flu hosp,quantile,0.2,100.41856781954263
41,2025-01-18,3,2025-02-08,wk inc flu hosp,quantile,0.2,74.57861263057775
42,2025-01-18,3,2025-02-08,wk inc flu hosp,quantile,0.2,651.2345503934488
44,2025-01-18,3,2025-02-08,wk inc flu hosp,quantile,0.2,23.405924533973433
45,2025-01-18,3,2025-02-08,wk inc flu hosp,quantile,0.2,158.8788570521379
46,2025-01-18,3,2025-02-08,wk inc flu hosp,quantile,0.2,30.827374362031907
47,2025-01-18,3,2025-02-08,wk inc flu hosp,quantile,0.2,196.3639935751136
48,2025-01-18,3,2025-02-08,wk inc flu hosp,quantile,0.2,963.6938376016137
49,2025-01-18,3,2025-02-08,wk inc flu hosp,quantile,0.2,72.7577907670964
50,2025-01-18,3,2025-02-08,wk inc flu hosp,quantile,0.2,16.833227231868268
51,2025-01-18,3,2025-02-08,wk inc flu hosp,quantile,0.2,220.42146746923783
53,2025-01-18,3,2025-02-08,wk inc flu hosp,quantile,0.2,173.8047473878255
54,2025-01-18,3,2025-02-08,wk inc flu hosp,quantile,0.2,77.13984227163971
55,2025-01-18,3,2025-02-08,wk inc flu hosp,quantile,0.2,170.47934982101944
56,2025-01-18,3,2025-02-08,wk inc flu hosp,quantile,0.2,17.73308779880441
72,2025-01-18,3,2025-02-08,wk inc flu hosp,quantile,0.2,605.2513357134659
US,2025-01-18,3,2025-02-08,wk inc flu hosp,quantile,0.2,13041.873922837476
01,2025-01-18,0,2025-01-18,wk inc flu hosp,quantile,0.25,284.0233605374643
02,2025-01-18,0,2025-01-18,wk inc flu hosp,quantile,0.25,26.799148749021025
04,2025-01-18,0,2025-01-18,wk inc flu hosp,quantile,0.25,893.2094294792814
05,2025-01-18,0,2025-01-18,wk inc flu hosp,quantile,0.25,98.99767674274504
06,2025-01-18,0,2025-01-18,wk inc flu hosp,quantile,0.25,1946.3588976025703
08,2025-01-18,0,2025-01-18,wk inc flu hosp,quantile,0.25,317.15191953866724
09,2025-01-18,0,2025-01-18,wk inc flu hosp,quantile,0.25,206.72441803083467
10,2025-01-18,0,2025-01-18,wk inc flu hosp,quantile,0.25,40.595378942632784
11,2025-01-18,0,2025-01-18,wk inc flu hosp,quantile,0.25,27.7520804953236
12,2025-01-18,0,2025-01-18,wk inc flu hosp,quantile,0.25,1687.3498219183805
13,2025-01-18,0,2025-01-18,wk inc flu hosp,quantile,0.25,563.5058134410216
15,2025-01-18,0,2025-01-18,wk inc flu hosp,quantile,0.25,41.89812881328811
16,2025-01-18,0,2025-01-18,wk inc flu hosp,quantile,0.25,88.49632374618605
17,2025-01-18,0,2025-01-18,wk inc flu hosp,quantile,0.25,834.0569193191504
18,2025-01-18,0,2025-01-18,wk inc flu hosp,quantile,0.25,354.03435853579106
19,2025-01-18,0,2025-01-18,wk inc flu hosp,quantile,0.25,177.7969379832279
20,2025-01-18,0,2025-01-18,wk inc flu hosp,quantile,0.25,153.51678153622228
21,2025-01-18,0,2025-01-18,wk inc flu hosp,quantile,0.25,266.90312519886197
22,2025-01-18,0,2025-01-18,wk inc flu hosp,quantile,0.25,311.16860825161996
23,2025-01-18,0,2025-01-18,wk inc flu hosp,quantile,0.25,71.67243688391359
24,2025-01-18,0,2025-01-18,wk inc flu hosp,quantile,0.25,252.5656405331818
25,2025-01-18,0,2025-01-18,wk inc flu hosp,quantile,0.25,402.97466099277875
26,2025-01-18,0,2025-01-18,wk inc flu hosp,quantile,0.25,368.93225043533636
27,2025-01-18,0,2025-01-18,wk inc flu hosp,quantile,0.25,899.773869406169
28,2025-01-18,0,2025-01-18,wk inc flu hosp,quantile,0.25,166.13505257302307
29,2025-01-18,0,2025-01-18,wk inc flu hosp,quantile,0.25,316.2200889577108
30,2025-01-18,0,2025-01-18,wk inc flu hosp,quantile,0.25,42.722003047127885
31,2025-01-18,0,2025-01-18,wk inc flu hosp,quantile,0.25,111.39565926354722
32,2025-01-18,0,2025-01-18,wk inc flu hosp,quantile,0.25,157.10274016774628
33,2025-01-18,0,2025-01-18,wk inc flu hosp,quantile,0.25,42.4366088698912
34,2025-01-18,0,2025-01-18,wk inc flu hosp,quantile,0.25,721.3918622280706
35,2025-01-18,0,2025-01-18,wk inc flu hosp,quantile,0.25,146.9904625961475
36,2025-01-18,0,2025-01-18,wk inc flu hosp,quantile,0.25,1454.0052488581857
37,2025-01-18,0,2025-01-18,wk inc flu hosp,quantile,0.25,504.39137443733154
38,2025-01-18,0,2025-01-18,wk inc flu hosp,quantile,0.25,28.24326366962298
39,2025-01-18,0,2025-01-18,wk inc flu hosp,quantile,0.25,660.957196524637
40,2025-01-18,0,2025-01-18,wk inc flu hosp,quantile,0.25,136.96523188709236
41,2025-01-18,0,2025-01-18,wk inc flu hosp,quantile,0.25,188.8001355171025
42,2025-01-18,0,2025-01-18,wk inc flu hosp,quantile,0.25,1133.0424338707471
44,2025-01-18,0,2025-01-18,wk inc flu hosp,quantile,0.25,44.760569590495614
45,2025-01-18,0,2025-01-18,wk inc flu hosp,quantile,0.25,277.2095146352147
46,2025-01-18,0,2025-01-18,wk inc flu hosp,quantile,0.25,37.78803206981045
47,2025-01-18,0,2025-01-18,wk inc flu hosp,quantile,0.25,430.1414643887318
48,2025-01-18,0,2025-01-18,wk inc flu hosp,quantile,0.25,1517.0900517455516
49,2025-01-18,0,2025-01-18,wk inc flu hosp,quantile,0.25,155.19976424924832
50,2025-01-18,0,2025-01-18,wk inc flu hosp,quantile,0.25,23.06690795261156
51,2025-01-18,0,2025-01-18,wk inc flu hosp,quantile,0.25,320.18235632543934
53,2025-01-18,0,2025-01-18,wk inc flu hosp,quantile,0.25,363.6740218342787
54,2025-01-18,0,2025-01-18,wk inc flu hosp,quantile,0.25,104.85074489734093
55,2025-01-18,0,2025-01-18,wk inc flu hosp,quantile,0.25,272.3515320821688
56,2025-01-18,0,2025-01-18,wk inc flu hosp,quantile,0.25,39.763255172800186
72,2025-01-18,0,2025-01-18,wk inc flu hosp,quantile,0.25,896.438422723892
US,2025-01-18,0,2025-01-18,wk inc flu hosp,quantile,0.25,23134.718016195377
01,2025-01-18,1,2025-01-25,wk inc flu hosp,quantile,0.25,225.3216313792944
02,2025-01-18,1,2025-01-25,wk inc flu hosp,quantile,0.25,24.56965633887576
04,2025-01-18,1,2025-01-25,wk inc flu hosp,quantile,0.25,715.1725865299769
05,2025-01-18,1,2025-01-25,wk inc flu hosp,quantile,0.25,104.41168593813363
06,2025-01-18,1,2025-01-25,wk inc flu hosp,quantile,0.25,1609.6826788680362
08,2025-01-18,1,2025-01-25,wk inc flu hosp,quantile,0.25,257.7518592487289
09,2025-01-18,1,2025-01-25,wk inc flu hosp,quantile,0.25,199.41978098575254
10,2025-01-18,1,2025-01-25,wk inc flu hosp,quantile,0.25,30.049145605197893
11,2025-01-18,1,2025-01-25,wk inc flu hosp,quantile,0.25,25.499376842863374
12,2025-01-18,1,2025-01-25,wk inc flu hosp,quantile,0.25,1508.1080722223335
13,2025-01-18,1,2025-01-25,wk inc flu hosp,quantile,0.25,477.8545573312946
15,2025-01-18,1,2025-01-25,wk inc flu hosp,quantile,0.25,36.95593894168556
16,2025-01-18,1,2025-01-25,wk inc flu hosp,quantile,0.25,71.34006224090848
17,2025-01-18,1,2025-01-25,wk inc flu hosp,quantile,0.25,674.1811202324435
18,2025-01-18,1,2025-01-25,wk inc flu hosp,quantile,0.25,311.99850935592184
19,2025-01-18,1,2025-01-25,wk inc flu hosp,quantile,0.25,170.50476060040404
20,2025-01-18,1,2025-01-25,wk inc flu hosp,quantile,0.25,129.50398582974464
21,2025-01-18,1,2025-01-25,wk inc flu hosp,quantile,0.25,223.0059917634502
22,2025-01-18,1,2025-01-25,wk inc flu hosp,quantile,0.25,255.62596868402835
23,2025-01-18,1,2025-01-25,wk inc flu hosp,quantile,0.25,70.55978541226712
24,2025-01-18,1,2025-01-25,wk inc flu hosp,quantile,0.25,236.35886007836967
25,2025-01-18,1,2025-01-25,wk inc flu hosp,quantile,0.25,391.3478787532331
26,2025-01-18,1,2025-01-25,wk inc flu hosp,quantile,0.25,365.49515107874436
27,2025-01-18,1,2025-01-25,wk inc flu hosp,quantile,0.25,734.1052745618382
28,2025-01-18,1,2025-01-25,wk inc flu hosp,quantile,0.25,155.2231009689587
29,2025-01-18,1,2025-01-25,wk inc flu hosp,quantile,0.25,272.21789870773375
30,2025-01-18,1,2025-01-25,wk inc flu hosp,quantile,0.25,40.80572836465642
31,2025-01-18,1,2025-01-25,wk inc flu hosp,quantile,0.25,96.1020439688401
32,2025-01-18,1,2025-01-25,wk inc flu hosp,quantile,0.25,131.9350695523982
33,2025-01-18,1,2025-01-25,wk inc flu hosp,quantile,0.25,33.13632887696102
34,2025-01-18,1,2025-01-25,wk inc flu hosp,quantile,0.25,606.3383848091661
35,2025-01-18,1,2025-01-25,wk inc flu hosp,quantile,0.25,127.27816713955961
36,2025-01-18,1,2025-01-25,wk inc flu hosp,quantile,0.25,1259.0463465905514
37,2025-01-18,1,2025-01-25,wk inc flu hosp,quantile,0.25,426.2260018559782
38,2025-01-18,1,2025-01-25,wk inc flu hosp,quantile,0.25,28.323228762484295
39,2025-01-18,1,2025-01-25,wk inc flu hosp,quantile,0.25,575.7232000143177
40,2025-01-18,1,2025-01-25,wk inc flu hosp,quantile,0.25,140.0176400901387
41,2025-01-18,1,2025-01-25,wk inc flu hosp,quantile,0.25,146.70612858891158
42,2025-01-18,1,2025-01-25,wk inc flu hosp,quantile,0.25,995.1741708171053
44,2025-01-18,1,2025-01-25,wk inc flu hosp,quantile,0.25,38.253456124672454
45,2025-01-18,1,2025-01-25,wk inc flu hosp,quantile,0.25,243.2992252418421
46,2025-01-18,1,2025-01-25,wk inc flu hosp,quantile,0.25,37.4834590405252
47,2025-01-18,1,2025-01-25,wk inc flu hosp,quantile,0.25,350.1901658409772
48,2025-01-18,1,2025-01-25,wk inc flu hosp,quantile,0.25,1363.2842539517126
49,2025-01-18,1,2025-01-25,wk inc flu hosp,quantile,0.25,122.23967463580523
50,2025-01-18,1,2025-01-25,wk inc flu hosp,quantile,0.25,22.82607728740199
51,2025-01-18,1,2025-01-25,wk inc flu hosp,quantile,0.25,300.0413224101985
53,2025-01-18,1,2025-01-25,wk inc flu hosp,quantile,0.25,308.3856903207293
54,2025-01-18,1,2025-01-25,wk inc flu hosp,quantile,0.25,101.89256642402792
55,2025-01-18,1,2025-01-25,wk inc flu hosp,quantile,0.25,252.09451426883177
56,2025-01-18,1,2025-01-25,wk inc flu hosp,quantile,0.25,32.81998744055408
72,2025-01-18,1,2025-01-25,wk inc flu hosp,quantile,0.25,773.2097531341973
US,2025-01-18,1,2025-01-25,wk inc flu hosp,quantile,0.25,20508.867051545563
01,2025-01-18,2,2025-02-01,wk inc flu hosp,quantile,0.25,173.12926605037222
02,2025-01-18,2,2025-02-01,wk inc flu hosp,quantile,0.25,23.299759248840513
04,2025-01-18,2,2025-02-01,wk inc flu hosp,quantile,0.25,566.6008016467615
05,2025-01-18,2,2025-02-01,wk inc flu hosp,quantile,0.25,107.78972092463265
06,2025-01-18,2,2025-02-01,wk inc flu hosp,quantile,0.25,1280.7000404059263
08,2025-01-18,2,2025-02-01,wk inc flu hosp,quantile,0.25,199.60579117589907
09,2025-01-18,2,2025-02-01,wk inc flu hosp,quantile,0.25,188.90804783776557
10,2025-01-18,2,2025-02-01,wk inc flu hosp,quantile,0.25,22.26764309099589
11,2025-01-18,2,2025-02-01,wk inc flu hosp,quantile,0.25,24.102687738267253
12,2025-01-18,2,2025-02-01,wk inc flu hosp,quantile,0.25,1324.0514505810916
13,2025-01-18,2,2025-02-01,wk inc flu hosp,quantile,0.25,389.7938190662944
15,2025-01-18,2,2025-02-01,wk inc flu hosp,quantile,0.25,32.36245852792445
16,2025-01-18,2,2025-02-01,wk inc flu hosp,quantile,0.25,55.66945992149001
17,2025-01-18,2,2025-02-01,wk inc flu hosp,quantile,0.25,518.7941814955174
18,2025-01-18,2,2025-02-01,wk inc flu hosp,quantile,0.25,278.82793112588024
19,2025-01-18,2,2025-02-01,wk inc flu hosp,quantile,0.25,159.67166035686114
20,2025-01-18,2,2025-02-01,wk inc flu hosp,quantile,0.25,105.17965065440046
21,2025-01-18,2,2025-02-01,wk inc flu hosp,quantile,0.25,181.62489613121363
22,2025-01-18,2,2025-02-01,wk inc flu hosp,quantile,0.25,202.40374507964304
23,2025-01-18,2,2025-02-01,wk inc flu hosp,quantile,0.25,68.86897716646384
24,2025-01-18,2,2025-02-01,wk inc flu hosp,quantile,0.25,220.47890685165177
25,2025-01-18,2,2025-02-01,wk inc flu hosp,quantile,0.25,379.2919847824164
26,2025-01-18,2,2025-02-01,wk inc flu hosp,quantile,0.25,366.0644250522381
27,2025-01-18,2,2025-02-01,wk inc flu hosp,quantile,0.25,602.3402820945612
28,2025-01-18,2,2025-02-01,wk inc flu hosp,quantile,0.25,144.6152252383807
29,2025-01-18,2,2025-02-01,wk inc flu hosp,quantile,0.25,232.95859953241552
30,2025-01-18,2,2025-02-01,wk inc flu hosp,quantile,0.25,38.229457426836746
31,2025-01-18,2,2025-02-01,wk inc flu hosp,quantile,0.25,79.9139251386298
32,2025-01-18,2,2025-02-01,wk inc flu hosp,quantile,0.25,110.22878307311582
33,2025-01-18,2,2025-02-01,wk inc flu hosp,quantile,0.25,25.702294694600305
34,2025-01-18,2,2025-02-01,wk inc flu hosp,quantile,0.25,485.4570614644009
35,2025-01-18,2,2025-02-01,wk inc flu hosp,quantile,0.25,110.06232550905167
36,2025-01-18,2,2025-02-01,wk inc flu hosp,quantile,0.25,1027.9117931383141
37,2025-01-18,2,2025-02-01,wk inc flu hosp,quantile,0.25,356.7183025268361
38,2025-01-18,2,2025-02-01,wk inc flu hosp,quantile,0.25,28.56732223164291
39,2025-01-18,2,2025-02-01,wk inc flu hosp,quantile,0.25,515.9485276605618
40,2025-01-18,2,2025-02-01,wk inc flu hosp,quantile,0.25,140.69295825372808
41,2025-01-18,2,2025-02-01,wk inc flu hosp,quantile,0.25,109.34627673475373
42,2025-01-18,2,2025-02-01,wk inc flu hosp,quantile,0.25,898.9863681078555
44,2025-01-18,2,2025-02-01,wk inc flu hosp,quantile,0.25,32.899038203798995
45,2025-01-18,2,2025-02-01,wk inc flu hosp,quantile,0.25,211.91995589538433
46,2025-01-18,2,2025-02-01,wk inc flu hosp,quantile,0.25,38.105319285933675
47,2025-01-18,2,2025-02-01,wk inc flu hosp,quantile,0.25,274.1210082217578
48,2025-01-18,2,2025-02-01,wk inc flu hosp,quantile,0.25,1253.9307711702759
49,2025-01-18,2,2025-02-01,wk inc flu hosp,quantile,0.25,96.86676317649331
50,2025-01-18,2,2025-02-01,wk inc flu hosp,quantile,0.25,21.904820236886664
51,2025-01-18,2,2025-02-01,wk inc flu hosp,quantile,0.25,284.9842578929103
53,2025-01-18,2,2025-02-01,wk inc flu hosp,quantile,0.25,256.51516990298245
54,2025-01-18,2,2025-02-01,wk inc flu hosp,quantile,0.25,98.77797582312523
55,2025-01-18,2,2025-02-01,wk inc flu hosp,quantile,0.25,228.57580670064726
56,2025-01-18,2,2025-02-01,wk inc flu hosp,quantile,0.25,25.454462443636736
72,2025-01-18,2,2025-02-01,wk inc flu hosp,quantile,0.25,704.6218216441118
US,2025-01-18,2,2025-02-01,wk inc flu hosp,quantile,0.25,17330.924980259668
01,2025-01-18,3,2025-02-08,wk inc flu hosp,quantile,0.25,134.5054159273044
02,2025-01-18,3,2025-02-08,wk inc flu hosp,quantile,0.25,20.880335051260346
04,2025-01-18,3,2025-02-08,wk inc flu hosp,quantile,0.25,463.0133448232263
05,2025-01-18,3,2025-02-08,wk inc flu hosp,quantile,0.25,100.93358251478404
06,2025-01-18,3,2025-02-08,wk inc flu hosp,quantile,0.25,993.0227380014044
08,2025-01-18,3,2025-02-08,wk inc flu hosp,quantile,0.25,150.37012124487262
09,2025-01-18,3,2025-02-08,wk inc flu hosp,quantile,0.25,165.47828511153523
10,2025-01-18,3,2025-02-08,wk inc flu hosp,quantile,0.25,17.328110458929952
11,2025-01-18,3,2025-02-08,wk inc flu hosp,quantile,0.25,20.25433830742205
12,2025-01-18,3,2025-02-08,wk inc flu hosp,quantile,0.25,1089.9637731450352
13,2025-01-18,3,2025-02-08,wk inc flu hosp,quantile,0.25,288.88779161325823
15,2025-01-18,3,2025-02-08,wk inc flu hosp,quantile,0.25,26.125798325908207
16,2025-01-18,3,2025-02-08,wk inc flu hosp,quantile,0.25,44.424489407115786
17,2025-01-18,3,2025-02-08,wk inc flu hosp,quantile,0.25,384.16700875037924
18,2025-01-18,3,2025-02-08,wk inc flu hosp,quantile,0.25,200.42989873723474
19,2025-01-18,3,2025-02-08,wk inc flu hosp,quantile,0.25,138.06584344775055
20,2025-01-18,3,2025-02-08,wk inc flu hosp,quantile,0.25,77.85247644098224
21,2025-01-18,3,2025-02-08,wk inc flu hosp,quantile,0.25,129.83093729590064
22,2025-01-18,3,2025-02-08,wk inc flu hosp,quantile,0.25,157.86675022752326
23,2025-01-18,3,2025-02-08,wk inc flu hosp,quantile,0.25,62.95949658816002
24,2025-01-18,3,2025-02-08,wk inc flu hosp,quantile,0.25,182.86183647829588
25,2025-01-18,3,2025-02-08,wk inc flu hosp,quantile,0.25,329.5270558963456
26,2025-01-18,3,2025-02-08,wk inc flu hosp,quantile,0.25,320.2865575209437
27,2025-01-18,3,2025-02-08,wk inc flu hosp,quantile,0.25,490.995084910955
28,2025-01-18,3,2025-02-08,wk inc flu hosp,quantile,0.25,120.66856193346217
29,2025-01-18,3,2025-02-08,wk inc flu hosp,quantile,0.25,169.8808463463261
30,2025-01-18,3,2025-02-08,wk inc flu hosp,quantile,0.25,30.82759772037449
31,2025-01-18,3,2025-02-08,wk inc flu hosp,quantile,0.25,59.2427748143808
32,2025-01-18,3,2025-02-08,wk inc flu hosp,quantile,0.25,84.77317614357057
33,2025-01-18,3,2025-02-08,wk inc flu hosp,quantile,0.25,19.27393114142394
34,2025-01-18,3,2025-02-08,wk inc flu hosp,quantile,0.25,356.239434982607
35,2025-01-18,3,2025-02-08,wk inc flu hosp,quantile,0.25,87.81997143604137
36,2025-01-18,3,2025-02-08,wk inc flu hosp,quantile,0.25,762.362062744568
37,2025-01-18,3,2025-02-08,wk inc flu hosp,quantile,0.25,262.77083455210436
38,2025-01-18,3,2025-02-08,wk inc flu hosp,quantile,0.25,26.797152510395655
39,2025-01-18,3,2025-02-08,wk inc flu hosp,quantile,0.25,385.71006069680004
40,2025-01-18,3,2025-02-08,wk inc flu hosp,quantile,0.25,122.78963338296074
41,2025-01-18,3,2025-02-08,wk inc flu hosp,quantile,0.25,79.3458912860174
42,2025-01-18,3,2025-02-08,wk inc flu hosp,quantile,0.25,709.4270974807753
44,2025-01-18,3,2025-02-08,wk inc flu hosp,quantile,0.25,26.066539177571176
45,2025-01-18,3,2025-02-08,wk inc flu hosp,quantile,0.25,168.6935481894476
46,2025-01-18,3,2025-02-08,wk inc flu hosp,quantile,0.25,35.52356525769288
47,2025-01-18,3,2025-02-08,wk inc flu hosp,quantile,0.25,204.04378973168113
48,2025-01-18,3,2025-02-08,wk inc flu hosp,quantile,0.25,1075.5410862766955
49,2025-01-18,3,2025-02-08,wk inc flu hosp,quantile,0.25,78.83984746039096
50,2025-01-18,3,2025-02-08,wk inc flu hosp,quantile,0.25,19.186874444330986
51,2025-01-18,3,2025-02-08,wk inc flu hosp,quantile,0.25,244.22021771156852
53,2025-01-18,3,2025-02-08,wk inc flu hosp,quantile,0.25,190.95062675193682
54,2025-01-18,3,2025-02-08,wk inc flu hosp,quantile,0.25,83.51978285044011
55,2025-01-18,3,2025-02-08,wk inc flu hosp,quantile,0.25,186.8001240198357
56,2025-01-18,3,2025-02-08,wk inc flu hosp,quantile,0.25,19.714495303603236
72,2025-01-18,3,2025-02-08,wk inc flu hosp,quantile,0.25,663.9186539295165
US,2025-01-18,3,2025-02-08,wk inc flu hosp,quantile,0.25,13834.232196720666
01,2025-01-18,0,2025-01-18,wk inc flu hosp,quantile,0.3,289.05602330798104
02,2025-01-18,0,2025-01-18,wk inc flu hosp,quantile,0.3,27.40344219680806
04,2025-01-18,0,2025-01-18,wk inc flu hosp,quantile,0.3,920.5419240977238
05,2025-01-18,0,2025-01-18,wk inc flu hosp,quantile,0.3,100.72850865535518
06,2025-01-18,0,2025-01-18,wk inc flu hosp,quantile,0.3,1964.5773034344265
08,2025-01-18,0,2025-01-18,wk inc flu hosp,quantile,0.3,325.51647617787563
09,2025-01-18,0,2025-01-18,wk inc flu hosp,quantile,0.3,213.59555713981007
10,2025-01-18,0,2025-01-18,wk inc flu hosp,quantile,0.3,41.55355501178383
11,2025-01-18,0,2025-01-18,wk inc flu hosp,quantile,0.3,28.74324999553901
12,2025-01-18,0,2025-01-18,wk inc flu hosp,quantile,0.3,1690.4443083798071
13,2025-01-18,0,2025-01-18,wk inc flu hosp,quantile,0.3,564.5427605290424
15,2025-01-18,0,2025-01-18,wk inc flu hosp,quantile,0.3,42.94760943160424
16,2025-01-18,0,2025-01-18,wk inc flu hosp,quantile,0.3,92.66608735222721
17,2025-01-18,0,2025-01-18,wk inc flu hosp,quantile,0.3,834.3031761666073
18,2025-01-18,0,2025-01-18,wk inc flu hosp,quantile,0.3,368.536426913355
19,2025-01-18,0,2025-01-18,wk inc flu hosp,quantile,0.3,184.9057458170998
20,2025-01-18,0,2025-01-18,wk inc flu hosp,quantile,0.3,156.68350186199393
21,2025-01-18,0,2025-01-18,wk inc flu hosp,quantile,0.3,270.8626305874098
22,2025-01-18,0,2025-01-18,wk inc flu hosp,quantile,0.3,315.8721482355271
23,2025-01-18,0,2025-01-18,wk inc flu hosp,quantile,0.3,73.04987074830748
24,2025-01-18,0,2025-01-18,wk inc flu hosp,quantile,0.3,256.8072087703257
25,2025-01-18,0,2025-01-18,wk inc flu hosp,quantile,0.3,404.2760292517997
26,2025-01-18,0,2025-01-18,wk inc flu hosp,quantile,0.3,369.86885201977947
27,2025-01-18,0,2025-01-18,wk inc flu hosp,quantile,0.3,924.214027351285
28,2025-01-18,0,2025-01-18,wk inc flu hosp,quantile,0.3,168.7070273318415
29,2025-01-18,0,2025-01-18,wk inc flu hosp,quantile,0.3,329.66034660397946
30,2025-01-18,0,2025-01-18,wk inc flu hosp,quantile,0.3,43.37087603562904
31,2025-01-18,0,2025-01-18,wk inc flu hosp,quantile,0.3,116.23237235296624
32,2025-01-18,0,2025-01-18,wk inc flu hosp,quantile,0.3,159.86063464632542
33,2025-01-18,0,2025-01-18,wk inc flu hosp,quantile,0.3,43.05564986665372
34,2025-01-18,0,2025-01-18,wk inc flu hosp,quantile,0.3,742.2880599465582
35,2025-01-18,0,2025-01-18,wk inc flu hosp,quantile,0.3,151.06884722296044
36,2025-01-18,0,2025-01-18,wk inc flu hosp,quantile,0.3,1471.428824565971
37,2025-01-18,0,2025-01-18,wk inc flu hosp,quantile,0.3,512.1943489040605
38,2025-01-18,0,2025-01-18,wk inc flu hosp,quantile,0.3,29.178006837907095
39,2025-01-18,0,2025-01-18,wk inc flu hosp,quantile,0.3,667.277309432063
40,2025-01-18,0,2025-01-18,wk inc flu hosp,quantile,0.3,147.50021097126321
41,2025-01-18,0,2025-01-18,wk inc flu hosp,quantile,0.3,196.8689547138081
42,2025-01-18,0,2025-01-18,wk inc flu hosp,quantile,0.3,1149.8074985853295
44,2025-01-18,0,2025-01-18,wk inc flu hosp,quantile,0.3,45.17913833834351
45,2025-01-18,0,2025-01-18,wk inc flu hosp,quantile,0.3,286.10865625262085
46,2025-01-18,0,2025-01-18,wk inc flu hosp,quantile,0.3,39.243233189155696
47,2025-01-18,0,2025-01-18,wk inc flu hosp,quantile,0.3,437.05560983890405
48,2025-01-18,0,2025-01-18,wk inc flu hosp,quantile,0.3,1526.6362616531653
49,2025-01-18,0,2025-01-18,wk inc flu hosp,quantile,0.3,157.59378186576612
50,2025-01-18,0,2025-01-18,wk inc flu hosp,quantile,0.3,23.79834847003155
51,2025-01-18,0,2025-01-18,wk inc flu hosp,quantile,0.3,322.2079670002252
53,2025-01-18,0,2025-01-18,wk inc flu hosp,quantile,0.3,368.85704958591066
54,2025-01-18,0,2025-01-18,wk inc flu hosp,quantile,0.3,109.40230578997073
55,2025-01-18,0,2025-01-18,wk inc flu hosp,quantile,0.3,277.69696277521
56,2025-01-18,0,2025-01-18,wk inc flu hosp,quantile,0.3,41.66468290289918
72,2025-01-18,0,2025-01-18,wk inc flu hosp,quantile,0.3,904.8150127944277
US,2025-01-18,0,2025-01-18,wk inc flu hosp,quantile,0.3,23284.758208969182
01,2025-01-18,1,2025-01-25,wk inc flu hosp,quantile,0.3,237.44526923731982
02,2025-01-18,1,2025-01-25,wk inc flu hosp,quantile,0.3,26.642909012156803
04,2025-01-18,1,2025-01-25,wk inc flu hosp,quantile,0.3,765.6666122175707
05,2025-01-18,1,2025-01-25,wk inc flu hosp,quantile,0.3,107.78252659091162
06,2025-01-18,1,2025-01-25,wk inc flu hosp,quantile,0.3,1708.1137310708973
08,2025-01-18,1,2025-01-25,wk inc flu hosp,quantile,0.3,266.1069106764412
09,2025-01-18,1,2025-01-25,wk inc flu hosp,quantile,0.3,205.98378609561522
10,2025-01-18,1,2025-01-25,wk inc flu hosp,quantile,0.3,32.08640737446644
11,2025-01-18,1,2025-01-25,wk inc flu hosp,quantile,0.3,27.36246732178373
12,2025-01-18,1,2025-01-25,wk inc flu hosp,quantile,0.3,1538.6798622151175
13,2025-01-18,1,2025-01-25,wk inc flu hosp,quantile,0.3,494.0809866733505
15,2025-01-18,1,2025-01-25,wk inc flu hosp,quantile,0.3,38.667523537581026
16,2025-01-18,1,2025-01-25,wk inc flu hosp,quantile,0.3,78.77009098782598
17,2025-01-18,1,2025-01-25,wk inc flu hosp,quantile,0.3,683.9944403051346
18,2025-01-18,1,2025-01-25,wk inc flu hosp,quantile,0.3,333.6482261421956
19,2025-01-18,1,2025-01-25,wk inc flu hosp,quantile,0.3,179.2455463070248
20,2025-01-18,1,2025-01-25,wk inc flu hosp,quantile,0.3,136.15676579803488
21,2025-01-18,1,2025-01-25,wk inc flu hosp,quantile,0.3,229.9843626357344
22,2025-01-18,1,2025-01-25,wk inc flu hosp,quantile,0.3,275.54889344535394
23,2025-01-18,1,2025-01-25,wk inc flu hosp,quantile,0.3,73.85308478652185
24,2025-01-18,1,2025-01-25,wk inc flu hosp,quantile,0.3,242.02830450318373
25,2025-01-18,1,2025-01-25,wk inc flu hosp,quantile,0.3,393.5110937346542
26,2025-01-18,1,2025-01-25,wk inc flu hosp,quantile,0.3,376.9379293238979
27,2025-01-18,1,2025-01-25,wk inc flu hosp,quantile,0.3,764.3216231579108
28,2025-01-18,1,2025-01-25,wk inc flu hosp,quantile,0.3,163.50419658513252
29,2025-01-18,1,2025-01-25,wk inc flu hosp,quantile,0.3,289.99123189556923
30,2025-01-18,1,2025-01-25,wk inc flu hosp,quantile,0.3,42.22975368484984
31,2025-01-18,1,2025-01-25,wk inc flu hosp,quantile,0.3,102.18218888449101
32,2025-01-18,1,2025-01-25,wk inc flu hosp,quantile,0.3,142.33915275123599
33,2025-01-18,1,2025-01-25,wk inc flu hosp,quantile,0.3,35.03491650193153
34,2025-01-18,1,2025-01-25,wk inc flu hosp,quantile,0.3,625.613795219099
35,2025-01-18,1,2025-01-25,wk inc flu hosp,quantile,0.3,134.59674395968833
36,2025-01-18,1,2025-01-25,wk inc flu hosp,quantile,0.3,1285.7133889071977
37,2025-01-18,1,2025-01-25,wk inc flu hosp,quantile,0.3,446.834410546646
38,2025-01-18,1,2025-01-25,wk inc flu hosp,quantile,0.3,29.781440397375547
39,2025-01-18,1,2025-01-25,wk inc flu hosp,quantile,0.3,597.6489000273201
40,2025-01-18,1,2025-01-25,wk inc flu hosp,quantile,0.3,155.21176042152774
41,2025-01-18,1,2025-01-25,wk inc flu hosp,quantile,0.3,159.8432930582416
42,2025-01-18,1,2025-01-25,wk inc flu hosp,quantile,0.3,1038.2591080788923
44,2025-01-18,1,2025-01-25,wk inc flu hosp,quantile,0.3,39.6820159252876
45,2025-01-18,1,2025-01-25,wk inc flu hosp,quantile,0.3,258.4082746167233
46,2025-01-18,1,2025-01-25,wk inc flu hosp,quantile,0.3,39.46121519298096
47,2025-01-18,1,2025-01-25,wk inc flu hosp,quantile,0.3,362.62885725928436
48,2025-01-18,1,2025-01-25,wk inc flu hosp,quantile,0.3,1455.622916887362
49,2025-01-18,1,2025-01-25,wk inc flu hosp,quantile,0.3,128.98556222998414
50,2025-01-18,1,2025-01-25,wk inc flu hosp,quantile,0.3,23.751711946684445
51,2025-01-18,1,2025-01-25,wk inc flu hosp,quantile,0.3,310.1538102745575
53,2025-01-18,1,2025-01-25,wk inc flu hosp,quantile,0.3,326.7444219242734
54,2025-01-18,1,2025-01-25,wk inc flu hosp,quantile,0.3,107.44445942694152
55,2025-01-18,1,2025-01-25,wk inc flu hosp,quantile,0.3,262.84652245387207
56,2025-01-18,1,2025-01-25,wk inc flu hosp,quantile,0.3,34.13720169771268
72,2025-01-18,1,2025-01-25,wk inc flu hosp,quantile,0.3,793.5210667367007
US,2025-01-18,1,2025-01-25,wk inc flu hosp,quantile,0.3,20958.945958150984
01,2025-01-18,2,2025-02-01,wk inc flu hosp,quantile,0.3,190.0405156443101
02,2025-01-18,2,2025-02-01,wk inc flu hosp,quantile,0.3,24.576805241473533
04,2025-01-18,2,2025-02-01,wk inc flu hosp,quantile,0.3,624.2066033539912
05,2025-01-18,2,2025-02-01,wk inc flu hosp,quantile,0.3,111.08019839273683
06,2025-01-18,2,2025-02-01,wk inc flu hosp,quantile,0.3,1418.2667437790426
08,2025-01-18,2,2025-02-01,wk inc flu hosp,quantile,0.3,214.59813386712634
09,2025-01-18,2,2025-02-01,wk inc flu hosp,quantile,0.3,190.61583080252075
10,2025-01-18,2,2025-02-01,wk inc flu hosp,quantile,0.3,24.964711782024274
11,2025-01-18,2,2025-02-01,wk inc flu hosp,quantile,0.3,25.749179931241038
12,2025-01-18,2,2025-02-01,wk inc flu hosp,quantile,0.3,1374.3727799466533
13,2025-01-18,2,2025-02-01,wk inc flu hosp,quantile,0.3,422.5497452871153
15,2025-01-18,2,2025-02-01,wk inc flu hosp,quantile,0.3,34.511235916960345
16,2025-01-18,2,2025-02-01,wk inc flu hosp,quantile,0.3,64.35198245195815
17,2025-01-18,2,2025-02-01,wk inc flu hosp,quantile,0.3,563.1645663684791
18,2025-01-18,2,2025-02-01,wk inc flu hosp,quantile,0.3,295.6822588256438
19,2025-01-18,2,2025-02-01,wk inc flu hosp,quantile,0.3,170.79465070879087
20,2025-01-18,2,2025-02-01,wk inc flu hosp,quantile,0.3,115.23409692218777
21,2025-01-18,2,2025-02-01,wk inc flu hosp,quantile,0.3,191.4249694510527
22,2025-01-18,2,2025-02-01,wk inc flu hosp,quantile,0.3,229.39853796946437
23,2025-01-18,2,2025-02-01,wk inc flu hosp,quantile,0.3,69.96744921200953
24,2025-01-18,2,2025-02-01,wk inc flu hosp,quantile,0.3,223.6940114984717
25,2025-01-18,2,2025-02-01,wk inc flu hosp,quantile,0.3,385.0580548921545
26,2025-01-18,2,2025-02-01,wk inc flu hosp,quantile,0.3,371.65886668044
27,2025-01-18,2,2025-02-01,wk inc flu hosp,quantile,0.3,639.445718012054
28,2025-01-18,2,2025-02-01,wk inc flu hosp,quantile,0.3,153.72607510068127
29,2025-01-18,2,2025-02-01,wk inc flu hosp,quantile,0.3,255.6637638271252
30,2025-01-18,2,2025-02-01,wk inc flu hosp,quantile,0.3,39.75582038593425
31,2025-01-18,2,2025-02-01,wk inc flu hosp,quantile,0.3,85.17197820018616
32,2025-01-18,2,2025-02-01,wk inc flu hosp,quantile,0.3,118.63878064407656
33,2025-01-18,2,2025-02-01,wk inc flu hosp,quantile,0.3,28.570485108999872
34,2025-01-18,2,2025-02-01,wk inc flu hosp,quantile,0.3,519.2394416562818
35,2025-01-18,2,2025-02-01,wk inc flu hosp,quantile,0.3,116.64095967979077
36,2025-01-18,2,2025-02-01,wk inc flu hosp,quantile,0.3,1065.975349726432
37,2025-01-18,2,2025-02-01,wk inc flu hosp,quantile,0.3,380.53321314655034
38,2025-01-18,2,2025-02-01,wk inc flu hosp,quantile,0.3,29.616004584238414
39,2025-01-18,2,2025-02-01,wk inc flu hosp,quantile,0.3,532.056887887114
40,2025-01-18,2,2025-02-01,wk inc flu hosp,quantile,0.3,147.60735713169336
41,2025-01-18,2,2025-02-01,wk inc flu hosp,quantile,0.3,125.92350186851475
42,2025-01-18,2,2025-02-01,wk inc flu hosp,quantile,0.3,923.9716927073058
44,2025-01-18,2,2025-02-01,wk inc flu hosp,quantile,0.3,34.93935083512579
45,2025-01-18,2,2025-02-01,wk inc flu hosp,quantile,0.3,227.0215594214101
46,2025-01-18,2,2025-02-01,wk inc flu hosp,quantile,0.3,38.859121272037775
47,2025-01-18,2,2025-02-01,wk inc flu hosp,quantile,0.3,300.06011795603047
48,2025-01-18,2,2025-02-01,wk inc flu hosp,quantile,0.3,1329.2534233482925
49,2025-01-18,2,2025-02-01,wk inc flu hosp,quantile,0.3,102.4543582914211
50,2025-01-18,2,2025-02-01,wk inc flu hosp,quantile,0.3,22.661870610178035
51,2025-01-18,2,2025-02-01,wk inc flu hosp,quantile,0.3,294.8856571090544
53,2025-01-18,2,2025-02-01,wk inc flu hosp,quantile,0.3,270.379340157656
54,2025-01-18,2,2025-02-01,wk inc flu hosp,quantile,0.3,101.52101410246509
55,2025-01-18,2,2025-02-01,wk inc flu hosp,quantile,0.3,237.51918981154972
56,2025-01-18,2,2025-02-01,wk inc flu hosp,quantile,0.3,27.780810419257993
72,2025-01-18,2,2025-02-01,wk inc flu hosp,quantile,0.3,753.0249688405212
US,2025-01-18,2,2025-02-01,wk inc flu hosp,quantile,0.3,18310.993743695384
01,2025-01-18,3,2025-02-08,wk inc flu hosp,quantile,0.3,146.34284776551536
02,2025-01-18,3,2025-02-08,wk inc flu hosp,quantile,0.3,21.81262489042946
04,2025-01-18,3,2025-02-08,wk inc flu hosp,quantile,0.3,512.4772412402257
05,2025-01-18,3,2025-02-08,wk inc flu hosp,quantile,0.3,103.94679287836746
06,2025-01-18,3,2025-02-08,wk inc flu hosp,quantile,0.3,1117.3553388405946
08,2025-01-18,3,2025-02-08,wk inc flu hosp,quantile,0.3,171.28948920789685
09,2025-01-18,3,2025-02-08,wk inc flu hosp,quantile,0.3,169.8089713674846
10,2025-01-18,3,2025-02-08,wk inc flu hosp,quantile,0.3,19.73686595291832
11,2025-01-18,3,2025-02-08,wk inc flu hosp,quantile,0.3,21.861134672837355
12,2025-01-18,3,2025-02-08,wk inc flu hosp,quantile,0.3,1112.3859105292524
13,2025-01-18,3,2025-02-08,wk inc flu hosp,quantile,0.3,315.6421879055312
15,2025-01-18,3,2025-02-08,wk inc flu hosp,quantile,0.3,28.516902181560738
16,2025-01-18,3,2025-02-08,wk inc flu hosp,quantile,0.3,50.204759290607136
17,2025-01-18,3,2025-02-08,wk inc flu hosp,quantile,0.3,425.9866738136286
18,2025-01-18,3,2025-02-08,wk inc flu hosp,quantile,0.3,232.40192834868384
19,2025-01-18,3,2025-02-08,wk inc flu hosp,quantile,0.3,146.80858711613902
20,2025-01-18,3,2025-02-08,wk inc flu hosp,quantile,0.3,88.99645707900426
21,2025-01-18,3,2025-02-08,wk inc flu hosp,quantile,0.3,143.58494309211895
22,2025-01-18,3,2025-02-08,wk inc flu hosp,quantile,0.3,179.31280587321493
23,2025-01-18,3,2025-02-08,wk inc flu hosp,quantile,0.3,63.41135696635191
24,2025-01-18,3,2025-02-08,wk inc flu hosp,quantile,0.3,193.09032430338365
25,2025-01-18,3,2025-02-08,wk inc flu hosp,quantile,0.3,329.6225760903448
26,2025-01-18,3,2025-02-08,wk inc flu hosp,quantile,0.3,321.02524652222667
27,2025-01-18,3,2025-02-08,wk inc flu hosp,quantile,0.3,537.929016106077
28,2025-01-18,3,2025-02-08,wk inc flu hosp,quantile,0.3,134.31625340455813
29,2025-01-18,3,2025-02-08,wk inc flu hosp,quantile,0.3,196.71893273307836
30,2025-01-18,3,2025-02-08,wk inc flu hosp,quantile,0.3,33.287921899420155
31,2025-01-18,3,2025-02-08,wk inc flu hosp,quantile,0.3,67.472990869851
32,2025-01-18,3,2025-02-08,wk inc flu hosp,quantile,0.3,91.96600368088686
33,2025-01-18,3,2025-02-08,wk inc flu hosp,quantile,0.3,22.594648051636796
34,2025-01-18,3,2025-02-08,wk inc flu hosp,quantile,0.3,397.22348155331
35,2025-01-18,3,2025-02-08,wk inc flu hosp,quantile,0.3,96.01742822191392
36,2025-01-18,3,2025-02-08,wk inc flu hosp,quantile,0.3,836.6698720082348
37,2025-01-18,3,2025-02-08,wk inc flu hosp,quantile,0.3,288.0082776183176
38,2025-01-18,3,2025-02-08,wk inc flu hosp,quantile,0.3,26.99623385711486
39,2025-01-18,3,2025-02-08,wk inc flu hosp,quantile,0.3,431.9922598913189
40,2025-01-18,3,2025-02-08,wk inc flu hosp,quantile,0.3,134.96080589039227
41,2025-01-18,3,2025-02-08,wk inc flu hosp,quantile,0.3,93.00196633509397
42,2025-01-18,3,2025-02-08,wk inc flu hosp,quantile,0.3,786.2045448187419
44,2025-01-18,3,2025-02-08,wk inc flu hosp,quantile,0.3,27.965813225392285
45,2025-01-18,3,2025-02-08,wk inc flu hosp,quantile,0.3,183.68976981795234
46,2025-01-18,3,2025-02-08,wk inc flu hosp,quantile,0.3,36.38097352565309
47,2025-01-18,3,2025-02-08,wk inc flu hosp,quantile,0.3,225.23177937372196
48,2025-01-18,3,2025-02-08,wk inc flu hosp,quantile,0.3,1119.3952913659982
49,2025-01-18,3,2025-02-08,wk inc flu hosp,quantile,0.3,85.51645267135112
50,2025-01-18,3,2025-02-08,wk inc flu hosp,quantile,0.3,19.680539344906734
51,2025-01-18,3,2025-02-08,wk inc flu hosp,quantile,0.3,255.15258824184227
53,2025-01-18,3,2025-02-08,wk inc flu hosp,quantile,0.3,211.4275683342826
54,2025-01-18,3,2025-02-08,wk inc flu hosp,quantile,0.3,86.27540293577496
55,2025-01-18,3,2025-02-08,wk inc flu hosp,quantile,0.3,198.58495605109718
56,2025-01-18,3,2025-02-08,wk inc flu hosp,quantile,0.3,22.054976783611338
72,2025-01-18,3,2025-02-08,wk inc flu hosp,quantile,0.3,683.0388850520218
US,2025-01-18,3,2025-02-08,wk inc flu hosp,quantile,0.3,14955.10136295614
01,2025-01-18,0,2025-01-18,wk inc flu hosp,quantile,0.35,292.77390361316856
02,2025-01-18,0,2025-01-18,wk inc flu hosp,quantile,0.35,28.327187618541448
04,2025-01-18,0,2025-01-18,wk inc flu hosp,quantile,0.35,935.0527485913763
05,2025-01-18,0,2025-01-18,wk inc flu hosp,quantile,0.35,102.48520308355646
06,2025-01-18,0,2025-01-18,wk inc flu hosp,quantile,0.35,2059.275280668794
08,2025-01-18,0,2025-01-18,wk inc flu hosp,quantile,0.35,332.5840531312889
09,2025-01-18,0,2025-01-18,wk inc flu hosp,quantile,0.35,213.5993650795701
10,2025-01-18,0,2025-01-18,wk inc flu hosp,quantile,0.35,44.02995332992265
11,2025-01-18,0,2025-01-18,wk inc flu hosp,quantile,0.35,29.03172830976882
12,2025-01-18,0,2025-01-18,wk inc flu hosp,quantile,0.35,1729.0101961659634
13,2025-01-18,0,2025-01-18,wk inc flu hosp,quantile,0.35,566.7753045486533
15,2025-01-18,0,2025-01-18,wk inc flu hosp,quantile,0.35,44.28030951666696
16,2025-01-18,0,2025-01-18,wk inc flu hosp,quantile,0.35,96.24211868646391
17,2025-01-18,0,2025-01-18,wk inc flu hosp,quantile,0.35,852.4890339849036
18,2025-01-18,0,2025-01-18,wk inc flu hosp,quantile,0.35,373.8672967208041
19,2025-01-18,0,2025-01-18,wk inc flu hosp,quantile,0.35,189.57774257812633
20,2025-01-18,0,2025-01-18,wk inc flu hosp,quantile,0.35,159.1288412867301
21,2025-01-18,0,2025-01-18,wk inc flu hosp,quantile,0.35,274.0626607932042
22,2025-01-18,0,2025-01-18,wk inc flu hosp,quantile,0.35,323.6906040945175
23,2025-01-18,0,2025-01-18,wk inc flu hosp,quantile,0.35,76.10113185182087
24,2025-01-18,0,2025-01-18,wk inc flu hosp,quantile,0.35,260.6013821021243
25,2025-01-18,0,2025-01-18,wk inc flu hosp,quantile,0.35,408.14567497633277
26,2025-01-18,0,2025-01-18,wk inc flu hosp,quantile,0.35,370.5910812353789
27,2025-01-18,0,2025-01-18,wk inc flu hosp,quantile,0.35,948.1960934064539
28,2025-01-18,0,2025-01-18,wk inc flu hosp,quantile,0.35,170.04181914397876
29,2025-01-18,0,2025-01-18,wk inc flu hosp,quantile,0.35,336.1508770542482
30,2025-01-18,0,2025-01-18,wk inc flu hosp,quantile,0.35,43.43639551903243
31,2025-01-18,0,2025-01-18,wk inc flu hosp,quantile,0.35,119.74316912453246
32,2025-01-18,0,2025-01-18,wk inc flu hosp,quantile,0.35,167.03420211482336
33,2025-01-18,0,2025-01-18,wk inc flu hosp,quantile,0.35,45.96381211310912
34,2025-01-18,0,2025-01-18,wk inc flu hosp,quantile,0.35,743.1022258292764
35,2025-01-18,0,2025-01-18,wk inc flu hosp,quantile,0.35,154.45263029257583
36,2025-01-18,0,2025-01-18,wk inc flu hosp,quantile,0.35,1500.0657878911284
37,2025-01-18,0,2025-01-18,wk inc flu hosp,quantile,0.35,519.5169231575932
38,2025-01-18,0,2025-01-18,wk inc flu hosp,quantile,0.35,30.572118672762144
39,2025-01-18,0,2025-01-18,wk inc flu hosp,quantile,0.35,680.1789063038887
40,2025-01-18,0,2025-01-18,wk inc flu hosp,quantile,0.35,152.3496220163408
41,2025-01-18,0,2025-01-18,wk inc flu hosp,quantile,0.35,199.91445104430053
42,2025-01-18,0,2025-01-18,wk inc flu hosp,quantile,0.35,1169.7010014167586
44,2025-01-18,0,2025-01-18,wk inc flu hosp,quantile,0.35,46.26175185466714
45,2025-01-18,0,2025-01-18,wk inc flu hosp,quantile,0.35,289.39859778236223
46,2025-01-18,0,2025-01-18,wk inc flu hosp,quantile,0.35,39.852582261198876
47,2025-01-18,0,2025-01-18,wk inc flu hosp,quantile,0.35,452.52288839443787
48,2025-01-18,0,2025-01-18,wk inc flu hosp,quantile,0.35,1549.2989264008472
49,2025-01-18,0,2025-01-18,wk inc flu hosp,quantile,0.35,159.81393264755462
50,2025-01-18,0,2025-01-18,wk inc flu hosp,quantile,0.35,23.8760791696461
51,2025-01-18,0,2025-01-18,wk inc flu hosp,quantile,0.35,330.53559040066443
53,2025-01-18,0,2025-01-18,wk inc flu hosp,quantile,0.35,379.0913895160002
54,2025-01-18,0,2025-01-18,wk inc flu hosp,quantile,0.35,111.16452486386449
55,2025-01-18,0,2025-01-18,wk inc flu hosp,quantile,0.35,282.8152748854917
56,2025-01-18,0,2025-01-18,wk inc flu hosp,quantile,0.35,43.435563961198376
72,2025-01-18,0,2025-01-18,wk inc flu hosp,quantile,0.35,937.0109358997544
US,2025-01-18,0,2025-01-18,wk inc flu hosp,quantile,0.35,23573.548582340285
01,2025-01-18,1,2025-01-25,wk inc flu hosp,quantile,0.35,245.203718377486
02,2025-01-18,1,2025-01-25,wk inc flu hosp,quantile,0.35,27.227911736160685
04,2025-01-18,1,2025-01-25,wk inc flu hosp,quantile,0.35,789.2660878017678
05,2025-01-18,1,2025-01-25,wk inc flu hosp,quantile,0.35,112.40564536808837
06,2025-01-18,1,2025-01-25,wk inc flu hosp,quantile,0.35,1778.1356470681696
08,2025-01-18,1,2025-01-25,wk inc flu hosp,quantile,0.35,281.0225074866073
09,2025-01-18,1,2025-01-25,wk inc flu hosp,quantile,0.35,208.93569002890973
10,2025-01-18,1,2025-01-25,wk inc flu hosp,quantile,0.35,36.13497842511799
11,2025-01-18,1,2025-01-25,wk inc flu hosp,quantile,0.35,27.987295903645336
12,2025-01-18,1,2025-01-25,wk inc flu hosp,quantile,0.35,1612.8091276122054
13,2025-01-18,1,2025-01-25,wk inc flu hosp,quantile,0.35,512.8786896705874
15,2025-01-18,1,2025-01-25,wk inc flu hosp,quantile,0.35,40.947844419617496
16,2025-01-18,1,2025-01-25,wk inc flu hosp,quantile,0.35,83.9616750132214
17,2025-01-18,1,2025-01-25,wk inc flu hosp,quantile,0.35,720.7975594520534
18,2025-01-18,1,2025-01-25,wk inc flu hosp,quantile,0.35,349.21140936114153
19,2025-01-18,1,2025-01-25,wk inc flu hosp,quantile,0.35,184.7258317742804
20,2025-01-18,1,2025-01-25,wk inc flu hosp,quantile,0.35,142.9198472573916
21,2025-01-18,1,2025-01-25,wk inc flu hosp,quantile,0.35,242.79793107636726
22,2025-01-18,1,2025-01-25,wk inc flu hosp,quantile,0.35,287.87480757144886
23,2025-01-18,1,2025-01-25,wk inc flu hosp,quantile,0.35,77.71279415198659
24,2025-01-18,1,2025-01-25,wk inc flu hosp,quantile,0.35,250.7429247120353
25,2025-01-18,1,2025-01-25,wk inc flu hosp,quantile,0.35,404.8629435468367
26,2025-01-18,1,2025-01-25,wk inc flu hosp,quantile,0.35,380.48792767153213
27,2025-01-18,1,2025-01-25,wk inc flu hosp,quantile,0.35,812.3700962066616
28,2025-01-18,1,2025-01-25,wk inc flu hosp,quantile,0.35,165.8042166449625
29,2025-01-18,1,2025-01-25,wk inc flu hosp,quantile,0.35,312.2336598085295
30,2025-01-18,1,2025-01-25,wk inc flu hosp,quantile,0.35,42.969892424811256
31,2025-01-18,1,2025-01-25,wk inc flu hosp,quantile,0.35,108.25736946452989
32,2025-01-18,1,2025-01-25,wk inc flu hosp,quantile,0.35,146.71621494583738
33,2025-01-18,1,2025-01-25,wk inc flu hosp,quantile,0.35,38.98659181435635
34,2025-01-18,1,2025-01-25,wk inc flu hosp,quantile,0.35,657.4351521293842
35,2025-01-18,1,2025-01-25,wk inc flu hosp,quantile,0.35,140.11813109873677
36,2025-01-18,1,2025-01-25,wk inc flu hosp,quantile,0.35,1333.6543633415563
37,2025-01-18,1,2025-01-25,wk inc flu hosp,quantile,0.35,462.40463641901175
38,2025-01-18,1,2025-01-25,wk inc flu hosp,quantile,0.35,31.50018663640201
39,2025-01-18,1,2025-01-25,wk inc flu hosp,quantile,0.35,625.239929810109
40,2025-01-18,1,2025-01-25,wk inc flu hosp,quantile,0.35,156.67260150796366
41,2025-01-18,1,2025-01-25,wk inc flu hosp,quantile,0.35,168.75915326369918
42,2025-01-18,1,2025-01-25,wk inc flu hosp,quantile,0.35,1084.3549602060164
44,2025-01-18,1,2025-01-25,wk inc flu hosp,quantile,0.35,42.57038261620942
45,2025-01-18,1,2025-01-25,wk inc flu hosp,quantile,0.35,269.57232574280164
46,2025-01-18,1,2025-01-25,wk inc flu hosp,quantile,0.35,41.94892426269322
47,2025-01-18,1,2025-01-25,wk inc flu hosp,quantile,0.35,392.21740298447185
48,2025-01-18,1,2025-01-25,wk inc flu hosp,quantile,0.35,1499.3406742056306
49,2025-01-18,1,2025-01-25,wk inc flu hosp,quantile,0.35,136.15074509110508
50,2025-01-18,1,2025-01-25,wk inc flu hosp,quantile,0.35,23.904551582137533
51,2025-01-18,1,2025-01-25,wk inc flu hosp,quantile,0.35,321.89626835800385
53,2025-01-18,1,2025-01-25,wk inc flu hosp,quantile,0.35,350.115363765617
54,2025-01-18,1,2025-01-25,wk inc flu hosp,quantile,0.35,108.94099220400761
55,2025-01-18,1,2025-01-25,wk inc flu hosp,quantile,0.35,267.03813618640265
56,2025-01-18,1,2025-01-25,wk inc flu hosp,quantile,0.35,37.21175837377412
72,2025-01-18,1,2025-01-25,wk inc flu hosp,quantile,0.35,843.6395752898271
US,2025-01-18,1,2025-01-25,wk inc flu hosp,quantile,0.35,21548.617502324014
01,2025-01-18,2,2025-02-01,wk inc flu hosp,quantile,0.35,195.73214892905693
02,2025-01-18,2,2025-02-01,wk inc flu hosp,quantile,0.35,25.54010023887698
04,2025-01-18,2,2025-02-01,wk inc flu hosp,quantile,0.35,647.4318234551894
05,2025-01-18,2,2025-02-01,wk inc flu hosp,quantile,0.35,114.27332175830269
06,2025-01-18,2,2025-02-01,wk inc flu hosp,quantile,0.35,1461.2061365257518
08,2025-01-18,2,2025-02-01,wk inc flu hosp,quantile,0.35,231.17703447047126
09,2025-01-18,2,2025-02-01,wk inc flu hosp,quantile,0.35,195.1321558903206
10,2025-01-18,2,2025-02-01,wk inc flu hosp,quantile,0.35,28.65425561113228
11,2025-01-18,2,2025-02-01,wk inc flu hosp,quantile,0.35,26.08543522980431
12,2025-01-18,2,2025-02-01,wk inc flu hosp,quantile,0.35,1429.6338719431742
13,2025-01-18,2,2025-02-01,wk inc flu hosp,quantile,0.35,448.6916153180281
15,2025-01-18,2,2025-02-01,wk inc flu hosp,quantile,0.35,35.06787234944135
16,2025-01-18,2,2025-02-01,wk inc flu hosp,quantile,0.35,67.9020186121412
17,2025-01-18,2,2025-02-01,wk inc flu hosp,quantile,0.35,579.1189595019638
18,2025-01-18,2,2025-02-01,wk inc flu hosp,quantile,0.35,312.56811757330394
19,2025-01-18,2,2025-02-01,wk inc flu hosp,quantile,0.35,173.8465620651073
20,2025-01-18,2,2025-02-01,wk inc flu hosp,quantile,0.35,120.97106070601066
21,2025-01-18,2,2025-02-01,wk inc flu hosp,quantile,0.35,207.45160868645885
22,2025-01-18,2,2025-02-01,wk inc flu hosp,quantile,0.35,233.64477907774454
23,2025-01-18,2,2025-02-01,wk inc flu hosp,quantile,0.35,73.1346390088077
24,2025-01-18,2,2025-02-01,wk inc flu hosp,quantile,0.35,229.07461355374437
25,2025-01-18,2,2025-02-01,wk inc flu hosp,quantile,0.35,392.27433943273405
26,2025-01-18,2,2025-02-01,wk inc flu hosp,quantile,0.35,374.45265218438624
27,2025-01-18,2,2025-02-01,wk inc flu hosp,quantile,0.35,672.6370611329916
28,2025-01-18,2,2025-02-01,wk inc flu hosp,quantile,0.35,157.38561792987375
29,2025-01-18,2,2025-02-01,wk inc flu hosp,quantile,0.35,270.900784525954
30,2025-01-18,2,2025-02-01,wk inc flu hosp,quantile,0.35,40.6610293688404
31,2025-01-18,2,2025-02-01,wk inc flu hosp,quantile,0.35,94.14854493767402
32,2025-01-18,2,2025-02-01,wk inc flu hosp,quantile,0.35,124.76584462084435
33,2025-01-18,2,2025-02-01,wk inc flu hosp,quantile,0.35,32.22092670134548
34,2025-01-18,2,2025-02-01,wk inc flu hosp,quantile,0.35,565.7498757744044
35,2025-01-18,2,2025-02-01,wk inc flu hosp,quantile,0.35,120.18798762217114
36,2025-01-18,2,2025-02-01,wk inc flu hosp,quantile,0.35,1155.753509446777
37,2025-01-18,2,2025-02-01,wk inc flu hosp,quantile,0.35,404.69648906431013
38,2025-01-18,2,2025-02-01,wk inc flu hosp,quantile,0.35,30.63401672904285
39,2025-01-18,2,2025-02-01,wk inc flu hosp,quantile,0.35,564.2309556719471
40,2025-01-18,2,2025-02-01,wk inc flu hosp,quantile,0.35,155.51975063036676
41,2025-01-18,2,2025-02-01,wk inc flu hosp,quantile,0.35,130.59722329697584
42,2025-01-18,2,2025-02-01,wk inc flu hosp,quantile,0.35,980.5417103875773
44,2025-01-18,2,2025-02-01,wk inc flu hosp,quantile,0.35,36.64583344239391
45,2025-01-18,2,2025-02-01,wk inc flu hosp,quantile,0.35,239.6593421370745
46,2025-01-18,2,2025-02-01,wk inc flu hosp,quantile,0.35,40.85273377390505
47,2025-01-18,2,2025-02-01,wk inc flu hosp,quantile,0.35,324.8118784394494
48,2025-01-18,2,2025-02-01,wk inc flu hosp,quantile,0.35,1357.6768299875203
49,2025-01-18,2,2025-02-01,wk inc flu hosp,quantile,0.35,108.35241920371895
50,2025-01-18,2,2025-02-01,wk inc flu hosp,quantile,0.35,22.923534022889385
51,2025-01-18,2,2025-02-01,wk inc flu hosp,quantile,0.35,300.3922971357728
53,2025-01-18,2,2025-02-01,wk inc flu hosp,quantile,0.35,289.2710460381267
54,2025-01-18,2,2025-02-01,wk inc flu hosp,quantile,0.35,102.4084451031655
55,2025-01-18,2,2025-02-01,wk inc flu hosp,quantile,0.35,242.4969356081291
56,2025-01-18,2,2025-02-01,wk inc flu hosp,quantile,0.35,30.979934924291218
72,2025-01-18,2,2025-02-01,wk inc flu hosp,quantile,0.35,772.4052816142436
US,2025-01-18,2,2025-02-01,wk inc flu hosp,quantile,0.35,18948.39757426715
01,2025-01-18,3,2025-02-08,wk inc flu hosp,quantile,0.35,151.80943093213247
02,2025-01-18,3,2025-02-08,wk inc flu hosp,quantile,0.35,22.685749014034304
04,2025-01-18,3,2025-02-08,wk inc flu hosp,quantile,0.35,541.7722407845217
05,2025-01-18,3,2025-02-08,wk inc flu hosp,quantile,0.35,107.9645554042379
06,2025-01-18,3,2025-02-08,wk inc flu hosp,quantile,0.35,1154.7568509459923
08,2025-01-18,3,2025-02-08,wk inc flu hosp,quantile,0.35,183.10916901998309
09,2025-01-18,3,2025-02-08,wk inc flu hosp,quantile,0.35,174.9909384997803
10,2025-01-18,3,2025-02-08,wk inc flu hosp,quantile,0.35,22.64909167936636
11,2025-01-18,3,2025-02-08,wk inc flu hosp,quantile,0.35,22.175608249289073
12,2025-01-18,3,2025-02-08,wk inc flu hosp,quantile,0.35,1154.3151551668714
13,2025-01-18,3,2025-02-08,wk inc flu hosp,quantile,0.35,341.17561997482
15,2025-01-18,3,2025-02-08,wk inc flu hosp,quantile,0.35,29.23611882047218
16,2025-01-18,3,2025-02-08,wk inc flu hosp,quantile,0.35,53.072854831899
17,2025-01-18,3,2025-02-08,wk inc flu hosp,quantile,0.35,458.646060785423
18,2025-01-18,3,2025-02-08,wk inc flu hosp,quantile,0.35,245.2075253159446
19,2025-01-18,3,2025-02-08,wk inc flu hosp,quantile,0.35,156.48661963941007
20,2025-01-18,3,2025-02-08,wk inc flu hosp,quantile,0.35,93.98199617325616
21,2025-01-18,3,2025-02-08,wk inc flu hosp,quantile,0.35,162.36456906512095
22,2025-01-18,3,2025-02-08,wk inc flu hosp,quantile,0.35,183.48679175520337
23,2025-01-18,3,2025-02-08,wk inc flu hosp,quantile,0.35,66.48360678710365
24,2025-01-18,3,2025-02-08,wk inc flu hosp,quantile,0.35,201.35122908719188
25,2025-01-18,3,2025-02-08,wk inc flu hosp,quantile,0.35,353.3882885606951
26,2025-01-18,3,2025-02-08,wk inc flu hosp,quantile,0.35,341.3546325146984
27,2025-01-18,3,2025-02-08,wk inc flu hosp,quantile,0.35,580.6186745960715
28,2025-01-18,3,2025-02-08,wk inc flu hosp,quantile,0.35,136.52698223525735
29,2025-01-18,3,2025-02-08,wk inc flu hosp,quantile,0.35,208.66287580247342
30,2025-01-18,3,2025-02-08,wk inc flu hosp,quantile,0.35,34.370219149265516
31,2025-01-18,3,2025-02-08,wk inc flu hosp,quantile,0.35,73.5474229519047
32,2025-01-18,3,2025-02-08,wk inc flu hosp,quantile,0.35,95.50408338410327
33,2025-01-18,3,2025-02-08,wk inc flu hosp,quantile,0.35,25.397910419454163
34,2025-01-18,3,2025-02-08,wk inc flu hosp,quantile,0.35,450.96936250871465
35,2025-01-18,3,2025-02-08,wk inc flu hosp,quantile,0.35,98.05924123047309
36,2025-01-18,3,2025-02-08,wk inc flu hosp,quantile,0.35,916.8095132531292
37,2025-01-18,3,2025-02-08,wk inc flu hosp,quantile,0.35,313.2105987877354
38,2025-01-18,3,2025-02-08,wk inc flu hosp,quantile,0.35,27.974907544670227
39,2025-01-18,3,2025-02-08,wk inc flu hosp,quantile,0.35,458.97835830371827
40,2025-01-18,3,2025-02-08,wk inc flu hosp,quantile,0.35,138.011940706428
41,2025-01-18,3,2025-02-08,wk inc flu hosp,quantile,0.35,98.17840933533284
42,2025-01-18,3,2025-02-08,wk inc flu hosp,quantile,0.35,830.4263873200881
44,2025-01-18,3,2025-02-08,wk inc flu hosp,quantile,0.35,30.20710892812671
45,2025-01-18,3,2025-02-08,wk inc flu hosp,quantile,0.35,200.8121015270162
46,2025-01-18,3,2025-02-08,wk inc flu hosp,quantile,0.35,38.20871373196788
47,2025-01-18,3,2025-02-08,wk inc flu hosp,quantile,0.35,250.45282623385276
48,2025-01-18,3,2025-02-08,wk inc flu hosp,quantile,0.35,1142.272103958468
49,2025-01-18,3,2025-02-08,wk inc flu hosp,quantile,0.35,91.16540949686835
50,2025-01-18,3,2025-02-08,wk inc flu hosp,quantile,0.35,20.753228027477956
51,2025-01-18,3,2025-02-08,wk inc flu hosp,quantile,0.35,269.50805409387226
53,2025-01-18,3,2025-02-08,wk inc flu hosp,quantile,0.35,224.0588091852764
54,2025-01-18,3,2025-02-08,wk inc flu hosp,quantile,0.35,91.34112148212782
55,2025-01-18,3,2025-02-08,wk inc flu hosp,quantile,0.35,211.42625833441215
56,2025-01-18,3,2025-02-08,wk inc flu hosp,quantile,0.35,25.358438470732548
72,2025-01-18,3,2025-02-08,wk inc flu hosp,quantile,0.35,704.455877867466
US,2025-01-18,3,2025-02-08,wk inc flu hosp,quantile,0.35,15251.241305575095
01,2025-01-18,0,2025-01-18,wk inc flu hosp,quantile,0.4,301.8342868907341
02,2025-01-18,0,2025-01-18,wk inc flu hosp,quantile,0.4,29.065198427710115
04,2025-01-18,0,2025-01-18,wk inc flu hosp,quantile,0.4,950.4619108489893
05,2025-01-18,0,2025-01-18,wk inc flu hosp,quantile,0.4,106.60045197020214
06,2025-01-18,0,2025-01-18,wk inc flu hosp,quantile,0.4,2101.0518479352436
08,2025-01-18,0,2025-01-18,wk inc flu hosp,quantile,0.4,333.8687767301557
09,2025-01-18,0,2025-01-18,wk inc flu hosp,quantile,0.4,220.92386295894903
10,2025-01-18,0,2025-01-18,wk inc flu hosp,quantile,0.4,46.08265977108787
11,2025-01-18,0,2025-01-18,wk inc flu hosp,quantile,0.4,30.092022525064866
12,2025-01-18,0,2025-01-18,wk inc flu hosp,quantile,0.4,1764.8913703297374
13,2025-01-18,0,2025-01-18,wk inc flu hosp,quantile,0.4,583.8282658702855
15,2025-01-18,0,2025-01-18,wk inc flu hosp,quantile,0.4,45.557619237153475
16,2025-01-18,0,2025-01-18,wk inc flu hosp,quantile,0.4,97.58139820511565
17,2025-01-18,0,2025-01-18,wk inc flu hosp,quantile,0.4,877.4829028513763
18,2025-01-18,0,2025-01-18,wk inc flu hosp,quantile,0.4,385.5163994593647
19,2025-01-18,0,2025-01-18,wk inc flu hosp,quantile,0.4,196.4217880482062
20,2025-01-18,0,2025-01-18,wk inc flu hosp,quantile,0.4,164.3009391154745
21,2025-01-18,0,2025-01-18,wk inc flu hosp,quantile,0.4,280.7223582831067
22,2025-01-18,0,2025-01-18,wk inc flu hosp,quantile,0.4,328.10588326032877
23,2025-01-18,0,2025-01-18,wk inc flu hosp,quantile,0.4,77.6557118512155
24,2025-01-18,0,2025-01-18,wk inc flu hosp,quantile,0.4,269.7525735623066
25,2025-01-18,0,2025-01-18,wk inc flu hosp,quantile,0.4,417.8866451575698
26,2025-01-18,0,2025-01-18,wk inc flu hosp,quantile,0.4,384.2041428031297
27,2025-01-18,0,2025-01-18,wk inc flu hosp,quantile,0.4,962.086939668482
28,2025-01-18,0,2025-01-18,wk inc flu hosp,quantile,0.4,173.3914406589248
29,2025-01-18,0,2025-01-18,wk inc flu hosp,quantile,0.4,346.27435354185064
30,2025-01-18,0,2025-01-18,wk inc flu hosp,quantile,0.4,44.80009452447637
31,2025-01-18,0,2025-01-18,wk inc flu hosp,quantile,0.4,121.52461548129968
32,2025-01-18,0,2025-01-18,wk inc flu hosp,quantile,0.4,171.69651269366068
33,2025-01-18,0,2025-01-18,wk inc flu hosp,quantile,0.4,47.070983210284346
34,2025-01-18,0,2025-01-18,wk inc flu hosp,quantile,0.4,765.3242218072845
35,2025-01-18,0,2025-01-18,wk inc flu hosp,quantile,0.4,159.37409642372936
36,2025-01-18,0,2025-01-18,wk inc flu hosp,quantile,0.4,1532.9228445004721
37,2025-01-18,0,2025-01-18,wk inc flu hosp,quantile,0.4,529.5838566287365
38,2025-01-18,0,2025-01-18,wk inc flu hosp,quantile,0.4,31.230489112777565
39,2025-01-18,0,2025-01-18,wk inc flu hosp,quantile,0.4,696.429566549764
40,2025-01-18,0,2025-01-18,wk inc flu hosp,quantile,0.4,158.1304571635979
41,2025-01-18,0,2025-01-18,wk inc flu hosp,quantile,0.4,203.38976901251013
42,2025-01-18,0,2025-01-18,wk inc flu hosp,quantile,0.4,1198.0673017214904
44,2025-01-18,0,2025-01-18,wk inc flu hosp,quantile,0.4,46.98748134412083
45,2025-01-18,0,2025-01-18,wk inc flu hosp,quantile,0.4,296.85692117107715
46,2025-01-18,0,2025-01-18,wk inc flu hosp,quantile,0.4,40.93540529423029
47,2025-01-18,0,2025-01-18,wk inc flu hosp,quantile,0.4,460.77451851199567
48,2025-01-18,0,2025-01-18,wk inc flu hosp,quantile,0.4,1584.5218353059017
49,2025-01-18,0,2025-01-18,wk inc flu hosp,quantile,0.4,165.56161430786347
50,2025-01-18,0,2025-01-18,wk inc flu hosp,quantile,0.4,24.97733020744454
51,2025-01-18,0,2025-01-18,wk inc flu hosp,quantile,0.4,336.2345436367353
53,2025-01-18,0,2025-01-18,wk inc flu hosp,quantile,0.4,388.02042219416194
54,2025-01-18,0,2025-01-18,wk inc flu hosp,quantile,0.4,115.13365755599757
55,2025-01-18,0,2025-01-18,wk inc flu hosp,quantile,0.4,287.1076467651234
56,2025-01-18,0,2025-01-18,wk inc flu hosp,quantile,0.4,44.270224194044744
72,2025-01-18,0,2025-01-18,wk inc flu hosp,quantile,0.4,981.2354512368845
US,2025-01-18,0,2025-01-18,wk inc flu hosp,quantile,0.4,23724.69497430945
01,2025-01-18,1,2025-01-25,wk inc flu hosp,quantile,0.4,255.2179622901859
02,2025-01-18,1,2025-01-25,wk inc flu hosp,quantile,0.4,27.790724008901748
04,2025-01-18,1,2025-01-25,wk inc flu hosp,quantile,0.4,805.815369256308
05,2025-01-18,1,2025-01-25,wk inc flu hosp,quantile,0.4,115.82951375159205
06,2025-01-18,1,2025-01-25,wk inc flu hosp,quantile,0.4,1824.3652677514572
08,2025-01-18,1,2025-01-25,wk inc flu hosp,quantile,0.4,288.23915825042656
09,2025-01-18,1,2025-01-25,wk inc flu hosp,quantile,0.4,215.61479753829428
10,2025-01-18,1,2025-01-25,wk inc flu hosp,quantile,0.4,37.519945949553986
11,2025-01-18,1,2025-01-25,wk inc flu hosp,quantile,0.4,29.149946409589187
12,2025-01-18,1,2025-01-25,wk inc flu hosp,quantile,0.4,1623.2666672998294
13,2025-01-18,1,2025-01-25,wk inc flu hosp,quantile,0.4,528.1278717364303
15,2025-01-18,1,2025-01-25,wk inc flu hosp,quantile,0.4,41.33199039658349
16,2025-01-18,1,2025-01-25,wk inc flu hosp,quantile,0.4,85.5193754136916
17,2025-01-18,1,2025-01-25,wk inc flu hosp,quantile,0.4,742.4630814599963
18,2025-01-18,1,2025-01-25,wk inc flu hosp,quantile,0.4,356.8814456819107
19,2025-01-18,1,2025-01-25,wk inc flu hosp,quantile,0.4,191.9952326146819
20,2025-01-18,1,2025-01-25,wk inc flu hosp,quantile,0.4,146.27311000036516
21,2025-01-18,1,2025-01-25,wk inc flu hosp,quantile,0.4,247.06788287694263
22,2025-01-18,1,2025-01-25,wk inc flu hosp,quantile,0.4,288.7402832903716
23,2025-01-18,1,2025-01-25,wk inc flu hosp,quantile,0.4,77.91794972603054
24,2025-01-18,1,2025-01-25,wk inc flu hosp,quantile,0.4,256.71301875528707
25,2025-01-18,1,2025-01-25,wk inc flu hosp,quantile,0.4,414.25930355448156
26,2025-01-18,1,2025-01-25,wk inc flu hosp,quantile,0.4,400.9671638547241
27,2025-01-18,1,2025-01-25,wk inc flu hosp,quantile,0.4,829.7392780773873
28,2025-01-18,1,2025-01-25,wk inc flu hosp,quantile,0.4,171.10417229581614
29,2025-01-18,1,2025-01-25,wk inc flu hosp,quantile,0.4,316.30464830634855
30,2025-01-18,1,2025-01-25,wk inc flu hosp,quantile,0.4,44.50680018072183
31,2025-01-18,1,2025-01-25,wk inc flu hosp,quantile,0.4,110.0859609651463
32,2025-01-18,1,2025-01-25,wk inc flu hosp,quantile,0.4,152.27406949791043
33,2025-01-18,1,2025-01-25,wk inc flu hosp,quantile,0.4,40.32737669456546
34,2025-01-18,1,2025-01-25,wk inc flu hosp,quantile,0.4,674.9097386131265
35,2025-01-18,1,2025-01-25,wk inc flu hosp,quantile,0.4,145.00965481221652
36,2025-01-18,1,2025-01-25,wk inc flu hosp,quantile,0.4,1357.188802458573
37,2025-01-18,1,2025-01-25,wk inc flu hosp,quantile,0.4,475.2563064147502
38,2025-01-18,1,2025-01-25,wk inc flu hosp,quantile,0.4,31.87459283453191
39,2025-01-18,1,2025-01-25,wk inc flu hosp,quantile,0.4,638.8463426689004
40,2025-01-18,1,2025-01-25,wk inc flu hosp,quantile,0.4,162.5292365349652
41,2025-01-18,1,2025-01-25,wk inc flu hosp,quantile,0.4,168.86480500792067
42,2025-01-18,1,2025-01-25,wk inc flu hosp,quantile,0.4,1117.352275705903
44,2025-01-18,1,2025-01-25,wk inc flu hosp,quantile,0.4,43.04809425858196
45,2025-01-18,1,2025-01-25,wk inc flu hosp,quantile,0.4,279.27435895159994
46,2025-01-18,1,2025-01-25,wk inc flu hosp,quantile,0.4,42.28145450949319
47,2025-01-18,1,2025-01-25,wk inc flu hosp,quantile,0.4,397.8669105247179
48,2025-01-18,1,2025-01-25,wk inc flu hosp,quantile,0.4,1512.2094194267222
49,2025-01-18,1,2025-01-25,wk inc flu hosp,quantile,0.4,138.55832325123902
50,2025-01-18,1,2025-01-25,wk inc flu hosp,quantile,0.4,25.36565693308921
51,2025-01-18,1,2025-01-25,wk inc flu hosp,quantile,0.4,322.8037327091472
53,2025-01-18,1,2025-01-25,wk inc flu hosp,quantile,0.4,355.1854030390454
54,2025-01-18,1,2025-01-25,wk inc flu hosp,quantile,0.4,112.98017470792237
55,2025-01-18,1,2025-01-25,wk inc flu hosp,quantile,0.4,268.8998165756482
56,2025-01-18,1,2025-01-25,wk inc flu hosp,quantile,0.4,37.652404994496116
72,2025-01-18,1,2025-01-25,wk inc flu hosp,quantile,0.4,898.9906831981767
US,2025-01-18,1,2025-01-25,wk inc flu hosp,quantile,0.4,21727.50942959812
01,2025-01-18,2,2025-02-01,wk inc flu hosp,quantile,0.4,203.73232648857888
02,2025-01-18,2,2025-02-01,wk inc flu hosp,quantile,0.4,25.93694496289044
04,2025-01-18,2,2025-02-01,wk inc flu hosp,quantile,0.4,655.2000508469971
05,2025-01-18,2,2025-02-01,wk inc flu hosp,quantile,0.4,116.18305201429658
06,2025-01-18,2,2025-02-01,wk inc flu hosp,quantile,0.4,1479.8879207326793
08,2025-01-18,2,2025-02-01,wk inc flu hosp,quantile,0.4,239.39229583702794
09,2025-01-18,2,2025-02-01,wk inc flu hosp,quantile,0.4,199.86794970717165
10,2025-01-18,2,2025-02-01,wk inc flu hosp,quantile,0.4,29.42387966764977
11,2025-01-18,2,2025-02-01,wk inc flu hosp,quantile,0.4,26.429154479610094
12,2025-01-18,2,2025-02-01,wk inc flu hosp,quantile,0.4,1437.5960298688694
13,2025-01-18,2,2025-02-01,wk inc flu hosp,quantile,0.4,449.43298387271955
15,2025-01-18,2,2025-02-01,wk inc flu hosp,quantile,0.4,36.07426199909658
16,2025-01-18,2,2025-02-01,wk inc flu hosp,quantile,0.4,68.26942097006417
17,2025-01-18,2,2025-02-01,wk inc flu hosp,quantile,0.4,621.6097012521108
18,2025-01-18,2,2025-02-01,wk inc flu hosp,quantile,0.4,317.12042972504395
19,2025-01-18,2,2025-02-01,wk inc flu hosp,quantile,0.4,177.74018960485395
20,2025-01-18,2,2025-02-01,wk inc flu hosp,quantile,0.4,122.94746762930286
21,2025-01-18,2,2025-02-01,wk inc flu hosp,quantile,0.4,210.18951816057356
22,2025-01-18,2,2025-02-01,wk inc flu hosp,quantile,0.4,236.1444284421613
23,2025-01-18,2,2025-02-01,wk inc flu hosp,quantile,0.4,74.24983630246395
24,2025-01-18,2,2025-02-01,wk inc flu hosp,quantile,0.4,234.6521401056762
25,2025-01-18,2,2025-02-01,wk inc flu hosp,quantile,0.4,397.5761456430622
26,2025-01-18,2,2025-02-01,wk inc flu hosp,quantile,0.4,383.85387536718997
27,2025-01-18,2,2025-02-01,wk inc flu hosp,quantile,0.4,695.1227783603601
28,2025-01-18,2,2025-02-01,wk inc flu hosp,quantile,0.4,158.68503740069133
29,2025-01-18,2,2025-02-01,wk inc flu hosp,quantile,0.4,273.01003697210905
30,2025-01-18,2,2025-02-01,wk inc flu hosp,quantile,0.4,40.74457548786937
31,2025-01-18,2,2025-02-01,wk inc flu hosp,quantile,0.4,95.09014659830794
32,2025-01-18,2,2025-02-01,wk inc flu hosp,quantile,0.4,125.96965596108821
33,2025-01-18,2,2025-02-01,wk inc flu hosp,quantile,0.4,32.747116495411795
34,2025-01-18,2,2025-02-01,wk inc flu hosp,quantile,0.4,567.7290650426687
35,2025-01-18,2,2025-02-01,wk inc flu hosp,quantile,0.4,125.05454872363316
36,2025-01-18,2,2025-02-01,wk inc flu hosp,quantile,0.4,1180.1538160672785
37,2025-01-18,2,2025-02-01,wk inc flu hosp,quantile,0.4,411.1996186058181
38,2025-01-18,2,2025-02-01,wk inc flu hosp,quantile,0.4,31.27191448216888
39,2025-01-18,2,2025-02-01,wk inc flu hosp,quantile,0.4,571.4618553097731
40,2025-01-18,2,2025-02-01,wk inc flu hosp,quantile,0.4,156.15178579339204
41,2025-01-18,2,2025-02-01,wk inc flu hosp,quantile,0.4,132.447005348961
42,2025-01-18,2,2025-02-01,wk inc flu hosp,quantile,0.4,1002.6478729779817
44,2025-01-18,2,2025-02-01,wk inc flu hosp,quantile,0.4,37.276348227425856
45,2025-01-18,2,2025-02-01,wk inc flu hosp,quantile,0.4,246.78936181483314
46,2025-01-18,2,2025-02-01,wk inc flu hosp,quantile,0.4,41.63329874124621
47,2025-01-18,2,2025-02-01,wk inc flu hosp,quantile,0.4,327.78282024644034
48,2025-01-18,2,2025-02-01,wk inc flu hosp,quantile,0.4,1365.0499714938635
49,2025-01-18,2,2025-02-01,wk inc flu hosp,quantile,0.4,109.78262378673084
50,2025-01-18,2,2025-02-01,wk inc flu hosp,quantile,0.4,24.07027604991762
51,2025-01-18,2,2025-02-01,wk inc flu hosp,quantile,0.4,308.74617933436906
53,2025-01-18,2,2025-02-01,wk inc flu hosp,quantile,0.4,293.18437820718015
54,2025-01-18,2,2025-02-01,wk inc flu hosp,quantile,0.4,104.62499660833642
55,2025-01-18,2,2025-02-01,wk inc flu hosp,quantile,0.4,244.86783354482077
56,2025-01-18,2,2025-02-01,wk inc flu hosp,quantile,0.4,32.866133063550016
72,2025-01-18,2,2025-02-01,wk inc flu hosp,quantile,0.4,796.1065270880607
US,2025-01-18,2,2025-02-01,wk inc flu hosp,quantile,0.4,19146.896526834844
01,2025-01-18,3,2025-02-08,wk inc flu hosp,quantile,0.4,159.5630771542448
02,2025-01-18,3,2025-02-08,wk inc flu hosp,quantile,0.4,23.19371939643282
04,2025-01-18,3,2025-02-08,wk inc flu hosp,quantile,0.4,550.2103442303127
05,2025-01-18,3,2025-02-08,wk inc flu hosp,quantile,0.4,108.29575403171994
06,2025-01-18,3,2025-02-08,wk inc flu hosp,quantile,0.4,1176.0918422799878
08,2025-01-18,3,2025-02-08,wk inc flu hosp,quantile,0.4,190.35976044058796
09,2025-01-18,3,2025-02-08,wk inc flu hosp,quantile,0.4,178.0955216044608
10,2025-01-18,3,2025-02-08,wk inc flu hosp,quantile,0.4,23.611094695982473
11,2025-01-18,3,2025-02-08,wk inc flu hosp,quantile,0.4,22.30887330966687
12,2025-01-18,3,2025-02-08,wk inc flu hosp,quantile,0.4,1183.923284148237
13,2025-01-18,3,2025-02-08,wk inc flu hosp,quantile,0.4,345.4792211676906
15,2025-01-18,3,2025-02-08,wk inc flu hosp,quantile,0.4,30.436007291498232
16,2025-01-18,3,2025-02-08,wk inc flu hosp,quantile,0.4,53.79209007550493
17,2025-01-18,3,2025-02-08,wk inc flu hosp,quantile,0.4,486.46894788978045
18,2025-01-18,3,2025-02-08,wk inc flu hosp,quantile,0.4,254.70862539617366
19,2025-01-18,3,2025-02-08,wk inc flu hosp,quantile,0.4,158.39476416136108
20,2025-01-18,3,2025-02-08,wk inc flu hosp,quantile,0.4,95.42518719143918
21,2025-01-18,3,2025-02-08,wk inc flu hosp,quantile,0.4,162.58830988697196
22,2025-01-18,3,2025-02-08,wk inc flu hosp,quantile,0.4,188.66339739993785
23,2025-01-18,3,2025-02-08,wk inc flu hosp,quantile,0.4,68.88630800675823
24,2025-01-18,3,2025-02-08,wk inc flu hosp,quantile,0.4,204.29440924911844
25,2025-01-18,3,2025-02-08,wk inc flu hosp,quantile,0.4,360.8728022941203
26,2025-01-18,3,2025-02-08,wk inc flu hosp,quantile,0.4,344.26230740725555
27,2025-01-18,3,2025-02-08,wk inc flu hosp,quantile,0.4,588.7272822032936
28,2025-01-18,3,2025-02-08,wk inc flu hosp,quantile,0.4,139.75089326301975
29,2025-01-18,3,2025-02-08,wk inc flu hosp,quantile,0.4,213.21379402511536
30,2025-01-18,3,2025-02-08,wk inc flu hosp,quantile,0.4,34.64917363089549
31,2025-01-18,3,2025-02-08,wk inc flu hosp,quantile,0.4,74.18808672566729
32,2025-01-18,3,2025-02-08,wk inc flu hosp,quantile,0.4,97.19449806580926
33,2025-01-18,3,2025-02-08,wk inc flu hosp,quantile,0.4,26.379550381348484
34,2025-01-18,3,2025-02-08,wk inc flu hosp,quantile,0.4,464.48549058291206
35,2025-01-18,3,2025-02-08,wk inc flu hosp,quantile,0.4,102.72550433722876
36,2025-01-18,3,2025-02-08,wk inc flu hosp,quantile,0.4,932.9680003827688
37,2025-01-18,3,2025-02-08,wk inc flu hosp,quantile,0.4,317.66362126674477
38,2025-01-18,3,2025-02-08,wk inc flu hosp,quantile,0.4,28.93386939160729
39,2025-01-18,3,2025-02-08,wk inc flu hosp,quantile,0.4,476.3911756099915
40,2025-01-18,3,2025-02-08,wk inc flu hosp,quantile,0.4,141.9472486951241
41,2025-01-18,3,2025-02-08,wk inc flu hosp,quantile,0.4,101.41632587372168
42,2025-01-18,3,2025-02-08,wk inc flu hosp,quantile,0.4,871.3078086354205
44,2025-01-18,3,2025-02-08,wk inc flu hosp,quantile,0.4,30.215720450940854
45,2025-01-18,3,2025-02-08,wk inc flu hosp,quantile,0.4,212.33101737500678
46,2025-01-18,3,2025-02-08,wk inc flu hosp,quantile,0.4,38.79128058184134
47,2025-01-18,3,2025-02-08,wk inc flu hosp,quantile,0.4,254.5923143585237
48,2025-01-18,3,2025-02-08,wk inc flu hosp,quantile,0.4,1176.8897283844515
49,2025-01-18,3,2025-02-08,wk inc flu hosp,quantile,0.4,92.17382265911134
50,2025-01-18,3,2025-02-08,wk inc flu hosp,quantile,0.4,21.2246393795764
51,2025-01-18,3,2025-02-08,wk inc flu hosp,quantile,0.4,272.12198944646036
53,2025-01-18,3,2025-02-08,wk inc flu hosp,quantile,0.4,233.03291196427003
54,2025-01-18,3,2025-02-08,wk inc flu hosp,quantile,0.4,94.80910427693841
55,2025-01-18,3,2025-02-08,wk inc flu hosp,quantile,0.4,216.57624428042752
56,2025-01-18,3,2025-02-08,wk inc flu hosp,quantile,0.4,25.762939190868916
72,2025-01-18,3,2025-02-08,wk inc flu hosp,quantile,0.4,736.6444016659453
US,2025-01-18,3,2025-02-08,wk inc flu hosp,quantile,0.4,15758.857934387379
01,2025-01-18,0,2025-01-18,wk inc flu hosp,quantile,0.45,312.4825818836268
02,2025-01-18,0,2025-01-18,wk inc flu hosp,quantile,0.45,30.671460677032695
04,2025-01-18,0,2025-01-18,wk inc flu hosp,quantile,0.45,959.967224682486
05,2025-01-18,0,2025-01-18,wk inc flu hosp,quantile,0.45,112.00543181465602
06,2025-01-18,0,2025-01-18,wk inc flu hosp,quantile,0.45,2116.9476926945486
08,2025-01-18,0,2025-01-18,wk inc flu hosp,quantile,0.45,346.0543967869966
09,2025-01-18,0,2025-01-18,wk inc flu hosp,quantile,0.45,229.57162045830623
10,2025-01-18,0,2025-01-18,wk inc flu hosp,quantile,0.45,47.72522271536861
11,2025-01-18,0,2025-01-18,wk inc flu hosp,quantile,0.45,31.36236906483206
12,2025-01-18,0,2025-01-18,wk inc flu hosp,quantile,0.45,1813.5226596449388
13,2025-01-18,0,2025-01-18,wk inc flu hosp,quantile,0.45,590.5347035365224
15,2025-01-18,0,2025-01-18,wk inc flu hosp,quantile,0.45,47.449705951632566
16,2025-01-18,0,2025-01-18,wk inc flu hosp,quantile,0.45,99.27849419176763
17,2025-01-18,0,2025-01-18,wk inc flu hosp,quantile,0.45,881.447223850836
18,2025-01-18,0,2025-01-18,wk inc flu hosp,quantile,0.45,392.43423683514936
19,2025-01-18,0,2025-01-18,wk inc flu hosp,quantile,0.45,205.2474867380903
20,2025-01-18,0,2025-01-18,wk inc flu hosp,quantile,0.45,166.1054856419409
21,2025-01-18,0,2025-01-18,wk inc flu hosp,quantile,0.45,287.7200718856968
22,2025-01-18,0,2025-01-18,wk inc flu hosp,quantile,0.45,337.2598682254178
23,2025-01-18,0,2025-01-18,wk inc flu hosp,quantile,0.45,80.05935189931722
24,2025-01-18,0,2025-01-18,wk inc flu hosp,quantile,0.45,275.3530495677539
25,2025-01-18,0,2025-01-18,wk inc flu hosp,quantile,0.45,438.80476613446825
26,2025-01-18,0,2025-01-18,wk inc flu hosp,quantile,0.45,402.78183334922267
27,2025-01-18,0,2025-01-18,wk inc flu hosp,quantile,0.45,999.1446285907075
28,2025-01-18,0,2025-01-18,wk inc flu hosp,quantile,0.45,178.30374653547744
29,2025-01-18,0,2025-01-18,wk inc flu hosp,quantile,0.45,353.5270754642772
30,2025-01-18,0,2025-01-18,wk inc flu hosp,quantile,0.45,47.384193465889275
31,2025-01-18,0,2025-01-18,wk inc flu hosp,quantile,0.45,124.38268176022078
32,2025-01-18,0,2025-01-18,wk inc flu hosp,quantile,0.45,176.08193488658532
33,2025-01-18,0,2025-01-18,wk inc flu hosp,quantile,0.45,49.79909755207654
34,2025-01-18,0,2025-01-18,wk inc flu hosp,quantile,0.45,775.7321751184994
35,2025-01-18,0,2025-01-18,wk inc flu hosp,quantile,0.45,165.29282076346627
36,2025-01-18,0,2025-01-18,wk inc flu hosp,quantile,0.45,1554.21584686072
37,2025-01-18,0,2025-01-18,wk inc flu hosp,quantile,0.45,536.525400526535
38,2025-01-18,0,2025-01-18,wk inc flu hosp,quantile,0.45,33.13807110547443
39,2025-01-18,0,2025-01-18,wk inc flu hosp,quantile,0.45,710.6279836104547
40,2025-01-18,0,2025-01-18,wk inc flu hosp,quantile,0.45,164.6858211073444
41,2025-01-18,0,2025-01-18,wk inc flu hosp,quantile,0.45,210.76323288014845
42,2025-01-18,0,2025-01-18,wk inc flu hosp,quantile,0.45,1233.7524414201155
44,2025-01-18,0,2025-01-18,wk inc flu hosp,quantile,0.45,49.375994680310264
45,2025-01-18,0,2025-01-18,wk inc flu hosp,quantile,0.45,304.0286726303645
46,2025-01-18,0,2025-01-18,wk inc flu hosp,quantile,0.45,42.95571686368024
47,2025-01-18,0,2025-01-18,wk inc flu hosp,quantile,0.45,469.18191233818203
48,2025-01-18,0,2025-01-18,wk inc flu hosp,quantile,0.45,1626.0455898412713
49,2025-01-18,0,2025-01-18,wk inc flu hosp,quantile,0.45,165.7984656812051
50,2025-01-18,0,2025-01-18,wk inc flu hosp,quantile,0.45,26.568647967791353
51,2025-01-18,0,2025-01-18,wk inc flu hosp,quantile,0.45,351.46014115472667
53,2025-01-18,0,2025-01-18,wk inc flu hosp,quantile,0.45,402.61720034308337
54,2025-01-18,0,2025-01-18,wk inc flu hosp,quantile,0.45,120.57314429707726
55,2025-01-18,0,2025-01-18,wk inc flu hosp,quantile,0.45,295.48977785476274
56,2025-01-18,0,2025-01-18,wk inc flu hosp,quantile,0.45,45.58540054075571
72,2025-01-18,0,2025-01-18,wk inc flu hosp,quantile,0.45,1023.4451145525394
US,2025-01-18,0,2025-01-18,wk inc flu hosp,quantile,0.45,24072.519668675843
01,2025-01-18,1,2025-01-25,wk inc flu hosp,quantile,0.45,264.3970380921909
02,2025-01-18,1,2025-01-25,wk inc flu hosp,quantile,0.45,29.31409712458306
04,2025-01-18,1,2025-01-25,wk inc flu hosp,quantile,0.45,831.0894054226135
05,2025-01-18,1,2025-01-25,wk inc flu hosp,quantile,0.45,119.88860847532628
06,2025-01-18,1,2025-01-25,wk inc flu hosp,quantile,0.45,1876.7721590215858
08,2025-01-18,1,2025-01-25,wk inc flu hosp,quantile,0.45,301.7058876210802
09,2025-01-18,1,2025-01-25,wk inc flu hosp,quantile,0.45,219.59121006078098
10,2025-01-18,1,2025-01-25,wk inc flu hosp,quantile,0.45,39.369373147425904
11,2025-01-18,1,2025-01-25,wk inc flu hosp,quantile,0.45,29.281078098077725
12,2025-01-18,1,2025-01-25,wk inc flu hosp,quantile,0.45,1680.133928554528
13,2025-01-18,1,2025-01-25,wk inc flu hosp,quantile,0.45,536.8485254965672
15,2025-01-18,1,2025-01-25,wk inc flu hosp,quantile,0.45,43.74275903655329
16,2025-01-18,1,2025-01-25,wk inc flu hosp,quantile,0.45,89.36999889802411
17,2025-01-18,1,2025-01-25,wk inc flu hosp,quantile,0.45,771.1377729093296
18,2025-01-18,1,2025-01-25,wk inc flu hosp,quantile,0.45,358.2211360795847
19,2025-01-18,1,2025-01-25,wk inc flu hosp,quantile,0.45,197.2868849105159
20,2025-01-18,1,2025-01-25,wk inc flu hosp,quantile,0.45,149.44748749697314
21,2025-01-18,1,2025-01-25,wk inc flu hosp,quantile,0.45,260.16562381798656
22,2025-01-18,1,2025-01-25,wk inc flu hosp,quantile,0.45,299.7566590617666
23,2025-01-18,1,2025-01-25,wk inc flu hosp,quantile,0.45,79.67557751518503
24,2025-01-18,1,2025-01-25,wk inc flu hosp,quantile,0.45,259.13293043005154
25,2025-01-18,1,2025-01-25,wk inc flu hosp,quantile,0.45,426.7561196945807
26,2025-01-18,1,2025-01-25,wk inc flu hosp,quantile,0.45,409.4562648620848
27,2025-01-18,1,2025-01-25,wk inc flu hosp,quantile,0.45,847.9508148050323
28,2025-01-18,1,2025-01-25,wk inc flu hosp,quantile,0.45,171.21195627201848
29,2025-01-18,1,2025-01-25,wk inc flu hosp,quantile,0.45,319.34707250659255
30,2025-01-18,1,2025-01-25,wk inc flu hosp,quantile,0.45,45.965869945365924
31,2025-01-18,1,2025-01-25,wk inc flu hosp,quantile,0.45,112.73599810591683
32,2025-01-18,1,2025-01-25,wk inc flu hosp,quantile,0.45,161.2452565199759
33,2025-01-18,1,2025-01-25,wk inc flu hosp,quantile,0.45,42.55997731668158
34,2025-01-18,1,2025-01-25,wk inc flu hosp,quantile,0.45,693.3493241532631
35,2025-01-18,1,2025-01-25,wk inc flu hosp,quantile,0.45,151.25495018764272
36,2025-01-18,1,2025-01-25,wk inc flu hosp,quantile,0.45,1390.6876811278037
37,2025-01-18,1,2025-01-25,wk inc flu hosp,quantile,0.45,488.42879322475466
38,2025-01-18,1,2025-01-25,wk inc flu hosp,quantile,0.45,32.77671194027274
39,2025-01-18,1,2025-01-25,wk inc flu hosp,quantile,0.45,662.3807424835863
40,2025-01-18,1,2025-01-25,wk inc flu hosp,quantile,0.45,164.0445099876687
41,2025-01-18,1,2025-01-25,wk inc flu hosp,quantile,0.45,183.86726380301116
42,2025-01-18,1,2025-01-25,wk inc flu hosp,quantile,0.45,1137.9228838129782
44,2025-01-18,1,2025-01-25,wk inc flu hosp,quantile,0.45,44.78507163535662
45,2025-01-18,1,2025-01-25,wk inc flu hosp,quantile,0.45,281.9462984363831
46,2025-01-18,1,2025-01-25,wk inc flu hosp,quantile,0.45,43.47041046065388
47,2025-01-18,1,2025-01-25,wk inc flu hosp,quantile,0.45,406.472393845343
48,2025-01-18,1,2025-01-25,wk inc flu hosp,quantile,0.45,1534.7092883462592
49,2025-01-18,1,2025-01-25,wk inc flu hosp,quantile,0.45,141.05156136611384
50,2025-01-18,1,2025-01-25,wk inc flu hosp,quantile,0.45,25.922106814319847
51,2025-01-18,1,2025-01-25,wk inc flu hosp,quantile,0.45,333.28816324949224
53,2025-01-18,1,2025-01-25,wk inc flu hosp,quantile,0.45,374.1461675395075
54,2025-01-18,1,2025-01-25,wk inc flu hosp,quantile,0.45,115.01170741062504
55,2025-01-18,1,2025-01-25,wk inc flu hosp,quantile,0.45,279.5578101394211
56,2025-01-18,1,2025-01-25,wk inc flu hosp,quantile,0.45,39.66449176415805
72,2025-01-18,1,2025-01-25,wk inc flu hosp,quantile,0.45,928.6337243938816
US,2025-01-18,1,2025-01-25,wk inc flu hosp,quantile,0.45,22130.054345823468
01,2025-01-18,2,2025-02-01,wk inc flu hosp,quantile,0.45,214.44437904731996
02,2025-01-18,2,2025-02-01,wk inc flu hosp,quantile,0.45,27.772934187324747
04,2025-01-18,2,2025-02-01,wk inc flu hosp,quantile,0.45,692.0821604892972
05,2025-01-18,2,2025-02-01,wk inc flu hosp,quantile,0.45,118.15092356882576
06,2025-01-18,2,2025-02-01,wk inc flu hosp,quantile,0.45,1576.453108369938
08,2025-01-18,2,2025-02-01,wk inc flu hosp,quantile,0.45,253.85030902374993
09,2025-01-18,2,2025-02-01,wk inc flu hosp,quantile,0.45,202.26267395143776
10,2025-01-18,2,2025-02-01,wk inc flu hosp,quantile,0.45,31.619942325607486
11,2025-01-18,2,2025-02-01,wk inc flu hosp,quantile,0.45,26.429766288596
12,2025-01-18,2,2025-02-01,wk inc flu hosp,quantile,0.45,1443.3016012682488
13,2025-01-18,2,2025-02-01,wk inc flu hosp,quantile,0.45,455.60135421246844
15,2025-01-18,2,2025-02-01,wk inc flu hosp,quantile,0.45,37.39671168750661
16,2025-01-18,2,2025-02-01,wk inc flu hosp,quantile,0.45,73.08173972085967
17,2025-01-18,2,2025-02-01,wk inc flu hosp,quantile,0.45,632.1756485719216
18,2025-01-18,2,2025-02-01,wk inc flu hosp,quantile,0.45,321.5570901719799
19,2025-01-18,2,2025-02-01,wk inc flu hosp,quantile,0.45,179.66511800033106
20,2025-01-18,2,2025-02-01,wk inc flu hosp,quantile,0.45,125.87622830389883
21,2025-01-18,2,2025-02-01,wk inc flu hosp,quantile,0.45,214.34689352304946
22,2025-01-18,2,2025-02-01,wk inc flu hosp,quantile,0.45,250.44311031868963
23,2025-01-18,2,2025-02-01,wk inc flu hosp,quantile,0.45,74.43457339472374
24,2025-01-18,2,2025-02-01,wk inc flu hosp,quantile,0.45,236.3785781419851
25,2025-01-18,2,2025-02-01,wk inc flu hosp,quantile,0.45,401.9117328519448
26,2025-01-18,2,2025-02-01,wk inc flu hosp,quantile,0.45,393.26545272659024
27,2025-01-18,2,2025-02-01,wk inc flu hosp,quantile,0.45,724.4728894084153
28,2025-01-18,2,2025-02-01,wk inc flu hosp,quantile,0.45,159.40161453033562
29,2025-01-18,2,2025-02-01,wk inc flu hosp,quantile,0.45,276.59889423149133
30,2025-01-18,2,2025-02-01,wk inc flu hosp,quantile,0.45,41.61734543989201
31,2025-01-18,2,2025-02-01,wk inc flu hosp,quantile,0.45,96.16065587744245
32,2025-01-18,2,2025-02-01,wk inc flu hosp,quantile,0.45,133.3965885981443
33,2025-01-18,2,2025-02-01,wk inc flu hosp,quantile,0.45,35.99845374570261
34,2025-01-18,2,2025-02-01,wk inc flu hosp,quantile,0.45,590.86811174441
35,2025-01-18,2,2025-02-01,wk inc flu hosp,quantile,0.45,128.31577160302731
36,2025-01-18,2,2025-02-01,wk inc flu hosp,quantile,0.45,1213.8662677726386
37,2025-01-18,2,2025-02-01,wk inc flu hosp,quantile,0.45,419.6821631562776
38,2025-01-18,2,2025-02-01,wk inc flu hosp,quantile,0.45,31.497808829193442
39,2025-01-18,2,2025-02-01,wk inc flu hosp,quantile,0.45,583.0979876998803
40,2025-01-18,2,2025-02-01,wk inc flu hosp,quantile,0.45,157.07134681808327
41,2025-01-18,2,2025-02-01,wk inc flu hosp,quantile,0.45,146.03392104477197
42,2025-01-18,2,2025-02-01,wk inc flu hosp,quantile,0.45,1012.7647705438549
44,2025-01-18,2,2025-02-01,wk inc flu hosp,quantile,0.45,38.48431434954743
45,2025-01-18,2,2025-02-01,wk inc flu hosp,quantile,0.45,248.03314782520377
46,2025-01-18,2,2025-02-01,wk inc flu hosp,quantile,0.45,41.77821447779901
47,2025-01-18,2,2025-02-01,wk inc flu hosp,quantile,0.45,338.1930831501085
48,2025-01-18,2,2025-02-01,wk inc flu hosp,quantile,0.45,1376.8205461935845
49,2025-01-18,2,2025-02-01,wk inc flu hosp,quantile,0.45,112.83860203716904
50,2025-01-18,2,2025-02-01,wk inc flu hosp,quantile,0.45,24.600897869363514
51,2025-01-18,2,2025-02-01,wk inc flu hosp,quantile,0.45,311.23268570193994
53,2025-01-18,2,2025-02-01,wk inc flu hosp,quantile,0.45,313.15503613552335
54,2025-01-18,2,2025-02-01,wk inc flu hosp,quantile,0.45,106.26413948022609
55,2025-01-18,2,2025-02-01,wk inc flu hosp,quantile,0.45,250.5851622390953
56,2025-01-18,2,2025-02-01,wk inc flu hosp,quantile,0.45,32.966062179692294
72,2025-01-18,2,2025-02-01,wk inc flu hosp,quantile,0.45,845.3785909281698
US,2025-01-18,2,2025-02-01,wk inc flu hosp,quantile,0.45,19507.809960415438
01,2025-01-18,3,2025-02-08,wk inc flu hosp,quantile,0.45,172.7149308596067
02,2025-01-18,3,2025-02-08,wk inc flu hosp,quantile,0.45,25.20763554272298
04,2025-01-18,3,2025-02-08,wk inc flu hosp,quantile,0.45,569.5703794923216
05,2025-01-18,3,2025-02-08,wk inc flu hosp,quantile,0.45,113.48560541951919
06,2025-01-18,3,2025-02-08,wk inc flu hosp,quantile,0.45,1278.4600109301073
08,2025-01-18,3,2025-02-08,wk inc flu hosp,quantile,0.45,202.28248078922786
09,2025-01-18,3,2025-02-08,wk inc flu hosp,quantile,0.45,181.700284937521
10,2025-01-18,3,2025-02-08,wk inc flu hosp,quantile,0.45,26.473419893829135
11,2025-01-18,3,2025-02-08,wk inc flu hosp,quantile,0.45,23.40406251379306
12,2025-01-18,3,2025-02-08,wk inc flu hosp,quantile,0.45,1205.4114730124722
13,2025-01-18,3,2025-02-08,wk inc flu hosp,quantile,0.45,375.0234041792389
15,2025-01-18,3,2025-02-08,wk inc flu hosp,quantile,0.45,32.388363262516165
16,2025-01-18,3,2025-02-08,wk inc flu hosp,quantile,0.45,57.55606364570532
17,2025-01-18,3,2025-02-08,wk inc flu hosp,quantile,0.45,533.8524422500508
18,2025-01-18,3,2025-02-08,wk inc flu hosp,quantile,0.45,258.24398880577473
19,2025-01-18,3,2025-02-08,wk inc flu hosp,quantile,0.45,163.8981233057425
20,2025-01-18,3,2025-02-08,wk inc flu hosp,quantile,0.45,101.06234984250344
21,2025-01-18,3,2025-02-08,wk inc flu hosp,quantile,0.45,172.94277674704995
22,2025-01-18,3,2025-02-08,wk inc flu hosp,quantile,0.45,202.68556019997558
23,2025-01-18,3,2025-02-08,wk inc flu hosp,quantile,0.45,69.92900052410647
24,2025-01-18,3,2025-02-08,wk inc flu hosp,quantile,0.45,211.84268933558232
25,2025-01-18,3,2025-02-08,wk inc flu hosp,quantile,0.45,369.21465811364186
26,2025-01-18,3,2025-02-08,wk inc flu hosp,quantile,0.45,365.6202684927552
27,2025-01-18,3,2025-02-08,wk inc flu hosp,quantile,0.45,620.1441063583579
28,2025-01-18,3,2025-02-08,wk inc flu hosp,quantile,0.45,143.603236572951
29,2025-01-18,3,2025-02-08,wk inc flu hosp,quantile,0.45,230.5166839638042
30,2025-01-18,3,2025-02-08,wk inc flu hosp,quantile,0.45,35.51661676748692
31,2025-01-18,3,2025-02-08,wk inc flu hosp,quantile,0.45,79.16227171571934
32,2025-01-18,3,2025-02-08,wk inc flu hosp,quantile,0.45,107.60734796324493
33,2025-01-18,3,2025-02-08,wk inc flu hosp,quantile,0.45,30.380994615266466
34,2025-01-18,3,2025-02-08,wk inc flu hosp,quantile,0.45,495.565061253607
35,2025-01-18,3,2025-02-08,wk inc flu hosp,quantile,0.45,107.07059297576721
36,2025-01-18,3,2025-02-08,wk inc flu hosp,quantile,0.45,988.0987668358256
37,2025-01-18,3,2025-02-08,wk inc flu hosp,quantile,0.45,339.97789655287386
38,2025-01-18,3,2025-02-08,wk inc flu hosp,quantile,0.45,29.847116818874255
39,2025-01-18,3,2025-02-08,wk inc flu hosp,quantile,0.45,493.93261802291
40,2025-01-18,3,2025-02-08,wk inc flu hosp,quantile,0.45,149.7555035010125
41,2025-01-18,3,2025-02-08,wk inc flu hosp,quantile,0.45,110.40080466958267
42,2025-01-18,3,2025-02-08,wk inc flu hosp,quantile,0.45,885.5453909248445
44,2025-01-18,3,2025-02-08,wk inc flu hosp,quantile,0.45,31.73338038935307
45,2025-01-18,3,2025-02-08,wk inc flu hosp,quantile,0.45,216.7088912361468
46,2025-01-18,3,2025-02-08,wk inc flu hosp,quantile,0.45,39.019074600028354
47,2025-01-18,3,2025-02-08,wk inc flu hosp,quantile,0.45,273.4531661311693
48,2025-01-18,3,2025-02-08,wk inc flu hosp,quantile,0.45,1201.0417985461124
49,2025-01-18,3,2025-02-08,wk inc flu hosp,quantile,0.45,96.286425159114
50,2025-01-18,3,2025-02-08,wk inc flu hosp,quantile,0.45,22.718509592370907
51,2025-01-18,3,2025-02-08,wk inc flu hosp,quantile,0.45,285.03505057059
53,2025-01-18,3,2025-02-08,wk inc flu hosp,quantile,0.45,240.83095942928946
54,2025-01-18,3,2025-02-08,wk inc flu hosp,quantile,0.45,96.39986700207112
55,2025-01-18,3,2025-02-08,wk inc flu hosp,quantile,0.45,219.25771790745333
56,2025-01-18,3,2025-02-08,wk inc flu hosp,quantile,0.45,27.733799132369914
72,2025-01-18,3,2025-02-08,wk inc flu hosp,quantile,0.45,780.5102927804422
US,2025-01-18,3,2025-02-08,wk inc flu hosp,quantile,0.45,16018.513512555475
01,2025-01-18,0,2025-01-18,wk inc flu hosp,quantile,0.5,319.6420525117559
02,2025-01-18,0,2025-01-18,wk inc flu hosp,quantile,0.5,32.07812307034381
04,2025-01-18,0,2025-01-18,wk inc flu hosp,quantile,0.5,1017.7056727867966
05,2025-01-18,0,2025-01-18,wk inc flu hosp,quantile,0.5,117.5823926836499
06,2025-01-18,0,2025-01-18,wk inc flu hosp,quantile,0.5,2186.2166913145957
08,2025-01-18,0,2025-01-18,wk inc flu hosp,quantile,0.5,356.6051953822693
09,2025-01-18,0,2025-01-18,wk inc flu hosp,quantile,0.5,236.49187432333983
10,2025-01-18,0,2025-01-18,wk inc flu hosp,quantile,0.5,51.04360865926599
11,2025-01-18,0,2025-01-18,wk inc flu hosp,quantile,0.5,32.462029037192856
12,2025-01-18,0,2025-01-18,wk inc flu hosp,quantile,0.5,1835.9085066089074
13,2025-01-18,0,2025-01-18,wk inc flu hosp,quantile,0.5,608.5232901069295
15,2025-01-18,0,2025-01-18,wk inc flu hosp,quantile,0.5,49.089707621004976
16,2025-01-18,0,2025-01-18,wk inc flu hosp,quantile,0.5,104.01886622012861
17,2025-01-18,0,2025-01-18,wk inc flu hosp,quantile,0.5,909.1515957243951
18,2025-01-18,0,2025-01-18,wk inc flu hosp,quantile,0.5,403.36130165099576
19,2025-01-18,0,2025-01-18,wk inc flu hosp,quantile,0.5,212.69697456240252
20,2025-01-18,0,2025-01-18,wk inc flu hosp,quantile,0.5,169.23775939207272
21,2025-01-18,0,2025-01-18,wk inc flu hosp,quantile,0.5,294.86522247621747
22,2025-01-18,0,2025-01-18,wk inc flu hosp,quantile,0.5,349.9120733229373
23,2025-01-18,0,2025-01-18,wk inc flu hosp,quantile,0.5,82.04314028948146
24,2025-01-18,0,2025-01-18,wk inc flu hosp,quantile,0.5,284.1819502678652
25,2025-01-18,0,2025-01-18,wk inc flu hosp,quantile,0.5,452.7029214683052
26,2025-01-18,0,2025-01-18,wk inc flu hosp,quantile,0.5,430.83268012328216
27,2025-01-18,0,2025-01-18,wk inc flu hosp,quantile,0.5,1026.0023617464053
28,2025-01-18,0,2025-01-18,wk inc flu hosp,quantile,0.5,184.177333324239
29,2025-01-18,0,2025-01-18,wk inc flu hosp,quantile,0.5,373.92832484538985
30,2025-01-18,0,2025-01-18,wk inc flu hosp,quantile,0.5,50.26003758450039
31,2025-01-18,0,2025-01-18,wk inc flu hosp,quantile,0.5,129.37987770127958
32,2025-01-18,0,2025-01-18,wk inc flu hosp,quantile,0.5,184.00953661977178
33,2025-01-18,0,2025-01-18,wk inc flu hosp,quantile,0.5,51.64644382950166
34,2025-01-18,0,2025-01-18,wk inc flu hosp,quantile,0.5,806.592615386049
35,2025-01-18,0,2025-01-18,wk inc flu hosp,quantile,0.5,171.6966444722616
36,2025-01-18,0,2025-01-18,wk inc flu hosp,quantile,0.5,1587.7497364118324
37,2025-01-18,0,2025-01-18,wk inc flu hosp,quantile,0.5,557.2310911638705
38,2025-01-18,0,2025-01-18,wk inc flu hosp,quantile,0.5,34.01726619777802
39,2025-01-18,0,2025-01-18,wk inc flu hosp,quantile,0.5,727.7901953262157
40,2025-01-18,0,2025-01-18,wk inc flu hosp,quantile,0.5,175.74394115942127
41,2025-01-18,0,2025-01-18,wk inc flu hosp,quantile,0.5,217.4120503613393
42,2025-01-18,0,2025-01-18,wk inc flu hosp,quantile,0.5,1265.8786397224183
44,2025-01-18,0,2025-01-18,wk inc flu hosp,quantile,0.5,51.01149688584604
45,2025-01-18,0,2025-01-18,wk inc flu hosp,quantile,0.5,318.34905597018655
46,2025-01-18,0,2025-01-18,wk inc flu hosp,quantile,0.5,44.12792266635756
47,2025-01-18,0,2025-01-18,wk inc flu hosp,quantile,0.5,479.56265362518286
48,2025-01-18,0,2025-01-18,wk inc flu hosp,quantile,0.5,1665.5859397565498
49,2025-01-18,0,2025-01-18,wk inc flu hosp,quantile,0.5,172.01214141877827
50,2025-01-18,0,2025-01-18,wk inc flu hosp,quantile,0.5,27.346468210397834
51,2025-01-18,0,2025-01-18,wk inc flu hosp,quantile,0.5,360.03915707166544
53,2025-01-18,0,2025-01-18,wk inc flu hosp,quantile,0.5,420.5160592245174
54,2025-01-18,0,2025-01-18,wk inc flu hosp,quantile,0.5,125.50691602654081
55,2025-01-18,0,2025-01-18,wk inc flu hosp,quantile,0.5,305.59965700166293
56,2025-01-18,0,2025-01-18,wk inc flu hosp,quantile,0.5,48.157192705534456
72,2025-01-18,0,2025-01-18,wk inc flu hosp,quantile,0.5,1072.7258082563153
US,2025-01-18,0,2025-01-18,wk inc flu hosp,quantile,0.5,24390.88804468876
01,2025-01-18,1,2025-01-25,wk inc flu hosp,quantile,0.5,278.6872676940237
02,2025-01-18,1,2025-01-25,wk inc flu hosp,quantile,0.5,31.207310299231573
04,2025-01-18,1,2025-01-25,wk inc flu hosp,quantile,0.5,877.2396299711162
05,2025-01-18,1,2025-01-25,wk inc flu hosp,quantile,0.5,125.47465554808723
06,2025-01-18,1,2025-01-25,wk inc flu hosp,quantile,0.5,1942.4301576422658
08,2025-01-18,1,2025-01-25,wk inc flu hosp,quantile,0.5,311.99759372379805
09,2025-01-18,1,2025-01-25,wk inc flu hosp,quantile,0.5,225.51654270126323
10,2025-01-18,1,2025-01-25,wk inc flu hosp,quantile,0.5,43.1556300765598
11,2025-01-18,1,2025-01-25,wk inc flu hosp,quantile,0.5,29.881577090610264
12,2025-01-18,1,2025-01-25,wk inc flu hosp,quantile,0.5,1708.1084015967256
13,2025-01-18,1,2025-01-25,wk inc flu hosp,quantile,0.5,549.7478510586433
15,2025-01-18,1,2025-01-25,wk inc flu hosp,quantile,0.5,44.96187801157634
16,2025-01-18,1,2025-01-25,wk inc flu hosp,quantile,0.5,91.22388868349998
17,2025-01-18,1,2025-01-25,wk inc flu hosp,quantile,0.5,796.273068993942
18,2025-01-18,1,2025-01-25,wk inc flu hosp,quantile,0.5,370.909953955887
19,2025-01-18,1,2025-01-25,wk inc flu hosp,quantile,0.5,205.64240149104066
20,2025-01-18,1,2025-01-25,wk inc flu hosp,quantile,0.5,153.55689253238066
21,2025-01-18,1,2025-01-25,wk inc flu hosp,quantile,0.5,268.27189692576917
22,2025-01-18,1,2025-01-25,wk inc flu hosp,quantile,0.5,316.0984659439885
23,2025-01-18,1,2025-01-25,wk inc flu hosp,quantile,0.5,81.54780851880729
24,2025-01-18,1,2025-01-25,wk inc flu hosp,quantile,0.5,268.4833275713055
25,2025-01-18,1,2025-01-25,wk inc flu hosp,quantile,0.5,440.80262167269416
26,2025-01-18,1,2025-01-25,wk inc flu hosp,quantile,0.5,432.3698570695293
27,2025-01-18,1,2025-01-25,wk inc flu hosp,quantile,0.5,903.5170965525755
28,2025-01-18,1,2025-01-25,wk inc flu hosp,quantile,0.5,176.70805213169984
29,2025-01-18,1,2025-01-25,wk inc flu hosp,quantile,0.5,337.735019555343
30,2025-01-18,1,2025-01-25,wk inc flu hosp,quantile,0.5,47.95412533980777
31,2025-01-18,1,2025-01-25,wk inc flu hosp,quantile,0.5,118.48454667627763
32,2025-01-18,1,2025-01-25,wk inc flu hosp,quantile,0.5,166.94545650687795
33,2025-01-18,1,2025-01-25,wk inc flu hosp,quantile,0.5,45.82559291235317
34,2025-01-18,1,2025-01-25,wk inc flu hosp,quantile,0.5,727.051956592824
35,2025-01-18,1,2025-01-25,wk inc flu hosp,quantile,0.5,156.49878254740065
36,2025-01-18,1,2025-01-25,wk inc flu hosp,quantile,0.5,1454.225124707432
37,2025-01-18,1,2025-01-25,wk inc flu hosp,quantile,0.5,509.77621938367366
38,2025-01-18,1,2025-01-25,wk inc flu hosp,quantile,0.5,33.97101047236904
39,2025-01-18,1,2025-01-25,wk inc flu hosp,quantile,0.5,671.8540468335603
40,2025-01-18,1,2025-01-25,wk inc flu hosp,quantile,0.5,171.72191510657944
41,2025-01-18,1,2025-01-25,wk inc flu hosp,quantile,0.5,190.8203209069308
42,2025-01-18,1,2025-01-25,wk inc flu hosp,quantile,0.5,1171.8821487050361
44,2025-01-18,1,2025-01-25,wk inc flu hosp,quantile,0.5,46.711878988385635
45,2025-01-18,1,2025-01-25,wk inc flu hosp,quantile,0.5,293.1493914482661
46,2025-01-18,1,2025-01-25,wk inc flu hosp,quantile,0.5,45.08039718335277
47,2025-01-18,1,2025-01-25,wk inc flu hosp,quantile,0.5,426.707688768379
48,2025-01-18,1,2025-01-25,wk inc flu hosp,quantile,0.5,1544.255168083312
49,2025-01-18,1,2025-01-25,wk inc flu hosp,quantile,0.5,144.79086203454432
50,2025-01-18,1,2025-01-25,wk inc flu hosp,quantile,0.5,26.509170657737396
51,2025-01-18,1,2025-01-25,wk inc flu hosp,quantile,0.5,343.0577293607065
53,2025-01-18,1,2025-01-25,wk inc flu hosp,quantile,0.5,385.0399564185779
54,2025-01-18,1,2025-01-25,wk inc flu hosp,quantile,0.5,119.81600264543343
55,2025-01-18,1,2025-01-25,wk inc flu hosp,quantile,0.5,281.56946950215723
56,2025-01-18,1,2025-01-25,wk inc flu hosp,quantile,0.5,42.903576625281666
72,2025-01-18,1,2025-01-25,wk inc flu hosp,quantile,0.5,1007.0445222437062
US,2025-01-18,1,2025-01-25,wk inc flu hosp,quantile,0.5,22462.766899790993
01,2025-01-18,2,2025-02-01,wk inc flu hosp,quantile,0.5,231.1708995066322
02,2025-01-18,2,2025-02-01,wk inc flu hosp,quantile,0.5,29.725925340955946
04,2025-01-18,2,2025-02-01,wk inc flu hosp,quantile,0.5,737.3494126820477
05,2025-01-18,2,2025-02-01,wk inc flu hosp,quantile,0.5,128.31253381376337
06,2025-01-18,2,2025-02-01,wk inc flu hosp,quantile,0.5,1646.691059547619
08,2025-01-18,2,2025-02-01,wk inc flu hosp,quantile,0.5,266.24204170935093
09,2025-01-18,2,2025-02-01,wk inc flu hosp,quantile,0.5,211.22316995508595
10,2025-01-18,2,2025-02-01,wk inc flu hosp,quantile,0.5,35.64335275179834
11,2025-01-18,2,2025-02-01,wk inc flu hosp,quantile,0.5,27.467078747984228
12,2025-01-18,2,2025-02-01,wk inc flu hosp,quantile,0.5,1500.5395485111515
13,2025-01-18,2,2025-02-01,wk inc flu hosp,quantile,0.5,475.18806631891636
15,2025-01-18,2,2025-02-01,wk inc flu hosp,quantile,0.5,40.25634011238786
16,2025-01-18,2,2025-02-01,wk inc flu hosp,quantile,0.5,76.48797670363679
17,2025-01-18,2,2025-02-01,wk inc flu hosp,quantile,0.5,679.306670996186
18,2025-01-18,2,2025-02-01,wk inc flu hosp,quantile,0.5,321.7056741323433
19,2025-01-18,2,2025-02-01,wk inc flu hosp,quantile,0.5,189.73749223368068
20,2025-01-18,2,2025-02-01,wk inc flu hosp,quantile,0.5,134.04377083662305
21,2025-01-18,2,2025-02-01,wk inc flu hosp,quantile,0.5,231.73788360202155
22,2025-01-18,2,2025-02-01,wk inc flu hosp,quantile,0.5,267.9533004281852
23,2025-01-18,2,2025-02-01,wk inc flu hosp,quantile,0.5,77.85003721783576
24,2025-01-18,2,2025-02-01,wk inc flu hosp,quantile,0.5,243.70686890421905
25,2025-01-18,2,2025-02-01,wk inc flu hosp,quantile,0.5,420.0412262831916
26,2025-01-18,2,2025-02-01,wk inc flu hosp,quantile,0.5,418.4370254815955
27,2025-01-18,2,2025-02-01,wk inc flu hosp,quantile,0.5,771.8467769572367
28,2025-01-18,2,2025-02-01,wk inc flu hosp,quantile,0.5,161.18785370824426
29,2025-01-18,2,2025-02-01,wk inc flu hosp,quantile,0.5,289.5325509962963
30,2025-01-18,2,2025-02-01,wk inc flu hosp,quantile,0.5,43.45364625241666
31,2025-01-18,2,2025-02-01,wk inc flu hosp,quantile,0.5,101.19866608563518
32,2025-01-18,2,2025-02-01,wk inc flu hosp,quantile,0.5,144.3350656984867
33,2025-01-18,2,2025-02-01,wk inc flu hosp,quantile,0.5,40.13472951533455
34,2025-01-18,2,2025-02-01,wk inc flu hosp,quantile,0.5,631.3689897047159
35,2025-01-18,2,2025-02-01,wk inc flu hosp,quantile,0.5,135.8835781020197
36,2025-01-18,2,2025-02-01,wk inc flu hosp,quantile,0.5,1248.2837385411478
37,2025-01-18,2,2025-02-01,wk inc flu hosp,quantile,0.5,437.5125119841061
38,2025-01-18,2,2025-02-01,wk inc flu hosp,quantile,0.5,32.96020320615609
39,2025-01-18,2,2025-02-01,wk inc flu hosp,quantile,0.5,605.3260095699684
40,2025-01-18,2,2025-02-01,wk inc flu hosp,quantile,0.5,163.40666750573075
41,2025-01-18,2,2025-02-01,wk inc flu hosp,quantile,0.5,153.98767690504334
42,2025-01-18,2,2025-02-01,wk inc flu hosp,quantile,0.5,1056.0051377579207
44,2025-01-18,2,2025-02-01,wk inc flu hosp,quantile,0.5,41.278392880568475
45,2025-01-18,2,2025-02-01,wk inc flu hosp,quantile,0.5,260.25963852867045
46,2025-01-18,2,2025-02-01,wk inc flu hosp,quantile,0.5,44.47273855148648
47,2025-01-18,2,2025-02-01,wk inc flu hosp,quantile,0.5,357.3217904349052
48,2025-01-18,2,2025-02-01,wk inc flu hosp,quantile,0.5,1382.7449049803233
49,2025-01-18,2,2025-02-01,wk inc flu hosp,quantile,0.5,121.24018388588236
50,2025-01-18,2,2025-02-01,wk inc flu hosp,quantile,0.5,25.488658131060667
51,2025-01-18,2,2025-02-01,wk inc flu hosp,quantile,0.5,323.09946301555385
53,2025-01-18,2,2025-02-01,wk inc flu hosp,quantile,0.5,332.06833158007714
54,2025-01-18,2,2025-02-01,wk inc flu hosp,quantile,0.5,111.78833273525828
55,2025-01-18,2,2025-02-01,wk inc flu hosp,quantile,0.5,256.62795934229587
56,2025-01-18,2,2025-02-01,wk inc flu hosp,quantile,0.5,36.954517956070795
72,2025-01-18,2,2025-02-01,wk inc flu hosp,quantile,0.5,916.0389149990498
US,2025-01-18,2,2025-02-01,wk inc flu hosp,quantile,0.5,19964.879358154027
01,2025-01-18,3,2025-02-08,wk inc flu hosp,quantile,0.5,194.03533626165319
02,2025-01-18,3,2025-02-08,wk inc flu hosp,quantile,0.5,27.108634192212996
04,2025-01-18,3,2025-02-08,wk inc flu hosp,quantile,0.5,631.2539167021646
05,2025-01-18,3,2025-02-08,wk inc flu hosp,quantile,0.5,118.28322973125265
06,2025-01-18,3,2025-02-08,wk inc flu hosp,quantile,0.5,1389.9469742074118
08,2025-01-18,3,2025-02-08,wk inc flu hosp,quantile,0.5,228.81920682081602
09,2025-01-18,3,2025-02-08,wk inc flu hosp,quantile,0.5,198.27680353063113
10,2025-01-18,3,2025-02-08,wk inc flu hosp,quantile,0.5,30.609871710861047
11,2025-01-18,3,2025-02-08,wk inc flu hosp,quantile,0.5,24.73194627650316
12,2025-01-18,3,2025-02-08,wk inc flu hosp,quantile,0.5,1300.8773828503993
13,2025-01-18,3,2025-02-08,wk inc flu hosp,quantile,0.5,401.4222190098743
15,2025-01-18,3,2025-02-08,wk inc flu hosp,quantile,0.5,34.569891782386776
16,2025-01-18,3,2025-02-08,wk inc flu hosp,quantile,0.5,62.88066585244765
17,2025-01-18,3,2025-02-08,wk inc flu hosp,quantile,0.5,574.4648385242212
18,2025-01-18,3,2025-02-08,wk inc flu hosp,quantile,0.5,279.4086823363013
19,2025-01-18,3,2025-02-08,wk inc flu hosp,quantile,0.5,175.63834599581108
20,2025-01-18,3,2025-02-08,wk inc flu hosp,quantile,0.5,111.09568491524773
21,2025-01-18,3,2025-02-08,wk inc flu hosp,quantile,0.5,192.87360145656058
22,2025-01-18,3,2025-02-08,wk inc flu hosp,quantile,0.5,221.59742481636667
23,2025-01-18,3,2025-02-08,wk inc flu hosp,quantile,0.5,74.29901710833336
24,2025-01-18,3,2025-02-08,wk inc flu hosp,quantile,0.5,225.80447301997452
25,2025-01-18,3,2025-02-08,wk inc flu hosp,quantile,0.5,397.7605702743315
26,2025-01-18,3,2025-02-08,wk inc flu hosp,quantile,0.5,386.83059210675276
27,2025-01-18,3,2025-02-08,wk inc flu hosp,quantile,0.5,685.7043547643293
28,2025-01-18,3,2025-02-08,wk inc flu hosp,quantile,0.5,148.02643856052208
29,2025-01-18,3,2025-02-08,wk inc flu hosp,quantile,0.5,240.49127439971122
30,2025-01-18,3,2025-02-08,wk inc flu hosp,quantile,0.5,39.0234794656773
31,2025-01-18,3,2025-02-08,wk inc flu hosp,quantile,0.5,85.71963832044877
32,2025-01-18,3,2025-02-08,wk inc flu hosp,quantile,0.5,118.95063226113818
33,2025-01-18,3,2025-02-08,wk inc flu hosp,quantile,0.5,35.45553479133599
34,2025-01-18,3,2025-02-08,wk inc flu hosp,quantile,0.5,538.151169233759
35,2025-01-18,3,2025-02-08,wk inc flu hosp,quantile,0.5,117.13212672297716
36,2025-01-18,3,2025-02-08,wk inc flu hosp,quantile,0.5,1068.2807063251328
37,2025-01-18,3,2025-02-08,wk inc flu hosp,quantile,0.5,371.16240491270304
38,2025-01-18,3,2025-02-08,wk inc flu hosp,quantile,0.5,31.483926317425418
39,2025-01-18,3,2025-02-08,wk inc flu hosp,quantile,0.5,535.7332254871851
40,2025-01-18,3,2025-02-08,wk inc flu hosp,quantile,0.5,154.6214739750081
41,2025-01-18,3,2025-02-08,wk inc flu hosp,quantile,0.5,123.48308247159744
42,2025-01-18,3,2025-02-08,wk inc flu hosp,quantile,0.5,951.3685959277321
44,2025-01-18,3,2025-02-08,wk inc flu hosp,quantile,0.5,35.643536071056495
45,2025-01-18,3,2025-02-08,wk inc flu hosp,quantile,0.5,232.94104586017056
46,2025-01-18,3,2025-02-08,wk inc flu hosp,quantile,0.5,41.17188236191953
47,2025-01-18,3,2025-02-08,wk inc flu hosp,quantile,0.5,298.42666057121403
48,2025-01-18,3,2025-02-08,wk inc flu hosp,quantile,0.5,1226.169207492414
49,2025-01-18,3,2025-02-08,wk inc flu hosp,quantile,0.5,107.45013876173462
50,2025-01-18,3,2025-02-08,wk inc flu hosp,quantile,0.5,24.06663858188841
51,2025-01-18,3,2025-02-08,wk inc flu hosp,quantile,0.5,291.45207265781295
53,2025-01-18,3,2025-02-08,wk inc flu hosp,quantile,0.5,276.11569016805737
54,2025-01-18,3,2025-02-08,wk inc flu hosp,quantile,0.5,100.71322013634497
55,2025-01-18,3,2025-02-08,wk inc flu hosp,quantile,0.5,230.76352250472806
56,2025-01-18,3,2025-02-08,wk inc flu hosp,quantile,0.5,31.297735780031612
72,2025-01-18,3,2025-02-08,wk inc flu hosp,quantile,0.5,850.755907734189
US,2025-01-18,3,2025-02-08,wk inc flu hosp,quantile,0.5,17212.739699306014
01,2025-01-18,0,2025-01-18,wk inc flu hosp,quantile,0.55,336.0367186207798
02,2025-01-18,0,2025-01-18,wk inc flu hosp,quantile,0.55,34.48855177680582
04,2025-01-18,0,2025-01-18,wk inc flu hosp,quantile,0.55,1034.846667974194
05,2025-01-18,0,2025-01-18,wk inc flu hosp,quantile,0.55,124.3393740574731
06,2025-01-18,0,2025-01-18,wk inc flu hosp,quantile,0.55,2258.8015092485525
08,2025-01-18,0,2025-01-18,wk inc flu hosp,quantile,0.55,365.5699680939448
09,2025-01-18,0,2025-01-18,wk inc flu hosp,quantile,0.55,247.83174037860937
10,2025-01-18,0,2025-01-18,wk inc flu hosp,quantile,0.55,52.484943892509854
11,2025-01-18,0,2025-01-18,wk inc flu hosp,quantile,0.55,34.53177744863291
12,2025-01-18,0,2025-01-18,wk inc flu hosp,quantile,0.55,1897.0335660001683
13,2025-01-18,0,2025-01-18,wk inc flu hosp,quantile,0.55,630.6885538813222
15,2025-01-18,0,2025-01-18,wk inc flu hosp,quantile,0.55,50.71739472915721
16,2025-01-18,0,2025-01-18,wk inc flu hosp,quantile,0.55,107.52200758071316
17,2025-01-18,0,2025-01-18,wk inc flu hosp,quantile,0.55,941.0199628514458
18,2025-01-18,0,2025-01-18,wk inc flu hosp,quantile,0.55,414.28212617574053
19,2025-01-18,0,2025-01-18,wk inc flu hosp,quantile,0.55,223.45333769202114
20,2025-01-18,0,2025-01-18,wk inc flu hosp,quantile,0.55,176.66287327834067
21,2025-01-18,0,2025-01-18,wk inc flu hosp,quantile,0.55,310.8045125106249
22,2025-01-18,0,2025-01-18,wk inc flu hosp,quantile,0.55,357.20537280104986
23,2025-01-18,0,2025-01-18,wk inc flu hosp,quantile,0.55,86.61334921159252
24,2025-01-18,0,2025-01-18,wk inc flu hosp,quantile,0.55,295.79499324788964
25,2025-01-18,0,2025-01-18,wk inc flu hosp,quantile,0.55,469.2199769262248
26,2025-01-18,0,2025-01-18,wk inc flu hosp,quantile,0.55,433.87716730895966
27,2025-01-18,0,2025-01-18,wk inc flu hosp,quantile,0.55,1057.7931913693917
28,2025-01-18,0,2025-01-18,wk inc flu hosp,quantile,0.55,190.53323029182397
29,2025-01-18,0,2025-01-18,wk inc flu hosp,quantile,0.55,382.30563376656795
30,2025-01-18,0,2025-01-18,wk inc flu hosp,quantile,0.55,52.822586702834975
31,2025-01-18,0,2025-01-18,wk inc flu hosp,quantile,0.55,134.85974425008342
32,2025-01-18,0,2025-01-18,wk inc flu hosp,quantile,0.55,191.74378003075418
33,2025-01-18,0,2025-01-18,wk inc flu hosp,quantile,0.55,55.214827773031395
34,2025-01-18,0,2025-01-18,wk inc flu hosp,quantile,0.55,831.8942611243995
35,2025-01-18,0,2025-01-18,wk inc flu hosp,quantile,0.55,176.30277595191882
36,2025-01-18,0,2025-01-18,wk inc flu hosp,quantile,0.55,1627.836720551253
37,2025-01-18,0,2025-01-18,wk inc flu hosp,quantile,0.55,579.8775588981183
38,2025-01-18,0,2025-01-18,wk inc flu hosp,quantile,0.55,35.465974180117314
39,2025-01-18,0,2025-01-18,wk inc flu hosp,quantile,0.55,763.4063425748313
40,2025-01-18,0,2025-01-18,wk inc flu hosp,quantile,0.55,181.84180389587794
41,2025-01-18,0,2025-01-18,wk inc flu hosp,quantile,0.55,228.0633679206017
42,2025-01-18,0,2025-01-18,wk inc flu hosp,quantile,0.55,1310.8904283481554
44,2025-01-18,0,2025-01-18,wk inc flu hosp,quantile,0.55,53.45675483667626
45,2025-01-18,0,2025-01-18,wk inc flu hosp,quantile,0.55,328.45955127704946
46,2025-01-18,0,2025-01-18,wk inc flu hosp,quantile,0.55,46.39892959995552
47,2025-01-18,0,2025-01-18,wk inc flu hosp,quantile,0.55,507.10822302082437
48,2025-01-18,0,2025-01-18,wk inc flu hosp,quantile,0.55,1688.8926514402533
49,2025-01-18,0,2025-01-18,wk inc flu hosp,quantile,0.55,178.45977204834352
50,2025-01-18,0,2025-01-18,wk inc flu hosp,quantile,0.55,29.048638410702612
51,2025-01-18,0,2025-01-18,wk inc flu hosp,quantile,0.55,372.63070250074526
53,2025-01-18,0,2025-01-18,wk inc flu hosp,quantile,0.55,432.8822470331749
54,2025-01-18,0,2025-01-18,wk inc flu hosp,quantile,0.55,129.80799519346
55,2025-01-18,0,2025-01-18,wk inc flu hosp,quantile,0.55,317.3133842281923
56,2025-01-18,0,2025-01-18,wk inc flu hosp,quantile,0.55,49.74376698562013
72,2025-01-18,0,2025-01-18,wk inc flu hosp,quantile,0.55,1140.2850044806162
US,2025-01-18,0,2025-01-18,wk inc flu hosp,quantile,0.55,24928.14536706911
01,2025-01-18,1,2025-01-25,wk inc flu hosp,quantile,0.55,293.52164053235134
02,2025-01-18,1,2025-01-25,wk inc flu hosp,quantile,0.55,32.58085493024983
04,2025-01-18,1,2025-01-25,wk inc flu hosp,quantile,0.55,886.8211421199218
05,2025-01-18,1,2025-01-25,wk inc flu hosp,quantile,0.55,135.81026775674653
06,2025-01-18,1,2025-01-25,wk inc flu hosp,quantile,0.55,1987.8461366484437
08,2025-01-18,1,2025-01-25,wk inc flu hosp,quantile,0.55,322.26802543667065
09,2025-01-18,1,2025-01-25,wk inc flu hosp,quantile,0.55,232.73720896157224
10,2025-01-18,1,2025-01-25,wk inc flu hosp,quantile,0.55,44.80934142548874
11,2025-01-18,1,2025-01-25,wk inc flu hosp,quantile,0.55,32.705423019941634
12,2025-01-18,1,2025-01-25,wk inc flu hosp,quantile,0.55,1735.274188461959
13,2025-01-18,1,2025-01-25,wk inc flu hosp,quantile,0.55,572.1420189149038
15,2025-01-18,1,2025-01-25,wk inc flu hosp,quantile,0.55,46.78254134951362
16,2025-01-18,1,2025-01-25,wk inc flu hosp,quantile,0.55,95.39209719100668
17,2025-01-18,1,2025-01-25,wk inc flu hosp,quantile,0.55,837.9188668902034
18,2025-01-18,1,2025-01-25,wk inc flu hosp,quantile,0.55,388.5872644707136
19,2025-01-18,1,2025-01-25,wk inc flu hosp,quantile,0.55,212.95153041747406
20,2025-01-18,1,2025-01-25,wk inc flu hosp,quantile,0.55,158.36022932093914
21,2025-01-18,1,2025-01-25,wk inc flu hosp,quantile,0.55,283.0754263091923
22,2025-01-18,1,2025-01-25,wk inc flu hosp,quantile,0.55,318.73639622358934
23,2025-01-18,1,2025-01-25,wk inc flu hosp,quantile,0.55,89.28846059250226
24,2025-01-18,1,2025-01-25,wk inc flu hosp,quantile,0.55,277.267831263054
25,2025-01-18,1,2025-01-25,wk inc flu hosp,quantile,0.55,455.44644560624033
26,2025-01-18,1,2025-01-25,wk inc flu hosp,quantile,0.55,449.60019106124565
27,2025-01-18,1,2025-01-25,wk inc flu hosp,quantile,0.55,934.6804338449219
28,2025-01-18,1,2025-01-25,wk inc flu hosp,quantile,0.55,184.04157107321097
29,2025-01-18,1,2025-01-25,wk inc flu hosp,quantile,0.55,349.66825848458205
30,2025-01-18,1,2025-01-25,wk inc flu hosp,quantile,0.55,51.11919898580407
31,2025-01-18,1,2025-01-25,wk inc flu hosp,quantile,0.55,124.50301087270988
32,2025-01-18,1,2025-01-25,wk inc flu hosp,quantile,0.55,172.50354294880796
33,2025-01-18,1,2025-01-25,wk inc flu hosp,quantile,0.55,47.756978186842574
34,2025-01-18,1,2025-01-25,wk inc flu hosp,quantile,0.55,743.8565930034979
35,2025-01-18,1,2025-01-25,wk inc flu hosp,quantile,0.55,159.77852484885332
36,2025-01-18,1,2025-01-25,wk inc flu hosp,quantile,0.55,1491.0585065029788
37,2025-01-18,1,2025-01-25,wk inc flu hosp,quantile,0.55,529.6146138271789
38,2025-01-18,1,2025-01-25,wk inc flu hosp,quantile,0.55,36.46139098449388
39,2025-01-18,1,2025-01-25,wk inc flu hosp,quantile,0.55,696.1064164166838
40,2025-01-18,1,2025-01-25,wk inc flu hosp,quantile,0.55,184.43408385916084
41,2025-01-18,1,2025-01-25,wk inc flu hosp,quantile,0.55,199.59640336611076
42,2025-01-18,1,2025-01-25,wk inc flu hosp,quantile,0.55,1210.2386247327
44,2025-01-18,1,2025-01-25,wk inc flu hosp,quantile,0.55,48.388756688176095
45,2025-01-18,1,2025-01-25,wk inc flu hosp,quantile,0.55,302.5223585433445
46,2025-01-18,1,2025-01-25,wk inc flu hosp,quantile,0.55,48.776750207693354
47,2025-01-18,1,2025-01-25,wk inc flu hosp,quantile,0.55,449.7321367136267
48,2025-01-18,1,2025-01-25,wk inc flu hosp,quantile,0.55,1595.8236628554478
49,2025-01-18,1,2025-01-25,wk inc flu hosp,quantile,0.55,149.4513899949008
50,2025-01-18,1,2025-01-25,wk inc flu hosp,quantile,0.55,28.43005224299528
51,2025-01-18,1,2025-01-25,wk inc flu hosp,quantile,0.55,355.2659739876431
53,2025-01-18,1,2025-01-25,wk inc flu hosp,quantile,0.55,393.77403943126006
54,2025-01-18,1,2025-01-25,wk inc flu hosp,quantile,0.55,126.34155973746617
55,2025-01-18,1,2025-01-25,wk inc flu hosp,quantile,0.55,294.8700068232642
56,2025-01-18,1,2025-01-25,wk inc flu hosp,quantile,0.55,43.53668164052589
72,2025-01-18,1,2025-01-25,wk inc flu hosp,quantile,0.55,1051.5902027776863
US,2025-01-18,1,2025-01-25,wk inc flu hosp,quantile,0.55,22849.391094019025
01,2025-01-18,2,2025-02-01,wk inc flu hosp,quantile,0.55,242.56376181119654
02,2025-01-18,2,2025-02-01,wk inc flu hosp,quantile,0.55,31.29617015342918
04,2025-01-18,2,2025-02-01,wk inc flu hosp,quantile,0.55,748.3905112749621
05,2025-01-18,2,2025-02-01,wk inc flu hosp,quantile,0.55,137.53174922198687
06,2025-01-18,2,2025-02-01,wk inc flu hosp,quantile,0.55,1671.580164761624
08,2025-01-18,2,2025-02-01,wk inc flu hosp,quantile,0.55,275.4960719192773
09,2025-01-18,2,2025-02-01,wk inc flu hosp,quantile,0.55,225.52384349801474
10,2025-01-18,2,2025-02-01,wk inc flu hosp,quantile,0.55,36.24037477189697
11,2025-01-18,2,2025-02-01,wk inc flu hosp,quantile,0.55,29.61125120633695
12,2025-01-18,2,2025-02-01,wk inc flu hosp,quantile,0.55,1550.2802189053077
13,2025-01-18,2,2025-02-01,wk inc flu hosp,quantile,0.55,501.61236299363287
15,2025-01-18,2,2025-02-01,wk inc flu hosp,quantile,0.55,41.181033167401054
16,2025-01-18,2,2025-02-01,wk inc flu hosp,quantile,0.55,77.28143318129246
17,2025-01-18,2,2025-02-01,wk inc flu hosp,quantile,0.55,692.6310090007429
18,2025-01-18,2,2025-02-01,wk inc flu hosp,quantile,0.55,339.25732569991834
19,2025-01-18,2,2025-02-01,wk inc flu hosp,quantile,0.55,197.41285410989855
20,2025-01-18,2,2025-02-01,wk inc flu hosp,quantile,0.55,138.0683617343226
21,2025-01-18,2,2025-02-01,wk inc flu hosp,quantile,0.55,247.00708021237165
22,2025-01-18,2,2025-02-01,wk inc flu hosp,quantile,0.55,270.04326207762045
23,2025-01-18,2,2025-02-01,wk inc flu hosp,quantile,0.55,87.81580623166228
24,2025-01-18,2,2025-02-01,wk inc flu hosp,quantile,0.55,252.62018433941665
25,2025-01-18,2,2025-02-01,wk inc flu hosp,quantile,0.55,432.1101151170728
26,2025-01-18,2,2025-02-01,wk inc flu hosp,quantile,0.55,442.70091541445026
27,2025-01-18,2,2025-02-01,wk inc flu hosp,quantile,0.55,789.049011886423
28,2025-01-18,2,2025-02-01,wk inc flu hosp,quantile,0.55,167.65273499502894
29,2025-01-18,2,2025-02-01,wk inc flu hosp,quantile,0.55,300.2900482683499
30,2025-01-18,2,2025-02-01,wk inc flu hosp,quantile,0.55,46.30246695513412
31,2025-01-18,2,2025-02-01,wk inc flu hosp,quantile,0.55,106.89497780849584
32,2025-01-18,2,2025-02-01,wk inc flu hosp,quantile,0.55,147.91251777709184
33,2025-01-18,2,2025-02-01,wk inc flu hosp,quantile,0.55,41.797736901195904
34,2025-01-18,2,2025-02-01,wk inc flu hosp,quantile,0.55,648.2455734783148
35,2025-01-18,2,2025-02-01,wk inc flu hosp,quantile,0.55,137.74174390993582
36,2025-01-18,2,2025-02-01,wk inc flu hosp,quantile,0.55,1286.7432443847208
37,2025-01-18,2,2025-02-01,wk inc flu hosp,quantile,0.55,458.1892779803223
38,2025-01-18,2,2025-02-01,wk inc flu hosp,quantile,0.55,35.65478195992896
39,2025-01-18,2,2025-02-01,wk inc flu hosp,quantile,0.55,616.7349990712995
40,2025-01-18,2,2025-02-01,wk inc flu hosp,quantile,0.55,181.74913564020193
41,2025-01-18,2,2025-02-01,wk inc flu hosp,quantile,0.55,157.31958868946367
42,2025-01-18,2,2025-02-01,wk inc flu hosp,quantile,0.55,1077.8664299518143
44,2025-01-18,2,2025-02-01,wk inc flu hosp,quantile,0.55,43.3111926289587
45,2025-01-18,2,2025-02-01,wk inc flu hosp,quantile,0.55,271.38378301962814
46,2025-01-18,2,2025-02-01,wk inc flu hosp,quantile,0.55,48.358266865607845
47,2025-01-18,2,2025-02-01,wk inc flu hosp,quantile,0.55,372.7580746352134
48,2025-01-18,2,2025-02-01,wk inc flu hosp,quantile,0.55,1436.4354670916578
49,2025-01-18,2,2025-02-01,wk inc flu hosp,quantile,0.55,121.35952145874244
50,2025-01-18,2,2025-02-01,wk inc flu hosp,quantile,0.55,27.268235568639824
51,2025-01-18,2,2025-02-01,wk inc flu hosp,quantile,0.55,334.1952333603529
53,2025-01-18,2,2025-02-01,wk inc flu hosp,quantile,0.55,332.36637839436327
54,2025-01-18,2,2025-02-01,wk inc flu hosp,quantile,0.55,118.09020540956496
55,2025-01-18,2,2025-02-01,wk inc flu hosp,quantile,0.55,267.7654069275609
56,2025-01-18,2,2025-02-01,wk inc flu hosp,quantile,0.55,37.27475602687801
72,2025-01-18,2,2025-02-01,wk inc flu hosp,quantile,0.55,969.9651516904788
US,2025-01-18,2,2025-02-01,wk inc flu hosp,quantile,0.55,20048.064190715137
01,2025-01-18,3,2025-02-08,wk inc flu hosp,quantile,0.55,201.84765826879206
02,2025-01-18,3,2025-02-08,wk inc flu hosp,quantile,0.55,28.685597441343653
04,2025-01-18,3,2025-02-08,wk inc flu hosp,quantile,0.55,638.2457021041677
05,2025-01-18,3,2025-02-08,wk inc flu hosp,quantile,0.55,134.1395544340463
06,2025-01-18,3,2025-02-08,wk inc flu hosp,quantile,0.55,1429.2737264712807
08,2025-01-18,3,2025-02-08,wk inc flu hosp,quantile,0.55,242.75421756141017
09,2025-01-18,3,2025-02-08,wk inc flu hosp,quantile,0.55,204.43958887706168
10,2025-01-18,3,2025-02-08,wk inc flu hosp,quantile,0.55,32.32293521381258
11,2025-01-18,3,2025-02-08,wk inc flu hosp,quantile,0.55,26.656356890528066
12,2025-01-18,3,2025-02-08,wk inc flu hosp,quantile,0.55,1362.1579454793027
13,2025-01-18,3,2025-02-08,wk inc flu hosp,quantile,0.55,434.02351406913454
15,2025-01-18,3,2025-02-08,wk inc flu hosp,quantile,0.55,36.22084210213672
16,2025-01-18,3,2025-02-08,wk inc flu hosp,quantile,0.55,64.33778872622199
17,2025-01-18,3,2025-02-08,wk inc flu hosp,quantile,0.55,612.3053336029185
18,2025-01-18,3,2025-02-08,wk inc flu hosp,quantile,0.55,288.8232048533352
19,2025-01-18,3,2025-02-08,wk inc flu hosp,quantile,0.55,181.27762049174993
20,2025-01-18,3,2025-02-08,wk inc flu hosp,quantile,0.55,121.02831887989154
21,2025-01-18,3,2025-02-08,wk inc flu hosp,quantile,0.55,209.62216478379
22,2025-01-18,3,2025-02-08,wk inc flu hosp,quantile,0.55,226.23741218933918
23,2025-01-18,3,2025-02-08,wk inc flu hosp,quantile,0.55,78.90352122275624
24,2025-01-18,3,2025-02-08,wk inc flu hosp,quantile,0.55,227.44204506993
25,2025-01-18,3,2025-02-08,wk inc flu hosp,quantile,0.55,405.7548666853088
26,2025-01-18,3,2025-02-08,wk inc flu hosp,quantile,0.55,415.06729576684984
27,2025-01-18,3,2025-02-08,wk inc flu hosp,quantile,0.55,709.6615518308523
28,2025-01-18,3,2025-02-08,wk inc flu hosp,quantile,0.55,152.73969712481554
29,2025-01-18,3,2025-02-08,wk inc flu hosp,quantile,0.55,262.61514760346324
30,2025-01-18,3,2025-02-08,wk inc flu hosp,quantile,0.55,41.11751460776639
31,2025-01-18,3,2025-02-08,wk inc flu hosp,quantile,0.55,91.04273824540356
32,2025-01-18,3,2025-02-08,wk inc flu hosp,quantile,0.55,126.34020926877635
33,2025-01-18,3,2025-02-08,wk inc flu hosp,quantile,0.55,36.34052647785186
34,2025-01-18,3,2025-02-08,wk inc flu hosp,quantile,0.55,565.4525755626538
35,2025-01-18,3,2025-02-08,wk inc flu hosp,quantile,0.55,120.40845235196089
36,2025-01-18,3,2025-02-08,wk inc flu hosp,quantile,0.55,1107.63201529175
37,2025-01-18,3,2025-02-08,wk inc flu hosp,quantile,0.55,400.75444953875547
38,2025-01-18,3,2025-02-08,wk inc flu hosp,quantile,0.55,33.495323797439
39,2025-01-18,3,2025-02-08,wk inc flu hosp,quantile,0.55,541.7757068282226
40,2025-01-18,3,2025-02-08,wk inc flu hosp,quantile,0.55,167.80674703558654
41,2025-01-18,3,2025-02-08,wk inc flu hosp,quantile,0.55,129.57442970581184
42,2025-01-18,3,2025-02-08,wk inc flu hosp,quantile,0.55,960.9146048318515
44,2025-01-18,3,2025-02-08,wk inc flu hosp,quantile,0.55,37.0831380752066
45,2025-01-18,3,2025-02-08,wk inc flu hosp,quantile,0.55,238.02585568526712
46,2025-01-18,3,2025-02-08,wk inc flu hosp,quantile,0.55,45.94318484246549
47,2025-01-18,3,2025-02-08,wk inc flu hosp,quantile,0.55,316.92914409818565
48,2025-01-18,3,2025-02-08,wk inc flu hosp,quantile,0.55,1252.677416957438
49,2025-01-18,3,2025-02-08,wk inc flu hosp,quantile,0.55,108.79466934798737
50,2025-01-18,3,2025-02-08,wk inc flu hosp,quantile,0.55,25.53713522657921
51,2025-01-18,3,2025-02-08,wk inc flu hosp,quantile,0.55,306.17848589247444
53,2025-01-18,3,2025-02-08,wk inc flu hosp,quantile,0.55,277.49041116659316
54,2025-01-18,3,2025-02-08,wk inc flu hosp,quantile,0.55,108.37830176232822
55,2025-01-18,3,2025-02-08,wk inc flu hosp,quantile,0.55,242.3129639985674
56,2025-01-18,3,2025-02-08,wk inc flu hosp,quantile,0.55,33.12261991848542
72,2025-01-18,3,2025-02-08,wk inc flu hosp,quantile,0.55,919.028430339936
US,2025-01-18,3,2025-02-08,wk inc flu hosp,quantile,0.55,17354.307068000548
01,2025-01-18,0,2025-01-18,wk inc flu hosp,quantile,0.6,342.0378375113981
02,2025-01-18,0,2025-01-18,wk inc flu hosp,quantile,0.6,35.904294099666245
04,2025-01-18,0,2025-01-18,wk inc flu hosp,quantile,0.6,1061.2063061450026
05,2025-01-18,0,2025-01-18,wk inc flu hosp,quantile,0.6,137.31604478350934
06,2025-01-18,0,2025-01-18,wk inc flu hosp,quantile,0.6,2297.2006248006837
08,2025-01-18,0,2025-01-18,wk inc flu hosp,quantile,0.6,377.32464641353414
09,2025-01-18,0,2025-01-18,wk inc flu hosp,quantile,0.6,260.8864508709477
10,2025-01-18,0,2025-01-18,wk inc flu hosp,quantile,0.6,53.162474857006764
11,2025-01-18,0,2025-01-18,wk inc flu hosp,quantile,0.6,37.94950503310769
12,2025-01-18,0,2025-01-18,wk inc flu hosp,quantile,0.6,1942.306448834482
13,2025-01-18,0,2025-01-18,wk inc flu hosp,quantile,0.6,652.7163524204153
15,2025-01-18,0,2025-01-18,wk inc flu hosp,quantile,0.6,51.91110985635393
16,2025-01-18,0,2025-01-18,wk inc flu hosp,quantile,0.6,110.65233663052767
17,2025-01-18,0,2025-01-18,wk inc flu hosp,quantile,0.6,968.9382561002013
18,2025-01-18,0,2025-01-18,wk inc flu hosp,quantile,0.6,430.8970126657594
19,2025-01-18,0,2025-01-18,wk inc flu hosp,quantile,0.6,235.08720980523046
20,2025-01-18,0,2025-01-18,wk inc flu hosp,quantile,0.6,178.8425699240823
21,2025-01-18,0,2025-01-18,wk inc flu hosp,quantile,0.6,319.1779664215475
22,2025-01-18,0,2025-01-18,wk inc flu hosp,quantile,0.6,359.08081576131525
23,2025-01-18,0,2025-01-18,wk inc flu hosp,quantile,0.6,91.8627543341264
24,2025-01-18,0,2025-01-18,wk inc flu hosp,quantile,0.6,309.8984685729758
25,2025-01-18,0,2025-01-18,wk inc flu hosp,quantile,0.6,489.7543506614878
26,2025-01-18,0,2025-01-18,wk inc flu hosp,quantile,0.6,468.8912270037862
27,2025-01-18,0,2025-01-18,wk inc flu hosp,quantile,0.6,1088.3116596028638
28,2025-01-18,0,2025-01-18,wk inc flu hosp,quantile,0.6,199.8309060638103
29,2025-01-18,0,2025-01-18,wk inc flu hosp,quantile,0.6,399.35659451570956
30,2025-01-18,0,2025-01-18,wk inc flu hosp,quantile,0.6,57.29534382646688
31,2025-01-18,0,2025-01-18,wk inc flu hosp,quantile,0.6,142.39296796839696
32,2025-01-18,0,2025-01-18,wk inc flu hosp,quantile,0.6,196.62018045136253
33,2025-01-18,0,2025-01-18,wk inc flu hosp,quantile,0.6,58.99204343691328
34,2025-01-18,0,2025-01-18,wk inc flu hosp,quantile,0.6,862.0170131170356
35,2025-01-18,0,2025-01-18,wk inc flu hosp,quantile,0.6,181.1362538070226
36,2025-01-18,0,2025-01-18,wk inc flu hosp,quantile,0.6,1671.4558350049344
37,2025-01-18,0,2025-01-18,wk inc flu hosp,quantile,0.6,612.5697902633389
38,2025-01-18,0,2025-01-18,wk inc flu hosp,quantile,0.6,38.348299544639865
39,2025-01-18,0,2025-01-18,wk inc flu hosp,quantile,0.6,801.9253248289564
40,2025-01-18,0,2025-01-18,wk inc flu hosp,quantile,0.6,196.05754943016842
41,2025-01-18,0,2025-01-18,wk inc flu hosp,quantile,0.6,235.46757305928904
42,2025-01-18,0,2025-01-18,wk inc flu hosp,quantile,0.6,1354.1489773913693
44,2025-01-18,0,2025-01-18,wk inc flu hosp,quantile,0.6,54.31691152189958
45,2025-01-18,0,2025-01-18,wk inc flu hosp,quantile,0.6,347.1151203581805
46,2025-01-18,0,2025-01-18,wk inc flu hosp,quantile,0.6,50.2065648020104
47,2025-01-18,0,2025-01-18,wk inc flu hosp,quantile,0.6,511.85312431085816
48,2025-01-18,0,2025-01-18,wk inc flu hosp,quantile,0.6,1729.9203839629074
49,2025-01-18,0,2025-01-18,wk inc flu hosp,quantile,0.6,183.13389268510153
50,2025-01-18,0,2025-01-18,wk inc flu hosp,quantile,0.6,30.41805282134129
51,2025-01-18,0,2025-01-18,wk inc flu hosp,quantile,0.6,384.47714593090916
53,2025-01-18,0,2025-01-18,wk inc flu hosp,quantile,0.6,447.79301907281405
54,2025-01-18,0,2025-01-18,wk inc flu hosp,quantile,0.6,138.63169604299196
55,2025-01-18,0,2025-01-18,wk inc flu hosp,quantile,0.6,333.22229647985785
56,2025-01-18,0,2025-01-18,wk inc flu hosp,quantile,0.6,51.05199758298046
72,2025-01-18,0,2025-01-18,wk inc flu hosp,quantile,0.6,1189.5607508521828
US,2025-01-18,0,2025-01-18,wk inc flu hosp,quantile,0.6,25068.084367646083
01,2025-01-18,1,2025-01-25,wk inc flu hosp,quantile,0.6,298.28553216754926
02,2025-01-18,1,2025-01-25,wk inc flu hosp,quantile,0.6,34.87031943070348
04,2025-01-18,1,2025-01-25,wk inc flu hosp,quantile,0.6,902.2451736249129
05,2025-01-18,1,2025-01-25,wk inc flu hosp,quantile,0.6,150.79604560984217
06,2025-01-18,1,2025-01-25,wk inc flu hosp,quantile,0.6,2056.078119265804
08,2025-01-18,1,2025-01-25,wk inc flu hosp,quantile,0.6,333.7869635666543
09,2025-01-18,1,2025-01-25,wk inc flu hosp,quantile,0.6,250.73611175389365
10,2025-01-18,1,2025-01-25,wk inc flu hosp,quantile,0.6,45.741802401867155
11,2025-01-18,1,2025-01-25,wk inc flu hosp,quantile,0.6,35.7078908186926
12,2025-01-18,1,2025-01-25,wk inc flu hosp,quantile,0.6,1792.325184899529
13,2025-01-18,1,2025-01-25,wk inc flu hosp,quantile,0.6,592.3160429528418
15,2025-01-18,1,2025-01-25,wk inc flu hosp,quantile,0.6,47.9050052104164
16,2025-01-18,1,2025-01-25,wk inc flu hosp,quantile,0.6,97.92500878607937
17,2025-01-18,1,2025-01-25,wk inc flu hosp,quantile,0.6,853.816953187676
18,2025-01-18,1,2025-01-25,wk inc flu hosp,quantile,0.6,397.2397671754678
19,2025-01-18,1,2025-01-25,wk inc flu hosp,quantile,0.6,224.71169844903176
20,2025-01-18,1,2025-01-25,wk inc flu hosp,quantile,0.6,164.84213908563729
21,2025-01-18,1,2025-01-25,wk inc flu hosp,quantile,0.6,294.1926604819291
22,2025-01-18,1,2025-01-25,wk inc flu hosp,quantile,0.6,326.58346524444
23,2025-01-18,1,2025-01-25,wk inc flu hosp,quantile,0.6,91.09218177571809
24,2025-01-18,1,2025-01-25,wk inc flu hosp,quantile,0.6,290.70543024126493
25,2025-01-18,1,2025-01-25,wk inc flu hosp,quantile,0.6,474.7924065150839
26,2025-01-18,1,2025-01-25,wk inc flu hosp,quantile,0.6,482.06305414290136
27,2025-01-18,1,2025-01-25,wk inc flu hosp,quantile,0.6,947.8250504358796
28,2025-01-18,1,2025-01-25,wk inc flu hosp,quantile,0.6,192.0089752966477
29,2025-01-18,1,2025-01-25,wk inc flu hosp,quantile,0.6,360.0046273309746
30,2025-01-18,1,2025-01-25,wk inc flu hosp,quantile,0.6,55.343514268435136
31,2025-01-18,1,2025-01-25,wk inc flu hosp,quantile,0.6,128.618626530627
32,2025-01-18,1,2025-01-25,wk inc flu hosp,quantile,0.6,178.9608170290186
33,2025-01-18,1,2025-01-25,wk inc flu hosp,quantile,0.6,52.772736944152776
34,2025-01-18,1,2025-01-25,wk inc flu hosp,quantile,0.6,776.7391756277485
35,2025-01-18,1,2025-01-25,wk inc flu hosp,quantile,0.6,164.8133258388643
36,2025-01-18,1,2025-01-25,wk inc flu hosp,quantile,0.6,1536.2636489486733
37,2025-01-18,1,2025-01-25,wk inc flu hosp,quantile,0.6,559.3844727625984
38,2025-01-18,1,2025-01-25,wk inc flu hosp,quantile,0.6,38.56495232438969
39,2025-01-18,1,2025-01-25,wk inc flu hosp,quantile,0.6,732.7289036031747
40,2025-01-18,1,2025-01-25,wk inc flu hosp,quantile,0.6,199.47631696376317
41,2025-01-18,1,2025-01-25,wk inc flu hosp,quantile,0.6,208.71814533991784
42,2025-01-18,1,2025-01-25,wk inc flu hosp,quantile,0.6,1258.0196138221932
44,2025-01-18,1,2025-01-25,wk inc flu hosp,quantile,0.6,49.925222184597224
45,2025-01-18,1,2025-01-25,wk inc flu hosp,quantile,0.6,317.52605593223325
46,2025-01-18,1,2025-01-25,wk inc flu hosp,quantile,0.6,52.831187183484005
47,2025-01-18,1,2025-01-25,wk inc flu hosp,quantile,0.6,455.54448740103066
48,2025-01-18,1,2025-01-25,wk inc flu hosp,quantile,0.6,1620.0313480527464
49,2025-01-18,1,2025-01-25,wk inc flu hosp,quantile,0.6,153.90071325489833
50,2025-01-18,1,2025-01-25,wk inc flu hosp,quantile,0.6,30.112340169162863
51,2025-01-18,1,2025-01-25,wk inc flu hosp,quantile,0.6,373.16598728205884
53,2025-01-18,1,2025-01-25,wk inc flu hosp,quantile,0.6,410.1551197350514
54,2025-01-18,1,2025-01-25,wk inc flu hosp,quantile,0.6,131.72336847881525
55,2025-01-18,1,2025-01-25,wk inc flu hosp,quantile,0.6,312.387358764382
56,2025-01-18,1,2025-01-25,wk inc flu hosp,quantile,0.6,45.88632974689469
72,2025-01-18,1,2025-01-25,wk inc flu hosp,quantile,0.6,1096.9469704949006
US,2025-01-18,1,2025-01-25,wk inc flu hosp,quantile,0.6,23075.502448866147
01,2025-01-18,2,2025-02-01,wk inc flu hosp,quantile,0.6,253.41706610996246
02,2025-01-18,2,2025-02-01,wk inc flu hosp,quantile,0.6,32.757019357277564
04,2025-01-18,2,2025-02-01,wk inc flu hosp,quantile,0.6,769.8452707788686
05,2025-01-18,2,2025-02-01,wk inc flu hosp,quantile,0.6,151.28252333023795
06,2025-01-18,2,2025-02-01,wk inc flu hosp,quantile,0.6,1719.1991988144262
08,2025-01-18,2,2025-02-01,wk inc flu hosp,quantile,0.6,283.1747541934946
09,2025-01-18,2,2025-02-01,wk inc flu hosp,quantile,0.6,229.54621645084993
10,2025-01-18,2,2025-02-01,wk inc flu hosp,quantile,0.6,37.34355531510054
11,2025-01-18,2,2025-02-01,wk inc flu hosp,quantile,0.6,32.76390621531816
12,2025-01-18,2,2025-02-01,wk inc flu hosp,quantile,0.6,1626.7244787550305
13,2025-01-18,2,2025-02-01,wk inc flu hosp,quantile,0.6,518.5075704451236
15,2025-01-18,2,2025-02-01,wk inc flu hosp,quantile,0.6,43.32760685602365
16,2025-01-18,2,2025-02-01,wk inc flu hosp,quantile,0.6,83.2583988188829
17,2025-01-18,2,2025-02-01,wk inc flu hosp,quantile,0.6,714.1944812831644
18,2025-01-18,2,2025-02-01,wk inc flu hosp,quantile,0.6,345.96364005120563
19,2025-01-18,2,2025-02-01,wk inc flu hosp,quantile,0.6,211.46768127296426
20,2025-01-18,2,2025-02-01,wk inc flu hosp,quantile,0.6,143.93063460738537
21,2025-01-18,2,2025-02-01,wk inc flu hosp,quantile,0.6,256.9431226067848
22,2025-01-18,2,2025-02-01,wk inc flu hosp,quantile,0.6,281.0935586187375
23,2025-01-18,2,2025-02-01,wk inc flu hosp,quantile,0.6,89.22282061150636
24,2025-01-18,2,2025-02-01,wk inc flu hosp,quantile,0.6,268.5703044811363
25,2025-01-18,2,2025-02-01,wk inc flu hosp,quantile,0.6,443.88736310558966
26,2025-01-18,2,2025-02-01,wk inc flu hosp,quantile,0.6,475.18922166115846
27,2025-01-18,2,2025-02-01,wk inc flu hosp,quantile,0.6,818.6993283775315
28,2025-01-18,2,2025-02-01,wk inc flu hosp,quantile,0.6,175.74252793647278
29,2025-01-18,2,2025-02-01,wk inc flu hosp,quantile,0.6,313.5245003316553
30,2025-01-18,2,2025-02-01,wk inc flu hosp,quantile,0.6,50.67280560785028
31,2025-01-18,2,2025-02-01,wk inc flu hosp,quantile,0.6,109.90235497917486
32,2025-01-18,2,2025-02-01,wk inc flu hosp,quantile,0.6,155.12555491926125
33,2025-01-18,2,2025-02-01,wk inc flu hosp,quantile,0.6,45.67200515301981
34,2025-01-18,2,2025-02-01,wk inc flu hosp,quantile,0.6,679.3663345983047
35,2025-01-18,2,2025-02-01,wk inc flu hosp,quantile,0.6,145.66531865442252
36,2025-01-18,2,2025-02-01,wk inc flu hosp,quantile,0.6,1352.1705321871561
37,2025-01-18,2,2025-02-01,wk inc flu hosp,quantile,0.6,492.3263524471294
38,2025-01-18,2,2025-02-01,wk inc flu hosp,quantile,0.6,37.44710785494827
39,2025-01-18,2,2025-02-01,wk inc flu hosp,quantile,0.6,646.6901024395364
40,2025-01-18,2,2025-02-01,wk inc flu hosp,quantile,0.6,187.9214225307295
41,2025-01-18,2,2025-02-01,wk inc flu hosp,quantile,0.6,171.3234258600833
42,2025-01-18,2,2025-02-01,wk inc flu hosp,quantile,0.6,1127.625356117887
44,2025-01-18,2,2025-02-01,wk inc flu hosp,quantile,0.6,45.21910666759928
45,2025-01-18,2,2025-02-01,wk inc flu hosp,quantile,0.6,284.36759818876976
46,2025-01-18,2,2025-02-01,wk inc flu hosp,quantile,0.6,52.35251666885661
47,2025-01-18,2,2025-02-01,wk inc flu hosp,quantile,0.6,386.2236332610577
48,2025-01-18,2,2025-02-01,wk inc flu hosp,quantile,0.6,1487.1477448523315
49,2025-01-18,2,2025-02-01,wk inc flu hosp,quantile,0.6,127.07037449791868
50,2025-01-18,2,2025-02-01,wk inc flu hosp,quantile,0.6,28.54160104873958
51,2025-01-18,2,2025-02-01,wk inc flu hosp,quantile,0.6,344.6671320099997
53,2025-01-18,2,2025-02-01,wk inc flu hosp,quantile,0.6,353.60753115139084
54,2025-01-18,2,2025-02-01,wk inc flu hosp,quantile,0.6,124.73254650317261
55,2025-01-18,2,2025-02-01,wk inc flu hosp,quantile,0.6,283.33604532857623
56,2025-01-18,2,2025-02-01,wk inc flu hosp,quantile,0.6,40.12984201373982
72,2025-01-18,2,2025-02-01,wk inc flu hosp,quantile,0.6,1012.9870065762718
US,2025-01-18,2,2025-02-01,wk inc flu hosp,quantile,0.6,20878.957820600514
01,2025-01-18,3,2025-02-08,wk inc flu hosp,quantile,0.6,218.71884814908532
02,2025-01-18,3,2025-02-08,wk inc flu hosp,quantile,0.6,30.967645366105256
04,2025-01-18,3,2025-02-08,wk inc flu hosp,quantile,0.6,681.7798689919658
05,2025-01-18,3,2025-02-08,wk inc flu hosp,quantile,0.6,145.6803796607262
06,2025-01-18,3,2025-02-08,wk inc flu hosp,quantile,0.6,1493.1964630649247
08,2025-01-18,3,2025-02-08,wk inc flu hosp,quantile,0.6,253.1733131046633
09,2025-01-18,3,2025-02-08,wk inc flu hosp,quantile,0.6,216.08440518339404
10,2025-01-18,3,2025-02-08,wk inc flu hosp,quantile,0.6,33.038389868144606
11,2025-01-18,3,2025-02-08,wk inc flu hosp,quantile,0.6,29.339374309482224
12,2025-01-18,3,2025-02-08,wk inc flu hosp,quantile,0.6,1445.9890916911565
13,2025-01-18,3,2025-02-08,wk inc flu hosp,quantile,0.6,457.73529502296657
15,2025-01-18,3,2025-02-08,wk inc flu hosp,quantile,0.6,38.99181077276741
16,2025-01-18,3,2025-02-08,wk inc flu hosp,quantile,0.6,72.48705606785612
17,2025-01-18,3,2025-02-08,wk inc flu hosp,quantile,0.6,641.9207070553803
18,2025-01-18,3,2025-02-08,wk inc flu hosp,quantile,0.6,313.285816720867
19,2025-01-18,3,2025-02-08,wk inc flu hosp,quantile,0.6,195.42320184968676
20,2025-01-18,3,2025-02-08,wk inc flu hosp,quantile,0.6,127.53991391599247
21,2025-01-18,3,2025-02-08,wk inc flu hosp,quantile,0.6,223.18083496059927
22,2025-01-18,3,2025-02-08,wk inc flu hosp,quantile,0.6,242.0777007149134
23,2025-01-18,3,2025-02-08,wk inc flu hosp,quantile,0.6,82.76609733603942
24,2025-01-18,3,2025-02-08,wk inc flu hosp,quantile,0.6,240.44910532052927
25,2025-01-18,3,2025-02-08,wk inc flu hosp,quantile,0.6,417.3561031177719
26,2025-01-18,3,2025-02-08,wk inc flu hosp,quantile,0.6,448.9859626357647
27,2025-01-18,3,2025-02-08,wk inc flu hosp,quantile,0.6,745.760207041384
28,2025-01-18,3,2025-02-08,wk inc flu hosp,quantile,0.6,162.2633068932923
29,2025-01-18,3,2025-02-08,wk inc flu hosp,quantile,0.6,280.839052106201
30,2025-01-18,3,2025-02-08,wk inc flu hosp,quantile,0.6,45.712332705687395
31,2025-01-18,3,2025-02-08,wk inc flu hosp,quantile,0.6,98.27058576766409
32,2025-01-18,3,2025-02-08,wk inc flu hosp,quantile,0.6,131.29945774049528
33,2025-01-18,3,2025-02-08,wk inc flu hosp,quantile,0.6,41.30754920916735
34,2025-01-18,3,2025-02-08,wk inc flu hosp,quantile,0.6,606.9913012853697
35,2025-01-18,3,2025-02-08,wk inc flu hosp,quantile,0.6,128.47928746481097
36,2025-01-18,3,2025-02-08,wk inc flu hosp,quantile,0.6,1172.9898388406796
37,2025-01-18,3,2025-02-08,wk inc flu hosp,quantile,0.6,423.40810579058297
38,2025-01-18,3,2025-02-08,wk inc flu hosp,quantile,0.6,35.865012290505234
39,2025-01-18,3,2025-02-08,wk inc flu hosp,quantile,0.6,579.7132176965172
40,2025-01-18,3,2025-02-08,wk inc flu hosp,quantile,0.6,176.4631096980838
41,2025-01-18,3,2025-02-08,wk inc flu hosp,quantile,0.6,146.84063570232567
42,2025-01-18,3,2025-02-08,wk inc flu hosp,quantile,0.6,1021.931885644773
44,2025-01-18,3,2025-02-08,wk inc flu hosp,quantile,0.6,40.203790101939305
45,2025-01-18,3,2025-02-08,wk inc flu hosp,quantile,0.6,257.8919815618241
46,2025-01-18,3,2025-02-08,wk inc flu hosp,quantile,0.6,50.324980426501995
47,2025-01-18,3,2025-02-08,wk inc flu hosp,quantile,0.6,344.95780397991524
48,2025-01-18,3,2025-02-08,wk inc flu hosp,quantile,0.6,1343.0260452442762
49,2025-01-18,3,2025-02-08,wk inc flu hosp,quantile,0.6,115.67053875037541
50,2025-01-18,3,2025-02-08,wk inc flu hosp,quantile,0.6,27.229126670213994
51,2025-01-18,3,2025-02-08,wk inc flu hosp,quantile,0.6,310.7166964575364
53,2025-01-18,3,2025-02-08,wk inc flu hosp,quantile,0.6,310.0035100095942
54,2025-01-18,3,2025-02-08,wk inc flu hosp,quantile,0.6,115.42420577171842
55,2025-01-18,3,2025-02-08,wk inc flu hosp,quantile,0.6,254.36681030447735
56,2025-01-18,3,2025-02-08,wk inc flu hosp,quantile,0.6,35.620013826359944
72,2025-01-18,3,2025-02-08,wk inc flu hosp,quantile,0.6,957.1892880720629
US,2025-01-18,3,2025-02-08,wk inc flu hosp,quantile,0.6,18552.296136738103
01,2025-01-18,0,2025-01-18,wk inc flu hosp,quantile,0.65,357.99442211623006
02,2025-01-18,0,2025-01-18,wk inc flu hosp,quantile,0.65,38.40442255508177
04,2025-01-18,0,2025-01-18,wk inc flu hosp,quantile,0.65,1071.9724815853483
05,2025-01-18,0,2025-01-18,wk inc flu hosp,quantile,0.65,149.58024916446234
06,2025-01-18,0,2025-01-18,wk inc flu hosp,quantile,0.65,2343.7597131402767
08,2025-01-18,0,2025-01-18,wk inc flu hosp,quantile,0.65,388.8314092167036
09,2025-01-18,0,2025-01-18,wk inc flu hosp,quantile,0.65,282.61260192138906
10,2025-01-18,0,2025-01-18,wk inc flu hosp,quantile,0.65,56.370482330004535
11,2025-01-18,0,2025-01-18,wk inc flu hosp,quantile,0.65,40.429183999024815
12,2025-01-18,0,2025-01-18,wk inc flu hosp,quantile,0.65,1951.8930173210929
13,2025-01-18,0,2025-01-18,wk inc flu hosp,quantile,0.65,672.3138499324475
15,2025-01-18,0,2025-01-18,wk inc flu hosp,quantile,0.65,53.03511068706706
16,2025-01-18,0,2025-01-18,wk inc flu hosp,quantile,0.65,111.98085026661879
17,2025-01-18,0,2025-01-18,wk inc flu hosp,quantile,0.65,994.640284834647
18,2025-01-18,0,2025-01-18,wk inc flu hosp,quantile,0.65,451.77978103954746
19,2025-01-18,0,2025-01-18,wk inc flu hosp,quantile,0.65,253.82202609216696
20,2025-01-18,0,2025-01-18,wk inc flu hosp,quantile,0.65,187.95748849244703
21,2025-01-18,0,2025-01-18,wk inc flu hosp,quantile,0.65,343.49496426340863
22,2025-01-18,0,2025-01-18,wk inc flu hosp,quantile,0.65,374.41375783559533
23,2025-01-18,0,2025-01-18,wk inc flu hosp,quantile,0.65,101.81568445947194
24,2025-01-18,0,2025-01-18,wk inc flu hosp,quantile,0.65,327.8815721758895
25,2025-01-18,0,2025-01-18,wk inc flu hosp,quantile,0.65,526.5369540556757
26,2025-01-18,0,2025-01-18,wk inc flu hosp,quantile,0.65,503.5456540264641
27,2025-01-18,0,2025-01-18,wk inc flu hosp,quantile,0.65,1112.497623248669
28,2025-01-18,0,2025-01-18,wk inc flu hosp,quantile,0.65,209.47088834328986
29,2025-01-18,0,2025-01-18,wk inc flu hosp,quantile,0.65,421.83649532193414
30,2025-01-18,0,2025-01-18,wk inc flu hosp,quantile,0.65,62.43399755304533
31,2025-01-18,0,2025-01-18,wk inc flu hosp,quantile,0.65,147.7495007064577
32,2025-01-18,0,2025-01-18,wk inc flu hosp,quantile,0.65,199.71367865097832
33,2025-01-18,0,2025-01-18,wk inc flu hosp,quantile,0.65,61.605529390520736
34,2025-01-18,0,2025-01-18,wk inc flu hosp,quantile,0.65,897.4344253035757
35,2025-01-18,0,2025-01-18,wk inc flu hosp,quantile,0.65,183.39922144410392
36,2025-01-18,0,2025-01-18,wk inc flu hosp,quantile,0.65,1731.496278353658
37,2025-01-18,0,2025-01-18,wk inc flu hosp,quantile,0.65,632.756632570222
38,2025-01-18,0,2025-01-18,wk inc flu hosp,quantile,0.65,42.31938461097958
39,2025-01-18,0,2025-01-18,wk inc flu hosp,quantile,0.65,824.6289712191996
40,2025-01-18,0,2025-01-18,wk inc flu hosp,quantile,0.65,208.95140231809245
41,2025-01-18,0,2025-01-18,wk inc flu hosp,quantile,0.65,246.01127463450837
42,2025-01-18,0,2025-01-18,wk inc flu hosp,quantile,0.65,1410.2798163687885
44,2025-01-18,0,2025-01-18,wk inc flu hosp,quantile,0.65,57.38768378839011
45,2025-01-18,0,2025-01-18,wk inc flu hosp,quantile,0.65,366.3854692044724
46,2025-01-18,0,2025-01-18,wk inc flu hosp,quantile,0.65,54.723970828845665
47,2025-01-18,0,2025-01-18,wk inc flu hosp,quantile,0.65,535.403172526033
48,2025-01-18,0,2025-01-18,wk inc flu hosp,quantile,0.65,1766.7723150625723
49,2025-01-18,0,2025-01-18,wk inc flu hosp,quantile,0.65,187.7321833453548
50,2025-01-18,0,2025-01-18,wk inc flu hosp,quantile,0.65,33.052096686398876
51,2025-01-18,0,2025-01-18,wk inc flu hosp,quantile,0.65,404.57589878885955
53,2025-01-18,0,2025-01-18,wk inc flu hosp,quantile,0.65,461.44425947032124
54,2025-01-18,0,2025-01-18,wk inc flu hosp,quantile,0.65,150.03721524771015
55,2025-01-18,0,2025-01-18,wk inc flu hosp,quantile,0.65,358.38286122535465
56,2025-01-18,0,2025-01-18,wk inc flu hosp,quantile,0.65,53.7801727220393
72,2025-01-18,0,2025-01-18,wk inc flu hosp,quantile,0.65,1275.3032896729376
US,2025-01-18,0,2025-01-18,wk inc flu hosp,quantile,0.65,25702.67489756771
01,2025-01-18,1,2025-01-25,wk inc flu hosp,quantile,0.65,310.3085738869367
02,2025-01-18,1,2025-01-25,wk inc flu hosp,quantile,0.65,36.36984126609246
04,2025-01-18,1,2025-01-25,wk inc flu hosp,quantile,0.65,912.6790738633574
05,2025-01-18,1,2025-01-25,wk inc flu hosp,quantile,0.65,167.74522357678464
06,2025-01-18,1,2025-01-25,wk inc flu hosp,quantile,0.65,2109.2459710079233
08,2025-01-18,1,2025-01-25,wk inc flu hosp,quantile,0.65,346.34628573504403
09,2025-01-18,1,2025-01-25,wk inc flu hosp,quantile,0.65,275.38447924441414
10,2025-01-18,1,2025-01-25,wk inc flu hosp,quantile,0.65,48.370751839672586
11,2025-01-18,1,2025-01-25,wk inc flu hosp,quantile,0.65,37.98413964503462
12,2025-01-18,1,2025-01-25,wk inc flu hosp,quantile,0.65,1811.3140142521675
13,2025-01-18,1,2025-01-25,wk inc flu hosp,quantile,0.65,612.0294088876932
15,2025-01-18,1,2025-01-25,wk inc flu hosp,quantile,0.65,50.26554742611885
16,2025-01-18,1,2025-01-25,wk inc flu hosp,quantile,0.65,99.22920686573049
17,2025-01-18,1,2025-01-25,wk inc flu hosp,quantile,0.65,887.8171045845532
18,2025-01-18,1,2025-01-25,wk inc flu hosp,quantile,0.65,421.05141802034257
19,2025-01-18,1,2025-01-25,wk inc flu hosp,quantile,0.65,245.4279975399521
20,2025-01-18,1,2025-01-25,wk inc flu hosp,quantile,0.65,170.11906034402446
21,2025-01-18,1,2025-01-25,wk inc flu hosp,quantile,0.65,314.1668004215974
22,2025-01-18,1,2025-01-25,wk inc flu hosp,quantile,0.65,336.6567312859712
23,2025-01-18,1,2025-01-25,wk inc flu hosp,quantile,0.65,100.81311768287284
24,2025-01-18,1,2025-01-25,wk inc flu hosp,quantile,0.65,306.7310816997637
25,2025-01-18,1,2025-01-25,wk inc flu hosp,quantile,0.65,511.4542173962747
26,2025-01-18,1,2025-01-25,wk inc flu hosp,quantile,0.65,508.8322197176843
27,2025-01-18,1,2025-01-25,wk inc flu hosp,quantile,0.65,987.7297670597414
28,2025-01-18,1,2025-01-25,wk inc flu hosp,quantile,0.65,198.76104780916876
29,2025-01-18,1,2025-01-25,wk inc flu hosp,quantile,0.65,388.8653136980543
30,2025-01-18,1,2025-01-25,wk inc flu hosp,quantile,0.65,60.21280106963217
31,2025-01-18,1,2025-01-25,wk inc flu hosp,quantile,0.65,133.9145404275783
32,2025-01-18,1,2025-01-25,wk inc flu hosp,quantile,0.65,185.24080532045815
33,2025-01-18,1,2025-01-25,wk inc flu hosp,quantile,0.65,55.55998668112622
34,2025-01-18,1,2025-01-25,wk inc flu hosp,quantile,0.65,808.3554449511432
35,2025-01-18,1,2025-01-25,wk inc flu hosp,quantile,0.65,169.54421898201153
36,2025-01-18,1,2025-01-25,wk inc flu hosp,quantile,0.65,1587.864886365781
37,2025-01-18,1,2025-01-25,wk inc flu hosp,quantile,0.65,581.8648092215948
38,2025-01-18,1,2025-01-25,wk inc flu hosp,quantile,0.65,42.36243036702206
39,2025-01-18,1,2025-01-25,wk inc flu hosp,quantile,0.65,755.769164919053
40,2025-01-18,1,2025-01-25,wk inc flu hosp,quantile,0.65,213.3566929291323
41,2025-01-18,1,2025-01-25,wk inc flu hosp,quantile,0.65,217.25824715722547
42,2025-01-18,1,2025-01-25,wk inc flu hosp,quantile,0.65,1302.0467756247558
44,2025-01-18,1,2025-01-25,wk inc flu hosp,quantile,0.65,53.09474382977631
45,2025-01-18,1,2025-01-25,wk inc flu hosp,quantile,0.65,338.01524268353666
46,2025-01-18,1,2025-01-25,wk inc flu hosp,quantile,0.65,58.20700094057726
47,2025-01-18,1,2025-01-25,wk inc flu hosp,quantile,0.65,474.87521534265255
48,2025-01-18,1,2025-01-25,wk inc flu hosp,quantile,0.65,1678.5958631719343
49,2025-01-18,1,2025-01-25,wk inc flu hosp,quantile,0.65,158.89294728905526
50,2025-01-18,1,2025-01-25,wk inc flu hosp,quantile,0.65,33.25140599229879
51,2025-01-18,1,2025-01-25,wk inc flu hosp,quantile,0.65,392.4783507630603
53,2025-01-18,1,2025-01-25,wk inc flu hosp,quantile,0.65,420.26710961366257
54,2025-01-18,1,2025-01-25,wk inc flu hosp,quantile,0.65,142.02439661154276
55,2025-01-18,1,2025-01-25,wk inc flu hosp,quantile,0.65,331.8520958096848
56,2025-01-18,1,2025-01-25,wk inc flu hosp,quantile,0.65,49.25704235242763
72,2025-01-18,1,2025-01-25,wk inc flu hosp,quantile,0.65,1186.3305145208922
US,2025-01-18,1,2025-01-25,wk inc flu hosp,quantile,0.65,23857.40179728439
01,2025-01-18,2,2025-02-01,wk inc flu hosp,quantile,0.65,266.6275527307313
02,2025-01-18,2,2025-02-01,wk inc flu hosp,quantile,0.65,35.41742986584993
04,2025-01-18,2,2025-02-01,wk inc flu hosp,quantile,0.65,779.3244511194845
05,2025-01-18,2,2025-02-01,wk inc flu hosp,quantile,0.65,177.75430467921925
06,2025-01-18,2,2025-02-01,wk inc flu hosp,quantile,0.65,1839.586687905974
08,2025-01-18,2,2025-02-01,wk inc flu hosp,quantile,0.65,303.5850570134895
09,2025-01-18,2,2025-02-01,wk inc flu hosp,quantile,0.65,259.94359246944634
10,2025-01-18,2,2025-02-01,wk inc flu hosp,quantile,0.65,40.85327410802671
11,2025-01-18,2,2025-02-01,wk inc flu hosp,quantile,0.65,35.569471917168485
12,2025-01-18,2,2025-02-01,wk inc flu hosp,quantile,0.65,1660.2020760421524
13,2025-01-18,2,2025-02-01,wk inc flu hosp,quantile,0.65,529.0432254840485
15,2025-01-18,2,2025-02-01,wk inc flu hosp,quantile,0.65,45.196167886283995
16,2025-01-18,2,2025-02-01,wk inc flu hosp,quantile,0.65,84.75208226180136
17,2025-01-18,2,2025-02-01,wk inc flu hosp,quantile,0.65,774.5213834459894
18,2025-01-18,2,2025-02-01,wk inc flu hosp,quantile,0.65,386.123087355674
19,2025-01-18,2,2025-02-01,wk inc flu hosp,quantile,0.65,226.75144844235692
20,2025-01-18,2,2025-02-01,wk inc flu hosp,quantile,0.65,149.9321371980937
21,2025-01-18,2,2025-02-01,wk inc flu hosp,quantile,0.65,283.5844696820498
22,2025-01-18,2,2025-02-01,wk inc flu hosp,quantile,0.65,300.94198349540784
23,2025-01-18,2,2025-02-01,wk inc flu hosp,quantile,0.65,100.35697266962076
24,2025-01-18,2,2025-02-01,wk inc flu hosp,quantile,0.65,288.444290837755
25,2025-01-18,2,2025-02-01,wk inc flu hosp,quantile,0.65,480.0846659795323
26,2025-01-18,2,2025-02-01,wk inc flu hosp,quantile,0.65,534.0337108115125
27,2025-01-18,2,2025-02-01,wk inc flu hosp,quantile,0.65,861.5679334014089
28,2025-01-18,2,2025-02-01,wk inc flu hosp,quantile,0.65,189.1265205873394
29,2025-01-18,2,2025-02-01,wk inc flu hosp,quantile,0.65,353.5757167067175
30,2025-01-18,2,2025-02-01,wk inc flu hosp,quantile,0.65,57.280031680914114
31,2025-01-18,2,2025-02-01,wk inc flu hosp,quantile,0.65,116.40710268563872
32,2025-01-18,2,2025-02-01,wk inc flu hosp,quantile,0.65,162.6028477745694
33,2025-01-18,2,2025-02-01,wk inc flu hosp,quantile,0.65,49.07993008148907
34,2025-01-18,2,2025-02-01,wk inc flu hosp,quantile,0.65,710.2654419920394
35,2025-01-18,2,2025-02-01,wk inc flu hosp,quantile,0.65,150.28361121648925
36,2025-01-18,2,2025-02-01,wk inc flu hosp,quantile,0.65,1390.608266573242
37,2025-01-18,2,2025-02-01,wk inc flu hosp,quantile,0.65,523.2866407863221
38,2025-01-18,2,2025-02-01,wk inc flu hosp,quantile,0.65,43.28219225622985
39,2025-01-18,2,2025-02-01,wk inc flu hosp,quantile,0.65,682.4326871968173
40,2025-01-18,2,2025-02-01,wk inc flu hosp,quantile,0.65,212.07339370011053
41,2025-01-18,2,2025-02-01,wk inc flu hosp,quantile,0.65,182.18530184239364
42,2025-01-18,2,2025-02-01,wk inc flu hosp,quantile,0.65,1178.4259261230281
44,2025-01-18,2,2025-02-01,wk inc flu hosp,quantile,0.65,48.53569220219595
45,2025-01-18,2,2025-02-01,wk inc flu hosp,quantile,0.65,307.7686644553559
46,2025-01-18,2,2025-02-01,wk inc flu hosp,quantile,0.65,57.97246547683857
47,2025-01-18,2,2025-02-01,wk inc flu hosp,quantile,0.65,415.3816494974853
48,2025-01-18,2,2025-02-01,wk inc flu hosp,quantile,0.65,1544.7583700127154
49,2025-01-18,2,2025-02-01,wk inc flu hosp,quantile,0.65,137.9416246108604
50,2025-01-18,2,2025-02-01,wk inc flu hosp,quantile,0.65,32.01767963278717
51,2025-01-18,2,2025-02-01,wk inc flu hosp,quantile,0.65,369.43244081579974
53,2025-01-18,2,2025-02-01,wk inc flu hosp,quantile,0.65,375.2954225012954
54,2025-01-18,2,2025-02-01,wk inc flu hosp,quantile,0.65,137.36344272312357
55,2025-01-18,2,2025-02-01,wk inc flu hosp,quantile,0.65,302.3873232527736
56,2025-01-18,2,2025-02-01,wk inc flu hosp,quantile,0.65,43.45171036993104
72,2025-01-18,2,2025-02-01,wk inc flu hosp,quantile,0.65,1122.2940512182267
US,2025-01-18,2,2025-02-01,wk inc flu hosp,quantile,0.65,21185.943318604626
01,2025-01-18,3,2025-02-08,wk inc flu hosp,quantile,0.65,240.08296935853656
02,2025-01-18,3,2025-02-08,wk inc flu hosp,quantile,0.65,33.173946596055494
04,2025-01-18,3,2025-02-08,wk inc flu hosp,quantile,0.65,682.8452353280976
05,2025-01-18,3,2025-02-08,wk inc flu hosp,quantile,0.65,167.76234885057156
06,2025-01-18,3,2025-02-08,wk inc flu hosp,quantile,0.65,1645.1315045294625
08,2025-01-18,3,2025-02-08,wk inc flu hosp,quantile,0.65,275.2400034187414
09,2025-01-18,3,2025-02-08,wk inc flu hosp,quantile,0.65,244.68479778239347
10,2025-01-18,3,2025-02-08,wk inc flu hosp,quantile,0.65,37.05627458855266
11,2025-01-18,3,2025-02-08,wk inc flu hosp,quantile,0.65,32.268482984985916
12,2025-01-18,3,2025-02-08,wk inc flu hosp,quantile,0.65,1528.3744621366566
13,2025-01-18,3,2025-02-08,wk inc flu hosp,quantile,0.65,491.433143333188
15,2025-01-18,3,2025-02-08,wk inc flu hosp,quantile,0.65,42.00202403027557
16,2025-01-18,3,2025-02-08,wk inc flu hosp,quantile,0.65,73.96879704674114
17,2025-01-18,3,2025-02-08,wk inc flu hosp,quantile,0.65,681.0879798515069
18,2025-01-18,3,2025-02-08,wk inc flu hosp,quantile,0.65,344.1285744265361
19,2025-01-18,3,2025-02-08,wk inc flu hosp,quantile,0.65,208.05274266178515
20,2025-01-18,3,2025-02-08,wk inc flu hosp,quantile,0.65,136.99595384466463
21,2025-01-18,3,2025-02-08,wk inc flu hosp,quantile,0.65,253.34395248184387
22,2025-01-18,3,2025-02-08,wk inc flu hosp,quantile,0.65,265.7372998350892
23,2025-01-18,3,2025-02-08,wk inc flu hosp,quantile,0.65,94.71270834660433
24,2025-01-18,3,2025-02-08,wk inc flu hosp,quantile,0.65,262.1755151891708
25,2025-01-18,3,2025-02-08,wk inc flu hosp,quantile,0.65,454.2765970875859
26,2025-01-18,3,2025-02-08,wk inc flu hosp,quantile,0.65,497.074189822365
27,2025-01-18,3,2025-02-08,wk inc flu hosp,quantile,0.65,790.0696684443003
28,2025-01-18,3,2025-02-08,wk inc flu hosp,quantile,0.65,172.57586636348563
29,2025-01-18,3,2025-02-08,wk inc flu hosp,quantile,0.65,312.16649413397846
30,2025-01-18,3,2025-02-08,wk inc flu hosp,quantile,0.65,50.765633164657274
31,2025-01-18,3,2025-02-08,wk inc flu hosp,quantile,0.65,106.33171975657406
32,2025-01-18,3,2025-02-08,wk inc flu hosp,quantile,0.65,145.92183456883623
33,2025-01-18,3,2025-02-08,wk inc flu hosp,quantile,0.65,43.53859675073395
34,2025-01-18,3,2025-02-08,wk inc flu hosp,quantile,0.65,637.2341455227721
35,2025-01-18,3,2025-02-08,wk inc flu hosp,quantile,0.65,138.87190383789599
36,2025-01-18,3,2025-02-08,wk inc flu hosp,quantile,0.65,1251.8544780147781
37,2025-01-18,3,2025-02-08,wk inc flu hosp,quantile,0.65,463.66552877176457
38,2025-01-18,3,2025-02-08,wk inc flu hosp,quantile,0.65,41.23808395629146
39,2025-01-18,3,2025-02-08,wk inc flu hosp,quantile,0.65,636.1916590260821
40,2025-01-18,3,2025-02-08,wk inc flu hosp,quantile,0.65,197.32800713547672
41,2025-01-18,3,2025-02-08,wk inc flu hosp,quantile,0.65,157.47271646178135
42,2025-01-18,3,2025-02-08,wk inc flu hosp,quantile,0.65,1077.9590894114074
44,2025-01-18,3,2025-02-08,wk inc flu hosp,quantile,0.65,44.53321859190252
45,2025-01-18,3,2025-02-08,wk inc flu hosp,quantile,0.65,278.04278673778197
46,2025-01-18,3,2025-02-08,wk inc flu hosp,quantile,0.65,52.20636209161397
47,2025-01-18,3,2025-02-08,wk inc flu hosp,quantile,0.65,378.4169404030237
48,2025-01-18,3,2025-02-08,wk inc flu hosp,quantile,0.65,1404.8795824759454
49,2025-01-18,3,2025-02-08,wk inc flu hosp,quantile,0.65,120.34747169628704
50,2025-01-18,3,2025-02-08,wk inc flu hosp,quantile,0.65,29.90063514525937
51,2025-01-18,3,2025-02-08,wk inc flu hosp,quantile,0.65,347.3945772270601
53,2025-01-18,3,2025-02-08,wk inc flu hosp,quantile,0.65,337.97185667014753
54,2025-01-18,3,2025-02-08,wk inc flu hosp,quantile,0.65,125.7915203358837
55,2025-01-18,3,2025-02-08,wk inc flu hosp,quantile,0.65,271.640307189418
56,2025-01-18,3,2025-02-08,wk inc flu hosp,quantile,0.65,40.02735584383055
72,2025-01-18,3,2025-02-08,wk inc flu hosp,quantile,0.65,1062.4207777406407
US,2025-01-18,3,2025-02-08,wk inc flu hosp,quantile,0.65,19464.043913619775
01,2025-01-18,0,2025-01-18,wk inc flu hosp,quantile,0.7,375.11650686492703
02,2025-01-18,0,2025-01-18,wk inc flu hosp,quantile,0.7,40.22568475556645
04,2025-01-18,0,2025-01-18,wk inc flu hosp,quantile,0.7,1130.3074075802056
05,2025-01-18,0,2025-01-18,wk inc flu hosp,quantile,0.7,156.83414591844263
06,2025-01-18,0,2025-01-18,wk inc flu hosp,quantile,0.7,2461.0351007015684
08,2025-01-18,0,2025-01-18,wk inc flu hosp,quantile,0.7,409.7152297917346
09,2025-01-18,0,2025-01-18,wk inc flu hosp,quantile,0.7,295.179482547114
10,2025-01-18,0,2025-01-18,wk inc flu hosp,quantile,0.7,60.34213645463183
11,2025-01-18,0,2025-01-18,wk inc flu hosp,quantile,0.7,43.8971089560913
12,2025-01-18,0,2025-01-18,wk inc flu hosp,quantile,0.7,2045.444425058282
13,2025-01-18,0,2025-01-18,wk inc flu hosp,quantile,0.7,719.1040756674762
15,2025-01-18,0,2025-01-18,wk inc flu hosp,quantile,0.7,55.964699855132274
16,2025-01-18,0,2025-01-18,wk inc flu hosp,quantile,0.7,119.65514775343826
17,2025-01-18,0,2025-01-18,wk inc flu hosp,quantile,0.7,1049.016528221449
18,2025-01-18,0,2025-01-18,wk inc flu hosp,quantile,0.7,483.6760545219844
19,2025-01-18,0,2025-01-18,wk inc flu hosp,quantile,0.7,270.054239019247
20,2025-01-18,0,2025-01-18,wk inc flu hosp,quantile,0.7,199.8856005075798
21,2025-01-18,0,2025-01-18,wk inc flu hosp,quantile,0.7,369.88668317858384
22,2025-01-18,0,2025-01-18,wk inc flu hosp,quantile,0.7,388.18517157417074
23,2025-01-18,0,2025-01-18,wk inc flu hosp,quantile,0.7,104.73795743117263
24,2025-01-18,0,2025-01-18,wk inc flu hosp,quantile,0.7,349.6334242213608
25,2025-01-18,0,2025-01-18,wk inc flu hosp,quantile,0.7,553.3268711923384
26,2025-01-18,0,2025-01-18,wk inc flu hosp,quantile,0.7,523.3100942453538
27,2025-01-18,0,2025-01-18,wk inc flu hosp,quantile,0.7,1164.3275769942436
28,2025-01-18,0,2025-01-18,wk inc flu hosp,quantile,0.7,215.22884602664087
29,2025-01-18,0,2025-01-18,wk inc flu hosp,quantile,0.7,453.9537272881854
30,2025-01-18,0,2025-01-18,wk inc flu hosp,quantile,0.7,65.26290822155075
31,2025-01-18,0,2025-01-18,wk inc flu hosp,quantile,0.7,156.3109774800813
32,2025-01-18,0,2025-01-18,wk inc flu hosp,quantile,0.7,209.28709192084779
33,2025-01-18,0,2025-01-18,wk inc flu hosp,quantile,0.7,68.57331434487811
34,2025-01-18,0,2025-01-18,wk inc flu hosp,quantile,0.7,943.0910510135197
35,2025-01-18,0,2025-01-18,wk inc flu hosp,quantile,0.7,198.59709741577677
36,2025-01-18,0,2025-01-18,wk inc flu hosp,quantile,0.7,1825.9760435864234
37,2025-01-18,0,2025-01-18,wk inc flu hosp,quantile,0.7,672.718381383823
38,2025-01-18,0,2025-01-18,wk inc flu hosp,quantile,0.7,44.34468516188128
39,2025-01-18,0,2025-01-18,wk inc flu hosp,quantile,0.7,879.1551221781311
40,2025-01-18,0,2025-01-18,wk inc flu hosp,quantile,0.7,230.99465947249863
41,2025-01-18,0,2025-01-18,wk inc flu hosp,quantile,0.7,261.173616223245
42,2025-01-18,0,2025-01-18,wk inc flu hosp,quantile,0.7,1486.8162580851595
44,2025-01-18,0,2025-01-18,wk inc flu hosp,quantile,0.7,61.883781002027014
45,2025-01-18,0,2025-01-18,wk inc flu hosp,quantile,0.7,389.865748151386
46,2025-01-18,0,2025-01-18,wk inc flu hosp,quantile,0.7,56.93471325201433
47,2025-01-18,0,2025-01-18,wk inc flu hosp,quantile,0.7,561.5685815224087
48,2025-01-18,0,2025-01-18,wk inc flu hosp,quantile,0.7,1832.5982874602985
49,2025-01-18,0,2025-01-18,wk inc flu hosp,quantile,0.7,196.30933722662328
50,2025-01-18,0,2025-01-18,wk inc flu hosp,quantile,0.7,35.27352964676946
51,2025-01-18,0,2025-01-18,wk inc flu hosp,quantile,0.7,422.4678201600557
53,2025-01-18,0,2025-01-18,wk inc flu hosp,quantile,0.7,488.28172702120247
54,2025-01-18,0,2025-01-18,wk inc flu hosp,quantile,0.7,157.66389178544622
55,2025-01-18,0,2025-01-18,wk inc flu hosp,quantile,0.7,376.6064489677814
56,2025-01-18,0,2025-01-18,wk inc flu hosp,quantile,0.7,59.77111662464511
72,2025-01-18,0,2025-01-18,wk inc flu hosp,quantile,0.7,1353.1729593108435
US,2025-01-18,0,2025-01-18,wk inc flu hosp,quantile,0.7,26665.803401751316
01,2025-01-18,1,2025-01-25,wk inc flu hosp,quantile,0.7,335.52634234332737
02,2025-01-18,1,2025-01-25,wk inc flu hosp,quantile,0.7,39.713701035479424
04,2025-01-18,1,2025-01-25,wk inc flu hosp,quantile,0.7,967.8053679772328
05,2025-01-18,1,2025-01-25,wk inc flu hosp,quantile,0.7,177.85254680878916
06,2025-01-18,1,2025-01-25,wk inc flu hosp,quantile,0.7,2254.7787214115997
08,2025-01-18,1,2025-01-25,wk inc flu hosp,quantile,0.7,368.78954002841965
09,2025-01-18,1,2025-01-25,wk inc flu hosp,quantile,0.7,288.0669337095335
10,2025-01-18,1,2025-01-25,wk inc flu hosp,quantile,0.7,52.290132237513085
11,2025-01-18,1,2025-01-25,wk inc flu hosp,quantile,0.7,42.4888716256109
12,2025-01-18,1,2025-01-25,wk inc flu hosp,quantile,0.7,1917.8047501398232
13,2025-01-18,1,2025-01-25,wk inc flu hosp,quantile,0.7,663.0911282901147
15,2025-01-18,1,2025-01-25,wk inc flu hosp,quantile,0.7,51.62108622303815
16,2025-01-18,1,2025-01-25,wk inc flu hosp,quantile,0.7,107.92510227606887
17,2025-01-18,1,2025-01-25,wk inc flu hosp,quantile,0.7,937.7707353922269
18,2025-01-18,1,2025-01-25,wk inc flu hosp,quantile,0.7,454.2187104185004
19,2025-01-18,1,2025-01-25,wk inc flu hosp,quantile,0.7,260.32433110490757
20,2025-01-18,1,2025-01-25,wk inc flu hosp,quantile,0.7,183.04391868996302
21,2025-01-18,1,2025-01-25,wk inc flu hosp,quantile,0.7,345.13671680474215
22,2025-01-18,1,2025-01-25,wk inc flu hosp,quantile,0.7,352.18251102705057
23,2025-01-18,1,2025-01-25,wk inc flu hosp,quantile,0.7,110.28232484605685
24,2025-01-18,1,2025-01-25,wk inc flu hosp,quantile,0.7,335.32820098969984
25,2025-01-18,1,2025-01-25,wk inc flu hosp,quantile,0.7,542.305902865491
26,2025-01-18,1,2025-01-25,wk inc flu hosp,quantile,0.7,546.741043914854
27,2025-01-18,1,2025-01-25,wk inc flu hosp,quantile,0.7,1039.429531895428
28,2025-01-18,1,2025-01-25,wk inc flu hosp,quantile,0.7,208.3344249929951
29,2025-01-18,1,2025-01-25,wk inc flu hosp,quantile,0.7,425.9496816596296
30,2025-01-18,1,2025-01-25,wk inc flu hosp,quantile,0.7,63.891056049220765
31,2025-01-18,1,2025-01-25,wk inc flu hosp,quantile,0.7,142.25340651580984
32,2025-01-18,1,2025-01-25,wk inc flu hosp,quantile,0.7,191.02144575209536
33,2025-01-18,1,2025-01-25,wk inc flu hosp,quantile,0.7,61.68842141402617
34,2025-01-18,1,2025-01-25,wk inc flu hosp,quantile,0.7,851.5770729630036
35,2025-01-18,1,2025-01-25,wk inc flu hosp,quantile,0.7,185.82537587705627
36,2025-01-18,1,2025-01-25,wk inc flu hosp,quantile,0.7,1671.0781847715202
37,2025-01-18,1,2025-01-25,wk inc flu hosp,quantile,0.7,628.2521619990243
38,2025-01-18,1,2025-01-25,wk inc flu hosp,quantile,0.7,47.08787891467058
39,2025-01-18,1,2025-01-25,wk inc flu hosp,quantile,0.7,822.1081923709039
40,2025-01-18,1,2025-01-25,wk inc flu hosp,quantile,0.7,236.7854272382565
41,2025-01-18,1,2025-01-25,wk inc flu hosp,quantile,0.7,235.34742660443567
42,2025-01-18,1,2025-01-25,wk inc flu hosp,quantile,0.7,1378.7212399068135
44,2025-01-18,1,2025-01-25,wk inc flu hosp,quantile,0.7,57.16496852563506
45,2025-01-18,1,2025-01-25,wk inc flu hosp,quantile,0.7,367.37038086086767
46,2025-01-18,1,2025-01-25,wk inc flu hosp,quantile,0.7,59.580675763357256
47,2025-01-18,1,2025-01-25,wk inc flu hosp,quantile,0.7,507.9992234742175
48,2025-01-18,1,2025-01-25,wk inc flu hosp,quantile,0.7,1749.1173765318347
49,2025-01-18,1,2025-01-25,wk inc flu hosp,quantile,0.7,171.5814240666136
50,2025-01-18,1,2025-01-25,wk inc flu hosp,quantile,0.7,35.14343344053897
51,2025-01-18,1,2025-01-25,wk inc flu hosp,quantile,0.7,409.2948110033348
53,2025-01-18,1,2025-01-25,wk inc flu hosp,quantile,0.7,454.9874722399034
54,2025-01-18,1,2025-01-25,wk inc flu hosp,quantile,0.7,155.1956666994141
55,2025-01-18,1,2025-01-25,wk inc flu hosp,quantile,0.7,357.9626914794029
56,2025-01-18,1,2025-01-25,wk inc flu hosp,quantile,0.7,53.98845573664653
72,2025-01-18,1,2025-01-25,wk inc flu hosp,quantile,0.7,1294.735684929422
US,2025-01-18,1,2025-01-25,wk inc flu hosp,quantile,0.7,25127.92210864469
01,2025-01-18,2,2025-02-01,wk inc flu hosp,quantile,0.7,286.5229041147722
02,2025-01-18,2,2025-02-01,wk inc flu hosp,quantile,0.7,39.53132171385556
04,2025-01-18,2,2025-02-01,wk inc flu hosp,quantile,0.7,802.9483372881597
05,2025-01-18,2,2025-02-01,wk inc flu hosp,quantile,0.7,196.0137899880662
06,2025-01-18,2,2025-02-01,wk inc flu hosp,quantile,0.7,2004.2643741223062
08,2025-01-18,2,2025-02-01,wk inc flu hosp,quantile,0.7,324.95827495720016
09,2025-01-18,2,2025-02-01,wk inc flu hosp,quantile,0.7,280.20897222101274
10,2025-01-18,2,2025-02-01,wk inc flu hosp,quantile,0.7,44.54860862166238
11,2025-01-18,2,2025-02-01,wk inc flu hosp,quantile,0.7,39.32828195272791
12,2025-01-18,2,2025-02-01,wk inc flu hosp,quantile,0.7,1739.4944290796116
13,2025-01-18,2,2025-02-01,wk inc flu hosp,quantile,0.7,605.9053058748356
15,2025-01-18,2,2025-02-01,wk inc flu hosp,quantile,0.7,47.81430569534987
16,2025-01-18,2,2025-02-01,wk inc flu hosp,quantile,0.7,91.07787181422343
17,2025-01-18,2,2025-02-01,wk inc flu hosp,quantile,0.7,840.587112386758
18,2025-01-18,2,2025-02-01,wk inc flu hosp,quantile,0.7,410.52958818122664
19,2025-01-18,2,2025-02-01,wk inc flu hosp,quantile,0.7,255.31225006968248
20,2025-01-18,2,2025-02-01,wk inc flu hosp,quantile,0.7,162.2446735516269
21,2025-01-18,2,2025-02-01,wk inc flu hosp,quantile,0.7,314.77001236966174
22,2025-01-18,2,2025-02-01,wk inc flu hosp,quantile,0.7,312.6766949539543
23,2025-01-18,2,2025-02-01,wk inc flu hosp,quantile,0.7,109.18497264457636
24,2025-01-18,2,2025-02-01,wk inc flu hosp,quantile,0.7,309.8471918228365
25,2025-01-18,2,2025-02-01,wk inc flu hosp,quantile,0.7,535.5692075697483
26,2025-01-18,2,2025-02-01,wk inc flu hosp,quantile,0.7,577.7445198262016
27,2025-01-18,2,2025-02-01,wk inc flu hosp,quantile,0.7,920.0842925079272
28,2025-01-18,2,2025-02-01,wk inc flu hosp,quantile,0.7,193.64091681386952
29,2025-01-18,2,2025-02-01,wk inc flu hosp,quantile,0.7,385.76206140099384
30,2025-01-18,2,2025-02-01,wk inc flu hosp,quantile,0.7,59.94313371452511
31,2025-01-18,2,2025-02-01,wk inc flu hosp,quantile,0.7,128.3114383162958
32,2025-01-18,2,2025-02-01,wk inc flu hosp,quantile,0.7,173.29513003726694
33,2025-01-18,2,2025-02-01,wk inc flu hosp,quantile,0.7,55.66591966362637
34,2025-01-18,2,2025-02-01,wk inc flu hosp,quantile,0.7,770.1121647789716
35,2025-01-18,2,2025-02-01,wk inc flu hosp,quantile,0.7,166.01518098914758
36,2025-01-18,2,2025-02-01,wk inc flu hosp,quantile,0.7,1518.3084006829215
37,2025-01-18,2,2025-02-01,wk inc flu hosp,quantile,0.7,579.6314305163756
38,2025-01-18,2,2025-02-01,wk inc flu hosp,quantile,0.7,46.874372996168084
39,2025-01-18,2,2025-02-01,wk inc flu hosp,quantile,0.7,757.578705876489
40,2025-01-18,2,2025-02-01,wk inc flu hosp,quantile,0.7,244.1838967902446
41,2025-01-18,2,2025-02-01,wk inc flu hosp,quantile,0.7,205.0179156231856
42,2025-01-18,2,2025-02-01,wk inc flu hosp,quantile,0.7,1267.5409767997078
44,2025-01-18,2,2025-02-01,wk inc flu hosp,quantile,0.7,52.37641772411827
45,2025-01-18,2,2025-02-01,wk inc flu hosp,quantile,0.7,338.6061726590126
46,2025-01-18,2,2025-02-01,wk inc flu hosp,quantile,0.7,62.186885965576
47,2025-01-18,2,2025-02-01,wk inc flu hosp,quantile,0.7,441.25703603659764
48,2025-01-18,2,2025-02-01,wk inc flu hosp,quantile,0.7,1624.9700891028726
49,2025-01-18,2,2025-02-01,wk inc flu hosp,quantile,0.7,145.94806314307226
50,2025-01-18,2,2025-02-01,wk inc flu hosp,quantile,0.7,35.24644713970552
51,2025-01-18,2,2025-02-01,wk inc flu hosp,quantile,0.7,392.29836778603226
53,2025-01-18,2,2025-02-01,wk inc flu hosp,quantile,0.7,402.3588027990969
54,2025-01-18,2,2025-02-01,wk inc flu hosp,quantile,0.7,151.3508422640721
55,2025-01-18,2,2025-02-01,wk inc flu hosp,quantile,0.7,328.4041098240163
56,2025-01-18,2,2025-02-01,wk inc flu hosp,quantile,0.7,47.93863112323399
72,2025-01-18,2,2025-02-01,wk inc flu hosp,quantile,0.7,1215.38918199497
US,2025-01-18,2,2025-02-01,wk inc flu hosp,quantile,0.7,22364.072832379523
01,2025-01-18,3,2025-02-08,wk inc flu hosp,quantile,0.7,260.8606298940727
02,2025-01-18,3,2025-02-08,wk inc flu hosp,quantile,0.7,37.79648823325539
04,2025-01-18,3,2025-02-08,wk inc flu hosp,quantile,0.7,753.4122468548813
05,2025-01-18,3,2025-02-08,wk inc flu hosp,quantile,0.7,187.6634533911793
06,2025-01-18,3,2025-02-08,wk inc flu hosp,quantile,0.7,1777.4558289231593
08,2025-01-18,3,2025-02-08,wk inc flu hosp,quantile,0.7,296.90173535406205
09,2025-01-18,3,2025-02-08,wk inc flu hosp,quantile,0.7,267.4673812439731
10,2025-01-18,3,2025-02-08,wk inc flu hosp,quantile,0.7,41.34276004595763
11,2025-01-18,3,2025-02-08,wk inc flu hosp,quantile,0.7,36.59030464183224
12,2025-01-18,3,2025-02-08,wk inc flu hosp,quantile,0.7,1597.0645903535244
13,2025-01-18,3,2025-02-08,wk inc flu hosp,quantile,0.7,549.8595564764171
15,2025-01-18,3,2025-02-08,wk inc flu hosp,quantile,0.7,44.56680885793303
16,2025-01-18,3,2025-02-08,wk inc flu hosp,quantile,0.7,81.60004614177863
17,2025-01-18,3,2025-02-08,wk inc flu hosp,quantile,0.7,748.4174899491356
18,2025-01-18,3,2025-02-08,wk inc flu hosp,quantile,0.7,377.8634423248941
19,2025-01-18,3,2025-02-08,wk inc flu hosp,quantile,0.7,235.7680947916738
20,2025-01-18,3,2025-02-08,wk inc flu hosp,quantile,0.7,146.2363196837627
21,2025-01-18,3,2025-02-08,wk inc flu hosp,quantile,0.7,291.95711641433485
22,2025-01-18,3,2025-02-08,wk inc flu hosp,quantile,0.7,286.8428477444169
23,2025-01-18,3,2025-02-08,wk inc flu hosp,quantile,0.7,105.48053291433834
24,2025-01-18,3,2025-02-08,wk inc flu hosp,quantile,0.7,284.7560000142718
25,2025-01-18,3,2025-02-08,wk inc flu hosp,quantile,0.7,504.82475921249045
26,2025-01-18,3,2025-02-08,wk inc flu hosp,quantile,0.7,550.4462632105552
27,2025-01-18,3,2025-02-08,wk inc flu hosp,quantile,0.7,856.3016775668915
28,2025-01-18,3,2025-02-08,wk inc flu hosp,quantile,0.7,176.08522916102208
29,2025-01-18,3,2025-02-08,wk inc flu hosp,quantile,0.7,343.3495131630854
30,2025-01-18,3,2025-02-08,wk inc flu hosp,quantile,0.7,54.74663218517963
31,2025-01-18,3,2025-02-08,wk inc flu hosp,quantile,0.7,114.42909550419974
32,2025-01-18,3,2025-02-08,wk inc flu hosp,quantile,0.7,154.64153071653385
33,2025-01-18,3,2025-02-08,wk inc flu hosp,quantile,0.7,51.671288569865816
34,2025-01-18,3,2025-02-08,wk inc flu hosp,quantile,0.7,686.4932296326682
35,2025-01-18,3,2025-02-08,wk inc flu hosp,quantile,0.7,151.28710031187785
36,2025-01-18,3,2025-02-08,wk inc flu hosp,quantile,0.7,1359.0025811721175
37,2025-01-18,3,2025-02-08,wk inc flu hosp,quantile,0.7,522.9040746795598
38,2025-01-18,3,2025-02-08,wk inc flu hosp,quantile,0.7,44.881372313938115
39,2025-01-18,3,2025-02-08,wk inc flu hosp,quantile,0.7,686.0818647136729
40,2025-01-18,3,2025-02-08,wk inc flu hosp,quantile,0.7,218.51357860719878
41,2025-01-18,3,2025-02-08,wk inc flu hosp,quantile,0.7,181.54163380529607
42,2025-01-18,3,2025-02-08,wk inc flu hosp,quantile,0.7,1149.96638376267
44,2025-01-18,3,2025-02-08,wk inc flu hosp,quantile,0.7,47.60180532489424
45,2025-01-18,3,2025-02-08,wk inc flu hosp,quantile,0.7,306.16676330383007
46,2025-01-18,3,2025-02-08,wk inc flu hosp,quantile,0.7,59.00612081323076
47,2025-01-18,3,2025-02-08,wk inc flu hosp,quantile,0.7,403.2150669730319
48,2025-01-18,3,2025-02-08,wk inc flu hosp,quantile,0.7,1505.6338082098766
49,2025-01-18,3,2025-02-08,wk inc flu hosp,quantile,0.7,135.96741515207012
50,2025-01-18,3,2025-02-08,wk inc flu hosp,quantile,0.7,32.96071944641807
51,2025-01-18,3,2025-02-08,wk inc flu hosp,quantile,0.7,357.84217817959035
53,2025-01-18,3,2025-02-08,wk inc flu hosp,quantile,0.7,359.4808333954426
54,2025-01-18,3,2025-02-08,wk inc flu hosp,quantile,0.7,140.83282328582195
55,2025-01-18,3,2025-02-08,wk inc flu hosp,quantile,0.7,302.2489780928861
56,2025-01-18,3,2025-02-08,wk inc flu hosp,quantile,0.7,43.32170689152177
72,2025-01-18,3,2025-02-08,wk inc flu hosp,quantile,0.7,1168.221082821273
US,2025-01-18,3,2025-02-08,wk inc flu hosp,quantile,0.7,20715.336644475425
01,2025-01-18,0,2025-01-18,wk inc flu hosp,quantile,0.75,408.692887171256
02,2025-01-18,0,2025-01-18,wk inc flu hosp,quantile,0.75,43.70676541323171
04,2025-01-18,0,2025-01-18,wk inc flu hosp,quantile,0.75,1199.0065297567016
05,2025-01-18,0,2025-01-18,wk inc flu hosp,quantile,0.75,172.37824488456405
06,2025-01-18,0,2025-01-18,wk inc flu hosp,quantile,0.75,2610.3520530265996
08,2025-01-18,0,2025-01-18,wk inc flu hosp,quantile,0.75,446.7361613170023
09,2025-01-18,0,2025-01-18,wk inc flu hosp,quantile,0.75,318.83129030769817
10,2025-01-18,0,2025-01-18,wk inc flu hosp,quantile,0.75,64.9779364501141
11,2025-01-18,0,2025-01-18,wk inc flu hosp,quantile,0.75,49.27565332330845
12,2025-01-18,0,2025-01-18,wk inc flu hosp,quantile,0.75,2139.991437855789
13,2025-01-18,0,2025-01-18,wk inc flu hosp,quantile,0.75,762.6089624733085
15,2025-01-18,0,2025-01-18,wk inc flu hosp,quantile,0.75,59.423338024175045
16,2025-01-18,0,2025-01-18,wk inc flu hosp,quantile,0.75,130.42817085253415
17,2025-01-18,0,2025-01-18,wk inc flu hosp,quantile,0.75,1119.1627656580208
18,2025-01-18,0,2025-01-18,wk inc flu hosp,quantile,0.75,510.9320332159933
19,2025-01-18,0,2025-01-18,wk inc flu hosp,quantile,0.75,285.46755508763215
20,2025-01-18,0,2025-01-18,wk inc flu hosp,quantile,0.75,213.69294024532388
21,2025-01-18,0,2025-01-18,wk inc flu hosp,quantile,0.75,401.6741559439923
22,2025-01-18,0,2025-01-18,wk inc flu hosp,quantile,0.75,414.97917284839275
23,2025-01-18,0,2025-01-18,wk inc flu hosp,quantile,0.75,112.24374509563711
24,2025-01-18,0,2025-01-18,wk inc flu hosp,quantile,0.75,366.22683136391186
25,2025-01-18,0,2025-01-18,wk inc flu hosp,quantile,0.75,587.2474585744322
26,2025-01-18,0,2025-01-18,wk inc flu hosp,quantile,0.75,579.351095717029
27,2025-01-18,0,2025-01-18,wk inc flu hosp,quantile,0.75,1213.4212204847702
28,2025-01-18,0,2025-01-18,wk inc flu hosp,quantile,0.75,227.43016180399758
29,2025-01-18,0,2025-01-18,wk inc flu hosp,quantile,0.75,492.17359823058126
30,2025-01-18,0,2025-01-18,wk inc flu hosp,quantile,0.75,70.82670567508501
31,2025-01-18,0,2025-01-18,wk inc flu hosp,quantile,0.75,166.0313391167155
32,2025-01-18,0,2025-01-18,wk inc flu hosp,quantile,0.75,225.95430999223979
33,2025-01-18,0,2025-01-18,wk inc flu hosp,quantile,0.75,74.00426157659388
34,2025-01-18,0,2025-01-18,wk inc flu hosp,quantile,0.75,1001.9629644358713
35,2025-01-18,0,2025-01-18,wk inc flu hosp,quantile,0.75,210.20372174208484
36,2025-01-18,0,2025-01-18,wk inc flu hosp,quantile,0.75,1952.330597658214
37,2025-01-18,0,2025-01-18,wk inc flu hosp,quantile,0.75,717.7858353726726
38,2025-01-18,0,2025-01-18,wk inc flu hosp,quantile,0.75,48.54695358211086
39,2025-01-18,0,2025-01-18,wk inc flu hosp,quantile,0.75,928.3760859079815
40,2025-01-18,0,2025-01-18,wk inc flu hosp,quantile,0.75,247.43476365989255
41,2025-01-18,0,2025-01-18,wk inc flu hosp,quantile,0.75,283.4369757485865
42,2025-01-18,0,2025-01-18,wk inc flu hosp,quantile,0.75,1563.4714465410561
44,2025-01-18,0,2025-01-18,wk inc flu hosp,quantile,0.75,65.20760099834247
45,2025-01-18,0,2025-01-18,wk inc flu hosp,quantile,0.75,422.56081545750675
46,2025-01-18,0,2025-01-18,wk inc flu hosp,quantile,0.75,61.21804859332633
47,2025-01-18,0,2025-01-18,wk inc flu hosp,quantile,0.75,602.7407865266279
48,2025-01-18,0,2025-01-18,wk inc flu hosp,quantile,0.75,1948.775075652633
49,2025-01-18,0,2025-01-18,wk inc flu hosp,quantile,0.75,208.53195860308472
50,2025-01-18,0,2025-01-18,wk inc flu hosp,quantile,0.75,36.749420108784086
51,2025-01-18,0,2025-01-18,wk inc flu hosp,quantile,0.75,453.6078170293354
53,2025-01-18,0,2025-01-18,wk inc flu hosp,quantile,0.75,523.3822666385539
54,2025-01-18,0,2025-01-18,wk inc flu hosp,quantile,0.75,176.98625200066158
55,2025-01-18,0,2025-01-18,wk inc flu hosp,quantile,0.75,410.4670545906551
56,2025-01-18,0,2025-01-18,wk inc flu hosp,quantile,0.75,63.37628624876217
72,2025-01-18,0,2025-01-18,wk inc flu hosp,quantile,0.75,1416.170477651176
US,2025-01-18,0,2025-01-18,wk inc flu hosp,quantile,0.75,27845.014751257797
01,2025-01-18,1,2025-01-25,wk inc flu hosp,quantile,0.75,368.2928562422664
02,2025-01-18,1,2025-01-25,wk inc flu hosp,quantile,0.75,44.226091494160656
04,2025-01-18,1,2025-01-25,wk inc flu hosp,quantile,0.75,1032.999767409171
05,2025-01-18,1,2025-01-25,wk inc flu hosp,quantile,0.75,205.36550725796542
06,2025-01-18,1,2025-01-25,wk inc flu hosp,quantile,0.75,2380.429578972258
08,2025-01-18,1,2025-01-25,wk inc flu hosp,quantile,0.75,407.2813925226534
09,2025-01-18,1,2025-01-25,wk inc flu hosp,quantile,0.75,312.4820340597897
10,2025-01-18,1,2025-01-25,wk inc flu hosp,quantile,0.75,59.290418853637064
11,2025-01-18,1,2025-01-25,wk inc flu hosp,quantile,0.75,47.37575430706686
12,2025-01-18,1,2025-01-25,wk inc flu hosp,quantile,0.75,2021.038253075919
13,2025-01-18,1,2025-01-25,wk inc flu hosp,quantile,0.75,703.153813856816
15,2025-01-18,1,2025-01-25,wk inc flu hosp,quantile,0.75,56.35743445888825
16,2025-01-18,1,2025-01-25,wk inc flu hosp,quantile,0.75,118.13383128510131
17,2025-01-18,1,2025-01-25,wk inc flu hosp,quantile,0.75,1045.5960109379448
18,2025-01-18,1,2025-01-25,wk inc flu hosp,quantile,0.75,486.18008756722844
19,2025-01-18,1,2025-01-25,wk inc flu hosp,quantile,0.75,278.01344887530007
20,2025-01-18,1,2025-01-25,wk inc flu hosp,quantile,0.75,199.5376794124572
21,2025-01-18,1,2025-01-25,wk inc flu hosp,quantile,0.75,381.20909340389983
22,2025-01-18,1,2025-01-25,wk inc flu hosp,quantile,0.75,379.9243212375888
23,2025-01-18,1,2025-01-25,wk inc flu hosp,quantile,0.75,117.89686943957086
24,2025-01-18,1,2025-01-25,wk inc flu hosp,quantile,0.75,353.571658375745
25,2025-01-18,1,2025-01-25,wk inc flu hosp,quantile,0.75,582.2604315047486
26,2025-01-18,1,2025-01-25,wk inc flu hosp,quantile,0.75,625.0318897324349
27,2025-01-18,1,2025-01-25,wk inc flu hosp,quantile,0.75,1121.0812466321745
28,2025-01-18,1,2025-01-25,wk inc flu hosp,quantile,0.75,225.3929538920122
29,2025-01-18,1,2025-01-25,wk inc flu hosp,quantile,0.75,456.5455491123004
30,2025-01-18,1,2025-01-25,wk inc flu hosp,quantile,0.75,70.33756233609104
31,2025-01-18,1,2025-01-25,wk inc flu hosp,quantile,0.75,152.8650575279029
32,2025-01-18,1,2025-01-25,wk inc flu hosp,quantile,0.75,209.39120122094286
33,2025-01-18,1,2025-01-25,wk inc flu hosp,quantile,0.75,69.71654215929806
34,2025-01-18,1,2025-01-25,wk inc flu hosp,quantile,0.75,924.9303899440814
35,2025-01-18,1,2025-01-25,wk inc flu hosp,quantile,0.75,196.6007330689943
36,2025-01-18,1,2025-01-25,wk inc flu hosp,quantile,0.75,1810.454099114854
37,2025-01-18,1,2025-01-25,wk inc flu hosp,quantile,0.75,671.4053138127506
38,2025-01-18,1,2025-01-25,wk inc flu hosp,quantile,0.75,51.75174920573752
39,2025-01-18,1,2025-01-25,wk inc flu hosp,quantile,0.75,869.7426834105588
40,2025-01-18,1,2025-01-25,wk inc flu hosp,quantile,0.75,270.21686082882206
41,2025-01-18,1,2025-01-25,wk inc flu hosp,quantile,0.75,259.661855249906
42,2025-01-18,1,2025-01-25,wk inc flu hosp,quantile,0.75,1445.3537699871451
44,2025-01-18,1,2025-01-25,wk inc flu hosp,quantile,0.75,61.98110328565031
45,2025-01-18,1,2025-01-25,wk inc flu hosp,quantile,0.75,391.10373038852146
46,2025-01-18,1,2025-01-25,wk inc flu hosp,quantile,0.75,67.07068573541844
47,2025-01-18,1,2025-01-25,wk inc flu hosp,quantile,0.75,558.5440962848415
48,2025-01-18,1,2025-01-25,wk inc flu hosp,quantile,0.75,1885.7407020293533
49,2025-01-18,1,2025-01-25,wk inc flu hosp,quantile,0.75,183.29620613410904
50,2025-01-18,1,2025-01-25,wk inc flu hosp,quantile,0.75,36.64261433412255
51,2025-01-18,1,2025-01-25,wk inc flu hosp,quantile,0.75,446.4350666901912
53,2025-01-18,1,2025-01-25,wk inc flu hosp,quantile,0.75,486.66685674636886
54,2025-01-18,1,2025-01-25,wk inc flu hosp,quantile,0.75,169.0745685914589
55,2025-01-18,1,2025-01-25,wk inc flu hosp,quantile,0.75,386.4796933845519
56,2025-01-18,1,2025-01-25,wk inc flu hosp,quantile,0.75,59.92760118122094
72,2025-01-18,1,2025-01-25,wk inc flu hosp,quantile,0.75,1364.1835274484877
US,2025-01-18,1,2025-01-25,wk inc flu hosp,quantile,0.75,26196.965735538706
01,2025-01-18,2,2025-02-01,wk inc flu hosp,quantile,0.75,328.52305069413677
02,2025-01-18,2,2025-02-01,wk inc flu hosp,quantile,0.75,44.777080136358215
04,2025-01-18,2,2025-02-01,wk inc flu hosp,quantile,0.75,899.0333117407457
05,2025-01-18,2,2025-02-01,wk inc flu hosp,quantile,0.75,217.7324549671798
06,2025-01-18,2,2025-02-01,wk inc flu hosp,quantile,0.75,2174.090158767141
08,2025-01-18,2,2025-02-01,wk inc flu hosp,quantile,0.75,357.90370781012655
09,2025-01-18,2,2025-02-01,wk inc flu hosp,quantile,0.75,309.5138198205701
10,2025-01-18,2,2025-02-01,wk inc flu hosp,quantile,0.75,52.65225783792791
11,2025-01-18,2,2025-02-01,wk inc flu hosp,quantile,0.75,44.5926970278327
12,2025-01-18,2,2025-02-01,wk inc flu hosp,quantile,0.75,1907.2107845803205
13,2025-01-18,2,2025-02-01,wk inc flu hosp,quantile,0.75,654.8209461061683
15,2025-01-18,2,2025-02-01,wk inc flu hosp,quantile,0.75,53.13842431562428
16,2025-01-18,2,2025-02-01,wk inc flu hosp,quantile,0.75,103.55879933627185
17,2025-01-18,2,2025-02-01,wk inc flu hosp,quantile,0.75,939.6731503028984
18,2025-01-18,2,2025-02-01,wk inc flu hosp,quantile,0.75,458.549905617231
19,2025-01-18,2,2025-02-01,wk inc flu hosp,quantile,0.75,272.5858556303171
20,2025-01-18,2,2025-02-01,wk inc flu hosp,quantile,0.75,180.4135639457546
21,2025-01-18,2,2025-02-01,wk inc flu hosp,quantile,0.75,350.70441317011483
22,2025-01-18,2,2025-02-01,wk inc flu hosp,quantile,0.75,344.9060532307002
23,2025-01-18,2,2025-02-01,wk inc flu hosp,quantile,0.75,119.7285125187029
24,2025-01-18,2,2025-02-01,wk inc flu hosp,quantile,0.75,335.83554583631224
25,2025-01-18,2,2025-02-01,wk inc flu hosp,quantile,0.75,563.8895344290853
26,2025-01-18,2,2025-02-01,wk inc flu hosp,quantile,0.75,646.0233743431348
27,2025-01-18,2,2025-02-01,wk inc flu hosp,quantile,0.75,1009.4125626781613
28,2025-01-18,2,2025-02-01,wk inc flu hosp,quantile,0.75,205.5109971451951
29,2025-01-18,2,2025-02-01,wk inc flu hosp,quantile,0.75,423.8293861606685
30,2025-01-18,2,2025-02-01,wk inc flu hosp,quantile,0.75,64.54819391145153
31,2025-01-18,2,2025-02-01,wk inc flu hosp,quantile,0.75,141.0216649685681
32,2025-01-18,2,2025-02-01,wk inc flu hosp,quantile,0.75,190.45975986369274
33,2025-01-18,2,2025-02-01,wk inc flu hosp,quantile,0.75,66.19103337119931
34,2025-01-18,2,2025-02-01,wk inc flu hosp,quantile,0.75,843.9618222747372
35,2025-01-18,2,2025-02-01,wk inc flu hosp,quantile,0.75,179.77840229690923
36,2025-01-18,2,2025-02-01,wk inc flu hosp,quantile,0.75,1640.2232199097982
37,2025-01-18,2,2025-02-01,wk inc flu hosp,quantile,0.75,626.3461682844369
38,2025-01-18,2,2025-02-01,wk inc flu hosp,quantile,0.75,53.662555996388875
39,2025-01-18,2,2025-02-01,wk inc flu hosp,quantile,0.75,802.8874831459209
40,2025-01-18,2,2025-02-01,wk inc flu hosp,quantile,0.75,269.10375944959907
41,2025-01-18,2,2025-02-01,wk inc flu hosp,quantile,0.75,228.94166171937687
42,2025-01-18,2,2025-02-01,wk inc flu hosp,quantile,0.75,1350.5819666209936
44,2025-01-18,2,2025-02-01,wk inc flu hosp,quantile,0.75,57.1216608427452
45,2025-01-18,2,2025-02-01,wk inc flu hosp,quantile,0.75,361.4974341141586
46,2025-01-18,2,2025-02-01,wk inc flu hosp,quantile,0.75,65.99617418849573
47,2025-01-18,2,2025-02-01,wk inc flu hosp,quantile,0.75,490.3687453027388
48,2025-01-18,2,2025-02-01,wk inc flu hosp,quantile,0.75,1803.2936061208802
49,2025-01-18,2,2025-02-01,wk inc flu hosp,quantile,0.75,159.71544618634613
50,2025-01-18,2,2025-02-01,wk inc flu hosp,quantile,0.75,37.727086159208376
51,2025-01-18,2,2025-02-01,wk inc flu hosp,quantile,0.75,427.6747833439794
53,2025-01-18,2,2025-02-01,wk inc flu hosp,quantile,0.75,453.57286408371607
54,2025-01-18,2,2025-02-01,wk inc flu hosp,quantile,0.75,164.8826846569193
55,2025-01-18,2,2025-02-01,wk inc flu hosp,quantile,0.75,356.778263072695
56,2025-01-18,2,2025-02-01,wk inc flu hosp,quantile,0.75,53.71139017254264
72,2025-01-18,2,2025-02-01,wk inc flu hosp,quantile,0.75,1310.4070486142045
US,2025-01-18,2,2025-02-01,wk inc flu hosp,quantile,0.75,24896.563966537706
01,2025-01-18,3,2025-02-08,wk inc flu hosp,quantile,0.75,289.23513939622217
02,2025-01-18,3,2025-02-08,wk inc flu hosp,quantile,0.75,43.14499964122995
04,2025-01-18,3,2025-02-08,wk inc flu hosp,quantile,0.75,819.0312232851473
05,2025-01-18,3,2025-02-08,wk inc flu hosp,quantile,0.75,212.07201499433071
06,2025-01-18,3,2025-02-08,wk inc flu hosp,quantile,0.75,1938.4053072229874
08,2025-01-18,3,2025-02-08,wk inc flu hosp,quantile,0.75,324.33635929342995
09,2025-01-18,3,2025-02-08,wk inc flu hosp,quantile,0.75,289.4703512461453
10,2025-01-18,3,2025-02-08,wk inc flu hosp,quantile,0.75,47.50753117412779
11,2025-01-18,3,2025-02-08,wk inc flu hosp,quantile,0.75,42.06813657779851
12,2025-01-18,3,2025-02-08,wk inc flu hosp,quantile,0.75,1746.4007839530477
13,2025-01-18,3,2025-02-08,wk inc flu hosp,quantile,0.75,594.3528878643892
15,2025-01-18,3,2025-02-08,wk inc flu hosp,quantile,0.75,49.485141997855926
16,2025-01-18,3,2025-02-08,wk inc flu hosp,quantile,0.75,90.266676257589
17,2025-01-18,3,2025-02-08,wk inc flu hosp,quantile,0.75,851.471932417704
18,2025-01-18,3,2025-02-08,wk inc flu hosp,quantile,0.75,413.8896539490782
19,2025-01-18,3,2025-02-08,wk inc flu hosp,quantile,0.75,258.14615283729216
20,2025-01-18,3,2025-02-08,wk inc flu hosp,quantile,0.75,167.5631371731577
21,2025-01-18,3,2025-02-08,wk inc flu hosp,quantile,0.75,319.64651741965713
22,2025-01-18,3,2025-02-08,wk inc flu hosp,quantile,0.75,313.81029112668176
23,2025-01-18,3,2025-02-08,wk inc flu hosp,quantile,0.75,115.77288309835548
24,2025-01-18,3,2025-02-08,wk inc flu hosp,quantile,0.75,314.60992392148813
25,2025-01-18,3,2025-02-08,wk inc flu hosp,quantile,0.75,548.193343459461
26,2025-01-18,3,2025-02-08,wk inc flu hosp,quantile,0.75,614.9370071537452
27,2025-01-18,3,2025-02-08,wk inc flu hosp,quantile,0.75,935.2982384551269
28,2025-01-18,3,2025-02-08,wk inc flu hosp,quantile,0.75,190.71836855042125
29,2025-01-18,3,2025-02-08,wk inc flu hosp,quantile,0.75,384.5949995952366
30,2025-01-18,3,2025-02-08,wk inc flu hosp,quantile,0.75,59.44756134840768
31,2025-01-18,3,2025-02-08,wk inc flu hosp,quantile,0.75,128.38417001045704
32,2025-01-18,3,2025-02-08,wk inc flu hosp,quantile,0.75,173.32373582479437
33,2025-01-18,3,2025-02-08,wk inc flu hosp,quantile,0.75,61.53355783516173
34,2025-01-18,3,2025-02-08,wk inc flu hosp,quantile,0.75,779.2867259679263
35,2025-01-18,3,2025-02-08,wk inc flu hosp,quantile,0.75,163.5043911123172
36,2025-01-18,3,2025-02-08,wk inc flu hosp,quantile,0.75,1508.9741923869642
37,2025-01-18,3,2025-02-08,wk inc flu hosp,quantile,0.75,576.427828949168
38,2025-01-18,3,2025-02-08,wk inc flu hosp,quantile,0.75,53.279011173374805
39,2025-01-18,3,2025-02-08,wk inc flu hosp,quantile,0.75,743.3595570668896
40,2025-01-18,3,2025-02-08,wk inc flu hosp,quantile,0.75,249.1036169143917
41,2025-01-18,3,2025-02-08,wk inc flu hosp,quantile,0.75,203.76102424634374
42,2025-01-18,3,2025-02-08,wk inc flu hosp,quantile,0.75,1256.7497367480983
44,2025-01-18,3,2025-02-08,wk inc flu hosp,quantile,0.75,53.63223339193829
45,2025-01-18,3,2025-02-08,wk inc flu hosp,quantile,0.75,334.194820427661
46,2025-01-18,3,2025-02-08,wk inc flu hosp,quantile,0.75,68.48727341472444
47,2025-01-18,3,2025-02-08,wk inc flu hosp,quantile,0.75,452.6496511197903
48,2025-01-18,3,2025-02-08,wk inc flu hosp,quantile,0.75,1604.4556015146013
49,2025-01-18,3,2025-02-08,wk inc flu hosp,quantile,0.75,143.86228644948108
50,2025-01-18,3,2025-02-08,wk inc flu hosp,quantile,0.75,36.46999535531771
51,2025-01-18,3,2025-02-08,wk inc flu hosp,quantile,0.75,398.34848383814307
53,2025-01-18,3,2025-02-08,wk inc flu hosp,quantile,0.75,404.29556822943454
54,2025-01-18,3,2025-02-08,wk inc flu hosp,quantile,0.75,157.96412014415154
55,2025-01-18,3,2025-02-08,wk inc flu hosp,quantile,0.75,326.77420402464895
56,2025-01-18,3,2025-02-08,wk inc flu hosp,quantile,0.75,49.295697813574144
72,2025-01-18,3,2025-02-08,wk inc flu hosp,quantile,0.75,1286.984681354537
US,2025-01-18,3,2025-02-08,wk inc flu hosp,quantile,0.75,22520.93614010751
01,2025-01-18,0,2025-01-18,wk inc flu hosp,quantile,0.8,442.58184790710294
02,2025-01-18,0,2025-01-18,wk inc flu hosp,quantile,0.8,47.3826458865561
04,2025-01-18,0,2025-01-18,wk inc flu hosp,quantile,0.8,1286.5403226450587
05,2025-01-18,0,2025-01-18,wk inc flu hosp,quantile,0.8,191.9650051754509
06,2025-01-18,0,2025-01-18,wk inc flu hosp,quantile,0.8,2787.138928938741
08,2025-01-18,0,2025-01-18,wk inc flu hosp,quantile,0.8,468.63843236742827
09,2025-01-18,0,2025-01-18,wk inc flu hosp,quantile,0.8,343.3924337758679
10,2025-01-18,0,2025-01-18,wk inc flu hosp,quantile,0.8,71.04263711214254
11,2025-01-18,0,2025-01-18,wk inc flu hosp,quantile,0.8,54.619359688188055
12,2025-01-18,0,2025-01-18,wk inc flu hosp,quantile,0.8,2249.577588431451
13,2025-01-18,0,2025-01-18,wk inc flu hosp,quantile,0.8,804.177568892989
15,2025-01-18,0,2025-01-18,wk inc flu hosp,quantile,0.8,62.6025298084425
16,2025-01-18,0,2025-01-18,wk inc flu hosp,quantile,0.8,141.74717300069145
17,2025-01-18,0,2025-01-18,wk inc flu hosp,quantile,0.8,1210.3962562288852
18,2025-01-18,0,2025-01-18,wk inc flu hosp,quantile,0.8,564.1183153015784
19,2025-01-18,0,2025-01-18,wk inc flu hosp,quantile,0.8,306.714725527347
20,2025-01-18,0,2025-01-18,wk inc flu hosp,quantile,0.8,231.80616425037965
21,2025-01-18,0,2025-01-18,wk inc flu hosp,quantile,0.8,446.0570010763915
22,2025-01-18,0,2025-01-18,wk inc flu hosp,quantile,0.8,441.7084128986512
23,2025-01-18,0,2025-01-18,wk inc flu hosp,quantile,0.8,122.5574036762146
24,2025-01-18,0,2025-01-18,wk inc flu hosp,quantile,0.8,394.40564667864146
25,2025-01-18,0,2025-01-18,wk inc flu hosp,quantile,0.8,635.4273752940765
26,2025-01-18,0,2025-01-18,wk inc flu hosp,quantile,0.8,629.1052184422421
27,2025-01-18,0,2025-01-18,wk inc flu hosp,quantile,0.8,1294.9191324802441
28,2025-01-18,0,2025-01-18,wk inc flu hosp,quantile,0.8,246.78589686264863
29,2025-01-18,0,2025-01-18,wk inc flu hosp,quantile,0.8,545.7032040044442
30,2025-01-18,0,2025-01-18,wk inc flu hosp,quantile,0.8,77.76699608452944
31,2025-01-18,0,2025-01-18,wk inc flu hosp,quantile,0.8,175.36131878729003
32,2025-01-18,0,2025-01-18,wk inc flu hosp,quantile,0.8,237.73753407599773
33,2025-01-18,0,2025-01-18,wk inc flu hosp,quantile,0.8,82.3059244212106
34,2025-01-18,0,2025-01-18,wk inc flu hosp,quantile,0.8,1080.188534904085
35,2025-01-18,0,2025-01-18,wk inc flu hosp,quantile,0.8,220.52834534148556
36,2025-01-18,0,2025-01-18,wk inc flu hosp,quantile,0.8,2067.01132025595
37,2025-01-18,0,2025-01-18,wk inc flu hosp,quantile,0.8,773.0707324763725
38,2025-01-18,0,2025-01-18,wk inc flu hosp,quantile,0.8,53.94632919712281
39,2025-01-18,0,2025-01-18,wk inc flu hosp,quantile,0.8,996.2738850122337
40,2025-01-18,0,2025-01-18,wk inc flu hosp,quantile,0.8,278.07662039738636
41,2025-01-18,0,2025-01-18,wk inc flu hosp,quantile,0.8,319.611146466137
42,2025-01-18,0,2025-01-18,wk inc flu hosp,quantile,0.8,1664.7205583814618
44,2025-01-18,0,2025-01-18,wk inc flu hosp,quantile,0.8,71.58781500470309
45,2025-01-18,0,2025-01-18,wk inc flu hosp,quantile,0.8,448.68423982271
46,2025-01-18,0,2025-01-18,wk inc flu hosp,quantile,0.8,66.50672811239747
47,2025-01-18,0,2025-01-18,wk inc flu hosp,quantile,0.8,650.5715155836499
48,2025-01-18,0,2025-01-18,wk inc flu hosp,quantile,0.8,2046.6226420070395
49,2025-01-18,0,2025-01-18,wk inc flu hosp,quantile,0.8,224.10600790890877
50,2025-01-18,0,2025-01-18,wk inc flu hosp,quantile,0.8,40.95025454355256
51,2025-01-18,0,2025-01-18,wk inc flu hosp,quantile,0.8,487.58263963850925
53,2025-01-18,0,2025-01-18,wk inc flu hosp,quantile,0.8,556.3652709302128
54,2025-01-18,0,2025-01-18,wk inc flu hosp,quantile,0.8,186.16161094719988
55,2025-01-18,0,2025-01-18,wk inc flu hosp,quantile,0.8,438.30083544815756
56,2025-01-18,0,2025-01-18,wk inc flu hosp,quantile,0.8,68.52393891232745
72,2025-01-18,0,2025-01-18,wk inc flu hosp,quantile,0.8,1467.0178900782173
US,2025-01-18,0,2025-01-18,wk inc flu hosp,quantile,0.8,29318.27605524727
01,2025-01-18,1,2025-01-25,wk inc flu hosp,quantile,0.8,415.2740148681783
02,2025-01-18,1,2025-01-25,wk inc flu hosp,quantile,0.8,48.51340388764273
04,2025-01-18,1,2025-01-25,wk inc flu hosp,quantile,0.8,1153.5090061203007
05,2025-01-18,1,2025-01-25,wk inc flu hosp,quantile,0.8,226.9407629412692
06,2025-01-18,1,2025-01-25,wk inc flu hosp,quantile,0.8,2662.9522033741496
08,2025-01-18,1,2025-01-25,wk inc flu hosp,quantile,0.8,455.455789464764
09,2025-01-18,1,2025-01-25,wk inc flu hosp,quantile,0.8,349.79673742840515
10,2025-01-18,1,2025-01-25,wk inc flu hosp,quantile,0.8,66.55659942516701
11,2025-01-18,1,2025-01-25,wk inc flu hosp,quantile,0.8,54.65064196464812
12,2025-01-18,1,2025-01-25,wk inc flu hosp,quantile,0.8,2175.3371169099237
13,2025-01-18,1,2025-01-25,wk inc flu hosp,quantile,0.8,775.0358464006318
15,2025-01-18,1,2025-01-25,wk inc flu hosp,quantile,0.8,60.13302688508858
16,2025-01-18,1,2025-01-25,wk inc flu hosp,quantile,0.8,129.824422415876
17,2025-01-18,1,2025-01-25,wk inc flu hosp,quantile,0.8,1147.60590505834
18,2025-01-18,1,2025-01-25,wk inc flu hosp,quantile,0.8,546.1327880562188
19,2025-01-18,1,2025-01-25,wk inc flu hosp,quantile,0.8,312.95775066983396
20,2025-01-18,1,2025-01-25,wk inc flu hosp,quantile,0.8,221.0838832607575
21,2025-01-18,1,2025-01-25,wk inc flu hosp,quantile,0.8,429.4512712726088
22,2025-01-18,1,2025-01-25,wk inc flu hosp,quantile,0.8,415.4012293604015
23,2025-01-18,1,2025-01-25,wk inc flu hosp,quantile,0.8,131.73104992922975
24,2025-01-18,1,2025-01-25,wk inc flu hosp,quantile,0.8,398.01125014818064
25,2025-01-18,1,2025-01-25,wk inc flu hosp,quantile,0.8,666.1873749643825
26,2025-01-18,1,2025-01-25,wk inc flu hosp,quantile,0.8,711.4252476076977
27,2025-01-18,1,2025-01-25,wk inc flu hosp,quantile,0.8,1223.1686153362127
28,2025-01-18,1,2025-01-25,wk inc flu hosp,quantile,0.8,249.16479853701435
29,2025-01-18,1,2025-01-25,wk inc flu hosp,quantile,0.8,519.6631203163287
30,2025-01-18,1,2025-01-25,wk inc flu hosp,quantile,0.8,78.07853591585581
31,2025-01-18,1,2025-01-25,wk inc flu hosp,quantile,0.8,168.1723390726744
32,2025-01-18,1,2025-01-25,wk inc flu hosp,quantile,0.8,225.5319127236216
33,2025-01-18,1,2025-01-25,wk inc flu hosp,quantile,0.8,78.64440183387906
34,2025-01-18,1,2025-01-25,wk inc flu hosp,quantile,0.8,1027.480457885594
35,2025-01-18,1,2025-01-25,wk inc flu hosp,quantile,0.8,212.02962713026594
36,2025-01-18,1,2025-01-25,wk inc flu hosp,quantile,0.8,1994.617163558463
37,2025-01-18,1,2025-01-25,wk inc flu hosp,quantile,0.8,746.1158480010703
38,2025-01-18,1,2025-01-25,wk inc flu hosp,quantile,0.8,58.176249254853445
39,2025-01-18,1,2025-01-25,wk inc flu hosp,quantile,0.8,965.3157669169157
40,2025-01-18,1,2025-01-25,wk inc flu hosp,quantile,0.8,312.36146081662787
41,2025-01-18,1,2025-01-25,wk inc flu hosp,quantile,0.8,295.7508657385141
42,2025-01-18,1,2025-01-25,wk inc flu hosp,quantile,0.8,1632.5594707335356
44,2025-01-18,1,2025-01-25,wk inc flu hosp,quantile,0.8,69.18683763647714
45,2025-01-18,1,2025-01-25,wk inc flu hosp,quantile,0.8,433.9996450553829
46,2025-01-18,1,2025-01-25,wk inc flu hosp,quantile,0.8,74.50061792884357
47,2025-01-18,1,2025-01-25,wk inc flu hosp,quantile,0.8,613.5019902960174
48,2025-01-18,1,2025-01-25,wk inc flu hosp,quantile,0.8,2040.6265299618128
49,2025-01-18,1,2025-01-25,wk inc flu hosp,quantile,0.8,200.49080030302315
50,2025-01-18,1,2025-01-25,wk inc flu hosp,quantile,0.8,42.64552317165634
51,2025-01-18,1,2025-01-25,wk inc flu hosp,quantile,0.8,497.0837002177128
53,2025-01-18,1,2025-01-25,wk inc flu hosp,quantile,0.8,540.2468285043147
54,2025-01-18,1,2025-01-25,wk inc flu hosp,quantile,0.8,189.92942876339555
55,2025-01-18,1,2025-01-25,wk inc flu hosp,quantile,0.8,440.6823989658803
56,2025-01-18,1,2025-01-25,wk inc flu hosp,quantile,0.8,66.14264670364456
72,2025-01-18,1,2025-01-25,wk inc flu hosp,quantile,0.8,1430.9833399982476
US,2025-01-18,1,2025-01-25,wk inc flu hosp,quantile,0.8,28137.586569493255
01,2025-01-18,2,2025-02-01,wk inc flu hosp,quantile,0.8,363.9690753492146
02,2025-01-18,2,2025-02-01,wk inc flu hosp,quantile,0.8,48.305639670080005
04,2025-01-18,2,2025-02-01,wk inc flu hosp,quantile,0.8,1029.3929837997503
05,2025-01-18,2,2025-02-01,wk inc flu hosp,quantile,0.8,231.2780751739743
06,2025-01-18,2,2025-02-01,wk inc flu hosp,quantile,0.8,2366.3851137533125
08,2025-01-18,2,2025-02-01,wk inc flu hosp,quantile,0.8,412.9441088342602
09,2025-01-18,2,2025-02-01,wk inc flu hosp,quantile,0.8,350.9230339115458
10,2025-01-18,2,2025-02-01,wk inc flu hosp,quantile,0.8,59.44497023559544
11,2025-01-18,2,2025-02-01,wk inc flu hosp,quantile,0.8,52.04578457916659
12,2025-01-18,2,2025-02-01,wk inc flu hosp,quantile,0.8,2064.7104183527035
13,2025-01-18,2,2025-02-01,wk inc flu hosp,quantile,0.8,715.8079648053667
15,2025-01-18,2,2025-02-01,wk inc flu hosp,quantile,0.8,55.829727088303436
16,2025-01-18,2,2025-02-01,wk inc flu hosp,quantile,0.8,115.459507003394
17,2025-01-18,2,2025-02-01,wk inc flu hosp,quantile,0.8,1034.0413760820393
18,2025-01-18,2,2025-02-01,wk inc flu hosp,quantile,0.8,520.8954207342786
19,2025-01-18,2,2025-02-01,wk inc flu hosp,quantile,0.8,306.1231502533835
20,2025-01-18,2,2025-02-01,wk inc flu hosp,quantile,0.8,204.88786129064138
21,2025-01-18,2,2025-02-01,wk inc flu hosp,quantile,0.8,408.69085217288335
22,2025-01-18,2,2025-02-01,wk inc flu hosp,quantile,0.8,374.3597876436302
23,2025-01-18,2,2025-02-01,wk inc flu hosp,quantile,0.8,134.295156680799
24,2025-01-18,2,2025-02-01,wk inc flu hosp,quantile,0.8,384.70766832367576
25,2025-01-18,2,2025-02-01,wk inc flu hosp,quantile,0.8,672.342668933806
26,2025-01-18,2,2025-02-01,wk inc flu hosp,quantile,0.8,716.1276041360671
27,2025-01-18,2,2025-02-01,wk inc flu hosp,quantile,0.8,1110.453441074741
28,2025-01-18,2,2025-02-01,wk inc flu hosp,quantile,0.8,248.8261859746092
29,2025-01-18,2,2025-02-01,wk inc flu hosp,quantile,0.8,502.0105644988096
30,2025-01-18,2,2025-02-01,wk inc flu hosp,quantile,0.8,75.09972553857371
31,2025-01-18,2,2025-02-01,wk inc flu hosp,quantile,0.8,163.41359934475383
32,2025-01-18,2,2025-02-01,wk inc flu hosp,quantile,0.8,206.50993624838435
33,2025-01-18,2,2025-02-01,wk inc flu hosp,quantile,0.8,76.39867847329295
34,2025-01-18,2,2025-02-01,wk inc flu hosp,quantile,0.8,956.4046128005577
35,2025-01-18,2,2025-02-01,wk inc flu hosp,quantile,0.8,192.501223659419
36,2025-01-18,2,2025-02-01,wk inc flu hosp,quantile,0.8,1864.5019691283956
37,2025-01-18,2,2025-02-01,wk inc flu hosp,quantile,0.8,702.7570195790925
38,2025-01-18,2,2025-02-01,wk inc flu hosp,quantile,0.8,60.81647704266536
39,2025-01-18,2,2025-02-01,wk inc flu hosp,quantile,0.8,946.0648798162587
40,2025-01-18,2,2025-02-01,wk inc flu hosp,quantile,0.8,304.06126068788336
41,2025-01-18,2,2025-02-01,wk inc flu hosp,quantile,0.8,258.865650111089
42,2025-01-18,2,2025-02-01,wk inc flu hosp,quantile,0.8,1552.7279057334656
44,2025-01-18,2,2025-02-01,wk inc flu hosp,quantile,0.8,64.91782216074525
45,2025-01-18,2,2025-02-01,wk inc flu hosp,quantile,0.8,416.2599760842537
46,2025-01-18,2,2025-02-01,wk inc flu hosp,quantile,0.8,77.78372627704402
47,2025-01-18,2,2025-02-01,wk inc flu hosp,quantile,0.8,556.7520136637029
48,2025-01-18,2,2025-02-01,wk inc flu hosp,quantile,0.8,1968.9854749698868
49,2025-01-18,2,2025-02-01,wk inc flu hosp,quantile,0.8,181.1945256908331
50,2025-01-18,2,2025-02-01,wk inc flu hosp,quantile,0.8,42.86255969269769
51,2025-01-18,2,2025-02-01,wk inc flu hosp,quantile,0.8,492.2931549673406
53,2025-01-18,2,2025-02-01,wk inc flu hosp,quantile,0.8,478.24891799711855
54,2025-01-18,2,2025-02-01,wk inc flu hosp,quantile,0.8,187.20267430870427
55,2025-01-18,2,2025-02-01,wk inc flu hosp,quantile,0.8,424.1100753378425
56,2025-01-18,2,2025-02-01,wk inc flu hosp,quantile,0.8,60.99084396963389
72,2025-01-18,2,2025-02-01,wk inc flu hosp,quantile,0.8,1393.7592966688405
US,2025-01-18,2,2025-02-01,wk inc flu hosp,quantile,0.8,26289.37275801264
01,2025-01-18,3,2025-02-08,wk inc flu hosp,quantile,0.8,341.8459560835454
02,2025-01-18,3,2025-02-08,wk inc flu hosp,quantile,0.8,45.91515790999387
04,2025-01-18,3,2025-02-08,wk inc flu hosp,quantile,0.8,945.0606123785768
05,2025-01-18,3,2025-02-08,wk inc flu hosp,quantile,0.8,231.85792228598928
06,2025-01-18,3,2025-02-08,wk inc flu hosp,quantile,0.8,2219.3183762240424
08,2025-01-18,3,2025-02-08,wk inc flu hosp,quantile,0.8,382.0580994861686
09,2025-01-18,3,2025-02-08,wk inc flu hosp,quantile,0.8,336.47588531230525
10,2025-01-18,3,2025-02-08,wk inc flu hosp,quantile,0.8,54.296048763618266
11,2025-01-18,3,2025-02-08,wk inc flu hosp,quantile,0.8,48.84817971375505
12,2025-01-18,3,2025-02-08,wk inc flu hosp,quantile,0.8,1922.2792982072046
13,2025-01-18,3,2025-02-08,wk inc flu hosp,quantile,0.8,680.2549658636501
15,2025-01-18,3,2025-02-08,wk inc flu hosp,quantile,0.8,53.703301565001105
16,2025-01-18,3,2025-02-08,wk inc flu hosp,quantile,0.8,104.70035805820609
17,2025-01-18,3,2025-02-08,wk inc flu hosp,quantile,0.8,973.8867128029691
18,2025-01-18,3,2025-02-08,wk inc flu hosp,quantile,0.8,483.2058236688638
19,2025-01-18,3,2025-02-08,wk inc flu hosp,quantile,0.8,288.1212990031236
20,2025-01-18,3,2025-02-08,wk inc flu hosp,quantile,0.8,189.41927081425746
21,2025-01-18,3,2025-02-08,wk inc flu hosp,quantile,0.8,375.480350303486
22,2025-01-18,3,2025-02-08,wk inc flu hosp,quantile,0.8,346.5827066517309
23,2025-01-18,3,2025-02-08,wk inc flu hosp,quantile,0.8,127.51300670554224
24,2025-01-18,3,2025-02-08,wk inc flu hosp,quantile,0.8,366.04047008071615
25,2025-01-18,3,2025-02-08,wk inc flu hosp,quantile,0.8,632.1194800818133
26,2025-01-18,3,2025-02-08,wk inc flu hosp,quantile,0.8,697.6530814885649
27,2025-01-18,3,2025-02-08,wk inc flu hosp,quantile,0.8,1042.9866193185505
28,2025-01-18,3,2025-02-08,wk inc flu hosp,quantile,0.8,233.11378331223068
29,2025-01-18,3,2025-02-08,wk inc flu hosp,quantile,0.8,461.0638867886083
30,2025-01-18,3,2025-02-08,wk inc flu hosp,quantile,0.8,71.44110279840257
31,2025-01-18,3,2025-02-08,wk inc flu hosp,quantile,0.8,148.42161847184232
32,2025-01-18,3,2025-02-08,wk inc flu hosp,quantile,0.8,198.19718970655393
33,2025-01-18,3,2025-02-08,wk inc flu hosp,quantile,0.8,70.1207452797321
34,2025-01-18,3,2025-02-08,wk inc flu hosp,quantile,0.8,905.9048496201932
35,2025-01-18,3,2025-02-08,wk inc flu hosp,quantile,0.8,183.51722448756166
36,2025-01-18,3,2025-02-08,wk inc flu hosp,quantile,0.8,1713.9093014726532
37,2025-01-18,3,2025-02-08,wk inc flu hosp,quantile,0.8,667.8072649746027
38,2025-01-18,3,2025-02-08,wk inc flu hosp,quantile,0.8,59.081646790274
39,2025-01-18,3,2025-02-08,wk inc flu hosp,quantile,0.8,883.5406908745643
40,2025-01-18,3,2025-02-08,wk inc flu hosp,quantile,0.8,287.585175797556
41,2025-01-18,3,2025-02-08,wk inc flu hosp,quantile,0.8,230.58559454545497
42,2025-01-18,3,2025-02-08,wk inc flu hosp,quantile,0.8,1475.9236088023165
44,2025-01-18,3,2025-02-08,wk inc flu hosp,quantile,0.8,61.34770834874795
45,2025-01-18,3,2025-02-08,wk inc flu hosp,quantile,0.8,400.9510197015946
46,2025-01-18,3,2025-02-08,wk inc flu hosp,quantile,0.8,75.64132015409616
47,2025-01-18,3,2025-02-08,wk inc flu hosp,quantile,0.8,514.9943608711624
48,2025-01-18,3,2025-02-08,wk inc flu hosp,quantile,0.8,1854.5131083727144
49,2025-01-18,3,2025-02-08,wk inc flu hosp,quantile,0.8,167.4047782029653
50,2025-01-18,3,2025-02-08,wk inc flu hosp,quantile,0.8,40.41738108553425
51,2025-01-18,3,2025-02-08,wk inc flu hosp,quantile,0.8,467.7321582656826
53,2025-01-18,3,2025-02-08,wk inc flu hosp,quantile,0.8,450.0979243650069
54,2025-01-18,3,2025-02-08,wk inc flu hosp,quantile,0.8,178.0061179635168
55,2025-01-18,3,2025-02-08,wk inc flu hosp,quantile,0.8,401.36094750004384
56,2025-01-18,3,2025-02-08,wk inc flu hosp,quantile,0.8,55.65999276314701
72,2025-01-18,3,2025-02-08,wk inc flu hosp,quantile,0.8,1341.1127901756047
US,2025-01-18,3,2025-02-08,wk inc flu hosp,quantile,0.8,24911.634942386285
01,2025-01-18,0,2025-01-18,wk inc flu hosp,quantile,0.85,502.7818268767817
02,2025-01-18,0,2025-01-18,wk inc flu hosp,quantile,0.85,52.22197614893128
04,2025-01-18,0,2025-01-18,wk inc flu hosp,quantile,0.85,1393.7071857108447
05,2025-01-18,0,2025-01-18,wk inc flu hosp,quantile,0.85,214.27660729261163
06,2025-01-18,0,2025-01-18,wk inc flu hosp,quantile,0.85,3132.6413182317765
08,2025-01-18,0,2025-01-18,wk inc flu hosp,quantile,0.85,528.3227434983477
09,2025-01-18,0,2025-01-18,wk inc flu hosp,quantile,0.85,378.83990516020856
10,2025-01-18,0,2025-01-18,wk inc flu hosp,quantile,0.85,78.64377378362072
11,2025-01-18,0,2025-01-18,wk inc flu hosp,quantile,0.85,58.67486270924376
12,2025-01-18,0,2025-01-18,wk inc flu hosp,quantile,0.85,2424.702242966131
13,2025-01-18,0,2025-01-18,wk inc flu hosp,quantile,0.85,893.4178824213178
15,2025-01-18,0,2025-01-18,wk inc flu hosp,quantile,0.85,67.78111889831116
16,2025-01-18,0,2025-01-18,wk inc flu hosp,quantile,0.85,159.8663019517121
17,2025-01-18,0,2025-01-18,wk inc flu hosp,quantile,0.85,1334.4027626144946
18,2025-01-18,0,2025-01-18,wk inc flu hosp,quantile,0.85,620.300267034419
19,2025-01-18,0,2025-01-18,wk inc flu hosp,quantile,0.85,345.4532081716548
20,2025-01-18,0,2025-01-18,wk inc flu hosp,quantile,0.85,258.8307240870884
21,2025-01-18,0,2025-01-18,wk inc flu hosp,quantile,0.85,489.11462523458533
22,2025-01-18,0,2025-01-18,wk inc flu hosp,quantile,0.85,497.6744225557002
23,2025-01-18,0,2025-01-18,wk inc flu hosp,quantile,0.85,137.27059043366094
24,2025-01-18,0,2025-01-18,wk inc flu hosp,quantile,0.85,439.0498369736576
25,2025-01-18,0,2025-01-18,wk inc flu hosp,quantile,0.85,684.9315332590774
26,2025-01-18,0,2025-01-18,wk inc flu hosp,quantile,0.85,709.8782248257027
27,2025-01-18,0,2025-01-18,wk inc flu hosp,quantile,0.85,1415.0603353121567
28,2025-01-18,0,2025-01-18,wk inc flu hosp,quantile,0.85,269.18518907306634
29,2025-01-18,0,2025-01-18,wk inc flu hosp,quantile,0.85,602.4813322166168
30,2025-01-18,0,2025-01-18,wk inc flu hosp,quantile,0.85,86.31760234001085
31,2025-01-18,0,2025-01-18,wk inc flu hosp,quantile,0.85,196.1443949847785
32,2025-01-18,0,2025-01-18,wk inc flu hosp,quantile,0.85,262.8664692558835
33,2025-01-18,0,2025-01-18,wk inc flu hosp,quantile,0.85,90.96576119681816
34,2025-01-18,0,2025-01-18,wk inc flu hosp,quantile,0.85,1163.1805561241604
35,2025-01-18,0,2025-01-18,wk inc flu hosp,quantile,0.85,244.07492201747363
36,2025-01-18,0,2025-01-18,wk inc flu hosp,quantile,0.85,2210.810966477032
37,2025-01-18,0,2025-01-18,wk inc flu hosp,quantile,0.85,847.7173769697193
38,2025-01-18,0,2025-01-18,wk inc flu hosp,quantile,0.85,59.56850932772339
39,2025-01-18,0,2025-01-18,wk inc flu hosp,quantile,0.85,1083.4246224293197
40,2025-01-18,0,2025-01-18,wk inc flu hosp,quantile,0.85,313.9385485279519
41,2025-01-18,0,2025-01-18,wk inc flu hosp,quantile,0.85,356.342025607797
42,2025-01-18,0,2025-01-18,wk inc flu hosp,quantile,0.85,1806.1862107405582
44,2025-01-18,0,2025-01-18,wk inc flu hosp,quantile,0.85,78.57525895070326
45,2025-01-18,0,2025-01-18,wk inc flu hosp,quantile,0.85,489.99500316368193
46,2025-01-18,0,2025-01-18,wk inc flu hosp,quantile,0.85,74.09857959762984
47,2025-01-18,0,2025-01-18,wk inc flu hosp,quantile,0.85,716.4366502119698
48,2025-01-18,0,2025-01-18,wk inc flu hosp,quantile,0.85,2147.761433393481
49,2025-01-18,0,2025-01-18,wk inc flu hosp,quantile,0.85,244.49393564990532
50,2025-01-18,0,2025-01-18,wk inc flu hosp,quantile,0.85,46.09370079958062
51,2025-01-18,0,2025-01-18,wk inc flu hosp,quantile,0.85,529.5701403359543
53,2025-01-18,0,2025-01-18,wk inc flu hosp,quantile,0.85,624.8095018017472
54,2025-01-18,0,2025-01-18,wk inc flu hosp,quantile,0.85,213.9606368973954
55,2025-01-18,0,2025-01-18,wk inc flu hosp,quantile,0.85,473.46420717314544
56,2025-01-18,0,2025-01-18,wk inc flu hosp,quantile,0.85,77.65761197899728
72,2025-01-18,0,2025-01-18,wk inc flu hosp,quantile,0.85,1556.0218323884988
US,2025-01-18,0,2025-01-18,wk inc flu hosp,quantile,0.85,31389.51722171705
01,2025-01-18,1,2025-01-25,wk inc flu hosp,quantile,0.85,464.95451580226245
02,2025-01-18,1,2025-01-25,wk inc flu hosp,quantile,0.85,56.08092396684423
04,2025-01-18,1,2025-01-25,wk inc flu hosp,quantile,0.85,1286.4496593054293
05,2025-01-18,1,2025-01-25,wk inc flu hosp,quantile,0.85,264.95826006525
06,2025-01-18,1,2025-01-25,wk inc flu hosp,quantile,0.85,2908.3776584967304
08,2025-01-18,1,2025-01-25,wk inc flu hosp,quantile,0.85,510.39938114446574
09,2025-01-18,1,2025-01-25,wk inc flu hosp,quantile,0.85,402.53796968699646
10,2025-01-18,1,2025-01-25,wk inc flu hosp,quantile,0.85,74.47700015877633
11,2025-01-18,1,2025-01-25,wk inc flu hosp,quantile,0.85,63.19831829061138
12,2025-01-18,1,2025-01-25,wk inc flu hosp,quantile,0.85,2343.092708580403
13,2025-01-18,1,2025-01-25,wk inc flu hosp,quantile,0.85,871.3665051406564
15,2025-01-18,1,2025-01-25,wk inc flu hosp,quantile,0.85,66.4419142686753
16,2025-01-18,1,2025-01-25,wk inc flu hosp,quantile,0.85,150.76080254512343
17,2025-01-18,1,2025-01-25,wk inc flu hosp,quantile,0.85,1254.42581527391
18,2025-01-18,1,2025-01-25,wk inc flu hosp,quantile,0.85,616.6105207564144
19,2025-01-18,1,2025-01-25,wk inc flu hosp,quantile,0.85,352.49665849941766
20,2025-01-18,1,2025-01-25,wk inc flu hosp,quantile,0.85,248.15402214647247
21,2025-01-18,1,2025-01-25,wk inc flu hosp,quantile,0.85,490.8829214615205
22,2025-01-18,1,2025-01-25,wk inc flu hosp,quantile,0.85,466.5818489600191
23,2025-01-18,1,2025-01-25,wk inc flu hosp,quantile,0.85,143.0722402107422
24,2025-01-18,1,2025-01-25,wk inc flu hosp,quantile,0.85,442.710409870604
25,2025-01-18,1,2025-01-25,wk inc flu hosp,quantile,0.85,717.025089003761
26,2025-01-18,1,2025-01-25,wk inc flu hosp,quantile,0.85,805.3694815884792
27,2025-01-18,1,2025-01-25,wk inc flu hosp,quantile,0.85,1340.5643726045012
28,2025-01-18,1,2025-01-25,wk inc flu hosp,quantile,0.85,295.39474440127
29,2025-01-18,1,2025-01-25,wk inc flu hosp,quantile,0.85,612.0609601674238
30,2025-01-18,1,2025-01-25,wk inc flu hosp,quantile,0.85,94.4761618963281
31,2025-01-18,1,2025-01-25,wk inc flu hosp,quantile,0.85,195.58386922031173
32,2025-01-18,1,2025-01-25,wk inc flu hosp,quantile,0.85,251.46242328539137
33,2025-01-18,1,2025-01-25,wk inc flu hosp,quantile,0.85,91.1403967381748
34,2025-01-18,1,2025-01-25,wk inc flu hosp,quantile,0.85,1124.506100027596
35,2025-01-18,1,2025-01-25,wk inc flu hosp,quantile,0.85,234.18578766355589
36,2025-01-18,1,2025-01-25,wk inc flu hosp,quantile,0.85,2177.3140832473923
37,2025-01-18,1,2025-01-25,wk inc flu hosp,quantile,0.85,844.0328859411019
38,2025-01-18,1,2025-01-25,wk inc flu hosp,quantile,0.85,67.88652416910621
39,2025-01-18,1,2025-01-25,wk inc flu hosp,quantile,0.85,1095.4318495917946
40,2025-01-18,1,2025-01-25,wk inc flu hosp,quantile,0.85,366.5664294004494
41,2025-01-18,1,2025-01-25,wk inc flu hosp,quantile,0.85,335.7117509660637
42,2025-01-18,1,2025-01-25,wk inc flu hosp,quantile,0.85,1797.368751895243
44,2025-01-18,1,2025-01-25,wk inc flu hosp,quantile,0.85,76.99450077330108
45,2025-01-18,1,2025-01-25,wk inc flu hosp,quantile,0.85,497.34503854306115
46,2025-01-18,1,2025-01-25,wk inc flu hosp,quantile,0.85,85.90650602065928
47,2025-01-18,1,2025-01-25,wk inc flu hosp,quantile,0.85,679.12112875106
48,2025-01-18,1,2025-01-25,wk inc flu hosp,quantile,0.85,2179.4991161995054
49,2025-01-18,1,2025-01-25,wk inc flu hosp,quantile,0.85,227.1620697070076
50,2025-01-18,1,2025-01-25,wk inc flu hosp,quantile,0.85,49.3876511663884
51,2025-01-18,1,2025-01-25,wk inc flu hosp,quantile,0.85,566.6369122925342
53,2025-01-18,1,2025-01-25,wk inc flu hosp,quantile,0.85,611.5961135209255
54,2025-01-18,1,2025-01-25,wk inc flu hosp,quantile,0.85,231.36641551454693
55,2025-01-18,1,2025-01-25,wk inc flu hosp,quantile,0.85,487.09315763091354
56,2025-01-18,1,2025-01-25,wk inc flu hosp,quantile,0.85,76.75339315355536
72,2025-01-18,1,2025-01-25,wk inc flu hosp,quantile,0.85,1501.530036574895
US,2025-01-18,1,2025-01-25,wk inc flu hosp,quantile,0.85,30367.38221026615
01,2025-01-18,2,2025-02-01,wk inc flu hosp,quantile,0.85,428.0196844801204
02,2025-01-18,2,2025-02-01,wk inc flu hosp,quantile,0.85,56.742418618231014
04,2025-01-18,2,2025-02-01,wk inc flu hosp,quantile,0.85,1175.6399396396084
05,2025-01-18,2,2025-02-01,wk inc flu hosp,quantile,0.85,266.05949448016565
06,2025-01-18,2,2025-02-01,wk inc flu hosp,quantile,0.85,2672.733314495753
08,2025-01-18,2,2025-02-01,wk inc flu hosp,quantile,0.85,462.24164471103654
09,2025-01-18,2,2025-02-01,wk inc flu hosp,quantile,0.85,397.18774958174185
10,2025-01-18,2,2025-02-01,wk inc flu hosp,quantile,0.85,69.4617168948813
11,2025-01-18,2,2025-02-01,wk inc flu hosp,quantile,0.85,61.85838940549902
12,2025-01-18,2,2025-02-01,wk inc flu hosp,quantile,0.85,2216.1287665493123
13,2025-01-18,2,2025-02-01,wk inc flu hosp,quantile,0.85,841.5717345555964
15,2025-01-18,2,2025-02-01,wk inc flu hosp,quantile,0.85,62.49384573566508
16,2025-01-18,2,2025-02-01,wk inc flu hosp,quantile,0.85,133.0685034713634
17,2025-01-18,2,2025-02-01,wk inc flu hosp,quantile,0.85,1159.2254864979125
18,2025-01-18,2,2025-02-01,wk inc flu hosp,quantile,0.85,601.9332931107656
19,2025-01-18,2,2025-02-01,wk inc flu hosp,quantile,0.85,354.9258372881751
20,2025-01-18,2,2025-02-01,wk inc flu hosp,quantile,0.85,228.90114046899774
21,2025-01-18,2,2025-02-01,wk inc flu hosp,quantile,0.85,475.8765341065667
22,2025-01-18,2,2025-02-01,wk inc flu hosp,quantile,0.85,426.13512619271984
23,2025-01-18,2,2025-02-01,wk inc flu hosp,quantile,0.85,149.39962108060737
24,2025-01-18,2,2025-02-01,wk inc flu hosp,quantile,0.85,456.60532318171835
25,2025-01-18,2,2025-02-01,wk inc flu hosp,quantile,0.85,744.7212085159564
26,2025-01-18,2,2025-02-01,wk inc flu hosp,quantile,0.85,824.0471307165262
27,2025-01-18,2,2025-02-01,wk inc flu hosp,quantile,0.85,1236.0858843525252
28,2025-01-18,2,2025-02-01,wk inc flu hosp,quantile,0.85,292.49416123955524
29,2025-01-18,2,2025-02-01,wk inc flu hosp,quantile,0.85,595.8814825243927
30,2025-01-18,2,2025-02-01,wk inc flu hosp,quantile,0.85,92.1536227112332
31,2025-01-18,2,2025-02-01,wk inc flu hosp,quantile,0.85,188.51527951286513
32,2025-01-18,2,2025-02-01,wk inc flu hosp,quantile,0.85,232.70886633421492
33,2025-01-18,2,2025-02-01,wk inc flu hosp,quantile,0.85,89.72005767271486
34,2025-01-18,2,2025-02-01,wk inc flu hosp,quantile,0.85,1081.7721886086406
35,2025-01-18,2,2025-02-01,wk inc flu hosp,quantile,0.85,218.54217955512095
36,2025-01-18,2,2025-02-01,wk inc flu hosp,quantile,0.85,2084.3389351482697
37,2025-01-18,2,2025-02-01,wk inc flu hosp,quantile,0.85,822.902669419603
38,2025-01-18,2,2025-02-01,wk inc flu hosp,quantile,0.85,69.50824325360283
39,2025-01-18,2,2025-02-01,wk inc flu hosp,quantile,0.85,1064.6884579895332
40,2025-01-18,2,2025-02-01,wk inc flu hosp,quantile,0.85,372.2300532396455
41,2025-01-18,2,2025-02-01,wk inc flu hosp,quantile,0.85,304.82618174310807
42,2025-01-18,2,2025-02-01,wk inc flu hosp,quantile,0.85,1751.108749868501
44,2025-01-18,2,2025-02-01,wk inc flu hosp,quantile,0.85,74.03343763132227
45,2025-01-18,2,2025-02-01,wk inc flu hosp,quantile,0.85,497.6427550912088
46,2025-01-18,2,2025-02-01,wk inc flu hosp,quantile,0.85,85.77807854859918
47,2025-01-18,2,2025-02-01,wk inc flu hosp,quantile,0.85,640.9247724231931
48,2025-01-18,2,2025-02-01,wk inc flu hosp,quantile,0.85,2143.5686565327906
49,2025-01-18,2,2025-02-01,wk inc flu hosp,quantile,0.85,208.5370941041957
50,2025-01-18,2,2025-02-01,wk inc flu hosp,quantile,0.85,48.81511255272822
51,2025-01-18,2,2025-02-01,wk inc flu hosp,quantile,0.85,572.512552463067
53,2025-01-18,2,2025-02-01,wk inc flu hosp,quantile,0.85,573.301454189412
54,2025-01-18,2,2025-02-01,wk inc flu hosp,quantile,0.85,227.43668045259352
55,2025-01-18,2,2025-02-01,wk inc flu hosp,quantile,0.85,491.51649631675105
56,2025-01-18,2,2025-02-01,wk inc flu hosp,quantile,0.85,71.20248581090551
72,2025-01-18,2,2025-02-01,wk inc flu hosp,quantile,0.85,1488.8290378211796
US,2025-01-18,2,2025-02-01,wk inc flu hosp,quantile,0.85,27974.17556259352
01,2025-01-18,3,2025-02-08,wk inc flu hosp,quantile,0.85,402.1267801898008
02,2025-01-18,3,2025-02-08,wk inc flu hosp,quantile,0.85,53.17095355009729
04,2025-01-18,3,2025-02-08,wk inc flu hosp,quantile,0.85,1144.750266636492
05,2025-01-18,3,2025-02-08,wk inc flu hosp,quantile,0.85,271.50808358442674
06,2025-01-18,3,2025-02-08,wk inc flu hosp,quantile,0.85,2543.655187566485
08,2025-01-18,3,2025-02-08,wk inc flu hosp,quantile,0.85,439.25935587534485
09,2025-01-18,3,2025-02-08,wk inc flu hosp,quantile,0.85,384.37507178007877
10,2025-01-18,3,2025-02-08,wk inc flu hosp,quantile,0.85,65.27051504872341
11,2025-01-18,3,2025-02-08,wk inc flu hosp,quantile,0.85,58.157679209953706
12,2025-01-18,3,2025-02-08,wk inc flu hosp,quantile,0.85,2163.4526820014034
13,2025-01-18,3,2025-02-08,wk inc flu hosp,quantile,0.85,815.268507491413
15,2025-01-18,3,2025-02-08,wk inc flu hosp,quantile,0.85,60.51936044697201
16,2025-01-18,3,2025-02-08,wk inc flu hosp,quantile,0.85,125.09451743213434
17,2025-01-18,3,2025-02-08,wk inc flu hosp,quantile,0.85,1103.732233327303
18,2025-01-18,3,2025-02-08,wk inc flu hosp,quantile,0.85,567.4723691765605
19,2025-01-18,3,2025-02-08,wk inc flu hosp,quantile,0.85,338.02803706246084
20,2025-01-18,3,2025-02-08,wk inc flu hosp,quantile,0.85,218.43251843410007
21,2025-01-18,3,2025-02-08,wk inc flu hosp,quantile,0.85,454.39658344082386
22,2025-01-18,3,2025-02-08,wk inc flu hosp,quantile,0.85,411.83557876257385
23,2025-01-18,3,2025-02-08,wk inc flu hosp,quantile,0.85,142.82636184314404
24,2025-01-18,3,2025-02-08,wk inc flu hosp,quantile,0.85,441.39588884786866
25,2025-01-18,3,2025-02-08,wk inc flu hosp,quantile,0.85,721.8991753939628
26,2025-01-18,3,2025-02-08,wk inc flu hosp,quantile,0.85,804.7609411397718
27,2025-01-18,3,2025-02-08,wk inc flu hosp,quantile,0.85,1194.7676848196697
28,2025-01-18,3,2025-02-08,wk inc flu hosp,quantile,0.85,273.5254834863545
29,2025-01-18,3,2025-02-08,wk inc flu hosp,quantile,0.85,555.3646953940831
30,2025-01-18,3,2025-02-08,wk inc flu hosp,quantile,0.85,85.42354103774748
31,2025-01-18,3,2025-02-08,wk inc flu hosp,quantile,0.85,182.80436128938436
32,2025-01-18,3,2025-02-08,wk inc flu hosp,quantile,0.85,222.97731075695802
33,2025-01-18,3,2025-02-08,wk inc flu hosp,quantile,0.85,86.35905795402186
34,2025-01-18,3,2025-02-08,wk inc flu hosp,quantile,0.85,1029.8483423058383
35,2025-01-18,3,2025-02-08,wk inc flu hosp,quantile,0.85,206.99185868444744
36,2025-01-18,3,2025-02-08,wk inc flu hosp,quantile,0.85,2041.5906725535815
37,2025-01-18,3,2025-02-08,wk inc flu hosp,quantile,0.85,806.7854216367599
38,2025-01-18,3,2025-02-08,wk inc flu hosp,quantile,0.85,67.85672834509313
39,2025-01-18,3,2025-02-08,wk inc flu hosp,quantile,0.85,1041.4611823473151
40,2025-01-18,3,2025-02-08,wk inc flu hosp,quantile,0.85,353.5786850086548
41,2025-01-18,3,2025-02-08,wk inc flu hosp,quantile,0.85,288.1049917307532
42,2025-01-18,3,2025-02-08,wk inc flu hosp,quantile,0.85,1697.131134520025
44,2025-01-18,3,2025-02-08,wk inc flu hosp,quantile,0.85,71.73729113904047
45,2025-01-18,3,2025-02-08,wk inc flu hosp,quantile,0.85,474.2414399054876
46,2025-01-18,3,2025-02-08,wk inc flu hosp,quantile,0.85,82.99563341715577
47,2025-01-18,3,2025-02-08,wk inc flu hosp,quantile,0.85,616.9354219400204
48,2025-01-18,3,2025-02-08,wk inc flu hosp,quantile,0.85,2112.2535303232003
49,2025-01-18,3,2025-02-08,wk inc flu hosp,quantile,0.85,199.08964992892382
50,2025-01-18,3,2025-02-08,wk inc flu hosp,quantile,0.85,46.401361096567335
51,2025-01-18,3,2025-02-08,wk inc flu hosp,quantile,0.85,537.0899172704751
53,2025-01-18,3,2025-02-08,wk inc flu hosp,quantile,0.85,531.1866468214458
54,2025-01-18,3,2025-02-08,wk inc flu hosp,quantile,0.85,213.14950247400014
55,2025-01-18,3,2025-02-08,wk inc flu hosp,quantile,0.85,480.99462120422953
56,2025-01-18,3,2025-02-08,wk inc flu hosp,quantile,0.85,68.20052266693784
72,2025-01-18,3,2025-02-08,wk inc flu hosp,quantile,0.85,1446.4334684545913
US,2025-01-18,3,2025-02-08,wk inc flu hosp,quantile,0.85,27705.335881023093
01,2025-01-18,0,2025-01-18,wk inc flu hosp,quantile,0.9,593.6457981464011
02,2025-01-18,0,2025-01-18,wk inc flu hosp,quantile,0.9,61.75704163349212
04,2025-01-18,0,2025-01-18,wk inc flu hosp,quantile,0.9,1650.2923327957315
05,2025-01-18,0,2025-01-18,wk inc flu hosp,quantile,0.9,224.14951535801728
06,2025-01-18,0,2025-01-18,wk inc flu hosp,quantile,0.9,3565.43957255494
08,2025-01-18,0,2025-01-18,wk inc flu hosp,quantile,0.9,584.9523608862029
09,2025-01-18,0,2025-01-18,wk inc flu hosp,quantile,0.9,424.0435710009111
10,2025-01-18,0,2025-01-18,wk inc flu hosp,quantile,0.9,91.52495932666177
11,2025-01-18,0,2025-01-18,wk inc flu hosp,quantile,0.9,67.31077659099846
12,2025-01-18,0,2025-01-18,wk inc flu hosp,quantile,0.9,2701.753180133277
13,2025-01-18,0,2025-01-18,wk inc flu hosp,quantile,0.9,1024.8735930576254
15,2025-01-18,0,2025-01-18,wk inc flu hosp,quantile,0.9,78.66637399034926
16,2025-01-18,0,2025-01-18,wk inc flu hosp,quantile,0.9,191.989590357674
17,2025-01-18,0,2025-01-18,wk inc flu hosp,quantile,0.9,1502.2244616226399
18,2025-01-18,0,2025-01-18,wk inc flu hosp,quantile,0.9,732.3455805305906
19,2025-01-18,0,2025-01-18,wk inc flu hosp,quantile,0.9,372.2327771468683
20,2025-01-18,0,2025-01-18,wk inc flu hosp,quantile,0.9,298.75960320821554
21,2025-01-18,0,2025-01-18,wk inc flu hosp,quantile,0.9,567.5977002762278
22,2025-01-18,0,2025-01-18,wk inc flu hosp,quantile,0.9,571.1150368068497
23,2025-01-18,0,2025-01-18,wk inc flu hosp,quantile,0.9,150.28466369376608
24,2025-01-18,0,2025-01-18,wk inc flu hosp,quantile,0.9,483.62428100398324
25,2025-01-18,0,2025-01-18,wk inc flu hosp,quantile,0.9,752.8597283652243
26,2025-01-18,0,2025-01-18,wk inc flu hosp,quantile,0.9,791.7859753321059
27,2025-01-18,0,2025-01-18,wk inc flu hosp,quantile,0.9,1574.7382735392775
28,2025-01-18,0,2025-01-18,wk inc flu hosp,quantile,0.9,309.92093803980674
29,2025-01-18,0,2025-01-18,wk inc flu hosp,quantile,0.9,709.2099168156014
30,2025-01-18,0,2025-01-18,wk inc flu hosp,quantile,0.9,100.96865621152135
31,2025-01-18,0,2025-01-18,wk inc flu hosp,quantile,0.9,218.15818597667334
32,2025-01-18,0,2025-01-18,wk inc flu hosp,quantile,0.9,301.1042268699419
33,2025-01-18,0,2025-01-18,wk inc flu hosp,quantile,0.9,104.78377574697558
34,2025-01-18,0,2025-01-18,wk inc flu hosp,quantile,0.9,1322.036185034163
35,2025-01-18,0,2025-01-18,wk inc flu hosp,quantile,0.9,279.5703501553144
36,2025-01-18,0,2025-01-18,wk inc flu hosp,quantile,0.9,2572.898094709675
37,2025-01-18,0,2025-01-18,wk inc flu hosp,quantile,0.9,969.6230900907937
38,2025-01-18,0,2025-01-18,wk inc flu hosp,quantile,0.9,67.39747339379917
39,2025-01-18,0,2025-01-18,wk inc flu hosp,quantile,0.9,1247.7570942414482
40,2025-01-18,0,2025-01-18,wk inc flu hosp,quantile,0.9,358.36535090764613
41,2025-01-18,0,2025-01-18,wk inc flu hosp,quantile,0.9,438.26118654931634
42,2025-01-18,0,2025-01-18,wk inc flu hosp,quantile,0.9,2020.3086578545947
44,2025-01-18,0,2025-01-18,wk inc flu hosp,quantile,0.9,88.21218296226125
45,2025-01-18,0,2025-01-18,wk inc flu hosp,quantile,0.9,564.1007725632219
46,2025-01-18,0,2025-01-18,wk inc flu hosp,quantile,0.9,81.4705395371841
47,2025-01-18,0,2025-01-18,wk inc flu hosp,quantile,0.9,828.5757560027988
48,2025-01-18,0,2025-01-18,wk inc flu hosp,quantile,0.9,2449.192380781342
49,2025-01-18,0,2025-01-18,wk inc flu hosp,quantile,0.9,276.7877268246041
50,2025-01-18,0,2025-01-18,wk inc flu hosp,quantile,0.9,51.67932499848972
51,2025-01-18,0,2025-01-18,wk inc flu hosp,quantile,0.9,603.548907232638
53,2025-01-18,0,2025-01-18,wk inc flu hosp,quantile,0.9,734.8105857632752
54,2025-01-18,0,2025-01-18,wk inc flu hosp,quantile,0.9,236.65945337358795
55,2025-01-18,0,2025-01-18,wk inc flu hosp,quantile,0.9,532.9346032459748
56,2025-01-18,0,2025-01-18,wk inc flu hosp,quantile,0.9,86.88069319733872
72,2025-01-18,0,2025-01-18,wk inc flu hosp,quantile,0.9,1685.5878086714197
US,2025-01-18,0,2025-01-18,wk inc flu hosp,quantile,0.9,35004.15355345801
01,2025-01-18,1,2025-01-25,wk inc flu hosp,quantile,0.9,565.38313765624
02,2025-01-18,1,2025-01-25,wk inc flu hosp,quantile,0.9,69.09029576941315
04,2025-01-18,1,2025-01-25,wk inc flu hosp,quantile,0.9,1571.1721912691148
05,2025-01-18,1,2025-01-25,wk inc flu hosp,quantile,0.9,295.6907940524035
06,2025-01-18,1,2025-01-25,wk inc flu hosp,quantile,0.9,3459.8611570447024
08,2025-01-18,1,2025-01-25,wk inc flu hosp,quantile,0.9,574.173261881444
09,2025-01-18,1,2025-01-25,wk inc flu hosp,quantile,0.9,476.12180889626427
10,2025-01-18,1,2025-01-25,wk inc flu hosp,quantile,0.9,91.25527362005819
11,2025-01-18,1,2025-01-25,wk inc flu hosp,quantile,0.9,74.47081917236564
12,2025-01-18,1,2025-01-25,wk inc flu hosp,quantile,0.9,2754.4791379685807
13,2025-01-18,1,2025-01-25,wk inc flu hosp,quantile,0.9,1088.9176913173242
15,2025-01-18,1,2025-01-25,wk inc flu hosp,quantile,0.9,78.52295046089384
16,2025-01-18,1,2025-01-25,wk inc flu hosp,quantile,0.9,187.21478271915055
17,2025-01-18,1,2025-01-25,wk inc flu hosp,quantile,0.9,1483.469738559962
18,2025-01-18,1,2025-01-25,wk inc flu hosp,quantile,0.9,766.7748379227959
19,2025-01-18,1,2025-01-25,wk inc flu hosp,quantile,0.9,413.1620404441696
20,2025-01-18,1,2025-01-25,wk inc flu hosp,quantile,0.9,304.8036150006172
21,2025-01-18,1,2025-01-25,wk inc flu hosp,quantile,0.9,582.5383058507564
22,2025-01-18,1,2025-01-25,wk inc flu hosp,quantile,0.9,558.0773436422819
23,2025-01-18,1,2025-01-25,wk inc flu hosp,quantile,0.9,172.11773033452855
24,2025-01-18,1,2025-01-25,wk inc flu hosp,quantile,0.9,524.9398861734468
25,2025-01-18,1,2025-01-25,wk inc flu hosp,quantile,0.9,843.0639693820988
26,2025-01-18,1,2025-01-25,wk inc flu hosp,quantile,0.9,954.0405605273373
27,2025-01-18,1,2025-01-25,wk inc flu hosp,quantile,0.9,1521.0010499458394
28,2025-01-18,1,2025-01-25,wk inc flu hosp,quantile,0.9,350.36964715665215
29,2025-01-18,1,2025-01-25,wk inc flu hosp,quantile,0.9,733.2519862935259
30,2025-01-18,1,2025-01-25,wk inc flu hosp,quantile,0.9,117.72737842105869
31,2025-01-18,1,2025-01-25,wk inc flu hosp,quantile,0.9,230.17576798441414
32,2025-01-18,1,2025-01-25,wk inc flu hosp,quantile,0.9,297.4378863857404
33,2025-01-18,1,2025-01-25,wk inc flu hosp,quantile,0.9,110.29531052794445
34,2025-01-18,1,2025-01-25,wk inc flu hosp,quantile,0.9,1346.2311274542458
35,2025-01-18,1,2025-01-25,wk inc flu hosp,quantile,0.9,286.04747875558843
36,2025-01-18,1,2025-01-25,wk inc flu hosp,quantile,0.9,2564.928902979582
37,2025-01-18,1,2025-01-25,wk inc flu hosp,quantile,0.9,1033.5190230525734
38,2025-01-18,1,2025-01-25,wk inc flu hosp,quantile,0.9,83.58494381837177
39,2025-01-18,1,2025-01-25,wk inc flu hosp,quantile,0.9,1306.6910671727564
40,2025-01-18,1,2025-01-25,wk inc flu hosp,quantile,0.9,436.3216468482657
41,2025-01-18,1,2025-01-25,wk inc flu hosp,quantile,0.9,430.78729371862
42,2025-01-18,1,2025-01-25,wk inc flu hosp,quantile,0.9,2070.865521691625
44,2025-01-18,1,2025-01-25,wk inc flu hosp,quantile,0.9,88.71406790409802
45,2025-01-18,1,2025-01-25,wk inc flu hosp,quantile,0.9,601.1548584381327
46,2025-01-18,1,2025-01-25,wk inc flu hosp,quantile,0.9,97.22748478655676
47,2025-01-18,1,2025-01-25,wk inc flu hosp,quantile,0.9,804.13778707294
48,2025-01-18,1,2025-01-25,wk inc flu hosp,quantile,0.9,2536.9805112155886
49,2025-01-18,1,2025-01-25,wk inc flu hosp,quantile,0.9,262.5559972090939
50,2025-01-18,1,2025-01-25,wk inc flu hosp,quantile,0.9,57.41098984478852
51,2025-01-18,1,2025-01-25,wk inc flu hosp,quantile,0.9,666.9639209443408
53,2025-01-18,1,2025-01-25,wk inc flu hosp,quantile,0.9,751.1939778376892
54,2025-01-18,1,2025-01-25,wk inc flu hosp,quantile,0.9,264.547176895001
55,2025-01-18,1,2025-01-25,wk inc flu hosp,quantile,0.9,578.7317251628497
56,2025-01-18,1,2025-01-25,wk inc flu hosp,quantile,0.9,86.6324581951256
72,2025-01-18,1,2025-01-25,wk inc flu hosp,quantile,0.9,1689.064737533056
US,2025-01-18,1,2025-01-25,wk inc flu hosp,quantile,0.9,34816.98953703714
01,2025-01-18,2,2025-02-01,wk inc flu hosp,quantile,0.9,532.8369008873573
02,2025-01-18,2,2025-02-01,wk inc flu hosp,quantile,0.9,68.62767168920305
04,2025-01-18,2,2025-02-01,wk inc flu hosp,quantile,0.9,1524.1474849821755
05,2025-01-18,2,2025-02-01,wk inc flu hosp,quantile,0.9,308.0859900033034
06,2025-01-18,2,2025-02-01,wk inc flu hosp,quantile,0.9,3313.4219624370157
08,2025-01-18,2,2025-02-01,wk inc flu hosp,quantile,0.9,574.4467864971829
09,2025-01-18,2,2025-02-01,wk inc flu hosp,quantile,0.9,497.95355499966763
10,2025-01-18,2,2025-02-01,wk inc flu hosp,quantile,0.9,87.93976732662284
11,2025-01-18,2,2025-02-01,wk inc flu hosp,quantile,0.9,80.06074821895912
12,2025-01-18,2,2025-02-01,wk inc flu hosp,quantile,0.9,2676.3610661079715
13,2025-01-18,2,2025-02-01,wk inc flu hosp,quantile,0.9,1098.095175341267
15,2025-01-18,2,2025-02-01,wk inc flu hosp,quantile,0.9,73.83147303416064
16,2025-01-18,2,2025-02-01,wk inc flu hosp,quantile,0.9,176.5511440328487
17,2025-01-18,2,2025-02-01,wk inc flu hosp,quantile,0.9,1434.805696457758
18,2025-01-18,2,2025-02-01,wk inc flu hosp,quantile,0.9,807.6289465595793
19,2025-01-18,2,2025-02-01,wk inc flu hosp,quantile,0.9,421.6923990892622
20,2025-01-18,2,2025-02-01,wk inc flu hosp,quantile,0.9,286.6377091387057
21,2025-01-18,2,2025-02-01,wk inc flu hosp,quantile,0.9,589.9197574834462
22,2025-01-18,2,2025-02-01,wk inc flu hosp,quantile,0.9,536.47235842503
23,2025-01-18,2,2025-02-01,wk inc flu hosp,quantile,0.9,180.5291959227494
24,2025-01-18,2,2025-02-01,wk inc flu hosp,quantile,0.9,541.2197296902771
25,2025-01-18,2,2025-02-01,wk inc flu hosp,quantile,0.9,882.4489090275537
26,2025-01-18,2,2025-02-01,wk inc flu hosp,quantile,0.9,960.2645960171075
27,2025-01-18,2,2025-02-01,wk inc flu hosp,quantile,0.9,1457.7822240988369
28,2025-01-18,2,2025-02-01,wk inc flu hosp,quantile,0.9,370.59785883854136
29,2025-01-18,2,2025-02-01,wk inc flu hosp,quantile,0.9,768.1897169845533
30,2025-01-18,2,2025-02-01,wk inc flu hosp,quantile,0.9,117.92404298853275
31,2025-01-18,2,2025-02-01,wk inc flu hosp,quantile,0.9,235.65838484979793
32,2025-01-18,2,2025-02-01,wk inc flu hosp,quantile,0.9,282.6532919387806
33,2025-01-18,2,2025-02-01,wk inc flu hosp,quantile,0.9,117.26429231655852
34,2025-01-18,2,2025-02-01,wk inc flu hosp,quantile,0.9,1335.1414157327426
35,2025-01-18,2,2025-02-01,wk inc flu hosp,quantile,0.9,270.73980544659645
36,2025-01-18,2,2025-02-01,wk inc flu hosp,quantile,0.9,2538.971920842463
37,2025-01-18,2,2025-02-01,wk inc flu hosp,quantile,0.9,1032.1834526825696
38,2025-01-18,2,2025-02-01,wk inc flu hosp,quantile,0.9,89.28232839912336
39,2025-01-18,2,2025-02-01,wk inc flu hosp,quantile,0.9,1356.592522182568
40,2025-01-18,2,2025-02-01,wk inc flu hosp,quantile,0.9,448.09159754555014
41,2025-01-18,2,2025-02-01,wk inc flu hosp,quantile,0.9,401.4362697468251
42,2025-01-18,2,2025-02-01,wk inc flu hosp,quantile,0.9,2112.177662538302
44,2025-01-18,2,2025-02-01,wk inc flu hosp,quantile,0.9,88.1595563361701
45,2025-01-18,2,2025-02-01,wk inc flu hosp,quantile,0.9,621.329775271739
46,2025-01-18,2,2025-02-01,wk inc flu hosp,quantile,0.9,104.67464241817467
47,2025-01-18,2,2025-02-01,wk inc flu hosp,quantile,0.9,803.0687979616712
48,2025-01-18,2,2025-02-01,wk inc flu hosp,quantile,0.9,2501.8301110863
49,2025-01-18,2,2025-02-01,wk inc flu hosp,quantile,0.9,252.8961995147621
50,2025-01-18,2,2025-02-01,wk inc flu hosp,quantile,0.9,60.71724555857522
51,2025-01-18,2,2025-02-01,wk inc flu hosp,quantile,0.9,691.1469868516584
53,2025-01-18,2,2025-02-01,wk inc flu hosp,quantile,0.9,728.224530521257
54,2025-01-18,2,2025-02-01,wk inc flu hosp,quantile,0.9,282.1838355776338
55,2025-01-18,2,2025-02-01,wk inc flu hosp,quantile,0.9,575.2081036337273
56,2025-01-18,2,2025-02-01,wk inc flu hosp,quantile,0.9,87.7111592041924
72,2025-01-18,2,2025-02-01,wk inc flu hosp,quantile,0.9,1715.9409530981802
US,2025-01-18,2,2025-02-01,wk inc flu hosp,quantile,0.9,34555.97062569848
01,2025-01-18,3,2025-02-08,wk inc flu hosp,quantile,0.9,520.8240847453799
02,2025-01-18,3,2025-02-08,wk inc flu hosp,quantile,0.9,67.15886796974047
04,2025-01-18,3,2025-02-08,wk inc flu hosp,quantile,0.9,1483.0654977175668
05,2025-01-18,3,2025-02-08,wk inc flu hosp,quantile,0.9,319.30076224105073
06,2025-01-18,3,2025-02-08,wk inc flu hosp,quantile,0.9,3323.4034897999168
08,2025-01-18,3,2025-02-08,wk inc flu hosp,quantile,0.9,554.3597945838944
09,2025-01-18,3,2025-02-08,wk inc flu hosp,quantile,0.9,502.065810700093
10,2025-01-18,3,2025-02-08,wk inc flu hosp,quantile,0.9,84.99472946436575
11,2025-01-18,3,2025-02-08,wk inc flu hosp,quantile,0.9,77.16204663244353
12,2025-01-18,3,2025-02-08,wk inc flu hosp,quantile,0.9,2696.56513141454
13,2025-01-18,3,2025-02-08,wk inc flu hosp,quantile,0.9,1062.8858020844032
15,2025-01-18,3,2025-02-08,wk inc flu hosp,quantile,0.9,74.4050024482897
16,2025-01-18,3,2025-02-08,wk inc flu hosp,quantile,0.9,169.5002935555961
17,2025-01-18,3,2025-02-08,wk inc flu hosp,quantile,0.9,1391.8731597074484
18,2025-01-18,3,2025-02-08,wk inc flu hosp,quantile,0.9,773.1271473655096
19,2025-01-18,3,2025-02-08,wk inc flu hosp,quantile,0.9,428.9187459991106
20,2025-01-18,3,2025-02-08,wk inc flu hosp,quantile,0.9,284.8004034773397
21,2025-01-18,3,2025-02-08,wk inc flu hosp,quantile,0.9,578.9194571930926
22,2025-01-18,3,2025-02-08,wk inc flu hosp,quantile,0.9,535.3229807360714
23,2025-01-18,3,2025-02-08,wk inc flu hosp,quantile,0.9,181.52113797169667
24,2025-01-18,3,2025-02-08,wk inc flu hosp,quantile,0.9,535.1114151081675
25,2025-01-18,3,2025-02-08,wk inc flu hosp,quantile,0.9,889.0183152637787
26,2025-01-18,3,2025-02-08,wk inc flu hosp,quantile,0.9,936.7204245918301
27,2025-01-18,3,2025-02-08,wk inc flu hosp,quantile,0.9,1447.3988980287745
28,2025-01-18,3,2025-02-08,wk inc flu hosp,quantile,0.9,349.1408154528598
29,2025-01-18,3,2025-02-08,wk inc flu hosp,quantile,0.9,743.8389154922609
30,2025-01-18,3,2025-02-08,wk inc flu hosp,quantile,0.9,108.67322602507961
31,2025-01-18,3,2025-02-08,wk inc flu hosp,quantile,0.9,233.01559152864533
32,2025-01-18,3,2025-02-08,wk inc flu hosp,quantile,0.9,284.43375281051254
33,2025-01-18,3,2025-02-08,wk inc flu hosp,quantile,0.9,115.32473103564844
34,2025-01-18,3,2025-02-08,wk inc flu hosp,quantile,0.9,1335.0840189422763
35,2025-01-18,3,2025-02-08,wk inc flu hosp,quantile,0.9,261.6292179992943
36,2025-01-18,3,2025-02-08,wk inc flu hosp,quantile,0.9,2490.8261433492457
37,2025-01-18,3,2025-02-08,wk inc flu hosp,quantile,0.9,988.8850138798543
38,2025-01-18,3,2025-02-08,wk inc flu hosp,quantile,0.9,88.66074067946788
39,2025-01-18,3,2025-02-08,wk inc flu hosp,quantile,0.9,1348.8868097045317
40,2025-01-18,3,2025-02-08,wk inc flu hosp,quantile,0.9,467.05951653919493
41,2025-01-18,3,2025-02-08,wk inc flu hosp,quantile,0.9,395.2181594572106
42,2025-01-18,3,2025-02-08,wk inc flu hosp,quantile,0.9,2067.972458663016
44,2025-01-18,3,2025-02-08,wk inc flu hosp,quantile,0.9,87.45403230728489
45,2025-01-18,3,2025-02-08,wk inc flu hosp,quantile,0.9,595.2947979182287
46,2025-01-18,3,2025-02-08,wk inc flu hosp,quantile,0.9,100.21825566946889
47,2025-01-18,3,2025-02-08,wk inc flu hosp,quantile,0.9,773.0799061438621
48,2025-01-18,3,2025-02-08,wk inc flu hosp,quantile,0.9,2438.5669052881826
49,2025-01-18,3,2025-02-08,wk inc flu hosp,quantile,0.9,246.83971896096557
50,2025-01-18,3,2025-02-08,wk inc flu hosp,quantile,0.9,59.302200707849686
51,2025-01-18,3,2025-02-08,wk inc flu hosp,quantile,0.9,673.9145413536318
53,2025-01-18,3,2025-02-08,wk inc flu hosp,quantile,0.9,697.242155581741
54,2025-01-18,3,2025-02-08,wk inc flu hosp,quantile,0.9,278.488637685687
55,2025-01-18,3,2025-02-08,wk inc flu hosp,quantile,0.9,554.6225697920577
56,2025-01-18,3,2025-02-08,wk inc flu hosp,quantile,0.9,85.86907635890262
72,2025-01-18,3,2025-02-08,wk inc flu hosp,quantile,0.9,1762.3248415703085
US,2025-01-18,3,2025-02-08,wk inc flu hosp,quantile,0.9,33703.8460692622
01,2025-01-18,0,2025-01-18,wk inc flu hosp,quantile,0.95,747.0393206163269
02,2025-01-18,0,2025-01-18,wk inc flu hosp,quantile,0.95,73.28744953771573
04,2025-01-18,0,2025-01-18,wk inc flu hosp,quantile,0.95,1987.2889386621678
05,2025-01-18,0,2025-01-18,wk inc flu hosp,quantile,0.95,275.21797766102725
06,2025-01-18,0,2025-01-18,wk inc flu hosp,quantile,0.95,4270.393233425117
08,2025-01-18,0,2025-01-18,wk inc flu hosp,quantile,0.95,698.368472164058
09,2025-01-18,0,2025-01-18,wk inc flu hosp,quantile,0.95,468.26670373632936
10,2025-01-18,0,2025-01-18,wk inc flu hosp,quantile,0.95,115.20978958252556
11,2025-01-18,0,2025-01-18,wk inc flu hosp,quantile,0.95,80.70581323042926
12,2025-01-18,0,2025-01-18,wk inc flu hosp,quantile,0.95,3023.8133209605135
13,2025-01-18,0,2025-01-18,wk inc flu hosp,quantile,0.95,1248.3784850401453
15,2025-01-18,0,2025-01-18,wk inc flu hosp,quantile,0.95,92.50443917843792
16,2025-01-18,0,2025-01-18,wk inc flu hosp,quantile,0.95,266.334187659523
17,2025-01-18,0,2025-01-18,wk inc flu hosp,quantile,0.95,1683.6913034108522
18,2025-01-18,0,2025-01-18,wk inc flu hosp,quantile,0.95,884.750105057938
19,2025-01-18,0,2025-01-18,wk inc flu hosp,quantile,0.95,414.3873846606341
20,2025-01-18,0,2025-01-18,wk inc flu hosp,quantile,0.95,367.18770268522024
21,2025-01-18,0,2025-01-18,wk inc flu hosp,quantile,0.95,673.422477556149
22,2025-01-18,0,2025-01-18,wk inc flu hosp,quantile,0.95,697.716710344643
23,2025-01-18,0,2025-01-18,wk inc flu hosp,quantile,0.95,170.12174045060758
24,2025-01-18,0,2025-01-18,wk inc flu hosp,quantile,0.95,539.7005457450229
25,2025-01-18,0,2025-01-18,wk inc flu hosp,quantile,0.95,818.2318952570714
26,2025-01-18,0,2025-01-18,wk inc flu hosp,quantile,0.95,860.0300747457346
27,2025-01-18,0,2025-01-18,wk inc flu hosp,quantile,0.95,1734.8300669420537
28,2025-01-18,0,2025-01-18,wk inc flu hosp,quantile,0.95,357.47157850087615
29,2025-01-18,0,2025-01-18,wk inc flu hosp,quantile,0.95,899.6982696610014
30,2025-01-18,0,2025-01-18,wk inc flu hosp,quantile,0.95,121.0981185781316
31,2025-01-18,0,2025-01-18,wk inc flu hosp,quantile,0.95,245.63297929893182
32,2025-01-18,0,2025-01-18,wk inc flu hosp,quantile,0.95,375.74616140800373
33,2025-01-18,0,2025-01-18,wk inc flu hosp,quantile,0.95,122.44493548533984
34,2025-01-18,0,2025-01-18,wk inc flu hosp,quantile,0.95,1479.5603699823416
35,2025-01-18,0,2025-01-18,wk inc flu hosp,quantile,0.95,342.5974605904378
36,2025-01-18,0,2025-01-18,wk inc flu hosp,quantile,0.95,2796.2941123952864
37,2025-01-18,0,2025-01-18,wk inc flu hosp,quantile,0.95,1130.458262564973
38,2025-01-18,0,2025-01-18,wk inc flu hosp,quantile,0.95,76.13675102390245
39,2025-01-18,0,2025-01-18,wk inc flu hosp,quantile,0.95,1408.0317393079274
40,2025-01-18,0,2025-01-18,wk inc flu hosp,quantile,0.95,443.0510762838618
41,2025-01-18,0,2025-01-18,wk inc flu hosp,quantile,0.95,580.6068640085637
42,2025-01-18,0,2025-01-18,wk inc flu hosp,quantile,0.95,2188.8481289926476
44,2025-01-18,0,2025-01-18,wk inc flu hosp,quantile,0.95,99.28976163725197
45,2025-01-18,0,2025-01-18,wk inc flu hosp,quantile,0.95,648.6987122348417
46,2025-01-18,0,2025-01-18,wk inc flu hosp,quantile,0.95,88.65656503993824
47,2025-01-18,0,2025-01-18,wk inc flu hosp,quantile,0.95,1003.8289683715196
48,2025-01-18,0,2025-01-18,wk inc flu hosp,quantile,0.95,2823.400110098136
49,2025-01-18,0,2025-01-18,wk inc flu hosp,quantile,0.95,326.6837827454861
50,2025-01-18,0,2025-01-18,wk inc flu hosp,quantile,0.95,58.467783489157455
51,2025-01-18,0,2025-01-18,wk inc flu hosp,quantile,0.95,678.21238318151
53,2025-01-18,0,2025-01-18,wk inc flu hosp,quantile,0.95,852.3022065476837
54,2025-01-18,0,2025-01-18,wk inc flu hosp,quantile,0.95,279.5987943042953
55,2025-01-18,0,2025-01-18,wk inc flu hosp,quantile,0.95,603.177175947239
56,2025-01-18,0,2025-01-18,wk inc flu hosp,quantile,0.95,113.03104047625193
72,2025-01-18,0,2025-01-18,wk inc flu hosp,quantile,0.95,1824.631710231867
US,2025-01-18,0,2025-01-18,wk inc flu hosp,quantile,0.95,37620.42762236427
01,2025-01-18,1,2025-01-25,wk inc flu hosp,quantile,0.95,806.2597131673889
02,2025-01-18,1,2025-01-25,wk inc flu hosp,quantile,0.95,84.70688525916295
04,2025-01-18,1,2025-01-25,wk inc flu hosp,quantile,0.95,2043.2630661144665
05,2025-01-18,1,2025-01-25,wk inc flu hosp,quantile,0.95,374.85087644500004
06,2025-01-18,1,2025-01-25,wk inc flu hosp,quantile,0.95,4584.134395281448
08,2025-01-18,1,2025-01-25,wk inc flu hosp,quantile,0.95,738.2954021428844
09,2025-01-18,1,2025-01-25,wk inc flu hosp,quantile,0.95,576.511540123528
10,2025-01-18,1,2025-01-25,wk inc flu hosp,quantile,0.95,119.35282759145322
11,2025-01-18,1,2025-01-25,wk inc flu hosp,quantile,0.95,95.40341237431072
12,2025-01-18,1,2025-01-25,wk inc flu hosp,quantile,0.95,3247.7741242846128
13,2025-01-18,1,2025-01-25,wk inc flu hosp,quantile,0.95,1428.0536186778018
15,2025-01-18,1,2025-01-25,wk inc flu hosp,quantile,0.95,99.01196812168558
16,2025-01-18,1,2025-01-25,wk inc flu hosp,quantile,0.95,299.1097329052509
17,2025-01-18,1,2025-01-25,wk inc flu hosp,quantile,0.95,1867.2691481631741
18,2025-01-18,1,2025-01-25,wk inc flu hosp,quantile,0.95,1093.038843026216
19,2025-01-18,1,2025-01-25,wk inc flu hosp,quantile,0.95,489.0096415397063
20,2025-01-18,1,2025-01-25,wk inc flu hosp,quantile,0.95,404.63948888001494
21,2025-01-18,1,2025-01-25,wk inc flu hosp,quantile,0.95,748.0335483434361
22,2025-01-18,1,2025-01-25,wk inc flu hosp,quantile,0.95,748.4668196466899
23,2025-01-18,1,2025-01-25,wk inc flu hosp,quantile,0.95,198.66388728309838
24,2025-01-18,1,2025-01-25,wk inc flu hosp,quantile,0.95,623.5516637017341
25,2025-01-18,1,2025-01-25,wk inc flu hosp,quantile,0.95,953.8651935362616
26,2025-01-18,1,2025-01-25,wk inc flu hosp,quantile,0.95,1097.652994429475
27,2025-01-18,1,2025-01-25,wk inc flu hosp,quantile,0.95,1782.0767874740914
28,2025-01-18,1,2025-01-25,wk inc flu hosp,quantile,0.95,444.1867001133231
29,2025-01-18,1,2025-01-25,wk inc flu hosp,quantile,0.95,1042.8055433469046
30,2025-01-18,1,2025-01-25,wk inc flu hosp,quantile,0.95,146.9701071612174
31,2025-01-18,1,2025-01-25,wk inc flu hosp,quantile,0.95,271.85978100430304
32,2025-01-18,1,2025-01-25,wk inc flu hosp,quantile,0.95,414.84308704443015
33,2025-01-18,1,2025-01-25,wk inc flu hosp,quantile,0.95,132.0266271510334
34,2025-01-18,1,2025-01-25,wk inc flu hosp,quantile,0.95,1583.39190963581
35,2025-01-18,1,2025-01-25,wk inc flu hosp,quantile,0.95,389.2470351951587
36,2025-01-18,1,2025-01-25,wk inc flu hosp,quantile,0.95,3014.4880082756754
37,2025-01-18,1,2025-01-25,wk inc flu hosp,quantile,0.95,1289.0343934322975
38,2025-01-18,1,2025-01-25,wk inc flu hosp,quantile,0.95,98.77591981579776
39,2025-01-18,1,2025-01-25,wk inc flu hosp,quantile,0.95,1622.3379945419204
40,2025-01-18,1,2025-01-25,wk inc flu hosp,quantile,0.95,599.5303766512424
41,2025-01-18,1,2025-01-25,wk inc flu hosp,quantile,0.95,658.9967843942912
42,2025-01-18,1,2025-01-25,wk inc flu hosp,quantile,0.95,2380.3435593164672
44,2025-01-18,1,2025-01-25,wk inc flu hosp,quantile,0.95,106.64088075513246
45,2025-01-18,1,2025-01-25,wk inc flu hosp,quantile,0.95,757.2216881674078
46,2025-01-18,1,2025-01-25,wk inc flu hosp,quantile,0.95,111.2796476666458
47,2025-01-18,1,2025-01-25,wk inc flu hosp,quantile,0.95,1101.0076234739279
48,2025-01-18,1,2025-01-25,wk inc flu hosp,quantile,0.95,3216.6826626765096
49,2025-01-18,1,2025-01-25,wk inc flu hosp,quantile,0.95,345.35006247501525
50,2025-01-18,1,2025-01-25,wk inc flu hosp,quantile,0.95,69.37132768657361
51,2025-01-18,1,2025-01-25,wk inc flu hosp,quantile,0.95,809.8928111117701
53,2025-01-18,1,2025-01-25,wk inc flu hosp,quantile,0.95,1038.994271505534
54,2025-01-18,1,2025-01-25,wk inc flu hosp,quantile,0.95,341.186774288913
55,2025-01-18,1,2025-01-25,wk inc flu hosp,quantile,0.95,712.0723832723077
56,2025-01-18,1,2025-01-25,wk inc flu hosp,quantile,0.95,121.62934994637385
72,2025-01-18,1,2025-01-25,wk inc flu hosp,quantile,0.95,1961.208726042116
US,2025-01-18,1,2025-01-25,wk inc flu hosp,quantile,0.95,41766.72113744944
01,2025-01-18,2,2025-02-01,wk inc flu hosp,quantile,0.95,826.3363145453033
02,2025-01-18,2,2025-02-01,wk inc flu hosp,quantile,0.95,90.32273630052623
04,2025-01-18,2,2025-02-01,wk inc flu hosp,quantile,0.95,2077.433308740919
05,2025-01-18,2,2025-02-01,wk inc flu hosp,quantile,0.95,414.96203884620326
06,2025-01-18,2,2025-02-01,wk inc flu hosp,quantile,0.95,4697.309438397737
08,2025-01-18,2,2025-02-01,wk inc flu hosp,quantile,0.95,749.0042424356367
09,2025-01-18,2,2025-02-01,wk inc flu hosp,quantile,0.95,622.1788614203275
10,2025-01-18,2,2025-02-01,wk inc flu hosp,quantile,0.95,122.1856289932541
11,2025-01-18,2,2025-02-01,wk inc flu hosp,quantile,0.95,101.54438307175921
12,2025-01-18,2,2025-02-01,wk inc flu hosp,quantile,0.95,3332.1642213986224
13,2025-01-18,2,2025-02-01,wk inc flu hosp,quantile,0.95,1454.1825481989124
15,2025-01-18,2,2025-02-01,wk inc flu hosp,quantile,0.95,102.97054178026119
16,2025-01-18,2,2025-02-01,wk inc flu hosp,quantile,0.95,313.3289101397669
17,2025-01-18,2,2025-02-01,wk inc flu hosp,quantile,0.95,1858.1223999279573
18,2025-01-18,2,2025-02-01,wk inc flu hosp,quantile,0.95,1112.0671055934788
19,2025-01-18,2,2025-02-01,wk inc flu hosp,quantile,0.95,517.7855508114746
20,2025-01-18,2,2025-02-01,wk inc flu hosp,quantile,0.95,412.3260999687113
21,2025-01-18,2,2025-02-01,wk inc flu hosp,quantile,0.95,759.578976462813
22,2025-01-18,2,2025-02-01,wk inc flu hosp,quantile,0.95,790.0069545536431
23,2025-01-18,2,2025-02-01,wk inc flu hosp,quantile,0.95,207.3927681946016
24,2025-01-18,2,2025-02-01,wk inc flu hosp,quantile,0.95,675.8198186868157
25,2025-01-18,2,2025-02-01,wk inc flu hosp,quantile,0.95,1044.235726328592
26,2025-01-18,2,2025-02-01,wk inc flu hosp,quantile,0.95,1137.3019673967349
27,2025-01-18,2,2025-02-01,wk inc flu hosp,quantile,0.95,1840.3592717422816
28,2025-01-18,2,2025-02-01,wk inc flu hosp,quantile,0.95,480.0673155584248
29,2025-01-18,2,2025-02-01,wk inc flu hosp,quantile,0.95,1104.0434150596247
30,2025-01-18,2,2025-02-01,wk inc flu hosp,quantile,0.95,159.41816127474343
31,2025-01-18,2,2025-02-01,wk inc flu hosp,quantile,0.95,292.44627634290464
32,2025-01-18,2,2025-02-01,wk inc flu hosp,quantile,0.95,432.51526213523067
33,2025-01-18,2,2025-02-01,wk inc flu hosp,quantile,0.95,144.34508509014836
34,2025-01-18,2,2025-02-01,wk inc flu hosp,quantile,0.95,1615.8261738933272
35,2025-01-18,2,2025-02-01,wk inc flu hosp,quantile,0.95,417.93941134119456
36,2025-01-18,2,2025-02-01,wk inc flu hosp,quantile,0.95,3149.9112403982217
37,2025-01-18,2,2025-02-01,wk inc flu hosp,quantile,0.95,1355.708761065049
38,2025-01-18,2,2025-02-01,wk inc flu hosp,quantile,0.95,104.42376157792746
39,2025-01-18,2,2025-02-01,wk inc flu hosp,quantile,0.95,1697.4834515249468
40,2025-01-18,2,2025-02-01,wk inc flu hosp,quantile,0.95,631.3016827538265
41,2025-01-18,2,2025-02-01,wk inc flu hosp,quantile,0.95,723.5031336021425
42,2025-01-18,2,2025-02-01,wk inc flu hosp,quantile,0.95,2492.7103741288993
44,2025-01-18,2,2025-02-01,wk inc flu hosp,quantile,0.95,111.99580820079619
45,2025-01-18,2,2025-02-01,wk inc flu hosp,quantile,0.95,836.0348010614075
46,2025-01-18,2,2025-02-01,wk inc flu hosp,quantile,0.95,123.20395669633875
47,2025-01-18,2,2025-02-01,wk inc flu hosp,quantile,0.95,1113.099768185282
48,2025-01-18,2,2025-02-01,wk inc flu hosp,quantile,0.95,3302.013030932113
49,2025-01-18,2,2025-02-01,wk inc flu hosp,quantile,0.95,341.53620654541606
50,2025-01-18,2,2025-02-01,wk inc flu hosp,quantile,0.95,72.80567323611838
51,2025-01-18,2,2025-02-01,wk inc flu hosp,quantile,0.95,866.549576813647
53,2025-01-18,2,2025-02-01,wk inc flu hosp,quantile,0.95,1086.9950125175938
54,2025-01-18,2,2025-02-01,wk inc flu hosp,quantile,0.95,367.01930986620476
55,2025-01-18,2,2025-02-01,wk inc flu hosp,quantile,0.95,775.6949217305088
56,2025-01-18,2,2025-02-01,wk inc flu hosp,quantile,0.95,125.03183129917005
72,2025-01-18,2,2025-02-01,wk inc flu hosp,quantile,0.95,2107.6047136562966
US,2025-01-18,2,2025-02-01,wk inc flu hosp,quantile,0.95,42515.40439080894
01,2025-01-18,3,2025-02-08,wk inc flu hosp,quantile,0.95,818.9811460321341
02,2025-01-18,3,2025-02-08,wk inc flu hosp,quantile,0.95,88.90871329838447
04,2025-01-18,3,2025-02-08,wk inc flu hosp,quantile,0.95,2051.469452666022
05,2025-01-18,3,2025-02-08,wk inc flu hosp,quantile,0.95,418.57997400921374
06,2025-01-18,3,2025-02-08,wk inc flu hosp,quantile,0.95,4826.810391485573
08,2025-01-18,3,2025-02-08,wk inc flu hosp,quantile,0.95,741.938750957792
09,2025-01-18,3,2025-02-08,wk inc flu hosp,quantile,0.95,628.1479809116878
10,2025-01-18,3,2025-02-08,wk inc flu hosp,quantile,0.95,119.56789708689413
11,2025-01-18,3,2025-02-08,wk inc flu hosp,quantile,0.95,102.55328024671188
12,2025-01-18,3,2025-02-08,wk inc flu hosp,quantile,0.95,3293.1664653086846
13,2025-01-18,3,2025-02-08,wk inc flu hosp,quantile,0.95,1439.2008877779836
15,2025-01-18,3,2025-02-08,wk inc flu hosp,quantile,0.95,104.21012827472677
16,2025-01-18,3,2025-02-08,wk inc flu hosp,quantile,0.95,287.53976710550035
17,2025-01-18,3,2025-02-08,wk inc flu hosp,quantile,0.95,1890.1663555500568
18,2025-01-18,3,2025-02-08,wk inc flu hosp,quantile,0.95,1099.0206448925444
19,2025-01-18,3,2025-02-08,wk inc flu hosp,quantile,0.95,517.5124326705977
20,2025-01-18,3,2025-02-08,wk inc flu hosp,quantile,0.95,404.2199393780938
21,2025-01-18,3,2025-02-08,wk inc flu hosp,quantile,0.95,763.3277261423339
22,2025-01-18,3,2025-02-08,wk inc flu hosp,quantile,0.95,775.313328109088
23,2025-01-18,3,2025-02-08,wk inc flu hosp,quantile,0.95,217.28342632989217
24,2025-01-18,3,2025-02-08,wk inc flu hosp,quantile,0.95,697.9058810385394
25,2025-01-18,3,2025-02-08,wk inc flu hosp,quantile,0.95,1074.397289280111
26,2025-01-18,3,2025-02-08,wk inc flu hosp,quantile,0.95,1178.1247839283392
27,2025-01-18,3,2025-02-08,wk inc flu hosp,quantile,0.95,1815.8165872704656
28,2025-01-18,3,2025-02-08,wk inc flu hosp,quantile,0.95,477.012985765157
29,2025-01-18,3,2025-02-08,wk inc flu hosp,quantile,0.95,1084.4686531679276
30,2025-01-18,3,2025-02-08,wk inc flu hosp,quantile,0.95,160.5071992582523
31,2025-01-18,3,2025-02-08,wk inc flu hosp,quantile,0.95,293.7257669271478
32,2025-01-18,3,2025-02-08,wk inc flu hosp,quantile,0.95,427.7930700383686
33,2025-01-18,3,2025-02-08,wk inc flu hosp,quantile,0.95,143.22517333939814
34,2025-01-18,3,2025-02-08,wk inc flu hosp,quantile,0.95,1628.277958766284
35,2025-01-18,3,2025-02-08,wk inc flu hosp,quantile,0.95,431.3027424347795
36,2025-01-18,3,2025-02-08,wk inc flu hosp,quantile,0.95,3162.0500908153062
37,2025-01-18,3,2025-02-08,wk inc flu hosp,quantile,0.95,1341.1302967352544
38,2025-01-18,3,2025-02-08,wk inc flu hosp,quantile,0.95,103.13721616943538
39,2025-01-18,3,2025-02-08,wk inc flu hosp,quantile,0.95,1757.6892627254972
40,2025-01-18,3,2025-02-08,wk inc flu hosp,quantile,0.95,628.9809942205892
41,2025-01-18,3,2025-02-08,wk inc flu hosp,quantile,0.95,665.6745436823915
42,2025-01-18,3,2025-02-08,wk inc flu hosp,quantile,0.95,2539.4958331127177
44,2025-01-18,3,2025-02-08,wk inc flu hosp,quantile,0.95,111.14974208290342
45,2025-01-18,3,2025-02-08,wk inc flu hosp,quantile,0.95,855.8419949149215
46,2025-01-18,3,2025-02-08,wk inc flu hosp,quantile,0.95,124.58433107399476
47,2025-01-18,3,2025-02-08,wk inc flu hosp,quantile,0.95,1096.1367692905708
48,2025-01-18,3,2025-02-08,wk inc flu hosp,quantile,0.95,3346.6830543128776
49,2025-01-18,3,2025-02-08,wk inc flu hosp,quantile,0.95,342.2208953270767
50,2025-01-18,3,2025-02-08,wk inc flu hosp,quantile,0.95,73.58676482812466
51,2025-01-18,3,2025-02-08,wk inc flu hosp,quantile,0.95,880.8193947717275
53,2025-01-18,3,2025-02-08,wk inc flu hosp,quantile,0.95,1069.5067676803
54,2025-01-18,3,2025-02-08,wk inc flu hosp,quantile,0.95,364.29376110906213
55,2025-01-18,3,2025-02-08,wk inc flu hosp,quantile,0.95,809.0357417355592
56,2025-01-18,3,2025-02-08,wk inc flu hosp,quantile,0.95,120.11042762549921
72,2025-01-18,3,2025-02-08,wk inc flu hosp,quantile,0.95,2127.744805191435
US,2025-01-18,3,2025-02-08,wk inc flu hosp,quantile,0.95,42040.00926739301
01,2025-01-18,0,2025-01-18,wk inc flu hosp,quantile,0.975,818.9050423338023
02,2025-01-18,0,2025-01-18,wk inc flu hosp,quantile,0.975,81.36355804055583
04,2025-01-18,0,2025-01-18,wk inc flu hosp,quantile,0.975,2234.5654412684835
05,2025-01-18,0,2025-01-18,wk inc flu hosp,quantile,0.975,302.05132057419655
06,2025-01-18,0,2025-01-18,wk inc flu hosp,quantile,0.975,4368.85335062941
08,2025-01-18,0,2025-01-18,wk inc flu hosp,quantile,0.975,796.0017012097851
09,2025-01-18,0,2025-01-18,wk inc flu hosp,quantile,0.975,492.51524812782645
10,2025-01-18,0,2025-01-18,wk inc flu hosp,quantile,0.975,141.92825166734903
11,2025-01-18,0,2025-01-18,wk inc flu hosp,quantile,0.975,92.44985313899271
12,2025-01-18,0,2025-01-18,wk inc flu hosp,quantile,0.975,3118.691503295907
13,2025-01-18,0,2025-01-18,wk inc flu hosp,quantile,0.975,1284.0543349297307
15,2025-01-18,0,2025-01-18,wk inc flu hosp,quantile,0.975,105.75967965898562
16,2025-01-18,0,2025-01-18,wk inc flu hosp,quantile,0.975,319.6105026544859
17,2025-01-18,0,2025-01-18,wk inc flu hosp,quantile,0.975,1904.3303169598455
18,2025-01-18,0,2025-01-18,wk inc flu hosp,quantile,0.975,960.1051849779342
19,2025-01-18,0,2025-01-18,wk inc flu hosp,quantile,0.975,430.7888669477997
20,2025-01-18,0,2025-01-18,wk inc flu hosp,quantile,0.975,399.9598044453568
21,2025-01-18,0,2025-01-18,wk inc flu hosp,quantile,0.975,718.8886830921173
22,2025-01-18,0,2025-01-18,wk inc flu hosp,quantile,0.975,773.450827241314
23,2025-01-18,0,2025-01-18,wk inc flu hosp,quantile,0.975,186.29130263043132
24,2025-01-18,0,2025-01-18,wk inc flu hosp,quantile,0.975,589.4911372501269
25,2025-01-18,0,2025-01-18,wk inc flu hosp,quantile,0.975,865.6084659701892
26,2025-01-18,0,2025-01-18,wk inc flu hosp,quantile,0.975,930.7622778317055
27,2025-01-18,0,2025-01-18,wk inc flu hosp,quantile,0.975,1892.3916947387672
28,2025-01-18,0,2025-01-18,wk inc flu hosp,quantile,0.975,406.10115006047056
29,2025-01-18,0,2025-01-18,wk inc flu hosp,quantile,0.975,960.0613343618891
30,2025-01-18,0,2025-01-18,wk inc flu hosp,quantile,0.975,133.39252448636722
31,2025-01-18,0,2025-01-18,wk inc flu hosp,quantile,0.975,258.29317229697864
32,2025-01-18,0,2025-01-18,wk inc flu hosp,quantile,0.975,388.005400594595
33,2025-01-18,0,2025-01-18,wk inc flu hosp,quantile,0.975,158.00587355695262
34,2025-01-18,0,2025-01-18,wk inc flu hosp,quantile,0.975,1568.1935095555823
35,2025-01-18,0,2025-01-18,wk inc flu hosp,quantile,0.975,370.1741266698785
36,2025-01-18,0,2025-01-18,wk inc flu hosp,quantile,0.975,2936.582092579471
37,2025-01-18,0,2025-01-18,wk inc flu hosp,quantile,0.975,1200.7963940145887
38,2025-01-18,0,2025-01-18,wk inc flu hosp,quantile,0.975,85.78333285243838
39,2025-01-18,0,2025-01-18,wk inc flu hosp,quantile,0.975,1493.1373949913043
40,2025-01-18,0,2025-01-18,wk inc flu hosp,quantile,0.975,515.8095127468538
41,2025-01-18,0,2025-01-18,wk inc flu hosp,quantile,0.975,648.52076631654
42,2025-01-18,0,2025-01-18,wk inc flu hosp,quantile,0.975,2271.5937421910785
44,2025-01-18,0,2025-01-18,wk inc flu hosp,quantile,0.975,113.44045372378685
45,2025-01-18,0,2025-01-18,wk inc flu hosp,quantile,0.975,691.3209499855524
46,2025-01-18,0,2025-01-18,wk inc flu hosp,quantile,0.975,99.37233626175082
47,2025-01-18,0,2025-01-18,wk inc flu hosp,quantile,0.975,1104.6525666394366
48,2025-01-18,0,2025-01-18,wk inc flu hosp,quantile,0.975,3052.260892400839
49,2025-01-18,0,2025-01-18,wk inc flu hosp,quantile,0.975,378.6194733480564
50,2025-01-18,0,2025-01-18,wk inc flu hosp,quantile,0.975,65.51400235059454
51,2025-01-18,0,2025-01-18,wk inc flu hosp,quantile,0.975,735.3612797437793
53,2025-01-18,0,2025-01-18,wk inc flu hosp,quantile,0.975,884.9786054681389
54,2025-01-18,0,2025-01-18,wk inc flu hosp,quantile,0.975,298.6810312861075
55,2025-01-18,0,2025-01-18,wk inc flu hosp,quantile,0.975,665.444615241517
56,2025-01-18,0,2025-01-18,wk inc flu hosp,quantile,0.975,132.88784328916915
72,2025-01-18,0,2025-01-18,wk inc flu hosp,quantile,0.975,1952.6308431495204
US,2025-01-18,0,2025-01-18,wk inc flu hosp,quantile,0.975,40707.499533424074
01,2025-01-18,1,2025-01-25,wk inc flu hosp,quantile,0.975,964.2362712512471
02,2025-01-18,1,2025-01-25,wk inc flu hosp,quantile,0.975,96.15347240583033
04,2025-01-18,1,2025-01-25,wk inc flu hosp,quantile,0.975,2666.5600453421457
05,2025-01-18,1,2025-01-25,wk inc flu hosp,quantile,0.975,410.1502073107864
06,2025-01-18,1,2025-01-25,wk inc flu hosp,quantile,0.975,5155.65484299804
08,2025-01-18,1,2025-01-25,wk inc flu hosp,quantile,0.975,902.4123287759533
09,2025-01-18,1,2025-01-25,wk inc flu hosp,quantile,0.975,603.67795030021
10,2025-01-18,1,2025-01-25,wk inc flu hosp,quantile,0.975,159.91940232693014
11,2025-01-18,1,2025-01-25,wk inc flu hosp,quantile,0.975,110.05926524794312
12,2025-01-18,1,2025-01-25,wk inc flu hosp,quantile,0.975,3661.492647675905
13,2025-01-18,1,2025-01-25,wk inc flu hosp,quantile,0.975,1575.2394377321186
15,2025-01-18,1,2025-01-25,wk inc flu hosp,quantile,0.975,124.17966413044523
16,2025-01-18,1,2025-01-25,wk inc flu hosp,quantile,0.975,387.7171777934344
17,2025-01-18,1,2025-01-25,wk inc flu hosp,quantile,0.975,2218.1455879396563
18,2025-01-18,1,2025-01-25,wk inc flu hosp,quantile,0.975,1178.3578821078722
19,2025-01-18,1,2025-01-25,wk inc flu hosp,quantile,0.975,516.5089774732771
20,2025-01-18,1,2025-01-25,wk inc flu hosp,quantile,0.975,472.76361283704745
21,2025-01-18,1,2025-01-25,wk inc flu hosp,quantile,0.975,925.8238487002502
22,2025-01-18,1,2025-01-25,wk inc flu hosp,quantile,0.975,959.6926201864949
23,2025-01-18,1,2025-01-25,wk inc flu hosp,quantile,0.975,232.48204789311427
24,2025-01-18,1,2025-01-25,wk inc flu hosp,quantile,0.975,692.2522895675502
25,2025-01-18,1,2025-01-25,wk inc flu hosp,quantile,0.975,1083.956183918942
26,2025-01-18,1,2025-01-25,wk inc flu hosp,quantile,0.975,1204.3852138763573
27,2025-01-18,1,2025-01-25,wk inc flu hosp,quantile,0.975,2154.6946711231876
28,2025-01-18,1,2025-01-25,wk inc flu hosp,quantile,0.975,510.98530684911117
29,2025-01-18,1,2025-01-25,wk inc flu hosp,quantile,0.975,1208.7068877583476
30,2025-01-18,1,2025-01-25,wk inc flu hosp,quantile,0.975,169.0992400723719
31,2025-01-18,1,2025-01-25,wk inc flu hosp,quantile,0.975,319.09698516974004
32,2025-01-18,1,2025-01-25,wk inc flu hosp,quantile,0.975,483.35886715844623
33,2025-01-18,1,2025-01-25,wk inc flu hosp,quantile,0.975,176.56876500756522
34,2025-01-18,1,2025-01-25,wk inc flu hosp,quantile,0.975,1864.326851899792
35,2025-01-18,1,2025-01-25,wk inc flu hosp,quantile,0.975,471.68740769910806
36,2025-01-18,1,2025-01-25,wk inc flu hosp,quantile,0.975,3497.175883724321
37,2025-01-18,1,2025-01-25,wk inc flu hosp,quantile,0.975,1422.9439286124127
38,2025-01-18,1,2025-01-25,wk inc flu hosp,quantile,0.975,113.45353892203828
39,2025-01-18,1,2025-01-25,wk inc flu hosp,quantile,0.975,1803.4341278122336
40,2025-01-18,1,2025-01-25,wk inc flu hosp,quantile,0.975,688.0581992268482
41,2025-01-18,1,2025-01-25,wk inc flu hosp,quantile,0.975,779.281401845616
42,2025-01-18,1,2025-01-25,wk inc flu hosp,quantile,0.975,2617.35530681417
44,2025-01-18,1,2025-01-25,wk inc flu hosp,quantile,0.975,128.19109856534777
45,2025-01-18,1,2025-01-25,wk inc flu hosp,quantile,0.975,858.254444158367
46,2025-01-18,1,2025-01-25,wk inc flu hosp,quantile,0.975,129.9329150910844
47,2025-01-18,1,2025-01-25,wk inc flu hosp,quantile,0.975,1301.381925808861
48,2025-01-18,1,2025-01-25,wk inc flu hosp,quantile,0.975,3608.9773731793803
49,2025-01-18,1,2025-01-25,wk inc flu hosp,quantile,0.975,445.60922570932337
50,2025-01-18,1,2025-01-25,wk inc flu hosp,quantile,0.975,79.51948936526891
51,2025-01-18,1,2025-01-25,wk inc flu hosp,quantile,0.975,943.949379821108
53,2025-01-18,1,2025-01-25,wk inc flu hosp,quantile,0.975,1110.6599178114907
54,2025-01-18,1,2025-01-25,wk inc flu hosp,quantile,0.975,365.03425170080766
55,2025-01-18,1,2025-01-25,wk inc flu hosp,quantile,0.975,809.5351699738621
56,2025-01-18,1,2025-01-25,wk inc flu hosp,quantile,0.975,145.4286178652609
72,2025-01-18,1,2025-01-25,wk inc flu hosp,quantile,0.975,2262.027948970308
US,2025-01-18,1,2025-01-25,wk inc flu hosp,quantile,0.975,48467.05171339815
01,2025-01-18,2,2025-02-01,wk inc flu hosp,quantile,0.975,1070.4795989352199
02,2025-01-18,2,2025-02-01,wk inc flu hosp,quantile,0.975,109.80062337104815
04,2025-01-18,2,2025-02-01,wk inc flu hosp,quantile,0.975,2921.2432200878025
05,2025-01-18,2,2025-02-01,wk inc flu hosp,quantile,0.975,491.9021378373969
06,2025-01-18,2,2025-02-01,wk inc flu hosp,quantile,0.975,5663.26270908522
08,2025-01-18,2,2025-02-01,wk inc flu hosp,quantile,0.975,999.1728052766198
09,2025-01-18,2,2025-02-01,wk inc flu hosp,quantile,0.975,716.1868424074869
10,2025-01-18,2,2025-02-01,wk inc flu hosp,quantile,0.975,168.26459296396584
11,2025-01-18,2,2025-02-01,wk inc flu hosp,quantile,0.975,125.84219262661807
12,2025-01-18,2,2025-02-01,wk inc flu hosp,quantile,0.975,3994.70645231818
13,2025-01-18,2,2025-02-01,wk inc flu hosp,quantile,0.975,1750.186354346177
15,2025-01-18,2,2025-02-01,wk inc flu hosp,quantile,0.975,140.69275297595536
16,2025-01-18,2,2025-02-01,wk inc flu hosp,quantile,0.975,436.0792414550186
17,2025-01-18,2,2025-02-01,wk inc flu hosp,quantile,0.975,2362.445537777128
18,2025-01-18,2,2025-02-01,wk inc flu hosp,quantile,0.975,1355.8890530199328
19,2025-01-18,2,2025-02-01,wk inc flu hosp,quantile,0.975,580.0425628637919
20,2025-01-18,2,2025-02-01,wk inc flu hosp,quantile,0.975,529.3293365530702
21,2025-01-18,2,2025-02-01,wk inc flu hosp,quantile,0.975,1036.0504725530213
22,2025-01-18,2,2025-02-01,wk inc flu hosp,quantile,0.975,1064.9453310604163
23,2025-01-18,2,2025-02-01,wk inc flu hosp,quantile,0.975,262.2006457099413
24,2025-01-18,2,2025-02-01,wk inc flu hosp,quantile,0.975,774.2142758619646
25,2025-01-18,2,2025-02-01,wk inc flu hosp,quantile,0.975,1240.333257433247
26,2025-01-18,2,2025-02-01,wk inc flu hosp,quantile,0.975,1436.2768176478082
27,2025-01-18,2,2025-02-01,wk inc flu hosp,quantile,0.975,2269.091220881781
28,2025-01-18,2,2025-02-01,wk inc flu hosp,quantile,0.975,601.5967810374269
29,2025-01-18,2,2025-02-01,wk inc flu hosp,quantile,0.975,1348.7105013150865
30,2025-01-18,2,2025-02-01,wk inc flu hosp,quantile,0.975,204.48772334174876
31,2025-01-18,2,2025-02-01,wk inc flu hosp,quantile,0.975,363.99820704711436
32,2025-01-18,2,2025-02-01,wk inc flu hosp,quantile,0.975,532.0914765144894
33,2025-01-18,2,2025-02-01,wk inc flu hosp,quantile,0.975,198.57752055181263
34,2025-01-18,2,2025-02-01,wk inc flu hosp,quantile,0.975,1956.2138240958925
35,2025-01-18,2,2025-02-01,wk inc flu hosp,quantile,0.975,545.9540829834064
36,2025-01-18,2,2025-02-01,wk inc flu hosp,quantile,0.975,3730.2599786710202
37,2025-01-18,2,2025-02-01,wk inc flu hosp,quantile,0.975,1628.8947805731734
38,2025-01-18,2,2025-02-01,wk inc flu hosp,quantile,0.975,131.9122083225454
39,2025-01-18,2,2025-02-01,wk inc flu hosp,quantile,0.975,1963.579414223331
40,2025-01-18,2,2025-02-01,wk inc flu hosp,quantile,0.975,782.4321774458432
41,2025-01-18,2,2025-02-01,wk inc flu hosp,quantile,0.975,926.3640942693789
42,2025-01-18,2,2025-02-01,wk inc flu hosp,quantile,0.975,2884.784886213177
44,2025-01-18,2,2025-02-01,wk inc flu hosp,quantile,0.975,137.41230286699675
45,2025-01-18,2,2025-02-01,wk inc flu hosp,quantile,0.975,994.9019697417382
46,2025-01-18,2,2025-02-01,wk inc flu hosp,quantile,0.975,145.3601315600336
47,2025-01-18,2,2025-02-01,wk inc flu hosp,quantile,0.975,1450.7373663120518
48,2025-01-18,2,2025-02-01,wk inc flu hosp,quantile,0.975,4090.3447112554263
49,2025-01-18,2,2025-02-01,wk inc flu hosp,quantile,0.975,473.3874882247021
50,2025-01-18,2,2025-02-01,wk inc flu hosp,quantile,0.975,92.23715706373898
51,2025-01-18,2,2025-02-01,wk inc flu hosp,quantile,0.975,1076.7026685797562
53,2025-01-18,2,2025-02-01,wk inc flu hosp,quantile,0.975,1243.3474961267561
54,2025-01-18,2,2025-02-01,wk inc flu hosp,quantile,0.975,428.0989413882428
55,2025-01-18,2,2025-02-01,wk inc flu hosp,quantile,0.975,942.3612355906963
56,2025-01-18,2,2025-02-01,wk inc flu hosp,quantile,0.975,160.03679444572637
72,2025-01-18,2,2025-02-01,wk inc flu hosp,quantile,0.975,2607.8237009691347
US,2025-01-18,2,2025-02-01,wk inc flu hosp,quantile,0.975,52846.95179760825
01,2025-01-18,3,2025-02-08,wk inc flu hosp,quantile,0.975,1028.36014121961
02,2025-01-18,3,2025-02-08,wk inc flu hosp,quantile,0.975,109.70945509693233
04,2025-01-18,3,2025-02-08,wk inc flu hosp,quantile,0.975,2839.055388001562
05,2025-01-18,3,2025-02-08,wk inc flu hosp,quantile,0.975,499.10069026929705
06,2025-01-18,3,2025-02-08,wk inc flu hosp,quantile,0.975,5552.008615280044
08,2025-01-18,3,2025-02-08,wk inc flu hosp,quantile,0.975,989.4154599912185
09,2025-01-18,3,2025-02-08,wk inc flu hosp,quantile,0.975,732.8429108311266
10,2025-01-18,3,2025-02-08,wk inc flu hosp,quantile,0.975,162.27367581465796
11,2025-01-18,3,2025-02-08,wk inc flu hosp,quantile,0.975,126.2122466231278
12,2025-01-18,3,2025-02-08,wk inc flu hosp,quantile,0.975,3996.6454516437125
13,2025-01-18,3,2025-02-08,wk inc flu hosp,quantile,0.975,1716.4686652839935
15,2025-01-18,3,2025-02-08,wk inc flu hosp,quantile,0.975,134.8028066342164
16,2025-01-18,3,2025-02-08,wk inc flu hosp,quantile,0.975,431.2700071739408
17,2025-01-18,3,2025-02-08,wk inc flu hosp,quantile,0.975,2377.1162743885584
18,2025-01-18,3,2025-02-08,wk inc flu hosp,quantile,0.975,1297.0789338090194
19,2025-01-18,3,2025-02-08,wk inc flu hosp,quantile,0.975,603.0977498248092
20,2025-01-18,3,2025-02-08,wk inc flu hosp,quantile,0.975,518.0957775851784
21,2025-01-18,3,2025-02-08,wk inc flu hosp,quantile,0.975,1014.4981375459085
22,2025-01-18,3,2025-02-08,wk inc flu hosp,quantile,0.975,1025.898334517339
23,2025-01-18,3,2025-02-08,wk inc flu hosp,quantile,0.975,270.4853379899935
24,2025-01-18,3,2025-02-08,wk inc flu hosp,quantile,0.975,808.7831586701693
25,2025-01-18,3,2025-02-08,wk inc flu hosp,quantile,0.975,1284.990764644392
26,2025-01-18,3,2025-02-08,wk inc flu hosp,quantile,0.975,1509.219159627925
27,2025-01-18,3,2025-02-08,wk inc flu hosp,quantile,0.975,2206.3475818898155
28,2025-01-18,3,2025-02-08,wk inc flu hosp,quantile,0.975,612.350199661937
29,2025-01-18,3,2025-02-08,wk inc flu hosp,quantile,0.975,1313.3740309554332
30,2025-01-18,3,2025-02-08,wk inc flu hosp,quantile,0.975,201.14777359392474
31,2025-01-18,3,2025-02-08,wk inc flu hosp,quantile,0.975,351.27907683394415
32,2025-01-18,3,2025-02-08,wk inc flu hosp,quantile,0.975,517.7434733847066
33,2025-01-18,3,2025-02-08,wk inc flu hosp,quantile,0.975,199.14696001722606
34,2025-01-18,3,2025-02-08,wk inc flu hosp,quantile,0.975,1954.8978064815205
35,2025-01-18,3,2025-02-08,wk inc flu hosp,quantile,0.975,528.4142856654908
36,2025-01-18,3,2025-02-08,wk inc flu hosp,quantile,0.975,3772.6588935995264
37,2025-01-18,3,2025-02-08,wk inc flu hosp,quantile,0.975,1585.8242034571472
38,2025-01-18,3,2025-02-08,wk inc flu hosp,quantile,0.975,137.65016501573578
39,2025-01-18,3,2025-02-08,wk inc flu hosp,quantile,0.975,2020.7619258203804
40,2025-01-18,3,2025-02-08,wk inc flu hosp,quantile,0.975,808.1450079110538
41,2025-01-18,3,2025-02-08,wk inc flu hosp,quantile,0.975,893.9114459347152
42,2025-01-18,3,2025-02-08,wk inc flu hosp,quantile,0.975,2892.725754019105
44,2025-01-18,3,2025-02-08,wk inc flu hosp,quantile,0.975,134.75009667216335
45,2025-01-18,3,2025-02-08,wk inc flu hosp,quantile,0.975,1028.0660824357687
46,2025-01-18,3,2025-02-08,wk inc flu hosp,quantile,0.975,152.9899411087168
47,2025-01-18,3,2025-02-08,wk inc flu hosp,quantile,0.975,1430.3656803919152
48,2025-01-18,3,2025-02-08,wk inc flu hosp,quantile,0.975,4130.9621639752395
49,2025-01-18,3,2025-02-08,wk inc flu hosp,quantile,0.975,466.14490876298623
50,2025-01-18,3,2025-02-08,wk inc flu hosp,quantile,0.975,92.38842762897525
51,2025-01-18,3,2025-02-08,wk inc flu hosp,quantile,0.975,1112.182170827669
53,2025-01-18,3,2025-02-08,wk inc flu hosp,quantile,0.975,1233.295821788303
54,2025-01-18,3,2025-02-08,wk inc flu hosp,quantile,0.975,447.82823925057824
55,2025-01-18,3,2025-02-08,wk inc flu hosp,quantile,0.975,980.4734740375562
56,2025-01-18,3,2025-02-08,wk inc flu hosp,quantile,0.975,158.03492315637033
72,2025-01-18,3,2025-02-08,wk inc flu hosp,quantile,0.975,2630.471739282718
US,2025-01-18,3,2025-02-08,wk inc flu hosp,quantile,0.975,51907.193294575336
01,2025-01-18,0,2025-01-18,wk inc flu hosp,quantile,0.99,1077.8592447525273
02,2025-01-18,0,2025-01-18,wk inc flu hosp,quantile,0.99,95.72368772456282
04,2025-01-18,0,2025-01-18,wk inc flu hosp,quantile,0.99,3276.7178445493055
05,2025-01-18,0,2025-01-18,wk inc flu hosp,quantile,0.99,370.69398148841265
06,2025-01-18,0,2025-01-18,wk inc flu hosp,quantile,0.99,5263.854187034645
08,2025-01-18,0,2025-01-18,wk inc flu hosp,quantile,0.99,1058.4490263262371
09,2025-01-18,0,2025-01-18,wk inc flu hosp,quantile,0.99,591.5031881370722
10,2025-01-18,0,2025-01-18,wk inc flu hosp,quantile,0.99,195.73653334492064
11,2025-01-18,0,2025-01-18,wk inc flu hosp,quantile,0.99,110.08467995770717
12,2025-01-18,0,2025-01-18,wk inc flu hosp,quantile,0.99,3803.25222795101
13,2025-01-18,0,2025-01-18,wk inc flu hosp,quantile,0.99,1660.930488221469
15,2025-01-18,0,2025-01-18,wk inc flu hosp,quantile,0.99,117.61514195159302
16,2025-01-18,0,2025-01-18,wk inc flu hosp,quantile,0.99,414.3318092921486
17,2025-01-18,0,2025-01-18,wk inc flu hosp,quantile,0.99,2429.821699759977
18,2025-01-18,0,2025-01-18,wk inc flu hosp,quantile,0.99,1201.4097816411709
19,2025-01-18,0,2025-01-18,wk inc flu hosp,quantile,0.99,493.32967031104795
20,2025-01-18,0,2025-01-18,wk inc flu hosp,quantile,0.99,518.818998680453
21,2025-01-18,0,2025-01-18,wk inc flu hosp,quantile,0.99,982.9760603406063
22,2025-01-18,0,2025-01-18,wk inc flu hosp,quantile,0.99,972.4799033240698
23,2025-01-18,0,2025-01-18,wk inc flu hosp,quantile,0.99,213.69012136790883
24,2025-01-18,0,2025-01-18,wk inc flu hosp,quantile,0.99,669.0799718586135
25,2025-01-18,0,2025-01-18,wk inc flu hosp,quantile,0.99,1029.0147204443792
26,2025-01-18,0,2025-01-18,wk inc flu hosp,quantile,0.99,1095.961802052321
27,2025-01-18,0,2025-01-18,wk inc flu hosp,quantile,0.99,2339.8082429584824
28,2025-01-18,0,2025-01-18,wk inc flu hosp,quantile,0.99,497.67764889006844
29,2025-01-18,0,2025-01-18,wk inc flu hosp,quantile,0.99,1210.7750244837061
30,2025-01-18,0,2025-01-18,wk inc flu hosp,quantile,0.99,156.21992575438168
31,2025-01-18,0,2025-01-18,wk inc flu hosp,quantile,0.99,315.94577407045955
32,2025-01-18,0,2025-01-18,wk inc flu hosp,quantile,0.99,472.1510161466565
33,2025-01-18,0,2025-01-18,wk inc flu hosp,quantile,0.99,250.2782079271672
34,2025-01-18,0,2025-01-18,wk inc flu hosp,quantile,0.99,1985.1312279689655
35,2025-01-18,0,2025-01-18,wk inc flu hosp,quantile,0.99,438.9503424609685
36,2025-01-18,0,2025-01-18,wk inc flu hosp,quantile,0.99,3696.0822936104537
37,2025-01-18,0,2025-01-18,wk inc flu hosp,quantile,0.99,1468.6606701328785
38,2025-01-18,0,2025-01-18,wk inc flu hosp,quantile,0.99,101.29468177664586
39,2025-01-18,0,2025-01-18,wk inc flu hosp,quantile,0.99,1882.9155229508358
40,2025-01-18,0,2025-01-18,wk inc flu hosp,quantile,0.99,679.0879242172091
41,2025-01-18,0,2025-01-18,wk inc flu hosp,quantile,0.99,846.9882664314993
42,2025-01-18,0,2025-01-18,wk inc flu hosp,quantile,0.99,2835.3712438943203
44,2025-01-18,0,2025-01-18,wk inc flu hosp,quantile,0.99,137.6906965961101
45,2025-01-18,0,2025-01-18,wk inc flu hosp,quantile,0.99,819.618794417613
46,2025-01-18,0,2025-01-18,wk inc flu hosp,quantile,0.99,114.6216727719549
47,2025-01-18,0,2025-01-18,wk inc flu hosp,quantile,0.99,1439.685064034778
48,2025-01-18,0,2025-01-18,wk inc flu hosp,quantile,0.99,3776.9642199823625
49,2025-01-18,0,2025-01-18,wk inc flu hosp,quantile,0.99,504.28321056278276
50,2025-01-18,0,2025-01-18,wk inc flu hosp,quantile,0.99,75.54181331364495
51,2025-01-18,0,2025-01-18,wk inc flu hosp,quantile,0.99,958.0004202763704
53,2025-01-18,0,2025-01-18,wk inc flu hosp,quantile,0.99,984.3167529794623
54,2025-01-18,0,2025-01-18,wk inc flu hosp,quantile,0.99,355.9024755487454
55,2025-01-18,0,2025-01-18,wk inc flu hosp,quantile,0.99,768.235454712546
56,2025-01-18,0,2025-01-18,wk inc flu hosp,quantile,0.99,180.52811803856113
72,2025-01-18,0,2025-01-18,wk inc flu hosp,quantile,0.99,2342.347883727278
US,2025-01-18,0,2025-01-18,wk inc flu hosp,quantile,0.99,52011.520059678565
01,2025-01-18,1,2025-01-25,wk inc flu hosp,quantile,0.99,1197.4722583917976
02,2025-01-18,1,2025-01-25,wk inc flu hosp,quantile,0.99,110.63557120394378
04,2025-01-18,1,2025-01-25,wk inc flu hosp,quantile,0.99,3528.311153905458
05,2025-01-18,1,2025-01-25,wk inc flu hosp,quantile,0.99,463.0158777729376
06,2025-01-18,1,2025-01-25,wk inc flu hosp,quantile,0.99,5806.772719589141
08,2025-01-18,1,2025-01-25,wk inc flu hosp,quantile,0.99,1164.8097010292095
09,2025-01-18,1,2025-01-25,wk inc flu hosp,quantile,0.99,707.0240007889281
10,2025-01-18,1,2025-01-25,wk inc flu hosp,quantile,0.99,212.7094478258827
11,2025-01-18,1,2025-01-25,wk inc flu hosp,quantile,0.99,125.13162555573541
12,2025-01-18,1,2025-01-25,wk inc flu hosp,quantile,0.99,4130.70504662622
13,2025-01-18,1,2025-01-25,wk inc flu hosp,quantile,0.99,1896.6815054300378
15,2025-01-18,1,2025-01-25,wk inc flu hosp,quantile,0.99,131.317014953613
16,2025-01-18,1,2025-01-25,wk inc flu hosp,quantile,0.99,468.1048998133302
17,2025-01-18,1,2025-01-25,wk inc flu hosp,quantile,0.99,2717.4336792172076
18,2025-01-18,1,2025-01-25,wk inc flu hosp,quantile,0.99,1349.1641605756422
19,2025-01-18,1,2025-01-25,wk inc flu hosp,quantile,0.99,581.633914487743
20,2025-01-18,1,2025-01-25,wk inc flu hosp,quantile,0.99,570.9795277500913
21,2025-01-18,1,2025-01-25,wk inc flu hosp,quantile,0.99,1100.9619779077564
22,2025-01-18,1,2025-01-25,wk inc flu hosp,quantile,0.99,1099.3293661046646
23,2025-01-18,1,2025-01-25,wk inc flu hosp,quantile,0.99,261.83210137042636
24,2025-01-18,1,2025-01-25,wk inc flu hosp,quantile,0.99,780.1226170315483
25,2025-01-18,1,2025-01-25,wk inc flu hosp,quantile,0.99,1232.181901281987
26,2025-01-18,1,2025-01-25,wk inc flu hosp,quantile,0.99,1344.445395339722
27,2025-01-18,1,2025-01-25,wk inc flu hosp,quantile,0.99,2487.562276236001
28,2025-01-18,1,2025-01-25,wk inc flu hosp,quantile,0.99,572.129948639282
29,2025-01-18,1,2025-01-25,wk inc flu hosp,quantile,0.99,1345.5485501569713
30,2025-01-18,1,2025-01-25,wk inc flu hosp,quantile,0.99,180.99818453642558
31,2025-01-18,1,2025-01-25,wk inc flu hosp,quantile,0.99,363.5184397704405
32,2025-01-18,1,2025-01-25,wk inc flu hosp,quantile,0.99,524.5703712782553
33,2025-01-18,1,2025-01-25,wk inc flu hosp,quantile,0.99,273.22920862730854
34,2025-01-18,1,2025-01-25,wk inc flu hosp,quantile,0.99,2254.8647674829795
35,2025-01-18,1,2025-01-25,wk inc flu hosp,quantile,0.99,505.2143301097576
36,2025-01-18,1,2025-01-25,wk inc flu hosp,quantile,0.99,4168.639483199736
37,2025-01-18,1,2025-01-25,wk inc flu hosp,quantile,0.99,1659.0821283833595
38,2025-01-18,1,2025-01-25,wk inc flu hosp,quantile,0.99,124.38613871462371
39,2025-01-18,1,2025-01-25,wk inc flu hosp,quantile,0.99,2103.3896251952583
40,2025-01-18,1,2025-01-25,wk inc flu hosp,quantile,0.99,795.6308945977719
41,2025-01-18,1,2025-01-25,wk inc flu hosp,quantile,0.99,958.6650369606019
42,2025-01-18,1,2025-01-25,wk inc flu hosp,quantile,0.99,3129.5671038537866
44,2025-01-18,1,2025-01-25,wk inc flu hosp,quantile,0.99,153.2257955660413
45,2025-01-18,1,2025-01-25,wk inc flu hosp,quantile,0.99,952.6139624747027
46,2025-01-18,1,2025-01-25,wk inc flu hosp,quantile,0.99,139.24593590276933
47,2025-01-18,1,2025-01-25,wk inc flu hosp,quantile,0.99,1622.0420576138933
48,2025-01-18,1,2025-01-25,wk inc flu hosp,quantile,0.99,4311.059483626492
49,2025-01-18,1,2025-01-25,wk inc flu hosp,quantile,0.99,558.7995288601633
50,2025-01-18,1,2025-01-25,wk inc flu hosp,quantile,0.99,88.25212179378303
51,2025-01-18,1,2025-01-25,wk inc flu hosp,quantile,0.99,1129.881767131578
53,2025-01-18,1,2025-01-25,wk inc flu hosp,quantile,0.99,1145.740774716517
54,2025-01-18,1,2025-01-25,wk inc flu hosp,quantile,0.99,408.2047206420872
55,2025-01-18,1,2025-01-25,wk inc flu hosp,quantile,0.99,888.9991192051425
56,2025-01-18,1,2025-01-25,wk inc flu hosp,quantile,0.99,194.9278744283533
72,2025-01-18,1,2025-01-25,wk inc flu hosp,quantile,0.99,2713.5610228742194
US,2025-01-18,1,2025-01-25,wk inc flu hosp,quantile,0.99,57420.22768258932
01,2025-01-18,2,2025-02-01,wk inc flu hosp,quantile,0.99,1220.0870586227825
02,2025-01-18,2,2025-02-01,wk inc flu hosp,quantile,0.99,129.11817724319678
04,2025-01-18,2,2025-02-01,wk inc flu hosp,quantile,0.99,3851.237797481715
05,2025-01-18,2,2025-02-01,wk inc flu hosp,quantile,0.99,559.4866426547496
06,2025-01-18,2,2025-02-01,wk inc flu hosp,quantile,0.99,6728.343763253351
08,2025-01-18,2,2025-02-01,wk inc flu hosp,quantile,0.99,1253.2694326933845
09,2025-01-18,2,2025-02-01,wk inc flu hosp,quantile,0.99,828.0392735436191
10,2025-01-18,2,2025-02-01,wk inc flu hosp,quantile,0.99,224.23068728934123
11,2025-01-18,2,2025-02-01,wk inc flu hosp,quantile,0.99,140.9622975169775
12,2025-01-18,2,2025-02-01,wk inc flu hosp,quantile,0.99,4749.710287561407
13,2025-01-18,2,2025-02-01,wk inc flu hosp,quantile,0.99,2092.441154704043
15,2025-01-18,2,2025-02-01,wk inc flu hosp,quantile,0.99,154.64071662439912
16,2025-01-18,2,2025-02-01,wk inc flu hosp,quantile,0.99,504.4685863342033
17,2025-01-18,2,2025-02-01,wk inc flu hosp,quantile,0.99,3066.919201169642
18,2025-01-18,2,2025-02-01,wk inc flu hosp,quantile,0.99,1505.9501326845138
19,2025-01-18,2,2025-02-01,wk inc flu hosp,quantile,0.99,659.9077255661294
20,2025-01-18,2,2025-02-01,wk inc flu hosp,quantile,0.99,636.7841347350106
21,2025-01-18,2,2025-02-01,wk inc flu hosp,quantile,0.99,1239.7229456015343
22,2025-01-18,2,2025-02-01,wk inc flu hosp,quantile,0.99,1232.7078456989207
23,2025-01-18,2,2025-02-01,wk inc flu hosp,quantile,0.99,313.29852894887125
24,2025-01-18,2,2025-02-01,wk inc flu hosp,quantile,0.99,898.2893821029473
25,2025-01-18,2,2025-02-01,wk inc flu hosp,quantile,0.99,1408.537809716253
26,2025-01-18,2,2025-02-01,wk inc flu hosp,quantile,0.99,1589.7322160124513
27,2025-01-18,2,2025-02-01,wk inc flu hosp,quantile,0.99,2751.521355125664
28,2025-01-18,2,2025-02-01,wk inc flu hosp,quantile,0.99,665.3268166041728
29,2025-01-18,2,2025-02-01,wk inc flu hosp,quantile,0.99,1491.1380013924775
30,2025-01-18,2,2025-02-01,wk inc flu hosp,quantile,0.99,217.78688483696715
31,2025-01-18,2,2025-02-01,wk inc flu hosp,quantile,0.99,413.9430274238141
32,2025-01-18,2,2025-02-01,wk inc flu hosp,quantile,0.99,612.7297123026011
33,2025-01-18,2,2025-02-01,wk inc flu hosp,quantile,0.99,276.2740806322499
34,2025-01-18,2,2025-02-01,wk inc flu hosp,quantile,0.99,2444.397843010599
35,2025-01-18,2,2025-02-01,wk inc flu hosp,quantile,0.99,580.4454674343783
36,2025-01-18,2,2025-02-01,wk inc flu hosp,quantile,0.99,4666.13861248216
37,2025-01-18,2,2025-02-01,wk inc flu hosp,quantile,0.99,1948.223037309249
38,2025-01-18,2,2025-02-01,wk inc flu hosp,quantile,0.99,152.69515351841093
39,2025-01-18,2,2025-02-01,wk inc flu hosp,quantile,0.99,2432.705935792362
40,2025-01-18,2,2025-02-01,wk inc flu hosp,quantile,0.99,905.7294503756397
41,2025-01-18,2,2025-02-01,wk inc flu hosp,quantile,0.99,1057.5425165651266
42,2025-01-18,2,2025-02-01,wk inc flu hosp,quantile,0.99,3485.1712918676585
44,2025-01-18,2,2025-02-01,wk inc flu hosp,quantile,0.99,168.44493614550748
45,2025-01-18,2,2025-02-01,wk inc flu hosp,quantile,0.99,1123.932356466656
46,2025-01-18,2,2025-02-01,wk inc flu hosp,quantile,0.99,174.43631074616715
47,2025-01-18,2,2025-02-01,wk inc flu hosp,quantile,0.99,1777.4790716203415
48,2025-01-18,2,2025-02-01,wk inc flu hosp,quantile,0.99,5074.754996275539
49,2025-01-18,2,2025-02-01,wk inc flu hosp,quantile,0.99,602.5014764534017
50,2025-01-18,2,2025-02-01,wk inc flu hosp,quantile,0.99,102.07870073025066
51,2025-01-18,2,2025-02-01,wk inc flu hosp,quantile,0.99,1237.6844087397637
53,2025-01-18,2,2025-02-01,wk inc flu hosp,quantile,0.99,1308.2967951461371
54,2025-01-18,2,2025-02-01,wk inc flu hosp,quantile,0.99,478.85387386651314
55,2025-01-18,2,2025-02-01,wk inc flu hosp,quantile,0.99,1051.2490942260526
56,2025-01-18,2,2025-02-01,wk inc flu hosp,quantile,0.99,197.27328725442354
72,2025-01-18,2,2025-02-01,wk inc flu hosp,quantile,0.99,3241.5772864712008
US,2025-01-18,2,2025-02-01,wk inc flu hosp,quantile,0.99,66760.57916729513
01,2025-01-18,3,2025-02-08,wk inc flu hosp,quantile,0.99,1257.0193563441596
02,2025-01-18,3,2025-02-08,wk inc flu hosp,quantile,0.99,129.1836502506526
04,2025-01-18,3,2025-02-08,wk inc flu hosp,quantile,0.99,3765.6996557500415
05,2025-01-18,3,2025-02-08,wk inc flu hosp,quantile,0.99,570.6988843603793
06,2025-01-18,3,2025-02-08,wk inc flu hosp,quantile,0.99,6739.930274083654
08,2025-01-18,3,2025-02-08,wk inc flu hosp,quantile,0.99,1251.3169126012788
09,2025-01-18,3,2025-02-08,wk inc flu hosp,quantile,0.99,826.7910002284817
10,2025-01-18,3,2025-02-08,wk inc flu hosp,quantile,0.99,213.44339175114226
11,2025-01-18,3,2025-02-08,wk inc flu hosp,quantile,0.99,142.31662872001692
12,2025-01-18,3,2025-02-08,wk inc flu hosp,quantile,0.99,4752.715370348426
13,2025-01-18,3,2025-02-08,wk inc flu hosp,quantile,0.99,2070.2045838843687
15,2025-01-18,3,2025-02-08,wk inc flu hosp,quantile,0.99,154.7191964408354
16,2025-01-18,3,2025-02-08,wk inc flu hosp,quantile,0.99,491.3987437112292
17,2025-01-18,3,2025-02-08,wk inc flu hosp,quantile,0.99,3079.276584035647
18,2025-01-18,3,2025-02-08,wk inc flu hosp,quantile,0.99,1459.9134140234096
19,2025-01-18,3,2025-02-08,wk inc flu hosp,quantile,0.99,661.054960020739
20,2025-01-18,3,2025-02-08,wk inc flu hosp,quantile,0.99,626.3680356535439
21,2025-01-18,3,2025-02-08,wk inc flu hosp,quantile,0.99,1226.494356912176
22,2025-01-18,3,2025-02-08,wk inc flu hosp,quantile,0.99,1218.5811938279244
23,2025-01-18,3,2025-02-08,wk inc flu hosp,quantile,0.99,321.9630107860985
24,2025-01-18,3,2025-02-08,wk inc flu hosp,quantile,0.99,907.6413560080741
25,2025-01-18,3,2025-02-08,wk inc flu hosp,quantile,0.99,1466.4548431355906
26,2025-01-18,3,2025-02-08,wk inc flu hosp,quantile,0.99,1563.886991446887
27,2025-01-18,3,2025-02-08,wk inc flu hosp,quantile,0.99,2703.3393208909188
28,2025-01-18,3,2025-02-08,wk inc flu hosp,quantile,0.99,640.8272310249909
29,2025-01-18,3,2025-02-08,wk inc flu hosp,quantile,0.99,1457.3566825012806
30,2025-01-18,3,2025-02-08,wk inc flu hosp,quantile,0.99,206.77211676690905
31,2025-01-18,3,2025-02-08,wk inc flu hosp,quantile,0.99,418.62905979848824
32,2025-01-18,3,2025-02-08,wk inc flu hosp,quantile,0.99,621.2029683709793
33,2025-01-18,3,2025-02-08,wk inc flu hosp,quantile,0.99,278.45979318820116
34,2025-01-18,3,2025-02-08,wk inc flu hosp,quantile,0.99,2335.8177033903075
35,2025-01-18,3,2025-02-08,wk inc flu hosp,quantile,0.99,580.6336401927322
36,2025-01-18,3,2025-02-08,wk inc flu hosp,quantile,0.99,4498.671720860001
37,2025-01-18,3,2025-02-08,wk inc flu hosp,quantile,0.99,1866.6891928254095
38,2025-01-18,3,2025-02-08,wk inc flu hosp,quantile,0.99,153.71441840879012
39,2025-01-18,3,2025-02-08,wk inc flu hosp,quantile,0.99,2375.2864911310357
40,2025-01-18,3,2025-02-08,wk inc flu hosp,quantile,0.99,899.3584782410759
41,2025-01-18,3,2025-02-08,wk inc flu hosp,quantile,0.99,1008.2283565860392
42,2025-01-18,3,2025-02-08,wk inc flu hosp,quantile,0.99,3416.4027859244197
44,2025-01-18,3,2025-02-08,wk inc flu hosp,quantile,0.99,165.67057940098536
45,2025-01-18,3,2025-02-08,wk inc flu hosp,quantile,0.99,1108.6501730851644
46,2025-01-18,3,2025-02-08,wk inc flu hosp,quantile,0.99,178.62586670479487
47,2025-01-18,3,2025-02-08,wk inc flu hosp,quantile,0.99,1741.356921266189
48,2025-01-18,3,2025-02-08,wk inc flu hosp,quantile,0.99,4982.149253477621
49,2025-01-18,3,2025-02-08,wk inc flu hosp,quantile,0.99,584.5600430146167
50,2025-01-18,3,2025-02-08,wk inc flu hosp,quantile,0.99,101.69059384034081
51,2025-01-18,3,2025-02-08,wk inc flu hosp,quantile,0.99,1217.239919998924
53,2025-01-18,3,2025-02-08,wk inc flu hosp,quantile,0.99,1302.4815159451866
54,2025-01-18,3,2025-02-08,wk inc flu hosp,quantile,0.99,480.15712197936483
55,2025-01-18,3,2025-02-08,wk inc flu hosp,quantile,0.99,1036.695210851913
56,2025-01-18,3,2025-02-08,wk inc flu hosp,quantile,0.99,198.58579269403327
72,2025-01-18,3,2025-02-08,wk inc flu hosp,quantile,0.99,3267.93173377683
US,2025-01-18,3,2025-02-08,wk inc flu hosp,quantile,0.99,63784.305360501785
