location,reference_date,horizon,target_end_date,target,output_type,output_type_id,value
01,2024-05-04,0,2024-05-04,wk inc flu hosp,quantile,0.01,0.812124534700261
02,2024-05-04,0,2024-05-04,wk inc flu hosp,quantile,0.01,0.5166836841359542
04,2024-05-04,0,2024-05-04,wk inc flu hosp,quantile,0.01,45.79359328788567
05,2024-05-04,0,2024-05-04,wk inc flu hosp,quantile,0.01,27.83105321721843
06,2024-05-04,0,2024-05-04,wk inc flu hosp,quantile,0.01,55.936035171235794
08,2024-05-04,0,2024-05-04,wk inc flu hosp,quantile,0.01,5.998168999196695
09,2024-05-04,0,2024-05-04,wk inc flu hosp,quantile,0.01,31.221228759820896
10,2024-05-04,0,2024-05-04,wk inc flu hosp,quantile,0.01,0.0
11,2024-05-04,0,2024-05-04,wk inc flu hosp,quantile,0.01,3.9748910719637833
12,2024-05-04,0,2024-05-04,wk inc flu hosp,quantile,0.01,155.82666307000318
13,2024-05-04,0,2024-05-04,wk inc flu hosp,quantile,0.01,3.5218690276204017
15,2024-05-04,0,2024-05-04,wk inc flu hosp,quantile,0.01,5.602487725737756
16,2024-05-04,0,2024-05-04,wk inc flu hosp,quantile,0.01,3.2571371231533903
17,2024-05-04,0,2024-05-04,wk inc flu hosp,quantile,0.01,36.634184294319496
18,2024-05-04,0,2024-05-04,wk inc flu hosp,quantile,0.01,15.330990277505492
19,2024-05-04,0,2024-05-04,wk inc flu hosp,quantile,0.01,7.195908352889829
20,2024-05-04,0,2024-05-04,wk inc flu hosp,quantile,0.01,13.2812651942919
21,2024-05-04,0,2024-05-04,wk inc flu hosp,quantile,0.01,8.269142772182155
22,2024-05-04,0,2024-05-04,wk inc flu hosp,quantile,0.01,5.632792137808732
23,2024-05-04,0,2024-05-04,wk inc flu hosp,quantile,0.01,4.275425277610885
24,2024-05-04,0,2024-05-04,wk inc flu hosp,quantile,0.01,3.7410253564971745
25,2024-05-04,0,2024-05-04,wk inc flu hosp,quantile,0.01,31.904429050467158
26,2024-05-04,0,2024-05-04,wk inc flu hosp,quantile,0.01,65.28341968789806
27,2024-05-04,0,2024-05-04,wk inc flu hosp,quantile,0.01,19.480314997257587
28,2024-05-04,0,2024-05-04,wk inc flu hosp,quantile,0.01,7.742644505599163
29,2024-05-04,0,2024-05-04,wk inc flu hosp,quantile,0.01,26.59285635147043
30,2024-05-04,0,2024-05-04,wk inc flu hosp,quantile,0.01,0.0
31,2024-05-04,0,2024-05-04,wk inc flu hosp,quantile,0.01,7.567606498977841
32,2024-05-04,0,2024-05-04,wk inc flu hosp,quantile,0.01,8.284516645809695
33,2024-05-04,0,2024-05-04,wk inc flu hosp,quantile,0.01,0.0
34,2024-05-04,0,2024-05-04,wk inc flu hosp,quantile,0.01,43.46963512843823
35,2024-05-04,0,2024-05-04,wk inc flu hosp,quantile,0.01,5.6176242782817685
36,2024-05-04,0,2024-05-04,wk inc flu hosp,quantile,0.01,71.37100328262677
37,2024-05-04,0,2024-05-04,wk inc flu hosp,quantile,0.01,0.0
38,2024-05-04,0,2024-05-04,wk inc flu hosp,quantile,0.01,2.5014776540068966
39,2024-05-04,0,2024-05-04,wk inc flu hosp,quantile,0.01,31.050709616450355
40,2024-05-04,0,2024-05-04,wk inc flu hosp,quantile,0.01,8.303139843038569
41,2024-05-04,0,2024-05-04,wk inc flu hosp,quantile,0.01,9.372682719671845
42,2024-05-04,0,2024-05-04,wk inc flu hosp,quantile,0.01,54.392812401017224
44,2024-05-04,0,2024-05-04,wk inc flu hosp,quantile,0.01,3.040235322574512
45,2024-05-04,0,2024-05-04,wk inc flu hosp,quantile,0.01,10.763940351963464
46,2024-05-04,0,2024-05-04,wk inc flu hosp,quantile,0.01,4.581088974747254
47,2024-05-04,0,2024-05-04,wk inc flu hosp,quantile,0.01,17.22817230202142
48,2024-05-04,0,2024-05-04,wk inc flu hosp,quantile,0.01,73.1949055468676
49,2024-05-04,0,2024-05-04,wk inc flu hosp,quantile,0.01,0.0
50,2024-05-04,0,2024-05-04,wk inc flu hosp,quantile,0.01,2.331089086197629
51,2024-05-04,0,2024-05-04,wk inc flu hosp,quantile,0.01,25.569673472169487
53,2024-05-04,0,2024-05-04,wk inc flu hosp,quantile,0.01,8.34378507254574
54,2024-05-04,0,2024-05-04,wk inc flu hosp,quantile,0.01,7.800160201412898
55,2024-05-04,0,2024-05-04,wk inc flu hosp,quantile,0.01,15.982527251868586
56,2024-05-04,0,2024-05-04,wk inc flu hosp,quantile,0.01,0.6554871538062031
72,2024-05-04,0,2024-05-04,wk inc flu hosp,quantile,0.01,25.909454925502484
US,2024-05-04,0,2024-05-04,wk inc flu hosp,quantile,0.01,1009.9708081122684
01,2024-05-04,1,2024-05-11,wk inc flu hosp,quantile,0.01,0.0
02,2024-05-04,1,2024-05-11,wk inc flu hosp,quantile,0.01,0.0
04,2024-05-04,1,2024-05-11,wk inc flu hosp,quantile,0.01,45.275296978903434
05,2024-05-04,1,2024-05-11,wk inc flu hosp,quantile,0.01,25.355768462372996
06,2024-05-04,1,2024-05-11,wk inc flu hosp,quantile,0.01,34.15345773112729
08,2024-05-04,1,2024-05-11,wk inc flu hosp,quantile,0.01,0.0
09,2024-05-04,1,2024-05-11,wk inc flu hosp,quantile,0.01,26.762032939349666
10,2024-05-04,1,2024-05-11,wk inc flu hosp,quantile,0.01,0.0
11,2024-05-04,1,2024-05-11,wk inc flu hosp,quantile,0.01,2.1911561392829104
12,2024-05-04,1,2024-05-11,wk inc flu hosp,quantile,0.01,137.58411189451158
13,2024-05-04,1,2024-05-11,wk inc flu hosp,quantile,0.01,0.0
15,2024-05-04,1,2024-05-11,wk inc flu hosp,quantile,0.01,5.3603441142340795
16,2024-05-04,1,2024-05-11,wk inc flu hosp,quantile,0.01,2.3369579441775503
17,2024-05-04,1,2024-05-11,wk inc flu hosp,quantile,0.01,14.916602174003579
18,2024-05-04,1,2024-05-11,wk inc flu hosp,quantile,0.01,7.57080947222542
19,2024-05-04,1,2024-05-11,wk inc flu hosp,quantile,0.01,1.6962483534550472
20,2024-05-04,1,2024-05-11,wk inc flu hosp,quantile,0.01,8.608141442975338
21,2024-05-04,1,2024-05-11,wk inc flu hosp,quantile,0.01,0.5652689380760142
22,2024-05-04,1,2024-05-11,wk inc flu hosp,quantile,0.01,2.296900024022848
23,2024-05-04,1,2024-05-11,wk inc flu hosp,quantile,0.01,3.1741415556913566
24,2024-05-04,1,2024-05-11,wk inc flu hosp,quantile,0.01,0.0
25,2024-05-04,1,2024-05-11,wk inc flu hosp,quantile,0.01,15.749816162233746
26,2024-05-04,1,2024-05-11,wk inc flu hosp,quantile,0.01,38.389047575497365
27,2024-05-04,1,2024-05-11,wk inc flu hosp,quantile,0.01,11.499616032622757
28,2024-05-04,1,2024-05-11,wk inc flu hosp,quantile,0.01,5.570452889154301
29,2024-05-04,1,2024-05-11,wk inc flu hosp,quantile,0.01,16.322881420835547
30,2024-05-04,1,2024-05-11,wk inc flu hosp,quantile,0.01,0.0
31,2024-05-04,1,2024-05-11,wk inc flu hosp,quantile,0.01,3.383672582270335
32,2024-05-04,1,2024-05-11,wk inc flu hosp,quantile,0.01,6.188989393362009
33,2024-05-04,1,2024-05-11,wk inc flu hosp,quantile,0.01,0.0
34,2024-05-04,1,2024-05-11,wk inc flu hosp,quantile,0.01,30.718185879334136
35,2024-05-04,1,2024-05-11,wk inc flu hosp,quantile,0.01,4.911858110802999
36,2024-05-04,1,2024-05-11,wk inc flu hosp,quantile,0.01,31.699120963685527
37,2024-05-04,1,2024-05-11,wk inc flu hosp,quantile,0.01,0.0
38,2024-05-04,1,2024-05-11,wk inc flu hosp,quantile,0.01,0.8793210910292784
39,2024-05-04,1,2024-05-11,wk inc flu hosp,quantile,0.01,11.71440558755078
40,2024-05-04,1,2024-05-11,wk inc flu hosp,quantile,0.01,7.001378342155426
41,2024-05-04,1,2024-05-11,wk inc flu hosp,quantile,0.01,6.593537251839899
42,2024-05-04,1,2024-05-11,wk inc flu hosp,quantile,0.01,37.93055776826084
44,2024-05-04,1,2024-05-11,wk inc flu hosp,quantile,0.01,1.1842142151745747
45,2024-05-04,1,2024-05-11,wk inc flu hosp,quantile,0.01,5.473211962390837
46,2024-05-04,1,2024-05-11,wk inc flu hosp,quantile,0.01,3.5384413708516265
47,2024-05-04,1,2024-05-11,wk inc flu hosp,quantile,0.01,11.211409677601548
48,2024-05-04,1,2024-05-11,wk inc flu hosp,quantile,0.01,58.52908813641633
49,2024-05-04,1,2024-05-11,wk inc flu hosp,quantile,0.01,0.0
50,2024-05-04,1,2024-05-11,wk inc flu hosp,quantile,0.01,0.9739225131443122
51,2024-05-04,1,2024-05-11,wk inc flu hosp,quantile,0.01,17.503465062092683
53,2024-05-04,1,2024-05-11,wk inc flu hosp,quantile,0.01,6.372147104296043
54,2024-05-04,1,2024-05-11,wk inc flu hosp,quantile,0.01,6.173774646958322
55,2024-05-04,1,2024-05-11,wk inc flu hosp,quantile,0.01,7.048820939381756
56,2024-05-04,1,2024-05-11,wk inc flu hosp,quantile,0.01,0.506835136811562
72,2024-05-04,1,2024-05-11,wk inc flu hosp,quantile,0.01,24.77527019688709
US,2024-05-04,1,2024-05-11,wk inc flu hosp,quantile,0.01,666.2956296542452
01,2024-05-04,2,2024-05-18,wk inc flu hosp,quantile,0.01,0.0
02,2024-05-04,2,2024-05-18,wk inc flu hosp,quantile,0.01,0.0
04,2024-05-04,2,2024-05-18,wk inc flu hosp,quantile,0.01,44.285108355886905
05,2024-05-04,2,2024-05-18,wk inc flu hosp,quantile,0.01,23.33607307115053
06,2024-05-04,2,2024-05-18,wk inc flu hosp,quantile,0.01,18.10710492771856
08,2024-05-04,2,2024-05-18,wk inc flu hosp,quantile,0.01,0.0
09,2024-05-04,2,2024-05-18,wk inc flu hosp,quantile,0.01,24.48189500425703
10,2024-05-04,2,2024-05-18,wk inc flu hosp,quantile,0.01,0.0
11,2024-05-04,2,2024-05-18,wk inc flu hosp,quantile,0.01,1.1766783326272052
12,2024-05-04,2,2024-05-18,wk inc flu hosp,quantile,0.01,117.41451872050712
13,2024-05-04,2,2024-05-18,wk inc flu hosp,quantile,0.01,0.0
15,2024-05-04,2,2024-05-18,wk inc flu hosp,quantile,0.01,5.319300696015456
16,2024-05-04,2,2024-05-18,wk inc flu hosp,quantile,0.01,1.538609602712716
17,2024-05-04,2,2024-05-18,wk inc flu hosp,quantile,0.01,3.989918811235808
18,2024-05-04,2,2024-05-18,wk inc flu hosp,quantile,0.01,1.248158665410592
19,2024-05-04,2,2024-05-18,wk inc flu hosp,quantile,0.01,0.0
20,2024-05-04,2,2024-05-18,wk inc flu hosp,quantile,0.01,6.030898232741868
21,2024-05-04,2,2024-05-18,wk inc flu hosp,quantile,0.01,0.0
22,2024-05-04,2,2024-05-18,wk inc flu hosp,quantile,0.01,0.0
23,2024-05-04,2,2024-05-18,wk inc flu hosp,quantile,0.01,2.512909176047459
24,2024-05-04,2,2024-05-18,wk inc flu hosp,quantile,0.01,0.0
25,2024-05-04,2,2024-05-18,wk inc flu hosp,quantile,0.01,6.307448601053449
26,2024-05-04,2,2024-05-18,wk inc flu hosp,quantile,0.01,17.03888644781573
27,2024-05-04,2,2024-05-18,wk inc flu hosp,quantile,0.01,4.481898679968042
28,2024-05-04,2,2024-05-18,wk inc flu hosp,quantile,0.01,3.2766967017419124
29,2024-05-04,2,2024-05-18,wk inc flu hosp,quantile,0.01,9.070026661959734
30,2024-05-04,2,2024-05-18,wk inc flu hosp,quantile,0.01,0.0
31,2024-05-04,2,2024-05-18,wk inc flu hosp,quantile,0.01,0.8000128360542581
32,2024-05-04,2,2024-05-18,wk inc flu hosp,quantile,0.01,4.531210239820679
33,2024-05-04,2,2024-05-18,wk inc flu hosp,quantile,0.01,0.0
34,2024-05-04,2,2024-05-18,wk inc flu hosp,quantile,0.01,22.08768766864767
35,2024-05-04,2,2024-05-18,wk inc flu hosp,quantile,0.01,4.546905517438378
36,2024-05-04,2,2024-05-18,wk inc flu hosp,quantile,0.01,12.401019349734355
37,2024-05-04,2,2024-05-18,wk inc flu hosp,quantile,0.01,0.0
38,2024-05-04,2,2024-05-18,wk inc flu hosp,quantile,0.01,0.11742128220311712
39,2024-05-04,2,2024-05-18,wk inc flu hosp,quantile,0.01,0.0
40,2024-05-04,2,2024-05-18,wk inc flu hosp,quantile,0.01,5.229618522319644
41,2024-05-04,2,2024-05-18,wk inc flu hosp,quantile,0.01,4.077247960700932
42,2024-05-04,2,2024-05-18,wk inc flu hosp,quantile,0.01,25.320322233842983
44,2024-05-04,2,2024-05-18,wk inc flu hosp,quantile,0.01,0.316411156200429
45,2024-05-04,2,2024-05-18,wk inc flu hosp,quantile,0.01,1.9481695939774584
46,2024-05-04,2,2024-05-18,wk inc flu hosp,quantile,0.01,2.5158539937215108
47,2024-05-04,2,2024-05-18,wk inc flu hosp,quantile,0.01,6.545174387326267
48,2024-05-04,2,2024-05-18,wk inc flu hosp,quantile,0.01,41.2914638018193
49,2024-05-04,2,2024-05-18,wk inc flu hosp,quantile,0.01,0.0
50,2024-05-04,2,2024-05-18,wk inc flu hosp,quantile,0.01,0.2846586895805339
51,2024-05-04,2,2024-05-18,wk inc flu hosp,quantile,0.01,10.01815325354755
53,2024-05-04,2,2024-05-18,wk inc flu hosp,quantile,0.01,3.8398867300406914
54,2024-05-04,2,2024-05-18,wk inc flu hosp,quantile,0.01,5.322907646332446
55,2024-05-04,2,2024-05-18,wk inc flu hosp,quantile,0.01,0.7286470185251199
56,2024-05-04,2,2024-05-18,wk inc flu hosp,quantile,0.01,0.33436888726119307
72,2024-05-04,2,2024-05-18,wk inc flu hosp,quantile,0.01,23.576621455590413
US,2024-05-04,2,2024-05-18,wk inc flu hosp,quantile,0.01,415.2772693354463
01,2024-05-04,3,2024-05-25,wk inc flu hosp,quantile,0.01,0.0
02,2024-05-04,3,2024-05-25,wk inc flu hosp,quantile,0.01,0.0
04,2024-05-04,3,2024-05-25,wk inc flu hosp,quantile,0.01,42.19225781862719
05,2024-05-04,3,2024-05-25,wk inc flu hosp,quantile,0.01,21.354515919805547
06,2024-05-04,3,2024-05-25,wk inc flu hosp,quantile,0.01,3.468302439910823
08,2024-05-04,3,2024-05-25,wk inc flu hosp,quantile,0.01,0.0
09,2024-05-04,3,2024-05-25,wk inc flu hosp,quantile,0.01,21.88905507225159
10,2024-05-04,3,2024-05-25,wk inc flu hosp,quantile,0.01,0.0
11,2024-05-04,3,2024-05-25,wk inc flu hosp,quantile,0.01,0.07458608888851105
12,2024-05-04,3,2024-05-25,wk inc flu hosp,quantile,0.01,103.7003666438494
13,2024-05-04,3,2024-05-25,wk inc flu hosp,quantile,0.01,0.0
15,2024-05-04,3,2024-05-25,wk inc flu hosp,quantile,0.01,5.13623200205246
16,2024-05-04,3,2024-05-25,wk inc flu hosp,quantile,0.01,1.1457722201927347
17,2024-05-04,3,2024-05-25,wk inc flu hosp,quantile,0.01,0.0
18,2024-05-04,3,2024-05-25,wk inc flu hosp,quantile,0.01,0.0
19,2024-05-04,3,2024-05-25,wk inc flu hosp,quantile,0.01,0.0
20,2024-05-04,3,2024-05-25,wk inc flu hosp,quantile,0.01,4.080605182955541
21,2024-05-04,3,2024-05-25,wk inc flu hosp,quantile,0.01,0.0
22,2024-05-04,3,2024-05-25,wk inc flu hosp,quantile,0.01,0.0
23,2024-05-04,3,2024-05-25,wk inc flu hosp,quantile,0.01,2.184504690895122
24,2024-05-04,3,2024-05-25,wk inc flu hosp,quantile,0.01,0.0
25,2024-05-04,3,2024-05-25,wk inc flu hosp,quantile,0.01,0.0
26,2024-05-04,3,2024-05-25,wk inc flu hosp,quantile,0.01,4.187814422354441
27,2024-05-04,3,2024-05-25,wk inc flu hosp,quantile,0.01,0.051895390635669704
28,2024-05-04,3,2024-05-25,wk inc flu hosp,quantile,0.01,1.2561034369035808
29,2024-05-04,3,2024-05-25,wk inc flu hosp,quantile,0.01,2.7784053639484294
30,2024-05-04,3,2024-05-25,wk inc flu hosp,quantile,0.01,0.0
31,2024-05-04,3,2024-05-25,wk inc flu hosp,quantile,0.01,0.0
32,2024-05-04,3,2024-05-25,wk inc flu hosp,quantile,0.01,3.2114237080579127
33,2024-05-04,3,2024-05-25,wk inc flu hosp,quantile,0.01,0.0
34,2024-05-04,3,2024-05-25,wk inc flu hosp,quantile,0.01,15.379129596381073
35,2024-05-04,3,2024-05-25,wk inc flu hosp,quantile,0.01,4.197240662110509
36,2024-05-04,3,2024-05-25,wk inc flu hosp,quantile,0.01,0.0
37,2024-05-04,3,2024-05-25,wk inc flu hosp,quantile,0.01,0.0
38,2024-05-04,3,2024-05-25,wk inc flu hosp,quantile,0.01,0.0
39,2024-05-04,3,2024-05-25,wk inc flu hosp,quantile,0.01,0.0
40,2024-05-04,3,2024-05-25,wk inc flu hosp,quantile,0.01,3.721675237251602
41,2024-05-04,3,2024-05-25,wk inc flu hosp,quantile,0.01,2.637133122748764
42,2024-05-04,3,2024-05-25,wk inc flu hosp,quantile,0.01,14.047097116436046
44,2024-05-04,3,2024-05-25,wk inc flu hosp,quantile,0.01,0.0
45,2024-05-04,3,2024-05-25,wk inc flu hosp,quantile,0.01,0.0
46,2024-05-04,3,2024-05-25,wk inc flu hosp,quantile,0.01,2.286526557968585
47,2024-05-04,3,2024-05-25,wk inc flu hosp,quantile,0.01,2.6096303094581375
48,2024-05-04,3,2024-05-25,wk inc flu hosp,quantile,0.01,28.35342600112028
49,2024-05-04,3,2024-05-25,wk inc flu hosp,quantile,0.01,0.0
50,2024-05-04,3,2024-05-25,wk inc flu hosp,quantile,0.01,0.0
51,2024-05-04,3,2024-05-25,wk inc flu hosp,quantile,0.01,3.3492118113740657
53,2024-05-04,3,2024-05-25,wk inc flu hosp,quantile,0.01,1.914471838105205
54,2024-05-04,3,2024-05-25,wk inc flu hosp,quantile,0.01,4.8063803931869735
55,2024-05-04,3,2024-05-25,wk inc flu hosp,quantile,0.01,0.0
56,2024-05-04,3,2024-05-25,wk inc flu hosp,quantile,0.01,0.18627916704623157
72,2024-05-04,3,2024-05-25,wk inc flu hosp,quantile,0.01,22.483510720460032
US,2024-05-04,3,2024-05-25,wk inc flu hosp,quantile,0.01,202.15273210969943
01,2024-05-04,0,2024-05-04,wk inc flu hosp,quantile,0.025,1.7181279032736922
02,2024-05-04,0,2024-05-04,wk inc flu hosp,quantile,0.025,1.1569782517518676
04,2024-05-04,0,2024-05-04,wk inc flu hosp,quantile,0.025,51.975835189896536
05,2024-05-04,0,2024-05-04,wk inc flu hosp,quantile,0.025,30.73671555999323
06,2024-05-04,0,2024-05-04,wk inc flu hosp,quantile,0.025,89.92041022783336
08,2024-05-04,0,2024-05-04,wk inc flu hosp,quantile,0.025,7.711056222785407
09,2024-05-04,0,2024-05-04,wk inc flu hosp,quantile,0.025,35.50891473620797
10,2024-05-04,0,2024-05-04,wk inc flu hosp,quantile,0.025,0.0
11,2024-05-04,0,2024-05-04,wk inc flu hosp,quantile,0.025,4.0967000737659705
12,2024-05-04,0,2024-05-04,wk inc flu hosp,quantile,0.025,187.3376623531031
13,2024-05-04,0,2024-05-04,wk inc flu hosp,quantile,0.025,10.901547413259358
15,2024-05-04,0,2024-05-04,wk inc flu hosp,quantile,0.025,6.5207656940859025
16,2024-05-04,0,2024-05-04,wk inc flu hosp,quantile,0.025,4.355539868254264
17,2024-05-04,0,2024-05-04,wk inc flu hosp,quantile,0.025,37.02888197016317
18,2024-05-04,0,2024-05-04,wk inc flu hosp,quantile,0.025,21.175104429116672
19,2024-05-04,0,2024-05-04,wk inc flu hosp,quantile,0.025,7.524657073825083
20,2024-05-04,0,2024-05-04,wk inc flu hosp,quantile,0.025,16.641535816623474
21,2024-05-04,0,2024-05-04,wk inc flu hosp,quantile,0.025,8.941171772315595
22,2024-05-04,0,2024-05-04,wk inc flu hosp,quantile,0.025,7.244491085872236
23,2024-05-04,0,2024-05-04,wk inc flu hosp,quantile,0.025,5.036780314821564
24,2024-05-04,0,2024-05-04,wk inc flu hosp,quantile,0.025,5.5138707169307555
25,2024-05-04,0,2024-05-04,wk inc flu hosp,quantile,0.025,33.633350561185914
26,2024-05-04,0,2024-05-04,wk inc flu hosp,quantile,0.025,72.13612469460662
27,2024-05-04,0,2024-05-04,wk inc flu hosp,quantile,0.025,23.160506579858918
28,2024-05-04,0,2024-05-04,wk inc flu hosp,quantile,0.025,10.552599575184134
29,2024-05-04,0,2024-05-04,wk inc flu hosp,quantile,0.025,32.507422200341935
30,2024-05-04,0,2024-05-04,wk inc flu hosp,quantile,0.025,0.0
31,2024-05-04,0,2024-05-04,wk inc flu hosp,quantile,0.025,7.796684931881906
32,2024-05-04,0,2024-05-04,wk inc flu hosp,quantile,0.025,11.321946513637686
33,2024-05-04,0,2024-05-04,wk inc flu hosp,quantile,0.025,0.0
34,2024-05-04,0,2024-05-04,wk inc flu hosp,quantile,0.025,56.006733644114455
35,2024-05-04,0,2024-05-04,wk inc flu hosp,quantile,0.025,6.147535894523627
36,2024-05-04,0,2024-05-04,wk inc flu hosp,quantile,0.025,73.2288080916636
37,2024-05-04,0,2024-05-04,wk inc flu hosp,quantile,0.025,0.0
38,2024-05-04,0,2024-05-04,wk inc flu hosp,quantile,0.025,2.6520144009764928
39,2024-05-04,0,2024-05-04,wk inc flu hosp,quantile,0.025,35.509169125483055
40,2024-05-04,0,2024-05-04,wk inc flu hosp,quantile,0.025,8.374247319427468
41,2024-05-04,0,2024-05-04,wk inc flu hosp,quantile,0.025,11.51035595935975
42,2024-05-04,0,2024-05-04,wk inc flu hosp,quantile,0.025,70.11197030890675
44,2024-05-04,0,2024-05-04,wk inc flu hosp,quantile,0.025,3.1921494230339342
45,2024-05-04,0,2024-05-04,wk inc flu hosp,quantile,0.025,11.460416357563155
46,2024-05-04,0,2024-05-04,wk inc flu hosp,quantile,0.025,5.222590003621258
47,2024-05-04,0,2024-05-04,wk inc flu hosp,quantile,0.025,24.34000080182177
48,2024-05-04,0,2024-05-04,wk inc flu hosp,quantile,0.025,104.75338043764394
49,2024-05-04,0,2024-05-04,wk inc flu hosp,quantile,0.025,0.0
50,2024-05-04,0,2024-05-04,wk inc flu hosp,quantile,0.025,2.4610714657703943
51,2024-05-04,0,2024-05-04,wk inc flu hosp,quantile,0.025,32.28912226484182
53,2024-05-04,0,2024-05-04,wk inc flu hosp,quantile,0.025,10.384218623598633
54,2024-05-04,0,2024-05-04,wk inc flu hosp,quantile,0.025,8.583201458554912
55,2024-05-04,0,2024-05-04,wk inc flu hosp,quantile,0.025,18.34491151839609
56,2024-05-04,0,2024-05-04,wk inc flu hosp,quantile,0.025,0.8677795491959223
72,2024-05-04,0,2024-05-04,wk inc flu hosp,quantile,0.025,26.01468963086
US,2024-05-04,0,2024-05-04,wk inc flu hosp,quantile,0.025,1371.5652121468459
01,2024-05-04,1,2024-05-11,wk inc flu hosp,quantile,0.025,0.8950791447033005
02,2024-05-04,1,2024-05-11,wk inc flu hosp,quantile,0.025,0.4655556861460633
04,2024-05-04,1,2024-05-11,wk inc flu hosp,quantile,0.025,53.22545436784575
05,2024-05-04,1,2024-05-11,wk inc flu hosp,quantile,0.025,28.807860427955532
06,2024-05-04,1,2024-05-11,wk inc flu hosp,quantile,0.025,66.48276374052274
08,2024-05-04,1,2024-05-11,wk inc flu hosp,quantile,0.025,1.4601584608775942
09,2024-05-04,1,2024-05-11,wk inc flu hosp,quantile,0.025,31.081652598504256
10,2024-05-04,1,2024-05-11,wk inc flu hosp,quantile,0.025,0.0
11,2024-05-04,1,2024-05-11,wk inc flu hosp,quantile,0.025,2.373980864404253
12,2024-05-04,1,2024-05-11,wk inc flu hosp,quantile,0.025,164.26505146312854
13,2024-05-04,1,2024-05-11,wk inc flu hosp,quantile,0.025,4.289887753091712
15,2024-05-04,1,2024-05-11,wk inc flu hosp,quantile,0.025,6.426443056222998
16,2024-05-04,1,2024-05-11,wk inc flu hosp,quantile,0.025,3.205655205254844
17,2024-05-04,1,2024-05-11,wk inc flu hosp,quantile,0.025,17.322350103424057
18,2024-05-04,1,2024-05-11,wk inc flu hosp,quantile,0.025,10.681519417612384
19,2024-05-04,1,2024-05-11,wk inc flu hosp,quantile,0.025,1.7828067002001
20,2024-05-04,1,2024-05-11,wk inc flu hosp,quantile,0.025,11.068881710833244
21,2024-05-04,1,2024-05-11,wk inc flu hosp,quantile,0.025,1.1936330688900076
22,2024-05-04,1,2024-05-11,wk inc flu hosp,quantile,0.025,2.93254512515701
23,2024-05-04,1,2024-05-11,wk inc flu hosp,quantile,0.025,3.8451655244829688
24,2024-05-04,1,2024-05-11,wk inc flu hosp,quantile,0.025,0.0
25,2024-05-04,1,2024-05-11,wk inc flu hosp,quantile,0.025,17.37394890983212
26,2024-05-04,1,2024-05-11,wk inc flu hosp,quantile,0.025,40.515379367126485
27,2024-05-04,1,2024-05-11,wk inc flu hosp,quantile,0.025,12.008139577633855
28,2024-05-04,1,2024-05-11,wk inc flu hosp,quantile,0.025,7.803991035592262
29,2024-05-04,1,2024-05-11,wk inc flu hosp,quantile,0.025,18.444221782316646
30,2024-05-04,1,2024-05-11,wk inc flu hosp,quantile,0.025,0.0
31,2024-05-04,1,2024-05-11,wk inc flu hosp,quantile,0.025,3.7833091898077273
32,2024-05-04,1,2024-05-11,wk inc flu hosp,quantile,0.025,8.848101802659741
33,2024-05-04,1,2024-05-11,wk inc flu hosp,quantile,0.025,0.0
34,2024-05-04,1,2024-05-11,wk inc flu hosp,quantile,0.025,38.014468941575814
35,2024-05-04,1,2024-05-11,wk inc flu hosp,quantile,0.025,5.52085770087612
36,2024-05-04,1,2024-05-11,wk inc flu hosp,quantile,0.025,35.337863468371985
37,2024-05-04,1,2024-05-11,wk inc flu hosp,quantile,0.025,0.0
38,2024-05-04,1,2024-05-11,wk inc flu hosp,quantile,0.025,1.0097707594379748
39,2024-05-04,1,2024-05-11,wk inc flu hosp,quantile,0.025,13.428304071293875
40,2024-05-04,1,2024-05-11,wk inc flu hosp,quantile,0.025,7.656539069171645
41,2024-05-04,1,2024-05-11,wk inc flu hosp,quantile,0.025,8.941138054082627
42,2024-05-04,1,2024-05-11,wk inc flu hosp,quantile,0.025,48.38067735877799
44,2024-05-04,1,2024-05-11,wk inc flu hosp,quantile,0.025,1.3829978960234615
45,2024-05-04,1,2024-05-11,wk inc flu hosp,quantile,0.025,6.859611178549351
46,2024-05-04,1,2024-05-11,wk inc flu hosp,quantile,0.025,3.9704588532739575
47,2024-05-04,1,2024-05-11,wk inc flu hosp,quantile,0.025,17.22162240360029
48,2024-05-04,1,2024-05-11,wk inc flu hosp,quantile,0.025,83.97148303875687
49,2024-05-04,1,2024-05-11,wk inc flu hosp,quantile,0.025,0.0
50,2024-05-04,1,2024-05-11,wk inc flu hosp,quantile,0.025,1.1118502141089766
51,2024-05-04,1,2024-05-11,wk inc flu hosp,quantile,0.025,21.41817961596766
53,2024-05-04,1,2024-05-11,wk inc flu hosp,quantile,0.025,9.607089670254805
54,2024-05-04,1,2024-05-11,wk inc flu hosp,quantile,0.025,6.923544428649137
55,2024-05-04,1,2024-05-11,wk inc flu hosp,quantile,0.025,7.2465219377734815
56,2024-05-04,1,2024-05-11,wk inc flu hosp,quantile,0.025,0.7969666997305237
72,2024-05-04,1,2024-05-11,wk inc flu hosp,quantile,0.025,25.642025028915363
US,2024-05-04,1,2024-05-11,wk inc flu hosp,quantile,0.025,932.1594455365723
01,2024-05-04,2,2024-05-18,wk inc flu hosp,quantile,0.025,0.0
02,2024-05-04,2,2024-05-18,wk inc flu hosp,quantile,0.025,0.0
04,2024-05-04,2,2024-05-18,wk inc flu hosp,quantile,0.025,52.69458335306049
05,2024-05-04,2,2024-05-18,wk inc flu hosp,quantile,0.025,28.833917682420765
06,2024-05-04,2,2024-05-18,wk inc flu hosp,quantile,0.025,46.827368235664245
08,2024-05-04,2,2024-05-18,wk inc flu hosp,quantile,0.025,0.0
09,2024-05-04,2,2024-05-18,wk inc flu hosp,quantile,0.025,27.138594141132025
10,2024-05-04,2,2024-05-18,wk inc flu hosp,quantile,0.025,0.0
11,2024-05-04,2,2024-05-18,wk inc flu hosp,quantile,0.025,1.3181583920211555
12,2024-05-04,2,2024-05-18,wk inc flu hosp,quantile,0.025,142.95493450260022
13,2024-05-04,2,2024-05-18,wk inc flu hosp,quantile,0.025,0.0
15,2024-05-04,2,2024-05-18,wk inc flu hosp,quantile,0.025,6.511448615420753
16,2024-05-04,2,2024-05-18,wk inc flu hosp,quantile,0.025,2.7457675257437275
17,2024-05-04,2,2024-05-18,wk inc flu hosp,quantile,0.025,5.0248972606323665
18,2024-05-04,2,2024-05-18,wk inc flu hosp,quantile,0.025,3.1489206083416614
19,2024-05-04,2,2024-05-18,wk inc flu hosp,quantile,0.025,0.0
20,2024-05-04,2,2024-05-18,wk inc flu hosp,quantile,0.025,8.26054493160032
21,2024-05-04,2,2024-05-18,wk inc flu hosp,quantile,0.025,0.0
22,2024-05-04,2,2024-05-18,wk inc flu hosp,quantile,0.025,0.0
23,2024-05-04,2,2024-05-18,wk inc flu hosp,quantile,0.025,2.9203360188519287
24,2024-05-04,2,2024-05-18,wk inc flu hosp,quantile,0.025,0.0
25,2024-05-04,2,2024-05-18,wk inc flu hosp,quantile,0.025,6.828616920330216
26,2024-05-04,2,2024-05-18,wk inc flu hosp,quantile,0.025,17.818951922340666
27,2024-05-04,2,2024-05-18,wk inc flu hosp,quantile,0.025,4.682929406005664
28,2024-05-04,2,2024-05-18,wk inc flu hosp,quantile,0.025,5.019530952786297
29,2024-05-04,2,2024-05-18,wk inc flu hosp,quantile,0.025,9.501145273796013
30,2024-05-04,2,2024-05-18,wk inc flu hosp,quantile,0.025,0.0
31,2024-05-04,2,2024-05-18,wk inc flu hosp,quantile,0.025,1.038177069823273
32,2024-05-04,2,2024-05-18,wk inc flu hosp,quantile,0.025,6.828907654262929
33,2024-05-04,2,2024-05-18,wk inc flu hosp,quantile,0.025,0.0
34,2024-05-04,2,2024-05-18,wk inc flu hosp,quantile,0.025,27.904101411113945
35,2024-05-04,2,2024-05-18,wk inc flu hosp,quantile,0.025,5.176935769918582
36,2024-05-04,2,2024-05-18,wk inc flu hosp,quantile,0.025,13.985984063860538
37,2024-05-04,2,2024-05-18,wk inc flu hosp,quantile,0.025,0.0
38,2024-05-04,2,2024-05-18,wk inc flu hosp,quantile,0.025,0.1257085234766349
39,2024-05-04,2,2024-05-18,wk inc flu hosp,quantile,0.025,0.0
40,2024-05-04,2,2024-05-18,wk inc flu hosp,quantile,0.025,5.5920685389729545
41,2024-05-04,2,2024-05-18,wk inc flu hosp,quantile,0.025,6.6260369706637805
42,2024-05-04,2,2024-05-18,wk inc flu hosp,quantile,0.025,32.623878324455546
44,2024-05-04,2,2024-05-18,wk inc flu hosp,quantile,0.025,0.36841856786997124
45,2024-05-04,2,2024-05-18,wk inc flu hosp,quantile,0.025,2.27811713185802
46,2024-05-04,2,2024-05-18,wk inc flu hosp,quantile,0.025,2.8872308578067685
47,2024-05-04,2,2024-05-18,wk inc flu hosp,quantile,0.025,11.269954107921873
48,2024-05-04,2,2024-05-18,wk inc flu hosp,quantile,0.025,63.98590197101247
49,2024-05-04,2,2024-05-18,wk inc flu hosp,quantile,0.025,0.0
50,2024-05-04,2,2024-05-18,wk inc flu hosp,quantile,0.025,0.32613154581959125
51,2024-05-04,2,2024-05-18,wk inc flu hosp,quantile,0.025,13.348196922649105
53,2024-05-04,2,2024-05-18,wk inc flu hosp,quantile,0.025,7.587924918339003
54,2024-05-04,2,2024-05-18,wk inc flu hosp,quantile,0.025,6.26220537009196
55,2024-05-04,2,2024-05-18,wk inc flu hosp,quantile,0.025,0.9159134033877042
56,2024-05-04,2,2024-05-18,wk inc flu hosp,quantile,0.025,0.5824803556118346
72,2024-05-04,2,2024-05-18,wk inc flu hosp,quantile,0.025,24.66085340392658
US,2024-05-04,2,2024-05-18,wk inc flu hosp,quantile,0.025,646.6189528255283
01,2024-05-04,3,2024-05-25,wk inc flu hosp,quantile,0.025,0.0
02,2024-05-04,3,2024-05-25,wk inc flu hosp,quantile,0.025,0.0
04,2024-05-04,3,2024-05-25,wk inc flu hosp,quantile,0.025,49.595049241902565
05,2024-05-04,3,2024-05-25,wk inc flu hosp,quantile,0.025,26.604499017702086
06,2024-05-04,3,2024-05-25,wk inc flu hosp,quantile,0.025,32.80404421782558
08,2024-05-04,3,2024-05-25,wk inc flu hosp,quantile,0.025,0.0
09,2024-05-04,3,2024-05-25,wk inc flu hosp,quantile,0.025,25.601425302702836
10,2024-05-04,3,2024-05-25,wk inc flu hosp,quantile,0.025,0.0
11,2024-05-04,3,2024-05-25,wk inc flu hosp,quantile,0.025,0.2268920962488463
12,2024-05-04,3,2024-05-25,wk inc flu hosp,quantile,0.025,129.85012952131405
13,2024-05-04,3,2024-05-25,wk inc flu hosp,quantile,0.025,0.0
15,2024-05-04,3,2024-05-25,wk inc flu hosp,quantile,0.025,6.267154453621678
16,2024-05-04,3,2024-05-25,wk inc flu hosp,quantile,0.025,2.1436977428462414
17,2024-05-04,3,2024-05-25,wk inc flu hosp,quantile,0.025,0.0
18,2024-05-04,3,2024-05-25,wk inc flu hosp,quantile,0.025,0.0
19,2024-05-04,3,2024-05-25,wk inc flu hosp,quantile,0.025,0.0
20,2024-05-04,3,2024-05-25,wk inc flu hosp,quantile,0.025,6.964009886060689
21,2024-05-04,3,2024-05-25,wk inc flu hosp,quantile,0.025,0.0
22,2024-05-04,3,2024-05-25,wk inc flu hosp,quantile,0.025,0.0
23,2024-05-04,3,2024-05-25,wk inc flu hosp,quantile,0.025,2.5259852296608742
24,2024-05-04,3,2024-05-25,wk inc flu hosp,quantile,0.025,0.0
25,2024-05-04,3,2024-05-25,wk inc flu hosp,quantile,0.025,0.0
26,2024-05-04,3,2024-05-25,wk inc flu hosp,quantile,0.025,6.17044558547116
27,2024-05-04,3,2024-05-25,wk inc flu hosp,quantile,0.025,0.8914949526595206
28,2024-05-04,3,2024-05-25,wk inc flu hosp,quantile,0.025,2.560505581131737
29,2024-05-04,3,2024-05-25,wk inc flu hosp,quantile,0.025,4.230104370076226
30,2024-05-04,3,2024-05-25,wk inc flu hosp,quantile,0.025,0.0
31,2024-05-04,3,2024-05-25,wk inc flu hosp,quantile,0.025,0.0
32,2024-05-04,3,2024-05-25,wk inc flu hosp,quantile,0.025,5.510997894708379
33,2024-05-04,3,2024-05-25,wk inc flu hosp,quantile,0.025,0.0
34,2024-05-04,3,2024-05-25,wk inc flu hosp,quantile,0.025,21.817283001869708
35,2024-05-04,3,2024-05-25,wk inc flu hosp,quantile,0.025,4.582592197987035
36,2024-05-04,3,2024-05-25,wk inc flu hosp,quantile,0.025,0.0
37,2024-05-04,3,2024-05-25,wk inc flu hosp,quantile,0.025,0.0
38,2024-05-04,3,2024-05-25,wk inc flu hosp,quantile,0.025,0.0
39,2024-05-04,3,2024-05-25,wk inc flu hosp,quantile,0.025,0.0
40,2024-05-04,3,2024-05-25,wk inc flu hosp,quantile,0.025,4.745821040929829
41,2024-05-04,3,2024-05-25,wk inc flu hosp,quantile,0.025,5.520676599419575
42,2024-05-04,3,2024-05-25,wk inc flu hosp,quantile,0.025,20.913332762220104
44,2024-05-04,3,2024-05-25,wk inc flu hosp,quantile,0.025,0.0
45,2024-05-04,3,2024-05-25,wk inc flu hosp,quantile,0.025,0.0
46,2024-05-04,3,2024-05-25,wk inc flu hosp,quantile,0.025,2.6684694004446494
47,2024-05-04,3,2024-05-25,wk inc flu hosp,quantile,0.025,7.28451668501994
48,2024-05-04,3,2024-05-25,wk inc flu hosp,quantile,0.025,52.407031570218976
49,2024-05-04,3,2024-05-25,wk inc flu hosp,quantile,0.025,0.0
50,2024-05-04,3,2024-05-25,wk inc flu hosp,quantile,0.025,0.0
51,2024-05-04,3,2024-05-25,wk inc flu hosp,quantile,0.025,6.8953939939616955
53,2024-05-04,3,2024-05-25,wk inc flu hosp,quantile,0.025,5.518003096457809
54,2024-05-04,3,2024-05-25,wk inc flu hosp,quantile,0.025,5.595800011538707
55,2024-05-04,3,2024-05-25,wk inc flu hosp,quantile,0.025,0.0
56,2024-05-04,3,2024-05-25,wk inc flu hosp,quantile,0.025,0.22838459100665878
72,2024-05-04,3,2024-05-25,wk inc flu hosp,quantile,0.025,23.325096730646738
US,2024-05-04,3,2024-05-25,wk inc flu hosp,quantile,0.025,419.07001599420227
01,2024-05-04,0,2024-05-04,wk inc flu hosp,quantile,0.05,2.6230432358218305
02,2024-05-04,0,2024-05-04,wk inc flu hosp,quantile,0.05,1.442666450988465
04,2024-05-04,0,2024-05-04,wk inc flu hosp,quantile,0.05,56.150487755828166
05,2024-05-04,0,2024-05-04,wk inc flu hosp,quantile,0.05,33.635846886581646
06,2024-05-04,0,2024-05-04,wk inc flu hosp,quantile,0.05,110.33340273938703
08,2024-05-04,0,2024-05-04,wk inc flu hosp,quantile,0.05,9.325358477130521
09,2024-05-04,0,2024-05-04,wk inc flu hosp,quantile,0.05,38.45261451851401
10,2024-05-04,0,2024-05-04,wk inc flu hosp,quantile,0.05,0.0
11,2024-05-04,0,2024-05-04,wk inc flu hosp,quantile,0.05,4.328845161357863
12,2024-05-04,0,2024-05-04,wk inc flu hosp,quantile,0.05,222.5060300442666
13,2024-05-04,0,2024-05-04,wk inc flu hosp,quantile,0.05,13.064078698250798
15,2024-05-04,0,2024-05-04,wk inc flu hosp,quantile,0.05,8.187293366040626
16,2024-05-04,0,2024-05-04,wk inc flu hosp,quantile,0.05,5.784682966661361
17,2024-05-04,0,2024-05-04,wk inc flu hosp,quantile,0.05,40.84687359345524
18,2024-05-04,0,2024-05-04,wk inc flu hosp,quantile,0.05,23.763782136411386
19,2024-05-04,0,2024-05-04,wk inc flu hosp,quantile,0.05,8.118639015279381
20,2024-05-04,0,2024-05-04,wk inc flu hosp,quantile,0.05,19.540463576986227
21,2024-05-04,0,2024-05-04,wk inc flu hosp,quantile,0.05,10.809717816929936
22,2024-05-04,0,2024-05-04,wk inc flu hosp,quantile,0.05,7.2636543957338455
23,2024-05-04,0,2024-05-04,wk inc flu hosp,quantile,0.05,6.476678891120494
24,2024-05-04,0,2024-05-04,wk inc flu hosp,quantile,0.05,7.038092640050965
25,2024-05-04,0,2024-05-04,wk inc flu hosp,quantile,0.05,35.48242159892152
26,2024-05-04,0,2024-05-04,wk inc flu hosp,quantile,0.05,73.98505158079983
27,2024-05-04,0,2024-05-04,wk inc flu hosp,quantile,0.05,23.164263828646003
28,2024-05-04,0,2024-05-04,wk inc flu hosp,quantile,0.05,13.842401955839327
29,2024-05-04,0,2024-05-04,wk inc flu hosp,quantile,0.05,35.387276305177615
30,2024-05-04,0,2024-05-04,wk inc flu hosp,quantile,0.05,0.0
31,2024-05-04,0,2024-05-04,wk inc flu hosp,quantile,0.05,8.41346022539219
32,2024-05-04,0,2024-05-04,wk inc flu hosp,quantile,0.05,15.201301481798351
33,2024-05-04,0,2024-05-04,wk inc flu hosp,quantile,0.05,0.24310496959689418
34,2024-05-04,0,2024-05-04,wk inc flu hosp,quantile,0.05,66.98344890983296
35,2024-05-04,0,2024-05-04,wk inc flu hosp,quantile,0.05,7.70032473497882
36,2024-05-04,0,2024-05-04,wk inc flu hosp,quantile,0.05,78.0004602824319
37,2024-05-04,0,2024-05-04,wk inc flu hosp,quantile,0.05,0.0
38,2024-05-04,0,2024-05-04,wk inc flu hosp,quantile,0.05,2.822260612334094
39,2024-05-04,0,2024-05-04,wk inc flu hosp,quantile,0.05,39.030757821394076
40,2024-05-04,0,2024-05-04,wk inc flu hosp,quantile,0.05,11.061704926665128
41,2024-05-04,0,2024-05-04,wk inc flu hosp,quantile,0.05,13.093628237654528
42,2024-05-04,0,2024-05-04,wk inc flu hosp,quantile,0.05,75.7658956493405
44,2024-05-04,0,2024-05-04,wk inc flu hosp,quantile,0.05,3.3623332529469265
45,2024-05-04,0,2024-05-04,wk inc flu hosp,quantile,0.05,13.283304961480795
46,2024-05-04,0,2024-05-04,wk inc flu hosp,quantile,0.05,6.45461720692773
47,2024-05-04,0,2024-05-04,wk inc flu hosp,quantile,0.05,30.894589607406434
48,2024-05-04,0,2024-05-04,wk inc flu hosp,quantile,0.05,125.2914959767865
49,2024-05-04,0,2024-05-04,wk inc flu hosp,quantile,0.05,0.0
50,2024-05-04,0,2024-05-04,wk inc flu hosp,quantile,0.05,2.6004784686262954
51,2024-05-04,0,2024-05-04,wk inc flu hosp,quantile,0.05,36.1468618609035
53,2024-05-04,0,2024-05-04,wk inc flu hosp,quantile,0.05,13.824310897611612
54,2024-05-04,0,2024-05-04,wk inc flu hosp,quantile,0.05,10.265206904544078
55,2024-05-04,0,2024-05-04,wk inc flu hosp,quantile,0.05,19.44492813554118
56,2024-05-04,0,2024-05-04,wk inc flu hosp,quantile,0.05,1.5666947904436244
72,2024-05-04,0,2024-05-04,wk inc flu hosp,quantile,0.05,28.803989049587386
US,2024-05-04,0,2024-05-04,wk inc flu hosp,quantile,0.05,1658.9136257340062
01,2024-05-04,1,2024-05-11,wk inc flu hosp,quantile,0.05,1.9871116938569922
02,2024-05-04,1,2024-05-11,wk inc flu hosp,quantile,0.05,0.5934112937428515
04,2024-05-04,1,2024-05-11,wk inc flu hosp,quantile,0.05,58.48217239500568
05,2024-05-04,1,2024-05-11,wk inc flu hosp,quantile,0.05,30.533587947290513
06,2024-05-04,1,2024-05-11,wk inc flu hosp,quantile,0.05,85.23141326206844
08,2024-05-04,1,2024-05-11,wk inc flu hosp,quantile,0.05,2.326047392358778
09,2024-05-04,1,2024-05-11,wk inc flu hosp,quantile,0.05,33.65519745772826
10,2024-05-04,1,2024-05-11,wk inc flu hosp,quantile,0.05,0.0
11,2024-05-04,1,2024-05-11,wk inc flu hosp,quantile,0.05,2.5933570199638467
12,2024-05-04,1,2024-05-11,wk inc flu hosp,quantile,0.05,190.76623238953565
13,2024-05-04,1,2024-05-11,wk inc flu hosp,quantile,0.05,6.366766748175806
15,2024-05-04,1,2024-05-11,wk inc flu hosp,quantile,0.05,7.9153804814916535
16,2024-05-04,1,2024-05-11,wk inc flu hosp,quantile,0.05,4.444765522861586
17,2024-05-04,1,2024-05-11,wk inc flu hosp,quantile,0.05,20.07591695626199
18,2024-05-04,1,2024-05-11,wk inc flu hosp,quantile,0.05,12.908744903093034
19,2024-05-04,1,2024-05-11,wk inc flu hosp,quantile,0.05,2.423578985214104
20,2024-05-04,1,2024-05-11,wk inc flu hosp,quantile,0.05,12.510165301626998
21,2024-05-04,1,2024-05-11,wk inc flu hosp,quantile,0.05,2.4564566465203783
22,2024-05-04,1,2024-05-11,wk inc flu hosp,quantile,0.05,3.1965297097288246
23,2024-05-04,1,2024-05-11,wk inc flu hosp,quantile,0.05,4.907428001223054
24,2024-05-04,1,2024-05-11,wk inc flu hosp,quantile,0.05,0.0
25,2024-05-04,1,2024-05-11,wk inc flu hosp,quantile,0.05,19.280153537757776
26,2024-05-04,1,2024-05-11,wk inc flu hosp,quantile,0.05,42.820249745979794
27,2024-05-04,1,2024-05-11,wk inc flu hosp,quantile,0.05,12.587098261571247
28,2024-05-04,1,2024-05-11,wk inc flu hosp,quantile,0.05,11.216711533376381
29,2024-05-04,1,2024-05-11,wk inc flu hosp,quantile,0.05,20.10955537888407
30,2024-05-04,1,2024-05-11,wk inc flu hosp,quantile,0.05,0.0
31,2024-05-04,1,2024-05-11,wk inc flu hosp,quantile,0.05,4.42023421007668
32,2024-05-04,1,2024-05-11,wk inc flu hosp,quantile,0.05,11.392136570477014
33,2024-05-04,1,2024-05-11,wk inc flu hosp,quantile,0.05,0.0
34,2024-05-04,1,2024-05-11,wk inc flu hosp,quantile,0.05,44.419456636465576
35,2024-05-04,1,2024-05-11,wk inc flu hosp,quantile,0.05,6.940770497752425
36,2024-05-04,1,2024-05-11,wk inc flu hosp,quantile,0.05,40.9882730716699
37,2024-05-04,1,2024-05-11,wk inc flu hosp,quantile,0.05,0.0
38,2024-05-04,1,2024-05-11,wk inc flu hosp,quantile,0.05,1.129008886175246
39,2024-05-04,1,2024-05-11,wk inc flu hosp,quantile,0.05,16.69579382797373
40,2024-05-04,1,2024-05-11,wk inc flu hosp,quantile,0.05,9.686357476721085
41,2024-05-04,1,2024-05-11,wk inc flu hosp,quantile,0.05,10.343355639824274
42,2024-05-04,1,2024-05-11,wk inc flu hosp,quantile,0.05,53.194710483163725
44,2024-05-04,1,2024-05-11,wk inc flu hosp,quantile,0.05,1.5765115763982942
45,2024-05-04,1,2024-05-11,wk inc flu hosp,quantile,0.05,7.68985710357503
46,2024-05-04,1,2024-05-11,wk inc flu hosp,quantile,0.05,4.951589201956283
47,2024-05-04,1,2024-05-11,wk inc flu hosp,quantile,0.05,21.173517934127226
48,2024-05-04,1,2024-05-11,wk inc flu hosp,quantile,0.05,103.4255104883419
49,2024-05-04,1,2024-05-11,wk inc flu hosp,quantile,0.05,0.0
50,2024-05-04,1,2024-05-11,wk inc flu hosp,quantile,0.05,1.2462377761786148
51,2024-05-04,1,2024-05-11,wk inc flu hosp,quantile,0.05,24.293369416733128
53,2024-05-04,1,2024-05-11,wk inc flu hosp,quantile,0.05,12.746360649320346
54,2024-05-04,1,2024-05-11,wk inc flu hosp,quantile,0.05,8.561176947364306
55,2024-05-04,1,2024-05-11,wk inc flu hosp,quantile,0.05,8.423979747261761
56,2024-05-04,1,2024-05-11,wk inc flu hosp,quantile,0.05,1.4760891021456275
72,2024-05-04,1,2024-05-11,wk inc flu hosp,quantile,0.05,28.4497281862274
US,2024-05-04,1,2024-05-11,wk inc flu hosp,quantile,0.05,1113.1311452644456
01,2024-05-04,2,2024-05-18,wk inc flu hosp,quantile,0.05,0.618766007610847
02,2024-05-04,2,2024-05-18,wk inc flu hosp,quantile,0.05,0.06215321225441243
04,2024-05-04,2,2024-05-18,wk inc flu hosp,quantile,0.05,58.502271447382256
05,2024-05-04,2,2024-05-18,wk inc flu hosp,quantile,0.05,29.088886147221878
06,2024-05-04,2,2024-05-18,wk inc flu hosp,quantile,0.05,58.73777195887565
08,2024-05-04,2,2024-05-18,wk inc flu hosp,quantile,0.05,0.0
09,2024-05-04,2,2024-05-18,wk inc flu hosp,quantile,0.05,28.14681439768387
10,2024-05-04,2,2024-05-18,wk inc flu hosp,quantile,0.05,0.0
11,2024-05-04,2,2024-05-18,wk inc flu hosp,quantile,0.05,1.3710506117514267
12,2024-05-04,2,2024-05-18,wk inc flu hosp,quantile,0.05,165.03473617355596
13,2024-05-04,2,2024-05-18,wk inc flu hosp,quantile,0.05,0.0
15,2024-05-04,2,2024-05-18,wk inc flu hosp,quantile,0.05,7.71374639071623
16,2024-05-04,2,2024-05-18,wk inc flu hosp,quantile,0.05,3.72117612455508
17,2024-05-04,2,2024-05-18,wk inc flu hosp,quantile,0.05,6.676472954456918
18,2024-05-04,2,2024-05-18,wk inc flu hosp,quantile,0.05,5.0267363984806455
19,2024-05-04,2,2024-05-18,wk inc flu hosp,quantile,0.05,0.0
20,2024-05-04,2,2024-05-18,wk inc flu hosp,quantile,0.05,9.387218502390402
21,2024-05-04,2,2024-05-18,wk inc flu hosp,quantile,0.05,0.0
22,2024-05-04,2,2024-05-18,wk inc flu hosp,quantile,0.05,0.0
23,2024-05-04,2,2024-05-18,wk inc flu hosp,quantile,0.05,4.079414727517983
24,2024-05-04,2,2024-05-18,wk inc flu hosp,quantile,0.05,0.0
25,2024-05-04,2,2024-05-18,wk inc flu hosp,quantile,0.05,7.593319942713582
26,2024-05-04,2,2024-05-18,wk inc flu hosp,quantile,0.05,20.14654339385774
27,2024-05-04,2,2024-05-18,wk inc flu hosp,quantile,0.05,6.0694055948301315
28,2024-05-04,2,2024-05-18,wk inc flu hosp,quantile,0.05,7.9484327731911435
29,2024-05-04,2,2024-05-18,wk inc flu hosp,quantile,0.05,11.44040400168793
30,2024-05-04,2,2024-05-18,wk inc flu hosp,quantile,0.05,0.0
31,2024-05-04,2,2024-05-18,wk inc flu hosp,quantile,0.05,1.4245790874354824
32,2024-05-04,2,2024-05-18,wk inc flu hosp,quantile,0.05,8.836188169640076
33,2024-05-04,2,2024-05-18,wk inc flu hosp,quantile,0.05,0.0
34,2024-05-04,2,2024-05-18,wk inc flu hosp,quantile,0.05,33.24919430370867
35,2024-05-04,2,2024-05-18,wk inc flu hosp,quantile,0.05,6.204325613921647
36,2024-05-04,2,2024-05-18,wk inc flu hosp,quantile,0.05,15.37270466054501
37,2024-05-04,2,2024-05-18,wk inc flu hosp,quantile,0.05,0.0
38,2024-05-04,2,2024-05-18,wk inc flu hosp,quantile,0.05,0.2461686230816281
39,2024-05-04,2,2024-05-18,wk inc flu hosp,quantile,0.05,1.7386054366358878
40,2024-05-04,2,2024-05-18,wk inc flu hosp,quantile,0.05,7.553470992345263
41,2024-05-04,2,2024-05-18,wk inc flu hosp,quantile,0.05,7.006802887607901
42,2024-05-04,2,2024-05-18,wk inc flu hosp,quantile,0.05,37.18020722003037
44,2024-05-04,2,2024-05-18,wk inc flu hosp,quantile,0.05,0.5250227968989675
45,2024-05-04,2,2024-05-18,wk inc flu hosp,quantile,0.05,2.7883025026486106
46,2024-05-04,2,2024-05-18,wk inc flu hosp,quantile,0.05,4.032377794421026
47,2024-05-04,2,2024-05-18,wk inc flu hosp,quantile,0.05,14.537419476415417
48,2024-05-04,2,2024-05-18,wk inc flu hosp,quantile,0.05,81.58598769045042
49,2024-05-04,2,2024-05-18,wk inc flu hosp,quantile,0.05,0.0
50,2024-05-04,2,2024-05-18,wk inc flu hosp,quantile,0.05,0.5632256817396438
51,2024-05-04,2,2024-05-18,wk inc flu hosp,quantile,0.05,15.421052964716303
53,2024-05-04,2,2024-05-18,wk inc flu hosp,quantile,0.05,10.097363268213384
54,2024-05-04,2,2024-05-18,wk inc flu hosp,quantile,0.05,6.661847869951559
55,2024-05-04,2,2024-05-18,wk inc flu hosp,quantile,0.05,1.644156912320451
56,2024-05-04,2,2024-05-18,wk inc flu hosp,quantile,0.05,1.2078709011402784
72,2024-05-04,2,2024-05-18,wk inc flu hosp,quantile,0.05,27.45626749528414
US,2024-05-04,2,2024-05-18,wk inc flu hosp,quantile,0.05,783.4155624340663
01,2024-05-04,3,2024-05-25,wk inc flu hosp,quantile,0.05,0.3070804410942949
02,2024-05-04,3,2024-05-25,wk inc flu hosp,quantile,0.05,0.0
04,2024-05-04,3,2024-05-25,wk inc flu hosp,quantile,0.05,57.10791295330489
05,2024-05-04,3,2024-05-25,wk inc flu hosp,quantile,0.05,29.586107374631684
06,2024-05-04,3,2024-05-25,wk inc flu hosp,quantile,0.05,42.96502110080054
08,2024-05-04,3,2024-05-25,wk inc flu hosp,quantile,0.05,0.0
09,2024-05-04,3,2024-05-25,wk inc flu hosp,quantile,0.05,29.741370325465795
10,2024-05-04,3,2024-05-25,wk inc flu hosp,quantile,0.05,0.0
11,2024-05-04,3,2024-05-25,wk inc flu hosp,quantile,0.05,0.3116502730265736
12,2024-05-04,3,2024-05-25,wk inc flu hosp,quantile,0.05,160.97002406842375
13,2024-05-04,3,2024-05-25,wk inc flu hosp,quantile,0.05,0.0
15,2024-05-04,3,2024-05-25,wk inc flu hosp,quantile,0.05,7.826978401781734
16,2024-05-04,3,2024-05-25,wk inc flu hosp,quantile,0.05,3.9727772785895095
17,2024-05-04,3,2024-05-25,wk inc flu hosp,quantile,0.05,0.0
18,2024-05-04,3,2024-05-25,wk inc flu hosp,quantile,0.05,0.0
19,2024-05-04,3,2024-05-25,wk inc flu hosp,quantile,0.05,0.0
20,2024-05-04,3,2024-05-25,wk inc flu hosp,quantile,0.05,8.296075969420855
21,2024-05-04,3,2024-05-25,wk inc flu hosp,quantile,0.05,0.0
22,2024-05-04,3,2024-05-25,wk inc flu hosp,quantile,0.05,0.0
23,2024-05-04,3,2024-05-25,wk inc flu hosp,quantile,0.05,4.290377721890053
24,2024-05-04,3,2024-05-25,wk inc flu hosp,quantile,0.05,0.0
25,2024-05-04,3,2024-05-25,wk inc flu hosp,quantile,0.05,0.0
26,2024-05-04,3,2024-05-25,wk inc flu hosp,quantile,0.05,9.121497489080015
27,2024-05-04,3,2024-05-25,wk inc flu hosp,quantile,0.05,1.219078822316796
28,2024-05-04,3,2024-05-25,wk inc flu hosp,quantile,0.05,5.897990248275899
29,2024-05-04,3,2024-05-25,wk inc flu hosp,quantile,0.05,5.483453686834537
30,2024-05-04,3,2024-05-25,wk inc flu hosp,quantile,0.05,0.0
31,2024-05-04,3,2024-05-25,wk inc flu hosp,quantile,0.05,0.0
32,2024-05-04,3,2024-05-25,wk inc flu hosp,quantile,0.05,8.623304745931053
33,2024-05-04,3,2024-05-25,wk inc flu hosp,quantile,0.05,0.0
34,2024-05-04,3,2024-05-25,wk inc flu hosp,quantile,0.05,27.66967701392958
35,2024-05-04,3,2024-05-25,wk inc flu hosp,quantile,0.05,5.789158018222107
36,2024-05-04,3,2024-05-25,wk inc flu hosp,quantile,0.05,0.0
37,2024-05-04,3,2024-05-25,wk inc flu hosp,quantile,0.05,0.0
38,2024-05-04,3,2024-05-25,wk inc flu hosp,quantile,0.05,0.0
39,2024-05-04,3,2024-05-25,wk inc flu hosp,quantile,0.05,0.0
40,2024-05-04,3,2024-05-25,wk inc flu hosp,quantile,0.05,7.496834470393217
41,2024-05-04,3,2024-05-25,wk inc flu hosp,quantile,0.05,7.774522659857541
42,2024-05-04,3,2024-05-25,wk inc flu hosp,quantile,0.05,25.84084401606225
44,2024-05-04,3,2024-05-25,wk inc flu hosp,quantile,0.05,0.0
45,2024-05-04,3,2024-05-25,wk inc flu hosp,quantile,0.05,0.0
46,2024-05-04,3,2024-05-25,wk inc flu hosp,quantile,0.05,3.991819910731713
47,2024-05-04,3,2024-05-25,wk inc flu hosp,quantile,0.05,10.320853358689385
48,2024-05-04,3,2024-05-25,wk inc flu hosp,quantile,0.05,70.93617453207415
49,2024-05-04,3,2024-05-25,wk inc flu hosp,quantile,0.05,0.0
50,2024-05-04,3,2024-05-25,wk inc flu hosp,quantile,0.05,0.0
51,2024-05-04,3,2024-05-25,wk inc flu hosp,quantile,0.05,8.261001562339532
53,2024-05-04,3,2024-05-25,wk inc flu hosp,quantile,0.05,9.621687481762832
54,2024-05-04,3,2024-05-25,wk inc flu hosp,quantile,0.05,6.8503582345499145
55,2024-05-04,3,2024-05-25,wk inc flu hosp,quantile,0.05,0.0
56,2024-05-04,3,2024-05-25,wk inc flu hosp,quantile,0.05,0.9564822040630272
72,2024-05-04,3,2024-05-25,wk inc flu hosp,quantile,0.05,27.010516819831246
US,2024-05-04,3,2024-05-25,wk inc flu hosp,quantile,0.05,593.9361235062375
01,2024-05-04,0,2024-05-04,wk inc flu hosp,quantile,0.1,5.376220388529581
02,2024-05-04,0,2024-05-04,wk inc flu hosp,quantile,0.1,1.5788246025893367
04,2024-05-04,0,2024-05-04,wk inc flu hosp,quantile,0.1,66.42647515957646
05,2024-05-04,0,2024-05-04,wk inc flu hosp,quantile,0.1,37.155118250586135
06,2024-05-04,0,2024-05-04,wk inc flu hosp,quantile,0.1,111.09040047016146
08,2024-05-04,0,2024-05-04,wk inc flu hosp,quantile,0.1,10.382374320788898
09,2024-05-04,0,2024-05-04,wk inc flu hosp,quantile,0.1,41.517478713123396
10,2024-05-04,0,2024-05-04,wk inc flu hosp,quantile,0.1,0.006390919633951647
11,2024-05-04,0,2024-05-04,wk inc flu hosp,quantile,0.1,4.651881607708164
12,2024-05-04,0,2024-05-04,wk inc flu hosp,quantile,0.1,238.33119103058215
13,2024-05-04,0,2024-05-04,wk inc flu hosp,quantile,0.1,14.580065163717666
15,2024-05-04,0,2024-05-04,wk inc flu hosp,quantile,0.1,8.981328949638897
16,2024-05-04,0,2024-05-04,wk inc flu hosp,quantile,0.1,6.648618362741745
17,2024-05-04,0,2024-05-04,wk inc flu hosp,quantile,0.1,45.676799156792306
18,2024-05-04,0,2024-05-04,wk inc flu hosp,quantile,0.1,23.94446611815465
19,2024-05-04,0,2024-05-04,wk inc flu hosp,quantile,0.1,9.230629621682574
20,2024-05-04,0,2024-05-04,wk inc flu hosp,quantile,0.1,20.031142232927795
21,2024-05-04,0,2024-05-04,wk inc flu hosp,quantile,0.1,11.44512583357632
22,2024-05-04,0,2024-05-04,wk inc flu hosp,quantile,0.1,7.662816635386452
23,2024-05-04,0,2024-05-04,wk inc flu hosp,quantile,0.1,8.691171040420489
24,2024-05-04,0,2024-05-04,wk inc flu hosp,quantile,0.1,7.816720561708518
25,2024-05-04,0,2024-05-04,wk inc flu hosp,quantile,0.1,38.25814000003605
26,2024-05-04,0,2024-05-04,wk inc flu hosp,quantile,0.1,74.24907787592268
27,2024-05-04,0,2024-05-04,wk inc flu hosp,quantile,0.1,24.46175386731043
28,2024-05-04,0,2024-05-04,wk inc flu hosp,quantile,0.1,14.21755540314056
29,2024-05-04,0,2024-05-04,wk inc flu hosp,quantile,0.1,35.55057063597595
30,2024-05-04,0,2024-05-04,wk inc flu hosp,quantile,0.1,0.24272570749298156
31,2024-05-04,0,2024-05-04,wk inc flu hosp,quantile,0.1,9.191926635338897
32,2024-05-04,0,2024-05-04,wk inc flu hosp,quantile,0.1,16.50677931911123
33,2024-05-04,0,2024-05-04,wk inc flu hosp,quantile,0.1,0.6817443770002208
34,2024-05-04,0,2024-05-04,wk inc flu hosp,quantile,0.1,67.64789709180057
35,2024-05-04,0,2024-05-04,wk inc flu hosp,quantile,0.1,8.223125529576963
36,2024-05-04,0,2024-05-04,wk inc flu hosp,quantile,0.1,87.79855247629084
37,2024-05-04,0,2024-05-04,wk inc flu hosp,quantile,0.1,0.0
38,2024-05-04,0,2024-05-04,wk inc flu hosp,quantile,0.1,3.1401834606893706
39,2024-05-04,0,2024-05-04,wk inc flu hosp,quantile,0.1,42.0883649287114
40,2024-05-04,0,2024-05-04,wk inc flu hosp,quantile,0.1,14.234262530240159
41,2024-05-04,0,2024-05-04,wk inc flu hosp,quantile,0.1,17.329665375180554
42,2024-05-04,0,2024-05-04,wk inc flu hosp,quantile,0.1,80.79645659660359
44,2024-05-04,0,2024-05-04,wk inc flu hosp,quantile,0.1,3.8200792830111663
45,2024-05-04,0,2024-05-04,wk inc flu hosp,quantile,0.1,15.836492767059347
46,2024-05-04,0,2024-05-04,wk inc flu hosp,quantile,0.1,8.455913521269428
47,2024-05-04,0,2024-05-04,wk inc flu hosp,quantile,0.1,31.47544353893789
48,2024-05-04,0,2024-05-04,wk inc flu hosp,quantile,0.1,130.52594659365374
49,2024-05-04,0,2024-05-04,wk inc flu hosp,quantile,0.1,0.0
50,2024-05-04,0,2024-05-04,wk inc flu hosp,quantile,0.1,2.9513290225748827
51,2024-05-04,0,2024-05-04,wk inc flu hosp,quantile,0.1,37.63256909141155
53,2024-05-04,0,2024-05-04,wk inc flu hosp,quantile,0.1,18.11202117471773
54,2024-05-04,0,2024-05-04,wk inc flu hosp,quantile,0.1,12.180331433143976
55,2024-05-04,0,2024-05-04,wk inc flu hosp,quantile,0.1,21.340269113888734
56,2024-05-04,0,2024-05-04,wk inc flu hosp,quantile,0.1,2.0330701120393972
72,2024-05-04,0,2024-05-04,wk inc flu hosp,quantile,0.1,32.18841252388741
US,2024-05-04,0,2024-05-04,wk inc flu hosp,quantile,0.1,1679.985688327926
01,2024-05-04,1,2024-05-11,wk inc flu hosp,quantile,0.1,4.01676901834905
02,2024-05-04,1,2024-05-11,wk inc flu hosp,quantile,0.1,0.7428659946389207
04,2024-05-04,1,2024-05-11,wk inc flu hosp,quantile,0.1,70.69423300292104
05,2024-05-04,1,2024-05-11,wk inc flu hosp,quantile,0.1,34.46718236315204
06,2024-05-04,1,2024-05-11,wk inc flu hosp,quantile,0.1,86.78894946608072
08,2024-05-04,1,2024-05-11,wk inc flu hosp,quantile,0.1,4.2154445627844215
09,2024-05-04,1,2024-05-11,wk inc flu hosp,quantile,0.1,37.42966397494223
10,2024-05-04,1,2024-05-11,wk inc flu hosp,quantile,0.1,0.0
11,2024-05-04,1,2024-05-11,wk inc flu hosp,quantile,0.1,3.139891475921449
12,2024-05-04,1,2024-05-11,wk inc flu hosp,quantile,0.1,215.98578700778063
13,2024-05-04,1,2024-05-11,wk inc flu hosp,quantile,0.1,6.5361300125166055
15,2024-05-04,1,2024-05-11,wk inc flu hosp,quantile,0.1,8.880179006520667
16,2024-05-04,1,2024-05-11,wk inc flu hosp,quantile,0.1,5.750945866314714
17,2024-05-04,1,2024-05-11,wk inc flu hosp,quantile,0.1,27.74930260972824
18,2024-05-04,1,2024-05-11,wk inc flu hosp,quantile,0.1,13.426254563136121
19,2024-05-04,1,2024-05-11,wk inc flu hosp,quantile,0.1,3.787696785306148
20,2024-05-04,1,2024-05-11,wk inc flu hosp,quantile,0.1,15.134798098818344
21,2024-05-04,1,2024-05-11,wk inc flu hosp,quantile,0.1,3.637010228285844
22,2024-05-04,1,2024-05-11,wk inc flu hosp,quantile,0.1,3.2501933586545535
23,2024-05-04,1,2024-05-11,wk inc flu hosp,quantile,0.1,7.419463053357647
24,2024-05-04,1,2024-05-11,wk inc flu hosp,quantile,0.1,0.5871578195214663
25,2024-05-04,1,2024-05-11,wk inc flu hosp,quantile,0.1,23.329521619054237
26,2024-05-04,1,2024-05-11,wk inc flu hosp,quantile,0.1,44.29197091420616
27,2024-05-04,1,2024-05-11,wk inc flu hosp,quantile,0.1,13.809540546913455
28,2024-05-04,1,2024-05-11,wk inc flu hosp,quantile,0.1,11.337840275832212
29,2024-05-04,1,2024-05-11,wk inc flu hosp,quantile,0.1,22.105510483322263
30,2024-05-04,1,2024-05-11,wk inc flu hosp,quantile,0.1,0.0
31,2024-05-04,1,2024-05-11,wk inc flu hosp,quantile,0.1,5.348139652108396
32,2024-05-04,1,2024-05-11,wk inc flu hosp,quantile,0.1,15.303616267444612
33,2024-05-04,1,2024-05-11,wk inc flu hosp,quantile,0.1,0.0
34,2024-05-04,1,2024-05-11,wk inc flu hosp,quantile,0.1,50.56904602831169
35,2024-05-04,1,2024-05-11,wk inc flu hosp,quantile,0.1,7.63000408704589
36,2024-05-04,1,2024-05-11,wk inc flu hosp,quantile,0.1,53.02590954088654
37,2024-05-04,1,2024-05-11,wk inc flu hosp,quantile,0.1,0.0
38,2024-05-04,1,2024-05-11,wk inc flu hosp,quantile,0.1,1.526019144028916
39,2024-05-04,1,2024-05-11,wk inc flu hosp,quantile,0.1,19.883637179424802
40,2024-05-04,1,2024-05-11,wk inc flu hosp,quantile,0.1,12.925255600951782
41,2024-05-04,1,2024-05-11,wk inc flu hosp,quantile,0.1,16.11539045410155
42,2024-05-04,1,2024-05-11,wk inc flu hosp,quantile,0.1,56.78614013041257
44,2024-05-04,1,2024-05-11,wk inc flu hosp,quantile,0.1,2.3019725500657855
45,2024-05-04,1,2024-05-11,wk inc flu hosp,quantile,0.1,9.444170203125589
46,2024-05-04,1,2024-05-11,wk inc flu hosp,quantile,0.1,7.033793836774209
47,2024-05-04,1,2024-05-11,wk inc flu hosp,quantile,0.1,23.189295819693402
48,2024-05-04,1,2024-05-11,wk inc flu hosp,quantile,0.1,110.8618661532682
49,2024-05-04,1,2024-05-11,wk inc flu hosp,quantile,0.1,0.0010201272469152474
50,2024-05-04,1,2024-05-11,wk inc flu hosp,quantile,0.1,1.7035432568177977
51,2024-05-04,1,2024-05-11,wk inc flu hosp,quantile,0.1,26.443255534800958
53,2024-05-04,1,2024-05-11,wk inc flu hosp,quantile,0.1,18.305418318059946
54,2024-05-04,1,2024-05-11,wk inc flu hosp,quantile,0.1,9.450816621642298
55,2024-05-04,1,2024-05-11,wk inc flu hosp,quantile,0.1,10.060381153866691
56,2024-05-04,1,2024-05-11,wk inc flu hosp,quantile,0.1,1.9088990111619004
72,2024-05-04,1,2024-05-11,wk inc flu hosp,quantile,0.1,33.08388708373033
US,2024-05-04,1,2024-05-11,wk inc flu hosp,quantile,0.1,1213.060981475246
01,2024-05-04,2,2024-05-18,wk inc flu hosp,quantile,0.1,2.469895469434377
02,2024-05-04,2,2024-05-18,wk inc flu hosp,quantile,0.1,0.1795144709464365
04,2024-05-04,2,2024-05-18,wk inc flu hosp,quantile,0.1,69.02796572229843
05,2024-05-04,2,2024-05-18,wk inc flu hosp,quantile,0.1,31.781106771590846
06,2024-05-04,2,2024-05-18,wk inc flu hosp,quantile,0.1,63.01253248978006
08,2024-05-04,2,2024-05-18,wk inc flu hosp,quantile,0.1,0.0
09,2024-05-04,2,2024-05-18,wk inc flu hosp,quantile,0.1,33.788936483273496
10,2024-05-04,2,2024-05-18,wk inc flu hosp,quantile,0.1,0.0
11,2024-05-04,2,2024-05-18,wk inc flu hosp,quantile,0.1,1.4387089568952292
12,2024-05-04,2,2024-05-18,wk inc flu hosp,quantile,0.1,185.74854559744298
13,2024-05-04,2,2024-05-18,wk inc flu hosp,quantile,0.1,0.0
15,2024-05-04,2,2024-05-18,wk inc flu hosp,quantile,0.1,8.599787605742934
16,2024-05-04,2,2024-05-18,wk inc flu hosp,quantile,0.1,4.719269947078727
17,2024-05-04,2,2024-05-18,wk inc flu hosp,quantile,0.1,9.088657427569741
18,2024-05-04,2,2024-05-18,wk inc flu hosp,quantile,0.1,5.7340372108881486
19,2024-05-04,2,2024-05-18,wk inc flu hosp,quantile,0.1,0.0
20,2024-05-04,2,2024-05-18,wk inc flu hosp,quantile,0.1,11.426310883709991
21,2024-05-04,2,2024-05-18,wk inc flu hosp,quantile,0.1,0.0
22,2024-05-04,2,2024-05-18,wk inc flu hosp,quantile,0.1,0.0
23,2024-05-04,2,2024-05-18,wk inc flu hosp,quantile,0.1,6.277658213355685
24,2024-05-04,2,2024-05-18,wk inc flu hosp,quantile,0.1,0.0
25,2024-05-04,2,2024-05-18,wk inc flu hosp,quantile,0.1,8.219963879664872
26,2024-05-04,2,2024-05-18,wk inc flu hosp,quantile,0.1,22.102825245112516
27,2024-05-04,2,2024-05-18,wk inc flu hosp,quantile,0.1,6.724983767323747
28,2024-05-04,2,2024-05-18,wk inc flu hosp,quantile,0.1,8.965280822873764
29,2024-05-04,2,2024-05-18,wk inc flu hosp,quantile,0.1,12.839809169547845
30,2024-05-04,2,2024-05-18,wk inc flu hosp,quantile,0.1,0.0
31,2024-05-04,2,2024-05-18,wk inc flu hosp,quantile,0.1,1.6488587732399465
32,2024-05-04,2,2024-05-18,wk inc flu hosp,quantile,0.1,12.214902400172777
33,2024-05-04,2,2024-05-18,wk inc flu hosp,quantile,0.1,0.0
34,2024-05-04,2,2024-05-18,wk inc flu hosp,quantile,0.1,39.22343638714499
35,2024-05-04,2,2024-05-18,wk inc flu hosp,quantile,0.1,6.368580418406852
36,2024-05-04,2,2024-05-18,wk inc flu hosp,quantile,0.1,17.895214891188743
37,2024-05-04,2,2024-05-18,wk inc flu hosp,quantile,0.1,0.0
38,2024-05-04,2,2024-05-18,wk inc flu hosp,quantile,0.1,0.26109407689649305
39,2024-05-04,2,2024-05-18,wk inc flu hosp,quantile,0.1,2.617090879126957
40,2024-05-04,2,2024-05-18,wk inc flu hosp,quantile,0.1,10.536320824541333
41,2024-05-04,2,2024-05-18,wk inc flu hosp,quantile,0.1,13.93383680467182
42,2024-05-04,2,2024-05-18,wk inc flu hosp,quantile,0.1,40.01206339094442
44,2024-05-04,2,2024-05-18,wk inc flu hosp,quantile,0.1,0.6337492979554444
45,2024-05-04,2,2024-05-18,wk inc flu hosp,quantile,0.1,4.18126717626565
46,2024-05-04,2,2024-05-18,wk inc flu hosp,quantile,0.1,6.025967759217528
47,2024-05-04,2,2024-05-18,wk inc flu hosp,quantile,0.1,16.38651227584887
48,2024-05-04,2,2024-05-18,wk inc flu hosp,quantile,0.1,84.93899083941761
49,2024-05-04,2,2024-05-18,wk inc flu hosp,quantile,0.1,0.0
50,2024-05-04,2,2024-05-18,wk inc flu hosp,quantile,0.1,0.7073193027252513
51,2024-05-04,2,2024-05-18,wk inc flu hosp,quantile,0.1,15.68410903884391
53,2024-05-04,2,2024-05-18,wk inc flu hosp,quantile,0.1,15.101687300572479
54,2024-05-04,2,2024-05-18,wk inc flu hosp,quantile,0.1,8.187922379783096
55,2024-05-04,2,2024-05-18,wk inc flu hosp,quantile,0.1,1.8259442989111854
56,2024-05-04,2,2024-05-18,wk inc flu hosp,quantile,0.1,1.6404704573854807
72,2024-05-04,2,2024-05-18,wk inc flu hosp,quantile,0.1,31.23690120884895
US,2024-05-04,2,2024-05-18,wk inc flu hosp,quantile,0.1,886.4612165073428
01,2024-05-04,3,2024-05-25,wk inc flu hosp,quantile,0.1,1.6295239717004357
02,2024-05-04,3,2024-05-25,wk inc flu hosp,quantile,0.1,0.0
04,2024-05-04,3,2024-05-25,wk inc flu hosp,quantile,0.1,67.95130434915548
05,2024-05-04,3,2024-05-25,wk inc flu hosp,quantile,0.1,31.08759700822857
06,2024-05-04,3,2024-05-25,wk inc flu hosp,quantile,0.1,47.07268709461815
08,2024-05-04,3,2024-05-25,wk inc flu hosp,quantile,0.1,0.0
09,2024-05-04,3,2024-05-25,wk inc flu hosp,quantile,0.1,33.066530811898645
10,2024-05-04,3,2024-05-25,wk inc flu hosp,quantile,0.1,0.0
11,2024-05-04,3,2024-05-25,wk inc flu hosp,quantile,0.1,0.48120372332326483
12,2024-05-04,3,2024-05-25,wk inc flu hosp,quantile,0.1,172.45355174039798
13,2024-05-04,3,2024-05-25,wk inc flu hosp,quantile,0.1,0.0
15,2024-05-04,3,2024-05-25,wk inc flu hosp,quantile,0.1,8.62690205341181
16,2024-05-04,3,2024-05-25,wk inc flu hosp,quantile,0.1,4.750934295686703
17,2024-05-04,3,2024-05-25,wk inc flu hosp,quantile,0.1,0.0
18,2024-05-04,3,2024-05-25,wk inc flu hosp,quantile,0.1,0.344913551263926
19,2024-05-04,3,2024-05-25,wk inc flu hosp,quantile,0.1,0.0
20,2024-05-04,3,2024-05-25,wk inc flu hosp,quantile,0.1,9.600912251428996
21,2024-05-04,3,2024-05-25,wk inc flu hosp,quantile,0.1,0.0
22,2024-05-04,3,2024-05-25,wk inc flu hosp,quantile,0.1,0.0
23,2024-05-04,3,2024-05-25,wk inc flu hosp,quantile,0.1,5.953978802777434
24,2024-05-04,3,2024-05-25,wk inc flu hosp,quantile,0.1,0.0
25,2024-05-04,3,2024-05-25,wk inc flu hosp,quantile,0.1,0.0
26,2024-05-04,3,2024-05-25,wk inc flu hosp,quantile,0.1,12.99863768836844
27,2024-05-04,3,2024-05-25,wk inc flu hosp,quantile,0.1,2.174469194530455
28,2024-05-04,3,2024-05-25,wk inc flu hosp,quantile,0.1,7.157263213464169
29,2024-05-04,3,2024-05-25,wk inc flu hosp,quantile,0.1,6.375881702940471
30,2024-05-04,3,2024-05-25,wk inc flu hosp,quantile,0.1,0.0
31,2024-05-04,3,2024-05-25,wk inc flu hosp,quantile,0.1,0.0
32,2024-05-04,3,2024-05-25,wk inc flu hosp,quantile,0.1,11.059662405040067
33,2024-05-04,3,2024-05-25,wk inc flu hosp,quantile,0.1,0.0
34,2024-05-04,3,2024-05-25,wk inc flu hosp,quantile,0.1,32.356773005510064
35,2024-05-04,3,2024-05-25,wk inc flu hosp,quantile,0.1,6.645777675466618
36,2024-05-04,3,2024-05-25,wk inc flu hosp,quantile,0.1,0.0
37,2024-05-04,3,2024-05-25,wk inc flu hosp,quantile,0.1,0.0
38,2024-05-04,3,2024-05-25,wk inc flu hosp,quantile,0.1,0.0
39,2024-05-04,3,2024-05-25,wk inc flu hosp,quantile,0.1,0.0
40,2024-05-04,3,2024-05-25,wk inc flu hosp,quantile,0.1,9.352789151060122
41,2024-05-04,3,2024-05-25,wk inc flu hosp,quantile,0.1,12.998551875261045
42,2024-05-04,3,2024-05-25,wk inc flu hosp,quantile,0.1,26.84977381650657
44,2024-05-04,3,2024-05-25,wk inc flu hosp,quantile,0.1,0.0
45,2024-05-04,3,2024-05-25,wk inc flu hosp,quantile,0.1,0.0
46,2024-05-04,3,2024-05-25,wk inc flu hosp,quantile,0.1,5.1490525520275385
47,2024-05-04,3,2024-05-25,wk inc flu hosp,quantile,0.1,11.745738225249603
48,2024-05-04,3,2024-05-25,wk inc flu hosp,quantile,0.1,71.68130748621039
49,2024-05-04,3,2024-05-25,wk inc flu hosp,quantile,0.1,0.0
50,2024-05-04,3,2024-05-25,wk inc flu hosp,quantile,0.1,0.0
51,2024-05-04,3,2024-05-25,wk inc flu hosp,quantile,0.1,8.58832814590149
53,2024-05-04,3,2024-05-25,wk inc flu hosp,quantile,0.1,13.121554707509429
54,2024-05-04,3,2024-05-25,wk inc flu hosp,quantile,0.1,7.776601191840875
55,2024-05-04,3,2024-05-25,wk inc flu hosp,quantile,0.1,0.0
56,2024-05-04,3,2024-05-25,wk inc flu hosp,quantile,0.1,1.385948317547461
72,2024-05-04,3,2024-05-25,wk inc flu hosp,quantile,0.1,30.28209301061489
US,2024-05-04,3,2024-05-25,wk inc flu hosp,quantile,0.1,658.2630971158057
01,2024-05-04,0,2024-05-04,wk inc flu hosp,quantile,0.15,5.526721410296428
02,2024-05-04,0,2024-05-04,wk inc flu hosp,quantile,0.15,1.786086455539125
04,2024-05-04,0,2024-05-04,wk inc flu hosp,quantile,0.15,71.77889374418785
05,2024-05-04,0,2024-05-04,wk inc flu hosp,quantile,0.15,40.30003846179376
06,2024-05-04,0,2024-05-04,wk inc flu hosp,quantile,0.15,112.94717666518099
08,2024-05-04,0,2024-05-04,wk inc flu hosp,quantile,0.15,12.251798354993403
09,2024-05-04,0,2024-05-04,wk inc flu hosp,quantile,0.15,45.32776460297402
10,2024-05-04,0,2024-05-04,wk inc flu hosp,quantile,0.15,0.06345830588058525
11,2024-05-04,0,2024-05-04,wk inc flu hosp,quantile,0.15,5.037728898188313
12,2024-05-04,0,2024-05-04,wk inc flu hosp,quantile,0.15,246.07674366692808
13,2024-05-04,0,2024-05-04,wk inc flu hosp,quantile,0.15,16.1961488877343
15,2024-05-04,0,2024-05-04,wk inc flu hosp,quantile,0.15,9.641619163898156
16,2024-05-04,0,2024-05-04,wk inc flu hosp,quantile,0.15,7.410374006634771
17,2024-05-04,0,2024-05-04,wk inc flu hosp,quantile,0.15,50.63454999515181
18,2024-05-04,0,2024-05-04,wk inc flu hosp,quantile,0.15,23.97232712916019
19,2024-05-04,0,2024-05-04,wk inc flu hosp,quantile,0.15,9.672775826385777
20,2024-05-04,0,2024-05-04,wk inc flu hosp,quantile,0.15,20.749661179940247
21,2024-05-04,0,2024-05-04,wk inc flu hosp,quantile,0.15,12.539152187279687
22,2024-05-04,0,2024-05-04,wk inc flu hosp,quantile,0.15,9.371950678209236
23,2024-05-04,0,2024-05-04,wk inc flu hosp,quantile,0.15,9.46133672362156
24,2024-05-04,0,2024-05-04,wk inc flu hosp,quantile,0.15,9.22805213559499
25,2024-05-04,0,2024-05-04,wk inc flu hosp,quantile,0.15,41.42310070099257
26,2024-05-04,0,2024-05-04,wk inc flu hosp,quantile,0.15,74.43565849763334
27,2024-05-04,0,2024-05-04,wk inc flu hosp,quantile,0.15,24.60561205158879
28,2024-05-04,0,2024-05-04,wk inc flu hosp,quantile,0.15,14.412067846504794
29,2024-05-04,0,2024-05-04,wk inc flu hosp,quantile,0.15,38.848627677833086
30,2024-05-04,0,2024-05-04,wk inc flu hosp,quantile,0.15,0.3906815822453139
31,2024-05-04,0,2024-05-04,wk inc flu hosp,quantile,0.15,9.804333987456047
32,2024-05-04,0,2024-05-04,wk inc flu hosp,quantile,0.15,16.611369297928885
33,2024-05-04,0,2024-05-04,wk inc flu hosp,quantile,0.15,0.7887311630022833
34,2024-05-04,0,2024-05-04,wk inc flu hosp,quantile,0.15,69.53199516354411
35,2024-05-04,0,2024-05-04,wk inc flu hosp,quantile,0.15,9.439068087958749
36,2024-05-04,0,2024-05-04,wk inc flu hosp,quantile,0.15,95.7345296464674
37,2024-05-04,0,2024-05-04,wk inc flu hosp,quantile,0.15,0.09974463229260941
38,2024-05-04,0,2024-05-04,wk inc flu hosp,quantile,0.15,3.255251914627432
39,2024-05-04,0,2024-05-04,wk inc flu hosp,quantile,0.15,44.97224189441682
40,2024-05-04,0,2024-05-04,wk inc flu hosp,quantile,0.15,15.777025609358688
41,2024-05-04,0,2024-05-04,wk inc flu hosp,quantile,0.15,19.82631736233018
42,2024-05-04,0,2024-05-04,wk inc flu hosp,quantile,0.15,86.3154097864591
44,2024-05-04,0,2024-05-04,wk inc flu hosp,quantile,0.15,4.184208685079625
45,2024-05-04,0,2024-05-04,wk inc flu hosp,quantile,0.15,16.93732885459592
46,2024-05-04,0,2024-05-04,wk inc flu hosp,quantile,0.15,9.263328618834173
47,2024-05-04,0,2024-05-04,wk inc flu hosp,quantile,0.15,32.04204370282822
48,2024-05-04,0,2024-05-04,wk inc flu hosp,quantile,0.15,138.94804655877576
49,2024-05-04,0,2024-05-04,wk inc flu hosp,quantile,0.15,0.6298964007021208
50,2024-05-04,0,2024-05-04,wk inc flu hosp,quantile,0.15,3.0828139091358033
51,2024-05-04,0,2024-05-04,wk inc flu hosp,quantile,0.15,38.59515992547499
53,2024-05-04,0,2024-05-04,wk inc flu hosp,quantile,0.15,21.07482957380038
54,2024-05-04,0,2024-05-04,wk inc flu hosp,quantile,0.15,12.210608658037637
55,2024-05-04,0,2024-05-04,wk inc flu hosp,quantile,0.15,23.057275048058937
56,2024-05-04,0,2024-05-04,wk inc flu hosp,quantile,0.15,2.2939495962932632
72,2024-05-04,0,2024-05-04,wk inc flu hosp,quantile,0.15,33.89435990978945
US,2024-05-04,0,2024-05-04,wk inc flu hosp,quantile,0.15,1733.2870694836574
01,2024-05-04,1,2024-05-11,wk inc flu hosp,quantile,0.15,5.3384459585898885
02,2024-05-04,1,2024-05-11,wk inc flu hosp,quantile,0.15,1.0233203523444148
04,2024-05-04,1,2024-05-11,wk inc flu hosp,quantile,0.15,78.60298132678659
05,2024-05-04,1,2024-05-11,wk inc flu hosp,quantile,0.15,37.28935321651147
06,2024-05-04,1,2024-05-11,wk inc flu hosp,quantile,0.15,87.74589647887426
08,2024-05-04,1,2024-05-11,wk inc flu hosp,quantile,0.15,4.33306915024251
09,2024-05-04,1,2024-05-11,wk inc flu hosp,quantile,0.15,43.334431427338096
10,2024-05-04,1,2024-05-11,wk inc flu hosp,quantile,0.15,0.0
11,2024-05-04,1,2024-05-11,wk inc flu hosp,quantile,0.15,3.2398640206483034
12,2024-05-04,1,2024-05-11,wk inc flu hosp,quantile,0.15,227.9238947258162
13,2024-05-04,1,2024-05-11,wk inc flu hosp,quantile,0.15,7.862207224470154
15,2024-05-04,1,2024-05-11,wk inc flu hosp,quantile,0.15,9.094844834448
16,2024-05-04,1,2024-05-11,wk inc flu hosp,quantile,0.15,6.02129348711644
17,2024-05-04,1,2024-05-11,wk inc flu hosp,quantile,0.15,30.007383568228885
18,2024-05-04,1,2024-05-11,wk inc flu hosp,quantile,0.15,13.910164852080458
19,2024-05-04,1,2024-05-11,wk inc flu hosp,quantile,0.15,3.9026734641248475
20,2024-05-04,1,2024-05-11,wk inc flu hosp,quantile,0.15,16.420766149299173
21,2024-05-04,1,2024-05-11,wk inc flu hosp,quantile,0.15,4.576255919341249
22,2024-05-04,1,2024-05-11,wk inc flu hosp,quantile,0.15,3.6295070612161715
23,2024-05-04,1,2024-05-11,wk inc flu hosp,quantile,0.15,9.064898742299151
24,2024-05-04,1,2024-05-11,wk inc flu hosp,quantile,0.15,1.6680443274291437
25,2024-05-04,1,2024-05-11,wk inc flu hosp,quantile,0.15,23.863848182291477
26,2024-05-04,1,2024-05-11,wk inc flu hosp,quantile,0.15,48.30761114921056
27,2024-05-04,1,2024-05-11,wk inc flu hosp,quantile,0.15,14.865047250808589
28,2024-05-04,1,2024-05-11,wk inc flu hosp,quantile,0.15,11.416802673850137
29,2024-05-04,1,2024-05-11,wk inc flu hosp,quantile,0.15,24.60865806362
30,2024-05-04,1,2024-05-11,wk inc flu hosp,quantile,0.15,0.0
31,2024-05-04,1,2024-05-11,wk inc flu hosp,quantile,0.15,5.391344168525854
32,2024-05-04,1,2024-05-11,wk inc flu hosp,quantile,0.15,15.456147080873414
33,2024-05-04,1,2024-05-11,wk inc flu hosp,quantile,0.15,0.0
34,2024-05-04,1,2024-05-11,wk inc flu hosp,quantile,0.15,55.36353289371116
35,2024-05-04,1,2024-05-11,wk inc flu hosp,quantile,0.15,8.1441686038379
36,2024-05-04,1,2024-05-11,wk inc flu hosp,quantile,0.15,57.37857458790578
37,2024-05-04,1,2024-05-11,wk inc flu hosp,quantile,0.15,0.0
38,2024-05-04,1,2024-05-11,wk inc flu hosp,quantile,0.15,1.6309117263176403
39,2024-05-04,1,2024-05-11,wk inc flu hosp,quantile,0.15,22.645401008901576
40,2024-05-04,1,2024-05-11,wk inc flu hosp,quantile,0.15,15.824719609961745
41,2024-05-04,1,2024-05-11,wk inc flu hosp,quantile,0.15,19.49064237581359
42,2024-05-04,1,2024-05-11,wk inc flu hosp,quantile,0.15,64.72859991811717
44,2024-05-04,1,2024-05-11,wk inc flu hosp,quantile,0.15,2.5183661713131262
45,2024-05-04,1,2024-05-11,wk inc flu hosp,quantile,0.15,9.863414166737623
46,2024-05-04,1,2024-05-11,wk inc flu hosp,quantile,0.15,8.163034846644988
47,2024-05-04,1,2024-05-11,wk inc flu hosp,quantile,0.15,24.690641831072128
48,2024-05-04,1,2024-05-11,wk inc flu hosp,quantile,0.15,119.73427468746999
49,2024-05-04,1,2024-05-11,wk inc flu hosp,quantile,0.15,1.0091675225645271
50,2024-05-04,1,2024-05-11,wk inc flu hosp,quantile,0.15,1.7368706486461087
51,2024-05-04,1,2024-05-11,wk inc flu hosp,quantile,0.15,26.78031642706946
53,2024-05-04,1,2024-05-11,wk inc flu hosp,quantile,0.15,21.799470414878005
54,2024-05-04,1,2024-05-11,wk inc flu hosp,quantile,0.15,9.739324598447602
55,2024-05-04,1,2024-05-11,wk inc flu hosp,quantile,0.15,12.135203780466378
56,2024-05-04,1,2024-05-11,wk inc flu hosp,quantile,0.15,2.34760932066893
72,2024-05-04,1,2024-05-11,wk inc flu hosp,quantile,0.15,35.26730199644556
US,2024-05-04,1,2024-05-11,wk inc flu hosp,quantile,0.15,1364.9272451079169
01,2024-05-04,2,2024-05-18,wk inc flu hosp,quantile,0.15,3.9096799658078454
02,2024-05-04,2,2024-05-18,wk inc flu hosp,quantile,0.15,0.36892003665995954
04,2024-05-04,2,2024-05-18,wk inc flu hosp,quantile,0.15,79.08350263031807
05,2024-05-04,2,2024-05-18,wk inc flu hosp,quantile,0.15,34.861456629751835
06,2024-05-04,2,2024-05-18,wk inc flu hosp,quantile,0.15,65.38612287508599
08,2024-05-04,2,2024-05-18,wk inc flu hosp,quantile,0.15,0.0
09,2024-05-04,2,2024-05-18,wk inc flu hosp,quantile,0.15,42.11048333423159
10,2024-05-04,2,2024-05-18,wk inc flu hosp,quantile,0.15,0.0
11,2024-05-04,2,2024-05-18,wk inc flu hosp,quantile,0.15,1.779409458048281
12,2024-05-04,2,2024-05-18,wk inc flu hosp,quantile,0.15,200.19065686034926
13,2024-05-04,2,2024-05-18,wk inc flu hosp,quantile,0.15,0.2286775147227273
15,2024-05-04,2,2024-05-18,wk inc flu hosp,quantile,0.15,9.009819349130746
16,2024-05-04,2,2024-05-18,wk inc flu hosp,quantile,0.15,5.569342174206027
17,2024-05-04,2,2024-05-18,wk inc flu hosp,quantile,0.15,11.53249076111563
18,2024-05-04,2,2024-05-18,wk inc flu hosp,quantile,0.15,6.276357019414335
19,2024-05-04,2,2024-05-18,wk inc flu hosp,quantile,0.15,0.06937084723268304
20,2024-05-04,2,2024-05-18,wk inc flu hosp,quantile,0.15,13.51638122596632
21,2024-05-04,2,2024-05-18,wk inc flu hosp,quantile,0.15,0.0
22,2024-05-04,2,2024-05-18,wk inc flu hosp,quantile,0.15,0.3632122179146997
23,2024-05-04,2,2024-05-18,wk inc flu hosp,quantile,0.15,8.289578005444717
24,2024-05-04,2,2024-05-18,wk inc flu hosp,quantile,0.15,0.0
25,2024-05-04,2,2024-05-18,wk inc flu hosp,quantile,0.15,11.247291788801073
26,2024-05-04,2,2024-05-18,wk inc flu hosp,quantile,0.15,26.628316034546284
27,2024-05-04,2,2024-05-18,wk inc flu hosp,quantile,0.15,7.447589769136325
28,2024-05-04,2,2024-05-18,wk inc flu hosp,quantile,0.15,9.26704927783457
29,2024-05-04,2,2024-05-18,wk inc flu hosp,quantile,0.15,14.32241094567547
30,2024-05-04,2,2024-05-18,wk inc flu hosp,quantile,0.15,0.0
31,2024-05-04,2,2024-05-18,wk inc flu hosp,quantile,0.15,2.5535150481684665
32,2024-05-04,2,2024-05-18,wk inc flu hosp,quantile,0.15,12.618305196431466
33,2024-05-04,2,2024-05-18,wk inc flu hosp,quantile,0.15,0.0
34,2024-05-04,2,2024-05-18,wk inc flu hosp,quantile,0.15,44.63812114200908
35,2024-05-04,2,2024-05-18,wk inc flu hosp,quantile,0.15,7.568044366361614
36,2024-05-04,2,2024-05-18,wk inc flu hosp,quantile,0.15,21.704672821031505
37,2024-05-04,2,2024-05-18,wk inc flu hosp,quantile,0.15,0.0
38,2024-05-04,2,2024-05-18,wk inc flu hosp,quantile,0.15,0.39478155692734734
39,2024-05-04,2,2024-05-18,wk inc flu hosp,quantile,0.15,5.210612569368956
40,2024-05-04,2,2024-05-18,wk inc flu hosp,quantile,0.15,13.822546723694476
41,2024-05-04,2,2024-05-18,wk inc flu hosp,quantile,0.15,18.97627594896186
42,2024-05-04,2,2024-05-18,wk inc flu hosp,quantile,0.15,46.36759228536771
44,2024-05-04,2,2024-05-18,wk inc flu hosp,quantile,0.15,0.964464163069906
45,2024-05-04,2,2024-05-18,wk inc flu hosp,quantile,0.15,4.4231822912767305
46,2024-05-04,2,2024-05-18,wk inc flu hosp,quantile,0.15,7.582486329839104
47,2024-05-04,2,2024-05-18,wk inc flu hosp,quantile,0.15,18.31545179907198
48,2024-05-04,2,2024-05-18,wk inc flu hosp,quantile,0.15,93.97129878825379
49,2024-05-04,2,2024-05-18,wk inc flu hosp,quantile,0.15,0.757073621721475
50,2024-05-04,2,2024-05-18,wk inc flu hosp,quantile,0.15,1.093968291947796
51,2024-05-04,2,2024-05-18,wk inc flu hosp,quantile,0.15,17.00256698911522
53,2024-05-04,2,2024-05-18,wk inc flu hosp,quantile,0.15,18.965196622257075
54,2024-05-04,2,2024-05-18,wk inc flu hosp,quantile,0.15,8.892153640221808
55,2024-05-04,2,2024-05-18,wk inc flu hosp,quantile,0.15,2.839493622698439
56,2024-05-04,2,2024-05-18,wk inc flu hosp,quantile,0.15,2.127720923823679
72,2024-05-04,2,2024-05-18,wk inc flu hosp,quantile,0.15,34.01900671797692
US,2024-05-04,2,2024-05-18,wk inc flu hosp,quantile,0.15,1032.1530666550598
01,2024-05-04,3,2024-05-25,wk inc flu hosp,quantile,0.15,3.5203399922714778
02,2024-05-04,3,2024-05-25,wk inc flu hosp,quantile,0.15,0.0
04,2024-05-04,3,2024-05-25,wk inc flu hosp,quantile,0.15,80.33841143006157
05,2024-05-04,3,2024-05-25,wk inc flu hosp,quantile,0.15,35.86191184313833
06,2024-05-04,3,2024-05-25,wk inc flu hosp,quantile,0.15,50.369008342389016
08,2024-05-04,3,2024-05-25,wk inc flu hosp,quantile,0.15,0.0
09,2024-05-04,3,2024-05-25,wk inc flu hosp,quantile,0.15,40.331889694212855
10,2024-05-04,3,2024-05-25,wk inc flu hosp,quantile,0.15,0.0
11,2024-05-04,3,2024-05-25,wk inc flu hosp,quantile,0.15,0.7682597078053515
12,2024-05-04,3,2024-05-25,wk inc flu hosp,quantile,0.15,192.573703274566
13,2024-05-04,3,2024-05-25,wk inc flu hosp,quantile,0.15,0.0
15,2024-05-04,3,2024-05-25,wk inc flu hosp,quantile,0.15,9.041943683234432
16,2024-05-04,3,2024-05-25,wk inc flu hosp,quantile,0.15,5.600785999280135
17,2024-05-04,3,2024-05-25,wk inc flu hosp,quantile,0.15,0.0
18,2024-05-04,3,2024-05-25,wk inc flu hosp,quantile,0.15,0.36667683734842454
19,2024-05-04,3,2024-05-25,wk inc flu hosp,quantile,0.15,0.0
20,2024-05-04,3,2024-05-25,wk inc flu hosp,quantile,0.15,11.21938841044381
21,2024-05-04,3,2024-05-25,wk inc flu hosp,quantile,0.15,0.0
22,2024-05-04,3,2024-05-25,wk inc flu hosp,quantile,0.15,0.0
23,2024-05-04,3,2024-05-25,wk inc flu hosp,quantile,0.15,7.886069980956764
24,2024-05-04,3,2024-05-25,wk inc flu hosp,quantile,0.15,0.0
25,2024-05-04,3,2024-05-25,wk inc flu hosp,quantile,0.15,2.260690048736824
26,2024-05-04,3,2024-05-25,wk inc flu hosp,quantile,0.15,13.486649254267297
27,2024-05-04,3,2024-05-25,wk inc flu hosp,quantile,0.15,2.6012511103439326
28,2024-05-04,3,2024-05-25,wk inc flu hosp,quantile,0.15,7.9414480945020225
29,2024-05-04,3,2024-05-25,wk inc flu hosp,quantile,0.15,6.734699519832963
30,2024-05-04,3,2024-05-25,wk inc flu hosp,quantile,0.15,0.0
31,2024-05-04,3,2024-05-25,wk inc flu hosp,quantile,0.15,0.4325033343312469
32,2024-05-04,3,2024-05-25,wk inc flu hosp,quantile,0.15,11.786756577196268
33,2024-05-04,3,2024-05-25,wk inc flu hosp,quantile,0.15,0.0
34,2024-05-04,3,2024-05-25,wk inc flu hosp,quantile,0.15,37.485572163440736
35,2024-05-04,3,2024-05-25,wk inc flu hosp,quantile,0.15,7.327822154562662
36,2024-05-04,3,2024-05-25,wk inc flu hosp,quantile,0.15,0.6712331611801342
37,2024-05-04,3,2024-05-25,wk inc flu hosp,quantile,0.15,0.0
38,2024-05-04,3,2024-05-25,wk inc flu hosp,quantile,0.15,0.0
39,2024-05-04,3,2024-05-25,wk inc flu hosp,quantile,0.15,0.0
40,2024-05-04,3,2024-05-25,wk inc flu hosp,quantile,0.15,13.462724457463175
41,2024-05-04,3,2024-05-25,wk inc flu hosp,quantile,0.15,17.74543417880596
42,2024-05-04,3,2024-05-25,wk inc flu hosp,quantile,0.15,29.349640028954568
44,2024-05-04,3,2024-05-25,wk inc flu hosp,quantile,0.15,0.0
45,2024-05-04,3,2024-05-25,wk inc flu hosp,quantile,0.15,0.1786015498654044
46,2024-05-04,3,2024-05-25,wk inc flu hosp,quantile,0.15,6.6836300495778005
47,2024-05-04,3,2024-05-25,wk inc flu hosp,quantile,0.15,14.568716272906862
48,2024-05-04,3,2024-05-25,wk inc flu hosp,quantile,0.15,86.88659715180445
49,2024-05-04,3,2024-05-25,wk inc flu hosp,quantile,0.15,1.0359624840326227
50,2024-05-04,3,2024-05-25,wk inc flu hosp,quantile,0.15,0.2820091501038159
51,2024-05-04,3,2024-05-25,wk inc flu hosp,quantile,0.15,9.389114528340881
53,2024-05-04,3,2024-05-25,wk inc flu hosp,quantile,0.15,17.72854124120022
54,2024-05-04,3,2024-05-25,wk inc flu hosp,quantile,0.15,8.246089565356982
55,2024-05-04,3,2024-05-25,wk inc flu hosp,quantile,0.15,0.0
56,2024-05-04,3,2024-05-25,wk inc flu hosp,quantile,0.15,1.954830489111711
72,2024-05-04,3,2024-05-25,wk inc flu hosp,quantile,0.15,33.78002821091704
US,2024-05-04,3,2024-05-25,wk inc flu hosp,quantile,0.15,799.9256839908003
01,2024-05-04,0,2024-05-04,wk inc flu hosp,quantile,0.2,5.9878490269478295
02,2024-05-04,0,2024-05-04,wk inc flu hosp,quantile,0.2,1.9446022383366517
04,2024-05-04,0,2024-05-04,wk inc flu hosp,quantile,0.2,75.67452242715692
05,2024-05-04,0,2024-05-04,wk inc flu hosp,quantile,0.2,46.7561749635236
06,2024-05-04,0,2024-05-04,wk inc flu hosp,quantile,0.2,114.9808783680873
08,2024-05-04,0,2024-05-04,wk inc flu hosp,quantile,0.2,12.384791462973588
09,2024-05-04,0,2024-05-04,wk inc flu hosp,quantile,0.2,48.1196692620452
10,2024-05-04,0,2024-05-04,wk inc flu hosp,quantile,0.2,0.15106915904027435
11,2024-05-04,0,2024-05-04,wk inc flu hosp,quantile,0.2,5.163483337387682
12,2024-05-04,0,2024-05-04,wk inc flu hosp,quantile,0.2,247.4921082987082
13,2024-05-04,0,2024-05-04,wk inc flu hosp,quantile,0.2,18.485053530881615
15,2024-05-04,0,2024-05-04,wk inc flu hosp,quantile,0.2,11.009165191051911
16,2024-05-04,0,2024-05-04,wk inc flu hosp,quantile,0.2,10.046582756949828
17,2024-05-04,0,2024-05-04,wk inc flu hosp,quantile,0.2,51.11145703049746
18,2024-05-04,0,2024-05-04,wk inc flu hosp,quantile,0.2,24.27055760197412
19,2024-05-04,0,2024-05-04,wk inc flu hosp,quantile,0.2,10.075456551572533
20,2024-05-04,0,2024-05-04,wk inc flu hosp,quantile,0.2,20.90712014208972
21,2024-05-04,0,2024-05-04,wk inc flu hosp,quantile,0.2,12.892296285511652
22,2024-05-04,0,2024-05-04,wk inc flu hosp,quantile,0.2,9.574173829669691
23,2024-05-04,0,2024-05-04,wk inc flu hosp,quantile,0.2,9.51609989912121
24,2024-05-04,0,2024-05-04,wk inc flu hosp,quantile,0.2,9.855828790385363
25,2024-05-04,0,2024-05-04,wk inc flu hosp,quantile,0.2,42.171546682664406
26,2024-05-04,0,2024-05-04,wk inc flu hosp,quantile,0.2,77.0102980364302
27,2024-05-04,0,2024-05-04,wk inc flu hosp,quantile,0.2,24.62490907696356
28,2024-05-04,0,2024-05-04,wk inc flu hosp,quantile,0.2,15.016458237154405
29,2024-05-04,0,2024-05-04,wk inc flu hosp,quantile,0.2,39.592153577527675
30,2024-05-04,0,2024-05-04,wk inc flu hosp,quantile,0.2,0.40417802347193676
31,2024-05-04,0,2024-05-04,wk inc flu hosp,quantile,0.2,10.022656087347876
32,2024-05-04,0,2024-05-04,wk inc flu hosp,quantile,0.2,16.711357046013347
33,2024-05-04,0,2024-05-04,wk inc flu hosp,quantile,0.2,0.8011746160432159
34,2024-05-04,0,2024-05-04,wk inc flu hosp,quantile,0.2,70.58031160041824
35,2024-05-04,0,2024-05-04,wk inc flu hosp,quantile,0.2,12.244678041345564
36,2024-05-04,0,2024-05-04,wk inc flu hosp,quantile,0.2,95.77916553268736
37,2024-05-04,0,2024-05-04,wk inc flu hosp,quantile,0.2,1.391529273899832
38,2024-05-04,0,2024-05-04,wk inc flu hosp,quantile,0.2,3.307670973288469
39,2024-05-04,0,2024-05-04,wk inc flu hosp,quantile,0.2,45.347865476508055
40,2024-05-04,0,2024-05-04,wk inc flu hosp,quantile,0.2,16.96993578740749
41,2024-05-04,0,2024-05-04,wk inc flu hosp,quantile,0.2,20.058355728630474
42,2024-05-04,0,2024-05-04,wk inc flu hosp,quantile,0.2,89.96869901681613
44,2024-05-04,0,2024-05-04,wk inc flu hosp,quantile,0.2,4.3223892266020245
45,2024-05-04,0,2024-05-04,wk inc flu hosp,quantile,0.2,17.141557619253934
46,2024-05-04,0,2024-05-04,wk inc flu hosp,quantile,0.2,9.662008022210037
47,2024-05-04,0,2024-05-04,wk inc flu hosp,quantile,0.2,33.32690753505231
48,2024-05-04,0,2024-05-04,wk inc flu hosp,quantile,0.2,139.57288207284046
49,2024-05-04,0,2024-05-04,wk inc flu hosp,quantile,0.2,2.242601289285202
50,2024-05-04,0,2024-05-04,wk inc flu hosp,quantile,0.2,3.1742463900823195
51,2024-05-04,0,2024-05-04,wk inc flu hosp,quantile,0.2,39.2139400192771
53,2024-05-04,0,2024-05-04,wk inc flu hosp,quantile,0.2,21.989189239869273
54,2024-05-04,0,2024-05-04,wk inc flu hosp,quantile,0.2,14.592820737040329
55,2024-05-04,0,2024-05-04,wk inc flu hosp,quantile,0.2,24.31750128007774
56,2024-05-04,0,2024-05-04,wk inc flu hosp,quantile,0.2,2.5547557335398525
72,2024-05-04,0,2024-05-04,wk inc flu hosp,quantile,0.2,35.50841488727962
US,2024-05-04,0,2024-05-04,wk inc flu hosp,quantile,0.2,1793.695499989763
01,2024-05-04,1,2024-05-11,wk inc flu hosp,quantile,0.2,6.086484512366965
02,2024-05-04,1,2024-05-11,wk inc flu hosp,quantile,0.2,1.047905328004906
04,2024-05-04,1,2024-05-11,wk inc flu hosp,quantile,0.2,84.06235689685771
05,2024-05-04,1,2024-05-11,wk inc flu hosp,quantile,0.2,42.55285919147387
06,2024-05-04,1,2024-05-11,wk inc flu hosp,quantile,0.2,91.55870324667762
08,2024-05-04,1,2024-05-11,wk inc flu hosp,quantile,0.2,4.819398200079965
09,2024-05-04,1,2024-05-11,wk inc flu hosp,quantile,0.2,46.90635799697184
10,2024-05-04,1,2024-05-11,wk inc flu hosp,quantile,0.2,0.0
11,2024-05-04,1,2024-05-11,wk inc flu hosp,quantile,0.2,3.3014252606883483
12,2024-05-04,1,2024-05-11,wk inc flu hosp,quantile,0.2,237.05794928162572
13,2024-05-04,1,2024-05-11,wk inc flu hosp,quantile,0.2,8.660229080796942
15,2024-05-04,1,2024-05-11,wk inc flu hosp,quantile,0.2,10.202561220408963
16,2024-05-04,1,2024-05-11,wk inc flu hosp,quantile,0.2,8.523126178638506
17,2024-05-04,1,2024-05-11,wk inc flu hosp,quantile,0.2,30.18125014750607
18,2024-05-04,1,2024-05-11,wk inc flu hosp,quantile,0.2,14.670132917146168
19,2024-05-04,1,2024-05-11,wk inc flu hosp,quantile,0.2,4.533590358559542
20,2024-05-04,1,2024-05-11,wk inc flu hosp,quantile,0.2,16.847813660037968
21,2024-05-04,1,2024-05-11,wk inc flu hosp,quantile,0.2,4.882424408335354
22,2024-05-04,1,2024-05-11,wk inc flu hosp,quantile,0.2,4.001781132579537
23,2024-05-04,1,2024-05-11,wk inc flu hosp,quantile,0.2,9.730547457214872
24,2024-05-04,1,2024-05-11,wk inc flu hosp,quantile,0.2,2.8463331441792494
25,2024-05-04,1,2024-05-11,wk inc flu hosp,quantile,0.2,24.022809224385437
26,2024-05-04,1,2024-05-11,wk inc flu hosp,quantile,0.2,48.662900097073084
27,2024-05-04,1,2024-05-11,wk inc flu hosp,quantile,0.2,15.151374591377378
28,2024-05-04,1,2024-05-11,wk inc flu hosp,quantile,0.2,11.62990886006925
29,2024-05-04,1,2024-05-11,wk inc flu hosp,quantile,0.2,25.999685611262873
30,2024-05-04,1,2024-05-11,wk inc flu hosp,quantile,0.2,0.0
31,2024-05-04,1,2024-05-11,wk inc flu hosp,quantile,0.2,5.733463467887228
32,2024-05-04,1,2024-05-11,wk inc flu hosp,quantile,0.2,15.564846831369474
33,2024-05-04,1,2024-05-11,wk inc flu hosp,quantile,0.2,0.0
34,2024-05-04,1,2024-05-11,wk inc flu hosp,quantile,0.2,55.90408708780006
35,2024-05-04,1,2024-05-11,wk inc flu hosp,quantile,0.2,11.018807376545462
36,2024-05-04,1,2024-05-11,wk inc flu hosp,quantile,0.2,59.642006594082304
37,2024-05-04,1,2024-05-11,wk inc flu hosp,quantile,0.2,0.0
38,2024-05-04,1,2024-05-11,wk inc flu hosp,quantile,0.2,1.6373458014056168
39,2024-05-04,1,2024-05-11,wk inc flu hosp,quantile,0.2,22.87623118525095
40,2024-05-04,1,2024-05-11,wk inc flu hosp,quantile,0.2,17.47701698213806
41,2024-05-04,1,2024-05-11,wk inc flu hosp,quantile,0.2,21.257959065844897
42,2024-05-04,1,2024-05-11,wk inc flu hosp,quantile,0.2,65.53123244580836
44,2024-05-04,1,2024-05-11,wk inc flu hosp,quantile,0.2,2.636208918791412
45,2024-05-04,1,2024-05-11,wk inc flu hosp,quantile,0.2,10.170659577656831
46,2024-05-04,1,2024-05-11,wk inc flu hosp,quantile,0.2,9.063160512583266
47,2024-05-04,1,2024-05-11,wk inc flu hosp,quantile,0.2,25.077071934517402
48,2024-05-04,1,2024-05-11,wk inc flu hosp,quantile,0.2,120.12449263355799
49,2024-05-04,1,2024-05-11,wk inc flu hosp,quantile,0.2,2.6904688671385024
50,2024-05-04,1,2024-05-11,wk inc flu hosp,quantile,0.2,1.9034544381953513
51,2024-05-04,1,2024-05-11,wk inc flu hosp,quantile,0.2,27.00574744024287
53,2024-05-04,1,2024-05-11,wk inc flu hosp,quantile,0.2,22.83653103052951
54,2024-05-04,1,2024-05-11,wk inc flu hosp,quantile,0.2,11.953150982502878
55,2024-05-04,1,2024-05-11,wk inc flu hosp,quantile,0.2,13.170509102435307
56,2024-05-04,1,2024-05-11,wk inc flu hosp,quantile,0.2,2.5546621896478814
72,2024-05-04,1,2024-05-11,wk inc flu hosp,quantile,0.2,36.65812984953699
US,2024-05-04,1,2024-05-11,wk inc flu hosp,quantile,0.2,1373.4530108384529
01,2024-05-04,2,2024-05-18,wk inc flu hosp,quantile,0.2,5.240977202005473
02,2024-05-04,2,2024-05-18,wk inc flu hosp,quantile,0.2,0.3881175050730951
04,2024-05-04,2,2024-05-18,wk inc flu hosp,quantile,0.2,85.6127799784113
05,2024-05-04,2,2024-05-18,wk inc flu hosp,quantile,0.2,39.296514018108375
06,2024-05-04,2,2024-05-18,wk inc flu hosp,quantile,0.2,69.03842371341513
08,2024-05-04,2,2024-05-18,wk inc flu hosp,quantile,0.2,0.0
09,2024-05-04,2,2024-05-18,wk inc flu hosp,quantile,0.2,46.34627411214422
10,2024-05-04,2,2024-05-18,wk inc flu hosp,quantile,0.2,0.0
11,2024-05-04,2,2024-05-18,wk inc flu hosp,quantile,0.2,1.8791206222694719
12,2024-05-04,2,2024-05-18,wk inc flu hosp,quantile,0.2,222.29312308399454
13,2024-05-04,2,2024-05-18,wk inc flu hosp,quantile,0.2,3.3196251458867616
15,2024-05-04,2,2024-05-18,wk inc flu hosp,quantile,0.2,10.041125215146891
16,2024-05-04,2,2024-05-18,wk inc flu hosp,quantile,0.2,8.468720650530594
17,2024-05-04,2,2024-05-18,wk inc flu hosp,quantile,0.2,11.818162121582946
18,2024-05-04,2,2024-05-18,wk inc flu hosp,quantile,0.2,6.847886739628912
19,2024-05-04,2,2024-05-18,wk inc flu hosp,quantile,0.2,0.5045939940656258
20,2024-05-04,2,2024-05-18,wk inc flu hosp,quantile,0.2,15.014785203747472
21,2024-05-04,2,2024-05-18,wk inc flu hosp,quantile,0.2,0.0
22,2024-05-04,2,2024-05-18,wk inc flu hosp,quantile,0.2,1.53780745106039
23,2024-05-04,2,2024-05-18,wk inc flu hosp,quantile,0.2,9.158051297218039
24,2024-05-04,2,2024-05-18,wk inc flu hosp,quantile,0.2,0.0
25,2024-05-04,2,2024-05-18,wk inc flu hosp,quantile,0.2,11.951070127705837
26,2024-05-04,2,2024-05-18,wk inc flu hosp,quantile,0.2,26.650105952218496
27,2024-05-04,2,2024-05-18,wk inc flu hosp,quantile,0.2,7.6680623498236296
28,2024-05-04,2,2024-05-18,wk inc flu hosp,quantile,0.2,9.62281385250662
29,2024-05-04,2,2024-05-18,wk inc flu hosp,quantile,0.2,15.176347034488346
30,2024-05-04,2,2024-05-18,wk inc flu hosp,quantile,0.2,0.0
31,2024-05-04,2,2024-05-18,wk inc flu hosp,quantile,0.2,2.8422407819153137
32,2024-05-04,2,2024-05-18,wk inc flu hosp,quantile,0.2,14.394153115597227
33,2024-05-04,2,2024-05-18,wk inc flu hosp,quantile,0.2,0.0
34,2024-05-04,2,2024-05-18,wk inc flu hosp,quantile,0.2,48.32845597000953
35,2024-05-04,2,2024-05-18,wk inc flu hosp,quantile,0.2,10.621809271660045
36,2024-05-04,2,2024-05-18,wk inc flu hosp,quantile,0.2,22.695533733582607
37,2024-05-04,2,2024-05-18,wk inc flu hosp,quantile,0.2,0.0
38,2024-05-04,2,2024-05-18,wk inc flu hosp,quantile,0.2,0.45960036858864173
39,2024-05-04,2,2024-05-18,wk inc flu hosp,quantile,0.2,6.773525212824477
40,2024-05-04,2,2024-05-18,wk inc flu hosp,quantile,0.2,16.332298002033507
41,2024-05-04,2,2024-05-18,wk inc flu hosp,quantile,0.2,21.189525712554772
42,2024-05-04,2,2024-05-18,wk inc flu hosp,quantile,0.2,48.301219595663156
44,2024-05-04,2,2024-05-18,wk inc flu hosp,quantile,0.2,0.9828431371174785
45,2024-05-04,2,2024-05-18,wk inc flu hosp,quantile,0.2,5.100944111331671
46,2024-05-04,2,2024-05-18,wk inc flu hosp,quantile,0.2,8.545539532732537
47,2024-05-04,2,2024-05-18,wk inc flu hosp,quantile,0.2,19.25669036848007
48,2024-05-04,2,2024-05-18,wk inc flu hosp,quantile,0.2,102.29364226816317
49,2024-05-04,2,2024-05-18,wk inc flu hosp,quantile,0.2,1.6976584838814388
50,2024-05-04,2,2024-05-18,wk inc flu hosp,quantile,0.2,1.1137571416018235
51,2024-05-04,2,2024-05-18,wk inc flu hosp,quantile,0.2,17.351354772104056
53,2024-05-04,2,2024-05-18,wk inc flu hosp,quantile,0.2,20.96025880957763
54,2024-05-04,2,2024-05-18,wk inc flu hosp,quantile,0.2,11.996549469869784
55,2024-05-04,2,2024-05-18,wk inc flu hosp,quantile,0.2,3.504989888187726
56,2024-05-04,2,2024-05-18,wk inc flu hosp,quantile,0.2,2.4189615461121043
72,2024-05-04,2,2024-05-18,wk inc flu hosp,quantile,0.2,35.99259784353256
US,2024-05-04,2,2024-05-18,wk inc flu hosp,quantile,0.2,1034.6122637953922
01,2024-05-04,3,2024-05-25,wk inc flu hosp,quantile,0.2,4.6275536986689
02,2024-05-04,3,2024-05-25,wk inc flu hosp,quantile,0.2,0.0
04,2024-05-04,3,2024-05-25,wk inc flu hosp,quantile,0.2,88.2534197941869
05,2024-05-04,3,2024-05-25,wk inc flu hosp,quantile,0.2,40.685662894268205
06,2024-05-04,3,2024-05-25,wk inc flu hosp,quantile,0.2,57.843277557179825
08,2024-05-04,3,2024-05-25,wk inc flu hosp,quantile,0.2,0.0
09,2024-05-04,3,2024-05-25,wk inc flu hosp,quantile,0.2,43.853488508737065
10,2024-05-04,3,2024-05-25,wk inc flu hosp,quantile,0.2,0.0
11,2024-05-04,3,2024-05-25,wk inc flu hosp,quantile,0.2,0.8524822895189141
12,2024-05-04,3,2024-05-25,wk inc flu hosp,quantile,0.2,214.3701411617386
13,2024-05-04,3,2024-05-25,wk inc flu hosp,quantile,0.2,0.0
15,2024-05-04,3,2024-05-25,wk inc flu hosp,quantile,0.2,10.081085770070281
16,2024-05-04,3,2024-05-25,wk inc flu hosp,quantile,0.2,8.404303197383118
17,2024-05-04,3,2024-05-25,wk inc flu hosp,quantile,0.2,0.0
18,2024-05-04,3,2024-05-25,wk inc flu hosp,quantile,0.2,0.9800596567652781
19,2024-05-04,3,2024-05-25,wk inc flu hosp,quantile,0.2,0.0
20,2024-05-04,3,2024-05-25,wk inc flu hosp,quantile,0.2,11.857073619530972
21,2024-05-04,3,2024-05-25,wk inc flu hosp,quantile,0.2,0.0
22,2024-05-04,3,2024-05-25,wk inc flu hosp,quantile,0.2,0.0
23,2024-05-04,3,2024-05-25,wk inc flu hosp,quantile,0.2,8.789590584140056
24,2024-05-04,3,2024-05-25,wk inc flu hosp,quantile,0.2,0.0
25,2024-05-04,3,2024-05-25,wk inc flu hosp,quantile,0.2,3.2767739929061257
26,2024-05-04,3,2024-05-25,wk inc flu hosp,quantile,0.2,14.065978724253704
27,2024-05-04,3,2024-05-25,wk inc flu hosp,quantile,0.2,2.93980849870426
28,2024-05-04,3,2024-05-25,wk inc flu hosp,quantile,0.2,8.418177394852957
29,2024-05-04,3,2024-05-25,wk inc flu hosp,quantile,0.2,8.453861120862678
30,2024-05-04,3,2024-05-25,wk inc flu hosp,quantile,0.2,0.0
31,2024-05-04,3,2024-05-25,wk inc flu hosp,quantile,0.2,0.6527220246074601
32,2024-05-04,3,2024-05-25,wk inc flu hosp,quantile,0.2,13.77744545635294
33,2024-05-04,3,2024-05-25,wk inc flu hosp,quantile,0.2,0.0
34,2024-05-04,3,2024-05-25,wk inc flu hosp,quantile,0.2,38.89588234933983
35,2024-05-04,3,2024-05-25,wk inc flu hosp,quantile,0.2,10.264186050960234
36,2024-05-04,3,2024-05-25,wk inc flu hosp,quantile,0.2,1.0464283241465526
37,2024-05-04,3,2024-05-25,wk inc flu hosp,quantile,0.2,0.0
38,2024-05-04,3,2024-05-25,wk inc flu hosp,quantile,0.2,0.0
39,2024-05-04,3,2024-05-25,wk inc flu hosp,quantile,0.2,0.0
40,2024-05-04,3,2024-05-25,wk inc flu hosp,quantile,0.2,15.640614524291019
41,2024-05-04,3,2024-05-25,wk inc flu hosp,quantile,0.2,21.08318348754671
42,2024-05-04,3,2024-05-25,wk inc flu hosp,quantile,0.2,31.59841411525935
44,2024-05-04,3,2024-05-25,wk inc flu hosp,quantile,0.2,0.0
45,2024-05-04,3,2024-05-25,wk inc flu hosp,quantile,0.2,0.3972477658676129
46,2024-05-04,3,2024-05-25,wk inc flu hosp,quantile,0.2,7.694918114893032
47,2024-05-04,3,2024-05-25,wk inc flu hosp,quantile,0.2,15.170261939084467
48,2024-05-04,3,2024-05-25,wk inc flu hosp,quantile,0.2,90.717970990142
49,2024-05-04,3,2024-05-25,wk inc flu hosp,quantile,0.2,2.2157323544802012
50,2024-05-04,3,2024-05-25,wk inc flu hosp,quantile,0.2,0.36050689459248186
51,2024-05-04,3,2024-05-25,wk inc flu hosp,quantile,0.2,10.170317290365551
53,2024-05-04,3,2024-05-25,wk inc flu hosp,quantile,0.2,20.538175294006525
54,2024-05-04,3,2024-05-25,wk inc flu hosp,quantile,0.2,11.2922393224533
55,2024-05-04,3,2024-05-25,wk inc flu hosp,quantile,0.2,0.0
56,2024-05-04,3,2024-05-25,wk inc flu hosp,quantile,0.2,2.2580280620250317
72,2024-05-04,3,2024-05-25,wk inc flu hosp,quantile,0.2,36.12009111646494
US,2024-05-04,3,2024-05-25,wk inc flu hosp,quantile,0.2,835.7052718150323
01,2024-05-04,0,2024-05-04,wk inc flu hosp,quantile,0.25,6.076950240234973
02,2024-05-04,0,2024-05-04,wk inc flu hosp,quantile,0.25,1.9733301341122378
04,2024-05-04,0,2024-05-04,wk inc flu hosp,quantile,0.25,77.53880450341731
05,2024-05-04,0,2024-05-04,wk inc flu hosp,quantile,0.25,54.390370761965954
06,2024-05-04,0,2024-05-04,wk inc flu hosp,quantile,0.25,115.17889678156932
08,2024-05-04,0,2024-05-04,wk inc flu hosp,quantile,0.25,12.68230275749637
09,2024-05-04,0,2024-05-04,wk inc flu hosp,quantile,0.25,49.00283122015527
10,2024-05-04,0,2024-05-04,wk inc flu hosp,quantile,0.25,0.17015530903838472
11,2024-05-04,0,2024-05-04,wk inc flu hosp,quantile,0.25,5.203768959497285
12,2024-05-04,0,2024-05-04,wk inc flu hosp,quantile,0.25,255.94440940098622
13,2024-05-04,0,2024-05-04,wk inc flu hosp,quantile,0.25,18.937015225702137
15,2024-05-04,0,2024-05-04,wk inc flu hosp,quantile,0.25,11.951411646605186
16,2024-05-04,0,2024-05-04,wk inc flu hosp,quantile,0.25,11.807626626043737
17,2024-05-04,0,2024-05-04,wk inc flu hosp,quantile,0.25,51.15897213109929
18,2024-05-04,0,2024-05-04,wk inc flu hosp,quantile,0.25,25.24381561114713
19,2024-05-04,0,2024-05-04,wk inc flu hosp,quantile,0.25,10.621595646054601
20,2024-05-04,0,2024-05-04,wk inc flu hosp,quantile,0.25,21.07632624855237
21,2024-05-04,0,2024-05-04,wk inc flu hosp,quantile,0.25,13.079360462917984
22,2024-05-04,0,2024-05-04,wk inc flu hosp,quantile,0.25,9.636847345478852
23,2024-05-04,0,2024-05-04,wk inc flu hosp,quantile,0.25,9.692266450416648
24,2024-05-04,0,2024-05-04,wk inc flu hosp,quantile,0.25,10.1518339431665
25,2024-05-04,0,2024-05-04,wk inc flu hosp,quantile,0.25,42.430750526298006
26,2024-05-04,0,2024-05-04,wk inc flu hosp,quantile,0.25,78.4567186166406
27,2024-05-04,0,2024-05-04,wk inc flu hosp,quantile,0.25,24.848557113528397
28,2024-05-04,0,2024-05-04,wk inc flu hosp,quantile,0.25,15.068434268255723
29,2024-05-04,0,2024-05-04,wk inc flu hosp,quantile,0.25,40.006350960113046
30,2024-05-04,0,2024-05-04,wk inc flu hosp,quantile,0.25,0.4090028791082955
31,2024-05-04,0,2024-05-04,wk inc flu hosp,quantile,0.25,10.094633299642561
32,2024-05-04,0,2024-05-04,wk inc flu hosp,quantile,0.25,16.8908665221825
33,2024-05-04,0,2024-05-04,wk inc flu hosp,quantile,0.25,0.9144463045032047
34,2024-05-04,0,2024-05-04,wk inc flu hosp,quantile,0.25,71.27285524884765
35,2024-05-04,0,2024-05-04,wk inc flu hosp,quantile,0.25,13.979320889749106
36,2024-05-04,0,2024-05-04,wk inc flu hosp,quantile,0.25,98.1643264213462
37,2024-05-04,0,2024-05-04,wk inc flu hosp,quantile,0.25,1.690704203094076
38,2024-05-04,0,2024-05-04,wk inc flu hosp,quantile,0.25,3.4576596898572833
39,2024-05-04,0,2024-05-04,wk inc flu hosp,quantile,0.25,45.3799890755995
40,2024-05-04,0,2024-05-04,wk inc flu hosp,quantile,0.25,17.20926706324954
41,2024-05-04,0,2024-05-04,wk inc flu hosp,quantile,0.25,20.338987993739675
42,2024-05-04,0,2024-05-04,wk inc flu hosp,quantile,0.25,90.26225354646027
44,2024-05-04,0,2024-05-04,wk inc flu hosp,quantile,0.25,4.376960604401982
45,2024-05-04,0,2024-05-04,wk inc flu hosp,quantile,0.25,17.301378946261668
46,2024-05-04,0,2024-05-04,wk inc flu hosp,quantile,0.25,9.831697399691105
47,2024-05-04,0,2024-05-04,wk inc flu hosp,quantile,0.25,34.2944208014094
48,2024-05-04,0,2024-05-04,wk inc flu hosp,quantile,0.25,146.10516342742932
49,2024-05-04,0,2024-05-04,wk inc flu hosp,quantile,0.25,3.7458878058887652
50,2024-05-04,0,2024-05-04,wk inc flu hosp,quantile,0.25,3.303620792597543
51,2024-05-04,0,2024-05-04,wk inc flu hosp,quantile,0.25,39.743585552893684
53,2024-05-04,0,2024-05-04,wk inc flu hosp,quantile,0.25,22.877087874382944
54,2024-05-04,0,2024-05-04,wk inc flu hosp,quantile,0.25,17.218275521012238
55,2024-05-04,0,2024-05-04,wk inc flu hosp,quantile,0.25,24.620874266802826
56,2024-05-04,0,2024-05-04,wk inc flu hosp,quantile,0.25,2.680714485799331
72,2024-05-04,0,2024-05-04,wk inc flu hosp,quantile,0.25,35.73367167579864
US,2024-05-04,0,2024-05-04,wk inc flu hosp,quantile,0.25,1809.5910586794585
01,2024-05-04,1,2024-05-11,wk inc flu hosp,quantile,0.25,6.202373472136994
02,2024-05-04,1,2024-05-11,wk inc flu hosp,quantile,0.25,1.0946743225204765
04,2024-05-04,1,2024-05-11,wk inc flu hosp,quantile,0.25,87.390050830168
05,2024-05-04,1,2024-05-11,wk inc flu hosp,quantile,0.25,52.9520719889268
06,2024-05-04,1,2024-05-11,wk inc flu hosp,quantile,0.25,93.40205381711561
08,2024-05-04,1,2024-05-11,wk inc flu hosp,quantile,0.25,5.218519169657171
09,2024-05-04,1,2024-05-11,wk inc flu hosp,quantile,0.25,49.27362329719639
10,2024-05-04,1,2024-05-11,wk inc flu hosp,quantile,0.25,0.0
11,2024-05-04,1,2024-05-11,wk inc flu hosp,quantile,0.25,3.6027102418134267
12,2024-05-04,1,2024-05-11,wk inc flu hosp,quantile,0.25,242.0497831483815
13,2024-05-04,1,2024-05-11,wk inc flu hosp,quantile,0.25,10.028640112826638
15,2024-05-04,1,2024-05-11,wk inc flu hosp,quantile,0.25,12.33236319593463
16,2024-05-04,1,2024-05-11,wk inc flu hosp,quantile,0.25,11.769559565398636
17,2024-05-04,1,2024-05-11,wk inc flu hosp,quantile,0.25,31.998360468456653
18,2024-05-04,1,2024-05-11,wk inc flu hosp,quantile,0.25,15.232636644208469
19,2024-05-04,1,2024-05-11,wk inc flu hosp,quantile,0.25,6.050599917384181
20,2024-05-04,1,2024-05-11,wk inc flu hosp,quantile,0.25,17.120358389536374
21,2024-05-04,1,2024-05-11,wk inc flu hosp,quantile,0.25,4.993486599911659
22,2024-05-04,1,2024-05-11,wk inc flu hosp,quantile,0.25,4.745044866182986
23,2024-05-04,1,2024-05-11,wk inc flu hosp,quantile,0.25,9.756459091726454
24,2024-05-04,1,2024-05-11,wk inc flu hosp,quantile,0.25,2.846981565417852
25,2024-05-04,1,2024-05-11,wk inc flu hosp,quantile,0.25,27.760386133145346
26,2024-05-04,1,2024-05-11,wk inc flu hosp,quantile,0.25,50.421876726784035
27,2024-05-04,1,2024-05-11,wk inc flu hosp,quantile,0.25,15.170170948434178
28,2024-05-04,1,2024-05-11,wk inc flu hosp,quantile,0.25,11.700189365348104
29,2024-05-04,1,2024-05-11,wk inc flu hosp,quantile,0.25,27.086020528739873
30,2024-05-04,1,2024-05-11,wk inc flu hosp,quantile,0.25,0.0
31,2024-05-04,1,2024-05-11,wk inc flu hosp,quantile,0.25,6.743520174791776
32,2024-05-04,1,2024-05-11,wk inc flu hosp,quantile,0.25,15.837512805680069
33,2024-05-04,1,2024-05-11,wk inc flu hosp,quantile,0.25,0.0
34,2024-05-04,1,2024-05-11,wk inc flu hosp,quantile,0.25,56.75957847105701
35,2024-05-04,1,2024-05-11,wk inc flu hosp,quantile,0.25,14.367992839363701
36,2024-05-04,1,2024-05-11,wk inc flu hosp,quantile,0.25,60.703266845921135
37,2024-05-04,1,2024-05-11,wk inc flu hosp,quantile,0.25,0.0
38,2024-05-04,1,2024-05-11,wk inc flu hosp,quantile,0.25,1.7038876716694498
39,2024-05-04,1,2024-05-11,wk inc flu hosp,quantile,0.25,25.585090650539343
40,2024-05-04,1,2024-05-11,wk inc flu hosp,quantile,0.25,17.790195171059246
41,2024-05-04,1,2024-05-11,wk inc flu hosp,quantile,0.25,21.866114356962814
42,2024-05-04,1,2024-05-11,wk inc flu hosp,quantile,0.25,67.3571428986455
44,2024-05-04,1,2024-05-11,wk inc flu hosp,quantile,0.25,2.7743131952502496
45,2024-05-04,1,2024-05-11,wk inc flu hosp,quantile,0.25,11.4185025125185
46,2024-05-04,1,2024-05-11,wk inc flu hosp,quantile,0.25,9.22854650298988
47,2024-05-04,1,2024-05-11,wk inc flu hosp,quantile,0.25,25.932215364458006
48,2024-05-04,1,2024-05-11,wk inc flu hosp,quantile,0.25,120.86385398304341
49,2024-05-04,1,2024-05-11,wk inc flu hosp,quantile,0.25,4.587744093169346
50,2024-05-04,1,2024-05-11,wk inc flu hosp,quantile,0.25,2.3160662394280442
51,2024-05-04,1,2024-05-11,wk inc flu hosp,quantile,0.25,27.912512262169198
53,2024-05-04,1,2024-05-11,wk inc flu hosp,quantile,0.25,22.94602887584904
54,2024-05-04,1,2024-05-11,wk inc flu hosp,quantile,0.25,16.552035921304647
55,2024-05-04,1,2024-05-11,wk inc flu hosp,quantile,0.25,13.396105950758871
56,2024-05-04,1,2024-05-11,wk inc flu hosp,quantile,0.25,2.9811187073676986
72,2024-05-04,1,2024-05-11,wk inc flu hosp,quantile,0.25,37.0043236073837
US,2024-05-04,1,2024-05-11,wk inc flu hosp,quantile,0.25,1397.8804103256589
01,2024-05-04,2,2024-05-18,wk inc flu hosp,quantile,0.25,5.260025000522312
02,2024-05-04,2,2024-05-18,wk inc flu hosp,quantile,0.25,0.4783418275910023
04,2024-05-04,2,2024-05-18,wk inc flu hosp,quantile,0.25,92.10406670966117
05,2024-05-04,2,2024-05-18,wk inc flu hosp,quantile,0.25,50.44109394593706
06,2024-05-04,2,2024-05-18,wk inc flu hosp,quantile,0.25,73.8951950300477
08,2024-05-04,2,2024-05-18,wk inc flu hosp,quantile,0.25,0.039241223733777725
09,2024-05-04,2,2024-05-18,wk inc flu hosp,quantile,0.25,49.25605960978266
10,2024-05-04,2,2024-05-18,wk inc flu hosp,quantile,0.25,0.0
11,2024-05-04,2,2024-05-18,wk inc flu hosp,quantile,0.25,2.376741512731385
12,2024-05-04,2,2024-05-18,wk inc flu hosp,quantile,0.25,233.82152718958667
13,2024-05-04,2,2024-05-18,wk inc flu hosp,quantile,0.25,6.3747337982595385
15,2024-05-04,2,2024-05-18,wk inc flu hosp,quantile,0.25,12.249802805004679
16,2024-05-04,2,2024-05-18,wk inc flu hosp,quantile,0.25,11.71977518422921
17,2024-05-04,2,2024-05-18,wk inc flu hosp,quantile,0.25,16.680449155975495
18,2024-05-04,2,2024-05-18,wk inc flu hosp,quantile,0.25,7.116863794030953
19,2024-05-04,2,2024-05-18,wk inc flu hosp,quantile,0.25,2.3490564587530205
20,2024-05-04,2,2024-05-18,wk inc flu hosp,quantile,0.25,15.43943448563056
21,2024-05-04,2,2024-05-18,wk inc flu hosp,quantile,0.25,0.0
22,2024-05-04,2,2024-05-18,wk inc flu hosp,quantile,0.25,3.0624159392799255
23,2024-05-04,2,2024-05-18,wk inc flu hosp,quantile,0.25,9.358471476451355
24,2024-05-04,2,2024-05-18,wk inc flu hosp,quantile,0.25,0.0
25,2024-05-04,2,2024-05-18,wk inc flu hosp,quantile,0.25,16.8167230801799
26,2024-05-04,2,2024-05-18,wk inc flu hosp,quantile,0.25,32.35395484386106
27,2024-05-04,2,2024-05-18,wk inc flu hosp,quantile,0.25,8.09093529701762
28,2024-05-04,2,2024-05-18,wk inc flu hosp,quantile,0.25,9.705874086745165
29,2024-05-04,2,2024-05-18,wk inc flu hosp,quantile,0.25,17.89380579313764
30,2024-05-04,2,2024-05-18,wk inc flu hosp,quantile,0.25,0.0
31,2024-05-04,2,2024-05-18,wk inc flu hosp,quantile,0.25,4.140777688513798
32,2024-05-04,2,2024-05-18,wk inc flu hosp,quantile,0.25,14.427714119438457
33,2024-05-04,2,2024-05-18,wk inc flu hosp,quantile,0.25,0.0
34,2024-05-04,2,2024-05-18,wk inc flu hosp,quantile,0.25,50.27577922256202
35,2024-05-04,2,2024-05-18,wk inc flu hosp,quantile,0.25,13.979593701727234
36,2024-05-04,2,2024-05-18,wk inc flu hosp,quantile,0.25,32.599173658686986
37,2024-05-04,2,2024-05-18,wk inc flu hosp,quantile,0.25,0.0
38,2024-05-04,2,2024-05-18,wk inc flu hosp,quantile,0.25,0.7926784021119565
39,2024-05-04,2,2024-05-18,wk inc flu hosp,quantile,0.25,12.37119285666316
40,2024-05-04,2,2024-05-18,wk inc flu hosp,quantile,0.25,16.50322748526405
41,2024-05-04,2,2024-05-18,wk inc flu hosp,quantile,0.25,22.231737513322116
42,2024-05-04,2,2024-05-18,wk inc flu hosp,quantile,0.25,52.95112887370939
44,2024-05-04,2,2024-05-18,wk inc flu hosp,quantile,0.25,1.460532767408513
45,2024-05-04,2,2024-05-18,wk inc flu hosp,quantile,0.25,6.815686819077513
46,2024-05-04,2,2024-05-18,wk inc flu hosp,quantile,0.25,8.818687889917305
47,2024-05-04,2,2024-05-18,wk inc flu hosp,quantile,0.25,21.972474036329995
48,2024-05-04,2,2024-05-18,wk inc flu hosp,quantile,0.25,107.79481344757117
49,2024-05-04,2,2024-05-18,wk inc flu hosp,quantile,0.25,3.3027121594835567
50,2024-05-04,2,2024-05-18,wk inc flu hosp,quantile,0.25,1.5392588700557581
51,2024-05-04,2,2024-05-18,wk inc flu hosp,quantile,0.25,18.237959545087268
53,2024-05-04,2,2024-05-18,wk inc flu hosp,quantile,0.25,21.656987054595785
54,2024-05-04,2,2024-05-18,wk inc flu hosp,quantile,0.25,15.966618143432958
55,2024-05-04,2,2024-05-18,wk inc flu hosp,quantile,0.25,5.8664592458254425
56,2024-05-04,2,2024-05-18,wk inc flu hosp,quantile,0.25,2.9092894607310336
72,2024-05-04,2,2024-05-18,wk inc flu hosp,quantile,0.25,36.31909121799963
US,2024-05-04,2,2024-05-18,wk inc flu hosp,quantile,0.25,1183.833679406923
01,2024-05-04,3,2024-05-25,wk inc flu hosp,quantile,0.25,5.060316387434154
02,2024-05-04,3,2024-05-25,wk inc flu hosp,quantile,0.25,0.0
04,2024-05-04,3,2024-05-25,wk inc flu hosp,quantile,0.25,97.50918946767248
05,2024-05-04,3,2024-05-25,wk inc flu hosp,quantile,0.25,53.184848931461985
06,2024-05-04,3,2024-05-25,wk inc flu hosp,quantile,0.25,62.80231988692138
08,2024-05-04,3,2024-05-25,wk inc flu hosp,quantile,0.25,0.0
09,2024-05-04,3,2024-05-25,wk inc flu hosp,quantile,0.25,47.700970566393195
10,2024-05-04,3,2024-05-25,wk inc flu hosp,quantile,0.25,0.0
11,2024-05-04,3,2024-05-25,wk inc flu hosp,quantile,0.25,1.1585448414695858
12,2024-05-04,3,2024-05-25,wk inc flu hosp,quantile,0.25,227.26263303867833
13,2024-05-04,3,2024-05-25,wk inc flu hosp,quantile,0.25,1.824290846067551
15,2024-05-04,3,2024-05-25,wk inc flu hosp,quantile,0.25,12.644624838525704
16,2024-05-04,3,2024-05-25,wk inc flu hosp,quantile,0.25,12.114794729429116
17,2024-05-04,3,2024-05-25,wk inc flu hosp,quantile,0.25,1.7602905125104316
18,2024-05-04,3,2024-05-25,wk inc flu hosp,quantile,0.25,1.955791366206599
19,2024-05-04,3,2024-05-25,wk inc flu hosp,quantile,0.25,0.0
20,2024-05-04,3,2024-05-25,wk inc flu hosp,quantile,0.25,13.272515029108378
21,2024-05-04,3,2024-05-25,wk inc flu hosp,quantile,0.25,0.0
22,2024-05-04,3,2024-05-25,wk inc flu hosp,quantile,0.25,0.0
23,2024-05-04,3,2024-05-25,wk inc flu hosp,quantile,0.25,8.852922524561983
24,2024-05-04,3,2024-05-25,wk inc flu hosp,quantile,0.25,0.0
25,2024-05-04,3,2024-05-25,wk inc flu hosp,quantile,0.25,5.955657685802597
26,2024-05-04,3,2024-05-25,wk inc flu hosp,quantile,0.25,15.311749516501038
27,2024-05-04,3,2024-05-25,wk inc flu hosp,quantile,0.25,2.965802270738958
28,2024-05-04,3,2024-05-25,wk inc flu hosp,quantile,0.25,8.44245986531243
29,2024-05-04,3,2024-05-25,wk inc flu hosp,quantile,0.25,10.060459497397753
30,2024-05-04,3,2024-05-25,wk inc flu hosp,quantile,0.25,0.0
31,2024-05-04,3,2024-05-25,wk inc flu hosp,quantile,0.25,1.4505093351991856
32,2024-05-04,3,2024-05-25,wk inc flu hosp,quantile,0.25,14.243593376046736
33,2024-05-04,3,2024-05-25,wk inc flu hosp,quantile,0.25,0.0
34,2024-05-04,3,2024-05-25,wk inc flu hosp,quantile,0.25,42.33468312973453
35,2024-05-04,3,2024-05-25,wk inc flu hosp,quantile,0.25,13.783090061189753
36,2024-05-04,3,2024-05-25,wk inc flu hosp,quantile,0.25,7.474251228593487
37,2024-05-04,3,2024-05-25,wk inc flu hosp,quantile,0.25,0.0
38,2024-05-04,3,2024-05-25,wk inc flu hosp,quantile,0.25,0.0
39,2024-05-04,3,2024-05-25,wk inc flu hosp,quantile,0.25,0.10776122892542583
40,2024-05-04,3,2024-05-25,wk inc flu hosp,quantile,0.25,17.136895383405808
41,2024-05-04,3,2024-05-25,wk inc flu hosp,quantile,0.25,21.915531040755166
42,2024-05-04,3,2024-05-25,wk inc flu hosp,quantile,0.25,38.23809921000236
44,2024-05-04,3,2024-05-25,wk inc flu hosp,quantile,0.25,0.21420636280047872
45,2024-05-04,3,2024-05-25,wk inc flu hosp,quantile,0.25,1.6552219021366472
46,2024-05-04,3,2024-05-25,wk inc flu hosp,quantile,0.25,7.941485483443137
47,2024-05-04,3,2024-05-25,wk inc flu hosp,quantile,0.25,16.999244800858452
48,2024-05-04,3,2024-05-25,wk inc flu hosp,quantile,0.25,96.24501203004333
49,2024-05-04,3,2024-05-25,wk inc flu hosp,quantile,0.25,3.9660225659764725
50,2024-05-04,3,2024-05-25,wk inc flu hosp,quantile,0.25,0.6038981123868925
51,2024-05-04,3,2024-05-25,wk inc flu hosp,quantile,0.25,11.357238355187508
53,2024-05-04,3,2024-05-25,wk inc flu hosp,quantile,0.25,20.971487125335088
54,2024-05-04,3,2024-05-25,wk inc flu hosp,quantile,0.25,15.546891573723826
55,2024-05-04,3,2024-05-25,wk inc flu hosp,quantile,0.25,0.0
56,2024-05-04,3,2024-05-25,wk inc flu hosp,quantile,0.25,2.8424250941067752
72,2024-05-04,3,2024-05-25,wk inc flu hosp,quantile,0.25,36.30250458581028
US,2024-05-04,3,2024-05-25,wk inc flu hosp,quantile,0.25,901.3717718238554
01,2024-05-04,0,2024-05-04,wk inc flu hosp,quantile,0.3,6.207935256177759
02,2024-05-04,0,2024-05-04,wk inc flu hosp,quantile,0.3,2.0307779634495247
04,2024-05-04,0,2024-05-04,wk inc flu hosp,quantile,0.3,77.86780728789876
05,2024-05-04,0,2024-05-04,wk inc flu hosp,quantile,0.3,59.034637372770796
06,2024-05-04,0,2024-05-04,wk inc flu hosp,quantile,0.3,117.74802898876939
08,2024-05-04,0,2024-05-04,wk inc flu hosp,quantile,0.3,12.933940509122584
09,2024-05-04,0,2024-05-04,wk inc flu hosp,quantile,0.3,49.33873300622593
10,2024-05-04,0,2024-05-04,wk inc flu hosp,quantile,0.3,0.17219086524372323
11,2024-05-04,0,2024-05-04,wk inc flu hosp,quantile,0.3,5.336195414986576
12,2024-05-04,0,2024-05-04,wk inc flu hosp,quantile,0.3,260.3595957373544
13,2024-05-04,0,2024-05-04,wk inc flu hosp,quantile,0.3,19.36915784328398
15,2024-05-04,0,2024-05-04,wk inc flu hosp,quantile,0.3,12.941115351938135
16,2024-05-04,0,2024-05-04,wk inc flu hosp,quantile,0.3,12.978188558102607
17,2024-05-04,0,2024-05-04,wk inc flu hosp,quantile,0.3,52.77363056996257
18,2024-05-04,0,2024-05-04,wk inc flu hosp,quantile,0.3,26.149024470976208
19,2024-05-04,0,2024-05-04,wk inc flu hosp,quantile,0.3,11.35100457806286
20,2024-05-04,0,2024-05-04,wk inc flu hosp,quantile,0.3,21.407423431385574
21,2024-05-04,0,2024-05-04,wk inc flu hosp,quantile,0.3,13.32598067091326
22,2024-05-04,0,2024-05-04,wk inc flu hosp,quantile,0.3,9.713757776995179
23,2024-05-04,0,2024-05-04,wk inc flu hosp,quantile,0.3,9.733019955500568
24,2024-05-04,0,2024-05-04,wk inc flu hosp,quantile,0.3,10.333889271561155
25,2024-05-04,0,2024-05-04,wk inc flu hosp,quantile,0.3,42.81731183782017
26,2024-05-04,0,2024-05-04,wk inc flu hosp,quantile,0.3,78.48589036996475
27,2024-05-04,0,2024-05-04,wk inc flu hosp,quantile,0.3,25.65760186664077
28,2024-05-04,0,2024-05-04,wk inc flu hosp,quantile,0.3,15.348255270136724
29,2024-05-04,0,2024-05-04,wk inc flu hosp,quantile,0.3,40.71905008537509
30,2024-05-04,0,2024-05-04,wk inc flu hosp,quantile,0.3,0.4258019706116585
31,2024-05-04,0,2024-05-04,wk inc flu hosp,quantile,0.3,10.378351053997466
32,2024-05-04,0,2024-05-04,wk inc flu hosp,quantile,0.3,17.16684859608555
33,2024-05-04,0,2024-05-04,wk inc flu hosp,quantile,0.3,1.098601094498756
34,2024-05-04,0,2024-05-04,wk inc flu hosp,quantile,0.3,71.95467217014632
35,2024-05-04,0,2024-05-04,wk inc flu hosp,quantile,0.3,15.83416773521724
36,2024-05-04,0,2024-05-04,wk inc flu hosp,quantile,0.3,100.32870720841922
37,2024-05-04,0,2024-05-04,wk inc flu hosp,quantile,0.3,2.0688816180582044
38,2024-05-04,0,2024-05-04,wk inc flu hosp,quantile,0.3,3.583978363511549
39,2024-05-04,0,2024-05-04,wk inc flu hosp,quantile,0.3,46.920237582931975
40,2024-05-04,0,2024-05-04,wk inc flu hosp,quantile,0.3,17.21708556942515
41,2024-05-04,0,2024-05-04,wk inc flu hosp,quantile,0.3,21.84647393946438
42,2024-05-04,0,2024-05-04,wk inc flu hosp,quantile,0.3,91.00185040589156
44,2024-05-04,0,2024-05-04,wk inc flu hosp,quantile,0.3,4.529483735866419
45,2024-05-04,0,2024-05-04,wk inc flu hosp,quantile,0.3,17.569588977732078
46,2024-05-04,0,2024-05-04,wk inc flu hosp,quantile,0.3,9.913719699287887
47,2024-05-04,0,2024-05-04,wk inc flu hosp,quantile,0.3,35.98683879097411
48,2024-05-04,0,2024-05-04,wk inc flu hosp,quantile,0.3,148.9944650428405
49,2024-05-04,0,2024-05-04,wk inc flu hosp,quantile,0.3,4.172597457295878
50,2024-05-04,0,2024-05-04,wk inc flu hosp,quantile,0.3,3.496617328024121
51,2024-05-04,0,2024-05-04,wk inc flu hosp,quantile,0.3,40.92416394750211
53,2024-05-04,0,2024-05-04,wk inc flu hosp,quantile,0.3,23.01588118199515
54,2024-05-04,0,2024-05-04,wk inc flu hosp,quantile,0.3,19.063573447327556
55,2024-05-04,0,2024-05-04,wk inc flu hosp,quantile,0.3,24.841099070556183
56,2024-05-04,0,2024-05-04,wk inc flu hosp,quantile,0.3,2.7357780771195195
72,2024-05-04,0,2024-05-04,wk inc flu hosp,quantile,0.3,36.8704742920627
US,2024-05-04,0,2024-05-04,wk inc flu hosp,quantile,0.3,1859.244000649126
01,2024-05-04,1,2024-05-11,wk inc flu hosp,quantile,0.3,6.391384339398067
02,2024-05-04,1,2024-05-11,wk inc flu hosp,quantile,0.3,1.1805778233486797
04,2024-05-04,1,2024-05-11,wk inc flu hosp,quantile,0.3,87.88113514428893
05,2024-05-04,1,2024-05-11,wk inc flu hosp,quantile,0.3,65.46030304712231
06,2024-05-04,1,2024-05-11,wk inc flu hosp,quantile,0.3,93.65067410826548
08,2024-05-04,1,2024-05-11,wk inc flu hosp,quantile,0.3,5.55488025613464
09,2024-05-04,1,2024-05-11,wk inc flu hosp,quantile,0.3,52.697878127485495
10,2024-05-04,1,2024-05-11,wk inc flu hosp,quantile,0.3,0.0
11,2024-05-04,1,2024-05-11,wk inc flu hosp,quantile,0.3,3.934591101556199
12,2024-05-04,1,2024-05-11,wk inc flu hosp,quantile,0.3,244.2872485300736
13,2024-05-04,1,2024-05-11,wk inc flu hosp,quantile,0.3,12.376522058754997
15,2024-05-04,1,2024-05-11,wk inc flu hosp,quantile,0.3,14.845017412568096
16,2024-05-04,1,2024-05-11,wk inc flu hosp,quantile,0.3,15.155759875448375
17,2024-05-04,1,2024-05-11,wk inc flu hosp,quantile,0.3,34.85093991125677
18,2024-05-04,1,2024-05-11,wk inc flu hosp,quantile,0.3,15.271006562879633
19,2024-05-04,1,2024-05-11,wk inc flu hosp,quantile,0.3,7.108546729432764
20,2024-05-04,1,2024-05-11,wk inc flu hosp,quantile,0.3,17.940216932783844
21,2024-05-04,1,2024-05-11,wk inc flu hosp,quantile,0.3,5.823420785197945
22,2024-05-04,1,2024-05-11,wk inc flu hosp,quantile,0.3,6.519178854330638
23,2024-05-04,1,2024-05-11,wk inc flu hosp,quantile,0.3,9.792726010277148
24,2024-05-04,1,2024-05-11,wk inc flu hosp,quantile,0.3,4.349814210702408
25,2024-05-04,1,2024-05-11,wk inc flu hosp,quantile,0.3,30.32775124510968
26,2024-05-04,1,2024-05-11,wk inc flu hosp,quantile,0.3,53.763187681426054
27,2024-05-04,1,2024-05-11,wk inc flu hosp,quantile,0.3,15.491295034838144
28,2024-05-04,1,2024-05-11,wk inc flu hosp,quantile,0.3,12.47493322431795
29,2024-05-04,1,2024-05-11,wk inc flu hosp,quantile,0.3,28.84761634971622
30,2024-05-04,1,2024-05-11,wk inc flu hosp,quantile,0.3,0.0
31,2024-05-04,1,2024-05-11,wk inc flu hosp,quantile,0.3,7.459086704595508
32,2024-05-04,1,2024-05-11,wk inc flu hosp,quantile,0.3,15.938144642220614
33,2024-05-04,1,2024-05-11,wk inc flu hosp,quantile,0.3,0.06421628092787109
34,2024-05-04,1,2024-05-11,wk inc flu hosp,quantile,0.3,60.046429665516925
35,2024-05-04,1,2024-05-11,wk inc flu hosp,quantile,0.3,18.13086113952494
36,2024-05-04,1,2024-05-11,wk inc flu hosp,quantile,0.3,65.95360766674334
37,2024-05-04,1,2024-05-11,wk inc flu hosp,quantile,0.3,0.0
38,2024-05-04,1,2024-05-11,wk inc flu hosp,quantile,0.3,2.0141263540127614
39,2024-05-04,1,2024-05-11,wk inc flu hosp,quantile,0.3,30.38139939813395
40,2024-05-04,1,2024-05-11,wk inc flu hosp,quantile,0.3,17.947747321775612
41,2024-05-04,1,2024-05-11,wk inc flu hosp,quantile,0.3,22.26464914408545
42,2024-05-04,1,2024-05-11,wk inc flu hosp,quantile,0.3,69.7608497623325
44,2024-05-04,1,2024-05-11,wk inc flu hosp,quantile,0.3,2.975768564089419
45,2024-05-04,1,2024-05-11,wk inc flu hosp,quantile,0.3,13.260923062270077
46,2024-05-04,1,2024-05-11,wk inc flu hosp,quantile,0.3,9.326947837888927
47,2024-05-04,1,2024-05-11,wk inc flu hosp,quantile,0.3,28.840561928856634
48,2024-05-04,1,2024-05-11,wk inc flu hosp,quantile,0.3,121.01361630752207
49,2024-05-04,1,2024-05-11,wk inc flu hosp,quantile,0.3,6.445450075830583
50,2024-05-04,1,2024-05-11,wk inc flu hosp,quantile,0.3,2.603254140935721
51,2024-05-04,1,2024-05-11,wk inc flu hosp,quantile,0.3,29.658573589372775
53,2024-05-04,1,2024-05-11,wk inc flu hosp,quantile,0.3,23.540684296687942
54,2024-05-04,1,2024-05-11,wk inc flu hosp,quantile,0.3,19.938253149416536
55,2024-05-04,1,2024-05-11,wk inc flu hosp,quantile,0.3,14.011572360966623
56,2024-05-04,1,2024-05-11,wk inc flu hosp,quantile,0.3,3.053235361812788
72,2024-05-04,1,2024-05-11,wk inc flu hosp,quantile,0.3,38.11631958670999
US,2024-05-04,1,2024-05-11,wk inc flu hosp,quantile,0.3,1480.254676729758
01,2024-05-04,2,2024-05-18,wk inc flu hosp,quantile,0.3,6.163764438246912
02,2024-05-04,2,2024-05-18,wk inc flu hosp,quantile,0.3,0.7728635950873283
04,2024-05-04,2,2024-05-18,wk inc flu hosp,quantile,0.3,92.22691730538303
05,2024-05-04,2,2024-05-18,wk inc flu hosp,quantile,0.3,64.83664889959742
06,2024-05-04,2,2024-05-18,wk inc flu hosp,quantile,0.3,84.98770949773235
08,2024-05-04,2,2024-05-18,wk inc flu hosp,quantile,0.3,1.7364189797710152
09,2024-05-04,2,2024-05-18,wk inc flu hosp,quantile,0.3,51.56491940522888
10,2024-05-04,2,2024-05-18,wk inc flu hosp,quantile,0.3,0.0
11,2024-05-04,2,2024-05-18,wk inc flu hosp,quantile,0.3,2.9167938872606674
12,2024-05-04,2,2024-05-18,wk inc flu hosp,quantile,0.3,242.6510230102539
13,2024-05-04,2,2024-05-18,wk inc flu hosp,quantile,0.3,8.532463648160954
15,2024-05-04,2,2024-05-18,wk inc flu hosp,quantile,0.3,14.85404168494142
16,2024-05-04,2,2024-05-18,wk inc flu hosp,quantile,0.3,15.23411390157084
17,2024-05-04,2,2024-05-18,wk inc flu hosp,quantile,0.3,22.78860366772167
18,2024-05-04,2,2024-05-18,wk inc flu hosp,quantile,0.3,10.163801584320264
19,2024-05-04,2,2024-05-18,wk inc flu hosp,quantile,0.3,3.8758973418659943
20,2024-05-04,2,2024-05-18,wk inc flu hosp,quantile,0.3,16.65532586611741
21,2024-05-04,2,2024-05-18,wk inc flu hosp,quantile,0.3,1.3949880891435313
22,2024-05-04,2,2024-05-18,wk inc flu hosp,quantile,0.3,3.7760604058224523
23,2024-05-04,2,2024-05-18,wk inc flu hosp,quantile,0.3,9.509403821707215
24,2024-05-04,2,2024-05-18,wk inc flu hosp,quantile,0.3,0.3195878822798024
25,2024-05-04,2,2024-05-18,wk inc flu hosp,quantile,0.3,21.133146189290976
26,2024-05-04,2,2024-05-18,wk inc flu hosp,quantile,0.3,37.3014497687952
27,2024-05-04,2,2024-05-18,wk inc flu hosp,quantile,0.3,10.262040609997507
28,2024-05-04,2,2024-05-18,wk inc flu hosp,quantile,0.3,10.015635842386699
29,2024-05-04,2,2024-05-18,wk inc flu hosp,quantile,0.3,22.086411039800666
30,2024-05-04,2,2024-05-18,wk inc flu hosp,quantile,0.3,0.0
31,2024-05-04,2,2024-05-18,wk inc flu hosp,quantile,0.3,5.331866115325082
32,2024-05-04,2,2024-05-18,wk inc flu hosp,quantile,0.3,15.350747882589571
33,2024-05-04,2,2024-05-18,wk inc flu hosp,quantile,0.3,0.0
34,2024-05-04,2,2024-05-18,wk inc flu hosp,quantile,0.3,53.37603290668023
35,2024-05-04,2,2024-05-18,wk inc flu hosp,quantile,0.3,17.379195038083928
36,2024-05-04,2,2024-05-18,wk inc flu hosp,quantile,0.3,43.05619572121636
37,2024-05-04,2,2024-05-18,wk inc flu hosp,quantile,0.3,0.0
38,2024-05-04,2,2024-05-18,wk inc flu hosp,quantile,0.3,1.161696187828462
39,2024-05-04,2,2024-05-18,wk inc flu hosp,quantile,0.3,18.80721471593643
40,2024-05-04,2,2024-05-18,wk inc flu hosp,quantile,0.3,18.02229620343778
41,2024-05-04,2,2024-05-18,wk inc flu hosp,quantile,0.3,22.61089215825025
42,2024-05-04,2,2024-05-18,wk inc flu hosp,quantile,0.3,58.775729725619854
44,2024-05-04,2,2024-05-18,wk inc flu hosp,quantile,0.3,2.070383241122878
45,2024-05-04,2,2024-05-18,wk inc flu hosp,quantile,0.3,9.922152752760958
46,2024-05-04,2,2024-05-18,wk inc flu hosp,quantile,0.3,8.831564194124896
47,2024-05-04,2,2024-05-18,wk inc flu hosp,quantile,0.3,25.096649925957
48,2024-05-04,2,2024-05-18,wk inc flu hosp,quantile,0.3,113.90074579569303
49,2024-05-04,2,2024-05-18,wk inc flu hosp,quantile,0.3,6.147927822894635
50,2024-05-04,2,2024-05-18,wk inc flu hosp,quantile,0.3,2.024517261766514
51,2024-05-04,2,2024-05-18,wk inc flu hosp,quantile,0.3,21.970237585820925
53,2024-05-04,2,2024-05-18,wk inc flu hosp,quantile,0.3,22.39340001174414
54,2024-05-04,2,2024-05-18,wk inc flu hosp,quantile,0.3,18.97456743107035
55,2024-05-04,2,2024-05-18,wk inc flu hosp,quantile,0.3,8.03378076293596
56,2024-05-04,2,2024-05-18,wk inc flu hosp,quantile,0.3,2.9230913158151712
72,2024-05-04,2,2024-05-18,wk inc flu hosp,quantile,0.3,38.515724358280046
US,2024-05-04,2,2024-05-18,wk inc flu hosp,quantile,0.3,1237.4741861471048
01,2024-05-04,3,2024-05-25,wk inc flu hosp,quantile,0.3,6.678537284084522
02,2024-05-04,3,2024-05-25,wk inc flu hosp,quantile,0.3,0.26862747901199296
04,2024-05-04,3,2024-05-25,wk inc flu hosp,quantile,0.3,100.04266299334645
05,2024-05-04,3,2024-05-25,wk inc flu hosp,quantile,0.3,68.0001515127308
06,2024-05-04,3,2024-05-25,wk inc flu hosp,quantile,0.3,74.49074565744132
08,2024-05-04,3,2024-05-25,wk inc flu hosp,quantile,0.3,0.0
09,2024-05-04,3,2024-05-25,wk inc flu hosp,quantile,0.3,49.48454784636842
10,2024-05-04,3,2024-05-25,wk inc flu hosp,quantile,0.3,0.0
11,2024-05-04,3,2024-05-25,wk inc flu hosp,quantile,0.3,1.591319466573884
12,2024-05-04,3,2024-05-25,wk inc flu hosp,quantile,0.3,233.73786611504792
13,2024-05-04,3,2024-05-25,wk inc flu hosp,quantile,0.3,4.033016862029746
15,2024-05-04,3,2024-05-25,wk inc flu hosp,quantile,0.3,15.36664717743416
16,2024-05-04,3,2024-05-25,wk inc flu hosp,quantile,0.3,15.82268313559478
17,2024-05-04,3,2024-05-25,wk inc flu hosp,quantile,0.3,7.219857903590793
18,2024-05-04,3,2024-05-25,wk inc flu hosp,quantile,0.3,5.20454961149266
19,2024-05-04,3,2024-05-25,wk inc flu hosp,quantile,0.3,0.0
20,2024-05-04,3,2024-05-25,wk inc flu hosp,quantile,0.3,13.309207599647076
21,2024-05-04,3,2024-05-25,wk inc flu hosp,quantile,0.3,0.0
22,2024-05-04,3,2024-05-25,wk inc flu hosp,quantile,0.3,0.030872546308625584
23,2024-05-04,3,2024-05-25,wk inc flu hosp,quantile,0.3,9.45331740234665
24,2024-05-04,3,2024-05-25,wk inc flu hosp,quantile,0.3,0.0
25,2024-05-04,3,2024-05-25,wk inc flu hosp,quantile,0.3,9.282461072928047
26,2024-05-04,3,2024-05-25,wk inc flu hosp,quantile,0.3,19.804344502545927
27,2024-05-04,3,2024-05-25,wk inc flu hosp,quantile,0.3,5.117488180386832
28,2024-05-04,3,2024-05-25,wk inc flu hosp,quantile,0.3,8.740369505177124
29,2024-05-04,3,2024-05-25,wk inc flu hosp,quantile,0.3,13.412271220957422
30,2024-05-04,3,2024-05-25,wk inc flu hosp,quantile,0.3,0.0
31,2024-05-04,3,2024-05-25,wk inc flu hosp,quantile,0.3,2.366754460758884
32,2024-05-04,3,2024-05-25,wk inc flu hosp,quantile,0.3,15.02383909649739
33,2024-05-04,3,2024-05-25,wk inc flu hosp,quantile,0.3,0.0
34,2024-05-04,3,2024-05-25,wk inc flu hosp,quantile,0.3,42.77357269237876
35,2024-05-04,3,2024-05-25,wk inc flu hosp,quantile,0.3,18.192484615896365
36,2024-05-04,3,2024-05-25,wk inc flu hosp,quantile,0.3,16.699309361672114
37,2024-05-04,3,2024-05-25,wk inc flu hosp,quantile,0.3,0.0
38,2024-05-04,3,2024-05-25,wk inc flu hosp,quantile,0.3,0.27183197647155144
39,2024-05-04,3,2024-05-25,wk inc flu hosp,quantile,0.3,6.217386759209855
40,2024-05-04,3,2024-05-25,wk inc flu hosp,quantile,0.3,18.784643461550047
41,2024-05-04,3,2024-05-25,wk inc flu hosp,quantile,0.3,22.265095284878445
42,2024-05-04,3,2024-05-25,wk inc flu hosp,quantile,0.3,44.245405538798344
44,2024-05-04,3,2024-05-25,wk inc flu hosp,quantile,0.3,0.7125785064859043
45,2024-05-04,3,2024-05-25,wk inc flu hosp,quantile,0.3,4.298434981050352
46,2024-05-04,3,2024-05-25,wk inc flu hosp,quantile,0.3,8.174440286121037
47,2024-05-04,3,2024-05-25,wk inc flu hosp,quantile,0.3,20.095221760516324
48,2024-05-04,3,2024-05-25,wk inc flu hosp,quantile,0.3,103.59764358689381
49,2024-05-04,3,2024-05-25,wk inc flu hosp,quantile,0.3,7.205151820149868
50,2024-05-04,3,2024-05-25,wk inc flu hosp,quantile,0.3,0.97196014366278
51,2024-05-04,3,2024-05-25,wk inc flu hosp,quantile,0.3,15.62734170332478
53,2024-05-04,3,2024-05-25,wk inc flu hosp,quantile,0.3,23.395234888847394
54,2024-05-04,3,2024-05-25,wk inc flu hosp,quantile,0.3,17.979394874446857
55,2024-05-04,3,2024-05-25,wk inc flu hosp,quantile,0.3,1.7520665479269786
56,2024-05-04,3,2024-05-25,wk inc flu hosp,quantile,0.3,2.970716548750391
72,2024-05-04,3,2024-05-25,wk inc flu hosp,quantile,0.3,39.684886589570716
US,2024-05-04,3,2024-05-25,wk inc flu hosp,quantile,0.3,981.6213899621184
01,2024-05-04,0,2024-05-04,wk inc flu hosp,quantile,0.35,6.262425690635411
02,2024-05-04,0,2024-05-04,wk inc flu hosp,quantile,0.35,2.1115215186255702
04,2024-05-04,0,2024-05-04,wk inc flu hosp,quantile,0.35,78.36064291002667
05,2024-05-04,0,2024-05-04,wk inc flu hosp,quantile,0.35,64.17214721692118
06,2024-05-04,0,2024-05-04,wk inc flu hosp,quantile,0.35,118.17371558732574
08,2024-05-04,0,2024-05-04,wk inc flu hosp,quantile,0.35,13.264702186557884
09,2024-05-04,0,2024-05-04,wk inc flu hosp,quantile,0.35,50.85247409467481
10,2024-05-04,0,2024-05-04,wk inc flu hosp,quantile,0.35,0.22711817062086365
11,2024-05-04,0,2024-05-04,wk inc flu hosp,quantile,0.35,5.52728484946798
12,2024-05-04,0,2024-05-04,wk inc flu hosp,quantile,0.35,260.4063756156236
13,2024-05-04,0,2024-05-04,wk inc flu hosp,quantile,0.35,19.742959873510635
15,2024-05-04,0,2024-05-04,wk inc flu hosp,quantile,0.35,13.347453331578237
16,2024-05-04,0,2024-05-04,wk inc flu hosp,quantile,0.35,13.20861690203922
17,2024-05-04,0,2024-05-04,wk inc flu hosp,quantile,0.35,54.89399698209039
18,2024-05-04,0,2024-05-04,wk inc flu hosp,quantile,0.35,26.405782513862317
19,2024-05-04,0,2024-05-04,wk inc flu hosp,quantile,0.35,12.066032397434634
20,2024-05-04,0,2024-05-04,wk inc flu hosp,quantile,0.35,21.652125109131696
21,2024-05-04,0,2024-05-04,wk inc flu hosp,quantile,0.35,13.80952464333812
22,2024-05-04,0,2024-05-04,wk inc flu hosp,quantile,0.35,9.88649025103002
23,2024-05-04,0,2024-05-04,wk inc flu hosp,quantile,0.35,9.926277958134326
24,2024-05-04,0,2024-05-04,wk inc flu hosp,quantile,0.35,11.6189380196712
25,2024-05-04,0,2024-05-04,wk inc flu hosp,quantile,0.35,45.40508191778459
26,2024-05-04,0,2024-05-04,wk inc flu hosp,quantile,0.35,80.53573841878968
27,2024-05-04,0,2024-05-04,wk inc flu hosp,quantile,0.35,25.667711150926966
28,2024-05-04,0,2024-05-04,wk inc flu hosp,quantile,0.35,15.525064247552539
29,2024-05-04,0,2024-05-04,wk inc flu hosp,quantile,0.35,41.10692111482
30,2024-05-04,0,2024-05-04,wk inc flu hosp,quantile,0.35,0.4405791444015615
31,2024-05-04,0,2024-05-04,wk inc flu hosp,quantile,0.35,11.111618747192965
32,2024-05-04,0,2024-05-04,wk inc flu hosp,quantile,0.35,17.359488455577395
33,2024-05-04,0,2024-05-04,wk inc flu hosp,quantile,0.35,1.3211385273527607
34,2024-05-04,0,2024-05-04,wk inc flu hosp,quantile,0.35,74.22059287437641
35,2024-05-04,0,2024-05-04,wk inc flu hosp,quantile,0.35,16.124167098694713
36,2024-05-04,0,2024-05-04,wk inc flu hosp,quantile,0.35,105.44579540607184
37,2024-05-04,0,2024-05-04,wk inc flu hosp,quantile,0.35,2.3698261833142835
38,2024-05-04,0,2024-05-04,wk inc flu hosp,quantile,0.35,3.5855009710784507
39,2024-05-04,0,2024-05-04,wk inc flu hosp,quantile,0.35,51.064671002635734
40,2024-05-04,0,2024-05-04,wk inc flu hosp,quantile,0.35,17.24117581098573
41,2024-05-04,0,2024-05-04,wk inc flu hosp,quantile,0.35,22.101727549368682
42,2024-05-04,0,2024-05-04,wk inc flu hosp,quantile,0.35,92.36377949737971
44,2024-05-04,0,2024-05-04,wk inc flu hosp,quantile,0.35,4.716933340515663
45,2024-05-04,0,2024-05-04,wk inc flu hosp,quantile,0.35,18.723442023463186
46,2024-05-04,0,2024-05-04,wk inc flu hosp,quantile,0.35,10.689264867541414
47,2024-05-04,0,2024-05-04,wk inc flu hosp,quantile,0.35,37.33222944773086
48,2024-05-04,0,2024-05-04,wk inc flu hosp,quantile,0.35,150.34091232033893
49,2024-05-04,0,2024-05-04,wk inc flu hosp,quantile,0.35,4.459885109401316
50,2024-05-04,0,2024-05-04,wk inc flu hosp,quantile,0.35,3.737041706586776
51,2024-05-04,0,2024-05-04,wk inc flu hosp,quantile,0.35,43.938840926273045
53,2024-05-04,0,2024-05-04,wk inc flu hosp,quantile,0.35,23.215222181253107
54,2024-05-04,0,2024-05-04,wk inc flu hosp,quantile,0.35,19.518246272661244
55,2024-05-04,0,2024-05-04,wk inc flu hosp,quantile,0.35,25.086839484116243
56,2024-05-04,0,2024-05-04,wk inc flu hosp,quantile,0.35,2.8592961346326793
72,2024-05-04,0,2024-05-04,wk inc flu hosp,quantile,0.35,38.02634693609114
US,2024-05-04,0,2024-05-04,wk inc flu hosp,quantile,0.35,1913.1228274352345
01,2024-05-04,1,2024-05-11,wk inc flu hosp,quantile,0.35,7.56355945600356
02,2024-05-04,1,2024-05-11,wk inc flu hosp,quantile,0.35,1.7106138404099704
04,2024-05-04,1,2024-05-11,wk inc flu hosp,quantile,0.35,91.39241322842246
05,2024-05-04,1,2024-05-11,wk inc flu hosp,quantile,0.35,75.49892710074919
06,2024-05-04,1,2024-05-11,wk inc flu hosp,quantile,0.35,99.08091050941553
08,2024-05-04,1,2024-05-11,wk inc flu hosp,quantile,0.35,8.803877105479735
09,2024-05-04,1,2024-05-11,wk inc flu hosp,quantile,0.35,55.70802975947488
10,2024-05-04,1,2024-05-11,wk inc flu hosp,quantile,0.35,0.0
11,2024-05-04,1,2024-05-11,wk inc flu hosp,quantile,0.35,4.392595621313075
12,2024-05-04,1,2024-05-11,wk inc flu hosp,quantile,0.35,245.86694377122114
13,2024-05-04,1,2024-05-11,wk inc flu hosp,quantile,0.35,17.353695855242623
15,2024-05-04,1,2024-05-11,wk inc flu hosp,quantile,0.35,16.139449466365225
16,2024-05-04,1,2024-05-11,wk inc flu hosp,quantile,0.35,16.966058031284817
17,2024-05-04,1,2024-05-11,wk inc flu hosp,quantile,0.35,41.07885955799947
18,2024-05-04,1,2024-05-11,wk inc flu hosp,quantile,0.35,21.24286578911494
19,2024-05-04,1,2024-05-11,wk inc flu hosp,quantile,0.35,8.342811724947737
20,2024-05-04,1,2024-05-11,wk inc flu hosp,quantile,0.35,18.80873147057843
21,2024-05-04,1,2024-05-11,wk inc flu hosp,quantile,0.35,8.79521750265099
22,2024-05-04,1,2024-05-11,wk inc flu hosp,quantile,0.35,8.39381156218368
23,2024-05-04,1,2024-05-11,wk inc flu hosp,quantile,0.35,9.883091604451096
24,2024-05-04,1,2024-05-11,wk inc flu hosp,quantile,0.35,8.547798041348488
25,2024-05-04,1,2024-05-11,wk inc flu hosp,quantile,0.35,34.12987403940494
26,2024-05-04,1,2024-05-11,wk inc flu hosp,quantile,0.35,58.65145958737773
27,2024-05-04,1,2024-05-11,wk inc flu hosp,quantile,0.35,17.559863747474722
28,2024-05-04,1,2024-05-11,wk inc flu hosp,quantile,0.35,12.518590728604877
29,2024-05-04,1,2024-05-11,wk inc flu hosp,quantile,0.35,35.25354630364183
30,2024-05-04,1,2024-05-11,wk inc flu hosp,quantile,0.35,0.0
31,2024-05-04,1,2024-05-11,wk inc flu hosp,quantile,0.35,8.485598359574848
32,2024-05-04,1,2024-05-11,wk inc flu hosp,quantile,0.35,15.952123402052791
33,2024-05-04,1,2024-05-11,wk inc flu hosp,quantile,0.35,0.6350392035196608
34,2024-05-04,1,2024-05-11,wk inc flu hosp,quantile,0.35,61.05145178973889
35,2024-05-04,1,2024-05-11,wk inc flu hosp,quantile,0.35,19.495042738464548
36,2024-05-04,1,2024-05-11,wk inc flu hosp,quantile,0.35,78.37372610631118
37,2024-05-04,1,2024-05-11,wk inc flu hosp,quantile,0.35,0.0
38,2024-05-04,1,2024-05-11,wk inc flu hosp,quantile,0.35,2.284264359907442
39,2024-05-04,1,2024-05-11,wk inc flu hosp,quantile,0.35,37.21411833339051
40,2024-05-04,1,2024-05-11,wk inc flu hosp,quantile,0.35,18.719169617586402
41,2024-05-04,1,2024-05-11,wk inc flu hosp,quantile,0.35,23.170883693796466
42,2024-05-04,1,2024-05-11,wk inc flu hosp,quantile,0.35,82.98627050822655
44,2024-05-04,1,2024-05-11,wk inc flu hosp,quantile,0.35,3.5320121497230494
45,2024-05-04,1,2024-05-11,wk inc flu hosp,quantile,0.35,17.201879943717014
46,2024-05-04,1,2024-05-11,wk inc flu hosp,quantile,0.35,10.387117646691106
47,2024-05-04,1,2024-05-11,wk inc flu hosp,quantile,0.35,34.17336817934154
48,2024-05-04,1,2024-05-11,wk inc flu hosp,quantile,0.35,128.50275486033584
49,2024-05-04,1,2024-05-11,wk inc flu hosp,quantile,0.35,7.767238148520648
50,2024-05-04,1,2024-05-11,wk inc flu hosp,quantile,0.35,3.0032791135037904
51,2024-05-04,1,2024-05-11,wk inc flu hosp,quantile,0.35,37.8740448468856
53,2024-05-04,1,2024-05-11,wk inc flu hosp,quantile,0.35,24.171926821299056
54,2024-05-04,1,2024-05-11,wk inc flu hosp,quantile,0.35,21.52316938592695
55,2024-05-04,1,2024-05-11,wk inc flu hosp,quantile,0.35,16.373205610537592
56,2024-05-04,1,2024-05-11,wk inc flu hosp,quantile,0.35,3.090314836045871
72,2024-05-04,1,2024-05-11,wk inc flu hosp,quantile,0.35,40.718796112432756
US,2024-05-04,1,2024-05-11,wk inc flu hosp,quantile,0.35,1698.3291728349484
01,2024-05-04,2,2024-05-18,wk inc flu hosp,quantile,0.35,7.582252910847602
02,2024-05-04,2,2024-05-18,wk inc flu hosp,quantile,0.35,1.231930209376877
04,2024-05-04,2,2024-05-18,wk inc flu hosp,quantile,0.35,98.90931870633956
05,2024-05-04,2,2024-05-18,wk inc flu hosp,quantile,0.35,77.54235040396749
06,2024-05-04,2,2024-05-18,wk inc flu hosp,quantile,0.35,91.88037229321385
08,2024-05-04,2,2024-05-18,wk inc flu hosp,quantile,0.35,4.673167894226797
09,2024-05-04,2,2024-05-18,wk inc flu hosp,quantile,0.35,55.15880942341558
10,2024-05-04,2,2024-05-18,wk inc flu hosp,quantile,0.35,0.0
11,2024-05-04,2,2024-05-18,wk inc flu hosp,quantile,0.35,3.422465242650118
12,2024-05-04,2,2024-05-18,wk inc flu hosp,quantile,0.35,245.04835317960476
13,2024-05-04,2,2024-05-18,wk inc flu hosp,quantile,0.35,13.132584335943784
15,2024-05-04,2,2024-05-18,wk inc flu hosp,quantile,0.35,16.747192363338474
16,2024-05-04,2,2024-05-18,wk inc flu hosp,quantile,0.35,17.650529599732845
17,2024-05-04,2,2024-05-18,wk inc flu hosp,quantile,0.35,28.640483899046878
18,2024-05-04,2,2024-05-18,wk inc flu hosp,quantile,0.35,14.423774413998055
19,2024-05-04,2,2024-05-18,wk inc flu hosp,quantile,0.35,5.068907365227148
20,2024-05-04,2,2024-05-18,wk inc flu hosp,quantile,0.35,16.839695463363704
21,2024-05-04,2,2024-05-18,wk inc flu hosp,quantile,0.35,3.8002326898270065
22,2024-05-04,2,2024-05-18,wk inc flu hosp,quantile,0.35,5.334408934344653
23,2024-05-04,2,2024-05-18,wk inc flu hosp,quantile,0.35,9.88189842498473
24,2024-05-04,2,2024-05-18,wk inc flu hosp,quantile,0.35,3.886410095148618
25,2024-05-04,2,2024-05-18,wk inc flu hosp,quantile,0.35,25.31387997267528
26,2024-05-04,2,2024-05-18,wk inc flu hosp,quantile,0.35,41.09378569845356
27,2024-05-04,2,2024-05-18,wk inc flu hosp,quantile,0.35,11.710946074440042
28,2024-05-04,2,2024-05-18,wk inc flu hosp,quantile,0.35,10.049878713129248
29,2024-05-04,2,2024-05-18,wk inc flu hosp,quantile,0.35,25.32188602808236
30,2024-05-04,2,2024-05-18,wk inc flu hosp,quantile,0.35,0.0
31,2024-05-04,2,2024-05-18,wk inc flu hosp,quantile,0.35,6.462521905471319
32,2024-05-04,2,2024-05-18,wk inc flu hosp,quantile,0.35,15.521131674368476
33,2024-05-04,2,2024-05-18,wk inc flu hosp,quantile,0.35,0.0
34,2024-05-04,2,2024-05-18,wk inc flu hosp,quantile,0.35,53.834906209291454
35,2024-05-04,2,2024-05-18,wk inc flu hosp,quantile,0.35,20.49233193503239
36,2024-05-04,2,2024-05-18,wk inc flu hosp,quantile,0.35,54.20791827905654
37,2024-05-04,2,2024-05-18,wk inc flu hosp,quantile,0.35,0.0
38,2024-05-04,2,2024-05-18,wk inc flu hosp,quantile,0.35,1.4321217265133845
39,2024-05-04,2,2024-05-18,wk inc flu hosp,quantile,0.35,24.90925181171568
40,2024-05-04,2,2024-05-18,wk inc flu hosp,quantile,0.35,18.89467425225049
41,2024-05-04,2,2024-05-18,wk inc flu hosp,quantile,0.35,22.75167065907091
42,2024-05-04,2,2024-05-18,wk inc flu hosp,quantile,0.35,70.34954642266555
44,2024-05-04,2,2024-05-18,wk inc flu hosp,quantile,0.35,2.5037079782678657
45,2024-05-04,2,2024-05-18,wk inc flu hosp,quantile,0.35,13.08024909488774
46,2024-05-04,2,2024-05-18,wk inc flu hosp,quantile,0.35,10.170334629821989
47,2024-05-04,2,2024-05-18,wk inc flu hosp,quantile,0.35,28.508928892905846
48,2024-05-04,2,2024-05-18,wk inc flu hosp,quantile,0.35,121.88237190224625
49,2024-05-04,2,2024-05-18,wk inc flu hosp,quantile,0.35,8.344882597035348
50,2024-05-04,2,2024-05-18,wk inc flu hosp,quantile,0.35,2.3614655401774978
51,2024-05-04,2,2024-05-18,wk inc flu hosp,quantile,0.35,30.31683581510554
53,2024-05-04,2,2024-05-18,wk inc flu hosp,quantile,0.35,24.913914320146958
54,2024-05-04,2,2024-05-18,wk inc flu hosp,quantile,0.35,21.80031270615772
55,2024-05-04,2,2024-05-18,wk inc flu hosp,quantile,0.35,9.631927799504634
56,2024-05-04,2,2024-05-18,wk inc flu hosp,quantile,0.35,3.080977903933857
72,2024-05-04,2,2024-05-18,wk inc flu hosp,quantile,0.35,42.0108371357778
US,2024-05-04,2,2024-05-18,wk inc flu hosp,quantile,0.35,1394.75743545782
01,2024-05-04,3,2024-05-25,wk inc flu hosp,quantile,0.35,7.682273323333162
02,2024-05-04,3,2024-05-25,wk inc flu hosp,quantile,0.35,0.5665318517330546
04,2024-05-04,3,2024-05-25,wk inc flu hosp,quantile,0.35,107.78985173673412
05,2024-05-04,3,2024-05-25,wk inc flu hosp,quantile,0.35,78.65056485152367
06,2024-05-04,3,2024-05-25,wk inc flu hosp,quantile,0.35,75.5290057956702
08,2024-05-04,3,2024-05-25,wk inc flu hosp,quantile,0.35,0.0
09,2024-05-04,3,2024-05-25,wk inc flu hosp,quantile,0.35,51.56296220429589
10,2024-05-04,3,2024-05-25,wk inc flu hosp,quantile,0.35,0.0
11,2024-05-04,3,2024-05-25,wk inc flu hosp,quantile,0.35,2.070491510256608
12,2024-05-04,3,2024-05-25,wk inc flu hosp,quantile,0.35,234.3407656904827
13,2024-05-04,3,2024-05-25,wk inc flu hosp,quantile,0.35,6.587793475161328
15,2024-05-04,3,2024-05-25,wk inc flu hosp,quantile,0.35,16.975028342718407
16,2024-05-04,3,2024-05-25,wk inc flu hosp,quantile,0.35,17.781746413278672
17,2024-05-04,3,2024-05-25,wk inc flu hosp,quantile,0.35,12.33948889574167
18,2024-05-04,3,2024-05-25,wk inc flu hosp,quantile,0.35,8.009891935644866
19,2024-05-04,3,2024-05-25,wk inc flu hosp,quantile,0.35,1.030172108007512
20,2024-05-04,3,2024-05-25,wk inc flu hosp,quantile,0.35,13.335384092753461
21,2024-05-04,3,2024-05-25,wk inc flu hosp,quantile,0.35,0.0
22,2024-05-04,3,2024-05-25,wk inc flu hosp,quantile,0.35,1.823380886578741
23,2024-05-04,3,2024-05-25,wk inc flu hosp,quantile,0.35,9.701009058142294
24,2024-05-04,3,2024-05-25,wk inc flu hosp,quantile,0.35,0.0
25,2024-05-04,3,2024-05-25,wk inc flu hosp,quantile,0.35,12.669244384541603
26,2024-05-04,3,2024-05-25,wk inc flu hosp,quantile,0.35,23.26933143657445
27,2024-05-04,3,2024-05-25,wk inc flu hosp,quantile,0.35,6.181488671635144
28,2024-05-04,3,2024-05-25,wk inc flu hosp,quantile,0.35,8.790205163982415
29,2024-05-04,3,2024-05-25,wk inc flu hosp,quantile,0.35,17.696994914169995
30,2024-05-04,3,2024-05-25,wk inc flu hosp,quantile,0.35,0.0
31,2024-05-04,3,2024-05-25,wk inc flu hosp,quantile,0.35,3.3337697926491905
32,2024-05-04,3,2024-05-25,wk inc flu hosp,quantile,0.35,15.516329443111166
33,2024-05-04,3,2024-05-25,wk inc flu hosp,quantile,0.35,0.0
34,2024-05-04,3,2024-05-25,wk inc flu hosp,quantile,0.35,43.22112037528294
35,2024-05-04,3,2024-05-25,wk inc flu hosp,quantile,0.35,20.13254037411202
36,2024-05-04,3,2024-05-25,wk inc flu hosp,quantile,0.35,25.933644754091585
37,2024-05-04,3,2024-05-25,wk inc flu hosp,quantile,0.35,0.0
38,2024-05-04,3,2024-05-25,wk inc flu hosp,quantile,0.35,0.4671614407795422
39,2024-05-04,3,2024-05-25,wk inc flu hosp,quantile,0.35,11.023208206732246
40,2024-05-04,3,2024-05-25,wk inc flu hosp,quantile,0.35,19.449288442622418
41,2024-05-04,3,2024-05-25,wk inc flu hosp,quantile,0.35,22.280641831495416
42,2024-05-04,3,2024-05-25,wk inc flu hosp,quantile,0.35,52.82178334102672
44,2024-05-04,3,2024-05-25,wk inc flu hosp,quantile,0.35,1.0678578325964632
45,2024-05-04,3,2024-05-25,wk inc flu hosp,quantile,0.35,7.131854579549816
46,2024-05-04,3,2024-05-25,wk inc flu hosp,quantile,0.35,9.33885308765534
47,2024-05-04,3,2024-05-25,wk inc flu hosp,quantile,0.35,21.548405648831775
48,2024-05-04,3,2024-05-25,wk inc flu hosp,quantile,0.35,111.35859624018107
49,2024-05-04,3,2024-05-25,wk inc flu hosp,quantile,0.35,9.604827822803822
50,2024-05-04,3,2024-05-25,wk inc flu hosp,quantile,0.35,1.351182423174303
51,2024-05-04,3,2024-05-25,wk inc flu hosp,quantile,0.35,21.098937681581983
53,2024-05-04,3,2024-05-25,wk inc flu hosp,quantile,0.35,24.9817380495739
54,2024-05-04,3,2024-05-25,wk inc flu hosp,quantile,0.35,20.395680920349104
55,2024-05-04,3,2024-05-25,wk inc flu hosp,quantile,0.35,3.0453800048261623
56,2024-05-04,3,2024-05-25,wk inc flu hosp,quantile,0.35,3.0323951873644894
72,2024-05-04,3,2024-05-25,wk inc flu hosp,quantile,0.35,43.59039474388174
US,2024-05-04,3,2024-05-25,wk inc flu hosp,quantile,0.35,1023.8051935932768
01,2024-05-04,0,2024-05-04,wk inc flu hosp,quantile,0.4,6.649657152932555
02,2024-05-04,0,2024-05-04,wk inc flu hosp,quantile,0.4,2.1952714021965103
04,2024-05-04,0,2024-05-04,wk inc flu hosp,quantile,0.4,78.49625551360882
05,2024-05-04,0,2024-05-04,wk inc flu hosp,quantile,0.4,67.01339846910567
06,2024-05-04,0,2024-05-04,wk inc flu hosp,quantile,0.4,121.11133712973133
08,2024-05-04,0,2024-05-04,wk inc flu hosp,quantile,0.4,13.285376649687677
09,2024-05-04,0,2024-05-04,wk inc flu hosp,quantile,0.4,56.44620074508116
10,2024-05-04,0,2024-05-04,wk inc flu hosp,quantile,0.4,0.2474559059870662
11,2024-05-04,0,2024-05-04,wk inc flu hosp,quantile,0.4,5.816958020463247
12,2024-05-04,0,2024-05-04,wk inc flu hosp,quantile,0.4,260.84214447578506
13,2024-05-04,0,2024-05-04,wk inc flu hosp,quantile,0.4,20.563981788094225
15,2024-05-04,0,2024-05-04,wk inc flu hosp,quantile,0.4,13.786481654238273
16,2024-05-04,0,2024-05-04,wk inc flu hosp,quantile,0.4,14.452458477479082
17,2024-05-04,0,2024-05-04,wk inc flu hosp,quantile,0.4,57.45497880482412
18,2024-05-04,0,2024-05-04,wk inc flu hosp,quantile,0.4,27.20463859046545
19,2024-05-04,0,2024-05-04,wk inc flu hosp,quantile,0.4,12.800094919380502
20,2024-05-04,0,2024-05-04,wk inc flu hosp,quantile,0.4,22.20939476963326
21,2024-05-04,0,2024-05-04,wk inc flu hosp,quantile,0.4,13.918487599465248
22,2024-05-04,0,2024-05-04,wk inc flu hosp,quantile,0.4,11.294887689948538
23,2024-05-04,0,2024-05-04,wk inc flu hosp,quantile,0.4,10.057921013988393
24,2024-05-04,0,2024-05-04,wk inc flu hosp,quantile,0.4,12.7388909545633
25,2024-05-04,0,2024-05-04,wk inc flu hosp,quantile,0.4,48.33855560964767
26,2024-05-04,0,2024-05-04,wk inc flu hosp,quantile,0.4,84.32145056373514
27,2024-05-04,0,2024-05-04,wk inc flu hosp,quantile,0.4,27.066621897087316
28,2024-05-04,0,2024-05-04,wk inc flu hosp,quantile,0.4,15.786709742969743
29,2024-05-04,0,2024-05-04,wk inc flu hosp,quantile,0.4,41.79297432095848
30,2024-05-04,0,2024-05-04,wk inc flu hosp,quantile,0.4,0.7218457834472962
31,2024-05-04,0,2024-05-04,wk inc flu hosp,quantile,0.4,11.76722006774904
32,2024-05-04,0,2024-05-04,wk inc flu hosp,quantile,0.4,17.39146386679677
33,2024-05-04,0,2024-05-04,wk inc flu hosp,quantile,0.4,1.6190095831647835
34,2024-05-04,0,2024-05-04,wk inc flu hosp,quantile,0.4,75.32522598011805
35,2024-05-04,0,2024-05-04,wk inc flu hosp,quantile,0.4,16.822299565955905
36,2024-05-04,0,2024-05-04,wk inc flu hosp,quantile,0.4,113.12932702987308
37,2024-05-04,0,2024-05-04,wk inc flu hosp,quantile,0.4,4.10106621526981
38,2024-05-04,0,2024-05-04,wk inc flu hosp,quantile,0.4,3.705628559323582
39,2024-05-04,0,2024-05-04,wk inc flu hosp,quantile,0.4,52.5211987527472
40,2024-05-04,0,2024-05-04,wk inc flu hosp,quantile,0.4,17.28914324656887
41,2024-05-04,0,2024-05-04,wk inc flu hosp,quantile,0.4,22.943012017113208
42,2024-05-04,0,2024-05-04,wk inc flu hosp,quantile,0.4,96.03475557244995
44,2024-05-04,0,2024-05-04,wk inc flu hosp,quantile,0.4,4.937446978662889
45,2024-05-04,0,2024-05-04,wk inc flu hosp,quantile,0.4,21.454555368378344
46,2024-05-04,0,2024-05-04,wk inc flu hosp,quantile,0.4,11.661622959124541
47,2024-05-04,0,2024-05-04,wk inc flu hosp,quantile,0.4,38.37141148010917
48,2024-05-04,0,2024-05-04,wk inc flu hosp,quantile,0.4,152.9152192907086
49,2024-05-04,0,2024-05-04,wk inc flu hosp,quantile,0.4,4.998081755596847
50,2024-05-04,0,2024-05-04,wk inc flu hosp,quantile,0.4,4.003064190795026
51,2024-05-04,0,2024-05-04,wk inc flu hosp,quantile,0.4,47.31053654418145
53,2024-05-04,0,2024-05-04,wk inc flu hosp,quantile,0.4,23.541532200150623
54,2024-05-04,0,2024-05-04,wk inc flu hosp,quantile,0.4,24.571180580562096
55,2024-05-04,0,2024-05-04,wk inc flu hosp,quantile,0.4,25.725045508359845
56,2024-05-04,0,2024-05-04,wk inc flu hosp,quantile,0.4,3.009444639134095
72,2024-05-04,0,2024-05-04,wk inc flu hosp,quantile,0.4,38.81675031884789
US,2024-05-04,0,2024-05-04,wk inc flu hosp,quantile,0.4,1947.4667400579056
01,2024-05-04,1,2024-05-11,wk inc flu hosp,quantile,0.4,7.918212947019667
02,2024-05-04,1,2024-05-11,wk inc flu hosp,quantile,0.4,1.9140434080192266
04,2024-05-04,1,2024-05-11,wk inc flu hosp,quantile,0.4,91.98580885371334
05,2024-05-04,1,2024-05-11,wk inc flu hosp,quantile,0.4,77.91286468736723
06,2024-05-04,1,2024-05-11,wk inc flu hosp,quantile,0.4,105.92592420887752
08,2024-05-04,1,2024-05-11,wk inc flu hosp,quantile,0.4,10.170070066468158
09,2024-05-04,1,2024-05-11,wk inc flu hosp,quantile,0.4,59.92878236546256
10,2024-05-04,1,2024-05-11,wk inc flu hosp,quantile,0.4,0.0
11,2024-05-04,1,2024-05-11,wk inc flu hosp,quantile,0.4,4.894973580352074
12,2024-05-04,1,2024-05-11,wk inc flu hosp,quantile,0.4,246.65573303524184
13,2024-05-04,1,2024-05-11,wk inc flu hosp,quantile,0.4,19.63895294899905
15,2024-05-04,1,2024-05-11,wk inc flu hosp,quantile,0.4,16.180237881975824
16,2024-05-04,1,2024-05-11,wk inc flu hosp,quantile,0.4,17.141765551951426
17,2024-05-04,1,2024-05-11,wk inc flu hosp,quantile,0.4,47.143722766138744
18,2024-05-04,1,2024-05-11,wk inc flu hosp,quantile,0.4,24.371031252604165
19,2024-05-04,1,2024-05-11,wk inc flu hosp,quantile,0.4,9.915541984611227
20,2024-05-04,1,2024-05-11,wk inc flu hosp,quantile,0.4,19.471428382984158
21,2024-05-04,1,2024-05-11,wk inc flu hosp,quantile,0.4,9.957583530007595
22,2024-05-04,1,2024-05-11,wk inc flu hosp,quantile,0.4,9.660194414083657
23,2024-05-04,1,2024-05-11,wk inc flu hosp,quantile,0.4,10.838997979233872
24,2024-05-04,1,2024-05-11,wk inc flu hosp,quantile,0.4,10.708873555204892
25,2024-05-04,1,2024-05-11,wk inc flu hosp,quantile,0.4,40.07550335245173
26,2024-05-04,1,2024-05-11,wk inc flu hosp,quantile,0.4,66.9743082452086
27,2024-05-04,1,2024-05-11,wk inc flu hosp,quantile,0.4,20.328349486248225
28,2024-05-04,1,2024-05-11,wk inc flu hosp,quantile,0.4,13.539089214577498
29,2024-05-04,1,2024-05-11,wk inc flu hosp,quantile,0.4,35.98484121863127
30,2024-05-04,1,2024-05-11,wk inc flu hosp,quantile,0.4,0.09193778430349943
31,2024-05-04,1,2024-05-11,wk inc flu hosp,quantile,0.4,9.702683594152877
32,2024-05-04,1,2024-05-11,wk inc flu hosp,quantile,0.4,17.69472390901046
33,2024-05-04,1,2024-05-11,wk inc flu hosp,quantile,0.4,0.9150341634581015
34,2024-05-04,1,2024-05-11,wk inc flu hosp,quantile,0.4,63.476619269199304
35,2024-05-04,1,2024-05-11,wk inc flu hosp,quantile,0.4,19.951690845020277
36,2024-05-04,1,2024-05-11,wk inc flu hosp,quantile,0.4,93.72509188119255
37,2024-05-04,1,2024-05-11,wk inc flu hosp,quantile,0.4,1.3882691824650901
38,2024-05-04,1,2024-05-11,wk inc flu hosp,quantile,0.4,2.6004875986226255
39,2024-05-04,1,2024-05-11,wk inc flu hosp,quantile,0.4,43.79254121640701
40,2024-05-04,1,2024-05-11,wk inc flu hosp,quantile,0.4,19.211042241441678
41,2024-05-04,1,2024-05-11,wk inc flu hosp,quantile,0.4,24.366014306460762
42,2024-05-04,1,2024-05-11,wk inc flu hosp,quantile,0.4,89.79972421928788
44,2024-05-04,1,2024-05-11,wk inc flu hosp,quantile,0.4,4.087907947535132
45,2024-05-04,1,2024-05-11,wk inc flu hosp,quantile,0.4,19.55558119703977
46,2024-05-04,1,2024-05-11,wk inc flu hosp,quantile,0.4,11.341133850618117
47,2024-05-04,1,2024-05-11,wk inc flu hosp,quantile,0.4,34.51950691771523
48,2024-05-04,1,2024-05-11,wk inc flu hosp,quantile,0.4,130.9914645138349
49,2024-05-04,1,2024-05-11,wk inc flu hosp,quantile,0.4,7.785197981964726
50,2024-05-04,1,2024-05-11,wk inc flu hosp,quantile,0.4,3.4106116317880986
51,2024-05-04,1,2024-05-11,wk inc flu hosp,quantile,0.4,43.65939884154082
53,2024-05-04,1,2024-05-11,wk inc flu hosp,quantile,0.4,24.527657326299167
54,2024-05-04,1,2024-05-11,wk inc flu hosp,quantile,0.4,26.93776489057995
55,2024-05-04,1,2024-05-11,wk inc flu hosp,quantile,0.4,18.604217863724802
56,2024-05-04,1,2024-05-11,wk inc flu hosp,quantile,0.4,3.1003689817404987
72,2024-05-04,1,2024-05-11,wk inc flu hosp,quantile,0.4,41.611446702052504
US,2024-05-04,1,2024-05-11,wk inc flu hosp,quantile,0.4,1745.544871939251
01,2024-05-04,2,2024-05-18,wk inc flu hosp,quantile,0.4,9.262347191419156
02,2024-05-04,2,2024-05-18,wk inc flu hosp,quantile,0.4,1.2655354843045206
04,2024-05-04,2,2024-05-18,wk inc flu hosp,quantile,0.4,100.90260315113947
05,2024-05-04,2,2024-05-18,wk inc flu hosp,quantile,0.4,83.52472692798115
06,2024-05-04,2,2024-05-18,wk inc flu hosp,quantile,0.4,96.36593132598514
08,2024-05-04,2,2024-05-18,wk inc flu hosp,quantile,0.4,5.308017937562296
09,2024-05-04,2,2024-05-18,wk inc flu hosp,quantile,0.4,62.131191620393395
10,2024-05-04,2,2024-05-18,wk inc flu hosp,quantile,0.4,0.0
11,2024-05-04,2,2024-05-18,wk inc flu hosp,quantile,0.4,3.6015160977389438
12,2024-05-04,2,2024-05-18,wk inc flu hosp,quantile,0.4,246.69347472866772
13,2024-05-04,2,2024-05-18,wk inc flu hosp,quantile,0.4,15.407311883230442
15,2024-05-04,2,2024-05-18,wk inc flu hosp,quantile,0.4,17.933394708358428
16,2024-05-04,2,2024-05-18,wk inc flu hosp,quantile,0.4,18.687174431012746
17,2024-05-04,2,2024-05-18,wk inc flu hosp,quantile,0.4,30.867416773111028
18,2024-05-04,2,2024-05-18,wk inc flu hosp,quantile,0.4,16.979654525948828
19,2024-05-04,2,2024-05-18,wk inc flu hosp,quantile,0.4,5.682132629668868
20,2024-05-04,2,2024-05-18,wk inc flu hosp,quantile,0.4,17.07006390026184
21,2024-05-04,2,2024-05-18,wk inc flu hosp,quantile,0.4,4.438580314215269
22,2024-05-04,2,2024-05-18,wk inc flu hosp,quantile,0.4,5.93098953753032
23,2024-05-04,2,2024-05-18,wk inc flu hosp,quantile,0.4,10.956196436897386
24,2024-05-04,2,2024-05-18,wk inc flu hosp,quantile,0.4,3.899655033678881
25,2024-05-04,2,2024-05-18,wk inc flu hosp,quantile,0.4,27.404020128348762
26,2024-05-04,2,2024-05-18,wk inc flu hosp,quantile,0.4,45.30897829837081
27,2024-05-04,2,2024-05-18,wk inc flu hosp,quantile,0.4,14.43960862072206
28,2024-05-04,2,2024-05-18,wk inc flu hosp,quantile,0.4,11.065901744477328
29,2024-05-04,2,2024-05-18,wk inc flu hosp,quantile,0.4,26.537862579252995
30,2024-05-04,2,2024-05-18,wk inc flu hosp,quantile,0.4,0.0
31,2024-05-04,2,2024-05-18,wk inc flu hosp,quantile,0.4,6.829956101021166
32,2024-05-04,2,2024-05-18,wk inc flu hosp,quantile,0.4,17.770696380781736
33,2024-05-04,2,2024-05-18,wk inc flu hosp,quantile,0.4,0.0
34,2024-05-04,2,2024-05-18,wk inc flu hosp,quantile,0.4,55.16764973141922
35,2024-05-04,2,2024-05-18,wk inc flu hosp,quantile,0.4,21.883670155647863
36,2024-05-04,2,2024-05-18,wk inc flu hosp,quantile,0.4,59.29866446148609
37,2024-05-04,2,2024-05-18,wk inc flu hosp,quantile,0.4,0.0
38,2024-05-04,2,2024-05-18,wk inc flu hosp,quantile,0.4,1.6281783750702383
39,2024-05-04,2,2024-05-18,wk inc flu hosp,quantile,0.4,29.181018456566267
40,2024-05-04,2,2024-05-18,wk inc flu hosp,quantile,0.4,20.89676887409365
41,2024-05-04,2,2024-05-18,wk inc flu hosp,quantile,0.4,25.457019137665853
42,2024-05-04,2,2024-05-18,wk inc flu hosp,quantile,0.4,70.92874357084582
44,2024-05-04,2,2024-05-18,wk inc flu hosp,quantile,0.4,2.717746877839023
45,2024-05-04,2,2024-05-18,wk inc flu hosp,quantile,0.4,13.518556852277941
46,2024-05-04,2,2024-05-18,wk inc flu hosp,quantile,0.4,10.755583826882344
47,2024-05-04,2,2024-05-18,wk inc flu hosp,quantile,0.4,29.071886648446256
48,2024-05-04,2,2024-05-18,wk inc flu hosp,quantile,0.4,126.0741023038474
49,2024-05-04,2,2024-05-18,wk inc flu hosp,quantile,0.4,9.267767525971434
50,2024-05-04,2,2024-05-18,wk inc flu hosp,quantile,0.4,2.4581912214960546
51,2024-05-04,2,2024-05-18,wk inc flu hosp,quantile,0.4,34.2716820159967
53,2024-05-04,2,2024-05-18,wk inc flu hosp,quantile,0.4,25.65451748680626
54,2024-05-04,2,2024-05-18,wk inc flu hosp,quantile,0.4,26.823209468260497
55,2024-05-04,2,2024-05-18,wk inc flu hosp,quantile,0.4,11.097889782833635
56,2024-05-04,2,2024-05-18,wk inc flu hosp,quantile,0.4,3.470732889503573
72,2024-05-04,2,2024-05-18,wk inc flu hosp,quantile,0.4,44.530698689233056
US,2024-05-04,2,2024-05-18,wk inc flu hosp,quantile,0.4,1446.347276294246
01,2024-05-04,3,2024-05-25,wk inc flu hosp,quantile,0.4,9.107308255861417
02,2024-05-04,3,2024-05-25,wk inc flu hosp,quantile,0.4,0.6275883489576285
04,2024-05-04,3,2024-05-25,wk inc flu hosp,quantile,0.4,108.23760614436665
05,2024-05-04,3,2024-05-25,wk inc flu hosp,quantile,0.4,85.39529195553122
06,2024-05-04,3,2024-05-25,wk inc flu hosp,quantile,0.4,77.56444800445387
08,2024-05-04,3,2024-05-25,wk inc flu hosp,quantile,0.4,0.6434601416838049
09,2024-05-04,3,2024-05-25,wk inc flu hosp,quantile,0.4,59.76693011274015
10,2024-05-04,3,2024-05-25,wk inc flu hosp,quantile,0.4,0.0
11,2024-05-04,3,2024-05-25,wk inc flu hosp,quantile,0.4,2.307968986751753
12,2024-05-04,3,2024-05-25,wk inc flu hosp,quantile,0.4,237.13313701143636
13,2024-05-04,3,2024-05-25,wk inc flu hosp,quantile,0.4,9.34407460357849
15,2024-05-04,3,2024-05-25,wk inc flu hosp,quantile,0.4,18.497129463989506
16,2024-05-04,3,2024-05-25,wk inc flu hosp,quantile,0.4,19.037880860826892
17,2024-05-04,3,2024-05-25,wk inc flu hosp,quantile,0.4,14.711437723953791
18,2024-05-04,3,2024-05-25,wk inc flu hosp,quantile,0.4,9.930590812022222
19,2024-05-04,3,2024-05-25,wk inc flu hosp,quantile,0.4,1.4893839578664856
20,2024-05-04,3,2024-05-25,wk inc flu hosp,quantile,0.4,13.88136385079103
21,2024-05-04,3,2024-05-25,wk inc flu hosp,quantile,0.4,0.0
22,2024-05-04,3,2024-05-25,wk inc flu hosp,quantile,0.4,2.4682070843678776
23,2024-05-04,3,2024-05-25,wk inc flu hosp,quantile,0.4,10.775024470275037
24,2024-05-04,3,2024-05-25,wk inc flu hosp,quantile,0.4,0.0
25,2024-05-04,3,2024-05-25,wk inc flu hosp,quantile,0.4,14.751790595070327
26,2024-05-04,3,2024-05-25,wk inc flu hosp,quantile,0.4,28.8220895674652
27,2024-05-04,3,2024-05-25,wk inc flu hosp,quantile,0.4,8.434537766012891
28,2024-05-04,3,2024-05-25,wk inc flu hosp,quantile,0.4,9.323701737191799
29,2024-05-04,3,2024-05-25,wk inc flu hosp,quantile,0.4,17.72110051457596
30,2024-05-04,3,2024-05-25,wk inc flu hosp,quantile,0.4,0.0
31,2024-05-04,3,2024-05-25,wk inc flu hosp,quantile,0.4,3.880210602222113
32,2024-05-04,3,2024-05-25,wk inc flu hosp,quantile,0.4,17.463760587749288
33,2024-05-04,3,2024-05-25,wk inc flu hosp,quantile,0.4,0.0
34,2024-05-04,3,2024-05-25,wk inc flu hosp,quantile,0.4,43.59727675772672
35,2024-05-04,3,2024-05-25,wk inc flu hosp,quantile,0.4,22.43144185121557
36,2024-05-04,3,2024-05-25,wk inc flu hosp,quantile,0.4,31.837070952112814
37,2024-05-04,3,2024-05-25,wk inc flu hosp,quantile,0.4,0.0
38,2024-05-04,3,2024-05-25,wk inc flu hosp,quantile,0.4,0.5894539245854002
39,2024-05-04,3,2024-05-25,wk inc flu hosp,quantile,0.4,15.387339158803433
40,2024-05-04,3,2024-05-25,wk inc flu hosp,quantile,0.4,21.233553680718593
41,2024-05-04,3,2024-05-25,wk inc flu hosp,quantile,0.4,24.223405687864435
42,2024-05-04,3,2024-05-25,wk inc flu hosp,quantile,0.4,55.729123523538725
44,2024-05-04,3,2024-05-25,wk inc flu hosp,quantile,0.4,1.3092696451414114
45,2024-05-04,3,2024-05-25,wk inc flu hosp,quantile,0.4,7.86701439763491
46,2024-05-04,3,2024-05-25,wk inc flu hosp,quantile,0.4,9.819327205120064
47,2024-05-04,3,2024-05-25,wk inc flu hosp,quantile,0.4,22.310703034213144
48,2024-05-04,3,2024-05-25,wk inc flu hosp,quantile,0.4,112.11384216506917
49,2024-05-04,3,2024-05-25,wk inc flu hosp,quantile,0.4,10.721692968536091
50,2024-05-04,3,2024-05-25,wk inc flu hosp,quantile,0.4,1.4866902780653477
51,2024-05-04,3,2024-05-25,wk inc flu hosp,quantile,0.4,25.673581469762503
53,2024-05-04,3,2024-05-25,wk inc flu hosp,quantile,0.4,25.466382413213356
54,2024-05-04,3,2024-05-25,wk inc flu hosp,quantile,0.4,26.37110909037048
55,2024-05-04,3,2024-05-25,wk inc flu hosp,quantile,0.4,4.404572334024484
56,2024-05-04,3,2024-05-25,wk inc flu hosp,quantile,0.4,3.4933901502100406
72,2024-05-04,3,2024-05-25,wk inc flu hosp,quantile,0.4,45.210730086609225
US,2024-05-04,3,2024-05-25,wk inc flu hosp,quantile,0.4,1091.9165586830588
01,2024-05-04,0,2024-05-04,wk inc flu hosp,quantile,0.45,7.493520946449456
02,2024-05-04,0,2024-05-04,wk inc flu hosp,quantile,0.45,2.644831695048034
04,2024-05-04,0,2024-05-04,wk inc flu hosp,quantile,0.45,80.13089317185569
05,2024-05-04,0,2024-05-04,wk inc flu hosp,quantile,0.45,67.58873707870212
06,2024-05-04,0,2024-05-04,wk inc flu hosp,quantile,0.45,138.98593820379836
08,2024-05-04,0,2024-05-04,wk inc flu hosp,quantile,0.45,15.636976023458077
09,2024-05-04,0,2024-05-04,wk inc flu hosp,quantile,0.45,57.764193306719996
10,2024-05-04,0,2024-05-04,wk inc flu hosp,quantile,0.45,0.5084523566531823
11,2024-05-04,0,2024-05-04,wk inc flu hosp,quantile,0.45,6.018213542866985
12,2024-05-04,0,2024-05-04,wk inc flu hosp,quantile,0.45,266.6794064909993
13,2024-05-04,0,2024-05-04,wk inc flu hosp,quantile,0.45,27.13756346702315
15,2024-05-04,0,2024-05-04,wk inc flu hosp,quantile,0.45,13.842972594513311
16,2024-05-04,0,2024-05-04,wk inc flu hosp,quantile,0.45,15.160107362609429
17,2024-05-04,0,2024-05-04,wk inc flu hosp,quantile,0.45,61.5380796589189
18,2024-05-04,0,2024-05-04,wk inc flu hosp,quantile,0.45,29.54886024438868
19,2024-05-04,0,2024-05-04,wk inc flu hosp,quantile,0.45,13.9130220411178
20,2024-05-04,0,2024-05-04,wk inc flu hosp,quantile,0.45,23.324439036993095
21,2024-05-04,0,2024-05-04,wk inc flu hosp,quantile,0.45,16.272757724082485
22,2024-05-04,0,2024-05-04,wk inc flu hosp,quantile,0.45,14.304504861707084
23,2024-05-04,0,2024-05-04,wk inc flu hosp,quantile,0.45,10.343716047018443
24,2024-05-04,0,2024-05-04,wk inc flu hosp,quantile,0.45,14.39280056235463
25,2024-05-04,0,2024-05-04,wk inc flu hosp,quantile,0.45,50.63756041022294
26,2024-05-04,0,2024-05-04,wk inc flu hosp,quantile,0.45,88.33634767271373
27,2024-05-04,0,2024-05-04,wk inc flu hosp,quantile,0.45,28.068992955363722
28,2024-05-04,0,2024-05-04,wk inc flu hosp,quantile,0.45,16.960330748559453
29,2024-05-04,0,2024-05-04,wk inc flu hosp,quantile,0.45,42.465876261688805
30,2024-05-04,0,2024-05-04,wk inc flu hosp,quantile,0.45,1.3689215529142889
31,2024-05-04,0,2024-05-04,wk inc flu hosp,quantile,0.45,12.26581763487942
32,2024-05-04,0,2024-05-04,wk inc flu hosp,quantile,0.45,19.82446342619597
33,2024-05-04,0,2024-05-04,wk inc flu hosp,quantile,0.45,1.7584594630237254
34,2024-05-04,0,2024-05-04,wk inc flu hosp,quantile,0.45,76.24268948812403
35,2024-05-04,0,2024-05-04,wk inc flu hosp,quantile,0.45,17.32289576598065
36,2024-05-04,0,2024-05-04,wk inc flu hosp,quantile,0.45,114.11560905208846
37,2024-05-04,0,2024-05-04,wk inc flu hosp,quantile,0.45,8.265845130762964
38,2024-05-04,0,2024-05-04,wk inc flu hosp,quantile,0.45,4.044898742731789
39,2024-05-04,0,2024-05-04,wk inc flu hosp,quantile,0.45,53.94219027658032
40,2024-05-04,0,2024-05-04,wk inc flu hosp,quantile,0.45,19.131107903791932
41,2024-05-04,0,2024-05-04,wk inc flu hosp,quantile,0.45,24.9282137438499
42,2024-05-04,0,2024-05-04,wk inc flu hosp,quantile,0.45,100.78001860515212
44,2024-05-04,0,2024-05-04,wk inc flu hosp,quantile,0.45,5.167677932674827
45,2024-05-04,0,2024-05-04,wk inc flu hosp,quantile,0.45,25.040426498083143
46,2024-05-04,0,2024-05-04,wk inc flu hosp,quantile,0.45,12.31265692165771
47,2024-05-04,0,2024-05-04,wk inc flu hosp,quantile,0.45,42.788249080299096
48,2024-05-04,0,2024-05-04,wk inc flu hosp,quantile,0.45,152.95612020151907
49,2024-05-04,0,2024-05-04,wk inc flu hosp,quantile,0.45,5.197177896697275
50,2024-05-04,0,2024-05-04,wk inc flu hosp,quantile,0.45,4.192915530711372
51,2024-05-04,0,2024-05-04,wk inc flu hosp,quantile,0.45,48.24164714571217
53,2024-05-04,0,2024-05-04,wk inc flu hosp,quantile,0.45,26.758219686477794
54,2024-05-04,0,2024-05-04,wk inc flu hosp,quantile,0.45,25.387906292402743
55,2024-05-04,0,2024-05-04,wk inc flu hosp,quantile,0.45,25.798362478474356
56,2024-05-04,0,2024-05-04,wk inc flu hosp,quantile,0.45,3.14298930532857
72,2024-05-04,0,2024-05-04,wk inc flu hosp,quantile,0.45,39.68232734879922
US,2024-05-04,0,2024-05-04,wk inc flu hosp,quantile,0.45,2162.0771585515586
01,2024-05-04,1,2024-05-11,wk inc flu hosp,quantile,0.45,9.065568572105636
02,2024-05-04,1,2024-05-11,wk inc flu hosp,quantile,0.45,1.952859060782929
04,2024-05-04,1,2024-05-11,wk inc flu hosp,quantile,0.45,93.30186399189208
05,2024-05-04,1,2024-05-11,wk inc flu hosp,quantile,0.45,78.31179673891883
06,2024-05-04,1,2024-05-11,wk inc flu hosp,quantile,0.45,113.84541453086072
08,2024-05-04,1,2024-05-11,wk inc flu hosp,quantile,0.45,11.356668668414699
09,2024-05-04,1,2024-05-11,wk inc flu hosp,quantile,0.45,63.282468127747265
10,2024-05-04,1,2024-05-11,wk inc flu hosp,quantile,0.45,0.0
11,2024-05-04,1,2024-05-11,wk inc flu hosp,quantile,0.45,5.0476158875437
12,2024-05-04,1,2024-05-11,wk inc flu hosp,quantile,0.45,254.7198807604305
13,2024-05-04,1,2024-05-11,wk inc flu hosp,quantile,0.45,22.99578787713251
15,2024-05-04,1,2024-05-11,wk inc flu hosp,quantile,0.45,16.314960536465527
16,2024-05-04,1,2024-05-11,wk inc flu hosp,quantile,0.45,17.591262837050156
17,2024-05-04,1,2024-05-11,wk inc flu hosp,quantile,0.45,50.465792370484436
18,2024-05-04,1,2024-05-11,wk inc flu hosp,quantile,0.45,26.682003487700015
19,2024-05-04,1,2024-05-11,wk inc flu hosp,quantile,0.45,10.614550290976371
20,2024-05-04,1,2024-05-11,wk inc flu hosp,quantile,0.45,19.6626200834484
21,2024-05-04,1,2024-05-11,wk inc flu hosp,quantile,0.45,10.978623204462773
22,2024-05-04,1,2024-05-11,wk inc flu hosp,quantile,0.45,9.690606787494495
23,2024-05-04,1,2024-05-11,wk inc flu hosp,quantile,0.45,11.684383758403067
24,2024-05-04,1,2024-05-11,wk inc flu hosp,quantile,0.45,10.900417966823632
25,2024-05-04,1,2024-05-11,wk inc flu hosp,quantile,0.45,42.27002432705549
26,2024-05-04,1,2024-05-11,wk inc flu hosp,quantile,0.45,70.99409160272587
27,2024-05-04,1,2024-05-11,wk inc flu hosp,quantile,0.45,22.450689380634934
28,2024-05-04,1,2024-05-11,wk inc flu hosp,quantile,0.45,13.625573161440322
29,2024-05-04,1,2024-05-11,wk inc flu hosp,quantile,0.45,36.02510387277418
30,2024-05-04,1,2024-05-11,wk inc flu hosp,quantile,0.45,0.261287561772123
31,2024-05-04,1,2024-05-11,wk inc flu hosp,quantile,0.45,10.187657808718184
32,2024-05-04,1,2024-05-11,wk inc flu hosp,quantile,0.45,20.143559025446205
33,2024-05-04,1,2024-05-11,wk inc flu hosp,quantile,0.45,1.0344166328542144
34,2024-05-04,1,2024-05-11,wk inc flu hosp,quantile,0.45,65.36412871777836
35,2024-05-04,1,2024-05-11,wk inc flu hosp,quantile,0.45,20.005493830004408
36,2024-05-04,1,2024-05-11,wk inc flu hosp,quantile,0.45,96.51048319458715
37,2024-05-04,1,2024-05-11,wk inc flu hosp,quantile,0.45,1.42227592908747
38,2024-05-04,1,2024-05-11,wk inc flu hosp,quantile,0.45,2.9734685332210304
39,2024-05-04,1,2024-05-11,wk inc flu hosp,quantile,0.45,45.724660686943494
40,2024-05-04,1,2024-05-11,wk inc flu hosp,quantile,0.45,21.613519015961216
41,2024-05-04,1,2024-05-11,wk inc flu hosp,quantile,0.45,26.92751560071491
42,2024-05-04,1,2024-05-11,wk inc flu hosp,quantile,0.45,90.06437866026724
44,2024-05-04,1,2024-05-11,wk inc flu hosp,quantile,0.45,4.315593810405889
45,2024-05-04,1,2024-05-11,wk inc flu hosp,quantile,0.45,19.929330341992486
46,2024-05-04,1,2024-05-11,wk inc flu hosp,quantile,0.45,12.075344153405812
47,2024-05-04,1,2024-05-11,wk inc flu hosp,quantile,0.45,37.40974988292977
48,2024-05-04,1,2024-05-11,wk inc flu hosp,quantile,0.45,132.91663606502547
49,2024-05-04,1,2024-05-11,wk inc flu hosp,quantile,0.45,8.375430567942082
50,2024-05-04,1,2024-05-11,wk inc flu hosp,quantile,0.45,3.526647521894193
51,2024-05-04,1,2024-05-11,wk inc flu hosp,quantile,0.45,43.95094876990385
53,2024-05-04,1,2024-05-11,wk inc flu hosp,quantile,0.45,27.71246554358501
54,2024-05-04,1,2024-05-11,wk inc flu hosp,quantile,0.45,27.195230285927565
55,2024-05-04,1,2024-05-11,wk inc flu hosp,quantile,0.45,20.49054168998287
56,2024-05-04,1,2024-05-11,wk inc flu hosp,quantile,0.45,3.5864114216322878
72,2024-05-04,1,2024-05-11,wk inc flu hosp,quantile,0.45,43.00868296864672
US,2024-05-04,1,2024-05-11,wk inc flu hosp,quantile,0.45,1845.711232649596
01,2024-05-04,2,2024-05-18,wk inc flu hosp,quantile,0.45,12.491599206634461
02,2024-05-04,2,2024-05-18,wk inc flu hosp,quantile,0.45,1.2864534834079067
04,2024-05-04,2,2024-05-18,wk inc flu hosp,quantile,0.45,108.03719660439663
05,2024-05-04,2,2024-05-18,wk inc flu hosp,quantile,0.45,84.23777137164379
06,2024-05-04,2,2024-05-18,wk inc flu hosp,quantile,0.45,99.8825193829751
08,2024-05-04,2,2024-05-18,wk inc flu hosp,quantile,0.45,5.317843147715793
09,2024-05-04,2,2024-05-18,wk inc flu hosp,quantile,0.45,68.67453030128384
10,2024-05-04,2,2024-05-18,wk inc flu hosp,quantile,0.45,0.0
11,2024-05-04,2,2024-05-18,wk inc flu hosp,quantile,0.45,3.6104524770756687
12,2024-05-04,2,2024-05-18,wk inc flu hosp,quantile,0.45,254.98758836130884
13,2024-05-04,2,2024-05-18,wk inc flu hosp,quantile,0.45,15.546863759902674
15,2024-05-04,2,2024-05-18,wk inc flu hosp,quantile,0.45,18.308329207145935
16,2024-05-04,2,2024-05-18,wk inc flu hosp,quantile,0.45,19.47707072426503
17,2024-05-04,2,2024-05-18,wk inc flu hosp,quantile,0.45,31.26121978059201
18,2024-05-04,2,2024-05-18,wk inc flu hosp,quantile,0.45,18.504794239674517
19,2024-05-04,2,2024-05-18,wk inc flu hosp,quantile,0.45,5.992663099289075
20,2024-05-04,2,2024-05-18,wk inc flu hosp,quantile,0.45,17.51818328469734
21,2024-05-04,2,2024-05-18,wk inc flu hosp,quantile,0.45,4.588697405894366
22,2024-05-04,2,2024-05-18,wk inc flu hosp,quantile,0.45,5.9547191017001335
23,2024-05-04,2,2024-05-18,wk inc flu hosp,quantile,0.45,12.311622736511378
24,2024-05-04,2,2024-05-18,wk inc flu hosp,quantile,0.45,3.9029202646614367
25,2024-05-04,2,2024-05-18,wk inc flu hosp,quantile,0.45,27.56301972971749
26,2024-05-04,2,2024-05-18,wk inc flu hosp,quantile,0.45,47.69810128309331
27,2024-05-04,2,2024-05-18,wk inc flu hosp,quantile,0.45,15.053251986197594
28,2024-05-04,2,2024-05-18,wk inc flu hosp,quantile,0.45,12.286567734091445
29,2024-05-04,2,2024-05-18,wk inc flu hosp,quantile,0.45,26.7492095793002
30,2024-05-04,2,2024-05-18,wk inc flu hosp,quantile,0.45,0.0
31,2024-05-04,2,2024-05-18,wk inc flu hosp,quantile,0.45,6.927127000368946
32,2024-05-04,2,2024-05-18,wk inc flu hosp,quantile,0.45,20.080588979950136
33,2024-05-04,2,2024-05-18,wk inc flu hosp,quantile,0.45,0.0
34,2024-05-04,2,2024-05-18,wk inc flu hosp,quantile,0.45,55.603170384172635
35,2024-05-04,2,2024-05-18,wk inc flu hosp,quantile,0.45,22.133315559683922
36,2024-05-04,2,2024-05-18,wk inc flu hosp,quantile,0.45,65.66989164230448
37,2024-05-04,2,2024-05-18,wk inc flu hosp,quantile,0.45,0.0
38,2024-05-04,2,2024-05-18,wk inc flu hosp,quantile,0.45,1.7053043460268167
39,2024-05-04,2,2024-05-18,wk inc flu hosp,quantile,0.45,29.769925986045987
40,2024-05-04,2,2024-05-18,wk inc flu hosp,quantile,0.45,25.89232437351378
41,2024-05-04,2,2024-05-18,wk inc flu hosp,quantile,0.45,29.210657993770855
42,2024-05-04,2,2024-05-18,wk inc flu hosp,quantile,0.45,71.0731409971418
44,2024-05-04,2,2024-05-18,wk inc flu hosp,quantile,0.45,2.841859014733095
45,2024-05-04,2,2024-05-18,wk inc flu hosp,quantile,0.45,13.676044841764979
46,2024-05-04,2,2024-05-18,wk inc flu hosp,quantile,0.45,11.089989120491618
47,2024-05-04,2,2024-05-18,wk inc flu hosp,quantile,0.45,30.214562496546314
48,2024-05-04,2,2024-05-18,wk inc flu hosp,quantile,0.45,129.27938031870502
49,2024-05-04,2,2024-05-18,wk inc flu hosp,quantile,0.45,10.2576846480212
50,2024-05-04,2,2024-05-18,wk inc flu hosp,quantile,0.45,2.501787876883598
51,2024-05-04,2,2024-05-18,wk inc flu hosp,quantile,0.45,34.924525354391186
53,2024-05-04,2,2024-05-18,wk inc flu hosp,quantile,0.45,30.84436541932573
54,2024-05-04,2,2024-05-18,wk inc flu hosp,quantile,0.45,28.36630871132562
55,2024-05-04,2,2024-05-18,wk inc flu hosp,quantile,0.45,11.76938511951156
56,2024-05-04,2,2024-05-18,wk inc flu hosp,quantile,0.45,4.297423227038634
72,2024-05-04,2,2024-05-18,wk inc flu hosp,quantile,0.45,48.53393337831747
US,2024-05-04,2,2024-05-18,wk inc flu hosp,quantile,0.45,1473.096248064009
01,2024-05-04,3,2024-05-25,wk inc flu hosp,quantile,0.45,12.634916172981075
02,2024-05-04,3,2024-05-25,wk inc flu hosp,quantile,0.45,0.6626150010692105
04,2024-05-04,3,2024-05-25,wk inc flu hosp,quantile,0.45,116.53871126865279
05,2024-05-04,3,2024-05-25,wk inc flu hosp,quantile,0.45,86.4257209507973
06,2024-05-04,3,2024-05-25,wk inc flu hosp,quantile,0.45,85.60254349351106
08,2024-05-04,3,2024-05-25,wk inc flu hosp,quantile,0.45,0.6916011901392801
09,2024-05-04,3,2024-05-25,wk inc flu hosp,quantile,0.45,67.80024944434773
10,2024-05-04,3,2024-05-25,wk inc flu hosp,quantile,0.45,0.0
11,2024-05-04,3,2024-05-25,wk inc flu hosp,quantile,0.45,2.3542814389027202
12,2024-05-04,3,2024-05-25,wk inc flu hosp,quantile,0.45,238.55446488203287
13,2024-05-04,3,2024-05-25,wk inc flu hosp,quantile,0.45,10.366839482606519
15,2024-05-04,3,2024-05-25,wk inc flu hosp,quantile,0.45,18.636498693807937
16,2024-05-04,3,2024-05-25,wk inc flu hosp,quantile,0.45,20.062278886352832
17,2024-05-04,3,2024-05-25,wk inc flu hosp,quantile,0.45,15.071957596916679
18,2024-05-04,3,2024-05-25,wk inc flu hosp,quantile,0.45,11.943518040673423
19,2024-05-04,3,2024-05-25,wk inc flu hosp,quantile,0.45,2.068908480663849
20,2024-05-04,3,2024-05-25,wk inc flu hosp,quantile,0.45,14.30165707063293
21,2024-05-04,3,2024-05-25,wk inc flu hosp,quantile,0.45,0.0
22,2024-05-04,3,2024-05-25,wk inc flu hosp,quantile,0.45,2.6934123773302567
23,2024-05-04,3,2024-05-25,wk inc flu hosp,quantile,0.45,11.887391379940548
24,2024-05-04,3,2024-05-25,wk inc flu hosp,quantile,0.45,0.0
25,2024-05-04,3,2024-05-25,wk inc flu hosp,quantile,0.45,15.914421916827996
26,2024-05-04,3,2024-05-25,wk inc flu hosp,quantile,0.45,31.420649042414677
27,2024-05-04,3,2024-05-25,wk inc flu hosp,quantile,0.45,9.493537910864463
28,2024-05-04,3,2024-05-25,wk inc flu hosp,quantile,0.45,10.69979193973022
29,2024-05-04,3,2024-05-25,wk inc flu hosp,quantile,0.45,18.80941497695173
30,2024-05-04,3,2024-05-25,wk inc flu hosp,quantile,0.45,0.0
31,2024-05-04,3,2024-05-25,wk inc flu hosp,quantile,0.45,3.9301708945987035
32,2024-05-04,3,2024-05-25,wk inc flu hosp,quantile,0.45,19.30818925116302
33,2024-05-04,3,2024-05-25,wk inc flu hosp,quantile,0.45,0.0
34,2024-05-04,3,2024-05-25,wk inc flu hosp,quantile,0.45,44.290644769146
35,2024-05-04,3,2024-05-25,wk inc flu hosp,quantile,0.45,22.903229624653473
36,2024-05-04,3,2024-05-25,wk inc flu hosp,quantile,0.45,36.88926454440867
37,2024-05-04,3,2024-05-25,wk inc flu hosp,quantile,0.45,0.0
38,2024-05-04,3,2024-05-25,wk inc flu hosp,quantile,0.45,0.6684598484132319
39,2024-05-04,3,2024-05-25,wk inc flu hosp,quantile,0.45,16.719619348706164
40,2024-05-04,3,2024-05-25,wk inc flu hosp,quantile,0.45,26.002789918317543
41,2024-05-04,3,2024-05-25,wk inc flu hosp,quantile,0.45,28.571499597814032
42,2024-05-04,3,2024-05-25,wk inc flu hosp,quantile,0.45,55.92178969286594
44,2024-05-04,3,2024-05-25,wk inc flu hosp,quantile,0.45,1.5353365223107647
45,2024-05-04,3,2024-05-25,wk inc flu hosp,quantile,0.45,8.404411450660158
46,2024-05-04,3,2024-05-25,wk inc flu hosp,quantile,0.45,10.198716122973144
47,2024-05-04,3,2024-05-25,wk inc flu hosp,quantile,0.45,23.781009456695706
48,2024-05-04,3,2024-05-25,wk inc flu hosp,quantile,0.45,113.79586576951709
49,2024-05-04,3,2024-05-25,wk inc flu hosp,quantile,0.45,11.479386280301664
50,2024-05-04,3,2024-05-25,wk inc flu hosp,quantile,0.45,1.595384845804615
51,2024-05-04,3,2024-05-25,wk inc flu hosp,quantile,0.45,25.946634979752655
53,2024-05-04,3,2024-05-25,wk inc flu hosp,quantile,0.45,30.73103401210461
54,2024-05-04,3,2024-05-25,wk inc flu hosp,quantile,0.45,27.617396850102967
55,2024-05-04,3,2024-05-25,wk inc flu hosp,quantile,0.45,5.553404867020967
56,2024-05-04,3,2024-05-25,wk inc flu hosp,quantile,0.45,4.3796254258867275
72,2024-05-04,3,2024-05-25,wk inc flu hosp,quantile,0.45,49.891089053196694
US,2024-05-04,3,2024-05-25,wk inc flu hosp,quantile,0.45,1151.123003159066
01,2024-05-04,0,2024-05-04,wk inc flu hosp,quantile,0.5,12.912133805146823
02,2024-05-04,0,2024-05-04,wk inc flu hosp,quantile,0.5,2.862242252014205
04,2024-05-04,0,2024-05-04,wk inc flu hosp,quantile,0.5,91.75371078070603
05,2024-05-04,0,2024-05-04,wk inc flu hosp,quantile,0.5,67.8116199699409
06,2024-05-04,0,2024-05-04,wk inc flu hosp,quantile,0.5,143.25288520498117
08,2024-05-04,0,2024-05-04,wk inc flu hosp,quantile,0.5,18.055500903751593
09,2024-05-04,0,2024-05-04,wk inc flu hosp,quantile,0.5,63.7783764889356
10,2024-05-04,0,2024-05-04,wk inc flu hosp,quantile,0.5,1.0368330695170054
11,2024-05-04,0,2024-05-04,wk inc flu hosp,quantile,0.5,6.908094735189347
12,2024-05-04,0,2024-05-04,wk inc flu hosp,quantile,0.5,277.7296380432305
13,2024-05-04,0,2024-05-04,wk inc flu hosp,quantile,0.5,28.31231209192677
15,2024-05-04,0,2024-05-04,wk inc flu hosp,quantile,0.5,14.792078910969622
16,2024-05-04,0,2024-05-04,wk inc flu hosp,quantile,0.5,16.331028650525898
17,2024-05-04,0,2024-05-04,wk inc flu hosp,quantile,0.5,74.32120638054569
18,2024-05-04,0,2024-05-04,wk inc flu hosp,quantile,0.5,36.27722783840551
19,2024-05-04,0,2024-05-04,wk inc flu hosp,quantile,0.5,16.883903723759108
20,2024-05-04,0,2024-05-04,wk inc flu hosp,quantile,0.5,24.555615906854957
21,2024-05-04,0,2024-05-04,wk inc flu hosp,quantile,0.5,18.84805263175897
22,2024-05-04,0,2024-05-04,wk inc flu hosp,quantile,0.5,14.623981909987682
23,2024-05-04,0,2024-05-04,wk inc flu hosp,quantile,0.5,12.828628781632064
24,2024-05-04,0,2024-05-04,wk inc flu hosp,quantile,0.5,17.04553553206372
25,2024-05-04,0,2024-05-04,wk inc flu hosp,quantile,0.5,60.13989690882147
26,2024-05-04,0,2024-05-04,wk inc flu hosp,quantile,0.5,102.43655120748369
27,2024-05-04,0,2024-05-04,wk inc flu hosp,quantile,0.5,33.82934995260634
28,2024-05-04,0,2024-05-04,wk inc flu hosp,quantile,0.5,20.05420942300595
29,2024-05-04,0,2024-05-04,wk inc flu hosp,quantile,0.5,51.42642439955854
30,2024-05-04,0,2024-05-04,wk inc flu hosp,quantile,0.5,1.6047222213562546
31,2024-05-04,0,2024-05-04,wk inc flu hosp,quantile,0.5,14.214785683412904
32,2024-05-04,0,2024-05-04,wk inc flu hosp,quantile,0.5,22.180060581872226
33,2024-05-04,0,2024-05-04,wk inc flu hosp,quantile,0.5,2.612594503742178
34,2024-05-04,0,2024-05-04,wk inc flu hosp,quantile,0.5,87.15605274651597
35,2024-05-04,0,2024-05-04,wk inc flu hosp,quantile,0.5,20.36458788675098
36,2024-05-04,0,2024-05-04,wk inc flu hosp,quantile,0.5,134.88356578502973
37,2024-05-04,0,2024-05-04,wk inc flu hosp,quantile,0.5,9.965989313723128
38,2024-05-04,0,2024-05-04,wk inc flu hosp,quantile,0.5,4.95735377729965
39,2024-05-04,0,2024-05-04,wk inc flu hosp,quantile,0.5,66.40250091015065
40,2024-05-04,0,2024-05-04,wk inc flu hosp,quantile,0.5,26.55677172747476
41,2024-05-04,0,2024-05-04,wk inc flu hosp,quantile,0.5,28.51434670579841
42,2024-05-04,0,2024-05-04,wk inc flu hosp,quantile,0.5,111.71909400945131
44,2024-05-04,0,2024-05-04,wk inc flu hosp,quantile,0.5,6.112972422051593
45,2024-05-04,0,2024-05-04,wk inc flu hosp,quantile,0.5,25.86828533596206
46,2024-05-04,0,2024-05-04,wk inc flu hosp,quantile,0.5,13.165392676754994
47,2024-05-04,0,2024-05-04,wk inc flu hosp,quantile,0.5,47.63981610473089
48,2024-05-04,0,2024-05-04,wk inc flu hosp,quantile,0.5,162.96234303267923
49,2024-05-04,0,2024-05-04,wk inc flu hosp,quantile,0.5,5.898535933869897
50,2024-05-04,0,2024-05-04,wk inc flu hosp,quantile,0.5,4.841510890583781
51,2024-05-04,0,2024-05-04,wk inc flu hosp,quantile,0.5,55.09748146901265
53,2024-05-04,0,2024-05-04,wk inc flu hosp,quantile,0.5,34.043746057225675
54,2024-05-04,0,2024-05-04,wk inc flu hosp,quantile,0.5,27.178634359717854
55,2024-05-04,0,2024-05-04,wk inc flu hosp,quantile,0.5,31.845977632364725
56,2024-05-04,0,2024-05-04,wk inc flu hosp,quantile,0.5,3.9761562222989433
72,2024-05-04,0,2024-05-04,wk inc flu hosp,quantile,0.5,44.056218774537946
US,2024-05-04,0,2024-05-04,wk inc flu hosp,quantile,0.5,2337.6639180069315
01,2024-05-04,1,2024-05-11,wk inc flu hosp,quantile,0.5,13.23305558539402
02,2024-05-04,1,2024-05-11,wk inc flu hosp,quantile,0.5,2.1173195930670583
04,2024-05-04,1,2024-05-11,wk inc flu hosp,quantile,0.5,98.81693124246044
05,2024-05-04,1,2024-05-11,wk inc flu hosp,quantile,0.5,79.60089152759454
06,2024-05-04,1,2024-05-11,wk inc flu hosp,quantile,0.5,123.8136192270043
08,2024-05-04,1,2024-05-11,wk inc flu hosp,quantile,0.5,11.55958179124348
09,2024-05-04,1,2024-05-11,wk inc flu hosp,quantile,0.5,68.54315001466236
10,2024-05-04,1,2024-05-11,wk inc flu hosp,quantile,0.5,0.034361366094169975
11,2024-05-04,1,2024-05-11,wk inc flu hosp,quantile,0.5,5.47079524061101
12,2024-05-04,1,2024-05-11,wk inc flu hosp,quantile,0.5,264.1347493591434
13,2024-05-04,1,2024-05-11,wk inc flu hosp,quantile,0.5,23.37804137137739
15,2024-05-04,1,2024-05-11,wk inc flu hosp,quantile,0.5,17.306458619092275
16,2024-05-04,1,2024-05-11,wk inc flu hosp,quantile,0.5,18.738295238425113
17,2024-05-04,1,2024-05-11,wk inc flu hosp,quantile,0.5,55.635962216061735
18,2024-05-04,1,2024-05-11,wk inc flu hosp,quantile,0.5,29.718033233366167
19,2024-05-04,1,2024-05-11,wk inc flu hosp,quantile,0.5,11.49332469612585
20,2024-05-04,1,2024-05-11,wk inc flu hosp,quantile,0.5,21.42078863037444
21,2024-05-04,1,2024-05-11,wk inc flu hosp,quantile,0.5,11.196749562196219
22,2024-05-04,1,2024-05-11,wk inc flu hosp,quantile,0.5,9.871579670045751
23,2024-05-04,1,2024-05-11,wk inc flu hosp,quantile,0.5,13.386085816082097
24,2024-05-04,1,2024-05-11,wk inc flu hosp,quantile,0.5,10.95524566882433
25,2024-05-04,1,2024-05-11,wk inc flu hosp,quantile,0.5,45.274890896990996
26,2024-05-04,1,2024-05-11,wk inc flu hosp,quantile,0.5,79.30559655236378
27,2024-05-04,1,2024-05-11,wk inc flu hosp,quantile,0.5,24.947065843809263
28,2024-05-04,1,2024-05-11,wk inc flu hosp,quantile,0.5,16.678024120165244
29,2024-05-04,1,2024-05-11,wk inc flu hosp,quantile,0.5,38.86707662257968
30,2024-05-04,1,2024-05-11,wk inc flu hosp,quantile,0.5,0.2878414385901074
31,2024-05-04,1,2024-05-11,wk inc flu hosp,quantile,0.5,10.930127069172123
32,2024-05-04,1,2024-05-11,wk inc flu hosp,quantile,0.5,20.829401526644816
33,2024-05-04,1,2024-05-11,wk inc flu hosp,quantile,0.5,1.1397946045990894
34,2024-05-04,1,2024-05-11,wk inc flu hosp,quantile,0.5,73.01508200306053
35,2024-05-04,1,2024-05-11,wk inc flu hosp,quantile,0.5,23.004688838279844
36,2024-05-04,1,2024-05-11,wk inc flu hosp,quantile,0.5,103.23867170775804
37,2024-05-04,1,2024-05-11,wk inc flu hosp,quantile,0.5,1.7304462601817348
38,2024-05-04,1,2024-05-11,wk inc flu hosp,quantile,0.5,3.165657044974127
39,2024-05-04,1,2024-05-11,wk inc flu hosp,quantile,0.5,49.65516106469953
40,2024-05-04,1,2024-05-11,wk inc flu hosp,quantile,0.5,27.20847780294447
41,2024-05-04,1,2024-05-11,wk inc flu hosp,quantile,0.5,28.69521760535474
42,2024-05-04,1,2024-05-11,wk inc flu hosp,quantile,0.5,92.57929242677312
44,2024-05-04,1,2024-05-11,wk inc flu hosp,quantile,0.5,4.75005759938972
45,2024-05-04,1,2024-05-11,wk inc flu hosp,quantile,0.5,20.134040040269355
46,2024-05-04,1,2024-05-11,wk inc flu hosp,quantile,0.5,13.066386236936887
47,2024-05-04,1,2024-05-11,wk inc flu hosp,quantile,0.5,39.660677306626766
48,2024-05-04,1,2024-05-11,wk inc flu hosp,quantile,0.5,142.0781069569129
49,2024-05-04,1,2024-05-11,wk inc flu hosp,quantile,0.5,8.863562527139688
50,2024-05-04,1,2024-05-11,wk inc flu hosp,quantile,0.5,3.7971151568735713
51,2024-05-04,1,2024-05-11,wk inc flu hosp,quantile,0.5,45.90519336163458
53,2024-05-04,1,2024-05-11,wk inc flu hosp,quantile,0.5,33.23817196338453
54,2024-05-04,1,2024-05-11,wk inc flu hosp,quantile,0.5,28.550594768256712
55,2024-05-04,1,2024-05-11,wk inc flu hosp,quantile,0.5,21.702592334252788
56,2024-05-04,1,2024-05-11,wk inc flu hosp,quantile,0.5,4.164360032064593
72,2024-05-04,1,2024-05-11,wk inc flu hosp,quantile,0.5,45.628929380801225
US,2024-05-04,1,2024-05-11,wk inc flu hosp,quantile,0.5,1930.6319048388611
01,2024-05-04,2,2024-05-18,wk inc flu hosp,quantile,0.5,17.523539301639207
02,2024-05-04,2,2024-05-18,wk inc flu hosp,quantile,0.5,1.3204393813582038
04,2024-05-04,2,2024-05-18,wk inc flu hosp,quantile,0.5,121.2216472524084
05,2024-05-04,2,2024-05-18,wk inc flu hosp,quantile,0.5,84.94181629150394
06,2024-05-04,2,2024-05-18,wk inc flu hosp,quantile,0.5,106.70069721344953
08,2024-05-04,2,2024-05-18,wk inc flu hosp,quantile,0.5,5.3625584179642365
09,2024-05-04,2,2024-05-18,wk inc flu hosp,quantile,0.5,74.64921873551039
10,2024-05-04,2,2024-05-18,wk inc flu hosp,quantile,0.5,0.0
11,2024-05-04,2,2024-05-18,wk inc flu hosp,quantile,0.5,3.8536756358795916
12,2024-05-04,2,2024-05-18,wk inc flu hosp,quantile,0.5,259.0857547363233
13,2024-05-04,2,2024-05-18,wk inc flu hosp,quantile,0.5,16.76087785138779
15,2024-05-04,2,2024-05-18,wk inc flu hosp,quantile,0.5,19.410863488656766
16,2024-05-04,2,2024-05-18,wk inc flu hosp,quantile,0.5,20.90423870913758
17,2024-05-04,2,2024-05-18,wk inc flu hosp,quantile,0.5,34.25002376148267
18,2024-05-04,2,2024-05-18,wk inc flu hosp,quantile,0.5,20.151909146459893
19,2024-05-04,2,2024-05-18,wk inc flu hosp,quantile,0.5,6.35300217978504
20,2024-05-04,2,2024-05-18,wk inc flu hosp,quantile,0.5,18.89667301007442
21,2024-05-04,2,2024-05-18,wk inc flu hosp,quantile,0.5,4.767285546499747
22,2024-05-04,2,2024-05-18,wk inc flu hosp,quantile,0.5,6.017000223043369
23,2024-05-04,2,2024-05-18,wk inc flu hosp,quantile,0.5,14.820658497597758
24,2024-05-04,2,2024-05-18,wk inc flu hosp,quantile,0.5,3.941042440447664
25,2024-05-04,2,2024-05-18,wk inc flu hosp,quantile,0.5,29.80230982575849
26,2024-05-04,2,2024-05-18,wk inc flu hosp,quantile,0.5,54.8266277749612
27,2024-05-04,2,2024-05-18,wk inc flu hosp,quantile,0.5,16.700217770496508
28,2024-05-04,2,2024-05-18,wk inc flu hosp,quantile,0.5,13.563912707048768
29,2024-05-04,2,2024-05-18,wk inc flu hosp,quantile,0.5,27.014021361002264
30,2024-05-04,2,2024-05-18,wk inc flu hosp,quantile,0.5,0.0
31,2024-05-04,2,2024-05-18,wk inc flu hosp,quantile,0.5,7.293176136397929
32,2024-05-04,2,2024-05-18,wk inc flu hosp,quantile,0.5,21.182738093303115
33,2024-05-04,2,2024-05-18,wk inc flu hosp,quantile,0.5,0.0
34,2024-05-04,2,2024-05-18,wk inc flu hosp,quantile,0.5,61.22932073666283
35,2024-05-04,2,2024-05-18,wk inc flu hosp,quantile,0.5,25.12204259954682
36,2024-05-04,2,2024-05-18,wk inc flu hosp,quantile,0.5,66.57461699253989
37,2024-05-04,2,2024-05-18,wk inc flu hosp,quantile,0.5,0.0
38,2024-05-04,2,2024-05-18,wk inc flu hosp,quantile,0.5,1.8918537740313843
39,2024-05-04,2,2024-05-18,wk inc flu hosp,quantile,0.5,29.993867914003186
40,2024-05-04,2,2024-05-18,wk inc flu hosp,quantile,0.5,35.66734771488652
41,2024-05-04,2,2024-05-18,wk inc flu hosp,quantile,0.5,32.40648776732768
42,2024-05-04,2,2024-05-18,wk inc flu hosp,quantile,0.5,71.86706013740638
44,2024-05-04,2,2024-05-18,wk inc flu hosp,quantile,0.5,3.1432315012906296
45,2024-05-04,2,2024-05-18,wk inc flu hosp,quantile,0.5,14.090964541527107
46,2024-05-04,2,2024-05-18,wk inc flu hosp,quantile,0.5,12.99585143925929
47,2024-05-04,2,2024-05-18,wk inc flu hosp,quantile,0.5,31.353717701248367
48,2024-05-04,2,2024-05-18,wk inc flu hosp,quantile,0.5,130.26989698204073
49,2024-05-04,2,2024-05-18,wk inc flu hosp,quantile,0.5,10.918009116058997
50,2024-05-04,2,2024-05-18,wk inc flu hosp,quantile,0.5,2.6382779374953444
51,2024-05-04,2,2024-05-18,wk inc flu hosp,quantile,0.5,35.21407812100786
53,2024-05-04,2,2024-05-18,wk inc flu hosp,quantile,0.5,40.333096761915755
54,2024-05-04,2,2024-05-18,wk inc flu hosp,quantile,0.5,28.91065117907575
55,2024-05-04,2,2024-05-18,wk inc flu hosp,quantile,0.5,12.14425578500568
56,2024-05-04,2,2024-05-18,wk inc flu hosp,quantile,0.5,5.38499300507486
72,2024-05-04,2,2024-05-18,wk inc flu hosp,quantile,0.5,50.698527006997864
US,2024-05-04,2,2024-05-18,wk inc flu hosp,quantile,0.5,1511.0108799078023
01,2024-05-04,3,2024-05-25,wk inc flu hosp,quantile,0.5,16.962814070241322
02,2024-05-04,3,2024-05-25,wk inc flu hosp,quantile,0.5,0.6893522513882558
04,2024-05-04,3,2024-05-25,wk inc flu hosp,quantile,0.5,132.11426868141473
05,2024-05-04,3,2024-05-25,wk inc flu hosp,quantile,0.5,87.89082213710184
06,2024-05-04,3,2024-05-25,wk inc flu hosp,quantile,0.5,93.94924491571179
08,2024-05-04,3,2024-05-25,wk inc flu hosp,quantile,0.5,0.7129058639507565
09,2024-05-04,3,2024-05-25,wk inc flu hosp,quantile,0.5,73.7366122720253
10,2024-05-04,3,2024-05-25,wk inc flu hosp,quantile,0.5,0.0
11,2024-05-04,3,2024-05-25,wk inc flu hosp,quantile,0.5,2.510199967348947
12,2024-05-04,3,2024-05-25,wk inc flu hosp,quantile,0.5,241.41928182896498
13,2024-05-04,3,2024-05-25,wk inc flu hosp,quantile,0.5,12.533559731418206
15,2024-05-04,3,2024-05-25,wk inc flu hosp,quantile,0.5,19.801557340920326
16,2024-05-04,3,2024-05-25,wk inc flu hosp,quantile,0.5,20.78086181534823
17,2024-05-04,3,2024-05-25,wk inc flu hosp,quantile,0.5,18.552643273056105
18,2024-05-04,3,2024-05-25,wk inc flu hosp,quantile,0.5,13.99423632197025
19,2024-05-04,3,2024-05-25,wk inc flu hosp,quantile,0.5,2.1653034953285437
20,2024-05-04,3,2024-05-25,wk inc flu hosp,quantile,0.5,15.428019133192532
21,2024-05-04,3,2024-05-25,wk inc flu hosp,quantile,0.5,0.0
22,2024-05-04,3,2024-05-25,wk inc flu hosp,quantile,0.5,2.8472060963737826
23,2024-05-04,3,2024-05-25,wk inc flu hosp,quantile,0.5,13.971780208316666
24,2024-05-04,3,2024-05-25,wk inc flu hosp,quantile,0.5,0.0
25,2024-05-04,3,2024-05-25,wk inc flu hosp,quantile,0.5,17.29545730105717
26,2024-05-04,3,2024-05-25,wk inc flu hosp,quantile,0.5,38.36424858060725
27,2024-05-04,3,2024-05-25,wk inc flu hosp,quantile,0.5,11.026892613297061
28,2024-05-04,3,2024-05-25,wk inc flu hosp,quantile,0.5,11.675026529020583
29,2024-05-04,3,2024-05-25,wk inc flu hosp,quantile,0.5,19.832745871361684
30,2024-05-04,3,2024-05-25,wk inc flu hosp,quantile,0.5,0.0
31,2024-05-04,3,2024-05-25,wk inc flu hosp,quantile,0.5,4.449579376219555
32,2024-05-04,3,2024-05-25,wk inc flu hosp,quantile,0.5,20.47455413543806
33,2024-05-04,3,2024-05-25,wk inc flu hosp,quantile,0.5,0.0
34,2024-05-04,3,2024-05-25,wk inc flu hosp,quantile,0.5,49.255679366062644
35,2024-05-04,3,2024-05-25,wk inc flu hosp,quantile,0.5,26.49454379798834
36,2024-05-04,3,2024-05-25,wk inc flu hosp,quantile,0.5,37.91473219975557
37,2024-05-04,3,2024-05-25,wk inc flu hosp,quantile,0.5,0.0
38,2024-05-04,3,2024-05-25,wk inc flu hosp,quantile,0.5,0.8316548140663887
39,2024-05-04,3,2024-05-25,wk inc flu hosp,quantile,0.5,18.017931863295296
40,2024-05-04,3,2024-05-25,wk inc flu hosp,quantile,0.5,35.82311060003317
41,2024-05-04,3,2024-05-25,wk inc flu hosp,quantile,0.5,31.541087605776656
42,2024-05-04,3,2024-05-25,wk inc flu hosp,quantile,0.5,56.67288725160493
44,2024-05-04,3,2024-05-25,wk inc flu hosp,quantile,0.5,1.8213090525434146
45,2024-05-04,3,2024-05-25,wk inc flu hosp,quantile,0.5,8.456560944243533
46,2024-05-04,3,2024-05-25,wk inc flu hosp,quantile,0.5,12.008939605300837
47,2024-05-04,3,2024-05-25,wk inc flu hosp,quantile,0.5,25.431573750655158
48,2024-05-04,3,2024-05-25,wk inc flu hosp,quantile,0.5,116.53681914117047
49,2024-05-04,3,2024-05-25,wk inc flu hosp,quantile,0.5,11.517917527881416
50,2024-05-04,3,2024-05-25,wk inc flu hosp,quantile,0.5,1.6904430130202683
51,2024-05-04,3,2024-05-25,wk inc flu hosp,quantile,0.5,28.508228078409374
53,2024-05-04,3,2024-05-25,wk inc flu hosp,quantile,0.5,39.20562026702578
54,2024-05-04,3,2024-05-25,wk inc flu hosp,quantile,0.5,28.322210449897153
55,2024-05-04,3,2024-05-25,wk inc flu hosp,quantile,0.5,5.988924704547347
56,2024-05-04,3,2024-05-25,wk inc flu hosp,quantile,0.5,5.579725188497022
72,2024-05-04,3,2024-05-25,wk inc flu hosp,quantile,0.5,51.63374333150054
US,2024-05-04,3,2024-05-25,wk inc flu hosp,quantile,0.5,1157.6006536596385
01,2024-05-04,0,2024-05-04,wk inc flu hosp,quantile,0.55,16.181183791946065
02,2024-05-04,0,2024-05-04,wk inc flu hosp,quantile,0.55,2.862968751300151
04,2024-05-04,0,2024-05-04,wk inc flu hosp,quantile,0.55,106.74348822141954
05,2024-05-04,0,2024-05-04,wk inc flu hosp,quantile,0.55,76.94790847505021
06,2024-05-04,0,2024-05-04,wk inc flu hosp,quantile,0.55,146.8799993975422
08,2024-05-04,0,2024-05-04,wk inc flu hosp,quantile,0.55,18.290637362144526
09,2024-05-04,0,2024-05-04,wk inc flu hosp,quantile,0.55,67.20852421031113
10,2024-05-04,0,2024-05-04,wk inc flu hosp,quantile,0.55,1.1009778079560086
11,2024-05-04,0,2024-05-04,wk inc flu hosp,quantile,0.55,6.952362436289981
12,2024-05-04,0,2024-05-04,wk inc flu hosp,quantile,0.55,278.2636893583838
13,2024-05-04,0,2024-05-04,wk inc flu hosp,quantile,0.55,29.234769123820087
15,2024-05-04,0,2024-05-04,wk inc flu hosp,quantile,0.55,17.589157982007052
16,2024-05-04,0,2024-05-04,wk inc flu hosp,quantile,0.55,19.161472165007567
17,2024-05-04,0,2024-05-04,wk inc flu hosp,quantile,0.55,74.72229876970911
18,2024-05-04,0,2024-05-04,wk inc flu hosp,quantile,0.55,39.154104121951065
19,2024-05-04,0,2024-05-04,wk inc flu hosp,quantile,0.55,17.272405577928232
20,2024-05-04,0,2024-05-04,wk inc flu hosp,quantile,0.55,25.06923982448122
21,2024-05-04,0,2024-05-04,wk inc flu hosp,quantile,0.55,18.852207939620527
22,2024-05-04,0,2024-05-04,wk inc flu hosp,quantile,0.55,14.874904496210094
23,2024-05-04,0,2024-05-04,wk inc flu hosp,quantile,0.55,14.583764379567558
24,2024-05-04,0,2024-05-04,wk inc flu hosp,quantile,0.55,17.054418705290562
25,2024-05-04,0,2024-05-04,wk inc flu hosp,quantile,0.55,60.16994820677329
26,2024-05-04,0,2024-05-04,wk inc flu hosp,quantile,0.55,106.15930016009204
27,2024-05-04,0,2024-05-04,wk inc flu hosp,quantile,0.55,34.338000596403646
28,2024-05-04,0,2024-05-04,wk inc flu hosp,quantile,0.55,21.930431181223373
29,2024-05-04,0,2024-05-04,wk inc flu hosp,quantile,0.55,51.713862814818036
30,2024-05-04,0,2024-05-04,wk inc flu hosp,quantile,0.55,1.6411921841819543
31,2024-05-04,0,2024-05-04,wk inc flu hosp,quantile,0.55,14.33039107961108
32,2024-05-04,0,2024-05-04,wk inc flu hosp,quantile,0.55,22.789487084264128
33,2024-05-04,0,2024-05-04,wk inc flu hosp,quantile,0.55,2.791162660580667
34,2024-05-04,0,2024-05-04,wk inc flu hosp,quantile,0.55,87.39648590243628
35,2024-05-04,0,2024-05-04,wk inc flu hosp,quantile,0.55,24.362691677313073
36,2024-05-04,0,2024-05-04,wk inc flu hosp,quantile,0.55,134.99727355120598
37,2024-05-04,0,2024-05-04,wk inc flu hosp,quantile,0.55,10.045983767537892
38,2024-05-04,0,2024-05-04,wk inc flu hosp,quantile,0.55,5.161912968773453
39,2024-05-04,0,2024-05-04,wk inc flu hosp,quantile,0.55,66.55146080319857
40,2024-05-04,0,2024-05-04,wk inc flu hosp,quantile,0.55,31.718422157099845
41,2024-05-04,0,2024-05-04,wk inc flu hosp,quantile,0.55,33.56400632138583
42,2024-05-04,0,2024-05-04,wk inc flu hosp,quantile,0.55,111.73647576286973
44,2024-05-04,0,2024-05-04,wk inc flu hosp,quantile,0.55,6.1236474447367915
45,2024-05-04,0,2024-05-04,wk inc flu hosp,quantile,0.55,26.144439211856355
46,2024-05-04,0,2024-05-04,wk inc flu hosp,quantile,0.55,14.07984274307993
47,2024-05-04,0,2024-05-04,wk inc flu hosp,quantile,0.55,48.07139019199399
48,2024-05-04,0,2024-05-04,wk inc flu hosp,quantile,0.55,163.6868155158732
49,2024-05-04,0,2024-05-04,wk inc flu hosp,quantile,0.55,8.609551044413362
50,2024-05-04,0,2024-05-04,wk inc flu hosp,quantile,0.55,4.89801929290743
51,2024-05-04,0,2024-05-04,wk inc flu hosp,quantile,0.55,56.40424367189748
53,2024-05-04,0,2024-05-04,wk inc flu hosp,quantile,0.55,38.77780790425974
54,2024-05-04,0,2024-05-04,wk inc flu hosp,quantile,0.55,31.208533359287983
55,2024-05-04,0,2024-05-04,wk inc flu hosp,quantile,0.55,32.02762494889207
56,2024-05-04,0,2024-05-04,wk inc flu hosp,quantile,0.55,4.66737648823968
72,2024-05-04,0,2024-05-04,wk inc flu hosp,quantile,0.55,46.13631270379709
US,2024-05-04,0,2024-05-04,wk inc flu hosp,quantile,0.55,2359.515557239454
01,2024-05-04,1,2024-05-11,wk inc flu hosp,quantile,0.55,15.620175986020179
02,2024-05-04,1,2024-05-11,wk inc flu hosp,quantile,0.55,2.119057400579704
04,2024-05-04,1,2024-05-11,wk inc flu hosp,quantile,0.55,115.34104424340771
05,2024-05-04,1,2024-05-11,wk inc flu hosp,quantile,0.55,85.75743037601826
06,2024-05-04,1,2024-05-11,wk inc flu hosp,quantile,0.55,131.13550282554797
08,2024-05-04,1,2024-05-11,wk inc flu hosp,quantile,0.55,11.561311200259768
09,2024-05-04,1,2024-05-11,wk inc flu hosp,quantile,0.55,72.65132713031738
10,2024-05-04,1,2024-05-11,wk inc flu hosp,quantile,0.55,0.10761847196674353
11,2024-05-04,1,2024-05-11,wk inc flu hosp,quantile,0.55,5.478933735811445
12,2024-05-04,1,2024-05-11,wk inc flu hosp,quantile,0.55,266.3174351880856
13,2024-05-04,1,2024-05-11,wk inc flu hosp,quantile,0.55,24.24410896747455
15,2024-05-04,1,2024-05-11,wk inc flu hosp,quantile,0.55,19.97330078946606
16,2024-05-04,1,2024-05-11,wk inc flu hosp,quantile,0.55,20.993939236209552
17,2024-05-04,1,2024-05-11,wk inc flu hosp,quantile,0.55,56.28671361646975
18,2024-05-04,1,2024-05-11,wk inc flu hosp,quantile,0.55,30.075127698172885
19,2024-05-04,1,2024-05-11,wk inc flu hosp,quantile,0.55,12.369096018048252
20,2024-05-04,1,2024-05-11,wk inc flu hosp,quantile,0.55,21.971047517571144
21,2024-05-04,1,2024-05-11,wk inc flu hosp,quantile,0.55,11.280172711811215
22,2024-05-04,1,2024-05-11,wk inc flu hosp,quantile,0.55,10.771457901855353
23,2024-05-04,1,2024-05-11,wk inc flu hosp,quantile,0.55,14.643293516337026
24,2024-05-04,1,2024-05-11,wk inc flu hosp,quantile,0.55,10.988391606383143
25,2024-05-04,1,2024-05-11,wk inc flu hosp,quantile,0.55,46.43500763022971
26,2024-05-04,1,2024-05-11,wk inc flu hosp,quantile,0.55,80.08783719501456
27,2024-05-04,1,2024-05-11,wk inc flu hosp,quantile,0.55,25.076406693172505
28,2024-05-04,1,2024-05-11,wk inc flu hosp,quantile,0.55,18.880473439033242
29,2024-05-04,1,2024-05-11,wk inc flu hosp,quantile,0.55,39.23248898867323
30,2024-05-04,1,2024-05-11,wk inc flu hosp,quantile,0.55,0.48613173857970166
31,2024-05-04,1,2024-05-11,wk inc flu hosp,quantile,0.55,10.960831436901973
32,2024-05-04,1,2024-05-11,wk inc flu hosp,quantile,0.55,22.510728385661594
33,2024-05-04,1,2024-05-11,wk inc flu hosp,quantile,0.55,1.419385643138218
34,2024-05-04,1,2024-05-11,wk inc flu hosp,quantile,0.55,74.74805201769874
35,2024-05-04,1,2024-05-11,wk inc flu hosp,quantile,0.55,26.36225695712491
36,2024-05-04,1,2024-05-11,wk inc flu hosp,quantile,0.55,104.1021922111052
37,2024-05-04,1,2024-05-11,wk inc flu hosp,quantile,0.55,1.9426113635833728
38,2024-05-04,1,2024-05-11,wk inc flu hosp,quantile,0.55,3.369998785300479
39,2024-05-04,1,2024-05-11,wk inc flu hosp,quantile,0.55,49.93955104924482
40,2024-05-04,1,2024-05-11,wk inc flu hosp,quantile,0.55,31.77961443223498
41,2024-05-04,1,2024-05-11,wk inc flu hosp,quantile,0.55,33.89683457293008
42,2024-05-04,1,2024-05-11,wk inc flu hosp,quantile,0.55,93.65874069260398
44,2024-05-04,1,2024-05-11,wk inc flu hosp,quantile,0.55,4.769514159603535
45,2024-05-04,1,2024-05-11,wk inc flu hosp,quantile,0.55,21.33056145100173
46,2024-05-04,1,2024-05-11,wk inc flu hosp,quantile,0.55,14.10761640668573
47,2024-05-04,1,2024-05-11,wk inc flu hosp,quantile,0.55,41.21362264686433
48,2024-05-04,1,2024-05-11,wk inc flu hosp,quantile,0.55,146.98780587612325
49,2024-05-04,1,2024-05-11,wk inc flu hosp,quantile,0.55,10.687863172841551
50,2024-05-04,1,2024-05-11,wk inc flu hosp,quantile,0.55,3.976248988025911
51,2024-05-04,1,2024-05-11,wk inc flu hosp,quantile,0.55,46.045981829465376
53,2024-05-04,1,2024-05-11,wk inc flu hosp,quantile,0.55,37.69263431838223
54,2024-05-04,1,2024-05-11,wk inc flu hosp,quantile,0.55,31.41764987436523
55,2024-05-04,1,2024-05-11,wk inc flu hosp,quantile,0.55,21.738938435373218
56,2024-05-04,1,2024-05-11,wk inc flu hosp,quantile,0.55,4.8418047383290075
72,2024-05-04,1,2024-05-11,wk inc flu hosp,quantile,0.55,45.97257723596846
US,2024-05-04,1,2024-05-11,wk inc flu hosp,quantile,0.55,1965.8985921476274
01,2024-05-04,2,2024-05-18,wk inc flu hosp,quantile,0.55,17.746349864429586
02,2024-05-04,2,2024-05-18,wk inc flu hosp,quantile,0.55,1.3373551979033167
04,2024-05-04,2,2024-05-18,wk inc flu hosp,quantile,0.55,142.14305555895203
05,2024-05-04,2,2024-05-18,wk inc flu hosp,quantile,0.55,90.08864765510042
06,2024-05-04,2,2024-05-18,wk inc flu hosp,quantile,0.55,115.58033594840639
08,2024-05-04,2,2024-05-18,wk inc flu hosp,quantile,0.55,5.50223140217278
09,2024-05-04,2,2024-05-18,wk inc flu hosp,quantile,0.55,76.69605699945383
10,2024-05-04,2,2024-05-18,wk inc flu hosp,quantile,0.55,0.0
11,2024-05-04,2,2024-05-18,wk inc flu hosp,quantile,0.55,3.9434366992207868
12,2024-05-04,2,2024-05-18,wk inc flu hosp,quantile,0.55,260.9520850760628
13,2024-05-04,2,2024-05-18,wk inc flu hosp,quantile,0.55,17.373057018500845
15,2024-05-04,2,2024-05-18,wk inc flu hosp,quantile,0.55,22.81911414275788
16,2024-05-04,2,2024-05-18,wk inc flu hosp,quantile,0.55,23.44272942563456
17,2024-05-04,2,2024-05-18,wk inc flu hosp,quantile,0.55,37.6631433925331
18,2024-05-04,2,2024-05-18,wk inc flu hosp,quantile,0.55,20.363064514874
19,2024-05-04,2,2024-05-18,wk inc flu hosp,quantile,0.55,7.391993444388212
20,2024-05-04,2,2024-05-18,wk inc flu hosp,quantile,0.55,19.593772562185844
21,2024-05-04,2,2024-05-18,wk inc flu hosp,quantile,0.55,4.887139832738103
22,2024-05-04,2,2024-05-18,wk inc flu hosp,quantile,0.55,6.5818356494650265
23,2024-05-04,2,2024-05-18,wk inc flu hosp,quantile,0.55,14.89981709244913
24,2024-05-04,2,2024-05-18,wk inc flu hosp,quantile,0.55,4.302845065718627
25,2024-05-04,2,2024-05-18,wk inc flu hosp,quantile,0.55,31.304685676466633
26,2024-05-04,2,2024-05-18,wk inc flu hosp,quantile,0.55,55.53211397231857
27,2024-05-04,2,2024-05-18,wk inc flu hosp,quantile,0.55,16.745764085109222
28,2024-05-04,2,2024-05-18,wk inc flu hosp,quantile,0.55,15.663563124526904
29,2024-05-04,2,2024-05-18,wk inc flu hosp,quantile,0.55,27.17672631534468
30,2024-05-04,2,2024-05-18,wk inc flu hosp,quantile,0.55,0.0
31,2024-05-04,2,2024-05-18,wk inc flu hosp,quantile,0.55,7.674941484744186
32,2024-05-04,2,2024-05-18,wk inc flu hosp,quantile,0.55,22.76041279494822
33,2024-05-04,2,2024-05-18,wk inc flu hosp,quantile,0.55,0.17839202702104986
34,2024-05-04,2,2024-05-18,wk inc flu hosp,quantile,0.55,62.62731824387777
35,2024-05-04,2,2024-05-18,wk inc flu hosp,quantile,0.55,29.468621653197623
36,2024-05-04,2,2024-05-18,wk inc flu hosp,quantile,0.55,67.94132454694012
37,2024-05-04,2,2024-05-18,wk inc flu hosp,quantile,0.55,0.0
38,2024-05-04,2,2024-05-18,wk inc flu hosp,quantile,0.55,2.1992753902752966
39,2024-05-04,2,2024-05-18,wk inc flu hosp,quantile,0.55,31.145405454383734
40,2024-05-04,2,2024-05-18,wk inc flu hosp,quantile,0.55,39.13460404816248
41,2024-05-04,2,2024-05-18,wk inc flu hosp,quantile,0.55,37.649076560960175
42,2024-05-04,2,2024-05-18,wk inc flu hosp,quantile,0.55,72.18914727473084
44,2024-05-04,2,2024-05-18,wk inc flu hosp,quantile,0.55,3.259007926775801
45,2024-05-04,2,2024-05-18,wk inc flu hosp,quantile,0.55,14.42717077331692
46,2024-05-04,2,2024-05-18,wk inc flu hosp,quantile,0.55,14.403713581549727
47,2024-05-04,2,2024-05-18,wk inc flu hosp,quantile,0.55,32.916661048982064
48,2024-05-04,2,2024-05-18,wk inc flu hosp,quantile,0.55,134.02809847915316
49,2024-05-04,2,2024-05-18,wk inc flu hosp,quantile,0.55,12.70733039641371
50,2024-05-04,2,2024-05-18,wk inc flu hosp,quantile,0.55,2.8522874443800696
51,2024-05-04,2,2024-05-18,wk inc flu hosp,quantile,0.55,35.48429562424005
53,2024-05-04,2,2024-05-18,wk inc flu hosp,quantile,0.55,42.301990482972755
54,2024-05-04,2,2024-05-18,wk inc flu hosp,quantile,0.55,31.297816504629083
55,2024-05-04,2,2024-05-18,wk inc flu hosp,quantile,0.55,12.383407477758443
56,2024-05-04,2,2024-05-18,wk inc flu hosp,quantile,0.55,6.146109313381928
72,2024-05-04,2,2024-05-18,wk inc flu hosp,quantile,0.55,52.16553935865493
US,2024-05-04,2,2024-05-18,wk inc flu hosp,quantile,0.55,1555.5854869688628
01,2024-05-04,3,2024-05-25,wk inc flu hosp,quantile,0.55,17.151022192632443
02,2024-05-04,3,2024-05-25,wk inc flu hosp,quantile,0.55,0.737655941643183
04,2024-05-04,3,2024-05-25,wk inc flu hosp,quantile,0.55,156.52141642041263
05,2024-05-04,3,2024-05-25,wk inc flu hosp,quantile,0.55,91.383024546927
06,2024-05-04,3,2024-05-25,wk inc flu hosp,quantile,0.55,100.71507990583062
08,2024-05-04,3,2024-05-25,wk inc flu hosp,quantile,0.55,0.7292573560571378
09,2024-05-04,3,2024-05-25,wk inc flu hosp,quantile,0.55,74.47942253471903
10,2024-05-04,3,2024-05-25,wk inc flu hosp,quantile,0.55,0.0
11,2024-05-04,3,2024-05-25,wk inc flu hosp,quantile,0.55,2.777844987236915
12,2024-05-04,3,2024-05-25,wk inc flu hosp,quantile,0.55,244.31513323473655
13,2024-05-04,3,2024-05-25,wk inc flu hosp,quantile,0.55,12.586955945703044
15,2024-05-04,3,2024-05-25,wk inc flu hosp,quantile,0.55,23.69893148652811
16,2024-05-04,3,2024-05-25,wk inc flu hosp,quantile,0.55,22.660393444085127
17,2024-05-04,3,2024-05-25,wk inc flu hosp,quantile,0.55,21.726101884168397
18,2024-05-04,3,2024-05-25,wk inc flu hosp,quantile,0.55,14.077412035791792
19,2024-05-04,3,2024-05-25,wk inc flu hosp,quantile,0.55,3.4019241679240104
20,2024-05-04,3,2024-05-25,wk inc flu hosp,quantile,0.55,15.668564907822029
21,2024-05-04,3,2024-05-25,wk inc flu hosp,quantile,0.55,0.43075413667725754
22,2024-05-04,3,2024-05-25,wk inc flu hosp,quantile,0.55,3.2680700455952056
23,2024-05-04,3,2024-05-25,wk inc flu hosp,quantile,0.55,14.004661393452839
24,2024-05-04,3,2024-05-25,wk inc flu hosp,quantile,0.55,0.0
25,2024-05-04,3,2024-05-25,wk inc flu hosp,quantile,0.55,20.299628198195293
26,2024-05-04,3,2024-05-25,wk inc flu hosp,quantile,0.55,39.86049770902759
27,2024-05-04,3,2024-05-25,wk inc flu hosp,quantile,0.55,11.716135324082142
28,2024-05-04,3,2024-05-25,wk inc flu hosp,quantile,0.55,12.68660282900714
29,2024-05-04,3,2024-05-25,wk inc flu hosp,quantile,0.55,20.01130922864272
30,2024-05-04,3,2024-05-25,wk inc flu hosp,quantile,0.55,0.0
31,2024-05-04,3,2024-05-25,wk inc flu hosp,quantile,0.55,5.060315682392553
32,2024-05-04,3,2024-05-25,wk inc flu hosp,quantile,0.55,21.151288958881185
33,2024-05-04,3,2024-05-25,wk inc flu hosp,quantile,0.55,0.0
34,2024-05-04,3,2024-05-25,wk inc flu hosp,quantile,0.55,51.32282468520206
35,2024-05-04,3,2024-05-25,wk inc flu hosp,quantile,0.55,29.5776001164921
36,2024-05-04,3,2024-05-25,wk inc flu hosp,quantile,0.55,41.75854064930724
37,2024-05-04,3,2024-05-25,wk inc flu hosp,quantile,0.55,0.0
38,2024-05-04,3,2024-05-25,wk inc flu hosp,quantile,0.55,1.1298130365165542
39,2024-05-04,3,2024-05-25,wk inc flu hosp,quantile,0.55,18.34895287895609
40,2024-05-04,3,2024-05-25,wk inc flu hosp,quantile,0.55,38.867301359815265
41,2024-05-04,3,2024-05-25,wk inc flu hosp,quantile,0.55,37.078998479830005
42,2024-05-04,3,2024-05-25,wk inc flu hosp,quantile,0.55,58.27618875499758
44,2024-05-04,3,2024-05-25,wk inc flu hosp,quantile,0.55,2.0423780880222075
45,2024-05-04,3,2024-05-25,wk inc flu hosp,quantile,0.55,9.014749797349802
46,2024-05-04,3,2024-05-25,wk inc flu hosp,quantile,0.55,13.228043404254066
47,2024-05-04,3,2024-05-25,wk inc flu hosp,quantile,0.55,26.067930977283293
48,2024-05-04,3,2024-05-25,wk inc flu hosp,quantile,0.55,119.92192317998592
49,2024-05-04,3,2024-05-25,wk inc flu hosp,quantile,0.55,12.198402362582236
50,2024-05-04,3,2024-05-25,wk inc flu hosp,quantile,0.55,2.0090185328169547
51,2024-05-04,3,2024-05-25,wk inc flu hosp,quantile,0.55,29.016930215569666
53,2024-05-04,3,2024-05-25,wk inc flu hosp,quantile,0.55,42.06818929074863
54,2024-05-04,3,2024-05-25,wk inc flu hosp,quantile,0.55,29.38973576865166
55,2024-05-04,3,2024-05-25,wk inc flu hosp,quantile,0.55,6.532713543656378
56,2024-05-04,3,2024-05-25,wk inc flu hosp,quantile,0.55,6.398783533003091
72,2024-05-04,3,2024-05-25,wk inc flu hosp,quantile,0.55,53.625359734349075
US,2024-05-04,3,2024-05-25,wk inc flu hosp,quantile,0.55,1186.4125971862584
01,2024-05-04,0,2024-05-04,wk inc flu hosp,quantile,0.6,17.84727889565781
02,2024-05-04,0,2024-05-04,wk inc flu hosp,quantile,0.6,2.8975693023691567
04,2024-05-04,0,2024-05-04,wk inc flu hosp,quantile,0.6,121.16884777969645
05,2024-05-04,0,2024-05-04,wk inc flu hosp,quantile,0.6,90.33997208028975
06,2024-05-04,0,2024-05-04,wk inc flu hosp,quantile,0.6,152.45571712304778
08,2024-05-04,0,2024-05-04,wk inc flu hosp,quantile,0.6,18.899417732291308
09,2024-05-04,0,2024-05-04,wk inc flu hosp,quantile,0.6,71.42016802371951
10,2024-05-04,0,2024-05-04,wk inc flu hosp,quantile,0.6,1.2345138635874704
11,2024-05-04,0,2024-05-04,wk inc flu hosp,quantile,0.6,6.982686222920966
12,2024-05-04,0,2024-05-04,wk inc flu hosp,quantile,0.6,279.8120221653023
13,2024-05-04,0,2024-05-04,wk inc flu hosp,quantile,0.6,29.335232280595218
15,2024-05-04,0,2024-05-04,wk inc flu hosp,quantile,0.6,18.73341307123357
16,2024-05-04,0,2024-05-04,wk inc flu hosp,quantile,0.6,21.621079672633694
17,2024-05-04,0,2024-05-04,wk inc flu hosp,quantile,0.6,76.48059620288008
18,2024-05-04,0,2024-05-04,wk inc flu hosp,quantile,0.6,39.94185125478756
19,2024-05-04,0,2024-05-04,wk inc flu hosp,quantile,0.6,18.919981051727845
20,2024-05-04,0,2024-05-04,wk inc flu hosp,quantile,0.6,25.77093735332694
21,2024-05-04,0,2024-05-04,wk inc flu hosp,quantile,0.6,18.973554593129027
22,2024-05-04,0,2024-05-04,wk inc flu hosp,quantile,0.6,15.325582619895362
23,2024-05-04,0,2024-05-04,wk inc flu hosp,quantile,0.6,15.776247188641744
24,2024-05-04,0,2024-05-04,wk inc flu hosp,quantile,0.6,17.165321554990463
25,2024-05-04,0,2024-05-04,wk inc flu hosp,quantile,0.6,61.669321396467716
26,2024-05-04,0,2024-05-04,wk inc flu hosp,quantile,0.6,108.85801414723394
27,2024-05-04,0,2024-05-04,wk inc flu hosp,quantile,0.6,34.49621567307176
28,2024-05-04,0,2024-05-04,wk inc flu hosp,quantile,0.6,22.308981568945555
29,2024-05-04,0,2024-05-04,wk inc flu hosp,quantile,0.6,51.98068409940406
30,2024-05-04,0,2024-05-04,wk inc flu hosp,quantile,0.6,1.9490428360024055
31,2024-05-04,0,2024-05-04,wk inc flu hosp,quantile,0.6,14.366106259834304
32,2024-05-04,0,2024-05-04,wk inc flu hosp,quantile,0.6,22.84248017375159
33,2024-05-04,0,2024-05-04,wk inc flu hosp,quantile,0.6,3.329091333010865
34,2024-05-04,0,2024-05-04,wk inc flu hosp,quantile,0.6,89.32525541203141
35,2024-05-04,0,2024-05-04,wk inc flu hosp,quantile,0.6,27.42331575468861
36,2024-05-04,0,2024-05-04,wk inc flu hosp,quantile,0.6,136.0565802172783
37,2024-05-04,0,2024-05-04,wk inc flu hosp,quantile,0.6,10.048652997494534
38,2024-05-04,0,2024-05-04,wk inc flu hosp,quantile,0.6,5.708288832341513
39,2024-05-04,0,2024-05-04,wk inc flu hosp,quantile,0.6,67.20071715840774
40,2024-05-04,0,2024-05-04,wk inc flu hosp,quantile,0.6,36.8571040083754
41,2024-05-04,0,2024-05-04,wk inc flu hosp,quantile,0.6,38.194199364983895
42,2024-05-04,0,2024-05-04,wk inc flu hosp,quantile,0.6,113.23755579492142
44,2024-05-04,0,2024-05-04,wk inc flu hosp,quantile,0.6,6.146064661469376
45,2024-05-04,0,2024-05-04,wk inc flu hosp,quantile,0.6,27.78182622632942
46,2024-05-04,0,2024-05-04,wk inc flu hosp,quantile,0.6,14.929944430427796
47,2024-05-04,0,2024-05-04,wk inc flu hosp,quantile,0.6,48.29368864243381
48,2024-05-04,0,2024-05-04,wk inc flu hosp,quantile,0.6,165.54085290400783
49,2024-05-04,0,2024-05-04,wk inc flu hosp,quantile,0.6,11.029518194085176
50,2024-05-04,0,2024-05-04,wk inc flu hosp,quantile,0.6,5.169958132673899
51,2024-05-04,0,2024-05-04,wk inc flu hosp,quantile,0.6,56.405142559524684
53,2024-05-04,0,2024-05-04,wk inc flu hosp,quantile,0.6,42.63741174314492
54,2024-05-04,0,2024-05-04,wk inc flu hosp,quantile,0.6,35.07229234183414
55,2024-05-04,0,2024-05-04,wk inc flu hosp,quantile,0.6,32.2382605621937
56,2024-05-04,0,2024-05-04,wk inc flu hosp,quantile,0.6,5.231484586439736
72,2024-05-04,0,2024-05-04,wk inc flu hosp,quantile,0.6,48.01693639567307
US,2024-05-04,0,2024-05-04,wk inc flu hosp,quantile,0.6,2402.6324648794644
01,2024-05-04,1,2024-05-11,wk inc flu hosp,quantile,0.6,17.813058253724318
02,2024-05-04,1,2024-05-11,wk inc flu hosp,quantile,0.6,2.2014936712962867
04,2024-05-04,1,2024-05-11,wk inc flu hosp,quantile,0.6,126.24433189221868
05,2024-05-04,1,2024-05-11,wk inc flu hosp,quantile,0.6,106.70816195945231
06,2024-05-04,1,2024-05-11,wk inc flu hosp,quantile,0.6,143.38043605491976
08,2024-05-04,1,2024-05-11,wk inc flu hosp,quantile,0.6,11.743040853089068
09,2024-05-04,1,2024-05-11,wk inc flu hosp,quantile,0.6,78.01005342178061
10,2024-05-04,1,2024-05-11,wk inc flu hosp,quantile,0.6,0.20303508823784733
11,2024-05-04,1,2024-05-11,wk inc flu hosp,quantile,0.6,5.670842324948148
12,2024-05-04,1,2024-05-11,wk inc flu hosp,quantile,0.6,267.25889701980606
13,2024-05-04,1,2024-05-11,wk inc flu hosp,quantile,0.6,25.713500302047986
15,2024-05-04,1,2024-05-11,wk inc flu hosp,quantile,0.6,21.37002573662461
16,2024-05-04,1,2024-05-11,wk inc flu hosp,quantile,0.6,25.73232760224496
17,2024-05-04,1,2024-05-11,wk inc flu hosp,quantile,0.6,59.44818504007893
18,2024-05-04,1,2024-05-11,wk inc flu hosp,quantile,0.6,30.4878315402974
19,2024-05-04,1,2024-05-11,wk inc flu hosp,quantile,0.6,14.050960611823543
20,2024-05-04,1,2024-05-11,wk inc flu hosp,quantile,0.6,23.18435051696771
21,2024-05-04,1,2024-05-11,wk inc flu hosp,quantile,0.6,11.37800250406957
22,2024-05-04,1,2024-05-11,wk inc flu hosp,quantile,0.6,12.002454956210487
23,2024-05-04,1,2024-05-11,wk inc flu hosp,quantile,0.6,16.10172856899696
24,2024-05-04,1,2024-05-11,wk inc flu hosp,quantile,0.6,11.411280362472171
25,2024-05-04,1,2024-05-11,wk inc flu hosp,quantile,0.6,48.17747937632852
26,2024-05-04,1,2024-05-11,wk inc flu hosp,quantile,0.6,83.54550615936682
27,2024-05-04,1,2024-05-11,wk inc flu hosp,quantile,0.6,25.117827415602548
28,2024-05-04,1,2024-05-11,wk inc flu hosp,quantile,0.6,19.27572778119764
29,2024-05-04,1,2024-05-11,wk inc flu hosp,quantile,0.6,39.60670498508968
30,2024-05-04,1,2024-05-11,wk inc flu hosp,quantile,0.6,0.49792817880672496
31,2024-05-04,1,2024-05-11,wk inc flu hosp,quantile,0.6,11.31749921991162
32,2024-05-04,1,2024-05-11,wk inc flu hosp,quantile,0.6,22.854497422957532
33,2024-05-04,1,2024-05-11,wk inc flu hosp,quantile,0.6,1.9155058256308153
34,2024-05-04,1,2024-05-11,wk inc flu hosp,quantile,0.6,76.18189111553158
35,2024-05-04,1,2024-05-11,wk inc flu hosp,quantile,0.6,31.58552903357017
36,2024-05-04,1,2024-05-11,wk inc flu hosp,quantile,0.6,105.94334367686474
37,2024-05-04,1,2024-05-11,wk inc flu hosp,quantile,0.6,2.950305668794898
38,2024-05-04,1,2024-05-11,wk inc flu hosp,quantile,0.6,3.8231491265414097
39,2024-05-04,1,2024-05-11,wk inc flu hosp,quantile,0.6,50.645567805709874
40,2024-05-04,1,2024-05-11,wk inc flu hosp,quantile,0.6,37.29469915571756
41,2024-05-04,1,2024-05-11,wk inc flu hosp,quantile,0.6,38.983402325762874
42,2024-05-04,1,2024-05-11,wk inc flu hosp,quantile,0.6,95.01013969226085
44,2024-05-04,1,2024-05-11,wk inc flu hosp,quantile,0.6,4.958126519679955
45,2024-05-04,1,2024-05-11,wk inc flu hosp,quantile,0.6,22.25993659721148
46,2024-05-04,1,2024-05-11,wk inc flu hosp,quantile,0.6,14.570277607455385
47,2024-05-04,1,2024-05-11,wk inc flu hosp,quantile,0.6,41.66944496800339
48,2024-05-04,1,2024-05-11,wk inc flu hosp,quantile,0.6,153.423575813197
49,2024-05-04,1,2024-05-11,wk inc flu hosp,quantile,0.6,14.674846182983387
50,2024-05-04,1,2024-05-11,wk inc flu hosp,quantile,0.6,4.360970557060555
51,2024-05-04,1,2024-05-11,wk inc flu hosp,quantile,0.6,46.50445897523423
53,2024-05-04,1,2024-05-11,wk inc flu hosp,quantile,0.6,45.12862552884797
54,2024-05-04,1,2024-05-11,wk inc flu hosp,quantile,0.6,38.602974631347145
55,2024-05-04,1,2024-05-11,wk inc flu hosp,quantile,0.6,21.97663251445401
56,2024-05-04,1,2024-05-11,wk inc flu hosp,quantile,0.6,5.6759705348675915
72,2024-05-04,1,2024-05-11,wk inc flu hosp,quantile,0.6,48.70197031609387
US,2024-05-04,1,2024-05-11,wk inc flu hosp,quantile,0.6,2044.2031433006264
01,2024-05-04,2,2024-05-18,wk inc flu hosp,quantile,0.6,18.388737011002235
02,2024-05-04,2,2024-05-18,wk inc flu hosp,quantile,0.6,1.4187497380669492
04,2024-05-04,2,2024-05-18,wk inc flu hosp,quantile,0.6,164.35006315698303
05,2024-05-04,2,2024-05-18,wk inc flu hosp,quantile,0.6,113.36392654756432
06,2024-05-04,2,2024-05-18,wk inc flu hosp,quantile,0.6,129.57853544598845
08,2024-05-04,2,2024-05-18,wk inc flu hosp,quantile,0.6,5.603578225975988
09,2024-05-04,2,2024-05-18,wk inc flu hosp,quantile,0.6,87.89404533593628
10,2024-05-04,2,2024-05-18,wk inc flu hosp,quantile,0.6,0.0
11,2024-05-04,2,2024-05-18,wk inc flu hosp,quantile,0.6,4.102632664653769
12,2024-05-04,2,2024-05-18,wk inc flu hosp,quantile,0.6,261.017999968194
13,2024-05-04,2,2024-05-18,wk inc flu hosp,quantile,0.6,18.03690058240284
15,2024-05-04,2,2024-05-18,wk inc flu hosp,quantile,0.6,24.48503520785179
16,2024-05-04,2,2024-05-18,wk inc flu hosp,quantile,0.6,27.031072713307026
17,2024-05-04,2,2024-05-18,wk inc flu hosp,quantile,0.6,40.210804981333176
18,2024-05-04,2,2024-05-18,wk inc flu hosp,quantile,0.6,20.6846434095453
19,2024-05-04,2,2024-05-18,wk inc flu hosp,quantile,0.6,9.084477571561175
20,2024-05-04,2,2024-05-18,wk inc flu hosp,quantile,0.6,20.66194476748893
21,2024-05-04,2,2024-05-18,wk inc flu hosp,quantile,0.6,5.1061996025393
22,2024-05-04,2,2024-05-18,wk inc flu hosp,quantile,0.6,7.390147249074108
23,2024-05-04,2,2024-05-18,wk inc flu hosp,quantile,0.6,15.378624756655393
24,2024-05-04,2,2024-05-18,wk inc flu hosp,quantile,0.6,4.55524123523197
25,2024-05-04,2,2024-05-18,wk inc flu hosp,quantile,0.6,33.70480535626386
26,2024-05-04,2,2024-05-18,wk inc flu hosp,quantile,0.6,57.42814414424104
27,2024-05-04,2,2024-05-18,wk inc flu hosp,quantile,0.6,17.027762149742024
28,2024-05-04,2,2024-05-18,wk inc flu hosp,quantile,0.6,16.709627803520974
29,2024-05-04,2,2024-05-18,wk inc flu hosp,quantile,0.6,27.897759968692384
30,2024-05-04,2,2024-05-18,wk inc flu hosp,quantile,0.6,0.0
31,2024-05-04,2,2024-05-18,wk inc flu hosp,quantile,0.6,8.118826818904825
32,2024-05-04,2,2024-05-18,wk inc flu hosp,quantile,0.6,23.254113069086326
33,2024-05-04,2,2024-05-18,wk inc flu hosp,quantile,0.6,0.7352933962498981
34,2024-05-04,2,2024-05-18,wk inc flu hosp,quantile,0.6,65.72842417924117
35,2024-05-04,2,2024-05-18,wk inc flu hosp,quantile,0.6,36.4312639327348
36,2024-05-04,2,2024-05-18,wk inc flu hosp,quantile,0.6,71.78575550352988
37,2024-05-04,2,2024-05-18,wk inc flu hosp,quantile,0.6,0.0
38,2024-05-04,2,2024-05-18,wk inc flu hosp,quantile,0.6,2.7222409946128745
39,2024-05-04,2,2024-05-18,wk inc flu hosp,quantile,0.6,31.748434115769626
40,2024-05-04,2,2024-05-18,wk inc flu hosp,quantile,0.6,42.67063322082639
41,2024-05-04,2,2024-05-18,wk inc flu hosp,quantile,0.6,42.645037418530954
42,2024-05-04,2,2024-05-18,wk inc flu hosp,quantile,0.6,73.61565188958866
44,2024-05-04,2,2024-05-18,wk inc flu hosp,quantile,0.6,3.483949287168904
45,2024-05-04,2,2024-05-18,wk inc flu hosp,quantile,0.6,15.735367109785306
46,2024-05-04,2,2024-05-18,wk inc flu hosp,quantile,0.6,14.604548960895574
47,2024-05-04,2,2024-05-18,wk inc flu hosp,quantile,0.6,34.02513813321609
48,2024-05-04,2,2024-05-18,wk inc flu hosp,quantile,0.6,143.03902575104559
49,2024-05-04,2,2024-05-18,wk inc flu hosp,quantile,0.6,17.309361436331738
50,2024-05-04,2,2024-05-18,wk inc flu hosp,quantile,0.6,3.2420548518118517
51,2024-05-04,2,2024-05-18,wk inc flu hosp,quantile,0.6,35.780933489070904
53,2024-05-04,2,2024-05-18,wk inc flu hosp,quantile,0.6,49.45907867647787
54,2024-05-04,2,2024-05-18,wk inc flu hosp,quantile,0.6,35.339820177862805
55,2024-05-04,2,2024-05-18,wk inc flu hosp,quantile,0.6,12.914625700869822
56,2024-05-04,2,2024-05-18,wk inc flu hosp,quantile,0.6,6.820938257277754
72,2024-05-04,2,2024-05-18,wk inc flu hosp,quantile,0.6,54.07116227061256
US,2024-05-04,2,2024-05-18,wk inc flu hosp,quantile,0.6,1614.5909286155038
01,2024-05-04,3,2024-05-25,wk inc flu hosp,quantile,0.6,17.63597741584148
02,2024-05-04,3,2024-05-25,wk inc flu hosp,quantile,0.6,0.7648494217662936
04,2024-05-04,3,2024-05-25,wk inc flu hosp,quantile,0.6,175.59064394679905
05,2024-05-04,3,2024-05-25,wk inc flu hosp,quantile,0.6,112.93871937173552
06,2024-05-04,3,2024-05-25,wk inc flu hosp,quantile,0.6,108.3560222080281
08,2024-05-04,3,2024-05-25,wk inc flu hosp,quantile,0.6,1.3302061031230292
09,2024-05-04,3,2024-05-25,wk inc flu hosp,quantile,0.6,85.7499775171507
10,2024-05-04,3,2024-05-25,wk inc flu hosp,quantile,0.6,0.0
11,2024-05-04,3,2024-05-25,wk inc flu hosp,quantile,0.6,3.0943087264320512
12,2024-05-04,3,2024-05-25,wk inc flu hosp,quantile,0.6,245.72257723384413
13,2024-05-04,3,2024-05-25,wk inc flu hosp,quantile,0.6,13.156665199493798
15,2024-05-04,3,2024-05-25,wk inc flu hosp,quantile,0.6,25.240586234449566
16,2024-05-04,3,2024-05-25,wk inc flu hosp,quantile,0.6,25.652600404612468
17,2024-05-04,3,2024-05-25,wk inc flu hosp,quantile,0.6,26.961791439846643
18,2024-05-04,3,2024-05-25,wk inc flu hosp,quantile,0.6,14.125694325506919
19,2024-05-04,3,2024-05-25,wk inc flu hosp,quantile,0.6,5.0367016355428555
20,2024-05-04,3,2024-05-25,wk inc flu hosp,quantile,0.6,15.918582727256371
21,2024-05-04,3,2024-05-25,wk inc flu hosp,quantile,0.6,0.6096666397659226
22,2024-05-04,3,2024-05-25,wk inc flu hosp,quantile,0.6,4.111300678522096
23,2024-05-04,3,2024-05-25,wk inc flu hosp,quantile,0.6,14.502621084029016
24,2024-05-04,3,2024-05-25,wk inc flu hosp,quantile,0.6,0.13150038498232372
25,2024-05-04,3,2024-05-25,wk inc flu hosp,quantile,0.6,23.467271233365327
26,2024-05-04,3,2024-05-25,wk inc flu hosp,quantile,0.6,41.973492104550516
27,2024-05-04,3,2024-05-25,wk inc flu hosp,quantile,0.6,12.145425906451672
28,2024-05-04,3,2024-05-25,wk inc flu hosp,quantile,0.6,14.483969215359277
29,2024-05-04,3,2024-05-25,wk inc flu hosp,quantile,0.6,21.08315500848124
30,2024-05-04,3,2024-05-25,wk inc flu hosp,quantile,0.6,0.0
31,2024-05-04,3,2024-05-25,wk inc flu hosp,quantile,0.6,5.691283304487662
32,2024-05-04,3,2024-05-25,wk inc flu hosp,quantile,0.6,21.48403807157767
33,2024-05-04,3,2024-05-25,wk inc flu hosp,quantile,0.6,0.0
34,2024-05-04,3,2024-05-25,wk inc flu hosp,quantile,0.6,52.14056710137867
35,2024-05-04,3,2024-05-25,wk inc flu hosp,quantile,0.6,36.24986790881141
36,2024-05-04,3,2024-05-25,wk inc flu hosp,quantile,0.6,48.733491282200426
37,2024-05-04,3,2024-05-25,wk inc flu hosp,quantile,0.6,0.0
38,2024-05-04,3,2024-05-25,wk inc flu hosp,quantile,0.6,1.667791737290262
39,2024-05-04,3,2024-05-25,wk inc flu hosp,quantile,0.6,19.067812002910546
40,2024-05-04,3,2024-05-25,wk inc flu hosp,quantile,0.6,43.71081468219391
41,2024-05-04,3,2024-05-25,wk inc flu hosp,quantile,0.6,39.66287391191301
42,2024-05-04,3,2024-05-25,wk inc flu hosp,quantile,0.6,59.536723161437344
44,2024-05-04,3,2024-05-25,wk inc flu hosp,quantile,0.6,2.320906265283021
45,2024-05-04,3,2024-05-25,wk inc flu hosp,quantile,0.6,10.838837844892494
46,2024-05-04,3,2024-05-25,wk inc flu hosp,quantile,0.6,13.258858327051295
47,2024-05-04,3,2024-05-25,wk inc flu hosp,quantile,0.6,28.27315528118605
48,2024-05-04,3,2024-05-25,wk inc flu hosp,quantile,0.6,121.61482175651847
49,2024-05-04,3,2024-05-25,wk inc flu hosp,quantile,0.6,16.896515873685566
50,2024-05-04,3,2024-05-25,wk inc flu hosp,quantile,0.6,2.4704085576866315
51,2024-05-04,3,2024-05-25,wk inc flu hosp,quantile,0.6,29.204989750447677
53,2024-05-04,3,2024-05-25,wk inc flu hosp,quantile,0.6,48.0438088109096
54,2024-05-04,3,2024-05-25,wk inc flu hosp,quantile,0.6,33.13843069891115
55,2024-05-04,3,2024-05-25,wk inc flu hosp,quantile,0.6,7.345749808605147
56,2024-05-04,3,2024-05-25,wk inc flu hosp,quantile,0.6,7.174895401016409
72,2024-05-04,3,2024-05-25,wk inc flu hosp,quantile,0.6,53.864956305840266
US,2024-05-04,3,2024-05-25,wk inc flu hosp,quantile,0.6,1251.0708951505592
01,2024-05-04,0,2024-05-04,wk inc flu hosp,quantile,0.65,18.20681771891339
02,2024-05-04,0,2024-05-04,wk inc flu hosp,quantile,0.65,2.9382353885191446
04,2024-05-04,0,2024-05-04,wk inc flu hosp,quantile,0.65,129.31896393998238
05,2024-05-04,0,2024-05-04,wk inc flu hosp,quantile,0.65,101.31034876389631
06,2024-05-04,0,2024-05-04,wk inc flu hosp,quantile,0.65,159.82370988672534
08,2024-05-04,0,2024-05-04,wk inc flu hosp,quantile,0.65,20.502740085898658
09,2024-05-04,0,2024-05-04,wk inc flu hosp,quantile,0.65,77.4047419039079
10,2024-05-04,0,2024-05-04,wk inc flu hosp,quantile,0.65,1.3856031635972064
11,2024-05-04,0,2024-05-04,wk inc flu hosp,quantile,0.65,7.310531894326842
12,2024-05-04,0,2024-05-04,wk inc flu hosp,quantile,0.65,281.9284493878123
13,2024-05-04,0,2024-05-04,wk inc flu hosp,quantile,0.65,30.375472936488627
15,2024-05-04,0,2024-05-04,wk inc flu hosp,quantile,0.65,19.934357709774623
16,2024-05-04,0,2024-05-04,wk inc flu hosp,quantile,0.65,24.56539830207644
17,2024-05-04,0,2024-05-04,wk inc flu hosp,quantile,0.65,81.13711766279705
18,2024-05-04,0,2024-05-04,wk inc flu hosp,quantile,0.65,40.83764944837445
19,2024-05-04,0,2024-05-04,wk inc flu hosp,quantile,0.65,20.190916077131256
20,2024-05-04,0,2024-05-04,wk inc flu hosp,quantile,0.65,26.64580094802595
21,2024-05-04,0,2024-05-04,wk inc flu hosp,quantile,0.65,20.145757162211105
22,2024-05-04,0,2024-05-04,wk inc flu hosp,quantile,0.65,16.406238453258624
23,2024-05-04,0,2024-05-04,wk inc flu hosp,quantile,0.65,16.041432620855446
24,2024-05-04,0,2024-05-04,wk inc flu hosp,quantile,0.65,17.698577367815176
25,2024-05-04,0,2024-05-04,wk inc flu hosp,quantile,0.65,65.49739466136825
26,2024-05-04,0,2024-05-04,wk inc flu hosp,quantile,0.65,111.12511625617951
27,2024-05-04,0,2024-05-04,wk inc flu hosp,quantile,0.65,35.02607073917474
28,2024-05-04,0,2024-05-04,wk inc flu hosp,quantile,0.65,22.50000947292213
29,2024-05-04,0,2024-05-04,wk inc flu hosp,quantile,0.65,52.70327890361453
30,2024-05-04,0,2024-05-04,wk inc flu hosp,quantile,0.65,2.422831986539744
31,2024-05-04,0,2024-05-04,wk inc flu hosp,quantile,0.65,15.534968765020848
32,2024-05-04,0,2024-05-04,wk inc flu hosp,quantile,0.65,23.040946885701576
33,2024-05-04,0,2024-05-04,wk inc flu hosp,quantile,0.65,3.7800378185835597
34,2024-05-04,0,2024-05-04,wk inc flu hosp,quantile,0.65,90.6283132797445
35,2024-05-04,0,2024-05-04,wk inc flu hosp,quantile,0.65,30.98670301148566
36,2024-05-04,0,2024-05-04,wk inc flu hosp,quantile,0.65,141.76248557736437
37,2024-05-04,0,2024-05-04,wk inc flu hosp,quantile,0.65,10.430253093092682
38,2024-05-04,0,2024-05-04,wk inc flu hosp,quantile,0.65,6.098260656002941
39,2024-05-04,0,2024-05-04,wk inc flu hosp,quantile,0.65,67.77554127800529
40,2024-05-04,0,2024-05-04,wk inc flu hosp,quantile,0.65,40.26512583603513
41,2024-05-04,0,2024-05-04,wk inc flu hosp,quantile,0.65,41.9729925918218
42,2024-05-04,0,2024-05-04,wk inc flu hosp,quantile,0.65,113.60507668018357
44,2024-05-04,0,2024-05-04,wk inc flu hosp,quantile,0.65,6.664281280935383
45,2024-05-04,0,2024-05-04,wk inc flu hosp,quantile,0.65,29.518664140848877
46,2024-05-04,0,2024-05-04,wk inc flu hosp,quantile,0.65,15.496836900564306
47,2024-05-04,0,2024-05-04,wk inc flu hosp,quantile,0.65,48.37956068352425
48,2024-05-04,0,2024-05-04,wk inc flu hosp,quantile,0.65,166.0566147288704
49,2024-05-04,0,2024-05-04,wk inc flu hosp,quantile,0.65,11.967605492694823
50,2024-05-04,0,2024-05-04,wk inc flu hosp,quantile,0.65,5.64547374458228
51,2024-05-04,0,2024-05-04,wk inc flu hosp,quantile,0.65,57.02562882640452
53,2024-05-04,0,2024-05-04,wk inc flu hosp,quantile,0.65,44.901183744493316
54,2024-05-04,0,2024-05-04,wk inc flu hosp,quantile,0.65,39.84974686470664
55,2024-05-04,0,2024-05-04,wk inc flu hosp,quantile,0.65,33.00713005457867
56,2024-05-04,0,2024-05-04,wk inc flu hosp,quantile,0.65,5.61113335962277
72,2024-05-04,0,2024-05-04,wk inc flu hosp,quantile,0.65,49.85071368444344
US,2024-05-04,0,2024-05-04,wk inc flu hosp,quantile,0.65,2438.924922064051
01,2024-05-04,1,2024-05-11,wk inc flu hosp,quantile,0.65,17.868139110655935
02,2024-05-04,1,2024-05-11,wk inc flu hosp,quantile,0.65,2.2249700255042044
04,2024-05-04,1,2024-05-11,wk inc flu hosp,quantile,0.65,144.1497061391676
05,2024-05-04,1,2024-05-11,wk inc flu hosp,quantile,0.65,123.72336339654505
06,2024-05-04,1,2024-05-11,wk inc flu hosp,quantile,0.65,149.52791892598114
08,2024-05-04,1,2024-05-11,wk inc flu hosp,quantile,0.65,13.982050195582511
09,2024-05-04,1,2024-05-11,wk inc flu hosp,quantile,0.65,87.8677278676313
10,2024-05-04,1,2024-05-11,wk inc flu hosp,quantile,0.65,0.498885886656737
11,2024-05-04,1,2024-05-11,wk inc flu hosp,quantile,0.65,6.387590460572186
12,2024-05-04,1,2024-05-11,wk inc flu hosp,quantile,0.65,267.4227859371318
13,2024-05-04,1,2024-05-11,wk inc flu hosp,quantile,0.65,26.33748177081523
15,2024-05-04,1,2024-05-11,wk inc flu hosp,quantile,0.65,23.583839020118905
16,2024-05-04,1,2024-05-11,wk inc flu hosp,quantile,0.65,29.732712068279536
17,2024-05-04,1,2024-05-11,wk inc flu hosp,quantile,0.65,68.75883737838357
18,2024-05-04,1,2024-05-11,wk inc flu hosp,quantile,0.65,31.31370015198689
19,2024-05-04,1,2024-05-11,wk inc flu hosp,quantile,0.65,16.74462932167814
20,2024-05-04,1,2024-05-11,wk inc flu hosp,quantile,0.65,24.510967322666165
21,2024-05-04,1,2024-05-11,wk inc flu hosp,quantile,0.65,13.80148659000365
22,2024-05-04,1,2024-05-11,wk inc flu hosp,quantile,0.65,12.031647052333527
23,2024-05-04,1,2024-05-11,wk inc flu hosp,quantile,0.65,16.1846295809341
24,2024-05-04,1,2024-05-11,wk inc flu hosp,quantile,0.65,12.191267861914008
25,2024-05-04,1,2024-05-11,wk inc flu hosp,quantile,0.65,56.131977632837675
26,2024-05-04,1,2024-05-11,wk inc flu hosp,quantile,0.65,86.3462753405002
27,2024-05-04,1,2024-05-11,wk inc flu hosp,quantile,0.65,26.28010241272917
28,2024-05-04,1,2024-05-11,wk inc flu hosp,quantile,0.65,19.553661969591943
29,2024-05-04,1,2024-05-11,wk inc flu hosp,quantile,0.65,41.33490084447189
30,2024-05-04,1,2024-05-11,wk inc flu hosp,quantile,0.65,1.207250583187735
31,2024-05-04,1,2024-05-11,wk inc flu hosp,quantile,0.65,13.183300830656847
32,2024-05-04,1,2024-05-11,wk inc flu hosp,quantile,0.65,23.133378241957733
33,2024-05-04,1,2024-05-11,wk inc flu hosp,quantile,0.65,2.6212249683205884
34,2024-05-04,1,2024-05-11,wk inc flu hosp,quantile,0.65,77.03372459055373
35,2024-05-04,1,2024-05-11,wk inc flu hosp,quantile,0.65,38.305146159679765
36,2024-05-04,1,2024-05-11,wk inc flu hosp,quantile,0.65,120.79543153422576
37,2024-05-04,1,2024-05-11,wk inc flu hosp,quantile,0.65,3.361502329394235
38,2024-05-04,1,2024-05-11,wk inc flu hosp,quantile,0.65,4.623016478438626
39,2024-05-04,1,2024-05-11,wk inc flu hosp,quantile,0.65,52.14312346215627
40,2024-05-04,1,2024-05-11,wk inc flu hosp,quantile,0.65,40.62958865216718
41,2024-05-04,1,2024-05-11,wk inc flu hosp,quantile,0.65,45.30713589136516
42,2024-05-04,1,2024-05-11,wk inc flu hosp,quantile,0.65,96.23758625882287
44,2024-05-04,1,2024-05-11,wk inc flu hosp,quantile,0.65,5.760873897135137
45,2024-05-04,1,2024-05-11,wk inc flu hosp,quantile,0.65,25.579818828082303
46,2024-05-04,1,2024-05-11,wk inc flu hosp,quantile,0.65,15.75343370478945
47,2024-05-04,1,2024-05-11,wk inc flu hosp,quantile,0.65,42.13165425312671
48,2024-05-04,1,2024-05-11,wk inc flu hosp,quantile,0.65,155.05108309044914
49,2024-05-04,1,2024-05-11,wk inc flu hosp,quantile,0.65,18.306776033711657
50,2024-05-04,1,2024-05-11,wk inc flu hosp,quantile,0.65,4.872104182328637
51,2024-05-04,1,2024-05-11,wk inc flu hosp,quantile,0.65,46.97808468392189
53,2024-05-04,1,2024-05-11,wk inc flu hosp,quantile,0.65,47.10461863754143
54,2024-05-04,1,2024-05-11,wk inc flu hosp,quantile,0.65,44.44388841911337
55,2024-05-04,1,2024-05-11,wk inc flu hosp,quantile,0.65,23.16331884125398
56,2024-05-04,1,2024-05-11,wk inc flu hosp,quantile,0.65,6.41104476328584
72,2024-05-04,1,2024-05-11,wk inc flu hosp,quantile,0.65,52.07208838076287
US,2024-05-04,1,2024-05-11,wk inc flu hosp,quantile,0.65,2049.836458754148
01,2024-05-04,2,2024-05-18,wk inc flu hosp,quantile,0.65,18.97430591338036
02,2024-05-04,2,2024-05-18,wk inc flu hosp,quantile,0.65,1.4513532707527046
04,2024-05-04,2,2024-05-18,wk inc flu hosp,quantile,0.65,176.99493403117881
05,2024-05-04,2,2024-05-18,wk inc flu hosp,quantile,0.65,125.25584360221933
06,2024-05-04,2,2024-05-18,wk inc flu hosp,quantile,0.65,142.2859363354067
08,2024-05-04,2,2024-05-18,wk inc flu hosp,quantile,0.65,8.315400447605102
09,2024-05-04,2,2024-05-18,wk inc flu hosp,quantile,0.65,94.54547772941307
10,2024-05-04,2,2024-05-18,wk inc flu hosp,quantile,0.65,0.0
11,2024-05-04,2,2024-05-18,wk inc flu hosp,quantile,0.65,4.89390066294832
12,2024-05-04,2,2024-05-18,wk inc flu hosp,quantile,0.65,262.57015108989305
13,2024-05-04,2,2024-05-18,wk inc flu hosp,quantile,0.65,20.06754207682078
15,2024-05-04,2,2024-05-18,wk inc flu hosp,quantile,0.65,27.76355308408537
16,2024-05-04,2,2024-05-18,wk inc flu hosp,quantile,0.65,35.14650750829705
17,2024-05-04,2,2024-05-18,wk inc flu hosp,quantile,0.65,50.343171880614356
18,2024-05-04,2,2024-05-18,wk inc flu hosp,quantile,0.65,21.533678639188967
19,2024-05-04,2,2024-05-18,wk inc flu hosp,quantile,0.65,11.518033803636124
20,2024-05-04,2,2024-05-18,wk inc flu hosp,quantile,0.65,21.864752298815112
21,2024-05-04,2,2024-05-18,wk inc flu hosp,quantile,0.65,8.178692406896262
22,2024-05-04,2,2024-05-18,wk inc flu hosp,quantile,0.65,7.512127097290553
23,2024-05-04,2,2024-05-18,wk inc flu hosp,quantile,0.65,15.66548073529398
24,2024-05-04,2,2024-05-18,wk inc flu hosp,quantile,0.65,5.127075004385219
25,2024-05-04,2,2024-05-18,wk inc flu hosp,quantile,0.65,41.35035221469071
26,2024-05-04,2,2024-05-18,wk inc flu hosp,quantile,0.65,61.786188262607325
27,2024-05-04,2,2024-05-18,wk inc flu hosp,quantile,0.65,18.021477844696793
28,2024-05-04,2,2024-05-18,wk inc flu hosp,quantile,0.65,17.37105527708415
29,2024-05-04,2,2024-05-18,wk inc flu hosp,quantile,0.65,29.55549648501032
30,2024-05-04,2,2024-05-18,wk inc flu hosp,quantile,0.65,0.32942172951529813
31,2024-05-04,2,2024-05-18,wk inc flu hosp,quantile,0.65,9.960452199672815
32,2024-05-04,2,2024-05-18,wk inc flu hosp,quantile,0.65,23.635764050052504
33,2024-05-04,2,2024-05-18,wk inc flu hosp,quantile,0.65,1.3951992227197108
34,2024-05-04,2,2024-05-18,wk inc flu hosp,quantile,0.65,69.30596212465547
35,2024-05-04,2,2024-05-18,wk inc flu hosp,quantile,0.65,40.88596132989957
36,2024-05-04,2,2024-05-18,wk inc flu hosp,quantile,0.65,87.82916893820234
37,2024-05-04,2,2024-05-18,wk inc flu hosp,quantile,0.65,0.0
38,2024-05-04,2,2024-05-18,wk inc flu hosp,quantile,0.65,3.3934591756027426
39,2024-05-04,2,2024-05-18,wk inc flu hosp,quantile,0.65,33.31691716798767
40,2024-05-04,2,2024-05-18,wk inc flu hosp,quantile,0.65,42.7144899373782
41,2024-05-04,2,2024-05-18,wk inc flu hosp,quantile,0.65,46.203797359280564
42,2024-05-04,2,2024-05-18,wk inc flu hosp,quantile,0.65,75.64392696662215
44,2024-05-04,2,2024-05-18,wk inc flu hosp,quantile,0.65,4.282698551019102
45,2024-05-04,2,2024-05-18,wk inc flu hosp,quantile,0.65,19.037342239264458
46,2024-05-04,2,2024-05-18,wk inc flu hosp,quantile,0.65,15.111854076382462
47,2024-05-04,2,2024-05-18,wk inc flu hosp,quantile,0.65,36.06091839493546
48,2024-05-04,2,2024-05-18,wk inc flu hosp,quantile,0.65,145.55408619450185
49,2024-05-04,2,2024-05-18,wk inc flu hosp,quantile,0.65,21.297364120375388
50,2024-05-04,2,2024-05-18,wk inc flu hosp,quantile,0.65,3.825363815526467
51,2024-05-04,2,2024-05-18,wk inc flu hosp,quantile,0.65,36.01575838613862
53,2024-05-04,2,2024-05-18,wk inc flu hosp,quantile,0.65,51.42496480233413
54,2024-05-04,2,2024-05-18,wk inc flu hosp,quantile,0.65,42.32859537593742
55,2024-05-04,2,2024-05-18,wk inc flu hosp,quantile,0.65,14.327376126880083
56,2024-05-04,2,2024-05-18,wk inc flu hosp,quantile,0.65,7.0397868808084905
72,2024-05-04,2,2024-05-18,wk inc flu hosp,quantile,0.65,55.64097758002028
US,2024-05-04,2,2024-05-18,wk inc flu hosp,quantile,0.65,1718.0463098291916
01,2024-05-04,3,2024-05-25,wk inc flu hosp,quantile,0.65,17.84128291550865
02,2024-05-04,3,2024-05-25,wk inc flu hosp,quantile,0.65,0.8042674287828083
04,2024-05-04,3,2024-05-25,wk inc flu hosp,quantile,0.65,193.9617421232942
05,2024-05-04,3,2024-05-25,wk inc flu hosp,quantile,0.65,129.51747822077948
06,2024-05-04,3,2024-05-25,wk inc flu hosp,quantile,0.65,119.73089214232273
08,2024-05-04,3,2024-05-25,wk inc flu hosp,quantile,0.65,3.3089532450615735
09,2024-05-04,3,2024-05-25,wk inc flu hosp,quantile,0.65,99.76381850907283
10,2024-05-04,3,2024-05-25,wk inc flu hosp,quantile,0.65,0.0
11,2024-05-04,3,2024-05-25,wk inc flu hosp,quantile,0.65,3.910072418115284
12,2024-05-04,3,2024-05-25,wk inc flu hosp,quantile,0.65,246.84887126250945
13,2024-05-04,3,2024-05-25,wk inc flu hosp,quantile,0.65,14.80937411661537
15,2024-05-04,3,2024-05-25,wk inc flu hosp,quantile,0.65,29.25818271129242
16,2024-05-04,3,2024-05-25,wk inc flu hosp,quantile,0.65,34.13677487413756
17,2024-05-04,3,2024-05-25,wk inc flu hosp,quantile,0.65,36.44685953185267
18,2024-05-04,3,2024-05-25,wk inc flu hosp,quantile,0.65,16.2490947514942
19,2024-05-04,3,2024-05-25,wk inc flu hosp,quantile,0.65,7.820540232978195
20,2024-05-04,3,2024-05-25,wk inc flu hosp,quantile,0.65,16.711838188137303
21,2024-05-04,3,2024-05-25,wk inc flu hosp,quantile,0.65,3.4739009741135685
22,2024-05-04,3,2024-05-25,wk inc flu hosp,quantile,0.65,4.995815808378464
23,2024-05-04,3,2024-05-25,wk inc flu hosp,quantile,0.65,14.650063487754583
24,2024-05-04,3,2024-05-25,wk inc flu hosp,quantile,0.65,1.4460981805857263
25,2024-05-04,3,2024-05-25,wk inc flu hosp,quantile,0.65,31.418902890266008
26,2024-05-04,3,2024-05-25,wk inc flu hosp,quantile,0.65,47.776490404907456
27,2024-05-04,3,2024-05-25,wk inc flu hosp,quantile,0.65,13.083873726162624
28,2024-05-04,3,2024-05-25,wk inc flu hosp,quantile,0.65,15.312789474748941
29,2024-05-04,3,2024-05-25,wk inc flu hosp,quantile,0.65,22.94886603911557
30,2024-05-04,3,2024-05-25,wk inc flu hosp,quantile,0.65,0.0
31,2024-05-04,3,2024-05-25,wk inc flu hosp,quantile,0.65,7.719169877181686
32,2024-05-04,3,2024-05-25,wk inc flu hosp,quantile,0.65,22.92079388485589
33,2024-05-04,3,2024-05-25,wk inc flu hosp,quantile,0.65,0.33878573286376173
34,2024-05-04,3,2024-05-25,wk inc flu hosp,quantile,0.65,58.32621232992878
35,2024-05-04,3,2024-05-25,wk inc flu hosp,quantile,0.65,42.94521370047954
36,2024-05-04,3,2024-05-25,wk inc flu hosp,quantile,0.65,63.192528157284436
37,2024-05-04,3,2024-05-25,wk inc flu hosp,quantile,0.65,0.0
38,2024-05-04,3,2024-05-25,wk inc flu hosp,quantile,0.65,2.2545292659947833
39,2024-05-04,3,2024-05-25,wk inc flu hosp,quantile,0.65,23.194706656792327
40,2024-05-04,3,2024-05-25,wk inc flu hosp,quantile,0.65,43.76344140355861
41,2024-05-04,3,2024-05-25,wk inc flu hosp,quantile,0.65,43.67010255254241
42,2024-05-04,3,2024-05-25,wk inc flu hosp,quantile,0.65,63.67041273167386
44,2024-05-04,3,2024-05-25,wk inc flu hosp,quantile,0.65,3.160646157981883
45,2024-05-04,3,2024-05-25,wk inc flu hosp,quantile,0.65,14.578212023896922
46,2024-05-04,3,2024-05-25,wk inc flu hosp,quantile,0.65,13.664089128177594
47,2024-05-04,3,2024-05-25,wk inc flu hosp,quantile,0.65,30.392060067531325
48,2024-05-04,3,2024-05-25,wk inc flu hosp,quantile,0.65,121.97657349720737
49,2024-05-04,3,2024-05-25,wk inc flu hosp,quantile,0.65,21.660698333600443
50,2024-05-04,3,2024-05-25,wk inc flu hosp,quantile,0.65,3.036214919648507
51,2024-05-04,3,2024-05-25,wk inc flu hosp,quantile,0.65,29.33868578797845
53,2024-05-04,3,2024-05-25,wk inc flu hosp,quantile,0.65,52.48663703966916
54,2024-05-04,3,2024-05-25,wk inc flu hosp,quantile,0.65,41.01822354298647
55,2024-05-04,3,2024-05-25,wk inc flu hosp,quantile,0.65,8.820807018314975
56,2024-05-04,3,2024-05-25,wk inc flu hosp,quantile,0.65,7.572738035001762
72,2024-05-04,3,2024-05-25,wk inc flu hosp,quantile,0.65,56.89585595373599
US,2024-05-04,3,2024-05-25,wk inc flu hosp,quantile,0.65,1458.6867068190077
01,2024-05-04,0,2024-05-04,wk inc flu hosp,quantile,0.7,18.64352316336736
02,2024-05-04,0,2024-05-04,wk inc flu hosp,quantile,0.7,2.9705491860171716
04,2024-05-04,0,2024-05-04,wk inc flu hosp,quantile,0.7,135.00403940583348
05,2024-05-04,0,2024-05-04,wk inc flu hosp,quantile,0.7,107.0344586967813
06,2024-05-04,0,2024-05-04,wk inc flu hosp,quantile,0.7,167.7447384880147
08,2024-05-04,0,2024-05-04,wk inc flu hosp,quantile,0.7,21.927730829651786
09,2024-05-04,0,2024-05-04,wk inc flu hosp,quantile,0.7,80.4694725819452
10,2024-05-04,0,2024-05-04,wk inc flu hosp,quantile,0.7,1.4914689155654592
11,2024-05-04,0,2024-05-04,wk inc flu hosp,quantile,0.7,8.006721934786539
12,2024-05-04,0,2024-05-04,wk inc flu hosp,quantile,0.7,282.04893502672775
13,2024-05-04,0,2024-05-04,wk inc flu hosp,quantile,0.7,31.301159509116257
15,2024-05-04,0,2024-05-04,wk inc flu hosp,quantile,0.7,20.677416653046023
16,2024-05-04,0,2024-05-04,wk inc flu hosp,quantile,0.7,24.92739296674165
17,2024-05-04,0,2024-05-04,wk inc flu hosp,quantile,0.7,88.12236845047865
18,2024-05-04,0,2024-05-04,wk inc flu hosp,quantile,0.7,41.824103425246484
19,2024-05-04,0,2024-05-04,wk inc flu hosp,quantile,0.7,22.29193940627101
20,2024-05-04,0,2024-05-04,wk inc flu hosp,quantile,0.7,27.07380278564353
21,2024-05-04,0,2024-05-04,wk inc flu hosp,quantile,0.7,21.287763166169402
22,2024-05-04,0,2024-05-04,wk inc flu hosp,quantile,0.7,17.98355615810534
23,2024-05-04,0,2024-05-04,wk inc flu hosp,quantile,0.7,16.52151384054041
24,2024-05-04,0,2024-05-04,wk inc flu hosp,quantile,0.7,18.373787797430865
25,2024-05-04,0,2024-05-04,wk inc flu hosp,quantile,0.7,71.48945729533304
26,2024-05-04,0,2024-05-04,wk inc flu hosp,quantile,0.7,114.45781223757801
27,2024-05-04,0,2024-05-04,wk inc flu hosp,quantile,0.7,35.64569767581201
28,2024-05-04,0,2024-05-04,wk inc flu hosp,quantile,0.7,22.724822505694302
29,2024-05-04,0,2024-05-04,wk inc flu hosp,quantile,0.7,54.719845905006395
30,2024-05-04,0,2024-05-04,wk inc flu hosp,quantile,0.7,2.944977528090343
31,2024-05-04,0,2024-05-04,wk inc flu hosp,quantile,0.7,17.052481050798416
32,2024-05-04,0,2024-05-04,wk inc flu hosp,quantile,0.7,23.332282075654167
33,2024-05-04,0,2024-05-04,wk inc flu hosp,quantile,0.7,4.272422630256337
34,2024-05-04,0,2024-05-04,wk inc flu hosp,quantile,0.7,91.62358251000386
35,2024-05-04,0,2024-05-04,wk inc flu hosp,quantile,0.7,32.8686215137528
36,2024-05-04,0,2024-05-04,wk inc flu hosp,quantile,0.7,154.76832151285396
37,2024-05-04,0,2024-05-04,wk inc flu hosp,quantile,0.7,11.49867993401522
38,2024-05-04,0,2024-05-04,wk inc flu hosp,quantile,0.7,6.4445582715297585
39,2024-05-04,0,2024-05-04,wk inc flu hosp,quantile,0.7,70.09770485048061
40,2024-05-04,0,2024-05-04,wk inc flu hosp,quantile,0.7,40.589498079183066
41,2024-05-04,0,2024-05-04,wk inc flu hosp,quantile,0.7,44.6459738046909
42,2024-05-04,0,2024-05-04,wk inc flu hosp,quantile,0.7,117.39516506026685
44,2024-05-04,0,2024-05-04,wk inc flu hosp,quantile,0.7,7.2421613463296
45,2024-05-04,0,2024-05-04,wk inc flu hosp,quantile,0.7,33.730661010014
46,2024-05-04,0,2024-05-04,wk inc flu hosp,quantile,0.7,15.70948577396963
47,2024-05-04,0,2024-05-04,wk inc flu hosp,quantile,0.7,48.59686698508042
48,2024-05-04,0,2024-05-04,wk inc flu hosp,quantile,0.7,166.9847292832475
49,2024-05-04,0,2024-05-04,wk inc flu hosp,quantile,0.7,12.150764791220796
50,2024-05-04,0,2024-05-04,wk inc flu hosp,quantile,0.7,6.063650561718704
51,2024-05-04,0,2024-05-04,wk inc flu hosp,quantile,0.7,57.9597838322632
53,2024-05-04,0,2024-05-04,wk inc flu hosp,quantile,0.7,45.581228739307065
54,2024-05-04,0,2024-05-04,wk inc flu hosp,quantile,0.7,41.833517333781046
55,2024-05-04,0,2024-05-04,wk inc flu hosp,quantile,0.7,33.90924032142159
56,2024-05-04,0,2024-05-04,wk inc flu hosp,quantile,0.7,6.0417636039180795
72,2024-05-04,0,2024-05-04,wk inc flu hosp,quantile,0.7,50.119608206017354
US,2024-05-04,0,2024-05-04,wk inc flu hosp,quantile,0.7,2463.969286731936
01,2024-05-04,1,2024-05-11,wk inc flu hosp,quantile,0.7,18.186803035239866
02,2024-05-04,1,2024-05-11,wk inc flu hosp,quantile,0.7,2.259225429478806
04,2024-05-04,1,2024-05-11,wk inc flu hosp,quantile,0.7,156.10534674802463
05,2024-05-04,1,2024-05-11,wk inc flu hosp,quantile,0.7,123.7625067140388
06,2024-05-04,1,2024-05-11,wk inc flu hosp,quantile,0.7,159.6911928284215
08,2024-05-04,1,2024-05-11,wk inc flu hosp,quantile,0.7,16.280885906372436
09,2024-05-04,1,2024-05-11,wk inc flu hosp,quantile,0.7,91.57038078268113
10,2024-05-04,1,2024-05-11,wk inc flu hosp,quantile,0.7,0.7663694291137426
11,2024-05-04,1,2024-05-11,wk inc flu hosp,quantile,0.7,7.196624113891239
12,2024-05-04,1,2024-05-11,wk inc flu hosp,quantile,0.7,267.5786052860857
13,2024-05-04,1,2024-05-11,wk inc flu hosp,quantile,0.7,26.96421244846833
15,2024-05-04,1,2024-05-11,wk inc flu hosp,quantile,0.7,24.585291206223335
16,2024-05-04,1,2024-05-11,wk inc flu hosp,quantile,0.7,31.902419931225804
17,2024-05-04,1,2024-05-11,wk inc flu hosp,quantile,0.7,79.02116218656192
18,2024-05-04,1,2024-05-11,wk inc flu hosp,quantile,0.7,33.01166749907977
19,2024-05-04,1,2024-05-11,wk inc flu hosp,quantile,0.7,19.379137261794867
20,2024-05-04,1,2024-05-11,wk inc flu hosp,quantile,0.7,25.035722153235323
21,2024-05-04,1,2024-05-11,wk inc flu hosp,quantile,0.7,16.86839975894266
22,2024-05-04,1,2024-05-11,wk inc flu hosp,quantile,0.7,14.455268756763811
23,2024-05-04,1,2024-05-11,wk inc flu hosp,quantile,0.7,16.258507135074233
24,2024-05-04,1,2024-05-11,wk inc flu hosp,quantile,0.7,13.758446014930469
25,2024-05-04,1,2024-05-11,wk inc flu hosp,quantile,0.7,63.70977165616866
26,2024-05-04,1,2024-05-11,wk inc flu hosp,quantile,0.7,92.37571042143148
27,2024-05-04,1,2024-05-11,wk inc flu hosp,quantile,0.7,28.383338832370598
28,2024-05-04,1,2024-05-11,wk inc flu hosp,quantile,0.7,19.80528315093375
29,2024-05-04,1,2024-05-11,wk inc flu hosp,quantile,0.7,44.393931789772495
30,2024-05-04,1,2024-05-11,wk inc flu hosp,quantile,0.7,2.252411404532356
31,2024-05-04,1,2024-05-11,wk inc flu hosp,quantile,0.7,15.188702223409871
32,2024-05-04,1,2024-05-11,wk inc flu hosp,quantile,0.7,23.245137475429267
33,2024-05-04,1,2024-05-11,wk inc flu hosp,quantile,0.7,3.4735205312997945
34,2024-05-04,1,2024-05-11,wk inc flu hosp,quantile,0.7,79.98107679759228
35,2024-05-04,1,2024-05-11,wk inc flu hosp,quantile,0.7,40.76968045620068
36,2024-05-04,1,2024-05-11,wk inc flu hosp,quantile,0.7,135.10116262710915
37,2024-05-04,1,2024-05-11,wk inc flu hosp,quantile,0.7,4.991684880708053
38,2024-05-04,1,2024-05-11,wk inc flu hosp,quantile,0.7,5.298511951906438
39,2024-05-04,1,2024-05-11,wk inc flu hosp,quantile,0.7,57.46199986062438
40,2024-05-04,1,2024-05-11,wk inc flu hosp,quantile,0.7,41.72590365893916
41,2024-05-04,1,2024-05-11,wk inc flu hosp,quantile,0.7,48.19211234053593
42,2024-05-04,1,2024-05-11,wk inc flu hosp,quantile,0.7,98.47455633817923
44,2024-05-04,1,2024-05-11,wk inc flu hosp,quantile,0.7,6.444540239350286
45,2024-05-04,1,2024-05-11,wk inc flu hosp,quantile,0.7,31.454067168623194
46,2024-05-04,1,2024-05-11,wk inc flu hosp,quantile,0.7,15.777320483632936
47,2024-05-04,1,2024-05-11,wk inc flu hosp,quantile,0.7,42.21268914056753
48,2024-05-04,1,2024-05-11,wk inc flu hosp,quantile,0.7,156.37366638187743
49,2024-05-04,1,2024-05-11,wk inc flu hosp,quantile,0.7,19.179178342923365
50,2024-05-04,1,2024-05-11,wk inc flu hosp,quantile,0.7,5.634720839379376
51,2024-05-04,1,2024-05-11,wk inc flu hosp,quantile,0.7,47.87300770101347
53,2024-05-04,1,2024-05-11,wk inc flu hosp,quantile,0.7,47.46163497177118
54,2024-05-04,1,2024-05-11,wk inc flu hosp,quantile,0.7,46.454582067108944
55,2024-05-04,1,2024-05-11,wk inc flu hosp,quantile,0.7,25.958089589684604
56,2024-05-04,1,2024-05-11,wk inc flu hosp,quantile,0.7,6.429688470322925
72,2024-05-04,1,2024-05-11,wk inc flu hosp,quantile,0.7,52.46362277000655
US,2024-05-04,1,2024-05-11,wk inc flu hosp,quantile,0.7,2097.898887742738
01,2024-05-04,2,2024-05-18,wk inc flu hosp,quantile,0.7,19.866279631945144
02,2024-05-04,2,2024-05-18,wk inc flu hosp,quantile,0.7,1.5460091429924714
04,2024-05-04,2,2024-05-18,wk inc flu hosp,quantile,0.7,179.011752867862
05,2024-05-04,2,2024-05-18,wk inc flu hosp,quantile,0.7,135.08188636606315
06,2024-05-04,2,2024-05-18,wk inc flu hosp,quantile,0.7,146.845676353282
08,2024-05-04,2,2024-05-18,wk inc flu hosp,quantile,0.7,10.4788611304442
09,2024-05-04,2,2024-05-18,wk inc flu hosp,quantile,0.7,95.05954803297082
10,2024-05-04,2,2024-05-18,wk inc flu hosp,quantile,0.7,0.023853306611435022
11,2024-05-04,2,2024-05-18,wk inc flu hosp,quantile,0.7,5.614129620963433
12,2024-05-04,2,2024-05-18,wk inc flu hosp,quantile,0.7,262.7192477308457
13,2024-05-04,2,2024-05-18,wk inc flu hosp,quantile,0.7,23.716214164696755
15,2024-05-04,2,2024-05-18,wk inc flu hosp,quantile,0.7,28.278262182707866
16,2024-05-04,2,2024-05-18,wk inc flu hosp,quantile,0.7,35.71016951600369
17,2024-05-04,2,2024-05-18,wk inc flu hosp,quantile,0.7,58.40589964718901
18,2024-05-04,2,2024-05-18,wk inc flu hosp,quantile,0.7,23.82226516511623
19,2024-05-04,2,2024-05-18,wk inc flu hosp,quantile,0.7,13.80086175077877
20,2024-05-04,2,2024-05-18,wk inc flu hosp,quantile,0.7,22.03780892457332
21,2024-05-04,2,2024-05-18,wk inc flu hosp,quantile,0.7,10.433261593323019
22,2024-05-04,2,2024-05-18,wk inc flu hosp,quantile,0.7,10.67358615301316
23,2024-05-04,2,2024-05-18,wk inc flu hosp,quantile,0.7,16.008390443164394
24,2024-05-04,2,2024-05-18,wk inc flu hosp,quantile,0.7,6.76891197819063
25,2024-05-04,2,2024-05-18,wk inc flu hosp,quantile,0.7,48.90776376579253
26,2024-05-04,2,2024-05-18,wk inc flu hosp,quantile,0.7,67.99859201427336
27,2024-05-04,2,2024-05-18,wk inc flu hosp,quantile,0.7,20.501517342474475
28,2024-05-04,2,2024-05-18,wk inc flu hosp,quantile,0.7,17.76857177703257
29,2024-05-04,2,2024-05-18,wk inc flu hosp,quantile,0.7,32.51242063241907
30,2024-05-04,2,2024-05-18,wk inc flu hosp,quantile,0.7,0.9834003336896959
31,2024-05-04,2,2024-05-18,wk inc flu hosp,quantile,0.7,11.882136682903965
32,2024-05-04,2,2024-05-18,wk inc flu hosp,quantile,0.7,23.74553670656997
33,2024-05-04,2,2024-05-18,wk inc flu hosp,quantile,0.7,2.0792452129614096
34,2024-05-04,2,2024-05-18,wk inc flu hosp,quantile,0.7,69.37274579109207
35,2024-05-04,2,2024-05-18,wk inc flu hosp,quantile,0.7,46.06016187691381
36,2024-05-04,2,2024-05-18,wk inc flu hosp,quantile,0.7,97.7770788563107
37,2024-05-04,2,2024-05-18,wk inc flu hosp,quantile,0.7,0.0
38,2024-05-04,2,2024-05-18,wk inc flu hosp,quantile,0.7,3.831551861573525
39,2024-05-04,2,2024-05-18,wk inc flu hosp,quantile,0.7,38.67642770525571
40,2024-05-04,2,2024-05-18,wk inc flu hosp,quantile,0.7,45.583814192290205
41,2024-05-04,2,2024-05-18,wk inc flu hosp,quantile,0.7,50.62398233127984
42,2024-05-04,2,2024-05-18,wk inc flu hosp,quantile,0.7,81.97335859112063
44,2024-05-04,2,2024-05-18,wk inc flu hosp,quantile,0.7,4.886448639747711
45,2024-05-04,2,2024-05-18,wk inc flu hosp,quantile,0.7,24.022420350593514
46,2024-05-04,2,2024-05-18,wk inc flu hosp,quantile,0.7,15.575936738445892
47,2024-05-04,2,2024-05-18,wk inc flu hosp,quantile,0.7,36.731172643956
48,2024-05-04,2,2024-05-18,wk inc flu hosp,quantile,0.7,147.81691332363167
49,2024-05-04,2,2024-05-18,wk inc flu hosp,quantile,0.7,23.504136667621648
50,2024-05-04,2,2024-05-18,wk inc flu hosp,quantile,0.7,4.39544097147715
51,2024-05-04,2,2024-05-18,wk inc flu hosp,quantile,0.7,37.51176344736577
53,2024-05-04,2,2024-05-18,wk inc flu hosp,quantile,0.7,52.59534093709433
54,2024-05-04,2,2024-05-18,wk inc flu hosp,quantile,0.7,44.5760351223155
55,2024-05-04,2,2024-05-18,wk inc flu hosp,quantile,0.7,17.433621905429998
56,2024-05-04,2,2024-05-18,wk inc flu hosp,quantile,0.7,7.154740458541591
72,2024-05-04,2,2024-05-18,wk inc flu hosp,quantile,0.7,55.67455422865983
US,2024-05-04,2,2024-05-18,wk inc flu hosp,quantile,0.7,1762.7529522385196
01,2024-05-04,3,2024-05-25,wk inc flu hosp,quantile,0.7,19.431146245549147
02,2024-05-04,3,2024-05-25,wk inc flu hosp,quantile,0.7,1.1091836533625572
04,2024-05-04,3,2024-05-25,wk inc flu hosp,quantile,0.7,195.8555518527129
05,2024-05-04,3,2024-05-25,wk inc flu hosp,quantile,0.7,142.66281092511426
06,2024-05-04,3,2024-05-25,wk inc flu hosp,quantile,0.7,139.09513796764864
08,2024-05-04,3,2024-05-25,wk inc flu hosp,quantile,0.7,5.3019125133104525
09,2024-05-04,3,2024-05-25,wk inc flu hosp,quantile,0.7,103.32735601831392
10,2024-05-04,3,2024-05-25,wk inc flu hosp,quantile,0.7,0.0
11,2024-05-04,3,2024-05-25,wk inc flu hosp,quantile,0.7,4.501209952103614
12,2024-05-04,3,2024-05-25,wk inc flu hosp,quantile,0.7,248.96257729435936
13,2024-05-04,3,2024-05-25,wk inc flu hosp,quantile,0.7,19.78554128118817
15,2024-05-04,3,2024-05-25,wk inc flu hosp,quantile,0.7,30.09895843414354
16,2024-05-04,3,2024-05-25,wk inc flu hosp,quantile,0.7,37.3963218272217
17,2024-05-04,3,2024-05-25,wk inc flu hosp,quantile,0.7,44.29013691952518
18,2024-05-04,3,2024-05-25,wk inc flu hosp,quantile,0.7,19.532091064017006
19,2024-05-04,3,2024-05-25,wk inc flu hosp,quantile,0.7,10.048015461825388
20,2024-05-04,3,2024-05-25,wk inc flu hosp,quantile,0.7,18.387713643866977
21,2024-05-04,3,2024-05-25,wk inc flu hosp,quantile,0.7,5.769891788486198
22,2024-05-04,3,2024-05-25,wk inc flu hosp,quantile,0.7,8.541782430493416
23,2024-05-04,3,2024-05-25,wk inc flu hosp,quantile,0.7,15.222792077510196
24,2024-05-04,3,2024-05-25,wk inc flu hosp,quantile,0.7,3.1649459077876183
25,2024-05-04,3,2024-05-25,wk inc flu hosp,quantile,0.7,38.10438061895398
26,2024-05-04,3,2024-05-25,wk inc flu hosp,quantile,0.7,56.24065211028819
27,2024-05-04,3,2024-05-25,wk inc flu hosp,quantile,0.7,15.751331322870396
28,2024-05-04,3,2024-05-25,wk inc flu hosp,quantile,0.7,15.643672461429013
29,2024-05-04,3,2024-05-25,wk inc flu hosp,quantile,0.7,26.58856143687011
30,2024-05-04,3,2024-05-25,wk inc flu hosp,quantile,0.7,0.04238469921921669
31,2024-05-04,3,2024-05-25,wk inc flu hosp,quantile,0.7,9.452876505446492
32,2024-05-04,3,2024-05-25,wk inc flu hosp,quantile,0.7,23.033725693981005
33,2024-05-04,3,2024-05-25,wk inc flu hosp,quantile,0.7,1.0067105822328937
34,2024-05-04,3,2024-05-25,wk inc flu hosp,quantile,0.7,61.688774784743785
35,2024-05-04,3,2024-05-25,wk inc flu hosp,quantile,0.7,51.506189352267086
36,2024-05-04,3,2024-05-25,wk inc flu hosp,quantile,0.7,74.02923813560292
37,2024-05-04,3,2024-05-25,wk inc flu hosp,quantile,0.7,0.0
38,2024-05-04,3,2024-05-25,wk inc flu hosp,quantile,0.7,2.8219149194009225
39,2024-05-04,3,2024-05-25,wk inc flu hosp,quantile,0.7,28.786203126038146
40,2024-05-04,3,2024-05-25,wk inc flu hosp,quantile,0.7,46.61071062406341
41,2024-05-04,3,2024-05-25,wk inc flu hosp,quantile,0.7,48.89186784396021
42,2024-05-04,3,2024-05-25,wk inc flu hosp,quantile,0.7,74.10421351755079
44,2024-05-04,3,2024-05-25,wk inc flu hosp,quantile,0.7,3.6942906818573817
45,2024-05-04,3,2024-05-25,wk inc flu hosp,quantile,0.7,17.997141786046026
46,2024-05-04,3,2024-05-25,wk inc flu hosp,quantile,0.7,13.751345059019483
47,2024-05-04,3,2024-05-25,wk inc flu hosp,quantile,0.7,33.12695968818618
48,2024-05-04,3,2024-05-25,wk inc flu hosp,quantile,0.7,127.28177945388931
49,2024-05-04,3,2024-05-25,wk inc flu hosp,quantile,0.7,24.920272467800732
50,2024-05-04,3,2024-05-25,wk inc flu hosp,quantile,0.7,3.541393917940844
51,2024-05-04,3,2024-05-25,wk inc flu hosp,quantile,0.7,32.91595742545445
53,2024-05-04,3,2024-05-25,wk inc flu hosp,quantile,0.7,53.334535173884426
54,2024-05-04,3,2024-05-25,wk inc flu hosp,quantile,0.7,43.13198124289173
55,2024-05-04,3,2024-05-25,wk inc flu hosp,quantile,0.7,11.149088142206118
56,2024-05-04,3,2024-05-25,wk inc flu hosp,quantile,0.7,7.799477276628203
72,2024-05-04,3,2024-05-25,wk inc flu hosp,quantile,0.7,57.20408301024229
US,2024-05-04,3,2024-05-25,wk inc flu hosp,quantile,0.7,1587.6709554295096
01,2024-05-04,0,2024-05-04,wk inc flu hosp,quantile,0.75,18.783081950729844
02,2024-05-04,0,2024-05-04,wk inc flu hosp,quantile,0.75,3.0933834720747435
04,2024-05-04,0,2024-05-04,wk inc flu hosp,quantile,0.75,137.08924096741976
05,2024-05-04,0,2024-05-04,wk inc flu hosp,quantile,0.75,108.92401238060631
06,2024-05-04,0,2024-05-04,wk inc flu hosp,quantile,0.75,174.51162561823898
08,2024-05-04,0,2024-05-04,wk inc flu hosp,quantile,0.75,24.510552664878094
09,2024-05-04,0,2024-05-04,wk inc flu hosp,quantile,0.75,83.8312210452423
10,2024-05-04,0,2024-05-04,wk inc flu hosp,quantile,0.75,1.834875522893116
11,2024-05-04,0,2024-05-04,wk inc flu hosp,quantile,0.75,8.606875825559152
12,2024-05-04,0,2024-05-04,wk inc flu hosp,quantile,0.75,285.7148207937953
13,2024-05-04,0,2024-05-04,wk inc flu hosp,quantile,0.75,33.656825158046054
15,2024-05-04,0,2024-05-04,wk inc flu hosp,quantile,0.75,21.017906525249384
16,2024-05-04,0,2024-05-04,wk inc flu hosp,quantile,0.75,25.067536909036065
17,2024-05-04,0,2024-05-04,wk inc flu hosp,quantile,0.75,95.20518022873338
18,2024-05-04,0,2024-05-04,wk inc flu hosp,quantile,0.75,44.77723324557876
19,2024-05-04,0,2024-05-04,wk inc flu hosp,quantile,0.75,24.135604192799025
20,2024-05-04,0,2024-05-04,wk inc flu hosp,quantile,0.75,27.287686347886698
21,2024-05-04,0,2024-05-04,wk inc flu hosp,quantile,0.75,24.012329910360073
22,2024-05-04,0,2024-05-04,wk inc flu hosp,quantile,0.75,19.671177097856972
23,2024-05-04,0,2024-05-04,wk inc flu hosp,quantile,0.75,16.67186470662892
24,2024-05-04,0,2024-05-04,wk inc flu hosp,quantile,0.75,21.06165235330216
25,2024-05-04,0,2024-05-04,wk inc flu hosp,quantile,0.75,77.99903685834649
26,2024-05-04,0,2024-05-04,wk inc flu hosp,quantile,0.75,123.15520137871776
27,2024-05-04,0,2024-05-04,wk inc flu hosp,quantile,0.75,37.42599839262701
28,2024-05-04,0,2024-05-04,wk inc flu hosp,quantile,0.75,23.360066961385073
29,2024-05-04,0,2024-05-04,wk inc flu hosp,quantile,0.75,57.17507885673735
30,2024-05-04,0,2024-05-04,wk inc flu hosp,quantile,0.75,3.036786195305122
31,2024-05-04,0,2024-05-04,wk inc flu hosp,quantile,0.75,18.32545715586045
32,2024-05-04,0,2024-05-04,wk inc flu hosp,quantile,0.75,23.4718071694511
33,2024-05-04,0,2024-05-04,wk inc flu hosp,quantile,0.75,4.781198213700783
34,2024-05-04,0,2024-05-04,wk inc flu hosp,quantile,0.75,93.89680244758446
35,2024-05-04,0,2024-05-04,wk inc flu hosp,quantile,0.75,33.444382373276035
36,2024-05-04,0,2024-05-04,wk inc flu hosp,quantile,0.75,169.1057688744312
37,2024-05-04,0,2024-05-04,wk inc flu hosp,quantile,0.75,13.671022292838495
38,2024-05-04,0,2024-05-04,wk inc flu hosp,quantile,0.75,6.741312325048262
39,2024-05-04,0,2024-05-04,wk inc flu hosp,quantile,0.75,77.41077391405206
40,2024-05-04,0,2024-05-04,wk inc flu hosp,quantile,0.75,41.799231169106086
41,2024-05-04,0,2024-05-04,wk inc flu hosp,quantile,0.75,46.29593416555565
42,2024-05-04,0,2024-05-04,wk inc flu hosp,quantile,0.75,122.59060604163189
44,2024-05-04,0,2024-05-04,wk inc flu hosp,quantile,0.75,7.784381367268873
45,2024-05-04,0,2024-05-04,wk inc flu hosp,quantile,0.75,37.11086827090623
46,2024-05-04,0,2024-05-04,wk inc flu hosp,quantile,0.75,15.745104289210458
47,2024-05-04,0,2024-05-04,wk inc flu hosp,quantile,0.75,51.17958459825801
48,2024-05-04,0,2024-05-04,wk inc flu hosp,quantile,0.75,169.44252433394325
49,2024-05-04,0,2024-05-04,wk inc flu hosp,quantile,0.75,12.210036336739215
50,2024-05-04,0,2024-05-04,wk inc flu hosp,quantile,0.75,6.636305363078615
51,2024-05-04,0,2024-05-04,wk inc flu hosp,quantile,0.75,60.008351985634285
53,2024-05-04,0,2024-05-04,wk inc flu hosp,quantile,0.75,47.36972522878406
54,2024-05-04,0,2024-05-04,wk inc flu hosp,quantile,0.75,42.149201277238255
55,2024-05-04,0,2024-05-04,wk inc flu hosp,quantile,0.75,36.23578620190765
56,2024-05-04,0,2024-05-04,wk inc flu hosp,quantile,0.75,6.132251126062898
72,2024-05-04,0,2024-05-04,wk inc flu hosp,quantile,0.75,51.05779025375232
US,2024-05-04,0,2024-05-04,wk inc flu hosp,quantile,0.75,2577.3280272833686
01,2024-05-04,1,2024-05-11,wk inc flu hosp,quantile,0.75,18.72253052491912
02,2024-05-04,1,2024-05-11,wk inc flu hosp,quantile,0.75,2.2705977286183714
04,2024-05-04,1,2024-05-11,wk inc flu hosp,quantile,0.75,157.0123759497084
05,2024-05-04,1,2024-05-11,wk inc flu hosp,quantile,0.75,139.3972569890657
06,2024-05-04,1,2024-05-11,wk inc flu hosp,quantile,0.75,163.15214156577724
08,2024-05-04,1,2024-05-11,wk inc flu hosp,quantile,0.75,20.276326033745114
09,2024-05-04,1,2024-05-11,wk inc flu hosp,quantile,0.75,91.88578135730712
10,2024-05-04,1,2024-05-11,wk inc flu hosp,quantile,0.75,1.2317630139235818
11,2024-05-04,1,2024-05-11,wk inc flu hosp,quantile,0.75,7.814758161262761
12,2024-05-04,1,2024-05-11,wk inc flu hosp,quantile,0.75,268.32193751464547
13,2024-05-04,1,2024-05-11,wk inc flu hosp,quantile,0.75,29.769910901218378
15,2024-05-04,1,2024-05-11,wk inc flu hosp,quantile,0.75,27.402238684158238
16,2024-05-04,1,2024-05-11,wk inc flu hosp,quantile,0.75,33.70880514950449
17,2024-05-04,1,2024-05-11,wk inc flu hosp,quantile,0.75,85.88694947080452
18,2024-05-04,1,2024-05-11,wk inc flu hosp,quantile,0.75,34.01037643178563
19,2024-05-04,1,2024-05-11,wk inc flu hosp,quantile,0.75,21.241775867092944
20,2024-05-04,1,2024-05-11,wk inc flu hosp,quantile,0.75,25.55004224900987
21,2024-05-04,1,2024-05-11,wk inc flu hosp,quantile,0.75,19.439393694516188
22,2024-05-04,1,2024-05-11,wk inc flu hosp,quantile,0.75,16.176169556019786
23,2024-05-04,1,2024-05-11,wk inc flu hosp,quantile,0.75,16.322986294916955
24,2024-05-04,1,2024-05-11,wk inc flu hosp,quantile,0.75,16.2645014704666
25,2024-05-04,1,2024-05-11,wk inc flu hosp,quantile,0.75,70.42330361394039
26,2024-05-04,1,2024-05-11,wk inc flu hosp,quantile,0.75,105.74926899633888
27,2024-05-04,1,2024-05-11,wk inc flu hosp,quantile,0.75,30.222576199333645
28,2024-05-04,1,2024-05-11,wk inc flu hosp,quantile,0.75,19.871220874355195
29,2024-05-04,1,2024-05-11,wk inc flu hosp,quantile,0.75,46.60034478336004
30,2024-05-04,1,2024-05-11,wk inc flu hosp,quantile,0.75,2.283425636361061
31,2024-05-04,1,2024-05-11,wk inc flu hosp,quantile,0.75,16.439681305031627
32,2024-05-04,1,2024-05-11,wk inc flu hosp,quantile,0.75,23.421955092478335
33,2024-05-04,1,2024-05-11,wk inc flu hosp,quantile,0.75,3.9708404471698797
34,2024-05-04,1,2024-05-11,wk inc flu hosp,quantile,0.75,81.05449967968259
35,2024-05-04,1,2024-05-11,wk inc flu hosp,quantile,0.75,42.166841827982545
36,2024-05-04,1,2024-05-11,wk inc flu hosp,quantile,0.75,150.1081173642502
37,2024-05-04,1,2024-05-11,wk inc flu hosp,quantile,0.75,6.657398906331474
38,2024-05-04,1,2024-05-11,wk inc flu hosp,quantile,0.75,5.726276608594199
39,2024-05-04,1,2024-05-11,wk inc flu hosp,quantile,0.75,65.79119373007393
40,2024-05-04,1,2024-05-11,wk inc flu hosp,quantile,0.75,42.479178765726544
41,2024-05-04,1,2024-05-11,wk inc flu hosp,quantile,0.75,49.388263531484185
42,2024-05-04,1,2024-05-11,wk inc flu hosp,quantile,0.75,100.01353816865038
44,2024-05-04,1,2024-05-11,wk inc flu hosp,quantile,0.75,7.007158305663168
45,2024-05-04,1,2024-05-11,wk inc flu hosp,quantile,0.75,34.78155190273354
46,2024-05-04,1,2024-05-11,wk inc flu hosp,quantile,0.75,16.241039376263696
47,2024-05-04,1,2024-05-11,wk inc flu hosp,quantile,0.75,44.33410243596006
48,2024-05-04,1,2024-05-11,wk inc flu hosp,quantile,0.75,158.26478341886948
49,2024-05-04,1,2024-05-11,wk inc flu hosp,quantile,0.75,19.62705042993686
50,2024-05-04,1,2024-05-11,wk inc flu hosp,quantile,0.75,6.15957371634273
51,2024-05-04,1,2024-05-11,wk inc flu hosp,quantile,0.75,48.01346222602866
53,2024-05-04,1,2024-05-11,wk inc flu hosp,quantile,0.75,47.60394859095612
54,2024-05-04,1,2024-05-11,wk inc flu hosp,quantile,0.75,47.71023988968734
55,2024-05-04,1,2024-05-11,wk inc flu hosp,quantile,0.75,28.998809120496823
56,2024-05-04,1,2024-05-11,wk inc flu hosp,quantile,0.75,6.542277656739184
72,2024-05-04,1,2024-05-11,wk inc flu hosp,quantile,0.75,52.64172254201729
US,2024-05-04,1,2024-05-11,wk inc flu hosp,quantile,0.75,2128.786556775189
01,2024-05-04,2,2024-05-18,wk inc flu hosp,quantile,0.75,20.642040062502897
02,2024-05-04,2,2024-05-18,wk inc flu hosp,quantile,0.75,1.594873891685386
04,2024-05-04,2,2024-05-18,wk inc flu hosp,quantile,0.75,181.27827572574338
05,2024-05-04,2,2024-05-18,wk inc flu hosp,quantile,0.75,152.76313584463085
06,2024-05-04,2,2024-05-18,wk inc flu hosp,quantile,0.75,150.91035772711047
08,2024-05-04,2,2024-05-18,wk inc flu hosp,quantile,0.75,14.67430269180379
09,2024-05-04,2,2024-05-18,wk inc flu hosp,quantile,0.75,95.41438620537741
10,2024-05-04,2,2024-05-18,wk inc flu hosp,quantile,0.75,0.458436375810311
11,2024-05-04,2,2024-05-18,wk inc flu hosp,quantile,0.75,6.390573698499871
12,2024-05-04,2,2024-05-18,wk inc flu hosp,quantile,0.75,264.2037154703554
13,2024-05-04,2,2024-05-18,wk inc flu hosp,quantile,0.75,26.487136897027547
15,2024-05-04,2,2024-05-18,wk inc flu hosp,quantile,0.75,29.515550843510884
16,2024-05-04,2,2024-05-18,wk inc flu hosp,quantile,0.75,37.214908678604964
17,2024-05-04,2,2024-05-18,wk inc flu hosp,quantile,0.75,67.72192434246801
18,2024-05-04,2,2024-05-18,wk inc flu hosp,quantile,0.75,25.720041811901513
19,2024-05-04,2,2024-05-18,wk inc flu hosp,quantile,0.75,16.267814684246726
20,2024-05-04,2,2024-05-18,wk inc flu hosp,quantile,0.75,22.333337457775286
21,2024-05-04,2,2024-05-18,wk inc flu hosp,quantile,0.75,13.582756491633187
22,2024-05-04,2,2024-05-18,wk inc flu hosp,quantile,0.75,12.3481455168009
23,2024-05-04,2,2024-05-18,wk inc flu hosp,quantile,0.75,16.747640773396476
24,2024-05-04,2,2024-05-18,wk inc flu hosp,quantile,0.75,10.298164500726068
25,2024-05-04,2,2024-05-18,wk inc flu hosp,quantile,0.75,56.17845971126543
26,2024-05-04,2,2024-05-18,wk inc flu hosp,quantile,0.75,83.25442404198628
27,2024-05-04,2,2024-05-18,wk inc flu hosp,quantile,0.75,23.1036427405865
28,2024-05-04,2,2024-05-18,wk inc flu hosp,quantile,0.75,17.775335659438806
29,2024-05-04,2,2024-05-18,wk inc flu hosp,quantile,0.75,35.2626563732223
30,2024-05-04,2,2024-05-18,wk inc flu hosp,quantile,0.75,1.2434506471053175
31,2024-05-04,2,2024-05-18,wk inc flu hosp,quantile,0.75,13.56625836281868
32,2024-05-04,2,2024-05-18,wk inc flu hosp,quantile,0.75,23.96892695783619
33,2024-05-04,2,2024-05-18,wk inc flu hosp,quantile,0.75,2.7061485553678004
34,2024-05-04,2,2024-05-18,wk inc flu hosp,quantile,0.75,70.22472561637944
35,2024-05-04,2,2024-05-18,wk inc flu hosp,quantile,0.75,47.25197394144617
36,2024-05-04,2,2024-05-18,wk inc flu hosp,quantile,0.75,117.87922988617174
37,2024-05-04,2,2024-05-18,wk inc flu hosp,quantile,0.75,0.0
38,2024-05-04,2,2024-05-18,wk inc flu hosp,quantile,0.75,4.423445452942413
39,2024-05-04,2,2024-05-18,wk inc flu hosp,quantile,0.75,49.18882755588478
40,2024-05-04,2,2024-05-18,wk inc flu hosp,quantile,0.75,46.553760755602745
41,2024-05-04,2,2024-05-18,wk inc flu hosp,quantile,0.75,51.13630120439194
42,2024-05-04,2,2024-05-18,wk inc flu hosp,quantile,0.75,83.90846985191105
44,2024-05-04,2,2024-05-18,wk inc flu hosp,quantile,0.75,5.484366802255369
45,2024-05-04,2,2024-05-18,wk inc flu hosp,quantile,0.75,27.4539716656138
46,2024-05-04,2,2024-05-18,wk inc flu hosp,quantile,0.75,15.592348928152022
47,2024-05-04,2,2024-05-18,wk inc flu hosp,quantile,0.75,38.41652762100359
48,2024-05-04,2,2024-05-18,wk inc flu hosp,quantile,0.75,151.95723632803748
49,2024-05-04,2,2024-05-18,wk inc flu hosp,quantile,0.75,24.271696868008018
50,2024-05-04,2,2024-05-18,wk inc flu hosp,quantile,0.75,4.9246384008852555
51,2024-05-04,2,2024-05-18,wk inc flu hosp,quantile,0.75,39.44703959020678
53,2024-05-04,2,2024-05-18,wk inc flu hosp,quantile,0.75,53.94740497034402
54,2024-05-04,2,2024-05-18,wk inc flu hosp,quantile,0.75,48.57407295116391
55,2024-05-04,2,2024-05-18,wk inc flu hosp,quantile,0.75,21.118185950830686
56,2024-05-04,2,2024-05-18,wk inc flu hosp,quantile,0.75,7.415121907603242
72,2024-05-04,2,2024-05-18,wk inc flu hosp,quantile,0.75,56.44191432275717
US,2024-05-04,2,2024-05-18,wk inc flu hosp,quantile,0.75,1821.8550604657885
01,2024-05-04,3,2024-05-25,wk inc flu hosp,quantile,0.75,19.506179047005602
02,2024-05-04,3,2024-05-25,wk inc flu hosp,quantile,0.75,1.279737397215518
04,2024-05-04,3,2024-05-25,wk inc flu hosp,quantile,0.75,201.30211579397795
05,2024-05-04,3,2024-05-25,wk inc flu hosp,quantile,0.75,162.58611704993933
06,2024-05-04,3,2024-05-25,wk inc flu hosp,quantile,0.75,141.74578092417343
08,2024-05-04,3,2024-05-25,wk inc flu hosp,quantile,0.75,9.654504261209732
09,2024-05-04,3,2024-05-25,wk inc flu hosp,quantile,0.75,109.28867189504234
10,2024-05-04,3,2024-05-25,wk inc flu hosp,quantile,0.75,0.0
11,2024-05-04,3,2024-05-25,wk inc flu hosp,quantile,0.75,5.363199963083571
12,2024-05-04,3,2024-05-25,wk inc flu hosp,quantile,0.75,251.1601646627356
13,2024-05-04,3,2024-05-25,wk inc flu hosp,quantile,0.75,20.848212217935018
15,2024-05-04,3,2024-05-25,wk inc flu hosp,quantile,0.75,32.18235499490535
16,2024-05-04,3,2024-05-25,wk inc flu hosp,quantile,0.75,38.673605909791455
17,2024-05-04,3,2024-05-25,wk inc flu hosp,quantile,0.75,53.2734296109893
18,2024-05-04,3,2024-05-25,wk inc flu hosp,quantile,0.75,23.181808250998134
19,2024-05-04,3,2024-05-25,wk inc flu hosp,quantile,0.75,12.741748992798865
20,2024-05-04,3,2024-05-25,wk inc flu hosp,quantile,0.75,19.415733934845292
21,2024-05-04,3,2024-05-25,wk inc flu hosp,quantile,0.75,9.276482016324806
22,2024-05-04,3,2024-05-25,wk inc flu hosp,quantile,0.75,9.977989074932552
23,2024-05-04,3,2024-05-25,wk inc flu hosp,quantile,0.75,15.702067872375597
24,2024-05-04,3,2024-05-25,wk inc flu hosp,quantile,0.75,6.346741001147055
25,2024-05-04,3,2024-05-25,wk inc flu hosp,quantile,0.75,45.84220919037995
26,2024-05-04,3,2024-05-25,wk inc flu hosp,quantile,0.75,68.9892346716319
27,2024-05-04,3,2024-05-25,wk inc flu hosp,quantile,0.75,20.078125495652404
28,2024-05-04,3,2024-05-25,wk inc flu hosp,quantile,0.75,16.057738381638966
29,2024-05-04,3,2024-05-25,wk inc flu hosp,quantile,0.75,31.28508589920675
30,2024-05-04,3,2024-05-25,wk inc flu hosp,quantile,0.75,0.3943198961275452
31,2024-05-04,3,2024-05-25,wk inc flu hosp,quantile,0.75,11.27121343460661
32,2024-05-04,3,2024-05-25,wk inc flu hosp,quantile,0.75,23.807115070838663
33,2024-05-04,3,2024-05-25,wk inc flu hosp,quantile,0.75,1.6332234516444089
34,2024-05-04,3,2024-05-25,wk inc flu hosp,quantile,0.75,64.17203952868654
35,2024-05-04,3,2024-05-25,wk inc flu hosp,quantile,0.75,59.6981148716461
36,2024-05-04,3,2024-05-25,wk inc flu hosp,quantile,0.75,93.00708346297692
37,2024-05-04,3,2024-05-25,wk inc flu hosp,quantile,0.75,0.0
38,2024-05-04,3,2024-05-25,wk inc flu hosp,quantile,0.75,3.487552560739274
39,2024-05-04,3,2024-05-25,wk inc flu hosp,quantile,0.75,38.13876616720805
40,2024-05-04,3,2024-05-25,wk inc flu hosp,quantile,0.75,48.222143026976035
41,2024-05-04,3,2024-05-25,wk inc flu hosp,quantile,0.75,49.15772471681302
42,2024-05-04,3,2024-05-25,wk inc flu hosp,quantile,0.75,77.41625237758817
44,2024-05-04,3,2024-05-25,wk inc flu hosp,quantile,0.75,4.416255306553228
45,2024-05-04,3,2024-05-25,wk inc flu hosp,quantile,0.75,21.49543774357798
46,2024-05-04,3,2024-05-25,wk inc flu hosp,quantile,0.75,14.32377291431437
47,2024-05-04,3,2024-05-25,wk inc flu hosp,quantile,0.75,35.7513494546389
48,2024-05-04,3,2024-05-25,wk inc flu hosp,quantile,0.75,127.54222196687849
49,2024-05-04,3,2024-05-25,wk inc flu hosp,quantile,0.75,25.433207579974468
50,2024-05-04,3,2024-05-25,wk inc flu hosp,quantile,0.75,4.100156315624702
51,2024-05-04,3,2024-05-25,wk inc flu hosp,quantile,0.75,36.177102667289354
53,2024-05-04,3,2024-05-25,wk inc flu hosp,quantile,0.75,54.70165587927184
54,2024-05-04,3,2024-05-25,wk inc flu hosp,quantile,0.75,48.18206397417152
55,2024-05-04,3,2024-05-25,wk inc flu hosp,quantile,0.75,16.118155586659963
56,2024-05-04,3,2024-05-25,wk inc flu hosp,quantile,0.75,8.058206318087125
72,2024-05-04,3,2024-05-25,wk inc flu hosp,quantile,0.75,58.24251385507733
US,2024-05-04,3,2024-05-25,wk inc flu hosp,quantile,0.75,1710.7221628748403
01,2024-05-04,0,2024-05-04,wk inc flu hosp,quantile,0.8,19.18839750727359
02,2024-05-04,0,2024-05-04,wk inc flu hosp,quantile,0.8,3.434964083143605
04,2024-05-04,0,2024-05-04,wk inc flu hosp,quantile,0.8,138.1664515495391
05,2024-05-04,0,2024-05-04,wk inc flu hosp,quantile,0.8,110.91044352114533
06,2024-05-04,0,2024-05-04,wk inc flu hosp,quantile,0.8,176.9855304454388
08,2024-05-04,0,2024-05-04,wk inc flu hosp,quantile,0.8,27.43620865551135
09,2024-05-04,0,2024-05-04,wk inc flu hosp,quantile,0.8,84.52154876184592
10,2024-05-04,0,2024-05-04,wk inc flu hosp,quantile,0.8,2.2579663573570117
11,2024-05-04,0,2024-05-04,wk inc flu hosp,quantile,0.8,9.130891518636954
12,2024-05-04,0,2024-05-04,wk inc flu hosp,quantile,0.8,293.42999568119905
13,2024-05-04,0,2024-05-04,wk inc flu hosp,quantile,0.8,37.91905422204176
15,2024-05-04,0,2024-05-04,wk inc flu hosp,quantile,0.8,21.55163378427887
16,2024-05-04,0,2024-05-04,wk inc flu hosp,quantile,0.8,25.24321052092263
17,2024-05-04,0,2024-05-04,wk inc flu hosp,quantile,0.8,101.78422337540465
18,2024-05-04,0,2024-05-04,wk inc flu hosp,quantile,0.8,48.98748447214334
19,2024-05-04,0,2024-05-04,wk inc flu hosp,quantile,0.8,26.58206038919053
20,2024-05-04,0,2024-05-04,wk inc flu hosp,quantile,0.8,28.14362867024463
21,2024-05-04,0,2024-05-04,wk inc flu hosp,quantile,0.8,27.43766106656332
22,2024-05-04,0,2024-05-04,wk inc flu hosp,quantile,0.8,21.681012813720784
23,2024-05-04,0,2024-05-04,wk inc flu hosp,quantile,0.8,16.742663204677076
24,2024-05-04,0,2024-05-04,wk inc flu hosp,quantile,0.8,24.39862607744468
25,2024-05-04,0,2024-05-04,wk inc flu hosp,quantile,0.8,83.35259026525118
26,2024-05-04,0,2024-05-04,wk inc flu hosp,quantile,0.8,134.22895761141433
27,2024-05-04,0,2024-05-04,wk inc flu hosp,quantile,0.8,41.406383491901614
28,2024-05-04,0,2024-05-04,wk inc flu hosp,quantile,0.8,23.398876315136494
29,2024-05-04,0,2024-05-04,wk inc flu hosp,quantile,0.8,63.44804782254979
30,2024-05-04,0,2024-05-04,wk inc flu hosp,quantile,0.8,3.365256727811341
31,2024-05-04,0,2024-05-04,wk inc flu hosp,quantile,0.8,19.79478158968539
32,2024-05-04,0,2024-05-04,wk inc flu hosp,quantile,0.8,24.126351113510932
33,2024-05-04,0,2024-05-04,wk inc flu hosp,quantile,0.8,5.505992785570235
34,2024-05-04,0,2024-05-04,wk inc flu hosp,quantile,0.8,100.11524477411348
35,2024-05-04,0,2024-05-04,wk inc flu hosp,quantile,0.8,34.15474848722525
36,2024-05-04,0,2024-05-04,wk inc flu hosp,quantile,0.8,183.0437765052611
37,2024-05-04,0,2024-05-04,wk inc flu hosp,quantile,0.8,18.112586611676296
38,2024-05-04,0,2024-05-04,wk inc flu hosp,quantile,0.8,7.303469643575762
39,2024-05-04,0,2024-05-04,wk inc flu hosp,quantile,0.8,87.86881406698184
40,2024-05-04,0,2024-05-04,wk inc flu hosp,quantile,0.8,42.293227978855136
41,2024-05-04,0,2024-05-04,wk inc flu hosp,quantile,0.8,46.33975026327653
42,2024-05-04,0,2024-05-04,wk inc flu hosp,quantile,0.8,134.31049874827428
44,2024-05-04,0,2024-05-04,wk inc flu hosp,quantile,0.8,8.41150379132564
45,2024-05-04,0,2024-05-04,wk inc flu hosp,quantile,0.8,39.605138553914784
46,2024-05-04,0,2024-05-04,wk inc flu hosp,quantile,0.8,15.90274610533923
47,2024-05-04,0,2024-05-04,wk inc flu hosp,quantile,0.8,54.11644939995141
48,2024-05-04,0,2024-05-04,wk inc flu hosp,quantile,0.8,176.45322543536582
49,2024-05-04,0,2024-05-04,wk inc flu hosp,quantile,0.8,12.2957087939037
50,2024-05-04,0,2024-05-04,wk inc flu hosp,quantile,0.8,7.309986438685182
51,2024-05-04,0,2024-05-04,wk inc flu hosp,quantile,0.8,65.93457888368071
53,2024-05-04,0,2024-05-04,wk inc flu hosp,quantile,0.8,47.50164553877973
54,2024-05-04,0,2024-05-04,wk inc flu hosp,quantile,0.8,42.590599142470786
55,2024-05-04,0,2024-05-04,wk inc flu hosp,quantile,0.8,41.76671371801224
56,2024-05-04,0,2024-05-04,wk inc flu hosp,quantile,0.8,6.139046728310257
72,2024-05-04,0,2024-05-04,wk inc flu hosp,quantile,0.8,51.13800639118908
US,2024-05-04,0,2024-05-04,wk inc flu hosp,quantile,0.8,2763.9097920106847
01,2024-05-04,1,2024-05-11,wk inc flu hosp,quantile,0.8,19.616470218115825
02,2024-05-04,1,2024-05-11,wk inc flu hosp,quantile,0.8,2.3661036173223335
04,2024-05-04,1,2024-05-11,wk inc flu hosp,quantile,0.8,159.075643368367
05,2024-05-04,1,2024-05-11,wk inc flu hosp,quantile,0.8,142.80709379475516
06,2024-05-04,1,2024-05-11,wk inc flu hosp,quantile,0.8,170.35853900562
08,2024-05-04,1,2024-05-11,wk inc flu hosp,quantile,0.8,21.52754444632609
09,2024-05-04,1,2024-05-11,wk inc flu hosp,quantile,0.8,92.20529376454277
10,2024-05-04,1,2024-05-11,wk inc flu hosp,quantile,0.8,1.5140063215033739
11,2024-05-04,1,2024-05-11,wk inc flu hosp,quantile,0.8,8.112621262886892
12,2024-05-04,1,2024-05-11,wk inc flu hosp,quantile,0.8,279.91587789696837
13,2024-05-04,1,2024-05-11,wk inc flu hosp,quantile,0.8,35.1130818563199
15,2024-05-04,1,2024-05-11,wk inc flu hosp,quantile,0.8,27.446726259986544
16,2024-05-04,1,2024-05-11,wk inc flu hosp,quantile,0.8,34.44034324147149
17,2024-05-04,1,2024-05-11,wk inc flu hosp,quantile,0.8,87.51535147700169
18,2024-05-04,1,2024-05-11,wk inc flu hosp,quantile,0.8,35.007750504144916
19,2024-05-04,1,2024-05-11,wk inc flu hosp,quantile,0.8,22.621640731886806
20,2024-05-04,1,2024-05-11,wk inc flu hosp,quantile,0.8,26.471897568889414
21,2024-05-04,1,2024-05-11,wk inc flu hosp,quantile,0.8,21.577135017711328
22,2024-05-04,1,2024-05-11,wk inc flu hosp,quantile,0.8,18.063090908414733
23,2024-05-04,1,2024-05-11,wk inc flu hosp,quantile,0.8,16.33240389552448
24,2024-05-04,1,2024-05-11,wk inc flu hosp,quantile,0.8,18.489309455929828
25,2024-05-04,1,2024-05-11,wk inc flu hosp,quantile,0.8,72.54088836722968
26,2024-05-04,1,2024-05-11,wk inc flu hosp,quantile,0.8,113.37810539433205
27,2024-05-04,1,2024-05-11,wk inc flu hosp,quantile,0.8,32.60745830396351
28,2024-05-04,1,2024-05-11,wk inc flu hosp,quantile,0.8,20.10405938981202
29,2024-05-04,1,2024-05-11,wk inc flu hosp,quantile,0.8,48.891249425522545
30,2024-05-04,1,2024-05-11,wk inc flu hosp,quantile,0.8,2.4189957669600357
31,2024-05-04,1,2024-05-11,wk inc flu hosp,quantile,0.8,17.05759718932358
32,2024-05-04,1,2024-05-11,wk inc flu hosp,quantile,0.8,23.55148421504154
33,2024-05-04,1,2024-05-11,wk inc flu hosp,quantile,0.8,4.386577087746162
34,2024-05-04,1,2024-05-11,wk inc flu hosp,quantile,0.8,88.29607296197457
35,2024-05-04,1,2024-05-11,wk inc flu hosp,quantile,0.8,42.806351844202105
36,2024-05-04,1,2024-05-11,wk inc flu hosp,quantile,0.8,161.50002419821672
37,2024-05-04,1,2024-05-11,wk inc flu hosp,quantile,0.8,8.429397161925904
38,2024-05-04,1,2024-05-11,wk inc flu hosp,quantile,0.8,6.047371145609957
39,2024-05-04,1,2024-05-11,wk inc flu hosp,quantile,0.8,72.14984196479045
40,2024-05-04,1,2024-05-11,wk inc flu hosp,quantile,0.8,43.86271311704518
41,2024-05-04,1,2024-05-11,wk inc flu hosp,quantile,0.8,49.748970475948546
42,2024-05-04,1,2024-05-11,wk inc flu hosp,quantile,0.8,108.36203338562008
44,2024-05-04,1,2024-05-11,wk inc flu hosp,quantile,0.8,7.1777586996554374
45,2024-05-04,1,2024-05-11,wk inc flu hosp,quantile,0.8,35.074434373904325
46,2024-05-04,1,2024-05-11,wk inc flu hosp,quantile,0.8,16.307264974577514
47,2024-05-04,1,2024-05-11,wk inc flu hosp,quantile,0.8,45.440811668925825
48,2024-05-04,1,2024-05-11,wk inc flu hosp,quantile,0.8,161.16881243124342
49,2024-05-04,1,2024-05-11,wk inc flu hosp,quantile,0.8,19.748530407846093
50,2024-05-04,1,2024-05-11,wk inc flu hosp,quantile,0.8,6.433462970113196
51,2024-05-04,1,2024-05-11,wk inc flu hosp,quantile,0.8,50.10791030399399
53,2024-05-04,1,2024-05-11,wk inc flu hosp,quantile,0.8,47.83555885608092
54,2024-05-04,1,2024-05-11,wk inc flu hosp,quantile,0.8,49.8874677695942
55,2024-05-04,1,2024-05-11,wk inc flu hosp,quantile,0.8,32.670333245787106
56,2024-05-04,1,2024-05-11,wk inc flu hosp,quantile,0.8,6.584876792389385
72,2024-05-04,1,2024-05-11,wk inc flu hosp,quantile,0.8,52.73935336058266
US,2024-05-04,1,2024-05-11,wk inc flu hosp,quantile,0.8,2232.388324574161
01,2024-05-04,2,2024-05-18,wk inc flu hosp,quantile,0.8,21.503744545672397
02,2024-05-04,2,2024-05-18,wk inc flu hosp,quantile,0.8,1.7781969305934493
04,2024-05-04,2,2024-05-18,wk inc flu hosp,quantile,0.8,183.20750940947826
05,2024-05-04,2,2024-05-18,wk inc flu hosp,quantile,0.8,159.45104032400818
06,2024-05-04,2,2024-05-18,wk inc flu hosp,quantile,0.8,160.0321819293705
08,2024-05-04,2,2024-05-18,wk inc flu hosp,quantile,0.8,16.62549555127948
09,2024-05-04,2,2024-05-18,wk inc flu hosp,quantile,0.8,100.14453607156578
10,2024-05-04,2,2024-05-18,wk inc flu hosp,quantile,0.8,0.9449012179880473
11,2024-05-04,2,2024-05-18,wk inc flu hosp,quantile,0.8,6.984563943120446
12,2024-05-04,2,2024-05-18,wk inc flu hosp,quantile,0.8,271.83853232263056
13,2024-05-04,2,2024-05-18,wk inc flu hosp,quantile,0.8,31.496183199264234
15,2024-05-04,2,2024-05-18,wk inc flu hosp,quantile,0.8,33.05755728257534
16,2024-05-04,2,2024-05-18,wk inc flu hosp,quantile,0.8,38.8234820296373
17,2024-05-04,2,2024-05-18,wk inc flu hosp,quantile,0.8,72.58680415188931
18,2024-05-04,2,2024-05-18,wk inc flu hosp,quantile,0.8,27.695919097667282
19,2024-05-04,2,2024-05-18,wk inc flu hosp,quantile,0.8,18.45256589887751
20,2024-05-04,2,2024-05-18,wk inc flu hosp,quantile,0.8,23.960371275097877
21,2024-05-04,2,2024-05-18,wk inc flu hosp,quantile,0.8,17.12538193041728
22,2024-05-04,2,2024-05-18,wk inc flu hosp,quantile,0.8,15.274827562855014
23,2024-05-04,2,2024-05-18,wk inc flu hosp,quantile,0.8,17.00429035091043
24,2024-05-04,2,2024-05-18,wk inc flu hosp,quantile,0.8,13.687659335578848
25,2024-05-04,2,2024-05-18,wk inc flu hosp,quantile,0.8,61.9683205513884
26,2024-05-04,2,2024-05-18,wk inc flu hosp,quantile,0.8,96.8457593974822
27,2024-05-04,2,2024-05-18,wk inc flu hosp,quantile,0.8,26.640519770873663
28,2024-05-04,2,2024-05-18,wk inc flu hosp,quantile,0.8,18.49283325074413
29,2024-05-04,2,2024-05-18,wk inc flu hosp,quantile,0.8,40.217872295406146
30,2024-05-04,2,2024-05-18,wk inc flu hosp,quantile,0.8,1.51664393941775
31,2024-05-04,2,2024-05-18,wk inc flu hosp,quantile,0.8,14.6732784555287
32,2024-05-04,2,2024-05-18,wk inc flu hosp,quantile,0.8,24.443529341539843
33,2024-05-04,2,2024-05-18,wk inc flu hosp,quantile,0.8,3.2147871775629
34,2024-05-04,2,2024-05-18,wk inc flu hosp,quantile,0.8,76.14157913149461
35,2024-05-04,2,2024-05-18,wk inc flu hosp,quantile,0.8,51.18332375005247
36,2024-05-04,2,2024-05-18,wk inc flu hosp,quantile,0.8,133.5800620046857
37,2024-05-04,2,2024-05-18,wk inc flu hosp,quantile,0.8,2.422225734123015
38,2024-05-04,2,2024-05-18,wk inc flu hosp,quantile,0.8,4.972951175366777
39,2024-05-04,2,2024-05-18,wk inc flu hosp,quantile,0.8,58.425434262286934
40,2024-05-04,2,2024-05-18,wk inc flu hosp,quantile,0.8,47.36423407335328
41,2024-05-04,2,2024-05-18,wk inc flu hosp,quantile,0.8,51.28593930589914
42,2024-05-04,2,2024-05-18,wk inc flu hosp,quantile,0.8,94.07420063814945
44,2024-05-04,2,2024-05-18,wk inc flu hosp,quantile,0.8,6.049583834242237
45,2024-05-04,2,2024-05-18,wk inc flu hosp,quantile,0.8,29.070516320719303
46,2024-05-04,2,2024-05-18,wk inc flu hosp,quantile,0.8,15.768350149333052
47,2024-05-04,2,2024-05-18,wk inc flu hosp,quantile,0.8,40.12327489846488
48,2024-05-04,2,2024-05-18,wk inc flu hosp,quantile,0.8,152.97731472572542
49,2024-05-04,2,2024-05-18,wk inc flu hosp,quantile,0.8,24.828620192059184
50,2024-05-04,2,2024-05-18,wk inc flu hosp,quantile,0.8,5.448065935793889
51,2024-05-04,2,2024-05-18,wk inc flu hosp,quantile,0.8,41.63995739993956
53,2024-05-04,2,2024-05-18,wk inc flu hosp,quantile,0.8,54.40574243281977
54,2024-05-04,2,2024-05-18,wk inc flu hosp,quantile,0.8,50.967450295056466
55,2024-05-04,2,2024-05-18,wk inc flu hosp,quantile,0.8,26.425751981454095
56,2024-05-04,2,2024-05-18,wk inc flu hosp,quantile,0.8,7.5592381141213245
72,2024-05-04,2,2024-05-18,wk inc flu hosp,quantile,0.8,56.80509961384984
US,2024-05-04,2,2024-05-18,wk inc flu hosp,quantile,0.8,1931.543104067815
01,2024-05-04,3,2024-05-25,wk inc flu hosp,quantile,0.8,20.1362096166062
02,2024-05-04,3,2024-05-25,wk inc flu hosp,quantile,0.8,1.5308580336185502
04,2024-05-04,3,2024-05-25,wk inc flu hosp,quantile,0.8,205.3069273815318
05,2024-05-04,3,2024-05-25,wk inc flu hosp,quantile,0.8,170.88697590503503
06,2024-05-04,3,2024-05-25,wk inc flu hosp,quantile,0.8,149.50311049169827
08,2024-05-04,3,2024-05-25,wk inc flu hosp,quantile,0.8,12.280257160369894
09,2024-05-04,3,2024-05-25,wk inc flu hosp,quantile,0.8,111.82058156206222
10,2024-05-04,3,2024-05-25,wk inc flu hosp,quantile,0.8,0.4227119735361688
11,2024-05-04,3,2024-05-25,wk inc flu hosp,quantile,0.8,6.079426655130869
12,2024-05-04,3,2024-05-25,wk inc flu hosp,quantile,0.8,252.60367291967415
13,2024-05-04,3,2024-05-25,wk inc flu hosp,quantile,0.8,24.354884274193132
15,2024-05-04,3,2024-05-25,wk inc flu hosp,quantile,0.8,35.982769786283015
16,2024-05-04,3,2024-05-25,wk inc flu hosp,quantile,0.8,40.8139082658816
17,2024-05-04,3,2024-05-25,wk inc flu hosp,quantile,0.8,59.368564891543876
18,2024-05-04,3,2024-05-25,wk inc flu hosp,quantile,0.8,24.423769209692612
19,2024-05-04,3,2024-05-25,wk inc flu hosp,quantile,0.8,15.030187013554707
20,2024-05-04,3,2024-05-25,wk inc flu hosp,quantile,0.8,22.283307975707505
21,2024-05-04,3,2024-05-25,wk inc flu hosp,quantile,0.8,12.84709991635881
22,2024-05-04,3,2024-05-25,wk inc flu hosp,quantile,0.8,11.962863185619652
23,2024-05-04,3,2024-05-25,wk inc flu hosp,quantile,0.8,15.835489377030598
24,2024-05-04,3,2024-05-25,wk inc flu hosp,quantile,0.8,9.132455544503106
25,2024-05-04,3,2024-05-25,wk inc flu hosp,quantile,0.8,51.22544081649043
26,2024-05-04,3,2024-05-25,wk inc flu hosp,quantile,0.8,81.67957889645783
27,2024-05-04,3,2024-05-25,wk inc flu hosp,quantile,0.8,23.129216906274607
28,2024-05-04,3,2024-05-25,wk inc flu hosp,quantile,0.8,16.90104977865381
29,2024-05-04,3,2024-05-25,wk inc flu hosp,quantile,0.8,34.86228031660111
30,2024-05-04,3,2024-05-25,wk inc flu hosp,quantile,0.8,0.8020676729936534
31,2024-05-04,3,2024-05-25,wk inc flu hosp,quantile,0.8,12.4628317843331
32,2024-05-04,3,2024-05-25,wk inc flu hosp,quantile,0.8,24.291911750346376
33,2024-05-04,3,2024-05-25,wk inc flu hosp,quantile,0.8,2.2933726160545387
34,2024-05-04,3,2024-05-25,wk inc flu hosp,quantile,0.8,69.94692009196172
35,2024-05-04,3,2024-05-25,wk inc flu hosp,quantile,0.8,65.2132272221284
36,2024-05-04,3,2024-05-25,wk inc flu hosp,quantile,0.8,112.35695460753013
37,2024-05-04,3,2024-05-25,wk inc flu hosp,quantile,0.8,0.0
38,2024-05-04,3,2024-05-25,wk inc flu hosp,quantile,0.8,4.160058312865897
39,2024-05-04,3,2024-05-25,wk inc flu hosp,quantile,0.8,47.25822702809336
40,2024-05-04,3,2024-05-25,wk inc flu hosp,quantile,0.8,49.38289374571439
41,2024-05-04,3,2024-05-25,wk inc flu hosp,quantile,0.8,49.790356095690726
42,2024-05-04,3,2024-05-25,wk inc flu hosp,quantile,0.8,87.8343588767518
44,2024-05-04,3,2024-05-25,wk inc flu hosp,quantile,0.8,5.115801356523022
45,2024-05-04,3,2024-05-25,wk inc flu hosp,quantile,0.8,23.592331078140372
46,2024-05-04,3,2024-05-25,wk inc flu hosp,quantile,0.8,14.519920347481111
47,2024-05-04,3,2024-05-25,wk inc flu hosp,quantile,0.8,36.454018921175305
48,2024-05-04,3,2024-05-25,wk inc flu hosp,quantile,0.8,128.41190152512425
49,2024-05-04,3,2024-05-25,wk inc flu hosp,quantile,0.8,27.285155547031174
50,2024-05-04,3,2024-05-25,wk inc flu hosp,quantile,0.8,4.526014793486324
51,2024-05-04,3,2024-05-25,wk inc flu hosp,quantile,0.8,37.47290791943724
53,2024-05-04,3,2024-05-25,wk inc flu hosp,quantile,0.8,55.18013923481312
54,2024-05-04,3,2024-05-25,wk inc flu hosp,quantile,0.8,52.509792739630534
55,2024-05-04,3,2024-05-25,wk inc flu hosp,quantile,0.8,20.612334078444817
56,2024-05-04,3,2024-05-25,wk inc flu hosp,quantile,0.8,8.130082298990896
72,2024-05-04,3,2024-05-25,wk inc flu hosp,quantile,0.8,59.66093198583325
US,2024-05-04,3,2024-05-25,wk inc flu hosp,quantile,0.8,1758.1823575725716
01,2024-05-04,0,2024-05-04,wk inc flu hosp,quantile,0.85,19.309347667840267
02,2024-05-04,0,2024-05-04,wk inc flu hosp,quantile,0.85,3.7973999116317962
04,2024-05-04,0,2024-05-04,wk inc flu hosp,quantile,0.85,142.5845002079609
05,2024-05-04,0,2024-05-04,wk inc flu hosp,quantile,0.85,111.8705069155482
06,2024-05-04,0,2024-05-04,wk inc flu hosp,quantile,0.85,181.91658706289627
08,2024-05-04,0,2024-05-04,wk inc flu hosp,quantile,0.85,29.693707640540804
09,2024-05-04,0,2024-05-04,wk inc flu hosp,quantile,0.85,88.04820886592965
10,2024-05-04,0,2024-05-04,wk inc flu hosp,quantile,0.85,2.7560037141549
11,2024-05-04,0,2024-05-04,wk inc flu hosp,quantile,0.85,9.641328869125747
12,2024-05-04,0,2024-05-04,wk inc flu hosp,quantile,0.85,296.9958810278589
13,2024-05-04,0,2024-05-04,wk inc flu hosp,quantile,0.85,43.03868516952789
15,2024-05-04,0,2024-05-04,wk inc flu hosp,quantile,0.85,22.039433320999386
16,2024-05-04,0,2024-05-04,wk inc flu hosp,quantile,0.85,27.046937183541857
17,2024-05-04,0,2024-05-04,wk inc flu hosp,quantile,0.85,107.73321865223815
18,2024-05-04,0,2024-05-04,wk inc flu hosp,quantile,0.85,53.71730080258087
19,2024-05-04,0,2024-05-04,wk inc flu hosp,quantile,0.85,28.56333550450312
20,2024-05-04,0,2024-05-04,wk inc flu hosp,quantile,0.85,29.278405577738244
21,2024-05-04,0,2024-05-04,wk inc flu hosp,quantile,0.85,30.815252176119696
22,2024-05-04,0,2024-05-04,wk inc flu hosp,quantile,0.85,23.493727329009808
23,2024-05-04,0,2024-05-04,wk inc flu hosp,quantile,0.85,16.87207719968641
24,2024-05-04,0,2024-05-04,wk inc flu hosp,quantile,0.85,27.34653586069649
25,2024-05-04,0,2024-05-04,wk inc flu hosp,quantile,0.85,89.43972306272835
26,2024-05-04,0,2024-05-04,wk inc flu hosp,quantile,0.85,145.55942658060786
27,2024-05-04,0,2024-05-04,wk inc flu hosp,quantile,0.85,44.841393350498976
28,2024-05-04,0,2024-05-04,wk inc flu hosp,quantile,0.85,24.876894429379586
29,2024-05-04,0,2024-05-04,wk inc flu hosp,quantile,0.85,69.42495067481889
30,2024-05-04,0,2024-05-04,wk inc flu hosp,quantile,0.85,4.029536750925533
31,2024-05-04,0,2024-05-04,wk inc flu hosp,quantile,0.85,21.42621368527227
32,2024-05-04,0,2024-05-04,wk inc flu hosp,quantile,0.85,24.53510252806088
33,2024-05-04,0,2024-05-04,wk inc flu hosp,quantile,0.85,5.881816718771373
34,2024-05-04,0,2024-05-04,wk inc flu hosp,quantile,0.85,106.47566205349732
35,2024-05-04,0,2024-05-04,wk inc flu hosp,quantile,0.85,36.52908367370317
36,2024-05-04,0,2024-05-04,wk inc flu hosp,quantile,0.85,191.3010060888657
37,2024-05-04,0,2024-05-04,wk inc flu hosp,quantile,0.85,22.673566705797178
38,2024-05-04,0,2024-05-04,wk inc flu hosp,quantile,0.85,8.03677811642452
39,2024-05-04,0,2024-05-04,wk inc flu hosp,quantile,0.85,96.36293270254792
40,2024-05-04,0,2024-05-04,wk inc flu hosp,quantile,0.85,43.973577280855075
41,2024-05-04,0,2024-05-04,wk inc flu hosp,quantile,0.85,46.648208695268174
42,2024-05-04,0,2024-05-04,wk inc flu hosp,quantile,0.85,145.32893159274806
44,2024-05-04,0,2024-05-04,wk inc flu hosp,quantile,0.85,8.800390138501625
45,2024-05-04,0,2024-05-04,wk inc flu hosp,quantile,0.85,40.84688736606365
46,2024-05-04,0,2024-05-04,wk inc flu hosp,quantile,0.85,16.189330468809676
47,2024-05-04,0,2024-05-04,wk inc flu hosp,quantile,0.85,59.438758585362585
48,2024-05-04,0,2024-05-04,wk inc flu hosp,quantile,0.85,186.82849624012596
49,2024-05-04,0,2024-05-04,wk inc flu hosp,quantile,0.85,12.979184452007553
50,2024-05-04,0,2024-05-04,wk inc flu hosp,quantile,0.85,7.728699445873151
51,2024-05-04,0,2024-05-04,wk inc flu hosp,quantile,0.85,70.82476142300678
53,2024-05-04,0,2024-05-04,wk inc flu hosp,quantile,0.85,48.248934061979064
54,2024-05-04,0,2024-05-04,wk inc flu hosp,quantile,0.85,42.74264838834797
55,2024-05-04,0,2024-05-04,wk inc flu hosp,quantile,0.85,46.17573758752981
56,2024-05-04,0,2024-05-04,wk inc flu hosp,quantile,0.85,6.4535872418288
72,2024-05-04,0,2024-05-04,wk inc flu hosp,quantile,0.85,51.35279852293667
US,2024-05-04,0,2024-05-04,wk inc flu hosp,quantile,0.85,2996.1019521533603
01,2024-05-04,1,2024-05-11,wk inc flu hosp,quantile,0.85,21.180106687906022
02,2024-05-04,1,2024-05-11,wk inc flu hosp,quantile,0.85,2.7400876909809977
04,2024-05-04,1,2024-05-11,wk inc flu hosp,quantile,0.85,161.02408082422957
05,2024-05-04,1,2024-05-11,wk inc flu hosp,quantile,0.85,142.98881671176025
06,2024-05-04,1,2024-05-11,wk inc flu hosp,quantile,0.85,177.89737731170717
08,2024-05-04,1,2024-05-11,wk inc flu hosp,quantile,0.85,24.146159391673066
09,2024-05-04,1,2024-05-11,wk inc flu hosp,quantile,0.85,92.3024477366426
10,2024-05-04,1,2024-05-11,wk inc flu hosp,quantile,0.85,1.9130308019900544
11,2024-05-04,1,2024-05-11,wk inc flu hosp,quantile,0.85,8.855628795094862
12,2024-05-04,1,2024-05-11,wk inc flu hosp,quantile,0.85,285.13568927960006
13,2024-05-04,1,2024-05-11,wk inc flu hosp,quantile,0.85,39.99026192847231
15,2024-05-04,1,2024-05-11,wk inc flu hosp,quantile,0.85,29.0267692820028
16,2024-05-04,1,2024-05-11,wk inc flu hosp,quantile,0.85,35.06578701151671
17,2024-05-04,1,2024-05-11,wk inc flu hosp,quantile,0.85,93.78537083543623
18,2024-05-04,1,2024-05-11,wk inc flu hosp,quantile,0.85,40.08703331051931
19,2024-05-04,1,2024-05-11,wk inc flu hosp,quantile,0.85,24.990070505487182
20,2024-05-04,1,2024-05-11,wk inc flu hosp,quantile,0.85,28.418014567981718
21,2024-05-04,1,2024-05-11,wk inc flu hosp,quantile,0.85,24.531816286281906
22,2024-05-04,1,2024-05-11,wk inc flu hosp,quantile,0.85,21.241196312025874
23,2024-05-04,1,2024-05-11,wk inc flu hosp,quantile,0.85,17.380202401795582
24,2024-05-04,1,2024-05-11,wk inc flu hosp,quantile,0.85,21.967345462197546
25,2024-05-04,1,2024-05-11,wk inc flu hosp,quantile,0.85,79.56682876767515
26,2024-05-04,1,2024-05-11,wk inc flu hosp,quantile,0.85,125.56305892873921
27,2024-05-04,1,2024-05-11,wk inc flu hosp,quantile,0.85,36.48641290967278
28,2024-05-04,1,2024-05-11,wk inc flu hosp,quantile,0.85,20.499158879222726
29,2024-05-04,1,2024-05-11,wk inc flu hosp,quantile,0.85,55.482010010021924
30,2024-05-04,1,2024-05-11,wk inc flu hosp,quantile,0.85,2.9979819268408825
31,2024-05-04,1,2024-05-11,wk inc flu hosp,quantile,0.85,18.984496708712314
32,2024-05-04,1,2024-05-11,wk inc flu hosp,quantile,0.85,24.013963361550573
33,2024-05-04,1,2024-05-11,wk inc flu hosp,quantile,0.85,4.869580831296301
34,2024-05-04,1,2024-05-11,wk inc flu hosp,quantile,0.85,96.36106480240558
35,2024-05-04,1,2024-05-11,wk inc flu hosp,quantile,0.85,45.557869428290985
36,2024-05-04,1,2024-05-11,wk inc flu hosp,quantile,0.85,170.98197913402555
37,2024-05-04,1,2024-05-11,wk inc flu hosp,quantile,0.85,12.948180713254903
38,2024-05-04,1,2024-05-11,wk inc flu hosp,quantile,0.85,6.716689924625139
39,2024-05-04,1,2024-05-11,wk inc flu hosp,quantile,0.85,81.36227163012661
40,2024-05-04,1,2024-05-11,wk inc flu hosp,quantile,0.85,44.52825435053194
41,2024-05-04,1,2024-05-11,wk inc flu hosp,quantile,0.85,50.313201951867946
42,2024-05-04,1,2024-05-11,wk inc flu hosp,quantile,0.85,116.78907196908702
44,2024-05-04,1,2024-05-11,wk inc flu hosp,quantile,0.85,7.887804620900545
45,2024-05-04,1,2024-05-11,wk inc flu hosp,quantile,0.85,36.70083291462806
46,2024-05-04,1,2024-05-11,wk inc flu hosp,quantile,0.85,16.35052866239201
47,2024-05-04,1,2024-05-11,wk inc flu hosp,quantile,0.85,49.146911346926984
48,2024-05-04,1,2024-05-11,wk inc flu hosp,quantile,0.85,170.6092672799363
49,2024-05-04,1,2024-05-11,wk inc flu hosp,quantile,0.85,20.597420394479947
50,2024-05-04,1,2024-05-11,wk inc flu hosp,quantile,0.85,6.897792472419188
51,2024-05-04,1,2024-05-11,wk inc flu hosp,quantile,0.85,55.78325327154837
53,2024-05-04,1,2024-05-11,wk inc flu hosp,quantile,0.85,50.56011333472577
54,2024-05-04,1,2024-05-11,wk inc flu hosp,quantile,0.85,51.18938736518441
55,2024-05-04,1,2024-05-11,wk inc flu hosp,quantile,0.85,37.058558011724756
56,2024-05-04,1,2024-05-11,wk inc flu hosp,quantile,0.85,6.944251942377622
72,2024-05-04,1,2024-05-11,wk inc flu hosp,quantile,0.85,52.74042696367806
US,2024-05-04,1,2024-05-11,wk inc flu hosp,quantile,0.85,2437.3939761066467
01,2024-05-04,2,2024-05-18,wk inc flu hosp,quantile,0.85,23.379745995342343
02,2024-05-04,2,2024-05-18,wk inc flu hosp,quantile,0.85,2.2405442663631336
04,2024-05-04,2,2024-05-18,wk inc flu hosp,quantile,0.85,184.88695964130156
05,2024-05-04,2,2024-05-18,wk inc flu hosp,quantile,0.85,169.35223192938025
06,2024-05-04,2,2024-05-18,wk inc flu hosp,quantile,0.85,170.20403368658006
08,2024-05-04,2,2024-05-18,wk inc flu hosp,quantile,0.85,19.000797227010437
09,2024-05-04,2,2024-05-18,wk inc flu hosp,quantile,0.85,101.87074205377816
10,2024-05-04,2,2024-05-18,wk inc flu hosp,quantile,0.85,1.306492080408114
11,2024-05-04,2,2024-05-18,wk inc flu hosp,quantile,0.85,7.81346744894852
12,2024-05-04,2,2024-05-18,wk inc flu hosp,quantile,0.85,277.8608710844643
13,2024-05-04,2,2024-05-18,wk inc flu hosp,quantile,0.85,35.83639422753656
15,2024-05-04,2,2024-05-18,wk inc flu hosp,quantile,0.85,36.500806184079025
16,2024-05-04,2,2024-05-18,wk inc flu hosp,quantile,0.85,38.84954724791526
17,2024-05-04,2,2024-05-18,wk inc flu hosp,quantile,0.85,79.50774399583334
18,2024-05-04,2,2024-05-18,wk inc flu hosp,quantile,0.85,33.88025401960873
19,2024-05-04,2,2024-05-18,wk inc flu hosp,quantile,0.85,21.185303808855764
20,2024-05-04,2,2024-05-18,wk inc flu hosp,quantile,0.85,26.872266089307168
21,2024-05-04,2,2024-05-18,wk inc flu hosp,quantile,0.85,20.096447729767746
22,2024-05-04,2,2024-05-18,wk inc flu hosp,quantile,0.85,18.002609546052312
23,2024-05-04,2,2024-05-18,wk inc flu hosp,quantile,0.85,17.879831168297873
24,2024-05-04,2,2024-05-18,wk inc flu hosp,quantile,0.85,16.8078414698068
25,2024-05-04,2,2024-05-18,wk inc flu hosp,quantile,0.85,68.89827976272326
26,2024-05-04,2,2024-05-18,wk inc flu hosp,quantile,0.85,108.27072959837373
27,2024-05-04,2,2024-05-18,wk inc flu hosp,quantile,0.85,30.967294713383197
28,2024-05-04,2,2024-05-18,wk inc flu hosp,quantile,0.85,19.490400757151736
29,2024-05-04,2,2024-05-18,wk inc flu hosp,quantile,0.85,46.68599515563966
30,2024-05-04,2,2024-05-18,wk inc flu hosp,quantile,0.85,2.1115679488488404
31,2024-05-04,2,2024-05-18,wk inc flu hosp,quantile,0.85,16.460785512663886
32,2024-05-04,2,2024-05-18,wk inc flu hosp,quantile,0.85,25.59769829964371
33,2024-05-04,2,2024-05-18,wk inc flu hosp,quantile,0.85,3.835224362955257
34,2024-05-04,2,2024-05-18,wk inc flu hosp,quantile,0.85,86.65455517166154
35,2024-05-04,2,2024-05-18,wk inc flu hosp,quantile,0.85,53.69966313021089
36,2024-05-04,2,2024-05-18,wk inc flu hosp,quantile,0.85,148.25933922859883
37,2024-05-04,2,2024-05-18,wk inc flu hosp,quantile,0.85,6.893296845913849
38,2024-05-04,2,2024-05-18,wk inc flu hosp,quantile,0.85,5.656211322441093
39,2024-05-04,2,2024-05-18,wk inc flu hosp,quantile,0.85,69.75067750057532
40,2024-05-04,2,2024-05-18,wk inc flu hosp,quantile,0.85,47.556032522675835
41,2024-05-04,2,2024-05-18,wk inc flu hosp,quantile,0.85,51.695945898534966
42,2024-05-04,2,2024-05-18,wk inc flu hosp,quantile,0.85,105.58023113443332
44,2024-05-04,2,2024-05-18,wk inc flu hosp,quantile,0.85,6.91600932346071
45,2024-05-04,2,2024-05-18,wk inc flu hosp,quantile,0.85,32.03541111906849
46,2024-05-04,2,2024-05-18,wk inc flu hosp,quantile,0.85,16.170587101750886
47,2024-05-04,2,2024-05-18,wk inc flu hosp,quantile,0.85,44.69321049718875
48,2024-05-04,2,2024-05-18,wk inc flu hosp,quantile,0.85,162.92132717944247
49,2024-05-04,2,2024-05-18,wk inc flu hosp,quantile,0.85,28.2543982330295
50,2024-05-04,2,2024-05-18,wk inc flu hosp,quantile,0.85,6.017165096603697
51,2024-05-04,2,2024-05-18,wk inc flu hosp,quantile,0.85,48.65813776616237
53,2024-05-04,2,2024-05-18,wk inc flu hosp,quantile,0.85,56.68157431218357
54,2024-05-04,2,2024-05-18,wk inc flu hosp,quantile,0.85,55.84841715379278
55,2024-05-04,2,2024-05-18,wk inc flu hosp,quantile,0.85,30.14643668559315
56,2024-05-04,2,2024-05-18,wk inc flu hosp,quantile,0.85,7.66365964040071
72,2024-05-04,2,2024-05-18,wk inc flu hosp,quantile,0.85,57.34594278058393
US,2024-05-04,2,2024-05-18,wk inc flu hosp,quantile,0.85,2165.385414230354
01,2024-05-04,3,2024-05-25,wk inc flu hosp,quantile,0.85,22.683202334214727
02,2024-05-04,3,2024-05-25,wk inc flu hosp,quantile,0.85,1.9743164751039055
04,2024-05-04,3,2024-05-25,wk inc flu hosp,quantile,0.85,207.82461977793656
05,2024-05-04,3,2024-05-25,wk inc flu hosp,quantile,0.85,182.97478922324453
06,2024-05-04,3,2024-05-25,wk inc flu hosp,quantile,0.85,160.39534740235084
08,2024-05-04,3,2024-05-25,wk inc flu hosp,quantile,0.85,14.68128899224051
09,2024-05-04,3,2024-05-25,wk inc flu hosp,quantile,0.85,114.13657442095784
10,2024-05-04,3,2024-05-25,wk inc flu hosp,quantile,0.85,0.8373075368815632
11,2024-05-04,3,2024-05-25,wk inc flu hosp,quantile,0.85,6.959195959414489
12,2024-05-04,3,2024-05-25,wk inc flu hosp,quantile,0.85,260.1103568302319
13,2024-05-04,3,2024-05-25,wk inc flu hosp,quantile,0.85,29.20239109204227
15,2024-05-04,3,2024-05-25,wk inc flu hosp,quantile,0.85,40.56839129576491
16,2024-05-04,3,2024-05-25,wk inc flu hosp,quantile,0.85,47.83576420047885
17,2024-05-04,3,2024-05-25,wk inc flu hosp,quantile,0.85,66.53094223341002
18,2024-05-04,3,2024-05-25,wk inc flu hosp,quantile,0.85,29.076242629911764
19,2024-05-04,3,2024-05-25,wk inc flu hosp,quantile,0.85,17.75296352477337
20,2024-05-04,3,2024-05-25,wk inc flu hosp,quantile,0.85,25.327362136987617
21,2024-05-04,3,2024-05-25,wk inc flu hosp,quantile,0.85,16.530411409962547
22,2024-05-04,3,2024-05-25,wk inc flu hosp,quantile,0.85,14.424539117626475
23,2024-05-04,3,2024-05-25,wk inc flu hosp,quantile,0.85,16.992856956873716
24,2024-05-04,3,2024-05-25,wk inc flu hosp,quantile,0.85,12.096204831514338
25,2024-05-04,3,2024-05-25,wk inc flu hosp,quantile,0.85,59.05335976947593
26,2024-05-04,3,2024-05-25,wk inc flu hosp,quantile,0.85,91.71042859973906
27,2024-05-04,3,2024-05-25,wk inc flu hosp,quantile,0.85,27.02896430293769
28,2024-05-04,3,2024-05-25,wk inc flu hosp,quantile,0.85,18.919039016710055
29,2024-05-04,3,2024-05-25,wk inc flu hosp,quantile,0.85,40.503726547520294
30,2024-05-04,3,2024-05-25,wk inc flu hosp,quantile,0.85,1.4964631102784494
31,2024-05-04,3,2024-05-25,wk inc flu hosp,quantile,0.85,14.24284464057797
32,2024-05-04,3,2024-05-25,wk inc flu hosp,quantile,0.85,25.074661308565695
33,2024-05-04,3,2024-05-25,wk inc flu hosp,quantile,0.85,2.8517352029106227
34,2024-05-04,3,2024-05-25,wk inc flu hosp,quantile,0.85,79.28560441074562
35,2024-05-04,3,2024-05-25,wk inc flu hosp,quantile,0.85,65.8806835451514
36,2024-05-04,3,2024-05-25,wk inc flu hosp,quantile,0.85,127.61181247868522
37,2024-05-04,3,2024-05-25,wk inc flu hosp,quantile,0.85,2.2108158087555463
38,2024-05-04,3,2024-05-25,wk inc flu hosp,quantile,0.85,4.872975468833743
39,2024-05-04,3,2024-05-25,wk inc flu hosp,quantile,0.85,56.64771008037061
40,2024-05-04,3,2024-05-25,wk inc flu hosp,quantile,0.85,49.8601802450366
41,2024-05-04,3,2024-05-25,wk inc flu hosp,quantile,0.85,56.07678797860807
42,2024-05-04,3,2024-05-25,wk inc flu hosp,quantile,0.85,97.2188125512363
44,2024-05-04,3,2024-05-25,wk inc flu hosp,quantile,0.85,5.742972315675985
45,2024-05-04,3,2024-05-25,wk inc flu hosp,quantile,0.85,26.74451346498149
46,2024-05-04,3,2024-05-25,wk inc flu hosp,quantile,0.85,15.297004262840607
47,2024-05-04,3,2024-05-25,wk inc flu hosp,quantile,0.85,39.97096151686294
48,2024-05-04,3,2024-05-25,wk inc flu hosp,quantile,0.85,136.94387201233963
49,2024-05-04,3,2024-05-25,wk inc flu hosp,quantile,0.85,31.911148742150576
50,2024-05-04,3,2024-05-25,wk inc flu hosp,quantile,0.85,5.1937872133809115
51,2024-05-04,3,2024-05-25,wk inc flu hosp,quantile,0.85,42.36213317077486
53,2024-05-04,3,2024-05-25,wk inc flu hosp,quantile,0.85,55.47185303475245
54,2024-05-04,3,2024-05-25,wk inc flu hosp,quantile,0.85,59.94811652648246
55,2024-05-04,3,2024-05-25,wk inc flu hosp,quantile,0.85,24.263734676592883
56,2024-05-04,3,2024-05-25,wk inc flu hosp,quantile,0.85,8.162976853356673
72,2024-05-04,3,2024-05-25,wk inc flu hosp,quantile,0.85,60.44668048952807
US,2024-05-04,3,2024-05-25,wk inc flu hosp,quantile,0.85,1921.8925680103946
01,2024-05-04,0,2024-05-04,wk inc flu hosp,quantile,0.9,21.371166671470693
02,2024-05-04,0,2024-05-04,wk inc flu hosp,quantile,0.9,4.249114867510587
04,2024-05-04,0,2024-05-04,wk inc flu hosp,quantile,0.9,142.74163253544512
05,2024-05-04,0,2024-05-04,wk inc flu hosp,quantile,0.9,112.1006297352318
06,2024-05-04,0,2024-05-04,wk inc flu hosp,quantile,0.9,198.3980073865113
08,2024-05-04,0,2024-05-04,wk inc flu hosp,quantile,0.9,34.90503902923408
09,2024-05-04,0,2024-05-04,wk inc flu hosp,quantile,0.9,88.71810150956318
10,2024-05-04,0,2024-05-04,wk inc flu hosp,quantile,0.9,3.499339142060469
11,2024-05-04,0,2024-05-04,wk inc flu hosp,quantile,0.9,10.899429952615982
12,2024-05-04,0,2024-05-04,wk inc flu hosp,quantile,0.9,329.559934305322
13,2024-05-04,0,2024-05-04,wk inc flu hosp,quantile,0.9,47.86532985376339
15,2024-05-04,0,2024-05-04,wk inc flu hosp,quantile,0.9,22.791832052100254
16,2024-05-04,0,2024-05-04,wk inc flu hosp,quantile,0.9,27.85227233470655
17,2024-05-04,0,2024-05-04,wk inc flu hosp,quantile,0.9,122.95579762679235
18,2024-05-04,0,2024-05-04,wk inc flu hosp,quantile,0.9,61.078263657942685
19,2024-05-04,0,2024-05-04,wk inc flu hosp,quantile,0.9,31.963086469826106
20,2024-05-04,0,2024-05-04,wk inc flu hosp,quantile,0.9,29.737166137348353
21,2024-05-04,0,2024-05-04,wk inc flu hosp,quantile,0.9,36.071500853785196
22,2024-05-04,0,2024-05-04,wk inc flu hosp,quantile,0.9,26.404931884853287
23,2024-05-04,0,2024-05-04,wk inc flu hosp,quantile,0.9,18.02361310589189
24,2024-05-04,0,2024-05-04,wk inc flu hosp,quantile,0.9,33.677210958919446
25,2024-05-04,0,2024-05-04,wk inc flu hosp,quantile,0.9,98.52479516781686
26,2024-05-04,0,2024-05-04,wk inc flu hosp,quantile,0.9,165.39125051628494
27,2024-05-04,0,2024-05-04,wk inc flu hosp,quantile,0.9,49.16486527047807
28,2024-05-04,0,2024-05-04,wk inc flu hosp,quantile,0.9,27.046863749521155
29,2024-05-04,0,2024-05-04,wk inc flu hosp,quantile,0.9,75.52117502112037
30,2024-05-04,0,2024-05-04,wk inc flu hosp,quantile,0.9,4.90618570122401
31,2024-05-04,0,2024-05-04,wk inc flu hosp,quantile,0.9,23.434175260477303
32,2024-05-04,0,2024-05-04,wk inc flu hosp,quantile,0.9,27.197304668313144
33,2024-05-04,0,2024-05-04,wk inc flu hosp,quantile,0.9,6.650791975081478
34,2024-05-04,0,2024-05-04,wk inc flu hosp,quantile,0.9,115.11621489360381
35,2024-05-04,0,2024-05-04,wk inc flu hosp,quantile,0.9,36.63992095642442
36,2024-05-04,0,2024-05-04,wk inc flu hosp,quantile,0.9,220.17196354097777
37,2024-05-04,0,2024-05-04,wk inc flu hosp,quantile,0.9,27.75323503515743
38,2024-05-04,0,2024-05-04,wk inc flu hosp,quantile,0.9,9.07288330695974
39,2024-05-04,0,2024-05-04,wk inc flu hosp,quantile,0.9,110.89207976807438
40,2024-05-04,0,2024-05-04,wk inc flu hosp,quantile,0.9,44.0049179175608
41,2024-05-04,0,2024-05-04,wk inc flu hosp,quantile,0.9,48.0966812719453
42,2024-05-04,0,2024-05-04,wk inc flu hosp,quantile,0.9,157.9811774037825
44,2024-05-04,0,2024-05-04,wk inc flu hosp,quantile,0.9,9.991606455757838
45,2024-05-04,0,2024-05-04,wk inc flu hosp,quantile,0.9,45.24647000736871
46,2024-05-04,0,2024-05-04,wk inc flu hosp,quantile,0.9,16.455749779236488
47,2024-05-04,0,2024-05-04,wk inc flu hosp,quantile,0.9,63.60805490775414
48,2024-05-04,0,2024-05-04,wk inc flu hosp,quantile,0.9,208.31996775992422
49,2024-05-04,0,2024-05-04,wk inc flu hosp,quantile,0.9,13.632457028678353
50,2024-05-04,0,2024-05-04,wk inc flu hosp,quantile,0.9,8.5002029980733
51,2024-05-04,0,2024-05-04,wk inc flu hosp,quantile,0.9,77.77749243898145
53,2024-05-04,0,2024-05-04,wk inc flu hosp,quantile,0.9,52.14250918947005
54,2024-05-04,0,2024-05-04,wk inc flu hosp,quantile,0.9,42.79142119080133
55,2024-05-04,0,2024-05-04,wk inc flu hosp,quantile,0.9,52.08531784241197
56,2024-05-04,0,2024-05-04,wk inc flu hosp,quantile,0.9,6.542823915657354
72,2024-05-04,0,2024-05-04,wk inc flu hosp,quantile,0.9,51.825018193197614
US,2024-05-04,0,2024-05-04,wk inc flu hosp,quantile,0.9,3215.536779473569
01,2024-05-04,1,2024-05-11,wk inc flu hosp,quantile,0.9,21.56953052158533
02,2024-05-04,1,2024-05-11,wk inc flu hosp,quantile,0.9,3.334800395818071
04,2024-05-04,1,2024-05-11,wk inc flu hosp,quantile,0.9,161.6695903197293
05,2024-05-04,1,2024-05-11,wk inc flu hosp,quantile,0.9,152.617082731025
06,2024-05-04,1,2024-05-11,wk inc flu hosp,quantile,0.9,187.83364920890975
08,2024-05-04,1,2024-05-11,wk inc flu hosp,quantile,0.9,29.44886136243421
09,2024-05-04,1,2024-05-11,wk inc flu hosp,quantile,0.9,95.76758788337673
10,2024-05-04,1,2024-05-11,wk inc flu hosp,quantile,0.9,2.715128864343031
11,2024-05-04,1,2024-05-11,wk inc flu hosp,quantile,0.9,9.838799824854513
12,2024-05-04,1,2024-05-11,wk inc flu hosp,quantile,0.9,316.63251302419206
13,2024-05-04,1,2024-05-11,wk inc flu hosp,quantile,0.9,42.902798321212465
15,2024-05-04,1,2024-05-11,wk inc flu hosp,quantile,0.9,29.330895027642086
16,2024-05-04,1,2024-05-11,wk inc flu hosp,quantile,0.9,35.64164987516952
17,2024-05-04,1,2024-05-11,wk inc flu hosp,quantile,0.9,108.46127063469784
18,2024-05-04,1,2024-05-11,wk inc flu hosp,quantile,0.9,47.803327019731135
19,2024-05-04,1,2024-05-11,wk inc flu hosp,quantile,0.9,28.08070182300184
20,2024-05-04,1,2024-05-11,wk inc flu hosp,quantile,0.9,28.724123278476316
21,2024-05-04,1,2024-05-11,wk inc flu hosp,quantile,0.9,30.651002804505335
22,2024-05-04,1,2024-05-11,wk inc flu hosp,quantile,0.9,23.901730990345115
23,2024-05-04,1,2024-05-11,wk inc flu hosp,quantile,0.9,18.066557024016667
24,2024-05-04,1,2024-05-11,wk inc flu hosp,quantile,0.9,28.004815032705753
25,2024-05-04,1,2024-05-11,wk inc flu hosp,quantile,0.9,87.48928568504982
26,2024-05-04,1,2024-05-11,wk inc flu hosp,quantile,0.9,146.19000073187857
27,2024-05-04,1,2024-05-11,wk inc flu hosp,quantile,0.9,41.06703031670298
28,2024-05-04,1,2024-05-11,wk inc flu hosp,quantile,0.9,22.71676556259104
29,2024-05-04,1,2024-05-11,wk inc flu hosp,quantile,0.9,63.30534116609776
30,2024-05-04,1,2024-05-11,wk inc flu hosp,quantile,0.9,4.0447838758015076
31,2024-05-04,1,2024-05-11,wk inc flu hosp,quantile,0.9,20.820743204923364
32,2024-05-04,1,2024-05-11,wk inc flu hosp,quantile,0.9,26.93985402680774
33,2024-05-04,1,2024-05-11,wk inc flu hosp,quantile,0.9,5.5966810439417625
34,2024-05-04,1,2024-05-11,wk inc flu hosp,quantile,0.9,103.65817678917585
35,2024-05-04,1,2024-05-11,wk inc flu hosp,quantile,0.9,46.1493651484848
36,2024-05-04,1,2024-05-11,wk inc flu hosp,quantile,0.9,194.1173240280628
37,2024-05-04,1,2024-05-11,wk inc flu hosp,quantile,0.9,18.35002580677725
38,2024-05-04,1,2024-05-11,wk inc flu hosp,quantile,0.9,7.881055708209421
39,2024-05-04,1,2024-05-11,wk inc flu hosp,quantile,0.9,97.00056180965565
40,2024-05-04,1,2024-05-11,wk inc flu hosp,quantile,0.9,44.910589211492855
41,2024-05-04,1,2024-05-11,wk inc flu hosp,quantile,0.9,50.68931865467805
42,2024-05-04,1,2024-05-11,wk inc flu hosp,quantile,0.9,132.0954871513463
44,2024-05-04,1,2024-05-11,wk inc flu hosp,quantile,0.9,8.910820563786368
45,2024-05-04,1,2024-05-11,wk inc flu hosp,quantile,0.9,40.899380441954285
46,2024-05-04,1,2024-05-11,wk inc flu hosp,quantile,0.9,16.435970065763662
47,2024-05-04,1,2024-05-11,wk inc flu hosp,quantile,0.9,55.68846645996605
48,2024-05-04,1,2024-05-11,wk inc flu hosp,quantile,0.9,197.88848381406248
49,2024-05-04,1,2024-05-11,wk inc flu hosp,quantile,0.9,21.589904501267807
50,2024-05-04,1,2024-05-11,wk inc flu hosp,quantile,0.9,7.633305590254389
51,2024-05-04,1,2024-05-11,wk inc flu hosp,quantile,0.9,63.610948567787034
53,2024-05-04,1,2024-05-11,wk inc flu hosp,quantile,0.9,51.98089091906672
54,2024-05-04,1,2024-05-11,wk inc flu hosp,quantile,0.9,51.411560207112515
55,2024-05-04,1,2024-05-11,wk inc flu hosp,quantile,0.9,43.12223924127074
56,2024-05-04,1,2024-05-11,wk inc flu hosp,quantile,0.9,7.021832351280571
72,2024-05-04,1,2024-05-11,wk inc flu hosp,quantile,0.9,53.206549088192965
US,2024-05-04,1,2024-05-11,wk inc flu hosp,quantile,0.9,2745.3233383663082
01,2024-05-04,2,2024-05-18,wk inc flu hosp,quantile,0.9,23.43447207448167
02,2024-05-04,2,2024-05-18,wk inc flu hosp,quantile,0.9,2.953961685414993
04,2024-05-04,2,2024-05-18,wk inc flu hosp,quantile,0.9,186.44243845111572
05,2024-05-04,2,2024-05-18,wk inc flu hosp,quantile,0.9,185.1628510110976
06,2024-05-04,2,2024-05-18,wk inc flu hosp,quantile,0.9,188.5382753287591
08,2024-05-04,2,2024-05-18,wk inc flu hosp,quantile,0.9,24.36835684502677
09,2024-05-04,2,2024-05-18,wk inc flu hosp,quantile,0.9,108.17745917356281
10,2024-05-04,2,2024-05-18,wk inc flu hosp,quantile,0.9,2.0586685941085694
11,2024-05-04,2,2024-05-18,wk inc flu hosp,quantile,0.9,9.121528923538277
12,2024-05-04,2,2024-05-18,wk inc flu hosp,quantile,0.9,316.6230684772724
13,2024-05-04,2,2024-05-18,wk inc flu hosp,quantile,0.9,39.14993080089993
15,2024-05-04,2,2024-05-18,wk inc flu hosp,quantile,0.9,38.365520271575086
16,2024-05-04,2,2024-05-18,wk inc flu hosp,quantile,0.9,42.74038072614621
17,2024-05-04,2,2024-05-18,wk inc flu hosp,quantile,0.9,93.99067966855196
18,2024-05-04,2,2024-05-18,wk inc flu hosp,quantile,0.9,41.98724760264407
19,2024-05-04,2,2024-05-18,wk inc flu hosp,quantile,0.9,24.036053978416334
20,2024-05-04,2,2024-05-18,wk inc flu hosp,quantile,0.9,29.661788277320476
21,2024-05-04,2,2024-05-18,wk inc flu hosp,quantile,0.9,25.398060069704233
22,2024-05-04,2,2024-05-18,wk inc flu hosp,quantile,0.9,20.520298626980296
23,2024-05-04,2,2024-05-18,wk inc flu hosp,quantile,0.9,18.859985441119825
24,2024-05-04,2,2024-05-18,wk inc flu hosp,quantile,0.9,22.490869537447537
25,2024-05-04,2,2024-05-18,wk inc flu hosp,quantile,0.9,76.35818386606037
26,2024-05-04,2,2024-05-18,wk inc flu hosp,quantile,0.9,126.08312805200381
27,2024-05-04,2,2024-05-18,wk inc flu hosp,quantile,0.9,36.06613136926107
28,2024-05-04,2,2024-05-18,wk inc flu hosp,quantile,0.9,21.771510464938636
29,2024-05-04,2,2024-05-18,wk inc flu hosp,quantile,0.9,54.99211568363051
30,2024-05-04,2,2024-05-18,wk inc flu hosp,quantile,0.9,3.1674971656371054
31,2024-05-04,2,2024-05-18,wk inc flu hosp,quantile,0.9,18.251161439213682
32,2024-05-04,2,2024-05-18,wk inc flu hosp,quantile,0.9,28.947272613814242
33,2024-05-04,2,2024-05-18,wk inc flu hosp,quantile,0.9,4.429701420146703
34,2024-05-04,2,2024-05-18,wk inc flu hosp,quantile,0.9,96.27708877726488
35,2024-05-04,2,2024-05-18,wk inc flu hosp,quantile,0.9,60.43322163515251
36,2024-05-04,2,2024-05-18,wk inc flu hosp,quantile,0.9,172.93504765675064
37,2024-05-04,2,2024-05-18,wk inc flu hosp,quantile,0.9,12.10014947492252
38,2024-05-04,2,2024-05-18,wk inc flu hosp,quantile,0.9,6.894724820876823
39,2024-05-04,2,2024-05-18,wk inc flu hosp,quantile,0.9,82.59664633970158
40,2024-05-04,2,2024-05-18,wk inc flu hosp,quantile,0.9,48.49576667064966
41,2024-05-04,2,2024-05-18,wk inc flu hosp,quantile,0.9,53.334435723190744
42,2024-05-04,2,2024-05-18,wk inc flu hosp,quantile,0.9,120.61976100400537
44,2024-05-04,2,2024-05-18,wk inc flu hosp,quantile,0.9,7.764590340410338
45,2024-05-04,2,2024-05-18,wk inc flu hosp,quantile,0.9,35.346577766140925
46,2024-05-04,2,2024-05-18,wk inc flu hosp,quantile,0.9,16.20871725525462
47,2024-05-04,2,2024-05-18,wk inc flu hosp,quantile,0.9,50.631217969002975
48,2024-05-04,2,2024-05-18,wk inc flu hosp,quantile,0.9,190.89371045448843
49,2024-05-04,2,2024-05-18,wk inc flu hosp,quantile,0.9,32.511961476500446
50,2024-05-04,2,2024-05-18,wk inc flu hosp,quantile,0.9,6.774128235772443
51,2024-05-04,2,2024-05-18,wk inc flu hosp,quantile,0.9,56.95411336202264
53,2024-05-04,2,2024-05-18,wk inc flu hosp,quantile,0.9,58.073905741202964
54,2024-05-04,2,2024-05-18,wk inc flu hosp,quantile,0.9,60.588289424123076
55,2024-05-04,2,2024-05-18,wk inc flu hosp,quantile,0.9,36.037044148510724
56,2024-05-04,2,2024-05-18,wk inc flu hosp,quantile,0.9,7.678799734668261
72,2024-05-04,2,2024-05-18,wk inc flu hosp,quantile,0.9,57.704775144597235
US,2024-05-04,2,2024-05-18,wk inc flu hosp,quantile,0.9,2480.341488986467
01,2024-05-04,3,2024-05-25,wk inc flu hosp,quantile,0.9,24.028955114594204
02,2024-05-04,3,2024-05-25,wk inc flu hosp,quantile,0.9,2.7743439827708034
04,2024-05-04,3,2024-05-25,wk inc flu hosp,quantile,0.9,218.8051002233381
05,2024-05-04,3,2024-05-25,wk inc flu hosp,quantile,0.9,200.6029699600346
06,2024-05-04,3,2024-05-25,wk inc flu hosp,quantile,0.9,178.76141990326653
08,2024-05-04,3,2024-05-25,wk inc flu hosp,quantile,0.9,20.9253187756129
09,2024-05-04,3,2024-05-25,wk inc flu hosp,quantile,0.9,114.47790484321823
10,2024-05-04,3,2024-05-25,wk inc flu hosp,quantile,0.9,1.7196187389712347
11,2024-05-04,3,2024-05-25,wk inc flu hosp,quantile,0.9,8.42033584104563
12,2024-05-04,3,2024-05-25,wk inc flu hosp,quantile,0.9,298.8398939115536
13,2024-05-04,3,2024-05-25,wk inc flu hosp,quantile,0.9,33.66677015813347
15,2024-05-04,3,2024-05-25,wk inc flu hosp,quantile,0.9,43.65043893588982
16,2024-05-04,3,2024-05-25,wk inc flu hosp,quantile,0.9,53.43509418134619
17,2024-05-04,3,2024-05-25,wk inc flu hosp,quantile,0.9,84.24651623464433
18,2024-05-04,3,2024-05-25,wk inc flu hosp,quantile,0.9,38.58213647254019
19,2024-05-04,3,2024-05-25,wk inc flu hosp,quantile,0.9,21.645146130826763
20,2024-05-04,3,2024-05-25,wk inc flu hosp,quantile,0.9,28.308630669989743
21,2024-05-04,3,2024-05-25,wk inc flu hosp,quantile,0.9,22.701504161428957
22,2024-05-04,3,2024-05-25,wk inc flu hosp,quantile,0.9,17.384160699814895
23,2024-05-04,3,2024-05-25,wk inc flu hosp,quantile,0.9,20.421378358387923
24,2024-05-04,3,2024-05-25,wk inc flu hosp,quantile,0.9,18.588575330228576
25,2024-05-04,3,2024-05-25,wk inc flu hosp,quantile,0.9,69.40820226962055
26,2024-05-04,3,2024-05-25,wk inc flu hosp,quantile,0.9,112.06995280928501
27,2024-05-04,3,2024-05-25,wk inc flu hosp,quantile,0.9,32.61855466878869
28,2024-05-04,3,2024-05-25,wk inc flu hosp,quantile,0.9,20.138386391048993
29,2024-05-04,3,2024-05-25,wk inc flu hosp,quantile,0.9,49.132488160677106
30,2024-05-04,3,2024-05-25,wk inc flu hosp,quantile,0.9,2.7298931473195474
31,2024-05-04,3,2024-05-25,wk inc flu hosp,quantile,0.9,16.732584399119272
32,2024-05-04,3,2024-05-25,wk inc flu hosp,quantile,0.9,28.005312988278252
33,2024-05-04,3,2024-05-25,wk inc flu hosp,quantile,0.9,3.780247426133782
34,2024-05-04,3,2024-05-25,wk inc flu hosp,quantile,0.9,86.4351796962201
35,2024-05-04,3,2024-05-25,wk inc flu hosp,quantile,0.9,67.92256818987879
36,2024-05-04,3,2024-05-25,wk inc flu hosp,quantile,0.9,156.18043975862818
37,2024-05-04,3,2024-05-25,wk inc flu hosp,quantile,0.9,8.198432574755554
38,2024-05-04,3,2024-05-25,wk inc flu hosp,quantile,0.9,6.376905532796177
39,2024-05-04,3,2024-05-25,wk inc flu hosp,quantile,0.9,73.10422890819979
40,2024-05-04,3,2024-05-25,wk inc flu hosp,quantile,0.9,50.1278068065047
41,2024-05-04,3,2024-05-25,wk inc flu hosp,quantile,0.9,58.731413568568556
42,2024-05-04,3,2024-05-25,wk inc flu hosp,quantile,0.9,113.66039917206047
44,2024-05-04,3,2024-05-25,wk inc flu hosp,quantile,0.9,7.020788281102136
45,2024-05-04,3,2024-05-25,wk inc flu hosp,quantile,0.9,31.3725374078725
46,2024-05-04,3,2024-05-25,wk inc flu hosp,quantile,0.9,16.503639028254177
47,2024-05-04,3,2024-05-25,wk inc flu hosp,quantile,0.9,46.32299495780339
48,2024-05-04,3,2024-05-25,wk inc flu hosp,quantile,0.9,168.85510348112032
49,2024-05-04,3,2024-05-25,wk inc flu hosp,quantile,0.9,39.350755866976556
50,2024-05-04,3,2024-05-25,wk inc flu hosp,quantile,0.9,6.098155832022325
51,2024-05-04,3,2024-05-25,wk inc flu hosp,quantile,0.9,52.09210464768428
53,2024-05-04,3,2024-05-25,wk inc flu hosp,quantile,0.9,60.230659211655514
54,2024-05-04,3,2024-05-25,wk inc flu hosp,quantile,0.9,67.54858243331691
55,2024-05-04,3,2024-05-25,wk inc flu hosp,quantile,0.9,30.732785952945793
56,2024-05-04,3,2024-05-25,wk inc flu hosp,quantile,0.9,8.209718768493053
72,2024-05-04,3,2024-05-25,wk inc flu hosp,quantile,0.9,60.79328091259545
US,2024-05-04,3,2024-05-25,wk inc flu hosp,quantile,0.9,2255.434629638666
01,2024-05-04,0,2024-05-04,wk inc flu hosp,quantile,0.95,23.058352766341116
02,2024-05-04,0,2024-05-04,wk inc flu hosp,quantile,0.95,5.428844135353465
04,2024-05-04,0,2024-05-04,wk inc flu hosp,quantile,0.95,147.96276373708943
05,2024-05-04,0,2024-05-04,wk inc flu hosp,quantile,0.95,118.93411133455518
06,2024-05-04,0,2024-05-04,wk inc flu hosp,quantile,0.95,229.08505065842536
08,2024-05-04,0,2024-05-04,wk inc flu hosp,quantile,0.95,38.70297873744828
09,2024-05-04,0,2024-05-04,wk inc flu hosp,quantile,0.95,89.0973808813735
10,2024-05-04,0,2024-05-04,wk inc flu hosp,quantile,0.95,4.8119646364808535
11,2024-05-04,0,2024-05-04,wk inc flu hosp,quantile,0.95,12.788703513669573
12,2024-05-04,0,2024-05-04,wk inc flu hosp,quantile,0.95,341.78549018763766
13,2024-05-04,0,2024-05-04,wk inc flu hosp,quantile,0.95,58.00887567975789
15,2024-05-04,0,2024-05-04,wk inc flu hosp,quantile,0.95,23.806728306553367
16,2024-05-04,0,2024-05-04,wk inc flu hosp,quantile,0.95,29.767357920433447
17,2024-05-04,0,2024-05-04,wk inc flu hosp,quantile,0.95,134.97679391631672
18,2024-05-04,0,2024-05-04,wk inc flu hosp,quantile,0.95,70.72108860912131
19,2024-05-04,0,2024-05-04,wk inc flu hosp,quantile,0.95,35.829085610262204
20,2024-05-04,0,2024-05-04,wk inc flu hosp,quantile,0.95,33.95698602992126
21,2024-05-04,0,2024-05-04,wk inc flu hosp,quantile,0.95,40.947222927383784
22,2024-05-04,0,2024-05-04,wk inc flu hosp,quantile,0.95,31.053925590237082
23,2024-05-04,0,2024-05-04,wk inc flu hosp,quantile,0.95,18.459738668887866
24,2024-05-04,0,2024-05-04,wk inc flu hosp,quantile,0.95,38.05786763031838
25,2024-05-04,0,2024-05-04,wk inc flu hosp,quantile,0.95,107.88506998725192
26,2024-05-04,0,2024-05-04,wk inc flu hosp,quantile,0.95,179.4418515220285
27,2024-05-04,0,2024-05-04,wk inc flu hosp,quantile,0.95,55.89034342179595
28,2024-05-04,0,2024-05-04,wk inc flu hosp,quantile,0.95,31.456202719006537
29,2024-05-04,0,2024-05-04,wk inc flu hosp,quantile,0.95,86.11692354079082
30,2024-05-04,0,2024-05-04,wk inc flu hosp,quantile,0.95,6.884808722222118
31,2024-05-04,0,2024-05-04,wk inc flu hosp,quantile,0.95,26.04479227517934
32,2024-05-04,0,2024-05-04,wk inc flu hosp,quantile,0.95,27.65639368214441
33,2024-05-04,0,2024-05-04,wk inc flu hosp,quantile,0.95,8.58961127436564
34,2024-05-04,0,2024-05-04,wk inc flu hosp,quantile,0.95,130.80489492028104
35,2024-05-04,0,2024-05-04,wk inc flu hosp,quantile,0.95,37.91598889072406
36,2024-05-04,0,2024-05-04,wk inc flu hosp,quantile,0.95,243.31375128999363
37,2024-05-04,0,2024-05-04,wk inc flu hosp,quantile,0.95,35.744497314035605
38,2024-05-04,0,2024-05-04,wk inc flu hosp,quantile,0.95,11.35807559143546
39,2024-05-04,0,2024-05-04,wk inc flu hosp,quantile,0.95,123.6812750328137
40,2024-05-04,0,2024-05-04,wk inc flu hosp,quantile,0.95,44.77410828626208
41,2024-05-04,0,2024-05-04,wk inc flu hosp,quantile,0.95,48.40475940121981
42,2024-05-04,0,2024-05-04,wk inc flu hosp,quantile,0.95,179.99957588081685
44,2024-05-04,0,2024-05-04,wk inc flu hosp,quantile,0.95,11.989553574229538
45,2024-05-04,0,2024-05-04,wk inc flu hosp,quantile,0.95,49.8502806772466
46,2024-05-04,0,2024-05-04,wk inc flu hosp,quantile,0.95,17.369700901588043
47,2024-05-04,0,2024-05-04,wk inc flu hosp,quantile,0.95,73.72081280718834
48,2024-05-04,0,2024-05-04,wk inc flu hosp,quantile,0.95,236.95221200361837
49,2024-05-04,0,2024-05-04,wk inc flu hosp,quantile,0.95,16.732047501528175
50,2024-05-04,0,2024-05-04,wk inc flu hosp,quantile,0.95,10.191935364951917
51,2024-05-04,0,2024-05-04,wk inc flu hosp,quantile,0.95,89.68665346405658
53,2024-05-04,0,2024-05-04,wk inc flu hosp,quantile,0.95,53.79109933145756
54,2024-05-04,0,2024-05-04,wk inc flu hosp,quantile,0.95,44.15441131353151
55,2024-05-04,0,2024-05-04,wk inc flu hosp,quantile,0.95,60.065953427698474
56,2024-05-04,0,2024-05-04,wk inc flu hosp,quantile,0.95,6.761335569956159
72,2024-05-04,0,2024-05-04,wk inc flu hosp,quantile,0.95,51.90286197841477
US,2024-05-04,0,2024-05-04,wk inc flu hosp,quantile,0.95,3659.035357125143
01,2024-05-04,1,2024-05-11,wk inc flu hosp,quantile,0.95,22.854526201588072
02,2024-05-04,1,2024-05-11,wk inc flu hosp,quantile,0.95,4.732732489651882
04,2024-05-04,1,2024-05-11,wk inc flu hosp,quantile,0.95,166.1166777025008
05,2024-05-04,1,2024-05-11,wk inc flu hosp,quantile,0.95,161.917069750552
06,2024-05-04,1,2024-05-11,wk inc flu hosp,quantile,0.95,217.45126367991597
08,2024-05-04,1,2024-05-11,wk inc flu hosp,quantile,0.95,34.550810051006266
09,2024-05-04,1,2024-05-11,wk inc flu hosp,quantile,0.95,96.02722310506566
10,2024-05-04,1,2024-05-11,wk inc flu hosp,quantile,0.95,4.119571824045767
11,2024-05-04,1,2024-05-11,wk inc flu hosp,quantile,0.95,11.983955057442891
12,2024-05-04,1,2024-05-11,wk inc flu hosp,quantile,0.95,334.5462357785639
13,2024-05-04,1,2024-05-11,wk inc flu hosp,quantile,0.95,51.4304660779548
15,2024-05-04,1,2024-05-11,wk inc flu hosp,quantile,0.95,29.401859043014795
16,2024-05-04,1,2024-05-11,wk inc flu hosp,quantile,0.95,37.98872308131324
17,2024-05-04,1,2024-05-11,wk inc flu hosp,quantile,0.95,123.39040955193978
18,2024-05-04,1,2024-05-11,wk inc flu hosp,quantile,0.95,58.95806936753817
19,2024-05-04,1,2024-05-11,wk inc flu hosp,quantile,0.95,31.743424299280484
20,2024-05-04,1,2024-05-11,wk inc flu hosp,quantile,0.95,33.72172350197207
21,2024-05-04,1,2024-05-11,wk inc flu hosp,quantile,0.95,36.71986279776342
22,2024-05-04,1,2024-05-11,wk inc flu hosp,quantile,0.95,27.721859949814323
23,2024-05-04,1,2024-05-11,wk inc flu hosp,quantile,0.95,19.141884052377943
24,2024-05-04,1,2024-05-11,wk inc flu hosp,quantile,0.95,34.78014591333477
25,2024-05-04,1,2024-05-11,wk inc flu hosp,quantile,0.95,98.44747038599297
26,2024-05-04,1,2024-05-11,wk inc flu hosp,quantile,0.95,165.97430772415302
27,2024-05-04,1,2024-05-11,wk inc flu hosp,quantile,0.95,48.47422666659756
28,2024-05-04,1,2024-05-11,wk inc flu hosp,quantile,0.95,28.380547026194307
29,2024-05-04,1,2024-05-11,wk inc flu hosp,quantile,0.95,74.01490868463952
30,2024-05-04,1,2024-05-11,wk inc flu hosp,quantile,0.95,5.988112988928263
31,2024-05-04,1,2024-05-11,wk inc flu hosp,quantile,0.95,23.556019926210503
32,2024-05-04,1,2024-05-11,wk inc flu hosp,quantile,0.95,28.033155908961824
33,2024-05-04,1,2024-05-11,wk inc flu hosp,quantile,0.95,7.562440474878871
34,2024-05-04,1,2024-05-11,wk inc flu hosp,quantile,0.95,118.48147332641365
35,2024-05-04,1,2024-05-11,wk inc flu hosp,quantile,0.95,46.76691107145853
36,2024-05-04,1,2024-05-11,wk inc flu hosp,quantile,0.95,221.88034174525646
37,2024-05-04,1,2024-05-11,wk inc flu hosp,quantile,0.95,27.605179772693987
38,2024-05-04,1,2024-05-11,wk inc flu hosp,quantile,0.95,10.288866571340213
39,2024-05-04,1,2024-05-11,wk inc flu hosp,quantile,0.95,111.94875108002931
40,2024-05-04,1,2024-05-11,wk inc flu hosp,quantile,0.95,45.066932015129446
41,2024-05-04,1,2024-05-11,wk inc flu hosp,quantile,0.95,51.937250135126384
42,2024-05-04,1,2024-05-11,wk inc flu hosp,quantile,0.95,157.86565863763818
44,2024-05-04,1,2024-05-11,wk inc flu hosp,quantile,0.95,11.184816006907676
45,2024-05-04,1,2024-05-11,wk inc flu hosp,quantile,0.95,46.07245746883256
46,2024-05-04,1,2024-05-11,wk inc flu hosp,quantile,0.95,17.344726648727658
47,2024-05-04,1,2024-05-11,wk inc flu hosp,quantile,0.95,67.35518568422314
48,2024-05-04,1,2024-05-11,wk inc flu hosp,quantile,0.95,221.42621530900524
49,2024-05-04,1,2024-05-11,wk inc flu hosp,quantile,0.95,24.689006932094017
50,2024-05-04,1,2024-05-11,wk inc flu hosp,quantile,0.95,9.630961800555426
51,2024-05-04,1,2024-05-11,wk inc flu hosp,quantile,0.95,78.36179705635782
53,2024-05-04,1,2024-05-11,wk inc flu hosp,quantile,0.95,54.468282143112646
54,2024-05-04,1,2024-05-11,wk inc flu hosp,quantile,0.95,51.86590382761863
55,2024-05-04,1,2024-05-11,wk inc flu hosp,quantile,0.95,52.77595551856008
56,2024-05-04,1,2024-05-11,wk inc flu hosp,quantile,0.95,7.118062017324739
72,2024-05-04,1,2024-05-11,wk inc flu hosp,quantile,0.95,53.85729839492622
US,2024-05-04,1,2024-05-11,wk inc flu hosp,quantile,0.95,3303.7448241135603
01,2024-05-04,2,2024-05-18,wk inc flu hosp,quantile,0.95,25.014721901260522
02,2024-05-04,2,2024-05-18,wk inc flu hosp,quantile,0.95,4.227190968568079
04,2024-05-04,2,2024-05-18,wk inc flu hosp,quantile,0.95,188.4947694587874
05,2024-05-04,2,2024-05-18,wk inc flu hosp,quantile,0.95,188.2843176880414
06,2024-05-04,2,2024-05-18,wk inc flu hosp,quantile,0.95,222.59123965755444
08,2024-05-04,2,2024-05-18,wk inc flu hosp,quantile,0.95,31.56038220148661
09,2024-05-04,2,2024-05-18,wk inc flu hosp,quantile,0.95,108.217505628007
10,2024-05-04,2,2024-05-18,wk inc flu hosp,quantile,0.95,3.560448739198486
11,2024-05-04,2,2024-05-18,wk inc flu hosp,quantile,0.95,11.507240419863217
12,2024-05-04,2,2024-05-18,wk inc flu hosp,quantile,0.95,331.3965932409439
13,2024-05-04,2,2024-05-18,wk inc flu hosp,quantile,0.95,47.31892470230027
15,2024-05-04,2,2024-05-18,wk inc flu hosp,quantile,0.95,38.678960544654856
16,2024-05-04,2,2024-05-18,wk inc flu hosp,quantile,0.95,45.1952858521526
17,2024-05-04,2,2024-05-18,wk inc flu hosp,quantile,0.95,115.60468476190565
18,2024-05-04,2,2024-05-18,wk inc flu hosp,quantile,0.95,54.843817288311634
19,2024-05-04,2,2024-05-18,wk inc flu hosp,quantile,0.95,29.366013621485035
20,2024-05-04,2,2024-05-18,wk inc flu hosp,quantile,0.95,33.87625561521926
21,2024-05-04,2,2024-05-18,wk inc flu hosp,quantile,0.95,32.9484817406521
22,2024-05-04,2,2024-05-18,wk inc flu hosp,quantile,0.95,23.9210602349611
23,2024-05-04,2,2024-05-18,wk inc flu hosp,quantile,0.95,19.92619274059852
24,2024-05-04,2,2024-05-18,wk inc flu hosp,quantile,0.95,31.553745217861053
25,2024-05-04,2,2024-05-18,wk inc flu hosp,quantile,0.95,92.29724933645751
26,2024-05-04,2,2024-05-18,wk inc flu hosp,quantile,0.95,152.3751603195013
27,2024-05-04,2,2024-05-18,wk inc flu hosp,quantile,0.95,43.95897347101106
28,2024-05-04,2,2024-05-18,wk inc flu hosp,quantile,0.95,28.0183016124957
29,2024-05-04,2,2024-05-18,wk inc flu hosp,quantile,0.95,66.24314475953007
30,2024-05-04,2,2024-05-18,wk inc flu hosp,quantile,0.95,5.269090549593896
31,2024-05-04,2,2024-05-18,wk inc flu hosp,quantile,0.95,22.17576908061415
32,2024-05-04,2,2024-05-18,wk inc flu hosp,quantile,0.95,29.955577586576347
33,2024-05-04,2,2024-05-18,wk inc flu hosp,quantile,0.95,6.693821350898773
34,2024-05-04,2,2024-05-18,wk inc flu hosp,quantile,0.95,112.49469891165536
35,2024-05-04,2,2024-05-18,wk inc flu hosp,quantile,0.95,64.6533890536317
36,2024-05-04,2,2024-05-18,wk inc flu hosp,quantile,0.95,206.2368338177844
37,2024-05-04,2,2024-05-18,wk inc flu hosp,quantile,0.95,22.08941039081532
38,2024-05-04,2,2024-05-18,wk inc flu hosp,quantile,0.95,9.51404533654801
39,2024-05-04,2,2024-05-18,wk inc flu hosp,quantile,0.95,104.0872068059274
40,2024-05-04,2,2024-05-18,wk inc flu hosp,quantile,0.95,48.829615177406744
41,2024-05-04,2,2024-05-18,wk inc flu hosp,quantile,0.95,54.99033213489062
42,2024-05-04,2,2024-05-18,wk inc flu hosp,quantile,0.95,146.95143305910196
44,2024-05-04,2,2024-05-18,wk inc flu hosp,quantile,0.95,10.459599198861312
45,2024-05-04,2,2024-05-18,wk inc flu hosp,quantile,0.95,42.62117157067593
46,2024-05-04,2,2024-05-18,wk inc flu hosp,quantile,0.95,17.099765468242502
47,2024-05-04,2,2024-05-18,wk inc flu hosp,quantile,0.95,63.841372200257396
48,2024-05-04,2,2024-05-18,wk inc flu hosp,quantile,0.95,220.35933571194423
49,2024-05-04,2,2024-05-18,wk inc flu hosp,quantile,0.95,33.33997054186577
50,2024-05-04,2,2024-05-18,wk inc flu hosp,quantile,0.95,8.93595932893262
51,2024-05-04,2,2024-05-18,wk inc flu hosp,quantile,0.95,73.74416534878443
53,2024-05-04,2,2024-05-18,wk inc flu hosp,quantile,0.95,58.164672647237154
54,2024-05-04,2,2024-05-18,wk inc flu hosp,quantile,0.95,63.8054135528275
55,2024-05-04,2,2024-05-18,wk inc flu hosp,quantile,0.95,46.51044893724728
56,2024-05-04,2,2024-05-18,wk inc flu hosp,quantile,0.95,7.7649848675016955
72,2024-05-04,2,2024-05-18,wk inc flu hosp,quantile,0.95,58.575308152058234
US,2024-05-04,2,2024-05-18,wk inc flu hosp,quantile,0.95,3088.895427746608
01,2024-05-04,3,2024-05-25,wk inc flu hosp,quantile,0.95,25.856327398813804
02,2024-05-04,3,2024-05-25,wk inc flu hosp,quantile,0.95,4.233456876903364
04,2024-05-04,3,2024-05-25,wk inc flu hosp,quantile,0.95,222.81677277311996
05,2024-05-04,3,2024-05-25,wk inc flu hosp,quantile,0.95,216.8268084134841
06,2024-05-04,3,2024-05-25,wk inc flu hosp,quantile,0.95,222.0223040891474
08,2024-05-04,3,2024-05-25,wk inc flu hosp,quantile,0.95,31.072240113542886
09,2024-05-04,3,2024-05-25,wk inc flu hosp,quantile,0.95,115.21582976702999
10,2024-05-04,3,2024-05-25,wk inc flu hosp,quantile,0.95,3.516864389622984
11,2024-05-04,3,2024-05-25,wk inc flu hosp,quantile,0.95,11.408436777416128
12,2024-05-04,3,2024-05-25,wk inc flu hosp,quantile,0.95,326.9435774719125
13,2024-05-04,3,2024-05-25,wk inc flu hosp,quantile,0.95,45.933533955201504
15,2024-05-04,3,2024-05-25,wk inc flu hosp,quantile,0.95,43.6929570649563
16,2024-05-04,3,2024-05-25,wk inc flu hosp,quantile,0.95,55.2990853679736
17,2024-05-04,3,2024-05-25,wk inc flu hosp,quantile,0.95,111.9822765918437
18,2024-05-04,3,2024-05-25,wk inc flu hosp,quantile,0.95,54.88707481102028
19,2024-05-04,3,2024-05-25,wk inc flu hosp,quantile,0.95,28.389260016557852
20,2024-05-04,3,2024-05-25,wk inc flu hosp,quantile,0.95,34.0731833015616
21,2024-05-04,3,2024-05-25,wk inc flu hosp,quantile,0.95,32.621592315504124
22,2024-05-04,3,2024-05-25,wk inc flu hosp,quantile,0.95,23.086300464374418
23,2024-05-04,3,2024-05-25,wk inc flu hosp,quantile,0.95,20.866441112399784
24,2024-05-04,3,2024-05-25,wk inc flu hosp,quantile,0.95,30.04270459447504
25,2024-05-04,3,2024-05-25,wk inc flu hosp,quantile,0.95,89.6033612442554
26,2024-05-04,3,2024-05-25,wk inc flu hosp,quantile,0.95,149.08414935487474
27,2024-05-04,3,2024-05-25,wk inc flu hosp,quantile,0.95,44.20170968801148
28,2024-05-04,3,2024-05-25,wk inc flu hosp,quantile,0.95,27.974963108279713
29,2024-05-04,3,2024-05-25,wk inc flu hosp,quantile,0.95,65.64675491050292
30,2024-05-04,3,2024-05-25,wk inc flu hosp,quantile,0.95,5.292323402104762
31,2024-05-04,3,2024-05-25,wk inc flu hosp,quantile,0.95,21.644489460658395
32,2024-05-04,3,2024-05-25,wk inc flu hosp,quantile,0.95,30.59962844436352
33,2024-05-04,3,2024-05-25,wk inc flu hosp,quantile,0.95,6.518801238056948
34,2024-05-04,3,2024-05-25,wk inc flu hosp,quantile,0.95,108.90314594983788
35,2024-05-04,3,2024-05-25,wk inc flu hosp,quantile,0.95,73.54226116461152
36,2024-05-04,3,2024-05-25,wk inc flu hosp,quantile,0.95,203.9825230110462
37,2024-05-04,3,2024-05-25,wk inc flu hosp,quantile,0.95,21.20726236080313
38,2024-05-04,3,2024-05-25,wk inc flu hosp,quantile,0.95,9.46086505176239
39,2024-05-04,3,2024-05-25,wk inc flu hosp,quantile,0.95,101.15171631119301
40,2024-05-04,3,2024-05-25,wk inc flu hosp,quantile,0.95,50.69962385746432
41,2024-05-04,3,2024-05-25,wk inc flu hosp,quantile,0.95,60.11354189957716
42,2024-05-04,3,2024-05-25,wk inc flu hosp,quantile,0.95,147.84504819309683
44,2024-05-04,3,2024-05-25,wk inc flu hosp,quantile,0.95,10.185701347034794
45,2024-05-04,3,2024-05-25,wk inc flu hosp,quantile,0.95,41.24329789166488
46,2024-05-04,3,2024-05-25,wk inc flu hosp,quantile,0.95,17.261653084028865
47,2024-05-04,3,2024-05-25,wk inc flu hosp,quantile,0.95,63.18275998556309
48,2024-05-04,3,2024-05-25,wk inc flu hosp,quantile,0.95,212.78871541774913
49,2024-05-04,3,2024-05-25,wk inc flu hosp,quantile,0.95,47.34020269895414
50,2024-05-04,3,2024-05-25,wk inc flu hosp,quantile,0.95,8.734995899427666
51,2024-05-04,3,2024-05-25,wk inc flu hosp,quantile,0.95,73.9565319217704
53,2024-05-04,3,2024-05-25,wk inc flu hosp,quantile,0.95,60.522110190185614
54,2024-05-04,3,2024-05-25,wk inc flu hosp,quantile,0.95,71.3546526616929
55,2024-05-04,3,2024-05-25,wk inc flu hosp,quantile,0.95,45.95804594997923
56,2024-05-04,3,2024-05-25,wk inc flu hosp,quantile,0.95,8.496190331411402
72,2024-05-04,3,2024-05-25,wk inc flu hosp,quantile,0.95,62.026254411408075
US,2024-05-04,3,2024-05-25,wk inc flu hosp,quantile,0.95,3020.9549640820605
01,2024-05-04,0,2024-05-04,wk inc flu hosp,quantile,0.975,23.931321258956544
02,2024-05-04,0,2024-05-04,wk inc flu hosp,quantile,0.975,6.882945378237495
04,2024-05-04,0,2024-05-04,wk inc flu hosp,quantile,0.975,150.91343966786155
05,2024-05-04,0,2024-05-04,wk inc flu hosp,quantile,0.975,130.81559510318155
06,2024-05-04,0,2024-05-04,wk inc flu hosp,quantile,0.975,242.28946506532938
08,2024-05-04,0,2024-05-04,wk inc flu hosp,quantile,0.975,39.93728461232694
09,2024-05-04,0,2024-05-04,wk inc flu hosp,quantile,0.975,90.34381824551133
10,2024-05-04,0,2024-05-04,wk inc flu hosp,quantile,0.975,5.732107573489093
11,2024-05-04,0,2024-05-04,wk inc flu hosp,quantile,0.975,14.712202967272543
12,2024-05-04,0,2024-05-04,wk inc flu hosp,quantile,0.975,349.19649307737706
13,2024-05-04,0,2024-05-04,wk inc flu hosp,quantile,0.975,60.811419624437534
15,2024-05-04,0,2024-05-04,wk inc flu hosp,quantile,0.975,25.40276086088958
16,2024-05-04,0,2024-05-04,wk inc flu hosp,quantile,0.975,31.54822747484573
17,2024-05-04,0,2024-05-04,wk inc flu hosp,quantile,0.975,137.07133194566796
18,2024-05-04,0,2024-05-04,wk inc flu hosp,quantile,0.975,72.39405054353382
19,2024-05-04,0,2024-05-04,wk inc flu hosp,quantile,0.975,36.43806803701222
20,2024-05-04,0,2024-05-04,wk inc flu hosp,quantile,0.975,37.49748047336838
21,2024-05-04,0,2024-05-04,wk inc flu hosp,quantile,0.975,41.796283160910484
22,2024-05-04,0,2024-05-04,wk inc flu hosp,quantile,0.975,32.250621965934194
23,2024-05-04,0,2024-05-04,wk inc flu hosp,quantile,0.975,21.01755683393211
24,2024-05-04,0,2024-05-04,wk inc flu hosp,quantile,0.975,38.22480413876466
25,2024-05-04,0,2024-05-04,wk inc flu hosp,quantile,0.975,109.1795116182609
26,2024-05-04,0,2024-05-04,wk inc flu hosp,quantile,0.975,183.12206544290189
27,2024-05-04,0,2024-05-04,wk inc flu hosp,quantile,0.975,57.325417992700956
28,2024-05-04,0,2024-05-04,wk inc flu hosp,quantile,0.975,32.74694267358532
29,2024-05-04,0,2024-05-04,wk inc flu hosp,quantile,0.975,88.37065870158004
30,2024-05-04,0,2024-05-04,wk inc flu hosp,quantile,0.975,8.427486909863358
31,2024-05-04,0,2024-05-04,wk inc flu hosp,quantile,0.975,26.62066135004098
32,2024-05-04,0,2024-05-04,wk inc flu hosp,quantile,0.975,29.901940420691794
33,2024-05-04,0,2024-05-04,wk inc flu hosp,quantile,0.975,10.263238493514883
34,2024-05-04,0,2024-05-04,wk inc flu hosp,quantile,0.975,131.9455800241891
35,2024-05-04,0,2024-05-04,wk inc flu hosp,quantile,0.975,38.189350825874335
36,2024-05-04,0,2024-05-04,wk inc flu hosp,quantile,0.975,244.30308198828018
37,2024-05-04,0,2024-05-04,wk inc flu hosp,quantile,0.975,36.64650935413131
38,2024-05-04,0,2024-05-04,wk inc flu hosp,quantile,0.975,13.075630277426995
39,2024-05-04,0,2024-05-04,wk inc flu hosp,quantile,0.975,125.52784917825495
40,2024-05-04,0,2024-05-04,wk inc flu hosp,quantile,0.975,44.78191531539221
41,2024-05-04,0,2024-05-04,wk inc flu hosp,quantile,0.975,49.044988692818386
42,2024-05-04,0,2024-05-04,wk inc flu hosp,quantile,0.975,182.91759914916724
44,2024-05-04,0,2024-05-04,wk inc flu hosp,quantile,0.975,13.82085166761324
45,2024-05-04,0,2024-05-04,wk inc flu hosp,quantile,0.975,50.194967472061144
46,2024-05-04,0,2024-05-04,wk inc flu hosp,quantile,0.975,18.277629694114776
47,2024-05-04,0,2024-05-04,wk inc flu hosp,quantile,0.975,75.86200771175848
48,2024-05-04,0,2024-05-04,wk inc flu hosp,quantile,0.975,247.66959550998502
49,2024-05-04,0,2024-05-04,wk inc flu hosp,quantile,0.975,18.925320584945503
50,2024-05-04,0,2024-05-04,wk inc flu hosp,quantile,0.975,11.738746280290863
51,2024-05-04,0,2024-05-04,wk inc flu hosp,quantile,0.975,91.42895733929991
53,2024-05-04,0,2024-05-04,wk inc flu hosp,quantile,0.975,54.87424356854867
54,2024-05-04,0,2024-05-04,wk inc flu hosp,quantile,0.975,46.490453912677935
55,2024-05-04,0,2024-05-04,wk inc flu hosp,quantile,0.975,60.78135610298818
56,2024-05-04,0,2024-05-04,wk inc flu hosp,quantile,0.975,7.104022161727195
72,2024-05-04,0,2024-05-04,wk inc flu hosp,quantile,0.975,54.00445884713748
US,2024-05-04,0,2024-05-04,wk inc flu hosp,quantile,0.975,3710.1152504344964
01,2024-05-04,1,2024-05-11,wk inc flu hosp,quantile,0.975,23.32047289284562
02,2024-05-04,1,2024-05-11,wk inc flu hosp,quantile,0.975,6.273120328946468
04,2024-05-04,1,2024-05-11,wk inc flu hosp,quantile,0.975,168.4441611850272
05,2024-05-04,1,2024-05-11,wk inc flu hosp,quantile,0.975,166.65063788429472
06,2024-05-04,1,2024-05-11,wk inc flu hosp,quantile,0.975,234.7763045415648
08,2024-05-04,1,2024-05-11,wk inc flu hosp,quantile,0.975,36.02483280075381
09,2024-05-04,1,2024-05-11,wk inc flu hosp,quantile,0.975,96.46419870578109
10,2024-05-04,1,2024-05-11,wk inc flu hosp,quantile,0.975,5.374840678966265
11,2024-05-04,1,2024-05-11,wk inc flu hosp,quantile,0.975,14.326057043019848
12,2024-05-04,1,2024-05-11,wk inc flu hosp,quantile,0.975,344.2438700158881
13,2024-05-04,1,2024-05-11,wk inc flu hosp,quantile,0.975,56.18701259584729
15,2024-05-04,1,2024-05-11,wk inc flu hosp,quantile,0.975,31.066769751553313
16,2024-05-04,1,2024-05-11,wk inc flu hosp,quantile,0.975,38.60422307209938
17,2024-05-04,1,2024-05-11,wk inc flu hosp,quantile,0.975,126.82422945528606
18,2024-05-04,1,2024-05-11,wk inc flu hosp,quantile,0.975,64.76460383638033
19,2024-05-04,1,2024-05-11,wk inc flu hosp,quantile,0.975,33.15838850022717
20,2024-05-04,1,2024-05-11,wk inc flu hosp,quantile,0.975,37.53886570912369
21,2024-05-04,1,2024-05-11,wk inc flu hosp,quantile,0.975,38.064223013095784
22,2024-05-04,1,2024-05-11,wk inc flu hosp,quantile,0.975,29.06974935060674
23,2024-05-04,1,2024-05-11,wk inc flu hosp,quantile,0.975,21.632693603096776
24,2024-05-04,1,2024-05-11,wk inc flu hosp,quantile,0.975,35.08291731260879
25,2024-05-04,1,2024-05-11,wk inc flu hosp,quantile,0.975,99.8183138518405
26,2024-05-04,1,2024-05-11,wk inc flu hosp,quantile,0.975,167.66977190626488
27,2024-05-04,1,2024-05-11,wk inc flu hosp,quantile,0.975,52.94480842201304
28,2024-05-04,1,2024-05-11,wk inc flu hosp,quantile,0.975,30.141930317648157
29,2024-05-04,1,2024-05-11,wk inc flu hosp,quantile,0.975,79.31950732176259
30,2024-05-04,1,2024-05-11,wk inc flu hosp,quantile,0.975,8.055235850266222
31,2024-05-04,1,2024-05-11,wk inc flu hosp,quantile,0.975,24.905778829103145
32,2024-05-04,1,2024-05-11,wk inc flu hosp,quantile,0.975,30.55772917410083
33,2024-05-04,1,2024-05-11,wk inc flu hosp,quantile,0.975,9.649625857162006
34,2024-05-04,1,2024-05-11,wk inc flu hosp,quantile,0.975,121.49331103310705
35,2024-05-04,1,2024-05-11,wk inc flu hosp,quantile,0.975,48.58527925964421
36,2024-05-04,1,2024-05-11,wk inc flu hosp,quantile,0.975,230.3869257779238
37,2024-05-04,1,2024-05-11,wk inc flu hosp,quantile,0.975,30.574833714001546
38,2024-05-04,1,2024-05-11,wk inc flu hosp,quantile,0.975,12.558788479095947
39,2024-05-04,1,2024-05-11,wk inc flu hosp,quantile,0.975,116.4560375669727
40,2024-05-04,1,2024-05-11,wk inc flu hosp,quantile,0.975,47.34558751021887
41,2024-05-04,1,2024-05-11,wk inc flu hosp,quantile,0.975,53.11587852313689
42,2024-05-04,1,2024-05-11,wk inc flu hosp,quantile,0.975,164.6219487004225
44,2024-05-04,1,2024-05-11,wk inc flu hosp,quantile,0.975,13.640303582165174
45,2024-05-04,1,2024-05-11,wk inc flu hosp,quantile,0.975,48.64754149446955
46,2024-05-04,1,2024-05-11,wk inc flu hosp,quantile,0.975,18.93203738307511
47,2024-05-04,1,2024-05-11,wk inc flu hosp,quantile,0.975,72.17551308168214
48,2024-05-04,1,2024-05-11,wk inc flu hosp,quantile,0.975,235.82848884548608
49,2024-05-04,1,2024-05-11,wk inc flu hosp,quantile,0.975,27.28938665722845
50,2024-05-04,1,2024-05-11,wk inc flu hosp,quantile,0.975,11.416879736329447
51,2024-05-04,1,2024-05-11,wk inc flu hosp,quantile,0.975,87.19202995395895
53,2024-05-04,1,2024-05-11,wk inc flu hosp,quantile,0.975,56.989577237650984
54,2024-05-04,1,2024-05-11,wk inc flu hosp,quantile,0.975,53.46909528406013
55,2024-05-04,1,2024-05-11,wk inc flu hosp,quantile,0.975,56.09131488908923
56,2024-05-04,1,2024-05-11,wk inc flu hosp,quantile,0.975,7.557111091506296
72,2024-05-04,1,2024-05-11,wk inc flu hosp,quantile,0.975,57.48406020324797
US,2024-05-04,1,2024-05-11,wk inc flu hosp,quantile,0.975,3404.240459628332
01,2024-05-04,2,2024-05-18,wk inc flu hosp,quantile,0.975,25.33938266893399
02,2024-05-04,2,2024-05-18,wk inc flu hosp,quantile,0.975,6.010167207571756
04,2024-05-04,2,2024-05-18,wk inc flu hosp,quantile,0.975,201.03087469737943
05,2024-05-04,2,2024-05-18,wk inc flu hosp,quantile,0.975,198.347764610183
06,2024-05-04,2,2024-05-18,wk inc flu hosp,quantile,0.975,236.15205182620448
08,2024-05-04,2,2024-05-18,wk inc flu hosp,quantile,0.975,34.3259297454909
09,2024-05-04,2,2024-05-18,wk inc flu hosp,quantile,0.975,110.4033849870988
10,2024-05-04,2,2024-05-18,wk inc flu hosp,quantile,0.975,4.970739650216728
11,2024-05-04,2,2024-05-18,wk inc flu hosp,quantile,0.975,13.768049427187625
12,2024-05-04,2,2024-05-18,wk inc flu hosp,quantile,0.975,342.5526776815631
13,2024-05-04,2,2024-05-18,wk inc flu hosp,quantile,0.975,54.03988233411973
15,2024-05-04,2,2024-05-18,wk inc flu hosp,quantile,0.975,39.899794380017894
16,2024-05-04,2,2024-05-18,wk inc flu hosp,quantile,0.975,53.22731048246386
17,2024-05-04,2,2024-05-18,wk inc flu hosp,quantile,0.975,118.59482218036118
18,2024-05-04,2,2024-05-18,wk inc flu hosp,quantile,0.975,61.7686236821743
19,2024-05-04,2,2024-05-18,wk inc flu hosp,quantile,0.975,31.317564805736154
20,2024-05-04,2,2024-05-18,wk inc flu hosp,quantile,0.975,36.400185252618876
21,2024-05-04,2,2024-05-18,wk inc flu hosp,quantile,0.975,36.06560079927393
22,2024-05-04,2,2024-05-18,wk inc flu hosp,quantile,0.975,26.183677548604
23,2024-05-04,2,2024-05-18,wk inc flu hosp,quantile,0.975,21.745406556021585
24,2024-05-04,2,2024-05-18,wk inc flu hosp,quantile,0.975,32.73641340258796
25,2024-05-04,2,2024-05-18,wk inc flu hosp,quantile,0.975,94.06634845054126
26,2024-05-04,2,2024-05-18,wk inc flu hosp,quantile,0.975,161.02725806510136
27,2024-05-04,2,2024-05-18,wk inc flu hosp,quantile,0.975,50.529645702699014
28,2024-05-04,2,2024-05-18,wk inc flu hosp,quantile,0.975,30.384111080470507
29,2024-05-04,2,2024-05-18,wk inc flu hosp,quantile,0.975,74.50953675385735
30,2024-05-04,2,2024-05-18,wk inc flu hosp,quantile,0.975,7.488656852053964
31,2024-05-04,2,2024-05-18,wk inc flu hosp,quantile,0.975,23.731052147541284
32,2024-05-04,2,2024-05-18,wk inc flu hosp,quantile,0.975,30.94193431574687
33,2024-05-04,2,2024-05-18,wk inc flu hosp,quantile,0.975,8.883552519300519
34,2024-05-04,2,2024-05-18,wk inc flu hosp,quantile,0.975,116.49527804785133
35,2024-05-04,2,2024-05-18,wk inc flu hosp,quantile,0.975,65.75125079565294
36,2024-05-04,2,2024-05-18,wk inc flu hosp,quantile,0.975,216.504852909317
37,2024-05-04,2,2024-05-18,wk inc flu hosp,quantile,0.975,27.318818361942576
38,2024-05-04,2,2024-05-18,wk inc flu hosp,quantile,0.975,11.84219619446486
39,2024-05-04,2,2024-05-18,wk inc flu hosp,quantile,0.975,108.5216678873021
40,2024-05-04,2,2024-05-18,wk inc flu hosp,quantile,0.975,49.02612758108544
41,2024-05-04,2,2024-05-18,wk inc flu hosp,quantile,0.975,60.25671952773835
42,2024-05-04,2,2024-05-18,wk inc flu hosp,quantile,0.975,159.3316353784567
44,2024-05-04,2,2024-05-18,wk inc flu hosp,quantile,0.975,12.897378571623301
45,2024-05-04,2,2024-05-18,wk inc flu hosp,quantile,0.975,44.78594777713003
46,2024-05-04,2,2024-05-18,wk inc flu hosp,quantile,0.975,18.45002913526284
47,2024-05-04,2,2024-05-18,wk inc flu hosp,quantile,0.975,69.99506761813122
48,2024-05-04,2,2024-05-18,wk inc flu hosp,quantile,0.975,226.93027285989345
49,2024-05-04,2,2024-05-18,wk inc flu hosp,quantile,0.975,36.507209048435136
50,2024-05-04,2,2024-05-18,wk inc flu hosp,quantile,0.975,10.644899483584283
51,2024-05-04,2,2024-05-18,wk inc flu hosp,quantile,0.975,83.6430309415525
53,2024-05-04,2,2024-05-18,wk inc flu hosp,quantile,0.975,59.78199977039388
54,2024-05-04,2,2024-05-18,wk inc flu hosp,quantile,0.975,65.24021479899639
55,2024-05-04,2,2024-05-18,wk inc flu hosp,quantile,0.975,52.918501533714384
56,2024-05-04,2,2024-05-18,wk inc flu hosp,quantile,0.975,8.173204715300486
72,2024-05-04,2,2024-05-18,wk inc flu hosp,quantile,0.975,60.25252914348449
US,2024-05-04,2,2024-05-18,wk inc flu hosp,quantile,0.975,3305.598468115024
01,2024-05-04,3,2024-05-25,wk inc flu hosp,quantile,0.975,26.515816777404876
02,2024-05-04,3,2024-05-25,wk inc flu hosp,quantile,0.975,6.193358057993634
04,2024-05-04,3,2024-05-25,wk inc flu hosp,quantile,0.975,224.00235995630703
05,2024-05-04,3,2024-05-25,wk inc flu hosp,quantile,0.975,226.91874535673142
06,2024-05-04,3,2024-05-25,wk inc flu hosp,quantile,0.975,249.86389976024623
08,2024-05-04,3,2024-05-25,wk inc flu hosp,quantile,0.975,35.0276408684103
09,2024-05-04,3,2024-05-25,wk inc flu hosp,quantile,0.975,115.71062083965654
10,2024-05-04,3,2024-05-25,wk inc flu hosp,quantile,0.975,5.105901869972845
11,2024-05-04,3,2024-05-25,wk inc flu hosp,quantile,0.975,14.249096284015735
12,2024-05-04,3,2024-05-25,wk inc flu hosp,quantile,0.975,351.0812551096109
13,2024-05-04,3,2024-05-25,wk inc flu hosp,quantile,0.975,53.84262617352233
15,2024-05-04,3,2024-05-25,wk inc flu hosp,quantile,0.975,44.54671846198377
16,2024-05-04,3,2024-05-25,wk inc flu hosp,quantile,0.975,61.97281969889035
17,2024-05-04,3,2024-05-25,wk inc flu hosp,quantile,0.975,121.67546290260117
18,2024-05-04,3,2024-05-25,wk inc flu hosp,quantile,0.975,63.66936906941803
19,2024-05-04,3,2024-05-25,wk inc flu hosp,quantile,0.975,32.04298868402414
20,2024-05-04,3,2024-05-25,wk inc flu hosp,quantile,0.975,38.14150955255109
21,2024-05-04,3,2024-05-25,wk inc flu hosp,quantile,0.975,36.325967712889835
22,2024-05-04,3,2024-05-25,wk inc flu hosp,quantile,0.975,26.88529730024755
23,2024-05-04,3,2024-05-25,wk inc flu hosp,quantile,0.975,23.14142324033044
24,2024-05-04,3,2024-05-25,wk inc flu hosp,quantile,0.975,33.51705726115387
25,2024-05-04,3,2024-05-25,wk inc flu hosp,quantile,0.975,96.19850536628915
26,2024-05-04,3,2024-05-25,wk inc flu hosp,quantile,0.975,161.92704283406547
27,2024-05-04,3,2024-05-25,wk inc flu hosp,quantile,0.975,51.37891555993264
28,2024-05-04,3,2024-05-25,wk inc flu hosp,quantile,0.975,31.167453022730328
29,2024-05-04,3,2024-05-25,wk inc flu hosp,quantile,0.975,75.9213917796626
30,2024-05-04,3,2024-05-25,wk inc flu hosp,quantile,0.975,7.568237613355932
31,2024-05-04,3,2024-05-25,wk inc flu hosp,quantile,0.975,24.187511354992967
32,2024-05-04,3,2024-05-25,wk inc flu hosp,quantile,0.975,32.88561986145852
33,2024-05-04,3,2024-05-25,wk inc flu hosp,quantile,0.975,9.114239246926939
34,2024-05-04,3,2024-05-25,wk inc flu hosp,quantile,0.975,117.64710423270822
35,2024-05-04,3,2024-05-25,wk inc flu hosp,quantile,0.975,74.27272310614
36,2024-05-04,3,2024-05-25,wk inc flu hosp,quantile,0.975,224.3301525741934
37,2024-05-04,3,2024-05-25,wk inc flu hosp,quantile,0.975,28.510831436516078
38,2024-05-04,3,2024-05-25,wk inc flu hosp,quantile,0.975,12.096695520052416
39,2024-05-04,3,2024-05-25,wk inc flu hosp,quantile,0.975,111.91836037619807
40,2024-05-04,3,2024-05-25,wk inc flu hosp,quantile,0.975,52.10546497082403
41,2024-05-04,3,2024-05-25,wk inc flu hosp,quantile,0.975,61.55907073906337
42,2024-05-04,3,2024-05-25,wk inc flu hosp,quantile,0.975,160.68904261510207
44,2024-05-04,3,2024-05-25,wk inc flu hosp,quantile,0.975,13.142122883847405
45,2024-05-04,3,2024-05-25,wk inc flu hosp,quantile,0.975,46.49347549421227
46,2024-05-04,3,2024-05-25,wk inc flu hosp,quantile,0.975,18.752146467148606
47,2024-05-04,3,2024-05-25,wk inc flu hosp,quantile,0.975,71.5530070846844
48,2024-05-04,3,2024-05-25,wk inc flu hosp,quantile,0.975,233.42383214809092
49,2024-05-04,3,2024-05-25,wk inc flu hosp,quantile,0.975,47.450522072653136
50,2024-05-04,3,2024-05-25,wk inc flu hosp,quantile,0.975,11.107794471511072
51,2024-05-04,3,2024-05-25,wk inc flu hosp,quantile,0.975,85.49553432368984
53,2024-05-04,3,2024-05-25,wk inc flu hosp,quantile,0.975,63.31156620856045
54,2024-05-04,3,2024-05-25,wk inc flu hosp,quantile,0.975,71.3794842104743
55,2024-05-04,3,2024-05-25,wk inc flu hosp,quantile,0.975,53.493063988989704
56,2024-05-04,3,2024-05-25,wk inc flu hosp,quantile,0.975,8.850974232529081
72,2024-05-04,3,2024-05-25,wk inc flu hosp,quantile,0.975,62.06649245586493
US,2024-05-04,3,2024-05-25,wk inc flu hosp,quantile,0.975,3356.0882960668205
01,2024-05-04,0,2024-05-04,wk inc flu hosp,quantile,0.99,24.602562290088
02,2024-05-04,0,2024-05-04,wk inc flu hosp,quantile,0.99,7.630432461422329
04,2024-05-04,0,2024-05-04,wk inc flu hosp,quantile,0.99,153.88543340466035
05,2024-05-04,0,2024-05-04,wk inc flu hosp,quantile,0.99,144.5895068975263
06,2024-05-04,0,2024-05-04,wk inc flu hosp,quantile,0.99,248.34342442371755
08,2024-05-04,0,2024-05-04,wk inc flu hosp,quantile,0.99,41.33080429150587
09,2024-05-04,0,2024-05-04,wk inc flu hosp,quantile,0.99,91.50766614587289
10,2024-05-04,0,2024-05-04,wk inc flu hosp,quantile,0.99,6.46487469972073
11,2024-05-04,0,2024-05-04,wk inc flu hosp,quantile,0.99,15.95804010450016
12,2024-05-04,0,2024-05-04,wk inc flu hosp,quantile,0.99,367.79218104287514
13,2024-05-04,0,2024-05-04,wk inc flu hosp,quantile,0.99,65.630390416343
15,2024-05-04,0,2024-05-04,wk inc flu hosp,quantile,0.99,26.565170600685065
16,2024-05-04,0,2024-05-04,wk inc flu hosp,quantile,0.99,31.628957245916688
17,2024-05-04,0,2024-05-04,wk inc flu hosp,quantile,0.99,137.90257294714752
18,2024-05-04,0,2024-05-04,wk inc flu hosp,quantile,0.99,75.52568646152852
19,2024-05-04,0,2024-05-04,wk inc flu hosp,quantile,0.99,37.27873800458514
20,2024-05-04,0,2024-05-04,wk inc flu hosp,quantile,0.99,37.58192285801344
21,2024-05-04,0,2024-05-04,wk inc flu hosp,quantile,0.99,42.945534211178646
22,2024-05-04,0,2024-05-04,wk inc flu hosp,quantile,0.99,34.036355548711576
23,2024-05-04,0,2024-05-04,wk inc flu hosp,quantile,0.99,22.781231819662313
24,2024-05-04,0,2024-05-04,wk inc flu hosp,quantile,0.99,39.720466732969115
25,2024-05-04,0,2024-05-04,wk inc flu hosp,quantile,0.99,109.23876799906198
26,2024-05-04,0,2024-05-04,wk inc flu hosp,quantile,0.99,186.05399032878051
27,2024-05-04,0,2024-05-04,wk inc flu hosp,quantile,0.99,60.441697118957265
28,2024-05-04,0,2024-05-04,wk inc flu hosp,quantile,0.99,36.386340373566796
29,2024-05-04,0,2024-05-04,wk inc flu hosp,quantile,0.99,90.11590264269678
30,2024-05-04,0,2024-05-04,wk inc flu hosp,quantile,0.99,10.513883529282214
31,2024-05-04,0,2024-05-04,wk inc flu hosp,quantile,0.99,27.104732855327825
32,2024-05-04,0,2024-05-04,wk inc flu hosp,quantile,0.99,32.64749295302144
33,2024-05-04,0,2024-05-04,wk inc flu hosp,quantile,0.99,11.21559899128976
34,2024-05-04,0,2024-05-04,wk inc flu hosp,quantile,0.99,135.1053184271867
35,2024-05-04,0,2024-05-04,wk inc flu hosp,quantile,0.99,39.97916603031823
36,2024-05-04,0,2024-05-04,wk inc flu hosp,quantile,0.99,253.4884220817299
37,2024-05-04,0,2024-05-04,wk inc flu hosp,quantile,0.99,37.55590295923457
38,2024-05-04,0,2024-05-04,wk inc flu hosp,quantile,0.99,14.1600717811999
39,2024-05-04,0,2024-05-04,wk inc flu hosp,quantile,0.99,127.84439994616784
40,2024-05-04,0,2024-05-04,wk inc flu hosp,quantile,0.99,45.32826010122957
41,2024-05-04,0,2024-05-04,wk inc flu hosp,quantile,0.99,54.08801574682177
42,2024-05-04,0,2024-05-04,wk inc flu hosp,quantile,0.99,186.59939778357878
44,2024-05-04,0,2024-05-04,wk inc flu hosp,quantile,0.99,14.9068023199078
45,2024-05-04,0,2024-05-04,wk inc flu hosp,quantile,0.99,52.47927225308287
46,2024-05-04,0,2024-05-04,wk inc flu hosp,quantile,0.99,18.700595401754764
47,2024-05-04,0,2024-05-04,wk inc flu hosp,quantile,0.99,81.3404241566854
48,2024-05-04,0,2024-05-04,wk inc flu hosp,quantile,0.99,256.72485283612514
49,2024-05-04,0,2024-05-04,wk inc flu hosp,quantile,0.99,21.40620559518761
50,2024-05-04,0,2024-05-04,wk inc flu hosp,quantile,0.99,12.729968503599558
51,2024-05-04,0,2024-05-04,wk inc flu hosp,quantile,0.99,96.97569490006516
53,2024-05-04,0,2024-05-04,wk inc flu hosp,quantile,0.99,58.86517713281651
54,2024-05-04,0,2024-05-04,wk inc flu hosp,quantile,0.99,47.529932348353945
55,2024-05-04,0,2024-05-04,wk inc flu hosp,quantile,0.99,62.33956140828064
56,2024-05-04,0,2024-05-04,wk inc flu hosp,quantile,0.99,7.385986761269137
72,2024-05-04,0,2024-05-04,wk inc flu hosp,quantile,0.99,56.676643480162944
US,2024-05-04,0,2024-05-04,wk inc flu hosp,quantile,0.99,3864.128611324391
01,2024-05-04,1,2024-05-11,wk inc flu hosp,quantile,0.99,25.270139812069885
02,2024-05-04,1,2024-05-11,wk inc flu hosp,quantile,0.99,7.164121936344376
04,2024-05-04,1,2024-05-11,wk inc flu hosp,quantile,0.99,173.123962055231
05,2024-05-04,1,2024-05-11,wk inc flu hosp,quantile,0.99,167.63727706005625
06,2024-05-04,1,2024-05-11,wk inc flu hosp,quantile,0.99,252.10590731863752
08,2024-05-04,1,2024-05-11,wk inc flu hosp,quantile,0.99,38.00612666927835
09,2024-05-04,1,2024-05-11,wk inc flu hosp,quantile,0.99,97.55515253873334
10,2024-05-04,1,2024-05-11,wk inc flu hosp,quantile,0.99,6.042580582688697
11,2024-05-04,1,2024-05-11,wk inc flu hosp,quantile,0.99,15.579509755885129
12,2024-05-04,1,2024-05-11,wk inc flu hosp,quantile,0.99,365.6503417063704
13,2024-05-04,1,2024-05-11,wk inc flu hosp,quantile,0.99,64.75779898016705
15,2024-05-04,1,2024-05-11,wk inc flu hosp,quantile,0.99,31.229228598697414
16,2024-05-04,1,2024-05-11,wk inc flu hosp,quantile,0.99,43.00186621877971
17,2024-05-04,1,2024-05-11,wk inc flu hosp,quantile,0.99,128.69845879947547
18,2024-05-04,1,2024-05-11,wk inc flu hosp,quantile,0.99,71.22324752106111
19,2024-05-04,1,2024-05-11,wk inc flu hosp,quantile,0.99,34.67029006943902
20,2024-05-04,1,2024-05-11,wk inc flu hosp,quantile,0.99,38.189118705344505
21,2024-05-04,1,2024-05-11,wk inc flu hosp,quantile,0.99,39.69796480996355
22,2024-05-04,1,2024-05-11,wk inc flu hosp,quantile,0.99,31.97279931541129
23,2024-05-04,1,2024-05-11,wk inc flu hosp,quantile,0.99,23.74450849740122
24,2024-05-04,1,2024-05-11,wk inc flu hosp,quantile,0.99,36.435784068595225
25,2024-05-04,1,2024-05-11,wk inc flu hosp,quantile,0.99,101.29899688502071
26,2024-05-04,1,2024-05-11,wk inc flu hosp,quantile,0.99,175.26667009847267
27,2024-05-04,1,2024-05-11,wk inc flu hosp,quantile,0.99,56.98444101237545
28,2024-05-04,1,2024-05-11,wk inc flu hosp,quantile,0.99,34.23061622862854
29,2024-05-04,1,2024-05-11,wk inc flu hosp,quantile,0.99,83.86396630150051
30,2024-05-04,1,2024-05-11,wk inc flu hosp,quantile,0.99,9.77559701315214
31,2024-05-04,1,2024-05-11,wk inc flu hosp,quantile,0.99,25.596019566612657
32,2024-05-04,1,2024-05-11,wk inc flu hosp,quantile,0.99,33.73725441390787
33,2024-05-04,1,2024-05-11,wk inc flu hosp,quantile,0.99,10.412157756699472
34,2024-05-04,1,2024-05-11,wk inc flu hosp,quantile,0.99,129.1145077227488
35,2024-05-04,1,2024-05-11,wk inc flu hosp,quantile,0.99,50.29721420474222
36,2024-05-04,1,2024-05-11,wk inc flu hosp,quantile,0.99,246.67287197056964
37,2024-05-04,1,2024-05-11,wk inc flu hosp,quantile,0.99,32.72403847310244
38,2024-05-04,1,2024-05-11,wk inc flu hosp,quantile,0.99,13.304970059529978
39,2024-05-04,1,2024-05-11,wk inc flu hosp,quantile,0.99,125.30711156458436
40,2024-05-04,1,2024-05-11,wk inc flu hosp,quantile,0.99,48.595658838734366
41,2024-05-04,1,2024-05-11,wk inc flu hosp,quantile,0.99,54.37405082892674
42,2024-05-04,1,2024-05-11,wk inc flu hosp,quantile,0.99,176.8804782426248
44,2024-05-04,1,2024-05-11,wk inc flu hosp,quantile,0.99,14.776091423026253
45,2024-05-04,1,2024-05-11,wk inc flu hosp,quantile,0.99,51.05154383115785
46,2024-05-04,1,2024-05-11,wk inc flu hosp,quantile,0.99,19.7041005706616
47,2024-05-04,1,2024-05-11,wk inc flu hosp,quantile,0.99,79.2733031424501
48,2024-05-04,1,2024-05-11,wk inc flu hosp,quantile,0.99,251.9314261946666
49,2024-05-04,1,2024-05-11,wk inc flu hosp,quantile,0.99,27.305115195643157
50,2024-05-04,1,2024-05-11,wk inc flu hosp,quantile,0.99,12.458068414705815
51,2024-05-04,1,2024-05-11,wk inc flu hosp,quantile,0.99,94.50797994886102
53,2024-05-04,1,2024-05-11,wk inc flu hosp,quantile,0.99,62.60426404780751
54,2024-05-04,1,2024-05-11,wk inc flu hosp,quantile,0.99,56.37024141376471
55,2024-05-04,1,2024-05-11,wk inc flu hosp,quantile,0.99,57.93483586523185
56,2024-05-04,1,2024-05-11,wk inc flu hosp,quantile,0.99,7.723617743063456
72,2024-05-04,1,2024-05-11,wk inc flu hosp,quantile,0.99,60.09736530190589
US,2024-05-04,1,2024-05-11,wk inc flu hosp,quantile,0.99,3655.0572749158364
01,2024-05-04,2,2024-05-18,wk inc flu hosp,quantile,0.99,26.357453108384032
02,2024-05-04,2,2024-05-18,wk inc flu hosp,quantile,0.99,7.211395060710316
04,2024-05-04,2,2024-05-18,wk inc flu hosp,quantile,0.99,202.3570668122529
05,2024-05-04,2,2024-05-18,wk inc flu hosp,quantile,0.99,203.325092396013
06,2024-05-04,2,2024-05-18,wk inc flu hosp,quantile,0.99,252.97625208524923
08,2024-05-04,2,2024-05-18,wk inc flu hosp,quantile,0.99,38.00612666927835
09,2024-05-04,2,2024-05-18,wk inc flu hosp,quantile,0.99,113.24860293654335
10,2024-05-04,2,2024-05-18,wk inc flu hosp,quantile,0.99,6.137933590370107
11,2024-05-04,2,2024-05-18,wk inc flu hosp,quantile,0.99,15.769428325505103
12,2024-05-04,2,2024-05-18,wk inc flu hosp,quantile,0.99,363.7802991858968
13,2024-05-04,2,2024-05-18,wk inc flu hosp,quantile,0.99,64.03049982847891
15,2024-05-04,2,2024-05-18,wk inc flu hosp,quantile,0.99,41.663128649517674
16,2024-05-04,2,2024-05-18,wk inc flu hosp,quantile,0.99,54.09069624117231
17,2024-05-04,2,2024-05-18,wk inc flu hosp,quantile,0.99,128.51910113555147
18,2024-05-04,2,2024-05-18,wk inc flu hosp,quantile,0.99,71.71352251739576
19,2024-05-04,2,2024-05-18,wk inc flu hosp,quantile,0.99,34.72051199674761
20,2024-05-04,2,2024-05-18,wk inc flu hosp,quantile,0.99,39.30915564954095
21,2024-05-04,2,2024-05-18,wk inc flu hosp,quantile,0.99,39.69796480996355
22,2024-05-04,2,2024-05-18,wk inc flu hosp,quantile,0.99,31.86810207101196
23,2024-05-04,2,2024-05-18,wk inc flu hosp,quantile,0.99,24.519340719274506
24,2024-05-04,2,2024-05-18,wk inc flu hosp,quantile,0.99,36.7393796564507
25,2024-05-04,2,2024-05-18,wk inc flu hosp,quantile,0.99,101.09623106741284
26,2024-05-04,2,2024-05-18,wk inc flu hosp,quantile,0.99,176.9081716221985
27,2024-05-04,2,2024-05-18,wk inc flu hosp,quantile,0.99,57.46082476816989
28,2024-05-04,2,2024-05-18,wk inc flu hosp,quantile,0.99,35.03805585895938
29,2024-05-04,2,2024-05-18,wk inc flu hosp,quantile,0.99,83.86396630150051
30,2024-05-04,2,2024-05-18,wk inc flu hosp,quantile,0.99,9.77559701315214
31,2024-05-04,2,2024-05-18,wk inc flu hosp,quantile,0.99,25.390739320119266
32,2024-05-04,2,2024-05-18,wk inc flu hosp,quantile,0.99,35.07006731629004
33,2024-05-04,2,2024-05-18,wk inc flu hosp,quantile,0.99,10.412157756699472
34,2024-05-04,2,2024-05-18,wk inc flu hosp,quantile,0.99,128.43114056781377
35,2024-05-04,2,2024-05-18,wk inc flu hosp,quantile,0.99,74.08762317169179
36,2024-05-04,2,2024-05-18,wk inc flu hosp,quantile,0.99,245.87489880374255
37,2024-05-04,2,2024-05-18,wk inc flu hosp,quantile,0.99,32.699703437868386
38,2024-05-04,2,2024-05-18,wk inc flu hosp,quantile,0.99,13.304970059529978
39,2024-05-04,2,2024-05-18,wk inc flu hosp,quantile,0.99,127.4242866126063
40,2024-05-04,2,2024-05-18,wk inc flu hosp,quantile,0.99,50.262068537631215
41,2024-05-04,2,2024-05-18,wk inc flu hosp,quantile,0.99,62.710980825577195
42,2024-05-04,2,2024-05-18,wk inc flu hosp,quantile,0.99,175.29641132926218
44,2024-05-04,2,2024-05-18,wk inc flu hosp,quantile,0.99,14.61334209097613
45,2024-05-04,2,2024-05-18,wk inc flu hosp,quantile,0.99,50.88746116502556
46,2024-05-04,2,2024-05-18,wk inc flu hosp,quantile,0.99,19.97408013866194
47,2024-05-04,2,2024-05-18,wk inc flu hosp,quantile,0.99,79.56915969467467
48,2024-05-04,2,2024-05-18,wk inc flu hosp,quantile,0.99,252.91594245037138
49,2024-05-04,2,2024-05-18,wk inc flu hosp,quantile,0.99,36.89660769545999
50,2024-05-04,2,2024-05-18,wk inc flu hosp,quantile,0.99,12.437088783259503
51,2024-05-04,2,2024-05-18,wk inc flu hosp,quantile,0.99,94.97514613661498
53,2024-05-04,2,2024-05-18,wk inc flu hosp,quantile,0.99,63.850189962821574
54,2024-05-04,2,2024-05-18,wk inc flu hosp,quantile,0.99,69.51540767683694
55,2024-05-04,2,2024-05-18,wk inc flu hosp,quantile,0.99,57.93483586523185
56,2024-05-04,2,2024-05-18,wk inc flu hosp,quantile,0.99,8.286421606070949
72,2024-05-04,2,2024-05-18,wk inc flu hosp,quantile,0.99,62.33016844260287
US,2024-05-04,2,2024-05-18,wk inc flu hosp,quantile,0.99,3690.072545017786
01,2024-05-04,3,2024-05-25,wk inc flu hosp,quantile,0.99,30.00451583920032
02,2024-05-04,3,2024-05-25,wk inc flu hosp,quantile,0.99,7.143332705111915
04,2024-05-04,3,2024-05-25,wk inc flu hosp,quantile,0.99,246.22782877259772
05,2024-05-04,3,2024-05-25,wk inc flu hosp,quantile,0.99,252.32638603313137
06,2024-05-04,3,2024-05-25,wk inc flu hosp,quantile,0.99,266.1726773009461
08,2024-05-04,3,2024-05-25,wk inc flu hosp,quantile,0.99,37.17225509271947
09,2024-05-04,3,2024-05-25,wk inc flu hosp,quantile,0.99,120.41312421349477
10,2024-05-04,3,2024-05-25,wk inc flu hosp,quantile,0.99,6.389597462786054
11,2024-05-04,3,2024-05-25,wk inc flu hosp,quantile,0.99,15.723436453352841
12,2024-05-04,3,2024-05-25,wk inc flu hosp,quantile,0.99,371.99393739936596
13,2024-05-04,3,2024-05-25,wk inc flu hosp,quantile,0.99,64.73680082791428
15,2024-05-04,3,2024-05-25,wk inc flu hosp,quantile,0.99,47.75589770425147
16,2024-05-04,3,2024-05-25,wk inc flu hosp,quantile,0.99,62.06812289299881
17,2024-05-04,3,2024-05-25,wk inc flu hosp,quantile,0.99,128.64084823611896
18,2024-05-04,3,2024-05-25,wk inc flu hosp,quantile,0.99,73.49191315404319
19,2024-05-04,3,2024-05-25,wk inc flu hosp,quantile,0.99,34.65812082915226
20,2024-05-04,3,2024-05-25,wk inc flu hosp,quantile,0.99,40.0974948283024
21,2024-05-04,3,2024-05-25,wk inc flu hosp,quantile,0.99,39.10654427133083
22,2024-05-04,3,2024-05-25,wk inc flu hosp,quantile,0.99,31.672484405599107
23,2024-05-04,3,2024-05-25,wk inc flu hosp,quantile,0.99,26.361497917715408
24,2024-05-04,3,2024-05-25,wk inc flu hosp,quantile,0.99,36.93382751709366
25,2024-05-04,3,2024-05-25,wk inc flu hosp,quantile,0.99,100.57479496929912
26,2024-05-04,3,2024-05-25,wk inc flu hosp,quantile,0.99,181.23752598979726
27,2024-05-04,3,2024-05-25,wk inc flu hosp,quantile,0.99,58.94018069083875
28,2024-05-04,3,2024-05-25,wk inc flu hosp,quantile,0.99,35.99374652478402
29,2024-05-04,3,2024-05-25,wk inc flu hosp,quantile,0.99,82.83797830989441
30,2024-05-04,3,2024-05-25,wk inc flu hosp,quantile,0.99,9.644238080738901
31,2024-05-04,3,2024-05-25,wk inc flu hosp,quantile,0.99,25.377942017314172
32,2024-05-04,3,2024-05-25,wk inc flu hosp,quantile,0.99,37.36608524067026
33,2024-05-04,3,2024-05-25,wk inc flu hosp,quantile,0.99,10.193658149309117
34,2024-05-04,3,2024-05-25,wk inc flu hosp,quantile,0.99,129.14235561392735
35,2024-05-04,3,2024-05-25,wk inc flu hosp,quantile,0.99,80.24563486521227
36,2024-05-04,3,2024-05-25,wk inc flu hosp,quantile,0.99,246.30190910916124
37,2024-05-04,3,2024-05-25,wk inc flu hosp,quantile,0.99,32.321180707639094
38,2024-05-04,3,2024-05-25,wk inc flu hosp,quantile,0.99,13.192625521926919
39,2024-05-04,3,2024-05-25,wk inc flu hosp,quantile,0.99,133.7060569879321
40,2024-05-04,3,2024-05-25,wk inc flu hosp,quantile,0.99,55.55449960764648
41,2024-05-04,3,2024-05-25,wk inc flu hosp,quantile,0.99,67.9012033777019
42,2024-05-04,3,2024-05-25,wk inc flu hosp,quantile,0.99,173.04693953827373
44,2024-05-04,3,2024-05-25,wk inc flu hosp,quantile,0.99,14.44820436444236
45,2024-05-04,3,2024-05-25,wk inc flu hosp,quantile,0.99,51.509650107845765
46,2024-05-04,3,2024-05-25,wk inc flu hosp,quantile,0.99,21.922491858185403
47,2024-05-04,3,2024-05-25,wk inc flu hosp,quantile,0.99,81.6962209147812
48,2024-05-04,3,2024-05-25,wk inc flu hosp,quantile,0.99,259.69694229871726
49,2024-05-04,3,2024-05-25,wk inc flu hosp,quantile,0.99,50.42386075979445
50,2024-05-04,3,2024-05-25,wk inc flu hosp,quantile,0.99,12.338729077243459
51,2024-05-04,3,2024-05-25,wk inc flu hosp,quantile,0.99,98.63178815554228
53,2024-05-04,3,2024-05-25,wk inc flu hosp,quantile,0.99,71.8269948621738
54,2024-05-04,3,2024-05-25,wk inc flu hosp,quantile,0.99,72.27948578800572
55,2024-05-04,3,2024-05-25,wk inc flu hosp,quantile,0.99,56.98905614032747
56,2024-05-04,3,2024-05-25,wk inc flu hosp,quantile,0.99,9.125126163390933
72,2024-05-04,3,2024-05-25,wk inc flu hosp,quantile,0.99,67.33045568376144
US,2024-05-04,3,2024-05-25,wk inc flu hosp,quantile,0.99,3681.6045985785413
