location,reference_date,horizon,target_end_date,target,output_type,output_type_id,value
01,2024-12-14,0,2024-12-14,wk inc flu hosp,quantile,0.01,71.74015432424045
02,2024-12-14,0,2024-12-14,wk inc flu hosp,quantile,0.01,6.912708092951528
04,2024-12-14,0,2024-12-14,wk inc flu hosp,quantile,0.01,720.4596503831987
05,2024-12-14,0,2024-12-14,wk inc flu hosp,quantile,0.01,8.57005720876844
06,2024-12-14,0,2024-12-14,wk inc flu hosp,quantile,0.01,756.8351802419987
08,2024-12-14,0,2024-12-14,wk inc flu hosp,quantile,0.01,59.52549517983164
09,2024-12-14,0,2024-12-14,wk inc flu hosp,quantile,0.01,6.079496126149784
10,2024-12-14,0,2024-12-14,wk inc flu hosp,quantile,0.01,8.114109790512227
11,2024-12-14,0,2024-12-14,wk inc flu hosp,quantile,0.01,0.0
12,2024-12-14,0,2024-12-14,wk inc flu hosp,quantile,0.01,537.2133162564969
13,2024-12-14,0,2024-12-14,wk inc flu hosp,quantile,0.01,58.46176499864854
15,2024-12-14,0,2024-12-14,wk inc flu hosp,quantile,0.01,13.586794097023882
16,2024-12-14,0,2024-12-14,wk inc flu hosp,quantile,0.01,51.705900316300045
17,2024-12-14,0,2024-12-14,wk inc flu hosp,quantile,0.01,70.4179200174808
18,2024-12-14,0,2024-12-14,wk inc flu hosp,quantile,0.01,46.08398761018009
19,2024-12-14,0,2024-12-14,wk inc flu hosp,quantile,0.01,4.938527535450657
20,2024-12-14,0,2024-12-14,wk inc flu hosp,quantile,0.01,25.354626807824367
21,2024-12-14,0,2024-12-14,wk inc flu hosp,quantile,0.01,29.369950628102206
22,2024-12-14,0,2024-12-14,wk inc flu hosp,quantile,0.01,123.60783815954389
23,2024-12-14,0,2024-12-14,wk inc flu hosp,quantile,0.01,0.48270684666824754
24,2024-12-14,0,2024-12-14,wk inc flu hosp,quantile,0.01,16.968619565754548
25,2024-12-14,0,2024-12-14,wk inc flu hosp,quantile,0.01,56.320536692608705
26,2024-12-14,0,2024-12-14,wk inc flu hosp,quantile,0.01,49.80042108110364
27,2024-12-14,0,2024-12-14,wk inc flu hosp,quantile,0.01,33.978867188695695
28,2024-12-14,0,2024-12-14,wk inc flu hosp,quantile,0.01,28.111198707582847
29,2024-12-14,0,2024-12-14,wk inc flu hosp,quantile,0.01,36.86157296160911
30,2024-12-14,0,2024-12-14,wk inc flu hosp,quantile,0.01,0.0
31,2024-12-14,0,2024-12-14,wk inc flu hosp,quantile,0.01,5.325230318265594
32,2024-12-14,0,2024-12-14,wk inc flu hosp,quantile,0.01,52.79003939017593
33,2024-12-14,0,2024-12-14,wk inc flu hosp,quantile,0.01,11.421632651993233
34,2024-12-14,0,2024-12-14,wk inc flu hosp,quantile,0.01,79.93908081310155
35,2024-12-14,0,2024-12-14,wk inc flu hosp,quantile,0.01,65.16431533595143
36,2024-12-14,0,2024-12-14,wk inc flu hosp,quantile,0.01,191.90811571523398
37,2024-12-14,0,2024-12-14,wk inc flu hosp,quantile,0.01,36.36036656162958
38,2024-12-14,0,2024-12-14,wk inc flu hosp,quantile,0.01,0.5535947272870235
39,2024-12-14,0,2024-12-14,wk inc flu hosp,quantile,0.01,51.522032614054524
40,2024-12-14,0,2024-12-14,wk inc flu hosp,quantile,0.01,19.235366172503234
41,2024-12-14,0,2024-12-14,wk inc flu hosp,quantile,0.01,55.703897399173584
42,2024-12-14,0,2024-12-14,wk inc flu hosp,quantile,0.01,118.10886003649397
44,2024-12-14,0,2024-12-14,wk inc flu hosp,quantile,0.01,4.322783854046105
45,2024-12-14,0,2024-12-14,wk inc flu hosp,quantile,0.01,21.06381393626224
46,2024-12-14,0,2024-12-14,wk inc flu hosp,quantile,0.01,0.0
47,2024-12-14,0,2024-12-14,wk inc flu hosp,quantile,0.01,60.3599050860073
48,2024-12-14,0,2024-12-14,wk inc flu hosp,quantile,0.01,397.1945028984329
49,2024-12-14,0,2024-12-14,wk inc flu hosp,quantile,0.01,46.657340605944505
50,2024-12-14,0,2024-12-14,wk inc flu hosp,quantile,0.01,0.0
51,2024-12-14,0,2024-12-14,wk inc flu hosp,quantile,0.01,43.86186600558999
53,2024-12-14,0,2024-12-14,wk inc flu hosp,quantile,0.01,39.4411543176872
54,2024-12-14,0,2024-12-14,wk inc flu hosp,quantile,0.01,5.746576701563062
55,2024-12-14,0,2024-12-14,wk inc flu hosp,quantile,0.01,15.270865537762978
56,2024-12-14,0,2024-12-14,wk inc flu hosp,quantile,0.01,2.182807581579258
72,2024-12-14,0,2024-12-14,wk inc flu hosp,quantile,0.01,341.79601922522073
US,2024-12-14,0,2024-12-14,wk inc flu hosp,quantile,0.01,4668.134349874234
01,2024-12-14,1,2024-12-21,wk inc flu hosp,quantile,0.01,72.43878818689605
02,2024-12-14,1,2024-12-21,wk inc flu hosp,quantile,0.01,6.864458785571013
04,2024-12-14,1,2024-12-21,wk inc flu hosp,quantile,0.01,687.7512373739966
05,2024-12-14,1,2024-12-21,wk inc flu hosp,quantile,0.01,8.91354997744719
06,2024-12-14,1,2024-12-21,wk inc flu hosp,quantile,0.01,763.043138705999
08,2024-12-14,1,2024-12-21,wk inc flu hosp,quantile,0.01,62.12045957676522
09,2024-12-14,1,2024-12-21,wk inc flu hosp,quantile,0.01,6.48697546275999
10,2024-12-14,1,2024-12-21,wk inc flu hosp,quantile,0.01,8.119472735349088
11,2024-12-14,1,2024-12-21,wk inc flu hosp,quantile,0.01,0.0
12,2024-12-14,1,2024-12-21,wk inc flu hosp,quantile,0.01,529.8252523597955
13,2024-12-14,1,2024-12-21,wk inc flu hosp,quantile,0.01,57.9680860098805
15,2024-12-14,1,2024-12-21,wk inc flu hosp,quantile,0.01,13.296177725205563
16,2024-12-14,1,2024-12-21,wk inc flu hosp,quantile,0.01,51.45838637387625
17,2024-12-14,1,2024-12-21,wk inc flu hosp,quantile,0.01,66.66077214817382
18,2024-12-14,1,2024-12-21,wk inc flu hosp,quantile,0.01,46.114911044716735
19,2024-12-14,1,2024-12-21,wk inc flu hosp,quantile,0.01,4.883731330996213
20,2024-12-14,1,2024-12-21,wk inc flu hosp,quantile,0.01,25.409369172225222
21,2024-12-14,1,2024-12-21,wk inc flu hosp,quantile,0.01,30.005400901417566
22,2024-12-14,1,2024-12-21,wk inc flu hosp,quantile,0.01,119.99153196510699
23,2024-12-14,1,2024-12-21,wk inc flu hosp,quantile,0.01,0.6077954230151998
24,2024-12-14,1,2024-12-21,wk inc flu hosp,quantile,0.01,17.10579816719089
25,2024-12-14,1,2024-12-21,wk inc flu hosp,quantile,0.01,57.03016807188754
26,2024-12-14,1,2024-12-21,wk inc flu hosp,quantile,0.01,46.09512172611122
27,2024-12-14,1,2024-12-21,wk inc flu hosp,quantile,0.01,36.05747133517088
28,2024-12-14,1,2024-12-21,wk inc flu hosp,quantile,0.01,26.492398128973417
29,2024-12-14,1,2024-12-21,wk inc flu hosp,quantile,0.01,34.125068863324266
30,2024-12-14,1,2024-12-21,wk inc flu hosp,quantile,0.01,0.0
31,2024-12-14,1,2024-12-21,wk inc flu hosp,quantile,0.01,5.388066277664404
32,2024-12-14,1,2024-12-21,wk inc flu hosp,quantile,0.01,50.91738733759369
33,2024-12-14,1,2024-12-21,wk inc flu hosp,quantile,0.01,10.684080582472927
34,2024-12-14,1,2024-12-21,wk inc flu hosp,quantile,0.01,80.48312463573991
35,2024-12-14,1,2024-12-21,wk inc flu hosp,quantile,0.01,68.40446453713724
36,2024-12-14,1,2024-12-21,wk inc flu hosp,quantile,0.01,199.88699021922818
37,2024-12-14,1,2024-12-21,wk inc flu hosp,quantile,0.01,38.26016329268299
38,2024-12-14,1,2024-12-21,wk inc flu hosp,quantile,0.01,0.4090373724265184
39,2024-12-14,1,2024-12-21,wk inc flu hosp,quantile,0.01,53.02777211750496
40,2024-12-14,1,2024-12-21,wk inc flu hosp,quantile,0.01,18.720310134047974
41,2024-12-14,1,2024-12-21,wk inc flu hosp,quantile,0.01,54.87399251567953
42,2024-12-14,1,2024-12-21,wk inc flu hosp,quantile,0.01,116.10644045641385
44,2024-12-14,1,2024-12-21,wk inc flu hosp,quantile,0.01,4.6720926693809925
45,2024-12-14,1,2024-12-21,wk inc flu hosp,quantile,0.01,22.303946134707267
46,2024-12-14,1,2024-12-21,wk inc flu hosp,quantile,0.01,0.0
47,2024-12-14,1,2024-12-21,wk inc flu hosp,quantile,0.01,58.125496975843284
48,2024-12-14,1,2024-12-21,wk inc flu hosp,quantile,0.01,401.5213818125112
49,2024-12-14,1,2024-12-21,wk inc flu hosp,quantile,0.01,48.11251206257035
50,2024-12-14,1,2024-12-21,wk inc flu hosp,quantile,0.01,0.0
51,2024-12-14,1,2024-12-21,wk inc flu hosp,quantile,0.01,44.820358518580015
53,2024-12-14,1,2024-12-21,wk inc flu hosp,quantile,0.01,39.55572598273356
54,2024-12-14,1,2024-12-21,wk inc flu hosp,quantile,0.01,5.8589470903835785
55,2024-12-14,1,2024-12-21,wk inc flu hosp,quantile,0.01,15.50124119792851
56,2024-12-14,1,2024-12-21,wk inc flu hosp,quantile,0.01,1.7874054582295078
72,2024-12-14,1,2024-12-21,wk inc flu hosp,quantile,0.01,345.3949656711477
US,2024-12-14,1,2024-12-21,wk inc flu hosp,quantile,0.01,4743.9664869699445
01,2024-12-14,2,2024-12-28,wk inc flu hosp,quantile,0.01,76.36222445683032
02,2024-12-14,2,2024-12-28,wk inc flu hosp,quantile,0.01,7.552601562443556
04,2024-12-14,2,2024-12-28,wk inc flu hosp,quantile,0.01,659.2319132004645
05,2024-12-14,2,2024-12-28,wk inc flu hosp,quantile,0.01,10.280542801139042
06,2024-12-14,2,2024-12-28,wk inc flu hosp,quantile,0.01,780.9147449894285
08,2024-12-14,2,2024-12-28,wk inc flu hosp,quantile,0.01,66.5129363763064
09,2024-12-14,2,2024-12-28,wk inc flu hosp,quantile,0.01,7.3414463143465065
10,2024-12-14,2,2024-12-28,wk inc flu hosp,quantile,0.01,8.908624088599927
11,2024-12-14,2,2024-12-28,wk inc flu hosp,quantile,0.01,0.0
12,2024-12-14,2,2024-12-28,wk inc flu hosp,quantile,0.01,530.151864416665
13,2024-12-14,2,2024-12-28,wk inc flu hosp,quantile,0.01,62.462190311834725
15,2024-12-14,2,2024-12-28,wk inc flu hosp,quantile,0.01,13.659130584859545
16,2024-12-14,2,2024-12-28,wk inc flu hosp,quantile,0.01,51.98864882109269
17,2024-12-14,2,2024-12-28,wk inc flu hosp,quantile,0.01,62.60913027492195
18,2024-12-14,2,2024-12-28,wk inc flu hosp,quantile,0.01,49.87761614751197
19,2024-12-14,2,2024-12-28,wk inc flu hosp,quantile,0.01,6.1425728238257316
20,2024-12-14,2,2024-12-28,wk inc flu hosp,quantile,0.01,27.121031773134767
21,2024-12-14,2,2024-12-28,wk inc flu hosp,quantile,0.01,32.373132555848855
22,2024-12-14,2,2024-12-28,wk inc flu hosp,quantile,0.01,121.07756291386616
23,2024-12-14,2,2024-12-28,wk inc flu hosp,quantile,0.01,0.9173048796406165
24,2024-12-14,2,2024-12-28,wk inc flu hosp,quantile,0.01,18.586490330098368
25,2024-12-14,2,2024-12-28,wk inc flu hosp,quantile,0.01,57.156457341866044
26,2024-12-14,2,2024-12-28,wk inc flu hosp,quantile,0.01,45.460109172827366
27,2024-12-14,2,2024-12-28,wk inc flu hosp,quantile,0.01,39.84006306760487
28,2024-12-14,2,2024-12-28,wk inc flu hosp,quantile,0.01,26.411641659289952
29,2024-12-14,2,2024-12-28,wk inc flu hosp,quantile,0.01,34.31762353537216
30,2024-12-14,2,2024-12-28,wk inc flu hosp,quantile,0.01,0.0
31,2024-12-14,2,2024-12-28,wk inc flu hosp,quantile,0.01,5.66865731730361
32,2024-12-14,2,2024-12-28,wk inc flu hosp,quantile,0.01,51.14795689376624
33,2024-12-14,2,2024-12-28,wk inc flu hosp,quantile,0.01,11.018411109786669
34,2024-12-14,2,2024-12-28,wk inc flu hosp,quantile,0.01,87.30360906975534
35,2024-12-14,2,2024-12-28,wk inc flu hosp,quantile,0.01,72.79587992014908
36,2024-12-14,2,2024-12-28,wk inc flu hosp,quantile,0.01,211.47180849383523
37,2024-12-14,2,2024-12-28,wk inc flu hosp,quantile,0.01,44.1921449924179
38,2024-12-14,2,2024-12-28,wk inc flu hosp,quantile,0.01,0.3235521137669424
39,2024-12-14,2,2024-12-28,wk inc flu hosp,quantile,0.01,58.53779722763115
40,2024-12-14,2,2024-12-28,wk inc flu hosp,quantile,0.01,18.571660385796005
41,2024-12-14,2,2024-12-28,wk inc flu hosp,quantile,0.01,56.51829012681903
42,2024-12-14,2,2024-12-28,wk inc flu hosp,quantile,0.01,124.69140965894913
44,2024-12-14,2,2024-12-28,wk inc flu hosp,quantile,0.01,4.874871517236207
45,2024-12-14,2,2024-12-28,wk inc flu hosp,quantile,0.01,24.34749438642276
46,2024-12-14,2,2024-12-28,wk inc flu hosp,quantile,0.01,0.0
47,2024-12-14,2,2024-12-28,wk inc flu hosp,quantile,0.01,61.42680267336486
48,2024-12-14,2,2024-12-28,wk inc flu hosp,quantile,0.01,422.86943388041846
49,2024-12-14,2,2024-12-28,wk inc flu hosp,quantile,0.01,49.72465704962953
50,2024-12-14,2,2024-12-28,wk inc flu hosp,quantile,0.01,0.0
51,2024-12-14,2,2024-12-28,wk inc flu hosp,quantile,0.01,47.953465598044225
53,2024-12-14,2,2024-12-28,wk inc flu hosp,quantile,0.01,42.18864049097605
54,2024-12-14,2,2024-12-28,wk inc flu hosp,quantile,0.01,6.609843808135052
55,2024-12-14,2,2024-12-28,wk inc flu hosp,quantile,0.01,17.544727938642414
56,2024-12-14,2,2024-12-28,wk inc flu hosp,quantile,0.01,1.3395929320531719
72,2024-12-14,2,2024-12-28,wk inc flu hosp,quantile,0.01,356.8530262495682
US,2024-12-14,2,2024-12-28,wk inc flu hosp,quantile,0.01,4989.508547005699
01,2024-12-14,3,2025-01-04,wk inc flu hosp,quantile,0.01,78.30545709023247
02,2024-12-14,3,2025-01-04,wk inc flu hosp,quantile,0.01,8.109746850444926
04,2024-12-14,3,2025-01-04,wk inc flu hosp,quantile,0.01,643.5809777242696
05,2024-12-14,3,2025-01-04,wk inc flu hosp,quantile,0.01,10.502157169118663
06,2024-12-14,3,2025-01-04,wk inc flu hosp,quantile,0.01,797.8824047378042
08,2024-12-14,3,2025-01-04,wk inc flu hosp,quantile,0.01,68.01602254560714
09,2024-12-14,3,2025-01-04,wk inc flu hosp,quantile,0.01,7.579000938037834
10,2024-12-14,3,2025-01-04,wk inc flu hosp,quantile,0.01,9.26998853673087
11,2024-12-14,3,2025-01-04,wk inc flu hosp,quantile,0.01,0.0
12,2024-12-14,3,2025-01-04,wk inc flu hosp,quantile,0.01,544.556697093193
13,2024-12-14,3,2025-01-04,wk inc flu hosp,quantile,0.01,61.77047269678532
15,2024-12-14,3,2025-01-04,wk inc flu hosp,quantile,0.01,14.379382846402978
16,2024-12-14,3,2025-01-04,wk inc flu hosp,quantile,0.01,48.95242395663566
17,2024-12-14,3,2025-01-04,wk inc flu hosp,quantile,0.01,57.9560464447144
18,2024-12-14,3,2025-01-04,wk inc flu hosp,quantile,0.01,49.625709045267875
19,2024-12-14,3,2025-01-04,wk inc flu hosp,quantile,0.01,6.374000665041538
20,2024-12-14,3,2025-01-04,wk inc flu hosp,quantile,0.01,27.632025344149415
21,2024-12-14,3,2025-01-04,wk inc flu hosp,quantile,0.01,33.02747276957517
22,2024-12-14,3,2025-01-04,wk inc flu hosp,quantile,0.01,123.94491577471716
23,2024-12-14,3,2025-01-04,wk inc flu hosp,quantile,0.01,1.0226733832312473
24,2024-12-14,3,2025-01-04,wk inc flu hosp,quantile,0.01,18.618535485933176
25,2024-12-14,3,2025-01-04,wk inc flu hosp,quantile,0.01,57.53879187872269
26,2024-12-14,3,2025-01-04,wk inc flu hosp,quantile,0.01,45.2830798194045
27,2024-12-14,3,2025-01-04,wk inc flu hosp,quantile,0.01,40.24697917649927
28,2024-12-14,3,2025-01-04,wk inc flu hosp,quantile,0.01,26.050954996467233
29,2024-12-14,3,2025-01-04,wk inc flu hosp,quantile,0.01,34.15396915201257
30,2024-12-14,3,2025-01-04,wk inc flu hosp,quantile,0.01,0.0
31,2024-12-14,3,2025-01-04,wk inc flu hosp,quantile,0.01,5.83054025288031
32,2024-12-14,3,2025-01-04,wk inc flu hosp,quantile,0.01,52.94713254075533
33,2024-12-14,3,2025-01-04,wk inc flu hosp,quantile,0.01,11.485834105923079
34,2024-12-14,3,2025-01-04,wk inc flu hosp,quantile,0.01,88.02479765457767
35,2024-12-14,3,2025-01-04,wk inc flu hosp,quantile,0.01,74.01785044463581
36,2024-12-14,3,2025-01-04,wk inc flu hosp,quantile,0.01,213.235162981958
37,2024-12-14,3,2025-01-04,wk inc flu hosp,quantile,0.01,44.12443692242382
38,2024-12-14,3,2025-01-04,wk inc flu hosp,quantile,0.01,0.2606492436372517
39,2024-12-14,3,2025-01-04,wk inc flu hosp,quantile,0.01,58.25852126906494
40,2024-12-14,3,2025-01-04,wk inc flu hosp,quantile,0.01,18.360425608159193
41,2024-12-14,3,2025-01-04,wk inc flu hosp,quantile,0.01,59.01179064197609
42,2024-12-14,3,2025-01-04,wk inc flu hosp,quantile,0.01,123.1340601791542
44,2024-12-14,3,2025-01-04,wk inc flu hosp,quantile,0.01,4.9562471255999485
45,2024-12-14,3,2025-01-04,wk inc flu hosp,quantile,0.01,24.454777448566936
46,2024-12-14,3,2025-01-04,wk inc flu hosp,quantile,0.01,0.0
47,2024-12-14,3,2025-01-04,wk inc flu hosp,quantile,0.01,61.872861223232846
48,2024-12-14,3,2025-01-04,wk inc flu hosp,quantile,0.01,424.6927964213522
49,2024-12-14,3,2025-01-04,wk inc flu hosp,quantile,0.01,51.25842824438086
50,2024-12-14,3,2025-01-04,wk inc flu hosp,quantile,0.01,0.0
51,2024-12-14,3,2025-01-04,wk inc flu hosp,quantile,0.01,48.49451585409159
53,2024-12-14,3,2025-01-04,wk inc flu hosp,quantile,0.01,41.78410452063704
54,2024-12-14,3,2025-01-04,wk inc flu hosp,quantile,0.01,6.674693528698776
55,2024-12-14,3,2025-01-04,wk inc flu hosp,quantile,0.01,17.369971393597858
56,2024-12-14,3,2025-01-04,wk inc flu hosp,quantile,0.01,0.8274644574521245
72,2024-12-14,3,2025-01-04,wk inc flu hosp,quantile,0.01,362.8034825744302
US,2024-12-14,3,2025-01-04,wk inc flu hosp,quantile,0.01,5048.264587127453
01,2024-12-14,0,2024-12-14,wk inc flu hosp,quantile,0.025,85.57855920020664
02,2024-12-14,0,2024-12-14,wk inc flu hosp,quantile,0.025,8.647077374180396
04,2024-12-14,0,2024-12-14,wk inc flu hosp,quantile,0.025,790.5161655624353
05,2024-12-14,0,2024-12-14,wk inc flu hosp,quantile,0.025,9.39525260953601
06,2024-12-14,0,2024-12-14,wk inc flu hosp,quantile,0.025,900.8441451914597
08,2024-12-14,0,2024-12-14,wk inc flu hosp,quantile,0.025,69.21295099024638
09,2024-12-14,0,2024-12-14,wk inc flu hosp,quantile,0.025,7.907924321016587
10,2024-12-14,0,2024-12-14,wk inc flu hosp,quantile,0.025,10.734094562144882
11,2024-12-14,0,2024-12-14,wk inc flu hosp,quantile,0.025,0.23252971547719106
12,2024-12-14,0,2024-12-14,wk inc flu hosp,quantile,0.025,620.2439220690298
13,2024-12-14,0,2024-12-14,wk inc flu hosp,quantile,0.025,65.98188830015496
15,2024-12-14,0,2024-12-14,wk inc flu hosp,quantile,0.025,15.401122820501868
16,2024-12-14,0,2024-12-14,wk inc flu hosp,quantile,0.025,59.26152249095682
17,2024-12-14,0,2024-12-14,wk inc flu hosp,quantile,0.025,81.06463100833919
18,2024-12-14,0,2024-12-14,wk inc flu hosp,quantile,0.025,51.575067259855324
19,2024-12-14,0,2024-12-14,wk inc flu hosp,quantile,0.025,4.976752429189211
20,2024-12-14,0,2024-12-14,wk inc flu hosp,quantile,0.025,27.914062379831144
21,2024-12-14,0,2024-12-14,wk inc flu hosp,quantile,0.025,33.05996283591572
22,2024-12-14,0,2024-12-14,wk inc flu hosp,quantile,0.025,131.9234021383291
23,2024-12-14,0,2024-12-14,wk inc flu hosp,quantile,0.025,0.8291114143794098
24,2024-12-14,0,2024-12-14,wk inc flu hosp,quantile,0.025,21.539759935722557
25,2024-12-14,0,2024-12-14,wk inc flu hosp,quantile,0.025,63.93031586719491
26,2024-12-14,0,2024-12-14,wk inc flu hosp,quantile,0.025,58.02696730321935
27,2024-12-14,0,2024-12-14,wk inc flu hosp,quantile,0.025,43.964732130836666
28,2024-12-14,0,2024-12-14,wk inc flu hosp,quantile,0.025,30.495529682654507
29,2024-12-14,0,2024-12-14,wk inc flu hosp,quantile,0.025,40.90119386977893
30,2024-12-14,0,2024-12-14,wk inc flu hosp,quantile,0.025,0.08143737515465169
31,2024-12-14,0,2024-12-14,wk inc flu hosp,quantile,0.025,6.258532184288313
32,2024-12-14,0,2024-12-14,wk inc flu hosp,quantile,0.025,62.005560738884945
33,2024-12-14,0,2024-12-14,wk inc flu hosp,quantile,0.025,11.652214756750649
34,2024-12-14,0,2024-12-14,wk inc flu hosp,quantile,0.025,87.79359052574983
35,2024-12-14,0,2024-12-14,wk inc flu hosp,quantile,0.025,80.75268434707269
36,2024-12-14,0,2024-12-14,wk inc flu hosp,quantile,0.025,237.97438740815645
37,2024-12-14,0,2024-12-14,wk inc flu hosp,quantile,0.025,45.93637026979157
38,2024-12-14,0,2024-12-14,wk inc flu hosp,quantile,0.025,1.1287939148620714
39,2024-12-14,0,2024-12-14,wk inc flu hosp,quantile,0.025,55.8526165306624
40,2024-12-14,0,2024-12-14,wk inc flu hosp,quantile,0.025,20.50872344343766
41,2024-12-14,0,2024-12-14,wk inc flu hosp,quantile,0.025,68.12773923015568
42,2024-12-14,0,2024-12-14,wk inc flu hosp,quantile,0.025,119.47730462580331
44,2024-12-14,0,2024-12-14,wk inc flu hosp,quantile,0.025,4.9383511795349015
45,2024-12-14,0,2024-12-14,wk inc flu hosp,quantile,0.025,23.854887578279893
46,2024-12-14,0,2024-12-14,wk inc flu hosp,quantile,0.025,0.0
47,2024-12-14,0,2024-12-14,wk inc flu hosp,quantile,0.025,62.83850728079648
48,2024-12-14,0,2024-12-14,wk inc flu hosp,quantile,0.025,442.29104855013065
49,2024-12-14,0,2024-12-14,wk inc flu hosp,quantile,0.025,56.722337747517244
50,2024-12-14,0,2024-12-14,wk inc flu hosp,quantile,0.025,0.0
51,2024-12-14,0,2024-12-14,wk inc flu hosp,quantile,0.025,53.62890119139554
53,2024-12-14,0,2024-12-14,wk inc flu hosp,quantile,0.025,49.361473211450175
54,2024-12-14,0,2024-12-14,wk inc flu hosp,quantile,0.025,6.36486466169955
55,2024-12-14,0,2024-12-14,wk inc flu hosp,quantile,0.025,20.423496758185966
56,2024-12-14,0,2024-12-14,wk inc flu hosp,quantile,0.025,2.5569620183016744
72,2024-12-14,0,2024-12-14,wk inc flu hosp,quantile,0.025,372.5978017227835
US,2024-12-14,0,2024-12-14,wk inc flu hosp,quantile,0.025,5443.670610994309
01,2024-12-14,1,2024-12-21,wk inc flu hosp,quantile,0.025,88.48208660042908
02,2024-12-14,1,2024-12-21,wk inc flu hosp,quantile,0.025,8.625504481213095
04,2024-12-14,1,2024-12-21,wk inc flu hosp,quantile,0.025,760.1575931246275
05,2024-12-14,1,2024-12-21,wk inc flu hosp,quantile,0.025,10.781620023012414
06,2024-12-14,1,2024-12-21,wk inc flu hosp,quantile,0.025,942.1067265784419
08,2024-12-14,1,2024-12-21,wk inc flu hosp,quantile,0.025,76.56811627976688
09,2024-12-14,1,2024-12-21,wk inc flu hosp,quantile,0.025,9.642716043922066
10,2024-12-14,1,2024-12-21,wk inc flu hosp,quantile,0.025,11.320765478639737
11,2024-12-14,1,2024-12-21,wk inc flu hosp,quantile,0.025,0.053327816112574554
12,2024-12-14,1,2024-12-21,wk inc flu hosp,quantile,0.025,615.9730689659815
13,2024-12-14,1,2024-12-21,wk inc flu hosp,quantile,0.025,70.4791536464084
15,2024-12-14,1,2024-12-21,wk inc flu hosp,quantile,0.025,14.773214482048399
16,2024-12-14,1,2024-12-21,wk inc flu hosp,quantile,0.025,61.33210709205376
17,2024-12-14,1,2024-12-21,wk inc flu hosp,quantile,0.025,79.55444047711343
18,2024-12-14,1,2024-12-21,wk inc flu hosp,quantile,0.025,55.21577221612331
19,2024-12-14,1,2024-12-21,wk inc flu hosp,quantile,0.025,6.211290371460531
20,2024-12-14,1,2024-12-21,wk inc flu hosp,quantile,0.025,29.580114315333123
21,2024-12-14,1,2024-12-21,wk inc flu hosp,quantile,0.025,36.564967477454225
22,2024-12-14,1,2024-12-21,wk inc flu hosp,quantile,0.025,130.19175275528005
23,2024-12-14,1,2024-12-21,wk inc flu hosp,quantile,0.025,1.4928715597375655
24,2024-12-14,1,2024-12-21,wk inc flu hosp,quantile,0.025,23.37888421052708
25,2024-12-14,1,2024-12-21,wk inc flu hosp,quantile,0.025,70.91175625071075
26,2024-12-14,1,2024-12-21,wk inc flu hosp,quantile,0.025,60.683088518289736
27,2024-12-14,1,2024-12-21,wk inc flu hosp,quantile,0.025,48.70974634171068
28,2024-12-14,1,2024-12-21,wk inc flu hosp,quantile,0.025,31.903092790725744
29,2024-12-14,1,2024-12-21,wk inc flu hosp,quantile,0.025,43.71447113441161
30,2024-12-14,1,2024-12-21,wk inc flu hosp,quantile,0.025,0.41418579229915614
31,2024-12-14,1,2024-12-21,wk inc flu hosp,quantile,0.025,7.330084393590196
32,2024-12-14,1,2024-12-21,wk inc flu hosp,quantile,0.025,60.63349993807069
33,2024-12-14,1,2024-12-21,wk inc flu hosp,quantile,0.025,11.131285540749671
34,2024-12-14,1,2024-12-21,wk inc flu hosp,quantile,0.025,96.04989303403158
35,2024-12-14,1,2024-12-21,wk inc flu hosp,quantile,0.025,87.50388381243168
36,2024-12-14,1,2024-12-21,wk inc flu hosp,quantile,0.025,238.3155836127497
37,2024-12-14,1,2024-12-21,wk inc flu hosp,quantile,0.025,50.709360805553814
38,2024-12-14,1,2024-12-21,wk inc flu hosp,quantile,0.025,1.0678000965506211
39,2024-12-14,1,2024-12-21,wk inc flu hosp,quantile,0.025,63.07287378999412
40,2024-12-14,1,2024-12-21,wk inc flu hosp,quantile,0.025,22.99878076518181
41,2024-12-14,1,2024-12-21,wk inc flu hosp,quantile,0.025,68.5514756859742
42,2024-12-14,1,2024-12-21,wk inc flu hosp,quantile,0.025,124.78130707434526
44,2024-12-14,1,2024-12-21,wk inc flu hosp,quantile,0.025,5.661126902036893
45,2024-12-14,1,2024-12-21,wk inc flu hosp,quantile,0.025,28.57715049754589
46,2024-12-14,1,2024-12-21,wk inc flu hosp,quantile,0.025,0.0
47,2024-12-14,1,2024-12-21,wk inc flu hosp,quantile,0.025,58.699675338336874
48,2024-12-14,1,2024-12-21,wk inc flu hosp,quantile,0.025,465.0660162939664
49,2024-12-14,1,2024-12-21,wk inc flu hosp,quantile,0.025,58.51331301578488
50,2024-12-14,1,2024-12-21,wk inc flu hosp,quantile,0.025,0.0
51,2024-12-14,1,2024-12-21,wk inc flu hosp,quantile,0.025,53.678798536102974
53,2024-12-14,1,2024-12-21,wk inc flu hosp,quantile,0.025,51.949074822609255
54,2024-12-14,1,2024-12-21,wk inc flu hosp,quantile,0.025,7.3091348385269885
55,2024-12-14,1,2024-12-21,wk inc flu hosp,quantile,0.025,22.511821019098758
56,2024-12-14,1,2024-12-21,wk inc flu hosp,quantile,0.025,2.2377109579506556
72,2024-12-14,1,2024-12-21,wk inc flu hosp,quantile,0.025,384.2741917183725
US,2024-12-14,1,2024-12-21,wk inc flu hosp,quantile,0.025,5652.738658776458
01,2024-12-14,2,2024-12-28,wk inc flu hosp,quantile,0.025,96.16885768087974
02,2024-12-14,2,2024-12-28,wk inc flu hosp,quantile,0.025,9.94357139154559
04,2024-12-14,2,2024-12-28,wk inc flu hosp,quantile,0.025,754.7873836547105
05,2024-12-14,2,2024-12-28,wk inc flu hosp,quantile,0.025,11.226273464329228
06,2024-12-14,2,2024-12-28,wk inc flu hosp,quantile,0.025,1007.9303742332576
08,2024-12-14,2,2024-12-28,wk inc flu hosp,quantile,0.025,85.56591417748358
09,2024-12-14,2,2024-12-28,wk inc flu hosp,quantile,0.025,9.321910699165395
10,2024-12-14,2,2024-12-28,wk inc flu hosp,quantile,0.025,12.191826304264092
11,2024-12-14,2,2024-12-28,wk inc flu hosp,quantile,0.025,0.0
12,2024-12-14,2,2024-12-28,wk inc flu hosp,quantile,0.025,641.9933418518957
13,2024-12-14,2,2024-12-28,wk inc flu hosp,quantile,0.025,73.48729296373821
15,2024-12-14,2,2024-12-28,wk inc flu hosp,quantile,0.025,15.739240340976739
16,2024-12-14,2,2024-12-28,wk inc flu hosp,quantile,0.025,60.68469732568331
17,2024-12-14,2,2024-12-28,wk inc flu hosp,quantile,0.025,74.77329236779265
18,2024-12-14,2,2024-12-28,wk inc flu hosp,quantile,0.025,55.52166269529836
19,2024-12-14,2,2024-12-28,wk inc flu hosp,quantile,0.025,6.6445145780756345
20,2024-12-14,2,2024-12-28,wk inc flu hosp,quantile,0.025,31.96880616675061
21,2024-12-14,2,2024-12-28,wk inc flu hosp,quantile,0.025,37.449681402140705
22,2024-12-14,2,2024-12-28,wk inc flu hosp,quantile,0.025,137.7672911880184
23,2024-12-14,2,2024-12-28,wk inc flu hosp,quantile,0.025,1.651679802975456
24,2024-12-14,2,2024-12-28,wk inc flu hosp,quantile,0.025,23.37888421052708
25,2024-12-14,2,2024-12-28,wk inc flu hosp,quantile,0.025,70.91175625071075
26,2024-12-14,2,2024-12-28,wk inc flu hosp,quantile,0.025,60.18780810566989
27,2024-12-14,2,2024-12-28,wk inc flu hosp,quantile,0.025,52.8523703378963
28,2024-12-14,2,2024-12-28,wk inc flu hosp,quantile,0.025,32.154244910059326
29,2024-12-14,2,2024-12-28,wk inc flu hosp,quantile,0.025,44.644422058583245
30,2024-12-14,2,2024-12-28,wk inc flu hosp,quantile,0.025,0.48227584837563386
31,2024-12-14,2,2024-12-28,wk inc flu hosp,quantile,0.025,7.464726776702944
32,2024-12-14,2,2024-12-28,wk inc flu hosp,quantile,0.025,63.39365684362677
33,2024-12-14,2,2024-12-28,wk inc flu hosp,quantile,0.025,12.038579513365773
34,2024-12-14,2,2024-12-28,wk inc flu hosp,quantile,0.025,101.72579720267598
35,2024-12-14,2,2024-12-28,wk inc flu hosp,quantile,0.025,93.07311555960942
36,2024-12-14,2,2024-12-28,wk inc flu hosp,quantile,0.025,238.3155836127497
37,2024-12-14,2,2024-12-28,wk inc flu hosp,quantile,0.025,55.26363092801733
38,2024-12-14,2,2024-12-28,wk inc flu hosp,quantile,0.025,0.7646918055348495
39,2024-12-14,2,2024-12-28,wk inc flu hosp,quantile,0.025,65.5575465255107
40,2024-12-14,2,2024-12-28,wk inc flu hosp,quantile,0.025,23.778262179607903
41,2024-12-14,2,2024-12-28,wk inc flu hosp,quantile,0.025,73.71041045511355
42,2024-12-14,2,2024-12-28,wk inc flu hosp,quantile,0.025,141.76507713874682
44,2024-12-14,2,2024-12-28,wk inc flu hosp,quantile,0.025,6.055925194709056
45,2024-12-14,2,2024-12-28,wk inc flu hosp,quantile,0.025,29.0741141913608
46,2024-12-14,2,2024-12-28,wk inc flu hosp,quantile,0.025,0.0
47,2024-12-14,2,2024-12-28,wk inc flu hosp,quantile,0.025,68.13586568621326
48,2024-12-14,2,2024-12-28,wk inc flu hosp,quantile,0.025,496.4186246364851
49,2024-12-14,2,2024-12-28,wk inc flu hosp,quantile,0.025,62.70385776657415
50,2024-12-14,2,2024-12-28,wk inc flu hosp,quantile,0.025,0.0
51,2024-12-14,2,2024-12-28,wk inc flu hosp,quantile,0.025,53.66388455486251
53,2024-12-14,2,2024-12-28,wk inc flu hosp,quantile,0.025,53.87946867628948
54,2024-12-14,2,2024-12-28,wk inc flu hosp,quantile,0.025,7.548709243383422
55,2024-12-14,2,2024-12-28,wk inc flu hosp,quantile,0.025,22.511821019098758
56,2024-12-14,2,2024-12-28,wk inc flu hosp,quantile,0.025,1.751059189383147
72,2024-12-14,2,2024-12-28,wk inc flu hosp,quantile,0.025,403.78858693943704
US,2024-12-14,2,2024-12-28,wk inc flu hosp,quantile,0.025,6085.111090292209
01,2024-12-14,3,2025-01-04,wk inc flu hosp,quantile,0.025,96.64105962479563
02,2024-12-14,3,2025-01-04,wk inc flu hosp,quantile,0.025,10.172616452826357
04,2024-12-14,3,2025-01-04,wk inc flu hosp,quantile,0.025,710.8041944450189
05,2024-12-14,3,2025-01-04,wk inc flu hosp,quantile,0.025,11.686811460466048
06,2024-12-14,3,2025-01-04,wk inc flu hosp,quantile,0.025,1009.7272183180835
08,2024-12-14,3,2025-01-04,wk inc flu hosp,quantile,0.025,88.42202704068477
09,2024-12-14,3,2025-01-04,wk inc flu hosp,quantile,0.025,9.089983474748799
10,2024-12-14,3,2025-01-04,wk inc flu hosp,quantile,0.025,12.421610923487878
11,2024-12-14,3,2025-01-04,wk inc flu hosp,quantile,0.025,0.0
12,2024-12-14,3,2025-01-04,wk inc flu hosp,quantile,0.025,649.106349379121
13,2024-12-14,3,2025-01-04,wk inc flu hosp,quantile,0.025,76.27861572240518
15,2024-12-14,3,2025-01-04,wk inc flu hosp,quantile,0.025,16.395165738972853
16,2024-12-14,3,2025-01-04,wk inc flu hosp,quantile,0.025,59.20350133194981
17,2024-12-14,3,2025-01-04,wk inc flu hosp,quantile,0.025,71.85191898193523
18,2024-12-14,3,2025-01-04,wk inc flu hosp,quantile,0.025,55.52166269529836
19,2024-12-14,3,2025-01-04,wk inc flu hosp,quantile,0.025,6.7221437081042446
20,2024-12-14,3,2025-01-04,wk inc flu hosp,quantile,0.025,33.02541318399624
21,2024-12-14,3,2025-01-04,wk inc flu hosp,quantile,0.025,38.49127957266161
22,2024-12-14,3,2025-01-04,wk inc flu hosp,quantile,0.025,139.9404004120433
23,2024-12-14,3,2025-01-04,wk inc flu hosp,quantile,0.025,1.788892985985832
24,2024-12-14,3,2025-01-04,wk inc flu hosp,quantile,0.025,23.37888421052708
25,2024-12-14,3,2025-01-04,wk inc flu hosp,quantile,0.025,70.91175625071075
26,2024-12-14,3,2025-01-04,wk inc flu hosp,quantile,0.025,62.74479801761553
27,2024-12-14,3,2025-01-04,wk inc flu hosp,quantile,0.025,53.201704926354054
28,2024-12-14,3,2025-01-04,wk inc flu hosp,quantile,0.025,32.737403073469984
29,2024-12-14,3,2025-01-04,wk inc flu hosp,quantile,0.025,46.539934821108446
30,2024-12-14,3,2025-01-04,wk inc flu hosp,quantile,0.025,0.6502655134253543
31,2024-12-14,3,2025-01-04,wk inc flu hosp,quantile,0.025,7.496773542745577
32,2024-12-14,3,2025-01-04,wk inc flu hosp,quantile,0.025,63.844910053841744
33,2024-12-14,3,2025-01-04,wk inc flu hosp,quantile,0.025,12.485778150798732
34,2024-12-14,3,2025-01-04,wk inc flu hosp,quantile,0.025,103.6009431055573
35,2024-12-14,3,2025-01-04,wk inc flu hosp,quantile,0.025,94.63695173916012
36,2024-12-14,3,2025-01-04,wk inc flu hosp,quantile,0.025,238.3155836127497
37,2024-12-14,3,2025-01-04,wk inc flu hosp,quantile,0.025,57.12558185637956
38,2024-12-14,3,2025-01-04,wk inc flu hosp,quantile,0.025,0.5916789778851234
39,2024-12-14,3,2025-01-04,wk inc flu hosp,quantile,0.025,66.6322934125865
40,2024-12-14,3,2025-01-04,wk inc flu hosp,quantile,0.025,24.547220651880032
41,2024-12-14,3,2025-01-04,wk inc flu hosp,quantile,0.025,76.3442280212576
42,2024-12-14,3,2025-01-04,wk inc flu hosp,quantile,0.025,145.57775888265576
44,2024-12-14,3,2025-01-04,wk inc flu hosp,quantile,0.025,6.295444926110658
45,2024-12-14,3,2025-01-04,wk inc flu hosp,quantile,0.025,30.046507392716855
46,2024-12-14,3,2025-01-04,wk inc flu hosp,quantile,0.025,0.0
47,2024-12-14,3,2025-01-04,wk inc flu hosp,quantile,0.025,67.60301977330731
48,2024-12-14,3,2025-01-04,wk inc flu hosp,quantile,0.025,502.13494211262787
49,2024-12-14,3,2025-01-04,wk inc flu hosp,quantile,0.025,63.19026084876769
50,2024-12-14,3,2025-01-04,wk inc flu hosp,quantile,0.025,0.0
51,2024-12-14,3,2025-01-04,wk inc flu hosp,quantile,0.025,53.655285464860874
53,2024-12-14,3,2025-01-04,wk inc flu hosp,quantile,0.025,53.636291523847355
54,2024-12-14,3,2025-01-04,wk inc flu hosp,quantile,0.025,7.67491127862361
55,2024-12-14,3,2025-01-04,wk inc flu hosp,quantile,0.025,22.511821019098758
56,2024-12-14,3,2025-01-04,wk inc flu hosp,quantile,0.025,1.0242972359031854
72,2024-12-14,3,2025-01-04,wk inc flu hosp,quantile,0.025,406.924802594531
US,2024-12-14,3,2025-01-04,wk inc flu hosp,quantile,0.025,6080.13013551243
01,2024-12-14,0,2024-12-14,wk inc flu hosp,quantile,0.05,93.215705428392
02,2024-12-14,0,2024-12-14,wk inc flu hosp,quantile,0.05,9.864133588566892
04,2024-12-14,0,2024-12-14,wk inc flu hosp,quantile,0.05,829.019432204141
05,2024-12-14,0,2024-12-14,wk inc flu hosp,quantile,0.05,11.568109097927803
06,2024-12-14,0,2024-12-14,wk inc flu hosp,quantile,0.05,966.7307804406181
08,2024-12-14,0,2024-12-14,wk inc flu hosp,quantile,0.05,79.65872258701212
09,2024-12-14,0,2024-12-14,wk inc flu hosp,quantile,0.05,8.582524747121045
10,2024-12-14,0,2024-12-14,wk inc flu hosp,quantile,0.05,12.562324126587674
11,2024-12-14,0,2024-12-14,wk inc flu hosp,quantile,0.05,0.6451517045218874
12,2024-12-14,0,2024-12-14,wk inc flu hosp,quantile,0.05,671.1485973884979
13,2024-12-14,0,2024-12-14,wk inc flu hosp,quantile,0.05,69.45055347655638
15,2024-12-14,0,2024-12-14,wk inc flu hosp,quantile,0.05,17.03173139136146
16,2024-12-14,0,2024-12-14,wk inc flu hosp,quantile,0.05,61.71310282186264
17,2024-12-14,0,2024-12-14,wk inc flu hosp,quantile,0.05,91.54002473250027
18,2024-12-14,0,2024-12-14,wk inc flu hosp,quantile,0.05,52.5972900338311
19,2024-12-14,0,2024-12-14,wk inc flu hosp,quantile,0.05,6.343489860386377
20,2024-12-14,0,2024-12-14,wk inc flu hosp,quantile,0.05,30.490783943900386
21,2024-12-14,0,2024-12-14,wk inc flu hosp,quantile,0.05,35.79606654196073
22,2024-12-14,0,2024-12-14,wk inc flu hosp,quantile,0.05,142.85168953644424
23,2024-12-14,0,2024-12-14,wk inc flu hosp,quantile,0.05,1.4098480227349754
24,2024-12-14,0,2024-12-14,wk inc flu hosp,quantile,0.05,22.71782740259497
25,2024-12-14,0,2024-12-14,wk inc flu hosp,quantile,0.05,68.18808564545695
26,2024-12-14,0,2024-12-14,wk inc flu hosp,quantile,0.05,65.24843241747061
27,2024-12-14,0,2024-12-14,wk inc flu hosp,quantile,0.05,50.462952035248286
28,2024-12-14,0,2024-12-14,wk inc flu hosp,quantile,0.05,34.99354665316749
29,2024-12-14,0,2024-12-14,wk inc flu hosp,quantile,0.05,45.713957298884594
30,2024-12-14,0,2024-12-14,wk inc flu hosp,quantile,0.05,1.0379004301149188
31,2024-12-14,0,2024-12-14,wk inc flu hosp,quantile,0.05,7.449487704745902
32,2024-12-14,0,2024-12-14,wk inc flu hosp,quantile,0.05,65.65558264464522
33,2024-12-14,0,2024-12-14,wk inc flu hosp,quantile,0.05,12.649625390414009
34,2024-12-14,0,2024-12-14,wk inc flu hosp,quantile,0.05,98.67819499380256
35,2024-12-14,0,2024-12-14,wk inc flu hosp,quantile,0.05,92.0733982551443
36,2024-12-14,0,2024-12-14,wk inc flu hosp,quantile,0.05,249.60955704084532
37,2024-12-14,0,2024-12-14,wk inc flu hosp,quantile,0.05,50.47635415490554
38,2024-12-14,0,2024-12-14,wk inc flu hosp,quantile,0.05,1.56033558490209
39,2024-12-14,0,2024-12-14,wk inc flu hosp,quantile,0.05,62.637801805968465
40,2024-12-14,0,2024-12-14,wk inc flu hosp,quantile,0.05,23.42256070625524
41,2024-12-14,0,2024-12-14,wk inc flu hosp,quantile,0.05,79.20967677242871
42,2024-12-14,0,2024-12-14,wk inc flu hosp,quantile,0.05,128.76549263763664
44,2024-12-14,0,2024-12-14,wk inc flu hosp,quantile,0.05,6.282424897953299
45,2024-12-14,0,2024-12-14,wk inc flu hosp,quantile,0.05,28.8316858729728
46,2024-12-14,0,2024-12-14,wk inc flu hosp,quantile,0.05,0.0
47,2024-12-14,0,2024-12-14,wk inc flu hosp,quantile,0.05,72.63446104334957
48,2024-12-14,0,2024-12-14,wk inc flu hosp,quantile,0.05,463.42577456660916
49,2024-12-14,0,2024-12-14,wk inc flu hosp,quantile,0.05,63.887831628378684
50,2024-12-14,0,2024-12-14,wk inc flu hosp,quantile,0.05,0.0
51,2024-12-14,0,2024-12-14,wk inc flu hosp,quantile,0.05,54.146251586581485
53,2024-12-14,0,2024-12-14,wk inc flu hosp,quantile,0.05,52.82121076643694
54,2024-12-14,0,2024-12-14,wk inc flu hosp,quantile,0.05,7.934935494897247
55,2024-12-14,0,2024-12-14,wk inc flu hosp,quantile,0.05,22.306871046509244
56,2024-12-14,0,2024-12-14,wk inc flu hosp,quantile,0.05,3.0438257240957105
72,2024-12-14,0,2024-12-14,wk inc flu hosp,quantile,0.05,408.571736568291
US,2024-12-14,0,2024-12-14,wk inc flu hosp,quantile,0.05,5883.392213634831
01,2024-12-14,1,2024-12-21,wk inc flu hosp,quantile,0.05,97.93173208231833
02,2024-12-14,1,2024-12-21,wk inc flu hosp,quantile,0.05,10.649730048202633
04,2024-12-14,1,2024-12-21,wk inc flu hosp,quantile,0.05,822.1543292730662
05,2024-12-14,1,2024-12-21,wk inc flu hosp,quantile,0.05,13.001298185245544
06,2024-12-14,1,2024-12-21,wk inc flu hosp,quantile,0.05,1028.490030124746
08,2024-12-14,1,2024-12-21,wk inc flu hosp,quantile,0.05,87.36956764223473
09,2024-12-14,1,2024-12-21,wk inc flu hosp,quantile,0.05,9.661254915695807
10,2024-12-14,1,2024-12-21,wk inc flu hosp,quantile,0.05,13.334713188673405
11,2024-12-14,1,2024-12-21,wk inc flu hosp,quantile,0.05,0.18023200158774308
12,2024-12-14,1,2024-12-21,wk inc flu hosp,quantile,0.05,671.7145885841022
13,2024-12-14,1,2024-12-21,wk inc flu hosp,quantile,0.05,76.02273187358612
15,2024-12-14,1,2024-12-21,wk inc flu hosp,quantile,0.05,17.096199985590758
16,2024-12-14,1,2024-12-21,wk inc flu hosp,quantile,0.05,64.99955295268384
17,2024-12-14,1,2024-12-21,wk inc flu hosp,quantile,0.05,90.87929218077684
18,2024-12-14,1,2024-12-21,wk inc flu hosp,quantile,0.05,55.52166269529836
19,2024-12-14,1,2024-12-21,wk inc flu hosp,quantile,0.05,7.46412356091653
20,2024-12-14,1,2024-12-21,wk inc flu hosp,quantile,0.05,34.08007584519832
21,2024-12-14,1,2024-12-21,wk inc flu hosp,quantile,0.05,39.19955497753711
22,2024-12-14,1,2024-12-21,wk inc flu hosp,quantile,0.05,144.2926046770056
23,2024-12-14,1,2024-12-21,wk inc flu hosp,quantile,0.05,2.011847560585545
24,2024-12-14,1,2024-12-21,wk inc flu hosp,quantile,0.05,23.7367259783592
25,2024-12-14,1,2024-12-21,wk inc flu hosp,quantile,0.05,70.92397708219968
26,2024-12-14,1,2024-12-21,wk inc flu hosp,quantile,0.05,66.78063351591587
27,2024-12-14,1,2024-12-21,wk inc flu hosp,quantile,0.05,54.19105289349541
28,2024-12-14,1,2024-12-21,wk inc flu hosp,quantile,0.05,37.02240242414619
29,2024-12-14,1,2024-12-21,wk inc flu hosp,quantile,0.05,46.43236172692272
30,2024-12-14,1,2024-12-21,wk inc flu hosp,quantile,0.05,1.104231382875758
31,2024-12-14,1,2024-12-21,wk inc flu hosp,quantile,0.05,7.464726776702944
32,2024-12-14,1,2024-12-21,wk inc flu hosp,quantile,0.05,66.2351381993912
33,2024-12-14,1,2024-12-21,wk inc flu hosp,quantile,0.05,12.737481380110083
34,2024-12-14,1,2024-12-21,wk inc flu hosp,quantile,0.05,103.6009431055573
35,2024-12-14,1,2024-12-21,wk inc flu hosp,quantile,0.05,98.77243636345325
36,2024-12-14,1,2024-12-21,wk inc flu hosp,quantile,0.05,261.6851326271165
37,2024-12-14,1,2024-12-21,wk inc flu hosp,quantile,0.05,56.11094363529544
38,2024-12-14,1,2024-12-21,wk inc flu hosp,quantile,0.05,1.4235322107160875
39,2024-12-14,1,2024-12-21,wk inc flu hosp,quantile,0.05,69.11506022431432
40,2024-12-14,1,2024-12-21,wk inc flu hosp,quantile,0.05,25.352144598200205
41,2024-12-14,1,2024-12-21,wk inc flu hosp,quantile,0.05,81.29859720315248
42,2024-12-14,1,2024-12-21,wk inc flu hosp,quantile,0.05,140.37697547344695
44,2024-12-14,1,2024-12-21,wk inc flu hosp,quantile,0.05,7.291293445077629
45,2024-12-14,1,2024-12-21,wk inc flu hosp,quantile,0.05,32.31023646855255
46,2024-12-14,1,2024-12-21,wk inc flu hosp,quantile,0.05,0.0
47,2024-12-14,1,2024-12-21,wk inc flu hosp,quantile,0.05,73.5702650214096
48,2024-12-14,1,2024-12-21,wk inc flu hosp,quantile,0.05,503.94218992641936
49,2024-12-14,1,2024-12-21,wk inc flu hosp,quantile,0.05,67.94320863377013
50,2024-12-14,1,2024-12-21,wk inc flu hosp,quantile,0.05,0.0
51,2024-12-14,1,2024-12-21,wk inc flu hosp,quantile,0.05,56.63120347346577
53,2024-12-14,1,2024-12-21,wk inc flu hosp,quantile,0.05,53.544908474655145
54,2024-12-14,1,2024-12-21,wk inc flu hosp,quantile,0.05,8.892763849390231
55,2024-12-14,1,2024-12-21,wk inc flu hosp,quantile,0.05,22.63382019062844
56,2024-12-14,1,2024-12-21,wk inc flu hosp,quantile,0.05,2.478583829123391
72,2024-12-14,1,2024-12-21,wk inc flu hosp,quantile,0.05,422.5832740566379
US,2024-12-14,1,2024-12-21,wk inc flu hosp,quantile,0.05,6363.637784676468
01,2024-12-14,2,2024-12-28,wk inc flu hosp,quantile,0.05,100.93108384248472
02,2024-12-14,2,2024-12-28,wk inc flu hosp,quantile,0.05,11.14386577956547
04,2024-12-14,2,2024-12-28,wk inc flu hosp,quantile,0.05,815.6000662347983
05,2024-12-14,2,2024-12-28,wk inc flu hosp,quantile,0.05,13.325858188529658
06,2024-12-14,2,2024-12-28,wk inc flu hosp,quantile,0.05,1077.570616643182
08,2024-12-14,2,2024-12-28,wk inc flu hosp,quantile,0.05,91.41718361039564
09,2024-12-14,2,2024-12-28,wk inc flu hosp,quantile,0.05,9.982090244487477
10,2024-12-14,2,2024-12-28,wk inc flu hosp,quantile,0.05,13.622132074914509
11,2024-12-14,2,2024-12-28,wk inc flu hosp,quantile,0.05,0.0
12,2024-12-14,2,2024-12-28,wk inc flu hosp,quantile,0.05,698.0504471740952
13,2024-12-14,2,2024-12-28,wk inc flu hosp,quantile,0.05,77.3169656301878
15,2024-12-14,2,2024-12-28,wk inc flu hosp,quantile,0.05,18.069589409729602
16,2024-12-14,2,2024-12-28,wk inc flu hosp,quantile,0.05,64.49772075075829
17,2024-12-14,2,2024-12-28,wk inc flu hosp,quantile,0.05,84.92448315348459
18,2024-12-14,2,2024-12-28,wk inc flu hosp,quantile,0.05,56.39053599299977
19,2024-12-14,2,2024-12-28,wk inc flu hosp,quantile,0.05,7.536414452903419
20,2024-12-14,2,2024-12-28,wk inc flu hosp,quantile,0.05,34.546922953728085
21,2024-12-14,2,2024-12-28,wk inc flu hosp,quantile,0.05,39.34684561130354
22,2024-12-14,2,2024-12-28,wk inc flu hosp,quantile,0.05,149.03672577027052
23,2024-12-14,2,2024-12-28,wk inc flu hosp,quantile,0.05,1.932059188510489
24,2024-12-14,2,2024-12-28,wk inc flu hosp,quantile,0.05,24.558418486524253
25,2024-12-14,2,2024-12-28,wk inc flu hosp,quantile,0.05,72.33807050803064
26,2024-12-14,2,2024-12-28,wk inc flu hosp,quantile,0.05,64.63228308046838
27,2024-12-14,2,2024-12-28,wk inc flu hosp,quantile,0.05,54.78207379650702
28,2024-12-14,2,2024-12-28,wk inc flu hosp,quantile,0.05,37.06306207822101
29,2024-12-14,2,2024-12-28,wk inc flu hosp,quantile,0.05,46.51883664448007
30,2024-12-14,2,2024-12-28,wk inc flu hosp,quantile,0.05,0.9847226144557186
31,2024-12-14,2,2024-12-28,wk inc flu hosp,quantile,0.05,7.590251241208645
32,2024-12-14,2,2024-12-28,wk inc flu hosp,quantile,0.05,68.94683806709828
33,2024-12-14,2,2024-12-28,wk inc flu hosp,quantile,0.05,13.361034323753485
34,2024-12-14,2,2024-12-28,wk inc flu hosp,quantile,0.05,103.6009431055573
35,2024-12-14,2,2024-12-28,wk inc flu hosp,quantile,0.05,100.17941802415355
36,2024-12-14,2,2024-12-28,wk inc flu hosp,quantile,0.05,266.63718020038647
37,2024-12-14,2,2024-12-28,wk inc flu hosp,quantile,0.05,57.69911931496744
38,2024-12-14,2,2024-12-28,wk inc flu hosp,quantile,0.05,1.1159470428177676
39,2024-12-14,2,2024-12-28,wk inc flu hosp,quantile,0.05,68.58630039764628
40,2024-12-14,2,2024-12-28,wk inc flu hosp,quantile,0.05,25.278844950957843
41,2024-12-14,2,2024-12-28,wk inc flu hosp,quantile,0.05,84.94458241256861
42,2024-12-14,2,2024-12-28,wk inc flu hosp,quantile,0.05,147.25296020321863
44,2024-12-14,2,2024-12-28,wk inc flu hosp,quantile,0.05,7.270908107218719
45,2024-12-14,2,2024-12-28,wk inc flu hosp,quantile,0.05,31.603051606700692
46,2024-12-14,2,2024-12-28,wk inc flu hosp,quantile,0.05,0.0
47,2024-12-14,2,2024-12-28,wk inc flu hosp,quantile,0.05,77.00976197423954
48,2024-12-14,2,2024-12-28,wk inc flu hosp,quantile,0.05,511.48229690964314
49,2024-12-14,2,2024-12-28,wk inc flu hosp,quantile,0.05,69.62242982947352
50,2024-12-14,2,2024-12-28,wk inc flu hosp,quantile,0.05,0.0
51,2024-12-14,2,2024-12-28,wk inc flu hosp,quantile,0.05,58.06061043981054
53,2024-12-14,2,2024-12-28,wk inc flu hosp,quantile,0.05,54.78895742584117
54,2024-12-14,2,2024-12-28,wk inc flu hosp,quantile,0.05,8.988090887874192
55,2024-12-14,2,2024-12-28,wk inc flu hosp,quantile,0.05,24.30342846587738
56,2024-12-14,2,2024-12-28,wk inc flu hosp,quantile,0.05,1.8412131857506693
72,2024-12-14,2,2024-12-28,wk inc flu hosp,quantile,0.05,431.330568430969
US,2024-12-14,2,2024-12-28,wk inc flu hosp,quantile,0.05,6466.348995002376
01,2024-12-14,3,2025-01-04,wk inc flu hosp,quantile,0.05,97.91293482909953
02,2024-12-14,3,2025-01-04,wk inc flu hosp,quantile,0.05,11.175577966366436
04,2024-12-14,3,2025-01-04,wk inc flu hosp,quantile,0.05,743.9287045425622
05,2024-12-14,3,2025-01-04,wk inc flu hosp,quantile,0.05,13.16272588142025
06,2024-12-14,3,2025-01-04,wk inc flu hosp,quantile,0.05,1069.4113942005665
08,2024-12-14,3,2025-01-04,wk inc flu hosp,quantile,0.05,92.27845380571169
09,2024-12-14,3,2025-01-04,wk inc flu hosp,quantile,0.05,10.575043498165458
10,2024-12-14,3,2025-01-04,wk inc flu hosp,quantile,0.05,13.585703619206047
11,2024-12-14,3,2025-01-04,wk inc flu hosp,quantile,0.05,0.0
12,2024-12-14,3,2025-01-04,wk inc flu hosp,quantile,0.05,670.2111607739021
13,2024-12-14,3,2025-01-04,wk inc flu hosp,quantile,0.05,77.29400206499437
15,2024-12-14,3,2025-01-04,wk inc flu hosp,quantile,0.05,17.92126454937954
16,2024-12-14,3,2025-01-04,wk inc flu hosp,quantile,0.05,63.71529699640358
17,2024-12-14,3,2025-01-04,wk inc flu hosp,quantile,0.05,81.59245330822345
18,2024-12-14,3,2025-01-04,wk inc flu hosp,quantile,0.05,58.0741668394276
19,2024-12-14,3,2025-01-04,wk inc flu hosp,quantile,0.05,7.45708638934576
20,2024-12-14,3,2025-01-04,wk inc flu hosp,quantile,0.05,34.546922953728085
21,2024-12-14,3,2025-01-04,wk inc flu hosp,quantile,0.05,39.34684561130354
22,2024-12-14,3,2025-01-04,wk inc flu hosp,quantile,0.05,145.78570773103291
23,2024-12-14,3,2025-01-04,wk inc flu hosp,quantile,0.05,1.9021599568062535
24,2024-12-14,3,2025-01-04,wk inc flu hosp,quantile,0.05,25.147382258601258
25,2024-12-14,3,2025-01-04,wk inc flu hosp,quantile,0.05,73.49994572888774
26,2024-12-14,3,2025-01-04,wk inc flu hosp,quantile,0.05,63.61062245968328
27,2024-12-14,3,2025-01-04,wk inc flu hosp,quantile,0.05,56.69525563154096
28,2024-12-14,3,2025-01-04,wk inc flu hosp,quantile,0.05,36.62354913700721
29,2024-12-14,3,2025-01-04,wk inc flu hosp,quantile,0.05,48.08794846212919
30,2024-12-14,3,2025-01-04,wk inc flu hosp,quantile,0.05,0.9288210626925951
31,2024-12-14,3,2025-01-04,wk inc flu hosp,quantile,0.05,8.312804970942436
32,2024-12-14,3,2025-01-04,wk inc flu hosp,quantile,0.05,65.99671529264647
33,2024-12-14,3,2025-01-04,wk inc flu hosp,quantile,0.05,13.227289859149188
34,2024-12-14,3,2025-01-04,wk inc flu hosp,quantile,0.05,105.62165388638428
35,2024-12-14,3,2025-01-04,wk inc flu hosp,quantile,0.05,101.349447135902
36,2024-12-14,3,2025-01-04,wk inc flu hosp,quantile,0.05,267.5221857426883
37,2024-12-14,3,2025-01-04,wk inc flu hosp,quantile,0.05,57.70257127968048
38,2024-12-14,3,2025-01-04,wk inc flu hosp,quantile,0.05,0.9890500956172135
39,2024-12-14,3,2025-01-04,wk inc flu hosp,quantile,0.05,67.49479145189332
40,2024-12-14,3,2025-01-04,wk inc flu hosp,quantile,0.05,25.230841818641853
41,2024-12-14,3,2025-01-04,wk inc flu hosp,quantile,0.05,82.69020547413244
42,2024-12-14,3,2025-01-04,wk inc flu hosp,quantile,0.05,148.65973515817063
44,2024-12-14,3,2025-01-04,wk inc flu hosp,quantile,0.05,7.376026294947964
45,2024-12-14,3,2025-01-04,wk inc flu hosp,quantile,0.05,31.12776013037293
46,2024-12-14,3,2025-01-04,wk inc flu hosp,quantile,0.05,0.0
47,2024-12-14,3,2025-01-04,wk inc flu hosp,quantile,0.05,75.44559138093258
48,2024-12-14,3,2025-01-04,wk inc flu hosp,quantile,0.05,509.889472672577
49,2024-12-14,3,2025-01-04,wk inc flu hosp,quantile,0.05,70.16235450604692
50,2024-12-14,3,2025-01-04,wk inc flu hosp,quantile,0.05,0.0
51,2024-12-14,3,2025-01-04,wk inc flu hosp,quantile,0.05,58.737302585908964
53,2024-12-14,3,2025-01-04,wk inc flu hosp,quantile,0.05,55.63913413029495
54,2024-12-14,3,2025-01-04,wk inc flu hosp,quantile,0.05,8.944409322897533
55,2024-12-14,3,2025-01-04,wk inc flu hosp,quantile,0.05,24.878053136153305
56,2024-12-14,3,2025-01-04,wk inc flu hosp,quantile,0.05,1.2985160139829102
72,2024-12-14,3,2025-01-04,wk inc flu hosp,quantile,0.05,433.3541913846073
US,2024-12-14,3,2025-01-04,wk inc flu hosp,quantile,0.05,6444.072790880872
01,2024-12-14,0,2024-12-14,wk inc flu hosp,quantile,0.1,106.37222626227027
02,2024-12-14,0,2024-12-14,wk inc flu hosp,quantile,0.1,12.868631648536837
04,2024-12-14,0,2024-12-14,wk inc flu hosp,quantile,0.1,895.1304938568451
05,2024-12-14,0,2024-12-14,wk inc flu hosp,quantile,0.1,14.28630015418248
06,2024-12-14,0,2024-12-14,wk inc flu hosp,quantile,0.1,1029.1614358266247
08,2024-12-14,0,2024-12-14,wk inc flu hosp,quantile,0.1,79.68842599167024
09,2024-12-14,0,2024-12-14,wk inc flu hosp,quantile,0.1,9.661254915695807
10,2024-12-14,0,2024-12-14,wk inc flu hosp,quantile,0.1,14.841484431774603
11,2024-12-14,0,2024-12-14,wk inc flu hosp,quantile,0.1,0.6610245713530515
12,2024-12-14,0,2024-12-14,wk inc flu hosp,quantile,0.1,675.0507793357752
13,2024-12-14,0,2024-12-14,wk inc flu hosp,quantile,0.1,75.70945634955935
15,2024-12-14,0,2024-12-14,wk inc flu hosp,quantile,0.1,18.679129515470606
16,2024-12-14,0,2024-12-14,wk inc flu hosp,quantile,0.1,69.24343298393768
17,2024-12-14,0,2024-12-14,wk inc flu hosp,quantile,0.1,91.92108338855812
18,2024-12-14,0,2024-12-14,wk inc flu hosp,quantile,0.1,55.42043028057062
19,2024-12-14,0,2024-12-14,wk inc flu hosp,quantile,0.1,9.215096618469083
20,2024-12-14,0,2024-12-14,wk inc flu hosp,quantile,0.1,33.0292885127994
21,2024-12-14,0,2024-12-14,wk inc flu hosp,quantile,0.1,39.28648245842907
22,2024-12-14,0,2024-12-14,wk inc flu hosp,quantile,0.1,146.2414312314317
23,2024-12-14,0,2024-12-14,wk inc flu hosp,quantile,0.1,2.011847560585545
24,2024-12-14,0,2024-12-14,wk inc flu hosp,quantile,0.1,23.32307921873963
25,2024-12-14,0,2024-12-14,wk inc flu hosp,quantile,0.1,70.85139512573217
26,2024-12-14,0,2024-12-14,wk inc flu hosp,quantile,0.1,65.31357566980645
27,2024-12-14,0,2024-12-14,wk inc flu hosp,quantile,0.1,54.38662730998264
28,2024-12-14,0,2024-12-14,wk inc flu hosp,quantile,0.1,36.69075430049146
29,2024-12-14,0,2024-12-14,wk inc flu hosp,quantile,0.1,48.613074025798895
30,2024-12-14,0,2024-12-14,wk inc flu hosp,quantile,0.1,1.1089530344141996
31,2024-12-14,0,2024-12-14,wk inc flu hosp,quantile,0.1,8.171863565305708
32,2024-12-14,0,2024-12-14,wk inc flu hosp,quantile,0.1,69.54881525614456
33,2024-12-14,0,2024-12-14,wk inc flu hosp,quantile,0.1,14.015291591393291
34,2024-12-14,0,2024-12-14,wk inc flu hosp,quantile,0.1,101.17946254143338
35,2024-12-14,0,2024-12-14,wk inc flu hosp,quantile,0.1,93.90764375897287
36,2024-12-14,0,2024-12-14,wk inc flu hosp,quantile,0.1,257.68248115147395
37,2024-12-14,0,2024-12-14,wk inc flu hosp,quantile,0.1,59.19487548650217
38,2024-12-14,0,2024-12-14,wk inc flu hosp,quantile,0.1,1.5822158568385887
39,2024-12-14,0,2024-12-14,wk inc flu hosp,quantile,0.1,70.36475247828373
40,2024-12-14,0,2024-12-14,wk inc flu hosp,quantile,0.1,25.334621415784166
41,2024-12-14,0,2024-12-14,wk inc flu hosp,quantile,0.1,79.87200745959441
42,2024-12-14,0,2024-12-14,wk inc flu hosp,quantile,0.1,160.99152262866667
44,2024-12-14,0,2024-12-14,wk inc flu hosp,quantile,0.1,7.354788125509774
45,2024-12-14,0,2024-12-14,wk inc flu hosp,quantile,0.1,30.76014952287255
46,2024-12-14,0,2024-12-14,wk inc flu hosp,quantile,0.1,0.0
47,2024-12-14,0,2024-12-14,wk inc flu hosp,quantile,0.1,83.29636288000326
48,2024-12-14,0,2024-12-14,wk inc flu hosp,quantile,0.1,506.0264266632774
49,2024-12-14,0,2024-12-14,wk inc flu hosp,quantile,0.1,69.70352957640598
50,2024-12-14,0,2024-12-14,wk inc flu hosp,quantile,0.1,0.0
51,2024-12-14,0,2024-12-14,wk inc flu hosp,quantile,0.1,54.529986442719874
53,2024-12-14,0,2024-12-14,wk inc flu hosp,quantile,0.1,53.04705776214565
54,2024-12-14,0,2024-12-14,wk inc flu hosp,quantile,0.1,9.70295723573497
55,2024-12-14,0,2024-12-14,wk inc flu hosp,quantile,0.1,22.718775955054127
56,2024-12-14,0,2024-12-14,wk inc flu hosp,quantile,0.1,3.418793731917952
72,2024-12-14,0,2024-12-14,wk inc flu hosp,quantile,0.1,427.35737461461656
US,2024-12-14,0,2024-12-14,wk inc flu hosp,quantile,0.1,6413.531781160404
01,2024-12-14,1,2024-12-21,wk inc flu hosp,quantile,0.1,119.25133506183377
02,2024-12-14,1,2024-12-21,wk inc flu hosp,quantile,0.1,14.398939496880974
04,2024-12-14,1,2024-12-21,wk inc flu hosp,quantile,0.1,881.4353157901326
05,2024-12-14,1,2024-12-21,wk inc flu hosp,quantile,0.1,14.258093222964833
06,2024-12-14,1,2024-12-21,wk inc flu hosp,quantile,0.1,1207.5369823880694
08,2024-12-14,1,2024-12-21,wk inc flu hosp,quantile,0.1,96.20226587973269
09,2024-12-14,1,2024-12-21,wk inc flu hosp,quantile,0.1,10.679737989269103
10,2024-12-14,1,2024-12-21,wk inc flu hosp,quantile,0.1,15.579491273278812
11,2024-12-14,1,2024-12-21,wk inc flu hosp,quantile,0.1,0.28632078494282875
12,2024-12-14,1,2024-12-21,wk inc flu hosp,quantile,0.1,748.5827529580198
13,2024-12-14,1,2024-12-21,wk inc flu hosp,quantile,0.1,77.3169656301878
15,2024-12-14,1,2024-12-21,wk inc flu hosp,quantile,0.1,19.159849943278708
16,2024-12-14,1,2024-12-21,wk inc flu hosp,quantile,0.1,76.80635324084069
17,2024-12-14,1,2024-12-21,wk inc flu hosp,quantile,0.1,92.18133455073831
18,2024-12-14,1,2024-12-21,wk inc flu hosp,quantile,0.1,58.613686639064674
19,2024-12-14,1,2024-12-21,wk inc flu hosp,quantile,0.1,9.257684828326076
20,2024-12-14,1,2024-12-21,wk inc flu hosp,quantile,0.1,34.546922953728085
21,2024-12-14,1,2024-12-21,wk inc flu hosp,quantile,0.1,39.44087733891282
22,2024-12-14,1,2024-12-21,wk inc flu hosp,quantile,0.1,158.77437364543314
23,2024-12-14,1,2024-12-21,wk inc flu hosp,quantile,0.1,2.1509756779532556
24,2024-12-14,1,2024-12-21,wk inc flu hosp,quantile,0.1,26.11446824720564
25,2024-12-14,1,2024-12-21,wk inc flu hosp,quantile,0.1,75.43005809728557
26,2024-12-14,1,2024-12-21,wk inc flu hosp,quantile,0.1,70.01388132723261
27,2024-12-14,1,2024-12-21,wk inc flu hosp,quantile,0.1,58.65446785752629
28,2024-12-14,1,2024-12-21,wk inc flu hosp,quantile,0.1,37.64576373208996
29,2024-12-14,1,2024-12-21,wk inc flu hosp,quantile,0.1,52.35149881622383
30,2024-12-14,1,2024-12-21,wk inc flu hosp,quantile,0.1,1.3572275737243982
31,2024-12-14,1,2024-12-21,wk inc flu hosp,quantile,0.1,9.172901551076475
32,2024-12-14,1,2024-12-21,wk inc flu hosp,quantile,0.1,75.00996210289388
33,2024-12-14,1,2024-12-21,wk inc flu hosp,quantile,0.1,14.706295360751549
34,2024-12-14,1,2024-12-21,wk inc flu hosp,quantile,0.1,108.76434019622235
35,2024-12-14,1,2024-12-21,wk inc flu hosp,quantile,0.1,107.68630975178486
36,2024-12-14,1,2024-12-21,wk inc flu hosp,quantile,0.1,275.7490573098893
37,2024-12-14,1,2024-12-21,wk inc flu hosp,quantile,0.1,60.561655962732836
38,2024-12-14,1,2024-12-21,wk inc flu hosp,quantile,0.1,1.4680202132272013
39,2024-12-14,1,2024-12-21,wk inc flu hosp,quantile,0.1,70.85525359848288
40,2024-12-14,1,2024-12-21,wk inc flu hosp,quantile,0.1,25.39327596913496
41,2024-12-14,1,2024-12-21,wk inc flu hosp,quantile,0.1,93.14051403683308
42,2024-12-14,1,2024-12-21,wk inc flu hosp,quantile,0.1,171.26141598278988
44,2024-12-14,1,2024-12-21,wk inc flu hosp,quantile,0.1,7.527947681262185
45,2024-12-14,1,2024-12-21,wk inc flu hosp,quantile,0.1,32.89199160437423
46,2024-12-14,1,2024-12-21,wk inc flu hosp,quantile,0.1,0.0
47,2024-12-14,1,2024-12-21,wk inc flu hosp,quantile,0.1,87.6613401432484
48,2024-12-14,1,2024-12-21,wk inc flu hosp,quantile,0.1,521.65901262525
49,2024-12-14,1,2024-12-21,wk inc flu hosp,quantile,0.1,81.1527669988779
50,2024-12-14,1,2024-12-21,wk inc flu hosp,quantile,0.1,0.0
51,2024-12-14,1,2024-12-21,wk inc flu hosp,quantile,0.1,59.68858680607756
53,2024-12-14,1,2024-12-21,wk inc flu hosp,quantile,0.1,57.71259776354577
54,2024-12-14,1,2024-12-21,wk inc flu hosp,quantile,0.1,9.683802238756757
55,2024-12-14,1,2024-12-21,wk inc flu hosp,quantile,0.1,25.906621572645008
56,2024-12-14,1,2024-12-21,wk inc flu hosp,quantile,0.1,2.5641571667022527
72,2024-12-14,1,2024-12-21,wk inc flu hosp,quantile,0.1,458.7500129950072
US,2024-12-14,1,2024-12-21,wk inc flu hosp,quantile,0.1,6855.205895294842
01,2024-12-14,2,2024-12-28,wk inc flu hosp,quantile,0.1,118.4686534580342
02,2024-12-14,2,2024-12-28,wk inc flu hosp,quantile,0.1,15.056716109839693
04,2024-12-14,2,2024-12-28,wk inc flu hosp,quantile,0.1,869.512367167027
05,2024-12-14,2,2024-12-28,wk inc flu hosp,quantile,0.1,13.44996800592139
06,2024-12-14,2,2024-12-28,wk inc flu hosp,quantile,0.1,1289.1878440342352
08,2024-12-14,2,2024-12-28,wk inc flu hosp,quantile,0.1,96.02792688680725
09,2024-12-14,2,2024-12-28,wk inc flu hosp,quantile,0.1,11.138983095996808
10,2024-12-14,2,2024-12-28,wk inc flu hosp,quantile,0.1,15.504627500803524
11,2024-12-14,2,2024-12-28,wk inc flu hosp,quantile,0.1,0.0
12,2024-12-14,2,2024-12-28,wk inc flu hosp,quantile,0.1,749.4544665308076
13,2024-12-14,2,2024-12-28,wk inc flu hosp,quantile,0.1,77.56443736783096
15,2024-12-14,2,2024-12-28,wk inc flu hosp,quantile,0.1,19.561534515110107
16,2024-12-14,2,2024-12-28,wk inc flu hosp,quantile,0.1,75.39413307586688
17,2024-12-14,2,2024-12-28,wk inc flu hosp,quantile,0.1,87.03707970758984
18,2024-12-14,2,2024-12-28,wk inc flu hosp,quantile,0.1,60.06870147065223
19,2024-12-14,2,2024-12-28,wk inc flu hosp,quantile,0.1,8.079025098698049
20,2024-12-14,2,2024-12-28,wk inc flu hosp,quantile,0.1,34.958528744756414
21,2024-12-14,2,2024-12-28,wk inc flu hosp,quantile,0.1,39.83468995256788
22,2024-12-14,2,2024-12-28,wk inc flu hosp,quantile,0.1,165.94261898016765
23,2024-12-14,2,2024-12-28,wk inc flu hosp,quantile,0.1,2.354595572620521
24,2024-12-14,2,2024-12-28,wk inc flu hosp,quantile,0.1,26.702123797406472
25,2024-12-14,2,2024-12-28,wk inc flu hosp,quantile,0.1,77.80400898694546
26,2024-12-14,2,2024-12-28,wk inc flu hosp,quantile,0.1,69.0571466424342
27,2024-12-14,2,2024-12-28,wk inc flu hosp,quantile,0.1,58.38894262384532
28,2024-12-14,2,2024-12-28,wk inc flu hosp,quantile,0.1,37.22436158821446
29,2024-12-14,2,2024-12-28,wk inc flu hosp,quantile,0.1,53.39977334129285
30,2024-12-14,2,2024-12-28,wk inc flu hosp,quantile,0.1,1.4875980826396031
31,2024-12-14,2,2024-12-28,wk inc flu hosp,quantile,0.1,9.44018664413389
32,2024-12-14,2,2024-12-28,wk inc flu hosp,quantile,0.1,76.14261792008705
33,2024-12-14,2,2024-12-28,wk inc flu hosp,quantile,0.1,15.169956475266671
34,2024-12-14,2,2024-12-28,wk inc flu hosp,quantile,0.1,110.69890614785429
35,2024-12-14,2,2024-12-28,wk inc flu hosp,quantile,0.1,111.01117072344111
36,2024-12-14,2,2024-12-28,wk inc flu hosp,quantile,0.1,279.60542035736626
37,2024-12-14,2,2024-12-28,wk inc flu hosp,quantile,0.1,60.44133862146971
38,2024-12-14,2,2024-12-28,wk inc flu hosp,quantile,0.1,1.3004258691613202
39,2024-12-14,2,2024-12-28,wk inc flu hosp,quantile,0.1,70.58511287707466
40,2024-12-14,2,2024-12-28,wk inc flu hosp,quantile,0.1,26.13642191125273
41,2024-12-14,2,2024-12-28,wk inc flu hosp,quantile,0.1,100.0549241034849
42,2024-12-14,2,2024-12-28,wk inc flu hosp,quantile,0.1,168.46039935972323
44,2024-12-14,2,2024-12-28,wk inc flu hosp,quantile,0.1,7.432351282678293
45,2024-12-14,2,2024-12-28,wk inc flu hosp,quantile,0.1,32.843615004075914
46,2024-12-14,2,2024-12-28,wk inc flu hosp,quantile,0.1,0.0
47,2024-12-14,2,2024-12-28,wk inc flu hosp,quantile,0.1,84.89630450228935
48,2024-12-14,2,2024-12-28,wk inc flu hosp,quantile,0.1,521.65901262525
49,2024-12-14,2,2024-12-28,wk inc flu hosp,quantile,0.1,86.56610859682156
50,2024-12-14,2,2024-12-28,wk inc flu hosp,quantile,0.1,0.0
51,2024-12-14,2,2024-12-28,wk inc flu hosp,quantile,0.1,60.64678494377883
53,2024-12-14,2,2024-12-28,wk inc flu hosp,quantile,0.1,58.387982667992915
54,2024-12-14,2,2024-12-28,wk inc flu hosp,quantile,0.1,9.277997651154688
55,2024-12-14,2,2024-12-28,wk inc flu hosp,quantile,0.1,26.63795253295601
56,2024-12-14,2,2024-12-28,wk inc flu hosp,quantile,0.1,2.068201167529159
72,2024-12-14,2,2024-12-28,wk inc flu hosp,quantile,0.1,471.4590502611911
US,2024-12-14,2,2024-12-28,wk inc flu hosp,quantile,0.1,6855.205895294842
01,2024-12-14,3,2025-01-04,wk inc flu hosp,quantile,0.1,117.03338911689639
02,2024-12-14,3,2025-01-04,wk inc flu hosp,quantile,0.1,15.003129179462315
04,2024-12-14,3,2025-01-04,wk inc flu hosp,quantile,0.1,809.1250633779484
05,2024-12-14,3,2025-01-04,wk inc flu hosp,quantile,0.1,13.487798229511517
06,2024-12-14,3,2025-01-04,wk inc flu hosp,quantile,0.1,1299.421971547325
08,2024-12-14,3,2025-01-04,wk inc flu hosp,quantile,0.1,95.49103708581683
09,2024-12-14,3,2025-01-04,wk inc flu hosp,quantile,0.1,11.50661088392969
10,2024-12-14,3,2025-01-04,wk inc flu hosp,quantile,0.1,15.497215953565412
11,2024-12-14,3,2025-01-04,wk inc flu hosp,quantile,0.1,0.0
12,2024-12-14,3,2025-01-04,wk inc flu hosp,quantile,0.1,730.9500600644525
13,2024-12-14,3,2025-01-04,wk inc flu hosp,quantile,0.1,77.3169656301878
15,2024-12-14,3,2025-01-04,wk inc flu hosp,quantile,0.1,19.159893065824356
16,2024-12-14,3,2025-01-04,wk inc flu hosp,quantile,0.1,72.79409352386958
17,2024-12-14,3,2025-01-04,wk inc flu hosp,quantile,0.1,84.46154182793511
18,2024-12-14,3,2025-01-04,wk inc flu hosp,quantile,0.1,61.52074090671838
19,2024-12-14,3,2025-01-04,wk inc flu hosp,quantile,0.1,7.611774655542822
20,2024-12-14,3,2025-01-04,wk inc flu hosp,quantile,0.1,35.491704270143245
21,2024-12-14,3,2025-01-04,wk inc flu hosp,quantile,0.1,40.26806416111884
22,2024-12-14,3,2025-01-04,wk inc flu hosp,quantile,0.1,162.819346805987
23,2024-12-14,3,2025-01-04,wk inc flu hosp,quantile,0.1,2.421263057396269
24,2024-12-14,3,2025-01-04,wk inc flu hosp,quantile,0.1,27.328853409432774
25,2024-12-14,3,2025-01-04,wk inc flu hosp,quantile,0.1,79.82532804525333
26,2024-12-14,3,2025-01-04,wk inc flu hosp,quantile,0.1,70.59522671067272
27,2024-12-14,3,2025-01-04,wk inc flu hosp,quantile,0.1,57.78551660966507
28,2024-12-14,3,2025-01-04,wk inc flu hosp,quantile,0.1,37.6650609505631
29,2024-12-14,3,2025-01-04,wk inc flu hosp,quantile,0.1,56.04853035974619
30,2024-12-14,3,2025-01-04,wk inc flu hosp,quantile,0.1,1.6245189913765172
31,2024-12-14,3,2025-01-04,wk inc flu hosp,quantile,0.1,9.956192625765636
32,2024-12-14,3,2025-01-04,wk inc flu hosp,quantile,0.1,73.29774660508711
33,2024-12-14,3,2025-01-04,wk inc flu hosp,quantile,0.1,14.640969923836156
34,2024-12-14,3,2025-01-04,wk inc flu hosp,quantile,0.1,112.3285348866801
35,2024-12-14,3,2025-01-04,wk inc flu hosp,quantile,0.1,111.34204516304325
36,2024-12-14,3,2025-01-04,wk inc flu hosp,quantile,0.1,291.1382364665281
37,2024-12-14,3,2025-01-04,wk inc flu hosp,quantile,0.1,60.30946564281105
38,2024-12-14,3,2025-01-04,wk inc flu hosp,quantile,0.1,1.0908123109592092
39,2024-12-14,3,2025-01-04,wk inc flu hosp,quantile,0.1,72.08811928388961
40,2024-12-14,3,2025-01-04,wk inc flu hosp,quantile,0.1,26.356305525587704
41,2024-12-14,3,2025-01-04,wk inc flu hosp,quantile,0.1,97.42851570807323
42,2024-12-14,3,2025-01-04,wk inc flu hosp,quantile,0.1,167.1598942994127
44,2024-12-14,3,2025-01-04,wk inc flu hosp,quantile,0.1,7.377071363680748
45,2024-12-14,3,2025-01-04,wk inc flu hosp,quantile,0.1,33.013253711187694
46,2024-12-14,3,2025-01-04,wk inc flu hosp,quantile,0.1,0.0
47,2024-12-14,3,2025-01-04,wk inc flu hosp,quantile,0.1,82.93441336458339
48,2024-12-14,3,2025-01-04,wk inc flu hosp,quantile,0.1,521.65901262525
49,2024-12-14,3,2025-01-04,wk inc flu hosp,quantile,0.1,86.15591580163694
50,2024-12-14,3,2025-01-04,wk inc flu hosp,quantile,0.1,0.0
51,2024-12-14,3,2025-01-04,wk inc flu hosp,quantile,0.1,63.12536131000501
53,2024-12-14,3,2025-01-04,wk inc flu hosp,quantile,0.1,57.39183941808333
54,2024-12-14,3,2025-01-04,wk inc flu hosp,quantile,0.1,9.102965971170574
55,2024-12-14,3,2025-01-04,wk inc flu hosp,quantile,0.1,27.26456584669066
56,2024-12-14,3,2025-01-04,wk inc flu hosp,quantile,0.1,1.6481169602050438
72,2024-12-14,3,2025-01-04,wk inc flu hosp,quantile,0.1,469.8869459003533
US,2024-12-14,3,2025-01-04,wk inc flu hosp,quantile,0.1,6855.205895294842
01,2024-12-14,0,2024-12-14,wk inc flu hosp,quantile,0.15,107.7173725450973
02,2024-12-14,0,2024-12-14,wk inc flu hosp,quantile,0.15,13.282124842338462
04,2024-12-14,0,2024-12-14,wk inc flu hosp,quantile,0.15,911.20275730857
05,2024-12-14,0,2024-12-14,wk inc flu hosp,quantile,0.15,15.895773574255127
06,2024-12-14,0,2024-12-14,wk inc flu hosp,quantile,0.15,1055.7733391507822
08,2024-12-14,0,2024-12-14,wk inc flu hosp,quantile,0.15,86.01404333577536
09,2024-12-14,0,2024-12-14,wk inc flu hosp,quantile,0.15,12.393593594037544
10,2024-12-14,0,2024-12-14,wk inc flu hosp,quantile,0.15,15.248601350682339
11,2024-12-14,0,2024-12-14,wk inc flu hosp,quantile,0.15,0.7457859995548043
12,2024-12-14,0,2024-12-14,wk inc flu hosp,quantile,0.15,678.6651683070772
13,2024-12-14,0,2024-12-14,wk inc flu hosp,quantile,0.15,81.05928753652054
15,2024-12-14,0,2024-12-14,wk inc flu hosp,quantile,0.15,19.27913117983516
16,2024-12-14,0,2024-12-14,wk inc flu hosp,quantile,0.15,71.42516220663971
17,2024-12-14,0,2024-12-14,wk inc flu hosp,quantile,0.15,93.12630540180366
18,2024-12-14,0,2024-12-14,wk inc flu hosp,quantile,0.15,64.79913717395718
19,2024-12-14,0,2024-12-14,wk inc flu hosp,quantile,0.15,9.598867890735335
20,2024-12-14,0,2024-12-14,wk inc flu hosp,quantile,0.15,34.91752782409487
21,2024-12-14,0,2024-12-14,wk inc flu hosp,quantile,0.15,43.644033859760576
22,2024-12-14,0,2024-12-14,wk inc flu hosp,quantile,0.15,147.8534572818479
23,2024-12-14,0,2024-12-14,wk inc flu hosp,quantile,0.15,2.34543709731543
24,2024-12-14,0,2024-12-14,wk inc flu hosp,quantile,0.15,27.402601840855024
25,2024-12-14,0,2024-12-14,wk inc flu hosp,quantile,0.15,82.4129177080924
26,2024-12-14,0,2024-12-14,wk inc flu hosp,quantile,0.15,71.9176011322123
27,2024-12-14,0,2024-12-14,wk inc flu hosp,quantile,0.15,56.708695116230956
28,2024-12-14,0,2024-12-14,wk inc flu hosp,quantile,0.15,37.48610512483276
29,2024-12-14,0,2024-12-14,wk inc flu hosp,quantile,0.15,49.73699477702677
30,2024-12-14,0,2024-12-14,wk inc flu hosp,quantile,0.15,1.7960718600808814
31,2024-12-14,0,2024-12-14,wk inc flu hosp,quantile,0.15,8.49853411964347
32,2024-12-14,0,2024-12-14,wk inc flu hosp,quantile,0.15,69.74673876076781
33,2024-12-14,0,2024-12-14,wk inc flu hosp,quantile,0.15,15.003304878012836
34,2024-12-14,0,2024-12-14,wk inc flu hosp,quantile,0.15,110.82161749714899
35,2024-12-14,0,2024-12-14,wk inc flu hosp,quantile,0.15,100.89545404480822
36,2024-12-14,0,2024-12-14,wk inc flu hosp,quantile,0.15,299.7692505633501
37,2024-12-14,0,2024-12-14,wk inc flu hosp,quantile,0.15,64.8652216239205
38,2024-12-14,0,2024-12-14,wk inc flu hosp,quantile,0.15,1.5992642654506641
39,2024-12-14,0,2024-12-14,wk inc flu hosp,quantile,0.15,75.05680871905992
40,2024-12-14,0,2024-12-14,wk inc flu hosp,quantile,0.15,28.420319545717348
41,2024-12-14,0,2024-12-14,wk inc flu hosp,quantile,0.15,82.36438259850163
42,2024-12-14,0,2024-12-14,wk inc flu hosp,quantile,0.15,162.0616005005769
44,2024-12-14,0,2024-12-14,wk inc flu hosp,quantile,0.15,7.578927032406054
45,2024-12-14,0,2024-12-14,wk inc flu hosp,quantile,0.15,32.89199160437423
46,2024-12-14,0,2024-12-14,wk inc flu hosp,quantile,0.15,0.0
47,2024-12-14,0,2024-12-14,wk inc flu hosp,quantile,0.15,88.6816890193472
48,2024-12-14,0,2024-12-14,wk inc flu hosp,quantile,0.15,507.01267293560767
49,2024-12-14,0,2024-12-14,wk inc flu hosp,quantile,0.15,71.587934104443
50,2024-12-14,0,2024-12-14,wk inc flu hosp,quantile,0.15,0.0
51,2024-12-14,0,2024-12-14,wk inc flu hosp,quantile,0.15,63.71292591271532
53,2024-12-14,0,2024-12-14,wk inc flu hosp,quantile,0.15,60.10290234028912
54,2024-12-14,0,2024-12-14,wk inc flu hosp,quantile,0.15,10.559920330698588
55,2024-12-14,0,2024-12-14,wk inc flu hosp,quantile,0.15,26.36342621593589
56,2024-12-14,0,2024-12-14,wk inc flu hosp,quantile,0.15,3.4225252912784576
72,2024-12-14,0,2024-12-14,wk inc flu hosp,quantile,0.15,444.51049123080304
US,2024-12-14,0,2024-12-14,wk inc flu hosp,quantile,0.15,6477.761736649988
01,2024-12-14,1,2024-12-21,wk inc flu hosp,quantile,0.15,119.44921926078399
02,2024-12-14,1,2024-12-21,wk inc flu hosp,quantile,0.15,14.65014813459647
04,2024-12-14,1,2024-12-21,wk inc flu hosp,quantile,0.15,928.9703395234677
05,2024-12-14,1,2024-12-21,wk inc flu hosp,quantile,0.15,19.12888101960412
06,2024-12-14,1,2024-12-21,wk inc flu hosp,quantile,0.15,1265.9636291732506
08,2024-12-14,1,2024-12-21,wk inc flu hosp,quantile,0.15,97.95223228095998
09,2024-12-14,1,2024-12-21,wk inc flu hosp,quantile,0.15,17.026099513441533
10,2024-12-14,1,2024-12-21,wk inc flu hosp,quantile,0.15,18.40423180476076
11,2024-12-14,1,2024-12-21,wk inc flu hosp,quantile,0.15,0.4292284038908576
12,2024-12-14,1,2024-12-21,wk inc flu hosp,quantile,0.15,767.5650209329199
13,2024-12-14,1,2024-12-21,wk inc flu hosp,quantile,0.15,92.6239144900948
15,2024-12-14,1,2024-12-21,wk inc flu hosp,quantile,0.15,20.93156174024158
16,2024-12-14,1,2024-12-21,wk inc flu hosp,quantile,0.15,79.07225300670883
17,2024-12-14,1,2024-12-21,wk inc flu hosp,quantile,0.15,99.33557846793346
18,2024-12-14,1,2024-12-21,wk inc flu hosp,quantile,0.15,77.86800148809142
19,2024-12-14,1,2024-12-21,wk inc flu hosp,quantile,0.15,12.419995110863612
20,2024-12-14,1,2024-12-21,wk inc flu hosp,quantile,0.15,41.679460133649535
21,2024-12-14,1,2024-12-21,wk inc flu hosp,quantile,0.15,51.70065910867493
22,2024-12-14,1,2024-12-21,wk inc flu hosp,quantile,0.15,163.00007085067884
23,2024-12-14,1,2024-12-21,wk inc flu hosp,quantile,0.15,3.9987381038832166
24,2024-12-14,1,2024-12-21,wk inc flu hosp,quantile,0.15,35.54862036978114
25,2024-12-14,1,2024-12-21,wk inc flu hosp,quantile,0.15,103.66567877141422
26,2024-12-14,1,2024-12-21,wk inc flu hosp,quantile,0.15,75.4680111550991
27,2024-12-14,1,2024-12-21,wk inc flu hosp,quantile,0.15,69.14387144023459
28,2024-12-14,1,2024-12-21,wk inc flu hosp,quantile,0.15,39.20704532059661
29,2024-12-14,1,2024-12-21,wk inc flu hosp,quantile,0.15,54.1709823420674
30,2024-12-14,1,2024-12-21,wk inc flu hosp,quantile,0.15,2.4245647592255777
31,2024-12-14,1,2024-12-21,wk inc flu hosp,quantile,0.15,10.404181385048608
32,2024-12-14,1,2024-12-21,wk inc flu hosp,quantile,0.15,79.54253833000283
33,2024-12-14,1,2024-12-21,wk inc flu hosp,quantile,0.15,16.364292055085773
34,2024-12-14,1,2024-12-21,wk inc flu hosp,quantile,0.15,132.8112099363564
35,2024-12-14,1,2024-12-21,wk inc flu hosp,quantile,0.15,114.78556109338211
36,2024-12-14,1,2024-12-21,wk inc flu hosp,quantile,0.15,379.4915332737051
37,2024-12-14,1,2024-12-21,wk inc flu hosp,quantile,0.15,82.88661660830813
38,2024-12-14,1,2024-12-21,wk inc flu hosp,quantile,0.15,1.5508651086918308
39,2024-12-14,1,2024-12-21,wk inc flu hosp,quantile,0.15,92.81480313024448
40,2024-12-14,1,2024-12-21,wk inc flu hosp,quantile,0.15,35.59090260510309
41,2024-12-14,1,2024-12-21,wk inc flu hosp,quantile,0.15,97.77799753743878
42,2024-12-14,1,2024-12-21,wk inc flu hosp,quantile,0.15,178.98956805515215
44,2024-12-14,1,2024-12-21,wk inc flu hosp,quantile,0.15,9.563025943714091
45,2024-12-14,1,2024-12-21,wk inc flu hosp,quantile,0.15,38.35841578910334
46,2024-12-14,1,2024-12-21,wk inc flu hosp,quantile,0.15,0.0
47,2024-12-14,1,2024-12-21,wk inc flu hosp,quantile,0.15,99.13774119679368
48,2024-12-14,1,2024-12-21,wk inc flu hosp,quantile,0.15,585.6702405962574
49,2024-12-14,1,2024-12-21,wk inc flu hosp,quantile,0.15,83.97417266082115
50,2024-12-14,1,2024-12-21,wk inc flu hosp,quantile,0.15,0.0
51,2024-12-14,1,2024-12-21,wk inc flu hosp,quantile,0.15,80.68991592312548
53,2024-12-14,1,2024-12-21,wk inc flu hosp,quantile,0.15,74.74219306849976
54,2024-12-14,1,2024-12-21,wk inc flu hosp,quantile,0.15,12.727522734849579
55,2024-12-14,1,2024-12-21,wk inc flu hosp,quantile,0.15,31.30657181864795
56,2024-12-14,1,2024-12-21,wk inc flu hosp,quantile,0.15,2.7455382026902524
72,2024-12-14,1,2024-12-21,wk inc flu hosp,quantile,0.15,466.48626975221885
US,2024-12-14,1,2024-12-21,wk inc flu hosp,quantile,0.15,7507.078203666105
01,2024-12-14,2,2024-12-28,wk inc flu hosp,quantile,0.15,133.0804335322122
02,2024-12-14,2,2024-12-28,wk inc flu hosp,quantile,0.15,16.42652717550301
04,2024-12-14,2,2024-12-28,wk inc flu hosp,quantile,0.15,919.987428163337
05,2024-12-14,2,2024-12-28,wk inc flu hosp,quantile,0.15,23.15571039002899
06,2024-12-14,2,2024-12-28,wk inc flu hosp,quantile,0.15,1353.6733489486567
08,2024-12-14,2,2024-12-28,wk inc flu hosp,quantile,0.15,115.69104290834112
09,2024-12-14,2,2024-12-28,wk inc flu hosp,quantile,0.15,20.94328350195422
10,2024-12-14,2,2024-12-28,wk inc flu hosp,quantile,0.15,21.666357464127728
11,2024-12-14,2,2024-12-28,wk inc flu hosp,quantile,0.15,0.044589510697546075
12,2024-12-14,2,2024-12-28,wk inc flu hosp,quantile,0.15,837.8814909644228
13,2024-12-14,2,2024-12-28,wk inc flu hosp,quantile,0.15,109.93341566896606
15,2024-12-14,2,2024-12-28,wk inc flu hosp,quantile,0.15,23.17160526298465
16,2024-12-14,2,2024-12-28,wk inc flu hosp,quantile,0.15,85.06436105355924
17,2024-12-14,2,2024-12-28,wk inc flu hosp,quantile,0.15,98.93715827207238
18,2024-12-14,2,2024-12-28,wk inc flu hosp,quantile,0.15,90.55944570989557
19,2024-12-14,2,2024-12-28,wk inc flu hosp,quantile,0.15,16.173261422355246
20,2024-12-14,2,2024-12-28,wk inc flu hosp,quantile,0.15,46.55832462174125
21,2024-12-14,2,2024-12-28,wk inc flu hosp,quantile,0.15,61.545843065473974
22,2024-12-14,2,2024-12-28,wk inc flu hosp,quantile,0.15,178.09690804740305
23,2024-12-14,2,2024-12-28,wk inc flu hosp,quantile,0.15,5.84447685682075
24,2024-12-14,2,2024-12-28,wk inc flu hosp,quantile,0.15,43.048472030477015
25,2024-12-14,2,2024-12-28,wk inc flu hosp,quantile,0.15,116.96440457261743
26,2024-12-14,2,2024-12-28,wk inc flu hosp,quantile,0.15,77.3875997072579
27,2024-12-14,2,2024-12-28,wk inc flu hosp,quantile,0.15,83.53276200933942
28,2024-12-14,2,2024-12-28,wk inc flu hosp,quantile,0.15,40.42887859237078
29,2024-12-14,2,2024-12-28,wk inc flu hosp,quantile,0.15,57.942429726628454
30,2024-12-14,2,2024-12-28,wk inc flu hosp,quantile,0.15,3.035815014584618
31,2024-12-14,2,2024-12-28,wk inc flu hosp,quantile,0.15,12.47700602892978
32,2024-12-14,2,2024-12-28,wk inc flu hosp,quantile,0.15,88.37302576868942
33,2024-12-14,2,2024-12-28,wk inc flu hosp,quantile,0.15,17.189033886620816
34,2024-12-14,2,2024-12-28,wk inc flu hosp,quantile,0.15,156.32702196049246
35,2024-12-14,2,2024-12-28,wk inc flu hosp,quantile,0.15,136.4775704748015
36,2024-12-14,2,2024-12-28,wk inc flu hosp,quantile,0.15,444.97644935535453
37,2024-12-14,2,2024-12-28,wk inc flu hosp,quantile,0.15,99.44329485104664
38,2024-12-14,2,2024-12-28,wk inc flu hosp,quantile,0.15,1.3329924280004233
39,2024-12-14,2,2024-12-28,wk inc flu hosp,quantile,0.15,110.48921941024525
40,2024-12-14,2,2024-12-28,wk inc flu hosp,quantile,0.15,42.01573861029833
41,2024-12-14,2,2024-12-28,wk inc flu hosp,quantile,0.15,109.75603166516233
42,2024-12-14,2,2024-12-28,wk inc flu hosp,quantile,0.15,187.89362555898643
44,2024-12-14,2,2024-12-28,wk inc flu hosp,quantile,0.15,11.031576532536056
45,2024-12-14,2,2024-12-28,wk inc flu hosp,quantile,0.15,47.95473241860936
46,2024-12-14,2,2024-12-28,wk inc flu hosp,quantile,0.15,0.0
47,2024-12-14,2,2024-12-28,wk inc flu hosp,quantile,0.15,109.61935129054947
48,2024-12-14,2,2024-12-28,wk inc flu hosp,quantile,0.15,638.7095859268787
49,2024-12-14,2,2024-12-28,wk inc flu hosp,quantile,0.15,92.11377924331111
50,2024-12-14,2,2024-12-28,wk inc flu hosp,quantile,0.15,0.0
51,2024-12-14,2,2024-12-28,wk inc flu hosp,quantile,0.15,96.686790443763
53,2024-12-14,2,2024-12-28,wk inc flu hosp,quantile,0.15,84.56933365770145
54,2024-12-14,2,2024-12-28,wk inc flu hosp,quantile,0.15,15.397888736278503
55,2024-12-14,2,2024-12-28,wk inc flu hosp,quantile,0.15,35.02490582999484
56,2024-12-14,2,2024-12-28,wk inc flu hosp,quantile,0.15,2.078015240190027
72,2024-12-14,2,2024-12-28,wk inc flu hosp,quantile,0.15,493.77953868452767
US,2024-12-14,2,2024-12-28,wk inc flu hosp,quantile,0.15,8008.829597170227
01,2024-12-14,3,2025-01-04,wk inc flu hosp,quantile,0.15,137.0714873711729
02,2024-12-14,3,2025-01-04,wk inc flu hosp,quantile,0.15,16.900254957770564
04,2024-12-14,3,2025-01-04,wk inc flu hosp,quantile,0.15,896.0830229621431
05,2024-12-14,3,2025-01-04,wk inc flu hosp,quantile,0.15,25.232738721814297
06,2024-12-14,3,2025-01-04,wk inc flu hosp,quantile,0.15,1339.6495251822957
08,2024-12-14,3,2025-01-04,wk inc flu hosp,quantile,0.15,120.72341712009734
09,2024-12-14,3,2025-01-04,wk inc flu hosp,quantile,0.15,22.510390625212356
10,2024-12-14,3,2025-01-04,wk inc flu hosp,quantile,0.15,22.66650005597895
11,2024-12-14,3,2025-01-04,wk inc flu hosp,quantile,0.15,0.0
12,2024-12-14,3,2025-01-04,wk inc flu hosp,quantile,0.15,863.0021436619254
13,2024-12-14,3,2025-01-04,wk inc flu hosp,quantile,0.15,115.11630935716194
15,2024-12-14,3,2025-01-04,wk inc flu hosp,quantile,0.15,23.760252155448654
16,2024-12-14,3,2025-01-04,wk inc flu hosp,quantile,0.15,86.16767847893811
17,2024-12-14,3,2025-01-04,wk inc flu hosp,quantile,0.15,91.10034807040059
18,2024-12-14,3,2025-01-04,wk inc flu hosp,quantile,0.15,96.46843200747257
19,2024-12-14,3,2025-01-04,wk inc flu hosp,quantile,0.15,17.778857753441237
20,2024-12-14,3,2025-01-04,wk inc flu hosp,quantile,0.15,49.156983317000176
21,2024-12-14,3,2025-01-04,wk inc flu hosp,quantile,0.15,65.80097960131442
22,2024-12-14,3,2025-01-04,wk inc flu hosp,quantile,0.15,182.08839651321267
23,2024-12-14,3,2025-01-04,wk inc flu hosp,quantile,0.15,6.36106719273824
24,2024-12-14,3,2025-01-04,wk inc flu hosp,quantile,0.15,46.27158069799903
25,2024-12-14,3,2025-01-04,wk inc flu hosp,quantile,0.15,119.29181975959803
26,2024-12-14,3,2025-01-04,wk inc flu hosp,quantile,0.15,77.50591222254462
27,2024-12-14,3,2025-01-04,wk inc flu hosp,quantile,0.15,86.61584679096093
28,2024-12-14,3,2025-01-04,wk inc flu hosp,quantile,0.15,41.05657751131194
29,2024-12-14,3,2025-01-04,wk inc flu hosp,quantile,0.15,59.469479826462866
30,2024-12-14,3,2025-01-04,wk inc flu hosp,quantile,0.15,3.3239533600760343
31,2024-12-14,3,2025-01-04,wk inc flu hosp,quantile,0.15,12.956372858565464
32,2024-12-14,3,2025-01-04,wk inc flu hosp,quantile,0.15,91.33801063299917
33,2024-12-14,3,2025-01-04,wk inc flu hosp,quantile,0.15,17.39381738353987
34,2024-12-14,3,2025-01-04,wk inc flu hosp,quantile,0.15,162.73536936436406
35,2024-12-14,3,2025-01-04,wk inc flu hosp,quantile,0.15,141.21392368993716
36,2024-12-14,3,2025-01-04,wk inc flu hosp,quantile,0.15,464.31231572856785
37,2024-12-14,3,2025-01-04,wk inc flu hosp,quantile,0.15,105.77695977575118
38,2024-12-14,3,2025-01-04,wk inc flu hosp,quantile,0.15,1.1682456681205047
39,2024-12-14,3,2025-01-04,wk inc flu hosp,quantile,0.15,117.16960541565552
40,2024-12-14,3,2025-01-04,wk inc flu hosp,quantile,0.15,43.11279566585194
41,2024-12-14,3,2025-01-04,wk inc flu hosp,quantile,0.15,114.56675656963372
42,2024-12-14,3,2025-01-04,wk inc flu hosp,quantile,0.15,196.73508885009804
44,2024-12-14,3,2025-01-04,wk inc flu hosp,quantile,0.15,11.236603091700388
45,2024-12-14,3,2025-01-04,wk inc flu hosp,quantile,0.15,51.97819775933237
46,2024-12-14,3,2025-01-04,wk inc flu hosp,quantile,0.15,0.0
47,2024-12-14,3,2025-01-04,wk inc flu hosp,quantile,0.15,112.86507553342712
48,2024-12-14,3,2025-01-04,wk inc flu hosp,quantile,0.15,666.2050131543825
49,2024-12-14,3,2025-01-04,wk inc flu hosp,quantile,0.15,94.21063979358964
50,2024-12-14,3,2025-01-04,wk inc flu hosp,quantile,0.15,0.0
51,2024-12-14,3,2025-01-04,wk inc flu hosp,quantile,0.15,102.41711762768618
53,2024-12-14,3,2025-01-04,wk inc flu hosp,quantile,0.15,87.32045267766571
54,2024-12-14,3,2025-01-04,wk inc flu hosp,quantile,0.15,17.042849574213374
55,2024-12-14,3,2025-01-04,wk inc flu hosp,quantile,0.15,36.48732459723057
56,2024-12-14,3,2025-01-04,wk inc flu hosp,quantile,0.15,1.6863142236510797
72,2024-12-14,3,2025-01-04,wk inc flu hosp,quantile,0.15,503.2384622730212
US,2024-12-14,3,2025-01-04,wk inc flu hosp,quantile,0.15,8338.413079328999
01,2024-12-14,0,2024-12-14,wk inc flu hosp,quantile,0.2,109.42760824661293
02,2024-12-14,0,2024-12-14,wk inc flu hosp,quantile,0.2,13.44541781825583
04,2024-12-14,0,2024-12-14,wk inc flu hosp,quantile,0.2,913.6126660919656
05,2024-12-14,0,2024-12-14,wk inc flu hosp,quantile,0.2,17.269312565973696
06,2024-12-14,0,2024-12-14,wk inc flu hosp,quantile,0.2,1122.006784516485
08,2024-12-14,0,2024-12-14,wk inc flu hosp,quantile,0.2,92.60487865973562
09,2024-12-14,0,2024-12-14,wk inc flu hosp,quantile,0.2,13.953315647224906
10,2024-12-14,0,2024-12-14,wk inc flu hosp,quantile,0.2,16.108708274968798
11,2024-12-14,0,2024-12-14,wk inc flu hosp,quantile,0.2,0.8037699053478513
12,2024-12-14,0,2024-12-14,wk inc flu hosp,quantile,0.2,689.7409223030163
13,2024-12-14,0,2024-12-14,wk inc flu hosp,quantile,0.2,81.06319475684441
15,2024-12-14,0,2024-12-14,wk inc flu hosp,quantile,0.2,19.680745594982152
16,2024-12-14,0,2024-12-14,wk inc flu hosp,quantile,0.2,73.78199832190852
17,2024-12-14,0,2024-12-14,wk inc flu hosp,quantile,0.2,102.1025739723685
18,2024-12-14,0,2024-12-14,wk inc flu hosp,quantile,0.2,67.52664512429008
19,2024-12-14,0,2024-12-14,wk inc flu hosp,quantile,0.2,11.695058679188465
20,2024-12-14,0,2024-12-14,wk inc flu hosp,quantile,0.2,36.25597482039615
21,2024-12-14,0,2024-12-14,wk inc flu hosp,quantile,0.2,46.72858609984165
22,2024-12-14,0,2024-12-14,wk inc flu hosp,quantile,0.2,152.09953745429053
23,2024-12-14,0,2024-12-14,wk inc flu hosp,quantile,0.2,2.9005292936682125
24,2024-12-14,0,2024-12-14,wk inc flu hosp,quantile,0.2,29.01800920316901
25,2024-12-14,0,2024-12-14,wk inc flu hosp,quantile,0.2,87.76375618892885
26,2024-12-14,0,2024-12-14,wk inc flu hosp,quantile,0.2,73.0354624182168
27,2024-12-14,0,2024-12-14,wk inc flu hosp,quantile,0.2,58.52077356212272
28,2024-12-14,0,2024-12-14,wk inc flu hosp,quantile,0.2,38.4189474617431
29,2024-12-14,0,2024-12-14,wk inc flu hosp,quantile,0.2,49.98933829108988
30,2024-12-14,0,2024-12-14,wk inc flu hosp,quantile,0.2,1.9145283583318036
31,2024-12-14,0,2024-12-14,wk inc flu hosp,quantile,0.2,8.509313307705936
32,2024-12-14,0,2024-12-14,wk inc flu hosp,quantile,0.2,69.93067515352345
33,2024-12-14,0,2024-12-14,wk inc flu hosp,quantile,0.2,15.123942990514221
34,2024-12-14,0,2024-12-14,wk inc flu hosp,quantile,0.2,120.25574022334538
35,2024-12-14,0,2024-12-14,wk inc flu hosp,quantile,0.2,101.7374068913702
36,2024-12-14,0,2024-12-14,wk inc flu hosp,quantile,0.2,320.2933835384034
37,2024-12-14,0,2024-12-14,wk inc flu hosp,quantile,0.2,69.31101162179517
38,2024-12-14,0,2024-12-14,wk inc flu hosp,quantile,0.2,1.6301091494870437
39,2024-12-14,0,2024-12-14,wk inc flu hosp,quantile,0.2,82.98591351220234
40,2024-12-14,0,2024-12-14,wk inc flu hosp,quantile,0.2,31.028331422908604
41,2024-12-14,0,2024-12-14,wk inc flu hosp,quantile,0.2,87.94444378575926
42,2024-12-14,0,2024-12-14,wk inc flu hosp,quantile,0.2,163.73906445310303
44,2024-12-14,0,2024-12-14,wk inc flu hosp,quantile,0.2,8.577914382336969
45,2024-12-14,0,2024-12-14,wk inc flu hosp,quantile,0.2,34.36736417750172
46,2024-12-14,0,2024-12-14,wk inc flu hosp,quantile,0.2,0.0
47,2024-12-14,0,2024-12-14,wk inc flu hosp,quantile,0.2,90.4017166997171
48,2024-12-14,0,2024-12-14,wk inc flu hosp,quantile,0.2,522.022704213676
49,2024-12-14,0,2024-12-14,wk inc flu hosp,quantile,0.2,75.45911029617295
50,2024-12-14,0,2024-12-14,wk inc flu hosp,quantile,0.2,0.0
51,2024-12-14,0,2024-12-14,wk inc flu hosp,quantile,0.2,65.57039782209391
53,2024-12-14,0,2024-12-14,wk inc flu hosp,quantile,0.2,60.16500710221371
54,2024-12-14,0,2024-12-14,wk inc flu hosp,quantile,0.2,11.295835078633155
55,2024-12-14,0,2024-12-14,wk inc flu hosp,quantile,0.2,27.67586051976281
56,2024-12-14,0,2024-12-14,wk inc flu hosp,quantile,0.2,3.4532137679253636
72,2024-12-14,0,2024-12-14,wk inc flu hosp,quantile,0.2,452.6663726116658
US,2024-12-14,0,2024-12-14,wk inc flu hosp,quantile,0.2,6679.271248002867
01,2024-12-14,1,2024-12-21,wk inc flu hosp,quantile,0.2,123.3453085469892
02,2024-12-14,1,2024-12-21,wk inc flu hosp,quantile,0.2,15.33740259216704
04,2024-12-14,1,2024-12-21,wk inc flu hosp,quantile,0.2,942.7571282397756
05,2024-12-14,1,2024-12-21,wk inc flu hosp,quantile,0.2,21.275625399334494
06,2024-12-14,1,2024-12-21,wk inc flu hosp,quantile,0.2,1314.8576982741727
08,2024-12-14,1,2024-12-21,wk inc flu hosp,quantile,0.2,106.86657030008222
09,2024-12-14,1,2024-12-21,wk inc flu hosp,quantile,0.2,19.474919583296728
10,2024-12-14,1,2024-12-21,wk inc flu hosp,quantile,0.2,19.650046176523734
11,2024-12-14,1,2024-12-21,wk inc flu hosp,quantile,0.2,0.5573595452122163
12,2024-12-14,1,2024-12-21,wk inc flu hosp,quantile,0.2,771.1068494833245
13,2024-12-14,1,2024-12-21,wk inc flu hosp,quantile,0.2,93.2228415707636
15,2024-12-14,1,2024-12-21,wk inc flu hosp,quantile,0.2,21.501207345783616
16,2024-12-14,1,2024-12-21,wk inc flu hosp,quantile,0.2,84.48537807970982
17,2024-12-14,1,2024-12-21,wk inc flu hosp,quantile,0.2,106.93763490244821
18,2024-12-14,1,2024-12-21,wk inc flu hosp,quantile,0.2,84.42357719039575
19,2024-12-14,1,2024-12-21,wk inc flu hosp,quantile,0.2,15.586665450687788
20,2024-12-14,1,2024-12-21,wk inc flu hosp,quantile,0.2,44.81025150114364
21,2024-12-14,1,2024-12-21,wk inc flu hosp,quantile,0.2,57.182090571961076
22,2024-12-14,1,2024-12-21,wk inc flu hosp,quantile,0.2,164.3510103709434
23,2024-12-14,1,2024-12-21,wk inc flu hosp,quantile,0.2,4.702803065843911
24,2024-12-14,1,2024-12-21,wk inc flu hosp,quantile,0.2,37.93969447608901
25,2024-12-14,1,2024-12-21,wk inc flu hosp,quantile,0.2,109.35007064324955
26,2024-12-14,1,2024-12-21,wk inc flu hosp,quantile,0.2,79.83467523504353
27,2024-12-14,1,2024-12-21,wk inc flu hosp,quantile,0.2,74.07292151613441
28,2024-12-14,1,2024-12-21,wk inc flu hosp,quantile,0.2,40.724947470943526
29,2024-12-14,1,2024-12-21,wk inc flu hosp,quantile,0.2,54.47754915986976
30,2024-12-14,1,2024-12-21,wk inc flu hosp,quantile,0.2,2.6620866580497093
31,2024-12-14,1,2024-12-21,wk inc flu hosp,quantile,0.2,10.526599294761354
32,2024-12-14,1,2024-12-21,wk inc flu hosp,quantile,0.2,80.0321914051002
33,2024-12-14,1,2024-12-21,wk inc flu hosp,quantile,0.2,16.381902864629243
34,2024-12-14,1,2024-12-21,wk inc flu hosp,quantile,0.2,148.1492142517783
35,2024-12-14,1,2024-12-21,wk inc flu hosp,quantile,0.2,125.8913942648444
36,2024-12-14,1,2024-12-21,wk inc flu hosp,quantile,0.2,410.8883363615382
37,2024-12-14,1,2024-12-21,wk inc flu hosp,quantile,0.2,88.50753168059923
38,2024-12-14,1,2024-12-21,wk inc flu hosp,quantile,0.2,1.691797676776595
39,2024-12-14,1,2024-12-21,wk inc flu hosp,quantile,0.2,104.90894076093244
40,2024-12-14,1,2024-12-21,wk inc flu hosp,quantile,0.2,37.140569225351584
41,2024-12-14,1,2024-12-21,wk inc flu hosp,quantile,0.2,99.40276497885233
42,2024-12-14,1,2024-12-21,wk inc flu hosp,quantile,0.2,183.8021770224084
44,2024-12-14,1,2024-12-21,wk inc flu hosp,quantile,0.2,10.67363887888836
45,2024-12-14,1,2024-12-21,wk inc flu hosp,quantile,0.2,43.039318041554175
46,2024-12-14,1,2024-12-21,wk inc flu hosp,quantile,0.2,0.0
47,2024-12-14,1,2024-12-21,wk inc flu hosp,quantile,0.2,100.44145775181047
48,2024-12-14,1,2024-12-21,wk inc flu hosp,quantile,0.2,619.6365808143274
49,2024-12-14,1,2024-12-21,wk inc flu hosp,quantile,0.2,84.40326759983046
50,2024-12-14,1,2024-12-21,wk inc flu hosp,quantile,0.2,0.0
51,2024-12-14,1,2024-12-21,wk inc flu hosp,quantile,0.2,85.32515043409195
53,2024-12-14,1,2024-12-21,wk inc flu hosp,quantile,0.2,76.29348029965843
54,2024-12-14,1,2024-12-21,wk inc flu hosp,quantile,0.2,13.956345723092893
55,2024-12-14,1,2024-12-21,wk inc flu hosp,quantile,0.2,33.789169638185854
56,2024-12-14,1,2024-12-21,wk inc flu hosp,quantile,0.2,2.979509564462846
72,2024-12-14,1,2024-12-21,wk inc flu hosp,quantile,0.2,481.28762275124086
US,2024-12-14,1,2024-12-21,wk inc flu hosp,quantile,0.2,7990.642067954834
01,2024-12-14,2,2024-12-28,wk inc flu hosp,quantile,0.2,140.71283726727066
02,2024-12-14,2,2024-12-28,wk inc flu hosp,quantile,0.2,17.514592390193265
04,2024-12-14,2,2024-12-28,wk inc flu hosp,quantile,0.2,941.3378031274791
05,2024-12-14,2,2024-12-28,wk inc flu hosp,quantile,0.2,27.202682211306
06,2024-12-14,2,2024-12-28,wk inc flu hosp,quantile,0.2,1366.3405237876746
08,2024-12-14,2,2024-12-28,wk inc flu hosp,quantile,0.2,131.71252416315065
09,2024-12-14,2,2024-12-28,wk inc flu hosp,quantile,0.2,25.495812398352925
10,2024-12-14,2,2024-12-28,wk inc flu hosp,quantile,0.2,23.72628930641834
11,2024-12-14,2,2024-12-28,wk inc flu hosp,quantile,0.2,0.0779613534954562
12,2024-12-14,2,2024-12-28,wk inc flu hosp,quantile,0.2,854.6360131982897
13,2024-12-14,2,2024-12-28,wk inc flu hosp,quantile,0.2,110.72121251798254
15,2024-12-14,2,2024-12-28,wk inc flu hosp,quantile,0.2,24.24459860177149
16,2024-12-14,2,2024-12-28,wk inc flu hosp,quantile,0.2,90.24565128764839
17,2024-12-14,2,2024-12-28,wk inc flu hosp,quantile,0.2,107.12046758926701
18,2024-12-14,2,2024-12-28,wk inc flu hosp,quantile,0.2,100.23941587691995
19,2024-12-14,2,2024-12-28,wk inc flu hosp,quantile,0.2,20.613174812830366
20,2024-12-14,2,2024-12-28,wk inc flu hosp,quantile,0.2,52.36051975987754
21,2024-12-14,2,2024-12-28,wk inc flu hosp,quantile,0.2,68.42302855047372
22,2024-12-14,2,2024-12-28,wk inc flu hosp,quantile,0.2,185.0324661659654
23,2024-12-14,2,2024-12-28,wk inc flu hosp,quantile,0.2,6.893207766665195
24,2024-12-14,2,2024-12-28,wk inc flu hosp,quantile,0.2,47.27093464681937
25,2024-12-14,2,2024-12-28,wk inc flu hosp,quantile,0.2,123.43434772595883
26,2024-12-14,2,2024-12-28,wk inc flu hosp,quantile,0.2,83.2575068192505
27,2024-12-14,2,2024-12-28,wk inc flu hosp,quantile,0.2,91.68341548597178
28,2024-12-14,2,2024-12-28,wk inc flu hosp,quantile,0.2,42.1781302575544
29,2024-12-14,2,2024-12-28,wk inc flu hosp,quantile,0.2,59.31951425681625
30,2024-12-14,2,2024-12-28,wk inc flu hosp,quantile,0.2,3.4455877494613785
31,2024-12-14,2,2024-12-28,wk inc flu hosp,quantile,0.2,12.524231131553883
32,2024-12-14,2,2024-12-28,wk inc flu hosp,quantile,0.2,91.53935303476938
33,2024-12-14,2,2024-12-28,wk inc flu hosp,quantile,0.2,17.72062104702004
34,2024-12-14,2,2024-12-28,wk inc flu hosp,quantile,0.2,181.36843623882461
35,2024-12-14,2,2024-12-28,wk inc flu hosp,quantile,0.2,152.11761769311065
36,2024-12-14,2,2024-12-28,wk inc flu hosp,quantile,0.2,500.5535547197067
37,2024-12-14,2,2024-12-28,wk inc flu hosp,quantile,0.2,109.25052133573367
38,2024-12-14,2,2024-12-28,wk inc flu hosp,quantile,0.2,1.48350598129755
39,2024-12-14,2,2024-12-28,wk inc flu hosp,quantile,0.2,130.54639791435673
40,2024-12-14,2,2024-12-28,wk inc flu hosp,quantile,0.2,42.867172399289196
41,2024-12-14,2,2024-12-28,wk inc flu hosp,quantile,0.2,115.69775082173611
42,2024-12-14,2,2024-12-28,wk inc flu hosp,quantile,0.2,203.79219932868307
44,2024-12-14,2,2024-12-28,wk inc flu hosp,quantile,0.2,12.17915466922835
45,2024-12-14,2,2024-12-28,wk inc flu hosp,quantile,0.2,55.37666650914856
46,2024-12-14,2,2024-12-28,wk inc flu hosp,quantile,0.2,0.0
47,2024-12-14,2,2024-12-28,wk inc flu hosp,quantile,0.2,117.22077173000493
48,2024-12-14,2,2024-12-28,wk inc flu hosp,quantile,0.2,703.1524324206872
49,2024-12-14,2,2024-12-28,wk inc flu hosp,quantile,0.2,98.33272253775792
50,2024-12-14,2,2024-12-28,wk inc flu hosp,quantile,0.2,0.0
51,2024-12-14,2,2024-12-28,wk inc flu hosp,quantile,0.2,103.51127640711142
53,2024-12-14,2,2024-12-28,wk inc flu hosp,quantile,0.2,87.7206701296058
54,2024-12-14,2,2024-12-28,wk inc flu hosp,quantile,0.2,17.38695730529883
55,2024-12-14,2,2024-12-28,wk inc flu hosp,quantile,0.2,40.1384489482225
56,2024-12-14,2,2024-12-28,wk inc flu hosp,quantile,0.2,2.1795256476650913
72,2024-12-14,2,2024-12-28,wk inc flu hosp,quantile,0.2,522.4946081667675
US,2024-12-14,2,2024-12-28,wk inc flu hosp,quantile,0.2,8877.18839766872
01,2024-12-14,3,2025-01-04,wk inc flu hosp,quantile,0.2,147.57264359582365
02,2024-12-14,3,2025-01-04,wk inc flu hosp,quantile,0.2,18.149640334954366
04,2024-12-14,3,2025-01-04,wk inc flu hosp,quantile,0.2,939.9714728258325
05,2024-12-14,3,2025-01-04,wk inc flu hosp,quantile,0.2,30.22227041207166
06,2024-12-14,3,2025-01-04,wk inc flu hosp,quantile,0.2,1387.7022194472588
08,2024-12-14,3,2025-01-04,wk inc flu hosp,quantile,0.2,138.34749466904594
09,2024-12-14,3,2025-01-04,wk inc flu hosp,quantile,0.2,29.023486018911655
10,2024-12-14,3,2025-01-04,wk inc flu hosp,quantile,0.2,24.745530546046556
11,2024-12-14,3,2025-01-04,wk inc flu hosp,quantile,0.2,0.0
12,2024-12-14,3,2025-01-04,wk inc flu hosp,quantile,0.2,880.569868748897
13,2024-12-14,3,2025-01-04,wk inc flu hosp,quantile,0.2,122.21760388016875
15,2024-12-14,3,2025-01-04,wk inc flu hosp,quantile,0.2,25.256558508357415
16,2024-12-14,3,2025-01-04,wk inc flu hosp,quantile,0.2,88.54958513485009
17,2024-12-14,3,2025-01-04,wk inc flu hosp,quantile,0.2,113.42157430869432
18,2024-12-14,3,2025-01-04,wk inc flu hosp,quantile,0.2,109.46708854123479
19,2024-12-14,3,2025-01-04,wk inc flu hosp,quantile,0.2,23.707070248613213
20,2024-12-14,3,2025-01-04,wk inc flu hosp,quantile,0.2,56.305169472847496
21,2024-12-14,3,2025-01-04,wk inc flu hosp,quantile,0.2,75.47901114876014
22,2024-12-14,3,2025-01-04,wk inc flu hosp,quantile,0.2,189.72145387810806
23,2024-12-14,3,2025-01-04,wk inc flu hosp,quantile,0.2,7.977023552077603
24,2024-12-14,3,2025-01-04,wk inc flu hosp,quantile,0.2,52.616842701417866
25,2024-12-14,3,2025-01-04,wk inc flu hosp,quantile,0.2,129.69759607756487
26,2024-12-14,3,2025-01-04,wk inc flu hosp,quantile,0.2,87.72494346718922
27,2024-12-14,3,2025-01-04,wk inc flu hosp,quantile,0.2,96.13988043785017
28,2024-12-14,3,2025-01-04,wk inc flu hosp,quantile,0.2,42.83132972884915
29,2024-12-14,3,2025-01-04,wk inc flu hosp,quantile,0.2,63.78375683659154
30,2024-12-14,3,2025-01-04,wk inc flu hosp,quantile,0.2,3.8012925083146127
31,2024-12-14,3,2025-01-04,wk inc flu hosp,quantile,0.2,13.66302228101744
32,2024-12-14,3,2025-01-04,wk inc flu hosp,quantile,0.2,95.69815992770106
33,2024-12-14,3,2025-01-04,wk inc flu hosp,quantile,0.2,18.44241556133621
34,2024-12-14,3,2025-01-04,wk inc flu hosp,quantile,0.2,191.85942371376947
35,2024-12-14,3,2025-01-04,wk inc flu hosp,quantile,0.2,157.25651988774075
36,2024-12-14,3,2025-01-04,wk inc flu hosp,quantile,0.2,525.8070101270931
37,2024-12-14,3,2025-01-04,wk inc flu hosp,quantile,0.2,117.24688994605009
38,2024-12-14,3,2025-01-04,wk inc flu hosp,quantile,0.2,1.3318919404004095
39,2024-12-14,3,2025-01-04,wk inc flu hosp,quantile,0.2,143.38879377217285
40,2024-12-14,3,2025-01-04,wk inc flu hosp,quantile,0.2,46.988332945045784
41,2024-12-14,3,2025-01-04,wk inc flu hosp,quantile,0.2,121.92648404223455
42,2024-12-14,3,2025-01-04,wk inc flu hosp,quantile,0.2,218.36032408670985
44,2024-12-14,3,2025-01-04,wk inc flu hosp,quantile,0.2,12.513013587863764
45,2024-12-14,3,2025-01-04,wk inc flu hosp,quantile,0.2,62.360526315114704
46,2024-12-14,3,2025-01-04,wk inc flu hosp,quantile,0.2,0.0
47,2024-12-14,3,2025-01-04,wk inc flu hosp,quantile,0.2,120.63186429284964
48,2024-12-14,3,2025-01-04,wk inc flu hosp,quantile,0.2,751.3252284908128
49,2024-12-14,3,2025-01-04,wk inc flu hosp,quantile,0.2,101.53622109615371
50,2024-12-14,3,2025-01-04,wk inc flu hosp,quantile,0.2,0.0
51,2024-12-14,3,2025-01-04,wk inc flu hosp,quantile,0.2,111.78888307795096
53,2024-12-14,3,2025-01-04,wk inc flu hosp,quantile,0.2,92.26727426522858
54,2024-12-14,3,2025-01-04,wk inc flu hosp,quantile,0.2,20.17007768101269
55,2024-12-14,3,2025-01-04,wk inc flu hosp,quantile,0.2,43.04819772572129
56,2024-12-14,3,2025-01-04,wk inc flu hosp,quantile,0.2,1.7264646546815732
72,2024-12-14,3,2025-01-04,wk inc flu hosp,quantile,0.2,528.531116478403
US,2024-12-14,3,2025-01-04,wk inc flu hosp,quantile,0.2,9265.606682151603
01,2024-12-14,0,2024-12-14,wk inc flu hosp,quantile,0.25,117.9408160430834
02,2024-12-14,0,2024-12-14,wk inc flu hosp,quantile,0.25,15.15747944554183
04,2024-12-14,0,2024-12-14,wk inc flu hosp,quantile,0.25,942.9545905356501
05,2024-12-14,0,2024-12-14,wk inc flu hosp,quantile,0.25,21.005677166510964
06,2024-12-14,0,2024-12-14,wk inc flu hosp,quantile,0.25,1132.8502771411515
08,2024-12-14,0,2024-12-14,wk inc flu hosp,quantile,0.25,97.46851291005154
09,2024-12-14,0,2024-12-14,wk inc flu hosp,quantile,0.25,16.114069095860362
10,2024-12-14,0,2024-12-14,wk inc flu hosp,quantile,0.25,18.012432349979484
11,2024-12-14,0,2024-12-14,wk inc flu hosp,quantile,0.25,1.1361173470883845
12,2024-12-14,0,2024-12-14,wk inc flu hosp,quantile,0.25,722.7514871635744
13,2024-12-14,0,2024-12-14,wk inc flu hosp,quantile,0.25,91.77032785638463
15,2024-12-14,0,2024-12-14,wk inc flu hosp,quantile,0.25,21.017648041801554
16,2024-12-14,0,2024-12-14,wk inc flu hosp,quantile,0.25,73.91244518986213
17,2024-12-14,0,2024-12-14,wk inc flu hosp,quantile,0.25,107.48180873056536
18,2024-12-14,0,2024-12-14,wk inc flu hosp,quantile,0.25,75.95851996872491
19,2024-12-14,0,2024-12-14,wk inc flu hosp,quantile,0.25,14.552544401699391
20,2024-12-14,0,2024-12-14,wk inc flu hosp,quantile,0.25,40.02260097895422
21,2024-12-14,0,2024-12-14,wk inc flu hosp,quantile,0.25,52.602155240676396
22,2024-12-14,0,2024-12-14,wk inc flu hosp,quantile,0.25,158.0162139046612
23,2024-12-14,0,2024-12-14,wk inc flu hosp,quantile,0.25,3.891782925889312
24,2024-12-14,0,2024-12-14,wk inc flu hosp,quantile,0.25,32.948520084131125
25,2024-12-14,0,2024-12-14,wk inc flu hosp,quantile,0.25,91.52301763345271
26,2024-12-14,0,2024-12-14,wk inc flu hosp,quantile,0.25,74.06812138302647
27,2024-12-14,0,2024-12-14,wk inc flu hosp,quantile,0.25,67.9190341142846
28,2024-12-14,0,2024-12-14,wk inc flu hosp,quantile,0.25,39.69403080553801
29,2024-12-14,0,2024-12-14,wk inc flu hosp,quantile,0.25,54.42566657120473
30,2024-12-14,0,2024-12-14,wk inc flu hosp,quantile,0.25,2.0589784780873237
31,2024-12-14,0,2024-12-14,wk inc flu hosp,quantile,0.25,9.99489721807308
32,2024-12-14,0,2024-12-14,wk inc flu hosp,quantile,0.25,75.01734367868292
33,2024-12-14,0,2024-12-14,wk inc flu hosp,quantile,0.25,16.09422110373346
34,2024-12-14,0,2024-12-14,wk inc flu hosp,quantile,0.25,133.48767433207672
35,2024-12-14,0,2024-12-14,wk inc flu hosp,quantile,0.25,109.35800823387626
36,2024-12-14,0,2024-12-14,wk inc flu hosp,quantile,0.25,356.59057668856724
37,2024-12-14,0,2024-12-14,wk inc flu hosp,quantile,0.25,79.80010693499537
38,2024-12-14,0,2024-12-14,wk inc flu hosp,quantile,0.25,1.7347331099436798
39,2024-12-14,0,2024-12-14,wk inc flu hosp,quantile,0.25,95.03944763768547
40,2024-12-14,0,2024-12-14,wk inc flu hosp,quantile,0.25,35.256038134164264
41,2024-12-14,0,2024-12-14,wk inc flu hosp,quantile,0.25,90.81870466903061
42,2024-12-14,0,2024-12-14,wk inc flu hosp,quantile,0.25,173.7893731075305
44,2024-12-14,0,2024-12-14,wk inc flu hosp,quantile,0.25,9.043875567979796
45,2024-12-14,0,2024-12-14,wk inc flu hosp,quantile,0.25,40.80088795681896
46,2024-12-14,0,2024-12-14,wk inc flu hosp,quantile,0.25,0.1243772664534612
47,2024-12-14,0,2024-12-14,wk inc flu hosp,quantile,0.25,104.75775265409902
48,2024-12-14,0,2024-12-14,wk inc flu hosp,quantile,0.25,557.8927381176949
49,2024-12-14,0,2024-12-14,wk inc flu hosp,quantile,0.25,76.22458226070633
50,2024-12-14,0,2024-12-14,wk inc flu hosp,quantile,0.25,0.0
51,2024-12-14,0,2024-12-14,wk inc flu hosp,quantile,0.25,73.69669536253808
53,2024-12-14,0,2024-12-14,wk inc flu hosp,quantile,0.25,67.54561446550954
54,2024-12-14,0,2024-12-14,wk inc flu hosp,quantile,0.25,13.682091032898361
55,2024-12-14,0,2024-12-14,wk inc flu hosp,quantile,0.25,29.765617442584535
56,2024-12-14,0,2024-12-14,wk inc flu hosp,quantile,0.25,3.730119013418325
72,2024-12-14,0,2024-12-14,wk inc flu hosp,quantile,0.25,466.71389484887726
US,2024-12-14,0,2024-12-14,wk inc flu hosp,quantile,0.25,7105.758271585907
01,2024-12-14,1,2024-12-21,wk inc flu hosp,quantile,0.25,131.9727900156383
02,2024-12-14,1,2024-12-21,wk inc flu hosp,quantile,0.25,17.405204428264284
04,2024-12-14,1,2024-12-21,wk inc flu hosp,quantile,0.25,981.8287406560786
05,2024-12-14,1,2024-12-21,wk inc flu hosp,quantile,0.25,25.10639311300428
06,2024-12-14,1,2024-12-21,wk inc flu hosp,quantile,0.25,1383.5082179291612
08,2024-12-14,1,2024-12-21,wk inc flu hosp,quantile,0.25,121.84608482316617
09,2024-12-14,1,2024-12-21,wk inc flu hosp,quantile,0.25,22.642327139680663
10,2024-12-14,1,2024-12-21,wk inc flu hosp,quantile,0.25,21.97445321143025
11,2024-12-14,1,2024-12-21,wk inc flu hosp,quantile,0.25,0.5682110134932016
12,2024-12-14,1,2024-12-21,wk inc flu hosp,quantile,0.25,806.8559487286498
13,2024-12-14,1,2024-12-21,wk inc flu hosp,quantile,0.25,103.07565925164323
15,2024-12-14,1,2024-12-21,wk inc flu hosp,quantile,0.25,22.66477385589757
16,2024-12-14,1,2024-12-21,wk inc flu hosp,quantile,0.25,86.86605061075849
17,2024-12-14,1,2024-12-21,wk inc flu hosp,quantile,0.25,115.24786776300488
18,2024-12-14,1,2024-12-21,wk inc flu hosp,quantile,0.25,95.01213632186288
19,2024-12-14,1,2024-12-21,wk inc flu hosp,quantile,0.25,19.59014719560329
20,2024-12-14,1,2024-12-21,wk inc flu hosp,quantile,0.25,50.00220863037454
21,2024-12-14,1,2024-12-21,wk inc flu hosp,quantile,0.25,64.32579691451026
22,2024-12-14,1,2024-12-21,wk inc flu hosp,quantile,0.25,172.6673012726749
23,2024-12-14,1,2024-12-21,wk inc flu hosp,quantile,0.25,6.108942630870183
24,2024-12-14,1,2024-12-21,wk inc flu hosp,quantile,0.25,41.36167156565116
25,2024-12-14,1,2024-12-21,wk inc flu hosp,quantile,0.25,111.03062157163215
26,2024-12-14,1,2024-12-21,wk inc flu hosp,quantile,0.25,82.04300525515612
27,2024-12-14,1,2024-12-21,wk inc flu hosp,quantile,0.25,83.11803929128655
28,2024-12-14,1,2024-12-21,wk inc flu hosp,quantile,0.25,41.55634570621503
29,2024-12-14,1,2024-12-21,wk inc flu hosp,quantile,0.25,57.1118874188841
30,2024-12-14,1,2024-12-21,wk inc flu hosp,quantile,0.25,2.686048016717644
31,2024-12-14,1,2024-12-21,wk inc flu hosp,quantile,0.25,11.739047834365705
32,2024-12-14,1,2024-12-21,wk inc flu hosp,quantile,0.25,84.07326808822732
33,2024-12-14,1,2024-12-21,wk inc flu hosp,quantile,0.25,17.570961424549882
34,2024-12-14,1,2024-12-21,wk inc flu hosp,quantile,0.25,166.45686090717874
35,2024-12-14,1,2024-12-21,wk inc flu hosp,quantile,0.25,135.6267504605239
36,2024-12-14,1,2024-12-21,wk inc flu hosp,quantile,0.25,454.9826833949337
37,2024-12-14,1,2024-12-21,wk inc flu hosp,quantile,0.25,97.14042624303872
38,2024-12-14,1,2024-12-21,wk inc flu hosp,quantile,0.25,1.729322210728831
39,2024-12-14,1,2024-12-21,wk inc flu hosp,quantile,0.25,122.45416974391624
40,2024-12-14,1,2024-12-21,wk inc flu hosp,quantile,0.25,42.562685689000425
41,2024-12-14,1,2024-12-21,wk inc flu hosp,quantile,0.25,103.96252555218055
42,2024-12-14,1,2024-12-21,wk inc flu hosp,quantile,0.25,190.84071607427705
44,2024-12-14,1,2024-12-21,wk inc flu hosp,quantile,0.25,11.353933375762773
45,2024-12-14,1,2024-12-21,wk inc flu hosp,quantile,0.25,50.34427211144858
46,2024-12-14,1,2024-12-21,wk inc flu hosp,quantile,0.25,0.1927260248027696
47,2024-12-14,1,2024-12-21,wk inc flu hosp,quantile,0.25,116.16708668264782
48,2024-12-14,1,2024-12-21,wk inc flu hosp,quantile,0.25,663.0229410424757
49,2024-12-14,1,2024-12-21,wk inc flu hosp,quantile,0.25,91.65550902239626
50,2024-12-14,1,2024-12-21,wk inc flu hosp,quantile,0.25,0.0
51,2024-12-14,1,2024-12-21,wk inc flu hosp,quantile,0.25,96.02751882346503
53,2024-12-14,1,2024-12-21,wk inc flu hosp,quantile,0.25,83.06639769351484
54,2024-12-14,1,2024-12-21,wk inc flu hosp,quantile,0.25,16.259850585384026
55,2024-12-14,1,2024-12-21,wk inc flu hosp,quantile,0.25,34.78015483145348
56,2024-12-14,1,2024-12-21,wk inc flu hosp,quantile,0.25,3.0133116235874473
72,2024-12-14,1,2024-12-21,wk inc flu hosp,quantile,0.25,515.8877256204586
US,2024-12-14,1,2024-12-21,wk inc flu hosp,quantile,0.25,8504.253225806597
01,2024-12-14,2,2024-12-28,wk inc flu hosp,quantile,0.25,150.48459777211195
02,2024-12-14,2,2024-12-28,wk inc flu hosp,quantile,0.25,20.00690523237109
04,2024-12-14,2,2024-12-28,wk inc flu hosp,quantile,0.25,1000.1011296444287
05,2024-12-14,2,2024-12-28,wk inc flu hosp,quantile,0.25,31.040451814319606
06,2024-12-14,2,2024-12-28,wk inc flu hosp,quantile,0.25,1515.2177541243195
08,2024-12-14,2,2024-12-28,wk inc flu hosp,quantile,0.25,147.30469726957642
09,2024-12-14,2,2024-12-28,wk inc flu hosp,quantile,0.25,30.243226780197947
10,2024-12-14,2,2024-12-28,wk inc flu hosp,quantile,0.25,26.11456126503435
11,2024-12-14,2,2024-12-28,wk inc flu hosp,quantile,0.25,0.1445137878168341
12,2024-12-14,2,2024-12-28,wk inc flu hosp,quantile,0.25,906.4825348105165
13,2024-12-14,2,2024-12-28,wk inc flu hosp,quantile,0.25,123.93691092590088
15,2024-12-14,2,2024-12-28,wk inc flu hosp,quantile,0.25,25.386595524270632
16,2024-12-14,2,2024-12-28,wk inc flu hosp,quantile,0.25,92.7365641319239
17,2024-12-14,2,2024-12-28,wk inc flu hosp,quantile,0.25,117.81161220635904
18,2024-12-14,2,2024-12-28,wk inc flu hosp,quantile,0.25,112.6432734233807
19,2024-12-14,2,2024-12-28,wk inc flu hosp,quantile,0.25,24.759422221733136
20,2024-12-14,2,2024-12-28,wk inc flu hosp,quantile,0.25,58.98648058073775
21,2024-12-14,2,2024-12-28,wk inc flu hosp,quantile,0.25,77.18308200297606
22,2024-12-14,2,2024-12-28,wk inc flu hosp,quantile,0.25,193.94028269965247
23,2024-12-14,2,2024-12-28,wk inc flu hosp,quantile,0.25,8.811987941746956
24,2024-12-14,2,2024-12-28,wk inc flu hosp,quantile,0.25,52.454792320935624
25,2024-12-14,2,2024-12-28,wk inc flu hosp,quantile,0.25,124.73025008092638
26,2024-12-14,2,2024-12-28,wk inc flu hosp,quantile,0.25,84.34853302803374
27,2024-12-14,2,2024-12-28,wk inc flu hosp,quantile,0.25,100.84624936707152
28,2024-12-14,2,2024-12-28,wk inc flu hosp,quantile,0.25,42.27604305826637
29,2024-12-14,2,2024-12-28,wk inc flu hosp,quantile,0.25,60.88960535012153
30,2024-12-14,2,2024-12-28,wk inc flu hosp,quantile,0.25,3.94286272325953
31,2024-12-14,2,2024-12-28,wk inc flu hosp,quantile,0.25,13.920278755546901
32,2024-12-14,2,2024-12-28,wk inc flu hosp,quantile,0.25,97.34314466204091
33,2024-12-14,2,2024-12-28,wk inc flu hosp,quantile,0.25,18.554763477915394
34,2024-12-14,2,2024-12-28,wk inc flu hosp,quantile,0.25,200.56223725221705
35,2024-12-14,2,2024-12-28,wk inc flu hosp,quantile,0.25,164.24038192042178
36,2024-12-14,2,2024-12-28,wk inc flu hosp,quantile,0.25,558.5774612628459
37,2024-12-14,2,2024-12-28,wk inc flu hosp,quantile,0.25,120.16382886352156
38,2024-12-14,2,2024-12-28,wk inc flu hosp,quantile,0.25,1.5123535102685652
39,2024-12-14,2,2024-12-28,wk inc flu hosp,quantile,0.25,148.31616781250506
40,2024-12-14,2,2024-12-28,wk inc flu hosp,quantile,0.25,46.80227340804559
41,2024-12-14,2,2024-12-28,wk inc flu hosp,quantile,0.25,123.2011994328681
42,2024-12-14,2,2024-12-28,wk inc flu hosp,quantile,0.25,212.8791641770009
44,2024-12-14,2,2024-12-28,wk inc flu hosp,quantile,0.25,12.89336728732424
45,2024-12-14,2,2024-12-28,wk inc flu hosp,quantile,0.25,62.61632810675934
46,2024-12-14,2,2024-12-28,wk inc flu hosp,quantile,0.25,0.880694815479608
47,2024-12-14,2,2024-12-28,wk inc flu hosp,quantile,0.25,132.4075740444531
48,2024-12-14,2,2024-12-28,wk inc flu hosp,quantile,0.25,760.1241543107374
49,2024-12-14,2,2024-12-28,wk inc flu hosp,quantile,0.25,107.43670410027009
50,2024-12-14,2,2024-12-28,wk inc flu hosp,quantile,0.25,0.0
51,2024-12-14,2,2024-12-28,wk inc flu hosp,quantile,0.25,120.43100877696585
53,2024-12-14,2,2024-12-28,wk inc flu hosp,quantile,0.25,97.20685246563175
54,2024-12-14,2,2024-12-28,wk inc flu hosp,quantile,0.25,20.099412813036245
55,2024-12-14,2,2024-12-28,wk inc flu hosp,quantile,0.25,41.704355824096666
56,2024-12-14,2,2024-12-28,wk inc flu hosp,quantile,0.25,2.2290017649849805
72,2024-12-14,2,2024-12-28,wk inc flu hosp,quantile,0.25,554.2351051646273
US,2024-12-14,2,2024-12-28,wk inc flu hosp,quantile,0.25,9609.90829504787
01,2024-12-14,3,2025-01-04,wk inc flu hosp,quantile,0.25,160.59483785826524
02,2024-12-14,3,2025-01-04,wk inc flu hosp,quantile,0.25,21.1258210951967
04,2024-12-14,3,2025-01-04,wk inc flu hosp,quantile,0.25,979.0908441780041
05,2024-12-14,3,2025-01-04,wk inc flu hosp,quantile,0.25,35.221765075457476
06,2024-12-14,3,2025-01-04,wk inc flu hosp,quantile,0.25,1517.7609939358192
08,2024-12-14,3,2025-01-04,wk inc flu hosp,quantile,0.25,156.25321761079425
09,2024-12-14,3,2025-01-04,wk inc flu hosp,quantile,0.25,34.85304845091933
10,2024-12-14,3,2025-01-04,wk inc flu hosp,quantile,0.25,27.617105442367837
11,2024-12-14,3,2025-01-04,wk inc flu hosp,quantile,0.25,0.0
12,2024-12-14,3,2025-01-04,wk inc flu hosp,quantile,0.25,927.3379871378568
13,2024-12-14,3,2025-01-04,wk inc flu hosp,quantile,0.25,137.18942322826877
15,2024-12-14,3,2025-01-04,wk inc flu hosp,quantile,0.25,26.407463477021473
16,2024-12-14,3,2025-01-04,wk inc flu hosp,quantile,0.25,90.72553762086909
17,2024-12-14,3,2025-01-04,wk inc flu hosp,quantile,0.25,129.3508864202752
18,2024-12-14,3,2025-01-04,wk inc flu hosp,quantile,0.25,126.23907354343417
19,2024-12-14,3,2025-01-04,wk inc flu hosp,quantile,0.25,28.720653545142465
20,2024-12-14,3,2025-01-04,wk inc flu hosp,quantile,0.25,64.00997104317774
21,2024-12-14,3,2025-01-04,wk inc flu hosp,quantile,0.25,84.8926176749145
22,2024-12-14,3,2025-01-04,wk inc flu hosp,quantile,0.25,198.4749438985643
23,2024-12-14,3,2025-01-04,wk inc flu hosp,quantile,0.25,10.32272831627063
24,2024-12-14,3,2025-01-04,wk inc flu hosp,quantile,0.25,59.657714385427425
25,2024-12-14,3,2025-01-04,wk inc flu hosp,quantile,0.25,133.34980865922327
26,2024-12-14,3,2025-01-04,wk inc flu hosp,quantile,0.25,88.3637953813681
27,2024-12-14,3,2025-01-04,wk inc flu hosp,quantile,0.25,107.14258908869472
28,2024-12-14,3,2025-01-04,wk inc flu hosp,quantile,0.25,43.38912859207077
29,2024-12-14,3,2025-01-04,wk inc flu hosp,quantile,0.25,64.62673947497956
30,2024-12-14,3,2025-01-04,wk inc flu hosp,quantile,0.25,4.450113162763801
31,2024-12-14,3,2025-01-04,wk inc flu hosp,quantile,0.25,15.230088446396149
32,2024-12-14,3,2025-01-04,wk inc flu hosp,quantile,0.25,102.47351959875671
33,2024-12-14,3,2025-01-04,wk inc flu hosp,quantile,0.25,19.100751915908226
34,2024-12-14,3,2025-01-04,wk inc flu hosp,quantile,0.25,214.65423919988535
35,2024-12-14,3,2025-01-04,wk inc flu hosp,quantile,0.25,172.05286809568565
36,2024-12-14,3,2025-01-04,wk inc flu hosp,quantile,0.25,587.3906410441056
37,2024-12-14,3,2025-01-04,wk inc flu hosp,quantile,0.25,131.65163687473313
38,2024-12-14,3,2025-01-04,wk inc flu hosp,quantile,0.25,1.473724762959706
39,2024-12-14,3,2025-01-04,wk inc flu hosp,quantile,0.25,167.51920457923814
40,2024-12-14,3,2025-01-04,wk inc flu hosp,quantile,0.25,50.99875780937488
41,2024-12-14,3,2025-01-04,wk inc flu hosp,quantile,0.25,132.35143962707707
42,2024-12-14,3,2025-01-04,wk inc flu hosp,quantile,0.25,224.36137309271638
44,2024-12-14,3,2025-01-04,wk inc flu hosp,quantile,0.25,13.412175645674646
45,2024-12-14,3,2025-01-04,wk inc flu hosp,quantile,0.25,70.69248170986052
46,2024-12-14,3,2025-01-04,wk inc flu hosp,quantile,0.25,0.8954521879342354
47,2024-12-14,3,2025-01-04,wk inc flu hosp,quantile,0.25,137.53596388245168
48,2024-12-14,3,2025-01-04,wk inc flu hosp,quantile,0.25,817.4819072518369
49,2024-12-14,3,2025-01-04,wk inc flu hosp,quantile,0.25,111.98836795578711
50,2024-12-14,3,2025-01-04,wk inc flu hosp,quantile,0.25,0.0
51,2024-12-14,3,2025-01-04,wk inc flu hosp,quantile,0.25,130.03416513572495
53,2024-12-14,3,2025-01-04,wk inc flu hosp,quantile,0.25,103.70923256260375
54,2024-12-14,3,2025-01-04,wk inc flu hosp,quantile,0.25,23.249205032303284
55,2024-12-14,3,2025-01-04,wk inc flu hosp,quantile,0.25,46.21398832058181
56,2024-12-14,3,2025-01-04,wk inc flu hosp,quantile,0.25,1.7347968770444824
72,2024-12-14,3,2025-01-04,wk inc flu hosp,quantile,0.25,566.7091212928177
US,2024-12-14,3,2025-01-04,wk inc flu hosp,quantile,0.25,10190.615822499765
01,2024-12-14,0,2024-12-14,wk inc flu hosp,quantile,0.3,119.36783467794828
02,2024-12-14,0,2024-12-14,wk inc flu hosp,quantile,0.3,16.05779487381746
04,2024-12-14,0,2024-12-14,wk inc flu hosp,quantile,0.3,987.6670082755626
05,2024-12-14,0,2024-12-14,wk inc flu hosp,quantile,0.3,22.35216312721976
06,2024-12-14,0,2024-12-14,wk inc flu hosp,quantile,0.3,1157.820887010114
08,2024-12-14,0,2024-12-14,wk inc flu hosp,quantile,0.3,104.19557297147504
09,2024-12-14,0,2024-12-14,wk inc flu hosp,quantile,0.3,17.750743987688942
10,2024-12-14,0,2024-12-14,wk inc flu hosp,quantile,0.3,18.85989283602812
11,2024-12-14,0,2024-12-14,wk inc flu hosp,quantile,0.3,1.1820745751294623
12,2024-12-14,0,2024-12-14,wk inc flu hosp,quantile,0.3,731.8117387647516
13,2024-12-14,0,2024-12-14,wk inc flu hosp,quantile,0.3,97.10648070202949
15,2024-12-14,0,2024-12-14,wk inc flu hosp,quantile,0.3,21.705232292194545
16,2024-12-14,0,2024-12-14,wk inc flu hosp,quantile,0.3,76.61969361533367
17,2024-12-14,0,2024-12-14,wk inc flu hosp,quantile,0.3,107.71143032735412
18,2024-12-14,0,2024-12-14,wk inc flu hosp,quantile,0.3,80.61795478457623
19,2024-12-14,0,2024-12-14,wk inc flu hosp,quantile,0.3,16.687960756293364
20,2024-12-14,0,2024-12-14,wk inc flu hosp,quantile,0.3,42.59924290607256
21,2024-12-14,0,2024-12-14,wk inc flu hosp,quantile,0.3,56.66301539198137
22,2024-12-14,0,2024-12-14,wk inc flu hosp,quantile,0.3,167.480766390926
23,2024-12-14,0,2024-12-14,wk inc flu hosp,quantile,0.3,4.452382822073798
24,2024-12-14,0,2024-12-14,wk inc flu hosp,quantile,0.3,34.54157379466738
25,2024-12-14,0,2024-12-14,wk inc flu hosp,quantile,0.3,93.28264005832456
26,2024-12-14,0,2024-12-14,wk inc flu hosp,quantile,0.3,76.02440054058239
27,2024-12-14,0,2024-12-14,wk inc flu hosp,quantile,0.3,71.07690383988383
28,2024-12-14,0,2024-12-14,wk inc flu hosp,quantile,0.3,41.0106478076836
29,2024-12-14,0,2024-12-14,wk inc flu hosp,quantile,0.3,54.686897307505106
30,2024-12-14,0,2024-12-14,wk inc flu hosp,quantile,0.3,2.160272674190265
31,2024-12-14,0,2024-12-14,wk inc flu hosp,quantile,0.3,10.04950014372288
32,2024-12-14,0,2024-12-14,wk inc flu hosp,quantile,0.3,76.52743255781073
33,2024-12-14,0,2024-12-14,wk inc flu hosp,quantile,0.3,16.52875973278521
34,2024-12-14,0,2024-12-14,wk inc flu hosp,quantile,0.3,140.47570442172733
35,2024-12-14,0,2024-12-14,wk inc flu hosp,quantile,0.3,115.83023649229635
36,2024-12-14,0,2024-12-14,wk inc flu hosp,quantile,0.3,379.35312908599155
37,2024-12-14,0,2024-12-14,wk inc flu hosp,quantile,0.3,82.53148574971108
38,2024-12-14,0,2024-12-14,wk inc flu hosp,quantile,0.3,2.055813622235585
39,2024-12-14,0,2024-12-14,wk inc flu hosp,quantile,0.3,102.2143085529877
40,2024-12-14,0,2024-12-14,wk inc flu hosp,quantile,0.3,36.378800947633685
41,2024-12-14,0,2024-12-14,wk inc flu hosp,quantile,0.3,93.39854285919321
42,2024-12-14,0,2024-12-14,wk inc flu hosp,quantile,0.3,189.74236700337264
44,2024-12-14,0,2024-12-14,wk inc flu hosp,quantile,0.3,9.483364641141241
45,2024-12-14,0,2024-12-14,wk inc flu hosp,quantile,0.3,44.380122622884734
46,2024-12-14,0,2024-12-14,wk inc flu hosp,quantile,0.3,0.4688853055697559
47,2024-12-14,0,2024-12-14,wk inc flu hosp,quantile,0.3,108.6067591830042
48,2024-12-14,0,2024-12-14,wk inc flu hosp,quantile,0.3,583.703305735519
49,2024-12-14,0,2024-12-14,wk inc flu hosp,quantile,0.3,80.20664995019807
50,2024-12-14,0,2024-12-14,wk inc flu hosp,quantile,0.3,0.0
51,2024-12-14,0,2024-12-14,wk inc flu hosp,quantile,0.3,76.53902598556081
53,2024-12-14,0,2024-12-14,wk inc flu hosp,quantile,0.3,67.90639590353159
54,2024-12-14,0,2024-12-14,wk inc flu hosp,quantile,0.3,14.724318474935773
55,2024-12-14,0,2024-12-14,wk inc flu hosp,quantile,0.3,32.82057644617493
56,2024-12-14,0,2024-12-14,wk inc flu hosp,quantile,0.3,3.9562440695864307
72,2024-12-14,0,2024-12-14,wk inc flu hosp,quantile,0.3,483.05975355591704
US,2024-12-14,0,2024-12-14,wk inc flu hosp,quantile,0.3,7306.920946560197
01,2024-12-14,1,2024-12-21,wk inc flu hosp,quantile,0.3,134.97090852201083
02,2024-12-14,1,2024-12-21,wk inc flu hosp,quantile,0.3,18.540697930770687
04,2024-12-14,1,2024-12-21,wk inc flu hosp,quantile,0.3,1049.7772314070887
05,2024-12-14,1,2024-12-21,wk inc flu hosp,quantile,0.3,26.907149694349243
06,2024-12-14,1,2024-12-21,wk inc flu hosp,quantile,0.3,1424.7797769499123
08,2024-12-14,1,2024-12-21,wk inc flu hosp,quantile,0.3,131.071875614898
09,2024-12-14,1,2024-12-21,wk inc flu hosp,quantile,0.3,24.912638091270612
10,2024-12-14,1,2024-12-21,wk inc flu hosp,quantile,0.3,23.319242122620306
11,2024-12-14,1,2024-12-21,wk inc flu hosp,quantile,0.3,0.5761413640883827
12,2024-12-14,1,2024-12-21,wk inc flu hosp,quantile,0.3,832.3880375110544
13,2024-12-14,1,2024-12-21,wk inc flu hosp,quantile,0.3,110.58799767980923
15,2024-12-14,1,2024-12-21,wk inc flu hosp,quantile,0.3,23.641306301133394
16,2024-12-14,1,2024-12-21,wk inc flu hosp,quantile,0.3,92.0579535255191
17,2024-12-14,1,2024-12-21,wk inc flu hosp,quantile,0.3,122.23517121864384
18,2024-12-14,1,2024-12-21,wk inc flu hosp,quantile,0.3,99.828318835791
19,2024-12-14,1,2024-12-21,wk inc flu hosp,quantile,0.3,21.94664743863978
20,2024-12-14,1,2024-12-21,wk inc flu hosp,quantile,0.3,52.108281684834026
21,2024-12-14,1,2024-12-21,wk inc flu hosp,quantile,0.3,68.37240937654335
22,2024-12-14,1,2024-12-21,wk inc flu hosp,quantile,0.3,182.84908396660433
23,2024-12-14,1,2024-12-21,wk inc flu hosp,quantile,0.3,6.935755472519365
24,2024-12-14,1,2024-12-21,wk inc flu hosp,quantile,0.3,42.59560973689364
25,2024-12-14,1,2024-12-21,wk inc flu hosp,quantile,0.3,115.0514850670344
26,2024-12-14,1,2024-12-21,wk inc flu hosp,quantile,0.3,82.69268262825173
27,2024-12-14,1,2024-12-21,wk inc flu hosp,quantile,0.3,89.87292873534308
28,2024-12-14,1,2024-12-21,wk inc flu hosp,quantile,0.3,43.7044421436238
29,2024-12-14,1,2024-12-21,wk inc flu hosp,quantile,0.3,59.789567169594534
30,2024-12-14,1,2024-12-21,wk inc flu hosp,quantile,0.3,2.7174947645979195
31,2024-12-14,1,2024-12-21,wk inc flu hosp,quantile,0.3,12.741705734804293
32,2024-12-14,1,2024-12-21,wk inc flu hosp,quantile,0.3,87.97174289800422
33,2024-12-14,1,2024-12-21,wk inc flu hosp,quantile,0.3,17.701794293686547
34,2024-12-14,1,2024-12-21,wk inc flu hosp,quantile,0.3,172.6464725860081
35,2024-12-14,1,2024-12-21,wk inc flu hosp,quantile,0.3,146.6760158317729
36,2024-12-14,1,2024-12-21,wk inc flu hosp,quantile,0.3,493.04734245303536
37,2024-12-14,1,2024-12-21,wk inc flu hosp,quantile,0.3,105.30014031056983
38,2024-12-14,1,2024-12-21,wk inc flu hosp,quantile,0.3,1.7331897337140592
39,2024-12-14,1,2024-12-21,wk inc flu hosp,quantile,0.3,133.11823756989583
40,2024-12-14,1,2024-12-21,wk inc flu hosp,quantile,0.3,45.83532600026058
41,2024-12-14,1,2024-12-21,wk inc flu hosp,quantile,0.3,109.23992310874304
42,2024-12-14,1,2024-12-21,wk inc flu hosp,quantile,0.3,208.49309442259204
44,2024-12-14,1,2024-12-21,wk inc flu hosp,quantile,0.3,11.979769040451993
45,2024-12-14,1,2024-12-21,wk inc flu hosp,quantile,0.3,54.83010911302686
46,2024-12-14,1,2024-12-21,wk inc flu hosp,quantile,0.3,0.95134235754483
47,2024-12-14,1,2024-12-21,wk inc flu hosp,quantile,0.3,120.24181165452549
48,2024-12-14,1,2024-12-21,wk inc flu hosp,quantile,0.3,673.8456733886643
49,2024-12-14,1,2024-12-21,wk inc flu hosp,quantile,0.3,97.06052818536024
50,2024-12-14,1,2024-12-21,wk inc flu hosp,quantile,0.3,0.0
51,2024-12-14,1,2024-12-21,wk inc flu hosp,quantile,0.3,100.25698010431665
53,2024-12-14,1,2024-12-21,wk inc flu hosp,quantile,0.3,84.58501454738297
54,2024-12-14,1,2024-12-21,wk inc flu hosp,quantile,0.3,17.51616914694153
55,2024-12-14,1,2024-12-21,wk inc flu hosp,quantile,0.3,38.44471882243441
56,2024-12-14,1,2024-12-21,wk inc flu hosp,quantile,0.3,3.054567452815651
72,2024-12-14,1,2024-12-21,wk inc flu hosp,quantile,0.3,529.7499894687793
US,2024-12-14,1,2024-12-21,wk inc flu hosp,quantile,0.3,8728.936359546444
01,2024-12-14,2,2024-12-28,wk inc flu hosp,quantile,0.3,151.3654814316928
02,2024-12-14,2,2024-12-28,wk inc flu hosp,quantile,0.3,21.322189960812796
04,2024-12-14,2,2024-12-28,wk inc flu hosp,quantile,0.3,1061.054787901118
05,2024-12-14,2,2024-12-28,wk inc flu hosp,quantile,0.3,31.850696165557675
06,2024-12-14,2,2024-12-28,wk inc flu hosp,quantile,0.3,1575.2285865680894
08,2024-12-14,2,2024-12-28,wk inc flu hosp,quantile,0.3,157.2041170216335
09,2024-12-14,2,2024-12-28,wk inc flu hosp,quantile,0.3,33.07434647013467
10,2024-12-14,2,2024-12-28,wk inc flu hosp,quantile,0.3,27.504074191737445
11,2024-12-14,2,2024-12-28,wk inc flu hosp,quantile,0.3,0.179996416651447
12,2024-12-14,2,2024-12-28,wk inc flu hosp,quantile,0.3,908.0200423354339
13,2024-12-14,2,2024-12-28,wk inc flu hosp,quantile,0.3,125.48172477885879
15,2024-12-14,2,2024-12-28,wk inc flu hosp,quantile,0.3,25.982171549669797
16,2024-12-14,2,2024-12-28,wk inc flu hosp,quantile,0.3,100.38355643522685
17,2024-12-14,2,2024-12-28,wk inc flu hosp,quantile,0.3,135.7595253182356
18,2024-12-14,2,2024-12-28,wk inc flu hosp,quantile,0.3,121.22497501067394
19,2024-12-14,2,2024-12-28,wk inc flu hosp,quantile,0.3,28.005518477306566
20,2024-12-14,2,2024-12-28,wk inc flu hosp,quantile,0.3,64.0911922717482
21,2024-12-14,2,2024-12-28,wk inc flu hosp,quantile,0.3,82.58761846861952
22,2024-12-14,2,2024-12-28,wk inc flu hosp,quantile,0.3,200.3521656293685
23,2024-12-14,2,2024-12-28,wk inc flu hosp,quantile,0.3,9.91569303694992
24,2024-12-14,2,2024-12-28,wk inc flu hosp,quantile,0.3,53.394957511333395
25,2024-12-14,2,2024-12-28,wk inc flu hosp,quantile,0.3,125.45601794995822
26,2024-12-14,2,2024-12-28,wk inc flu hosp,quantile,0.3,85.34750339796695
27,2024-12-14,2,2024-12-28,wk inc flu hosp,quantile,0.3,106.44767815416196
28,2024-12-14,2,2024-12-28,wk inc flu hosp,quantile,0.3,43.95412826067944
29,2024-12-14,2,2024-12-28,wk inc flu hosp,quantile,0.3,61.37662677813927
30,2024-12-14,2,2024-12-28,wk inc flu hosp,quantile,0.3,4.01398751192813
31,2024-12-14,2,2024-12-28,wk inc flu hosp,quantile,0.3,14.79033934318027
32,2024-12-14,2,2024-12-28,wk inc flu hosp,quantile,0.3,104.62151301783975
33,2024-12-14,2,2024-12-28,wk inc flu hosp,quantile,0.3,19.028831019077032
34,2024-12-14,2,2024-12-28,wk inc flu hosp,quantile,0.3,207.16354035660743
35,2024-12-14,2,2024-12-28,wk inc flu hosp,quantile,0.3,177.08179957833966
36,2024-12-14,2,2024-12-28,wk inc flu hosp,quantile,0.3,602.8337671636623
37,2024-12-14,2,2024-12-28,wk inc flu hosp,quantile,0.3,127.94669069977526
38,2024-12-14,2,2024-12-28,wk inc flu hosp,quantile,0.3,1.5528623099070475
39,2024-12-14,2,2024-12-28,wk inc flu hosp,quantile,0.3,163.7375192496895
40,2024-12-14,2,2024-12-28,wk inc flu hosp,quantile,0.3,49.35571232506923
41,2024-12-14,2,2024-12-28,wk inc flu hosp,quantile,0.3,126.866137919238
42,2024-12-14,2,2024-12-28,wk inc flu hosp,quantile,0.3,219.58885528320565
44,2024-12-14,2,2024-12-28,wk inc flu hosp,quantile,0.3,13.699069603616039
45,2024-12-14,2,2024-12-28,wk inc flu hosp,quantile,0.3,67.94192151981416
46,2024-12-14,2,2024-12-28,wk inc flu hosp,quantile,0.3,1.5279152204704214
47,2024-12-14,2,2024-12-28,wk inc flu hosp,quantile,0.3,133.5302728556691
48,2024-12-14,2,2024-12-28,wk inc flu hosp,quantile,0.3,762.443525489916
49,2024-12-14,2,2024-12-28,wk inc flu hosp,quantile,0.3,112.6076204437552
50,2024-12-14,2,2024-12-28,wk inc flu hosp,quantile,0.3,0.0
51,2024-12-14,2,2024-12-28,wk inc flu hosp,quantile,0.3,124.86332845801348
53,2024-12-14,2,2024-12-28,wk inc flu hosp,quantile,0.3,98.02572220045509
54,2024-12-14,2,2024-12-28,wk inc flu hosp,quantile,0.3,21.038927261143435
55,2024-12-14,2,2024-12-28,wk inc flu hosp,quantile,0.3,43.950990075934484
56,2024-12-14,2,2024-12-28,wk inc flu hosp,quantile,0.3,2.2395819275479667
72,2024-12-14,2,2024-12-28,wk inc flu hosp,quantile,0.3,573.6587048122393
US,2024-12-14,2,2024-12-28,wk inc flu hosp,quantile,0.3,9726.332153726782
01,2024-12-14,3,2025-01-04,wk inc flu hosp,quantile,0.3,162.93296907790688
02,2024-12-14,3,2025-01-04,wk inc flu hosp,quantile,0.3,22.535570871903857
04,2024-12-14,3,2025-01-04,wk inc flu hosp,quantile,0.3,1043.8759301930027
05,2024-12-14,3,2025-01-04,wk inc flu hosp,quantile,0.3,36.18387358093077
06,2024-12-14,3,2025-01-04,wk inc flu hosp,quantile,0.3,1605.697906321263
08,2024-12-14,3,2025-01-04,wk inc flu hosp,quantile,0.3,168.02046489977576
09,2024-12-14,3,2025-01-04,wk inc flu hosp,quantile,0.3,38.08686328706048
10,2024-12-14,3,2025-01-04,wk inc flu hosp,quantile,0.3,29.445689335861815
11,2024-12-14,3,2025-01-04,wk inc flu hosp,quantile,0.3,0.0
12,2024-12-14,3,2025-01-04,wk inc flu hosp,quantile,0.3,971.738043411397
13,2024-12-14,3,2025-01-04,wk inc flu hosp,quantile,0.3,141.15684955168484
15,2024-12-14,3,2025-01-04,wk inc flu hosp,quantile,0.3,27.588505099020406
16,2024-12-14,3,2025-01-04,wk inc flu hosp,quantile,0.3,102.72518260651842
17,2024-12-14,3,2025-01-04,wk inc flu hosp,quantile,0.3,146.12385830374922
18,2024-12-14,3,2025-01-04,wk inc flu hosp,quantile,0.3,138.3207571616706
19,2024-12-14,3,2025-01-04,wk inc flu hosp,quantile,0.3,32.534726926954704
20,2024-12-14,3,2025-01-04,wk inc flu hosp,quantile,0.3,69.89730688766201
21,2024-12-14,3,2025-01-04,wk inc flu hosp,quantile,0.3,90.84243718664264
22,2024-12-14,3,2025-01-04,wk inc flu hosp,quantile,0.3,211.31789032516755
23,2024-12-14,3,2025-01-04,wk inc flu hosp,quantile,0.3,11.893848218015915
24,2024-12-14,3,2025-01-04,wk inc flu hosp,quantile,0.3,61.86423684168694
25,2024-12-14,3,2025-01-04,wk inc flu hosp,quantile,0.3,137.12580111789003
26,2024-12-14,3,2025-01-04,wk inc flu hosp,quantile,0.3,88.669131508926
27,2024-12-14,3,2025-01-04,wk inc flu hosp,quantile,0.3,114.4871603329926
28,2024-12-14,3,2025-01-04,wk inc flu hosp,quantile,0.3,44.57927804196213
29,2024-12-14,3,2025-01-04,wk inc flu hosp,quantile,0.3,66.0739395614189
30,2024-12-14,3,2025-01-04,wk inc flu hosp,quantile,0.3,4.643731503004422
31,2024-12-14,3,2025-01-04,wk inc flu hosp,quantile,0.3,16.581139093269886
32,2024-12-14,3,2025-01-04,wk inc flu hosp,quantile,0.3,111.34943892997218
33,2024-12-14,3,2025-01-04,wk inc flu hosp,quantile,0.3,20.153830572133806
34,2024-12-14,3,2025-01-04,wk inc flu hosp,quantile,0.3,228.32607968774593
35,2024-12-14,3,2025-01-04,wk inc flu hosp,quantile,0.3,187.21187756481416
36,2024-12-14,3,2025-01-04,wk inc flu hosp,quantile,0.3,641.5402796356003
37,2024-12-14,3,2025-01-04,wk inc flu hosp,quantile,0.3,142.66880965293183
38,2024-12-14,3,2025-01-04,wk inc flu hosp,quantile,0.3,1.5594180878619763
39,2024-12-14,3,2025-01-04,wk inc flu hosp,quantile,0.3,183.9286207259801
40,2024-12-14,3,2025-01-04,wk inc flu hosp,quantile,0.3,53.27954112711281
41,2024-12-14,3,2025-01-04,wk inc flu hosp,quantile,0.3,137.47542093045405
42,2024-12-14,3,2025-01-04,wk inc flu hosp,quantile,0.3,236.2445207042617
44,2024-12-14,3,2025-01-04,wk inc flu hosp,quantile,0.3,14.664581389828637
45,2024-12-14,3,2025-01-04,wk inc flu hosp,quantile,0.3,77.10449603450373
46,2024-12-14,3,2025-01-04,wk inc flu hosp,quantile,0.3,1.4641944964776896
47,2024-12-14,3,2025-01-04,wk inc flu hosp,quantile,0.3,144.33644150708545
48,2024-12-14,3,2025-01-04,wk inc flu hosp,quantile,0.3,838.816449039764
49,2024-12-14,3,2025-01-04,wk inc flu hosp,quantile,0.3,117.4475635363762
50,2024-12-14,3,2025-01-04,wk inc flu hosp,quantile,0.3,0.0
51,2024-12-14,3,2025-01-04,wk inc flu hosp,quantile,0.3,138.76757347987908
53,2024-12-14,3,2025-01-04,wk inc flu hosp,quantile,0.3,107.01769142926629
54,2024-12-14,3,2025-01-04,wk inc flu hosp,quantile,0.3,24.40199824554394
55,2024-12-14,3,2025-01-04,wk inc flu hosp,quantile,0.3,50.03444077091822
56,2024-12-14,3,2025-01-04,wk inc flu hosp,quantile,0.3,1.7591617052435058
72,2024-12-14,3,2025-01-04,wk inc flu hosp,quantile,0.3,590.1635981499877
US,2024-12-14,3,2025-01-04,wk inc flu hosp,quantile,0.3,10436.928212600247
01,2024-12-14,0,2024-12-14,wk inc flu hosp,quantile,0.35,122.03642205969561
02,2024-12-14,0,2024-12-14,wk inc flu hosp,quantile,0.35,16.839302555120412
04,2024-12-14,0,2024-12-14,wk inc flu hosp,quantile,0.35,1011.714597216885
05,2024-12-14,0,2024-12-14,wk inc flu hosp,quantile,0.35,23.584550518048907
06,2024-12-14,0,2024-12-14,wk inc flu hosp,quantile,0.35,1184.8759963583923
08,2024-12-14,0,2024-12-14,wk inc flu hosp,quantile,0.35,109.19932347010868
09,2024-12-14,0,2024-12-14,wk inc flu hosp,quantile,0.35,18.774908850946677
10,2024-12-14,0,2024-12-14,wk inc flu hosp,quantile,0.35,19.746973690098706
11,2024-12-14,0,2024-12-14,wk inc flu hosp,quantile,0.35,1.2327602102032869
12,2024-12-14,0,2024-12-14,wk inc flu hosp,quantile,0.35,738.7988613401167
13,2024-12-14,0,2024-12-14,wk inc flu hosp,quantile,0.35,100.4099915379543
15,2024-12-14,0,2024-12-14,wk inc flu hosp,quantile,0.35,22.797239735644517
16,2024-12-14,0,2024-12-14,wk inc flu hosp,quantile,0.35,79.04975399074416
17,2024-12-14,0,2024-12-14,wk inc flu hosp,quantile,0.35,109.14923033127361
18,2024-12-14,0,2024-12-14,wk inc flu hosp,quantile,0.35,84.9836772758554
19,2024-12-14,0,2024-12-14,wk inc flu hosp,quantile,0.35,18.667342487078063
20,2024-12-14,0,2024-12-14,wk inc flu hosp,quantile,0.35,43.88879020016817
21,2024-12-14,0,2024-12-14,wk inc flu hosp,quantile,0.35,59.19118675641805
22,2024-12-14,0,2024-12-14,wk inc flu hosp,quantile,0.35,172.21555036137764
23,2024-12-14,0,2024-12-14,wk inc flu hosp,quantile,0.35,4.772882815667702
24,2024-12-14,0,2024-12-14,wk inc flu hosp,quantile,0.35,36.761793433730084
25,2024-12-14,0,2024-12-14,wk inc flu hosp,quantile,0.35,94.94251837044388
26,2024-12-14,0,2024-12-14,wk inc flu hosp,quantile,0.35,77.14370636201497
27,2024-12-14,0,2024-12-14,wk inc flu hosp,quantile,0.35,74.55573872797203
28,2024-12-14,0,2024-12-14,wk inc flu hosp,quantile,0.35,42.5268752435917
29,2024-12-14,0,2024-12-14,wk inc flu hosp,quantile,0.35,56.116830546339365
30,2024-12-14,0,2024-12-14,wk inc flu hosp,quantile,0.35,2.254547468137333
31,2024-12-14,0,2024-12-14,wk inc flu hosp,quantile,0.35,10.616499729216791
32,2024-12-14,0,2024-12-14,wk inc flu hosp,quantile,0.35,79.68360017623898
33,2024-12-14,0,2024-12-14,wk inc flu hosp,quantile,0.35,16.66223193983859
34,2024-12-14,0,2024-12-14,wk inc flu hosp,quantile,0.35,147.04300254387888
35,2024-12-14,0,2024-12-14,wk inc flu hosp,quantile,0.35,120.96862084594153
36,2024-12-14,0,2024-12-14,wk inc flu hosp,quantile,0.35,382.2091756715649
37,2024-12-14,0,2024-12-14,wk inc flu hosp,quantile,0.35,85.4060878019478
38,2024-12-14,0,2024-12-14,wk inc flu hosp,quantile,0.35,2.0633504300024574
39,2024-12-14,0,2024-12-14,wk inc flu hosp,quantile,0.35,109.40644877064067
40,2024-12-14,0,2024-12-14,wk inc flu hosp,quantile,0.35,36.436312043023825
41,2024-12-14,0,2024-12-14,wk inc flu hosp,quantile,0.35,97.54597764886152
42,2024-12-14,0,2024-12-14,wk inc flu hosp,quantile,0.35,195.27491244817796
44,2024-12-14,0,2024-12-14,wk inc flu hosp,quantile,0.35,9.891839198386444
45,2024-12-14,0,2024-12-14,wk inc flu hosp,quantile,0.35,47.59655233287842
46,2024-12-14,0,2024-12-14,wk inc flu hosp,quantile,0.35,1.1223544602540791
47,2024-12-14,0,2024-12-14,wk inc flu hosp,quantile,0.35,114.64373952839163
48,2024-12-14,0,2024-12-14,wk inc flu hosp,quantile,0.35,599.9515001888988
49,2024-12-14,0,2024-12-14,wk inc flu hosp,quantile,0.35,82.70046087330064
50,2024-12-14,0,2024-12-14,wk inc flu hosp,quantile,0.35,0.0
51,2024-12-14,0,2024-12-14,wk inc flu hosp,quantile,0.35,79.09524446334908
53,2024-12-14,0,2024-12-14,wk inc flu hosp,quantile,0.35,70.31318890711532
54,2024-12-14,0,2024-12-14,wk inc flu hosp,quantile,0.35,15.892471792441963
55,2024-12-14,0,2024-12-14,wk inc flu hosp,quantile,0.35,33.14480261420155
56,2024-12-14,0,2024-12-14,wk inc flu hosp,quantile,0.35,3.9651267033942643
72,2024-12-14,0,2024-12-14,wk inc flu hosp,quantile,0.35,487.7200030372457
US,2024-12-14,0,2024-12-14,wk inc flu hosp,quantile,0.35,7413.5226307821695
01,2024-12-14,1,2024-12-21,wk inc flu hosp,quantile,0.35,141.89555817689475
02,2024-12-14,1,2024-12-21,wk inc flu hosp,quantile,0.35,19.564892952845256
04,2024-12-14,1,2024-12-21,wk inc flu hosp,quantile,0.35,1082.7308587405955
05,2024-12-14,1,2024-12-21,wk inc flu hosp,quantile,0.35,30.116050034157062
06,2024-12-14,1,2024-12-21,wk inc flu hosp,quantile,0.35,1464.6916616450599
08,2024-12-14,1,2024-12-21,wk inc flu hosp,quantile,0.35,139.2849115615698
09,2024-12-14,1,2024-12-21,wk inc flu hosp,quantile,0.35,26.903345358792176
10,2024-12-14,1,2024-12-21,wk inc flu hosp,quantile,0.35,24.8455548138613
11,2024-12-14,1,2024-12-21,wk inc flu hosp,quantile,0.35,0.6073906223398492
12,2024-12-14,1,2024-12-21,wk inc flu hosp,quantile,0.35,838.2606975075071
13,2024-12-14,1,2024-12-21,wk inc flu hosp,quantile,0.35,119.73913706952209
15,2024-12-14,1,2024-12-21,wk inc flu hosp,quantile,0.35,25.61130499564908
16,2024-12-14,1,2024-12-21,wk inc flu hosp,quantile,0.35,94.464491497482
17,2024-12-14,1,2024-12-21,wk inc flu hosp,quantile,0.35,128.88072256422075
18,2024-12-14,1,2024-12-21,wk inc flu hosp,quantile,0.35,108.08913711431781
19,2024-12-14,1,2024-12-21,wk inc flu hosp,quantile,0.35,25.169194803702837
20,2024-12-14,1,2024-12-21,wk inc flu hosp,quantile,0.35,55.823245349134005
21,2024-12-14,1,2024-12-21,wk inc flu hosp,quantile,0.35,74.09720918309678
22,2024-12-14,1,2024-12-21,wk inc flu hosp,quantile,0.35,194.77692957815776
23,2024-12-14,1,2024-12-21,wk inc flu hosp,quantile,0.35,7.495685081651587
24,2024-12-14,1,2024-12-21,wk inc flu hosp,quantile,0.35,45.28445031803048
25,2024-12-14,1,2024-12-21,wk inc flu hosp,quantile,0.35,118.2085470601902
26,2024-12-14,1,2024-12-21,wk inc flu hosp,quantile,0.35,85.20251825174626
27,2024-12-14,1,2024-12-21,wk inc flu hosp,quantile,0.35,95.64208271785694
28,2024-12-14,1,2024-12-21,wk inc flu hosp,quantile,0.35,44.365083590184135
29,2024-12-14,1,2024-12-21,wk inc flu hosp,quantile,0.35,64.57327674630594
30,2024-12-14,1,2024-12-21,wk inc flu hosp,quantile,0.35,3.0300992468283225
31,2024-12-14,1,2024-12-21,wk inc flu hosp,quantile,0.35,13.379208720267433
32,2024-12-14,1,2024-12-21,wk inc flu hosp,quantile,0.35,94.00790729779276
33,2024-12-14,1,2024-12-21,wk inc flu hosp,quantile,0.35,17.976805302114926
34,2024-12-14,1,2024-12-21,wk inc flu hosp,quantile,0.35,187.44334725235282
35,2024-12-14,1,2024-12-21,wk inc flu hosp,quantile,0.35,152.2923274524061
36,2024-12-14,1,2024-12-21,wk inc flu hosp,quantile,0.35,506.65889673748643
37,2024-12-14,1,2024-12-21,wk inc flu hosp,quantile,0.35,108.63999880441798
38,2024-12-14,1,2024-12-21,wk inc flu hosp,quantile,0.35,1.9776090154217132
39,2024-12-14,1,2024-12-21,wk inc flu hosp,quantile,0.35,142.7775501318593
40,2024-12-14,1,2024-12-21,wk inc flu hosp,quantile,0.35,46.01002948482354
41,2024-12-14,1,2024-12-21,wk inc flu hosp,quantile,0.35,118.42831594545139
42,2024-12-14,1,2024-12-21,wk inc flu hosp,quantile,0.35,225.57901160636737
44,2024-12-14,1,2024-12-21,wk inc flu hosp,quantile,0.35,12.330839050685709
45,2024-12-14,1,2024-12-21,wk inc flu hosp,quantile,0.35,60.6587087665562
46,2024-12-14,1,2024-12-21,wk inc flu hosp,quantile,0.35,1.7348481942986365
47,2024-12-14,1,2024-12-21,wk inc flu hosp,quantile,0.35,130.7571014461096
48,2024-12-14,1,2024-12-21,wk inc flu hosp,quantile,0.35,715.4535815662028
49,2024-12-14,1,2024-12-21,wk inc flu hosp,quantile,0.35,102.54883711973831
50,2024-12-14,1,2024-12-21,wk inc flu hosp,quantile,0.35,0.0
51,2024-12-14,1,2024-12-21,wk inc flu hosp,quantile,0.35,102.12272920542382
53,2024-12-14,1,2024-12-21,wk inc flu hosp,quantile,0.35,88.86275212268737
54,2024-12-14,1,2024-12-21,wk inc flu hosp,quantile,0.35,19.936750126408974
55,2024-12-14,1,2024-12-21,wk inc flu hosp,quantile,0.35,40.20863566004991
56,2024-12-14,1,2024-12-21,wk inc flu hosp,quantile,0.35,3.0601427881985437
72,2024-12-14,1,2024-12-21,wk inc flu hosp,quantile,0.35,541.5096969851791
US,2024-12-14,1,2024-12-21,wk inc flu hosp,quantile,0.35,9062.607049356411
01,2024-12-14,2,2024-12-28,wk inc flu hosp,quantile,0.35,159.13728627079695
02,2024-12-14,2,2024-12-28,wk inc flu hosp,quantile,0.35,22.496525524967932
04,2024-12-14,2,2024-12-28,wk inc flu hosp,quantile,0.35,1089.1863223646415
05,2024-12-14,2,2024-12-28,wk inc flu hosp,quantile,0.35,34.33128917248485
06,2024-12-14,2,2024-12-28,wk inc flu hosp,quantile,0.35,1596.9104971497438
08,2024-12-14,2,2024-12-28,wk inc flu hosp,quantile,0.35,166.074395198646
09,2024-12-14,2,2024-12-28,wk inc flu hosp,quantile,0.35,35.45120104701953
10,2024-12-14,2,2024-12-28,wk inc flu hosp,quantile,0.35,28.810108315378038
11,2024-12-14,2,2024-12-28,wk inc flu hosp,quantile,0.35,0.21478315116585592
12,2024-12-14,2,2024-12-28,wk inc flu hosp,quantile,0.35,909.90750537007
13,2024-12-14,2,2024-12-28,wk inc flu hosp,quantile,0.35,133.86910330617332
15,2024-12-14,2,2024-12-28,wk inc flu hosp,quantile,0.35,27.595334237544225
16,2024-12-14,2,2024-12-28,wk inc flu hosp,quantile,0.35,106.61184368677733
17,2024-12-14,2,2024-12-28,wk inc flu hosp,quantile,0.35,135.86077117960087
18,2024-12-14,2,2024-12-28,wk inc flu hosp,quantile,0.35,131.18757771585018
19,2024-12-14,2,2024-12-28,wk inc flu hosp,quantile,0.35,32.30836500185918
20,2024-12-14,2,2024-12-28,wk inc flu hosp,quantile,0.35,68.45848295045239
21,2024-12-14,2,2024-12-28,wk inc flu hosp,quantile,0.35,89.19374331938509
22,2024-12-14,2,2024-12-28,wk inc flu hosp,quantile,0.35,210.3110859916125
23,2024-12-14,2,2024-12-28,wk inc flu hosp,quantile,0.35,10.465274695385176
24,2024-12-14,2,2024-12-28,wk inc flu hosp,quantile,0.35,55.18255623128724
25,2024-12-14,2,2024-12-28,wk inc flu hosp,quantile,0.35,133.66853802854038
26,2024-12-14,2,2024-12-28,wk inc flu hosp,quantile,0.35,86.23970670261053
27,2024-12-14,2,2024-12-28,wk inc flu hosp,quantile,0.35,111.89465161678031
28,2024-12-14,2,2024-12-28,wk inc flu hosp,quantile,0.35,44.714645035279666
29,2024-12-14,2,2024-12-28,wk inc flu hosp,quantile,0.35,66.70361469473507
30,2024-12-14,2,2024-12-28,wk inc flu hosp,quantile,0.35,4.160111233910858
31,2024-12-14,2,2024-12-28,wk inc flu hosp,quantile,0.35,14.820350858490475
32,2024-12-14,2,2024-12-28,wk inc flu hosp,quantile,0.35,108.58961509594336
33,2024-12-14,2,2024-12-28,wk inc flu hosp,quantile,0.35,19.27082024946765
34,2024-12-14,2,2024-12-28,wk inc flu hosp,quantile,0.35,224.75046075311414
35,2024-12-14,2,2024-12-28,wk inc flu hosp,quantile,0.35,185.84006727977913
36,2024-12-14,2,2024-12-28,wk inc flu hosp,quantile,0.35,628.2619160838683
37,2024-12-14,2,2024-12-28,wk inc flu hosp,quantile,0.35,129.88128634004153
38,2024-12-14,2,2024-12-28,wk inc flu hosp,quantile,0.35,1.6320416105143467
39,2024-12-14,2,2024-12-28,wk inc flu hosp,quantile,0.35,170.8232785388526
40,2024-12-14,2,2024-12-28,wk inc flu hosp,quantile,0.35,53.15818190476526
41,2024-12-14,2,2024-12-28,wk inc flu hosp,quantile,0.35,137.69230602134812
42,2024-12-14,2,2024-12-28,wk inc flu hosp,quantile,0.35,235.4357435885764
44,2024-12-14,2,2024-12-28,wk inc flu hosp,quantile,0.35,14.492535858089441
45,2024-12-14,2,2024-12-28,wk inc flu hosp,quantile,0.35,74.78070041561817
46,2024-12-14,2,2024-12-28,wk inc flu hosp,quantile,0.35,1.8365281725428524
47,2024-12-14,2,2024-12-28,wk inc flu hosp,quantile,0.35,142.26785767665226
48,2024-12-14,2,2024-12-28,wk inc flu hosp,quantile,0.35,801.1886218047969
49,2024-12-14,2,2024-12-28,wk inc flu hosp,quantile,0.35,119.29743315256826
50,2024-12-14,2,2024-12-28,wk inc flu hosp,quantile,0.35,0.0
51,2024-12-14,2,2024-12-28,wk inc flu hosp,quantile,0.35,126.47541938565583
53,2024-12-14,2,2024-12-28,wk inc flu hosp,quantile,0.35,101.68595488459802
54,2024-12-14,2,2024-12-28,wk inc flu hosp,quantile,0.35,23.328661111184186
55,2024-12-14,2,2024-12-28,wk inc flu hosp,quantile,0.35,46.7755194402987
56,2024-12-14,2,2024-12-28,wk inc flu hosp,quantile,0.35,2.2458254306428356
72,2024-12-14,2,2024-12-28,wk inc flu hosp,quantile,0.35,588.4200467630225
US,2024-12-14,2,2024-12-28,wk inc flu hosp,quantile,0.35,10234.924952111576
01,2024-12-14,3,2025-01-04,wk inc flu hosp,quantile,0.35,171.81616888236508
02,2024-12-14,3,2025-01-04,wk inc flu hosp,quantile,0.35,23.708118097895696
04,2024-12-14,3,2025-01-04,wk inc flu hosp,quantile,0.35,1048.9413769605267
05,2024-12-14,3,2025-01-04,wk inc flu hosp,quantile,0.35,39.122514692454196
06,2024-12-14,3,2025-01-04,wk inc flu hosp,quantile,0.35,1653.6483277785028
08,2024-12-14,3,2025-01-04,wk inc flu hosp,quantile,0.35,178.73278741864033
09,2024-12-14,3,2025-01-04,wk inc flu hosp,quantile,0.35,42.00278368972715
10,2024-12-14,3,2025-01-04,wk inc flu hosp,quantile,0.35,31.15667530345886
11,2024-12-14,3,2025-01-04,wk inc flu hosp,quantile,0.35,0.0
12,2024-12-14,3,2025-01-04,wk inc flu hosp,quantile,0.35,1000.4622438958904
13,2024-12-14,3,2025-01-04,wk inc flu hosp,quantile,0.35,151.79033163155566
15,2024-12-14,3,2025-01-04,wk inc flu hosp,quantile,0.35,29.723120340863705
16,2024-12-14,3,2025-01-04,wk inc flu hosp,quantile,0.35,111.81556489664632
17,2024-12-14,3,2025-01-04,wk inc flu hosp,quantile,0.35,147.94780792450302
18,2024-12-14,3,2025-01-04,wk inc flu hosp,quantile,0.35,149.74568510711453
19,2024-12-14,3,2025-01-04,wk inc flu hosp,quantile,0.35,36.68386783997316
20,2024-12-14,3,2025-01-04,wk inc flu hosp,quantile,0.35,76.52937315119345
21,2024-12-14,3,2025-01-04,wk inc flu hosp,quantile,0.35,97.94000187931542
22,2024-12-14,3,2025-01-04,wk inc flu hosp,quantile,0.35,220.76770500598724
23,2024-12-14,3,2025-01-04,wk inc flu hosp,quantile,0.35,13.121969820219793
24,2024-12-14,3,2025-01-04,wk inc flu hosp,quantile,0.35,65.32321448031583
25,2024-12-14,3,2025-01-04,wk inc flu hosp,quantile,0.35,146.90280960331694
26,2024-12-14,3,2025-01-04,wk inc flu hosp,quantile,0.35,89.66825238026334
27,2024-12-14,3,2025-01-04,wk inc flu hosp,quantile,0.35,122.98619619266098
28,2024-12-14,3,2025-01-04,wk inc flu hosp,quantile,0.35,45.607253760678695
29,2024-12-14,3,2025-01-04,wk inc flu hosp,quantile,0.35,69.26570236108957
30,2024-12-14,3,2025-01-04,wk inc flu hosp,quantile,0.35,4.8797080969211235
31,2024-12-14,3,2025-01-04,wk inc flu hosp,quantile,0.35,17.214945194097538
32,2024-12-14,3,2025-01-04,wk inc flu hosp,quantile,0.35,119.75945719925433
33,2024-12-14,3,2025-01-04,wk inc flu hosp,quantile,0.35,20.25266520920025
34,2024-12-14,3,2025-01-04,wk inc flu hosp,quantile,0.35,247.50182865122062
35,2024-12-14,3,2025-01-04,wk inc flu hosp,quantile,0.35,198.0238443623507
36,2024-12-14,3,2025-01-04,wk inc flu hosp,quantile,0.35,679.5893910141533
37,2024-12-14,3,2025-01-04,wk inc flu hosp,quantile,0.35,150.3315342363267
38,2024-12-14,3,2025-01-04,wk inc flu hosp,quantile,0.35,1.6349838524198195
39,2024-12-14,3,2025-01-04,wk inc flu hosp,quantile,0.35,194.16757257954941
40,2024-12-14,3,2025-01-04,wk inc flu hosp,quantile,0.35,57.06555042831349
41,2024-12-14,3,2025-01-04,wk inc flu hosp,quantile,0.35,149.57440368572762
42,2024-12-14,3,2025-01-04,wk inc flu hosp,quantile,0.35,248.03160987023568
44,2024-12-14,3,2025-01-04,wk inc flu hosp,quantile,0.35,15.580259898182431
45,2024-12-14,3,2025-01-04,wk inc flu hosp,quantile,0.35,83.20104828294774
46,2024-12-14,3,2025-01-04,wk inc flu hosp,quantile,0.35,1.8755203263193843
47,2024-12-14,3,2025-01-04,wk inc flu hosp,quantile,0.35,150.72714024078584
48,2024-12-14,3,2025-01-04,wk inc flu hosp,quantile,0.35,881.827889856703
49,2024-12-14,3,2025-01-04,wk inc flu hosp,quantile,0.35,125.58475199604237
50,2024-12-14,3,2025-01-04,wk inc flu hosp,quantile,0.35,0.0
51,2024-12-14,3,2025-01-04,wk inc flu hosp,quantile,0.35,146.25939194208394
53,2024-12-14,3,2025-01-04,wk inc flu hosp,quantile,0.35,113.8294564682687
54,2024-12-14,3,2025-01-04,wk inc flu hosp,quantile,0.35,26.63123474826296
55,2024-12-14,3,2025-01-04,wk inc flu hosp,quantile,0.35,52.982195544757985
56,2024-12-14,3,2025-01-04,wk inc flu hosp,quantile,0.35,1.7638288904141384
72,2024-12-14,3,2025-01-04,wk inc flu hosp,quantile,0.35,599.2578907813894
US,2024-12-14,3,2025-01-04,wk inc flu hosp,quantile,0.35,11024.405004402186
01,2024-12-14,0,2024-12-14,wk inc flu hosp,quantile,0.4,123.13645964345628
02,2024-12-14,0,2024-12-14,wk inc flu hosp,quantile,0.4,16.848217566697443
04,2024-12-14,0,2024-12-14,wk inc flu hosp,quantile,0.4,1012.5220425684691
05,2024-12-14,0,2024-12-14,wk inc flu hosp,quantile,0.4,24.000547826894223
06,2024-12-14,0,2024-12-14,wk inc flu hosp,quantile,0.4,1193.3172807233732
08,2024-12-14,0,2024-12-14,wk inc flu hosp,quantile,0.4,109.68229287544548
09,2024-12-14,0,2024-12-14,wk inc flu hosp,quantile,0.4,19.114437245222003
10,2024-12-14,0,2024-12-14,wk inc flu hosp,quantile,0.4,19.91797949641091
11,2024-12-14,0,2024-12-14,wk inc flu hosp,quantile,0.4,1.3800178145179618
12,2024-12-14,0,2024-12-14,wk inc flu hosp,quantile,0.4,744.4815249306242
13,2024-12-14,0,2024-12-14,wk inc flu hosp,quantile,0.4,101.86775965016399
15,2024-12-14,0,2024-12-14,wk inc flu hosp,quantile,0.4,22.861308484819297
16,2024-12-14,0,2024-12-14,wk inc flu hosp,quantile,0.4,79.26878143233515
17,2024-12-14,0,2024-12-14,wk inc flu hosp,quantile,0.4,111.11243813296666
18,2024-12-14,0,2024-12-14,wk inc flu hosp,quantile,0.4,86.06091234231995
19,2024-12-14,0,2024-12-14,wk inc flu hosp,quantile,0.4,19.73162393469501
20,2024-12-14,0,2024-12-14,wk inc flu hosp,quantile,0.4,44.794992351467414
21,2024-12-14,0,2024-12-14,wk inc flu hosp,quantile,0.4,59.79909035769855
22,2024-12-14,0,2024-12-14,wk inc flu hosp,quantile,0.4,175.03721846109923
23,2024-12-14,0,2024-12-14,wk inc flu hosp,quantile,0.4,4.8718637346497085
24,2024-12-14,0,2024-12-14,wk inc flu hosp,quantile,0.4,36.967780578653596
25,2024-12-14,0,2024-12-14,wk inc flu hosp,quantile,0.4,96.87916871478694
26,2024-12-14,0,2024-12-14,wk inc flu hosp,quantile,0.4,78.12485399912859
27,2024-12-14,0,2024-12-14,wk inc flu hosp,quantile,0.4,74.6289279413185
28,2024-12-14,0,2024-12-14,wk inc flu hosp,quantile,0.4,42.56182604493951
29,2024-12-14,0,2024-12-14,wk inc flu hosp,quantile,0.4,56.44365501005127
30,2024-12-14,0,2024-12-14,wk inc flu hosp,quantile,0.4,2.4054313915638375
31,2024-12-14,0,2024-12-14,wk inc flu hosp,quantile,0.4,10.67094095490979
32,2024-12-14,0,2024-12-14,wk inc flu hosp,quantile,0.4,80.611405951843
33,2024-12-14,0,2024-12-14,wk inc flu hosp,quantile,0.4,16.668690315138505
34,2024-12-14,0,2024-12-14,wk inc flu hosp,quantile,0.4,147.73000948529744
35,2024-12-14,0,2024-12-14,wk inc flu hosp,quantile,0.4,122.58001798077181
36,2024-12-14,0,2024-12-14,wk inc flu hosp,quantile,0.4,384.4515799461992
37,2024-12-14,0,2024-12-14,wk inc flu hosp,quantile,0.4,86.1354460417019
38,2024-12-14,0,2024-12-14,wk inc flu hosp,quantile,0.4,2.0721470582226313
39,2024-12-14,0,2024-12-14,wk inc flu hosp,quantile,0.4,110.69455470676256
40,2024-12-14,0,2024-12-14,wk inc flu hosp,quantile,0.4,37.280352449185315
41,2024-12-14,0,2024-12-14,wk inc flu hosp,quantile,0.4,98.5137127362683
42,2024-12-14,0,2024-12-14,wk inc flu hosp,quantile,0.4,196.7335355145015
44,2024-12-14,0,2024-12-14,wk inc flu hosp,quantile,0.4,9.95821578381606
45,2024-12-14,0,2024-12-14,wk inc flu hosp,quantile,0.4,48.52383769229827
46,2024-12-14,0,2024-12-14,wk inc flu hosp,quantile,0.4,1.5649339115849232
47,2024-12-14,0,2024-12-14,wk inc flu hosp,quantile,0.4,115.45263851144597
48,2024-12-14,0,2024-12-14,wk inc flu hosp,quantile,0.4,601.1501570231259
49,2024-12-14,0,2024-12-14,wk inc flu hosp,quantile,0.4,82.98517402329509
50,2024-12-14,0,2024-12-14,wk inc flu hosp,quantile,0.4,0.0
51,2024-12-14,0,2024-12-14,wk inc flu hosp,quantile,0.4,79.85436527366852
53,2024-12-14,0,2024-12-14,wk inc flu hosp,quantile,0.4,70.46567232015988
54,2024-12-14,0,2024-12-14,wk inc flu hosp,quantile,0.4,15.945790765465595
55,2024-12-14,0,2024-12-14,wk inc flu hosp,quantile,0.4,33.200502406981485
56,2024-12-14,0,2024-12-14,wk inc flu hosp,quantile,0.4,4.032224289019565
72,2024-12-14,0,2024-12-14,wk inc flu hosp,quantile,0.4,491.22581773275607
US,2024-12-14,0,2024-12-14,wk inc flu hosp,quantile,0.4,7470.767704691135
01,2024-12-14,1,2024-12-21,wk inc flu hosp,quantile,0.4,145.58656124523895
02,2024-12-14,1,2024-12-21,wk inc flu hosp,quantile,0.4,19.888512351535677
04,2024-12-14,1,2024-12-21,wk inc flu hosp,quantile,0.4,1099.6981522684478
05,2024-12-14,1,2024-12-21,wk inc flu hosp,quantile,0.4,30.124255561186196
06,2024-12-14,1,2024-12-21,wk inc flu hosp,quantile,0.4,1475.1502547012096
08,2024-12-14,1,2024-12-21,wk inc flu hosp,quantile,0.4,139.91639014356042
09,2024-12-14,1,2024-12-21,wk inc flu hosp,quantile,0.4,27.411035480578896
10,2024-12-14,1,2024-12-21,wk inc flu hosp,quantile,0.4,25.11504913122612
11,2024-12-14,1,2024-12-21,wk inc flu hosp,quantile,0.4,0.6220643214498016
12,2024-12-14,1,2024-12-21,wk inc flu hosp,quantile,0.4,843.1890669269944
13,2024-12-14,1,2024-12-21,wk inc flu hosp,quantile,0.4,121.56911006320225
15,2024-12-14,1,2024-12-21,wk inc flu hosp,quantile,0.4,25.862839715024258
16,2024-12-14,1,2024-12-21,wk inc flu hosp,quantile,0.4,95.40132941445019
17,2024-12-14,1,2024-12-21,wk inc flu hosp,quantile,0.4,132.30531910756957
18,2024-12-14,1,2024-12-21,wk inc flu hosp,quantile,0.4,109.88372181489356
19,2024-12-14,1,2024-12-21,wk inc flu hosp,quantile,0.4,27.264362037670203
20,2024-12-14,1,2024-12-21,wk inc flu hosp,quantile,0.4,57.9051892214899
21,2024-12-14,1,2024-12-21,wk inc flu hosp,quantile,0.4,76.44046595106748
22,2024-12-14,1,2024-12-21,wk inc flu hosp,quantile,0.4,196.94106627303938
23,2024-12-14,1,2024-12-21,wk inc flu hosp,quantile,0.4,7.562119380132892
24,2024-12-14,1,2024-12-21,wk inc flu hosp,quantile,0.4,47.46772631659495
25,2024-12-14,1,2024-12-21,wk inc flu hosp,quantile,0.4,120.26354778372776
26,2024-12-14,1,2024-12-21,wk inc flu hosp,quantile,0.4,88.74147739859039
27,2024-12-14,1,2024-12-21,wk inc flu hosp,quantile,0.4,96.60567744883647
28,2024-12-14,1,2024-12-21,wk inc flu hosp,quantile,0.4,45.48868550931409
29,2024-12-14,1,2024-12-21,wk inc flu hosp,quantile,0.4,64.66546067919411
30,2024-12-14,1,2024-12-21,wk inc flu hosp,quantile,0.4,3.9567862308873814
31,2024-12-14,1,2024-12-21,wk inc flu hosp,quantile,0.4,13.549441332546866
32,2024-12-14,1,2024-12-21,wk inc flu hosp,quantile,0.4,94.33527681141052
33,2024-12-14,1,2024-12-21,wk inc flu hosp,quantile,0.4,19.18996466780322
34,2024-12-14,1,2024-12-21,wk inc flu hosp,quantile,0.4,189.71188091882135
35,2024-12-14,1,2024-12-21,wk inc flu hosp,quantile,0.4,157.03885602847424
36,2024-12-14,1,2024-12-21,wk inc flu hosp,quantile,0.4,512.5470952107778
37,2024-12-14,1,2024-12-21,wk inc flu hosp,quantile,0.4,112.19686474174932
38,2024-12-14,1,2024-12-21,wk inc flu hosp,quantile,0.4,2.019965594795637
39,2024-12-14,1,2024-12-21,wk inc flu hosp,quantile,0.4,143.69134207810194
40,2024-12-14,1,2024-12-21,wk inc flu hosp,quantile,0.4,47.23204307177148
41,2024-12-14,1,2024-12-21,wk inc flu hosp,quantile,0.4,119.82530546917798
42,2024-12-14,1,2024-12-21,wk inc flu hosp,quantile,0.4,232.7763221074463
44,2024-12-14,1,2024-12-21,wk inc flu hosp,quantile,0.4,12.48188327283053
45,2024-12-14,1,2024-12-21,wk inc flu hosp,quantile,0.4,62.05475465288881
46,2024-12-14,1,2024-12-21,wk inc flu hosp,quantile,0.4,2.1077704685479937
47,2024-12-14,1,2024-12-21,wk inc flu hosp,quantile,0.4,132.1579601249468
48,2024-12-14,1,2024-12-21,wk inc flu hosp,quantile,0.4,723.5603867971842
49,2024-12-14,1,2024-12-21,wk inc flu hosp,quantile,0.4,104.16466751941812
50,2024-12-14,1,2024-12-21,wk inc flu hosp,quantile,0.4,0.0
51,2024-12-14,1,2024-12-21,wk inc flu hosp,quantile,0.4,102.83714828056242
53,2024-12-14,1,2024-12-21,wk inc flu hosp,quantile,0.4,90.72495956171855
54,2024-12-14,1,2024-12-21,wk inc flu hosp,quantile,0.4,20.417274131076073
55,2024-12-14,1,2024-12-21,wk inc flu hosp,quantile,0.4,40.73288307832646
56,2024-12-14,1,2024-12-21,wk inc flu hosp,quantile,0.4,3.0968022367386725
72,2024-12-14,1,2024-12-21,wk inc flu hosp,quantile,0.4,541.8805933311343
US,2024-12-14,1,2024-12-21,wk inc flu hosp,quantile,0.4,9156.437067033085
01,2024-12-14,2,2024-12-28,wk inc flu hosp,quantile,0.4,166.89305140668577
02,2024-12-14,2,2024-12-28,wk inc flu hosp,quantile,0.4,22.776712420483854
04,2024-12-14,2,2024-12-28,wk inc flu hosp,quantile,0.4,1098.5137266376112
05,2024-12-14,2,2024-12-28,wk inc flu hosp,quantile,0.4,35.67199519499459
06,2024-12-14,2,2024-12-28,wk inc flu hosp,quantile,0.4,1598.857783811469
08,2024-12-14,2,2024-12-28,wk inc flu hosp,quantile,0.4,166.63068899534346
09,2024-12-14,2,2024-12-28,wk inc flu hosp,quantile,0.4,35.700478960863904
10,2024-12-14,2,2024-12-28,wk inc flu hosp,quantile,0.4,29.958188225317397
11,2024-12-14,2,2024-12-28,wk inc flu hosp,quantile,0.4,0.2429522890395764
12,2024-12-14,2,2024-12-28,wk inc flu hosp,quantile,0.4,925.3907236596045
13,2024-12-14,2,2024-12-28,wk inc flu hosp,quantile,0.4,137.31004063509698
15,2024-12-14,2,2024-12-28,wk inc flu hosp,quantile,0.4,28.41966481905971
16,2024-12-14,2,2024-12-28,wk inc flu hosp,quantile,0.4,107.36030692257593
17,2024-12-14,2,2024-12-28,wk inc flu hosp,quantile,0.4,145.47964621942216
18,2024-12-14,2,2024-12-28,wk inc flu hosp,quantile,0.4,131.95648943089142
19,2024-12-14,2,2024-12-28,wk inc flu hosp,quantile,0.4,34.44652169288699
20,2024-12-14,2,2024-12-28,wk inc flu hosp,quantile,0.4,70.98053487825592
21,2024-12-14,2,2024-12-28,wk inc flu hosp,quantile,0.4,91.45978486812973
22,2024-12-14,2,2024-12-28,wk inc flu hosp,quantile,0.4,214.9453667376959
23,2024-12-14,2,2024-12-28,wk inc flu hosp,quantile,0.4,10.664253188156067
24,2024-12-14,2,2024-12-28,wk inc flu hosp,quantile,0.4,59.41249219317264
25,2024-12-14,2,2024-12-28,wk inc flu hosp,quantile,0.4,143.30657200611992
26,2024-12-14,2,2024-12-28,wk inc flu hosp,quantile,0.4,89.16015466758752
27,2024-12-14,2,2024-12-28,wk inc flu hosp,quantile,0.4,117.93295397671345
28,2024-12-14,2,2024-12-28,wk inc flu hosp,quantile,0.4,45.63544880468704
29,2024-12-14,2,2024-12-28,wk inc flu hosp,quantile,0.4,66.8400190896934
30,2024-12-14,2,2024-12-28,wk inc flu hosp,quantile,0.4,4.628384229638275
31,2024-12-14,2,2024-12-28,wk inc flu hosp,quantile,0.4,15.050707747012144
32,2024-12-14,2,2024-12-28,wk inc flu hosp,quantile,0.4,109.87453013555802
33,2024-12-14,2,2024-12-28,wk inc flu hosp,quantile,0.4,20.79051966959928
34,2024-12-14,2,2024-12-28,wk inc flu hosp,quantile,0.4,228.57314313065828
35,2024-12-14,2,2024-12-28,wk inc flu hosp,quantile,0.4,189.78451111505078
36,2024-12-14,2,2024-12-28,wk inc flu hosp,quantile,0.4,643.1404758413975
37,2024-12-14,2,2024-12-28,wk inc flu hosp,quantile,0.4,134.9287673939761
38,2024-12-14,2,2024-12-28,wk inc flu hosp,quantile,0.4,1.8152426824232115
39,2024-12-14,2,2024-12-28,wk inc flu hosp,quantile,0.4,175.1895775402799
40,2024-12-14,2,2024-12-28,wk inc flu hosp,quantile,0.4,53.87231102562672
41,2024-12-14,2,2024-12-28,wk inc flu hosp,quantile,0.4,142.92259102293542
42,2024-12-14,2,2024-12-28,wk inc flu hosp,quantile,0.4,247.9368456609724
44,2024-12-14,2,2024-12-28,wk inc flu hosp,quantile,0.4,14.640835755808315
45,2024-12-14,2,2024-12-28,wk inc flu hosp,quantile,0.4,76.61324767087974
46,2024-12-14,2,2024-12-28,wk inc flu hosp,quantile,0.4,2.480009382336946
47,2024-12-14,2,2024-12-28,wk inc flu hosp,quantile,0.4,145.264372763152
48,2024-12-14,2,2024-12-28,wk inc flu hosp,quantile,0.4,835.6660257218891
49,2024-12-14,2,2024-12-28,wk inc flu hosp,quantile,0.4,122.92873218513195
50,2024-12-14,2,2024-12-28,wk inc flu hosp,quantile,0.4,0.0
51,2024-12-14,2,2024-12-28,wk inc flu hosp,quantile,0.4,126.65369311821897
53,2024-12-14,2,2024-12-28,wk inc flu hosp,quantile,0.4,105.53102310308229
54,2024-12-14,2,2024-12-28,wk inc flu hosp,quantile,0.4,24.558168174128436
55,2024-12-14,2,2024-12-28,wk inc flu hosp,quantile,0.4,46.915881002192215
56,2024-12-14,2,2024-12-28,wk inc flu hosp,quantile,0.4,2.307125454473837
72,2024-12-14,2,2024-12-28,wk inc flu hosp,quantile,0.4,588.7584082371436
US,2024-12-14,2,2024-12-28,wk inc flu hosp,quantile,0.4,10704.233072710578
01,2024-12-14,3,2025-01-04,wk inc flu hosp,quantile,0.4,184.33898965722307
02,2024-12-14,3,2025-01-04,wk inc flu hosp,quantile,0.4,24.089420374303074
04,2024-12-14,3,2025-01-04,wk inc flu hosp,quantile,0.4,1055.342456051419
05,2024-12-14,3,2025-01-04,wk inc flu hosp,quantile,0.4,40.11561712377562
06,2024-12-14,3,2025-01-04,wk inc flu hosp,quantile,0.4,1659.1234462302295
08,2024-12-14,3,2025-01-04,wk inc flu hosp,quantile,0.4,179.28856369918964
09,2024-12-14,3,2025-01-04,wk inc flu hosp,quantile,0.4,42.57626118683679
10,2024-12-14,3,2025-01-04,wk inc flu hosp,quantile,0.4,32.924388612845654
11,2024-12-14,3,2025-01-04,wk inc flu hosp,quantile,0.4,0.0
12,2024-12-14,3,2025-01-04,wk inc flu hosp,quantile,0.4,1002.4564305162797
13,2024-12-14,3,2025-01-04,wk inc flu hosp,quantile,0.4,157.41430275270255
15,2024-12-14,3,2025-01-04,wk inc flu hosp,quantile,0.4,30.196610569670437
16,2024-12-14,3,2025-01-04,wk inc flu hosp,quantile,0.4,114.0580466257874
17,2024-12-14,3,2025-01-04,wk inc flu hosp,quantile,0.4,153.43056661202348
18,2024-12-14,3,2025-01-04,wk inc flu hosp,quantile,0.4,151.11057715041267
19,2024-12-14,3,2025-01-04,wk inc flu hosp,quantile,0.4,38.95301206640103
20,2024-12-14,3,2025-01-04,wk inc flu hosp,quantile,0.4,80.2934446249286
21,2024-12-14,3,2025-01-04,wk inc flu hosp,quantile,0.4,103.00929387318504
22,2024-12-14,3,2025-01-04,wk inc flu hosp,quantile,0.4,224.364008663382
23,2024-12-14,3,2025-01-04,wk inc flu hosp,quantile,0.4,13.21138125845803
24,2024-12-14,3,2025-01-04,wk inc flu hosp,quantile,0.4,70.48880711196381
25,2024-12-14,3,2025-01-04,wk inc flu hosp,quantile,0.4,158.14533908872875
26,2024-12-14,3,2025-01-04,wk inc flu hosp,quantile,0.4,90.55391254982219
27,2024-12-14,3,2025-01-04,wk inc flu hosp,quantile,0.4,130.25376092446004
28,2024-12-14,3,2025-01-04,wk inc flu hosp,quantile,0.4,47.629881866300025
29,2024-12-14,3,2025-01-04,wk inc flu hosp,quantile,0.4,72.05570844236374
30,2024-12-14,3,2025-01-04,wk inc flu hosp,quantile,0.4,5.576785841204202
31,2024-12-14,3,2025-01-04,wk inc flu hosp,quantile,0.4,17.968774452761846
32,2024-12-14,3,2025-01-04,wk inc flu hosp,quantile,0.4,120.89885161476126
33,2024-12-14,3,2025-01-04,wk inc flu hosp,quantile,0.4,21.27334056489573
34,2024-12-14,3,2025-01-04,wk inc flu hosp,quantile,0.4,256.46879945460825
35,2024-12-14,3,2025-01-04,wk inc flu hosp,quantile,0.4,206.23242451027485
36,2024-12-14,3,2025-01-04,wk inc flu hosp,quantile,0.4,713.1209780311551
37,2024-12-14,3,2025-01-04,wk inc flu hosp,quantile,0.4,154.97551220541433
38,2024-12-14,3,2025-01-04,wk inc flu hosp,quantile,0.4,1.6816261618354804
39,2024-12-14,3,2025-01-04,wk inc flu hosp,quantile,0.4,197.9443108343154
40,2024-12-14,3,2025-01-04,wk inc flu hosp,quantile,0.4,58.598800028912194
41,2024-12-14,3,2025-01-04,wk inc flu hosp,quantile,0.4,159.61301092127613
42,2024-12-14,3,2025-01-04,wk inc flu hosp,quantile,0.4,250.0675242671245
44,2024-12-14,3,2025-01-04,wk inc flu hosp,quantile,0.4,15.88565559476476
45,2024-12-14,3,2025-01-04,wk inc flu hosp,quantile,0.4,85.30798195200927
46,2024-12-14,3,2025-01-04,wk inc flu hosp,quantile,0.4,2.296258510094416
47,2024-12-14,3,2025-01-04,wk inc flu hosp,quantile,0.4,153.37818732433763
48,2024-12-14,3,2025-01-04,wk inc flu hosp,quantile,0.4,925.3102077110022
49,2024-12-14,3,2025-01-04,wk inc flu hosp,quantile,0.4,130.26140488320544
50,2024-12-14,3,2025-01-04,wk inc flu hosp,quantile,0.4,0.0
51,2024-12-14,3,2025-01-04,wk inc flu hosp,quantile,0.4,149.43652193148702
53,2024-12-14,3,2025-01-04,wk inc flu hosp,quantile,0.4,119.06152823974615
54,2024-12-14,3,2025-01-04,wk inc flu hosp,quantile,0.4,28.317334714835532
55,2024-12-14,3,2025-01-04,wk inc flu hosp,quantile,0.4,53.07149548423288
56,2024-12-14,3,2025-01-04,wk inc flu hosp,quantile,0.4,1.7968921671505307
72,2024-12-14,3,2025-01-04,wk inc flu hosp,quantile,0.4,602.1563310926164
US,2024-12-14,3,2025-01-04,wk inc flu hosp,quantile,0.4,11639.040475553844
01,2024-12-14,0,2024-12-14,wk inc flu hosp,quantile,0.45,125.13798573646616
02,2024-12-14,0,2024-12-14,wk inc flu hosp,quantile,0.45,17.718918014002167
04,2024-12-14,0,2024-12-14,wk inc flu hosp,quantile,0.45,1024.2956540306454
05,2024-12-14,0,2024-12-14,wk inc flu hosp,quantile,0.45,24.43825210763663
06,2024-12-14,0,2024-12-14,wk inc flu hosp,quantile,0.45,1206.637229841128
08,2024-12-14,0,2024-12-14,wk inc flu hosp,quantile,0.45,111.91866664628947
09,2024-12-14,0,2024-12-14,wk inc flu hosp,quantile,0.45,19.659224499467133
10,2024-12-14,0,2024-12-14,wk inc flu hosp,quantile,0.45,20.807270852329854
11,2024-12-14,0,2024-12-14,wk inc flu hosp,quantile,0.45,1.4550467371790161
12,2024-12-14,0,2024-12-14,wk inc flu hosp,quantile,0.45,747.4850857787453
13,2024-12-14,0,2024-12-14,wk inc flu hosp,quantile,0.45,102.29010748747085
15,2024-12-14,0,2024-12-14,wk inc flu hosp,quantile,0.45,23.56006394615003
16,2024-12-14,0,2024-12-14,wk inc flu hosp,quantile,0.45,80.89229011060111
17,2024-12-14,0,2024-12-14,wk inc flu hosp,quantile,0.45,114.41733649546455
18,2024-12-14,0,2024-12-14,wk inc flu hosp,quantile,0.45,86.25931308331832
19,2024-12-14,0,2024-12-14,wk inc flu hosp,quantile,0.45,21.129534162387166
20,2024-12-14,0,2024-12-14,wk inc flu hosp,quantile,0.45,46.35624496947529
21,2024-12-14,0,2024-12-14,wk inc flu hosp,quantile,0.45,61.83252733059441
22,2024-12-14,0,2024-12-14,wk inc flu hosp,quantile,0.45,178.21487822985216
23,2024-12-14,0,2024-12-14,wk inc flu hosp,quantile,0.45,5.025759068864814
24,2024-12-14,0,2024-12-14,wk inc flu hosp,quantile,0.45,37.18662132089685
25,2024-12-14,0,2024-12-14,wk inc flu hosp,quantile,0.45,100.03759485075196
26,2024-12-14,0,2024-12-14,wk inc flu hosp,quantile,0.45,81.67621816446957
27,2024-12-14,0,2024-12-14,wk inc flu hosp,quantile,0.45,76.54867805504401
28,2024-12-14,0,2024-12-14,wk inc flu hosp,quantile,0.45,42.958520072234215
29,2024-12-14,0,2024-12-14,wk inc flu hosp,quantile,0.45,56.88468681519237
30,2024-12-14,0,2024-12-14,wk inc flu hosp,quantile,0.45,2.872700780202722
31,2024-12-14,0,2024-12-14,wk inc flu hosp,quantile,0.45,10.774488867442798
32,2024-12-14,0,2024-12-14,wk inc flu hosp,quantile,0.45,81.60171949318949
33,2024-12-14,0,2024-12-14,wk inc flu hosp,quantile,0.45,17.470913336154577
34,2024-12-14,0,2024-12-14,wk inc flu hosp,quantile,0.45,149.5234016098767
35,2024-12-14,0,2024-12-14,wk inc flu hosp,quantile,0.45,126.77125941269405
36,2024-12-14,0,2024-12-14,wk inc flu hosp,quantile,0.45,388.7198665884676
37,2024-12-14,0,2024-12-14,wk inc flu hosp,quantile,0.45,86.3348469089937
38,2024-12-14,0,2024-12-14,wk inc flu hosp,quantile,0.45,2.1613247655391916
39,2024-12-14,0,2024-12-14,wk inc flu hosp,quantile,0.45,111.2246150125206
40,2024-12-14,0,2024-12-14,wk inc flu hosp,quantile,0.45,38.726690838500076
41,2024-12-14,0,2024-12-14,wk inc flu hosp,quantile,0.45,100.09589000043796
42,2024-12-14,0,2024-12-14,wk inc flu hosp,quantile,0.45,198.6711150641233
44,2024-12-14,0,2024-12-14,wk inc flu hosp,quantile,0.45,10.257138683800942
45,2024-12-14,0,2024-12-14,wk inc flu hosp,quantile,0.45,49.988793607677415
46,2024-12-14,0,2024-12-14,wk inc flu hosp,quantile,0.45,1.5981156456477945
47,2024-12-14,0,2024-12-14,wk inc flu hosp,quantile,0.45,115.59115286167659
48,2024-12-14,0,2024-12-14,wk inc flu hosp,quantile,0.45,605.579549726491
49,2024-12-14,0,2024-12-14,wk inc flu hosp,quantile,0.45,85.48172697020702
50,2024-12-14,0,2024-12-14,wk inc flu hosp,quantile,0.45,0.0
51,2024-12-14,0,2024-12-14,wk inc flu hosp,quantile,0.45,80.19235219289803
53,2024-12-14,0,2024-12-14,wk inc flu hosp,quantile,0.45,71.03044086101085
54,2024-12-14,0,2024-12-14,wk inc flu hosp,quantile,0.45,16.811501378564294
55,2024-12-14,0,2024-12-14,wk inc flu hosp,quantile,0.45,33.455213557569955
56,2024-12-14,0,2024-12-14,wk inc flu hosp,quantile,0.45,4.087243127821827
72,2024-12-14,0,2024-12-14,wk inc flu hosp,quantile,0.45,496.09984507294973
US,2024-12-14,0,2024-12-14,wk inc flu hosp,quantile,0.45,7525.509139673686
01,2024-12-14,1,2024-12-21,wk inc flu hosp,quantile,0.45,149.51139598678208
02,2024-12-14,1,2024-12-21,wk inc flu hosp,quantile,0.45,21.199861074158584
04,2024-12-14,1,2024-12-21,wk inc flu hosp,quantile,0.45,1126.7327774054709
05,2024-12-14,1,2024-12-21,wk inc flu hosp,quantile,0.45,31.731136263784986
06,2024-12-14,1,2024-12-21,wk inc flu hosp,quantile,0.45,1505.4809666606538
08,2024-12-14,1,2024-12-21,wk inc flu hosp,quantile,0.45,144.36800903574846
09,2024-12-14,1,2024-12-21,wk inc flu hosp,quantile,0.45,28.275765487055626
10,2024-12-14,1,2024-12-21,wk inc flu hosp,quantile,0.45,26.346232709866957
11,2024-12-14,1,2024-12-21,wk inc flu hosp,quantile,0.45,0.7996702146805982
12,2024-12-14,1,2024-12-21,wk inc flu hosp,quantile,0.45,852.3529168861613
13,2024-12-14,1,2024-12-21,wk inc flu hosp,quantile,0.45,124.5678258291186
15,2024-12-14,1,2024-12-21,wk inc flu hosp,quantile,0.45,26.73815899320399
16,2024-12-14,1,2024-12-21,wk inc flu hosp,quantile,0.45,97.74969002516755
17,2024-12-14,1,2024-12-21,wk inc flu hosp,quantile,0.45,134.86384788556555
18,2024-12-14,1,2024-12-21,wk inc flu hosp,quantile,0.45,114.22207262372994
19,2024-12-14,1,2024-12-21,wk inc flu hosp,quantile,0.45,29.141225430712524
20,2024-12-14,1,2024-12-21,wk inc flu hosp,quantile,0.45,59.69727495796223
21,2024-12-14,1,2024-12-21,wk inc flu hosp,quantile,0.45,78.80786925885995
22,2024-12-14,1,2024-12-21,wk inc flu hosp,quantile,0.45,202.30897452793266
23,2024-12-14,1,2024-12-21,wk inc flu hosp,quantile,0.45,7.715814648671892
24,2024-12-14,1,2024-12-21,wk inc flu hosp,quantile,0.45,48.43855743055487
25,2024-12-14,1,2024-12-21,wk inc flu hosp,quantile,0.45,125.05359787494645
26,2024-12-14,1,2024-12-21,wk inc flu hosp,quantile,0.45,89.1468571880686
27,2024-12-14,1,2024-12-21,wk inc flu hosp,quantile,0.45,99.35760430256926
28,2024-12-14,1,2024-12-21,wk inc flu hosp,quantile,0.45,46.48237048458916
29,2024-12-14,1,2024-12-21,wk inc flu hosp,quantile,0.45,65.48641818385347
30,2024-12-14,1,2024-12-21,wk inc flu hosp,quantile,0.45,4.192653740336504
31,2024-12-14,1,2024-12-21,wk inc flu hosp,quantile,0.45,13.562764990366585
32,2024-12-14,1,2024-12-21,wk inc flu hosp,quantile,0.45,94.87394329066511
33,2024-12-14,1,2024-12-21,wk inc flu hosp,quantile,0.45,19.71053742772149
34,2024-12-14,1,2024-12-21,wk inc flu hosp,quantile,0.45,194.40928058091745
35,2024-12-14,1,2024-12-21,wk inc flu hosp,quantile,0.45,166.06996775933968
36,2024-12-14,1,2024-12-21,wk inc flu hosp,quantile,0.45,524.2602708644978
37,2024-12-14,1,2024-12-21,wk inc flu hosp,quantile,0.45,113.20242926599413
38,2024-12-14,1,2024-12-21,wk inc flu hosp,quantile,0.45,2.023993334865677
39,2024-12-14,1,2024-12-21,wk inc flu hosp,quantile,0.45,150.47617388984457
40,2024-12-14,1,2024-12-21,wk inc flu hosp,quantile,0.45,48.16186477707535
41,2024-12-14,1,2024-12-21,wk inc flu hosp,quantile,0.45,123.52763283624517
42,2024-12-14,1,2024-12-21,wk inc flu hosp,quantile,0.45,232.9953834681209
44,2024-12-14,1,2024-12-21,wk inc flu hosp,quantile,0.45,12.902529657456657
45,2024-12-14,1,2024-12-21,wk inc flu hosp,quantile,0.45,64.68196631746304
46,2024-12-14,1,2024-12-21,wk inc flu hosp,quantile,0.45,2.1550150647716824
47,2024-12-14,1,2024-12-21,wk inc flu hosp,quantile,0.45,133.43791069594693
48,2024-12-14,1,2024-12-21,wk inc flu hosp,quantile,0.45,737.0598674973095
49,2024-12-14,1,2024-12-21,wk inc flu hosp,quantile,0.45,107.85229299488162
50,2024-12-14,1,2024-12-21,wk inc flu hosp,quantile,0.45,0.0
51,2024-12-14,1,2024-12-21,wk inc flu hosp,quantile,0.45,104.26176277560542
53,2024-12-14,1,2024-12-21,wk inc flu hosp,quantile,0.45,91.08908656875839
54,2024-12-14,1,2024-12-21,wk inc flu hosp,quantile,0.45,21.719459110361807
55,2024-12-14,1,2024-12-21,wk inc flu hosp,quantile,0.45,41.90783305273647
56,2024-12-14,1,2024-12-21,wk inc flu hosp,quantile,0.45,3.130697718945504
72,2024-12-14,1,2024-12-21,wk inc flu hosp,quantile,0.45,558.1437766240941
US,2024-12-14,1,2024-12-21,wk inc flu hosp,quantile,0.45,9410.134779186026
01,2024-12-14,2,2024-12-28,wk inc flu hosp,quantile,0.45,175.88655301486526
02,2024-12-14,2,2024-12-28,wk inc flu hosp,quantile,0.45,24.058413238801467
04,2024-12-14,2,2024-12-28,wk inc flu hosp,quantile,0.45,1128.1717132251342
05,2024-12-14,2,2024-12-28,wk inc flu hosp,quantile,0.45,37.778517389329004
06,2024-12-14,2,2024-12-28,wk inc flu hosp,quantile,0.45,1639.599477077428
08,2024-12-14,2,2024-12-28,wk inc flu hosp,quantile,0.45,171.56714348668143
09,2024-12-14,2,2024-12-28,wk inc flu hosp,quantile,0.45,35.8246136756823
10,2024-12-14,2,2024-12-28,wk inc flu hosp,quantile,0.45,32.149616004858494
11,2024-12-14,2,2024-12-28,wk inc flu hosp,quantile,0.45,0.30300187910991666
12,2024-12-14,2,2024-12-28,wk inc flu hosp,quantile,0.45,928.3917813504615
13,2024-12-14,2,2024-12-28,wk inc flu hosp,quantile,0.45,142.8747068283983
15,2024-12-14,2,2024-12-28,wk inc flu hosp,quantile,0.45,29.55884581395973
16,2024-12-14,2,2024-12-28,wk inc flu hosp,quantile,0.45,108.83611317432218
17,2024-12-14,2,2024-12-28,wk inc flu hosp,quantile,0.45,150.47286082982475
18,2024-12-14,2,2024-12-28,wk inc flu hosp,quantile,0.45,137.18155797597785
19,2024-12-14,2,2024-12-28,wk inc flu hosp,quantile,0.45,36.34625617279069
20,2024-12-14,2,2024-12-28,wk inc flu hosp,quantile,0.45,73.98551400367812
21,2024-12-14,2,2024-12-28,wk inc flu hosp,quantile,0.45,96.60237301567511
22,2024-12-14,2,2024-12-28,wk inc flu hosp,quantile,0.45,221.40860788293804
23,2024-12-14,2,2024-12-28,wk inc flu hosp,quantile,0.45,10.909005392595306
24,2024-12-14,2,2024-12-28,wk inc flu hosp,quantile,0.45,59.922780857557825
25,2024-12-14,2,2024-12-28,wk inc flu hosp,quantile,0.45,147.79677898264785
26,2024-12-14,2,2024-12-28,wk inc flu hosp,quantile,0.45,89.24933755514564
27,2024-12-14,2,2024-12-28,wk inc flu hosp,quantile,0.45,124.58653329770989
28,2024-12-14,2,2024-12-28,wk inc flu hosp,quantile,0.45,46.533255224690905
29,2024-12-14,2,2024-12-28,wk inc flu hosp,quantile,0.45,68.81249804415067
30,2024-12-14,2,2024-12-28,wk inc flu hosp,quantile,0.45,5.374635731811895
31,2024-12-14,2,2024-12-28,wk inc flu hosp,quantile,0.45,16.130314040053843
32,2024-12-14,2,2024-12-28,wk inc flu hosp,quantile,0.45,109.90356159523095
33,2024-12-14,2,2024-12-28,wk inc flu hosp,quantile,0.45,21.481790145445558
34,2024-12-14,2,2024-12-28,wk inc flu hosp,quantile,0.45,237.5731826380412
35,2024-12-14,2,2024-12-28,wk inc flu hosp,quantile,0.45,201.53109180013553
36,2024-12-14,2,2024-12-28,wk inc flu hosp,quantile,0.45,662.395027884551
37,2024-12-14,2,2024-12-28,wk inc flu hosp,quantile,0.45,136.03985789432693
38,2024-12-14,2,2024-12-28,wk inc flu hosp,quantile,0.45,1.885841636830149
39,2024-12-14,2,2024-12-28,wk inc flu hosp,quantile,0.45,181.12291807444763
40,2024-12-14,2,2024-12-28,wk inc flu hosp,quantile,0.45,55.52621682112921
41,2024-12-14,2,2024-12-28,wk inc flu hosp,quantile,0.45,149.67179473255587
42,2024-12-14,2,2024-12-28,wk inc flu hosp,quantile,0.45,249.93623350871718
44,2024-12-14,2,2024-12-28,wk inc flu hosp,quantile,0.45,15.112265131399981
45,2024-12-14,2,2024-12-28,wk inc flu hosp,quantile,0.45,79.57635113975938
46,2024-12-14,2,2024-12-28,wk inc flu hosp,quantile,0.45,2.516919121324339
47,2024-12-14,2,2024-12-28,wk inc flu hosp,quantile,0.45,148.752330059333
48,2024-12-14,2,2024-12-28,wk inc flu hosp,quantile,0.45,856.2710213465344
49,2024-12-14,2,2024-12-28,wk inc flu hosp,quantile,0.45,128.17361051299517
50,2024-12-14,2,2024-12-28,wk inc flu hosp,quantile,0.45,0.0
51,2024-12-14,2,2024-12-28,wk inc flu hosp,quantile,0.45,126.8785216757019
53,2024-12-14,2,2024-12-28,wk inc flu hosp,quantile,0.45,105.82306186482377
54,2024-12-14,2,2024-12-28,wk inc flu hosp,quantile,0.45,26.482811131241046
55,2024-12-14,2,2024-12-28,wk inc flu hosp,quantile,0.45,47.41586638004069
56,2024-12-14,2,2024-12-28,wk inc flu hosp,quantile,0.45,2.3403453824205442
72,2024-12-14,2,2024-12-28,wk inc flu hosp,quantile,0.45,604.7311661746542
US,2024-12-14,2,2024-12-28,wk inc flu hosp,quantile,0.45,11135.672685601892
01,2024-12-14,3,2025-01-04,wk inc flu hosp,quantile,0.45,193.2485682693658
02,2024-12-14,3,2025-01-04,wk inc flu hosp,quantile,0.45,25.164195270229705
04,2024-12-14,3,2025-01-04,wk inc flu hosp,quantile,0.45,1077.7472516148978
05,2024-12-14,3,2025-01-04,wk inc flu hosp,quantile,0.45,42.214538261436886
06,2024-12-14,3,2025-01-04,wk inc flu hosp,quantile,0.45,1683.1767235130271
08,2024-12-14,3,2025-01-04,wk inc flu hosp,quantile,0.45,187.38864538539954
09,2024-12-14,3,2025-01-04,wk inc flu hosp,quantile,0.45,44.37533022491683
10,2024-12-14,3,2025-01-04,wk inc flu hosp,quantile,0.45,35.151166176990984
11,2024-12-14,3,2025-01-04,wk inc flu hosp,quantile,0.45,0.17230827675851826
12,2024-12-14,3,2025-01-04,wk inc flu hosp,quantile,0.45,1007.5698714817037
13,2024-12-14,3,2025-01-04,wk inc flu hosp,quantile,0.45,165.1876970277702
15,2024-12-14,3,2025-01-04,wk inc flu hosp,quantile,0.45,31.138829486678407
16,2024-12-14,3,2025-01-04,wk inc flu hosp,quantile,0.45,115.95575743156647
17,2024-12-14,3,2025-01-04,wk inc flu hosp,quantile,0.45,162.92608617638317
18,2024-12-14,3,2025-01-04,wk inc flu hosp,quantile,0.45,157.9317841246589
19,2024-12-14,3,2025-01-04,wk inc flu hosp,quantile,0.45,41.47367106086628
20,2024-12-14,3,2025-01-04,wk inc flu hosp,quantile,0.45,83.54122678356843
21,2024-12-14,3,2025-01-04,wk inc flu hosp,quantile,0.45,108.04578918039978
22,2024-12-14,3,2025-01-04,wk inc flu hosp,quantile,0.45,230.1210704969791
23,2024-12-14,3,2025-01-04,wk inc flu hosp,quantile,0.45,13.62886268253876
24,2024-12-14,3,2025-01-04,wk inc flu hosp,quantile,0.45,71.37223622451536
25,2024-12-14,3,2025-01-04,wk inc flu hosp,quantile,0.45,163.9474893601261
26,2024-12-14,3,2025-01-04,wk inc flu hosp,quantile,0.45,92.96626864368916
27,2024-12-14,3,2025-01-04,wk inc flu hosp,quantile,0.45,139.60265482395087
28,2024-12-14,3,2025-01-04,wk inc flu hosp,quantile,0.45,47.797612127677844
29,2024-12-14,3,2025-01-04,wk inc flu hosp,quantile,0.45,72.57664373200666
30,2024-12-14,3,2025-01-04,wk inc flu hosp,quantile,0.45,6.011870576000106
31,2024-12-14,3,2025-01-04,wk inc flu hosp,quantile,0.45,18.365416423742428
32,2024-12-14,3,2025-01-04,wk inc flu hosp,quantile,0.45,124.1927232077851
33,2024-12-14,3,2025-01-04,wk inc flu hosp,quantile,0.45,21.782463321051203
34,2024-12-14,3,2025-01-04,wk inc flu hosp,quantile,0.45,265.1556367330691
35,2024-12-14,3,2025-01-04,wk inc flu hosp,quantile,0.45,221.37948514340053
36,2024-12-14,3,2025-01-04,wk inc flu hosp,quantile,0.45,737.6232708089882
37,2024-12-14,3,2025-01-04,wk inc flu hosp,quantile,0.45,157.04663611704004
38,2024-12-14,3,2025-01-04,wk inc flu hosp,quantile,0.45,1.7047081389824874
39,2024-12-14,3,2025-01-04,wk inc flu hosp,quantile,0.45,205.03158526162318
40,2024-12-14,3,2025-01-04,wk inc flu hosp,quantile,0.45,60.81562581313558
41,2024-12-14,3,2025-01-04,wk inc flu hosp,quantile,0.45,167.40460984195474
42,2024-12-14,3,2025-01-04,wk inc flu hosp,quantile,0.45,257.1169343892693
44,2024-12-14,3,2025-01-04,wk inc flu hosp,quantile,0.45,16.447863570473437
45,2024-12-14,3,2025-01-04,wk inc flu hosp,quantile,0.45,88.11207017895606
46,2024-12-14,3,2025-01-04,wk inc flu hosp,quantile,0.45,2.4095405942089156
47,2024-12-14,3,2025-01-04,wk inc flu hosp,quantile,0.45,154.4414210956691
48,2024-12-14,3,2025-01-04,wk inc flu hosp,quantile,0.45,954.8490982216161
49,2024-12-14,3,2025-01-04,wk inc flu hosp,quantile,0.45,137.57544855242259
50,2024-12-14,3,2025-01-04,wk inc flu hosp,quantile,0.45,0.0
51,2024-12-14,3,2025-01-04,wk inc flu hosp,quantile,0.45,150.54547745956324
53,2024-12-14,3,2025-01-04,wk inc flu hosp,quantile,0.45,120.99957635580196
54,2024-12-14,3,2025-01-04,wk inc flu hosp,quantile,0.45,30.414204487640717
55,2024-12-14,3,2025-01-04,wk inc flu hosp,quantile,0.45,53.27517060490191
56,2024-12-14,3,2025-01-04,wk inc flu hosp,quantile,0.45,1.8203454001984614
72,2024-12-14,3,2025-01-04,wk inc flu hosp,quantile,0.45,612.8616632229412
US,2024-12-14,3,2025-01-04,wk inc flu hosp,quantile,0.45,12179.905536631171
01,2024-12-14,0,2024-12-14,wk inc flu hosp,quantile,0.5,128.5683970868836
02,2024-12-14,0,2024-12-14,wk inc flu hosp,quantile,0.5,18.516684498330473
04,2024-12-14,0,2024-12-14,wk inc flu hosp,quantile,0.5,1065.151129230877
05,2024-12-14,0,2024-12-14,wk inc flu hosp,quantile,0.5,24.8419363137075
06,2024-12-14,0,2024-12-14,wk inc flu hosp,quantile,0.5,1208.7089033284042
08,2024-12-14,0,2024-12-14,wk inc flu hosp,quantile,0.5,114.6179704519972
09,2024-12-14,0,2024-12-14,wk inc flu hosp,quantile,0.5,19.784724370990908
10,2024-12-14,0,2024-12-14,wk inc flu hosp,quantile,0.5,21.726430699481647
11,2024-12-14,0,2024-12-14,wk inc flu hosp,quantile,0.5,1.651439473786991
12,2024-12-14,0,2024-12-14,wk inc flu hosp,quantile,0.5,761.6969427553798
13,2024-12-14,0,2024-12-14,wk inc flu hosp,quantile,0.5,102.72128419924643
15,2024-12-14,0,2024-12-14,wk inc flu hosp,quantile,0.5,24.429692216261415
16,2024-12-14,0,2024-12-14,wk inc flu hosp,quantile,0.5,82.02161494254607
17,2024-12-14,0,2024-12-14,wk inc flu hosp,quantile,0.5,116.00564399814658
18,2024-12-14,0,2024-12-14,wk inc flu hosp,quantile,0.5,86.8286329034006
19,2024-12-14,0,2024-12-14,wk inc flu hosp,quantile,0.5,21.96941599423443
20,2024-12-14,0,2024-12-14,wk inc flu hosp,quantile,0.5,46.422697157102135
21,2024-12-14,0,2024-12-14,wk inc flu hosp,quantile,0.5,62.60691991655644
22,2024-12-14,0,2024-12-14,wk inc flu hosp,quantile,0.5,179.5405644694794
23,2024-12-14,0,2024-12-14,wk inc flu hosp,quantile,0.5,5.071577141152748
24,2024-12-14,0,2024-12-14,wk inc flu hosp,quantile,0.5,37.2344135020139
25,2024-12-14,0,2024-12-14,wk inc flu hosp,quantile,0.5,103.05894914415205
26,2024-12-14,0,2024-12-14,wk inc flu hosp,quantile,0.5,83.31169665336986
27,2024-12-14,0,2024-12-14,wk inc flu hosp,quantile,0.5,78.9534441597909
28,2024-12-14,0,2024-12-14,wk inc flu hosp,quantile,0.5,44.25526750216824
29,2024-12-14,0,2024-12-14,wk inc flu hosp,quantile,0.5,58.86362949660193
30,2024-12-14,0,2024-12-14,wk inc flu hosp,quantile,0.5,3.4977643733952712
31,2024-12-14,0,2024-12-14,wk inc flu hosp,quantile,0.5,10.953050914684523
32,2024-12-14,0,2024-12-14,wk inc flu hosp,quantile,0.5,82.62720439074891
33,2024-12-14,0,2024-12-14,wk inc flu hosp,quantile,0.5,17.992758291873567
34,2024-12-14,0,2024-12-14,wk inc flu hosp,quantile,0.5,151.4317241734497
35,2024-12-14,0,2024-12-14,wk inc flu hosp,quantile,0.5,131.26755295170528
36,2024-12-14,0,2024-12-14,wk inc flu hosp,quantile,0.5,391.37003363268127
37,2024-12-14,0,2024-12-14,wk inc flu hosp,quantile,0.5,86.80953587623172
38,2024-12-14,0,2024-12-14,wk inc flu hosp,quantile,0.5,2.3856403821884307
39,2024-12-14,0,2024-12-14,wk inc flu hosp,quantile,0.5,114.886738331666
40,2024-12-14,0,2024-12-14,wk inc flu hosp,quantile,0.5,40.25988428354614
41,2024-12-14,0,2024-12-14,wk inc flu hosp,quantile,0.5,101.66588210553331
42,2024-12-14,0,2024-12-14,wk inc flu hosp,quantile,0.5,200.94486062430772
44,2024-12-14,0,2024-12-14,wk inc flu hosp,quantile,0.5,10.350436148731687
45,2024-12-14,0,2024-12-14,wk inc flu hosp,quantile,0.5,51.29348111578389
46,2024-12-14,0,2024-12-14,wk inc flu hosp,quantile,0.5,1.8501432962245759
47,2024-12-14,0,2024-12-14,wk inc flu hosp,quantile,0.5,123.19962046841206
48,2024-12-14,0,2024-12-14,wk inc flu hosp,quantile,0.5,606.0626382326241
49,2024-12-14,0,2024-12-14,wk inc flu hosp,quantile,0.5,87.83533537948325
50,2024-12-14,0,2024-12-14,wk inc flu hosp,quantile,0.5,0.0
51,2024-12-14,0,2024-12-14,wk inc flu hosp,quantile,0.5,80.53355382743412
53,2024-12-14,0,2024-12-14,wk inc flu hosp,quantile,0.5,71.7066870483311
54,2024-12-14,0,2024-12-14,wk inc flu hosp,quantile,0.5,17.802338553355128
55,2024-12-14,0,2024-12-14,wk inc flu hosp,quantile,0.5,33.47350536955716
56,2024-12-14,0,2024-12-14,wk inc flu hosp,quantile,0.5,4.111553548799984
72,2024-12-14,0,2024-12-14,wk inc flu hosp,quantile,0.5,506.0775674829635
US,2024-12-14,0,2024-12-14,wk inc flu hosp,quantile,0.5,7542.616011323364
01,2024-12-14,1,2024-12-21,wk inc flu hosp,quantile,0.5,154.24029664250304
02,2024-12-14,1,2024-12-21,wk inc flu hosp,quantile,0.5,22.38952180621299
04,2024-12-14,1,2024-12-21,wk inc flu hosp,quantile,0.5,1160.9129551064245
05,2024-12-14,1,2024-12-21,wk inc flu hosp,quantile,0.5,32.711316122337216
06,2024-12-14,1,2024-12-21,wk inc flu hosp,quantile,0.5,1506.5337504410545
08,2024-12-14,1,2024-12-21,wk inc flu hosp,quantile,0.5,149.38044705124025
09,2024-12-14,1,2024-12-21,wk inc flu hosp,quantile,0.5,28.56154724785747
10,2024-12-14,1,2024-12-21,wk inc flu hosp,quantile,0.5,27.355445866874295
11,2024-12-14,1,2024-12-21,wk inc flu hosp,quantile,0.5,1.1659101668465035
12,2024-12-14,1,2024-12-21,wk inc flu hosp,quantile,0.5,862.1688212929284
13,2024-12-14,1,2024-12-21,wk inc flu hosp,quantile,0.5,125.23205754166192
15,2024-12-14,1,2024-12-21,wk inc flu hosp,quantile,0.5,27.996723568024304
16,2024-12-14,1,2024-12-21,wk inc flu hosp,quantile,0.5,100.43650709041627
17,2024-12-14,1,2024-12-21,wk inc flu hosp,quantile,0.5,137.8662929386813
18,2024-12-14,1,2024-12-21,wk inc flu hosp,quantile,0.5,114.41891073545337
19,2024-12-14,1,2024-12-21,wk inc flu hosp,quantile,0.5,30.9003236075885
20,2024-12-14,1,2024-12-21,wk inc flu hosp,quantile,0.5,61.60018249632678
21,2024-12-14,1,2024-12-21,wk inc flu hosp,quantile,0.5,80.83761474792496
22,2024-12-14,1,2024-12-21,wk inc flu hosp,quantile,0.5,208.36401624180337
23,2024-12-14,1,2024-12-21,wk inc flu hosp,quantile,0.5,8.042789777158532
24,2024-12-14,1,2024-12-21,wk inc flu hosp,quantile,0.5,48.75713150329135
25,2024-12-14,1,2024-12-21,wk inc flu hosp,quantile,0.5,127.59600808891285
26,2024-12-14,1,2024-12-21,wk inc flu hosp,quantile,0.5,91.0643126925883
27,2024-12-14,1,2024-12-21,wk inc flu hosp,quantile,0.5,102.17530597670373
28,2024-12-14,1,2024-12-21,wk inc flu hosp,quantile,0.5,47.01385181690587
29,2024-12-14,1,2024-12-21,wk inc flu hosp,quantile,0.5,66.09946505352266
30,2024-12-14,1,2024-12-21,wk inc flu hosp,quantile,0.5,5.026107438016209
31,2024-12-14,1,2024-12-21,wk inc flu hosp,quantile,0.5,13.625996784025569
32,2024-12-14,1,2024-12-21,wk inc flu hosp,quantile,0.5,94.9032528789107
33,2024-12-14,1,2024-12-21,wk inc flu hosp,quantile,0.5,20.239028796494818
34,2024-12-14,1,2024-12-21,wk inc flu hosp,quantile,0.5,195.89509490193
35,2024-12-14,1,2024-12-21,wk inc flu hosp,quantile,0.5,172.7772161873089
36,2024-12-14,1,2024-12-21,wk inc flu hosp,quantile,0.5,535.9016549560399
37,2024-12-14,1,2024-12-21,wk inc flu hosp,quantile,0.5,113.81211391117303
38,2024-12-14,1,2024-12-21,wk inc flu hosp,quantile,0.5,2.220190148040816
39,2024-12-14,1,2024-12-21,wk inc flu hosp,quantile,0.5,152.78406687494498
40,2024-12-14,1,2024-12-21,wk inc flu hosp,quantile,0.5,49.82817176963101
41,2024-12-14,1,2024-12-21,wk inc flu hosp,quantile,0.5,127.43970874282729
42,2024-12-14,1,2024-12-21,wk inc flu hosp,quantile,0.5,233.85789948820081
44,2024-12-14,1,2024-12-21,wk inc flu hosp,quantile,0.5,13.30772841890334
45,2024-12-14,1,2024-12-21,wk inc flu hosp,quantile,0.5,67.11300636411688
46,2024-12-14,1,2024-12-21,wk inc flu hosp,quantile,0.5,2.636185610957619
47,2024-12-14,1,2024-12-21,wk inc flu hosp,quantile,0.5,141.03570313953293
48,2024-12-14,1,2024-12-21,wk inc flu hosp,quantile,0.5,741.6077568715247
49,2024-12-14,1,2024-12-21,wk inc flu hosp,quantile,0.5,112.75220350982742
50,2024-12-14,1,2024-12-21,wk inc flu hosp,quantile,0.5,0.0
51,2024-12-14,1,2024-12-21,wk inc flu hosp,quantile,0.5,104.8102217156183
53,2024-12-14,1,2024-12-21,wk inc flu hosp,quantile,0.5,91.99702047685642
54,2024-12-14,1,2024-12-21,wk inc flu hosp,quantile,0.5,23.276152401888986
55,2024-12-14,1,2024-12-21,wk inc flu hosp,quantile,0.5,42.58793808416532
56,2024-12-14,1,2024-12-21,wk inc flu hosp,quantile,0.5,3.2629455296360805
72,2024-12-14,1,2024-12-21,wk inc flu hosp,quantile,0.5,573.2137817636913
US,2024-12-14,1,2024-12-21,wk inc flu hosp,quantile,0.5,9453.354475246028
01,2024-12-14,2,2024-12-28,wk inc flu hosp,quantile,0.5,178.45920626839063
02,2024-12-14,2,2024-12-28,wk inc flu hosp,quantile,0.5,25.3736468572106
04,2024-12-14,2,2024-12-28,wk inc flu hosp,quantile,0.5,1169.2431393888378
05,2024-12-14,2,2024-12-28,wk inc flu hosp,quantile,0.5,38.54699746268554
06,2024-12-14,2,2024-12-28,wk inc flu hosp,quantile,0.5,1642.9353160408807
08,2024-12-14,2,2024-12-28,wk inc flu hosp,quantile,0.5,179.9170774071294
09,2024-12-14,2,2024-12-28,wk inc flu hosp,quantile,0.5,39.99019937578609
10,2024-12-14,2,2024-12-28,wk inc flu hosp,quantile,0.5,33.20700253297309
11,2024-12-14,2,2024-12-28,wk inc flu hosp,quantile,0.5,0.5934847741065343
12,2024-12-14,2,2024-12-28,wk inc flu hosp,quantile,0.5,945.157962634934
13,2024-12-14,2,2024-12-28,wk inc flu hosp,quantile,0.5,146.6254294476395
15,2024-12-14,2,2024-12-28,wk inc flu hosp,quantile,0.5,30.93194398168466
16,2024-12-14,2,2024-12-28,wk inc flu hosp,quantile,0.5,112.69446151653162
17,2024-12-14,2,2024-12-28,wk inc flu hosp,quantile,0.5,152.99814386007114
18,2024-12-14,2,2024-12-28,wk inc flu hosp,quantile,0.5,141.88020685644153
19,2024-12-14,2,2024-12-28,wk inc flu hosp,quantile,0.5,39.09609682957604
20,2024-12-14,2,2024-12-28,wk inc flu hosp,quantile,0.5,77.75578798932385
21,2024-12-14,2,2024-12-28,wk inc flu hosp,quantile,0.5,99.80120480980868
22,2024-12-14,2,2024-12-28,wk inc flu hosp,quantile,0.5,225.86744159203892
23,2024-12-14,2,2024-12-28,wk inc flu hosp,quantile,0.5,11.892118479621779
24,2024-12-14,2,2024-12-28,wk inc flu hosp,quantile,0.5,61.45981490255464
25,2024-12-14,2,2024-12-28,wk inc flu hosp,quantile,0.5,150.90090231659187
26,2024-12-14,2,2024-12-28,wk inc flu hosp,quantile,0.5,90.46509525779523
27,2024-12-14,2,2024-12-28,wk inc flu hosp,quantile,0.5,125.88635675189278
28,2024-12-14,2,2024-12-28,wk inc flu hosp,quantile,0.5,46.56939624461391
29,2024-12-14,2,2024-12-28,wk inc flu hosp,quantile,0.5,68.9363038869878
30,2024-12-14,2,2024-12-28,wk inc flu hosp,quantile,0.5,5.676713133431008
31,2024-12-14,2,2024-12-28,wk inc flu hosp,quantile,0.5,16.306281691123182
32,2024-12-14,2,2024-12-28,wk inc flu hosp,quantile,0.5,111.75784391851461
33,2024-12-14,2,2024-12-28,wk inc flu hosp,quantile,0.5,22.17855242170935
34,2024-12-14,2,2024-12-28,wk inc flu hosp,quantile,0.5,243.24766900553473
35,2024-12-14,2,2024-12-28,wk inc flu hosp,quantile,0.5,210.31884680779547
36,2024-12-14,2,2024-12-28,wk inc flu hosp,quantile,0.5,675.0222118886262
37,2024-12-14,2,2024-12-28,wk inc flu hosp,quantile,0.5,136.24513767414342
38,2024-12-14,2,2024-12-28,wk inc flu hosp,quantile,0.5,1.9511625310329979
39,2024-12-14,2,2024-12-28,wk inc flu hosp,quantile,0.5,184.89688669551455
40,2024-12-14,2,2024-12-28,wk inc flu hosp,quantile,0.5,56.03606117014131
41,2024-12-14,2,2024-12-28,wk inc flu hosp,quantile,0.5,150.739665980669
42,2024-12-14,2,2024-12-28,wk inc flu hosp,quantile,0.5,256.6527331693485
44,2024-12-14,2,2024-12-28,wk inc flu hosp,quantile,0.5,15.775426793700442
45,2024-12-14,2,2024-12-28,wk inc flu hosp,quantile,0.5,84.30898657479841
46,2024-12-14,2,2024-12-28,wk inc flu hosp,quantile,0.5,3.18221994114448
47,2024-12-14,2,2024-12-28,wk inc flu hosp,quantile,0.5,156.68496947461193
48,2024-12-14,2,2024-12-28,wk inc flu hosp,quantile,0.5,876.2736820827323
49,2024-12-14,2,2024-12-28,wk inc flu hosp,quantile,0.5,134.4941429504758
50,2024-12-14,2,2024-12-28,wk inc flu hosp,quantile,0.5,0.0
51,2024-12-14,2,2024-12-28,wk inc flu hosp,quantile,0.5,129.60757393057347
53,2024-12-14,2,2024-12-28,wk inc flu hosp,quantile,0.5,106.25342517147865
54,2024-12-14,2,2024-12-28,wk inc flu hosp,quantile,0.5,29.328929649468634
55,2024-12-14,2,2024-12-28,wk inc flu hosp,quantile,0.5,48.16220772195262
56,2024-12-14,2,2024-12-28,wk inc flu hosp,quantile,0.5,2.383037960425324
72,2024-12-14,2,2024-12-28,wk inc flu hosp,quantile,0.5,618.7274619777559
US,2024-12-14,2,2024-12-28,wk inc flu hosp,quantile,0.5,11142.545137493044
01,2024-12-14,3,2025-01-04,wk inc flu hosp,quantile,0.5,199.46480815857456
02,2024-12-14,3,2025-01-04,wk inc flu hosp,quantile,0.5,26.25502679162759
04,2024-12-14,3,2025-01-04,wk inc flu hosp,quantile,0.5,1119.2137678765068
05,2024-12-14,3,2025-01-04,wk inc flu hosp,quantile,0.5,42.754562791095765
06,2024-12-14,3,2025-01-04,wk inc flu hosp,quantile,0.5,1696.0280285715587
08,2024-12-14,3,2025-01-04,wk inc flu hosp,quantile,0.5,196.16744995604859
09,2024-12-14,3,2025-01-04,wk inc flu hosp,quantile,0.5,50.251896784504325
10,2024-12-14,3,2025-01-04,wk inc flu hosp,quantile,0.5,37.22885463627577
11,2024-12-14,3,2025-01-04,wk inc flu hosp,quantile,0.5,0.32260877943987615
12,2024-12-14,3,2025-01-04,wk inc flu hosp,quantile,0.5,1022.4569892119866
13,2024-12-14,3,2025-01-04,wk inc flu hosp,quantile,0.5,165.6055587854706
15,2024-12-14,3,2025-01-04,wk inc flu hosp,quantile,0.5,32.64980719121728
16,2024-12-14,3,2025-01-04,wk inc flu hosp,quantile,0.5,122.7719653135351
17,2024-12-14,3,2025-01-04,wk inc flu hosp,quantile,0.5,164.32450990788124
18,2024-12-14,3,2025-01-04,wk inc flu hosp,quantile,0.5,164.39528229784557
19,2024-12-14,3,2025-01-04,wk inc flu hosp,quantile,0.5,44.57525578556295
20,2024-12-14,3,2025-01-04,wk inc flu hosp,quantile,0.5,89.64216287828997
21,2024-12-14,3,2025-01-04,wk inc flu hosp,quantile,0.5,114.12426896130873
22,2024-12-14,3,2025-01-04,wk inc flu hosp,quantile,0.5,234.9105366400729
23,2024-12-14,3,2025-01-04,wk inc flu hosp,quantile,0.5,15.451042639458995
24,2024-12-14,3,2025-01-04,wk inc flu hosp,quantile,0.5,73.70047955320688
25,2024-12-14,3,2025-01-04,wk inc flu hosp,quantile,0.5,167.5568183423265
26,2024-12-14,3,2025-01-04,wk inc flu hosp,quantile,0.5,93.0536376947865
27,2024-12-14,3,2025-01-04,wk inc flu hosp,quantile,0.5,143.44691407136335
28,2024-12-14,3,2025-01-04,wk inc flu hosp,quantile,0.5,48.372403882558615
29,2024-12-14,3,2025-01-04,wk inc flu hosp,quantile,0.5,74.17321699361685
30,2024-12-14,3,2025-01-04,wk inc flu hosp,quantile,0.5,6.429750592493632
31,2024-12-14,3,2025-01-04,wk inc flu hosp,quantile,0.5,18.482589234156997
32,2024-12-14,3,2025-01-04,wk inc flu hosp,quantile,0.5,124.19672923888456
33,2024-12-14,3,2025-01-04,wk inc flu hosp,quantile,0.5,22.346954610177423
34,2024-12-14,3,2025-01-04,wk inc flu hosp,quantile,0.5,277.4411978160989
35,2024-12-14,3,2025-01-04,wk inc flu hosp,quantile,0.5,233.59022192773114
36,2024-12-14,3,2025-01-04,wk inc flu hosp,quantile,0.5,765.7458451796623
37,2024-12-14,3,2025-01-04,wk inc flu hosp,quantile,0.5,159.21255847287154
38,2024-12-14,3,2025-01-04,wk inc flu hosp,quantile,0.5,1.775752840939388
39,2024-12-14,3,2025-01-04,wk inc flu hosp,quantile,0.5,206.5505790768391
40,2024-12-14,3,2025-01-04,wk inc flu hosp,quantile,0.5,60.875142246962014
41,2024-12-14,3,2025-01-04,wk inc flu hosp,quantile,0.5,172.22384709516243
42,2024-12-14,3,2025-01-04,wk inc flu hosp,quantile,0.5,258.4823237309081
44,2024-12-14,3,2025-01-04,wk inc flu hosp,quantile,0.5,17.242104690636612
45,2024-12-14,3,2025-01-04,wk inc flu hosp,quantile,0.5,94.65112836200552
46,2024-12-14,3,2025-01-04,wk inc flu hosp,quantile,0.5,2.8371251183454325
47,2024-12-14,3,2025-01-04,wk inc flu hosp,quantile,0.5,156.45421256991045
48,2024-12-14,3,2025-01-04,wk inc flu hosp,quantile,0.5,996.8780003419779
49,2024-12-14,3,2025-01-04,wk inc flu hosp,quantile,0.5,146.01622292734635
50,2024-12-14,3,2025-01-04,wk inc flu hosp,quantile,0.5,0.0
51,2024-12-14,3,2025-01-04,wk inc flu hosp,quantile,0.5,152.31278468127044
53,2024-12-14,3,2025-01-04,wk inc flu hosp,quantile,0.5,123.09991886513366
54,2024-12-14,3,2025-01-04,wk inc flu hosp,quantile,0.5,32.47117905827616
55,2024-12-14,3,2025-01-04,wk inc flu hosp,quantile,0.5,53.81626396505394
56,2024-12-14,3,2025-01-04,wk inc flu hosp,quantile,0.5,1.8650099341480102
72,2024-12-14,3,2025-01-04,wk inc flu hosp,quantile,0.5,625.993306338012
US,2024-12-14,3,2025-01-04,wk inc flu hosp,quantile,0.5,12469.875862400653
01,2024-12-14,0,2024-12-14,wk inc flu hosp,quantile,0.55,129.97617793836838
02,2024-12-14,0,2024-12-14,wk inc flu hosp,quantile,0.55,18.906265067532622
04,2024-12-14,0,2024-12-14,wk inc flu hosp,quantile,0.55,1077.6400285205345
05,2024-12-14,0,2024-12-14,wk inc flu hosp,quantile,0.55,26.556444334289168
06,2024-12-14,0,2024-12-14,wk inc flu hosp,quantile,0.55,1212.3253323827216
08,2024-12-14,0,2024-12-14,wk inc flu hosp,quantile,0.55,120.85570184156704
09,2024-12-14,0,2024-12-14,wk inc flu hosp,quantile,0.55,19.8131696519775
10,2024-12-14,0,2024-12-14,wk inc flu hosp,quantile,0.55,22.390414556538822
11,2024-12-14,0,2024-12-14,wk inc flu hosp,quantile,0.55,1.6873773672454355
12,2024-12-14,0,2024-12-14,wk inc flu hosp,quantile,0.55,768.7997094608605
13,2024-12-14,0,2024-12-14,wk inc flu hosp,quantile,0.55,103.55086635975177
15,2024-12-14,0,2024-12-14,wk inc flu hosp,quantile,0.55,25.151316205736684
16,2024-12-14,0,2024-12-14,wk inc flu hosp,quantile,0.55,82.16948824533411
17,2024-12-14,0,2024-12-14,wk inc flu hosp,quantile,0.55,120.75265940985365
18,2024-12-14,0,2024-12-14,wk inc flu hosp,quantile,0.55,87.70794922407802
19,2024-12-14,0,2024-12-14,wk inc flu hosp,quantile,0.55,22.359233016810837
20,2024-12-14,0,2024-12-14,wk inc flu hosp,quantile,0.55,46.497556011632824
21,2024-12-14,0,2024-12-14,wk inc flu hosp,quantile,0.55,63.240266072443255
22,2024-12-14,0,2024-12-14,wk inc flu hosp,quantile,0.55,181.25230238372262
23,2024-12-14,0,2024-12-14,wk inc flu hosp,quantile,0.55,5.238144806226292
24,2024-12-14,0,2024-12-14,wk inc flu hosp,quantile,0.55,37.32961649453215
25,2024-12-14,0,2024-12-14,wk inc flu hosp,quantile,0.55,104.0479287640176
26,2024-12-14,0,2024-12-14,wk inc flu hosp,quantile,0.55,83.3501896495948
27,2024-12-14,0,2024-12-14,wk inc flu hosp,quantile,0.55,79.16053441842469
28,2024-12-14,0,2024-12-14,wk inc flu hosp,quantile,0.55,44.73004633928794
29,2024-12-14,0,2024-12-14,wk inc flu hosp,quantile,0.55,59.10431909945387
30,2024-12-14,0,2024-12-14,wk inc flu hosp,quantile,0.55,3.909951406996191
31,2024-12-14,0,2024-12-14,wk inc flu hosp,quantile,0.55,11.227784565466635
32,2024-12-14,0,2024-12-14,wk inc flu hosp,quantile,0.55,83.11029291178832
33,2024-12-14,0,2024-12-14,wk inc flu hosp,quantile,0.55,18.770354087605675
34,2024-12-14,0,2024-12-14,wk inc flu hosp,quantile,0.55,151.67570180779626
35,2024-12-14,0,2024-12-14,wk inc flu hosp,quantile,0.55,137.03740553901886
36,2024-12-14,0,2024-12-14,wk inc flu hosp,quantile,0.55,395.7522613668052
37,2024-12-14,0,2024-12-14,wk inc flu hosp,quantile,0.55,87.25621021447986
38,2024-12-14,0,2024-12-14,wk inc flu hosp,quantile,0.55,2.4405806777036765
39,2024-12-14,0,2024-12-14,wk inc flu hosp,quantile,0.55,114.94511457867162
40,2024-12-14,0,2024-12-14,wk inc flu hosp,quantile,0.55,40.59702680625572
41,2024-12-14,0,2024-12-14,wk inc flu hosp,quantile,0.55,101.66786471685604
42,2024-12-14,0,2024-12-14,wk inc flu hosp,quantile,0.55,201.3171648365924
44,2024-12-14,0,2024-12-14,wk inc flu hosp,quantile,0.55,10.66670988687183
45,2024-12-14,0,2024-12-14,wk inc flu hosp,quantile,0.55,53.898720201299845
46,2024-12-14,0,2024-12-14,wk inc flu hosp,quantile,0.55,2.0130141243612165
47,2024-12-14,0,2024-12-14,wk inc flu hosp,quantile,0.55,129.28020356740117
48,2024-12-14,0,2024-12-14,wk inc flu hosp,quantile,0.55,611.0790548550856
49,2024-12-14,0,2024-12-14,wk inc flu hosp,quantile,0.55,91.63305919165474
50,2024-12-14,0,2024-12-14,wk inc flu hosp,quantile,0.55,0.0
51,2024-12-14,0,2024-12-14,wk inc flu hosp,quantile,0.55,80.7101131404053
53,2024-12-14,0,2024-12-14,wk inc flu hosp,quantile,0.55,72.33591487765365
54,2024-12-14,0,2024-12-14,wk inc flu hosp,quantile,0.55,19.256359546015542
55,2024-12-14,0,2024-12-14,wk inc flu hosp,quantile,0.55,33.539442950576415
56,2024-12-14,0,2024-12-14,wk inc flu hosp,quantile,0.55,4.1202003614169875
72,2024-12-14,0,2024-12-14,wk inc flu hosp,quantile,0.55,523.9302160886745
US,2024-12-14,0,2024-12-14,wk inc flu hosp,quantile,0.55,7568.302660319796
01,2024-12-14,1,2024-12-21,wk inc flu hosp,quantile,0.55,156.56691212654317
02,2024-12-14,1,2024-12-21,wk inc flu hosp,quantile,0.55,23.378147137293002
04,2024-12-14,1,2024-12-21,wk inc flu hosp,quantile,0.55,1186.9330943858217
05,2024-12-14,1,2024-12-21,wk inc flu hosp,quantile,0.55,33.61054654524387
06,2024-12-14,1,2024-12-21,wk inc flu hosp,quantile,0.55,1512.3131119265147
08,2024-12-14,1,2024-12-21,wk inc flu hosp,quantile,0.55,160.92454608572007
09,2024-12-14,1,2024-12-21,wk inc flu hosp,quantile,0.55,29.155152192899756
10,2024-12-14,1,2024-12-21,wk inc flu hosp,quantile,0.55,28.192318619818394
11,2024-12-14,1,2024-12-21,wk inc flu hosp,quantile,0.55,1.3471194586063744
12,2024-12-14,1,2024-12-21,wk inc flu hosp,quantile,0.55,867.513449481249
13,2024-12-14,1,2024-12-21,wk inc flu hosp,quantile,0.55,125.69380255002717
15,2024-12-14,1,2024-12-21,wk inc flu hosp,quantile,0.55,28.738811574197513
16,2024-12-14,1,2024-12-21,wk inc flu hosp,quantile,0.55,100.90079854792373
17,2024-12-14,1,2024-12-21,wk inc flu hosp,quantile,0.55,142.39003291353268
18,2024-12-14,1,2024-12-21,wk inc flu hosp,quantile,0.55,115.11039206239957
19,2024-12-14,1,2024-12-21,wk inc flu hosp,quantile,0.55,31.74937408219161
20,2024-12-14,1,2024-12-21,wk inc flu hosp,quantile,0.55,62.51263818715928
21,2024-12-14,1,2024-12-21,wk inc flu hosp,quantile,0.55,82.98910484093054
22,2024-12-14,1,2024-12-21,wk inc flu hosp,quantile,0.55,208.77026864299168
23,2024-12-14,1,2024-12-21,wk inc flu hosp,quantile,0.55,8.414467067752653
24,2024-12-14,1,2024-12-21,wk inc flu hosp,quantile,0.55,49.05253057103809
25,2024-12-14,1,2024-12-21,wk inc flu hosp,quantile,0.55,129.06324835177392
26,2024-12-14,1,2024-12-21,wk inc flu hosp,quantile,0.55,91.61699051505568
27,2024-12-14,1,2024-12-21,wk inc flu hosp,quantile,0.55,103.97855098086534
28,2024-12-14,1,2024-12-21,wk inc flu hosp,quantile,0.55,47.16987956479177
29,2024-12-14,1,2024-12-21,wk inc flu hosp,quantile,0.55,66.6830234843461
30,2024-12-14,1,2024-12-21,wk inc flu hosp,quantile,0.55,5.235238775530695
31,2024-12-14,1,2024-12-21,wk inc flu hosp,quantile,0.55,13.698578909439933
32,2024-12-14,1,2024-12-21,wk inc flu hosp,quantile,0.55,95.86163149592218
33,2024-12-14,1,2024-12-21,wk inc flu hosp,quantile,0.55,20.816803101370446
34,2024-12-14,1,2024-12-21,wk inc flu hosp,quantile,0.55,202.79227192942267
35,2024-12-14,1,2024-12-21,wk inc flu hosp,quantile,0.55,182.75381870020735
36,2024-12-14,1,2024-12-21,wk inc flu hosp,quantile,0.55,559.49589416118
37,2024-12-14,1,2024-12-21,wk inc flu hosp,quantile,0.55,113.82015992364505
38,2024-12-14,1,2024-12-21,wk inc flu hosp,quantile,0.55,2.332724937233571
39,2024-12-14,1,2024-12-21,wk inc flu hosp,quantile,0.55,153.24638643245453
40,2024-12-14,1,2024-12-21,wk inc flu hosp,quantile,0.55,50.266001201430655
41,2024-12-14,1,2024-12-21,wk inc flu hosp,quantile,0.55,127.44253779414254
42,2024-12-14,1,2024-12-21,wk inc flu hosp,quantile,0.55,233.86835927709743
44,2024-12-14,1,2024-12-21,wk inc flu hosp,quantile,0.55,13.838778473466371
45,2024-12-14,1,2024-12-21,wk inc flu hosp,quantile,0.55,71.95300326464572
46,2024-12-14,1,2024-12-21,wk inc flu hosp,quantile,0.55,2.9685065146340874
47,2024-12-14,1,2024-12-21,wk inc flu hosp,quantile,0.55,148.74952685855735
48,2024-12-14,1,2024-12-21,wk inc flu hosp,quantile,0.55,751.9483687220057
49,2024-12-14,1,2024-12-21,wk inc flu hosp,quantile,0.55,119.30072010537965
50,2024-12-14,1,2024-12-21,wk inc flu hosp,quantile,0.55,0.0
51,2024-12-14,1,2024-12-21,wk inc flu hosp,quantile,0.55,105.73733072193943
53,2024-12-14,1,2024-12-21,wk inc flu hosp,quantile,0.55,92.09778291189889
54,2024-12-14,1,2024-12-21,wk inc flu hosp,quantile,0.55,24.981890674178242
55,2024-12-14,1,2024-12-21,wk inc flu hosp,quantile,0.55,42.81576806092502
56,2024-12-14,1,2024-12-21,wk inc flu hosp,quantile,0.55,3.301660349075582
72,2024-12-14,1,2024-12-21,wk inc flu hosp,quantile,0.55,599.896625019807
US,2024-12-14,1,2024-12-21,wk inc flu hosp,quantile,0.55,9454.306436148963
01,2024-12-14,2,2024-12-28,wk inc flu hosp,quantile,0.55,180.83849904504495
02,2024-12-14,2,2024-12-28,wk inc flu hosp,quantile,0.55,26.90444119497168
04,2024-12-14,2,2024-12-28,wk inc flu hosp,quantile,0.55,1203.690174308589
05,2024-12-14,2,2024-12-28,wk inc flu hosp,quantile,0.55,40.27375346727299
06,2024-12-14,2,2024-12-28,wk inc flu hosp,quantile,0.55,1649.6867095461234
08,2024-12-14,2,2024-12-28,wk inc flu hosp,quantile,0.55,193.8695828256217
09,2024-12-14,2,2024-12-28,wk inc flu hosp,quantile,0.55,40.20168905218867
10,2024-12-14,2,2024-12-28,wk inc flu hosp,quantile,0.55,34.86783708797107
11,2024-12-14,2,2024-12-28,wk inc flu hosp,quantile,0.55,0.6452491921204251
12,2024-12-14,2,2024-12-28,wk inc flu hosp,quantile,0.55,948.5580884164342
13,2024-12-14,2,2024-12-28,wk inc flu hosp,quantile,0.55,146.8500245488788
15,2024-12-14,2,2024-12-28,wk inc flu hosp,quantile,0.55,31.08766613295483
16,2024-12-14,2,2024-12-28,wk inc flu hosp,quantile,0.55,116.18176875090981
17,2024-12-14,2,2024-12-28,wk inc flu hosp,quantile,0.55,157.898799770287
18,2024-12-14,2,2024-12-28,wk inc flu hosp,quantile,0.55,146.77625346983513
19,2024-12-14,2,2024-12-28,wk inc flu hosp,quantile,0.55,41.03396252670619
20,2024-12-14,2,2024-12-28,wk inc flu hosp,quantile,0.55,80.16628685831513
21,2024-12-14,2,2024-12-28,wk inc flu hosp,quantile,0.55,104.7966809407214
22,2024-12-14,2,2024-12-28,wk inc flu hosp,quantile,0.55,227.48076614678382
23,2024-12-14,2,2024-12-28,wk inc flu hosp,quantile,0.55,12.521920302774392
24,2024-12-14,2,2024-12-28,wk inc flu hosp,quantile,0.55,62.229006881313
25,2024-12-14,2,2024-12-28,wk inc flu hosp,quantile,0.55,153.80663064833007
26,2024-12-14,2,2024-12-28,wk inc flu hosp,quantile,0.55,90.97359978586023
27,2024-12-14,2,2024-12-28,wk inc flu hosp,quantile,0.55,131.68346098857242
28,2024-12-14,2,2024-12-28,wk inc flu hosp,quantile,0.55,47.30081663812344
29,2024-12-14,2,2024-12-28,wk inc flu hosp,quantile,0.55,71.18090066971027
30,2024-12-14,2,2024-12-28,wk inc flu hosp,quantile,0.55,5.798511567202271
31,2024-12-14,2,2024-12-28,wk inc flu hosp,quantile,0.55,16.63992136594122
32,2024-12-14,2,2024-12-28,wk inc flu hosp,quantile,0.55,113.34294171822766
33,2024-12-14,2,2024-12-28,wk inc flu hosp,quantile,0.55,22.356930316043588
34,2024-12-14,2,2024-12-28,wk inc flu hosp,quantile,0.55,254.19281066804376
35,2024-12-14,2,2024-12-28,wk inc flu hosp,quantile,0.55,223.59439931109867
36,2024-12-14,2,2024-12-28,wk inc flu hosp,quantile,0.55,714.3394906607579
37,2024-12-14,2,2024-12-28,wk inc flu hosp,quantile,0.55,140.82625616820255
38,2024-12-14,2,2024-12-28,wk inc flu hosp,quantile,0.55,2.235527947115356
39,2024-12-14,2,2024-12-28,wk inc flu hosp,quantile,0.55,185.4553712178246
40,2024-12-14,2,2024-12-28,wk inc flu hosp,quantile,0.55,57.66219811478454
41,2024-12-14,2,2024-12-28,wk inc flu hosp,quantile,0.55,152.65229655576874
42,2024-12-14,2,2024-12-28,wk inc flu hosp,quantile,0.55,257.8866860579144
44,2024-12-14,2,2024-12-28,wk inc flu hosp,quantile,0.55,16.937552171317932
45,2024-12-14,2,2024-12-28,wk inc flu hosp,quantile,0.55,90.67461098172434
46,2024-12-14,2,2024-12-28,wk inc flu hosp,quantile,0.55,3.2490217127879344
47,2024-12-14,2,2024-12-28,wk inc flu hosp,quantile,0.55,157.13333481030585
48,2024-12-14,2,2024-12-28,wk inc flu hosp,quantile,0.55,888.3845243579534
49,2024-12-14,2,2024-12-28,wk inc flu hosp,quantile,0.55,142.29994286566992
50,2024-12-14,2,2024-12-28,wk inc flu hosp,quantile,0.55,0.0
51,2024-12-14,2,2024-12-28,wk inc flu hosp,quantile,0.55,131.1649091061598
53,2024-12-14,2,2024-12-28,wk inc flu hosp,quantile,0.55,107.9263470494331
54,2024-12-14,2,2024-12-28,wk inc flu hosp,quantile,0.55,29.773459766734767
55,2024-12-14,2,2024-12-28,wk inc flu hosp,quantile,0.55,48.67552700627127
56,2024-12-14,2,2024-12-28,wk inc flu hosp,quantile,0.55,2.4276981221020106
72,2024-12-14,2,2024-12-28,wk inc flu hosp,quantile,0.55,651.8517581132937
US,2024-12-14,2,2024-12-28,wk inc flu hosp,quantile,0.55,11203.113969507425
01,2024-12-14,3,2025-01-04,wk inc flu hosp,quantile,0.55,203.60478974907969
02,2024-12-14,3,2025-01-04,wk inc flu hosp,quantile,0.55,26.550278408031257
04,2024-12-14,3,2025-01-04,wk inc flu hosp,quantile,0.55,1173.4612671466227
05,2024-12-14,3,2025-01-04,wk inc flu hosp,quantile,0.55,44.062235472687505
06,2024-12-14,3,2025-01-04,wk inc flu hosp,quantile,0.55,1699.3682925646415
08,2024-12-14,3,2025-01-04,wk inc flu hosp,quantile,0.55,214.24836219089923
09,2024-12-14,3,2025-01-04,wk inc flu hosp,quantile,0.55,51.883888290532596
10,2024-12-14,3,2025-01-04,wk inc flu hosp,quantile,0.55,39.09298171589008
11,2024-12-14,3,2025-01-04,wk inc flu hosp,quantile,0.55,0.3469686361973099
12,2024-12-14,3,2025-01-04,wk inc flu hosp,quantile,0.55,1027.6434866787783
13,2024-12-14,3,2025-01-04,wk inc flu hosp,quantile,0.55,175.48107653444995
15,2024-12-14,3,2025-01-04,wk inc flu hosp,quantile,0.55,33.27621989787291
16,2024-12-14,3,2025-01-04,wk inc flu hosp,quantile,0.55,124.97339603928086
17,2024-12-14,3,2025-01-04,wk inc flu hosp,quantile,0.55,166.6023652469545
18,2024-12-14,3,2025-01-04,wk inc flu hosp,quantile,0.55,174.38018267810696
19,2024-12-14,3,2025-01-04,wk inc flu hosp,quantile,0.55,47.03229069561382
20,2024-12-14,3,2025-01-04,wk inc flu hosp,quantile,0.55,94.48611344133003
21,2024-12-14,3,2025-01-04,wk inc flu hosp,quantile,0.55,122.30623407053604
22,2024-12-14,3,2025-01-04,wk inc flu hosp,quantile,0.55,238.60586454972915
23,2024-12-14,3,2025-01-04,wk inc flu hosp,quantile,0.55,15.81978313897263
24,2024-12-14,3,2025-01-04,wk inc flu hosp,quantile,0.55,75.46371993460359
25,2024-12-14,3,2025-01-04,wk inc flu hosp,quantile,0.55,173.02728768394823
26,2024-12-14,3,2025-01-04,wk inc flu hosp,quantile,0.55,94.42753143618322
27,2024-12-14,3,2025-01-04,wk inc flu hosp,quantile,0.55,151.5779851788293
28,2024-12-14,3,2025-01-04,wk inc flu hosp,quantile,0.55,48.38895957935534
29,2024-12-14,3,2025-01-04,wk inc flu hosp,quantile,0.55,74.9549372497823
30,2024-12-14,3,2025-01-04,wk inc flu hosp,quantile,0.55,6.449270188173488
31,2024-12-14,3,2025-01-04,wk inc flu hosp,quantile,0.55,19.346060675112483
32,2024-12-14,3,2025-01-04,wk inc flu hosp,quantile,0.55,125.0034395552494
33,2024-12-14,3,2025-01-04,wk inc flu hosp,quantile,0.55,22.647596896378513
34,2024-12-14,3,2025-01-04,wk inc flu hosp,quantile,0.55,295.85439821366754
35,2024-12-14,3,2025-01-04,wk inc flu hosp,quantile,0.55,246.93264299186907
36,2024-12-14,3,2025-01-04,wk inc flu hosp,quantile,0.55,828.8532463701117
37,2024-12-14,3,2025-01-04,wk inc flu hosp,quantile,0.55,162.7226520975137
38,2024-12-14,3,2025-01-04,wk inc flu hosp,quantile,0.55,2.0859875869972675
39,2024-12-14,3,2025-01-04,wk inc flu hosp,quantile,0.55,207.69349177160834
40,2024-12-14,3,2025-01-04,wk inc flu hosp,quantile,0.55,62.890696612402564
41,2024-12-14,3,2025-01-04,wk inc flu hosp,quantile,0.55,173.7997459456823
42,2024-12-14,3,2025-01-04,wk inc flu hosp,quantile,0.55,267.3655559165085
44,2024-12-14,3,2025-01-04,wk inc flu hosp,quantile,0.55,18.88561430106708
45,2024-12-14,3,2025-01-04,wk inc flu hosp,quantile,0.55,103.68254571846406
46,2024-12-14,3,2025-01-04,wk inc flu hosp,quantile,0.55,2.9919519948216142
47,2024-12-14,3,2025-01-04,wk inc flu hosp,quantile,0.55,159.66800729642134
48,2024-12-14,3,2025-01-04,wk inc flu hosp,quantile,0.55,1035.5896571652447
49,2024-12-14,3,2025-01-04,wk inc flu hosp,quantile,0.55,155.61022212073198
50,2024-12-14,3,2025-01-04,wk inc flu hosp,quantile,0.55,0.0
51,2024-12-14,3,2025-01-04,wk inc flu hosp,quantile,0.55,154.38200172021845
53,2024-12-14,3,2025-01-04,wk inc flu hosp,quantile,0.55,123.31035107757823
54,2024-12-14,3,2025-01-04,wk inc flu hosp,quantile,0.55,33.68666434094974
55,2024-12-14,3,2025-01-04,wk inc flu hosp,quantile,0.55,57.22154787059856
56,2024-12-14,3,2025-01-04,wk inc flu hosp,quantile,0.55,1.8779429793608349
72,2024-12-14,3,2025-01-04,wk inc flu hosp,quantile,0.55,650.4671888697839
US,2024-12-14,3,2025-01-04,wk inc flu hosp,quantile,0.55,12869.539458480831
01,2024-12-14,0,2024-12-14,wk inc flu hosp,quantile,0.6,132.28765862917618
02,2024-12-14,0,2024-12-14,wk inc flu hosp,quantile,0.6,19.545769622828963
04,2024-12-14,0,2024-12-14,wk inc flu hosp,quantile,0.6,1086.6106728646773
05,2024-12-14,0,2024-12-14,wk inc flu hosp,quantile,0.6,27.22896674162418
06,2024-12-14,0,2024-12-14,wk inc flu hosp,quantile,0.6,1216.307600773337
08,2024-12-14,0,2024-12-14,wk inc flu hosp,quantile,0.6,126.29779165275073
09,2024-12-14,0,2024-12-14,wk inc flu hosp,quantile,0.6,19.860645380429816
10,2024-12-14,0,2024-12-14,wk inc flu hosp,quantile,0.6,23.193539281179206
11,2024-12-14,0,2024-12-14,wk inc flu hosp,quantile,0.6,1.9170297691673353
12,2024-12-14,0,2024-12-14,wk inc flu hosp,quantile,0.6,775.5699975851263
13,2024-12-14,0,2024-12-14,wk inc flu hosp,quantile,0.6,107.37665025707517
15,2024-12-14,0,2024-12-14,wk inc flu hosp,quantile,0.6,26.33543382743395
16,2024-12-14,0,2024-12-14,wk inc flu hosp,quantile,0.6,84.63495229063712
17,2024-12-14,0,2024-12-14,wk inc flu hosp,quantile,0.6,120.77666887864491
18,2024-12-14,0,2024-12-14,wk inc flu hosp,quantile,0.6,87.78361260105005
19,2024-12-14,0,2024-12-14,wk inc flu hosp,quantile,0.6,22.877205717822534
20,2024-12-14,0,2024-12-14,wk inc flu hosp,quantile,0.6,46.55378923335107
21,2024-12-14,0,2024-12-14,wk inc flu hosp,quantile,0.6,63.74833374504635
22,2024-12-14,0,2024-12-14,wk inc flu hosp,quantile,0.6,184.83637493480808
23,2024-12-14,0,2024-12-14,wk inc flu hosp,quantile,0.6,5.405669704001234
24,2024-12-14,0,2024-12-14,wk inc flu hosp,quantile,0.6,37.432363532238604
25,2024-12-14,0,2024-12-14,wk inc flu hosp,quantile,0.6,108.88333077548437
26,2024-12-14,0,2024-12-14,wk inc flu hosp,quantile,0.6,85.44740082134427
27,2024-12-14,0,2024-12-14,wk inc flu hosp,quantile,0.6,81.22660492191733
28,2024-12-14,0,2024-12-14,wk inc flu hosp,quantile,0.6,44.85115691854725
29,2024-12-14,0,2024-12-14,wk inc flu hosp,quantile,0.6,60.665586269333986
30,2024-12-14,0,2024-12-14,wk inc flu hosp,quantile,0.6,4.3908109678760585
31,2024-12-14,0,2024-12-14,wk inc flu hosp,quantile,0.6,11.830879141514643
32,2024-12-14,0,2024-12-14,wk inc flu hosp,quantile,0.6,83.94221077222305
33,2024-12-14,0,2024-12-14,wk inc flu hosp,quantile,0.6,19.24860511781389
34,2024-12-14,0,2024-12-14,wk inc flu hosp,quantile,0.6,154.39928866782648
35,2024-12-14,0,2024-12-14,wk inc flu hosp,quantile,0.6,141.47915335264892
36,2024-12-14,0,2024-12-14,wk inc flu hosp,quantile,0.6,400.31520420618074
37,2024-12-14,0,2024-12-14,wk inc flu hosp,quantile,0.6,89.27965657157996
38,2024-12-14,0,2024-12-14,wk inc flu hosp,quantile,0.6,2.690630231344097
39,2024-12-14,0,2024-12-14,wk inc flu hosp,quantile,0.6,116.23342434669745
40,2024-12-14,0,2024-12-14,wk inc flu hosp,quantile,0.6,41.6476316603673
41,2024-12-14,0,2024-12-14,wk inc flu hosp,quantile,0.6,103.28547511849818
42,2024-12-14,0,2024-12-14,wk inc flu hosp,quantile,0.6,206.0725885808428
44,2024-12-14,0,2024-12-14,wk inc flu hosp,quantile,0.6,10.76954164390835
45,2024-12-14,0,2024-12-14,wk inc flu hosp,quantile,0.6,55.30821318915255
46,2024-12-14,0,2024-12-14,wk inc flu hosp,quantile,0.6,2.1254830472734194
47,2024-12-14,0,2024-12-14,wk inc flu hosp,quantile,0.6,132.92709503671608
48,2024-12-14,0,2024-12-14,wk inc flu hosp,quantile,0.6,616.956622115757
49,2024-12-14,0,2024-12-14,wk inc flu hosp,quantile,0.6,93.0511679498554
50,2024-12-14,0,2024-12-14,wk inc flu hosp,quantile,0.6,0.0
51,2024-12-14,0,2024-12-14,wk inc flu hosp,quantile,0.6,80.73414687632538
53,2024-12-14,0,2024-12-14,wk inc flu hosp,quantile,0.6,73.29199205113696
54,2024-12-14,0,2024-12-14,wk inc flu hosp,quantile,0.6,20.29523035095857
55,2024-12-14,0,2024-12-14,wk inc flu hosp,quantile,0.6,34.31488928939109
56,2024-12-14,0,2024-12-14,wk inc flu hosp,quantile,0.6,4.289888252383142
72,2024-12-14,0,2024-12-14,wk inc flu hosp,quantile,0.6,532.2834634456555
US,2024-12-14,0,2024-12-14,wk inc flu hosp,quantile,0.6,7594.981863592871
01,2024-12-14,1,2024-12-21,wk inc flu hosp,quantile,0.6,160.40121538067189
02,2024-12-14,1,2024-12-21,wk inc flu hosp,quantile,0.6,24.185435552092926
04,2024-12-14,1,2024-12-21,wk inc flu hosp,quantile,0.6,1226.6361883666789
05,2024-12-14,1,2024-12-21,wk inc flu hosp,quantile,0.6,33.809158269274
06,2024-12-14,1,2024-12-21,wk inc flu hosp,quantile,0.6,1532.8060186243436
08,2024-12-14,1,2024-12-21,wk inc flu hosp,quantile,0.6,164.61061937817487
09,2024-12-14,1,2024-12-21,wk inc flu hosp,quantile,0.6,29.659080561524117
10,2024-12-14,1,2024-12-21,wk inc flu hosp,quantile,0.6,29.75934090187056
11,2024-12-14,1,2024-12-21,wk inc flu hosp,quantile,0.6,1.639993185273815
12,2024-12-14,1,2024-12-21,wk inc flu hosp,quantile,0.6,868.7817070053021
13,2024-12-14,1,2024-12-21,wk inc flu hosp,quantile,0.6,125.73511276557542
15,2024-12-14,1,2024-12-21,wk inc flu hosp,quantile,0.6,29.921717422989012
16,2024-12-14,1,2024-12-21,wk inc flu hosp,quantile,0.6,103.49884302111694
17,2024-12-14,1,2024-12-21,wk inc flu hosp,quantile,0.6,144.43591925293765
18,2024-12-14,1,2024-12-21,wk inc flu hosp,quantile,0.6,115.82855931519494
19,2024-12-14,1,2024-12-21,wk inc flu hosp,quantile,0.6,32.817452512123346
20,2024-12-14,1,2024-12-21,wk inc flu hosp,quantile,0.6,62.96692752712185
21,2024-12-14,1,2024-12-21,wk inc flu hosp,quantile,0.6,84.49538151449114
22,2024-12-14,1,2024-12-21,wk inc flu hosp,quantile,0.6,211.78141281718314
23,2024-12-14,1,2024-12-21,wk inc flu hosp,quantile,0.6,8.486139385387126
24,2024-12-14,1,2024-12-21,wk inc flu hosp,quantile,0.6,49.41068734591973
25,2024-12-14,1,2024-12-21,wk inc flu hosp,quantile,0.6,132.08902467606075
26,2024-12-14,1,2024-12-21,wk inc flu hosp,quantile,0.6,92.1891076016034
27,2024-12-14,1,2024-12-21,wk inc flu hosp,quantile,0.6,109.51844994825083
28,2024-12-14,1,2024-12-21,wk inc flu hosp,quantile,0.6,47.501433036126066
29,2024-12-14,1,2024-12-21,wk inc flu hosp,quantile,0.6,67.33135581546921
30,2024-12-14,1,2024-12-21,wk inc flu hosp,quantile,0.6,5.341688548401828
31,2024-12-14,1,2024-12-21,wk inc flu hosp,quantile,0.6,13.705364928021387
32,2024-12-14,1,2024-12-21,wk inc flu hosp,quantile,0.6,97.42288436797965
33,2024-12-14,1,2024-12-21,wk inc flu hosp,quantile,0.6,21.090242192910154
34,2024-12-14,1,2024-12-21,wk inc flu hosp,quantile,0.6,203.66236820239064
35,2024-12-14,1,2024-12-21,wk inc flu hosp,quantile,0.6,187.451346617129
36,2024-12-14,1,2024-12-21,wk inc flu hosp,quantile,0.6,568.5854629942186
37,2024-12-14,1,2024-12-21,wk inc flu hosp,quantile,0.6,114.79390604301088
38,2024-12-14,1,2024-12-21,wk inc flu hosp,quantile,0.6,2.697054940097627
39,2024-12-14,1,2024-12-21,wk inc flu hosp,quantile,0.6,154.3477961161695
40,2024-12-14,1,2024-12-21,wk inc flu hosp,quantile,0.6,51.03084628595686
41,2024-12-14,1,2024-12-21,wk inc flu hosp,quantile,0.6,129.33491802866618
42,2024-12-14,1,2024-12-21,wk inc flu hosp,quantile,0.6,234.5798262019202
44,2024-12-14,1,2024-12-21,wk inc flu hosp,quantile,0.6,14.36125711558782
45,2024-12-14,1,2024-12-21,wk inc flu hosp,quantile,0.6,73.71011765407596
46,2024-12-14,1,2024-12-21,wk inc flu hosp,quantile,0.6,2.9947939891816677
47,2024-12-14,1,2024-12-21,wk inc flu hosp,quantile,0.6,149.74058980061824
48,2024-12-14,1,2024-12-21,wk inc flu hosp,quantile,0.6,756.693900891051
49,2024-12-14,1,2024-12-21,wk inc flu hosp,quantile,0.6,121.63712491725545
50,2024-12-14,1,2024-12-21,wk inc flu hosp,quantile,0.6,0.0
51,2024-12-14,1,2024-12-21,wk inc flu hosp,quantile,0.6,106.24771530177505
53,2024-12-14,1,2024-12-21,wk inc flu hosp,quantile,0.6,92.30410985654062
54,2024-12-14,1,2024-12-21,wk inc flu hosp,quantile,0.6,25.37406658951112
55,2024-12-14,1,2024-12-21,wk inc flu hosp,quantile,0.6,43.536139541556025
56,2024-12-14,1,2024-12-21,wk inc flu hosp,quantile,0.6,3.3156271755965783
72,2024-12-14,1,2024-12-21,wk inc flu hosp,quantile,0.6,618.6136130279029
US,2024-12-14,1,2024-12-21,wk inc flu hosp,quantile,0.6,9501.325694254736
01,2024-12-14,2,2024-12-28,wk inc flu hosp,quantile,0.6,183.13147789309633
02,2024-12-14,2,2024-12-28,wk inc flu hosp,quantile,0.6,27.454702330336023
04,2024-12-14,2,2024-12-28,wk inc flu hosp,quantile,0.6,1233.6564876127477
05,2024-12-14,2,2024-12-28,wk inc flu hosp,quantile,0.6,40.49155300360013
06,2024-12-14,2,2024-12-28,wk inc flu hosp,quantile,0.6,1653.7662727488073
08,2024-12-14,2,2024-12-28,wk inc flu hosp,quantile,0.6,202.7490676907054
09,2024-12-14,2,2024-12-28,wk inc flu hosp,quantile,0.6,40.607141527046
10,2024-12-14,2,2024-12-28,wk inc flu hosp,quantile,0.6,36.349263141951134
11,2024-12-14,2,2024-12-28,wk inc flu hosp,quantile,0.6,1.0212128401134453
12,2024-12-14,2,2024-12-28,wk inc flu hosp,quantile,0.6,959.5357155053495
13,2024-12-14,2,2024-12-28,wk inc flu hosp,quantile,0.6,151.60177107287242
15,2024-12-14,2,2024-12-28,wk inc flu hosp,quantile,0.6,31.858072735318206
16,2024-12-14,2,2024-12-28,wk inc flu hosp,quantile,0.6,116.94358654098204
17,2024-12-14,2,2024-12-28,wk inc flu hosp,quantile,0.6,158.7360952720488
18,2024-12-14,2,2024-12-28,wk inc flu hosp,quantile,0.6,148.3958955225165
19,2024-12-14,2,2024-12-28,wk inc flu hosp,quantile,0.6,41.504910438964906
20,2024-12-14,2,2024-12-28,wk inc flu hosp,quantile,0.6,81.19881362044546
21,2024-12-14,2,2024-12-28,wk inc flu hosp,quantile,0.6,106.41305500000742
22,2024-12-14,2,2024-12-28,wk inc flu hosp,quantile,0.6,229.206164914109
23,2024-12-14,2,2024-12-28,wk inc flu hosp,quantile,0.6,12.711586342357721
24,2024-12-14,2,2024-12-28,wk inc flu hosp,quantile,0.6,63.19890108409534
25,2024-12-14,2,2024-12-28,wk inc flu hosp,quantile,0.6,154.74931420547028
26,2024-12-14,2,2024-12-28,wk inc flu hosp,quantile,0.6,91.34448156824645
27,2024-12-14,2,2024-12-28,wk inc flu hosp,quantile,0.6,134.5539264019555
28,2024-12-14,2,2024-12-28,wk inc flu hosp,quantile,0.6,47.6437230324058
29,2024-12-14,2,2024-12-28,wk inc flu hosp,quantile,0.6,71.44121932703425
30,2024-12-14,2,2024-12-28,wk inc flu hosp,quantile,0.6,5.999691423576286
31,2024-12-14,2,2024-12-28,wk inc flu hosp,quantile,0.6,16.677589979077812
32,2024-12-14,2,2024-12-28,wk inc flu hosp,quantile,0.6,114.05671306713019
33,2024-12-14,2,2024-12-28,wk inc flu hosp,quantile,0.6,22.994767444106568
34,2024-12-14,2,2024-12-28,wk inc flu hosp,quantile,0.6,261.09600914314217
35,2024-12-14,2,2024-12-28,wk inc flu hosp,quantile,0.6,231.53637640525963
36,2024-12-14,2,2024-12-28,wk inc flu hosp,quantile,0.6,717.0247949237777
37,2024-12-14,2,2024-12-28,wk inc flu hosp,quantile,0.6,141.175913358915
38,2024-12-14,2,2024-12-28,wk inc flu hosp,quantile,0.6,2.313952862867668
39,2024-12-14,2,2024-12-28,wk inc flu hosp,quantile,0.6,188.06252316921368
40,2024-12-14,2,2024-12-28,wk inc flu hosp,quantile,0.6,59.21285743007712
41,2024-12-14,2,2024-12-28,wk inc flu hosp,quantile,0.6,153.58476154862086
42,2024-12-14,2,2024-12-28,wk inc flu hosp,quantile,0.6,263.7748765232555
44,2024-12-14,2,2024-12-28,wk inc flu hosp,quantile,0.6,17.291685658001256
45,2024-12-14,2,2024-12-28,wk inc flu hosp,quantile,0.6,92.69893198246484
46,2024-12-14,2,2024-12-28,wk inc flu hosp,quantile,0.6,3.348530488716262
47,2024-12-14,2,2024-12-28,wk inc flu hosp,quantile,0.6,159.4502692248117
48,2024-12-14,2,2024-12-28,wk inc flu hosp,quantile,0.6,895.5520329503356
49,2024-12-14,2,2024-12-28,wk inc flu hosp,quantile,0.6,147.15628818317947
50,2024-12-14,2,2024-12-28,wk inc flu hosp,quantile,0.6,0.0
51,2024-12-14,2,2024-12-28,wk inc flu hosp,quantile,0.6,131.2495325479688
53,2024-12-14,2,2024-12-28,wk inc flu hosp,quantile,0.6,108.08281422922518
54,2024-12-14,2,2024-12-28,wk inc flu hosp,quantile,0.6,30.694997150065806
55,2024-12-14,2,2024-12-28,wk inc flu hosp,quantile,0.6,49.15995049384511
56,2024-12-14,2,2024-12-28,wk inc flu hosp,quantile,0.6,2.4325250087216195
72,2024-12-14,2,2024-12-28,wk inc flu hosp,quantile,0.6,671.5080964654024
US,2024-12-14,2,2024-12-28,wk inc flu hosp,quantile,0.6,11210.29628141664
01,2024-12-14,3,2025-01-04,wk inc flu hosp,quantile,0.6,209.61397012780319
02,2024-12-14,3,2025-01-04,wk inc flu hosp,quantile,0.6,27.096376527227452
04,2024-12-14,3,2025-01-04,wk inc flu hosp,quantile,0.6,1180.1895245430374
05,2024-12-14,3,2025-01-04,wk inc flu hosp,quantile,0.6,44.115518710138
06,2024-12-14,3,2025-01-04,wk inc flu hosp,quantile,0.6,1739.3787055413018
08,2024-12-14,3,2025-01-04,wk inc flu hosp,quantile,0.6,220.64209122287895
09,2024-12-14,3,2025-01-04,wk inc flu hosp,quantile,0.6,52.48563950976277
10,2024-12-14,3,2025-01-04,wk inc flu hosp,quantile,0.6,41.3335498631325
11,2024-12-14,3,2025-01-04,wk inc flu hosp,quantile,0.6,0.5408993249998749
12,2024-12-14,3,2025-01-04,wk inc flu hosp,quantile,0.6,1029.325753102104
13,2024-12-14,3,2025-01-04,wk inc flu hosp,quantile,0.6,176.6022847848188
15,2024-12-14,3,2025-01-04,wk inc flu hosp,quantile,0.6,34.4395375445664
16,2024-12-14,3,2025-01-04,wk inc flu hosp,quantile,0.6,125.60368611031129
17,2024-12-14,3,2025-01-04,wk inc flu hosp,quantile,0.6,170.90063954610082
18,2024-12-14,3,2025-01-04,wk inc flu hosp,quantile,0.6,176.7084774452792
19,2024-12-14,3,2025-01-04,wk inc flu hosp,quantile,0.6,47.71938001834066
20,2024-12-14,3,2025-01-04,wk inc flu hosp,quantile,0.6,96.01673811601651
21,2024-12-14,3,2025-01-04,wk inc flu hosp,quantile,0.6,125.98163176242133
22,2024-12-14,3,2025-01-04,wk inc flu hosp,quantile,0.6,242.3121013431137
23,2024-12-14,3,2025-01-04,wk inc flu hosp,quantile,0.6,16.43979047248564
24,2024-12-14,3,2025-01-04,wk inc flu hosp,quantile,0.6,78.06013566726536
25,2024-12-14,3,2025-01-04,wk inc flu hosp,quantile,0.6,175.2659811047926
26,2024-12-14,3,2025-01-04,wk inc flu hosp,quantile,0.6,96.1997371083062
27,2024-12-14,3,2025-01-04,wk inc flu hosp,quantile,0.6,157.84100889660206
28,2024-12-14,3,2025-01-04,wk inc flu hosp,quantile,0.6,48.80872984961544
29,2024-12-14,3,2025-01-04,wk inc flu hosp,quantile,0.6,75.27832064645618
30,2024-12-14,3,2025-01-04,wk inc flu hosp,quantile,0.6,6.841583929991526
31,2024-12-14,3,2025-01-04,wk inc flu hosp,quantile,0.6,19.412427627143074
32,2024-12-14,3,2025-01-04,wk inc flu hosp,quantile,0.6,129.84966443369254
33,2024-12-14,3,2025-01-04,wk inc flu hosp,quantile,0.6,23.139299717674866
34,2024-12-14,3,2025-01-04,wk inc flu hosp,quantile,0.6,303.12283789280946
35,2024-12-14,3,2025-01-04,wk inc flu hosp,quantile,0.6,258.27280959270547
36,2024-12-14,3,2025-01-04,wk inc flu hosp,quantile,0.6,839.7563332806711
37,2024-12-14,3,2025-01-04,wk inc flu hosp,quantile,0.6,168.6136874962568
38,2024-12-14,3,2025-01-04,wk inc flu hosp,quantile,0.6,2.1240497992716936
39,2024-12-14,3,2025-01-04,wk inc flu hosp,quantile,0.6,213.59679709749517
40,2024-12-14,3,2025-01-04,wk inc flu hosp,quantile,0.6,65.23325480125673
41,2024-12-14,3,2025-01-04,wk inc flu hosp,quantile,0.6,179.22737763171781
42,2024-12-14,3,2025-01-04,wk inc flu hosp,quantile,0.6,268.0878306185082
44,2024-12-14,3,2025-01-04,wk inc flu hosp,quantile,0.6,19.58732974816881
45,2024-12-14,3,2025-01-04,wk inc flu hosp,quantile,0.6,104.28681958623011
46,2024-12-14,3,2025-01-04,wk inc flu hosp,quantile,0.6,3.024800745395296
47,2024-12-14,3,2025-01-04,wk inc flu hosp,quantile,0.6,159.8896674883603
48,2024-12-14,3,2025-01-04,wk inc flu hosp,quantile,0.6,1050.3321883140966
49,2024-12-14,3,2025-01-04,wk inc flu hosp,quantile,0.6,160.44224017611876
50,2024-12-14,3,2025-01-04,wk inc flu hosp,quantile,0.6,0.0
51,2024-12-14,3,2025-01-04,wk inc flu hosp,quantile,0.6,154.99247061664502
53,2024-12-14,3,2025-01-04,wk inc flu hosp,quantile,0.6,123.4903641316895
54,2024-12-14,3,2025-01-04,wk inc flu hosp,quantile,0.6,34.30585286340671
55,2024-12-14,3,2025-01-04,wk inc flu hosp,quantile,0.6,57.49421222093327
56,2024-12-14,3,2025-01-04,wk inc flu hosp,quantile,0.6,1.9527747044486587
72,2024-12-14,3,2025-01-04,wk inc flu hosp,quantile,0.6,677.5085109378441
US,2024-12-14,3,2025-01-04,wk inc flu hosp,quantile,0.6,13001.545171039872
01,2024-12-14,0,2024-12-14,wk inc flu hosp,quantile,0.65,136.93939325242084
02,2024-12-14,0,2024-12-14,wk inc flu hosp,quantile,0.65,20.680906101889207
04,2024-12-14,0,2024-12-14,wk inc flu hosp,quantile,0.65,1087.9575259465494
05,2024-12-14,0,2024-12-14,wk inc flu hosp,quantile,0.65,27.39225913954982
06,2024-12-14,0,2024-12-14,wk inc flu hosp,quantile,0.65,1218.8189556659725
08,2024-12-14,0,2024-12-14,wk inc flu hosp,quantile,0.65,128.91672568051592
09,2024-12-14,0,2024-12-14,wk inc flu hosp,quantile,0.65,19.943771074976528
10,2024-12-14,0,2024-12-14,wk inc flu hosp,quantile,0.65,23.800029009281438
11,2024-12-14,0,2024-12-14,wk inc flu hosp,quantile,0.65,2.0289867958205736
12,2024-12-14,0,2024-12-14,wk inc flu hosp,quantile,0.65,783.8548508546361
13,2024-12-14,0,2024-12-14,wk inc flu hosp,quantile,0.65,107.75631049325807
15,2024-12-14,0,2024-12-14,wk inc flu hosp,quantile,0.65,27.340823684230173
16,2024-12-14,0,2024-12-14,wk inc flu hosp,quantile,0.65,87.7129923772452
17,2024-12-14,0,2024-12-14,wk inc flu hosp,quantile,0.65,121.61002859027535
18,2024-12-14,0,2024-12-14,wk inc flu hosp,quantile,0.65,88.95134366171563
19,2024-12-14,0,2024-12-14,wk inc flu hosp,quantile,0.65,24.142975464675636
20,2024-12-14,0,2024-12-14,wk inc flu hosp,quantile,0.65,47.09578518936921
21,2024-12-14,0,2024-12-14,wk inc flu hosp,quantile,0.65,66.37710244978167
22,2024-12-14,0,2024-12-14,wk inc flu hosp,quantile,0.65,191.07281887260203
23,2024-12-14,0,2024-12-14,wk inc flu hosp,quantile,0.65,5.416541201117202
24,2024-12-14,0,2024-12-14,wk inc flu hosp,quantile,0.65,38.611953192637024
25,2024-12-14,0,2024-12-14,wk inc flu hosp,quantile,0.65,109.60720122459097
26,2024-12-14,0,2024-12-14,wk inc flu hosp,quantile,0.65,86.02671252336758
27,2024-12-14,0,2024-12-14,wk inc flu hosp,quantile,0.65,84.95324605523406
28,2024-12-14,0,2024-12-14,wk inc flu hosp,quantile,0.65,45.25376618579642
29,2024-12-14,0,2024-12-14,wk inc flu hosp,quantile,0.65,60.90696319973465
30,2024-12-14,0,2024-12-14,wk inc flu hosp,quantile,0.65,4.462699125896692
31,2024-12-14,0,2024-12-14,wk inc flu hosp,quantile,0.65,11.875063728144601
32,2024-12-14,0,2024-12-14,wk inc flu hosp,quantile,0.65,84.78404779806131
33,2024-12-14,0,2024-12-14,wk inc flu hosp,quantile,0.65,19.361482293589955
34,2024-12-14,0,2024-12-14,wk inc flu hosp,quantile,0.65,160.56375971697312
35,2024-12-14,0,2024-12-14,wk inc flu hosp,quantile,0.65,141.6246634232989
36,2024-12-14,0,2024-12-14,wk inc flu hosp,quantile,0.65,408.84558236092255
37,2024-12-14,0,2024-12-14,wk inc flu hosp,quantile,0.65,91.5780783267537
38,2024-12-14,0,2024-12-14,wk inc flu hosp,quantile,0.65,2.8453713854209557
39,2024-12-14,0,2024-12-14,wk inc flu hosp,quantile,0.65,117.59202196975194
40,2024-12-14,0,2024-12-14,wk inc flu hosp,quantile,0.65,42.56278571003053
41,2024-12-14,0,2024-12-14,wk inc flu hosp,quantile,0.65,107.44809375273915
42,2024-12-14,0,2024-12-14,wk inc flu hosp,quantile,0.65,209.9039695212981
44,2024-12-14,0,2024-12-14,wk inc flu hosp,quantile,0.65,11.324057665749088
45,2024-12-14,0,2024-12-14,wk inc flu hosp,quantile,0.65,58.16772401484809
46,2024-12-14,0,2024-12-14,wk inc flu hosp,quantile,0.65,2.2448498667424692
47,2024-12-14,0,2024-12-14,wk inc flu hosp,quantile,0.65,135.76366797724924
48,2024-12-14,0,2024-12-14,wk inc flu hosp,quantile,0.65,635.9641890013622
49,2024-12-14,0,2024-12-14,wk inc flu hosp,quantile,0.65,93.92633769614672
50,2024-12-14,0,2024-12-14,wk inc flu hosp,quantile,0.65,0.0
51,2024-12-14,0,2024-12-14,wk inc flu hosp,quantile,0.65,80.8356440057109
53,2024-12-14,0,2024-12-14,wk inc flu hosp,quantile,0.65,74.85041628569199
54,2024-12-14,0,2024-12-14,wk inc flu hosp,quantile,0.65,21.120589549821933
55,2024-12-14,0,2024-12-14,wk inc flu hosp,quantile,0.65,34.55367903547663
56,2024-12-14,0,2024-12-14,wk inc flu hosp,quantile,0.65,4.349302323887125
72,2024-12-14,0,2024-12-14,wk inc flu hosp,quantile,0.65,548.500355732207
US,2024-12-14,0,2024-12-14,wk inc flu hosp,quantile,0.65,7834.969316943025
01,2024-12-14,1,2024-12-21,wk inc flu hosp,quantile,0.65,165.7089795131826
02,2024-12-14,1,2024-12-21,wk inc flu hosp,quantile,0.65,25.069356995788286
04,2024-12-14,1,2024-12-21,wk inc flu hosp,quantile,0.65,1249.5681389722504
05,2024-12-14,1,2024-12-21,wk inc flu hosp,quantile,0.65,34.152604569763
06,2024-12-14,1,2024-12-21,wk inc flu hosp,quantile,0.65,1534.8208087192224
08,2024-12-14,1,2024-12-21,wk inc flu hosp,quantile,0.65,169.4278814255954
09,2024-12-14,1,2024-12-21,wk inc flu hosp,quantile,0.65,30.59594212265072
10,2024-12-14,1,2024-12-21,wk inc flu hosp,quantile,0.65,31.113725356403258
11,2024-12-14,1,2024-12-21,wk inc flu hosp,quantile,0.65,1.667019298116149
12,2024-12-14,1,2024-12-21,wk inc flu hosp,quantile,0.65,869.4534734694956
13,2024-12-14,1,2024-12-21,wk inc flu hosp,quantile,0.65,126.55267565465412
15,2024-12-14,1,2024-12-21,wk inc flu hosp,quantile,0.65,31.286019897244653
16,2024-12-14,1,2024-12-21,wk inc flu hosp,quantile,0.65,105.45611671638953
17,2024-12-14,1,2024-12-21,wk inc flu hosp,quantile,0.65,146.0728188182655
18,2024-12-14,1,2024-12-21,wk inc flu hosp,quantile,0.65,118.64961527726314
19,2024-12-14,1,2024-12-21,wk inc flu hosp,quantile,0.65,33.234193080687476
20,2024-12-14,1,2024-12-21,wk inc flu hosp,quantile,0.65,64.41580698267045
21,2024-12-14,1,2024-12-21,wk inc flu hosp,quantile,0.65,84.85373638638953
22,2024-12-14,1,2024-12-21,wk inc flu hosp,quantile,0.65,215.76468658899887
23,2024-12-14,1,2024-12-21,wk inc flu hosp,quantile,0.65,8.849660193423988
24,2024-12-14,1,2024-12-21,wk inc flu hosp,quantile,0.65,49.77737285475594
25,2024-12-14,1,2024-12-21,wk inc flu hosp,quantile,0.65,137.57581879809243
26,2024-12-14,1,2024-12-21,wk inc flu hosp,quantile,0.65,92.27334668003724
27,2024-12-14,1,2024-12-21,wk inc flu hosp,quantile,0.65,110.3893241764467
28,2024-12-14,1,2024-12-21,wk inc flu hosp,quantile,0.65,51.15846045264119
29,2024-12-14,1,2024-12-21,wk inc flu hosp,quantile,0.65,67.85219790005843
30,2024-12-14,1,2024-12-21,wk inc flu hosp,quantile,0.65,5.497748321525564
31,2024-12-14,1,2024-12-21,wk inc flu hosp,quantile,0.65,13.901392652402476
32,2024-12-14,1,2024-12-21,wk inc flu hosp,quantile,0.65,97.76026741866417
33,2024-12-14,1,2024-12-21,wk inc flu hosp,quantile,0.65,21.178463069262325
34,2024-12-14,1,2024-12-21,wk inc flu hosp,quantile,0.65,207.1476695329506
35,2024-12-14,1,2024-12-21,wk inc flu hosp,quantile,0.65,188.86064201488014
36,2024-12-14,1,2024-12-21,wk inc flu hosp,quantile,0.65,574.7142936787062
37,2024-12-14,1,2024-12-21,wk inc flu hosp,quantile,0.65,115.00182099227473
38,2024-12-14,1,2024-12-21,wk inc flu hosp,quantile,0.65,3.2079396807828924
39,2024-12-14,1,2024-12-21,wk inc flu hosp,quantile,0.65,154.70350481550543
40,2024-12-14,1,2024-12-21,wk inc flu hosp,quantile,0.65,51.436911390453204
41,2024-12-14,1,2024-12-21,wk inc flu hosp,quantile,0.65,134.8949418757846
42,2024-12-14,1,2024-12-21,wk inc flu hosp,quantile,0.65,235.025105499028
44,2024-12-14,1,2024-12-21,wk inc flu hosp,quantile,0.65,14.56138851168879
45,2024-12-14,1,2024-12-21,wk inc flu hosp,quantile,0.65,76.62729978221421
46,2024-12-14,1,2024-12-21,wk inc flu hosp,quantile,0.65,3.0078269782030547
47,2024-12-14,1,2024-12-21,wk inc flu hosp,quantile,0.65,150.983097161224
48,2024-12-14,1,2024-12-21,wk inc flu hosp,quantile,0.65,771.007787435956
49,2024-12-14,1,2024-12-21,wk inc flu hosp,quantile,0.65,122.4686020814081
50,2024-12-14,1,2024-12-21,wk inc flu hosp,quantile,0.65,0.0
51,2024-12-14,1,2024-12-21,wk inc flu hosp,quantile,0.65,106.52436394152924
53,2024-12-14,1,2024-12-21,wk inc flu hosp,quantile,0.65,92.75425425495423
54,2024-12-14,1,2024-12-21,wk inc flu hosp,quantile,0.65,25.5534923963593
55,2024-12-14,1,2024-12-21,wk inc flu hosp,quantile,0.65,43.72878589090822
56,2024-12-14,1,2024-12-21,wk inc flu hosp,quantile,0.65,3.5361835576827505
72,2024-12-14,1,2024-12-21,wk inc flu hosp,quantile,0.65,626.1030349807816
US,2024-12-14,1,2024-12-21,wk inc flu hosp,quantile,0.65,9620.857862907285
01,2024-12-14,2,2024-12-28,wk inc flu hosp,quantile,0.65,195.99867331825544
02,2024-12-14,2,2024-12-28,wk inc flu hosp,quantile,0.65,27.68097716570009
04,2024-12-14,2,2024-12-28,wk inc flu hosp,quantile,0.65,1260.680442687451
05,2024-12-14,2,2024-12-28,wk inc flu hosp,quantile,0.65,40.493336298793984
06,2024-12-14,2,2024-12-28,wk inc flu hosp,quantile,0.65,1659.547263217648
08,2024-12-14,2,2024-12-28,wk inc flu hosp,quantile,0.65,203.72553753959463
09,2024-12-14,2,2024-12-28,wk inc flu hosp,quantile,0.65,41.15919490075422
10,2024-12-14,2,2024-12-28,wk inc flu hosp,quantile,0.65,37.55371214981276
11,2024-12-14,2,2024-12-28,wk inc flu hosp,quantile,0.65,1.189898126030296
12,2024-12-14,2,2024-12-28,wk inc flu hosp,quantile,0.65,965.5970378916901
13,2024-12-14,2,2024-12-28,wk inc flu hosp,quantile,0.65,152.72070892396445
15,2024-12-14,2,2024-12-28,wk inc flu hosp,quantile,0.65,33.47086404439388
16,2024-12-14,2,2024-12-28,wk inc flu hosp,quantile,0.65,119.39576330752922
17,2024-12-14,2,2024-12-28,wk inc flu hosp,quantile,0.65,159.43876599375037
18,2024-12-14,2,2024-12-28,wk inc flu hosp,quantile,0.65,148.63671766398096
19,2024-12-14,2,2024-12-28,wk inc flu hosp,quantile,0.65,42.75362704437899
20,2024-12-14,2,2024-12-28,wk inc flu hosp,quantile,0.65,84.2114502201635
21,2024-12-14,2,2024-12-28,wk inc flu hosp,quantile,0.65,107.32523766581764
22,2024-12-14,2,2024-12-28,wk inc flu hosp,quantile,0.65,237.20082182641912
23,2024-12-14,2,2024-12-28,wk inc flu hosp,quantile,0.65,12.72822150687612
24,2024-12-14,2,2024-12-28,wk inc flu hosp,quantile,0.65,63.99285890606106
25,2024-12-14,2,2024-12-28,wk inc flu hosp,quantile,0.65,161.37375729003645
26,2024-12-14,2,2024-12-28,wk inc flu hosp,quantile,0.65,91.99009255416945
27,2024-12-14,2,2024-12-28,wk inc flu hosp,quantile,0.65,134.635565696946
28,2024-12-14,2,2024-12-28,wk inc flu hosp,quantile,0.65,53.31813951044987
29,2024-12-14,2,2024-12-28,wk inc flu hosp,quantile,0.65,71.90330285918326
30,2024-12-14,2,2024-12-28,wk inc flu hosp,quantile,0.65,6.50891628610186
31,2024-12-14,2,2024-12-28,wk inc flu hosp,quantile,0.65,16.76672821921528
32,2024-12-14,2,2024-12-28,wk inc flu hosp,quantile,0.65,115.52559343830656
33,2024-12-14,2,2024-12-28,wk inc flu hosp,quantile,0.65,23.548940274668873
34,2024-12-14,2,2024-12-28,wk inc flu hosp,quantile,0.65,261.1526547181771
35,2024-12-14,2,2024-12-28,wk inc flu hosp,quantile,0.65,234.16672573199176
36,2024-12-14,2,2024-12-28,wk inc flu hosp,quantile,0.65,724.2825383161445
37,2024-12-14,2,2024-12-28,wk inc flu hosp,quantile,0.65,142.74932892601132
38,2024-12-14,2,2024-12-28,wk inc flu hosp,quantile,0.65,3.1369800156246708
39,2024-12-14,2,2024-12-28,wk inc flu hosp,quantile,0.65,188.1079820611765
40,2024-12-14,2,2024-12-28,wk inc flu hosp,quantile,0.65,60.692494332738214
41,2024-12-14,2,2024-12-28,wk inc flu hosp,quantile,0.65,160.34412318369698
42,2024-12-14,2,2024-12-28,wk inc flu hosp,quantile,0.65,269.5783109351125
44,2024-12-14,2,2024-12-28,wk inc flu hosp,quantile,0.65,17.599530752055422
45,2024-12-14,2,2024-12-28,wk inc flu hosp,quantile,0.65,92.96989660163459
46,2024-12-14,2,2024-12-28,wk inc flu hosp,quantile,0.65,3.497926547505037
47,2024-12-14,2,2024-12-28,wk inc flu hosp,quantile,0.65,161.758409110658
48,2024-12-14,2,2024-12-28,wk inc flu hosp,quantile,0.65,907.7839005588377
49,2024-12-14,2,2024-12-28,wk inc flu hosp,quantile,0.65,147.98447551727983
50,2024-12-14,2,2024-12-28,wk inc flu hosp,quantile,0.65,0.0
51,2024-12-14,2,2024-12-28,wk inc flu hosp,quantile,0.65,132.35370101769894
53,2024-12-14,2,2024-12-28,wk inc flu hosp,quantile,0.65,108.42675677538533
54,2024-12-14,2,2024-12-28,wk inc flu hosp,quantile,0.65,31.320882567753877
55,2024-12-14,2,2024-12-28,wk inc flu hosp,quantile,0.65,49.50597081468562
56,2024-12-14,2,2024-12-28,wk inc flu hosp,quantile,0.65,2.8617046381206674
72,2024-12-14,2,2024-12-28,wk inc flu hosp,quantile,0.65,674.0267788322877
US,2024-12-14,2,2024-12-28,wk inc flu hosp,quantile,0.65,11610.505838564908
01,2024-12-14,3,2025-01-04,wk inc flu hosp,quantile,0.65,227.08133137321954
02,2024-12-14,3,2025-01-04,wk inc flu hosp,quantile,0.65,27.31309176978966
04,2024-12-14,3,2025-01-04,wk inc flu hosp,quantile,0.65,1216.2984435450394
05,2024-12-14,3,2025-01-04,wk inc flu hosp,quantile,0.65,44.591923810981555
06,2024-12-14,3,2025-01-04,wk inc flu hosp,quantile,0.65,1746.3849547588438
08,2024-12-14,3,2025-01-04,wk inc flu hosp,quantile,0.65,224.85788727156566
09,2024-12-14,3,2025-01-04,wk inc flu hosp,quantile,0.65,52.49881910381268
10,2024-12-14,3,2025-01-04,wk inc flu hosp,quantile,0.65,42.801705409718956
11,2024-12-14,3,2025-01-04,wk inc flu hosp,quantile,0.65,0.7228623285809463
12,2024-12-14,3,2025-01-04,wk inc flu hosp,quantile,0.65,1043.8710941830986
13,2024-12-14,3,2025-01-04,wk inc flu hosp,quantile,0.65,177.6245113840862
15,2024-12-14,3,2025-01-04,wk inc flu hosp,quantile,0.65,36.39405239346085
16,2024-12-14,3,2025-01-04,wk inc flu hosp,quantile,0.65,131.70114647707052
17,2024-12-14,3,2025-01-04,wk inc flu hosp,quantile,0.65,171.79136545357306
18,2024-12-14,3,2025-01-04,wk inc flu hosp,quantile,0.65,178.21206993431974
19,2024-12-14,3,2025-01-04,wk inc flu hosp,quantile,0.65,49.03185048446895
20,2024-12-14,3,2025-01-04,wk inc flu hosp,quantile,0.65,98.38979453443638
21,2024-12-14,3,2025-01-04,wk inc flu hosp,quantile,0.65,126.52086395860182
22,2024-12-14,3,2025-01-04,wk inc flu hosp,quantile,0.65,248.61142075140816
23,2024-12-14,3,2025-01-04,wk inc flu hosp,quantile,0.65,16.712182713604623
24,2024-12-14,3,2025-01-04,wk inc flu hosp,quantile,0.65,78.88147592732761
25,2024-12-14,3,2025-01-04,wk inc flu hosp,quantile,0.65,177.56520888792835
26,2024-12-14,3,2025-01-04,wk inc flu hosp,quantile,0.65,96.48295508060367
27,2024-12-14,3,2025-01-04,wk inc flu hosp,quantile,0.65,159.61392499215933
28,2024-12-14,3,2025-01-04,wk inc flu hosp,quantile,0.65,54.31473221766439
29,2024-12-14,3,2025-01-04,wk inc flu hosp,quantile,0.65,76.29742067301453
30,2024-12-14,3,2025-01-04,wk inc flu hosp,quantile,0.65,7.246220287462157
31,2024-12-14,3,2025-01-04,wk inc flu hosp,quantile,0.65,19.67588353594412
32,2024-12-14,3,2025-01-04,wk inc flu hosp,quantile,0.65,130.04693954288808
33,2024-12-14,3,2025-01-04,wk inc flu hosp,quantile,0.65,25.28279214125061
34,2024-12-14,3,2025-01-04,wk inc flu hosp,quantile,0.65,310.8410073682149
35,2024-12-14,3,2025-01-04,wk inc flu hosp,quantile,0.65,261.3347224770696
36,2024-12-14,3,2025-01-04,wk inc flu hosp,quantile,0.65,854.3553253494091
37,2024-12-14,3,2025-01-04,wk inc flu hosp,quantile,0.65,170.71980044904325
38,2024-12-14,3,2025-01-04,wk inc flu hosp,quantile,0.65,2.992011682249103
39,2024-12-14,3,2025-01-04,wk inc flu hosp,quantile,0.65,217.9615505302999
40,2024-12-14,3,2025-01-04,wk inc flu hosp,quantile,0.65,69.80935675521232
41,2024-12-14,3,2025-01-04,wk inc flu hosp,quantile,0.65,188.1643005994427
42,2024-12-14,3,2025-01-04,wk inc flu hosp,quantile,0.65,272.4858750878336
44,2024-12-14,3,2025-01-04,wk inc flu hosp,quantile,0.65,19.67946065797206
45,2024-12-14,3,2025-01-04,wk inc flu hosp,quantile,0.65,107.05815699603392
46,2024-12-14,3,2025-01-04,wk inc flu hosp,quantile,0.65,3.174259995710878
47,2024-12-14,3,2025-01-04,wk inc flu hosp,quantile,0.65,160.57101341765863
48,2024-12-14,3,2025-01-04,wk inc flu hosp,quantile,0.65,1052.1117852226207
49,2024-12-14,3,2025-01-04,wk inc flu hosp,quantile,0.65,161.5410682616079
50,2024-12-14,3,2025-01-04,wk inc flu hosp,quantile,0.65,0.0
51,2024-12-14,3,2025-01-04,wk inc flu hosp,quantile,0.65,156.80366686035185
53,2024-12-14,3,2025-01-04,wk inc flu hosp,quantile,0.65,123.78541164500115
54,2024-12-14,3,2025-01-04,wk inc flu hosp,quantile,0.65,35.413964343976325
55,2024-12-14,3,2025-01-04,wk inc flu hosp,quantile,0.65,57.65875752724119
56,2024-12-14,3,2025-01-04,wk inc flu hosp,quantile,0.65,2.120630913245327
72,2024-12-14,3,2025-01-04,wk inc flu hosp,quantile,0.65,681.6325393129125
US,2024-12-14,3,2025-01-04,wk inc flu hosp,quantile,0.65,13539.85653924523
01,2024-12-14,0,2024-12-14,wk inc flu hosp,quantile,0.7,142.99017073544758
02,2024-12-14,0,2024-12-14,wk inc flu hosp,quantile,0.7,22.29174048900997
04,2024-12-14,0,2024-12-14,wk inc flu hosp,quantile,0.7,1089.456327198815
05,2024-12-14,0,2024-12-14,wk inc flu hosp,quantile,0.7,28.10381373844816
06,2024-12-14,0,2024-12-14,wk inc flu hosp,quantile,0.7,1220.0271331934064
08,2024-12-14,0,2024-12-14,wk inc flu hosp,quantile,0.7,133.3094164471999
09,2024-12-14,0,2024-12-14,wk inc flu hosp,quantile,0.7,20.571128372718253
10,2024-12-14,0,2024-12-14,wk inc flu hosp,quantile,0.7,24.333533310475428
11,2024-12-14,0,2024-12-14,wk inc flu hosp,quantile,0.7,2.324540468964712
12,2024-12-14,0,2024-12-14,wk inc flu hosp,quantile,0.7,793.441399216471
13,2024-12-14,0,2024-12-14,wk inc flu hosp,quantile,0.7,110.96493159547758
15,2024-12-14,0,2024-12-14,wk inc flu hosp,quantile,0.7,28.379191564392336
16,2024-12-14,0,2024-12-14,wk inc flu hosp,quantile,0.7,88.38980415894012
17,2024-12-14,0,2024-12-14,wk inc flu hosp,quantile,0.7,123.86326451667495
18,2024-12-14,0,2024-12-14,wk inc flu hosp,quantile,0.7,89.4513664613907
19,2024-12-14,0,2024-12-14,wk inc flu hosp,quantile,0.7,26.223710323649243
20,2024-12-14,0,2024-12-14,wk inc flu hosp,quantile,0.7,47.18893601305482
21,2024-12-14,0,2024-12-14,wk inc flu hosp,quantile,0.7,71.60064114398331
22,2024-12-14,0,2024-12-14,wk inc flu hosp,quantile,0.7,193.43999289851922
23,2024-12-14,0,2024-12-14,wk inc flu hosp,quantile,0.7,5.46456338155806
24,2024-12-14,0,2024-12-14,wk inc flu hosp,quantile,0.7,39.60115339734297
25,2024-12-14,0,2024-12-14,wk inc flu hosp,quantile,0.7,110.0758992949307
26,2024-12-14,0,2024-12-14,wk inc flu hosp,quantile,0.7,86.2738161022097
27,2024-12-14,0,2024-12-14,wk inc flu hosp,quantile,0.7,87.42965992501432
28,2024-12-14,0,2024-12-14,wk inc flu hosp,quantile,0.7,46.2867870822715
29,2024-12-14,0,2024-12-14,wk inc flu hosp,quantile,0.7,60.96612496250464
30,2024-12-14,0,2024-12-14,wk inc flu hosp,quantile,0.7,4.492537899277132
31,2024-12-14,0,2024-12-14,wk inc flu hosp,quantile,0.7,12.015483087082893
32,2024-12-14,0,2024-12-14,wk inc flu hosp,quantile,0.7,85.02441778997793
33,2024-12-14,0,2024-12-14,wk inc flu hosp,quantile,0.7,19.436259899768608
34,2024-12-14,0,2024-12-14,wk inc flu hosp,quantile,0.7,168.25980361136232
35,2024-12-14,0,2024-12-14,wk inc flu hosp,quantile,0.7,143.63641087871486
36,2024-12-14,0,2024-12-14,wk inc flu hosp,quantile,0.7,418.42872324596607
37,2024-12-14,0,2024-12-14,wk inc flu hosp,quantile,0.7,91.83376384214868
38,2024-12-14,0,2024-12-14,wk inc flu hosp,quantile,0.7,2.9619552207871696
39,2024-12-14,0,2024-12-14,wk inc flu hosp,quantile,0.7,118.96528041262748
40,2024-12-14,0,2024-12-14,wk inc flu hosp,quantile,0.7,42.82873538237711
41,2024-12-14,0,2024-12-14,wk inc flu hosp,quantile,0.7,112.32464345903298
42,2024-12-14,0,2024-12-14,wk inc flu hosp,quantile,0.7,216.6594854609255
44,2024-12-14,0,2024-12-14,wk inc flu hosp,quantile,0.7,11.603916954696484
45,2024-12-14,0,2024-12-14,wk inc flu hosp,quantile,0.7,61.64375962196033
46,2024-12-14,0,2024-12-14,wk inc flu hosp,quantile,0.7,2.6698162273593637
47,2024-12-14,0,2024-12-14,wk inc flu hosp,quantile,0.7,143.3322742455798
48,2024-12-14,0,2024-12-14,wk inc flu hosp,quantile,0.7,638.5515855065979
49,2024-12-14,0,2024-12-14,wk inc flu hosp,quantile,0.7,96.72026009939397
50,2024-12-14,0,2024-12-14,wk inc flu hosp,quantile,0.7,0.0
51,2024-12-14,0,2024-12-14,wk inc flu hosp,quantile,0.7,80.93031803409214
53,2024-12-14,0,2024-12-14,wk inc flu hosp,quantile,0.7,75.09364755718651
54,2024-12-14,0,2024-12-14,wk inc flu hosp,quantile,0.7,21.34486434648793
55,2024-12-14,0,2024-12-14,wk inc flu hosp,quantile,0.7,35.00579306204495
56,2024-12-14,0,2024-12-14,wk inc flu hosp,quantile,0.7,4.544416451587699
72,2024-12-14,0,2024-12-14,wk inc flu hosp,quantile,0.7,570.4848785133812
US,2024-12-14,0,2024-12-14,wk inc flu hosp,quantile,0.7,8094.120342468296
01,2024-12-14,1,2024-12-21,wk inc flu hosp,quantile,0.7,171.33208905088543
02,2024-12-14,1,2024-12-21,wk inc flu hosp,quantile,0.7,26.819470639160947
04,2024-12-14,1,2024-12-21,wk inc flu hosp,quantile,0.7,1256.1233506506057
05,2024-12-14,1,2024-12-21,wk inc flu hosp,quantile,0.7,34.3905438748823
06,2024-12-14,1,2024-12-21,wk inc flu hosp,quantile,0.7,1539.050339207905
08,2024-12-14,1,2024-12-21,wk inc flu hosp,quantile,0.7,176.24978129195574
09,2024-12-14,1,2024-12-21,wk inc flu hosp,quantile,0.7,30.972047054780877
10,2024-12-14,1,2024-12-21,wk inc flu hosp,quantile,0.7,32.07474733245024
11,2024-12-14,1,2024-12-21,wk inc flu hosp,quantile,0.7,1.7900792485622345
12,2024-12-14,1,2024-12-21,wk inc flu hosp,quantile,0.7,878.6163222177466
13,2024-12-14,1,2024-12-21,wk inc flu hosp,quantile,0.7,129.9622308219639
15,2024-12-14,1,2024-12-21,wk inc flu hosp,quantile,0.7,31.70263176186096
16,2024-12-14,1,2024-12-21,wk inc flu hosp,quantile,0.7,107.63524042538198
17,2024-12-14,1,2024-12-21,wk inc flu hosp,quantile,0.7,147.67283069585525
18,2024-12-14,1,2024-12-21,wk inc flu hosp,quantile,0.7,118.873363145077
19,2024-12-14,1,2024-12-21,wk inc flu hosp,quantile,0.7,35.708714972263266
20,2024-12-14,1,2024-12-21,wk inc flu hosp,quantile,0.7,65.80484113310702
21,2024-12-14,1,2024-12-21,wk inc flu hosp,quantile,0.7,89.66793775780542
22,2024-12-14,1,2024-12-21,wk inc flu hosp,quantile,0.7,221.43307119487687
23,2024-12-14,1,2024-12-21,wk inc flu hosp,quantile,0.7,8.851786153130517
24,2024-12-14,1,2024-12-21,wk inc flu hosp,quantile,0.7,50.11630061053246
25,2024-12-14,1,2024-12-21,wk inc flu hosp,quantile,0.7,137.58332033659593
26,2024-12-14,1,2024-12-21,wk inc flu hosp,quantile,0.7,92.87778760608695
27,2024-12-14,1,2024-12-21,wk inc flu hosp,quantile,0.7,112.32047939545429
28,2024-12-14,1,2024-12-21,wk inc flu hosp,quantile,0.7,51.9554533859137
29,2024-12-14,1,2024-12-21,wk inc flu hosp,quantile,0.7,68.457023583165
30,2024-12-14,1,2024-12-21,wk inc flu hosp,quantile,0.7,5.55005722192802
31,2024-12-14,1,2024-12-21,wk inc flu hosp,quantile,0.7,13.919441104074364
32,2024-12-14,1,2024-12-21,wk inc flu hosp,quantile,0.7,99.05445761347848
33,2024-12-14,1,2024-12-21,wk inc flu hosp,quantile,0.7,21.516363202746653
34,2024-12-14,1,2024-12-21,wk inc flu hosp,quantile,0.7,220.63312653215553
35,2024-12-14,1,2024-12-21,wk inc flu hosp,quantile,0.7,196.94684880568545
36,2024-12-14,1,2024-12-21,wk inc flu hosp,quantile,0.7,594.7803469554332
37,2024-12-14,1,2024-12-21,wk inc flu hosp,quantile,0.7,115.07745404726954
38,2024-12-14,1,2024-12-21,wk inc flu hosp,quantile,0.7,3.3080952046392347
39,2024-12-14,1,2024-12-21,wk inc flu hosp,quantile,0.7,156.03734134670833
40,2024-12-14,1,2024-12-21,wk inc flu hosp,quantile,0.7,51.7572756431414
41,2024-12-14,1,2024-12-21,wk inc flu hosp,quantile,0.7,136.01398907745346
42,2024-12-14,1,2024-12-21,wk inc flu hosp,quantile,0.7,245.040542500326
44,2024-12-14,1,2024-12-21,wk inc flu hosp,quantile,0.7,14.810303988363792
45,2024-12-14,1,2024-12-21,wk inc flu hosp,quantile,0.7,79.85704839034084
46,2024-12-14,1,2024-12-21,wk inc flu hosp,quantile,0.7,3.289493697885838
47,2024-12-14,1,2024-12-21,wk inc flu hosp,quantile,0.7,151.45702934010993
48,2024-12-14,1,2024-12-21,wk inc flu hosp,quantile,0.7,782.4832218287526
49,2024-12-14,1,2024-12-21,wk inc flu hosp,quantile,0.7,127.61246027778591
50,2024-12-14,1,2024-12-21,wk inc flu hosp,quantile,0.7,0.0
51,2024-12-14,1,2024-12-21,wk inc flu hosp,quantile,0.7,106.91084338054924
53,2024-12-14,1,2024-12-21,wk inc flu hosp,quantile,0.7,93.03941913930785
54,2024-12-14,1,2024-12-21,wk inc flu hosp,quantile,0.7,26.67866959229
55,2024-12-14,1,2024-12-21,wk inc flu hosp,quantile,0.7,43.76611409832487
56,2024-12-14,1,2024-12-21,wk inc flu hosp,quantile,0.7,3.6031426848496024
72,2024-12-14,1,2024-12-21,wk inc flu hosp,quantile,0.7,649.3112996847304
US,2024-12-14,1,2024-12-21,wk inc flu hosp,quantile,0.7,9797.474060066945
01,2024-12-14,2,2024-12-28,wk inc flu hosp,quantile,0.7,202.91536210027337
02,2024-12-14,2,2024-12-28,wk inc flu hosp,quantile,0.7,28.37072025942007
04,2024-12-14,2,2024-12-28,wk inc flu hosp,quantile,0.7,1285.2919949642944
05,2024-12-14,2,2024-12-28,wk inc flu hosp,quantile,0.7,41.84412039308504
06,2024-12-14,2,2024-12-28,wk inc flu hosp,quantile,0.7,1692.3460221507642
08,2024-12-14,2,2024-12-28,wk inc flu hosp,quantile,0.7,205.11827182311052
09,2024-12-14,2,2024-12-28,wk inc flu hosp,quantile,0.7,42.364197974714
10,2024-12-14,2,2024-12-28,wk inc flu hosp,quantile,0.7,38.827966061439156
11,2024-12-14,2,2024-12-28,wk inc flu hosp,quantile,0.7,1.37498121044357
12,2024-12-14,2,2024-12-28,wk inc flu hosp,quantile,0.7,970.6927512058438
13,2024-12-14,2,2024-12-28,wk inc flu hosp,quantile,0.7,156.49156593214352
15,2024-12-14,2,2024-12-28,wk inc flu hosp,quantile,0.7,34.76589159844532
16,2024-12-14,2,2024-12-28,wk inc flu hosp,quantile,0.7,123.02841645479923
17,2024-12-14,2,2024-12-28,wk inc flu hosp,quantile,0.7,159.56424435421138
18,2024-12-14,2,2024-12-28,wk inc flu hosp,quantile,0.7,150.576255444064
19,2024-12-14,2,2024-12-28,wk inc flu hosp,quantile,0.7,42.76758134359155
20,2024-12-14,2,2024-12-28,wk inc flu hosp,quantile,0.7,84.38077911060213
21,2024-12-14,2,2024-12-28,wk inc flu hosp,quantile,0.7,107.48591942609713
22,2024-12-14,2,2024-12-28,wk inc flu hosp,quantile,0.7,237.8631200364341
23,2024-12-14,2,2024-12-28,wk inc flu hosp,quantile,0.7,12.759901404931622
24,2024-12-14,2,2024-12-28,wk inc flu hosp,quantile,0.7,64.79742003856855
25,2024-12-14,2,2024-12-28,wk inc flu hosp,quantile,0.7,163.3664588379775
26,2024-12-14,2,2024-12-28,wk inc flu hosp,quantile,0.7,93.29634543966999
27,2024-12-14,2,2024-12-28,wk inc flu hosp,quantile,0.7,135.86926599159852
28,2024-12-14,2,2024-12-28,wk inc flu hosp,quantile,0.7,53.84896702328001
29,2024-12-14,2,2024-12-28,wk inc flu hosp,quantile,0.7,72.09453269041788
30,2024-12-14,2,2024-12-28,wk inc flu hosp,quantile,0.7,6.599469935377374
31,2024-12-14,2,2024-12-28,wk inc flu hosp,quantile,0.7,16.85784921841676
32,2024-12-14,2,2024-12-28,wk inc flu hosp,quantile,0.7,116.7513882344041
33,2024-12-14,2,2024-12-28,wk inc flu hosp,quantile,0.7,23.98682149541046
34,2024-12-14,2,2024-12-28,wk inc flu hosp,quantile,0.7,261.7597915486656
35,2024-12-14,2,2024-12-28,wk inc flu hosp,quantile,0.7,244.07170472135957
36,2024-12-14,2,2024-12-28,wk inc flu hosp,quantile,0.7,724.9030757505828
37,2024-12-14,2,2024-12-28,wk inc flu hosp,quantile,0.7,144.64709377892865
38,2024-12-14,2,2024-12-28,wk inc flu hosp,quantile,0.7,3.23995145662985
39,2024-12-14,2,2024-12-28,wk inc flu hosp,quantile,0.7,188.68243520574012
40,2024-12-14,2,2024-12-28,wk inc flu hosp,quantile,0.7,63.33322195634439
41,2024-12-14,2,2024-12-28,wk inc flu hosp,quantile,0.7,166.0677625998519
42,2024-12-14,2,2024-12-28,wk inc flu hosp,quantile,0.7,270.7441536444666
44,2024-12-14,2,2024-12-28,wk inc flu hosp,quantile,0.7,18.17093310440115
45,2024-12-14,2,2024-12-28,wk inc flu hosp,quantile,0.7,93.07838371244223
46,2024-12-14,2,2024-12-28,wk inc flu hosp,quantile,0.7,3.6632867261377773
47,2024-12-14,2,2024-12-28,wk inc flu hosp,quantile,0.7,163.5983865369893
48,2024-12-14,2,2024-12-28,wk inc flu hosp,quantile,0.7,913.299269193474
49,2024-12-14,2,2024-12-28,wk inc flu hosp,quantile,0.7,148.7942045339843
50,2024-12-14,2,2024-12-28,wk inc flu hosp,quantile,0.7,0.0
51,2024-12-14,2,2024-12-28,wk inc flu hosp,quantile,0.7,134.51828841885953
53,2024-12-14,2,2024-12-28,wk inc flu hosp,quantile,0.7,109.1167545483247
54,2024-12-14,2,2024-12-28,wk inc flu hosp,quantile,0.7,31.82362857200398
55,2024-12-14,2,2024-12-28,wk inc flu hosp,quantile,0.7,49.66422836203999
56,2024-12-14,2,2024-12-28,wk inc flu hosp,quantile,0.7,3.143973654743508
72,2024-12-14,2,2024-12-28,wk inc flu hosp,quantile,0.7,686.7289231239289
US,2024-12-14,2,2024-12-28,wk inc flu hosp,quantile,0.7,11798.275593111939
01,2024-12-14,3,2025-01-04,wk inc flu hosp,quantile,0.7,233.69144790673369
02,2024-12-14,3,2025-01-04,wk inc flu hosp,quantile,0.7,28.937425857377594
04,2024-12-14,3,2025-01-04,wk inc flu hosp,quantile,0.7,1220.6328900705398
05,2024-12-14,3,2025-01-04,wk inc flu hosp,quantile,0.7,45.64324441152011
06,2024-12-14,3,2025-01-04,wk inc flu hosp,quantile,0.7,1767.8683677588401
08,2024-12-14,3,2025-01-04,wk inc flu hosp,quantile,0.7,227.3997306514634
09,2024-12-14,3,2025-01-04,wk inc flu hosp,quantile,0.7,53.5587582443016
10,2024-12-14,3,2025-01-04,wk inc flu hosp,quantile,0.7,45.56627034653879
11,2024-12-14,3,2025-01-04,wk inc flu hosp,quantile,0.7,0.9348360230996984
12,2024-12-14,3,2025-01-04,wk inc flu hosp,quantile,0.7,1052.6263759420372
13,2024-12-14,3,2025-01-04,wk inc flu hosp,quantile,0.7,179.56634953150675
15,2024-12-14,3,2025-01-04,wk inc flu hosp,quantile,0.7,37.42532478746864
16,2024-12-14,3,2025-01-04,wk inc flu hosp,quantile,0.7,131.80659578515957
17,2024-12-14,3,2025-01-04,wk inc flu hosp,quantile,0.7,175.86128862243456
18,2024-12-14,3,2025-01-04,wk inc flu hosp,quantile,0.7,179.48382688893687
19,2024-12-14,3,2025-01-04,wk inc flu hosp,quantile,0.7,49.1605127434684
20,2024-12-14,3,2025-01-04,wk inc flu hosp,quantile,0.7,102.47220589201577
21,2024-12-14,3,2025-01-04,wk inc flu hosp,quantile,0.7,129.2164250386458
22,2024-12-14,3,2025-01-04,wk inc flu hosp,quantile,0.7,251.70253522392267
23,2024-12-14,3,2025-01-04,wk inc flu hosp,quantile,0.7,16.77876091641399
24,2024-12-14,3,2025-01-04,wk inc flu hosp,quantile,0.7,79.32910166605384
25,2024-12-14,3,2025-01-04,wk inc flu hosp,quantile,0.7,179.87269598512705
26,2024-12-14,3,2025-01-04,wk inc flu hosp,quantile,0.7,98.04561512916524
27,2024-12-14,3,2025-01-04,wk inc flu hosp,quantile,0.7,162.79330969030426
28,2024-12-14,3,2025-01-04,wk inc flu hosp,quantile,0.7,54.41256227579293
29,2024-12-14,3,2025-01-04,wk inc flu hosp,quantile,0.7,76.790541917492
30,2024-12-14,3,2025-01-04,wk inc flu hosp,quantile,0.7,7.561664273753074
31,2024-12-14,3,2025-01-04,wk inc flu hosp,quantile,0.7,20.20498248385587
32,2024-12-14,3,2025-01-04,wk inc flu hosp,quantile,0.7,130.3503442044289
33,2024-12-14,3,2025-01-04,wk inc flu hosp,quantile,0.7,25.86283873132769
34,2024-12-14,3,2025-01-04,wk inc flu hosp,quantile,0.7,315.24431400386794
35,2024-12-14,3,2025-01-04,wk inc flu hosp,quantile,0.7,276.4668493596425
36,2024-12-14,3,2025-01-04,wk inc flu hosp,quantile,0.7,862.2002941686612
37,2024-12-14,3,2025-01-04,wk inc flu hosp,quantile,0.7,175.62512252119816
38,2024-12-14,3,2025-01-04,wk inc flu hosp,quantile,0.7,3.1053909724752646
39,2024-12-14,3,2025-01-04,wk inc flu hosp,quantile,0.7,219.74060878479733
40,2024-12-14,3,2025-01-04,wk inc flu hosp,quantile,0.7,70.72480591743758
41,2024-12-14,3,2025-01-04,wk inc flu hosp,quantile,0.7,196.52361134730663
42,2024-12-14,3,2025-01-04,wk inc flu hosp,quantile,0.7,276.34285987523816
44,2024-12-14,3,2025-01-04,wk inc flu hosp,quantile,0.7,20.768491873427536
45,2024-12-14,3,2025-01-04,wk inc flu hosp,quantile,0.7,107.67765608258725
46,2024-12-14,3,2025-01-04,wk inc flu hosp,quantile,0.7,3.240270435828674
47,2024-12-14,3,2025-01-04,wk inc flu hosp,quantile,0.7,161.86054832566663
48,2024-12-14,3,2025-01-04,wk inc flu hosp,quantile,0.7,1071.1147736224902
49,2024-12-14,3,2025-01-04,wk inc flu hosp,quantile,0.7,166.50476885522042
50,2024-12-14,3,2025-01-04,wk inc flu hosp,quantile,0.7,0.0
51,2024-12-14,3,2025-01-04,wk inc flu hosp,quantile,0.7,159.25541137782622
53,2024-12-14,3,2025-01-04,wk inc flu hosp,quantile,0.7,124.7676895351023
54,2024-12-14,3,2025-01-04,wk inc flu hosp,quantile,0.7,36.85845803595035
55,2024-12-14,3,2025-01-04,wk inc flu hosp,quantile,0.7,58.24107466812315
56,2024-12-14,3,2025-01-04,wk inc flu hosp,quantile,0.7,2.3366502250464056
72,2024-12-14,3,2025-01-04,wk inc flu hosp,quantile,0.7,686.4900906134487
US,2024-12-14,3,2025-01-04,wk inc flu hosp,quantile,0.7,13852.888916300108
01,2024-12-14,0,2024-12-14,wk inc flu hosp,quantile,0.75,150.62127246475532
02,2024-12-14,0,2024-12-14,wk inc flu hosp,quantile,0.75,23.14489146570669
04,2024-12-14,0,2024-12-14,wk inc flu hosp,quantile,0.75,1121.155717738675
05,2024-12-14,0,2024-12-14,wk inc flu hosp,quantile,0.75,29.390591010919838
06,2024-12-14,0,2024-12-14,wk inc flu hosp,quantile,0.75,1230.5354558672398
08,2024-12-14,0,2024-12-14,wk inc flu hosp,quantile,0.75,139.00629178411634
09,2024-12-14,0,2024-12-14,wk inc flu hosp,quantile,0.75,20.9236922378368
10,2024-12-14,0,2024-12-14,wk inc flu hosp,quantile,0.75,25.673377424605246
11,2024-12-14,0,2024-12-14,wk inc flu hosp,quantile,0.75,2.362556452772569
12,2024-12-14,0,2024-12-14,wk inc flu hosp,quantile,0.75,798.2949115865307
13,2024-12-14,0,2024-12-14,wk inc flu hosp,quantile,0.75,111.26998332778868
15,2024-12-14,0,2024-12-14,wk inc flu hosp,quantile,0.75,28.48410974837087
16,2024-12-14,0,2024-12-14,wk inc flu hosp,quantile,0.75,90.76638232359085
17,2024-12-14,0,2024-12-14,wk inc flu hosp,quantile,0.75,125.37913615828752
18,2024-12-14,0,2024-12-14,wk inc flu hosp,quantile,0.75,89.65687672623312
19,2024-12-14,0,2024-12-14,wk inc flu hosp,quantile,0.75,27.57100723026709
20,2024-12-14,0,2024-12-14,wk inc flu hosp,quantile,0.75,47.23620374331845
21,2024-12-14,0,2024-12-14,wk inc flu hosp,quantile,0.75,73.92255054621134
22,2024-12-14,0,2024-12-14,wk inc flu hosp,quantile,0.75,196.90097522158342
23,2024-12-14,0,2024-12-14,wk inc flu hosp,quantile,0.75,5.607360277011424
24,2024-12-14,0,2024-12-14,wk inc flu hosp,quantile,0.75,39.60576806577051
25,2024-12-14,0,2024-12-14,wk inc flu hosp,quantile,0.75,111.17872825249292
26,2024-12-14,0,2024-12-14,wk inc flu hosp,quantile,0.75,86.35143155645231
27,2024-12-14,0,2024-12-14,wk inc flu hosp,quantile,0.75,93.64421268421542
28,2024-12-14,0,2024-12-14,wk inc flu hosp,quantile,0.75,46.354237501356536
29,2024-12-14,0,2024-12-14,wk inc flu hosp,quantile,0.75,61.303642744856916
30,2024-12-14,0,2024-12-14,wk inc flu hosp,quantile,0.75,4.587984111999187
31,2024-12-14,0,2024-12-14,wk inc flu hosp,quantile,0.75,12.301734135538204
32,2024-12-14,0,2024-12-14,wk inc flu hosp,quantile,0.75,85.75918598336186
33,2024-12-14,0,2024-12-14,wk inc flu hosp,quantile,0.75,19.72386904017972
34,2024-12-14,0,2024-12-14,wk inc flu hosp,quantile,0.75,168.69748230907194
35,2024-12-14,0,2024-12-14,wk inc flu hosp,quantile,0.75,147.97935704859924
36,2024-12-14,0,2024-12-14,wk inc flu hosp,quantile,0.75,420.6881966646868
37,2024-12-14,0,2024-12-14,wk inc flu hosp,quantile,0.75,92.63012492553827
38,2024-12-14,0,2024-12-14,wk inc flu hosp,quantile,0.75,3.1753639502431796
39,2024-12-14,0,2024-12-14,wk inc flu hosp,quantile,0.75,118.96619981125588
40,2024-12-14,0,2024-12-14,wk inc flu hosp,quantile,0.75,44.16863437910042
41,2024-12-14,0,2024-12-14,wk inc flu hosp,quantile,0.75,112.50607988948745
42,2024-12-14,0,2024-12-14,wk inc flu hosp,quantile,0.75,218.0348434657678
44,2024-12-14,0,2024-12-14,wk inc flu hosp,quantile,0.75,11.840473525903707
45,2024-12-14,0,2024-12-14,wk inc flu hosp,quantile,0.75,68.39203975435686
46,2024-12-14,0,2024-12-14,wk inc flu hosp,quantile,0.75,2.8214620764873835
47,2024-12-14,0,2024-12-14,wk inc flu hosp,quantile,0.75,143.85941903775065
48,2024-12-14,0,2024-12-14,wk inc flu hosp,quantile,0.75,647.7740508453369
49,2024-12-14,0,2024-12-14,wk inc flu hosp,quantile,0.75,97.68554066042765
50,2024-12-14,0,2024-12-14,wk inc flu hosp,quantile,0.75,0.0
51,2024-12-14,0,2024-12-14,wk inc flu hosp,quantile,0.75,82.61877592692863
53,2024-12-14,0,2024-12-14,wk inc flu hosp,quantile,0.75,75.68394197087257
54,2024-12-14,0,2024-12-14,wk inc flu hosp,quantile,0.75,22.07481085382561
55,2024-12-14,0,2024-12-14,wk inc flu hosp,quantile,0.75,35.29937211836056
56,2024-12-14,0,2024-12-14,wk inc flu hosp,quantile,0.75,4.637118569419966
72,2024-12-14,0,2024-12-14,wk inc flu hosp,quantile,0.75,587.0011266522833
US,2024-12-14,0,2024-12-14,wk inc flu hosp,quantile,0.75,8200.233549521552
01,2024-12-14,1,2024-12-21,wk inc flu hosp,quantile,0.75,176.8937428298316
02,2024-12-14,1,2024-12-21,wk inc flu hosp,quantile,0.75,28.423149925083198
04,2024-12-14,1,2024-12-21,wk inc flu hosp,quantile,0.75,1292.779354839398
05,2024-12-14,1,2024-12-21,wk inc flu hosp,quantile,0.75,34.87075306072509
06,2024-12-14,1,2024-12-21,wk inc flu hosp,quantile,0.75,1568.0585078845027
08,2024-12-14,1,2024-12-21,wk inc flu hosp,quantile,0.75,180.83618329468266
09,2024-12-14,1,2024-12-21,wk inc flu hosp,quantile,0.75,31.39518481315656
10,2024-12-14,1,2024-12-21,wk inc flu hosp,quantile,0.75,32.70856548901745
11,2024-12-14,1,2024-12-21,wk inc flu hosp,quantile,0.75,1.853915620994307
12,2024-12-14,1,2024-12-21,wk inc flu hosp,quantile,0.75,886.3499340050533
13,2024-12-14,1,2024-12-21,wk inc flu hosp,quantile,0.75,134.9045525747065
15,2024-12-14,1,2024-12-21,wk inc flu hosp,quantile,0.75,31.993808208781495
16,2024-12-14,1,2024-12-21,wk inc flu hosp,quantile,0.75,113.01906702856175
17,2024-12-14,1,2024-12-21,wk inc flu hosp,quantile,0.75,148.45623091113956
18,2024-12-14,1,2024-12-21,wk inc flu hosp,quantile,0.75,120.37982616036679
19,2024-12-14,1,2024-12-21,wk inc flu hosp,quantile,0.75,38.00650578813767
20,2024-12-14,1,2024-12-21,wk inc flu hosp,quantile,0.75,66.15667590056454
21,2024-12-14,1,2024-12-21,wk inc flu hosp,quantile,0.75,93.71758510824623
22,2024-12-14,1,2024-12-21,wk inc flu hosp,quantile,0.75,221.92361630469549
23,2024-12-14,1,2024-12-21,wk inc flu hosp,quantile,0.75,8.9252868886069
24,2024-12-14,1,2024-12-21,wk inc flu hosp,quantile,0.75,50.25954831427643
25,2024-12-14,1,2024-12-21,wk inc flu hosp,quantile,0.75,141.04044232551954
26,2024-12-14,1,2024-12-21,wk inc flu hosp,quantile,0.75,93.31429451934996
27,2024-12-14,1,2024-12-21,wk inc flu hosp,quantile,0.75,112.98512808917549
28,2024-12-14,1,2024-12-21,wk inc flu hosp,quantile,0.75,52.53336041210778
29,2024-12-14,1,2024-12-21,wk inc flu hosp,quantile,0.75,68.96070538438133
30,2024-12-14,1,2024-12-21,wk inc flu hosp,quantile,0.75,5.6345284770347295
31,2024-12-14,1,2024-12-21,wk inc flu hosp,quantile,0.75,14.54661417061147
32,2024-12-14,1,2024-12-21,wk inc flu hosp,quantile,0.75,99.537190667002
33,2024-12-14,1,2024-12-21,wk inc flu hosp,quantile,0.75,21.924212125132367
34,2024-12-14,1,2024-12-21,wk inc flu hosp,quantile,0.75,232.80734307475166
35,2024-12-14,1,2024-12-21,wk inc flu hosp,quantile,0.75,198.12721098986339
36,2024-12-14,1,2024-12-21,wk inc flu hosp,quantile,0.75,594.791718851942
37,2024-12-14,1,2024-12-21,wk inc flu hosp,quantile,0.75,115.3267650750059
38,2024-12-14,1,2024-12-21,wk inc flu hosp,quantile,0.75,3.3637020525873256
39,2024-12-14,1,2024-12-21,wk inc flu hosp,quantile,0.75,162.29682621713948
40,2024-12-14,1,2024-12-21,wk inc flu hosp,quantile,0.75,52.50216179208452
41,2024-12-14,1,2024-12-21,wk inc flu hosp,quantile,0.75,137.51564002794146
42,2024-12-14,1,2024-12-21,wk inc flu hosp,quantile,0.75,246.2206491110417
44,2024-12-14,1,2024-12-21,wk inc flu hosp,quantile,0.75,15.566127100265149
45,2024-12-14,1,2024-12-21,wk inc flu hosp,quantile,0.75,83.83839657130245
46,2024-12-14,1,2024-12-21,wk inc flu hosp,quantile,0.75,3.494089427837435
47,2024-12-14,1,2024-12-21,wk inc flu hosp,quantile,0.75,153.67909044152532
48,2024-12-14,1,2024-12-21,wk inc flu hosp,quantile,0.75,792.0620169603775
49,2024-12-14,1,2024-12-21,wk inc flu hosp,quantile,0.75,130.28302457497188
50,2024-12-14,1,2024-12-21,wk inc flu hosp,quantile,0.75,0.0
51,2024-12-14,1,2024-12-21,wk inc flu hosp,quantile,0.75,107.10448870082683
53,2024-12-14,1,2024-12-21,wk inc flu hosp,quantile,0.75,93.07235249645346
54,2024-12-14,1,2024-12-21,wk inc flu hosp,quantile,0.75,27.321987105174408
55,2024-12-14,1,2024-12-21,wk inc flu hosp,quantile,0.75,44.501832198439345
56,2024-12-14,1,2024-12-21,wk inc flu hosp,quantile,0.75,3.7677121261405526
72,2024-12-14,1,2024-12-21,wk inc flu hosp,quantile,0.75,666.2737562586842
US,2024-12-14,1,2024-12-21,wk inc flu hosp,quantile,0.75,10237.705872781604
01,2024-12-14,2,2024-12-28,wk inc flu hosp,quantile,0.75,211.7059867643545
02,2024-12-14,2,2024-12-28,wk inc flu hosp,quantile,0.75,29.648263706245586
04,2024-12-14,2,2024-12-28,wk inc flu hosp,quantile,0.75,1342.4737407330754
05,2024-12-14,2,2024-12-28,wk inc flu hosp,quantile,0.75,42.44761196168214
06,2024-12-14,2,2024-12-28,wk inc flu hosp,quantile,0.75,1708.5224962540321
08,2024-12-14,2,2024-12-28,wk inc flu hosp,quantile,0.75,206.58077798633443
09,2024-12-14,2,2024-12-28,wk inc flu hosp,quantile,0.75,42.534943046273646
10,2024-12-14,2,2024-12-28,wk inc flu hosp,quantile,0.75,39.19732646278868
11,2024-12-14,2,2024-12-28,wk inc flu hosp,quantile,0.75,1.4166532511284537
12,2024-12-14,2,2024-12-28,wk inc flu hosp,quantile,0.75,974.6978098500587
13,2024-12-14,2,2024-12-28,wk inc flu hosp,quantile,0.75,158.55171476947842
15,2024-12-14,2,2024-12-28,wk inc flu hosp,quantile,0.75,37.49151625520179
16,2024-12-14,2,2024-12-28,wk inc flu hosp,quantile,0.75,126.94574709648529
17,2024-12-14,2,2024-12-28,wk inc flu hosp,quantile,0.75,164.7840902411939
18,2024-12-14,2,2024-12-28,wk inc flu hosp,quantile,0.75,153.23924079520626
19,2024-12-14,2,2024-12-28,wk inc flu hosp,quantile,0.75,42.87207754506144
20,2024-12-14,2,2024-12-28,wk inc flu hosp,quantile,0.75,84.54798974661672
21,2024-12-14,2,2024-12-28,wk inc flu hosp,quantile,0.75,111.42013633048543
22,2024-12-14,2,2024-12-28,wk inc flu hosp,quantile,0.75,240.2529377121448
23,2024-12-14,2,2024-12-28,wk inc flu hosp,quantile,0.75,12.888915324844339
24,2024-12-14,2,2024-12-28,wk inc flu hosp,quantile,0.75,65.53709252256876
25,2024-12-14,2,2024-12-28,wk inc flu hosp,quantile,0.75,165.21640652559145
26,2024-12-14,2,2024-12-28,wk inc flu hosp,quantile,0.75,97.36975561812571
27,2024-12-14,2,2024-12-28,wk inc flu hosp,quantile,0.75,141.84374128825897
28,2024-12-14,2,2024-12-28,wk inc flu hosp,quantile,0.75,55.10775646391655
29,2024-12-14,2,2024-12-28,wk inc flu hosp,quantile,0.75,72.3775645785602
30,2024-12-14,2,2024-12-28,wk inc flu hosp,quantile,0.75,7.188214358162142
31,2024-12-14,2,2024-12-28,wk inc flu hosp,quantile,0.75,16.987250505554005
32,2024-12-14,2,2024-12-28,wk inc flu hosp,quantile,0.75,117.00502083215973
33,2024-12-14,2,2024-12-28,wk inc flu hosp,quantile,0.75,24.084890672587193
34,2024-12-14,2,2024-12-28,wk inc flu hosp,quantile,0.75,265.08782683773734
35,2024-12-14,2,2024-12-28,wk inc flu hosp,quantile,0.75,245.50405727912604
36,2024-12-14,2,2024-12-28,wk inc flu hosp,quantile,0.75,731.3403840672622
37,2024-12-14,2,2024-12-28,wk inc flu hosp,quantile,0.75,146.09847005796559
38,2024-12-14,2,2024-12-28,wk inc flu hosp,quantile,0.75,3.3217225325072453
39,2024-12-14,2,2024-12-28,wk inc flu hosp,quantile,0.75,189.34134287132386
40,2024-12-14,2,2024-12-28,wk inc flu hosp,quantile,0.75,63.505021760644645
41,2024-12-14,2,2024-12-28,wk inc flu hosp,quantile,0.75,166.6074412578272
42,2024-12-14,2,2024-12-28,wk inc flu hosp,quantile,0.75,271.2513597780329
44,2024-12-14,2,2024-12-28,wk inc flu hosp,quantile,0.75,18.584724387589524
45,2024-12-14,2,2024-12-28,wk inc flu hosp,quantile,0.75,93.39665088012015
46,2024-12-14,2,2024-12-28,wk inc flu hosp,quantile,0.75,3.6798287840284796
47,2024-12-14,2,2024-12-28,wk inc flu hosp,quantile,0.75,183.4737287203252
48,2024-12-14,2,2024-12-28,wk inc flu hosp,quantile,0.75,916.3141820199928
49,2024-12-14,2,2024-12-28,wk inc flu hosp,quantile,0.75,151.09849143635
50,2024-12-14,2,2024-12-28,wk inc flu hosp,quantile,0.75,0.0
51,2024-12-14,2,2024-12-28,wk inc flu hosp,quantile,0.75,135.10346062372022
53,2024-12-14,2,2024-12-28,wk inc flu hosp,quantile,0.75,109.14835949532159
54,2024-12-14,2,2024-12-28,wk inc flu hosp,quantile,0.75,32.349120410233176
55,2024-12-14,2,2024-12-28,wk inc flu hosp,quantile,0.75,49.97813843783453
56,2024-12-14,2,2024-12-28,wk inc flu hosp,quantile,0.75,3.1677128716880527
72,2024-12-14,2,2024-12-28,wk inc flu hosp,quantile,0.75,696.6036957443149
US,2024-12-14,2,2024-12-28,wk inc flu hosp,quantile,0.75,12321.027729583519
01,2024-12-14,3,2025-01-04,wk inc flu hosp,quantile,0.75,249.72469854311842
02,2024-12-14,3,2025-01-04,wk inc flu hosp,quantile,0.75,31.728541319395827
04,2024-12-14,3,2025-01-04,wk inc flu hosp,quantile,0.75,1292.573851476304
05,2024-12-14,3,2025-01-04,wk inc flu hosp,quantile,0.75,47.065997300494836
06,2024-12-14,3,2025-01-04,wk inc flu hosp,quantile,0.75,1824.6133485032042
08,2024-12-14,3,2025-01-04,wk inc flu hosp,quantile,0.75,242.4960608122901
09,2024-12-14,3,2025-01-04,wk inc flu hosp,quantile,0.75,53.87657627477804
10,2024-12-14,3,2025-01-04,wk inc flu hosp,quantile,0.75,47.18241139112928
11,2024-12-14,3,2025-01-04,wk inc flu hosp,quantile,0.75,0.9649717442805245
12,2024-12-14,3,2025-01-04,wk inc flu hosp,quantile,0.75,1057.7015276716857
13,2024-12-14,3,2025-01-04,wk inc flu hosp,quantile,0.75,192.9686660024716
15,2024-12-14,3,2025-01-04,wk inc flu hosp,quantile,0.75,39.81375643837896
16,2024-12-14,3,2025-01-04,wk inc flu hosp,quantile,0.75,139.1598764270316
17,2024-12-14,3,2025-01-04,wk inc flu hosp,quantile,0.75,178.94107979487336
18,2024-12-14,3,2025-01-04,wk inc flu hosp,quantile,0.75,181.7102126824175
19,2024-12-14,3,2025-01-04,wk inc flu hosp,quantile,0.75,50.85752084362762
20,2024-12-14,3,2025-01-04,wk inc flu hosp,quantile,0.75,104.97189173463813
21,2024-12-14,3,2025-01-04,wk inc flu hosp,quantile,0.75,137.62352020280366
22,2024-12-14,3,2025-01-04,wk inc flu hosp,quantile,0.75,253.73263053485297
23,2024-12-14,3,2025-01-04,wk inc flu hosp,quantile,0.75,16.934506844591358
24,2024-12-14,3,2025-01-04,wk inc flu hosp,quantile,0.75,80.26906601570542
25,2024-12-14,3,2025-01-04,wk inc flu hosp,quantile,0.75,188.68784438869744
26,2024-12-14,3,2025-01-04,wk inc flu hosp,quantile,0.75,99.1369219792279
27,2024-12-14,3,2025-01-04,wk inc flu hosp,quantile,0.75,171.45811057838907
28,2024-12-14,3,2025-01-04,wk inc flu hosp,quantile,0.75,56.255513930231075
29,2024-12-14,3,2025-01-04,wk inc flu hosp,quantile,0.75,77.01234986722527
30,2024-12-14,3,2025-01-04,wk inc flu hosp,quantile,0.75,7.844401381988861
31,2024-12-14,3,2025-01-04,wk inc flu hosp,quantile,0.75,20.42013823693867
32,2024-12-14,3,2025-01-04,wk inc flu hosp,quantile,0.75,133.18070916678815
33,2024-12-14,3,2025-01-04,wk inc flu hosp,quantile,0.75,26.195000611715844
34,2024-12-14,3,2025-01-04,wk inc flu hosp,quantile,0.75,325.7306867503602
35,2024-12-14,3,2025-01-04,wk inc flu hosp,quantile,0.75,280.14273530263443
36,2024-12-14,3,2025-01-04,wk inc flu hosp,quantile,0.75,867.1576781476398
37,2024-12-14,3,2025-01-04,wk inc flu hosp,quantile,0.75,177.0494749255377
38,2024-12-14,3,2025-01-04,wk inc flu hosp,quantile,0.75,3.1740826395470214
39,2024-12-14,3,2025-01-04,wk inc flu hosp,quantile,0.75,224.47197760408181
40,2024-12-14,3,2025-01-04,wk inc flu hosp,quantile,0.75,70.90592609924272
41,2024-12-14,3,2025-01-04,wk inc flu hosp,quantile,0.75,199.4906875395943
42,2024-12-14,3,2025-01-04,wk inc flu hosp,quantile,0.75,280.2683843856802
44,2024-12-14,3,2025-01-04,wk inc flu hosp,quantile,0.75,21.588841842872547
45,2024-12-14,3,2025-01-04,wk inc flu hosp,quantile,0.75,111.45254745148586
46,2024-12-14,3,2025-01-04,wk inc flu hosp,quantile,0.75,3.5968112777502546
47,2024-12-14,3,2025-01-04,wk inc flu hosp,quantile,0.75,184.86050131959007
48,2024-12-14,3,2025-01-04,wk inc flu hosp,quantile,0.75,1071.361600424496
49,2024-12-14,3,2025-01-04,wk inc flu hosp,quantile,0.75,168.53944346945514
50,2024-12-14,3,2025-01-04,wk inc flu hosp,quantile,0.75,0.0
51,2024-12-14,3,2025-01-04,wk inc flu hosp,quantile,0.75,159.85233950086513
53,2024-12-14,3,2025-01-04,wk inc flu hosp,quantile,0.75,125.10652954694787
54,2024-12-14,3,2025-01-04,wk inc flu hosp,quantile,0.75,38.46377315902217
55,2024-12-14,3,2025-01-04,wk inc flu hosp,quantile,0.75,58.26952555876223
56,2024-12-14,3,2025-01-04,wk inc flu hosp,quantile,0.75,2.3682248528131002
72,2024-12-14,3,2025-01-04,wk inc flu hosp,quantile,0.75,705.4028318841014
US,2024-12-14,3,2025-01-04,wk inc flu hosp,quantile,0.75,14742.689028219187
01,2024-12-14,0,2024-12-14,wk inc flu hosp,quantile,0.8,151.62882750600568
02,2024-12-14,0,2024-12-14,wk inc flu hosp,quantile,0.8,24.102455591078595
04,2024-12-14,0,2024-12-14,wk inc flu hosp,quantile,0.8,1134.0985092991739
05,2024-12-14,0,2024-12-14,wk inc flu hosp,quantile,0.8,29.555218934057436
06,2024-12-14,0,2024-12-14,wk inc flu hosp,quantile,0.8,1248.6994889395914
08,2024-12-14,0,2024-12-14,wk inc flu hosp,quantile,0.8,139.4895602586235
09,2024-12-14,0,2024-12-14,wk inc flu hosp,quantile,0.8,21.877966256207248
10,2024-12-14,0,2024-12-14,wk inc flu hosp,quantile,0.8,27.215895833747023
11,2024-12-14,0,2024-12-14,wk inc flu hosp,quantile,0.8,2.8650039693322236
12,2024-12-14,0,2024-12-14,wk inc flu hosp,quantile,0.8,808.7143453501731
13,2024-12-14,0,2024-12-14,wk inc flu hosp,quantile,0.8,111.71718645710946
15,2024-12-14,0,2024-12-14,wk inc flu hosp,quantile,0.8,29.006732766603854
16,2024-12-14,0,2024-12-14,wk inc flu hosp,quantile,0.8,93.33246380224872
17,2024-12-14,0,2024-12-14,wk inc flu hosp,quantile,0.8,129.51342125104134
18,2024-12-14,0,2024-12-14,wk inc flu hosp,quantile,0.8,90.35289399783007
19,2024-12-14,0,2024-12-14,wk inc flu hosp,quantile,0.8,28.483491517710792
20,2024-12-14,0,2024-12-14,wk inc flu hosp,quantile,0.8,47.72348317344095
21,2024-12-14,0,2024-12-14,wk inc flu hosp,quantile,0.8,74.3392262948185
22,2024-12-14,0,2024-12-14,wk inc flu hosp,quantile,0.8,203.84076628511426
23,2024-12-14,0,2024-12-14,wk inc flu hosp,quantile,0.8,5.78919869726986
24,2024-12-14,0,2024-12-14,wk inc flu hosp,quantile,0.8,40.89160125628804
25,2024-12-14,0,2024-12-14,wk inc flu hosp,quantile,0.8,113.10769976461049
26,2024-12-14,0,2024-12-14,wk inc flu hosp,quantile,0.8,88.80599872079752
27,2024-12-14,0,2024-12-14,wk inc flu hosp,quantile,0.8,97.74923425161674
28,2024-12-14,0,2024-12-14,wk inc flu hosp,quantile,0.8,46.6819815181784
29,2024-12-14,0,2024-12-14,wk inc flu hosp,quantile,0.8,62.223710818695594
30,2024-12-14,0,2024-12-14,wk inc flu hosp,quantile,0.8,4.653508717579861
31,2024-12-14,0,2024-12-14,wk inc flu hosp,quantile,0.8,12.307912616585796
32,2024-12-14,0,2024-12-14,wk inc flu hosp,quantile,0.8,87.78660599530951
33,2024-12-14,0,2024-12-14,wk inc flu hosp,quantile,0.8,20.36095782206
34,2024-12-14,0,2024-12-14,wk inc flu hosp,quantile,0.8,169.19998369588777
35,2024-12-14,0,2024-12-14,wk inc flu hosp,quantile,0.8,153.45313653624888
36,2024-12-14,0,2024-12-14,wk inc flu hosp,quantile,0.8,421.37870227852034
37,2024-12-14,0,2024-12-14,wk inc flu hosp,quantile,0.8,92.6444583631749
38,2024-12-14,0,2024-12-14,wk inc flu hosp,quantile,0.8,3.185305722860276
39,2024-12-14,0,2024-12-14,wk inc flu hosp,quantile,0.8,119.5704591700381
40,2024-12-14,0,2024-12-14,wk inc flu hosp,quantile,0.8,44.974456143639834
41,2024-12-14,0,2024-12-14,wk inc flu hosp,quantile,0.8,113.75043264027059
42,2024-12-14,0,2024-12-14,wk inc flu hosp,quantile,0.8,220.40594932329253
44,2024-12-14,0,2024-12-14,wk inc flu hosp,quantile,0.8,12.584158275738089
45,2024-12-14,0,2024-12-14,wk inc flu hosp,quantile,0.8,69.29030572296564
46,2024-12-14,0,2024-12-14,wk inc flu hosp,quantile,0.8,2.9644083003259363
47,2024-12-14,0,2024-12-14,wk inc flu hosp,quantile,0.8,151.9058985055684
48,2024-12-14,0,2024-12-14,wk inc flu hosp,quantile,0.8,653.8304439493227
49,2024-12-14,0,2024-12-14,wk inc flu hosp,quantile,0.8,100.19086955571429
50,2024-12-14,0,2024-12-14,wk inc flu hosp,quantile,0.8,0.0
51,2024-12-14,0,2024-12-14,wk inc flu hosp,quantile,0.8,82.96660681019713
53,2024-12-14,0,2024-12-14,wk inc flu hosp,quantile,0.8,76.09993943980174
54,2024-12-14,0,2024-12-14,wk inc flu hosp,quantile,0.8,22.10689734066258
55,2024-12-14,0,2024-12-14,wk inc flu hosp,quantile,0.8,36.53518588047481
56,2024-12-14,0,2024-12-14,wk inc flu hosp,quantile,0.8,4.893562312211187
72,2024-12-14,0,2024-12-14,wk inc flu hosp,quantile,0.8,589.1864342538107
US,2024-12-14,0,2024-12-14,wk inc flu hosp,quantile,0.8,8202.140919864058
01,2024-12-14,1,2024-12-21,wk inc flu hosp,quantile,0.8,189.49174682236912
02,2024-12-14,1,2024-12-21,wk inc flu hosp,quantile,0.8,29.467988744688643
04,2024-12-14,1,2024-12-21,wk inc flu hosp,quantile,0.8,1321.6655880559267
05,2024-12-14,1,2024-12-21,wk inc flu hosp,quantile,0.8,35.72523761909845
06,2024-12-14,1,2024-12-21,wk inc flu hosp,quantile,0.8,1571.281375101824
08,2024-12-14,1,2024-12-21,wk inc flu hosp,quantile,0.8,185.08661683026259
09,2024-12-14,1,2024-12-21,wk inc flu hosp,quantile,0.8,32.09793113569779
10,2024-12-14,1,2024-12-21,wk inc flu hosp,quantile,0.8,33.431244925042535
11,2024-12-14,1,2024-12-21,wk inc flu hosp,quantile,0.8,2.491636066863427
12,2024-12-14,1,2024-12-21,wk inc flu hosp,quantile,0.8,892.3242192539643
13,2024-12-14,1,2024-12-21,wk inc flu hosp,quantile,0.8,135.79570584396745
15,2024-12-14,1,2024-12-21,wk inc flu hosp,quantile,0.8,32.543004964756065
16,2024-12-14,1,2024-12-21,wk inc flu hosp,quantile,0.8,113.87147346719516
17,2024-12-14,1,2024-12-21,wk inc flu hosp,quantile,0.8,153.57601015940202
18,2024-12-14,1,2024-12-21,wk inc flu hosp,quantile,0.8,121.02501984010449
19,2024-12-14,1,2024-12-21,wk inc flu hosp,quantile,0.8,38.623492813611136
20,2024-12-14,1,2024-12-21,wk inc flu hosp,quantile,0.8,66.49483632052076
21,2024-12-14,1,2024-12-21,wk inc flu hosp,quantile,0.8,96.20710559313348
22,2024-12-14,1,2024-12-21,wk inc flu hosp,quantile,0.8,223.64913797845156
23,2024-12-14,1,2024-12-21,wk inc flu hosp,quantile,0.8,8.935731486606043
24,2024-12-14,1,2024-12-21,wk inc flu hosp,quantile,0.8,51.54073613176977
25,2024-12-14,1,2024-12-21,wk inc flu hosp,quantile,0.8,143.0914019344487
26,2024-12-14,1,2024-12-21,wk inc flu hosp,quantile,0.8,94.02810542094286
27,2024-12-14,1,2024-12-21,wk inc flu hosp,quantile,0.8,113.45749402110656
28,2024-12-14,1,2024-12-21,wk inc flu hosp,quantile,0.8,53.28458193183041
29,2024-12-14,1,2024-12-21,wk inc flu hosp,quantile,0.8,69.02627405513635
30,2024-12-14,1,2024-12-21,wk inc flu hosp,quantile,0.8,6.052064634284491
31,2024-12-14,1,2024-12-21,wk inc flu hosp,quantile,0.8,14.628814324064342
32,2024-12-14,1,2024-12-21,wk inc flu hosp,quantile,0.8,101.06264271484228
33,2024-12-14,1,2024-12-21,wk inc flu hosp,quantile,0.8,22.026047074723962
34,2024-12-14,1,2024-12-21,wk inc flu hosp,quantile,0.8,233.00027819768945
35,2024-12-14,1,2024-12-21,wk inc flu hosp,quantile,0.8,204.66285178262652
36,2024-12-14,1,2024-12-21,wk inc flu hosp,quantile,0.8,630.9319628353481
37,2024-12-14,1,2024-12-21,wk inc flu hosp,quantile,0.8,120.1559663391105
38,2024-12-14,1,2024-12-21,wk inc flu hosp,quantile,0.8,3.6487748462578646
39,2024-12-14,1,2024-12-21,wk inc flu hosp,quantile,0.8,162.4142946321966
40,2024-12-14,1,2024-12-21,wk inc flu hosp,quantile,0.8,55.1693107885189
41,2024-12-14,1,2024-12-21,wk inc flu hosp,quantile,0.8,140.8478484654946
42,2024-12-14,1,2024-12-21,wk inc flu hosp,quantile,0.8,249.18267258458536
44,2024-12-14,1,2024-12-21,wk inc flu hosp,quantile,0.8,16.207586954984727
45,2024-12-14,1,2024-12-21,wk inc flu hosp,quantile,0.8,87.01057956589734
46,2024-12-14,1,2024-12-21,wk inc flu hosp,quantile,0.8,3.935877723172938
47,2024-12-14,1,2024-12-21,wk inc flu hosp,quantile,0.8,167.815170787647
48,2024-12-14,1,2024-12-21,wk inc flu hosp,quantile,0.8,809.2388321327776
49,2024-12-14,1,2024-12-21,wk inc flu hosp,quantile,0.8,131.42171673056416
50,2024-12-14,1,2024-12-21,wk inc flu hosp,quantile,0.8,0.09646270529124139
51,2024-12-14,1,2024-12-21,wk inc flu hosp,quantile,0.8,107.2011625266679
53,2024-12-14,1,2024-12-21,wk inc flu hosp,quantile,0.8,93.21769199120743
54,2024-12-14,1,2024-12-21,wk inc flu hosp,quantile,0.8,27.430713605473976
55,2024-12-14,1,2024-12-21,wk inc flu hosp,quantile,0.8,44.75431828660457
56,2024-12-14,1,2024-12-21,wk inc flu hosp,quantile,0.8,4.6288115940323
72,2024-12-14,1,2024-12-21,wk inc flu hosp,quantile,0.8,674.3715966392996
US,2024-12-14,1,2024-12-21,wk inc flu hosp,quantile,0.8,10804.738032544432
01,2024-12-14,2,2024-12-28,wk inc flu hosp,quantile,0.8,222.91629626437458
02,2024-12-14,2,2024-12-28,wk inc flu hosp,quantile,0.8,31.25798151084026
04,2024-12-14,2,2024-12-28,wk inc flu hosp,quantile,0.8,1407.7027217346283
05,2024-12-14,2,2024-12-28,wk inc flu hosp,quantile,0.8,42.79085110141864
06,2024-12-14,2,2024-12-28,wk inc flu hosp,quantile,0.8,1830.6098021767048
08,2024-12-14,2,2024-12-28,wk inc flu hosp,quantile,0.8,232.64963240403986
09,2024-12-14,2,2024-12-28,wk inc flu hosp,quantile,0.8,44.740804946984596
10,2024-12-14,2,2024-12-28,wk inc flu hosp,quantile,0.8,42.54678079413862
11,2024-12-14,2,2024-12-28,wk inc flu hosp,quantile,0.8,2.039302724057129
12,2024-12-14,2,2024-12-28,wk inc flu hosp,quantile,0.8,983.746036594181
13,2024-12-14,2,2024-12-28,wk inc flu hosp,quantile,0.8,165.53545088514127
15,2024-12-14,2,2024-12-28,wk inc flu hosp,quantile,0.8,37.657422778244324
16,2024-12-14,2,2024-12-28,wk inc flu hosp,quantile,0.8,140.12503382685293
17,2024-12-14,2,2024-12-28,wk inc flu hosp,quantile,0.8,165.0433366951734
18,2024-12-14,2,2024-12-28,wk inc flu hosp,quantile,0.8,153.80002022551417
19,2024-12-14,2,2024-12-28,wk inc flu hosp,quantile,0.8,44.97578664561409
20,2024-12-14,2,2024-12-28,wk inc flu hosp,quantile,0.8,84.77048536353549
21,2024-12-14,2,2024-12-28,wk inc flu hosp,quantile,0.8,113.82662696167702
22,2024-12-14,2,2024-12-28,wk inc flu hosp,quantile,0.8,245.23683626328034
23,2024-12-14,2,2024-12-28,wk inc flu hosp,quantile,0.8,12.899480305153157
24,2024-12-14,2,2024-12-28,wk inc flu hosp,quantile,0.8,67.1522845809144
25,2024-12-14,2,2024-12-28,wk inc flu hosp,quantile,0.8,169.24181581242684
26,2024-12-14,2,2024-12-28,wk inc flu hosp,quantile,0.8,97.76089977990188
27,2024-12-14,2,2024-12-28,wk inc flu hosp,quantile,0.8,142.54400073485454
28,2024-12-14,2,2024-12-28,wk inc flu hosp,quantile,0.8,57.18941305146172
29,2024-12-14,2,2024-12-28,wk inc flu hosp,quantile,0.8,72.7980354192848
30,2024-12-14,2,2024-12-28,wk inc flu hosp,quantile,0.8,7.3453993612652955
31,2024-12-14,2,2024-12-28,wk inc flu hosp,quantile,0.8,17.82794855413158
32,2024-12-14,2,2024-12-28,wk inc flu hosp,quantile,0.8,118.14809071894067
33,2024-12-14,2,2024-12-28,wk inc flu hosp,quantile,0.8,24.724893082686812
34,2024-12-14,2,2024-12-28,wk inc flu hosp,quantile,0.8,268.71521760107026
35,2024-12-14,2,2024-12-28,wk inc flu hosp,quantile,0.8,254.8930883797674
36,2024-12-14,2,2024-12-28,wk inc flu hosp,quantile,0.8,735.2208112100923
37,2024-12-14,2,2024-12-28,wk inc flu hosp,quantile,0.8,153.70285042657724
38,2024-12-14,2,2024-12-28,wk inc flu hosp,quantile,0.8,3.6898275710038106
39,2024-12-14,2,2024-12-28,wk inc flu hosp,quantile,0.8,194.2422486835365
40,2024-12-14,2,2024-12-28,wk inc flu hosp,quantile,0.8,63.88599774586631
41,2024-12-14,2,2024-12-28,wk inc flu hosp,quantile,0.8,170.39088895471264
42,2024-12-14,2,2024-12-28,wk inc flu hosp,quantile,0.8,274.86842256086254
44,2024-12-14,2,2024-12-28,wk inc flu hosp,quantile,0.8,20.16118460246491
45,2024-12-14,2,2024-12-28,wk inc flu hosp,quantile,0.8,97.35531568311205
46,2024-12-14,2,2024-12-28,wk inc flu hosp,quantile,0.8,4.426998211099402
47,2024-12-14,2,2024-12-28,wk inc flu hosp,quantile,0.8,190.36693351461957
48,2024-12-14,2,2024-12-28,wk inc flu hosp,quantile,0.8,981.5429835705597
49,2024-12-14,2,2024-12-28,wk inc flu hosp,quantile,0.8,152.57670469820744
50,2024-12-14,2,2024-12-28,wk inc flu hosp,quantile,0.8,0.0
51,2024-12-14,2,2024-12-28,wk inc flu hosp,quantile,0.8,135.23286087776512
53,2024-12-14,2,2024-12-28,wk inc flu hosp,quantile,0.8,111.18392005108815
54,2024-12-14,2,2024-12-28,wk inc flu hosp,quantile,0.8,34.1283120282855
55,2024-12-14,2,2024-12-28,wk inc flu hosp,quantile,0.8,51.503262881495225
56,2024-12-14,2,2024-12-28,wk inc flu hosp,quantile,0.8,4.145484758692815
72,2024-12-14,2,2024-12-28,wk inc flu hosp,quantile,0.8,720.9194107136453
US,2024-12-14,2,2024-12-28,wk inc flu hosp,quantile,0.8,12886.338229921877
01,2024-12-14,3,2025-01-04,wk inc flu hosp,quantile,0.8,265.58587671572946
02,2024-12-14,3,2025-01-04,wk inc flu hosp,quantile,0.8,33.36822314794141
04,2024-12-14,3,2025-01-04,wk inc flu hosp,quantile,0.8,1387.199505100233
05,2024-12-14,3,2025-01-04,wk inc flu hosp,quantile,0.8,49.06327758227823
06,2024-12-14,3,2025-01-04,wk inc flu hosp,quantile,0.8,1922.735794585632
08,2024-12-14,3,2025-01-04,wk inc flu hosp,quantile,0.8,266.3165884496889
09,2024-12-14,3,2025-01-04,wk inc flu hosp,quantile,0.8,55.750948559038434
10,2024-12-14,3,2025-01-04,wk inc flu hosp,quantile,0.8,51.6261027701567
11,2024-12-14,3,2025-01-04,wk inc flu hosp,quantile,0.8,1.5780588029976552
12,2024-12-14,3,2025-01-04,wk inc flu hosp,quantile,0.8,1070.3672902056985
13,2024-12-14,3,2025-01-04,wk inc flu hosp,quantile,0.8,195.76405023937744
15,2024-12-14,3,2025-01-04,wk inc flu hosp,quantile,0.8,40.408737360571585
16,2024-12-14,3,2025-01-04,wk inc flu hosp,quantile,0.8,152.66777376644606
17,2024-12-14,3,2025-01-04,wk inc flu hosp,quantile,0.8,181.97892380049035
18,2024-12-14,3,2025-01-04,wk inc flu hosp,quantile,0.8,184.88281299156085
19,2024-12-14,3,2025-01-04,wk inc flu hosp,quantile,0.8,51.291558027002054
20,2024-12-14,3,2025-01-04,wk inc flu hosp,quantile,0.8,105.91946579048886
21,2024-12-14,3,2025-01-04,wk inc flu hosp,quantile,0.8,143.176110767297
22,2024-12-14,3,2025-01-04,wk inc flu hosp,quantile,0.8,256.4204594703555
23,2024-12-14,3,2025-01-04,wk inc flu hosp,quantile,0.8,17.10042753873645
24,2024-12-14,3,2025-01-04,wk inc flu hosp,quantile,0.8,84.87496976210585
25,2024-12-14,3,2025-01-04,wk inc flu hosp,quantile,0.8,188.83348662624095
26,2024-12-14,3,2025-01-04,wk inc flu hosp,quantile,0.8,99.34627653762821
27,2024-12-14,3,2025-01-04,wk inc flu hosp,quantile,0.8,175.88324842944854
28,2024-12-14,3,2025-01-04,wk inc flu hosp,quantile,0.8,59.0881170645761
29,2024-12-14,3,2025-01-04,wk inc flu hosp,quantile,0.8,79.45603292142282
30,2024-12-14,3,2025-01-04,wk inc flu hosp,quantile,0.8,7.852540876870614
31,2024-12-14,3,2025-01-04,wk inc flu hosp,quantile,0.8,20.637182878498372
32,2024-12-14,3,2025-01-04,wk inc flu hosp,quantile,0.8,134.3619351245263
33,2024-12-14,3,2025-01-04,wk inc flu hosp,quantile,0.8,26.749414281220897
34,2024-12-14,3,2025-01-04,wk inc flu hosp,quantile,0.8,335.8280905417471
35,2024-12-14,3,2025-01-04,wk inc flu hosp,quantile,0.8,293.6389974737151
36,2024-12-14,3,2025-01-04,wk inc flu hosp,quantile,0.8,894.094436499803
37,2024-12-14,3,2025-01-04,wk inc flu hosp,quantile,0.8,183.8009959236472
38,2024-12-14,3,2025-01-04,wk inc flu hosp,quantile,0.8,3.709598699094855
39,2024-12-14,3,2025-01-04,wk inc flu hosp,quantile,0.8,225.03546086436202
40,2024-12-14,3,2025-01-04,wk inc flu hosp,quantile,0.8,75.0118000110003
41,2024-12-14,3,2025-01-04,wk inc flu hosp,quantile,0.8,199.78937600124658
42,2024-12-14,3,2025-01-04,wk inc flu hosp,quantile,0.8,282.21181200853056
44,2024-12-14,3,2025-01-04,wk inc flu hosp,quantile,0.8,23.304106652521043
45,2024-12-14,3,2025-01-04,wk inc flu hosp,quantile,0.8,116.14293438107337
46,2024-12-14,3,2025-01-04,wk inc flu hosp,quantile,0.8,3.954619084300236
47,2024-12-14,3,2025-01-04,wk inc flu hosp,quantile,0.8,195.11652713762925
48,2024-12-14,3,2025-01-04,wk inc flu hosp,quantile,0.8,1171.5066329615634
49,2024-12-14,3,2025-01-04,wk inc flu hosp,quantile,0.8,172.277430163418
50,2024-12-14,3,2025-01-04,wk inc flu hosp,quantile,0.8,0.0
51,2024-12-14,3,2025-01-04,wk inc flu hosp,quantile,0.8,160.8829799187168
53,2024-12-14,3,2025-01-04,wk inc flu hosp,quantile,0.8,130.18667207338993
54,2024-12-14,3,2025-01-04,wk inc flu hosp,quantile,0.8,39.3024874588578
55,2024-12-14,3,2025-01-04,wk inc flu hosp,quantile,0.8,59.31909119909757
56,2024-12-14,3,2025-01-04,wk inc flu hosp,quantile,0.8,3.116130158644031
72,2024-12-14,3,2025-01-04,wk inc flu hosp,quantile,0.8,729.9134981621389
US,2024-12-14,3,2025-01-04,wk inc flu hosp,quantile,0.8,15409.704914811206
01,2024-12-14,0,2024-12-14,wk inc flu hosp,quantile,0.85,151.86658409827325
02,2024-12-14,0,2024-12-14,wk inc flu hosp,quantile,0.85,24.79532461376258
04,2024-12-14,0,2024-12-14,wk inc flu hosp,quantile,0.85,1168.219177980964
05,2024-12-14,0,2024-12-14,wk inc flu hosp,quantile,0.85,30.70577318914732
06,2024-12-14,0,2024-12-14,wk inc flu hosp,quantile,0.85,1274.162928782644
08,2024-12-14,0,2024-12-14,wk inc flu hosp,quantile,0.85,148.70152167888793
09,2024-12-14,0,2024-12-14,wk inc flu hosp,quantile,0.85,23.57005093676077
10,2024-12-14,0,2024-12-14,wk inc flu hosp,quantile,0.85,27.935945199436993
11,2024-12-14,0,2024-12-14,wk inc flu hosp,quantile,0.85,3.7095720211580763
12,2024-12-14,0,2024-12-14,wk inc flu hosp,quantile,0.85,826.6805053445316
13,2024-12-14,0,2024-12-14,wk inc flu hosp,quantile,0.85,118.47488023054659
15,2024-12-14,0,2024-12-14,wk inc flu hosp,quantile,0.85,31.920827180294175
16,2024-12-14,0,2024-12-14,wk inc flu hosp,quantile,0.85,96.54501232794217
17,2024-12-14,0,2024-12-14,wk inc flu hosp,quantile,0.85,129.6990002475429
18,2024-12-14,0,2024-12-14,wk inc flu hosp,quantile,0.85,92.33416539017774
19,2024-12-14,0,2024-12-14,wk inc flu hosp,quantile,0.85,29.24067748387167
20,2024-12-14,0,2024-12-14,wk inc flu hosp,quantile,0.85,50.43775440944134
21,2024-12-14,0,2024-12-14,wk inc flu hosp,quantile,0.85,75.12119556127608
22,2024-12-14,0,2024-12-14,wk inc flu hosp,quantile,0.85,205.73388674731711
23,2024-12-14,0,2024-12-14,wk inc flu hosp,quantile,0.85,6.023360876521479
24,2024-12-14,0,2024-12-14,wk inc flu hosp,quantile,0.85,41.370661659512365
25,2024-12-14,0,2024-12-14,wk inc flu hosp,quantile,0.85,114.06246086817727
26,2024-12-14,0,2024-12-14,wk inc flu hosp,quantile,0.85,89.2454059655345
27,2024-12-14,0,2024-12-14,wk inc flu hosp,quantile,0.85,99.61339929516816
28,2024-12-14,0,2024-12-14,wk inc flu hosp,quantile,0.85,48.21322776274711
29,2024-12-14,0,2024-12-14,wk inc flu hosp,quantile,0.85,62.48732433400209
30,2024-12-14,0,2024-12-14,wk inc flu hosp,quantile,0.85,5.135564637402054
31,2024-12-14,0,2024-12-14,wk inc flu hosp,quantile,0.85,12.562755125049167
32,2024-12-14,0,2024-12-14,wk inc flu hosp,quantile,0.85,90.54047835457115
33,2024-12-14,0,2024-12-14,wk inc flu hosp,quantile,0.85,21.1280660194881
34,2024-12-14,0,2024-12-14,wk inc flu hosp,quantile,0.85,173.95271075246342
35,2024-12-14,0,2024-12-14,wk inc flu hosp,quantile,0.85,154.00113376847852
36,2024-12-14,0,2024-12-14,wk inc flu hosp,quantile,0.85,424.5169481095236
37,2024-12-14,0,2024-12-14,wk inc flu hosp,quantile,0.85,97.70999644479514
38,2024-12-14,0,2024-12-14,wk inc flu hosp,quantile,0.85,3.676609456604956
39,2024-12-14,0,2024-12-14,wk inc flu hosp,quantile,0.85,123.25858164855717
40,2024-12-14,0,2024-12-14,wk inc flu hosp,quantile,0.85,45.13013022937523
41,2024-12-14,0,2024-12-14,wk inc flu hosp,quantile,0.85,114.03707484296436
42,2024-12-14,0,2024-12-14,wk inc flu hosp,quantile,0.85,220.73974016095175
44,2024-12-14,0,2024-12-14,wk inc flu hosp,quantile,0.85,12.98520666747877
45,2024-12-14,0,2024-12-14,wk inc flu hosp,quantile,0.85,69.36481515421328
46,2024-12-14,0,2024-12-14,wk inc flu hosp,quantile,0.85,3.216629691486257
47,2024-12-14,0,2024-12-14,wk inc flu hosp,quantile,0.85,169.97501764229239
48,2024-12-14,0,2024-12-14,wk inc flu hosp,quantile,0.85,654.8169448049795
49,2024-12-14,0,2024-12-14,wk inc flu hosp,quantile,0.85,102.24232216536805
50,2024-12-14,0,2024-12-14,wk inc flu hosp,quantile,0.85,0.13647623623688732
51,2024-12-14,0,2024-12-14,wk inc flu hosp,quantile,0.85,83.61038156334493
53,2024-12-14,0,2024-12-14,wk inc flu hosp,quantile,0.85,78.62279277877714
54,2024-12-14,0,2024-12-14,wk inc flu hosp,quantile,0.85,23.816932364989604
55,2024-12-14,0,2024-12-14,wk inc flu hosp,quantile,0.85,36.91270714251412
56,2024-12-14,0,2024-12-14,wk inc flu hosp,quantile,0.85,5.677300002755424
72,2024-12-14,0,2024-12-14,wk inc flu hosp,quantile,0.85,602.6986483356526
US,2024-12-14,0,2024-12-14,wk inc flu hosp,quantile,0.85,8366.761911905513
01,2024-12-14,1,2024-12-21,wk inc flu hosp,quantile,0.85,190.10180121932174
02,2024-12-14,1,2024-12-21,wk inc flu hosp,quantile,0.85,29.826958366452722
04,2024-12-14,1,2024-12-21,wk inc flu hosp,quantile,0.85,1333.236491378346
05,2024-12-14,1,2024-12-21,wk inc flu hosp,quantile,0.85,35.94584120229173
06,2024-12-14,1,2024-12-21,wk inc flu hosp,quantile,0.85,1573.7193474925157
08,2024-12-14,1,2024-12-21,wk inc flu hosp,quantile,0.85,188.7312316236534
09,2024-12-14,1,2024-12-21,wk inc flu hosp,quantile,0.85,32.28055491085537
10,2024-12-14,1,2024-12-21,wk inc flu hosp,quantile,0.85,34.36788347252495
11,2024-12-14,1,2024-12-21,wk inc flu hosp,quantile,0.85,3.4031523471217593
12,2024-12-14,1,2024-12-21,wk inc flu hosp,quantile,0.85,913.1904524978399
13,2024-12-14,1,2024-12-21,wk inc flu hosp,quantile,0.85,137.5245293091291
15,2024-12-14,1,2024-12-21,wk inc flu hosp,quantile,0.85,33.70296427933368
16,2024-12-14,1,2024-12-21,wk inc flu hosp,quantile,0.85,117.68570967886038
17,2024-12-14,1,2024-12-21,wk inc flu hosp,quantile,0.85,158.15985478080196
18,2024-12-14,1,2024-12-21,wk inc flu hosp,quantile,0.85,121.92626186579783
19,2024-12-14,1,2024-12-21,wk inc flu hosp,quantile,0.85,40.81804112430046
20,2024-12-14,1,2024-12-21,wk inc flu hosp,quantile,0.85,66.86695648487601
21,2024-12-14,1,2024-12-21,wk inc flu hosp,quantile,0.85,97.34040204176372
22,2024-12-14,1,2024-12-21,wk inc flu hosp,quantile,0.85,227.7616775997151
23,2024-12-14,1,2024-12-21,wk inc flu hosp,quantile,0.85,8.957381506221774
24,2024-12-14,1,2024-12-21,wk inc flu hosp,quantile,0.85,52.925149336898045
25,2024-12-14,1,2024-12-21,wk inc flu hosp,quantile,0.85,147.2126542546838
26,2024-12-14,1,2024-12-21,wk inc flu hosp,quantile,0.85,94.81255297092795
27,2024-12-14,1,2024-12-21,wk inc flu hosp,quantile,0.85,114.46556801298227
28,2024-12-14,1,2024-12-21,wk inc flu hosp,quantile,0.85,55.22617624262436
29,2024-12-14,1,2024-12-21,wk inc flu hosp,quantile,0.85,69.95636865388931
30,2024-12-14,1,2024-12-21,wk inc flu hosp,quantile,0.85,6.897363480861406
31,2024-12-14,1,2024-12-21,wk inc flu hosp,quantile,0.85,15.035542953321198
32,2024-12-14,1,2024-12-21,wk inc flu hosp,quantile,0.85,102.28175310474354
33,2024-12-14,1,2024-12-21,wk inc flu hosp,quantile,0.85,22.33659097386207
34,2024-12-14,1,2024-12-21,wk inc flu hosp,quantile,0.85,234.78925055367242
35,2024-12-14,1,2024-12-21,wk inc flu hosp,quantile,0.85,208.11811471027275
36,2024-12-14,1,2024-12-21,wk inc flu hosp,quantile,0.85,634.2474207846916
37,2024-12-14,1,2024-12-21,wk inc flu hosp,quantile,0.85,121.3175587730136
38,2024-12-14,1,2024-12-21,wk inc flu hosp,quantile,0.85,4.207033471159725
39,2024-12-14,1,2024-12-21,wk inc flu hosp,quantile,0.85,163.53165731382276
40,2024-12-14,1,2024-12-21,wk inc flu hosp,quantile,0.85,56.3589607409182
41,2024-12-14,1,2024-12-21,wk inc flu hosp,quantile,0.85,141.68216878444778
42,2024-12-14,1,2024-12-21,wk inc flu hosp,quantile,0.85,249.8343063533021
44,2024-12-14,1,2024-12-21,wk inc flu hosp,quantile,0.85,16.496881986112324
45,2024-12-14,1,2024-12-21,wk inc flu hosp,quantile,0.85,88.20914990931209
46,2024-12-14,1,2024-12-21,wk inc flu hosp,quantile,0.85,4.39408444465488
47,2024-12-14,1,2024-12-21,wk inc flu hosp,quantile,0.85,179.84398567499574
48,2024-12-14,1,2024-12-21,wk inc flu hosp,quantile,0.85,828.9508619103019
49,2024-12-14,1,2024-12-21,wk inc flu hosp,quantile,0.85,131.88973181610447
50,2024-12-14,1,2024-12-21,wk inc flu hosp,quantile,0.85,0.3587136567139768
51,2024-12-14,1,2024-12-21,wk inc flu hosp,quantile,0.85,108.12079747165147
53,2024-12-14,1,2024-12-21,wk inc flu hosp,quantile,0.85,94.20523674823927
54,2024-12-14,1,2024-12-21,wk inc flu hosp,quantile,0.85,29.470959873673568
55,2024-12-14,1,2024-12-21,wk inc flu hosp,quantile,0.85,45.14345579637076
56,2024-12-14,1,2024-12-21,wk inc flu hosp,quantile,0.85,5.584738193089427
72,2024-12-14,1,2024-12-21,wk inc flu hosp,quantile,0.85,687.4937679367318
US,2024-12-14,1,2024-12-21,wk inc flu hosp,quantile,0.85,10846.200184776582
01,2024-12-14,2,2024-12-28,wk inc flu hosp,quantile,0.85,236.87714288318955
02,2024-12-14,2,2024-12-28,wk inc flu hosp,quantile,0.85,33.569689575169775
04,2024-12-14,2,2024-12-28,wk inc flu hosp,quantile,0.85,1474.4408314975515
05,2024-12-14,2,2024-12-28,wk inc flu hosp,quantile,0.85,46.92558508672102
06,2024-12-14,2,2024-12-28,wk inc flu hosp,quantile,0.85,1953.1108757123125
08,2024-12-14,2,2024-12-28,wk inc flu hosp,quantile,0.85,245.46880653687865
09,2024-12-14,2,2024-12-28,wk inc flu hosp,quantile,0.85,45.219708155530775
10,2024-12-14,2,2024-12-28,wk inc flu hosp,quantile,0.85,46.48141511550732
11,2024-12-14,2,2024-12-28,wk inc flu hosp,quantile,0.85,2.882567718896104
12,2024-12-14,2,2024-12-28,wk inc flu hosp,quantile,0.85,987.2148849053356
13,2024-12-14,2,2024-12-28,wk inc flu hosp,quantile,0.85,173.3366155167584
15,2024-12-14,2,2024-12-28,wk inc flu hosp,quantile,0.85,41.09795542646171
16,2024-12-14,2,2024-12-28,wk inc flu hosp,quantile,0.85,145.80018505895222
17,2024-12-14,2,2024-12-28,wk inc flu hosp,quantile,0.85,168.8497162645868
18,2024-12-14,2,2024-12-28,wk inc flu hosp,quantile,0.85,156.79883907373815
19,2024-12-14,2,2024-12-28,wk inc flu hosp,quantile,0.85,53.960735435254044
20,2024-12-14,2,2024-12-28,wk inc flu hosp,quantile,0.85,91.62701421343023
21,2024-12-14,2,2024-12-28,wk inc flu hosp,quantile,0.85,119.2923822612953
22,2024-12-14,2,2024-12-28,wk inc flu hosp,quantile,0.85,272.9717796138787
23,2024-12-14,2,2024-12-28,wk inc flu hosp,quantile,0.85,13.06461825893294
24,2024-12-14,2,2024-12-28,wk inc flu hosp,quantile,0.85,68.29475209454765
25,2024-12-14,2,2024-12-28,wk inc flu hosp,quantile,0.85,173.12832192422943
26,2024-12-14,2,2024-12-28,wk inc flu hosp,quantile,0.85,98.64755116610779
27,2024-12-14,2,2024-12-28,wk inc flu hosp,quantile,0.85,143.5057401532659
28,2024-12-14,2,2024-12-28,wk inc flu hosp,quantile,0.85,63.826752110115905
29,2024-12-14,2,2024-12-28,wk inc flu hosp,quantile,0.85,75.07080941274644
30,2024-12-14,2,2024-12-28,wk inc flu hosp,quantile,0.85,9.340417550854012
31,2024-12-14,2,2024-12-28,wk inc flu hosp,quantile,0.85,17.940238731421886
32,2024-12-14,2,2024-12-28,wk inc flu hosp,quantile,0.85,126.05517204439717
33,2024-12-14,2,2024-12-28,wk inc flu hosp,quantile,0.85,25.22613239137961
34,2024-12-14,2,2024-12-28,wk inc flu hosp,quantile,0.85,282.09181603131935
35,2024-12-14,2,2024-12-28,wk inc flu hosp,quantile,0.85,260.68096341221656
36,2024-12-14,2,2024-12-28,wk inc flu hosp,quantile,0.85,751.1827372705461
37,2024-12-14,2,2024-12-28,wk inc flu hosp,quantile,0.85,156.07383815495945
38,2024-12-14,2,2024-12-28,wk inc flu hosp,quantile,0.85,4.579183209888046
39,2024-12-14,2,2024-12-28,wk inc flu hosp,quantile,0.85,200.94220989880966
40,2024-12-14,2,2024-12-28,wk inc flu hosp,quantile,0.85,63.996558484423744
41,2024-12-14,2,2024-12-28,wk inc flu hosp,quantile,0.85,173.37278680253667
42,2024-12-14,2,2024-12-28,wk inc flu hosp,quantile,0.85,288.23454561700964
44,2024-12-14,2,2024-12-28,wk inc flu hosp,quantile,0.85,21.26586303395218
45,2024-12-14,2,2024-12-28,wk inc flu hosp,quantile,0.85,105.06033105054073
46,2024-12-14,2,2024-12-28,wk inc flu hosp,quantile,0.85,5.688237703862178
47,2024-12-14,2,2024-12-28,wk inc flu hosp,quantile,0.85,222.7742523414543
48,2024-12-14,2,2024-12-28,wk inc flu hosp,quantile,0.85,1003.8968407341536
49,2024-12-14,2,2024-12-28,wk inc flu hosp,quantile,0.85,154.1644318696353
50,2024-12-14,2,2024-12-28,wk inc flu hosp,quantile,0.85,0.3107045515538656
51,2024-12-14,2,2024-12-28,wk inc flu hosp,quantile,0.85,135.76022938693694
53,2024-12-14,2,2024-12-28,wk inc flu hosp,quantile,0.85,112.14647070639236
54,2024-12-14,2,2024-12-28,wk inc flu hosp,quantile,0.85,38.97371024294999
55,2024-12-14,2,2024-12-28,wk inc flu hosp,quantile,0.85,51.82292433310676
56,2024-12-14,2,2024-12-28,wk inc flu hosp,quantile,0.85,5.170724609911826
72,2024-12-14,2,2024-12-28,wk inc flu hosp,quantile,0.85,754.6186477271208
US,2024-12-14,2,2024-12-28,wk inc flu hosp,quantile,0.85,13786.104673413016
01,2024-12-14,3,2025-01-04,wk inc flu hosp,quantile,0.85,279.17660820252803
02,2024-12-14,3,2025-01-04,wk inc flu hosp,quantile,0.85,36.42874986975451
04,2024-12-14,3,2025-01-04,wk inc flu hosp,quantile,0.85,1501.1711327848823
05,2024-12-14,3,2025-01-04,wk inc flu hosp,quantile,0.85,53.360034330912875
06,2024-12-14,3,2025-01-04,wk inc flu hosp,quantile,0.85,2131.097436353683
08,2024-12-14,3,2025-01-04,wk inc flu hosp,quantile,0.85,297.51558641785556
09,2024-12-14,3,2025-01-04,wk inc flu hosp,quantile,0.85,60.71408484542696
10,2024-12-14,3,2025-01-04,wk inc flu hosp,quantile,0.85,55.49493176121862
11,2024-12-14,3,2025-01-04,wk inc flu hosp,quantile,0.85,2.381420811628676
12,2024-12-14,3,2025-01-04,wk inc flu hosp,quantile,0.85,1086.2499888401953
13,2024-12-14,3,2025-01-04,wk inc flu hosp,quantile,0.85,203.66492464093884
15,2024-12-14,3,2025-01-04,wk inc flu hosp,quantile,0.85,43.952502957170466
16,2024-12-14,3,2025-01-04,wk inc flu hosp,quantile,0.85,163.96542378003798
17,2024-12-14,3,2025-01-04,wk inc flu hosp,quantile,0.85,183.32110639466356
18,2024-12-14,3,2025-01-04,wk inc flu hosp,quantile,0.85,190.36416104411813
19,2024-12-14,3,2025-01-04,wk inc flu hosp,quantile,0.85,55.05020248557423
20,2024-12-14,3,2025-01-04,wk inc flu hosp,quantile,0.85,112.35048052238103
21,2024-12-14,3,2025-01-04,wk inc flu hosp,quantile,0.85,148.00794066837085
22,2024-12-14,3,2025-01-04,wk inc flu hosp,quantile,0.85,288.81533741187985
23,2024-12-14,3,2025-01-04,wk inc flu hosp,quantile,0.85,17.625354664298747
24,2024-12-14,3,2025-01-04,wk inc flu hosp,quantile,0.85,85.30764926369999
25,2024-12-14,3,2025-01-04,wk inc flu hosp,quantile,0.85,199.82416958252003
26,2024-12-14,3,2025-01-04,wk inc flu hosp,quantile,0.85,103.38722244316573
27,2024-12-14,3,2025-01-04,wk inc flu hosp,quantile,0.85,176.4456568390551
28,2024-12-14,3,2025-01-04,wk inc flu hosp,quantile,0.85,66.53367359149003
29,2024-12-14,3,2025-01-04,wk inc flu hosp,quantile,0.85,82.60888560260207
30,2024-12-14,3,2025-01-04,wk inc flu hosp,quantile,0.85,10.522576504846798
31,2024-12-14,3,2025-01-04,wk inc flu hosp,quantile,0.85,21.173353957868567
32,2024-12-14,3,2025-01-04,wk inc flu hosp,quantile,0.85,143.79119951237203
33,2024-12-14,3,2025-01-04,wk inc flu hosp,quantile,0.85,27.642454729871115
34,2024-12-14,3,2025-01-04,wk inc flu hosp,quantile,0.85,360.3743439397283
35,2024-12-14,3,2025-01-04,wk inc flu hosp,quantile,0.85,307.70732583597214
36,2024-12-14,3,2025-01-04,wk inc flu hosp,quantile,0.85,937.4024200729511
37,2024-12-14,3,2025-01-04,wk inc flu hosp,quantile,0.85,185.8767151315632
38,2024-12-14,3,2025-01-04,wk inc flu hosp,quantile,0.85,4.502621460871832
39,2024-12-14,3,2025-01-04,wk inc flu hosp,quantile,0.85,225.21471073998305
40,2024-12-14,3,2025-01-04,wk inc flu hosp,quantile,0.85,75.97230309686248
41,2024-12-14,3,2025-01-04,wk inc flu hosp,quantile,0.85,200.70932450163008
42,2024-12-14,3,2025-01-04,wk inc flu hosp,quantile,0.85,312.28591259220184
44,2024-12-14,3,2025-01-04,wk inc flu hosp,quantile,0.85,24.60883876910058
45,2024-12-14,3,2025-01-04,wk inc flu hosp,quantile,0.85,123.26146561351254
46,2024-12-14,3,2025-01-04,wk inc flu hosp,quantile,0.85,5.358748697781745
47,2024-12-14,3,2025-01-04,wk inc flu hosp,quantile,0.85,227.64883238310566
48,2024-12-14,3,2025-01-04,wk inc flu hosp,quantile,0.85,1186.5283859668068
49,2024-12-14,3,2025-01-04,wk inc flu hosp,quantile,0.85,173.1901658424555
50,2024-12-14,3,2025-01-04,wk inc flu hosp,quantile,0.85,0.3009061880047162
51,2024-12-14,3,2025-01-04,wk inc flu hosp,quantile,0.85,167.1537410468386
53,2024-12-14,3,2025-01-04,wk inc flu hosp,quantile,0.85,132.0625934140038
54,2024-12-14,3,2025-01-04,wk inc flu hosp,quantile,0.85,42.534574700879354
55,2024-12-14,3,2025-01-04,wk inc flu hosp,quantile,0.85,60.008176984878126
56,2024-12-14,3,2025-01-04,wk inc flu hosp,quantile,0.85,4.353257549600927
72,2024-12-14,3,2025-01-04,wk inc flu hosp,quantile,0.85,770.5471692977424
US,2024-12-14,3,2025-01-04,wk inc flu hosp,quantile,0.85,16397.794129019007
01,2024-12-14,0,2024-12-14,wk inc flu hosp,quantile,0.9,153.35961488348337
02,2024-12-14,0,2024-12-14,wk inc flu hosp,quantile,0.9,26.702937238326328
04,2024-12-14,0,2024-12-14,wk inc flu hosp,quantile,0.9,1187.8734470438408
05,2024-12-14,0,2024-12-14,wk inc flu hosp,quantile,0.9,38.06222147043011
06,2024-12-14,0,2024-12-14,wk inc flu hosp,quantile,0.9,1312.4854382750311
08,2024-12-14,0,2024-12-14,wk inc flu hosp,quantile,0.9,149.62361609289357
09,2024-12-14,0,2024-12-14,wk inc flu hosp,quantile,0.9,25.254188679647637
10,2024-12-14,0,2024-12-14,wk inc flu hosp,quantile,0.9,29.269494643918527
11,2024-12-14,0,2024-12-14,wk inc flu hosp,quantile,0.9,4.2043396048855755
12,2024-12-14,0,2024-12-14,wk inc flu hosp,quantile,0.9,844.5317791721221
13,2024-12-14,0,2024-12-14,wk inc flu hosp,quantile,0.9,122.93081964053675
15,2024-12-14,0,2024-12-14,wk inc flu hosp,quantile,0.9,36.35149602478228
16,2024-12-14,0,2024-12-14,wk inc flu hosp,quantile,0.9,98.12420760288339
17,2024-12-14,0,2024-12-14,wk inc flu hosp,quantile,0.9,133.498454541894
18,2024-12-14,0,2024-12-14,wk inc flu hosp,quantile,0.9,99.84261028892428
19,2024-12-14,0,2024-12-14,wk inc flu hosp,quantile,0.9,33.042733960839676
20,2024-12-14,0,2024-12-14,wk inc flu hosp,quantile,0.9,51.31614742609842
21,2024-12-14,0,2024-12-14,wk inc flu hosp,quantile,0.9,75.56797797323921
22,2024-12-14,0,2024-12-14,wk inc flu hosp,quantile,0.9,218.29563418809
23,2024-12-14,0,2024-12-14,wk inc flu hosp,quantile,0.9,6.553514751213145
24,2024-12-14,0,2024-12-14,wk inc flu hosp,quantile,0.9,41.90015758191808
25,2024-12-14,0,2024-12-14,wk inc flu hosp,quantile,0.9,117.00690727154941
26,2024-12-14,0,2024-12-14,wk inc flu hosp,quantile,0.9,89.33045170095177
27,2024-12-14,0,2024-12-14,wk inc flu hosp,quantile,0.9,100.09140841194127
28,2024-12-14,0,2024-12-14,wk inc flu hosp,quantile,0.9,48.64163029509158
29,2024-12-14,0,2024-12-14,wk inc flu hosp,quantile,0.9,62.73980868875284
30,2024-12-14,0,2024-12-14,wk inc flu hosp,quantile,0.9,6.4386422261777625
31,2024-12-14,0,2024-12-14,wk inc flu hosp,quantile,0.9,13.259515063452847
32,2024-12-14,0,2024-12-14,wk inc flu hosp,quantile,0.9,92.6267997300279
33,2024-12-14,0,2024-12-14,wk inc flu hosp,quantile,0.9,21.793326509067885
34,2024-12-14,0,2024-12-14,wk inc flu hosp,quantile,0.9,180.0766141452112
35,2024-12-14,0,2024-12-14,wk inc flu hosp,quantile,0.9,166.45988311141326
36,2024-12-14,0,2024-12-14,wk inc flu hosp,quantile,0.9,428.0321033136108
37,2024-12-14,0,2024-12-14,wk inc flu hosp,quantile,0.9,108.1702082872232
38,2024-12-14,0,2024-12-14,wk inc flu hosp,quantile,0.9,4.111425627142148
39,2024-12-14,0,2024-12-14,wk inc flu hosp,quantile,0.9,135.81730923029656
40,2024-12-14,0,2024-12-14,wk inc flu hosp,quantile,0.9,45.18398940643502
41,2024-12-14,0,2024-12-14,wk inc flu hosp,quantile,0.9,121.42317352750095
42,2024-12-14,0,2024-12-14,wk inc flu hosp,quantile,0.9,224.2180220800984
44,2024-12-14,0,2024-12-14,wk inc flu hosp,quantile,0.9,13.154558892646351
45,2024-12-14,0,2024-12-14,wk inc flu hosp,quantile,0.9,70.16526124984308
46,2024-12-14,0,2024-12-14,wk inc flu hosp,quantile,0.9,3.2724467601454537
47,2024-12-14,0,2024-12-14,wk inc flu hosp,quantile,0.9,193.42137990136766
48,2024-12-14,0,2024-12-14,wk inc flu hosp,quantile,0.9,663.3948284457182
49,2024-12-14,0,2024-12-14,wk inc flu hosp,quantile,0.9,104.98016761141525
50,2024-12-14,0,2024-12-14,wk inc flu hosp,quantile,0.9,0.4208805833750736
51,2024-12-14,0,2024-12-14,wk inc flu hosp,quantile,0.9,87.35168106548787
53,2024-12-14,0,2024-12-14,wk inc flu hosp,quantile,0.9,81.26635377655678
54,2024-12-14,0,2024-12-14,wk inc flu hosp,quantile,0.9,28.5408509985764
55,2024-12-14,0,2024-12-14,wk inc flu hosp,quantile,0.9,37.31364233261398
56,2024-12-14,0,2024-12-14,wk inc flu hosp,quantile,0.9,6.391004241937358
72,2024-12-14,0,2024-12-14,wk inc flu hosp,quantile,0.9,632.8706899398409
US,2024-12-14,0,2024-12-14,wk inc flu hosp,quantile,0.9,8673.14842766461
01,2024-12-14,1,2024-12-21,wk inc flu hosp,quantile,0.9,190.6492408536355
02,2024-12-14,1,2024-12-21,wk inc flu hosp,quantile,0.9,33.08327737230916
04,2024-12-14,1,2024-12-21,wk inc flu hosp,quantile,0.9,1335.0413947535942
05,2024-12-14,1,2024-12-21,wk inc flu hosp,quantile,0.9,43.07852622383174
06,2024-12-14,1,2024-12-21,wk inc flu hosp,quantile,0.9,1612.8024567441585
08,2024-12-14,1,2024-12-21,wk inc flu hosp,quantile,0.9,212.06606987318457
09,2024-12-14,1,2024-12-21,wk inc flu hosp,quantile,0.9,32.29284769875677
10,2024-12-14,1,2024-12-21,wk inc flu hosp,quantile,0.9,37.47080518855372
11,2024-12-14,1,2024-12-21,wk inc flu hosp,quantile,0.9,4.275168798169047
12,2024-12-14,1,2024-12-21,wk inc flu hosp,quantile,0.9,944.3087485332956
13,2024-12-14,1,2024-12-21,wk inc flu hosp,quantile,0.9,142.85482678678517
15,2024-12-14,1,2024-12-21,wk inc flu hosp,quantile,0.9,38.07959994980136
16,2024-12-14,1,2024-12-21,wk inc flu hosp,quantile,0.9,117.95042610211698
17,2024-12-14,1,2024-12-21,wk inc flu hosp,quantile,0.9,162.83083701086065
18,2024-12-14,1,2024-12-21,wk inc flu hosp,quantile,0.9,122.89346320903387
19,2024-12-14,1,2024-12-21,wk inc flu hosp,quantile,0.9,41.46890714360235
20,2024-12-14,1,2024-12-21,wk inc flu hosp,quantile,0.9,67.30160468834646
21,2024-12-14,1,2024-12-21,wk inc flu hosp,quantile,0.9,98.2697931580721
22,2024-12-14,1,2024-12-21,wk inc flu hosp,quantile,0.9,246.63206944144403
23,2024-12-14,1,2024-12-21,wk inc flu hosp,quantile,0.9,9.012671036562967
24,2024-12-14,1,2024-12-21,wk inc flu hosp,quantile,0.9,54.360203345087314
25,2024-12-14,1,2024-12-21,wk inc flu hosp,quantile,0.9,147.31764149897398
26,2024-12-14,1,2024-12-21,wk inc flu hosp,quantile,0.9,96.32154596837024
27,2024-12-14,1,2024-12-21,wk inc flu hosp,quantile,0.9,115.44633650277567
28,2024-12-14,1,2024-12-21,wk inc flu hosp,quantile,0.9,56.73817446443023
29,2024-12-14,1,2024-12-21,wk inc flu hosp,quantile,0.9,69.9687905046878
30,2024-12-14,1,2024-12-21,wk inc flu hosp,quantile,0.9,7.942526370094133
31,2024-12-14,1,2024-12-21,wk inc flu hosp,quantile,0.9,16.05534058830107
32,2024-12-14,1,2024-12-21,wk inc flu hosp,quantile,0.9,104.95757449254637
33,2024-12-14,1,2024-12-21,wk inc flu hosp,quantile,0.9,22.558951942676636
34,2024-12-14,1,2024-12-21,wk inc flu hosp,quantile,0.9,237.1960664557787
35,2024-12-14,1,2024-12-21,wk inc flu hosp,quantile,0.9,211.71899059730836
36,2024-12-14,1,2024-12-21,wk inc flu hosp,quantile,0.9,639.4464890931619
37,2024-12-14,1,2024-12-21,wk inc flu hosp,quantile,0.9,132.7017357986339
38,2024-12-14,1,2024-12-21,wk inc flu hosp,quantile,0.9,4.88478304397609
39,2024-12-14,1,2024-12-21,wk inc flu hosp,quantile,0.9,163.65953759643872
40,2024-12-14,1,2024-12-21,wk inc flu hosp,quantile,0.9,56.40864950193022
41,2024-12-14,1,2024-12-21,wk inc flu hosp,quantile,0.9,145.90104485161055
42,2024-12-14,1,2024-12-21,wk inc flu hosp,quantile,0.9,249.91103196475729
44,2024-12-14,1,2024-12-21,wk inc flu hosp,quantile,0.9,16.53013255616233
45,2024-12-14,1,2024-12-21,wk inc flu hosp,quantile,0.9,93.00099208401416
46,2024-12-14,1,2024-12-21,wk inc flu hosp,quantile,0.9,4.581303429155221
47,2024-12-14,1,2024-12-21,wk inc flu hosp,quantile,0.9,205.32556460484687
48,2024-12-14,1,2024-12-21,wk inc flu hosp,quantile,0.9,835.5567695026384
49,2024-12-14,1,2024-12-21,wk inc flu hosp,quantile,0.9,138.818962288185
50,2024-12-14,1,2024-12-21,wk inc flu hosp,quantile,0.9,0.8932104394331163
51,2024-12-14,1,2024-12-21,wk inc flu hosp,quantile,0.9,110.97871150807282
53,2024-12-14,1,2024-12-21,wk inc flu hosp,quantile,0.9,98.608479630966
54,2024-12-14,1,2024-12-21,wk inc flu hosp,quantile,0.9,34.51356933405429
55,2024-12-14,1,2024-12-21,wk inc flu hosp,quantile,0.9,45.34821345235923
56,2024-12-14,1,2024-12-21,wk inc flu hosp,quantile,0.9,7.012065619119371
72,2024-12-14,1,2024-12-21,wk inc flu hosp,quantile,0.9,739.9610374578191
US,2024-12-14,1,2024-12-21,wk inc flu hosp,quantile,0.9,10911.434705171467
01,2024-12-14,2,2024-12-28,wk inc flu hosp,quantile,0.9,241.49084969003883
02,2024-12-14,2,2024-12-28,wk inc flu hosp,quantile,0.9,36.90225004849041
04,2024-12-14,2,2024-12-28,wk inc flu hosp,quantile,0.9,1506.355235729984
05,2024-12-14,2,2024-12-28,wk inc flu hosp,quantile,0.9,53.25902991859785
06,2024-12-14,2,2024-12-28,wk inc flu hosp,quantile,0.9,2004.0320567999477
08,2024-12-14,2,2024-12-28,wk inc flu hosp,quantile,0.9,259.4526366269419
09,2024-12-14,2,2024-12-28,wk inc flu hosp,quantile,0.9,47.149447813990555
10,2024-12-14,2,2024-12-28,wk inc flu hosp,quantile,0.9,50.51771600099005
11,2024-12-14,2,2024-12-28,wk inc flu hosp,quantile,0.9,3.8993014150584138
12,2024-12-14,2,2024-12-28,wk inc flu hosp,quantile,0.9,1032.4838214539946
13,2024-12-14,2,2024-12-28,wk inc flu hosp,quantile,0.9,180.5050247019019
15,2024-12-14,2,2024-12-28,wk inc flu hosp,quantile,0.9,44.120073004226676
16,2024-12-14,2,2024-12-28,wk inc flu hosp,quantile,0.9,149.11660515635734
17,2024-12-14,2,2024-12-28,wk inc flu hosp,quantile,0.9,169.3590834453411
18,2024-12-14,2,2024-12-28,wk inc flu hosp,quantile,0.9,164.86892188773928
19,2024-12-14,2,2024-12-28,wk inc flu hosp,quantile,0.9,55.714760765456184
20,2024-12-14,2,2024-12-28,wk inc flu hosp,quantile,0.9,95.49170791094538
21,2024-12-14,2,2024-12-28,wk inc flu hosp,quantile,0.9,124.5090290157241
22,2024-12-14,2,2024-12-28,wk inc flu hosp,quantile,0.9,291.7506935462625
23,2024-12-14,2,2024-12-28,wk inc flu hosp,quantile,0.9,13.37022242224391
24,2024-12-14,2,2024-12-28,wk inc flu hosp,quantile,0.9,68.85658554961002
25,2024-12-14,2,2024-12-28,wk inc flu hosp,quantile,0.9,173.3571778075908
26,2024-12-14,2,2024-12-28,wk inc flu hosp,quantile,0.9,101.28569526150588
27,2024-12-14,2,2024-12-28,wk inc flu hosp,quantile,0.9,151.06096857387175
28,2024-12-14,2,2024-12-28,wk inc flu hosp,quantile,0.9,66.231434840661
29,2024-12-14,2,2024-12-28,wk inc flu hosp,quantile,0.9,75.91482285259569
30,2024-12-14,2,2024-12-28,wk inc flu hosp,quantile,0.9,10.067585769865248
31,2024-12-14,2,2024-12-28,wk inc flu hosp,quantile,0.9,19.14352907039897
32,2024-12-14,2,2024-12-28,wk inc flu hosp,quantile,0.9,129.0077953769949
33,2024-12-14,2,2024-12-28,wk inc flu hosp,quantile,0.9,26.186488477339893
34,2024-12-14,2,2024-12-28,wk inc flu hosp,quantile,0.9,313.4869133546877
35,2024-12-14,2,2024-12-28,wk inc flu hosp,quantile,0.9,265.18440670221315
36,2024-12-14,2,2024-12-28,wk inc flu hosp,quantile,0.9,778.6925290857511
37,2024-12-14,2,2024-12-28,wk inc flu hosp,quantile,0.9,177.14061358627214
38,2024-12-14,2,2024-12-28,wk inc flu hosp,quantile,0.9,5.201127738624924
39,2024-12-14,2,2024-12-28,wk inc flu hosp,quantile,0.9,217.59547880632553
40,2024-12-14,2,2024-12-28,wk inc flu hosp,quantile,0.9,67.53642736989751
41,2024-12-14,2,2024-12-28,wk inc flu hosp,quantile,0.9,186.97517005123024
42,2024-12-14,2,2024-12-28,wk inc flu hosp,quantile,0.9,296.03312896124777
44,2024-12-14,2,2024-12-28,wk inc flu hosp,quantile,0.9,22.721663507368554
45,2024-12-14,2,2024-12-28,wk inc flu hosp,quantile,0.9,120.1263997913838
46,2024-12-14,2,2024-12-28,wk inc flu hosp,quantile,0.9,5.716178141695839
47,2024-12-14,2,2024-12-28,wk inc flu hosp,quantile,0.9,252.1339775675572
48,2024-12-14,2,2024-12-28,wk inc flu hosp,quantile,0.9,1015.633850643993
49,2024-12-14,2,2024-12-28,wk inc flu hosp,quantile,0.9,155.69879177583954
50,2024-12-14,2,2024-12-28,wk inc flu hosp,quantile,0.9,1.0324377376438825
51,2024-12-14,2,2024-12-28,wk inc flu hosp,quantile,0.9,137.52896791357995
53,2024-12-14,2,2024-12-28,wk inc flu hosp,quantile,0.9,120.42747708007093
54,2024-12-14,2,2024-12-28,wk inc flu hosp,quantile,0.9,46.65346284053639
55,2024-12-14,2,2024-12-28,wk inc flu hosp,quantile,0.9,52.44098031867403
56,2024-12-14,2,2024-12-28,wk inc flu hosp,quantile,0.9,6.606171306936416
72,2024-12-14,2,2024-12-28,wk inc flu hosp,quantile,0.9,775.7642989681707
US,2024-12-14,2,2024-12-28,wk inc flu hosp,quantile,0.9,14179.632958788223
01,2024-12-14,3,2025-01-04,wk inc flu hosp,quantile,0.9,287.01969120602735
02,2024-12-14,3,2025-01-04,wk inc flu hosp,quantile,0.9,42.841933836309884
04,2024-12-14,3,2025-01-04,wk inc flu hosp,quantile,0.9,1587.3621646108907
05,2024-12-14,3,2025-01-04,wk inc flu hosp,quantile,0.9,67.85002596796566
06,2024-12-14,3,2025-01-04,wk inc flu hosp,quantile,0.9,2328.0505640033753
08,2024-12-14,3,2025-01-04,wk inc flu hosp,quantile,0.9,327.86115592540796
09,2024-12-14,3,2025-01-04,wk inc flu hosp,quantile,0.9,63.16193393046156
10,2024-12-14,3,2025-01-04,wk inc flu hosp,quantile,0.9,59.58504585424635
11,2024-12-14,3,2025-01-04,wk inc flu hosp,quantile,0.9,3.575076162399432
12,2024-12-14,3,2025-01-04,wk inc flu hosp,quantile,0.9,1162.6615632583405
13,2024-12-14,3,2025-01-04,wk inc flu hosp,quantile,0.9,226.17619417170812
15,2024-12-14,3,2025-01-04,wk inc flu hosp,quantile,0.9,50.501791754737816
16,2024-12-14,3,2025-01-04,wk inc flu hosp,quantile,0.9,164.15445551485982
17,2024-12-14,3,2025-01-04,wk inc flu hosp,quantile,0.9,183.99931129157883
18,2024-12-14,3,2025-01-04,wk inc flu hosp,quantile,0.9,208.90723080367576
19,2024-12-14,3,2025-01-04,wk inc flu hosp,quantile,0.9,64.77531014728693
20,2024-12-14,3,2025-01-04,wk inc flu hosp,quantile,0.9,126.13495238479769
21,2024-12-14,3,2025-01-04,wk inc flu hosp,quantile,0.9,150.38558952637877
22,2024-12-14,3,2025-01-04,wk inc flu hosp,quantile,0.9,333.6894657300019
23,2024-12-14,3,2025-01-04,wk inc flu hosp,quantile,0.9,18.94576623534958
24,2024-12-14,3,2025-01-04,wk inc flu hosp,quantile,0.9,85.35404826213777
25,2024-12-14,3,2025-01-04,wk inc flu hosp,quantile,0.9,208.79904613649902
26,2024-12-14,3,2025-01-04,wk inc flu hosp,quantile,0.9,107.56437144577755
27,2024-12-14,3,2025-01-04,wk inc flu hosp,quantile,0.9,178.70915283321577
28,2024-12-14,3,2025-01-04,wk inc flu hosp,quantile,0.9,73.34396589586221
29,2024-12-14,3,2025-01-04,wk inc flu hosp,quantile,0.9,83.64104302776578
30,2024-12-14,3,2025-01-04,wk inc flu hosp,quantile,0.9,12.221674500544754
31,2024-12-14,3,2025-01-04,wk inc flu hosp,quantile,0.9,23.098260472409923
32,2024-12-14,3,2025-01-04,wk inc flu hosp,quantile,0.9,157.05768342033065
33,2024-12-14,3,2025-01-04,wk inc flu hosp,quantile,0.9,29.533179437159525
34,2024-12-14,3,2025-01-04,wk inc flu hosp,quantile,0.9,399.78197146196504
35,2024-12-14,3,2025-01-04,wk inc flu hosp,quantile,0.9,312.71978290183307
36,2024-12-14,3,2025-01-04,wk inc flu hosp,quantile,0.9,973.4023441125776
37,2024-12-14,3,2025-01-04,wk inc flu hosp,quantile,0.9,227.01083508382845
38,2024-12-14,3,2025-01-04,wk inc flu hosp,quantile,0.9,5.20493859443012
39,2024-12-14,3,2025-01-04,wk inc flu hosp,quantile,0.9,269.73123657398145
40,2024-12-14,3,2025-01-04,wk inc flu hosp,quantile,0.9,77.16338331425237
41,2024-12-14,3,2025-01-04,wk inc flu hosp,quantile,0.9,228.52669825546272
42,2024-12-14,3,2025-01-04,wk inc flu hosp,quantile,0.9,340.1404668541406
44,2024-12-14,3,2025-01-04,wk inc flu hosp,quantile,0.9,26.480398238639104
45,2024-12-14,3,2025-01-04,wk inc flu hosp,quantile,0.9,144.92968636280074
46,2024-12-14,3,2025-01-04,wk inc flu hosp,quantile,0.9,5.7025506563570785
47,2024-12-14,3,2025-01-04,wk inc flu hosp,quantile,0.9,283.36862006492083
48,2024-12-14,3,2025-01-04,wk inc flu hosp,quantile,0.9,1186.7245975515987
49,2024-12-14,3,2025-01-04,wk inc flu hosp,quantile,0.9,176.39885562424223
50,2024-12-14,3,2025-01-04,wk inc flu hosp,quantile,0.9,1.121518660766995
51,2024-12-14,3,2025-01-04,wk inc flu hosp,quantile,0.9,169.0119388779254
53,2024-12-14,3,2025-01-04,wk inc flu hosp,quantile,0.9,148.46491926049222
54,2024-12-14,3,2025-01-04,wk inc flu hosp,quantile,0.9,57.47805400660175
55,2024-12-14,3,2025-01-04,wk inc flu hosp,quantile,0.9,60.26422030099099
56,2024-12-14,3,2025-01-04,wk inc flu hosp,quantile,0.9,6.216363338602071
72,2024-12-14,3,2025-01-04,wk inc flu hosp,quantile,0.9,839.1372990949698
US,2024-12-14,3,2025-01-04,wk inc flu hosp,quantile,0.9,17536.62080834101
01,2024-12-14,0,2024-12-14,wk inc flu hosp,quantile,0.95,162.41886402518494
02,2024-12-14,0,2024-12-14,wk inc flu hosp,quantile,0.95,27.438201730484046
04,2024-12-14,0,2024-12-14,wk inc flu hosp,quantile,0.95,1201.1502360246639
05,2024-12-14,0,2024-12-14,wk inc flu hosp,quantile,0.95,38.864461935323554
06,2024-12-14,0,2024-12-14,wk inc flu hosp,quantile,0.95,1321.5565390183185
08,2024-12-14,0,2024-12-14,wk inc flu hosp,quantile,0.95,150.7003577651128
09,2024-12-14,0,2024-12-14,wk inc flu hosp,quantile,0.95,25.493860429305727
10,2024-12-14,0,2024-12-14,wk inc flu hosp,quantile,0.95,30.00803477351952
11,2024-12-14,0,2024-12-14,wk inc flu hosp,quantile,0.95,5.844126215606655
12,2024-12-14,0,2024-12-14,wk inc flu hosp,quantile,0.95,887.3277141482524
13,2024-12-14,0,2024-12-14,wk inc flu hosp,quantile,0.95,124.30623243967727
15,2024-12-14,0,2024-12-14,wk inc flu hosp,quantile,0.95,39.09486919375324
16,2024-12-14,0,2024-12-14,wk inc flu hosp,quantile,0.95,102.16182942424179
17,2024-12-14,0,2024-12-14,wk inc flu hosp,quantile,0.95,136.58596826154871
18,2024-12-14,0,2024-12-14,wk inc flu hosp,quantile,0.95,102.17348438564044
19,2024-12-14,0,2024-12-14,wk inc flu hosp,quantile,0.95,35.61724332392719
20,2024-12-14,0,2024-12-14,wk inc flu hosp,quantile,0.95,53.28042230868203
21,2024-12-14,0,2024-12-14,wk inc flu hosp,quantile,0.95,80.37876265324287
22,2024-12-14,0,2024-12-14,wk inc flu hosp,quantile,0.95,227.5262782520239
23,2024-12-14,0,2024-12-14,wk inc flu hosp,quantile,0.95,7.196502475994937
24,2024-12-14,0,2024-12-14,wk inc flu hosp,quantile,0.95,43.21804709689642
25,2024-12-14,0,2024-12-14,wk inc flu hosp,quantile,0.95,117.46909209674087
26,2024-12-14,0,2024-12-14,wk inc flu hosp,quantile,0.95,91.85188542408645
27,2024-12-14,0,2024-12-14,wk inc flu hosp,quantile,0.95,100.90898541513216
28,2024-12-14,0,2024-12-14,wk inc flu hosp,quantile,0.95,49.335396674076335
29,2024-12-14,0,2024-12-14,wk inc flu hosp,quantile,0.95,62.95980485360092
30,2024-12-14,0,2024-12-14,wk inc flu hosp,quantile,0.95,7.099840798374697
31,2024-12-14,0,2024-12-14,wk inc flu hosp,quantile,0.95,15.378630029120172
32,2024-12-14,0,2024-12-14,wk inc flu hosp,quantile,0.95,93.03612213899031
33,2024-12-14,0,2024-12-14,wk inc flu hosp,quantile,0.95,22.79531583218212
34,2024-12-14,0,2024-12-14,wk inc flu hosp,quantile,0.95,182.82446327209414
35,2024-12-14,0,2024-12-14,wk inc flu hosp,quantile,0.95,166.46757759080754
36,2024-12-14,0,2024-12-14,wk inc flu hosp,quantile,0.95,450.4075237576318
37,2024-12-14,0,2024-12-14,wk inc flu hosp,quantile,0.95,110.12738141376063
38,2024-12-14,0,2024-12-14,wk inc flu hosp,quantile,0.95,5.840560210466335
39,2024-12-14,0,2024-12-14,wk inc flu hosp,quantile,0.95,137.92575161425464
40,2024-12-14,0,2024-12-14,wk inc flu hosp,quantile,0.95,50.718292403086025
41,2024-12-14,0,2024-12-14,wk inc flu hosp,quantile,0.95,128.26134333627837
42,2024-12-14,0,2024-12-14,wk inc flu hosp,quantile,0.95,227.44947731315162
44,2024-12-14,0,2024-12-14,wk inc flu hosp,quantile,0.95,13.801125482721845
45,2024-12-14,0,2024-12-14,wk inc flu hosp,quantile,0.95,72.60178907460704
46,2024-12-14,0,2024-12-14,wk inc flu hosp,quantile,0.95,3.6842964938860394
47,2024-12-14,0,2024-12-14,wk inc flu hosp,quantile,0.95,201.967576876088
48,2024-12-14,0,2024-12-14,wk inc flu hosp,quantile,0.95,680.8076224845639
49,2024-12-14,0,2024-12-14,wk inc flu hosp,quantile,0.95,106.10124908017877
50,2024-12-14,0,2024-12-14,wk inc flu hosp,quantile,0.95,1.3362381793083158
51,2024-12-14,0,2024-12-14,wk inc flu hosp,quantile,0.95,88.15022134498358
53,2024-12-14,0,2024-12-14,wk inc flu hosp,quantile,0.95,82.55833300614951
54,2024-12-14,0,2024-12-14,wk inc flu hosp,quantile,0.95,34.626635638791285
55,2024-12-14,0,2024-12-14,wk inc flu hosp,quantile,0.95,37.682175019212316
56,2024-12-14,0,2024-12-14,wk inc flu hosp,quantile,0.95,7.6124432308865995
72,2024-12-14,0,2024-12-14,wk inc flu hosp,quantile,0.95,662.5353334962355
US,2024-12-14,0,2024-12-14,wk inc flu hosp,quantile,0.95,8851.485970078204
01,2024-12-14,1,2024-12-21,wk inc flu hosp,quantile,0.95,209.6110715663695
02,2024-12-14,1,2024-12-21,wk inc flu hosp,quantile,0.95,33.08416155349437
04,2024-12-14,1,2024-12-21,wk inc flu hosp,quantile,0.95,1427.7119025723773
05,2024-12-14,1,2024-12-21,wk inc flu hosp,quantile,0.95,47.69866979697545
06,2024-12-14,1,2024-12-21,wk inc flu hosp,quantile,0.95,1628.081857211832
08,2024-12-14,1,2024-12-21,wk inc flu hosp,quantile,0.95,216.08481099007133
09,2024-12-14,1,2024-12-21,wk inc flu hosp,quantile,0.95,34.175941451025174
10,2024-12-14,1,2024-12-21,wk inc flu hosp,quantile,0.95,39.79613411067761
11,2024-12-14,1,2024-12-21,wk inc flu hosp,quantile,0.95,6.561874294441312
12,2024-12-14,1,2024-12-21,wk inc flu hosp,quantile,0.95,1035.0139128485716
13,2024-12-14,1,2024-12-21,wk inc flu hosp,quantile,0.95,155.17016083709166
15,2024-12-14,1,2024-12-21,wk inc flu hosp,quantile,0.95,47.095559167989556
16,2024-12-14,1,2024-12-21,wk inc flu hosp,quantile,0.95,129.07128265504153
17,2024-12-14,1,2024-12-21,wk inc flu hosp,quantile,0.95,164.21842595328636
18,2024-12-14,1,2024-12-21,wk inc flu hosp,quantile,0.95,127.35560863580821
19,2024-12-14,1,2024-12-21,wk inc flu hosp,quantile,0.95,45.75036472820615
20,2024-12-14,1,2024-12-21,wk inc flu hosp,quantile,0.95,68.536996238512
21,2024-12-14,1,2024-12-21,wk inc flu hosp,quantile,0.95,108.9327015606183
22,2024-12-14,1,2024-12-21,wk inc flu hosp,quantile,0.95,271.1807178443343
23,2024-12-14,1,2024-12-21,wk inc flu hosp,quantile,0.95,10.468844183260522
24,2024-12-14,1,2024-12-21,wk inc flu hosp,quantile,0.95,55.098151482443356
25,2024-12-14,1,2024-12-21,wk inc flu hosp,quantile,0.95,149.96935610803064
26,2024-12-14,1,2024-12-21,wk inc flu hosp,quantile,0.95,100.02511905434113
27,2024-12-14,1,2024-12-21,wk inc flu hosp,quantile,0.95,128.19266629655866
28,2024-12-14,1,2024-12-21,wk inc flu hosp,quantile,0.95,58.4649834658056
29,2024-12-14,1,2024-12-21,wk inc flu hosp,quantile,0.95,71.55940768829811
30,2024-12-14,1,2024-12-21,wk inc flu hosp,quantile,0.95,10.204492832537628
31,2024-12-14,1,2024-12-21,wk inc flu hosp,quantile,0.95,18.604662518987173
32,2024-12-14,1,2024-12-21,wk inc flu hosp,quantile,0.95,113.47607543055318
33,2024-12-14,1,2024-12-21,wk inc flu hosp,quantile,0.95,25.032432130647287
34,2024-12-14,1,2024-12-21,wk inc flu hosp,quantile,0.95,248.19574603284667
35,2024-12-14,1,2024-12-21,wk inc flu hosp,quantile,0.95,233.92746588019952
36,2024-12-14,1,2024-12-21,wk inc flu hosp,quantile,0.95,640.6559223218743
37,2024-12-14,1,2024-12-21,wk inc flu hosp,quantile,0.95,141.11565928322946
38,2024-12-14,1,2024-12-21,wk inc flu hosp,quantile,0.95,7.385567406716864
39,2024-12-14,1,2024-12-21,wk inc flu hosp,quantile,0.95,174.43477681703686
40,2024-12-14,1,2024-12-21,wk inc flu hosp,quantile,0.95,66.20458475882421
41,2024-12-14,1,2024-12-21,wk inc flu hosp,quantile,0.95,162.47224465771035
42,2024-12-14,1,2024-12-21,wk inc flu hosp,quantile,0.95,252.29846409574978
44,2024-12-14,1,2024-12-21,wk inc flu hosp,quantile,0.95,18.308598846603438
45,2024-12-14,1,2024-12-21,wk inc flu hosp,quantile,0.95,94.94415730971834
46,2024-12-14,1,2024-12-21,wk inc flu hosp,quantile,0.95,5.427532322516709
47,2024-12-14,1,2024-12-21,wk inc flu hosp,quantile,0.95,240.09697783209532
48,2024-12-14,1,2024-12-21,wk inc flu hosp,quantile,0.95,853.4281646345681
49,2024-12-14,1,2024-12-21,wk inc flu hosp,quantile,0.95,151.14107763070965
50,2024-12-14,1,2024-12-21,wk inc flu hosp,quantile,0.95,1.9254809818109835
51,2024-12-14,1,2024-12-21,wk inc flu hosp,quantile,0.95,110.98109407303922
53,2024-12-14,1,2024-12-21,wk inc flu hosp,quantile,0.95,103.4448653686482
54,2024-12-14,1,2024-12-21,wk inc flu hosp,quantile,0.95,44.49501559644006
55,2024-12-14,1,2024-12-21,wk inc flu hosp,quantile,0.95,45.60392926792315
56,2024-12-14,1,2024-12-21,wk inc flu hosp,quantile,0.95,8.672103774223537
72,2024-12-14,1,2024-12-21,wk inc flu hosp,quantile,0.95,811.5627177083836
US,2024-12-14,1,2024-12-21,wk inc flu hosp,quantile,0.95,10920.690905891192
01,2024-12-14,2,2024-12-28,wk inc flu hosp,quantile,0.95,267.3420001898946
02,2024-12-14,2,2024-12-28,wk inc flu hosp,quantile,0.95,40.12981890366457
04,2024-12-14,2,2024-12-28,wk inc flu hosp,quantile,0.95,1554.5193711487793
05,2024-12-14,2,2024-12-28,wk inc flu hosp,quantile,0.95,56.54831574103704
06,2024-12-14,2,2024-12-28,wk inc flu hosp,quantile,0.95,2005.9791242682215
08,2024-12-14,2,2024-12-28,wk inc flu hosp,quantile,0.95,300.761514525386
09,2024-12-14,2,2024-12-28,wk inc flu hosp,quantile,0.95,48.73073459053043
10,2024-12-14,2,2024-12-28,wk inc flu hosp,quantile,0.95,51.808275749429605
11,2024-12-14,2,2024-12-28,wk inc flu hosp,quantile,0.95,6.24220630198649
12,2024-12-14,2,2024-12-28,wk inc flu hosp,quantile,0.95,1157.4874744325207
13,2024-12-14,2,2024-12-28,wk inc flu hosp,quantile,0.95,193.68480481919875
15,2024-12-14,2,2024-12-28,wk inc flu hosp,quantile,0.95,54.515287617373495
16,2024-12-14,2,2024-12-28,wk inc flu hosp,quantile,0.95,150.90104572853286
17,2024-12-14,2,2024-12-28,wk inc flu hosp,quantile,0.95,174.79238572004684
18,2024-12-14,2,2024-12-28,wk inc flu hosp,quantile,0.95,166.08778327442087
19,2024-12-14,2,2024-12-28,wk inc flu hosp,quantile,0.95,58.15327144052594
20,2024-12-14,2,2024-12-28,wk inc flu hosp,quantile,0.95,95.93067286442133
21,2024-12-14,2,2024-12-28,wk inc flu hosp,quantile,0.95,150.87110927187538
22,2024-12-14,2,2024-12-28,wk inc flu hosp,quantile,0.95,328.9688703900887
23,2024-12-14,2,2024-12-28,wk inc flu hosp,quantile,0.95,13.530571076351714
24,2024-12-14,2,2024-12-28,wk inc flu hosp,quantile,0.95,69.40425171690686
25,2024-12-14,2,2024-12-28,wk inc flu hosp,quantile,0.95,186.0750249141697
26,2024-12-14,2,2024-12-28,wk inc flu hosp,quantile,0.95,104.82406923905266
27,2024-12-14,2,2024-12-28,wk inc flu hosp,quantile,0.95,158.10155147941043
28,2024-12-14,2,2024-12-28,wk inc flu hosp,quantile,0.95,66.89118297342306
29,2024-12-14,2,2024-12-28,wk inc flu hosp,quantile,0.95,78.77364910591425
30,2024-12-14,2,2024-12-28,wk inc flu hosp,quantile,0.95,12.446975376712626
31,2024-12-14,2,2024-12-28,wk inc flu hosp,quantile,0.95,21.561015076613558
32,2024-12-14,2,2024-12-28,wk inc flu hosp,quantile,0.95,142.279437117396
33,2024-12-14,2,2024-12-28,wk inc flu hosp,quantile,0.95,27.098687421468977
34,2024-12-14,2,2024-12-28,wk inc flu hosp,quantile,0.95,355.4290340962186
35,2024-12-14,2,2024-12-28,wk inc flu hosp,quantile,0.95,307.09421919766476
36,2024-12-14,2,2024-12-28,wk inc flu hosp,quantile,0.95,876.4350171928693
37,2024-12-14,2,2024-12-28,wk inc flu hosp,quantile,0.95,190.34636524910155
38,2024-12-14,2,2024-12-28,wk inc flu hosp,quantile,0.95,7.8258891885904305
39,2024-12-14,2,2024-12-28,wk inc flu hosp,quantile,0.95,234.04547584165223
40,2024-12-14,2,2024-12-28,wk inc flu hosp,quantile,0.95,77.70674876367084
41,2024-12-14,2,2024-12-28,wk inc flu hosp,quantile,0.95,213.82596346334398
42,2024-12-14,2,2024-12-28,wk inc flu hosp,quantile,0.95,300.2980364305575
44,2024-12-14,2,2024-12-28,wk inc flu hosp,quantile,0.95,23.287153422642103
45,2024-12-14,2,2024-12-28,wk inc flu hosp,quantile,0.95,128.61280286882362
46,2024-12-14,2,2024-12-28,wk inc flu hosp,quantile,0.95,6.659855275003395
47,2024-12-14,2,2024-12-28,wk inc flu hosp,quantile,0.95,269.65294176091055
48,2024-12-14,2,2024-12-28,wk inc flu hosp,quantile,0.95,1024.139641825401
49,2024-12-14,2,2024-12-28,wk inc flu hosp,quantile,0.95,184.02829846891586
50,2024-12-14,2,2024-12-28,wk inc flu hosp,quantile,0.95,2.114306328295889
51,2024-12-14,2,2024-12-28,wk inc flu hosp,quantile,0.95,139.34552098358301
53,2024-12-14,2,2024-12-28,wk inc flu hosp,quantile,0.95,125.04229478450324
54,2024-12-14,2,2024-12-28,wk inc flu hosp,quantile,0.95,54.56817294487936
55,2024-12-14,2,2024-12-28,wk inc flu hosp,quantile,0.95,52.68918456462155
56,2024-12-14,2,2024-12-28,wk inc flu hosp,quantile,0.95,8.715063860841559
72,2024-12-14,2,2024-12-28,wk inc flu hosp,quantile,0.95,858.4462527364213
US,2024-12-14,2,2024-12-28,wk inc flu hosp,quantile,0.95,14194.15287284414
01,2024-12-14,3,2025-01-04,wk inc flu hosp,quantile,0.95,316.0255010159817
02,2024-12-14,3,2025-01-04,wk inc flu hosp,quantile,0.95,43.93828962919249
04,2024-12-14,3,2025-01-04,wk inc flu hosp,quantile,0.95,1635.9044955229613
05,2024-12-14,3,2025-01-04,wk inc flu hosp,quantile,0.95,68.69271031395945
06,2024-12-14,3,2025-01-04,wk inc flu hosp,quantile,0.95,2365.9659829037305
08,2024-12-14,3,2025-01-04,wk inc flu hosp,quantile,0.95,336.93073353831477
09,2024-12-14,3,2025-01-04,wk inc flu hosp,quantile,0.95,64.45265458303325
10,2024-12-14,3,2025-01-04,wk inc flu hosp,quantile,0.95,61.39696903004578
11,2024-12-14,3,2025-01-04,wk inc flu hosp,quantile,0.95,7.018423800642012
12,2024-12-14,3,2025-01-04,wk inc flu hosp,quantile,0.95,1352.8202936700272
13,2024-12-14,3,2025-01-04,wk inc flu hosp,quantile,0.95,272.75558300915884
15,2024-12-14,3,2025-01-04,wk inc flu hosp,quantile,0.95,58.984331431035166
16,2024-12-14,3,2025-01-04,wk inc flu hosp,quantile,0.95,168.5654531469135
17,2024-12-14,3,2025-01-04,wk inc flu hosp,quantile,0.95,204.30800762809324
18,2024-12-14,3,2025-01-04,wk inc flu hosp,quantile,0.95,236.5390506099122
19,2024-12-14,3,2025-01-04,wk inc flu hosp,quantile,0.95,73.57392441611991
20,2024-12-14,3,2025-01-04,wk inc flu hosp,quantile,0.95,129.79681619374537
21,2024-12-14,3,2025-01-04,wk inc flu hosp,quantile,0.95,183.80248872624364
22,2024-12-14,3,2025-01-04,wk inc flu hosp,quantile,0.95,390.69710620207206
23,2024-12-14,3,2025-01-04,wk inc flu hosp,quantile,0.95,20.05906656419751
24,2024-12-14,3,2025-01-04,wk inc flu hosp,quantile,0.95,86.95177997561473
25,2024-12-14,3,2025-01-04,wk inc flu hosp,quantile,0.95,217.425529971211
26,2024-12-14,3,2025-01-04,wk inc flu hosp,quantile,0.95,108.85747746763907
27,2024-12-14,3,2025-01-04,wk inc flu hosp,quantile,0.95,182.42396983092814
28,2024-12-14,3,2025-01-04,wk inc flu hosp,quantile,0.95,74.06301662800804
29,2024-12-14,3,2025-01-04,wk inc flu hosp,quantile,0.95,90.82021732538514
30,2024-12-14,3,2025-01-04,wk inc flu hosp,quantile,0.95,13.693057464961853
31,2024-12-14,3,2025-01-04,wk inc flu hosp,quantile,0.95,26.49674394408968
32,2024-12-14,3,2025-01-04,wk inc flu hosp,quantile,0.95,179.5981705502847
33,2024-12-14,3,2025-01-04,wk inc flu hosp,quantile,0.95,29.862529559060526
34,2024-12-14,3,2025-01-04,wk inc flu hosp,quantile,0.95,439.73620879639645
35,2024-12-14,3,2025-01-04,wk inc flu hosp,quantile,0.95,335.6308579523547
36,2024-12-14,3,2025-01-04,wk inc flu hosp,quantile,0.95,1055.0421213320476
37,2024-12-14,3,2025-01-04,wk inc flu hosp,quantile,0.95,256.1293028613086
38,2024-12-14,3,2025-01-04,wk inc flu hosp,quantile,0.95,8.457994647215997
39,2024-12-14,3,2025-01-04,wk inc flu hosp,quantile,0.95,316.99045688377583
40,2024-12-14,3,2025-01-04,wk inc flu hosp,quantile,0.95,95.67731690719346
41,2024-12-14,3,2025-01-04,wk inc flu hosp,quantile,0.95,269.0175821266578
42,2024-12-14,3,2025-01-04,wk inc flu hosp,quantile,0.95,340.7531877306274
44,2024-12-14,3,2025-01-04,wk inc flu hosp,quantile,0.95,29.69391107593321
45,2024-12-14,3,2025-01-04,wk inc flu hosp,quantile,0.95,154.20733461360342
46,2024-12-14,3,2025-01-04,wk inc flu hosp,quantile,0.95,6.933903966514139
47,2024-12-14,3,2025-01-04,wk inc flu hosp,quantile,0.95,304.9239784033326
48,2024-12-14,3,2025-01-04,wk inc flu hosp,quantile,0.95,1263.2725258530274
49,2024-12-14,3,2025-01-04,wk inc flu hosp,quantile,0.95,191.14437377455803
50,2024-12-14,3,2025-01-04,wk inc flu hosp,quantile,0.95,2.0447141362119363
51,2024-12-14,3,2025-01-04,wk inc flu hosp,quantile,0.95,169.25874707920258
53,2024-12-14,3,2025-01-04,wk inc flu hosp,quantile,0.95,154.50818311547528
54,2024-12-14,3,2025-01-04,wk inc flu hosp,quantile,0.95,62.04448550340261
55,2024-12-14,3,2025-01-04,wk inc flu hosp,quantile,0.95,63.23355610408948
56,2024-12-14,3,2025-01-04,wk inc flu hosp,quantile,0.95,8.79598739322468
72,2024-12-14,3,2025-01-04,wk inc flu hosp,quantile,0.95,878.7706330985709
US,2024-12-14,3,2025-01-04,wk inc flu hosp,quantile,0.95,17761.569315283235
01,2024-12-14,0,2024-12-14,wk inc flu hosp,quantile,0.975,165.2188395304634
02,2024-12-14,0,2024-12-14,wk inc flu hosp,quantile,0.975,27.59704162345632
04,2024-12-14,0,2024-12-14,wk inc flu hosp,quantile,0.975,1233.206531817847
05,2024-12-14,0,2024-12-14,wk inc flu hosp,quantile,0.975,40.20915681466384
06,2024-12-14,0,2024-12-14,wk inc flu hosp,quantile,0.975,1336.5549776319526
08,2024-12-14,0,2024-12-14,wk inc flu hosp,quantile,0.975,152.94202215846764
09,2024-12-14,0,2024-12-14,wk inc flu hosp,quantile,0.975,26.554330112188325
10,2024-12-14,0,2024-12-14,wk inc flu hosp,quantile,0.975,30.41926135757277
11,2024-12-14,0,2024-12-14,wk inc flu hosp,quantile,0.975,7.340944090026919
12,2024-12-14,0,2024-12-14,wk inc flu hosp,quantile,0.975,941.3490483949922
13,2024-12-14,0,2024-12-14,wk inc flu hosp,quantile,0.975,132.39677236913008
15,2024-12-14,0,2024-12-14,wk inc flu hosp,quantile,0.975,39.463409011230844
16,2024-12-14,0,2024-12-14,wk inc flu hosp,quantile,0.975,108.30714107533733
17,2024-12-14,0,2024-12-14,wk inc flu hosp,quantile,0.975,136.62816430117954
18,2024-12-14,0,2024-12-14,wk inc flu hosp,quantile,0.975,108.34314614466403
19,2024-12-14,0,2024-12-14,wk inc flu hosp,quantile,0.975,36.17847923333115
20,2024-12-14,0,2024-12-14,wk inc flu hosp,quantile,0.975,54.040664109622945
21,2024-12-14,0,2024-12-14,wk inc flu hosp,quantile,0.975,82.46051604597329
22,2024-12-14,0,2024-12-14,wk inc flu hosp,quantile,0.975,232.76755114044477
23,2024-12-14,0,2024-12-14,wk inc flu hosp,quantile,0.975,8.060525423327185
24,2024-12-14,0,2024-12-14,wk inc flu hosp,quantile,0.975,44.64790132437557
25,2024-12-14,0,2024-12-14,wk inc flu hosp,quantile,0.975,122.92167707125034
26,2024-12-14,0,2024-12-14,wk inc flu hosp,quantile,0.975,92.57390745044306
27,2024-12-14,0,2024-12-14,wk inc flu hosp,quantile,0.975,103.94349151143062
28,2024-12-14,0,2024-12-14,wk inc flu hosp,quantile,0.975,52.58534421287783
29,2024-12-14,0,2024-12-14,wk inc flu hosp,quantile,0.975,64.24069178546627
30,2024-12-14,0,2024-12-14,wk inc flu hosp,quantile,0.975,8.275048974186536
31,2024-12-14,0,2024-12-14,wk inc flu hosp,quantile,0.975,16.59587166044474
32,2024-12-14,0,2024-12-14,wk inc flu hosp,quantile,0.975,95.85803420672426
33,2024-12-14,0,2024-12-14,wk inc flu hosp,quantile,0.975,25.26717060553936
34,2024-12-14,0,2024-12-14,wk inc flu hosp,quantile,0.975,186.533919374478
35,2024-12-14,0,2024-12-14,wk inc flu hosp,quantile,0.975,168.88035998823747
36,2024-12-14,0,2024-12-14,wk inc flu hosp,quantile,0.975,464.2543467524708
37,2024-12-14,0,2024-12-14,wk inc flu hosp,quantile,0.975,113.14320543392478
38,2024-12-14,0,2024-12-14,wk inc flu hosp,quantile,0.975,6.648842514942454
39,2024-12-14,0,2024-12-14,wk inc flu hosp,quantile,0.975,143.39582309464924
40,2024-12-14,0,2024-12-14,wk inc flu hosp,quantile,0.975,53.87921401686359
41,2024-12-14,0,2024-12-14,wk inc flu hosp,quantile,0.975,128.27415183428977
42,2024-12-14,0,2024-12-14,wk inc flu hosp,quantile,0.975,233.67871283884242
44,2024-12-14,0,2024-12-14,wk inc flu hosp,quantile,0.975,14.812874504915472
45,2024-12-14,0,2024-12-14,wk inc flu hosp,quantile,0.975,75.1757035369396
46,2024-12-14,0,2024-12-14,wk inc flu hosp,quantile,0.975,4.724969370389622
47,2024-12-14,0,2024-12-14,wk inc flu hosp,quantile,0.975,207.5511553500346
48,2024-12-14,0,2024-12-14,wk inc flu hosp,quantile,0.975,707.3633944871519
49,2024-12-14,0,2024-12-14,wk inc flu hosp,quantile,0.975,107.70978020330311
50,2024-12-14,0,2024-12-14,wk inc flu hosp,quantile,0.975,1.9438477917011572
51,2024-12-14,0,2024-12-14,wk inc flu hosp,quantile,0.975,89.40400364984218
53,2024-12-14,0,2024-12-14,wk inc flu hosp,quantile,0.975,87.40335487357342
54,2024-12-14,0,2024-12-14,wk inc flu hosp,quantile,0.975,35.75942649581337
55,2024-12-14,0,2024-12-14,wk inc flu hosp,quantile,0.975,37.833332398166355
56,2024-12-14,0,2024-12-14,wk inc flu hosp,quantile,0.975,9.226959053720748
72,2024-12-14,0,2024-12-14,wk inc flu hosp,quantile,0.975,663.9281341746203
US,2024-12-14,0,2024-12-14,wk inc flu hosp,quantile,0.975,8855.644310995074
01,2024-12-14,1,2024-12-21,wk inc flu hosp,quantile,0.975,212.26769955406667
02,2024-12-14,1,2024-12-21,wk inc flu hosp,quantile,0.975,33.5632161257599
04,2024-12-14,1,2024-12-21,wk inc flu hosp,quantile,0.975,1428.2325323717978
05,2024-12-14,1,2024-12-21,wk inc flu hosp,quantile,0.975,48.10842216218699
06,2024-12-14,1,2024-12-21,wk inc flu hosp,quantile,0.975,1702.812598218465
08,2024-12-14,1,2024-12-21,wk inc flu hosp,quantile,0.975,221.32169216105237
09,2024-12-14,1,2024-12-21,wk inc flu hosp,quantile,0.975,37.087935651305386
10,2024-12-14,1,2024-12-21,wk inc flu hosp,quantile,0.975,41.82651209922668
11,2024-12-14,1,2024-12-21,wk inc flu hosp,quantile,0.975,10.024919236225035
12,2024-12-14,1,2024-12-21,wk inc flu hosp,quantile,0.975,1109.7713326156065
13,2024-12-14,1,2024-12-21,wk inc flu hosp,quantile,0.975,170.22405316867346
15,2024-12-14,1,2024-12-21,wk inc flu hosp,quantile,0.975,49.4177943438655
16,2024-12-14,1,2024-12-21,wk inc flu hosp,quantile,0.975,136.05788710901118
17,2024-12-14,1,2024-12-21,wk inc flu hosp,quantile,0.975,168.36119319445467
18,2024-12-14,1,2024-12-21,wk inc flu hosp,quantile,0.975,142.9794618227929
19,2024-12-14,1,2024-12-21,wk inc flu hosp,quantile,0.975,46.10288925057568
20,2024-12-14,1,2024-12-21,wk inc flu hosp,quantile,0.975,74.01006385685959
21,2024-12-14,1,2024-12-21,wk inc flu hosp,quantile,0.975,113.08223579279043
22,2024-12-14,1,2024-12-21,wk inc flu hosp,quantile,0.975,287.8073735433339
23,2024-12-14,1,2024-12-21,wk inc flu hosp,quantile,0.975,11.33460652334539
24,2024-12-14,1,2024-12-21,wk inc flu hosp,quantile,0.975,56.98450100811555
25,2024-12-14,1,2024-12-21,wk inc flu hosp,quantile,0.975,163.6272366338453
26,2024-12-14,1,2024-12-21,wk inc flu hosp,quantile,0.975,106.62526746799067
27,2024-12-14,1,2024-12-21,wk inc flu hosp,quantile,0.975,129.21647949792234
28,2024-12-14,1,2024-12-21,wk inc flu hosp,quantile,0.975,64.23241878015106
29,2024-12-14,1,2024-12-21,wk inc flu hosp,quantile,0.975,79.85192779626544
30,2024-12-14,1,2024-12-21,wk inc flu hosp,quantile,0.975,12.116994957736784
31,2024-12-14,1,2024-12-21,wk inc flu hosp,quantile,0.975,20.140143759204275
32,2024-12-14,1,2024-12-21,wk inc flu hosp,quantile,0.975,120.61393834515181
33,2024-12-14,1,2024-12-21,wk inc flu hosp,quantile,0.975,29.14450698915007
34,2024-12-14,1,2024-12-21,wk inc flu hosp,quantile,0.975,255.32833311854898
35,2024-12-14,1,2024-12-21,wk inc flu hosp,quantile,0.975,250.57150584037365
36,2024-12-14,1,2024-12-21,wk inc flu hosp,quantile,0.975,650.4621423616642
37,2024-12-14,1,2024-12-21,wk inc flu hosp,quantile,0.975,148.63251788555561
38,2024-12-14,1,2024-12-21,wk inc flu hosp,quantile,0.975,8.85014905075867
39,2024-12-14,1,2024-12-21,wk inc flu hosp,quantile,0.975,189.5021611848139
40,2024-12-14,1,2024-12-21,wk inc flu hosp,quantile,0.975,71.32274461753755
41,2024-12-14,1,2024-12-21,wk inc flu hosp,quantile,0.975,167.64213616605605
42,2024-12-14,1,2024-12-21,wk inc flu hosp,quantile,0.975,272.50895925601947
44,2024-12-14,1,2024-12-21,wk inc flu hosp,quantile,0.975,19.708645946853395
45,2024-12-14,1,2024-12-21,wk inc flu hosp,quantile,0.975,97.27858094975478
46,2024-12-14,1,2024-12-21,wk inc flu hosp,quantile,0.975,6.510286128536654
47,2024-12-14,1,2024-12-21,wk inc flu hosp,quantile,0.975,242.0034075444515
48,2024-12-14,1,2024-12-21,wk inc flu hosp,quantile,0.975,902.1020404970427
49,2024-12-14,1,2024-12-21,wk inc flu hosp,quantile,0.975,158.33493748928632
50,2024-12-14,1,2024-12-21,wk inc flu hosp,quantile,0.975,3.1041424579848824
51,2024-12-14,1,2024-12-21,wk inc flu hosp,quantile,0.975,114.85109900481868
53,2024-12-14,1,2024-12-21,wk inc flu hosp,quantile,0.975,111.70838851196226
54,2024-12-14,1,2024-12-21,wk inc flu hosp,quantile,0.975,45.824835244729435
55,2024-12-14,1,2024-12-21,wk inc flu hosp,quantile,0.975,48.45300767631515
56,2024-12-14,1,2024-12-21,wk inc flu hosp,quantile,0.975,11.431470397814739
72,2024-12-14,1,2024-12-21,wk inc flu hosp,quantile,0.975,834.8482601727785
US,2024-12-14,1,2024-12-21,wk inc flu hosp,quantile,0.975,11512.843932098342
01,2024-12-14,2,2024-12-28,wk inc flu hosp,quantile,0.975,269.1228218055652
02,2024-12-14,2,2024-12-28,wk inc flu hosp,quantile,0.975,40.90357383076565
04,2024-12-14,2,2024-12-28,wk inc flu hosp,quantile,0.975,1598.835239313226
05,2024-12-14,2,2024-12-28,wk inc flu hosp,quantile,0.975,56.96079777066008
06,2024-12-14,2,2024-12-28,wk inc flu hosp,quantile,0.975,2082.946107507667
08,2024-12-14,2,2024-12-28,wk inc flu hosp,quantile,0.975,308.1042040860065
09,2024-12-14,2,2024-12-28,wk inc flu hosp,quantile,0.975,49.48999808897268
10,2024-12-14,2,2024-12-28,wk inc flu hosp,quantile,0.975,55.35753374188301
11,2024-12-14,2,2024-12-28,wk inc flu hosp,quantile,0.975,10.843650931672386
12,2024-12-14,2,2024-12-28,wk inc flu hosp,quantile,0.975,1223.388618936108
13,2024-12-14,2,2024-12-28,wk inc flu hosp,quantile,0.975,210.45848486072046
15,2024-12-14,2,2024-12-28,wk inc flu hosp,quantile,0.975,54.93907711433993
16,2024-12-14,2,2024-12-28,wk inc flu hosp,quantile,0.975,156.21703281008269
17,2024-12-14,2,2024-12-28,wk inc flu hosp,quantile,0.975,189.21957472307406
18,2024-12-14,2,2024-12-28,wk inc flu hosp,quantile,0.975,180.29792983444258
19,2024-12-14,2,2024-12-28,wk inc flu hosp,quantile,0.975,59.0898347877256
20,2024-12-14,2,2024-12-28,wk inc flu hosp,quantile,0.975,100.60986691726337
21,2024-12-14,2,2024-12-28,wk inc flu hosp,quantile,0.975,151.43457632735675
22,2024-12-14,2,2024-12-28,wk inc flu hosp,quantile,0.975,337.2120218739792
23,2024-12-14,2,2024-12-28,wk inc flu hosp,quantile,0.975,14.96267520010141
24,2024-12-14,2,2024-12-28,wk inc flu hosp,quantile,0.975,70.78395980414794
25,2024-12-14,2,2024-12-28,wk inc flu hosp,quantile,0.975,191.00980100044444
26,2024-12-14,2,2024-12-28,wk inc flu hosp,quantile,0.975,110.46046903984126
27,2024-12-14,2,2024-12-28,wk inc flu hosp,quantile,0.975,162.0739354184722
28,2024-12-14,2,2024-12-28,wk inc flu hosp,quantile,0.975,73.71683489116955
29,2024-12-14,2,2024-12-28,wk inc flu hosp,quantile,0.975,88.85245535526656
30,2024-12-14,2,2024-12-28,wk inc flu hosp,quantile,0.975,13.668268923554436
31,2024-12-14,2,2024-12-28,wk inc flu hosp,quantile,0.975,22.65154528769813
32,2024-12-14,2,2024-12-28,wk inc flu hosp,quantile,0.975,146.25204035541245
33,2024-12-14,2,2024-12-28,wk inc flu hosp,quantile,0.975,29.319120460383566
34,2024-12-14,2,2024-12-28,wk inc flu hosp,quantile,0.975,355.4715181920319
35,2024-12-14,2,2024-12-28,wk inc flu hosp,quantile,0.975,310.0891980162539
36,2024-12-14,2,2024-12-28,wk inc flu hosp,quantile,0.975,942.8514818273003
37,2024-12-14,2,2024-12-28,wk inc flu hosp,quantile,0.975,190.75253040603855
38,2024-12-14,2,2024-12-28,wk inc flu hosp,quantile,0.975,9.420305184577549
39,2024-12-14,2,2024-12-28,wk inc flu hosp,quantile,0.975,236.03361655442137
40,2024-12-14,2,2024-12-28,wk inc flu hosp,quantile,0.975,82.98462819219668
41,2024-12-14,2,2024-12-28,wk inc flu hosp,quantile,0.975,216.4683669553085
42,2024-12-14,2,2024-12-28,wk inc flu hosp,quantile,0.975,307.7312159282269
44,2024-12-14,2,2024-12-28,wk inc flu hosp,quantile,0.975,24.529737532936707
45,2024-12-14,2,2024-12-28,wk inc flu hosp,quantile,0.975,134.52431787463104
46,2024-12-14,2,2024-12-28,wk inc flu hosp,quantile,0.975,7.426217378018663
47,2024-12-14,2,2024-12-28,wk inc flu hosp,quantile,0.975,281.09173474843794
48,2024-12-14,2,2024-12-28,wk inc flu hosp,quantile,0.975,1077.0114875529116
49,2024-12-14,2,2024-12-28,wk inc flu hosp,quantile,0.975,201.32712550784896
50,2024-12-14,2,2024-12-28,wk inc flu hosp,quantile,0.975,3.0602700200462163
51,2024-12-14,2,2024-12-28,wk inc flu hosp,quantile,0.975,142.40771091371803
53,2024-12-14,2,2024-12-28,wk inc flu hosp,quantile,0.975,134.15277512580826
54,2024-12-14,2,2024-12-28,wk inc flu hosp,quantile,0.975,57.19423490456365
55,2024-12-14,2,2024-12-28,wk inc flu hosp,quantile,0.975,56.50041732522436
56,2024-12-14,2,2024-12-28,wk inc flu hosp,quantile,0.975,11.839841363486343
72,2024-12-14,2,2024-12-28,wk inc flu hosp,quantile,0.975,907.1694431030897
US,2024-12-14,2,2024-12-28,wk inc flu hosp,quantile,0.975,14634.815923052247
01,2024-12-14,3,2025-01-04,wk inc flu hosp,quantile,0.975,318.253993498554
02,2024-12-14,3,2025-01-04,wk inc flu hosp,quantile,0.975,46.34586116260129
04,2024-12-14,3,2025-01-04,wk inc flu hosp,quantile,0.975,1663.7872033994577
05,2024-12-14,3,2025-01-04,wk inc flu hosp,quantile,0.975,68.96057386692428
06,2024-12-14,3,2025-01-04,wk inc flu hosp,quantile,0.975,2449.67682931845
08,2024-12-14,3,2025-01-04,wk inc flu hosp,quantile,0.975,345.95065713721334
09,2024-12-14,3,2025-01-04,wk inc flu hosp,quantile,0.975,66.92838060397622
10,2024-12-14,3,2025-01-04,wk inc flu hosp,quantile,0.975,66.93860312928717
11,2024-12-14,3,2025-01-04,wk inc flu hosp,quantile,0.975,11.459446675854032
12,2024-12-14,3,2025-01-04,wk inc flu hosp,quantile,0.975,1391.740835465408
13,2024-12-14,3,2025-01-04,wk inc flu hosp,quantile,0.975,276.04364351423834
15,2024-12-14,3,2025-01-04,wk inc flu hosp,quantile,0.975,62.75975559030489
16,2024-12-14,3,2025-01-04,wk inc flu hosp,quantile,0.975,174.92031225993333
17,2024-12-14,3,2025-01-04,wk inc flu hosp,quantile,0.975,221.47509233055467
18,2024-12-14,3,2025-01-04,wk inc flu hosp,quantile,0.975,246.8786734935287
19,2024-12-14,3,2025-01-04,wk inc flu hosp,quantile,0.975,75.73361912432769
20,2024-12-14,3,2025-01-04,wk inc flu hosp,quantile,0.975,135.66208452589697
21,2024-12-14,3,2025-01-04,wk inc flu hosp,quantile,0.975,189.77223278392975
22,2024-12-14,3,2025-01-04,wk inc flu hosp,quantile,0.975,395.3744352488358
23,2024-12-14,3,2025-01-04,wk inc flu hosp,quantile,0.975,20.718584189609512
24,2024-12-14,3,2025-01-04,wk inc flu hosp,quantile,0.975,90.80421014940215
25,2024-12-14,3,2025-01-04,wk inc flu hosp,quantile,0.975,227.44740574036692
26,2024-12-14,3,2025-01-04,wk inc flu hosp,quantile,0.975,123.18289333004708
27,2024-12-14,3,2025-01-04,wk inc flu hosp,quantile,0.975,189.35898472161546
28,2024-12-14,3,2025-01-04,wk inc flu hosp,quantile,0.975,82.52507628484919
29,2024-12-14,3,2025-01-04,wk inc flu hosp,quantile,0.975,106.6433094811162
30,2024-12-14,3,2025-01-04,wk inc flu hosp,quantile,0.975,14.903958246390337
31,2024-12-14,3,2025-01-04,wk inc flu hosp,quantile,0.975,27.555456125213915
32,2024-12-14,3,2025-01-04,wk inc flu hosp,quantile,0.975,183.9094492814151
33,2024-12-14,3,2025-01-04,wk inc flu hosp,quantile,0.975,31.46439834915113
34,2024-12-14,3,2025-01-04,wk inc flu hosp,quantile,0.975,456.4494697583039
35,2024-12-14,3,2025-01-04,wk inc flu hosp,quantile,0.975,338.70949597445855
36,2024-12-14,3,2025-01-04,wk inc flu hosp,quantile,0.975,1123.8478580250414
37,2024-12-14,3,2025-01-04,wk inc flu hosp,quantile,0.975,256.36692819936724
38,2024-12-14,3,2025-01-04,wk inc flu hosp,quantile,0.975,10.25895508973435
39,2024-12-14,3,2025-01-04,wk inc flu hosp,quantile,0.975,317.4069096525286
40,2024-12-14,3,2025-01-04,wk inc flu hosp,quantile,0.975,101.77412318264678
41,2024-12-14,3,2025-01-04,wk inc flu hosp,quantile,0.975,269.0218406817326
42,2024-12-14,3,2025-01-04,wk inc flu hosp,quantile,0.975,348.36868220372946
44,2024-12-14,3,2025-01-04,wk inc flu hosp,quantile,0.975,29.869797486674027
45,2024-12-14,3,2025-01-04,wk inc flu hosp,quantile,0.975,156.11082719700818
46,2024-12-14,3,2025-01-04,wk inc flu hosp,quantile,0.975,8.932348643798589
47,2024-12-14,3,2025-01-04,wk inc flu hosp,quantile,0.975,324.1249815727316
48,2024-12-14,3,2025-01-04,wk inc flu hosp,quantile,0.975,1315.920767552621
49,2024-12-14,3,2025-01-04,wk inc flu hosp,quantile,0.975,200.3764164235935
50,2024-12-14,3,2025-01-04,wk inc flu hosp,quantile,0.975,3.309938859162676
51,2024-12-14,3,2025-01-04,wk inc flu hosp,quantile,0.975,170.10057145286706
53,2024-12-14,3,2025-01-04,wk inc flu hosp,quantile,0.975,165.42090160035022
54,2024-12-14,3,2025-01-04,wk inc flu hosp,quantile,0.975,65.82400645345344
55,2024-12-14,3,2025-01-04,wk inc flu hosp,quantile,0.975,69.46316122781677
56,2024-12-14,3,2025-01-04,wk inc flu hosp,quantile,0.975,12.83846978648694
72,2024-12-14,3,2025-01-04,wk inc flu hosp,quantile,0.975,896.5011241250551
US,2024-12-14,3,2025-01-04,wk inc flu hosp,quantile,0.975,17774.272492122334
01,2024-12-14,0,2024-12-14,wk inc flu hosp,quantile,0.99,175.35277381885822
02,2024-12-14,0,2024-12-14,wk inc flu hosp,quantile,0.99,28.551667830379856
04,2024-12-14,0,2024-12-14,wk inc flu hosp,quantile,0.99,1253.006041804444
05,2024-12-14,0,2024-12-14,wk inc flu hosp,quantile,0.99,40.87423217991697
06,2024-12-14,0,2024-12-14,wk inc flu hosp,quantile,0.99,1398.6026535615906
08,2024-12-14,0,2024-12-14,wk inc flu hosp,quantile,0.99,163.0672538731634
09,2024-12-14,0,2024-12-14,wk inc flu hosp,quantile,0.99,29.42430898277453
10,2024-12-14,0,2024-12-14,wk inc flu hosp,quantile,0.99,32.83088633388538
11,2024-12-14,0,2024-12-14,wk inc flu hosp,quantile,0.99,9.241822044194063
12,2024-12-14,0,2024-12-14,wk inc flu hosp,quantile,0.99,966.0249557032365
13,2024-12-14,0,2024-12-14,wk inc flu hosp,quantile,0.99,144.15383501290734
15,2024-12-14,0,2024-12-14,wk inc flu hosp,quantile,0.99,41.543422017974734
16,2024-12-14,0,2024-12-14,wk inc flu hosp,quantile,0.99,114.33983035067006
17,2024-12-14,0,2024-12-14,wk inc flu hosp,quantile,0.99,148.21702820114032
18,2024-12-14,0,2024-12-14,wk inc flu hosp,quantile,0.99,117.50979817339325
19,2024-12-14,0,2024-12-14,wk inc flu hosp,quantile,0.99,38.74028004018951
20,2024-12-14,0,2024-12-14,wk inc flu hosp,quantile,0.99,57.970048679258355
21,2024-12-14,0,2024-12-14,wk inc flu hosp,quantile,0.99,90.44808194033254
22,2024-12-14,0,2024-12-14,wk inc flu hosp,quantile,0.99,244.83214825396232
23,2024-12-14,0,2024-12-14,wk inc flu hosp,quantile,0.99,9.80132580542735
24,2024-12-14,0,2024-12-14,wk inc flu hosp,quantile,0.99,50.14105379331544
25,2024-12-14,0,2024-12-14,wk inc flu hosp,quantile,0.99,133.41207486676055
26,2024-12-14,0,2024-12-14,wk inc flu hosp,quantile,0.99,95.26791702255858
27,2024-12-14,0,2024-12-14,wk inc flu hosp,quantile,0.99,108.41984546794251
28,2024-12-14,0,2024-12-14,wk inc flu hosp,quantile,0.99,59.33814927713634
29,2024-12-14,0,2024-12-14,wk inc flu hosp,quantile,0.99,78.52300551982779
30,2024-12-14,0,2024-12-14,wk inc flu hosp,quantile,0.99,10.258306998069639
31,2024-12-14,0,2024-12-14,wk inc flu hosp,quantile,0.99,19.383406730927206
32,2024-12-14,0,2024-12-14,wk inc flu hosp,quantile,0.99,101.7787081923429
33,2024-12-14,0,2024-12-14,wk inc flu hosp,quantile,0.99,26.92426138282022
34,2024-12-14,0,2024-12-14,wk inc flu hosp,quantile,0.99,198.8994430228071
35,2024-12-14,0,2024-12-14,wk inc flu hosp,quantile,0.99,183.45594138762888
36,2024-12-14,0,2024-12-14,wk inc flu hosp,quantile,0.99,477.1816452374449
37,2024-12-14,0,2024-12-14,wk inc flu hosp,quantile,0.99,124.7916390996135
38,2024-12-14,0,2024-12-14,wk inc flu hosp,quantile,0.99,7.080062410903016
39,2024-12-14,0,2024-12-14,wk inc flu hosp,quantile,0.99,152.07067404824434
40,2024-12-14,0,2024-12-14,wk inc flu hosp,quantile,0.99,60.9803269888891
41,2024-12-14,0,2024-12-14,wk inc flu hosp,quantile,0.99,137.05169128028393
42,2024-12-14,0,2024-12-14,wk inc flu hosp,quantile,0.99,259.441836843575
44,2024-12-14,0,2024-12-14,wk inc flu hosp,quantile,0.99,15.855708614484152
45,2024-12-14,0,2024-12-14,wk inc flu hosp,quantile,0.99,76.39496001789966
46,2024-12-14,0,2024-12-14,wk inc flu hosp,quantile,0.99,6.132458534183829
47,2024-12-14,0,2024-12-14,wk inc flu hosp,quantile,0.99,209.35428496205665
48,2024-12-14,0,2024-12-14,wk inc flu hosp,quantile,0.99,753.9365899334646
49,2024-12-14,0,2024-12-14,wk inc flu hosp,quantile,0.99,108.14640013126339
50,2024-12-14,0,2024-12-14,wk inc flu hosp,quantile,0.99,2.766626341947146
51,2024-12-14,0,2024-12-14,wk inc flu hosp,quantile,0.99,99.63849150762853
53,2024-12-14,0,2024-12-14,wk inc flu hosp,quantile,0.99,96.61784172672446
54,2024-12-14,0,2024-12-14,wk inc flu hosp,quantile,0.99,36.013123153070204
55,2024-12-14,0,2024-12-14,wk inc flu hosp,quantile,0.99,47.9899519902826
56,2024-12-14,0,2024-12-14,wk inc flu hosp,quantile,0.99,10.607429200698684
72,2024-12-14,0,2024-12-14,wk inc flu hosp,quantile,0.99,674.7750742942093
US,2024-12-14,0,2024-12-14,wk inc flu hosp,quantile,0.99,9397.474244669904
01,2024-12-14,1,2024-12-21,wk inc flu hosp,quantile,0.99,219.6740963767739
02,2024-12-14,1,2024-12-21,wk inc flu hosp,quantile,0.99,35.064741422045444
04,2024-12-14,1,2024-12-21,wk inc flu hosp,quantile,0.99,1456.3860175656766
05,2024-12-14,1,2024-12-21,wk inc flu hosp,quantile,0.99,50.258424456517396
06,2024-12-14,1,2024-12-21,wk inc flu hosp,quantile,0.99,1736.8191878519788
08,2024-12-14,1,2024-12-21,wk inc flu hosp,quantile,0.99,221.59656424348483
09,2024-12-14,1,2024-12-21,wk inc flu hosp,quantile,0.99,39.394631039679396
10,2024-12-14,1,2024-12-21,wk inc flu hosp,quantile,0.99,42.208863974941856
11,2024-12-14,1,2024-12-21,wk inc flu hosp,quantile,0.99,12.1681095567403
12,2024-12-14,1,2024-12-21,wk inc flu hosp,quantile,0.99,1126.2053750453017
13,2024-12-14,1,2024-12-21,wk inc flu hosp,quantile,0.99,183.1676426101024
15,2024-12-14,1,2024-12-21,wk inc flu hosp,quantile,0.99,52.47416635380928
16,2024-12-14,1,2024-12-21,wk inc flu hosp,quantile,0.99,146.85569126183384
17,2024-12-14,1,2024-12-21,wk inc flu hosp,quantile,0.99,187.9396618872804
18,2024-12-14,1,2024-12-21,wk inc flu hosp,quantile,0.99,152.24370934605525
19,2024-12-14,1,2024-12-21,wk inc flu hosp,quantile,0.99,47.648758370698886
20,2024-12-14,1,2024-12-21,wk inc flu hosp,quantile,0.99,77.20258504675121
21,2024-12-14,1,2024-12-21,wk inc flu hosp,quantile,0.99,118.31243398106916
22,2024-12-14,1,2024-12-21,wk inc flu hosp,quantile,0.99,299.36911851964754
23,2024-12-14,1,2024-12-21,wk inc flu hosp,quantile,0.99,13.192906766331625
24,2024-12-14,1,2024-12-21,wk inc flu hosp,quantile,0.99,65.49699342109676
25,2024-12-14,1,2024-12-21,wk inc flu hosp,quantile,0.99,173.4372043805271
26,2024-12-14,1,2024-12-21,wk inc flu hosp,quantile,0.99,119.29189887914721
27,2024-12-14,1,2024-12-21,wk inc flu hosp,quantile,0.99,139.23167652874096
28,2024-12-14,1,2024-12-21,wk inc flu hosp,quantile,0.99,73.2922115088258
29,2024-12-14,1,2024-12-21,wk inc flu hosp,quantile,0.99,97.52330863007667
30,2024-12-14,1,2024-12-21,wk inc flu hosp,quantile,0.99,15.155338721700174
31,2024-12-14,1,2024-12-21,wk inc flu hosp,quantile,0.99,23.802400700146574
32,2024-12-14,1,2024-12-21,wk inc flu hosp,quantile,0.99,127.08073504288822
33,2024-12-14,1,2024-12-21,wk inc flu hosp,quantile,0.99,32.15940575771871
34,2024-12-14,1,2024-12-21,wk inc flu hosp,quantile,0.99,267.72086975312203
35,2024-12-14,1,2024-12-21,wk inc flu hosp,quantile,0.99,273.63968127860704
36,2024-12-14,1,2024-12-21,wk inc flu hosp,quantile,0.99,651.6619250843108
37,2024-12-14,1,2024-12-21,wk inc flu hosp,quantile,0.99,160.45025195491337
38,2024-12-14,1,2024-12-21,wk inc flu hosp,quantile,0.99,9.528109374419905
39,2024-12-14,1,2024-12-21,wk inc flu hosp,quantile,0.99,191.96552383225247
40,2024-12-14,1,2024-12-21,wk inc flu hosp,quantile,0.99,79.46470605781795
41,2024-12-14,1,2024-12-21,wk inc flu hosp,quantile,0.99,175.48768943297776
42,2024-12-14,1,2024-12-21,wk inc flu hosp,quantile,0.99,303.021786519277
44,2024-12-14,1,2024-12-21,wk inc flu hosp,quantile,0.99,20.62075137208426
45,2024-12-14,1,2024-12-21,wk inc flu hosp,quantile,0.99,97.37985427356588
46,2024-12-14,1,2024-12-21,wk inc flu hosp,quantile,0.99,7.926922890792437
47,2024-12-14,1,2024-12-21,wk inc flu hosp,quantile,0.99,243.1373647135273
48,2024-12-14,1,2024-12-21,wk inc flu hosp,quantile,0.99,938.6891002236338
49,2024-12-14,1,2024-12-21,wk inc flu hosp,quantile,0.99,160.71656261586855
50,2024-12-14,1,2024-12-21,wk inc flu hosp,quantile,0.99,4.597797689083114
51,2024-12-14,1,2024-12-21,wk inc flu hosp,quantile,0.99,123.34354775960101
53,2024-12-14,1,2024-12-21,wk inc flu hosp,quantile,0.99,121.33897019824764
54,2024-12-14,1,2024-12-21,wk inc flu hosp,quantile,0.99,47.52506482074081
55,2024-12-14,1,2024-12-21,wk inc flu hosp,quantile,0.99,62.57463339109139
56,2024-12-14,1,2024-12-21,wk inc flu hosp,quantile,0.99,13.881962898194788
72,2024-12-14,1,2024-12-21,wk inc flu hosp,quantile,0.99,875.7607167073573
US,2024-12-14,1,2024-12-21,wk inc flu hosp,quantile,0.99,11900.158750776605
01,2024-12-14,2,2024-12-28,wk inc flu hosp,quantile,0.99,289.8969963225618
02,2024-12-14,2,2024-12-28,wk inc flu hosp,quantile,0.99,43.8767607376601
04,2024-12-14,2,2024-12-28,wk inc flu hosp,quantile,0.99,1692.4939795347059
05,2024-12-14,2,2024-12-28,wk inc flu hosp,quantile,0.99,59.31226094285159
06,2024-12-14,2,2024-12-28,wk inc flu hosp,quantile,0.99,2106.264238350864
08,2024-12-14,2,2024-12-28,wk inc flu hosp,quantile,0.99,327.4907951721245
09,2024-12-14,2,2024-12-28,wk inc flu hosp,quantile,0.99,51.49882998420648
10,2024-12-14,2,2024-12-28,wk inc flu hosp,quantile,0.99,55.978659253403094
11,2024-12-14,2,2024-12-28,wk inc flu hosp,quantile,0.99,14.615364475781194
12,2024-12-14,2,2024-12-28,wk inc flu hosp,quantile,0.99,1265.909981148075
13,2024-12-14,2,2024-12-28,wk inc flu hosp,quantile,0.99,226.10559039203886
15,2024-12-14,2,2024-12-28,wk inc flu hosp,quantile,0.99,60.58387522904118
16,2024-12-14,2,2024-12-28,wk inc flu hosp,quantile,0.99,172.53643269266385
17,2024-12-14,2,2024-12-28,wk inc flu hosp,quantile,0.99,229.55347880165368
18,2024-12-14,2,2024-12-28,wk inc flu hosp,quantile,0.99,195.17696864836833
19,2024-12-14,2,2024-12-28,wk inc flu hosp,quantile,0.99,63.852891307535295
20,2024-12-14,2,2024-12-28,wk inc flu hosp,quantile,0.99,101.2371658651216
21,2024-12-14,2,2024-12-28,wk inc flu hosp,quantile,0.99,164.55194576835723
22,2024-12-14,2,2024-12-28,wk inc flu hosp,quantile,0.99,350.2667464985983
23,2024-12-14,2,2024-12-28,wk inc flu hosp,quantile,0.99,17.135540725262924
24,2024-12-14,2,2024-12-28,wk inc flu hosp,quantile,0.99,85.51832243706724
25,2024-12-14,2,2024-12-28,wk inc flu hosp,quantile,0.99,213.7289245564761
26,2024-12-14,2,2024-12-28,wk inc flu hosp,quantile,0.99,136.1029713347012
27,2024-12-14,2,2024-12-28,wk inc flu hosp,quantile,0.99,180.52650662201398
28,2024-12-14,2,2024-12-28,wk inc flu hosp,quantile,0.99,86.00920791350178
29,2024-12-14,2,2024-12-28,wk inc flu hosp,quantile,0.99,120.55848847766697
30,2024-12-14,2,2024-12-28,wk inc flu hosp,quantile,0.99,17.14363092561517
31,2024-12-14,2,2024-12-28,wk inc flu hosp,quantile,0.99,28.3934958972614
32,2024-12-14,2,2024-12-28,wk inc flu hosp,quantile,0.99,154.66041441103397
33,2024-12-14,2,2024-12-28,wk inc flu hosp,quantile,0.99,32.29032768308238
34,2024-12-14,2,2024-12-28,wk inc flu hosp,quantile,0.99,368.6594114660577
35,2024-12-14,2,2024-12-28,wk inc flu hosp,quantile,0.99,359.9489629857583
36,2024-12-14,2,2024-12-28,wk inc flu hosp,quantile,0.99,951.3029766043692
37,2024-12-14,2,2024-12-28,wk inc flu hosp,quantile,0.99,201.43734760231794
38,2024-12-14,2,2024-12-28,wk inc flu hosp,quantile,0.99,10.794445757648996
39,2024-12-14,2,2024-12-28,wk inc flu hosp,quantile,0.99,242.69869700521406
40,2024-12-14,2,2024-12-28,wk inc flu hosp,quantile,0.99,99.81623160184282
41,2024-12-14,2,2024-12-28,wk inc flu hosp,quantile,0.99,218.8686451895207
42,2024-12-14,2,2024-12-28,wk inc flu hosp,quantile,0.99,347.0909165251732
44,2024-12-14,2,2024-12-28,wk inc flu hosp,quantile,0.99,25.304252466641586
45,2024-12-14,2,2024-12-28,wk inc flu hosp,quantile,0.99,136.4809043857523
46,2024-12-14,2,2024-12-28,wk inc flu hosp,quantile,0.99,10.33583365554863
47,2024-12-14,2,2024-12-28,wk inc flu hosp,quantile,0.99,285.26914485868593
48,2024-12-14,2,2024-12-28,wk inc flu hosp,quantile,0.99,1154.5182523603821
49,2024-12-14,2,2024-12-28,wk inc flu hosp,quantile,0.99,210.28708276082105
50,2024-12-14,2,2024-12-28,wk inc flu hosp,quantile,0.99,4.962629064089925
51,2024-12-14,2,2024-12-28,wk inc flu hosp,quantile,0.99,150.5292785808224
53,2024-12-14,2,2024-12-28,wk inc flu hosp,quantile,0.99,148.9183625012581
54,2024-12-14,2,2024-12-28,wk inc flu hosp,quantile,0.99,57.39042966428985
55,2024-12-14,2,2024-12-28,wk inc flu hosp,quantile,0.99,79.6499291293872
56,2024-12-14,2,2024-12-28,wk inc flu hosp,quantile,0.99,16.025270113864966
72,2024-12-14,2,2024-12-28,wk inc flu hosp,quantile,0.99,1036.8531360920715
US,2024-12-14,2,2024-12-28,wk inc flu hosp,quantile,0.99,14693.038986835436
01,2024-12-14,3,2025-01-04,wk inc flu hosp,quantile,0.99,364.6991682770832
02,2024-12-14,3,2025-01-04,wk inc flu hosp,quantile,0.99,50.242538456981436
04,2024-12-14,3,2025-01-04,wk inc flu hosp,quantile,0.99,1883.1366584389143
05,2024-12-14,3,2025-01-04,wk inc flu hosp,quantile,0.99,76.99745490459455
06,2024-12-14,3,2025-01-04,wk inc flu hosp,quantile,0.99,2460.3568904228
08,2024-12-14,3,2025-01-04,wk inc flu hosp,quantile,0.99,411.1383118264022
09,2024-12-14,3,2025-01-04,wk inc flu hosp,quantile,0.99,68.89331252351079
10,2024-12-14,3,2025-01-04,wk inc flu hosp,quantile,0.99,72.41037206625404
11,2024-12-14,3,2025-01-04,wk inc flu hosp,quantile,0.99,15.672630815189846
12,2024-12-14,3,2025-01-04,wk inc flu hosp,quantile,0.99,1481.3630171941254
13,2024-12-14,3,2025-01-04,wk inc flu hosp,quantile,0.99,277.5607884723169
15,2024-12-14,3,2025-01-04,wk inc flu hosp,quantile,0.99,67.10105394641882
16,2024-12-14,3,2025-01-04,wk inc flu hosp,quantile,0.99,196.4143520849198
17,2024-12-14,3,2025-01-04,wk inc flu hosp,quantile,0.99,275.13106817445055
18,2024-12-14,3,2025-01-04,wk inc flu hosp,quantile,0.99,255.45724029570457
19,2024-12-14,3,2025-01-04,wk inc flu hosp,quantile,0.99,80.41729123419354
20,2024-12-14,3,2025-01-04,wk inc flu hosp,quantile,0.99,136.06679144649513
21,2024-12-14,3,2025-01-04,wk inc flu hosp,quantile,0.99,219.51908069739076
22,2024-12-14,3,2025-01-04,wk inc flu hosp,quantile,0.99,421.2213938260234
23,2024-12-14,3,2025-01-04,wk inc flu hosp,quantile,0.99,21.41440734983673
24,2024-12-14,3,2025-01-04,wk inc flu hosp,quantile,0.99,107.80556412840971
25,2024-12-14,3,2025-01-04,wk inc flu hosp,quantile,0.99,251.64043180038527
26,2024-12-14,3,2025-01-04,wk inc flu hosp,quantile,0.99,159.251130298197
27,2024-12-14,3,2025-01-04,wk inc flu hosp,quantile,0.99,215.04092453014977
28,2024-12-14,3,2025-01-04,wk inc flu hosp,quantile,0.99,97.9978283749111
29,2024-12-14,3,2025-01-04,wk inc flu hosp,quantile,0.99,146.6875484995655
30,2024-12-14,3,2025-01-04,wk inc flu hosp,quantile,0.99,18.56237126237671
31,2024-12-14,3,2025-01-04,wk inc flu hosp,quantile,0.99,33.683278831350805
32,2024-12-14,3,2025-01-04,wk inc flu hosp,quantile,0.99,185.78063462601637
33,2024-12-14,3,2025-01-04,wk inc flu hosp,quantile,0.99,34.08975048966363
34,2024-12-14,3,2025-01-04,wk inc flu hosp,quantile,0.99,519.1913865325051
35,2024-12-14,3,2025-01-04,wk inc flu hosp,quantile,0.99,400.84332508886536
36,2024-12-14,3,2025-01-04,wk inc flu hosp,quantile,0.99,1227.4884317965189
37,2024-12-14,3,2025-01-04,wk inc flu hosp,quantile,0.99,267.2151458791881
38,2024-12-14,3,2025-01-04,wk inc flu hosp,quantile,0.99,11.59424483380206
39,2024-12-14,3,2025-01-04,wk inc flu hosp,quantile,0.99,326.31861442416437
40,2024-12-14,3,2025-01-04,wk inc flu hosp,quantile,0.99,122.41844621223802
41,2024-12-14,3,2025-01-04,wk inc flu hosp,quantile,0.99,297.2505194808358
42,2024-12-14,3,2025-01-04,wk inc flu hosp,quantile,0.99,393.3241608810115
44,2024-12-14,3,2025-01-04,wk inc flu hosp,quantile,0.99,30.835494287639005
45,2024-12-14,3,2025-01-04,wk inc flu hosp,quantile,0.99,174.75413737191164
46,2024-12-14,3,2025-01-04,wk inc flu hosp,quantile,0.99,12.001104236130871
47,2024-12-14,3,2025-01-04,wk inc flu hosp,quantile,0.99,331.74711508744826
48,2024-12-14,3,2025-01-04,wk inc flu hosp,quantile,0.99,1442.4646034948732
49,2024-12-14,3,2025-01-04,wk inc flu hosp,quantile,0.99,230.75838795000263
50,2024-12-14,3,2025-01-04,wk inc flu hosp,quantile,0.99,5.369769348762187
51,2024-12-14,3,2025-01-04,wk inc flu hosp,quantile,0.99,182.36471861214372
53,2024-12-14,3,2025-01-04,wk inc flu hosp,quantile,0.99,182.18196444926357
54,2024-12-14,3,2025-01-04,wk inc flu hosp,quantile,0.99,66.40702607747407
55,2024-12-14,3,2025-01-04,wk inc flu hosp,quantile,0.99,99.60803120507076
56,2024-12-14,3,2025-01-04,wk inc flu hosp,quantile,0.99,17.328981964391073
72,2024-12-14,3,2025-01-04,wk inc flu hosp,quantile,0.99,1022.1304109544585
US,2024-12-14,3,2025-01-04,wk inc flu hosp,quantile,0.99,19061.770026694358
