"location","reference_date","horizon","target_end_date","target","output_type","output_type_id","value"
"01",2026-05-02,0,2026-05-02,"wk inc flu hosp","quantile","0.01",6.22743008608011
"01",2026-05-02,0,2026-05-02,"wk inc flu hosp","quantile","0.025",9.85715251226465
"01",2026-05-02,0,2026-05-02,"wk inc flu hosp","quantile","0.05",11.6854010395142
"01",2026-05-02,0,2026-05-02,"wk inc flu hosp","quantile","0.1",14.314736187548
"01",2026-05-02,0,2026-05-02,"wk inc flu hosp","quantile","0.15",15.5573426542372
"01",2026-05-02,0,2026-05-02,"wk inc flu hosp","quantile","0.2",16.7177155565687
"01",2026-05-02,0,2026-05-02,"wk inc flu hosp","quantile","0.25",17.8971683149681
"01",2026-05-02,0,2026-05-02,"wk inc flu hosp","quantile","0.3",19.3713662813749
"01",2026-05-02,0,2026-05-02,"wk inc flu hosp","quantile","0.35",20.5969285544816
"01",2026-05-02,0,2026-05-02,"wk inc flu hosp","quantile","0.4",21.5917468442706
"01",2026-05-02,0,2026-05-02,"wk inc flu hosp","quantile","0.45",22.4426465920427
"01",2026-05-02,0,2026-05-02,"wk inc flu hosp","quantile","0.5",23.2083450569631
"01",2026-05-02,0,2026-05-02,"wk inc flu hosp","quantile","0.55",24.098951709981
"01",2026-05-02,0,2026-05-02,"wk inc flu hosp","quantile","0.6",24.8371570443534
"01",2026-05-02,0,2026-05-02,"wk inc flu hosp","quantile","0.65",26.2687276515202
"01",2026-05-02,0,2026-05-02,"wk inc flu hosp","quantile","0.7",27.4234186750526
"01",2026-05-02,0,2026-05-02,"wk inc flu hosp","quantile","0.75",28.8272833588076
"01",2026-05-02,0,2026-05-02,"wk inc flu hosp","quantile","0.8",30.2706899511383
"01",2026-05-02,0,2026-05-02,"wk inc flu hosp","quantile","0.85",32.2933337555228
"01",2026-05-02,0,2026-05-02,"wk inc flu hosp","quantile","0.9",35.1115714074868
"01",2026-05-02,0,2026-05-02,"wk inc flu hosp","quantile","0.95",39.5183043839312
"01",2026-05-02,0,2026-05-02,"wk inc flu hosp","quantile","0.975",43.6693361568707
"01",2026-05-02,0,2026-05-02,"wk inc flu hosp","quantile","0.99",54.073972807123
"01",2026-05-02,1,2026-05-09,"wk inc flu hosp","quantile","0.01",4.5888054672737
"01",2026-05-02,1,2026-05-09,"wk inc flu hosp","quantile","0.025",7.16606596172599
"01",2026-05-02,1,2026-05-09,"wk inc flu hosp","quantile","0.05",8.96536545404184
"01",2026-05-02,1,2026-05-09,"wk inc flu hosp","quantile","0.1",11.7289361271595
"01",2026-05-02,1,2026-05-09,"wk inc flu hosp","quantile","0.15",12.9217876422982
"01",2026-05-02,1,2026-05-09,"wk inc flu hosp","quantile","0.2",13.9367229997846
"01",2026-05-02,1,2026-05-09,"wk inc flu hosp","quantile","0.25",15.4326140221529
"01",2026-05-02,1,2026-05-09,"wk inc flu hosp","quantile","0.3",16.7477675385456
"01",2026-05-02,1,2026-05-09,"wk inc flu hosp","quantile","0.35",17.7655268491658
"01",2026-05-02,1,2026-05-09,"wk inc flu hosp","quantile","0.4",18.8722985058689
"01",2026-05-02,1,2026-05-09,"wk inc flu hosp","quantile","0.45",19.8969001167297
"01",2026-05-02,1,2026-05-09,"wk inc flu hosp","quantile","0.5",21.0115979115246
"01",2026-05-02,1,2026-05-09,"wk inc flu hosp","quantile","0.55",22.0190680923098
"01",2026-05-02,1,2026-05-09,"wk inc flu hosp","quantile","0.6",23.1659231764014
"01",2026-05-02,1,2026-05-09,"wk inc flu hosp","quantile","0.65",24.8193182740293
"01",2026-05-02,1,2026-05-09,"wk inc flu hosp","quantile","0.7",26.4532296599446
"01",2026-05-02,1,2026-05-09,"wk inc flu hosp","quantile","0.75",28.3813320357632
"01",2026-05-02,1,2026-05-09,"wk inc flu hosp","quantile","0.8",29.8563119698269
"01",2026-05-02,1,2026-05-09,"wk inc flu hosp","quantile","0.85",32.356229112729
"01",2026-05-02,1,2026-05-09,"wk inc flu hosp","quantile","0.9",36.1650453862707
"01",2026-05-02,1,2026-05-09,"wk inc flu hosp","quantile","0.95",41.8627172669657
"01",2026-05-02,1,2026-05-09,"wk inc flu hosp","quantile","0.975",50.9274771101965
"01",2026-05-02,1,2026-05-09,"wk inc flu hosp","quantile","0.99",65.4695538082221
"01",2026-05-02,2,2026-05-16,"wk inc flu hosp","quantile","0.01",3.23566711216668
"01",2026-05-02,2,2026-05-16,"wk inc flu hosp","quantile","0.025",5.16667888340358
"01",2026-05-02,2,2026-05-16,"wk inc flu hosp","quantile","0.05",6.98655948248917
"01",2026-05-02,2,2026-05-16,"wk inc flu hosp","quantile","0.1",9.32981354702675
"01",2026-05-02,2,2026-05-16,"wk inc flu hosp","quantile","0.15",11.0716275079324
"01",2026-05-02,2,2026-05-16,"wk inc flu hosp","quantile","0.2",12.1438410833763
"01",2026-05-02,2,2026-05-16,"wk inc flu hosp","quantile","0.25",13.4468378817204
"01",2026-05-02,2,2026-05-16,"wk inc flu hosp","quantile","0.3",14.6786570211302
"01",2026-05-02,2,2026-05-16,"wk inc flu hosp","quantile","0.35",15.5198968400205
"01",2026-05-02,2,2026-05-16,"wk inc flu hosp","quantile","0.4",16.4869818270356
"01",2026-05-02,2,2026-05-16,"wk inc flu hosp","quantile","0.45",17.5930484032352
"01",2026-05-02,2,2026-05-16,"wk inc flu hosp","quantile","0.5",18.7672630360598
"01",2026-05-02,2,2026-05-16,"wk inc flu hosp","quantile","0.55",19.9929687193136
"01",2026-05-02,2,2026-05-16,"wk inc flu hosp","quantile","0.6",21.4062502269697
"01",2026-05-02,2,2026-05-16,"wk inc flu hosp","quantile","0.65",23.2049151427658
"01",2026-05-02,2,2026-05-16,"wk inc flu hosp","quantile","0.7",24.8972805592867
"01",2026-05-02,2,2026-05-16,"wk inc flu hosp","quantile","0.75",26.4504976431202
"01",2026-05-02,2,2026-05-16,"wk inc flu hosp","quantile","0.8",28.6685127437106
"01",2026-05-02,2,2026-05-16,"wk inc flu hosp","quantile","0.85",31.5571804780495
"01",2026-05-02,2,2026-05-16,"wk inc flu hosp","quantile","0.9",35.9284752669555
"01",2026-05-02,2,2026-05-16,"wk inc flu hosp","quantile","0.95",44.7991688235598
"01",2026-05-02,2,2026-05-16,"wk inc flu hosp","quantile","0.975",54.420207513307
"01",2026-05-02,2,2026-05-16,"wk inc flu hosp","quantile","0.99",69.6302984352154
"01",2026-05-02,3,2026-05-23,"wk inc flu hosp","quantile","0.01",2.31553340588171
"01",2026-05-02,3,2026-05-23,"wk inc flu hosp","quantile","0.025",4.09196622006667
"01",2026-05-02,3,2026-05-23,"wk inc flu hosp","quantile","0.05",5.54184329337747
"01",2026-05-02,3,2026-05-23,"wk inc flu hosp","quantile","0.1",7.62800957161401
"01",2026-05-02,3,2026-05-23,"wk inc flu hosp","quantile","0.15",9.07473492579396
"01",2026-05-02,3,2026-05-23,"wk inc flu hosp","quantile","0.2",10.3882664773067
"01",2026-05-02,3,2026-05-23,"wk inc flu hosp","quantile","0.25",11.5398891963151
"01",2026-05-02,3,2026-05-23,"wk inc flu hosp","quantile","0.3",12.773708561776
"01",2026-05-02,3,2026-05-23,"wk inc flu hosp","quantile","0.35",13.7353701486903
"01",2026-05-02,3,2026-05-23,"wk inc flu hosp","quantile","0.4",14.6063722065096
"01",2026-05-02,3,2026-05-23,"wk inc flu hosp","quantile","0.45",15.9669792966277
"01",2026-05-02,3,2026-05-23,"wk inc flu hosp","quantile","0.5",17.0870296787773
"01",2026-05-02,3,2026-05-23,"wk inc flu hosp","quantile","0.55",18.3876730000751
"01",2026-05-02,3,2026-05-23,"wk inc flu hosp","quantile","0.6",19.8637303139828
"01",2026-05-02,3,2026-05-23,"wk inc flu hosp","quantile","0.65",21.6433023605817
"01",2026-05-02,3,2026-05-23,"wk inc flu hosp","quantile","0.7",23.8389191348282
"01",2026-05-02,3,2026-05-23,"wk inc flu hosp","quantile","0.75",26.3825510984201
"01",2026-05-02,3,2026-05-23,"wk inc flu hosp","quantile","0.8",28.9318682577048
"01",2026-05-02,3,2026-05-23,"wk inc flu hosp","quantile","0.85",32.3432519099045
"01",2026-05-02,3,2026-05-23,"wk inc flu hosp","quantile","0.9",36.6337166496177
"01",2026-05-02,3,2026-05-23,"wk inc flu hosp","quantile","0.95",44.7857151991501
"01",2026-05-02,3,2026-05-23,"wk inc flu hosp","quantile","0.975",58.223215593268
"01",2026-05-02,3,2026-05-23,"wk inc flu hosp","quantile","0.99",81.4810268392845
"02",2026-05-02,0,2026-05-02,"wk inc flu hosp","quantile","0.01",0.16606494006465
"02",2026-05-02,0,2026-05-02,"wk inc flu hosp","quantile","0.025",0.507342923580582
"02",2026-05-02,0,2026-05-02,"wk inc flu hosp","quantile","0.05",0.784171781158834
"02",2026-05-02,0,2026-05-02,"wk inc flu hosp","quantile","0.1",1.26875093334779
"02",2026-05-02,0,2026-05-02,"wk inc flu hosp","quantile","0.15",1.67718685692465
"02",2026-05-02,0,2026-05-02,"wk inc flu hosp","quantile","0.2",2.04342386920418
"02",2026-05-02,0,2026-05-02,"wk inc flu hosp","quantile","0.25",2.4360650037989
"02",2026-05-02,0,2026-05-02,"wk inc flu hosp","quantile","0.3",2.82757255585645
"02",2026-05-02,0,2026-05-02,"wk inc flu hosp","quantile","0.35",3.11928986323164
"02",2026-05-02,0,2026-05-02,"wk inc flu hosp","quantile","0.4",3.44313739521166
"02",2026-05-02,0,2026-05-02,"wk inc flu hosp","quantile","0.45",3.76693420609335
"02",2026-05-02,0,2026-05-02,"wk inc flu hosp","quantile","0.5",4.10083047730753
"02",2026-05-02,0,2026-05-02,"wk inc flu hosp","quantile","0.55",4.45220245048873
"02",2026-05-02,0,2026-05-02,"wk inc flu hosp","quantile","0.6",4.85367623566549
"02",2026-05-02,0,2026-05-02,"wk inc flu hosp","quantile","0.65",5.24949559949112
"02",2026-05-02,0,2026-05-02,"wk inc flu hosp","quantile","0.7",5.81794662695289
"02",2026-05-02,0,2026-05-02,"wk inc flu hosp","quantile","0.75",6.42940929493258
"02",2026-05-02,0,2026-05-02,"wk inc flu hosp","quantile","0.8",7.23345894872348
"02",2026-05-02,0,2026-05-02,"wk inc flu hosp","quantile","0.85",8.11771605280329
"02",2026-05-02,0,2026-05-02,"wk inc flu hosp","quantile","0.9",9.66372548458968
"02",2026-05-02,0,2026-05-02,"wk inc flu hosp","quantile","0.95",12.3616722232774
"02",2026-05-02,0,2026-05-02,"wk inc flu hosp","quantile","0.975",16.2537335655273
"02",2026-05-02,0,2026-05-02,"wk inc flu hosp","quantile","0.99",23.4127752383486
"02",2026-05-02,1,2026-05-09,"wk inc flu hosp","quantile","0.01",0
"02",2026-05-02,1,2026-05-09,"wk inc flu hosp","quantile","0.025",0.199801792531326
"02",2026-05-02,1,2026-05-09,"wk inc flu hosp","quantile","0.05",0.430077576570573
"02",2026-05-02,1,2026-05-09,"wk inc flu hosp","quantile","0.1",0.79742478030649
"02",2026-05-02,1,2026-05-09,"wk inc flu hosp","quantile","0.15",1.13005576246498
"02",2026-05-02,1,2026-05-09,"wk inc flu hosp","quantile","0.2",1.45897942449023
"02",2026-05-02,1,2026-05-09,"wk inc flu hosp","quantile","0.25",1.79360707499661
"02",2026-05-02,1,2026-05-09,"wk inc flu hosp","quantile","0.3",2.23394211199672
"02",2026-05-02,1,2026-05-09,"wk inc flu hosp","quantile","0.35",2.56898109799557
"02",2026-05-02,1,2026-05-09,"wk inc flu hosp","quantile","0.4",2.88890448330675
"02",2026-05-02,1,2026-05-09,"wk inc flu hosp","quantile","0.45",3.2597116898802
"02",2026-05-02,1,2026-05-09,"wk inc flu hosp","quantile","0.5",3.58841467865419
"02",2026-05-02,1,2026-05-09,"wk inc flu hosp","quantile","0.55",3.98198925838126
"02",2026-05-02,1,2026-05-09,"wk inc flu hosp","quantile","0.6",4.43430105165964
"02",2026-05-02,1,2026-05-09,"wk inc flu hosp","quantile","0.65",4.98012847548698
"02",2026-05-02,1,2026-05-09,"wk inc flu hosp","quantile","0.7",5.63593847655939
"02",2026-05-02,1,2026-05-09,"wk inc flu hosp","quantile","0.75",6.31970197488098
"02",2026-05-02,1,2026-05-09,"wk inc flu hosp","quantile","0.8",7.39085440655973
"02",2026-05-02,1,2026-05-09,"wk inc flu hosp","quantile","0.85",8.58420569041457
"02",2026-05-02,1,2026-05-09,"wk inc flu hosp","quantile","0.9",10.4140067030246
"02",2026-05-02,1,2026-05-09,"wk inc flu hosp","quantile","0.95",14.9163696133805
"02",2026-05-02,1,2026-05-09,"wk inc flu hosp","quantile","0.975",21.7870475402417
"02",2026-05-02,1,2026-05-09,"wk inc flu hosp","quantile","0.99",31.6678847496797
"02",2026-05-02,2,2026-05-16,"wk inc flu hosp","quantile","0.01",0
"02",2026-05-02,2,2026-05-16,"wk inc flu hosp","quantile","0.025",0.0168099427529697
"02",2026-05-02,2,2026-05-16,"wk inc flu hosp","quantile","0.05",0.254025112088115
"02",2026-05-02,2,2026-05-16,"wk inc flu hosp","quantile","0.1",0.594745630932181
"02",2026-05-02,2,2026-05-16,"wk inc flu hosp","quantile","0.15",0.885326467482493
"02",2026-05-02,2,2026-05-16,"wk inc flu hosp","quantile","0.2",1.17519938329297
"02",2026-05-02,2,2026-05-16,"wk inc flu hosp","quantile","0.25",1.45052585407293
"02",2026-05-02,2,2026-05-16,"wk inc flu hosp","quantile","0.3",1.77492081725982
"02",2026-05-02,2,2026-05-16,"wk inc flu hosp","quantile","0.35",2.13383597794582
"02",2026-05-02,2,2026-05-16,"wk inc flu hosp","quantile","0.4",2.47055181927471
"02",2026-05-02,2,2026-05-16,"wk inc flu hosp","quantile","0.45",2.88586836338073
"02",2026-05-02,2,2026-05-16,"wk inc flu hosp","quantile","0.5",3.15276452467172
"02",2026-05-02,2,2026-05-16,"wk inc flu hosp","quantile","0.55",3.62991887563246
"02",2026-05-02,2,2026-05-16,"wk inc flu hosp","quantile","0.6",4.07074338506237
"02",2026-05-02,2,2026-05-16,"wk inc flu hosp","quantile","0.65",4.70130553318521
"02",2026-05-02,2,2026-05-16,"wk inc flu hosp","quantile","0.7",5.47922812041182
"02",2026-05-02,2,2026-05-16,"wk inc flu hosp","quantile","0.75",6.36275016832028
"02",2026-05-02,2,2026-05-16,"wk inc flu hosp","quantile","0.8",7.37101584346416
"02",2026-05-02,2,2026-05-16,"wk inc flu hosp","quantile","0.85",8.95510624825949
"02",2026-05-02,2,2026-05-16,"wk inc flu hosp","quantile","0.9",11.3437423163937
"02",2026-05-02,2,2026-05-16,"wk inc flu hosp","quantile","0.95",16.8953813435875
"02",2026-05-02,2,2026-05-16,"wk inc flu hosp","quantile","0.975",23.3730414587765
"02",2026-05-02,2,2026-05-16,"wk inc flu hosp","quantile","0.99",33.4953077513548
"02",2026-05-02,3,2026-05-23,"wk inc flu hosp","quantile","0.01",0
"02",2026-05-02,3,2026-05-23,"wk inc flu hosp","quantile","0.025",0
"02",2026-05-02,3,2026-05-23,"wk inc flu hosp","quantile","0.05",0.194047944810819
"02",2026-05-02,3,2026-05-23,"wk inc flu hosp","quantile","0.1",0.444822494873295
"02",2026-05-02,3,2026-05-23,"wk inc flu hosp","quantile","0.15",0.6900219844605
"02",2026-05-02,3,2026-05-23,"wk inc flu hosp","quantile","0.2",0.952904723299127
"02",2026-05-02,3,2026-05-23,"wk inc flu hosp","quantile","0.25",1.19208766671157
"02",2026-05-02,3,2026-05-23,"wk inc flu hosp","quantile","0.3",1.47988986925365
"02",2026-05-02,3,2026-05-23,"wk inc flu hosp","quantile","0.35",1.79829820072713
"02",2026-05-02,3,2026-05-23,"wk inc flu hosp","quantile","0.4",2.08328270271235
"02",2026-05-02,3,2026-05-23,"wk inc flu hosp","quantile","0.45",2.41372211115548
"02",2026-05-02,3,2026-05-23,"wk inc flu hosp","quantile","0.5",2.7428658163775
"02",2026-05-02,3,2026-05-23,"wk inc flu hosp","quantile","0.55",3.1861316688221
"02",2026-05-02,3,2026-05-23,"wk inc flu hosp","quantile","0.6",3.72785501225898
"02",2026-05-02,3,2026-05-23,"wk inc flu hosp","quantile","0.65",4.30011393888764
"02",2026-05-02,3,2026-05-23,"wk inc flu hosp","quantile","0.7",5.10797176607191
"02",2026-05-02,3,2026-05-23,"wk inc flu hosp","quantile","0.75",6.09724127521628
"02",2026-05-02,3,2026-05-23,"wk inc flu hosp","quantile","0.8",7.44509670962339
"02",2026-05-02,3,2026-05-23,"wk inc flu hosp","quantile","0.85",9.27956816298551
"02",2026-05-02,3,2026-05-23,"wk inc flu hosp","quantile","0.9",13.3300505430451
"02",2026-05-02,3,2026-05-23,"wk inc flu hosp","quantile","0.95",18.2040100893802
"02",2026-05-02,3,2026-05-23,"wk inc flu hosp","quantile","0.975",25.5406079829522
"02",2026-05-02,3,2026-05-23,"wk inc flu hosp","quantile","0.99",42.657299912902
"04",2026-05-02,0,2026-05-02,"wk inc flu hosp","quantile","0.01",26.7197841457733
"04",2026-05-02,0,2026-05-02,"wk inc flu hosp","quantile","0.025",31.5513665721145
"04",2026-05-02,0,2026-05-02,"wk inc flu hosp","quantile","0.05",34.4867560205251
"04",2026-05-02,0,2026-05-02,"wk inc flu hosp","quantile","0.1",39.3661561248241
"04",2026-05-02,0,2026-05-02,"wk inc flu hosp","quantile","0.15",42.5217251584921
"04",2026-05-02,0,2026-05-02,"wk inc flu hosp","quantile","0.2",45.790465771283
"04",2026-05-02,0,2026-05-02,"wk inc flu hosp","quantile","0.25",48.2934236557437
"04",2026-05-02,0,2026-05-02,"wk inc flu hosp","quantile","0.3",50.7062800715095
"04",2026-05-02,0,2026-05-02,"wk inc flu hosp","quantile","0.35",53.2222058024065
"04",2026-05-02,0,2026-05-02,"wk inc flu hosp","quantile","0.4",54.9824438247501
"04",2026-05-02,0,2026-05-02,"wk inc flu hosp","quantile","0.45",56.3292195842067
"04",2026-05-02,0,2026-05-02,"wk inc flu hosp","quantile","0.5",57.7631470958857
"04",2026-05-02,0,2026-05-02,"wk inc flu hosp","quantile","0.55",60.1901963095478
"04",2026-05-02,0,2026-05-02,"wk inc flu hosp","quantile","0.6",62.0198265060532
"04",2026-05-02,0,2026-05-02,"wk inc flu hosp","quantile","0.65",64.5553287501295
"04",2026-05-02,0,2026-05-02,"wk inc flu hosp","quantile","0.7",67.2225813603402
"04",2026-05-02,0,2026-05-02,"wk inc flu hosp","quantile","0.75",70.2407364021199
"04",2026-05-02,0,2026-05-02,"wk inc flu hosp","quantile","0.8",73.1608564477241
"04",2026-05-02,0,2026-05-02,"wk inc flu hosp","quantile","0.85",77.2064029003504
"04",2026-05-02,0,2026-05-02,"wk inc flu hosp","quantile","0.9",83.3436821799969
"04",2026-05-02,0,2026-05-02,"wk inc flu hosp","quantile","0.95",93.7675191000781
"04",2026-05-02,0,2026-05-02,"wk inc flu hosp","quantile","0.975",105.579742067781
"04",2026-05-02,0,2026-05-02,"wk inc flu hosp","quantile","0.99",134.516000827156
"04",2026-05-02,1,2026-05-09,"wk inc flu hosp","quantile","0.01",20.0181883606544
"04",2026-05-02,1,2026-05-09,"wk inc flu hosp","quantile","0.025",24.5332670789218
"04",2026-05-02,1,2026-05-09,"wk inc flu hosp","quantile","0.05",27.3317112008366
"04",2026-05-02,1,2026-05-09,"wk inc flu hosp","quantile","0.1",32.8029425683365
"04",2026-05-02,1,2026-05-09,"wk inc flu hosp","quantile","0.15",36.1409309514173
"04",2026-05-02,1,2026-05-09,"wk inc flu hosp","quantile","0.2",39.1548607185135
"04",2026-05-02,1,2026-05-09,"wk inc flu hosp","quantile","0.25",42.3798270127977
"04",2026-05-02,1,2026-05-09,"wk inc flu hosp","quantile","0.3",44.5432933476834
"04",2026-05-02,1,2026-05-09,"wk inc flu hosp","quantile","0.35",47.1402815385288
"04",2026-05-02,1,2026-05-09,"wk inc flu hosp","quantile","0.4",49.1468679536272
"04",2026-05-02,1,2026-05-09,"wk inc flu hosp","quantile","0.45",51.2515027863032
"04",2026-05-02,1,2026-05-09,"wk inc flu hosp","quantile","0.5",53.1511091806496
"04",2026-05-02,1,2026-05-09,"wk inc flu hosp","quantile","0.55",55.4058972229323
"04",2026-05-02,1,2026-05-09,"wk inc flu hosp","quantile","0.6",57.4897854857349
"04",2026-05-02,1,2026-05-09,"wk inc flu hosp","quantile","0.65",59.9158014200994
"04",2026-05-02,1,2026-05-09,"wk inc flu hosp","quantile","0.7",62.8419293053139
"04",2026-05-02,1,2026-05-09,"wk inc flu hosp","quantile","0.75",66.8007557780744
"04",2026-05-02,1,2026-05-09,"wk inc flu hosp","quantile","0.8",71.1703275529777
"04",2026-05-02,1,2026-05-09,"wk inc flu hosp","quantile","0.85",77.3240024538961
"04",2026-05-02,1,2026-05-09,"wk inc flu hosp","quantile","0.9",85.3578567732799
"04",2026-05-02,1,2026-05-09,"wk inc flu hosp","quantile","0.95",102.328376024015
"04",2026-05-02,1,2026-05-09,"wk inc flu hosp","quantile","0.975",119.048943481513
"04",2026-05-02,1,2026-05-09,"wk inc flu hosp","quantile","0.99",152.131656331127
"04",2026-05-02,2,2026-05-16,"wk inc flu hosp","quantile","0.01",16.9554799750956
"04",2026-05-02,2,2026-05-16,"wk inc flu hosp","quantile","0.025",20.6332118572784
"04",2026-05-02,2,2026-05-16,"wk inc flu hosp","quantile","0.05",23.077541363057
"04",2026-05-02,2,2026-05-16,"wk inc flu hosp","quantile","0.1",28.337194599419
"04",2026-05-02,2,2026-05-16,"wk inc flu hosp","quantile","0.15",32.6013686418152
"04",2026-05-02,2,2026-05-16,"wk inc flu hosp","quantile","0.2",35.3146415880925
"04",2026-05-02,2,2026-05-16,"wk inc flu hosp","quantile","0.25",38.0506288167803
"04",2026-05-02,2,2026-05-16,"wk inc flu hosp","quantile","0.3",40.798602361938
"04",2026-05-02,2,2026-05-16,"wk inc flu hosp","quantile","0.35",42.8961983545953
"04",2026-05-02,2,2026-05-16,"wk inc flu hosp","quantile","0.4",45.2465775539315
"04",2026-05-02,2,2026-05-16,"wk inc flu hosp","quantile","0.45",47.526740038907
"04",2026-05-02,2,2026-05-16,"wk inc flu hosp","quantile","0.5",49.68590413526
"04",2026-05-02,2,2026-05-16,"wk inc flu hosp","quantile","0.55",52.2468894183534
"04",2026-05-02,2,2026-05-16,"wk inc flu hosp","quantile","0.6",55.7614319337156
"04",2026-05-02,2,2026-05-16,"wk inc flu hosp","quantile","0.65",59.3944887519042
"04",2026-05-02,2,2026-05-16,"wk inc flu hosp","quantile","0.7",62.8444723916852
"04",2026-05-02,2,2026-05-16,"wk inc flu hosp","quantile","0.75",67.1068529462071
"04",2026-05-02,2,2026-05-16,"wk inc flu hosp","quantile","0.8",70.9023935957273
"04",2026-05-02,2,2026-05-16,"wk inc flu hosp","quantile","0.85",77.3592034272775
"04",2026-05-02,2,2026-05-16,"wk inc flu hosp","quantile","0.9",87.8918936167621
"04",2026-05-02,2,2026-05-16,"wk inc flu hosp","quantile","0.95",105.016661195611
"04",2026-05-02,2,2026-05-16,"wk inc flu hosp","quantile","0.975",127.968351895275
"04",2026-05-02,2,2026-05-16,"wk inc flu hosp","quantile","0.99",151.642535860519
"04",2026-05-02,3,2026-05-23,"wk inc flu hosp","quantile","0.01",13.8733578861971
"04",2026-05-02,3,2026-05-23,"wk inc flu hosp","quantile","0.025",17.8860501975993
"04",2026-05-02,3,2026-05-23,"wk inc flu hosp","quantile","0.05",20.4115380138899
"04",2026-05-02,3,2026-05-23,"wk inc flu hosp","quantile","0.1",25.0071145574945
"04",2026-05-02,3,2026-05-23,"wk inc flu hosp","quantile","0.15",29.6125906349336
"04",2026-05-02,3,2026-05-23,"wk inc flu hosp","quantile","0.2",32.4307085670465
"04",2026-05-02,3,2026-05-23,"wk inc flu hosp","quantile","0.25",34.4331964325277
"04",2026-05-02,3,2026-05-23,"wk inc flu hosp","quantile","0.3",36.9042020499776
"04",2026-05-02,3,2026-05-23,"wk inc flu hosp","quantile","0.35",39.1753167624568
"04",2026-05-02,3,2026-05-23,"wk inc flu hosp","quantile","0.4",41.2025088383268
"04",2026-05-02,3,2026-05-23,"wk inc flu hosp","quantile","0.45",43.9221968681331
"04",2026-05-02,3,2026-05-23,"wk inc flu hosp","quantile","0.5",46.6038151447384
"04",2026-05-02,3,2026-05-23,"wk inc flu hosp","quantile","0.55",49.4826370623803
"04",2026-05-02,3,2026-05-23,"wk inc flu hosp","quantile","0.6",52.6247962484102
"04",2026-05-02,3,2026-05-23,"wk inc flu hosp","quantile","0.65",56.3530127549404
"04",2026-05-02,3,2026-05-23,"wk inc flu hosp","quantile","0.7",60.8669960920252
"04",2026-05-02,3,2026-05-23,"wk inc flu hosp","quantile","0.75",65.8895055158243
"04",2026-05-02,3,2026-05-23,"wk inc flu hosp","quantile","0.8",70.8211815744441
"04",2026-05-02,3,2026-05-23,"wk inc flu hosp","quantile","0.85",78.6274983633874
"04",2026-05-02,3,2026-05-23,"wk inc flu hosp","quantile","0.9",91.4273822431311
"04",2026-05-02,3,2026-05-23,"wk inc flu hosp","quantile","0.95",111.436857082044
"04",2026-05-02,3,2026-05-23,"wk inc flu hosp","quantile","0.975",137.707189374136
"04",2026-05-02,3,2026-05-23,"wk inc flu hosp","quantile","0.99",174.111866434708
"05",2026-05-02,0,2026-05-02,"wk inc flu hosp","quantile","0.01",0.0465668853914375
"05",2026-05-02,0,2026-05-02,"wk inc flu hosp","quantile","0.025",0.282430287736205
"05",2026-05-02,0,2026-05-02,"wk inc flu hosp","quantile","0.05",0.464783412607553
"05",2026-05-02,0,2026-05-02,"wk inc flu hosp","quantile","0.1",0.922596325097299
"05",2026-05-02,0,2026-05-02,"wk inc flu hosp","quantile","0.15",1.21242197196757
"05",2026-05-02,0,2026-05-02,"wk inc flu hosp","quantile","0.2",1.76310617879092
"05",2026-05-02,0,2026-05-02,"wk inc flu hosp","quantile","0.25",2.15535933435058
"05",2026-05-02,0,2026-05-02,"wk inc flu hosp","quantile","0.3",2.60139297705502
"05",2026-05-02,0,2026-05-02,"wk inc flu hosp","quantile","0.35",3.0554601413322
"05",2026-05-02,0,2026-05-02,"wk inc flu hosp","quantile","0.4",3.46925741894692
"05",2026-05-02,0,2026-05-02,"wk inc flu hosp","quantile","0.45",3.88817489672387
"05",2026-05-02,0,2026-05-02,"wk inc flu hosp","quantile","0.5",4.20833770059767
"05",2026-05-02,0,2026-05-02,"wk inc flu hosp","quantile","0.55",4.47968733956506
"05",2026-05-02,0,2026-05-02,"wk inc flu hosp","quantile","0.6",4.82353202606434
"05",2026-05-02,0,2026-05-02,"wk inc flu hosp","quantile","0.65",5.22745709260164
"05",2026-05-02,0,2026-05-02,"wk inc flu hosp","quantile","0.7",5.75110737718935
"05",2026-05-02,0,2026-05-02,"wk inc flu hosp","quantile","0.75",6.67630104399884
"05",2026-05-02,0,2026-05-02,"wk inc flu hosp","quantile","0.8",7.6714224967319
"05",2026-05-02,0,2026-05-02,"wk inc flu hosp","quantile","0.85",8.85040800548858
"05",2026-05-02,0,2026-05-02,"wk inc flu hosp","quantile","0.9",10.0850186770729
"05",2026-05-02,0,2026-05-02,"wk inc flu hosp","quantile","0.95",12.6373330689534
"05",2026-05-02,0,2026-05-02,"wk inc flu hosp","quantile","0.975",15.2332732583376
"05",2026-05-02,0,2026-05-02,"wk inc flu hosp","quantile","0.99",22.3130023609822
"05",2026-05-02,1,2026-05-09,"wk inc flu hosp","quantile","0.01",0
"05",2026-05-02,1,2026-05-09,"wk inc flu hosp","quantile","0.025",0.0811705521999383
"05",2026-05-02,1,2026-05-09,"wk inc flu hosp","quantile","0.05",0.295573919570334
"05",2026-05-02,1,2026-05-09,"wk inc flu hosp","quantile","0.1",0.619559318870296
"05",2026-05-02,1,2026-05-09,"wk inc flu hosp","quantile","0.15",0.886102413316492
"05",2026-05-02,1,2026-05-09,"wk inc flu hosp","quantile","0.2",1.29772532538641
"05",2026-05-02,1,2026-05-09,"wk inc flu hosp","quantile","0.25",1.75946498706456
"05",2026-05-02,1,2026-05-09,"wk inc flu hosp","quantile","0.3",2.23625812459879
"05",2026-05-02,1,2026-05-09,"wk inc flu hosp","quantile","0.35",2.75713767421568
"05",2026-05-02,1,2026-05-09,"wk inc flu hosp","quantile","0.4",3.21979326574331
"05",2026-05-02,1,2026-05-09,"wk inc flu hosp","quantile","0.45",3.64604679804269
"05",2026-05-02,1,2026-05-09,"wk inc flu hosp","quantile","0.5",4.04708773997371
"05",2026-05-02,1,2026-05-09,"wk inc flu hosp","quantile","0.55",4.44292275516124
"05",2026-05-02,1,2026-05-09,"wk inc flu hosp","quantile","0.6",4.87797318330958
"05",2026-05-02,1,2026-05-09,"wk inc flu hosp","quantile","0.65",5.39197881874198
"05",2026-05-02,1,2026-05-09,"wk inc flu hosp","quantile","0.7",6.24796571078514
"05",2026-05-02,1,2026-05-09,"wk inc flu hosp","quantile","0.75",7.19035675404513
"05",2026-05-02,1,2026-05-09,"wk inc flu hosp","quantile","0.8",8.48564771260925
"05",2026-05-02,1,2026-05-09,"wk inc flu hosp","quantile","0.85",9.86132873469841
"05",2026-05-02,1,2026-05-09,"wk inc flu hosp","quantile","0.9",11.5887288626847
"05",2026-05-02,1,2026-05-09,"wk inc flu hosp","quantile","0.95",15.2490694102923
"05",2026-05-02,1,2026-05-09,"wk inc flu hosp","quantile","0.975",20.1423448051807
"05",2026-05-02,1,2026-05-09,"wk inc flu hosp","quantile","0.99",27.9542132291838
"05",2026-05-02,2,2026-05-16,"wk inc flu hosp","quantile","0.01",0
"05",2026-05-02,2,2026-05-16,"wk inc flu hosp","quantile","0.025",0
"05",2026-05-02,2,2026-05-16,"wk inc flu hosp","quantile","0.05",0.13754623416823
"05",2026-05-02,2,2026-05-16,"wk inc flu hosp","quantile","0.1",0.39376771387774
"05",2026-05-02,2,2026-05-16,"wk inc flu hosp","quantile","0.15",0.636416857822041
"05",2026-05-02,2,2026-05-16,"wk inc flu hosp","quantile","0.2",1.11756715018877
"05",2026-05-02,2,2026-05-16,"wk inc flu hosp","quantile","0.25",1.71843201613844
"05",2026-05-02,2,2026-05-16,"wk inc flu hosp","quantile","0.3",2.27124200739015
"05",2026-05-02,2,2026-05-16,"wk inc flu hosp","quantile","0.35",2.66769903832187
"05",2026-05-02,2,2026-05-16,"wk inc flu hosp","quantile","0.4",3.14013015426217
"05",2026-05-02,2,2026-05-16,"wk inc flu hosp","quantile","0.45",3.70395182972565
"05",2026-05-02,2,2026-05-16,"wk inc flu hosp","quantile","0.5",4.20103057299205
"05",2026-05-02,2,2026-05-16,"wk inc flu hosp","quantile","0.55",4.63580217985636
"05",2026-05-02,2,2026-05-16,"wk inc flu hosp","quantile","0.6",5.23285752809927
"05",2026-05-02,2,2026-05-16,"wk inc flu hosp","quantile","0.65",5.74261105669705
"05",2026-05-02,2,2026-05-16,"wk inc flu hosp","quantile","0.7",6.52688092061918
"05",2026-05-02,2,2026-05-16,"wk inc flu hosp","quantile","0.75",7.59066534147814
"05",2026-05-02,2,2026-05-16,"wk inc flu hosp","quantile","0.8",9.12822709059161
"05",2026-05-02,2,2026-05-16,"wk inc flu hosp","quantile","0.85",10.8032066911381
"05",2026-05-02,2,2026-05-16,"wk inc flu hosp","quantile","0.9",13.5932867398767
"05",2026-05-02,2,2026-05-16,"wk inc flu hosp","quantile","0.95",17.9271512360185
"05",2026-05-02,2,2026-05-16,"wk inc flu hosp","quantile","0.975",22.5329571486817
"05",2026-05-02,2,2026-05-16,"wk inc flu hosp","quantile","0.99",36.2255503805894
"05",2026-05-02,3,2026-05-23,"wk inc flu hosp","quantile","0.01",0
"05",2026-05-02,3,2026-05-23,"wk inc flu hosp","quantile","0.025",0
"05",2026-05-02,3,2026-05-23,"wk inc flu hosp","quantile","0.05",0
"05",2026-05-02,3,2026-05-23,"wk inc flu hosp","quantile","0.1",0.253262797756791
"05",2026-05-02,3,2026-05-23,"wk inc flu hosp","quantile","0.15",0.573581647067277
"05",2026-05-02,3,2026-05-23,"wk inc flu hosp","quantile","0.2",0.961395793201565
"05",2026-05-02,3,2026-05-23,"wk inc flu hosp","quantile","0.25",1.60311941612149
"05",2026-05-02,3,2026-05-23,"wk inc flu hosp","quantile","0.3",2.03313262351255
"05",2026-05-02,3,2026-05-23,"wk inc flu hosp","quantile","0.35",2.56826059838198
"05",2026-05-02,3,2026-05-23,"wk inc flu hosp","quantile","0.4",3.17352995182405
"05",2026-05-02,3,2026-05-23,"wk inc flu hosp","quantile","0.45",3.73965856012801
"05",2026-05-02,3,2026-05-23,"wk inc flu hosp","quantile","0.5",4.32400056106911
"05",2026-05-02,3,2026-05-23,"wk inc flu hosp","quantile","0.55",4.78783286909546
"05",2026-05-02,3,2026-05-23,"wk inc flu hosp","quantile","0.6",5.48961161933649
"05",2026-05-02,3,2026-05-23,"wk inc flu hosp","quantile","0.65",6.18524519523586
"05",2026-05-02,3,2026-05-23,"wk inc flu hosp","quantile","0.7",7.10108305601427
"05",2026-05-02,3,2026-05-23,"wk inc flu hosp","quantile","0.75",8.45667292447431
"05",2026-05-02,3,2026-05-23,"wk inc flu hosp","quantile","0.8",10.1089009395294
"05",2026-05-02,3,2026-05-23,"wk inc flu hosp","quantile","0.85",12.343861685049
"05",2026-05-02,3,2026-05-23,"wk inc flu hosp","quantile","0.9",15.3492998281809
"05",2026-05-02,3,2026-05-23,"wk inc flu hosp","quantile","0.95",21.5638527364209
"05",2026-05-02,3,2026-05-23,"wk inc flu hosp","quantile","0.975",28.8448002763914
"05",2026-05-02,3,2026-05-23,"wk inc flu hosp","quantile","0.99",37.6972391569211
"06",2026-05-02,0,2026-05-02,"wk inc flu hosp","quantile","0.01",88.3245978296454
"06",2026-05-02,0,2026-05-02,"wk inc flu hosp","quantile","0.025",101.17167221308
"06",2026-05-02,0,2026-05-02,"wk inc flu hosp","quantile","0.05",110.771212630538
"06",2026-05-02,0,2026-05-02,"wk inc flu hosp","quantile","0.1",123.745069805249
"06",2026-05-02,0,2026-05-02,"wk inc flu hosp","quantile","0.15",134.680049213847
"06",2026-05-02,0,2026-05-02,"wk inc flu hosp","quantile","0.2",143.474385681466
"06",2026-05-02,0,2026-05-02,"wk inc flu hosp","quantile","0.25",150.21411073606
"06",2026-05-02,0,2026-05-02,"wk inc flu hosp","quantile","0.3",156.279222702147
"06",2026-05-02,0,2026-05-02,"wk inc flu hosp","quantile","0.35",162.652186694843
"06",2026-05-02,0,2026-05-02,"wk inc flu hosp","quantile","0.4",168.569173775453
"06",2026-05-02,0,2026-05-02,"wk inc flu hosp","quantile","0.45",171.490163556663
"06",2026-05-02,0,2026-05-02,"wk inc flu hosp","quantile","0.5",175.482406623072
"06",2026-05-02,0,2026-05-02,"wk inc flu hosp","quantile","0.55",180.310854207239
"06",2026-05-02,0,2026-05-02,"wk inc flu hosp","quantile","0.6",183.756821793169
"06",2026-05-02,0,2026-05-02,"wk inc flu hosp","quantile","0.65",187.919922108074
"06",2026-05-02,0,2026-05-02,"wk inc flu hosp","quantile","0.7",195.095698531981
"06",2026-05-02,0,2026-05-02,"wk inc flu hosp","quantile","0.75",202.245622814525
"06",2026-05-02,0,2026-05-02,"wk inc flu hosp","quantile","0.8",210.513735236884
"06",2026-05-02,0,2026-05-02,"wk inc flu hosp","quantile","0.85",219.902395989314
"06",2026-05-02,0,2026-05-02,"wk inc flu hosp","quantile","0.9",234.602874753329
"06",2026-05-02,0,2026-05-02,"wk inc flu hosp","quantile","0.95",254.791954047246
"06",2026-05-02,0,2026-05-02,"wk inc flu hosp","quantile","0.975",289.60627426922
"06",2026-05-02,0,2026-05-02,"wk inc flu hosp","quantile","0.99",349.347964785907
"06",2026-05-02,1,2026-05-09,"wk inc flu hosp","quantile","0.01",69.0049912265789
"06",2026-05-02,1,2026-05-09,"wk inc flu hosp","quantile","0.025",78.9619879311952
"06",2026-05-02,1,2026-05-09,"wk inc flu hosp","quantile","0.05",84.9365448479933
"06",2026-05-02,1,2026-05-09,"wk inc flu hosp","quantile","0.1",97.27331762202
"06",2026-05-02,1,2026-05-09,"wk inc flu hosp","quantile","0.15",106.225981434071
"06",2026-05-02,1,2026-05-09,"wk inc flu hosp","quantile","0.2",116.776533208026
"06",2026-05-02,1,2026-05-09,"wk inc flu hosp","quantile","0.25",124.838634588877
"06",2026-05-02,1,2026-05-09,"wk inc flu hosp","quantile","0.3",132.031784927378
"06",2026-05-02,1,2026-05-09,"wk inc flu hosp","quantile","0.35",138.592975721364
"06",2026-05-02,1,2026-05-09,"wk inc flu hosp","quantile","0.4",144.66995952092
"06",2026-05-02,1,2026-05-09,"wk inc flu hosp","quantile","0.45",148.549623076587
"06",2026-05-02,1,2026-05-09,"wk inc flu hosp","quantile","0.5",153.920109478299
"06",2026-05-02,1,2026-05-09,"wk inc flu hosp","quantile","0.55",159.155423672236
"06",2026-05-02,1,2026-05-09,"wk inc flu hosp","quantile","0.6",163.405608882279
"06",2026-05-02,1,2026-05-09,"wk inc flu hosp","quantile","0.65",169.368840001573
"06",2026-05-02,1,2026-05-09,"wk inc flu hosp","quantile","0.7",177.858214845552
"06",2026-05-02,1,2026-05-09,"wk inc flu hosp","quantile","0.75",187.499095961976
"06",2026-05-02,1,2026-05-09,"wk inc flu hosp","quantile","0.8",197.335154808818
"06",2026-05-02,1,2026-05-09,"wk inc flu hosp","quantile","0.85",208.846565811091
"06",2026-05-02,1,2026-05-09,"wk inc flu hosp","quantile","0.9",223.144319140794
"06",2026-05-02,1,2026-05-09,"wk inc flu hosp","quantile","0.95",256.742398582852
"06",2026-05-02,1,2026-05-09,"wk inc flu hosp","quantile","0.975",284.59851793576
"06",2026-05-02,1,2026-05-09,"wk inc flu hosp","quantile","0.99",373.556724249614
"06",2026-05-02,2,2026-05-16,"wk inc flu hosp","quantile","0.01",51.92875090156
"06",2026-05-02,2,2026-05-16,"wk inc flu hosp","quantile","0.025",61.4146077500761
"06",2026-05-02,2,2026-05-16,"wk inc flu hosp","quantile","0.05",66.8616049024729
"06",2026-05-02,2,2026-05-16,"wk inc flu hosp","quantile","0.1",78.5770578031164
"06",2026-05-02,2,2026-05-16,"wk inc flu hosp","quantile","0.15",87.5478485804345
"06",2026-05-02,2,2026-05-16,"wk inc flu hosp","quantile","0.2",96.278916244371
"06",2026-05-02,2,2026-05-16,"wk inc flu hosp","quantile","0.25",103.859758696465
"06",2026-05-02,2,2026-05-16,"wk inc flu hosp","quantile","0.3",111.596497170218
"06",2026-05-02,2,2026-05-16,"wk inc flu hosp","quantile","0.35",117.412864703034
"06",2026-05-02,2,2026-05-16,"wk inc flu hosp","quantile","0.4",124.403348985888
"06",2026-05-02,2,2026-05-16,"wk inc flu hosp","quantile","0.45",131.24324014844
"06",2026-05-02,2,2026-05-16,"wk inc flu hosp","quantile","0.5",135.833000073775
"06",2026-05-02,2,2026-05-16,"wk inc flu hosp","quantile","0.55",142.659186188533
"06",2026-05-02,2,2026-05-16,"wk inc flu hosp","quantile","0.6",147.115653549564
"06",2026-05-02,2,2026-05-16,"wk inc flu hosp","quantile","0.65",155.542944004837
"06",2026-05-02,2,2026-05-16,"wk inc flu hosp","quantile","0.7",163.871717779737
"06",2026-05-02,2,2026-05-16,"wk inc flu hosp","quantile","0.75",172.561139145537
"06",2026-05-02,2,2026-05-16,"wk inc flu hosp","quantile","0.8",183.214024109222
"06",2026-05-02,2,2026-05-16,"wk inc flu hosp","quantile","0.85",196.392165775959
"06",2026-05-02,2,2026-05-16,"wk inc flu hosp","quantile","0.9",218.293692395091
"06",2026-05-02,2,2026-05-16,"wk inc flu hosp","quantile","0.95",251.507809686251
"06",2026-05-02,2,2026-05-16,"wk inc flu hosp","quantile","0.975",279.734603651902
"06",2026-05-02,2,2026-05-16,"wk inc flu hosp","quantile","0.99",376.639330445251
"06",2026-05-02,3,2026-05-23,"wk inc flu hosp","quantile","0.01",46.8962558458021
"06",2026-05-02,3,2026-05-23,"wk inc flu hosp","quantile","0.025",49.933231185638
"06",2026-05-02,3,2026-05-23,"wk inc flu hosp","quantile","0.05",55.3972844695305
"06",2026-05-02,3,2026-05-23,"wk inc flu hosp","quantile","0.1",63.4190549914958
"06",2026-05-02,3,2026-05-23,"wk inc flu hosp","quantile","0.15",70.1641758089674
"06",2026-05-02,3,2026-05-23,"wk inc flu hosp","quantile","0.2",77.6550494205463
"06",2026-05-02,3,2026-05-23,"wk inc flu hosp","quantile","0.25",86.9018772088003
"06",2026-05-02,3,2026-05-23,"wk inc flu hosp","quantile","0.3",92.2433705416076
"06",2026-05-02,3,2026-05-23,"wk inc flu hosp","quantile","0.35",100.633647729449
"06",2026-05-02,3,2026-05-23,"wk inc flu hosp","quantile","0.4",109.012160186172
"06",2026-05-02,3,2026-05-23,"wk inc flu hosp","quantile","0.45",114.866653542885
"06",2026-05-02,3,2026-05-23,"wk inc flu hosp","quantile","0.5",120.921974849056
"06",2026-05-02,3,2026-05-23,"wk inc flu hosp","quantile","0.55",127.667962836381
"06",2026-05-02,3,2026-05-23,"wk inc flu hosp","quantile","0.6",132.892310174785
"06",2026-05-02,3,2026-05-23,"wk inc flu hosp","quantile","0.65",140.967580323368
"06",2026-05-02,3,2026-05-23,"wk inc flu hosp","quantile","0.7",151.597109144314
"06",2026-05-02,3,2026-05-23,"wk inc flu hosp","quantile","0.75",165.218572865913
"06",2026-05-02,3,2026-05-23,"wk inc flu hosp","quantile","0.8",176.029123709045
"06",2026-05-02,3,2026-05-23,"wk inc flu hosp","quantile","0.85",192.514297651512
"06",2026-05-02,3,2026-05-23,"wk inc flu hosp","quantile","0.9",212.844595231733
"06",2026-05-02,3,2026-05-23,"wk inc flu hosp","quantile","0.95",259.044744314523
"06",2026-05-02,3,2026-05-23,"wk inc flu hosp","quantile","0.975",295.539680926025
"06",2026-05-02,3,2026-05-23,"wk inc flu hosp","quantile","0.99",383.721162451904
"08",2026-05-02,0,2026-05-02,"wk inc flu hosp","quantile","0.01",6.83471625736032
"08",2026-05-02,0,2026-05-02,"wk inc flu hosp","quantile","0.025",9.03500721420859
"08",2026-05-02,0,2026-05-02,"wk inc flu hosp","quantile","0.05",12.1978655578619
"08",2026-05-02,0,2026-05-02,"wk inc flu hosp","quantile","0.1",14.6884257772852
"08",2026-05-02,0,2026-05-02,"wk inc flu hosp","quantile","0.15",16.033973439464
"08",2026-05-02,0,2026-05-02,"wk inc flu hosp","quantile","0.2",16.9969892177876
"08",2026-05-02,0,2026-05-02,"wk inc flu hosp","quantile","0.25",18.1026225980939
"08",2026-05-02,0,2026-05-02,"wk inc flu hosp","quantile","0.3",19.1425036332777
"08",2026-05-02,0,2026-05-02,"wk inc flu hosp","quantile","0.35",20.6614951223609
"08",2026-05-02,0,2026-05-02,"wk inc flu hosp","quantile","0.4",22.3862608224622
"08",2026-05-02,0,2026-05-02,"wk inc flu hosp","quantile","0.45",24.0886254221773
"08",2026-05-02,0,2026-05-02,"wk inc flu hosp","quantile","0.5",25.858619535865
"08",2026-05-02,0,2026-05-02,"wk inc flu hosp","quantile","0.55",27.4223218758108
"08",2026-05-02,0,2026-05-02,"wk inc flu hosp","quantile","0.6",29.3656273906427
"08",2026-05-02,0,2026-05-02,"wk inc flu hosp","quantile","0.65",31.2407193063092
"08",2026-05-02,0,2026-05-02,"wk inc flu hosp","quantile","0.7",33.4174884671925
"08",2026-05-02,0,2026-05-02,"wk inc flu hosp","quantile","0.75",35.2683488460035
"08",2026-05-02,0,2026-05-02,"wk inc flu hosp","quantile","0.8",37.759036375296
"08",2026-05-02,0,2026-05-02,"wk inc flu hosp","quantile","0.85",40.6588494515486
"08",2026-05-02,0,2026-05-02,"wk inc flu hosp","quantile","0.9",44.889077792656
"08",2026-05-02,0,2026-05-02,"wk inc flu hosp","quantile","0.95",51.4670126500369
"08",2026-05-02,0,2026-05-02,"wk inc flu hosp","quantile","0.975",60.5788204252517
"08",2026-05-02,0,2026-05-02,"wk inc flu hosp","quantile","0.99",76.8470149599725
"08",2026-05-02,1,2026-05-09,"wk inc flu hosp","quantile","0.01",3.61585479030391
"08",2026-05-02,1,2026-05-09,"wk inc flu hosp","quantile","0.025",6.34219246182603
"08",2026-05-02,1,2026-05-09,"wk inc flu hosp","quantile","0.05",8.39292660242741
"08",2026-05-02,1,2026-05-09,"wk inc flu hosp","quantile","0.1",11.0064425734296
"08",2026-05-02,1,2026-05-09,"wk inc flu hosp","quantile","0.15",12.6326537059309
"08",2026-05-02,1,2026-05-09,"wk inc flu hosp","quantile","0.2",13.8675195678391
"08",2026-05-02,1,2026-05-09,"wk inc flu hosp","quantile","0.25",14.7848786273853
"08",2026-05-02,1,2026-05-09,"wk inc flu hosp","quantile","0.3",16.5645649583561
"08",2026-05-02,1,2026-05-09,"wk inc flu hosp","quantile","0.35",18.1051495329498
"08",2026-05-02,1,2026-05-09,"wk inc flu hosp","quantile","0.4",19.8926558126756
"08",2026-05-02,1,2026-05-09,"wk inc flu hosp","quantile","0.45",21.5321873643031
"08",2026-05-02,1,2026-05-09,"wk inc flu hosp","quantile","0.5",23.5147920117774
"08",2026-05-02,1,2026-05-09,"wk inc flu hosp","quantile","0.55",25.1631149688962
"08",2026-05-02,1,2026-05-09,"wk inc flu hosp","quantile","0.6",27.466073170637
"08",2026-05-02,1,2026-05-09,"wk inc flu hosp","quantile","0.65",29.5107298120327
"08",2026-05-02,1,2026-05-09,"wk inc flu hosp","quantile","0.7",31.9036503737095
"08",2026-05-02,1,2026-05-09,"wk inc flu hosp","quantile","0.75",34.3979191409838
"08",2026-05-02,1,2026-05-09,"wk inc flu hosp","quantile","0.8",37.1004768921715
"08",2026-05-02,1,2026-05-09,"wk inc flu hosp","quantile","0.85",40.9128428654774
"08",2026-05-02,1,2026-05-09,"wk inc flu hosp","quantile","0.9",46.0816123616589
"08",2026-05-02,1,2026-05-09,"wk inc flu hosp","quantile","0.95",55.3793388700399
"08",2026-05-02,1,2026-05-09,"wk inc flu hosp","quantile","0.975",66.4698003164474
"08",2026-05-02,1,2026-05-09,"wk inc flu hosp","quantile","0.99",84.3847396609017
"08",2026-05-02,2,2026-05-16,"wk inc flu hosp","quantile","0.01",2.1892144145452
"08",2026-05-02,2,2026-05-16,"wk inc flu hosp","quantile","0.025",2.89361601193621
"08",2026-05-02,2,2026-05-16,"wk inc flu hosp","quantile","0.05",5.13637465216304
"08",2026-05-02,2,2026-05-16,"wk inc flu hosp","quantile","0.1",7.86620430037036
"08",2026-05-02,2,2026-05-16,"wk inc flu hosp","quantile","0.15",9.26950976849953
"08",2026-05-02,2,2026-05-16,"wk inc flu hosp","quantile","0.2",11.2913274380146
"08",2026-05-02,2,2026-05-16,"wk inc flu hosp","quantile","0.25",12.7912765124753
"08",2026-05-02,2,2026-05-16,"wk inc flu hosp","quantile","0.3",14.5189815260071
"08",2026-05-02,2,2026-05-16,"wk inc flu hosp","quantile","0.35",16.1425992659534
"08",2026-05-02,2,2026-05-16,"wk inc flu hosp","quantile","0.4",18.2644886652644
"08",2026-05-02,2,2026-05-16,"wk inc flu hosp","quantile","0.45",20.0533572540072
"08",2026-05-02,2,2026-05-16,"wk inc flu hosp","quantile","0.5",21.6501368205944
"08",2026-05-02,2,2026-05-16,"wk inc flu hosp","quantile","0.55",23.5177746509056
"08",2026-05-02,2,2026-05-16,"wk inc flu hosp","quantile","0.6",25.3879987490892
"08",2026-05-02,2,2026-05-16,"wk inc flu hosp","quantile","0.65",28.1184048054395
"08",2026-05-02,2,2026-05-16,"wk inc flu hosp","quantile","0.7",30.4805589878667
"08",2026-05-02,2,2026-05-16,"wk inc flu hosp","quantile","0.75",33.0750552473275
"08",2026-05-02,2,2026-05-16,"wk inc flu hosp","quantile","0.8",36.174075787483
"08",2026-05-02,2,2026-05-16,"wk inc flu hosp","quantile","0.85",40.2889838353794
"08",2026-05-02,2,2026-05-16,"wk inc flu hosp","quantile","0.9",46.8022357006045
"08",2026-05-02,2,2026-05-16,"wk inc flu hosp","quantile","0.95",58.8704048924873
"08",2026-05-02,2,2026-05-16,"wk inc flu hosp","quantile","0.975",71.4512353701825
"08",2026-05-02,2,2026-05-16,"wk inc flu hosp","quantile","0.99",95.5797890979177
"08",2026-05-02,3,2026-05-23,"wk inc flu hosp","quantile","0.01",0.736675342512474
"08",2026-05-02,3,2026-05-23,"wk inc flu hosp","quantile","0.025",1.46537675332869
"08",2026-05-02,3,2026-05-23,"wk inc flu hosp","quantile","0.05",3.30163976370376
"08",2026-05-02,3,2026-05-23,"wk inc flu hosp","quantile","0.1",6.1830126228048
"08",2026-05-02,3,2026-05-23,"wk inc flu hosp","quantile","0.15",7.63132695829121
"08",2026-05-02,3,2026-05-23,"wk inc flu hosp","quantile","0.2",9.84825337972472
"08",2026-05-02,3,2026-05-23,"wk inc flu hosp","quantile","0.25",11.6003328291884
"08",2026-05-02,3,2026-05-23,"wk inc flu hosp","quantile","0.3",13.0403132258955
"08",2026-05-02,3,2026-05-23,"wk inc flu hosp","quantile","0.35",14.9568526989312
"08",2026-05-02,3,2026-05-23,"wk inc flu hosp","quantile","0.4",17.1146465135049
"08",2026-05-02,3,2026-05-23,"wk inc flu hosp","quantile","0.45",18.8538425647537
"08",2026-05-02,3,2026-05-23,"wk inc flu hosp","quantile","0.5",20.6892372187442
"08",2026-05-02,3,2026-05-23,"wk inc flu hosp","quantile","0.55",22.2942588167215
"08",2026-05-02,3,2026-05-23,"wk inc flu hosp","quantile","0.6",24.5600205610834
"08",2026-05-02,3,2026-05-23,"wk inc flu hosp","quantile","0.65",27.2072058904174
"08",2026-05-02,3,2026-05-23,"wk inc flu hosp","quantile","0.7",30.167721083216
"08",2026-05-02,3,2026-05-23,"wk inc flu hosp","quantile","0.75",33.0610213664325
"08",2026-05-02,3,2026-05-23,"wk inc flu hosp","quantile","0.8",36.8473117499701
"08",2026-05-02,3,2026-05-23,"wk inc flu hosp","quantile","0.85",40.6616849628784
"08",2026-05-02,3,2026-05-23,"wk inc flu hosp","quantile","0.9",47.3891179442926
"08",2026-05-02,3,2026-05-23,"wk inc flu hosp","quantile","0.95",60.0555629014054
"08",2026-05-02,3,2026-05-23,"wk inc flu hosp","quantile","0.975",77.6052173813756
"08",2026-05-02,3,2026-05-23,"wk inc flu hosp","quantile","0.99",103.514000926921
"09",2026-05-02,0,2026-05-02,"wk inc flu hosp","quantile","0.01",3.49559536769197
"09",2026-05-02,0,2026-05-02,"wk inc flu hosp","quantile","0.025",5.09504641034606
"09",2026-05-02,0,2026-05-02,"wk inc flu hosp","quantile","0.05",6.9287898200318
"09",2026-05-02,0,2026-05-02,"wk inc flu hosp","quantile","0.1",8.65814618159241
"09",2026-05-02,0,2026-05-02,"wk inc flu hosp","quantile","0.15",10.1621714260973
"09",2026-05-02,0,2026-05-02,"wk inc flu hosp","quantile","0.2",11.3187416908495
"09",2026-05-02,0,2026-05-02,"wk inc flu hosp","quantile","0.25",12.4417356302446
"09",2026-05-02,0,2026-05-02,"wk inc flu hosp","quantile","0.3",13.430087211281
"09",2026-05-02,0,2026-05-02,"wk inc flu hosp","quantile","0.35",14.6567028744731
"09",2026-05-02,0,2026-05-02,"wk inc flu hosp","quantile","0.4",15.7625304944072
"09",2026-05-02,0,2026-05-02,"wk inc flu hosp","quantile","0.45",16.6304009720006
"09",2026-05-02,0,2026-05-02,"wk inc flu hosp","quantile","0.5",17.5246029437935
"09",2026-05-02,0,2026-05-02,"wk inc flu hosp","quantile","0.55",18.2413707565164
"09",2026-05-02,0,2026-05-02,"wk inc flu hosp","quantile","0.6",19.0960459808595
"09",2026-05-02,0,2026-05-02,"wk inc flu hosp","quantile","0.65",20.1657769110242
"09",2026-05-02,0,2026-05-02,"wk inc flu hosp","quantile","0.7",21.3275904118002
"09",2026-05-02,0,2026-05-02,"wk inc flu hosp","quantile","0.75",22.6105644303771
"09",2026-05-02,0,2026-05-02,"wk inc flu hosp","quantile","0.8",24.1045096330392
"09",2026-05-02,0,2026-05-02,"wk inc flu hosp","quantile","0.85",25.5184733239545
"09",2026-05-02,0,2026-05-02,"wk inc flu hosp","quantile","0.9",28.0204442278382
"09",2026-05-02,0,2026-05-02,"wk inc flu hosp","quantile","0.95",31.9567591962936
"09",2026-05-02,0,2026-05-02,"wk inc flu hosp","quantile","0.975",36.947243142146
"09",2026-05-02,0,2026-05-02,"wk inc flu hosp","quantile","0.99",48.2219924111615
"09",2026-05-02,1,2026-05-09,"wk inc flu hosp","quantile","0.01",1.70500632804561
"09",2026-05-02,1,2026-05-09,"wk inc flu hosp","quantile","0.025",2.82670402188021
"09",2026-05-02,1,2026-05-09,"wk inc flu hosp","quantile","0.05",4.45413348475939
"09",2026-05-02,1,2026-05-09,"wk inc flu hosp","quantile","0.1",6.0325083517793
"09",2026-05-02,1,2026-05-09,"wk inc flu hosp","quantile","0.15",7.33438416886209
"09",2026-05-02,1,2026-05-09,"wk inc flu hosp","quantile","0.2",8.488791255654
"09",2026-05-02,1,2026-05-09,"wk inc flu hosp","quantile","0.25",9.82248622106621
"09",2026-05-02,1,2026-05-09,"wk inc flu hosp","quantile","0.3",10.9400766580397
"09",2026-05-02,1,2026-05-09,"wk inc flu hosp","quantile","0.35",12.0563359850669
"09",2026-05-02,1,2026-05-09,"wk inc flu hosp","quantile","0.4",13.2717610361951
"09",2026-05-02,1,2026-05-09,"wk inc flu hosp","quantile","0.45",14.0201278844954
"09",2026-05-02,1,2026-05-09,"wk inc flu hosp","quantile","0.5",15.2351393080819
"09",2026-05-02,1,2026-05-09,"wk inc flu hosp","quantile","0.55",16.2234929639042
"09",2026-05-02,1,2026-05-09,"wk inc flu hosp","quantile","0.6",17.3737916179488
"09",2026-05-02,1,2026-05-09,"wk inc flu hosp","quantile","0.65",18.6211950611107
"09",2026-05-02,1,2026-05-09,"wk inc flu hosp","quantile","0.7",20.2962634940687
"09",2026-05-02,1,2026-05-09,"wk inc flu hosp","quantile","0.75",21.8086993834212
"09",2026-05-02,1,2026-05-09,"wk inc flu hosp","quantile","0.8",23.7155143744126
"09",2026-05-02,1,2026-05-09,"wk inc flu hosp","quantile","0.85",25.8713272625763
"09",2026-05-02,1,2026-05-09,"wk inc flu hosp","quantile","0.9",29.3548739271302
"09",2026-05-02,1,2026-05-09,"wk inc flu hosp","quantile","0.95",35.1204475156614
"09",2026-05-02,1,2026-05-09,"wk inc flu hosp","quantile","0.975",42.618433209257
"09",2026-05-02,1,2026-05-09,"wk inc flu hosp","quantile","0.99",55.7270906836752
"09",2026-05-02,2,2026-05-16,"wk inc flu hosp","quantile","0.01",0.886569553013841
"09",2026-05-02,2,2026-05-16,"wk inc flu hosp","quantile","0.025",1.55033698979451
"09",2026-05-02,2,2026-05-16,"wk inc flu hosp","quantile","0.05",2.96685544070565
"09",2026-05-02,2,2026-05-16,"wk inc flu hosp","quantile","0.1",4.64432430718013
"09",2026-05-02,2,2026-05-16,"wk inc flu hosp","quantile","0.15",6.05102331285367
"09",2026-05-02,2,2026-05-16,"wk inc flu hosp","quantile","0.2",7.27296487120784
"09",2026-05-02,2,2026-05-16,"wk inc flu hosp","quantile","0.25",8.15617773972177
"09",2026-05-02,2,2026-05-16,"wk inc flu hosp","quantile","0.3",9.0306493517232
"09",2026-05-02,2,2026-05-16,"wk inc flu hosp","quantile","0.35",10.1321606187131
"09",2026-05-02,2,2026-05-16,"wk inc flu hosp","quantile","0.4",11.102154920521
"09",2026-05-02,2,2026-05-16,"wk inc flu hosp","quantile","0.45",12.2941242193102
"09",2026-05-02,2,2026-05-16,"wk inc flu hosp","quantile","0.5",13.2935503937023
"09",2026-05-02,2,2026-05-16,"wk inc flu hosp","quantile","0.55",14.2503366681975
"09",2026-05-02,2,2026-05-16,"wk inc flu hosp","quantile","0.6",15.3231970003953
"09",2026-05-02,2,2026-05-16,"wk inc flu hosp","quantile","0.65",16.7184512581286
"09",2026-05-02,2,2026-05-16,"wk inc flu hosp","quantile","0.7",18.5013564447424
"09",2026-05-02,2,2026-05-16,"wk inc flu hosp","quantile","0.75",20.3912077051916
"09",2026-05-02,2,2026-05-16,"wk inc flu hosp","quantile","0.8",22.472263669556
"09",2026-05-02,2,2026-05-16,"wk inc flu hosp","quantile","0.85",24.9056855195442
"09",2026-05-02,2,2026-05-16,"wk inc flu hosp","quantile","0.9",29.1287289334404
"09",2026-05-02,2,2026-05-16,"wk inc flu hosp","quantile","0.95",37.2256385206126
"09",2026-05-02,2,2026-05-16,"wk inc flu hosp","quantile","0.975",44.9768532201334
"09",2026-05-02,2,2026-05-16,"wk inc flu hosp","quantile","0.99",62.0455352570361
"09",2026-05-02,3,2026-05-23,"wk inc flu hosp","quantile","0.01",0.475268369214408
"09",2026-05-02,3,2026-05-23,"wk inc flu hosp","quantile","0.025",0.730689488658141
"09",2026-05-02,3,2026-05-23,"wk inc flu hosp","quantile","0.05",2.00254218972899
"09",2026-05-02,3,2026-05-23,"wk inc flu hosp","quantile","0.1",3.50896202494596
"09",2026-05-02,3,2026-05-23,"wk inc flu hosp","quantile","0.15",4.75467626468702
"09",2026-05-02,3,2026-05-23,"wk inc flu hosp","quantile","0.2",5.68651495055333
"09",2026-05-02,3,2026-05-23,"wk inc flu hosp","quantile","0.25",6.80580245367448
"09",2026-05-02,3,2026-05-23,"wk inc flu hosp","quantile","0.3",7.63974083286139
"09",2026-05-02,3,2026-05-23,"wk inc flu hosp","quantile","0.35",8.56705328755522
"09",2026-05-02,3,2026-05-23,"wk inc flu hosp","quantile","0.4",9.63855106680594
"09",2026-05-02,3,2026-05-23,"wk inc flu hosp","quantile","0.45",10.8924258985634
"09",2026-05-02,3,2026-05-23,"wk inc flu hosp","quantile","0.5",11.8669729761574
"09",2026-05-02,3,2026-05-23,"wk inc flu hosp","quantile","0.55",12.8972534612739
"09",2026-05-02,3,2026-05-23,"wk inc flu hosp","quantile","0.6",13.9964552243957
"09",2026-05-02,3,2026-05-23,"wk inc flu hosp","quantile","0.65",15.7992144753474
"09",2026-05-02,3,2026-05-23,"wk inc flu hosp","quantile","0.7",17.8524860954012
"09",2026-05-02,3,2026-05-23,"wk inc flu hosp","quantile","0.75",19.9535579077121
"09",2026-05-02,3,2026-05-23,"wk inc flu hosp","quantile","0.8",22.1074307387981
"09",2026-05-02,3,2026-05-23,"wk inc flu hosp","quantile","0.85",25.2568009921442
"09",2026-05-02,3,2026-05-23,"wk inc flu hosp","quantile","0.9",29.7432675469796
"09",2026-05-02,3,2026-05-23,"wk inc flu hosp","quantile","0.95",39.9061226489124
"09",2026-05-02,3,2026-05-23,"wk inc flu hosp","quantile","0.975",49.579455923442
"09",2026-05-02,3,2026-05-23,"wk inc flu hosp","quantile","0.99",78.0851542146414
"10",2026-05-02,0,2026-05-02,"wk inc flu hosp","quantile","0.01",0.0253669530640706
"10",2026-05-02,0,2026-05-02,"wk inc flu hosp","quantile","0.025",0.100635399643129
"10",2026-05-02,0,2026-05-02,"wk inc flu hosp","quantile","0.05",0.214600582667577
"10",2026-05-02,0,2026-05-02,"wk inc flu hosp","quantile","0.1",0.387982887393563
"10",2026-05-02,0,2026-05-02,"wk inc flu hosp","quantile","0.15",0.598410414737851
"10",2026-05-02,0,2026-05-02,"wk inc flu hosp","quantile","0.2",0.850707000674586
"10",2026-05-02,0,2026-05-02,"wk inc flu hosp","quantile","0.25",1.14620720671365
"10",2026-05-02,0,2026-05-02,"wk inc flu hosp","quantile","0.3",1.61182095464402
"10",2026-05-02,0,2026-05-02,"wk inc flu hosp","quantile","0.35",2.02316041508132
"10",2026-05-02,0,2026-05-02,"wk inc flu hosp","quantile","0.4",2.44855044348158
"10",2026-05-02,0,2026-05-02,"wk inc flu hosp","quantile","0.45",2.79782803522588
"10",2026-05-02,0,2026-05-02,"wk inc flu hosp","quantile","0.5",3.08471407531189
"10",2026-05-02,0,2026-05-02,"wk inc flu hosp","quantile","0.55",3.3435779765916
"10",2026-05-02,0,2026-05-02,"wk inc flu hosp","quantile","0.6",3.6911502394311
"10",2026-05-02,0,2026-05-02,"wk inc flu hosp","quantile","0.65",4.09558879905191
"10",2026-05-02,0,2026-05-02,"wk inc flu hosp","quantile","0.7",4.63360349427706
"10",2026-05-02,0,2026-05-02,"wk inc flu hosp","quantile","0.75",5.11652146369065
"10",2026-05-02,0,2026-05-02,"wk inc flu hosp","quantile","0.8",5.83311178421388
"10",2026-05-02,0,2026-05-02,"wk inc flu hosp","quantile","0.85",6.6476599640607
"10",2026-05-02,0,2026-05-02,"wk inc flu hosp","quantile","0.9",8.00123029921384
"10",2026-05-02,0,2026-05-02,"wk inc flu hosp","quantile","0.95",10.2915748443722
"10",2026-05-02,0,2026-05-02,"wk inc flu hosp","quantile","0.975",13.9324777443045
"10",2026-05-02,0,2026-05-02,"wk inc flu hosp","quantile","0.99",18.8176359367224
"10",2026-05-02,1,2026-05-09,"wk inc flu hosp","quantile","0.01",0
"10",2026-05-02,1,2026-05-09,"wk inc flu hosp","quantile","0.025",0
"10",2026-05-02,1,2026-05-09,"wk inc flu hosp","quantile","0.05",0.0329314352465573
"10",2026-05-02,1,2026-05-09,"wk inc flu hosp","quantile","0.1",0.151315161717197
"10",2026-05-02,1,2026-05-09,"wk inc flu hosp","quantile","0.15",0.362722290917701
"10",2026-05-02,1,2026-05-09,"wk inc flu hosp","quantile","0.2",0.51733744074083
"10",2026-05-02,1,2026-05-09,"wk inc flu hosp","quantile","0.25",0.673008324351344
"10",2026-05-02,1,2026-05-09,"wk inc flu hosp","quantile","0.3",1.16488377753525
"10",2026-05-02,1,2026-05-09,"wk inc flu hosp","quantile","0.35",1.55456257964903
"10",2026-05-02,1,2026-05-09,"wk inc flu hosp","quantile","0.4",1.96644584479742
"10",2026-05-02,1,2026-05-09,"wk inc flu hosp","quantile","0.45",2.31087603307187
"10",2026-05-02,1,2026-05-09,"wk inc flu hosp","quantile","0.5",2.64554880717799
"10",2026-05-02,1,2026-05-09,"wk inc flu hosp","quantile","0.55",3.06107435487145
"10",2026-05-02,1,2026-05-09,"wk inc flu hosp","quantile","0.6",3.44242541158636
"10",2026-05-02,1,2026-05-09,"wk inc flu hosp","quantile","0.65",3.97676502571293
"10",2026-05-02,1,2026-05-09,"wk inc flu hosp","quantile","0.7",4.46719931595954
"10",2026-05-02,1,2026-05-09,"wk inc flu hosp","quantile","0.75",5.12078151323615
"10",2026-05-02,1,2026-05-09,"wk inc flu hosp","quantile","0.8",6.062321768715
"10",2026-05-02,1,2026-05-09,"wk inc flu hosp","quantile","0.85",7.28504908280974
"10",2026-05-02,1,2026-05-09,"wk inc flu hosp","quantile","0.9",8.93232081933985
"10",2026-05-02,1,2026-05-09,"wk inc flu hosp","quantile","0.95",12.5250562145977
"10",2026-05-02,1,2026-05-09,"wk inc flu hosp","quantile","0.975",17.3580851855189
"10",2026-05-02,1,2026-05-09,"wk inc flu hosp","quantile","0.99",23.5633240212504
"10",2026-05-02,2,2026-05-16,"wk inc flu hosp","quantile","0.01",0
"10",2026-05-02,2,2026-05-16,"wk inc flu hosp","quantile","0.025",0
"10",2026-05-02,2,2026-05-16,"wk inc flu hosp","quantile","0.05",0
"10",2026-05-02,2,2026-05-16,"wk inc flu hosp","quantile","0.1",0.0438896006104093
"10",2026-05-02,2,2026-05-16,"wk inc flu hosp","quantile","0.15",0.149416667265661
"10",2026-05-02,2,2026-05-16,"wk inc flu hosp","quantile","0.2",0.290940001172884
"10",2026-05-02,2,2026-05-16,"wk inc flu hosp","quantile","0.25",0.438150033070305
"10",2026-05-02,2,2026-05-16,"wk inc flu hosp","quantile","0.3",0.712595833059753
"10",2026-05-02,2,2026-05-16,"wk inc flu hosp","quantile","0.35",1.11305020918314
"10",2026-05-02,2,2026-05-16,"wk inc flu hosp","quantile","0.4",1.45819620816643
"10",2026-05-02,2,2026-05-16,"wk inc flu hosp","quantile","0.45",1.81132636163862
"10",2026-05-02,2,2026-05-16,"wk inc flu hosp","quantile","0.5",2.1327258480248
"10",2026-05-02,2,2026-05-16,"wk inc flu hosp","quantile","0.55",2.53794608675293
"10",2026-05-02,2,2026-05-16,"wk inc flu hosp","quantile","0.6",2.92823553963184
"10",2026-05-02,2,2026-05-16,"wk inc flu hosp","quantile","0.65",3.52271469358283
"10",2026-05-02,2,2026-05-16,"wk inc flu hosp","quantile","0.7",4.24213717321637
"10",2026-05-02,2,2026-05-16,"wk inc flu hosp","quantile","0.75",5.25945699807222
"10",2026-05-02,2,2026-05-16,"wk inc flu hosp","quantile","0.8",6.31024313458326
"10",2026-05-02,2,2026-05-16,"wk inc flu hosp","quantile","0.85",7.66684587163804
"10",2026-05-02,2,2026-05-16,"wk inc flu hosp","quantile","0.9",9.48643652985174
"10",2026-05-02,2,2026-05-16,"wk inc flu hosp","quantile","0.95",13.6457507813043
"10",2026-05-02,2,2026-05-16,"wk inc flu hosp","quantile","0.975",18.7103316702576
"10",2026-05-02,2,2026-05-16,"wk inc flu hosp","quantile","0.99",25.9904230488277
"10",2026-05-02,3,2026-05-23,"wk inc flu hosp","quantile","0.01",0
"10",2026-05-02,3,2026-05-23,"wk inc flu hosp","quantile","0.025",0
"10",2026-05-02,3,2026-05-23,"wk inc flu hosp","quantile","0.05",0
"10",2026-05-02,3,2026-05-23,"wk inc flu hosp","quantile","0.1",0
"10",2026-05-02,3,2026-05-23,"wk inc flu hosp","quantile","0.15",0.0519800479150847
"10",2026-05-02,3,2026-05-23,"wk inc flu hosp","quantile","0.2",0.136796598725747
"10",2026-05-02,3,2026-05-23,"wk inc flu hosp","quantile","0.25",0.27158431999265
"10",2026-05-02,3,2026-05-23,"wk inc flu hosp","quantile","0.3",0.481626887846183
"10",2026-05-02,3,2026-05-23,"wk inc flu hosp","quantile","0.35",0.879871707027508
"10",2026-05-02,3,2026-05-23,"wk inc flu hosp","quantile","0.4",1.24598394477412
"10",2026-05-02,3,2026-05-23,"wk inc flu hosp","quantile","0.45",1.63338832103227
"10",2026-05-02,3,2026-05-23,"wk inc flu hosp","quantile","0.5",1.9258203898631
"10",2026-05-02,3,2026-05-23,"wk inc flu hosp","quantile","0.55",2.23932643253584
"10",2026-05-02,3,2026-05-23,"wk inc flu hosp","quantile","0.6",2.64712804767009
"10",2026-05-02,3,2026-05-23,"wk inc flu hosp","quantile","0.65",3.21117882109078
"10",2026-05-02,3,2026-05-23,"wk inc flu hosp","quantile","0.7",3.85920667452468
"10",2026-05-02,3,2026-05-23,"wk inc flu hosp","quantile","0.75",4.8691126688291
"10",2026-05-02,3,2026-05-23,"wk inc flu hosp","quantile","0.8",6.02574081203074
"10",2026-05-02,3,2026-05-23,"wk inc flu hosp","quantile","0.85",7.78904700422121
"10",2026-05-02,3,2026-05-23,"wk inc flu hosp","quantile","0.9",10.5328342966088
"10",2026-05-02,3,2026-05-23,"wk inc flu hosp","quantile","0.95",15.4887343410045
"10",2026-05-02,3,2026-05-23,"wk inc flu hosp","quantile","0.975",22.9710938457516
"10",2026-05-02,3,2026-05-23,"wk inc flu hosp","quantile","0.99",31.5162531786483
"11",2026-05-02,0,2026-05-02,"wk inc flu hosp","quantile","0.01",0
"11",2026-05-02,0,2026-05-02,"wk inc flu hosp","quantile","0.025",0.00582748163765248
"11",2026-05-02,0,2026-05-02,"wk inc flu hosp","quantile","0.05",0.10592471926793
"11",2026-05-02,0,2026-05-02,"wk inc flu hosp","quantile","0.1",0.238905907746598
"11",2026-05-02,0,2026-05-02,"wk inc flu hosp","quantile","0.15",0.325444243491114
"11",2026-05-02,0,2026-05-02,"wk inc flu hosp","quantile","0.2",0.590450691667605
"11",2026-05-02,0,2026-05-02,"wk inc flu hosp","quantile","0.25",0.888583145494777
"11",2026-05-02,0,2026-05-02,"wk inc flu hosp","quantile","0.3",1.09737602893944
"11",2026-05-02,0,2026-05-02,"wk inc flu hosp","quantile","0.35",1.3177906221979
"11",2026-05-02,0,2026-05-02,"wk inc flu hosp","quantile","0.4",1.52733123600089
"11",2026-05-02,0,2026-05-02,"wk inc flu hosp","quantile","0.45",1.70126754477246
"11",2026-05-02,0,2026-05-02,"wk inc flu hosp","quantile","0.5",1.90957367620423
"11",2026-05-02,0,2026-05-02,"wk inc flu hosp","quantile","0.55",2.12646072137375
"11",2026-05-02,0,2026-05-02,"wk inc flu hosp","quantile","0.6",2.48694486168544
"11",2026-05-02,0,2026-05-02,"wk inc flu hosp","quantile","0.65",2.95363012806
"11",2026-05-02,0,2026-05-02,"wk inc flu hosp","quantile","0.7",3.31495554906399
"11",2026-05-02,0,2026-05-02,"wk inc flu hosp","quantile","0.75",3.76136921168702
"11",2026-05-02,0,2026-05-02,"wk inc flu hosp","quantile","0.8",4.38651926207495
"11",2026-05-02,0,2026-05-02,"wk inc flu hosp","quantile","0.85",5.2694411516177
"11",2026-05-02,0,2026-05-02,"wk inc flu hosp","quantile","0.9",6.16308139742638
"11",2026-05-02,0,2026-05-02,"wk inc flu hosp","quantile","0.95",8.77434141980186
"11",2026-05-02,0,2026-05-02,"wk inc flu hosp","quantile","0.975",11.7051731316321
"11",2026-05-02,0,2026-05-02,"wk inc flu hosp","quantile","0.99",17.1774500646587
"11",2026-05-02,1,2026-05-09,"wk inc flu hosp","quantile","0.01",0
"11",2026-05-02,1,2026-05-09,"wk inc flu hosp","quantile","0.025",0
"11",2026-05-02,1,2026-05-09,"wk inc flu hosp","quantile","0.05",0
"11",2026-05-02,1,2026-05-09,"wk inc flu hosp","quantile","0.1",0.085853438539479
"11",2026-05-02,1,2026-05-09,"wk inc flu hosp","quantile","0.15",0.204652335268357
"11",2026-05-02,1,2026-05-09,"wk inc flu hosp","quantile","0.2",0.457091542104166
"11",2026-05-02,1,2026-05-09,"wk inc flu hosp","quantile","0.25",0.824110598208366
"11",2026-05-02,1,2026-05-09,"wk inc flu hosp","quantile","0.3",1.07415664681314
"11",2026-05-02,1,2026-05-09,"wk inc flu hosp","quantile","0.35",1.36783973118957
"11",2026-05-02,1,2026-05-09,"wk inc flu hosp","quantile","0.4",1.57785934164729
"11",2026-05-02,1,2026-05-09,"wk inc flu hosp","quantile","0.45",1.85938703130182
"11",2026-05-02,1,2026-05-09,"wk inc flu hosp","quantile","0.5",2.09238914467496
"11",2026-05-02,1,2026-05-09,"wk inc flu hosp","quantile","0.55",2.43643669422657
"11",2026-05-02,1,2026-05-09,"wk inc flu hosp","quantile","0.6",2.90020684768644
"11",2026-05-02,1,2026-05-09,"wk inc flu hosp","quantile","0.65",3.42810286225884
"11",2026-05-02,1,2026-05-09,"wk inc flu hosp","quantile","0.7",3.85360573364078
"11",2026-05-02,1,2026-05-09,"wk inc flu hosp","quantile","0.75",4.42984079786597
"11",2026-05-02,1,2026-05-09,"wk inc flu hosp","quantile","0.8",5.22898152666346
"11",2026-05-02,1,2026-05-09,"wk inc flu hosp","quantile","0.85",6.65292351460337
"11",2026-05-02,1,2026-05-09,"wk inc flu hosp","quantile","0.9",8.17325683186733
"11",2026-05-02,1,2026-05-09,"wk inc flu hosp","quantile","0.95",11.7420177849152
"11",2026-05-02,1,2026-05-09,"wk inc flu hosp","quantile","0.975",16.7862340326765
"11",2026-05-02,1,2026-05-09,"wk inc flu hosp","quantile","0.99",28.579216927341
"11",2026-05-02,2,2026-05-16,"wk inc flu hosp","quantile","0.01",0
"11",2026-05-02,2,2026-05-16,"wk inc flu hosp","quantile","0.025",0
"11",2026-05-02,2,2026-05-16,"wk inc flu hosp","quantile","0.05",0
"11",2026-05-02,2,2026-05-16,"wk inc flu hosp","quantile","0.1",0.0391506029379646
"11",2026-05-02,2,2026-05-16,"wk inc flu hosp","quantile","0.15",0.134384318352403
"11",2026-05-02,2,2026-05-16,"wk inc flu hosp","quantile","0.2",0.381943557197285
"11",2026-05-02,2,2026-05-16,"wk inc flu hosp","quantile","0.25",0.702401777694765
"11",2026-05-02,2,2026-05-16,"wk inc flu hosp","quantile","0.3",0.940699834412816
"11",2026-05-02,2,2026-05-16,"wk inc flu hosp","quantile","0.35",1.30603613742289
"11",2026-05-02,2,2026-05-16,"wk inc flu hosp","quantile","0.4",1.46609547787447
"11",2026-05-02,2,2026-05-16,"wk inc flu hosp","quantile","0.45",1.74767386940683
"11",2026-05-02,2,2026-05-16,"wk inc flu hosp","quantile","0.5",2.03875056421601
"11",2026-05-02,2,2026-05-16,"wk inc flu hosp","quantile","0.55",2.39570063203718
"11",2026-05-02,2,2026-05-16,"wk inc flu hosp","quantile","0.6",2.93908601912965
"11",2026-05-02,2,2026-05-16,"wk inc flu hosp","quantile","0.65",3.44525269221276
"11",2026-05-02,2,2026-05-16,"wk inc flu hosp","quantile","0.7",3.92438729056332
"11",2026-05-02,2,2026-05-16,"wk inc flu hosp","quantile","0.75",4.62340987497408
"11",2026-05-02,2,2026-05-16,"wk inc flu hosp","quantile","0.8",5.65276541070277
"11",2026-05-02,2,2026-05-16,"wk inc flu hosp","quantile","0.85",6.77809238110624
"11",2026-05-02,2,2026-05-16,"wk inc flu hosp","quantile","0.9",8.76231665021236
"11",2026-05-02,2,2026-05-16,"wk inc flu hosp","quantile","0.95",12.4329159515654
"11",2026-05-02,2,2026-05-16,"wk inc flu hosp","quantile","0.975",16.8884645787889
"11",2026-05-02,2,2026-05-16,"wk inc flu hosp","quantile","0.99",21.8514868137879
"11",2026-05-02,3,2026-05-23,"wk inc flu hosp","quantile","0.01",0
"11",2026-05-02,3,2026-05-23,"wk inc flu hosp","quantile","0.025",0
"11",2026-05-02,3,2026-05-23,"wk inc flu hosp","quantile","0.05",0
"11",2026-05-02,3,2026-05-23,"wk inc flu hosp","quantile","0.1",0
"11",2026-05-02,3,2026-05-23,"wk inc flu hosp","quantile","0.15",0.0495395974558443
"11",2026-05-02,3,2026-05-23,"wk inc flu hosp","quantile","0.2",0.246608751903925
"11",2026-05-02,3,2026-05-23,"wk inc flu hosp","quantile","0.25",0.542108403748387
"11",2026-05-02,3,2026-05-23,"wk inc flu hosp","quantile","0.3",0.799076331162624
"11",2026-05-02,3,2026-05-23,"wk inc flu hosp","quantile","0.35",1.12500365220595
"11",2026-05-02,3,2026-05-23,"wk inc flu hosp","quantile","0.4",1.343244573486
"11",2026-05-02,3,2026-05-23,"wk inc flu hosp","quantile","0.45",1.64717408843884
"11",2026-05-02,3,2026-05-23,"wk inc flu hosp","quantile","0.5",1.92989605341922
"11",2026-05-02,3,2026-05-23,"wk inc flu hosp","quantile","0.55",2.41759226548693
"11",2026-05-02,3,2026-05-23,"wk inc flu hosp","quantile","0.6",2.97018508539709
"11",2026-05-02,3,2026-05-23,"wk inc flu hosp","quantile","0.65",3.58381363369644
"11",2026-05-02,3,2026-05-23,"wk inc flu hosp","quantile","0.7",4.2986515827775
"11",2026-05-02,3,2026-05-23,"wk inc flu hosp","quantile","0.75",5.04439942297236
"11",2026-05-02,3,2026-05-23,"wk inc flu hosp","quantile","0.8",6.28232084666774
"11",2026-05-02,3,2026-05-23,"wk inc flu hosp","quantile","0.85",8.26281491583805
"11",2026-05-02,3,2026-05-23,"wk inc flu hosp","quantile","0.9",10.7541783046949
"11",2026-05-02,3,2026-05-23,"wk inc flu hosp","quantile","0.95",16.4351794893841
"11",2026-05-02,3,2026-05-23,"wk inc flu hosp","quantile","0.975",22.5019412955832
"11",2026-05-02,3,2026-05-23,"wk inc flu hosp","quantile","0.99",34.4715076640529
"12",2026-05-02,0,2026-05-02,"wk inc flu hosp","quantile","0.01",83.4084393200322
"12",2026-05-02,0,2026-05-02,"wk inc flu hosp","quantile","0.025",90.4089530887841
"12",2026-05-02,0,2026-05-02,"wk inc flu hosp","quantile","0.05",101.385691307927
"12",2026-05-02,0,2026-05-02,"wk inc flu hosp","quantile","0.1",115.028601701475
"12",2026-05-02,0,2026-05-02,"wk inc flu hosp","quantile","0.15",123.084885237502
"12",2026-05-02,0,2026-05-02,"wk inc flu hosp","quantile","0.2",130.534976360333
"12",2026-05-02,0,2026-05-02,"wk inc flu hosp","quantile","0.25",133.90737951792
"12",2026-05-02,0,2026-05-02,"wk inc flu hosp","quantile","0.3",138.702784799849
"12",2026-05-02,0,2026-05-02,"wk inc flu hosp","quantile","0.35",143.028599523452
"12",2026-05-02,0,2026-05-02,"wk inc flu hosp","quantile","0.4",145.689988805488
"12",2026-05-02,0,2026-05-02,"wk inc flu hosp","quantile","0.45",148.17525297724
"12",2026-05-02,0,2026-05-02,"wk inc flu hosp","quantile","0.5",152.746240706893
"12",2026-05-02,0,2026-05-02,"wk inc flu hosp","quantile","0.55",156.330105403632
"12",2026-05-02,0,2026-05-02,"wk inc flu hosp","quantile","0.6",161.683932240927
"12",2026-05-02,0,2026-05-02,"wk inc flu hosp","quantile","0.65",166.953740087453
"12",2026-05-02,0,2026-05-02,"wk inc flu hosp","quantile","0.7",171.823774100217
"12",2026-05-02,0,2026-05-02,"wk inc flu hosp","quantile","0.75",177.814464270688
"12",2026-05-02,0,2026-05-02,"wk inc flu hosp","quantile","0.8",185.094296883816
"12",2026-05-02,0,2026-05-02,"wk inc flu hosp","quantile","0.85",191.307411588418
"12",2026-05-02,0,2026-05-02,"wk inc flu hosp","quantile","0.9",204.121588405382
"12",2026-05-02,0,2026-05-02,"wk inc flu hosp","quantile","0.95",219.242093560346
"12",2026-05-02,0,2026-05-02,"wk inc flu hosp","quantile","0.975",235.548790724162
"12",2026-05-02,0,2026-05-02,"wk inc flu hosp","quantile","0.99",265.310428709406
"12",2026-05-02,1,2026-05-09,"wk inc flu hosp","quantile","0.01",70.27941118728
"12",2026-05-02,1,2026-05-09,"wk inc flu hosp","quantile","0.025",79.2146968817343
"12",2026-05-02,1,2026-05-09,"wk inc flu hosp","quantile","0.05",84.9899014158618
"12",2026-05-02,1,2026-05-09,"wk inc flu hosp","quantile","0.1",101.084904738149
"12",2026-05-02,1,2026-05-09,"wk inc flu hosp","quantile","0.15",109.369515034438
"12",2026-05-02,1,2026-05-09,"wk inc flu hosp","quantile","0.2",118.077771580497
"12",2026-05-02,1,2026-05-09,"wk inc flu hosp","quantile","0.25",122.71304981138
"12",2026-05-02,1,2026-05-09,"wk inc flu hosp","quantile","0.3",127.367099160121
"12",2026-05-02,1,2026-05-09,"wk inc flu hosp","quantile","0.35",132.064561393386
"12",2026-05-02,1,2026-05-09,"wk inc flu hosp","quantile","0.4",134.946138403938
"12",2026-05-02,1,2026-05-09,"wk inc flu hosp","quantile","0.45",138.219976337444
"12",2026-05-02,1,2026-05-09,"wk inc flu hosp","quantile","0.5",142.838405742315
"12",2026-05-02,1,2026-05-09,"wk inc flu hosp","quantile","0.55",147.622820821998
"12",2026-05-02,1,2026-05-09,"wk inc flu hosp","quantile","0.6",153.879740348751
"12",2026-05-02,1,2026-05-09,"wk inc flu hosp","quantile","0.65",159.61035360809
"12",2026-05-02,1,2026-05-09,"wk inc flu hosp","quantile","0.7",167.642711621224
"12",2026-05-02,1,2026-05-09,"wk inc flu hosp","quantile","0.75",174.838707525421
"12",2026-05-02,1,2026-05-09,"wk inc flu hosp","quantile","0.8",183.456607398946
"12",2026-05-02,1,2026-05-09,"wk inc flu hosp","quantile","0.85",192.809318582716
"12",2026-05-02,1,2026-05-09,"wk inc flu hosp","quantile","0.9",207.378923272106
"12",2026-05-02,1,2026-05-09,"wk inc flu hosp","quantile","0.95",230.439305273004
"12",2026-05-02,1,2026-05-09,"wk inc flu hosp","quantile","0.975",254.872947073436
"12",2026-05-02,1,2026-05-09,"wk inc flu hosp","quantile","0.99",296.423364661512
"12",2026-05-02,2,2026-05-16,"wk inc flu hosp","quantile","0.01",59.4126585350116
"12",2026-05-02,2,2026-05-16,"wk inc flu hosp","quantile","0.025",68.0566058057474
"12",2026-05-02,2,2026-05-16,"wk inc flu hosp","quantile","0.05",76.7899172468941
"12",2026-05-02,2,2026-05-16,"wk inc flu hosp","quantile","0.1",93.0177741356196
"12",2026-05-02,2,2026-05-16,"wk inc flu hosp","quantile","0.15",103.061686671594
"12",2026-05-02,2,2026-05-16,"wk inc flu hosp","quantile","0.2",111.198884541234
"12",2026-05-02,2,2026-05-16,"wk inc flu hosp","quantile","0.25",116.636342807927
"12",2026-05-02,2,2026-05-16,"wk inc flu hosp","quantile","0.3",120.447709992347
"12",2026-05-02,2,2026-05-16,"wk inc flu hosp","quantile","0.35",124.047009286536
"12",2026-05-02,2,2026-05-16,"wk inc flu hosp","quantile","0.4",128.319946672494
"12",2026-05-02,2,2026-05-16,"wk inc flu hosp","quantile","0.45",131.993512289661
"12",2026-05-02,2,2026-05-16,"wk inc flu hosp","quantile","0.5",136.084572586915
"12",2026-05-02,2,2026-05-16,"wk inc flu hosp","quantile","0.55",142.58779834478
"12",2026-05-02,2,2026-05-16,"wk inc flu hosp","quantile","0.6",148.616447197715
"12",2026-05-02,2,2026-05-16,"wk inc flu hosp","quantile","0.65",156.590760714623
"12",2026-05-02,2,2026-05-16,"wk inc flu hosp","quantile","0.7",165.156198690829
"12",2026-05-02,2,2026-05-16,"wk inc flu hosp","quantile","0.75",172.665395348912
"12",2026-05-02,2,2026-05-16,"wk inc flu hosp","quantile","0.8",185.445659630542
"12",2026-05-02,2,2026-05-16,"wk inc flu hosp","quantile","0.85",195.764823777671
"12",2026-05-02,2,2026-05-16,"wk inc flu hosp","quantile","0.9",212.971829190104
"12",2026-05-02,2,2026-05-16,"wk inc flu hosp","quantile","0.95",240.198316900717
"12",2026-05-02,2,2026-05-16,"wk inc flu hosp","quantile","0.975",273.177707813377
"12",2026-05-02,2,2026-05-16,"wk inc flu hosp","quantile","0.99",328.505010411201
"12",2026-05-02,3,2026-05-23,"wk inc flu hosp","quantile","0.01",53.5711599153717
"12",2026-05-02,3,2026-05-23,"wk inc flu hosp","quantile","0.025",60.8321898948935
"12",2026-05-02,3,2026-05-23,"wk inc flu hosp","quantile","0.05",69.7097542487184
"12",2026-05-02,3,2026-05-23,"wk inc flu hosp","quantile","0.1",83.69859072458
"12",2026-05-02,3,2026-05-23,"wk inc flu hosp","quantile","0.15",92.8929061640896
"12",2026-05-02,3,2026-05-23,"wk inc flu hosp","quantile","0.2",101.069299378976
"12",2026-05-02,3,2026-05-23,"wk inc flu hosp","quantile","0.25",107.687456516945
"12",2026-05-02,3,2026-05-23,"wk inc flu hosp","quantile","0.3",112.328117148786
"12",2026-05-02,3,2026-05-23,"wk inc flu hosp","quantile","0.35",116.148688179013
"12",2026-05-02,3,2026-05-23,"wk inc flu hosp","quantile","0.4",121.077172213889
"12",2026-05-02,3,2026-05-23,"wk inc flu hosp","quantile","0.45",126.703621557541
"12",2026-05-02,3,2026-05-23,"wk inc flu hosp","quantile","0.5",132.539776948976
"12",2026-05-02,3,2026-05-23,"wk inc flu hosp","quantile","0.55",139.027154059137
"12",2026-05-02,3,2026-05-23,"wk inc flu hosp","quantile","0.6",146.422112948371
"12",2026-05-02,3,2026-05-23,"wk inc flu hosp","quantile","0.65",154.935471659138
"12",2026-05-02,3,2026-05-23,"wk inc flu hosp","quantile","0.7",164.660839577619
"12",2026-05-02,3,2026-05-23,"wk inc flu hosp","quantile","0.75",174.648786178366
"12",2026-05-02,3,2026-05-23,"wk inc flu hosp","quantile","0.8",187.064179920957
"12",2026-05-02,3,2026-05-23,"wk inc flu hosp","quantile","0.85",201.605595011802
"12",2026-05-02,3,2026-05-23,"wk inc flu hosp","quantile","0.9",218.793029011207
"12",2026-05-02,3,2026-05-23,"wk inc flu hosp","quantile","0.95",245.479575584776
"12",2026-05-02,3,2026-05-23,"wk inc flu hosp","quantile","0.975",286.489220289835
"12",2026-05-02,3,2026-05-23,"wk inc flu hosp","quantile","0.99",339.5124727299
"13",2026-05-02,0,2026-05-02,"wk inc flu hosp","quantile","0.01",4.72619845263031
"13",2026-05-02,0,2026-05-02,"wk inc flu hosp","quantile","0.025",8.14808463326013
"13",2026-05-02,0,2026-05-02,"wk inc flu hosp","quantile","0.05",10.9371709566875
"13",2026-05-02,0,2026-05-02,"wk inc flu hosp","quantile","0.1",14.3536344296629
"13",2026-05-02,0,2026-05-02,"wk inc flu hosp","quantile","0.15",16.3594235771333
"13",2026-05-02,0,2026-05-02,"wk inc flu hosp","quantile","0.2",17.8556285726467
"13",2026-05-02,0,2026-05-02,"wk inc flu hosp","quantile","0.25",19.3516877849635
"13",2026-05-02,0,2026-05-02,"wk inc flu hosp","quantile","0.3",20.9964268042424
"13",2026-05-02,0,2026-05-02,"wk inc flu hosp","quantile","0.35",22.3097078283933
"13",2026-05-02,0,2026-05-02,"wk inc flu hosp","quantile","0.4",23.298922027605
"13",2026-05-02,0,2026-05-02,"wk inc flu hosp","quantile","0.45",24.6201114203738
"13",2026-05-02,0,2026-05-02,"wk inc flu hosp","quantile","0.5",25.8040527431615
"13",2026-05-02,0,2026-05-02,"wk inc flu hosp","quantile","0.55",27.1678606128371
"13",2026-05-02,0,2026-05-02,"wk inc flu hosp","quantile","0.6",28.3664713135672
"13",2026-05-02,0,2026-05-02,"wk inc flu hosp","quantile","0.65",29.4377680046465
"13",2026-05-02,0,2026-05-02,"wk inc flu hosp","quantile","0.7",30.6619033280717
"13",2026-05-02,0,2026-05-02,"wk inc flu hosp","quantile","0.75",32.3942717532167
"13",2026-05-02,0,2026-05-02,"wk inc flu hosp","quantile","0.8",34.2190521239536
"13",2026-05-02,0,2026-05-02,"wk inc flu hosp","quantile","0.85",36.3805115231454
"13",2026-05-02,0,2026-05-02,"wk inc flu hosp","quantile","0.9",40.4430739708099
"13",2026-05-02,0,2026-05-02,"wk inc flu hosp","quantile","0.95",47.1170005309088
"13",2026-05-02,0,2026-05-02,"wk inc flu hosp","quantile","0.975",55.2985740086963
"13",2026-05-02,0,2026-05-02,"wk inc flu hosp","quantile","0.99",69.2622597968455
"13",2026-05-02,1,2026-05-09,"wk inc flu hosp","quantile","0.01",1.91106129428978
"13",2026-05-02,1,2026-05-09,"wk inc flu hosp","quantile","0.025",5.53341346459604
"13",2026-05-02,1,2026-05-09,"wk inc flu hosp","quantile","0.05",7.85990887261497
"13",2026-05-02,1,2026-05-09,"wk inc flu hosp","quantile","0.1",11.2428777550158
"13",2026-05-02,1,2026-05-09,"wk inc flu hosp","quantile","0.15",13.4791001801658
"13",2026-05-02,1,2026-05-09,"wk inc flu hosp","quantile","0.2",15.3898351471498
"13",2026-05-02,1,2026-05-09,"wk inc flu hosp","quantile","0.25",16.6812875046735
"13",2026-05-02,1,2026-05-09,"wk inc flu hosp","quantile","0.3",18.2915668277594
"13",2026-05-02,1,2026-05-09,"wk inc flu hosp","quantile","0.35",19.6516406888372
"13",2026-05-02,1,2026-05-09,"wk inc flu hosp","quantile","0.4",20.6021983879138
"13",2026-05-02,1,2026-05-09,"wk inc flu hosp","quantile","0.45",22.1295555281458
"13",2026-05-02,1,2026-05-09,"wk inc flu hosp","quantile","0.5",23.3438100189475
"13",2026-05-02,1,2026-05-09,"wk inc flu hosp","quantile","0.55",25.0654041215962
"13",2026-05-02,1,2026-05-09,"wk inc flu hosp","quantile","0.6",26.5871827379952
"13",2026-05-02,1,2026-05-09,"wk inc flu hosp","quantile","0.65",28.3095657853837
"13",2026-05-02,1,2026-05-09,"wk inc flu hosp","quantile","0.7",29.8899270195062
"13",2026-05-02,1,2026-05-09,"wk inc flu hosp","quantile","0.75",31.7807635687752
"13",2026-05-02,1,2026-05-09,"wk inc flu hosp","quantile","0.8",34.2187916743764
"13",2026-05-02,1,2026-05-09,"wk inc flu hosp","quantile","0.85",38.0634367477015
"13",2026-05-02,1,2026-05-09,"wk inc flu hosp","quantile","0.9",42.5813190664046
"13",2026-05-02,1,2026-05-09,"wk inc flu hosp","quantile","0.95",51.3115274226174
"13",2026-05-02,1,2026-05-09,"wk inc flu hosp","quantile","0.975",61.9942292176387
"13",2026-05-02,1,2026-05-09,"wk inc flu hosp","quantile","0.99",84.3770141384139
"13",2026-05-02,2,2026-05-16,"wk inc flu hosp","quantile","0.01",0.208030430768596
"13",2026-05-02,2,2026-05-16,"wk inc flu hosp","quantile","0.025",2.61287083625857
"13",2026-05-02,2,2026-05-16,"wk inc flu hosp","quantile","0.05",5.07744323150773
"13",2026-05-02,2,2026-05-16,"wk inc flu hosp","quantile","0.1",8.58998723718579
"13",2026-05-02,2,2026-05-16,"wk inc flu hosp","quantile","0.15",11.0687234008033
"13",2026-05-02,2,2026-05-16,"wk inc flu hosp","quantile","0.2",12.8592538945312
"13",2026-05-02,2,2026-05-16,"wk inc flu hosp","quantile","0.25",14.4378977377384
"13",2026-05-02,2,2026-05-16,"wk inc flu hosp","quantile","0.3",15.6444434090579
"13",2026-05-02,2,2026-05-16,"wk inc flu hosp","quantile","0.35",16.5292143576837
"13",2026-05-02,2,2026-05-16,"wk inc flu hosp","quantile","0.4",17.7517486339139
"13",2026-05-02,2,2026-05-16,"wk inc flu hosp","quantile","0.45",19.1130691581584
"13",2026-05-02,2,2026-05-16,"wk inc flu hosp","quantile","0.5",20.9990609354241
"13",2026-05-02,2,2026-05-16,"wk inc flu hosp","quantile","0.55",22.9267720532814
"13",2026-05-02,2,2026-05-16,"wk inc flu hosp","quantile","0.6",24.4186695875458
"13",2026-05-02,2,2026-05-16,"wk inc flu hosp","quantile","0.65",26.0803905712153
"13",2026-05-02,2,2026-05-16,"wk inc flu hosp","quantile","0.7",28.1917744369026
"13",2026-05-02,2,2026-05-16,"wk inc flu hosp","quantile","0.75",30.5498962439155
"13",2026-05-02,2,2026-05-16,"wk inc flu hosp","quantile","0.8",33.0124754750619
"13",2026-05-02,2,2026-05-16,"wk inc flu hosp","quantile","0.85",36.5089052894047
"13",2026-05-02,2,2026-05-16,"wk inc flu hosp","quantile","0.9",41.5584904891442
"13",2026-05-02,2,2026-05-16,"wk inc flu hosp","quantile","0.95",51.2823280992788
"13",2026-05-02,2,2026-05-16,"wk inc flu hosp","quantile","0.975",61.4133158409622
"13",2026-05-02,2,2026-05-16,"wk inc flu hosp","quantile","0.99",82.8198638188374
"13",2026-05-02,3,2026-05-23,"wk inc flu hosp","quantile","0.01",0.0386931158463026
"13",2026-05-02,3,2026-05-23,"wk inc flu hosp","quantile","0.025",1.58132847897666
"13",2026-05-02,3,2026-05-23,"wk inc flu hosp","quantile","0.05",3.79544499677971
"13",2026-05-02,3,2026-05-23,"wk inc flu hosp","quantile","0.1",6.87047669662295
"13",2026-05-02,3,2026-05-23,"wk inc flu hosp","quantile","0.15",9.02209077826086
"13",2026-05-02,3,2026-05-23,"wk inc flu hosp","quantile","0.2",10.7786799079881
"13",2026-05-02,3,2026-05-23,"wk inc flu hosp","quantile","0.25",12.5073267174516
"13",2026-05-02,3,2026-05-23,"wk inc flu hosp","quantile","0.3",14.0176437889289
"13",2026-05-02,3,2026-05-23,"wk inc flu hosp","quantile","0.35",15.0773282042354
"13",2026-05-02,3,2026-05-23,"wk inc flu hosp","quantile","0.4",16.2988744398462
"13",2026-05-02,3,2026-05-23,"wk inc flu hosp","quantile","0.45",17.968777134498
"13",2026-05-02,3,2026-05-23,"wk inc flu hosp","quantile","0.5",19.6233245625231
"13",2026-05-02,3,2026-05-23,"wk inc flu hosp","quantile","0.55",21.6676401967289
"13",2026-05-02,3,2026-05-23,"wk inc flu hosp","quantile","0.6",23.6188110995862
"13",2026-05-02,3,2026-05-23,"wk inc flu hosp","quantile","0.65",25.7827924370377
"13",2026-05-02,3,2026-05-23,"wk inc flu hosp","quantile","0.7",27.8825816073209
"13",2026-05-02,3,2026-05-23,"wk inc flu hosp","quantile","0.75",30.4779099848808
"13",2026-05-02,3,2026-05-23,"wk inc flu hosp","quantile","0.8",34.1213097781212
"13",2026-05-02,3,2026-05-23,"wk inc flu hosp","quantile","0.85",38.5702809476254
"13",2026-05-02,3,2026-05-23,"wk inc flu hosp","quantile","0.9",44.3110007126839
"13",2026-05-02,3,2026-05-23,"wk inc flu hosp","quantile","0.95",53.9368766481793
"13",2026-05-02,3,2026-05-23,"wk inc flu hosp","quantile","0.975",67.2614705894493
"13",2026-05-02,3,2026-05-23,"wk inc flu hosp","quantile","0.99",82.96383948682
"15",2026-05-02,0,2026-05-02,"wk inc flu hosp","quantile","0.01",1.50752648942944
"15",2026-05-02,0,2026-05-02,"wk inc flu hosp","quantile","0.025",2.43751500243494
"15",2026-05-02,0,2026-05-02,"wk inc flu hosp","quantile","0.05",3.2572477750161
"15",2026-05-02,0,2026-05-02,"wk inc flu hosp","quantile","0.1",4.47014741833774
"15",2026-05-02,0,2026-05-02,"wk inc flu hosp","quantile","0.15",5.20346321541742
"15",2026-05-02,0,2026-05-02,"wk inc flu hosp","quantile","0.2",5.90547466563736
"15",2026-05-02,0,2026-05-02,"wk inc flu hosp","quantile","0.25",6.83960589662191
"15",2026-05-02,0,2026-05-02,"wk inc flu hosp","quantile","0.3",7.66158632182478
"15",2026-05-02,0,2026-05-02,"wk inc flu hosp","quantile","0.35",8.55809443027275
"15",2026-05-02,0,2026-05-02,"wk inc flu hosp","quantile","0.4",9.34031079751445
"15",2026-05-02,0,2026-05-02,"wk inc flu hosp","quantile","0.45",10.1445554900952
"15",2026-05-02,0,2026-05-02,"wk inc flu hosp","quantile","0.5",11.0411529497333
"15",2026-05-02,0,2026-05-02,"wk inc flu hosp","quantile","0.55",11.8299990956235
"15",2026-05-02,0,2026-05-02,"wk inc flu hosp","quantile","0.6",12.5982665309118
"15",2026-05-02,0,2026-05-02,"wk inc flu hosp","quantile","0.65",13.3532198314902
"15",2026-05-02,0,2026-05-02,"wk inc flu hosp","quantile","0.7",14.4207658485278
"15",2026-05-02,0,2026-05-02,"wk inc flu hosp","quantile","0.75",15.4302235184033
"15",2026-05-02,0,2026-05-02,"wk inc flu hosp","quantile","0.8",16.9337384176953
"15",2026-05-02,0,2026-05-02,"wk inc flu hosp","quantile","0.85",18.7709650491891
"15",2026-05-02,0,2026-05-02,"wk inc flu hosp","quantile","0.9",21.112306697566
"15",2026-05-02,0,2026-05-02,"wk inc flu hosp","quantile","0.95",25.1059866704137
"15",2026-05-02,0,2026-05-02,"wk inc flu hosp","quantile","0.975",30.6072483763361
"15",2026-05-02,0,2026-05-02,"wk inc flu hosp","quantile","0.99",38.3810365256489
"15",2026-05-02,1,2026-05-09,"wk inc flu hosp","quantile","0.01",0.892459453101913
"15",2026-05-02,1,2026-05-09,"wk inc flu hosp","quantile","0.025",1.69165560510863
"15",2026-05-02,1,2026-05-09,"wk inc flu hosp","quantile","0.05",2.28231887835624
"15",2026-05-02,1,2026-05-09,"wk inc flu hosp","quantile","0.1",3.57009058235992
"15",2026-05-02,1,2026-05-09,"wk inc flu hosp","quantile","0.15",4.44078525962158
"15",2026-05-02,1,2026-05-09,"wk inc flu hosp","quantile","0.2",5.33869080284235
"15",2026-05-02,1,2026-05-09,"wk inc flu hosp","quantile","0.25",6.3095759503964
"15",2026-05-02,1,2026-05-09,"wk inc flu hosp","quantile","0.3",7.20093748641329
"15",2026-05-02,1,2026-05-09,"wk inc flu hosp","quantile","0.35",8.11365346695726
"15",2026-05-02,1,2026-05-09,"wk inc flu hosp","quantile","0.4",9.01025492135316
"15",2026-05-02,1,2026-05-09,"wk inc flu hosp","quantile","0.45",9.95638651846546
"15",2026-05-02,1,2026-05-09,"wk inc flu hosp","quantile","0.5",10.7912496229092
"15",2026-05-02,1,2026-05-09,"wk inc flu hosp","quantile","0.55",11.6358029457466
"15",2026-05-02,1,2026-05-09,"wk inc flu hosp","quantile","0.6",12.6427611592099
"15",2026-05-02,1,2026-05-09,"wk inc flu hosp","quantile","0.65",13.678912508994
"15",2026-05-02,1,2026-05-09,"wk inc flu hosp","quantile","0.7",15.0447418075314
"15",2026-05-02,1,2026-05-09,"wk inc flu hosp","quantile","0.75",16.3970678772066
"15",2026-05-02,1,2026-05-09,"wk inc flu hosp","quantile","0.8",18.0120021854695
"15",2026-05-02,1,2026-05-09,"wk inc flu hosp","quantile","0.85",20.1587132375967
"15",2026-05-02,1,2026-05-09,"wk inc flu hosp","quantile","0.9",23.3659486877689
"15",2026-05-02,1,2026-05-09,"wk inc flu hosp","quantile","0.95",29.2802869456181
"15",2026-05-02,1,2026-05-09,"wk inc flu hosp","quantile","0.975",37.8161505167507
"15",2026-05-02,1,2026-05-09,"wk inc flu hosp","quantile","0.99",46.9979065997485
"15",2026-05-02,2,2026-05-16,"wk inc flu hosp","quantile","0.01",0.257483464200428
"15",2026-05-02,2,2026-05-16,"wk inc flu hosp","quantile","0.025",0.8658510655488
"15",2026-05-02,2,2026-05-16,"wk inc flu hosp","quantile","0.05",1.49659540966914
"15",2026-05-02,2,2026-05-16,"wk inc flu hosp","quantile","0.1",2.83199373332133
"15",2026-05-02,2,2026-05-16,"wk inc flu hosp","quantile","0.15",3.61909872739599
"15",2026-05-02,2,2026-05-16,"wk inc flu hosp","quantile","0.2",4.56831539235798
"15",2026-05-02,2,2026-05-16,"wk inc flu hosp","quantile","0.25",5.8715272305164
"15",2026-05-02,2,2026-05-16,"wk inc flu hosp","quantile","0.3",6.71920843877987
"15",2026-05-02,2,2026-05-16,"wk inc flu hosp","quantile","0.35",7.69100637149797
"15",2026-05-02,2,2026-05-16,"wk inc flu hosp","quantile","0.4",8.81609834244863
"15",2026-05-02,2,2026-05-16,"wk inc flu hosp","quantile","0.45",9.84867187230154
"15",2026-05-02,2,2026-05-16,"wk inc flu hosp","quantile","0.5",10.8029416116327
"15",2026-05-02,2,2026-05-16,"wk inc flu hosp","quantile","0.55",11.8270396616628
"15",2026-05-02,2,2026-05-16,"wk inc flu hosp","quantile","0.6",12.8333142894079
"15",2026-05-02,2,2026-05-16,"wk inc flu hosp","quantile","0.65",13.7624096616132
"15",2026-05-02,2,2026-05-16,"wk inc flu hosp","quantile","0.7",15.2957700153682
"15",2026-05-02,2,2026-05-16,"wk inc flu hosp","quantile","0.75",16.7050903034227
"15",2026-05-02,2,2026-05-16,"wk inc flu hosp","quantile","0.8",18.8702187851923
"15",2026-05-02,2,2026-05-16,"wk inc flu hosp","quantile","0.85",21.807544421974
"15",2026-05-02,2,2026-05-16,"wk inc flu hosp","quantile","0.9",25.1333004432034
"15",2026-05-02,2,2026-05-16,"wk inc flu hosp","quantile","0.95",32.100133324635
"15",2026-05-02,2,2026-05-16,"wk inc flu hosp","quantile","0.975",39.2325623838814
"15",2026-05-02,2,2026-05-16,"wk inc flu hosp","quantile","0.99",50.139349578376
"15",2026-05-02,3,2026-05-23,"wk inc flu hosp","quantile","0.01",0.0186932438100955
"15",2026-05-02,3,2026-05-23,"wk inc flu hosp","quantile","0.025",0.578788817117791
"15",2026-05-02,3,2026-05-23,"wk inc flu hosp","quantile","0.05",1.07583318368459
"15",2026-05-02,3,2026-05-23,"wk inc flu hosp","quantile","0.1",2.19300494877466
"15",2026-05-02,3,2026-05-23,"wk inc flu hosp","quantile","0.15",3.05260470024898
"15",2026-05-02,3,2026-05-23,"wk inc flu hosp","quantile","0.2",3.99373193627698
"15",2026-05-02,3,2026-05-23,"wk inc flu hosp","quantile","0.25",4.9192364374933
"15",2026-05-02,3,2026-05-23,"wk inc flu hosp","quantile","0.3",5.70487063564718
"15",2026-05-02,3,2026-05-23,"wk inc flu hosp","quantile","0.35",6.91724775975365
"15",2026-05-02,3,2026-05-23,"wk inc flu hosp","quantile","0.4",7.9965753939804
"15",2026-05-02,3,2026-05-23,"wk inc flu hosp","quantile","0.45",9.08862808262232
"15",2026-05-02,3,2026-05-23,"wk inc flu hosp","quantile","0.5",9.82845291990156
"15",2026-05-02,3,2026-05-23,"wk inc flu hosp","quantile","0.55",10.8830342158451
"15",2026-05-02,3,2026-05-23,"wk inc flu hosp","quantile","0.6",12.0257146741804
"15",2026-05-02,3,2026-05-23,"wk inc flu hosp","quantile","0.65",13.1968199761594
"15",2026-05-02,3,2026-05-23,"wk inc flu hosp","quantile","0.7",14.7920702933647
"15",2026-05-02,3,2026-05-23,"wk inc flu hosp","quantile","0.75",16.3048745452213
"15",2026-05-02,3,2026-05-23,"wk inc flu hosp","quantile","0.8",19.1610799766357
"15",2026-05-02,3,2026-05-23,"wk inc flu hosp","quantile","0.85",21.5576974115144
"15",2026-05-02,3,2026-05-23,"wk inc flu hosp","quantile","0.9",25.8168978725969
"15",2026-05-02,3,2026-05-23,"wk inc flu hosp","quantile","0.95",34.5428769273595
"15",2026-05-02,3,2026-05-23,"wk inc flu hosp","quantile","0.975",43.0623819285343
"15",2026-05-02,3,2026-05-23,"wk inc flu hosp","quantile","0.99",56.0038761480358
"16",2026-05-02,0,2026-05-02,"wk inc flu hosp","quantile","0.01",0.0407288073020794
"16",2026-05-02,0,2026-05-02,"wk inc flu hosp","quantile","0.025",0.939001971617864
"16",2026-05-02,0,2026-05-02,"wk inc flu hosp","quantile","0.05",1.4295265826687
"16",2026-05-02,0,2026-05-02,"wk inc flu hosp","quantile","0.1",2.09317692029204
"16",2026-05-02,0,2026-05-02,"wk inc flu hosp","quantile","0.15",2.64075933452323
"16",2026-05-02,0,2026-05-02,"wk inc flu hosp","quantile","0.2",3.08723685162096
"16",2026-05-02,0,2026-05-02,"wk inc flu hosp","quantile","0.25",3.54594198347195
"16",2026-05-02,0,2026-05-02,"wk inc flu hosp","quantile","0.3",4.04602771229208
"16",2026-05-02,0,2026-05-02,"wk inc flu hosp","quantile","0.35",4.4295904187448
"16",2026-05-02,0,2026-05-02,"wk inc flu hosp","quantile","0.4",4.82270215805477
"16",2026-05-02,0,2026-05-02,"wk inc flu hosp","quantile","0.45",5.17868991241474
"16",2026-05-02,0,2026-05-02,"wk inc flu hosp","quantile","0.5",5.47713289605801
"16",2026-05-02,0,2026-05-02,"wk inc flu hosp","quantile","0.55",5.75245576457908
"16",2026-05-02,0,2026-05-02,"wk inc flu hosp","quantile","0.6",6.16740653367885
"16",2026-05-02,0,2026-05-02,"wk inc flu hosp","quantile","0.65",6.58819994558789
"16",2026-05-02,0,2026-05-02,"wk inc flu hosp","quantile","0.7",6.94452110439874
"16",2026-05-02,0,2026-05-02,"wk inc flu hosp","quantile","0.75",7.3821132608873
"16",2026-05-02,0,2026-05-02,"wk inc flu hosp","quantile","0.8",8.03585705180951
"16",2026-05-02,0,2026-05-02,"wk inc flu hosp","quantile","0.85",8.87727896128645
"16",2026-05-02,0,2026-05-02,"wk inc flu hosp","quantile","0.9",10.0383468984603
"16",2026-05-02,0,2026-05-02,"wk inc flu hosp","quantile","0.95",11.9878453411682
"16",2026-05-02,0,2026-05-02,"wk inc flu hosp","quantile","0.975",14.3444137465892
"16",2026-05-02,0,2026-05-02,"wk inc flu hosp","quantile","0.99",19.9856797920138
"16",2026-05-02,1,2026-05-09,"wk inc flu hosp","quantile","0.01",0
"16",2026-05-02,1,2026-05-09,"wk inc flu hosp","quantile","0.025",0.192031174967458
"16",2026-05-02,1,2026-05-09,"wk inc flu hosp","quantile","0.05",0.629633769736067
"16",2026-05-02,1,2026-05-09,"wk inc flu hosp","quantile","0.1",1.26324690969752
"16",2026-05-02,1,2026-05-09,"wk inc flu hosp","quantile","0.15",1.71948752007911
"16",2026-05-02,1,2026-05-09,"wk inc flu hosp","quantile","0.2",2.18313315996032
"16",2026-05-02,1,2026-05-09,"wk inc flu hosp","quantile","0.25",2.643699534658
"16",2026-05-02,1,2026-05-09,"wk inc flu hosp","quantile","0.3",3.19771047893199
"16",2026-05-02,1,2026-05-09,"wk inc flu hosp","quantile","0.35",3.55848064936825
"16",2026-05-02,1,2026-05-09,"wk inc flu hosp","quantile","0.4",3.9915369017908
"16",2026-05-02,1,2026-05-09,"wk inc flu hosp","quantile","0.45",4.35139850552307
"16",2026-05-02,1,2026-05-09,"wk inc flu hosp","quantile","0.5",4.68957113654853
"16",2026-05-02,1,2026-05-09,"wk inc flu hosp","quantile","0.55",4.99720085033433
"16",2026-05-02,1,2026-05-09,"wk inc flu hosp","quantile","0.6",5.33903639341295
"16",2026-05-02,1,2026-05-09,"wk inc flu hosp","quantile","0.65",5.78825170457725
"16",2026-05-02,1,2026-05-09,"wk inc flu hosp","quantile","0.7",6.30197583591695
"16",2026-05-02,1,2026-05-09,"wk inc flu hosp","quantile","0.75",6.82492524426417
"16",2026-05-02,1,2026-05-09,"wk inc flu hosp","quantile","0.8",7.59442519319815
"16",2026-05-02,1,2026-05-09,"wk inc flu hosp","quantile","0.85",8.5145183618319
"16",2026-05-02,1,2026-05-09,"wk inc flu hosp","quantile","0.9",10.2583336555369
"16",2026-05-02,1,2026-05-09,"wk inc flu hosp","quantile","0.95",12.7043121602142
"16",2026-05-02,1,2026-05-09,"wk inc flu hosp","quantile","0.975",15.2149751107639
"16",2026-05-02,1,2026-05-09,"wk inc flu hosp","quantile","0.99",24.9142893779476
"16",2026-05-02,2,2026-05-16,"wk inc flu hosp","quantile","0.01",0
"16",2026-05-02,2,2026-05-16,"wk inc flu hosp","quantile","0.025",0
"16",2026-05-02,2,2026-05-16,"wk inc flu hosp","quantile","0.05",0.19855108076497
"16",2026-05-02,2,2026-05-16,"wk inc flu hosp","quantile","0.1",0.832101589221294
"16",2026-05-02,2,2026-05-16,"wk inc flu hosp","quantile","0.15",1.25921695342084
"16",2026-05-02,2,2026-05-16,"wk inc flu hosp","quantile","0.2",1.67668481026123
"16",2026-05-02,2,2026-05-16,"wk inc flu hosp","quantile","0.25",2.07932643122359
"16",2026-05-02,2,2026-05-16,"wk inc flu hosp","quantile","0.3",2.62288119238072
"16",2026-05-02,2,2026-05-16,"wk inc flu hosp","quantile","0.35",3.1109839931845
"16",2026-05-02,2,2026-05-16,"wk inc flu hosp","quantile","0.4",3.44819497488585
"16",2026-05-02,2,2026-05-16,"wk inc flu hosp","quantile","0.45",3.83156423360215
"16",2026-05-02,2,2026-05-16,"wk inc flu hosp","quantile","0.5",4.23606832450004
"16",2026-05-02,2,2026-05-16,"wk inc flu hosp","quantile","0.55",4.66853262381762
"16",2026-05-02,2,2026-05-16,"wk inc flu hosp","quantile","0.6",5.1292990846397
"16",2026-05-02,2,2026-05-16,"wk inc flu hosp","quantile","0.65",5.66926452178354
"16",2026-05-02,2,2026-05-16,"wk inc flu hosp","quantile","0.7",6.11188294105217
"16",2026-05-02,2,2026-05-16,"wk inc flu hosp","quantile","0.75",6.6455404163811
"16",2026-05-02,2,2026-05-16,"wk inc flu hosp","quantile","0.8",7.42150343969085
"16",2026-05-02,2,2026-05-16,"wk inc flu hosp","quantile","0.85",8.48658338787787
"16",2026-05-02,2,2026-05-16,"wk inc flu hosp","quantile","0.9",10.241058968331
"16",2026-05-02,2,2026-05-16,"wk inc flu hosp","quantile","0.95",13.4161263383907
"16",2026-05-02,2,2026-05-16,"wk inc flu hosp","quantile","0.975",17.0211695887531
"16",2026-05-02,2,2026-05-16,"wk inc flu hosp","quantile","0.99",24.7544947957628
"16",2026-05-02,3,2026-05-23,"wk inc flu hosp","quantile","0.01",0
"16",2026-05-02,3,2026-05-23,"wk inc flu hosp","quantile","0.025",0
"16",2026-05-02,3,2026-05-23,"wk inc flu hosp","quantile","0.05",0
"16",2026-05-02,3,2026-05-23,"wk inc flu hosp","quantile","0.1",0.460938168568682
"16",2026-05-02,3,2026-05-23,"wk inc flu hosp","quantile","0.15",0.73023906098086
"16",2026-05-02,3,2026-05-23,"wk inc flu hosp","quantile","0.2",1.17235642932574
"16",2026-05-02,3,2026-05-23,"wk inc flu hosp","quantile","0.25",1.5641726563846
"16",2026-05-02,3,2026-05-23,"wk inc flu hosp","quantile","0.3",2.19377764908522
"16",2026-05-02,3,2026-05-23,"wk inc flu hosp","quantile","0.35",2.61376610001371
"16",2026-05-02,3,2026-05-23,"wk inc flu hosp","quantile","0.4",3.01699351847061
"16",2026-05-02,3,2026-05-23,"wk inc flu hosp","quantile","0.45",3.41270095988159
"16",2026-05-02,3,2026-05-23,"wk inc flu hosp","quantile","0.5",3.857821672378
"16",2026-05-02,3,2026-05-23,"wk inc flu hosp","quantile","0.55",4.2173649718124
"16",2026-05-02,3,2026-05-23,"wk inc flu hosp","quantile","0.6",4.82430160612704
"16",2026-05-02,3,2026-05-23,"wk inc flu hosp","quantile","0.65",5.33822594959058
"16",2026-05-02,3,2026-05-23,"wk inc flu hosp","quantile","0.7",5.93044741629719
"16",2026-05-02,3,2026-05-23,"wk inc flu hosp","quantile","0.75",6.66895883032013
"16",2026-05-02,3,2026-05-23,"wk inc flu hosp","quantile","0.8",7.54254745836715
"16",2026-05-02,3,2026-05-23,"wk inc flu hosp","quantile","0.85",9.1976185833665
"16",2026-05-02,3,2026-05-23,"wk inc flu hosp","quantile","0.9",11.1090838040925
"16",2026-05-02,3,2026-05-23,"wk inc flu hosp","quantile","0.95",15.0071220316071
"16",2026-05-02,3,2026-05-23,"wk inc flu hosp","quantile","0.975",19.2785170288119
"16",2026-05-02,3,2026-05-23,"wk inc flu hosp","quantile","0.99",27.228811329317
"17",2026-05-02,0,2026-05-02,"wk inc flu hosp","quantile","0.01",19.0283015459615
"17",2026-05-02,0,2026-05-02,"wk inc flu hosp","quantile","0.025",23.312814259276
"17",2026-05-02,0,2026-05-02,"wk inc flu hosp","quantile","0.05",27.9765957397145
"17",2026-05-02,0,2026-05-02,"wk inc flu hosp","quantile","0.1",32.5588392207615
"17",2026-05-02,0,2026-05-02,"wk inc flu hosp","quantile","0.15",34.9906101174905
"17",2026-05-02,0,2026-05-02,"wk inc flu hosp","quantile","0.2",37.5388888854653
"17",2026-05-02,0,2026-05-02,"wk inc flu hosp","quantile","0.25",39.4803348516071
"17",2026-05-02,0,2026-05-02,"wk inc flu hosp","quantile","0.3",41.1418656713428
"17",2026-05-02,0,2026-05-02,"wk inc flu hosp","quantile","0.35",43.5583523231654
"17",2026-05-02,0,2026-05-02,"wk inc flu hosp","quantile","0.4",46.6775355618585
"17",2026-05-02,0,2026-05-02,"wk inc flu hosp","quantile","0.45",49.6391507387471
"17",2026-05-02,0,2026-05-02,"wk inc flu hosp","quantile","0.5",53.293243681612
"17",2026-05-02,0,2026-05-02,"wk inc flu hosp","quantile","0.55",56.1543168354838
"17",2026-05-02,0,2026-05-02,"wk inc flu hosp","quantile","0.6",59.7272895677414
"17",2026-05-02,0,2026-05-02,"wk inc flu hosp","quantile","0.65",63.85147513894
"17",2026-05-02,0,2026-05-02,"wk inc flu hosp","quantile","0.7",68.3606074581347
"17",2026-05-02,0,2026-05-02,"wk inc flu hosp","quantile","0.75",72.8311531869446
"17",2026-05-02,0,2026-05-02,"wk inc flu hosp","quantile","0.8",76.8639707460038
"17",2026-05-02,0,2026-05-02,"wk inc flu hosp","quantile","0.85",80.9938711625494
"17",2026-05-02,0,2026-05-02,"wk inc flu hosp","quantile","0.9",89.7745245442419
"17",2026-05-02,0,2026-05-02,"wk inc flu hosp","quantile","0.95",104.402603739193
"17",2026-05-02,0,2026-05-02,"wk inc flu hosp","quantile","0.975",118.130802815009
"17",2026-05-02,0,2026-05-02,"wk inc flu hosp","quantile","0.99",148.852541073199
"17",2026-05-02,1,2026-05-09,"wk inc flu hosp","quantile","0.01",14.4390045201382
"17",2026-05-02,1,2026-05-09,"wk inc flu hosp","quantile","0.025",16.9480873239093
"17",2026-05-02,1,2026-05-09,"wk inc flu hosp","quantile","0.05",20.4817920113447
"17",2026-05-02,1,2026-05-09,"wk inc flu hosp","quantile","0.1",24.3513854237256
"17",2026-05-02,1,2026-05-09,"wk inc flu hosp","quantile","0.15",28.2648673063121
"17",2026-05-02,1,2026-05-09,"wk inc flu hosp","quantile","0.2",30.066082479896
"17",2026-05-02,1,2026-05-09,"wk inc flu hosp","quantile","0.25",31.9737739875188
"17",2026-05-02,1,2026-05-09,"wk inc flu hosp","quantile","0.3",34.9073590432597
"17",2026-05-02,1,2026-05-09,"wk inc flu hosp","quantile","0.35",37.0272482614365
"17",2026-05-02,1,2026-05-09,"wk inc flu hosp","quantile","0.4",39.8403080901713
"17",2026-05-02,1,2026-05-09,"wk inc flu hosp","quantile","0.45",42.7031778447411
"17",2026-05-02,1,2026-05-09,"wk inc flu hosp","quantile","0.5",46.3177572540169
"17",2026-05-02,1,2026-05-09,"wk inc flu hosp","quantile","0.55",49.9464945661622
"17",2026-05-02,1,2026-05-09,"wk inc flu hosp","quantile","0.6",54.1325897022121
"17",2026-05-02,1,2026-05-09,"wk inc flu hosp","quantile","0.65",58.502366408287
"17",2026-05-02,1,2026-05-09,"wk inc flu hosp","quantile","0.7",63.3902246332531
"17",2026-05-02,1,2026-05-09,"wk inc flu hosp","quantile","0.75",68.184865174437
"17",2026-05-02,1,2026-05-09,"wk inc flu hosp","quantile","0.8",73.3287052827076
"17",2026-05-02,1,2026-05-09,"wk inc flu hosp","quantile","0.85",78.3793166554268
"17",2026-05-02,1,2026-05-09,"wk inc flu hosp","quantile","0.9",87.4061748666828
"17",2026-05-02,1,2026-05-09,"wk inc flu hosp","quantile","0.95",104.977997997175
"17",2026-05-02,1,2026-05-09,"wk inc flu hosp","quantile","0.975",118.774100164034
"17",2026-05-02,1,2026-05-09,"wk inc flu hosp","quantile","0.99",151.787453048397
"17",2026-05-02,2,2026-05-16,"wk inc flu hosp","quantile","0.01",8.2901491438033
"17",2026-05-02,2,2026-05-16,"wk inc flu hosp","quantile","0.025",10.8606315167464
"17",2026-05-02,2,2026-05-16,"wk inc flu hosp","quantile","0.05",13.8610409862185
"17",2026-05-02,2,2026-05-16,"wk inc flu hosp","quantile","0.1",18.7819876312179
"17",2026-05-02,2,2026-05-16,"wk inc flu hosp","quantile","0.15",22.094799024282
"17",2026-05-02,2,2026-05-16,"wk inc flu hosp","quantile","0.2",24.2731659389669
"17",2026-05-02,2,2026-05-16,"wk inc flu hosp","quantile","0.25",26.7653088236732
"17",2026-05-02,2,2026-05-16,"wk inc flu hosp","quantile","0.3",27.9679193674283
"17",2026-05-02,2,2026-05-16,"wk inc flu hosp","quantile","0.35",30.6936099958982
"17",2026-05-02,2,2026-05-16,"wk inc flu hosp","quantile","0.4",33.4892621952142
"17",2026-05-02,2,2026-05-16,"wk inc flu hosp","quantile","0.45",36.9860387482281
"17",2026-05-02,2,2026-05-16,"wk inc flu hosp","quantile","0.5",40.1258510126118
"17",2026-05-02,2,2026-05-16,"wk inc flu hosp","quantile","0.55",43.2269913014524
"17",2026-05-02,2,2026-05-16,"wk inc flu hosp","quantile","0.6",47.7899616194407
"17",2026-05-02,2,2026-05-16,"wk inc flu hosp","quantile","0.65",52.0263594738972
"17",2026-05-02,2,2026-05-16,"wk inc flu hosp","quantile","0.7",57.7124276873228
"17",2026-05-02,2,2026-05-16,"wk inc flu hosp","quantile","0.75",63.2313200608978
"17",2026-05-02,2,2026-05-16,"wk inc flu hosp","quantile","0.8",68.9707180237166
"17",2026-05-02,2,2026-05-16,"wk inc flu hosp","quantile","0.85",75.2319884780888
"17",2026-05-02,2,2026-05-16,"wk inc flu hosp","quantile","0.9",86.1671954404904
"17",2026-05-02,2,2026-05-16,"wk inc flu hosp","quantile","0.95",110.045510628943
"17",2026-05-02,2,2026-05-16,"wk inc flu hosp","quantile","0.975",127.146241020051
"17",2026-05-02,2,2026-05-16,"wk inc flu hosp","quantile","0.99",163.249537589739
"17",2026-05-02,3,2026-05-23,"wk inc flu hosp","quantile","0.01",6.23020531621535
"17",2026-05-02,3,2026-05-23,"wk inc flu hosp","quantile","0.025",7.8681554606119
"17",2026-05-02,3,2026-05-23,"wk inc flu hosp","quantile","0.05",9.88004700955438
"17",2026-05-02,3,2026-05-23,"wk inc flu hosp","quantile","0.1",13.6800278114087
"17",2026-05-02,3,2026-05-23,"wk inc flu hosp","quantile","0.15",17.485159426606
"17",2026-05-02,3,2026-05-23,"wk inc flu hosp","quantile","0.2",19.0662036105194
"17",2026-05-02,3,2026-05-23,"wk inc flu hosp","quantile","0.25",21.8895556987143
"17",2026-05-02,3,2026-05-23,"wk inc flu hosp","quantile","0.3",24.2667828615533
"17",2026-05-02,3,2026-05-23,"wk inc flu hosp","quantile","0.35",27.0488087763759
"17",2026-05-02,3,2026-05-23,"wk inc flu hosp","quantile","0.4",30.4514236908229
"17",2026-05-02,3,2026-05-23,"wk inc flu hosp","quantile","0.45",33.7568842045311
"17",2026-05-02,3,2026-05-23,"wk inc flu hosp","quantile","0.5",36.7844525611328
"17",2026-05-02,3,2026-05-23,"wk inc flu hosp","quantile","0.55",40.3562003194731
"17",2026-05-02,3,2026-05-23,"wk inc flu hosp","quantile","0.6",45.0325747109855
"17",2026-05-02,3,2026-05-23,"wk inc flu hosp","quantile","0.65",49.2333819495567
"17",2026-05-02,3,2026-05-23,"wk inc flu hosp","quantile","0.7",55.0700050407388
"17",2026-05-02,3,2026-05-23,"wk inc flu hosp","quantile","0.75",60.70078606758
"17",2026-05-02,3,2026-05-23,"wk inc flu hosp","quantile","0.8",66.3546947436052
"17",2026-05-02,3,2026-05-23,"wk inc flu hosp","quantile","0.85",74.7370971655284
"17",2026-05-02,3,2026-05-23,"wk inc flu hosp","quantile","0.9",87.2037409572705
"17",2026-05-02,3,2026-05-23,"wk inc flu hosp","quantile","0.95",110.523169531655
"17",2026-05-02,3,2026-05-23,"wk inc flu hosp","quantile","0.975",128.686891041225
"17",2026-05-02,3,2026-05-23,"wk inc flu hosp","quantile","0.99",165.283963706249
"18",2026-05-02,0,2026-05-02,"wk inc flu hosp","quantile","0.01",2.1687438402603
"18",2026-05-02,0,2026-05-02,"wk inc flu hosp","quantile","0.025",3.78222537448435
"18",2026-05-02,0,2026-05-02,"wk inc flu hosp","quantile","0.05",5.53614710424892
"18",2026-05-02,0,2026-05-02,"wk inc flu hosp","quantile","0.1",8.52453328231029
"18",2026-05-02,0,2026-05-02,"wk inc flu hosp","quantile","0.15",9.6868311991482
"18",2026-05-02,0,2026-05-02,"wk inc flu hosp","quantile","0.2",11.240857129842
"18",2026-05-02,0,2026-05-02,"wk inc flu hosp","quantile","0.25",12.387940924735
"18",2026-05-02,0,2026-05-02,"wk inc flu hosp","quantile","0.3",13.6169384912873
"18",2026-05-02,0,2026-05-02,"wk inc flu hosp","quantile","0.35",15.0694062015511
"18",2026-05-02,0,2026-05-02,"wk inc flu hosp","quantile","0.4",16.216275767374
"18",2026-05-02,0,2026-05-02,"wk inc flu hosp","quantile","0.45",16.7564846330076
"18",2026-05-02,0,2026-05-02,"wk inc flu hosp","quantile","0.5",17.6540960982244
"18",2026-05-02,0,2026-05-02,"wk inc flu hosp","quantile","0.55",18.6449847505514
"18",2026-05-02,0,2026-05-02,"wk inc flu hosp","quantile","0.6",19.4077644690319
"18",2026-05-02,0,2026-05-02,"wk inc flu hosp","quantile","0.65",20.3429564046673
"18",2026-05-02,0,2026-05-02,"wk inc flu hosp","quantile","0.7",21.3764353561473
"18",2026-05-02,0,2026-05-02,"wk inc flu hosp","quantile","0.75",22.706215219854
"18",2026-05-02,0,2026-05-02,"wk inc flu hosp","quantile","0.8",24.0777519590984
"18",2026-05-02,0,2026-05-02,"wk inc flu hosp","quantile","0.85",25.8530184083271
"18",2026-05-02,0,2026-05-02,"wk inc flu hosp","quantile","0.9",28.349141982476
"18",2026-05-02,0,2026-05-02,"wk inc flu hosp","quantile","0.95",32.6215628964455
"18",2026-05-02,0,2026-05-02,"wk inc flu hosp","quantile","0.975",37.6136451693823
"18",2026-05-02,0,2026-05-02,"wk inc flu hosp","quantile","0.99",47.0888549101524
"18",2026-05-02,1,2026-05-09,"wk inc flu hosp","quantile","0.01",0.525415634488817
"18",2026-05-02,1,2026-05-09,"wk inc flu hosp","quantile","0.025",1.52997241144064
"18",2026-05-02,1,2026-05-09,"wk inc flu hosp","quantile","0.05",3.14580607628678
"18",2026-05-02,1,2026-05-09,"wk inc flu hosp","quantile","0.1",6.15382333869583
"18",2026-05-02,1,2026-05-09,"wk inc flu hosp","quantile","0.15",7.64734527012857
"18",2026-05-02,1,2026-05-09,"wk inc flu hosp","quantile","0.2",9.58430468886013
"18",2026-05-02,1,2026-05-09,"wk inc flu hosp","quantile","0.25",10.7005218796413
"18",2026-05-02,1,2026-05-09,"wk inc flu hosp","quantile","0.3",12.2528889495436
"18",2026-05-02,1,2026-05-09,"wk inc flu hosp","quantile","0.35",13.5223620659198
"18",2026-05-02,1,2026-05-09,"wk inc flu hosp","quantile","0.4",14.6851607953917
"18",2026-05-02,1,2026-05-09,"wk inc flu hosp","quantile","0.45",15.7504910666078
"18",2026-05-02,1,2026-05-09,"wk inc flu hosp","quantile","0.5",16.6484005758859
"18",2026-05-02,1,2026-05-09,"wk inc flu hosp","quantile","0.55",17.9013279547724
"18",2026-05-02,1,2026-05-09,"wk inc flu hosp","quantile","0.6",18.968101404429
"18",2026-05-02,1,2026-05-09,"wk inc flu hosp","quantile","0.65",19.9046128497958
"18",2026-05-02,1,2026-05-09,"wk inc flu hosp","quantile","0.7",20.9448075250443
"18",2026-05-02,1,2026-05-09,"wk inc flu hosp","quantile","0.75",22.2637845499559
"18",2026-05-02,1,2026-05-09,"wk inc flu hosp","quantile","0.8",24.1298344321447
"18",2026-05-02,1,2026-05-09,"wk inc flu hosp","quantile","0.85",25.9854833659793
"18",2026-05-02,1,2026-05-09,"wk inc flu hosp","quantile","0.9",28.9205310495132
"18",2026-05-02,1,2026-05-09,"wk inc flu hosp","quantile","0.95",34.7901044635156
"18",2026-05-02,1,2026-05-09,"wk inc flu hosp","quantile","0.975",41.63768623196
"18",2026-05-02,1,2026-05-09,"wk inc flu hosp","quantile","0.99",55.4651745303042
"18",2026-05-02,2,2026-05-16,"wk inc flu hosp","quantile","0.01",0
"18",2026-05-02,2,2026-05-16,"wk inc flu hosp","quantile","0.025",0.599018129932692
"18",2026-05-02,2,2026-05-16,"wk inc flu hosp","quantile","0.05",1.90414553207911
"18",2026-05-02,2,2026-05-16,"wk inc flu hosp","quantile","0.1",4.82677084670764
"18",2026-05-02,2,2026-05-16,"wk inc flu hosp","quantile","0.15",6.73824270025527
"18",2026-05-02,2,2026-05-16,"wk inc flu hosp","quantile","0.2",8.49036783163249
"18",2026-05-02,2,2026-05-16,"wk inc flu hosp","quantile","0.25",9.50901522210372
"18",2026-05-02,2,2026-05-16,"wk inc flu hosp","quantile","0.3",11.058814734569
"18",2026-05-02,2,2026-05-16,"wk inc flu hosp","quantile","0.35",12.265288154817
"18",2026-05-02,2,2026-05-16,"wk inc flu hosp","quantile","0.4",13.2746978616346
"18",2026-05-02,2,2026-05-16,"wk inc flu hosp","quantile","0.45",14.4849064991582
"18",2026-05-02,2,2026-05-16,"wk inc flu hosp","quantile","0.5",15.4052617732346
"18",2026-05-02,2,2026-05-16,"wk inc flu hosp","quantile","0.55",16.8063553018354
"18",2026-05-02,2,2026-05-16,"wk inc flu hosp","quantile","0.6",17.6840547896939
"18",2026-05-02,2,2026-05-16,"wk inc flu hosp","quantile","0.65",18.7965758640663
"18",2026-05-02,2,2026-05-16,"wk inc flu hosp","quantile","0.7",20.0961428643243
"18",2026-05-02,2,2026-05-16,"wk inc flu hosp","quantile","0.75",21.3388770621661
"18",2026-05-02,2,2026-05-16,"wk inc flu hosp","quantile","0.8",23.3330409831496
"18",2026-05-02,2,2026-05-16,"wk inc flu hosp","quantile","0.85",25.2913648003123
"18",2026-05-02,2,2026-05-16,"wk inc flu hosp","quantile","0.9",28.7363362070713
"18",2026-05-02,2,2026-05-16,"wk inc flu hosp","quantile","0.95",35.6795937300851
"18",2026-05-02,2,2026-05-16,"wk inc flu hosp","quantile","0.975",43.7541570556173
"18",2026-05-02,2,2026-05-16,"wk inc flu hosp","quantile","0.99",57.5103251276085
"18",2026-05-02,3,2026-05-23,"wk inc flu hosp","quantile","0.01",0
"18",2026-05-02,3,2026-05-23,"wk inc flu hosp","quantile","0.025",0.0399017877899939
"18",2026-05-02,3,2026-05-23,"wk inc flu hosp","quantile","0.05",0.878572026859822
"18",2026-05-02,3,2026-05-23,"wk inc flu hosp","quantile","0.1",3.88344172836935
"18",2026-05-02,3,2026-05-23,"wk inc flu hosp","quantile","0.15",5.61315374809513
"18",2026-05-02,3,2026-05-23,"wk inc flu hosp","quantile","0.2",7.45800348894412
"18",2026-05-02,3,2026-05-23,"wk inc flu hosp","quantile","0.25",8.44552305748192
"18",2026-05-02,3,2026-05-23,"wk inc flu hosp","quantile","0.3",10.0706459562521
"18",2026-05-02,3,2026-05-23,"wk inc flu hosp","quantile","0.35",11.3508676608719
"18",2026-05-02,3,2026-05-23,"wk inc flu hosp","quantile","0.4",12.6796837349692
"18",2026-05-02,3,2026-05-23,"wk inc flu hosp","quantile","0.45",13.7825729573245
"18",2026-05-02,3,2026-05-23,"wk inc flu hosp","quantile","0.5",14.6642504468444
"18",2026-05-02,3,2026-05-23,"wk inc flu hosp","quantile","0.55",16.3583798368
"18",2026-05-02,3,2026-05-23,"wk inc flu hosp","quantile","0.6",17.4304251105844
"18",2026-05-02,3,2026-05-23,"wk inc flu hosp","quantile","0.65",18.9251271632147
"18",2026-05-02,3,2026-05-23,"wk inc flu hosp","quantile","0.7",20.2746582317155
"18",2026-05-02,3,2026-05-23,"wk inc flu hosp","quantile","0.75",21.984303430609
"18",2026-05-02,3,2026-05-23,"wk inc flu hosp","quantile","0.8",23.9994259272256
"18",2026-05-02,3,2026-05-23,"wk inc flu hosp","quantile","0.85",26.33875062844
"18",2026-05-02,3,2026-05-23,"wk inc flu hosp","quantile","0.9",30.9280672145499
"18",2026-05-02,3,2026-05-23,"wk inc flu hosp","quantile","0.95",39.644629702857
"18",2026-05-02,3,2026-05-23,"wk inc flu hosp","quantile","0.975",49.7533309164677
"18",2026-05-02,3,2026-05-23,"wk inc flu hosp","quantile","0.99",67.5942982599421
"19",2026-05-02,0,2026-05-02,"wk inc flu hosp","quantile","0.01",1.56595084850679
"19",2026-05-02,0,2026-05-02,"wk inc flu hosp","quantile","0.025",2.30282404415457
"19",2026-05-02,0,2026-05-02,"wk inc flu hosp","quantile","0.05",3.59467554825465
"19",2026-05-02,0,2026-05-02,"wk inc flu hosp","quantile","0.1",5.13634882907807
"19",2026-05-02,0,2026-05-02,"wk inc flu hosp","quantile","0.15",6.11850049695759
"19",2026-05-02,0,2026-05-02,"wk inc flu hosp","quantile","0.2",7.09185195955793
"19",2026-05-02,0,2026-05-02,"wk inc flu hosp","quantile","0.25",7.86481150778971
"19",2026-05-02,0,2026-05-02,"wk inc flu hosp","quantile","0.3",8.76518235075804
"19",2026-05-02,0,2026-05-02,"wk inc flu hosp","quantile","0.35",10.0087035496989
"19",2026-05-02,0,2026-05-02,"wk inc flu hosp","quantile","0.4",10.9309725578581
"19",2026-05-02,0,2026-05-02,"wk inc flu hosp","quantile","0.45",11.8518914836895
"19",2026-05-02,0,2026-05-02,"wk inc flu hosp","quantile","0.5",12.8072181956784
"19",2026-05-02,0,2026-05-02,"wk inc flu hosp","quantile","0.55",13.5403147057308
"19",2026-05-02,0,2026-05-02,"wk inc flu hosp","quantile","0.6",14.2102612612311
"19",2026-05-02,0,2026-05-02,"wk inc flu hosp","quantile","0.65",14.9803337385236
"19",2026-05-02,0,2026-05-02,"wk inc flu hosp","quantile","0.7",15.8864818123889
"19",2026-05-02,0,2026-05-02,"wk inc flu hosp","quantile","0.75",16.9760315918869
"19",2026-05-02,0,2026-05-02,"wk inc flu hosp","quantile","0.8",18.274270381396
"19",2026-05-02,0,2026-05-02,"wk inc flu hosp","quantile","0.85",20.0269743015858
"19",2026-05-02,0,2026-05-02,"wk inc flu hosp","quantile","0.9",22.4064372854971
"19",2026-05-02,0,2026-05-02,"wk inc flu hosp","quantile","0.95",26.9751094311313
"19",2026-05-02,0,2026-05-02,"wk inc flu hosp","quantile","0.975",30.9287989666112
"19",2026-05-02,0,2026-05-02,"wk inc flu hosp","quantile","0.99",41.0261942393831
"19",2026-05-02,1,2026-05-09,"wk inc flu hosp","quantile","0.01",0.626581670284469
"19",2026-05-02,1,2026-05-09,"wk inc flu hosp","quantile","0.025",0.946645368944989
"19",2026-05-02,1,2026-05-09,"wk inc flu hosp","quantile","0.05",1.7343822466363
"19",2026-05-02,1,2026-05-09,"wk inc flu hosp","quantile","0.1",3.29595130057095
"19",2026-05-02,1,2026-05-09,"wk inc flu hosp","quantile","0.15",4.33409004845255
"19",2026-05-02,1,2026-05-09,"wk inc flu hosp","quantile","0.2",5.1854341576353
"19",2026-05-02,1,2026-05-09,"wk inc flu hosp","quantile","0.25",5.91817939183357
"19",2026-05-02,1,2026-05-09,"wk inc flu hosp","quantile","0.3",7.04095005569511
"19",2026-05-02,1,2026-05-09,"wk inc flu hosp","quantile","0.35",8.14688731356058
"19",2026-05-02,1,2026-05-09,"wk inc flu hosp","quantile","0.4",9.24316474523745
"19",2026-05-02,1,2026-05-09,"wk inc flu hosp","quantile","0.45",10.0884682909352
"19",2026-05-02,1,2026-05-09,"wk inc flu hosp","quantile","0.5",10.8914261125966
"19",2026-05-02,1,2026-05-09,"wk inc flu hosp","quantile","0.55",11.8664506067555
"19",2026-05-02,1,2026-05-09,"wk inc flu hosp","quantile","0.6",12.887383062565
"19",2026-05-02,1,2026-05-09,"wk inc flu hosp","quantile","0.65",13.7407180755776
"19",2026-05-02,1,2026-05-09,"wk inc flu hosp","quantile","0.7",14.7199046502555
"19",2026-05-02,1,2026-05-09,"wk inc flu hosp","quantile","0.75",16.0865561331817
"19",2026-05-02,1,2026-05-09,"wk inc flu hosp","quantile","0.8",17.9147557409961
"19",2026-05-02,1,2026-05-09,"wk inc flu hosp","quantile","0.85",19.8890259906623
"19",2026-05-02,1,2026-05-09,"wk inc flu hosp","quantile","0.9",23.5234795273792
"19",2026-05-02,1,2026-05-09,"wk inc flu hosp","quantile","0.95",29.1407317249344
"19",2026-05-02,1,2026-05-09,"wk inc flu hosp","quantile","0.975",36.5991468271227
"19",2026-05-02,1,2026-05-09,"wk inc flu hosp","quantile","0.99",45.6989809179606
"19",2026-05-02,2,2026-05-16,"wk inc flu hosp","quantile","0.01",0
"19",2026-05-02,2,2026-05-16,"wk inc flu hosp","quantile","0.025",0.0575101516542265
"19",2026-05-02,2,2026-05-16,"wk inc flu hosp","quantile","0.05",0.625389430316587
"19",2026-05-02,2,2026-05-16,"wk inc flu hosp","quantile","0.1",2.11309325201795
"19",2026-05-02,2,2026-05-16,"wk inc flu hosp","quantile","0.15",3.2724280442355
"19",2026-05-02,2,2026-05-16,"wk inc flu hosp","quantile","0.2",4.00790349054349
"19",2026-05-02,2,2026-05-16,"wk inc flu hosp","quantile","0.25",4.78437946947757
"19",2026-05-02,2,2026-05-16,"wk inc flu hosp","quantile","0.3",5.70775807367495
"19",2026-05-02,2,2026-05-16,"wk inc flu hosp","quantile","0.35",6.57355764846562
"19",2026-05-02,2,2026-05-16,"wk inc flu hosp","quantile","0.4",7.66794925193452
"19",2026-05-02,2,2026-05-16,"wk inc flu hosp","quantile","0.45",8.6981812835394
"19",2026-05-02,2,2026-05-16,"wk inc flu hosp","quantile","0.5",9.61722530922055
"19",2026-05-02,2,2026-05-16,"wk inc flu hosp","quantile","0.55",10.4985257642261
"19",2026-05-02,2,2026-05-16,"wk inc flu hosp","quantile","0.6",11.4550462756458
"19",2026-05-02,2,2026-05-16,"wk inc flu hosp","quantile","0.65",12.4565895297398
"19",2026-05-02,2,2026-05-16,"wk inc flu hosp","quantile","0.7",13.8371516751282
"19",2026-05-02,2,2026-05-16,"wk inc flu hosp","quantile","0.75",15.633504312652
"19",2026-05-02,2,2026-05-16,"wk inc flu hosp","quantile","0.8",17.3455575322199
"19",2026-05-02,2,2026-05-16,"wk inc flu hosp","quantile","0.85",20.0832591732949
"19",2026-05-02,2,2026-05-16,"wk inc flu hosp","quantile","0.9",24.0783553096821
"19",2026-05-02,2,2026-05-16,"wk inc flu hosp","quantile","0.95",29.691437129082
"19",2026-05-02,2,2026-05-16,"wk inc flu hosp","quantile","0.975",36.1750517262192
"19",2026-05-02,2,2026-05-16,"wk inc flu hosp","quantile","0.99",53.0017781010324
"19",2026-05-02,3,2026-05-23,"wk inc flu hosp","quantile","0.01",0
"19",2026-05-02,3,2026-05-23,"wk inc flu hosp","quantile","0.025",0.00125349813555418
"19",2026-05-02,3,2026-05-23,"wk inc flu hosp","quantile","0.05",0.14602561846759
"19",2026-05-02,3,2026-05-23,"wk inc flu hosp","quantile","0.1",1.2620276980034
"19",2026-05-02,3,2026-05-23,"wk inc flu hosp","quantile","0.15",2.25206759390867
"19",2026-05-02,3,2026-05-23,"wk inc flu hosp","quantile","0.2",3.11222266569102
"19",2026-05-02,3,2026-05-23,"wk inc flu hosp","quantile","0.25",4.05938793302005
"19",2026-05-02,3,2026-05-23,"wk inc flu hosp","quantile","0.3",4.87861989039785
"19",2026-05-02,3,2026-05-23,"wk inc flu hosp","quantile","0.35",5.76565082873154
"19",2026-05-02,3,2026-05-23,"wk inc flu hosp","quantile","0.4",6.77479388955601
"19",2026-05-02,3,2026-05-23,"wk inc flu hosp","quantile","0.45",7.70367740934551
"19",2026-05-02,3,2026-05-23,"wk inc flu hosp","quantile","0.5",8.67387695314089
"19",2026-05-02,3,2026-05-23,"wk inc flu hosp","quantile","0.55",9.61867687207643
"19",2026-05-02,3,2026-05-23,"wk inc flu hosp","quantile","0.6",10.655091592608
"19",2026-05-02,3,2026-05-23,"wk inc flu hosp","quantile","0.65",12.0271664769598
"19",2026-05-02,3,2026-05-23,"wk inc flu hosp","quantile","0.7",13.5804495906212
"19",2026-05-02,3,2026-05-23,"wk inc flu hosp","quantile","0.75",15.253509855071
"19",2026-05-02,3,2026-05-23,"wk inc flu hosp","quantile","0.8",17.0359887594914
"19",2026-05-02,3,2026-05-23,"wk inc flu hosp","quantile","0.85",19.6207432146889
"19",2026-05-02,3,2026-05-23,"wk inc flu hosp","quantile","0.9",24.230779049173
"19",2026-05-02,3,2026-05-23,"wk inc flu hosp","quantile","0.95",31.6324487750603
"19",2026-05-02,3,2026-05-23,"wk inc flu hosp","quantile","0.975",42.0583107693851
"19",2026-05-02,3,2026-05-23,"wk inc flu hosp","quantile","0.99",56.2979833506315
"20",2026-05-02,0,2026-05-02,"wk inc flu hosp","quantile","0.01",0.314479315320058
"20",2026-05-02,0,2026-05-02,"wk inc flu hosp","quantile","0.025",0.536067840843839
"20",2026-05-02,0,2026-05-02,"wk inc flu hosp","quantile","0.05",1.29339330674769
"20",2026-05-02,0,2026-05-02,"wk inc flu hosp","quantile","0.1",2.17931183366621
"20",2026-05-02,0,2026-05-02,"wk inc flu hosp","quantile","0.15",2.83671905304281
"20",2026-05-02,0,2026-05-02,"wk inc flu hosp","quantile","0.2",3.44134924793057
"20",2026-05-02,0,2026-05-02,"wk inc flu hosp","quantile","0.25",3.94773281351206
"20",2026-05-02,0,2026-05-02,"wk inc flu hosp","quantile","0.3",4.53664314248607
"20",2026-05-02,0,2026-05-02,"wk inc flu hosp","quantile","0.35",5.16682999181541
"20",2026-05-02,0,2026-05-02,"wk inc flu hosp","quantile","0.4",5.62763176215125
"20",2026-05-02,0,2026-05-02,"wk inc flu hosp","quantile","0.45",6.04451055658368
"20",2026-05-02,0,2026-05-02,"wk inc flu hosp","quantile","0.5",6.37727221083199
"20",2026-05-02,0,2026-05-02,"wk inc flu hosp","quantile","0.55",6.88428957049591
"20",2026-05-02,0,2026-05-02,"wk inc flu hosp","quantile","0.6",7.39203717026391
"20",2026-05-02,0,2026-05-02,"wk inc flu hosp","quantile","0.65",7.85237275226029
"20",2026-05-02,0,2026-05-02,"wk inc flu hosp","quantile","0.7",8.45219183541337
"20",2026-05-02,0,2026-05-02,"wk inc flu hosp","quantile","0.75",9.02895149110205
"20",2026-05-02,0,2026-05-02,"wk inc flu hosp","quantile","0.8",9.90715968385024
"20",2026-05-02,0,2026-05-02,"wk inc flu hosp","quantile","0.85",10.9597703048185
"20",2026-05-02,0,2026-05-02,"wk inc flu hosp","quantile","0.9",12.7341152759886
"20",2026-05-02,0,2026-05-02,"wk inc flu hosp","quantile","0.95",15.64260115312
"20",2026-05-02,0,2026-05-02,"wk inc flu hosp","quantile","0.975",18.7565811153745
"20",2026-05-02,0,2026-05-02,"wk inc flu hosp","quantile","0.99",25.184031575333
"20",2026-05-02,1,2026-05-09,"wk inc flu hosp","quantile","0.01",0
"20",2026-05-02,1,2026-05-09,"wk inc flu hosp","quantile","0.025",0.15951611701509
"20",2026-05-02,1,2026-05-09,"wk inc flu hosp","quantile","0.05",0.366520987978942
"20",2026-05-02,1,2026-05-09,"wk inc flu hosp","quantile","0.1",1.21085488401236
"20",2026-05-02,1,2026-05-09,"wk inc flu hosp","quantile","0.15",1.97310967905935
"20",2026-05-02,1,2026-05-09,"wk inc flu hosp","quantile","0.2",2.59582032417329
"20",2026-05-02,1,2026-05-09,"wk inc flu hosp","quantile","0.25",3.04328279833423
"20",2026-05-02,1,2026-05-09,"wk inc flu hosp","quantile","0.3",3.74053559392679
"20",2026-05-02,1,2026-05-09,"wk inc flu hosp","quantile","0.35",4.42148129242196
"20",2026-05-02,1,2026-05-09,"wk inc flu hosp","quantile","0.4",4.8105441087475
"20",2026-05-02,1,2026-05-09,"wk inc flu hosp","quantile","0.45",5.40943836925802
"20",2026-05-02,1,2026-05-09,"wk inc flu hosp","quantile","0.5",5.92034622428625
"20",2026-05-02,1,2026-05-09,"wk inc flu hosp","quantile","0.55",6.57871704793273
"20",2026-05-02,1,2026-05-09,"wk inc flu hosp","quantile","0.6",7.11162908788937
"20",2026-05-02,1,2026-05-09,"wk inc flu hosp","quantile","0.65",7.70699146675028
"20",2026-05-02,1,2026-05-09,"wk inc flu hosp","quantile","0.7",8.50812075888988
"20",2026-05-02,1,2026-05-09,"wk inc flu hosp","quantile","0.75",9.19532185485477
"20",2026-05-02,1,2026-05-09,"wk inc flu hosp","quantile","0.8",10.1005746750389
"20",2026-05-02,1,2026-05-09,"wk inc flu hosp","quantile","0.85",11.6313084182064
"20",2026-05-02,1,2026-05-09,"wk inc flu hosp","quantile","0.9",13.6557378985422
"20",2026-05-02,1,2026-05-09,"wk inc flu hosp","quantile","0.95",17.4448016378034
"20",2026-05-02,1,2026-05-09,"wk inc flu hosp","quantile","0.975",21.7522946175148
"20",2026-05-02,1,2026-05-09,"wk inc flu hosp","quantile","0.99",29.2082408803423
"20",2026-05-02,2,2026-05-16,"wk inc flu hosp","quantile","0.01",0
"20",2026-05-02,2,2026-05-16,"wk inc flu hosp","quantile","0.025",0
"20",2026-05-02,2,2026-05-16,"wk inc flu hosp","quantile","0.05",0.136240069045626
"20",2026-05-02,2,2026-05-16,"wk inc flu hosp","quantile","0.1",0.630321079639399
"20",2026-05-02,2,2026-05-16,"wk inc flu hosp","quantile","0.15",1.33168874722932
"20",2026-05-02,2,2026-05-16,"wk inc flu hosp","quantile","0.2",1.99517317243049
"20",2026-05-02,2,2026-05-16,"wk inc flu hosp","quantile","0.25",2.52321628895923
"20",2026-05-02,2,2026-05-16,"wk inc flu hosp","quantile","0.3",3.21998030665897
"20",2026-05-02,2,2026-05-16,"wk inc flu hosp","quantile","0.35",3.78577379219622
"20",2026-05-02,2,2026-05-16,"wk inc flu hosp","quantile","0.4",4.15418803227132
"20",2026-05-02,2,2026-05-16,"wk inc flu hosp","quantile","0.45",4.7171232300831
"20",2026-05-02,2,2026-05-16,"wk inc flu hosp","quantile","0.5",5.15269701083159
"20",2026-05-02,2,2026-05-16,"wk inc flu hosp","quantile","0.55",6.02451401173964
"20",2026-05-02,2,2026-05-16,"wk inc flu hosp","quantile","0.6",6.63923070545724
"20",2026-05-02,2,2026-05-16,"wk inc flu hosp","quantile","0.65",7.3560618461584
"20",2026-05-02,2,2026-05-16,"wk inc flu hosp","quantile","0.7",8.22212167287975
"20",2026-05-02,2,2026-05-16,"wk inc flu hosp","quantile","0.75",9.26054545295701
"20",2026-05-02,2,2026-05-16,"wk inc flu hosp","quantile","0.8",10.5556833734479
"20",2026-05-02,2,2026-05-16,"wk inc flu hosp","quantile","0.85",12.1042737170156
"20",2026-05-02,2,2026-05-16,"wk inc flu hosp","quantile","0.9",14.6232731537189
"20",2026-05-02,2,2026-05-16,"wk inc flu hosp","quantile","0.95",19.5932470437044
"20",2026-05-02,2,2026-05-16,"wk inc flu hosp","quantile","0.975",24.6752129259597
"20",2026-05-02,2,2026-05-16,"wk inc flu hosp","quantile","0.99",32.2436063236227
"20",2026-05-02,3,2026-05-23,"wk inc flu hosp","quantile","0.01",0
"20",2026-05-02,3,2026-05-23,"wk inc flu hosp","quantile","0.025",0
"20",2026-05-02,3,2026-05-23,"wk inc flu hosp","quantile","0.05",0
"20",2026-05-02,3,2026-05-23,"wk inc flu hosp","quantile","0.1",0.220101197697452
"20",2026-05-02,3,2026-05-23,"wk inc flu hosp","quantile","0.15",0.941349238324512
"20",2026-05-02,3,2026-05-23,"wk inc flu hosp","quantile","0.2",1.55405294206565
"20",2026-05-02,3,2026-05-23,"wk inc flu hosp","quantile","0.25",2.00747038308919
"20",2026-05-02,3,2026-05-23,"wk inc flu hosp","quantile","0.3",2.67496430593928
"20",2026-05-02,3,2026-05-23,"wk inc flu hosp","quantile","0.35",3.26518703098242
"20",2026-05-02,3,2026-05-23,"wk inc flu hosp","quantile","0.4",3.72951446525048
"20",2026-05-02,3,2026-05-23,"wk inc flu hosp","quantile","0.45",4.38810357760019
"20",2026-05-02,3,2026-05-23,"wk inc flu hosp","quantile","0.5",4.99831344707093
"20",2026-05-02,3,2026-05-23,"wk inc flu hosp","quantile","0.55",5.63524280399205
"20",2026-05-02,3,2026-05-23,"wk inc flu hosp","quantile","0.6",6.32459211974212
"20",2026-05-02,3,2026-05-23,"wk inc flu hosp","quantile","0.65",7.183323948067
"20",2026-05-02,3,2026-05-23,"wk inc flu hosp","quantile","0.7",8.0574147054944
"20",2026-05-02,3,2026-05-23,"wk inc flu hosp","quantile","0.75",9.11484457082823
"20",2026-05-02,3,2026-05-23,"wk inc flu hosp","quantile","0.8",10.7587484201831
"20",2026-05-02,3,2026-05-23,"wk inc flu hosp","quantile","0.85",12.6591905458048
"20",2026-05-02,3,2026-05-23,"wk inc flu hosp","quantile","0.9",16.0137918811482
"20",2026-05-02,3,2026-05-23,"wk inc flu hosp","quantile","0.95",20.9111130852487
"20",2026-05-02,3,2026-05-23,"wk inc flu hosp","quantile","0.975",27.6697511520562
"20",2026-05-02,3,2026-05-23,"wk inc flu hosp","quantile","0.99",38.3617301179396
"21",2026-05-02,0,2026-05-02,"wk inc flu hosp","quantile","0.01",3.04573823879734
"21",2026-05-02,0,2026-05-02,"wk inc flu hosp","quantile","0.025",5.32653211795759
"21",2026-05-02,0,2026-05-02,"wk inc flu hosp","quantile","0.05",6.85255634492414
"21",2026-05-02,0,2026-05-02,"wk inc flu hosp","quantile","0.1",9.15084335448292
"21",2026-05-02,0,2026-05-02,"wk inc flu hosp","quantile","0.15",10.4561046686941
"21",2026-05-02,0,2026-05-02,"wk inc flu hosp","quantile","0.2",11.684199046204
"21",2026-05-02,0,2026-05-02,"wk inc flu hosp","quantile","0.25",12.7634780064604
"21",2026-05-02,0,2026-05-02,"wk inc flu hosp","quantile","0.3",14.172691153647
"21",2026-05-02,0,2026-05-02,"wk inc flu hosp","quantile","0.35",15.3912626268988
"21",2026-05-02,0,2026-05-02,"wk inc flu hosp","quantile","0.4",16.2803831268448
"21",2026-05-02,0,2026-05-02,"wk inc flu hosp","quantile","0.45",17.1724573256765
"21",2026-05-02,0,2026-05-02,"wk inc flu hosp","quantile","0.5",17.7603787035534
"21",2026-05-02,0,2026-05-02,"wk inc flu hosp","quantile","0.55",18.5798211315639
"21",2026-05-02,0,2026-05-02,"wk inc flu hosp","quantile","0.6",19.5026117431897
"21",2026-05-02,0,2026-05-02,"wk inc flu hosp","quantile","0.65",20.4388998631783
"21",2026-05-02,0,2026-05-02,"wk inc flu hosp","quantile","0.7",21.6301021126043
"21",2026-05-02,0,2026-05-02,"wk inc flu hosp","quantile","0.75",22.8543665512025
"21",2026-05-02,0,2026-05-02,"wk inc flu hosp","quantile","0.8",24.5105360225731
"21",2026-05-02,0,2026-05-02,"wk inc flu hosp","quantile","0.85",26.446965047757
"21",2026-05-02,0,2026-05-02,"wk inc flu hosp","quantile","0.9",29.1329995827042
"21",2026-05-02,0,2026-05-02,"wk inc flu hosp","quantile","0.95",35.4444988127271
"21",2026-05-02,0,2026-05-02,"wk inc flu hosp","quantile","0.975",41.4136932717607
"21",2026-05-02,0,2026-05-02,"wk inc flu hosp","quantile","0.99",56.737626489404
"21",2026-05-02,1,2026-05-09,"wk inc flu hosp","quantile","0.01",1.08337434682421
"21",2026-05-02,1,2026-05-09,"wk inc flu hosp","quantile","0.025",3.16588004467582
"21",2026-05-02,1,2026-05-09,"wk inc flu hosp","quantile","0.05",4.46864351858246
"21",2026-05-02,1,2026-05-09,"wk inc flu hosp","quantile","0.1",6.55509952697859
"21",2026-05-02,1,2026-05-09,"wk inc flu hosp","quantile","0.15",7.62796603550934
"21",2026-05-02,1,2026-05-09,"wk inc flu hosp","quantile","0.2",8.89740706472065
"21",2026-05-02,1,2026-05-09,"wk inc flu hosp","quantile","0.25",9.86460463559178
"21",2026-05-02,1,2026-05-09,"wk inc flu hosp","quantile","0.3",11.253117468507
"21",2026-05-02,1,2026-05-09,"wk inc flu hosp","quantile","0.35",12.4342378613874
"21",2026-05-02,1,2026-05-09,"wk inc flu hosp","quantile","0.4",13.5106522878545
"21",2026-05-02,1,2026-05-09,"wk inc flu hosp","quantile","0.45",14.4126776509446
"21",2026-05-02,1,2026-05-09,"wk inc flu hosp","quantile","0.5",15.3388608658004
"21",2026-05-02,1,2026-05-09,"wk inc flu hosp","quantile","0.55",16.3182396471819
"21",2026-05-02,1,2026-05-09,"wk inc flu hosp","quantile","0.6",17.3193258918431
"21",2026-05-02,1,2026-05-09,"wk inc flu hosp","quantile","0.65",18.6126681921286
"21",2026-05-02,1,2026-05-09,"wk inc flu hosp","quantile","0.7",20.0985816615247
"21",2026-05-02,1,2026-05-09,"wk inc flu hosp","quantile","0.75",21.7256757917228
"21",2026-05-02,1,2026-05-09,"wk inc flu hosp","quantile","0.8",23.7746585181414
"21",2026-05-02,1,2026-05-09,"wk inc flu hosp","quantile","0.85",26.8988671180948
"21",2026-05-02,1,2026-05-09,"wk inc flu hosp","quantile","0.9",30.6008368440244
"21",2026-05-02,1,2026-05-09,"wk inc flu hosp","quantile","0.95",37.7387712724807
"21",2026-05-02,1,2026-05-09,"wk inc flu hosp","quantile","0.975",43.6490576409657
"21",2026-05-02,1,2026-05-09,"wk inc flu hosp","quantile","0.99",55.3413310575549
"21",2026-05-02,2,2026-05-16,"wk inc flu hosp","quantile","0.01",0.139671351809262
"21",2026-05-02,2,2026-05-16,"wk inc flu hosp","quantile","0.025",1.62549966837444
"21",2026-05-02,2,2026-05-16,"wk inc flu hosp","quantile","0.05",2.75999225354721
"21",2026-05-02,2,2026-05-16,"wk inc flu hosp","quantile","0.1",4.90372139752274
"21",2026-05-02,2,2026-05-16,"wk inc flu hosp","quantile","0.15",6.32342077130164
"21",2026-05-02,2,2026-05-16,"wk inc flu hosp","quantile","0.2",7.57546241865144
"21",2026-05-02,2,2026-05-16,"wk inc flu hosp","quantile","0.25",8.539776931998
"21",2026-05-02,2,2026-05-16,"wk inc flu hosp","quantile","0.3",9.61905016372374
"21",2026-05-02,2,2026-05-16,"wk inc flu hosp","quantile","0.35",10.8553917992577
"21",2026-05-02,2,2026-05-16,"wk inc flu hosp","quantile","0.4",11.7096830641804
"21",2026-05-02,2,2026-05-16,"wk inc flu hosp","quantile","0.45",12.6656890601373
"21",2026-05-02,2,2026-05-16,"wk inc flu hosp","quantile","0.5",13.7901852281223
"21",2026-05-02,2,2026-05-16,"wk inc flu hosp","quantile","0.55",14.8628975711732
"21",2026-05-02,2,2026-05-16,"wk inc flu hosp","quantile","0.6",16.2218639242213
"21",2026-05-02,2,2026-05-16,"wk inc flu hosp","quantile","0.65",17.633994437537
"21",2026-05-02,2,2026-05-16,"wk inc flu hosp","quantile","0.7",19.3980211238343
"21",2026-05-02,2,2026-05-16,"wk inc flu hosp","quantile","0.75",21.1268633078055
"21",2026-05-02,2,2026-05-16,"wk inc flu hosp","quantile","0.8",23.8313662836507
"21",2026-05-02,2,2026-05-16,"wk inc flu hosp","quantile","0.85",26.9404619361573
"21",2026-05-02,2,2026-05-16,"wk inc flu hosp","quantile","0.9",31.698409606059
"21",2026-05-02,2,2026-05-16,"wk inc flu hosp","quantile","0.95",38.6904079715608
"21",2026-05-02,2,2026-05-16,"wk inc flu hosp","quantile","0.975",46.177870602464
"21",2026-05-02,2,2026-05-16,"wk inc flu hosp","quantile","0.99",59.6566310515385
"21",2026-05-02,3,2026-05-23,"wk inc flu hosp","quantile","0.01",0
"21",2026-05-02,3,2026-05-23,"wk inc flu hosp","quantile","0.025",0.883911886588295
"21",2026-05-02,3,2026-05-23,"wk inc flu hosp","quantile","0.05",1.84390968284771
"21",2026-05-02,3,2026-05-23,"wk inc flu hosp","quantile","0.1",3.66859838729837
"21",2026-05-02,3,2026-05-23,"wk inc flu hosp","quantile","0.15",5.01643734693562
"21",2026-05-02,3,2026-05-23,"wk inc flu hosp","quantile","0.2",5.84559049640255
"21",2026-05-02,3,2026-05-23,"wk inc flu hosp","quantile","0.25",7.0527648005916
"21",2026-05-02,3,2026-05-23,"wk inc flu hosp","quantile","0.3",8.47835768739904
"21",2026-05-02,3,2026-05-23,"wk inc flu hosp","quantile","0.35",9.59490294553051
"21",2026-05-02,3,2026-05-23,"wk inc flu hosp","quantile","0.4",10.5313746327171
"21",2026-05-02,3,2026-05-23,"wk inc flu hosp","quantile","0.45",11.7062387490025
"21",2026-05-02,3,2026-05-23,"wk inc flu hosp","quantile","0.5",12.966805232826
"21",2026-05-02,3,2026-05-23,"wk inc flu hosp","quantile","0.55",13.9272634919564
"21",2026-05-02,3,2026-05-23,"wk inc flu hosp","quantile","0.6",15.1329310165417
"21",2026-05-02,3,2026-05-23,"wk inc flu hosp","quantile","0.65",16.7464945490552
"21",2026-05-02,3,2026-05-23,"wk inc flu hosp","quantile","0.7",18.5812749228561
"21",2026-05-02,3,2026-05-23,"wk inc flu hosp","quantile","0.75",20.6072674910738
"21",2026-05-02,3,2026-05-23,"wk inc flu hosp","quantile","0.8",23.1825639414358
"21",2026-05-02,3,2026-05-23,"wk inc flu hosp","quantile","0.85",25.8272035346477
"21",2026-05-02,3,2026-05-23,"wk inc flu hosp","quantile","0.9",31.1187932565937
"21",2026-05-02,3,2026-05-23,"wk inc flu hosp","quantile","0.95",39.9045094027988
"21",2026-05-02,3,2026-05-23,"wk inc flu hosp","quantile","0.975",49.233344261386
"21",2026-05-02,3,2026-05-23,"wk inc flu hosp","quantile","0.99",68.1491764591879
"22",2026-05-02,0,2026-05-02,"wk inc flu hosp","quantile","0.01",8.1398572030645
"22",2026-05-02,0,2026-05-02,"wk inc flu hosp","quantile","0.025",11.3021236719155
"22",2026-05-02,0,2026-05-02,"wk inc flu hosp","quantile","0.05",14.0182022782672
"22",2026-05-02,0,2026-05-02,"wk inc flu hosp","quantile","0.1",16.3106080670936
"22",2026-05-02,0,2026-05-02,"wk inc flu hosp","quantile","0.15",17.4232465960979
"22",2026-05-02,0,2026-05-02,"wk inc flu hosp","quantile","0.2",18.5555652143023
"22",2026-05-02,0,2026-05-02,"wk inc flu hosp","quantile","0.25",19.2017611997054
"22",2026-05-02,0,2026-05-02,"wk inc flu hosp","quantile","0.3",20.3226294669753
"22",2026-05-02,0,2026-05-02,"wk inc flu hosp","quantile","0.35",21.2144903871984
"22",2026-05-02,0,2026-05-02,"wk inc flu hosp","quantile","0.4",22.9183883258621
"22",2026-05-02,0,2026-05-02,"wk inc flu hosp","quantile","0.45",24.5548773653336
"22",2026-05-02,0,2026-05-02,"wk inc flu hosp","quantile","0.5",26.0398596182797
"22",2026-05-02,0,2026-05-02,"wk inc flu hosp","quantile","0.55",27.2432381119848
"22",2026-05-02,0,2026-05-02,"wk inc flu hosp","quantile","0.6",29.0874355570184
"22",2026-05-02,0,2026-05-02,"wk inc flu hosp","quantile","0.65",30.5934610709156
"22",2026-05-02,0,2026-05-02,"wk inc flu hosp","quantile","0.7",32.3564653131158
"22",2026-05-02,0,2026-05-02,"wk inc flu hosp","quantile","0.75",33.7460847632828
"22",2026-05-02,0,2026-05-02,"wk inc flu hosp","quantile","0.8",35.7831763242566
"22",2026-05-02,0,2026-05-02,"wk inc flu hosp","quantile","0.85",38.3818658736255
"22",2026-05-02,0,2026-05-02,"wk inc flu hosp","quantile","0.9",42.3318570861734
"22",2026-05-02,0,2026-05-02,"wk inc flu hosp","quantile","0.95",48.270263020001
"22",2026-05-02,0,2026-05-02,"wk inc flu hosp","quantile","0.975",58.2067136594223
"22",2026-05-02,0,2026-05-02,"wk inc flu hosp","quantile","0.99",71.8978880000038
"22",2026-05-02,1,2026-05-09,"wk inc flu hosp","quantile","0.01",5.80272680042393
"22",2026-05-02,1,2026-05-09,"wk inc flu hosp","quantile","0.025",8.889880692576
"22",2026-05-02,1,2026-05-09,"wk inc flu hosp","quantile","0.05",10.9520020131227
"22",2026-05-02,1,2026-05-09,"wk inc flu hosp","quantile","0.1",13.3348649054955
"22",2026-05-02,1,2026-05-09,"wk inc flu hosp","quantile","0.15",14.5038985109235
"22",2026-05-02,1,2026-05-09,"wk inc flu hosp","quantile","0.2",15.9703295367517
"22",2026-05-02,1,2026-05-09,"wk inc flu hosp","quantile","0.25",17.2032049671496
"22",2026-05-02,1,2026-05-09,"wk inc flu hosp","quantile","0.3",18.3858367399772
"22",2026-05-02,1,2026-05-09,"wk inc flu hosp","quantile","0.35",19.6438905415461
"22",2026-05-02,1,2026-05-09,"wk inc flu hosp","quantile","0.4",21.2583655730356
"22",2026-05-02,1,2026-05-09,"wk inc flu hosp","quantile","0.45",23.10359591287
"22",2026-05-02,1,2026-05-09,"wk inc flu hosp","quantile","0.5",24.5440820979221
"22",2026-05-02,1,2026-05-09,"wk inc flu hosp","quantile","0.55",26.3431166404462
"22",2026-05-02,1,2026-05-09,"wk inc flu hosp","quantile","0.6",28.2732645705301
"22",2026-05-02,1,2026-05-09,"wk inc flu hosp","quantile","0.65",30.1507498432297
"22",2026-05-02,1,2026-05-09,"wk inc flu hosp","quantile","0.7",32.6267448448738
"22",2026-05-02,1,2026-05-09,"wk inc flu hosp","quantile","0.75",34.5977946212843
"22",2026-05-02,1,2026-05-09,"wk inc flu hosp","quantile","0.8",37.7730603134807
"22",2026-05-02,1,2026-05-09,"wk inc flu hosp","quantile","0.85",41.7458893086388
"22",2026-05-02,1,2026-05-09,"wk inc flu hosp","quantile","0.9",46.7121772789959
"22",2026-05-02,1,2026-05-09,"wk inc flu hosp","quantile","0.95",55.815743159922
"22",2026-05-02,1,2026-05-09,"wk inc flu hosp","quantile","0.975",65.0003734007289
"22",2026-05-02,1,2026-05-09,"wk inc flu hosp","quantile","0.99",82.5159278214198
"22",2026-05-02,2,2026-05-16,"wk inc flu hosp","quantile","0.01",4.4930875901283
"22",2026-05-02,2,2026-05-16,"wk inc flu hosp","quantile","0.025",5.68346914043027
"22",2026-05-02,2,2026-05-16,"wk inc flu hosp","quantile","0.05",8.648986951145
"22",2026-05-02,2,2026-05-16,"wk inc flu hosp","quantile","0.1",11.2850346314386
"22",2026-05-02,2,2026-05-16,"wk inc flu hosp","quantile","0.15",12.4613632442266
"22",2026-05-02,2,2026-05-16,"wk inc flu hosp","quantile","0.2",13.8546974386546
"22",2026-05-02,2,2026-05-16,"wk inc flu hosp","quantile","0.25",15.451077623833
"22",2026-05-02,2,2026-05-16,"wk inc flu hosp","quantile","0.3",17.1446252677338
"22",2026-05-02,2,2026-05-16,"wk inc flu hosp","quantile","0.35",18.9110468339722
"22",2026-05-02,2,2026-05-16,"wk inc flu hosp","quantile","0.4",20.364329105158
"22",2026-05-02,2,2026-05-16,"wk inc flu hosp","quantile","0.45",22.1711863045508
"22",2026-05-02,2,2026-05-16,"wk inc flu hosp","quantile","0.5",23.87879232655
"22",2026-05-02,2,2026-05-16,"wk inc flu hosp","quantile","0.55",25.6523760326748
"22",2026-05-02,2,2026-05-16,"wk inc flu hosp","quantile","0.6",27.8448086238299
"22",2026-05-02,2,2026-05-16,"wk inc flu hosp","quantile","0.65",30.0777528601494
"22",2026-05-02,2,2026-05-16,"wk inc flu hosp","quantile","0.7",33.3493353474858
"22",2026-05-02,2,2026-05-16,"wk inc flu hosp","quantile","0.75",36.2007512770011
"22",2026-05-02,2,2026-05-16,"wk inc flu hosp","quantile","0.8",39.1555059890937
"22",2026-05-02,2,2026-05-16,"wk inc flu hosp","quantile","0.85",43.7752395800092
"22",2026-05-02,2,2026-05-16,"wk inc flu hosp","quantile","0.9",50.314105232775
"22",2026-05-02,2,2026-05-16,"wk inc flu hosp","quantile","0.95",60.6365931710356
"22",2026-05-02,2,2026-05-16,"wk inc flu hosp","quantile","0.975",72.7316757872971
"22",2026-05-02,2,2026-05-16,"wk inc flu hosp","quantile","0.99",93.3561887332881
"22",2026-05-02,3,2026-05-23,"wk inc flu hosp","quantile","0.01",3.53423753581366
"22",2026-05-02,3,2026-05-23,"wk inc flu hosp","quantile","0.025",4.89960846431526
"22",2026-05-02,3,2026-05-23,"wk inc flu hosp","quantile","0.05",7.57744530288803
"22",2026-05-02,3,2026-05-23,"wk inc flu hosp","quantile","0.1",10.1073519203741
"22",2026-05-02,3,2026-05-23,"wk inc flu hosp","quantile","0.15",11.6182882596922
"22",2026-05-02,3,2026-05-23,"wk inc flu hosp","quantile","0.2",12.7957351435817
"22",2026-05-02,3,2026-05-23,"wk inc flu hosp","quantile","0.25",14.374528988792
"22",2026-05-02,3,2026-05-23,"wk inc flu hosp","quantile","0.3",15.5983794475989
"22",2026-05-02,3,2026-05-23,"wk inc flu hosp","quantile","0.35",17.7358099000829
"22",2026-05-02,3,2026-05-23,"wk inc flu hosp","quantile","0.4",19.4995350646936
"22",2026-05-02,3,2026-05-23,"wk inc flu hosp","quantile","0.45",21.8333325397395
"22",2026-05-02,3,2026-05-23,"wk inc flu hosp","quantile","0.5",23.7905349004138
"22",2026-05-02,3,2026-05-23,"wk inc flu hosp","quantile","0.55",26.0802381058168
"22",2026-05-02,3,2026-05-23,"wk inc flu hosp","quantile","0.6",28.1466541306076
"22",2026-05-02,3,2026-05-23,"wk inc flu hosp","quantile","0.65",30.9360303530687
"22",2026-05-02,3,2026-05-23,"wk inc flu hosp","quantile","0.7",33.7823038161317
"22",2026-05-02,3,2026-05-23,"wk inc flu hosp","quantile","0.75",36.6870595775311
"22",2026-05-02,3,2026-05-23,"wk inc flu hosp","quantile","0.8",40.3323893026624
"22",2026-05-02,3,2026-05-23,"wk inc flu hosp","quantile","0.85",45.8681297864086
"22",2026-05-02,3,2026-05-23,"wk inc flu hosp","quantile","0.9",53.0229865565513
"22",2026-05-02,3,2026-05-23,"wk inc flu hosp","quantile","0.95",64.817160147798
"22",2026-05-02,3,2026-05-23,"wk inc flu hosp","quantile","0.975",80.9530137869601
"22",2026-05-02,3,2026-05-23,"wk inc flu hosp","quantile","0.99",112.130720207285
"23",2026-05-02,0,2026-05-02,"wk inc flu hosp","quantile","0.01",0.06264928587553
"23",2026-05-02,0,2026-05-02,"wk inc flu hosp","quantile","0.025",0.630511493804537
"23",2026-05-02,0,2026-05-02,"wk inc flu hosp","quantile","0.05",1.12757923118971
"23",2026-05-02,0,2026-05-02,"wk inc flu hosp","quantile","0.1",1.99354077079977
"23",2026-05-02,0,2026-05-02,"wk inc flu hosp","quantile","0.15",2.64474003361725
"23",2026-05-02,0,2026-05-02,"wk inc flu hosp","quantile","0.2",2.94040926386322
"23",2026-05-02,0,2026-05-02,"wk inc flu hosp","quantile","0.25",3.27360006269452
"23",2026-05-02,0,2026-05-02,"wk inc flu hosp","quantile","0.3",3.77338900201661
"23",2026-05-02,0,2026-05-02,"wk inc flu hosp","quantile","0.35",4.40198042032905
"23",2026-05-02,0,2026-05-02,"wk inc flu hosp","quantile","0.4",4.87214589649574
"23",2026-05-02,0,2026-05-02,"wk inc flu hosp","quantile","0.45",5.39105063590274
"23",2026-05-02,0,2026-05-02,"wk inc flu hosp","quantile","0.5",5.86206277675728
"23",2026-05-02,0,2026-05-02,"wk inc flu hosp","quantile","0.55",6.48345629893326
"23",2026-05-02,0,2026-05-02,"wk inc flu hosp","quantile","0.6",7.11075303431591
"23",2026-05-02,0,2026-05-02,"wk inc flu hosp","quantile","0.65",7.91302624687489
"23",2026-05-02,0,2026-05-02,"wk inc flu hosp","quantile","0.7",8.75322248785105
"23",2026-05-02,0,2026-05-02,"wk inc flu hosp","quantile","0.75",9.53957399066016
"23",2026-05-02,0,2026-05-02,"wk inc flu hosp","quantile","0.8",11.0766478703747
"23",2026-05-02,0,2026-05-02,"wk inc flu hosp","quantile","0.85",12.56400554069
"23",2026-05-02,0,2026-05-02,"wk inc flu hosp","quantile","0.9",14.7526440702431
"23",2026-05-02,0,2026-05-02,"wk inc flu hosp","quantile","0.95",18.737580551397
"23",2026-05-02,0,2026-05-02,"wk inc flu hosp","quantile","0.975",24.3659229777608
"23",2026-05-02,0,2026-05-02,"wk inc flu hosp","quantile","0.99",30.2110791856838
"23",2026-05-02,1,2026-05-09,"wk inc flu hosp","quantile","0.01",0
"23",2026-05-02,1,2026-05-09,"wk inc flu hosp","quantile","0.025",0.0426187243852261
"23",2026-05-02,1,2026-05-09,"wk inc flu hosp","quantile","0.05",0.322677621061193
"23",2026-05-02,1,2026-05-09,"wk inc flu hosp","quantile","0.1",1.02576849535656
"23",2026-05-02,1,2026-05-09,"wk inc flu hosp","quantile","0.15",1.66868261188419
"23",2026-05-02,1,2026-05-09,"wk inc flu hosp","quantile","0.2",2.08520680795152
"23",2026-05-02,1,2026-05-09,"wk inc flu hosp","quantile","0.25",2.38694333418403
"23",2026-05-02,1,2026-05-09,"wk inc flu hosp","quantile","0.3",2.93019381263084
"23",2026-05-02,1,2026-05-09,"wk inc flu hosp","quantile","0.35",3.54003735153598
"23",2026-05-02,1,2026-05-09,"wk inc flu hosp","quantile","0.4",4.07107267006624
"23",2026-05-02,1,2026-05-09,"wk inc flu hosp","quantile","0.45",4.71346266378193
"23",2026-05-02,1,2026-05-09,"wk inc flu hosp","quantile","0.5",5.44532357725545
"23",2026-05-02,1,2026-05-09,"wk inc flu hosp","quantile","0.55",6.1873115089367
"23",2026-05-02,1,2026-05-09,"wk inc flu hosp","quantile","0.6",6.87981580936331
"23",2026-05-02,1,2026-05-09,"wk inc flu hosp","quantile","0.65",7.78684105540331
"23",2026-05-02,1,2026-05-09,"wk inc flu hosp","quantile","0.7",8.89320563429072
"23",2026-05-02,1,2026-05-09,"wk inc flu hosp","quantile","0.75",10.1073030453432
"23",2026-05-02,1,2026-05-09,"wk inc flu hosp","quantile","0.8",11.8974286536892
"23",2026-05-02,1,2026-05-09,"wk inc flu hosp","quantile","0.85",13.7370761904671
"23",2026-05-02,1,2026-05-09,"wk inc flu hosp","quantile","0.9",16.3181900066756
"23",2026-05-02,1,2026-05-09,"wk inc flu hosp","quantile","0.95",22.9932492206094
"23",2026-05-02,1,2026-05-09,"wk inc flu hosp","quantile","0.975",28.8787412232288
"23",2026-05-02,1,2026-05-09,"wk inc flu hosp","quantile","0.99",39.4075677117468
"23",2026-05-02,2,2026-05-16,"wk inc flu hosp","quantile","0.01",0
"23",2026-05-02,2,2026-05-16,"wk inc flu hosp","quantile","0.025",0
"23",2026-05-02,2,2026-05-16,"wk inc flu hosp","quantile","0.05",0.016321899529376
"23",2026-05-02,2,2026-05-16,"wk inc flu hosp","quantile","0.1",0.497091936902833
"23",2026-05-02,2,2026-05-16,"wk inc flu hosp","quantile","0.15",0.936950147085759
"23",2026-05-02,2,2026-05-16,"wk inc flu hosp","quantile","0.2",1.5575466746604
"23",2026-05-02,2,2026-05-16,"wk inc flu hosp","quantile","0.25",1.80205596422762
"23",2026-05-02,2,2026-05-16,"wk inc flu hosp","quantile","0.3",2.34773710569928
"23",2026-05-02,2,2026-05-16,"wk inc flu hosp","quantile","0.35",2.96530741287927
"23",2026-05-02,2,2026-05-16,"wk inc flu hosp","quantile","0.4",3.63909706750593
"23",2026-05-02,2,2026-05-16,"wk inc flu hosp","quantile","0.45",4.22014885088087
"23",2026-05-02,2,2026-05-16,"wk inc flu hosp","quantile","0.5",4.79114866585381
"23",2026-05-02,2,2026-05-16,"wk inc flu hosp","quantile","0.55",5.44092018886377
"23",2026-05-02,2,2026-05-16,"wk inc flu hosp","quantile","0.6",6.28064939053978
"23",2026-05-02,2,2026-05-16,"wk inc flu hosp","quantile","0.65",7.14716795254274
"23",2026-05-02,2,2026-05-16,"wk inc flu hosp","quantile","0.7",8.51065269326363
"23",2026-05-02,2,2026-05-16,"wk inc flu hosp","quantile","0.75",10.0516205224319
"23",2026-05-02,2,2026-05-16,"wk inc flu hosp","quantile","0.8",11.8682280224199
"23",2026-05-02,2,2026-05-16,"wk inc flu hosp","quantile","0.85",14.4655083539997
"23",2026-05-02,2,2026-05-16,"wk inc flu hosp","quantile","0.9",17.7075079153933
"23",2026-05-02,2,2026-05-16,"wk inc flu hosp","quantile","0.95",24.5924526654847
"23",2026-05-02,2,2026-05-16,"wk inc flu hosp","quantile","0.975",35.3542395378562
"23",2026-05-02,2,2026-05-16,"wk inc flu hosp","quantile","0.99",48.6051880474602
"23",2026-05-02,3,2026-05-23,"wk inc flu hosp","quantile","0.01",0
"23",2026-05-02,3,2026-05-23,"wk inc flu hosp","quantile","0.025",0
"23",2026-05-02,3,2026-05-23,"wk inc flu hosp","quantile","0.05",0
"23",2026-05-02,3,2026-05-23,"wk inc flu hosp","quantile","0.1",0.229946041458806
"23",2026-05-02,3,2026-05-23,"wk inc flu hosp","quantile","0.15",0.594267846653768
"23",2026-05-02,3,2026-05-23,"wk inc flu hosp","quantile","0.2",1.06962836258197
"23",2026-05-02,3,2026-05-23,"wk inc flu hosp","quantile","0.25",1.33311708048953
"23",2026-05-02,3,2026-05-23,"wk inc flu hosp","quantile","0.3",1.88562053186748
"23",2026-05-02,3,2026-05-23,"wk inc flu hosp","quantile","0.35",2.56116412928312
"23",2026-05-02,3,2026-05-23,"wk inc flu hosp","quantile","0.4",3.24672377050674
"23",2026-05-02,3,2026-05-23,"wk inc flu hosp","quantile","0.45",3.84229773251056
"23",2026-05-02,3,2026-05-23,"wk inc flu hosp","quantile","0.5",4.29549384741561
"23",2026-05-02,3,2026-05-23,"wk inc flu hosp","quantile","0.55",5.14681934607268
"23",2026-05-02,3,2026-05-23,"wk inc flu hosp","quantile","0.6",6.04712499852104
"23",2026-05-02,3,2026-05-23,"wk inc flu hosp","quantile","0.65",7.14572623132023
"23",2026-05-02,3,2026-05-23,"wk inc flu hosp","quantile","0.7",8.75400422224214
"23",2026-05-02,3,2026-05-23,"wk inc flu hosp","quantile","0.75",10.4647018701413
"23",2026-05-02,3,2026-05-23,"wk inc flu hosp","quantile","0.8",12.2885575295837
"23",2026-05-02,3,2026-05-23,"wk inc flu hosp","quantile","0.85",14.4912809692106
"23",2026-05-02,3,2026-05-23,"wk inc flu hosp","quantile","0.9",18.5933450220488
"23",2026-05-02,3,2026-05-23,"wk inc flu hosp","quantile","0.95",28.2831347774425
"23",2026-05-02,3,2026-05-23,"wk inc flu hosp","quantile","0.975",39.7676569402475
"23",2026-05-02,3,2026-05-23,"wk inc flu hosp","quantile","0.99",57.4645094328743
"24",2026-05-02,0,2026-05-02,"wk inc flu hosp","quantile","0.01",0.182058894812018
"24",2026-05-02,0,2026-05-02,"wk inc flu hosp","quantile","0.025",0.742506132979468
"24",2026-05-02,0,2026-05-02,"wk inc flu hosp","quantile","0.05",1.14077504342241
"24",2026-05-02,0,2026-05-02,"wk inc flu hosp","quantile","0.1",1.92203502627019
"24",2026-05-02,0,2026-05-02,"wk inc flu hosp","quantile","0.15",2.73405143399517
"24",2026-05-02,0,2026-05-02,"wk inc flu hosp","quantile","0.2",3.56786252964766
"24",2026-05-02,0,2026-05-02,"wk inc flu hosp","quantile","0.25",4.24404618074786
"24",2026-05-02,0,2026-05-02,"wk inc flu hosp","quantile","0.3",5.18242816929892
"24",2026-05-02,0,2026-05-02,"wk inc flu hosp","quantile","0.35",6.16752534376523
"24",2026-05-02,0,2026-05-02,"wk inc flu hosp","quantile","0.4",6.87336668166127
"24",2026-05-02,0,2026-05-02,"wk inc flu hosp","quantile","0.45",7.35653690646265
"24",2026-05-02,0,2026-05-02,"wk inc flu hosp","quantile","0.5",8.12421675741047
"24",2026-05-02,0,2026-05-02,"wk inc flu hosp","quantile","0.55",8.92384997576265
"24",2026-05-02,0,2026-05-02,"wk inc flu hosp","quantile","0.6",9.64454428279578
"24",2026-05-02,0,2026-05-02,"wk inc flu hosp","quantile","0.65",10.2715582596258
"24",2026-05-02,0,2026-05-02,"wk inc flu hosp","quantile","0.7",11.1490451846954
"24",2026-05-02,0,2026-05-02,"wk inc flu hosp","quantile","0.75",12.1309575000774
"24",2026-05-02,0,2026-05-02,"wk inc flu hosp","quantile","0.8",13.1568766689089
"24",2026-05-02,0,2026-05-02,"wk inc flu hosp","quantile","0.85",14.9417851868415
"24",2026-05-02,0,2026-05-02,"wk inc flu hosp","quantile","0.9",17.2000489391116
"24",2026-05-02,0,2026-05-02,"wk inc flu hosp","quantile","0.95",21.4591847475947
"24",2026-05-02,0,2026-05-02,"wk inc flu hosp","quantile","0.975",25.5773776216425
"24",2026-05-02,0,2026-05-02,"wk inc flu hosp","quantile","0.99",32.6037648698956
"24",2026-05-02,1,2026-05-09,"wk inc flu hosp","quantile","0.01",0
"24",2026-05-02,1,2026-05-09,"wk inc flu hosp","quantile","0.025",0.38134818864245
"24",2026-05-02,1,2026-05-09,"wk inc flu hosp","quantile","0.05",0.743803858005674
"24",2026-05-02,1,2026-05-09,"wk inc flu hosp","quantile","0.1",1.32380531615823
"24",2026-05-02,1,2026-05-09,"wk inc flu hosp","quantile","0.15",1.84941999528385
"24",2026-05-02,1,2026-05-09,"wk inc flu hosp","quantile","0.2",2.75923478398037
"24",2026-05-02,1,2026-05-09,"wk inc flu hosp","quantile","0.25",3.67413185150825
"24",2026-05-02,1,2026-05-09,"wk inc flu hosp","quantile","0.3",4.73906402862779
"24",2026-05-02,1,2026-05-09,"wk inc flu hosp","quantile","0.35",5.97627817579811
"24",2026-05-02,1,2026-05-09,"wk inc flu hosp","quantile","0.4",6.65916452301246
"24",2026-05-02,1,2026-05-09,"wk inc flu hosp","quantile","0.45",7.34694628073278
"24",2026-05-02,1,2026-05-09,"wk inc flu hosp","quantile","0.5",8.17771319863047
"24",2026-05-02,1,2026-05-09,"wk inc flu hosp","quantile","0.55",9.00140549621028
"24",2026-05-02,1,2026-05-09,"wk inc flu hosp","quantile","0.6",9.85981455118193
"24",2026-05-02,1,2026-05-09,"wk inc flu hosp","quantile","0.65",10.7448177342341
"24",2026-05-02,1,2026-05-09,"wk inc flu hosp","quantile","0.7",12.033161913976
"24",2026-05-02,1,2026-05-09,"wk inc flu hosp","quantile","0.75",13.6018509994261
"24",2026-05-02,1,2026-05-09,"wk inc flu hosp","quantile","0.8",15.1101021605712
"24",2026-05-02,1,2026-05-09,"wk inc flu hosp","quantile","0.85",17.2593373689519
"24",2026-05-02,1,2026-05-09,"wk inc flu hosp","quantile","0.9",20.0241166036324
"24",2026-05-02,1,2026-05-09,"wk inc flu hosp","quantile","0.95",26.1245346868745
"24",2026-05-02,1,2026-05-09,"wk inc flu hosp","quantile","0.975",32.9075503495698
"24",2026-05-02,1,2026-05-09,"wk inc flu hosp","quantile","0.99",49.2405156834116
"24",2026-05-02,2,2026-05-16,"wk inc flu hosp","quantile","0.01",0
"24",2026-05-02,2,2026-05-16,"wk inc flu hosp","quantile","0.025",0.0743866399028341
"24",2026-05-02,2,2026-05-16,"wk inc flu hosp","quantile","0.05",0.352783203987602
"24",2026-05-02,2,2026-05-16,"wk inc flu hosp","quantile","0.1",1.02382736949761
"24",2026-05-02,2,2026-05-16,"wk inc flu hosp","quantile","0.15",1.6099704691283
"24",2026-05-02,2,2026-05-16,"wk inc flu hosp","quantile","0.2",2.38525809340406
"24",2026-05-02,2,2026-05-16,"wk inc flu hosp","quantile","0.25",3.29565030081356
"24",2026-05-02,2,2026-05-16,"wk inc flu hosp","quantile","0.3",4.14047686852264
"24",2026-05-02,2,2026-05-16,"wk inc flu hosp","quantile","0.35",5.33569134764237
"24",2026-05-02,2,2026-05-16,"wk inc flu hosp","quantile","0.4",6.08552502702433
"24",2026-05-02,2,2026-05-16,"wk inc flu hosp","quantile","0.45",6.91478471410232
"24",2026-05-02,2,2026-05-16,"wk inc flu hosp","quantile","0.5",7.78909239994478
"24",2026-05-02,2,2026-05-16,"wk inc flu hosp","quantile","0.55",8.91530934395973
"24",2026-05-02,2,2026-05-16,"wk inc flu hosp","quantile","0.6",10.1493912808284
"24",2026-05-02,2,2026-05-16,"wk inc flu hosp","quantile","0.65",11.3612413920899
"24",2026-05-02,2,2026-05-16,"wk inc flu hosp","quantile","0.7",12.7091204662319
"24",2026-05-02,2,2026-05-16,"wk inc flu hosp","quantile","0.75",14.5353147681689
"24",2026-05-02,2,2026-05-16,"wk inc flu hosp","quantile","0.8",16.3531563416108
"24",2026-05-02,2,2026-05-16,"wk inc flu hosp","quantile","0.85",18.9303627695733
"24",2026-05-02,2,2026-05-16,"wk inc flu hosp","quantile","0.9",22.0783623247706
"24",2026-05-02,2,2026-05-16,"wk inc flu hosp","quantile","0.95",28.1985148933496
"24",2026-05-02,2,2026-05-16,"wk inc flu hosp","quantile","0.975",36.1971615081352
"24",2026-05-02,2,2026-05-16,"wk inc flu hosp","quantile","0.99",58.6031521306018
"24",2026-05-02,3,2026-05-23,"wk inc flu hosp","quantile","0.01",0
"24",2026-05-02,3,2026-05-23,"wk inc flu hosp","quantile","0.025",0
"24",2026-05-02,3,2026-05-23,"wk inc flu hosp","quantile","0.05",0.194900558216352
"24",2026-05-02,3,2026-05-23,"wk inc flu hosp","quantile","0.1",0.736196145571832
"24",2026-05-02,3,2026-05-23,"wk inc flu hosp","quantile","0.15",1.24881956706197
"24",2026-05-02,3,2026-05-23,"wk inc flu hosp","quantile","0.2",1.81004068294633
"24",2026-05-02,3,2026-05-23,"wk inc flu hosp","quantile","0.25",2.67723710042008
"24",2026-05-02,3,2026-05-23,"wk inc flu hosp","quantile","0.3",3.7778034783348
"24",2026-05-02,3,2026-05-23,"wk inc flu hosp","quantile","0.35",4.97870289058108
"24",2026-05-02,3,2026-05-23,"wk inc flu hosp","quantile","0.4",5.76291671000229
"24",2026-05-02,3,2026-05-23,"wk inc flu hosp","quantile","0.45",6.58350588154913
"24",2026-05-02,3,2026-05-23,"wk inc flu hosp","quantile","0.5",7.46226581644974
"24",2026-05-02,3,2026-05-23,"wk inc flu hosp","quantile","0.55",8.80964414428238
"24",2026-05-02,3,2026-05-23,"wk inc flu hosp","quantile","0.6",9.97630266639344
"24",2026-05-02,3,2026-05-23,"wk inc flu hosp","quantile","0.65",11.312868304412
"24",2026-05-02,3,2026-05-23,"wk inc flu hosp","quantile","0.7",12.9628842403801
"24",2026-05-02,3,2026-05-23,"wk inc flu hosp","quantile","0.75",14.9109834871393
"24",2026-05-02,3,2026-05-23,"wk inc flu hosp","quantile","0.8",16.9351529726457
"24",2026-05-02,3,2026-05-23,"wk inc flu hosp","quantile","0.85",20.5690784676663
"24",2026-05-02,3,2026-05-23,"wk inc flu hosp","quantile","0.9",24.5925880802415
"24",2026-05-02,3,2026-05-23,"wk inc flu hosp","quantile","0.95",33.079090193294
"24",2026-05-02,3,2026-05-23,"wk inc flu hosp","quantile","0.975",42.7342376385717
"24",2026-05-02,3,2026-05-23,"wk inc flu hosp","quantile","0.99",57.9921696490932
"25",2026-05-02,0,2026-05-02,"wk inc flu hosp","quantile","0.01",7.46930985416324
"25",2026-05-02,0,2026-05-02,"wk inc flu hosp","quantile","0.025",11.9308225806458
"25",2026-05-02,0,2026-05-02,"wk inc flu hosp","quantile","0.05",14.3465509083967
"25",2026-05-02,0,2026-05-02,"wk inc flu hosp","quantile","0.1",16.8513234069089
"25",2026-05-02,0,2026-05-02,"wk inc flu hosp","quantile","0.15",18.520082888051
"25",2026-05-02,0,2026-05-02,"wk inc flu hosp","quantile","0.2",20.2818067171004
"25",2026-05-02,0,2026-05-02,"wk inc flu hosp","quantile","0.25",21.7415578894115
"25",2026-05-02,0,2026-05-02,"wk inc flu hosp","quantile","0.3",22.9436581818775
"25",2026-05-02,0,2026-05-02,"wk inc flu hosp","quantile","0.35",24.1336814965559
"25",2026-05-02,0,2026-05-02,"wk inc flu hosp","quantile","0.4",25.4339443856423
"25",2026-05-02,0,2026-05-02,"wk inc flu hosp","quantile","0.45",26.5578399038527
"25",2026-05-02,0,2026-05-02,"wk inc flu hosp","quantile","0.5",27.6866341518312
"25",2026-05-02,0,2026-05-02,"wk inc flu hosp","quantile","0.55",29.03146137946
"25",2026-05-02,0,2026-05-02,"wk inc flu hosp","quantile","0.6",30.3541701604377
"25",2026-05-02,0,2026-05-02,"wk inc flu hosp","quantile","0.65",31.9237558900928
"25",2026-05-02,0,2026-05-02,"wk inc flu hosp","quantile","0.7",33.641364846138
"25",2026-05-02,0,2026-05-02,"wk inc flu hosp","quantile","0.75",35.5442102324375
"25",2026-05-02,0,2026-05-02,"wk inc flu hosp","quantile","0.8",37.9909672960897
"25",2026-05-02,0,2026-05-02,"wk inc flu hosp","quantile","0.85",39.8930285540632
"25",2026-05-02,0,2026-05-02,"wk inc flu hosp","quantile","0.9",42.4213042803818
"25",2026-05-02,0,2026-05-02,"wk inc flu hosp","quantile","0.95",47.0902542530991
"25",2026-05-02,0,2026-05-02,"wk inc flu hosp","quantile","0.975",52.4965214751525
"25",2026-05-02,0,2026-05-02,"wk inc flu hosp","quantile","0.99",64.9776668929406
"25",2026-05-02,1,2026-05-09,"wk inc flu hosp","quantile","0.01",3.96009091315304
"25",2026-05-02,1,2026-05-09,"wk inc flu hosp","quantile","0.025",7.48932691228147
"25",2026-05-02,1,2026-05-09,"wk inc flu hosp","quantile","0.05",10.3119847753618
"25",2026-05-02,1,2026-05-09,"wk inc flu hosp","quantile","0.1",13.5791790929639
"25",2026-05-02,1,2026-05-09,"wk inc flu hosp","quantile","0.15",15.3219467507412
"25",2026-05-02,1,2026-05-09,"wk inc flu hosp","quantile","0.2",17.0200938645403
"25",2026-05-02,1,2026-05-09,"wk inc flu hosp","quantile","0.25",18.6099394796807
"25",2026-05-02,1,2026-05-09,"wk inc flu hosp","quantile","0.3",20.0108535305522
"25",2026-05-02,1,2026-05-09,"wk inc flu hosp","quantile","0.35",21.4473585858774
"25",2026-05-02,1,2026-05-09,"wk inc flu hosp","quantile","0.4",22.7105104886077
"25",2026-05-02,1,2026-05-09,"wk inc flu hosp","quantile","0.45",23.9445631275523
"25",2026-05-02,1,2026-05-09,"wk inc flu hosp","quantile","0.5",25.5139075907666
"25",2026-05-02,1,2026-05-09,"wk inc flu hosp","quantile","0.55",26.8248414364259
"25",2026-05-02,1,2026-05-09,"wk inc flu hosp","quantile","0.6",28.3885400160201
"25",2026-05-02,1,2026-05-09,"wk inc flu hosp","quantile","0.65",30.5630854427573
"25",2026-05-02,1,2026-05-09,"wk inc flu hosp","quantile","0.7",32.4410236957227
"25",2026-05-02,1,2026-05-09,"wk inc flu hosp","quantile","0.75",34.4235120704058
"25",2026-05-02,1,2026-05-09,"wk inc flu hosp","quantile","0.8",36.9187429478077
"25",2026-05-02,1,2026-05-09,"wk inc flu hosp","quantile","0.85",39.1078731119962
"25",2026-05-02,1,2026-05-09,"wk inc flu hosp","quantile","0.9",42.3324954413782
"25",2026-05-02,1,2026-05-09,"wk inc flu hosp","quantile","0.95",47.7543611047719
"25",2026-05-02,1,2026-05-09,"wk inc flu hosp","quantile","0.975",54.8641986313853
"25",2026-05-02,1,2026-05-09,"wk inc flu hosp","quantile","0.99",70.2129566388397
"25",2026-05-02,2,2026-05-16,"wk inc flu hosp","quantile","0.01",2.52922694397541
"25",2026-05-02,2,2026-05-16,"wk inc flu hosp","quantile","0.025",5.49540160576091
"25",2026-05-02,2,2026-05-16,"wk inc flu hosp","quantile","0.05",8.45876580776283
"25",2026-05-02,2,2026-05-16,"wk inc flu hosp","quantile","0.1",11.3011659501126
"25",2026-05-02,2,2026-05-16,"wk inc flu hosp","quantile","0.15",13.4520442637008
"25",2026-05-02,2,2026-05-16,"wk inc flu hosp","quantile","0.2",15.2897009518579
"25",2026-05-02,2,2026-05-16,"wk inc flu hosp","quantile","0.25",16.9455682405049
"25",2026-05-02,2,2026-05-16,"wk inc flu hosp","quantile","0.3",18.3677484697224
"25",2026-05-02,2,2026-05-16,"wk inc flu hosp","quantile","0.35",19.8010493286139
"25",2026-05-02,2,2026-05-16,"wk inc flu hosp","quantile","0.4",20.9068942671728
"25",2026-05-02,2,2026-05-16,"wk inc flu hosp","quantile","0.45",21.8051596963161
"25",2026-05-02,2,2026-05-16,"wk inc flu hosp","quantile","0.5",23.3938581374482
"25",2026-05-02,2,2026-05-16,"wk inc flu hosp","quantile","0.55",25.2788983322579
"25",2026-05-02,2,2026-05-16,"wk inc flu hosp","quantile","0.6",26.979702580617
"25",2026-05-02,2,2026-05-16,"wk inc flu hosp","quantile","0.65",29.0310532844315
"25",2026-05-02,2,2026-05-16,"wk inc flu hosp","quantile","0.7",31.1001606012499
"25",2026-05-02,2,2026-05-16,"wk inc flu hosp","quantile","0.75",33.1097344706304
"25",2026-05-02,2,2026-05-16,"wk inc flu hosp","quantile","0.8",35.5766852510448
"25",2026-05-02,2,2026-05-16,"wk inc flu hosp","quantile","0.85",38.6243747938656
"25",2026-05-02,2,2026-05-16,"wk inc flu hosp","quantile","0.9",41.8699556575004
"25",2026-05-02,2,2026-05-16,"wk inc flu hosp","quantile","0.95",50.3875125014601
"25",2026-05-02,2,2026-05-16,"wk inc flu hosp","quantile","0.975",57.6029404953368
"25",2026-05-02,2,2026-05-16,"wk inc flu hosp","quantile","0.99",76.5652819300267
"25",2026-05-02,3,2026-05-23,"wk inc flu hosp","quantile","0.01",1.82849759501845
"25",2026-05-02,3,2026-05-23,"wk inc flu hosp","quantile","0.025",4.15446246751367
"25",2026-05-02,3,2026-05-23,"wk inc flu hosp","quantile","0.05",6.46802384452729
"25",2026-05-02,3,2026-05-23,"wk inc flu hosp","quantile","0.1",9.68221066175641
"25",2026-05-02,3,2026-05-23,"wk inc flu hosp","quantile","0.15",11.4193854621226
"25",2026-05-02,3,2026-05-23,"wk inc flu hosp","quantile","0.2",12.8950833767274
"25",2026-05-02,3,2026-05-23,"wk inc flu hosp","quantile","0.25",15.0616075348663
"25",2026-05-02,3,2026-05-23,"wk inc flu hosp","quantile","0.3",16.6571729583441
"25",2026-05-02,3,2026-05-23,"wk inc flu hosp","quantile","0.35",18.1395715426949
"25",2026-05-02,3,2026-05-23,"wk inc flu hosp","quantile","0.4",19.436706119003
"25",2026-05-02,3,2026-05-23,"wk inc flu hosp","quantile","0.45",20.3263557628774
"25",2026-05-02,3,2026-05-23,"wk inc flu hosp","quantile","0.5",21.6069739312062
"25",2026-05-02,3,2026-05-23,"wk inc flu hosp","quantile","0.55",23.274040574846
"25",2026-05-02,3,2026-05-23,"wk inc flu hosp","quantile","0.6",24.9690032266707
"25",2026-05-02,3,2026-05-23,"wk inc flu hosp","quantile","0.65",27.4909733458192
"25",2026-05-02,3,2026-05-23,"wk inc flu hosp","quantile","0.7",29.4574202404499
"25",2026-05-02,3,2026-05-23,"wk inc flu hosp","quantile","0.75",32.1983007874533
"25",2026-05-02,3,2026-05-23,"wk inc flu hosp","quantile","0.8",34.7622092824255
"25",2026-05-02,3,2026-05-23,"wk inc flu hosp","quantile","0.85",38.1513677120841
"25",2026-05-02,3,2026-05-23,"wk inc flu hosp","quantile","0.9",42.6514582978897
"25",2026-05-02,3,2026-05-23,"wk inc flu hosp","quantile","0.95",50.778698292672
"25",2026-05-02,3,2026-05-23,"wk inc flu hosp","quantile","0.975",60.3929787844244
"25",2026-05-02,3,2026-05-23,"wk inc flu hosp","quantile","0.99",88.184595972959
"26",2026-05-02,0,2026-05-02,"wk inc flu hosp","quantile","0.01",5.75552128539286
"26",2026-05-02,0,2026-05-02,"wk inc flu hosp","quantile","0.025",9.23819365682255
"26",2026-05-02,0,2026-05-02,"wk inc flu hosp","quantile","0.05",11.7721756586335
"26",2026-05-02,0,2026-05-02,"wk inc flu hosp","quantile","0.1",14.3416298112135
"26",2026-05-02,0,2026-05-02,"wk inc flu hosp","quantile","0.15",16.1307075611941
"26",2026-05-02,0,2026-05-02,"wk inc flu hosp","quantile","0.2",18.1567267297382
"26",2026-05-02,0,2026-05-02,"wk inc flu hosp","quantile","0.25",19.8201253396642
"26",2026-05-02,0,2026-05-02,"wk inc flu hosp","quantile","0.3",21.4043411061141
"26",2026-05-02,0,2026-05-02,"wk inc flu hosp","quantile","0.35",22.8716449502153
"26",2026-05-02,0,2026-05-02,"wk inc flu hosp","quantile","0.4",24.0481254446543
"26",2026-05-02,0,2026-05-02,"wk inc flu hosp","quantile","0.45",25.0945210329803
"26",2026-05-02,0,2026-05-02,"wk inc flu hosp","quantile","0.5",26.7776319455017
"26",2026-05-02,0,2026-05-02,"wk inc flu hosp","quantile","0.55",27.9796796837196
"26",2026-05-02,0,2026-05-02,"wk inc flu hosp","quantile","0.6",29.2845076542992
"26",2026-05-02,0,2026-05-02,"wk inc flu hosp","quantile","0.65",30.292996414401
"26",2026-05-02,0,2026-05-02,"wk inc flu hosp","quantile","0.7",31.6701154313061
"26",2026-05-02,0,2026-05-02,"wk inc flu hosp","quantile","0.75",33.542388260934
"26",2026-05-02,0,2026-05-02,"wk inc flu hosp","quantile","0.8",35.3249495297925
"26",2026-05-02,0,2026-05-02,"wk inc flu hosp","quantile","0.85",37.3514467740373
"26",2026-05-02,0,2026-05-02,"wk inc flu hosp","quantile","0.9",41.0529094633816
"26",2026-05-02,0,2026-05-02,"wk inc flu hosp","quantile","0.95",45.1058168073325
"26",2026-05-02,0,2026-05-02,"wk inc flu hosp","quantile","0.975",52.3274508160166
"26",2026-05-02,0,2026-05-02,"wk inc flu hosp","quantile","0.99",63.0520993073841
"26",2026-05-02,1,2026-05-09,"wk inc flu hosp","quantile","0.01",2.84308785050297
"26",2026-05-02,1,2026-05-09,"wk inc flu hosp","quantile","0.025",6.06657572496599
"26",2026-05-02,1,2026-05-09,"wk inc flu hosp","quantile","0.05",8.48889078027561
"26",2026-05-02,1,2026-05-09,"wk inc flu hosp","quantile","0.1",11.5143395528861
"26",2026-05-02,1,2026-05-09,"wk inc flu hosp","quantile","0.15",13.1124746861042
"26",2026-05-02,1,2026-05-09,"wk inc flu hosp","quantile","0.2",15.169275264991
"26",2026-05-02,1,2026-05-09,"wk inc flu hosp","quantile","0.25",16.7134984045345
"26",2026-05-02,1,2026-05-09,"wk inc flu hosp","quantile","0.3",18.4010392224035
"26",2026-05-02,1,2026-05-09,"wk inc flu hosp","quantile","0.35",20.2236147846668
"26",2026-05-02,1,2026-05-09,"wk inc flu hosp","quantile","0.4",21.3746795779788
"26",2026-05-02,1,2026-05-09,"wk inc flu hosp","quantile","0.45",22.951967908445
"26",2026-05-02,1,2026-05-09,"wk inc flu hosp","quantile","0.5",24.6149988503569
"26",2026-05-02,1,2026-05-09,"wk inc flu hosp","quantile","0.55",26.0745898124493
"26",2026-05-02,1,2026-05-09,"wk inc flu hosp","quantile","0.6",27.4710224095186
"26",2026-05-02,1,2026-05-09,"wk inc flu hosp","quantile","0.65",28.9405803417538
"26",2026-05-02,1,2026-05-09,"wk inc flu hosp","quantile","0.7",30.4567142666501
"26",2026-05-02,1,2026-05-09,"wk inc flu hosp","quantile","0.75",32.5064200976826
"26",2026-05-02,1,2026-05-09,"wk inc flu hosp","quantile","0.8",35.2295210287356
"26",2026-05-02,1,2026-05-09,"wk inc flu hosp","quantile","0.85",38.0773939534599
"26",2026-05-02,1,2026-05-09,"wk inc flu hosp","quantile","0.9",42.5778475474413
"26",2026-05-02,1,2026-05-09,"wk inc flu hosp","quantile","0.95",48.9056572715138
"26",2026-05-02,1,2026-05-09,"wk inc flu hosp","quantile","0.975",56.7983207592462
"26",2026-05-02,1,2026-05-09,"wk inc flu hosp","quantile","0.99",70.543685463521
"26",2026-05-02,2,2026-05-16,"wk inc flu hosp","quantile","0.01",1.03838906223964
"26",2026-05-02,2,2026-05-16,"wk inc flu hosp","quantile","0.025",3.73779290398752
"26",2026-05-02,2,2026-05-16,"wk inc flu hosp","quantile","0.05",6.03400516802016
"26",2026-05-02,2,2026-05-16,"wk inc flu hosp","quantile","0.1",9.28652355295806
"26",2026-05-02,2,2026-05-16,"wk inc flu hosp","quantile","0.15",11.4083617026713
"26",2026-05-02,2,2026-05-16,"wk inc flu hosp","quantile","0.2",13.5074923347468
"26",2026-05-02,2,2026-05-16,"wk inc flu hosp","quantile","0.25",15.213195631885
"26",2026-05-02,2,2026-05-16,"wk inc flu hosp","quantile","0.3",16.6802928751215
"26",2026-05-02,2,2026-05-16,"wk inc flu hosp","quantile","0.35",18.3650802392461
"26",2026-05-02,2,2026-05-16,"wk inc flu hosp","quantile","0.4",19.4659003111019
"26",2026-05-02,2,2026-05-16,"wk inc flu hosp","quantile","0.45",20.8821045109455
"26",2026-05-02,2,2026-05-16,"wk inc flu hosp","quantile","0.5",22.9213624072025
"26",2026-05-02,2,2026-05-16,"wk inc flu hosp","quantile","0.55",24.3643859841801
"26",2026-05-02,2,2026-05-16,"wk inc flu hosp","quantile","0.6",26.3012039875417
"26",2026-05-02,2,2026-05-16,"wk inc flu hosp","quantile","0.65",27.832414071184
"26",2026-05-02,2,2026-05-16,"wk inc flu hosp","quantile","0.7",29.1849006362039
"26",2026-05-02,2,2026-05-16,"wk inc flu hosp","quantile","0.75",31.4336998212737
"26",2026-05-02,2,2026-05-16,"wk inc flu hosp","quantile","0.8",34.1300436337831
"26",2026-05-02,2,2026-05-16,"wk inc flu hosp","quantile","0.85",36.9056860208076
"26",2026-05-02,2,2026-05-16,"wk inc flu hosp","quantile","0.9",43.2530589654293
"26",2026-05-02,2,2026-05-16,"wk inc flu hosp","quantile","0.95",51.3020573056498
"26",2026-05-02,2,2026-05-16,"wk inc flu hosp","quantile","0.975",62.4065206655991
"26",2026-05-02,2,2026-05-16,"wk inc flu hosp","quantile","0.99",78.2450124423684
"26",2026-05-02,3,2026-05-23,"wk inc flu hosp","quantile","0.01",0.502976823924498
"26",2026-05-02,3,2026-05-23,"wk inc flu hosp","quantile","0.025",2.65255788494725
"26",2026-05-02,3,2026-05-23,"wk inc flu hosp","quantile","0.05",4.93490179102146
"26",2026-05-02,3,2026-05-23,"wk inc flu hosp","quantile","0.1",7.25503665880344
"26",2026-05-02,3,2026-05-23,"wk inc flu hosp","quantile","0.15",9.23450928470535
"26",2026-05-02,3,2026-05-23,"wk inc flu hosp","quantile","0.2",11.2838635966287
"26",2026-05-02,3,2026-05-23,"wk inc flu hosp","quantile","0.25",13.1698362540085
"26",2026-05-02,3,2026-05-23,"wk inc flu hosp","quantile","0.3",14.4890281489618
"26",2026-05-02,3,2026-05-23,"wk inc flu hosp","quantile","0.35",16.286745086531
"26",2026-05-02,3,2026-05-23,"wk inc flu hosp","quantile","0.4",17.4419242974145
"26",2026-05-02,3,2026-05-23,"wk inc flu hosp","quantile","0.45",19.2240721678988
"26",2026-05-02,3,2026-05-23,"wk inc flu hosp","quantile","0.5",20.9932558507231
"26",2026-05-02,3,2026-05-23,"wk inc flu hosp","quantile","0.55",22.6593807265395
"26",2026-05-02,3,2026-05-23,"wk inc flu hosp","quantile","0.6",24.7045200229526
"26",2026-05-02,3,2026-05-23,"wk inc flu hosp","quantile","0.65",26.557572326656
"26",2026-05-02,3,2026-05-23,"wk inc flu hosp","quantile","0.7",28.1296292734038
"26",2026-05-02,3,2026-05-23,"wk inc flu hosp","quantile","0.75",31.0933802028955
"26",2026-05-02,3,2026-05-23,"wk inc flu hosp","quantile","0.8",33.8413886194306
"26",2026-05-02,3,2026-05-23,"wk inc flu hosp","quantile","0.85",37.2956668601243
"26",2026-05-02,3,2026-05-23,"wk inc flu hosp","quantile","0.9",42.4969340178885
"26",2026-05-02,3,2026-05-23,"wk inc flu hosp","quantile","0.95",52.6161220232546
"26",2026-05-02,3,2026-05-23,"wk inc flu hosp","quantile","0.975",63.7570869205507
"26",2026-05-02,3,2026-05-23,"wk inc flu hosp","quantile","0.99",85.4650506073476
"27",2026-05-02,0,2026-05-02,"wk inc flu hosp","quantile","0.01",2.48355104811642
"27",2026-05-02,0,2026-05-02,"wk inc flu hosp","quantile","0.025",3.63210543437946
"27",2026-05-02,0,2026-05-02,"wk inc flu hosp","quantile","0.05",5.1913919066844
"27",2026-05-02,0,2026-05-02,"wk inc flu hosp","quantile","0.1",7.27545810753975
"27",2026-05-02,0,2026-05-02,"wk inc flu hosp","quantile","0.15",8.63401984969523
"27",2026-05-02,0,2026-05-02,"wk inc flu hosp","quantile","0.2",9.71766100323919
"27",2026-05-02,0,2026-05-02,"wk inc flu hosp","quantile","0.25",10.6914647527419
"27",2026-05-02,0,2026-05-02,"wk inc flu hosp","quantile","0.3",11.9077809303232
"27",2026-05-02,0,2026-05-02,"wk inc flu hosp","quantile","0.35",13.4715251815045
"27",2026-05-02,0,2026-05-02,"wk inc flu hosp","quantile","0.4",14.8100517623007
"27",2026-05-02,0,2026-05-02,"wk inc flu hosp","quantile","0.45",15.7687171777397
"27",2026-05-02,0,2026-05-02,"wk inc flu hosp","quantile","0.5",16.7637763617566
"27",2026-05-02,0,2026-05-02,"wk inc flu hosp","quantile","0.55",17.7017160628555
"27",2026-05-02,0,2026-05-02,"wk inc flu hosp","quantile","0.6",18.5512489657279
"27",2026-05-02,0,2026-05-02,"wk inc flu hosp","quantile","0.65",19.7009469936985
"27",2026-05-02,0,2026-05-02,"wk inc flu hosp","quantile","0.7",20.8593334958452
"27",2026-05-02,0,2026-05-02,"wk inc flu hosp","quantile","0.75",21.9733873526926
"27",2026-05-02,0,2026-05-02,"wk inc flu hosp","quantile","0.8",23.4466983177443
"27",2026-05-02,0,2026-05-02,"wk inc flu hosp","quantile","0.85",25.3908163410338
"27",2026-05-02,0,2026-05-02,"wk inc flu hosp","quantile","0.9",28.5288523049729
"27",2026-05-02,0,2026-05-02,"wk inc flu hosp","quantile","0.95",33.4916387614415
"27",2026-05-02,0,2026-05-02,"wk inc flu hosp","quantile","0.975",40.6643240289808
"27",2026-05-02,0,2026-05-02,"wk inc flu hosp","quantile","0.99",50.320651683025
"27",2026-05-02,1,2026-05-09,"wk inc flu hosp","quantile","0.01",0.309957890543445
"27",2026-05-02,1,2026-05-09,"wk inc flu hosp","quantile","0.025",1.08035148678256
"27",2026-05-02,1,2026-05-09,"wk inc flu hosp","quantile","0.05",2.42115480575081
"27",2026-05-02,1,2026-05-09,"wk inc flu hosp","quantile","0.1",4.23650387020161
"27",2026-05-02,1,2026-05-09,"wk inc flu hosp","quantile","0.15",5.65732073609038
"27",2026-05-02,1,2026-05-09,"wk inc flu hosp","quantile","0.2",6.79631152938263
"27",2026-05-02,1,2026-05-09,"wk inc flu hosp","quantile","0.25",7.88335895113869
"27",2026-05-02,1,2026-05-09,"wk inc flu hosp","quantile","0.3",9.24445811480814
"27",2026-05-02,1,2026-05-09,"wk inc flu hosp","quantile","0.35",10.9206796154228
"27",2026-05-02,1,2026-05-09,"wk inc flu hosp","quantile","0.4",12.3725428387008
"27",2026-05-02,1,2026-05-09,"wk inc flu hosp","quantile","0.45",13.3436106476231
"27",2026-05-02,1,2026-05-09,"wk inc flu hosp","quantile","0.5",14.5535790735612
"27",2026-05-02,1,2026-05-09,"wk inc flu hosp","quantile","0.55",15.7010333005059
"27",2026-05-02,1,2026-05-09,"wk inc flu hosp","quantile","0.6",17.0182991382028
"27",2026-05-02,1,2026-05-09,"wk inc flu hosp","quantile","0.65",18.1876757791975
"27",2026-05-02,1,2026-05-09,"wk inc flu hosp","quantile","0.7",19.5470523966674
"27",2026-05-02,1,2026-05-09,"wk inc flu hosp","quantile","0.75",20.9540214286249
"27",2026-05-02,1,2026-05-09,"wk inc flu hosp","quantile","0.8",23.0429994915849
"27",2026-05-02,1,2026-05-09,"wk inc flu hosp","quantile","0.85",25.5397420659181
"27",2026-05-02,1,2026-05-09,"wk inc flu hosp","quantile","0.9",29.6082755333735
"27",2026-05-02,1,2026-05-09,"wk inc flu hosp","quantile","0.95",36.8072899755525
"27",2026-05-02,1,2026-05-09,"wk inc flu hosp","quantile","0.975",44.0850997474921
"27",2026-05-02,1,2026-05-09,"wk inc flu hosp","quantile","0.99",57.6711706441881
"27",2026-05-02,2,2026-05-16,"wk inc flu hosp","quantile","0.01",0
"27",2026-05-02,2,2026-05-16,"wk inc flu hosp","quantile","0.025",0.0899400897697454
"27",2026-05-02,2,2026-05-16,"wk inc flu hosp","quantile","0.05",0.573153586061057
"27",2026-05-02,2,2026-05-16,"wk inc flu hosp","quantile","0.1",2.44642191877281
"27",2026-05-02,2,2026-05-16,"wk inc flu hosp","quantile","0.15",4.04478278842489
"27",2026-05-02,2,2026-05-16,"wk inc flu hosp","quantile","0.2",5.24252073018989
"27",2026-05-02,2,2026-05-16,"wk inc flu hosp","quantile","0.25",6.07095799851396
"27",2026-05-02,2,2026-05-16,"wk inc flu hosp","quantile","0.3",7.31735403592829
"27",2026-05-02,2,2026-05-16,"wk inc flu hosp","quantile","0.35",8.63700358249397
"27",2026-05-02,2,2026-05-16,"wk inc flu hosp","quantile","0.4",10.1561225966083
"27",2026-05-02,2,2026-05-16,"wk inc flu hosp","quantile","0.45",11.5207012751618
"27",2026-05-02,2,2026-05-16,"wk inc flu hosp","quantile","0.5",12.8715959247131
"27",2026-05-02,2,2026-05-16,"wk inc flu hosp","quantile","0.55",14.0051834990016
"27",2026-05-02,2,2026-05-16,"wk inc flu hosp","quantile","0.6",15.2530383243736
"27",2026-05-02,2,2026-05-16,"wk inc flu hosp","quantile","0.65",16.6073161148136
"27",2026-05-02,2,2026-05-16,"wk inc flu hosp","quantile","0.7",18.3713069848763
"27",2026-05-02,2,2026-05-16,"wk inc flu hosp","quantile","0.75",20.2491963050549
"27",2026-05-02,2,2026-05-16,"wk inc flu hosp","quantile","0.8",22.3523415987789
"27",2026-05-02,2,2026-05-16,"wk inc flu hosp","quantile","0.85",24.6128643360763
"27",2026-05-02,2,2026-05-16,"wk inc flu hosp","quantile","0.9",28.8136099077814
"27",2026-05-02,2,2026-05-16,"wk inc flu hosp","quantile","0.95",36.9647656170451
"27",2026-05-02,2,2026-05-16,"wk inc flu hosp","quantile","0.975",45.4439090049828
"27",2026-05-02,2,2026-05-16,"wk inc flu hosp","quantile","0.99",60.6437031978681
"27",2026-05-02,3,2026-05-23,"wk inc flu hosp","quantile","0.01",0
"27",2026-05-02,3,2026-05-23,"wk inc flu hosp","quantile","0.025",0
"27",2026-05-02,3,2026-05-23,"wk inc flu hosp","quantile","0.05",0.176693127669412
"27",2026-05-02,3,2026-05-23,"wk inc flu hosp","quantile","0.1",1.15230876336381
"27",2026-05-02,3,2026-05-23,"wk inc flu hosp","quantile","0.15",2.7215496917769
"27",2026-05-02,3,2026-05-23,"wk inc flu hosp","quantile","0.2",3.71045925140848
"27",2026-05-02,3,2026-05-23,"wk inc flu hosp","quantile","0.25",4.71344656115555
"27",2026-05-02,3,2026-05-23,"wk inc flu hosp","quantile","0.3",5.94383641901888
"27",2026-05-02,3,2026-05-23,"wk inc flu hosp","quantile","0.35",7.17721517309368
"27",2026-05-02,3,2026-05-23,"wk inc flu hosp","quantile","0.4",8.74090403997911
"27",2026-05-02,3,2026-05-23,"wk inc flu hosp","quantile","0.45",10.1916163967464
"27",2026-05-02,3,2026-05-23,"wk inc flu hosp","quantile","0.5",11.3224989107827
"27",2026-05-02,3,2026-05-23,"wk inc flu hosp","quantile","0.55",12.6442806855271
"27",2026-05-02,3,2026-05-23,"wk inc flu hosp","quantile","0.6",14.0029347711063
"27",2026-05-02,3,2026-05-23,"wk inc flu hosp","quantile","0.65",15.527986433861
"27",2026-05-02,3,2026-05-23,"wk inc flu hosp","quantile","0.7",17.3134901606495
"27",2026-05-02,3,2026-05-23,"wk inc flu hosp","quantile","0.75",19.2623063608369
"27",2026-05-02,3,2026-05-23,"wk inc flu hosp","quantile","0.8",21.9436343287254
"27",2026-05-02,3,2026-05-23,"wk inc flu hosp","quantile","0.85",24.233059426017
"27",2026-05-02,3,2026-05-23,"wk inc flu hosp","quantile","0.9",29.522948853236
"27",2026-05-02,3,2026-05-23,"wk inc flu hosp","quantile","0.95",38.8439373791422
"27",2026-05-02,3,2026-05-23,"wk inc flu hosp","quantile","0.975",49.0796165847846
"27",2026-05-02,3,2026-05-23,"wk inc flu hosp","quantile","0.99",69.0110446805646
"28",2026-05-02,0,2026-05-02,"wk inc flu hosp","quantile","0.01",3.3523879734882
"28",2026-05-02,0,2026-05-02,"wk inc flu hosp","quantile","0.025",4.65396605152057
"28",2026-05-02,0,2026-05-02,"wk inc flu hosp","quantile","0.05",5.80182470070427
"28",2026-05-02,0,2026-05-02,"wk inc flu hosp","quantile","0.1",7.7935225749419
"28",2026-05-02,0,2026-05-02,"wk inc flu hosp","quantile","0.15",8.80335850390892
"28",2026-05-02,0,2026-05-02,"wk inc flu hosp","quantile","0.2",9.45319054770248
"28",2026-05-02,0,2026-05-02,"wk inc flu hosp","quantile","0.25",10.101559240284
"28",2026-05-02,0,2026-05-02,"wk inc flu hosp","quantile","0.3",10.8791143589391
"28",2026-05-02,0,2026-05-02,"wk inc flu hosp","quantile","0.35",11.7965989463041
"28",2026-05-02,0,2026-05-02,"wk inc flu hosp","quantile","0.4",12.4531107025505
"28",2026-05-02,0,2026-05-02,"wk inc flu hosp","quantile","0.45",12.9128512629969
"28",2026-05-02,0,2026-05-02,"wk inc flu hosp","quantile","0.5",13.4579629589833
"28",2026-05-02,0,2026-05-02,"wk inc flu hosp","quantile","0.55",14.2635857750304
"28",2026-05-02,0,2026-05-02,"wk inc flu hosp","quantile","0.6",14.7777068561907
"28",2026-05-02,0,2026-05-02,"wk inc flu hosp","quantile","0.65",15.3392457001261
"28",2026-05-02,0,2026-05-02,"wk inc flu hosp","quantile","0.7",16.1817541346721
"28",2026-05-02,0,2026-05-02,"wk inc flu hosp","quantile","0.75",16.9424147111967
"28",2026-05-02,0,2026-05-02,"wk inc flu hosp","quantile","0.8",17.8863607122566
"28",2026-05-02,0,2026-05-02,"wk inc flu hosp","quantile","0.85",19.2656748770446
"28",2026-05-02,0,2026-05-02,"wk inc flu hosp","quantile","0.9",21.0670743209709
"28",2026-05-02,0,2026-05-02,"wk inc flu hosp","quantile","0.95",24.5706707885592
"28",2026-05-02,0,2026-05-02,"wk inc flu hosp","quantile","0.975",26.9825303654151
"28",2026-05-02,0,2026-05-02,"wk inc flu hosp","quantile","0.99",34.8219907163379
"28",2026-05-02,1,2026-05-09,"wk inc flu hosp","quantile","0.01",2.14089282663644
"28",2026-05-02,1,2026-05-09,"wk inc flu hosp","quantile","0.025",3.50054283732755
"28",2026-05-02,1,2026-05-09,"wk inc flu hosp","quantile","0.05",4.47473615137458
"28",2026-05-02,1,2026-05-09,"wk inc flu hosp","quantile","0.1",6.58802195937164
"28",2026-05-02,1,2026-05-09,"wk inc flu hosp","quantile","0.15",7.65056546603652
"28",2026-05-02,1,2026-05-09,"wk inc flu hosp","quantile","0.2",8.40509187815269
"28",2026-05-02,1,2026-05-09,"wk inc flu hosp","quantile","0.25",9.04598991431531
"28",2026-05-02,1,2026-05-09,"wk inc flu hosp","quantile","0.3",9.99335245165546
"28",2026-05-02,1,2026-05-09,"wk inc flu hosp","quantile","0.35",10.9923720126429
"28",2026-05-02,1,2026-05-09,"wk inc flu hosp","quantile","0.4",11.7032326128948
"28",2026-05-02,1,2026-05-09,"wk inc flu hosp","quantile","0.45",12.3075093334905
"28",2026-05-02,1,2026-05-09,"wk inc flu hosp","quantile","0.5",12.995596490595
"28",2026-05-02,1,2026-05-09,"wk inc flu hosp","quantile","0.55",14.1048268056359
"28",2026-05-02,1,2026-05-09,"wk inc flu hosp","quantile","0.6",15.0433444682662
"28",2026-05-02,1,2026-05-09,"wk inc flu hosp","quantile","0.65",15.8215143568267
"28",2026-05-02,1,2026-05-09,"wk inc flu hosp","quantile","0.7",16.5167979494363
"28",2026-05-02,1,2026-05-09,"wk inc flu hosp","quantile","0.75",17.6692212671707
"28",2026-05-02,1,2026-05-09,"wk inc flu hosp","quantile","0.8",18.8272868219341
"28",2026-05-02,1,2026-05-09,"wk inc flu hosp","quantile","0.85",20.4865026204085
"28",2026-05-02,1,2026-05-09,"wk inc flu hosp","quantile","0.9",22.9484679207267
"28",2026-05-02,1,2026-05-09,"wk inc flu hosp","quantile","0.95",27.6929980591484
"28",2026-05-02,1,2026-05-09,"wk inc flu hosp","quantile","0.975",32.452585946691
"28",2026-05-02,1,2026-05-09,"wk inc flu hosp","quantile","0.99",41.9402456403911
"28",2026-05-02,2,2026-05-16,"wk inc flu hosp","quantile","0.01",1.24091702986442
"28",2026-05-02,2,2026-05-16,"wk inc flu hosp","quantile","0.025",2.50295955214595
"28",2026-05-02,2,2026-05-16,"wk inc flu hosp","quantile","0.05",3.62530417872169
"28",2026-05-02,2,2026-05-16,"wk inc flu hosp","quantile","0.1",5.69416838451403
"28",2026-05-02,2,2026-05-16,"wk inc flu hosp","quantile","0.15",6.88900118216667
"28",2026-05-02,2,2026-05-16,"wk inc flu hosp","quantile","0.2",7.82914794349912
"28",2026-05-02,2,2026-05-16,"wk inc flu hosp","quantile","0.25",8.64420531626853
"28",2026-05-02,2,2026-05-16,"wk inc flu hosp","quantile","0.3",9.4437984328071
"28",2026-05-02,2,2026-05-16,"wk inc flu hosp","quantile","0.35",10.4049207077211
"28",2026-05-02,2,2026-05-16,"wk inc flu hosp","quantile","0.4",11.1920916675488
"28",2026-05-02,2,2026-05-16,"wk inc flu hosp","quantile","0.45",11.9725468552567
"28",2026-05-02,2,2026-05-16,"wk inc flu hosp","quantile","0.5",12.7671919665942
"28",2026-05-02,2,2026-05-16,"wk inc flu hosp","quantile","0.55",13.8045332266761
"28",2026-05-02,2,2026-05-16,"wk inc flu hosp","quantile","0.6",14.9576388069887
"28",2026-05-02,2,2026-05-16,"wk inc flu hosp","quantile","0.65",16.0136269302753
"28",2026-05-02,2,2026-05-16,"wk inc flu hosp","quantile","0.7",17.0209372140683
"28",2026-05-02,2,2026-05-16,"wk inc flu hosp","quantile","0.75",18.3271639645805
"28",2026-05-02,2,2026-05-16,"wk inc flu hosp","quantile","0.8",20.0966778857236
"28",2026-05-02,2,2026-05-16,"wk inc flu hosp","quantile","0.85",22.3054811983699
"28",2026-05-02,2,2026-05-16,"wk inc flu hosp","quantile","0.9",25.3498811069862
"28",2026-05-02,2,2026-05-16,"wk inc flu hosp","quantile","0.95",32.1230922077524
"28",2026-05-02,2,2026-05-16,"wk inc flu hosp","quantile","0.975",38.9821772745207
"28",2026-05-02,2,2026-05-16,"wk inc flu hosp","quantile","0.99",53.5859551539002
"28",2026-05-02,3,2026-05-23,"wk inc flu hosp","quantile","0.01",0.61928503699025
"28",2026-05-02,3,2026-05-23,"wk inc flu hosp","quantile","0.025",1.80695505483923
"28",2026-05-02,3,2026-05-23,"wk inc flu hosp","quantile","0.05",3.00242319429549
"28",2026-05-02,3,2026-05-23,"wk inc flu hosp","quantile","0.1",5.09073633481727
"28",2026-05-02,3,2026-05-23,"wk inc flu hosp","quantile","0.15",6.31252035164377
"28",2026-05-02,3,2026-05-23,"wk inc flu hosp","quantile","0.2",7.32376750947882
"28",2026-05-02,3,2026-05-23,"wk inc flu hosp","quantile","0.25",8.2965734417349
"28",2026-05-02,3,2026-05-23,"wk inc flu hosp","quantile","0.3",9.23791659187197
"28",2026-05-02,3,2026-05-23,"wk inc flu hosp","quantile","0.35",10.177214461236
"28",2026-05-02,3,2026-05-23,"wk inc flu hosp","quantile","0.4",10.9696154207587
"28",2026-05-02,3,2026-05-23,"wk inc flu hosp","quantile","0.45",11.7707851016474
"28",2026-05-02,3,2026-05-23,"wk inc flu hosp","quantile","0.5",12.5843589541794
"28",2026-05-02,3,2026-05-23,"wk inc flu hosp","quantile","0.55",13.7474556485995
"28",2026-05-02,3,2026-05-23,"wk inc flu hosp","quantile","0.6",15.1294769792278
"28",2026-05-02,3,2026-05-23,"wk inc flu hosp","quantile","0.65",16.402784177103
"28",2026-05-02,3,2026-05-23,"wk inc flu hosp","quantile","0.7",17.9783741058869
"28",2026-05-02,3,2026-05-23,"wk inc flu hosp","quantile","0.75",19.7411780089632
"28",2026-05-02,3,2026-05-23,"wk inc flu hosp","quantile","0.8",21.7809910329476
"28",2026-05-02,3,2026-05-23,"wk inc flu hosp","quantile","0.85",24.3074044282627
"28",2026-05-02,3,2026-05-23,"wk inc flu hosp","quantile","0.9",28.7006924663115
"28",2026-05-02,3,2026-05-23,"wk inc flu hosp","quantile","0.95",37.1067813376388
"28",2026-05-02,3,2026-05-23,"wk inc flu hosp","quantile","0.975",46.5648904403796
"28",2026-05-02,3,2026-05-23,"wk inc flu hosp","quantile","0.99",57.7542912282012
"29",2026-05-02,0,2026-05-02,"wk inc flu hosp","quantile","0.01",0.829668058169825
"29",2026-05-02,0,2026-05-02,"wk inc flu hosp","quantile","0.025",2.9211502494024
"29",2026-05-02,0,2026-05-02,"wk inc flu hosp","quantile","0.05",4.18924866720294
"29",2026-05-02,0,2026-05-02,"wk inc flu hosp","quantile","0.1",6.13981265124383
"29",2026-05-02,0,2026-05-02,"wk inc flu hosp","quantile","0.15",7.61563267938846
"29",2026-05-02,0,2026-05-02,"wk inc flu hosp","quantile","0.2",8.93152168793804
"29",2026-05-02,0,2026-05-02,"wk inc flu hosp","quantile","0.25",9.76431380504268
"29",2026-05-02,0,2026-05-02,"wk inc flu hosp","quantile","0.3",10.6658555681494
"29",2026-05-02,0,2026-05-02,"wk inc flu hosp","quantile","0.35",11.6469251190581
"29",2026-05-02,0,2026-05-02,"wk inc flu hosp","quantile","0.4",12.4859853045086
"29",2026-05-02,0,2026-05-02,"wk inc flu hosp","quantile","0.45",13.4771090310407
"29",2026-05-02,0,2026-05-02,"wk inc flu hosp","quantile","0.5",13.9584054083978
"29",2026-05-02,0,2026-05-02,"wk inc flu hosp","quantile","0.55",14.7405710456091
"29",2026-05-02,0,2026-05-02,"wk inc flu hosp","quantile","0.6",15.3963437681702
"29",2026-05-02,0,2026-05-02,"wk inc flu hosp","quantile","0.65",16.3320016730704
"29",2026-05-02,0,2026-05-02,"wk inc flu hosp","quantile","0.7",17.696902115562
"29",2026-05-02,0,2026-05-02,"wk inc flu hosp","quantile","0.75",18.4796900948
"29",2026-05-02,0,2026-05-02,"wk inc flu hosp","quantile","0.8",19.9115185191579
"29",2026-05-02,0,2026-05-02,"wk inc flu hosp","quantile","0.85",21.4438694897449
"29",2026-05-02,0,2026-05-02,"wk inc flu hosp","quantile","0.9",23.7273541609173
"29",2026-05-02,0,2026-05-02,"wk inc flu hosp","quantile","0.95",26.8258093228466
"29",2026-05-02,0,2026-05-02,"wk inc flu hosp","quantile","0.975",31.9521320396477
"29",2026-05-02,0,2026-05-02,"wk inc flu hosp","quantile","0.99",41.8113446973721
"29",2026-05-02,1,2026-05-09,"wk inc flu hosp","quantile","0.01",0.356355435522732
"29",2026-05-02,1,2026-05-09,"wk inc flu hosp","quantile","0.025",1.00821992638388
"29",2026-05-02,1,2026-05-09,"wk inc flu hosp","quantile","0.05",2.21218267764592
"29",2026-05-02,1,2026-05-09,"wk inc flu hosp","quantile","0.1",4.34791987980172
"29",2026-05-02,1,2026-05-09,"wk inc flu hosp","quantile","0.15",5.84770326148325
"29",2026-05-02,1,2026-05-09,"wk inc flu hosp","quantile","0.2",7.39946146167579
"29",2026-05-02,1,2026-05-09,"wk inc flu hosp","quantile","0.25",8.4484155901115
"29",2026-05-02,1,2026-05-09,"wk inc flu hosp","quantile","0.3",9.72842026403915
"29",2026-05-02,1,2026-05-09,"wk inc flu hosp","quantile","0.35",10.8065684231252
"29",2026-05-02,1,2026-05-09,"wk inc flu hosp","quantile","0.4",11.6742636144002
"29",2026-05-02,1,2026-05-09,"wk inc flu hosp","quantile","0.45",12.6540985973835
"29",2026-05-02,1,2026-05-09,"wk inc flu hosp","quantile","0.5",13.2716639043053
"29",2026-05-02,1,2026-05-09,"wk inc flu hosp","quantile","0.55",14.1315970640315
"29",2026-05-02,1,2026-05-09,"wk inc flu hosp","quantile","0.6",14.8794193163372
"29",2026-05-02,1,2026-05-09,"wk inc flu hosp","quantile","0.65",15.7578524056012
"29",2026-05-02,1,2026-05-09,"wk inc flu hosp","quantile","0.7",17.1404972141985
"29",2026-05-02,1,2026-05-09,"wk inc flu hosp","quantile","0.75",18.4452111607994
"29",2026-05-02,1,2026-05-09,"wk inc flu hosp","quantile","0.8",19.9765278435639
"29",2026-05-02,1,2026-05-09,"wk inc flu hosp","quantile","0.85",21.9773066397422
"29",2026-05-02,1,2026-05-09,"wk inc flu hosp","quantile","0.9",24.839544993548
"29",2026-05-02,1,2026-05-09,"wk inc flu hosp","quantile","0.95",29.0121654413852
"29",2026-05-02,1,2026-05-09,"wk inc flu hosp","quantile","0.975",35.0751794452031
"29",2026-05-02,1,2026-05-09,"wk inc flu hosp","quantile","0.99",44.7298738063289
"29",2026-05-02,2,2026-05-16,"wk inc flu hosp","quantile","0.01",0
"29",2026-05-02,2,2026-05-16,"wk inc flu hosp","quantile","0.025",0.288380705688621
"29",2026-05-02,2,2026-05-16,"wk inc flu hosp","quantile","0.05",0.799486800556947
"29",2026-05-02,2,2026-05-16,"wk inc flu hosp","quantile","0.1",2.94464178341866
"29",2026-05-02,2,2026-05-16,"wk inc flu hosp","quantile","0.15",4.94307986717923
"29",2026-05-02,2,2026-05-16,"wk inc flu hosp","quantile","0.2",6.65815031996087
"29",2026-05-02,2,2026-05-16,"wk inc flu hosp","quantile","0.25",7.81739144750193
"29",2026-05-02,2,2026-05-16,"wk inc flu hosp","quantile","0.3",9.11447706899821
"29",2026-05-02,2,2026-05-16,"wk inc flu hosp","quantile","0.35",10.0217010388876
"29",2026-05-02,2,2026-05-16,"wk inc flu hosp","quantile","0.4",10.9443046532322
"29",2026-05-02,2,2026-05-16,"wk inc flu hosp","quantile","0.45",11.9600351683791
"29",2026-05-02,2,2026-05-16,"wk inc flu hosp","quantile","0.5",12.7399058167079
"29",2026-05-02,2,2026-05-16,"wk inc flu hosp","quantile","0.55",13.7454857624598
"29",2026-05-02,2,2026-05-16,"wk inc flu hosp","quantile","0.6",14.6791669040947
"29",2026-05-02,2,2026-05-16,"wk inc flu hosp","quantile","0.65",15.6732769474495
"29",2026-05-02,2,2026-05-16,"wk inc flu hosp","quantile","0.7",16.8409408616735
"29",2026-05-02,2,2026-05-16,"wk inc flu hosp","quantile","0.75",17.9485725494987
"29",2026-05-02,2,2026-05-16,"wk inc flu hosp","quantile","0.8",19.8910729739847
"29",2026-05-02,2,2026-05-16,"wk inc flu hosp","quantile","0.85",21.543195438076
"29",2026-05-02,2,2026-05-16,"wk inc flu hosp","quantile","0.9",25.0647628724639
"29",2026-05-02,2,2026-05-16,"wk inc flu hosp","quantile","0.95",30.8399014606022
"29",2026-05-02,2,2026-05-16,"wk inc flu hosp","quantile","0.975",37.3146732381445
"29",2026-05-02,2,2026-05-16,"wk inc flu hosp","quantile","0.99",50.921109292615
"29",2026-05-02,3,2026-05-23,"wk inc flu hosp","quantile","0.01",0
"29",2026-05-02,3,2026-05-23,"wk inc flu hosp","quantile","0.025",0.187378226490951
"29",2026-05-02,3,2026-05-23,"wk inc flu hosp","quantile","0.05",0.486835681404207
"29",2026-05-02,3,2026-05-23,"wk inc flu hosp","quantile","0.1",1.99456109943727
"29",2026-05-02,3,2026-05-23,"wk inc flu hosp","quantile","0.15",3.86673336874667
"29",2026-05-02,3,2026-05-23,"wk inc flu hosp","quantile","0.2",5.45490203555167
"29",2026-05-02,3,2026-05-23,"wk inc flu hosp","quantile","0.25",6.76908020536777
"29",2026-05-02,3,2026-05-23,"wk inc flu hosp","quantile","0.3",7.99460075970767
"29",2026-05-02,3,2026-05-23,"wk inc flu hosp","quantile","0.35",9.03099367506793
"29",2026-05-02,3,2026-05-23,"wk inc flu hosp","quantile","0.4",9.98275399710209
"29",2026-05-02,3,2026-05-23,"wk inc flu hosp","quantile","0.45",11.1136958488055
"29",2026-05-02,3,2026-05-23,"wk inc flu hosp","quantile","0.5",12.1318790166984
"29",2026-05-02,3,2026-05-23,"wk inc flu hosp","quantile","0.55",13.1335224913371
"29",2026-05-02,3,2026-05-23,"wk inc flu hosp","quantile","0.6",14.3996624287272
"29",2026-05-02,3,2026-05-23,"wk inc flu hosp","quantile","0.65",15.6844700131467
"29",2026-05-02,3,2026-05-23,"wk inc flu hosp","quantile","0.7",17.1364111892531
"29",2026-05-02,3,2026-05-23,"wk inc flu hosp","quantile","0.75",18.7457232130336
"29",2026-05-02,3,2026-05-23,"wk inc flu hosp","quantile","0.8",20.9540537158385
"29",2026-05-02,3,2026-05-23,"wk inc flu hosp","quantile","0.85",23.1046334898595
"29",2026-05-02,3,2026-05-23,"wk inc flu hosp","quantile","0.9",27.3146147837521
"29",2026-05-02,3,2026-05-23,"wk inc flu hosp","quantile","0.95",33.7667156041394
"29",2026-05-02,3,2026-05-23,"wk inc flu hosp","quantile","0.975",41.4309944202933
"29",2026-05-02,3,2026-05-23,"wk inc flu hosp","quantile","0.99",55.2002021335383
"30",2026-05-02,0,2026-05-02,"wk inc flu hosp","quantile","0.01",0
"30",2026-05-02,0,2026-05-02,"wk inc flu hosp","quantile","0.025",0.0156548225246265
"30",2026-05-02,0,2026-05-02,"wk inc flu hosp","quantile","0.05",0.129112339702676
"30",2026-05-02,0,2026-05-02,"wk inc flu hosp","quantile","0.1",0.386170892510158
"30",2026-05-02,0,2026-05-02,"wk inc flu hosp","quantile","0.15",0.764121578904852
"30",2026-05-02,0,2026-05-02,"wk inc flu hosp","quantile","0.2",1.10121505219869
"30",2026-05-02,0,2026-05-02,"wk inc flu hosp","quantile","0.25",1.47369598060417
"30",2026-05-02,0,2026-05-02,"wk inc flu hosp","quantile","0.3",1.74381163986557
"30",2026-05-02,0,2026-05-02,"wk inc flu hosp","quantile","0.35",2.03469402524497
"30",2026-05-02,0,2026-05-02,"wk inc flu hosp","quantile","0.4",2.28410732913794
"30",2026-05-02,0,2026-05-02,"wk inc flu hosp","quantile","0.45",2.50301182920006
"30",2026-05-02,0,2026-05-02,"wk inc flu hosp","quantile","0.5",2.73068396673641
"30",2026-05-02,0,2026-05-02,"wk inc flu hosp","quantile","0.55",3.03666725776852
"30",2026-05-02,0,2026-05-02,"wk inc flu hosp","quantile","0.6",3.35870548136567
"30",2026-05-02,0,2026-05-02,"wk inc flu hosp","quantile","0.65",3.72870121235206
"30",2026-05-02,0,2026-05-02,"wk inc flu hosp","quantile","0.7",4.14431818100208
"30",2026-05-02,0,2026-05-02,"wk inc flu hosp","quantile","0.75",4.64331828438902
"30",2026-05-02,0,2026-05-02,"wk inc flu hosp","quantile","0.8",5.11680104319241
"30",2026-05-02,0,2026-05-02,"wk inc flu hosp","quantile","0.85",5.92928237856834
"30",2026-05-02,0,2026-05-02,"wk inc flu hosp","quantile","0.9",6.86519209057869
"30",2026-05-02,0,2026-05-02,"wk inc flu hosp","quantile","0.95",8.78561360613543
"30",2026-05-02,0,2026-05-02,"wk inc flu hosp","quantile","0.975",10.9890948787619
"30",2026-05-02,0,2026-05-02,"wk inc flu hosp","quantile","0.99",14.4159504038332
"30",2026-05-02,1,2026-05-09,"wk inc flu hosp","quantile","0.01",0
"30",2026-05-02,1,2026-05-09,"wk inc flu hosp","quantile","0.025",0
"30",2026-05-02,1,2026-05-09,"wk inc flu hosp","quantile","0.05",0
"30",2026-05-02,1,2026-05-09,"wk inc flu hosp","quantile","0.1",0.0604008650649431
"30",2026-05-02,1,2026-05-09,"wk inc flu hosp","quantile","0.15",0.250570942655708
"30",2026-05-02,1,2026-05-09,"wk inc flu hosp","quantile","0.2",0.59913864629648
"30",2026-05-02,1,2026-05-09,"wk inc flu hosp","quantile","0.25",0.93283054552938
"30",2026-05-02,1,2026-05-09,"wk inc flu hosp","quantile","0.3",1.24031226005554
"30",2026-05-02,1,2026-05-09,"wk inc flu hosp","quantile","0.35",1.56425594379787
"30",2026-05-02,1,2026-05-09,"wk inc flu hosp","quantile","0.4",1.82561034393747
"30",2026-05-02,1,2026-05-09,"wk inc flu hosp","quantile","0.45",2.10444790834948
"30",2026-05-02,1,2026-05-09,"wk inc flu hosp","quantile","0.5",2.38494426210071
"30",2026-05-02,1,2026-05-09,"wk inc flu hosp","quantile","0.55",2.64743519118257
"30",2026-05-02,1,2026-05-09,"wk inc flu hosp","quantile","0.6",3.0143417790399
"30",2026-05-02,1,2026-05-09,"wk inc flu hosp","quantile","0.65",3.48354597792644
"30",2026-05-02,1,2026-05-09,"wk inc flu hosp","quantile","0.7",3.91571083737247
"30",2026-05-02,1,2026-05-09,"wk inc flu hosp","quantile","0.75",4.53969193638143
"30",2026-05-02,1,2026-05-09,"wk inc flu hosp","quantile","0.8",5.42447697095741
"30",2026-05-02,1,2026-05-09,"wk inc flu hosp","quantile","0.85",6.25886284518808
"30",2026-05-02,1,2026-05-09,"wk inc flu hosp","quantile","0.9",7.61837889911742
"30",2026-05-02,1,2026-05-09,"wk inc flu hosp","quantile","0.95",10.4200514490947
"30",2026-05-02,1,2026-05-09,"wk inc flu hosp","quantile","0.975",14.2531777908222
"30",2026-05-02,1,2026-05-09,"wk inc flu hosp","quantile","0.99",21.0963133093566
"30",2026-05-02,2,2026-05-16,"wk inc flu hosp","quantile","0.01",0
"30",2026-05-02,2,2026-05-16,"wk inc flu hosp","quantile","0.025",0
"30",2026-05-02,2,2026-05-16,"wk inc flu hosp","quantile","0.05",0
"30",2026-05-02,2,2026-05-16,"wk inc flu hosp","quantile","0.1",0
"30",2026-05-02,2,2026-05-16,"wk inc flu hosp","quantile","0.15",0.0485254373890248
"30",2026-05-02,2,2026-05-16,"wk inc flu hosp","quantile","0.2",0.360948476755149
"30",2026-05-02,2,2026-05-16,"wk inc flu hosp","quantile","0.25",0.645822941139781
"30",2026-05-02,2,2026-05-16,"wk inc flu hosp","quantile","0.3",0.917578147881355
"30",2026-05-02,2,2026-05-16,"wk inc flu hosp","quantile","0.35",1.24614611627152
"30",2026-05-02,2,2026-05-16,"wk inc flu hosp","quantile","0.4",1.53049481873725
"30",2026-05-02,2,2026-05-16,"wk inc flu hosp","quantile","0.45",1.82749169650829
"30",2026-05-02,2,2026-05-16,"wk inc flu hosp","quantile","0.5",2.12437028721391
"30",2026-05-02,2,2026-05-16,"wk inc flu hosp","quantile","0.55",2.51174734817132
"30",2026-05-02,2,2026-05-16,"wk inc flu hosp","quantile","0.6",2.88563462465036
"30",2026-05-02,2,2026-05-16,"wk inc flu hosp","quantile","0.65",3.36551784767513
"30",2026-05-02,2,2026-05-16,"wk inc flu hosp","quantile","0.7",3.90556164517154
"30",2026-05-02,2,2026-05-16,"wk inc flu hosp","quantile","0.75",4.6431502059024
"30",2026-05-02,2,2026-05-16,"wk inc flu hosp","quantile","0.8",5.20286695434248
"30",2026-05-02,2,2026-05-16,"wk inc flu hosp","quantile","0.85",6.10983160533276
"30",2026-05-02,2,2026-05-16,"wk inc flu hosp","quantile","0.9",7.76234679028502
"30",2026-05-02,2,2026-05-16,"wk inc flu hosp","quantile","0.95",11.0033424828431
"30",2026-05-02,2,2026-05-16,"wk inc flu hosp","quantile","0.975",16.1664394162056
"30",2026-05-02,2,2026-05-16,"wk inc flu hosp","quantile","0.99",30.4662079570102
"30",2026-05-02,3,2026-05-23,"wk inc flu hosp","quantile","0.01",0
"30",2026-05-02,3,2026-05-23,"wk inc flu hosp","quantile","0.025",0
"30",2026-05-02,3,2026-05-23,"wk inc flu hosp","quantile","0.05",0
"30",2026-05-02,3,2026-05-23,"wk inc flu hosp","quantile","0.1",0
"30",2026-05-02,3,2026-05-23,"wk inc flu hosp","quantile","0.15",0
"30",2026-05-02,3,2026-05-23,"wk inc flu hosp","quantile","0.2",0.162353374546958
"30",2026-05-02,3,2026-05-23,"wk inc flu hosp","quantile","0.25",0.433127209130623
"30",2026-05-02,3,2026-05-23,"wk inc flu hosp","quantile","0.3",0.653959786775123
"30",2026-05-02,3,2026-05-23,"wk inc flu hosp","quantile","0.35",0.950917826259777
"30",2026-05-02,3,2026-05-23,"wk inc flu hosp","quantile","0.4",1.27367537500227
"30",2026-05-02,3,2026-05-23,"wk inc flu hosp","quantile","0.45",1.571631457759
"30",2026-05-02,3,2026-05-23,"wk inc flu hosp","quantile","0.5",1.88343609674519
"30",2026-05-02,3,2026-05-23,"wk inc flu hosp","quantile","0.55",2.25435099920704
"30",2026-05-02,3,2026-05-23,"wk inc flu hosp","quantile","0.6",2.74736525384126
"30",2026-05-02,3,2026-05-23,"wk inc flu hosp","quantile","0.65",3.22781343125507
"30",2026-05-02,3,2026-05-23,"wk inc flu hosp","quantile","0.7",3.9277757028122
"30",2026-05-02,3,2026-05-23,"wk inc flu hosp","quantile","0.75",4.70432740654492
"30",2026-05-02,3,2026-05-23,"wk inc flu hosp","quantile","0.8",5.50429665792742
"30",2026-05-02,3,2026-05-23,"wk inc flu hosp","quantile","0.85",6.84733462586588
"30",2026-05-02,3,2026-05-23,"wk inc flu hosp","quantile","0.9",8.74631713502163
"30",2026-05-02,3,2026-05-23,"wk inc flu hosp","quantile","0.95",13.7885925805883
"30",2026-05-02,3,2026-05-23,"wk inc flu hosp","quantile","0.975",19.5115748663553
"30",2026-05-02,3,2026-05-23,"wk inc flu hosp","quantile","0.99",27.9195094054797
"31",2026-05-02,0,2026-05-02,"wk inc flu hosp","quantile","0.01",0.255271173699637
"31",2026-05-02,0,2026-05-02,"wk inc flu hosp","quantile","0.025",0.811093619285834
"31",2026-05-02,0,2026-05-02,"wk inc flu hosp","quantile","0.05",1.61990788301897
"31",2026-05-02,0,2026-05-02,"wk inc flu hosp","quantile","0.1",2.57938511282433
"31",2026-05-02,0,2026-05-02,"wk inc flu hosp","quantile","0.15",3.18073939085137
"31",2026-05-02,0,2026-05-02,"wk inc flu hosp","quantile","0.2",3.64472143769631
"31",2026-05-02,0,2026-05-02,"wk inc flu hosp","quantile","0.25",4.03942567904648
"31",2026-05-02,0,2026-05-02,"wk inc flu hosp","quantile","0.3",4.39585665746923
"31",2026-05-02,0,2026-05-02,"wk inc flu hosp","quantile","0.35",5.09095413181872
"31",2026-05-02,0,2026-05-02,"wk inc flu hosp","quantile","0.4",5.63217682709513
"31",2026-05-02,0,2026-05-02,"wk inc flu hosp","quantile","0.45",6.23102592563314
"31",2026-05-02,0,2026-05-02,"wk inc flu hosp","quantile","0.5",6.84239711629134
"31",2026-05-02,0,2026-05-02,"wk inc flu hosp","quantile","0.55",7.36367246999924
"31",2026-05-02,0,2026-05-02,"wk inc flu hosp","quantile","0.6",8.11634158288243
"31",2026-05-02,0,2026-05-02,"wk inc flu hosp","quantile","0.65",8.82736781886071
"31",2026-05-02,0,2026-05-02,"wk inc flu hosp","quantile","0.7",9.46097595540595
"31",2026-05-02,0,2026-05-02,"wk inc flu hosp","quantile","0.75",10.0706629737012
"31",2026-05-02,0,2026-05-02,"wk inc flu hosp","quantile","0.8",11.1958520037847
"31",2026-05-02,0,2026-05-02,"wk inc flu hosp","quantile","0.85",12.394920320368
"31",2026-05-02,0,2026-05-02,"wk inc flu hosp","quantile","0.9",14.2903821691421
"31",2026-05-02,0,2026-05-02,"wk inc flu hosp","quantile","0.95",17.5820704590477
"31",2026-05-02,0,2026-05-02,"wk inc flu hosp","quantile","0.975",21.9203092643083
"31",2026-05-02,0,2026-05-02,"wk inc flu hosp","quantile","0.99",26.4901053640437
"31",2026-05-02,1,2026-05-09,"wk inc flu hosp","quantile","0.01",0
"31",2026-05-02,1,2026-05-09,"wk inc flu hosp","quantile","0.025",0.073866815681243
"31",2026-05-02,1,2026-05-09,"wk inc flu hosp","quantile","0.05",0.526363139833186
"31",2026-05-02,1,2026-05-09,"wk inc flu hosp","quantile","0.1",1.51828108176241
"31",2026-05-02,1,2026-05-09,"wk inc flu hosp","quantile","0.15",2.11936046857267
"31",2026-05-02,1,2026-05-09,"wk inc flu hosp","quantile","0.2",2.48377677762237
"31",2026-05-02,1,2026-05-09,"wk inc flu hosp","quantile","0.25",2.85124891064702
"31",2026-05-02,1,2026-05-09,"wk inc flu hosp","quantile","0.3",3.44381405349666
"31",2026-05-02,1,2026-05-09,"wk inc flu hosp","quantile","0.35",4.08566101904109
"31",2026-05-02,1,2026-05-09,"wk inc flu hosp","quantile","0.4",4.61837762962094
"31",2026-05-02,1,2026-05-09,"wk inc flu hosp","quantile","0.45",5.24701697148321
"31",2026-05-02,1,2026-05-09,"wk inc flu hosp","quantile","0.5",5.99550476528256
"31",2026-05-02,1,2026-05-09,"wk inc flu hosp","quantile","0.55",6.53312564007063
"31",2026-05-02,1,2026-05-09,"wk inc flu hosp","quantile","0.6",7.4204787449121
"31",2026-05-02,1,2026-05-09,"wk inc flu hosp","quantile","0.65",8.46398499198238
"31",2026-05-02,1,2026-05-09,"wk inc flu hosp","quantile","0.7",9.4861742470571
"31",2026-05-02,1,2026-05-09,"wk inc flu hosp","quantile","0.75",10.369074334592
"31",2026-05-02,1,2026-05-09,"wk inc flu hosp","quantile","0.8",11.7454176039445
"31",2026-05-02,1,2026-05-09,"wk inc flu hosp","quantile","0.85",13.3775761405174
"31",2026-05-02,1,2026-05-09,"wk inc flu hosp","quantile","0.9",15.6905986774942
"31",2026-05-02,1,2026-05-09,"wk inc flu hosp","quantile","0.95",18.5287346275293
"31",2026-05-02,1,2026-05-09,"wk inc flu hosp","quantile","0.975",24.4202161285705
"31",2026-05-02,1,2026-05-09,"wk inc flu hosp","quantile","0.99",32.7788465737836
"31",2026-05-02,2,2026-05-16,"wk inc flu hosp","quantile","0.01",0
"31",2026-05-02,2,2026-05-16,"wk inc flu hosp","quantile","0.025",0
"31",2026-05-02,2,2026-05-16,"wk inc flu hosp","quantile","0.05",0.131912482967579
"31",2026-05-02,2,2026-05-16,"wk inc flu hosp","quantile","0.1",0.758239304084073
"31",2026-05-02,2,2026-05-16,"wk inc flu hosp","quantile","0.15",1.30852799402125
"31",2026-05-02,2,2026-05-16,"wk inc flu hosp","quantile","0.2",1.84823403231194
"31",2026-05-02,2,2026-05-16,"wk inc flu hosp","quantile","0.25",2.30132180433746
"31",2026-05-02,2,2026-05-16,"wk inc flu hosp","quantile","0.3",2.83982575716297
"31",2026-05-02,2,2026-05-16,"wk inc flu hosp","quantile","0.35",3.54898173034334
"31",2026-05-02,2,2026-05-16,"wk inc flu hosp","quantile","0.4",4.30518935180204
"31",2026-05-02,2,2026-05-16,"wk inc flu hosp","quantile","0.45",4.94517891238458
"31",2026-05-02,2,2026-05-16,"wk inc flu hosp","quantile","0.5",5.50744025800498
"31",2026-05-02,2,2026-05-16,"wk inc flu hosp","quantile","0.55",6.13879850963886
"31",2026-05-02,2,2026-05-16,"wk inc flu hosp","quantile","0.6",6.97660235736833
"31",2026-05-02,2,2026-05-16,"wk inc flu hosp","quantile","0.65",7.99612221619939
"31",2026-05-02,2,2026-05-16,"wk inc flu hosp","quantile","0.7",9.4632190151639
"31",2026-05-02,2,2026-05-16,"wk inc flu hosp","quantile","0.75",10.5104831838778
"31",2026-05-02,2,2026-05-16,"wk inc flu hosp","quantile","0.8",11.9214032444984
"31",2026-05-02,2,2026-05-16,"wk inc flu hosp","quantile","0.85",13.7371178943537
"31",2026-05-02,2,2026-05-16,"wk inc flu hosp","quantile","0.9",15.9431588120884
"31",2026-05-02,2,2026-05-16,"wk inc flu hosp","quantile","0.95",20.8597873460046
"31",2026-05-02,2,2026-05-16,"wk inc flu hosp","quantile","0.975",25.5617019402665
"31",2026-05-02,2,2026-05-16,"wk inc flu hosp","quantile","0.99",35.9288868421168
"31",2026-05-02,3,2026-05-23,"wk inc flu hosp","quantile","0.01",0
"31",2026-05-02,3,2026-05-23,"wk inc flu hosp","quantile","0.025",0
"31",2026-05-02,3,2026-05-23,"wk inc flu hosp","quantile","0.05",0.0322035908975305
"31",2026-05-02,3,2026-05-23,"wk inc flu hosp","quantile","0.1",0.430032774639294
"31",2026-05-02,3,2026-05-23,"wk inc flu hosp","quantile","0.15",0.927043209032458
"31",2026-05-02,3,2026-05-23,"wk inc flu hosp","quantile","0.2",1.31746052499047
"31",2026-05-02,3,2026-05-23,"wk inc flu hosp","quantile","0.25",1.85880119696105
"31",2026-05-02,3,2026-05-23,"wk inc flu hosp","quantile","0.3",2.36891786410256
"31",2026-05-02,3,2026-05-23,"wk inc flu hosp","quantile","0.35",3.08383948654006
"31",2026-05-02,3,2026-05-23,"wk inc flu hosp","quantile","0.4",3.90067920692483
"31",2026-05-02,3,2026-05-23,"wk inc flu hosp","quantile","0.45",4.52845480049639
"31",2026-05-02,3,2026-05-23,"wk inc flu hosp","quantile","0.5",5.22429185817916
"31",2026-05-02,3,2026-05-23,"wk inc flu hosp","quantile","0.55",5.90526644304402
"31",2026-05-02,3,2026-05-23,"wk inc flu hosp","quantile","0.6",6.6498238690739
"31",2026-05-02,3,2026-05-23,"wk inc flu hosp","quantile","0.65",7.78875617255207
"31",2026-05-02,3,2026-05-23,"wk inc flu hosp","quantile","0.7",9.01228467514565
"31",2026-05-02,3,2026-05-23,"wk inc flu hosp","quantile","0.75",10.0735040849972
"31",2026-05-02,3,2026-05-23,"wk inc flu hosp","quantile","0.8",11.6080668242495
"31",2026-05-02,3,2026-05-23,"wk inc flu hosp","quantile","0.85",13.4524396502013
"31",2026-05-02,3,2026-05-23,"wk inc flu hosp","quantile","0.9",17.0658435340944
"31",2026-05-02,3,2026-05-23,"wk inc flu hosp","quantile","0.95",21.8023949578409
"31",2026-05-02,3,2026-05-23,"wk inc flu hosp","quantile","0.975",27.9506747704382
"31",2026-05-02,3,2026-05-23,"wk inc flu hosp","quantile","0.99",35.9121921027981
"32",2026-05-02,0,2026-05-02,"wk inc flu hosp","quantile","0.01",5.42963473618613
"32",2026-05-02,0,2026-05-02,"wk inc flu hosp","quantile","0.025",7.90757297030216
"32",2026-05-02,0,2026-05-02,"wk inc flu hosp","quantile","0.05",9.82934519318874
"32",2026-05-02,0,2026-05-02,"wk inc flu hosp","quantile","0.1",11.9017096111476
"32",2026-05-02,0,2026-05-02,"wk inc flu hosp","quantile","0.15",13.2906790965003
"32",2026-05-02,0,2026-05-02,"wk inc flu hosp","quantile","0.2",14.3342361882018
"32",2026-05-02,0,2026-05-02,"wk inc flu hosp","quantile","0.25",15.3627863862681
"32",2026-05-02,0,2026-05-02,"wk inc flu hosp","quantile","0.3",16.4272100953127
"32",2026-05-02,0,2026-05-02,"wk inc flu hosp","quantile","0.35",17.3778883687493
"32",2026-05-02,0,2026-05-02,"wk inc flu hosp","quantile","0.4",18.3012057652095
"32",2026-05-02,0,2026-05-02,"wk inc flu hosp","quantile","0.45",19.0948092276827
"32",2026-05-02,0,2026-05-02,"wk inc flu hosp","quantile","0.5",20.1351800737438
"32",2026-05-02,0,2026-05-02,"wk inc flu hosp","quantile","0.55",21.1645551653515
"32",2026-05-02,0,2026-05-02,"wk inc flu hosp","quantile","0.6",22.2460637526396
"32",2026-05-02,0,2026-05-02,"wk inc flu hosp","quantile","0.65",23.2154564798188
"32",2026-05-02,0,2026-05-02,"wk inc flu hosp","quantile","0.7",24.4094458032963
"32",2026-05-02,0,2026-05-02,"wk inc flu hosp","quantile","0.75",25.8251802156558
"32",2026-05-02,0,2026-05-02,"wk inc flu hosp","quantile","0.8",27.7384957792017
"32",2026-05-02,0,2026-05-02,"wk inc flu hosp","quantile","0.85",30.2646928016567
"32",2026-05-02,0,2026-05-02,"wk inc flu hosp","quantile","0.9",33.6258784241044
"32",2026-05-02,0,2026-05-02,"wk inc flu hosp","quantile","0.95",37.7727222644268
"32",2026-05-02,0,2026-05-02,"wk inc flu hosp","quantile","0.975",43.8875049520241
"32",2026-05-02,0,2026-05-02,"wk inc flu hosp","quantile","0.99",54.2577417929391
"32",2026-05-02,1,2026-05-09,"wk inc flu hosp","quantile","0.01",3.45974638597055
"32",2026-05-02,1,2026-05-09,"wk inc flu hosp","quantile","0.025",5.49883728983396
"32",2026-05-02,1,2026-05-09,"wk inc flu hosp","quantile","0.05",6.60877598237383
"32",2026-05-02,1,2026-05-09,"wk inc flu hosp","quantile","0.1",8.35532805878053
"32",2026-05-02,1,2026-05-09,"wk inc flu hosp","quantile","0.15",10.0474448182811
"32",2026-05-02,1,2026-05-09,"wk inc flu hosp","quantile","0.2",11.2766851733155
"32",2026-05-02,1,2026-05-09,"wk inc flu hosp","quantile","0.25",12.6521267264231
"32",2026-05-02,1,2026-05-09,"wk inc flu hosp","quantile","0.3",13.8806210957373
"32",2026-05-02,1,2026-05-09,"wk inc flu hosp","quantile","0.35",15.0234549491787
"32",2026-05-02,1,2026-05-09,"wk inc flu hosp","quantile","0.4",15.8369445890437
"32",2026-05-02,1,2026-05-09,"wk inc flu hosp","quantile","0.45",17.0283820742007
"32",2026-05-02,1,2026-05-09,"wk inc flu hosp","quantile","0.5",18.097217068449
"32",2026-05-02,1,2026-05-09,"wk inc flu hosp","quantile","0.55",19.4181984807719
"32",2026-05-02,1,2026-05-09,"wk inc flu hosp","quantile","0.6",20.5923098560265
"32",2026-05-02,1,2026-05-09,"wk inc flu hosp","quantile","0.65",21.7695466455967
"32",2026-05-02,1,2026-05-09,"wk inc flu hosp","quantile","0.7",23.2101707314392
"32",2026-05-02,1,2026-05-09,"wk inc flu hosp","quantile","0.75",24.7632795901868
"32",2026-05-02,1,2026-05-09,"wk inc flu hosp","quantile","0.8",26.9730887049904
"32",2026-05-02,1,2026-05-09,"wk inc flu hosp","quantile","0.85",29.5593233844028
"32",2026-05-02,1,2026-05-09,"wk inc flu hosp","quantile","0.9",33.675634246846
"32",2026-05-02,1,2026-05-09,"wk inc flu hosp","quantile","0.95",42.0422268689906
"32",2026-05-02,1,2026-05-09,"wk inc flu hosp","quantile","0.975",51.8487891111163
"32",2026-05-02,1,2026-05-09,"wk inc flu hosp","quantile","0.99",67.162315827838
"32",2026-05-02,2,2026-05-16,"wk inc flu hosp","quantile","0.01",2.08149075688297
"32",2026-05-02,2,2026-05-16,"wk inc flu hosp","quantile","0.025",3.56782007043001
"32",2026-05-02,2,2026-05-16,"wk inc flu hosp","quantile","0.05",4.97062019826813
"32",2026-05-02,2,2026-05-16,"wk inc flu hosp","quantile","0.1",6.52613684232513
"32",2026-05-02,2,2026-05-16,"wk inc flu hosp","quantile","0.15",7.56450114117861
"32",2026-05-02,2,2026-05-16,"wk inc flu hosp","quantile","0.2",8.83746362829279
"32",2026-05-02,2,2026-05-16,"wk inc flu hosp","quantile","0.25",10.3947613609239
"32",2026-05-02,2,2026-05-16,"wk inc flu hosp","quantile","0.3",11.4371241433872
"32",2026-05-02,2,2026-05-16,"wk inc flu hosp","quantile","0.35",12.6887404859911
"32",2026-05-02,2,2026-05-16,"wk inc flu hosp","quantile","0.4",13.542287505467
"32",2026-05-02,2,2026-05-16,"wk inc flu hosp","quantile","0.45",14.7732264652266
"32",2026-05-02,2,2026-05-16,"wk inc flu hosp","quantile","0.5",16.0025762423011
"32",2026-05-02,2,2026-05-16,"wk inc flu hosp","quantile","0.55",17.3881343318948
"32",2026-05-02,2,2026-05-16,"wk inc flu hosp","quantile","0.6",18.5179706339315
"32",2026-05-02,2,2026-05-16,"wk inc flu hosp","quantile","0.65",19.9585052253935
"32",2026-05-02,2,2026-05-16,"wk inc flu hosp","quantile","0.7",21.6516840868321
"32",2026-05-02,2,2026-05-16,"wk inc flu hosp","quantile","0.75",23.5576549613359
"32",2026-05-02,2,2026-05-16,"wk inc flu hosp","quantile","0.8",26.2680317467276
"32",2026-05-02,2,2026-05-16,"wk inc flu hosp","quantile","0.85",29.2036413822147
"32",2026-05-02,2,2026-05-16,"wk inc flu hosp","quantile","0.9",35.1467053443583
"32",2026-05-02,2,2026-05-16,"wk inc flu hosp","quantile","0.95",45.1919868339584
"32",2026-05-02,2,2026-05-16,"wk inc flu hosp","quantile","0.975",57.4945449426206
"32",2026-05-02,2,2026-05-16,"wk inc flu hosp","quantile","0.99",70.3937875124551
"32",2026-05-02,3,2026-05-23,"wk inc flu hosp","quantile","0.01",1.0627450607846
"32",2026-05-02,3,2026-05-23,"wk inc flu hosp","quantile","0.025",2.47631504813548
"32",2026-05-02,3,2026-05-23,"wk inc flu hosp","quantile","0.05",3.46999154117879
"32",2026-05-02,3,2026-05-23,"wk inc flu hosp","quantile","0.1",5.09560997756781
"32",2026-05-02,3,2026-05-23,"wk inc flu hosp","quantile","0.15",6.21624877206586
"32",2026-05-02,3,2026-05-23,"wk inc flu hosp","quantile","0.2",7.52834316194255
"32",2026-05-02,3,2026-05-23,"wk inc flu hosp","quantile","0.25",9.04890169416842
"32",2026-05-02,3,2026-05-23,"wk inc flu hosp","quantile","0.3",10.3077706972357
"32",2026-05-02,3,2026-05-23,"wk inc flu hosp","quantile","0.35",11.4726779225919
"32",2026-05-02,3,2026-05-23,"wk inc flu hosp","quantile","0.4",12.5426708706513
"32",2026-05-02,3,2026-05-23,"wk inc flu hosp","quantile","0.45",13.645442515439
"32",2026-05-02,3,2026-05-23,"wk inc flu hosp","quantile","0.5",14.7792069614546
"32",2026-05-02,3,2026-05-23,"wk inc flu hosp","quantile","0.55",15.8990690082875
"32",2026-05-02,3,2026-05-23,"wk inc flu hosp","quantile","0.6",17.4275512391632
"32",2026-05-02,3,2026-05-23,"wk inc flu hosp","quantile","0.65",19.0558769011369
"32",2026-05-02,3,2026-05-23,"wk inc flu hosp","quantile","0.7",20.9650683203995
"32",2026-05-02,3,2026-05-23,"wk inc flu hosp","quantile","0.75",22.7577449941689
"32",2026-05-02,3,2026-05-23,"wk inc flu hosp","quantile","0.8",25.1884191738089
"32",2026-05-02,3,2026-05-23,"wk inc flu hosp","quantile","0.85",29.0548682062123
"32",2026-05-02,3,2026-05-23,"wk inc flu hosp","quantile","0.9",34.6945740733718
"32",2026-05-02,3,2026-05-23,"wk inc flu hosp","quantile","0.95",45.2027182308102
"32",2026-05-02,3,2026-05-23,"wk inc flu hosp","quantile","0.975",56.7586633257938
"32",2026-05-02,3,2026-05-23,"wk inc flu hosp","quantile","0.99",77.0000287434862
"33",2026-05-02,0,2026-05-02,"wk inc flu hosp","quantile","0.01",0
"33",2026-05-02,0,2026-05-02,"wk inc flu hosp","quantile","0.025",0.0157014236768995
"33",2026-05-02,0,2026-05-02,"wk inc flu hosp","quantile","0.05",0.133913781428926
"33",2026-05-02,0,2026-05-02,"wk inc flu hosp","quantile","0.1",0.328638332512782
"33",2026-05-02,0,2026-05-02,"wk inc flu hosp","quantile","0.15",0.739798989749346
"33",2026-05-02,0,2026-05-02,"wk inc flu hosp","quantile","0.2",1.09921634468172
"33",2026-05-02,0,2026-05-02,"wk inc flu hosp","quantile","0.25",1.38338489917906
"33",2026-05-02,0,2026-05-02,"wk inc flu hosp","quantile","0.3",1.67751506320949
"33",2026-05-02,0,2026-05-02,"wk inc flu hosp","quantile","0.35",1.94344025619979
"33",2026-05-02,0,2026-05-02,"wk inc flu hosp","quantile","0.4",2.23903654503351
"33",2026-05-02,0,2026-05-02,"wk inc flu hosp","quantile","0.45",2.47838198559448
"33",2026-05-02,0,2026-05-02,"wk inc flu hosp","quantile","0.5",2.7115752730171
"33",2026-05-02,0,2026-05-02,"wk inc flu hosp","quantile","0.55",2.9381776238665
"33",2026-05-02,0,2026-05-02,"wk inc flu hosp","quantile","0.6",3.30224716382188
"33",2026-05-02,0,2026-05-02,"wk inc flu hosp","quantile","0.65",3.659618083877
"33",2026-05-02,0,2026-05-02,"wk inc flu hosp","quantile","0.7",4.04421912144523
"33",2026-05-02,0,2026-05-02,"wk inc flu hosp","quantile","0.75",4.60123014237468
"33",2026-05-02,0,2026-05-02,"wk inc flu hosp","quantile","0.8",5.16167849081128
"33",2026-05-02,0,2026-05-02,"wk inc flu hosp","quantile","0.85",5.9190246599301
"33",2026-05-02,0,2026-05-02,"wk inc flu hosp","quantile","0.9",7.41119137784397
"33",2026-05-02,0,2026-05-02,"wk inc flu hosp","quantile","0.95",10.1136921425873
"33",2026-05-02,0,2026-05-02,"wk inc flu hosp","quantile","0.975",12.8949608693036
"33",2026-05-02,0,2026-05-02,"wk inc flu hosp","quantile","0.99",18.9901040415704
"33",2026-05-02,1,2026-05-09,"wk inc flu hosp","quantile","0.01",0
"33",2026-05-02,1,2026-05-09,"wk inc flu hosp","quantile","0.025",0
"33",2026-05-02,1,2026-05-09,"wk inc flu hosp","quantile","0.05",0
"33",2026-05-02,1,2026-05-09,"wk inc flu hosp","quantile","0.1",0.0881601791611337
"33",2026-05-02,1,2026-05-09,"wk inc flu hosp","quantile","0.15",0.254022270046303
"33",2026-05-02,1,2026-05-09,"wk inc flu hosp","quantile","0.2",0.608072174737407
"33",2026-05-02,1,2026-05-09,"wk inc flu hosp","quantile","0.25",0.861367620610484
"33",2026-05-02,1,2026-05-09,"wk inc flu hosp","quantile","0.3",1.15034563805199
"33",2026-05-02,1,2026-05-09,"wk inc flu hosp","quantile","0.35",1.41315087920748
"33",2026-05-02,1,2026-05-09,"wk inc flu hosp","quantile","0.4",1.65827992359962
"33",2026-05-02,1,2026-05-09,"wk inc flu hosp","quantile","0.45",1.88093568153666
"33",2026-05-02,1,2026-05-09,"wk inc flu hosp","quantile","0.5",2.14701110178329
"33",2026-05-02,1,2026-05-09,"wk inc flu hosp","quantile","0.55",2.51633889921658
"33",2026-05-02,1,2026-05-09,"wk inc flu hosp","quantile","0.6",2.84490350383388
"33",2026-05-02,1,2026-05-09,"wk inc flu hosp","quantile","0.65",3.21810148867196
"33",2026-05-02,1,2026-05-09,"wk inc flu hosp","quantile","0.7",3.69412755636034
"33",2026-05-02,1,2026-05-09,"wk inc flu hosp","quantile","0.75",4.3947808137648
"33",2026-05-02,1,2026-05-09,"wk inc flu hosp","quantile","0.8",5.05479874659669
"33",2026-05-02,1,2026-05-09,"wk inc flu hosp","quantile","0.85",5.94923555661712
"33",2026-05-02,1,2026-05-09,"wk inc flu hosp","quantile","0.9",7.75125094665005
"33",2026-05-02,1,2026-05-09,"wk inc flu hosp","quantile","0.95",10.6646134977177
"33",2026-05-02,1,2026-05-09,"wk inc flu hosp","quantile","0.975",13.7451063178909
"33",2026-05-02,1,2026-05-09,"wk inc flu hosp","quantile","0.99",21.4130906449933
"33",2026-05-02,2,2026-05-16,"wk inc flu hosp","quantile","0.01",0
"33",2026-05-02,2,2026-05-16,"wk inc flu hosp","quantile","0.025",0
"33",2026-05-02,2,2026-05-16,"wk inc flu hosp","quantile","0.05",0
"33",2026-05-02,2,2026-05-16,"wk inc flu hosp","quantile","0.1",0
"33",2026-05-02,2,2026-05-16,"wk inc flu hosp","quantile","0.15",0.0462273991985762
"33",2026-05-02,2,2026-05-16,"wk inc flu hosp","quantile","0.2",0.340449422897851
"33",2026-05-02,2,2026-05-16,"wk inc flu hosp","quantile","0.25",0.588667642976732
"33",2026-05-02,2,2026-05-16,"wk inc flu hosp","quantile","0.3",0.775421678450383
"33",2026-05-02,2,2026-05-16,"wk inc flu hosp","quantile","0.35",1.01425001343855
"33",2026-05-02,2,2026-05-16,"wk inc flu hosp","quantile","0.4",1.24266726660628
"33",2026-05-02,2,2026-05-16,"wk inc flu hosp","quantile","0.45",1.50013917867767
"33",2026-05-02,2,2026-05-16,"wk inc flu hosp","quantile","0.5",1.808850312581
"33",2026-05-02,2,2026-05-16,"wk inc flu hosp","quantile","0.55",2.18928797658651
"33",2026-05-02,2,2026-05-16,"wk inc flu hosp","quantile","0.6",2.59300278646946
"33",2026-05-02,2,2026-05-16,"wk inc flu hosp","quantile","0.65",3.06446639488317
"33",2026-05-02,2,2026-05-16,"wk inc flu hosp","quantile","0.7",3.61920446232207
"33",2026-05-02,2,2026-05-16,"wk inc flu hosp","quantile","0.75",4.11786240311961
"33",2026-05-02,2,2026-05-16,"wk inc flu hosp","quantile","0.8",4.96950134838627
"33",2026-05-02,2,2026-05-16,"wk inc flu hosp","quantile","0.85",5.72093956971852
"33",2026-05-02,2,2026-05-16,"wk inc flu hosp","quantile","0.9",7.81099875356458
"33",2026-05-02,2,2026-05-16,"wk inc flu hosp","quantile","0.95",10.9281065972142
"33",2026-05-02,2,2026-05-16,"wk inc flu hosp","quantile","0.975",14.2839742758098
"33",2026-05-02,2,2026-05-16,"wk inc flu hosp","quantile","0.99",21.2340066806508
"33",2026-05-02,3,2026-05-23,"wk inc flu hosp","quantile","0.01",0
"33",2026-05-02,3,2026-05-23,"wk inc flu hosp","quantile","0.025",0
"33",2026-05-02,3,2026-05-23,"wk inc flu hosp","quantile","0.05",0
"33",2026-05-02,3,2026-05-23,"wk inc flu hosp","quantile","0.1",0
"33",2026-05-02,3,2026-05-23,"wk inc flu hosp","quantile","0.15",0
"33",2026-05-02,3,2026-05-23,"wk inc flu hosp","quantile","0.2",0.0772359536597695
"33",2026-05-02,3,2026-05-23,"wk inc flu hosp","quantile","0.25",0.295577877546801
"33",2026-05-02,3,2026-05-23,"wk inc flu hosp","quantile","0.3",0.506089157384922
"33",2026-05-02,3,2026-05-23,"wk inc flu hosp","quantile","0.35",0.724814715785268
"33",2026-05-02,3,2026-05-23,"wk inc flu hosp","quantile","0.4",0.988708764730106
"33",2026-05-02,3,2026-05-23,"wk inc flu hosp","quantile","0.45",1.24265065308275
"33",2026-05-02,3,2026-05-23,"wk inc flu hosp","quantile","0.5",1.52679372274013
"33",2026-05-02,3,2026-05-23,"wk inc flu hosp","quantile","0.55",1.85347797286132
"33",2026-05-02,3,2026-05-23,"wk inc flu hosp","quantile","0.6",2.27612831293491
"33",2026-05-02,3,2026-05-23,"wk inc flu hosp","quantile","0.65",2.79236638581304
"33",2026-05-02,3,2026-05-23,"wk inc flu hosp","quantile","0.7",3.46026178874661
"33",2026-05-02,3,2026-05-23,"wk inc flu hosp","quantile","0.75",4.36572533106711
"33",2026-05-02,3,2026-05-23,"wk inc flu hosp","quantile","0.8",5.10587040331096
"33",2026-05-02,3,2026-05-23,"wk inc flu hosp","quantile","0.85",6.29471757078446
"33",2026-05-02,3,2026-05-23,"wk inc flu hosp","quantile","0.9",8.25516411548497
"33",2026-05-02,3,2026-05-23,"wk inc flu hosp","quantile","0.95",11.9427844697887
"33",2026-05-02,3,2026-05-23,"wk inc flu hosp","quantile","0.975",15.2952548676731
"33",2026-05-02,3,2026-05-23,"wk inc flu hosp","quantile","0.99",25.407523074297
"34",2026-05-02,0,2026-05-02,"wk inc flu hosp","quantile","0.01",7.41187679855958
"34",2026-05-02,0,2026-05-02,"wk inc flu hosp","quantile","0.025",11.9795730941255
"34",2026-05-02,0,2026-05-02,"wk inc flu hosp","quantile","0.05",16.2917224696192
"34",2026-05-02,0,2026-05-02,"wk inc flu hosp","quantile","0.1",20.7144130917966
"34",2026-05-02,0,2026-05-02,"wk inc flu hosp","quantile","0.15",23.0040910645557
"34",2026-05-02,0,2026-05-02,"wk inc flu hosp","quantile","0.2",24.9084328757039
"34",2026-05-02,0,2026-05-02,"wk inc flu hosp","quantile","0.25",26.2452460372302
"34",2026-05-02,0,2026-05-02,"wk inc flu hosp","quantile","0.3",27.9278450729806
"34",2026-05-02,0,2026-05-02,"wk inc flu hosp","quantile","0.35",29.3993295528601
"34",2026-05-02,0,2026-05-02,"wk inc flu hosp","quantile","0.4",30.6521070933121
"34",2026-05-02,0,2026-05-02,"wk inc flu hosp","quantile","0.45",31.7574283890118
"34",2026-05-02,0,2026-05-02,"wk inc flu hosp","quantile","0.5",33.3117684487178
"34",2026-05-02,0,2026-05-02,"wk inc flu hosp","quantile","0.55",35.1351315556243
"34",2026-05-02,0,2026-05-02,"wk inc flu hosp","quantile","0.6",36.7414268958024
"34",2026-05-02,0,2026-05-02,"wk inc flu hosp","quantile","0.65",38.1895788909819
"34",2026-05-02,0,2026-05-02,"wk inc flu hosp","quantile","0.7",40.1008786423036
"34",2026-05-02,0,2026-05-02,"wk inc flu hosp","quantile","0.75",42.1441858359526
"34",2026-05-02,0,2026-05-02,"wk inc flu hosp","quantile","0.8",44.7295156696829
"34",2026-05-02,0,2026-05-02,"wk inc flu hosp","quantile","0.85",48.125615670625
"34",2026-05-02,0,2026-05-02,"wk inc flu hosp","quantile","0.9",52.516861648603
"34",2026-05-02,0,2026-05-02,"wk inc flu hosp","quantile","0.95",61.7953237438175
"34",2026-05-02,0,2026-05-02,"wk inc flu hosp","quantile","0.975",73.3151448801428
"34",2026-05-02,0,2026-05-02,"wk inc flu hosp","quantile","0.99",87.2075943712413
"34",2026-05-02,1,2026-05-09,"wk inc flu hosp","quantile","0.01",5.78482296891465
"34",2026-05-02,1,2026-05-09,"wk inc flu hosp","quantile","0.025",7.77777711644643
"34",2026-05-02,1,2026-05-09,"wk inc flu hosp","quantile","0.05",11.6271313438434
"34",2026-05-02,1,2026-05-09,"wk inc flu hosp","quantile","0.1",16.1594047117321
"34",2026-05-02,1,2026-05-09,"wk inc flu hosp","quantile","0.15",18.5978343013957
"34",2026-05-02,1,2026-05-09,"wk inc flu hosp","quantile","0.2",20.9514287562471
"34",2026-05-02,1,2026-05-09,"wk inc flu hosp","quantile","0.25",22.665124424804
"34",2026-05-02,1,2026-05-09,"wk inc flu hosp","quantile","0.3",24.0451753561379
"34",2026-05-02,1,2026-05-09,"wk inc flu hosp","quantile","0.35",25.6635021988645
"34",2026-05-02,1,2026-05-09,"wk inc flu hosp","quantile","0.4",27.2829096070155
"34",2026-05-02,1,2026-05-09,"wk inc flu hosp","quantile","0.45",28.9561742616072
"34",2026-05-02,1,2026-05-09,"wk inc flu hosp","quantile","0.5",30.6619677183575
"34",2026-05-02,1,2026-05-09,"wk inc flu hosp","quantile","0.55",32.5257916643433
"34",2026-05-02,1,2026-05-09,"wk inc flu hosp","quantile","0.6",34.3127519332436
"34",2026-05-02,1,2026-05-09,"wk inc flu hosp","quantile","0.65",36.4282454986768
"34",2026-05-02,1,2026-05-09,"wk inc flu hosp","quantile","0.7",38.8616780094099
"34",2026-05-02,1,2026-05-09,"wk inc flu hosp","quantile","0.75",41.9834548733095
"34",2026-05-02,1,2026-05-09,"wk inc flu hosp","quantile","0.8",44.7993233230531
"34",2026-05-02,1,2026-05-09,"wk inc flu hosp","quantile","0.85",48.6862567101171
"34",2026-05-02,1,2026-05-09,"wk inc flu hosp","quantile","0.9",54.8348055967511
"34",2026-05-02,1,2026-05-09,"wk inc flu hosp","quantile","0.95",66.0705728332572
"34",2026-05-02,1,2026-05-09,"wk inc flu hosp","quantile","0.975",76.4966370740558
"34",2026-05-02,1,2026-05-09,"wk inc flu hosp","quantile","0.99",97.5878768929549
"34",2026-05-02,2,2026-05-16,"wk inc flu hosp","quantile","0.01",4.10409565553229
"34",2026-05-02,2,2026-05-16,"wk inc flu hosp","quantile","0.025",5.54124849113896
"34",2026-05-02,2,2026-05-16,"wk inc flu hosp","quantile","0.05",8.65084540228738
"34",2026-05-02,2,2026-05-16,"wk inc flu hosp","quantile","0.1",13.0604525616021
"34",2026-05-02,2,2026-05-16,"wk inc flu hosp","quantile","0.15",16.2069246429663
"34",2026-05-02,2,2026-05-16,"wk inc flu hosp","quantile","0.2",18.4451035083011
"34",2026-05-02,2,2026-05-16,"wk inc flu hosp","quantile","0.25",20.1401915231249
"34",2026-05-02,2,2026-05-16,"wk inc flu hosp","quantile","0.3",21.4895637894638
"34",2026-05-02,2,2026-05-16,"wk inc flu hosp","quantile","0.35",22.4870981074182
"34",2026-05-02,2,2026-05-16,"wk inc flu hosp","quantile","0.4",24.1278395128596
"34",2026-05-02,2,2026-05-16,"wk inc flu hosp","quantile","0.45",26.5294993745042
"34",2026-05-02,2,2026-05-16,"wk inc flu hosp","quantile","0.5",28.2698853000367
"34",2026-05-02,2,2026-05-16,"wk inc flu hosp","quantile","0.55",30.3044012111232
"34",2026-05-02,2,2026-05-16,"wk inc flu hosp","quantile","0.6",32.3351942671863
"34",2026-05-02,2,2026-05-16,"wk inc flu hosp","quantile","0.65",34.5519456836277
"34",2026-05-02,2,2026-05-16,"wk inc flu hosp","quantile","0.7",37.8179767944606
"34",2026-05-02,2,2026-05-16,"wk inc flu hosp","quantile","0.75",40.6760786600731
"34",2026-05-02,2,2026-05-16,"wk inc flu hosp","quantile","0.8",44.4027737324525
"34",2026-05-02,2,2026-05-16,"wk inc flu hosp","quantile","0.85",49.0720101490236
"34",2026-05-02,2,2026-05-16,"wk inc flu hosp","quantile","0.9",56.4289445895799
"34",2026-05-02,2,2026-05-16,"wk inc flu hosp","quantile","0.95",70.2064626938404
"34",2026-05-02,2,2026-05-16,"wk inc flu hosp","quantile","0.975",83.2010458694845
"34",2026-05-02,2,2026-05-16,"wk inc flu hosp","quantile","0.99",116.70113674086
"34",2026-05-02,3,2026-05-23,"wk inc flu hosp","quantile","0.01",2.95667179621934
"34",2026-05-02,3,2026-05-23,"wk inc flu hosp","quantile","0.025",3.92715957767215
"34",2026-05-02,3,2026-05-23,"wk inc flu hosp","quantile","0.05",7.23083587126505
"34",2026-05-02,3,2026-05-23,"wk inc flu hosp","quantile","0.1",10.8929622514806
"34",2026-05-02,3,2026-05-23,"wk inc flu hosp","quantile","0.15",13.3399889346926
"34",2026-05-02,3,2026-05-23,"wk inc flu hosp","quantile","0.2",15.7343544163749
"34",2026-05-02,3,2026-05-23,"wk inc flu hosp","quantile","0.25",17.655417055667
"34",2026-05-02,3,2026-05-23,"wk inc flu hosp","quantile","0.3",19.297673221601
"34",2026-05-02,3,2026-05-23,"wk inc flu hosp","quantile","0.35",20.8178383272329
"34",2026-05-02,3,2026-05-23,"wk inc flu hosp","quantile","0.4",22.3532690471749
"34",2026-05-02,3,2026-05-23,"wk inc flu hosp","quantile","0.45",24.8236282050945
"34",2026-05-02,3,2026-05-23,"wk inc flu hosp","quantile","0.5",26.8054624200514
"34",2026-05-02,3,2026-05-23,"wk inc flu hosp","quantile","0.55",28.7470050422565
"34",2026-05-02,3,2026-05-23,"wk inc flu hosp","quantile","0.6",31.4018652916004
"34",2026-05-02,3,2026-05-23,"wk inc flu hosp","quantile","0.65",34.0226255796139
"34",2026-05-02,3,2026-05-23,"wk inc flu hosp","quantile","0.7",37.9784656821452
"34",2026-05-02,3,2026-05-23,"wk inc flu hosp","quantile","0.75",41.5850261779901
"34",2026-05-02,3,2026-05-23,"wk inc flu hosp","quantile","0.8",45.8885493889185
"34",2026-05-02,3,2026-05-23,"wk inc flu hosp","quantile","0.85",51.1672705129193
"34",2026-05-02,3,2026-05-23,"wk inc flu hosp","quantile","0.9",59.0853169231053
"34",2026-05-02,3,2026-05-23,"wk inc flu hosp","quantile","0.95",76.2915810295172
"34",2026-05-02,3,2026-05-23,"wk inc flu hosp","quantile","0.975",94.6915813376527
"34",2026-05-02,3,2026-05-23,"wk inc flu hosp","quantile","0.99",127.628939814921
"35",2026-05-02,0,2026-05-02,"wk inc flu hosp","quantile","0.01",0.168765528603762
"35",2026-05-02,0,2026-05-02,"wk inc flu hosp","quantile","0.025",0.772875697469109
"35",2026-05-02,0,2026-05-02,"wk inc flu hosp","quantile","0.05",1.28264971219196
"35",2026-05-02,0,2026-05-02,"wk inc flu hosp","quantile","0.1",2.28778474263675
"35",2026-05-02,0,2026-05-02,"wk inc flu hosp","quantile","0.15",2.87296622516331
"35",2026-05-02,0,2026-05-02,"wk inc flu hosp","quantile","0.2",3.34132432528481
"35",2026-05-02,0,2026-05-02,"wk inc flu hosp","quantile","0.25",3.87473412155339
"35",2026-05-02,0,2026-05-02,"wk inc flu hosp","quantile","0.3",4.44268601211105
"35",2026-05-02,0,2026-05-02,"wk inc flu hosp","quantile","0.35",5.10734272287436
"35",2026-05-02,0,2026-05-02,"wk inc flu hosp","quantile","0.4",5.58123413141232
"35",2026-05-02,0,2026-05-02,"wk inc flu hosp","quantile","0.45",6.03679943131207
"35",2026-05-02,0,2026-05-02,"wk inc flu hosp","quantile","0.5",6.42025557713634
"35",2026-05-02,0,2026-05-02,"wk inc flu hosp","quantile","0.55",6.84331077735007
"35",2026-05-02,0,2026-05-02,"wk inc flu hosp","quantile","0.6",7.26281791157577
"35",2026-05-02,0,2026-05-02,"wk inc flu hosp","quantile","0.65",7.84070349538271
"35",2026-05-02,0,2026-05-02,"wk inc flu hosp","quantile","0.7",8.45464586656869
"35",2026-05-02,0,2026-05-02,"wk inc flu hosp","quantile","0.75",9.07836742065552
"35",2026-05-02,0,2026-05-02,"wk inc flu hosp","quantile","0.8",9.84968471647679
"35",2026-05-02,0,2026-05-02,"wk inc flu hosp","quantile","0.85",10.7762762571189
"35",2026-05-02,0,2026-05-02,"wk inc flu hosp","quantile","0.9",12.0876286464075
"35",2026-05-02,0,2026-05-02,"wk inc flu hosp","quantile","0.95",14.3864357050794
"35",2026-05-02,0,2026-05-02,"wk inc flu hosp","quantile","0.975",18.4142480244937
"35",2026-05-02,0,2026-05-02,"wk inc flu hosp","quantile","0.99",25.6351867075391
"35",2026-05-02,1,2026-05-09,"wk inc flu hosp","quantile","0.01",0
"35",2026-05-02,1,2026-05-09,"wk inc flu hosp","quantile","0.025",0.138934782041994
"35",2026-05-02,1,2026-05-09,"wk inc flu hosp","quantile","0.05",0.719004821382608
"35",2026-05-02,1,2026-05-09,"wk inc flu hosp","quantile","0.1",1.61904027327586
"35",2026-05-02,1,2026-05-09,"wk inc flu hosp","quantile","0.15",2.2526108439062
"35",2026-05-02,1,2026-05-09,"wk inc flu hosp","quantile","0.2",2.85695940164642
"35",2026-05-02,1,2026-05-09,"wk inc flu hosp","quantile","0.25",3.38637699274701
"35",2026-05-02,1,2026-05-09,"wk inc flu hosp","quantile","0.3",4.03679733597969
"35",2026-05-02,1,2026-05-09,"wk inc flu hosp","quantile","0.35",4.80275259470546
"35",2026-05-02,1,2026-05-09,"wk inc flu hosp","quantile","0.4",5.2900567546863
"35",2026-05-02,1,2026-05-09,"wk inc flu hosp","quantile","0.45",5.84589745020116
"35",2026-05-02,1,2026-05-09,"wk inc flu hosp","quantile","0.5",6.3638824362302
"35",2026-05-02,1,2026-05-09,"wk inc flu hosp","quantile","0.55",6.89666971022229
"35",2026-05-02,1,2026-05-09,"wk inc flu hosp","quantile","0.6",7.53024652077041
"35",2026-05-02,1,2026-05-09,"wk inc flu hosp","quantile","0.65",8.18768792030755
"35",2026-05-02,1,2026-05-09,"wk inc flu hosp","quantile","0.7",8.83417259293972
"35",2026-05-02,1,2026-05-09,"wk inc flu hosp","quantile","0.75",9.58178542802361
"35",2026-05-02,1,2026-05-09,"wk inc flu hosp","quantile","0.8",10.5110235185483
"35",2026-05-02,1,2026-05-09,"wk inc flu hosp","quantile","0.85",11.8008220631386
"35",2026-05-02,1,2026-05-09,"wk inc flu hosp","quantile","0.9",13.7593878729069
"35",2026-05-02,1,2026-05-09,"wk inc flu hosp","quantile","0.95",18.7612897330575
"35",2026-05-02,1,2026-05-09,"wk inc flu hosp","quantile","0.975",23.2292063864095
"35",2026-05-02,1,2026-05-09,"wk inc flu hosp","quantile","0.99",31.0217090392439
"35",2026-05-02,2,2026-05-16,"wk inc flu hosp","quantile","0.01",0
"35",2026-05-02,2,2026-05-16,"wk inc flu hosp","quantile","0.025",0
"35",2026-05-02,2,2026-05-16,"wk inc flu hosp","quantile","0.05",0.175457356986319
"35",2026-05-02,2,2026-05-16,"wk inc flu hosp","quantile","0.1",1.20100089491589
"35",2026-05-02,2,2026-05-16,"wk inc flu hosp","quantile","0.15",1.93368529344992
"35",2026-05-02,2,2026-05-16,"wk inc flu hosp","quantile","0.2",2.54838073418439
"35",2026-05-02,2,2026-05-16,"wk inc flu hosp","quantile","0.25",3.11104552391284
"35",2026-05-02,2,2026-05-16,"wk inc flu hosp","quantile","0.3",3.68955659439324
"35",2026-05-02,2,2026-05-16,"wk inc flu hosp","quantile","0.35",4.36464005426445
"35",2026-05-02,2,2026-05-16,"wk inc flu hosp","quantile","0.4",4.86261945367879
"35",2026-05-02,2,2026-05-16,"wk inc flu hosp","quantile","0.45",5.52033329916536
"35",2026-05-02,2,2026-05-16,"wk inc flu hosp","quantile","0.5",6.03105627326195
"35",2026-05-02,2,2026-05-16,"wk inc flu hosp","quantile","0.55",6.65348760614617
"35",2026-05-02,2,2026-05-16,"wk inc flu hosp","quantile","0.6",7.64521698531198
"35",2026-05-02,2,2026-05-16,"wk inc flu hosp","quantile","0.65",8.26523197883502
"35",2026-05-02,2,2026-05-16,"wk inc flu hosp","quantile","0.7",9.0750750098082
"35",2026-05-02,2,2026-05-16,"wk inc flu hosp","quantile","0.75",10.2779893923922
"35",2026-05-02,2,2026-05-16,"wk inc flu hosp","quantile","0.8",11.7863310265251
"35",2026-05-02,2,2026-05-16,"wk inc flu hosp","quantile","0.85",13.8328095687369
"35",2026-05-02,2,2026-05-16,"wk inc flu hosp","quantile","0.9",16.3094438477412
"35",2026-05-02,2,2026-05-16,"wk inc flu hosp","quantile","0.95",22.8560670391065
"35",2026-05-02,2,2026-05-16,"wk inc flu hosp","quantile","0.975",30.4079364837262
"35",2026-05-02,2,2026-05-16,"wk inc flu hosp","quantile","0.99",43.0789450888417
"35",2026-05-02,3,2026-05-23,"wk inc flu hosp","quantile","0.01",0
"35",2026-05-02,3,2026-05-23,"wk inc flu hosp","quantile","0.025",0
"35",2026-05-02,3,2026-05-23,"wk inc flu hosp","quantile","0.05",0
"35",2026-05-02,3,2026-05-23,"wk inc flu hosp","quantile","0.1",0.846087651977976
"35",2026-05-02,3,2026-05-23,"wk inc flu hosp","quantile","0.15",1.52576124837865
"35",2026-05-02,3,2026-05-23,"wk inc flu hosp","quantile","0.2",2.03564258967719
"35",2026-05-02,3,2026-05-23,"wk inc flu hosp","quantile","0.25",2.60629754584406
"35",2026-05-02,3,2026-05-23,"wk inc flu hosp","quantile","0.3",3.26987654708655
"35",2026-05-02,3,2026-05-23,"wk inc flu hosp","quantile","0.35",3.8373227146619
"35",2026-05-02,3,2026-05-23,"wk inc flu hosp","quantile","0.4",4.44832912411338
"35",2026-05-02,3,2026-05-23,"wk inc flu hosp","quantile","0.45",5.0988986932137
"35",2026-05-02,3,2026-05-23,"wk inc flu hosp","quantile","0.5",5.68484728021099
"35",2026-05-02,3,2026-05-23,"wk inc flu hosp","quantile","0.55",6.41792296063677
"35",2026-05-02,3,2026-05-23,"wk inc flu hosp","quantile","0.6",7.41470572568763
"35",2026-05-02,3,2026-05-23,"wk inc flu hosp","quantile","0.65",8.37610966179444
"35",2026-05-02,3,2026-05-23,"wk inc flu hosp","quantile","0.7",9.35313303144025
"35",2026-05-02,3,2026-05-23,"wk inc flu hosp","quantile","0.75",10.527358724566
"35",2026-05-02,3,2026-05-23,"wk inc flu hosp","quantile","0.8",11.9336024099645
"35",2026-05-02,3,2026-05-23,"wk inc flu hosp","quantile","0.85",14.0250606942326
"35",2026-05-02,3,2026-05-23,"wk inc flu hosp","quantile","0.9",18.1828821477888
"35",2026-05-02,3,2026-05-23,"wk inc flu hosp","quantile","0.95",24.0062574610424
"35",2026-05-02,3,2026-05-23,"wk inc flu hosp","quantile","0.975",31.6363695316841
"35",2026-05-02,3,2026-05-23,"wk inc flu hosp","quantile","0.99",42.0984066257417
"36",2026-05-02,0,2026-05-02,"wk inc flu hosp","quantile","0.01",20.4054145670329
"36",2026-05-02,0,2026-05-02,"wk inc flu hosp","quantile","0.025",28.3579536153011
"36",2026-05-02,0,2026-05-02,"wk inc flu hosp","quantile","0.05",34.4654870527801
"36",2026-05-02,0,2026-05-02,"wk inc flu hosp","quantile","0.1",39.3713178368457
"36",2026-05-02,0,2026-05-02,"wk inc flu hosp","quantile","0.15",44.5761805686546
"36",2026-05-02,0,2026-05-02,"wk inc flu hosp","quantile","0.2",48.5226562820258
"36",2026-05-02,0,2026-05-02,"wk inc flu hosp","quantile","0.25",51.5980995745944
"36",2026-05-02,0,2026-05-02,"wk inc flu hosp","quantile","0.3",54.3439740878931
"36",2026-05-02,0,2026-05-02,"wk inc flu hosp","quantile","0.35",56.9654373278002
"36",2026-05-02,0,2026-05-02,"wk inc flu hosp","quantile","0.4",59.364573047816
"36",2026-05-02,0,2026-05-02,"wk inc flu hosp","quantile","0.45",61.5222499245518
"36",2026-05-02,0,2026-05-02,"wk inc flu hosp","quantile","0.5",64.3995181190366
"36",2026-05-02,0,2026-05-02,"wk inc flu hosp","quantile","0.55",67.5111433977605
"36",2026-05-02,0,2026-05-02,"wk inc flu hosp","quantile","0.6",69.5991172624675
"36",2026-05-02,0,2026-05-02,"wk inc flu hosp","quantile","0.65",71.4244393210224
"36",2026-05-02,0,2026-05-02,"wk inc flu hosp","quantile","0.7",73.566872307071
"36",2026-05-02,0,2026-05-02,"wk inc flu hosp","quantile","0.75",76.3706904937562
"36",2026-05-02,0,2026-05-02,"wk inc flu hosp","quantile","0.8",80.5225654302186
"36",2026-05-02,0,2026-05-02,"wk inc flu hosp","quantile","0.85",84.7634599061244
"36",2026-05-02,0,2026-05-02,"wk inc flu hosp","quantile","0.9",91.2446139979172
"36",2026-05-02,0,2026-05-02,"wk inc flu hosp","quantile","0.95",101.634759777539
"36",2026-05-02,0,2026-05-02,"wk inc flu hosp","quantile","0.975",112.615564123729
"36",2026-05-02,0,2026-05-02,"wk inc flu hosp","quantile","0.99",130.105634414439
"36",2026-05-02,1,2026-05-09,"wk inc flu hosp","quantile","0.01",12.2977563693848
"36",2026-05-02,1,2026-05-09,"wk inc flu hosp","quantile","0.025",19.6413792382247
"36",2026-05-02,1,2026-05-09,"wk inc flu hosp","quantile","0.05",24.8876073003293
"36",2026-05-02,1,2026-05-09,"wk inc flu hosp","quantile","0.1",31.1594073577097
"36",2026-05-02,1,2026-05-09,"wk inc flu hosp","quantile","0.15",36.2173410158623
"36",2026-05-02,1,2026-05-09,"wk inc flu hosp","quantile","0.2",40.8646262438577
"36",2026-05-02,1,2026-05-09,"wk inc flu hosp","quantile","0.25",43.5725813391412
"36",2026-05-02,1,2026-05-09,"wk inc flu hosp","quantile","0.3",46.351931006156
"36",2026-05-02,1,2026-05-09,"wk inc flu hosp","quantile","0.35",49.2157467984848
"36",2026-05-02,1,2026-05-09,"wk inc flu hosp","quantile","0.4",51.2224235584887
"36",2026-05-02,1,2026-05-09,"wk inc flu hosp","quantile","0.45",53.7898558122426
"36",2026-05-02,1,2026-05-09,"wk inc flu hosp","quantile","0.5",56.9909255761411
"36",2026-05-02,1,2026-05-09,"wk inc flu hosp","quantile","0.55",60.8172106207282
"36",2026-05-02,1,2026-05-09,"wk inc flu hosp","quantile","0.6",63.5594045420405
"36",2026-05-02,1,2026-05-09,"wk inc flu hosp","quantile","0.65",66.9874649558561
"36",2026-05-02,1,2026-05-09,"wk inc flu hosp","quantile","0.7",69.8061146852671
"36",2026-05-02,1,2026-05-09,"wk inc flu hosp","quantile","0.75",73.0144592028901
"36",2026-05-02,1,2026-05-09,"wk inc flu hosp","quantile","0.8",77.8909989367088
"36",2026-05-02,1,2026-05-09,"wk inc flu hosp","quantile","0.85",83.089964768826
"36",2026-05-02,1,2026-05-09,"wk inc flu hosp","quantile","0.9",90.6251616285743
"36",2026-05-02,1,2026-05-09,"wk inc flu hosp","quantile","0.95",101.746448760083
"36",2026-05-02,1,2026-05-09,"wk inc flu hosp","quantile","0.975",113.792545381359
"36",2026-05-02,1,2026-05-09,"wk inc flu hosp","quantile","0.99",136.499920832361
"36",2026-05-02,2,2026-05-16,"wk inc flu hosp","quantile","0.01",8.44858072359935
"36",2026-05-02,2,2026-05-16,"wk inc flu hosp","quantile","0.025",14.1355520947038
"36",2026-05-02,2,2026-05-16,"wk inc flu hosp","quantile","0.05",18.9668436466565
"36",2026-05-02,2,2026-05-16,"wk inc flu hosp","quantile","0.1",25.3044808673892
"36",2026-05-02,2,2026-05-16,"wk inc flu hosp","quantile","0.15",31.248969484083
"36",2026-05-02,2,2026-05-16,"wk inc flu hosp","quantile","0.2",35.2717687942776
"36",2026-05-02,2,2026-05-16,"wk inc flu hosp","quantile","0.25",38.3641805836339
"36",2026-05-02,2,2026-05-16,"wk inc flu hosp","quantile","0.3",40.1476845802988
"36",2026-05-02,2,2026-05-16,"wk inc flu hosp","quantile","0.35",42.3154552680714
"36",2026-05-02,2,2026-05-16,"wk inc flu hosp","quantile","0.4",43.9218206440497
"36",2026-05-02,2,2026-05-16,"wk inc flu hosp","quantile","0.45",45.9860006198152
"36",2026-05-02,2,2026-05-16,"wk inc flu hosp","quantile","0.5",49.3490931785876
"36",2026-05-02,2,2026-05-16,"wk inc flu hosp","quantile","0.55",53.1385528777964
"36",2026-05-02,2,2026-05-16,"wk inc flu hosp","quantile","0.6",56.6867728977596
"36",2026-05-02,2,2026-05-16,"wk inc flu hosp","quantile","0.65",60.9285594899973
"36",2026-05-02,2,2026-05-16,"wk inc flu hosp","quantile","0.7",64.774731516508
"36",2026-05-02,2,2026-05-16,"wk inc flu hosp","quantile","0.75",68.409915076659
"36",2026-05-02,2,2026-05-16,"wk inc flu hosp","quantile","0.8",73.5348727930658
"36",2026-05-02,2,2026-05-16,"wk inc flu hosp","quantile","0.85",79.0735512747245
"36",2026-05-02,2,2026-05-16,"wk inc flu hosp","quantile","0.9",87.1621311718421
"36",2026-05-02,2,2026-05-16,"wk inc flu hosp","quantile","0.95",103.658622668805
"36",2026-05-02,2,2026-05-16,"wk inc flu hosp","quantile","0.975",123.480675501805
"36",2026-05-02,2,2026-05-16,"wk inc flu hosp","quantile","0.99",147.937089979887
"36",2026-05-02,3,2026-05-23,"wk inc flu hosp","quantile","0.01",6.53200070346757
"36",2026-05-02,3,2026-05-23,"wk inc flu hosp","quantile","0.025",10.9278974011957
"36",2026-05-02,3,2026-05-23,"wk inc flu hosp","quantile","0.05",14.8570733943232
"36",2026-05-02,3,2026-05-23,"wk inc flu hosp","quantile","0.1",20.7945977754574
"36",2026-05-02,3,2026-05-23,"wk inc flu hosp","quantile","0.15",26.0881525143588
"36",2026-05-02,3,2026-05-23,"wk inc flu hosp","quantile","0.2",29.8849554596342
"36",2026-05-02,3,2026-05-23,"wk inc flu hosp","quantile","0.25",32.7794183706558
"36",2026-05-02,3,2026-05-23,"wk inc flu hosp","quantile","0.3",34.3210904593291
"36",2026-05-02,3,2026-05-23,"wk inc flu hosp","quantile","0.35",36.8635656977696
"36",2026-05-02,3,2026-05-23,"wk inc flu hosp","quantile","0.4",38.8612471162174
"36",2026-05-02,3,2026-05-23,"wk inc flu hosp","quantile","0.45",41.6457077209874
"36",2026-05-02,3,2026-05-23,"wk inc flu hosp","quantile","0.5",44.862907349025
"36",2026-05-02,3,2026-05-23,"wk inc flu hosp","quantile","0.55",49.1012743144671
"36",2026-05-02,3,2026-05-23,"wk inc flu hosp","quantile","0.6",52.5643833997035
"36",2026-05-02,3,2026-05-23,"wk inc flu hosp","quantile","0.65",57.32188706292
"36",2026-05-02,3,2026-05-23,"wk inc flu hosp","quantile","0.7",61.5149106324541
"36",2026-05-02,3,2026-05-23,"wk inc flu hosp","quantile","0.75",66.3036657710815
"36",2026-05-02,3,2026-05-23,"wk inc flu hosp","quantile","0.8",71.1810331312827
"36",2026-05-02,3,2026-05-23,"wk inc flu hosp","quantile","0.85",77.8396437141945
"36",2026-05-02,3,2026-05-23,"wk inc flu hosp","quantile","0.9",86.8113315058853
"36",2026-05-02,3,2026-05-23,"wk inc flu hosp","quantile","0.95",103.443371708764
"36",2026-05-02,3,2026-05-23,"wk inc flu hosp","quantile","0.975",122.617007974798
"36",2026-05-02,3,2026-05-23,"wk inc flu hosp","quantile","0.99",152.811232372281
"37",2026-05-02,0,2026-05-02,"wk inc flu hosp","quantile","0.01",0.443456336231176
"37",2026-05-02,0,2026-05-02,"wk inc flu hosp","quantile","0.025",1.99939928654252
"37",2026-05-02,0,2026-05-02,"wk inc flu hosp","quantile","0.05",4.37908377096805
"37",2026-05-02,0,2026-05-02,"wk inc flu hosp","quantile","0.1",6.49088612367541
"37",2026-05-02,0,2026-05-02,"wk inc flu hosp","quantile","0.15",8.39614236959478
"37",2026-05-02,0,2026-05-02,"wk inc flu hosp","quantile","0.2",9.83049216247859
"37",2026-05-02,0,2026-05-02,"wk inc flu hosp","quantile","0.25",10.8041993158185
"37",2026-05-02,0,2026-05-02,"wk inc flu hosp","quantile","0.3",11.9928455235321
"37",2026-05-02,0,2026-05-02,"wk inc flu hosp","quantile","0.35",13.2985928615973
"37",2026-05-02,0,2026-05-02,"wk inc flu hosp","quantile","0.4",13.9379795970868
"37",2026-05-02,0,2026-05-02,"wk inc flu hosp","quantile","0.45",14.9383252600377
"37",2026-05-02,0,2026-05-02,"wk inc flu hosp","quantile","0.5",15.9849738227898
"37",2026-05-02,0,2026-05-02,"wk inc flu hosp","quantile","0.55",16.774469214827
"37",2026-05-02,0,2026-05-02,"wk inc flu hosp","quantile","0.6",17.863761976634
"37",2026-05-02,0,2026-05-02,"wk inc flu hosp","quantile","0.65",18.829071441916
"37",2026-05-02,0,2026-05-02,"wk inc flu hosp","quantile","0.7",19.9704056936509
"37",2026-05-02,0,2026-05-02,"wk inc flu hosp","quantile","0.75",21.4204885117799
"37",2026-05-02,0,2026-05-02,"wk inc flu hosp","quantile","0.8",23.4702413692458
"37",2026-05-02,0,2026-05-02,"wk inc flu hosp","quantile","0.85",25.7523508077347
"37",2026-05-02,0,2026-05-02,"wk inc flu hosp","quantile","0.9",28.9272981652116
"37",2026-05-02,0,2026-05-02,"wk inc flu hosp","quantile","0.95",35.2824190917664
"37",2026-05-02,0,2026-05-02,"wk inc flu hosp","quantile","0.975",42.5342769213824
"37",2026-05-02,0,2026-05-02,"wk inc flu hosp","quantile","0.99",55.5035846066345
"37",2026-05-02,1,2026-05-09,"wk inc flu hosp","quantile","0.01",0
"37",2026-05-02,1,2026-05-09,"wk inc flu hosp","quantile","0.025",0.456015265754238
"37",2026-05-02,1,2026-05-09,"wk inc flu hosp","quantile","0.05",2.12216117660224
"37",2026-05-02,1,2026-05-09,"wk inc flu hosp","quantile","0.1",4.34196969898564
"37",2026-05-02,1,2026-05-09,"wk inc flu hosp","quantile","0.15",5.91813758096672
"37",2026-05-02,1,2026-05-09,"wk inc flu hosp","quantile","0.2",7.613051681115
"37",2026-05-02,1,2026-05-09,"wk inc flu hosp","quantile","0.25",8.66154533080763
"37",2026-05-02,1,2026-05-09,"wk inc flu hosp","quantile","0.3",9.87512380926581
"37",2026-05-02,1,2026-05-09,"wk inc flu hosp","quantile","0.35",11.3052309424849
"37",2026-05-02,1,2026-05-09,"wk inc flu hosp","quantile","0.4",12.091693225343
"37",2026-05-02,1,2026-05-09,"wk inc flu hosp","quantile","0.45",13.4211286757045
"37",2026-05-02,1,2026-05-09,"wk inc flu hosp","quantile","0.5",14.4797203754753
"37",2026-05-02,1,2026-05-09,"wk inc flu hosp","quantile","0.55",15.4244153275919
"37",2026-05-02,1,2026-05-09,"wk inc flu hosp","quantile","0.6",16.6296176900091
"37",2026-05-02,1,2026-05-09,"wk inc flu hosp","quantile","0.65",17.7670028181566
"37",2026-05-02,1,2026-05-09,"wk inc flu hosp","quantile","0.7",19.0841426596748
"37",2026-05-02,1,2026-05-09,"wk inc flu hosp","quantile","0.75",21.0246342636911
"37",2026-05-02,1,2026-05-09,"wk inc flu hosp","quantile","0.8",23.6219664663863
"37",2026-05-02,1,2026-05-09,"wk inc flu hosp","quantile","0.85",26.551691119761
"37",2026-05-02,1,2026-05-09,"wk inc flu hosp","quantile","0.9",31.4160911012841
"37",2026-05-02,1,2026-05-09,"wk inc flu hosp","quantile","0.95",37.8771558133733
"37",2026-05-02,1,2026-05-09,"wk inc flu hosp","quantile","0.975",47.0700352357864
"37",2026-05-02,1,2026-05-09,"wk inc flu hosp","quantile","0.99",63.7926498007051
"37",2026-05-02,2,2026-05-16,"wk inc flu hosp","quantile","0.01",0
"37",2026-05-02,2,2026-05-16,"wk inc flu hosp","quantile","0.025",0
"37",2026-05-02,2,2026-05-16,"wk inc flu hosp","quantile","0.05",0.697426544393042
"37",2026-05-02,2,2026-05-16,"wk inc flu hosp","quantile","0.1",3.20720701967628
"37",2026-05-02,2,2026-05-16,"wk inc flu hosp","quantile","0.15",4.922459862214
"37",2026-05-02,2,2026-05-16,"wk inc flu hosp","quantile","0.2",6.43759779729646
"37",2026-05-02,2,2026-05-16,"wk inc flu hosp","quantile","0.25",7.51298945086525
"37",2026-05-02,2,2026-05-16,"wk inc flu hosp","quantile","0.3",8.54408349531949
"37",2026-05-02,2,2026-05-16,"wk inc flu hosp","quantile","0.35",9.97271790317205
"37",2026-05-02,2,2026-05-16,"wk inc flu hosp","quantile","0.4",10.9019922516403
"37",2026-05-02,2,2026-05-16,"wk inc flu hosp","quantile","0.45",12.4205540117486
"37",2026-05-02,2,2026-05-16,"wk inc flu hosp","quantile","0.5",13.6924066571154
"37",2026-05-02,2,2026-05-16,"wk inc flu hosp","quantile","0.55",14.8124032869858
"37",2026-05-02,2,2026-05-16,"wk inc flu hosp","quantile","0.6",16.1650952058904
"37",2026-05-02,2,2026-05-16,"wk inc flu hosp","quantile","0.65",17.434252329865
"37",2026-05-02,2,2026-05-16,"wk inc flu hosp","quantile","0.7",18.7253528011379
"37",2026-05-02,2,2026-05-16,"wk inc flu hosp","quantile","0.75",20.7120622989334
"37",2026-05-02,2,2026-05-16,"wk inc flu hosp","quantile","0.8",23.8086068630013
"37",2026-05-02,2,2026-05-16,"wk inc flu hosp","quantile","0.85",26.7112500231824
"37",2026-05-02,2,2026-05-16,"wk inc flu hosp","quantile","0.9",32.4182840594716
"37",2026-05-02,2,2026-05-16,"wk inc flu hosp","quantile","0.95",42.4952371013445
"37",2026-05-02,2,2026-05-16,"wk inc flu hosp","quantile","0.975",53.998724480421
"37",2026-05-02,2,2026-05-16,"wk inc flu hosp","quantile","0.99",72.8564168996762
"37",2026-05-02,3,2026-05-23,"wk inc flu hosp","quantile","0.01",0
"37",2026-05-02,3,2026-05-23,"wk inc flu hosp","quantile","0.025",0
"37",2026-05-02,3,2026-05-23,"wk inc flu hosp","quantile","0.05",0.0397434895366584
"37",2026-05-02,3,2026-05-23,"wk inc flu hosp","quantile","0.1",1.76113316336806
"37",2026-05-02,3,2026-05-23,"wk inc flu hosp","quantile","0.15",3.56219354806911
"37",2026-05-02,3,2026-05-23,"wk inc flu hosp","quantile","0.2",5.23391992053485
"37",2026-05-02,3,2026-05-23,"wk inc flu hosp","quantile","0.25",6.35598653093775
"37",2026-05-02,3,2026-05-23,"wk inc flu hosp","quantile","0.3",7.38107160649857
"37",2026-05-02,3,2026-05-23,"wk inc flu hosp","quantile","0.35",8.79578231704466
"37",2026-05-02,3,2026-05-23,"wk inc flu hosp","quantile","0.4",9.91865508974825
"37",2026-05-02,3,2026-05-23,"wk inc flu hosp","quantile","0.45",11.6557293396394
"37",2026-05-02,3,2026-05-23,"wk inc flu hosp","quantile","0.5",12.7924818103977
"37",2026-05-02,3,2026-05-23,"wk inc flu hosp","quantile","0.55",14.4255934466903
"37",2026-05-02,3,2026-05-23,"wk inc flu hosp","quantile","0.6",15.7405670561967
"37",2026-05-02,3,2026-05-23,"wk inc flu hosp","quantile","0.65",17.3886032539876
"37",2026-05-02,3,2026-05-23,"wk inc flu hosp","quantile","0.7",19.4677118752643
"37",2026-05-02,3,2026-05-23,"wk inc flu hosp","quantile","0.75",21.8512081351619
"37",2026-05-02,3,2026-05-23,"wk inc flu hosp","quantile","0.8",24.6057439929469
"37",2026-05-02,3,2026-05-23,"wk inc flu hosp","quantile","0.85",28.307284783383
"37",2026-05-02,3,2026-05-23,"wk inc flu hosp","quantile","0.9",35.005508655488
"37",2026-05-02,3,2026-05-23,"wk inc flu hosp","quantile","0.95",46.6817187310729
"37",2026-05-02,3,2026-05-23,"wk inc flu hosp","quantile","0.975",64.3229019955723
"37",2026-05-02,3,2026-05-23,"wk inc flu hosp","quantile","0.99",83.2217203831902
"38",2026-05-02,0,2026-05-02,"wk inc flu hosp","quantile","0.01",0
"38",2026-05-02,0,2026-05-02,"wk inc flu hosp","quantile","0.025",0
"38",2026-05-02,0,2026-05-02,"wk inc flu hosp","quantile","0.05",0.100046756953971
"38",2026-05-02,0,2026-05-02,"wk inc flu hosp","quantile","0.1",0.609546808491383
"38",2026-05-02,0,2026-05-02,"wk inc flu hosp","quantile","0.15",1.00319709846975
"38",2026-05-02,0,2026-05-02,"wk inc flu hosp","quantile","0.2",1.38071128906573
"38",2026-05-02,0,2026-05-02,"wk inc flu hosp","quantile","0.25",1.73205462652246
"38",2026-05-02,0,2026-05-02,"wk inc flu hosp","quantile","0.3",2.04852393517661
"38",2026-05-02,0,2026-05-02,"wk inc flu hosp","quantile","0.35",2.3166245645039
"38",2026-05-02,0,2026-05-02,"wk inc flu hosp","quantile","0.4",2.55413367065377
"38",2026-05-02,0,2026-05-02,"wk inc flu hosp","quantile","0.45",2.79663201187621
"38",2026-05-02,0,2026-05-02,"wk inc flu hosp","quantile","0.5",3.083604352892
"38",2026-05-02,0,2026-05-02,"wk inc flu hosp","quantile","0.55",3.45995974266188
"38",2026-05-02,0,2026-05-02,"wk inc flu hosp","quantile","0.6",3.88011833875639
"38",2026-05-02,0,2026-05-02,"wk inc flu hosp","quantile","0.65",4.25998658957251
"38",2026-05-02,0,2026-05-02,"wk inc flu hosp","quantile","0.7",4.59271373000063
"38",2026-05-02,0,2026-05-02,"wk inc flu hosp","quantile","0.75",5.05179888375591
"38",2026-05-02,0,2026-05-02,"wk inc flu hosp","quantile","0.8",5.6885387584669
"38",2026-05-02,0,2026-05-02,"wk inc flu hosp","quantile","0.85",6.56665756244706
"38",2026-05-02,0,2026-05-02,"wk inc flu hosp","quantile","0.9",7.6911998238029
"38",2026-05-02,0,2026-05-02,"wk inc flu hosp","quantile","0.95",10.4108846341325
"38",2026-05-02,0,2026-05-02,"wk inc flu hosp","quantile","0.975",12.7655583473963
"38",2026-05-02,0,2026-05-02,"wk inc flu hosp","quantile","0.99",19.0605040588465
"38",2026-05-02,1,2026-05-09,"wk inc flu hosp","quantile","0.01",0
"38",2026-05-02,1,2026-05-09,"wk inc flu hosp","quantile","0.025",0
"38",2026-05-02,1,2026-05-09,"wk inc flu hosp","quantile","0.05",0
"38",2026-05-02,1,2026-05-09,"wk inc flu hosp","quantile","0.1",0.285864884192094
"38",2026-05-02,1,2026-05-09,"wk inc flu hosp","quantile","0.15",0.575901134560395
"38",2026-05-02,1,2026-05-09,"wk inc flu hosp","quantile","0.2",0.934966893857486
"38",2026-05-02,1,2026-05-09,"wk inc flu hosp","quantile","0.25",1.26461672371681
"38",2026-05-02,1,2026-05-09,"wk inc flu hosp","quantile","0.3",1.52134311255177
"38",2026-05-02,1,2026-05-09,"wk inc flu hosp","quantile","0.35",1.80355741906542
"38",2026-05-02,1,2026-05-09,"wk inc flu hosp","quantile","0.4",2.07209323153383
"38",2026-05-02,1,2026-05-09,"wk inc flu hosp","quantile","0.45",2.33310788832814
"38",2026-05-02,1,2026-05-09,"wk inc flu hosp","quantile","0.5",2.68081581899768
"38",2026-05-02,1,2026-05-09,"wk inc flu hosp","quantile","0.55",3.05514182269348
"38",2026-05-02,1,2026-05-09,"wk inc flu hosp","quantile","0.6",3.52582999460461
"38",2026-05-02,1,2026-05-09,"wk inc flu hosp","quantile","0.65",3.98196078735262
"38",2026-05-02,1,2026-05-09,"wk inc flu hosp","quantile","0.7",4.51936513336231
"38",2026-05-02,1,2026-05-09,"wk inc flu hosp","quantile","0.75",5.03398186789122
"38",2026-05-02,1,2026-05-09,"wk inc flu hosp","quantile","0.8",5.64171971734772
"38",2026-05-02,1,2026-05-09,"wk inc flu hosp","quantile","0.85",6.6775482402057
"38",2026-05-02,1,2026-05-09,"wk inc flu hosp","quantile","0.9",7.72684627649913
"38",2026-05-02,1,2026-05-09,"wk inc flu hosp","quantile","0.95",10.471686745462
"38",2026-05-02,1,2026-05-09,"wk inc flu hosp","quantile","0.975",13.3648646847089
"38",2026-05-02,1,2026-05-09,"wk inc flu hosp","quantile","0.99",18.5266537730615
"38",2026-05-02,2,2026-05-16,"wk inc flu hosp","quantile","0.01",0
"38",2026-05-02,2,2026-05-16,"wk inc flu hosp","quantile","0.025",0
"38",2026-05-02,2,2026-05-16,"wk inc flu hosp","quantile","0.05",0
"38",2026-05-02,2,2026-05-16,"wk inc flu hosp","quantile","0.1",0.144546445577591
"38",2026-05-02,2,2026-05-16,"wk inc flu hosp","quantile","0.15",0.393886671483182
"38",2026-05-02,2,2026-05-16,"wk inc flu hosp","quantile","0.2",0.654697993211834
"38",2026-05-02,2,2026-05-16,"wk inc flu hosp","quantile","0.25",0.943772576770089
"38",2026-05-02,2,2026-05-16,"wk inc flu hosp","quantile","0.3",1.22931452204755
"38",2026-05-02,2,2026-05-16,"wk inc flu hosp","quantile","0.35",1.45575192254848
"38",2026-05-02,2,2026-05-16,"wk inc flu hosp","quantile","0.4",1.6664041094168
"38",2026-05-02,2,2026-05-16,"wk inc flu hosp","quantile","0.45",1.93875678493343
"38",2026-05-02,2,2026-05-16,"wk inc flu hosp","quantile","0.5",2.26418896195947
"38",2026-05-02,2,2026-05-16,"wk inc flu hosp","quantile","0.55",2.72397453792482
"38",2026-05-02,2,2026-05-16,"wk inc flu hosp","quantile","0.6",3.13997197872717
"38",2026-05-02,2,2026-05-16,"wk inc flu hosp","quantile","0.65",3.62327293343285
"38",2026-05-02,2,2026-05-16,"wk inc flu hosp","quantile","0.7",4.14174932765476
"38",2026-05-02,2,2026-05-16,"wk inc flu hosp","quantile","0.75",4.76659706459954
"38",2026-05-02,2,2026-05-16,"wk inc flu hosp","quantile","0.8",5.64087676168028
"38",2026-05-02,2,2026-05-16,"wk inc flu hosp","quantile","0.85",6.52178174295634
"38",2026-05-02,2,2026-05-16,"wk inc flu hosp","quantile","0.9",8.04510264876482
"38",2026-05-02,2,2026-05-16,"wk inc flu hosp","quantile","0.95",11.6594434454385
"38",2026-05-02,2,2026-05-16,"wk inc flu hosp","quantile","0.975",17.6531857490764
"38",2026-05-02,2,2026-05-16,"wk inc flu hosp","quantile","0.99",24.2596514873045
"38",2026-05-02,3,2026-05-23,"wk inc flu hosp","quantile","0.01",0
"38",2026-05-02,3,2026-05-23,"wk inc flu hosp","quantile","0.025",0
"38",2026-05-02,3,2026-05-23,"wk inc flu hosp","quantile","0.05",0
"38",2026-05-02,3,2026-05-23,"wk inc flu hosp","quantile","0.1",0.0287597166312391
"38",2026-05-02,3,2026-05-23,"wk inc flu hosp","quantile","0.15",0.217494388606979
"38",2026-05-02,3,2026-05-23,"wk inc flu hosp","quantile","0.2",0.405941861785253
"38",2026-05-02,3,2026-05-23,"wk inc flu hosp","quantile","0.25",0.63662439111378
"38",2026-05-02,3,2026-05-23,"wk inc flu hosp","quantile","0.3",0.929307656139791
"38",2026-05-02,3,2026-05-23,"wk inc flu hosp","quantile","0.35",1.16301170312058
"38",2026-05-02,3,2026-05-23,"wk inc flu hosp","quantile","0.4",1.32678720159572
"38",2026-05-02,3,2026-05-23,"wk inc flu hosp","quantile","0.45",1.59739434647309
"38",2026-05-02,3,2026-05-23,"wk inc flu hosp","quantile","0.5",1.93245351738883
"38",2026-05-02,3,2026-05-23,"wk inc flu hosp","quantile","0.55",2.2595367081809
"38",2026-05-02,3,2026-05-23,"wk inc flu hosp","quantile","0.6",2.68211062339238
"38",2026-05-02,3,2026-05-23,"wk inc flu hosp","quantile","0.65",3.22143746099476
"38",2026-05-02,3,2026-05-23,"wk inc flu hosp","quantile","0.7",3.93096915046353
"38",2026-05-02,3,2026-05-23,"wk inc flu hosp","quantile","0.75",4.57645141461623
"38",2026-05-02,3,2026-05-23,"wk inc flu hosp","quantile","0.8",5.32818960029678
"38",2026-05-02,3,2026-05-23,"wk inc flu hosp","quantile","0.85",6.59196275238214
"38",2026-05-02,3,2026-05-23,"wk inc flu hosp","quantile","0.9",9.18412685433619
"38",2026-05-02,3,2026-05-23,"wk inc flu hosp","quantile","0.95",14.1969629954835
"38",2026-05-02,3,2026-05-23,"wk inc flu hosp","quantile","0.975",19.1261677317315
"38",2026-05-02,3,2026-05-23,"wk inc flu hosp","quantile","0.99",25.8619909637168
"39",2026-05-02,0,2026-05-02,"wk inc flu hosp","quantile","0.01",2.83113302781234
"39",2026-05-02,0,2026-05-02,"wk inc flu hosp","quantile","0.025",4.34653480951035
"39",2026-05-02,0,2026-05-02,"wk inc flu hosp","quantile","0.05",7.83476538776726
"39",2026-05-02,0,2026-05-02,"wk inc flu hosp","quantile","0.1",12.1464915045765
"39",2026-05-02,0,2026-05-02,"wk inc flu hosp","quantile","0.15",15.1378743154715
"39",2026-05-02,0,2026-05-02,"wk inc flu hosp","quantile","0.2",17.0131568439483
"39",2026-05-02,0,2026-05-02,"wk inc flu hosp","quantile","0.25",19.4098807142828
"39",2026-05-02,0,2026-05-02,"wk inc flu hosp","quantile","0.3",21.2111199954447
"39",2026-05-02,0,2026-05-02,"wk inc flu hosp","quantile","0.35",23.6246692023719
"39",2026-05-02,0,2026-05-02,"wk inc flu hosp","quantile","0.4",25.3683707181539
"39",2026-05-02,0,2026-05-02,"wk inc flu hosp","quantile","0.45",27.0758565728416
"39",2026-05-02,0,2026-05-02,"wk inc flu hosp","quantile","0.5",29.1329664687818
"39",2026-05-02,0,2026-05-02,"wk inc flu hosp","quantile","0.55",30.7159446948276
"39",2026-05-02,0,2026-05-02,"wk inc flu hosp","quantile","0.6",32.3919904977953
"39",2026-05-02,0,2026-05-02,"wk inc flu hosp","quantile","0.65",33.603948444527
"39",2026-05-02,0,2026-05-02,"wk inc flu hosp","quantile","0.7",35.4979261708431
"39",2026-05-02,0,2026-05-02,"wk inc flu hosp","quantile","0.75",37.6914034930385
"39",2026-05-02,0,2026-05-02,"wk inc flu hosp","quantile","0.8",40.1657191842182
"39",2026-05-02,0,2026-05-02,"wk inc flu hosp","quantile","0.85",43.2312218872014
"39",2026-05-02,0,2026-05-02,"wk inc flu hosp","quantile","0.9",48.2257488002596
"39",2026-05-02,0,2026-05-02,"wk inc flu hosp","quantile","0.95",56.7571927874947
"39",2026-05-02,0,2026-05-02,"wk inc flu hosp","quantile","0.975",67.0785210650036
"39",2026-05-02,0,2026-05-02,"wk inc flu hosp","quantile","0.99",88.6172553552275
"39",2026-05-02,1,2026-05-09,"wk inc flu hosp","quantile","0.01",0.752291021836359
"39",2026-05-02,1,2026-05-09,"wk inc flu hosp","quantile","0.025",2.26217322486475
"39",2026-05-02,1,2026-05-09,"wk inc flu hosp","quantile","0.05",5.11737820384311
"39",2026-05-02,1,2026-05-09,"wk inc flu hosp","quantile","0.1",9.43906996362723
"39",2026-05-02,1,2026-05-09,"wk inc flu hosp","quantile","0.15",12.5270358858367
"39",2026-05-02,1,2026-05-09,"wk inc flu hosp","quantile","0.2",14.5243765653754
"39",2026-05-02,1,2026-05-09,"wk inc flu hosp","quantile","0.25",16.9679414171855
"39",2026-05-02,1,2026-05-09,"wk inc flu hosp","quantile","0.3",18.954566845966
"39",2026-05-02,1,2026-05-09,"wk inc flu hosp","quantile","0.35",21.6265706541561
"39",2026-05-02,1,2026-05-09,"wk inc flu hosp","quantile","0.4",23.5771218759831
"39",2026-05-02,1,2026-05-09,"wk inc flu hosp","quantile","0.45",25.8180583988938
"39",2026-05-02,1,2026-05-09,"wk inc flu hosp","quantile","0.5",27.3972218148935
"39",2026-05-02,1,2026-05-09,"wk inc flu hosp","quantile","0.55",29.4745644025531
"39",2026-05-02,1,2026-05-09,"wk inc flu hosp","quantile","0.6",31.15460142231
"39",2026-05-02,1,2026-05-09,"wk inc flu hosp","quantile","0.65",33.5117257652004
"39",2026-05-02,1,2026-05-09,"wk inc flu hosp","quantile","0.7",35.3821409566064
"39",2026-05-02,1,2026-05-09,"wk inc flu hosp","quantile","0.75",38.269913952965
"39",2026-05-02,1,2026-05-09,"wk inc flu hosp","quantile","0.8",41.1855040420365
"39",2026-05-02,1,2026-05-09,"wk inc flu hosp","quantile","0.85",45.4187266083285
"39",2026-05-02,1,2026-05-09,"wk inc flu hosp","quantile","0.9",51.3771918876742
"39",2026-05-02,1,2026-05-09,"wk inc flu hosp","quantile","0.95",60.9074218130661
"39",2026-05-02,1,2026-05-09,"wk inc flu hosp","quantile","0.975",76.3427281560202
"39",2026-05-02,1,2026-05-09,"wk inc flu hosp","quantile","0.99",104.187637902985
"39",2026-05-02,2,2026-05-16,"wk inc flu hosp","quantile","0.01",0.225497237585063
"39",2026-05-02,2,2026-05-16,"wk inc flu hosp","quantile","0.025",1.23664852846852
"39",2026-05-02,2,2026-05-16,"wk inc flu hosp","quantile","0.05",2.62017926181259
"39",2026-05-02,2,2026-05-16,"wk inc flu hosp","quantile","0.1",7.24426872592669
"39",2026-05-02,2,2026-05-16,"wk inc flu hosp","quantile","0.15",10.7708797863746
"39",2026-05-02,2,2026-05-16,"wk inc flu hosp","quantile","0.2",12.2676876446056
"39",2026-05-02,2,2026-05-16,"wk inc flu hosp","quantile","0.25",14.5114295756454
"39",2026-05-02,2,2026-05-16,"wk inc flu hosp","quantile","0.3",16.7831122648169
"39",2026-05-02,2,2026-05-16,"wk inc flu hosp","quantile","0.35",19.7220155020756
"39",2026-05-02,2,2026-05-16,"wk inc flu hosp","quantile","0.4",21.0675334467749
"39",2026-05-02,2,2026-05-16,"wk inc flu hosp","quantile","0.45",23.6768575625248
"39",2026-05-02,2,2026-05-16,"wk inc flu hosp","quantile","0.5",25.742010139357
"39",2026-05-02,2,2026-05-16,"wk inc flu hosp","quantile","0.55",28.3552401561319
"39",2026-05-02,2,2026-05-16,"wk inc flu hosp","quantile","0.6",30.9288853681561
"39",2026-05-02,2,2026-05-16,"wk inc flu hosp","quantile","0.65",33.0770813351718
"39",2026-05-02,2,2026-05-16,"wk inc flu hosp","quantile","0.7",35.3829954265036
"39",2026-05-02,2,2026-05-16,"wk inc flu hosp","quantile","0.75",38.4224132022614
"39",2026-05-02,2,2026-05-16,"wk inc flu hosp","quantile","0.8",42.5104375992935
"39",2026-05-02,2,2026-05-16,"wk inc flu hosp","quantile","0.85",46.3225185489122
"39",2026-05-02,2,2026-05-16,"wk inc flu hosp","quantile","0.9",54.6550767400053
"39",2026-05-02,2,2026-05-16,"wk inc flu hosp","quantile","0.95",67.0109793541135
"39",2026-05-02,2,2026-05-16,"wk inc flu hosp","quantile","0.975",81.4381076509826
"39",2026-05-02,2,2026-05-16,"wk inc flu hosp","quantile","0.99",114.938161657505
"39",2026-05-02,3,2026-05-23,"wk inc flu hosp","quantile","0.01",0
"39",2026-05-02,3,2026-05-23,"wk inc flu hosp","quantile","0.025",0.37235204036411
"39",2026-05-02,3,2026-05-23,"wk inc flu hosp","quantile","0.05",1.1407884653044
"39",2026-05-02,3,2026-05-23,"wk inc flu hosp","quantile","0.1",5.22221855026532
"39",2026-05-02,3,2026-05-23,"wk inc flu hosp","quantile","0.15",7.91798726638825
"39",2026-05-02,3,2026-05-23,"wk inc flu hosp","quantile","0.2",10.3403845666817
"39",2026-05-02,3,2026-05-23,"wk inc flu hosp","quantile","0.25",13.0417903452159
"39",2026-05-02,3,2026-05-23,"wk inc flu hosp","quantile","0.3",15.224738819766
"39",2026-05-02,3,2026-05-23,"wk inc flu hosp","quantile","0.35",18.0239469218301
"39",2026-05-02,3,2026-05-23,"wk inc flu hosp","quantile","0.4",19.6523211870322
"39",2026-05-02,3,2026-05-23,"wk inc flu hosp","quantile","0.45",22.3945455235055
"39",2026-05-02,3,2026-05-23,"wk inc flu hosp","quantile","0.5",24.4252563218201
"39",2026-05-02,3,2026-05-23,"wk inc flu hosp","quantile","0.55",26.6987261595504
"39",2026-05-02,3,2026-05-23,"wk inc flu hosp","quantile","0.6",29.6964953866282
"39",2026-05-02,3,2026-05-23,"wk inc flu hosp","quantile","0.65",32.3456833307436
"39",2026-05-02,3,2026-05-23,"wk inc flu hosp","quantile","0.7",35.308164663273
"39",2026-05-02,3,2026-05-23,"wk inc flu hosp","quantile","0.75",39.3775303500053
"39",2026-05-02,3,2026-05-23,"wk inc flu hosp","quantile","0.8",44.0228435428884
"39",2026-05-02,3,2026-05-23,"wk inc flu hosp","quantile","0.85",49.6577980487707
"39",2026-05-02,3,2026-05-23,"wk inc flu hosp","quantile","0.9",57.3631873612461
"39",2026-05-02,3,2026-05-23,"wk inc flu hosp","quantile","0.95",74.1631886321355
"39",2026-05-02,3,2026-05-23,"wk inc flu hosp","quantile","0.975",90.2181557819969
"39",2026-05-02,3,2026-05-23,"wk inc flu hosp","quantile","0.99",132.177445118582
"40",2026-05-02,0,2026-05-02,"wk inc flu hosp","quantile","0.01",0
"40",2026-05-02,0,2026-05-02,"wk inc flu hosp","quantile","0.025",0.111774469178842
"40",2026-05-02,0,2026-05-02,"wk inc flu hosp","quantile","0.05",0.499274426575407
"40",2026-05-02,0,2026-05-02,"wk inc flu hosp","quantile","0.1",0.996484231828141
"40",2026-05-02,0,2026-05-02,"wk inc flu hosp","quantile","0.15",1.59836469567523
"40",2026-05-02,0,2026-05-02,"wk inc flu hosp","quantile","0.2",2.2186002532449
"40",2026-05-02,0,2026-05-02,"wk inc flu hosp","quantile","0.25",2.8811992991208
"40",2026-05-02,0,2026-05-02,"wk inc flu hosp","quantile","0.3",3.489679543096
"40",2026-05-02,0,2026-05-02,"wk inc flu hosp","quantile","0.35",4.34059617715043
"40",2026-05-02,0,2026-05-02,"wk inc flu hosp","quantile","0.4",4.81517457663337
"40",2026-05-02,0,2026-05-02,"wk inc flu hosp","quantile","0.45",5.17408947340837
"40",2026-05-02,0,2026-05-02,"wk inc flu hosp","quantile","0.5",5.38537257978809
"40",2026-05-02,0,2026-05-02,"wk inc flu hosp","quantile","0.55",6.08412479733192
"40",2026-05-02,0,2026-05-02,"wk inc flu hosp","quantile","0.6",6.62854512013199
"40",2026-05-02,0,2026-05-02,"wk inc flu hosp","quantile","0.65",7.05726509129167
"40",2026-05-02,0,2026-05-02,"wk inc flu hosp","quantile","0.7",7.90055012042679
"40",2026-05-02,0,2026-05-02,"wk inc flu hosp","quantile","0.75",8.66128805317597
"40",2026-05-02,0,2026-05-02,"wk inc flu hosp","quantile","0.8",9.32169395765144
"40",2026-05-02,0,2026-05-02,"wk inc flu hosp","quantile","0.85",10.6008755957296
"40",2026-05-02,0,2026-05-02,"wk inc flu hosp","quantile","0.9",12.5274759106916
"40",2026-05-02,0,2026-05-02,"wk inc flu hosp","quantile","0.95",15.4466817248185
"40",2026-05-02,0,2026-05-02,"wk inc flu hosp","quantile","0.975",19.8139943332576
"40",2026-05-02,0,2026-05-02,"wk inc flu hosp","quantile","0.99",28.0634457261682
"40",2026-05-02,1,2026-05-09,"wk inc flu hosp","quantile","0.01",0
"40",2026-05-02,1,2026-05-09,"wk inc flu hosp","quantile","0.025",0
"40",2026-05-02,1,2026-05-09,"wk inc flu hosp","quantile","0.05",0.175493508940343
"40",2026-05-02,1,2026-05-09,"wk inc flu hosp","quantile","0.1",0.56870910424609
"40",2026-05-02,1,2026-05-09,"wk inc flu hosp","quantile","0.15",0.954098976672269
"40",2026-05-02,1,2026-05-09,"wk inc flu hosp","quantile","0.2",1.5040717571548
"40",2026-05-02,1,2026-05-09,"wk inc flu hosp","quantile","0.25",2.25698344881858
"40",2026-05-02,1,2026-05-09,"wk inc flu hosp","quantile","0.3",2.8335858832273
"40",2026-05-02,1,2026-05-09,"wk inc flu hosp","quantile","0.35",3.69539231670747
"40",2026-05-02,1,2026-05-09,"wk inc flu hosp","quantile","0.4",4.23298296016403
"40",2026-05-02,1,2026-05-09,"wk inc flu hosp","quantile","0.45",4.69035852830068
"40",2026-05-02,1,2026-05-09,"wk inc flu hosp","quantile","0.5",5.09831822780692
"40",2026-05-02,1,2026-05-09,"wk inc flu hosp","quantile","0.55",5.88281206946688
"40",2026-05-02,1,2026-05-09,"wk inc flu hosp","quantile","0.6",6.47488828781941
"40",2026-05-02,1,2026-05-09,"wk inc flu hosp","quantile","0.65",7.08422812752169
"40",2026-05-02,1,2026-05-09,"wk inc flu hosp","quantile","0.7",7.8584061716188
"40",2026-05-02,1,2026-05-09,"wk inc flu hosp","quantile","0.75",8.82285882768595
"40",2026-05-02,1,2026-05-09,"wk inc flu hosp","quantile","0.8",9.69897297273736
"40",2026-05-02,1,2026-05-09,"wk inc flu hosp","quantile","0.85",11.2084346740521
"40",2026-05-02,1,2026-05-09,"wk inc flu hosp","quantile","0.9",13.6985356792462
"40",2026-05-02,1,2026-05-09,"wk inc flu hosp","quantile","0.95",17.4245887074312
"40",2026-05-02,1,2026-05-09,"wk inc flu hosp","quantile","0.975",23.2590911416827
"40",2026-05-02,1,2026-05-09,"wk inc flu hosp","quantile","0.99",32.7274646995168
"40",2026-05-02,2,2026-05-16,"wk inc flu hosp","quantile","0.01",0
"40",2026-05-02,2,2026-05-16,"wk inc flu hosp","quantile","0.025",0
"40",2026-05-02,2,2026-05-16,"wk inc flu hosp","quantile","0.05",0
"40",2026-05-02,2,2026-05-16,"wk inc flu hosp","quantile","0.1",0.32143269063951
"40",2026-05-02,2,2026-05-16,"wk inc flu hosp","quantile","0.15",0.763698959954477
"40",2026-05-02,2,2026-05-16,"wk inc flu hosp","quantile","0.2",1.33962194514918
"40",2026-05-02,2,2026-05-16,"wk inc flu hosp","quantile","0.25",2.15118216163964
"40",2026-05-02,2,2026-05-16,"wk inc flu hosp","quantile","0.3",2.68745597507657
"40",2026-05-02,2,2026-05-16,"wk inc flu hosp","quantile","0.35",3.41438943230975
"40",2026-05-02,2,2026-05-16,"wk inc flu hosp","quantile","0.4",3.85179986768739
"40",2026-05-02,2,2026-05-16,"wk inc flu hosp","quantile","0.45",4.30657883972409
"40",2026-05-02,2,2026-05-16,"wk inc flu hosp","quantile","0.5",4.82734140627854
"40",2026-05-02,2,2026-05-16,"wk inc flu hosp","quantile","0.55",5.55279941982673
"40",2026-05-02,2,2026-05-16,"wk inc flu hosp","quantile","0.6",6.36976051450778
"40",2026-05-02,2,2026-05-16,"wk inc flu hosp","quantile","0.65",7.123805303672
"40",2026-05-02,2,2026-05-16,"wk inc flu hosp","quantile","0.7",8.12592971222855
"40",2026-05-02,2,2026-05-16,"wk inc flu hosp","quantile","0.75",8.81102209737453
"40",2026-05-02,2,2026-05-16,"wk inc flu hosp","quantile","0.8",10.1822200446529
"40",2026-05-02,2,2026-05-16,"wk inc flu hosp","quantile","0.85",11.6278864942512
"40",2026-05-02,2,2026-05-16,"wk inc flu hosp","quantile","0.9",14.5070923483217
"40",2026-05-02,2,2026-05-16,"wk inc flu hosp","quantile","0.95",19.7922622758572
"40",2026-05-02,2,2026-05-16,"wk inc flu hosp","quantile","0.975",25.8592380092344
"40",2026-05-02,2,2026-05-16,"wk inc flu hosp","quantile","0.99",40.6466236998571
"40",2026-05-02,3,2026-05-23,"wk inc flu hosp","quantile","0.01",0
"40",2026-05-02,3,2026-05-23,"wk inc flu hosp","quantile","0.025",0
"40",2026-05-02,3,2026-05-23,"wk inc flu hosp","quantile","0.05",0
"40",2026-05-02,3,2026-05-23,"wk inc flu hosp","quantile","0.1",0.263737987171042
"40",2026-05-02,3,2026-05-23,"wk inc flu hosp","quantile","0.15",0.519699552886333
"40",2026-05-02,3,2026-05-23,"wk inc flu hosp","quantile","0.2",1.04536435885422
"40",2026-05-02,3,2026-05-23,"wk inc flu hosp","quantile","0.25",1.99277820522826
"40",2026-05-02,3,2026-05-23,"wk inc flu hosp","quantile","0.3",2.5714441346603
"40",2026-05-02,3,2026-05-23,"wk inc flu hosp","quantile","0.35",3.34892032749618
"40",2026-05-02,3,2026-05-23,"wk inc flu hosp","quantile","0.4",3.9227898145869
"40",2026-05-02,3,2026-05-23,"wk inc flu hosp","quantile","0.45",4.52455649181982
"40",2026-05-02,3,2026-05-23,"wk inc flu hosp","quantile","0.5",4.96246851919791
"40",2026-05-02,3,2026-05-23,"wk inc flu hosp","quantile","0.55",5.82771459790896
"40",2026-05-02,3,2026-05-23,"wk inc flu hosp","quantile","0.6",6.56961990799535
"40",2026-05-02,3,2026-05-23,"wk inc flu hosp","quantile","0.65",7.74667039439515
"40",2026-05-02,3,2026-05-23,"wk inc flu hosp","quantile","0.7",9.00481304452808
"40",2026-05-02,3,2026-05-23,"wk inc flu hosp","quantile","0.75",10.247620924029
"40",2026-05-02,3,2026-05-23,"wk inc flu hosp","quantile","0.8",11.5935648975436
"40",2026-05-02,3,2026-05-23,"wk inc flu hosp","quantile","0.85",13.9032946281619
"40",2026-05-02,3,2026-05-23,"wk inc flu hosp","quantile","0.9",17.2550935778018
"40",2026-05-02,3,2026-05-23,"wk inc flu hosp","quantile","0.95",24.9905132004252
"40",2026-05-02,3,2026-05-23,"wk inc flu hosp","quantile","0.975",31.1013487676536
"40",2026-05-02,3,2026-05-23,"wk inc flu hosp","quantile","0.99",45.6850644420476
"41",2026-05-02,0,2026-05-02,"wk inc flu hosp","quantile","0.01",0.216592859487373
"41",2026-05-02,0,2026-05-02,"wk inc flu hosp","quantile","0.025",0.53466212639972
"41",2026-05-02,0,2026-05-02,"wk inc flu hosp","quantile","0.05",1.03955235314016
"41",2026-05-02,0,2026-05-02,"wk inc flu hosp","quantile","0.1",1.83905958034047
"41",2026-05-02,0,2026-05-02,"wk inc flu hosp","quantile","0.15",2.67523127375704
"41",2026-05-02,0,2026-05-02,"wk inc flu hosp","quantile","0.2",3.07203137642757
"41",2026-05-02,0,2026-05-02,"wk inc flu hosp","quantile","0.25",3.6129107708714
"41",2026-05-02,0,2026-05-02,"wk inc flu hosp","quantile","0.3",4.25601612311745
"41",2026-05-02,0,2026-05-02,"wk inc flu hosp","quantile","0.35",5.02719715115057
"41",2026-05-02,0,2026-05-02,"wk inc flu hosp","quantile","0.4",5.62160161321372
"41",2026-05-02,0,2026-05-02,"wk inc flu hosp","quantile","0.45",6.07456026254476
"41",2026-05-02,0,2026-05-02,"wk inc flu hosp","quantile","0.5",6.55785682391315
"41",2026-05-02,0,2026-05-02,"wk inc flu hosp","quantile","0.55",7.16223113320049
"41",2026-05-02,0,2026-05-02,"wk inc flu hosp","quantile","0.6",7.74563633502691
"41",2026-05-02,0,2026-05-02,"wk inc flu hosp","quantile","0.65",8.24990431142548
"41",2026-05-02,0,2026-05-02,"wk inc flu hosp","quantile","0.7",8.87476743962195
"41",2026-05-02,0,2026-05-02,"wk inc flu hosp","quantile","0.75",9.47525180651804
"41",2026-05-02,0,2026-05-02,"wk inc flu hosp","quantile","0.8",10.5021739764076
"41",2026-05-02,0,2026-05-02,"wk inc flu hosp","quantile","0.85",11.7139258357784
"41",2026-05-02,0,2026-05-02,"wk inc flu hosp","quantile","0.9",13.6332745293878
"41",2026-05-02,0,2026-05-02,"wk inc flu hosp","quantile","0.95",16.4141051288087
"41",2026-05-02,0,2026-05-02,"wk inc flu hosp","quantile","0.975",20.2925412698053
"41",2026-05-02,0,2026-05-02,"wk inc flu hosp","quantile","0.99",25.7202131727175
"41",2026-05-02,1,2026-05-09,"wk inc flu hosp","quantile","0.01",0
"41",2026-05-02,1,2026-05-09,"wk inc flu hosp","quantile","0.025",0.158778706773437
"41",2026-05-02,1,2026-05-09,"wk inc flu hosp","quantile","0.05",0.447592798420964
"41",2026-05-02,1,2026-05-09,"wk inc flu hosp","quantile","0.1",1.04480315486692
"41",2026-05-02,1,2026-05-09,"wk inc flu hosp","quantile","0.15",1.72858955107719
"41",2026-05-02,1,2026-05-09,"wk inc flu hosp","quantile","0.2",2.19819178825791
"41",2026-05-02,1,2026-05-09,"wk inc flu hosp","quantile","0.25",2.79203440886752
"41",2026-05-02,1,2026-05-09,"wk inc flu hosp","quantile","0.3",3.39032673176843
"41",2026-05-02,1,2026-05-09,"wk inc flu hosp","quantile","0.35",4.22174877087904
"41",2026-05-02,1,2026-05-09,"wk inc flu hosp","quantile","0.4",4.85908716774627
"41",2026-05-02,1,2026-05-09,"wk inc flu hosp","quantile","0.45",5.44867075078573
"41",2026-05-02,1,2026-05-09,"wk inc flu hosp","quantile","0.5",5.86762045369114
"41",2026-05-02,1,2026-05-09,"wk inc flu hosp","quantile","0.55",6.45583521799114
"41",2026-05-02,1,2026-05-09,"wk inc flu hosp","quantile","0.6",7.22831221680799
"41",2026-05-02,1,2026-05-09,"wk inc flu hosp","quantile","0.65",7.99157641215775
"41",2026-05-02,1,2026-05-09,"wk inc flu hosp","quantile","0.7",8.91586368691688
"41",2026-05-02,1,2026-05-09,"wk inc flu hosp","quantile","0.75",9.96224007052732
"41",2026-05-02,1,2026-05-09,"wk inc flu hosp","quantile","0.8",11.2456947405914
"41",2026-05-02,1,2026-05-09,"wk inc flu hosp","quantile","0.85",12.9067238403382
"41",2026-05-02,1,2026-05-09,"wk inc flu hosp","quantile","0.9",14.7837009777954
"41",2026-05-02,1,2026-05-09,"wk inc flu hosp","quantile","0.95",19.5522534518802
"41",2026-05-02,1,2026-05-09,"wk inc flu hosp","quantile","0.975",24.8411764752807
"41",2026-05-02,1,2026-05-09,"wk inc flu hosp","quantile","0.99",31.8858569908868
"41",2026-05-02,2,2026-05-16,"wk inc flu hosp","quantile","0.01",0
"41",2026-05-02,2,2026-05-16,"wk inc flu hosp","quantile","0.025",0
"41",2026-05-02,2,2026-05-16,"wk inc flu hosp","quantile","0.05",0.154118754604971
"41",2026-05-02,2,2026-05-16,"wk inc flu hosp","quantile","0.1",0.635824063969973
"41",2026-05-02,2,2026-05-16,"wk inc flu hosp","quantile","0.15",1.23242573361235
"41",2026-05-02,2,2026-05-16,"wk inc flu hosp","quantile","0.2",1.78016746618926
"41",2026-05-02,2,2026-05-16,"wk inc flu hosp","quantile","0.25",2.44571300642712
"41",2026-05-02,2,2026-05-16,"wk inc flu hosp","quantile","0.3",3.04834417289334
"41",2026-05-02,2,2026-05-16,"wk inc flu hosp","quantile","0.35",4.00571806193186
"41",2026-05-02,2,2026-05-16,"wk inc flu hosp","quantile","0.4",4.49706501041627
"41",2026-05-02,2,2026-05-16,"wk inc flu hosp","quantile","0.45",5.30901137759034
"41",2026-05-02,2,2026-05-16,"wk inc flu hosp","quantile","0.5",5.78701860128588
"41",2026-05-02,2,2026-05-16,"wk inc flu hosp","quantile","0.55",6.54425331138798
"41",2026-05-02,2,2026-05-16,"wk inc flu hosp","quantile","0.6",7.29961348110074
"41",2026-05-02,2,2026-05-16,"wk inc flu hosp","quantile","0.65",8.29457951975284
"41",2026-05-02,2,2026-05-16,"wk inc flu hosp","quantile","0.7",9.55907700466097
"41",2026-05-02,2,2026-05-16,"wk inc flu hosp","quantile","0.75",10.3480948765631
"41",2026-05-02,2,2026-05-16,"wk inc flu hosp","quantile","0.8",11.8269897648838
"41",2026-05-02,2,2026-05-16,"wk inc flu hosp","quantile","0.85",13.6360781385785
"41",2026-05-02,2,2026-05-16,"wk inc flu hosp","quantile","0.9",16.083289998699
"41",2026-05-02,2,2026-05-16,"wk inc flu hosp","quantile","0.95",20.7450693593121
"41",2026-05-02,2,2026-05-16,"wk inc flu hosp","quantile","0.975",25.7226885981496
"41",2026-05-02,2,2026-05-16,"wk inc flu hosp","quantile","0.99",34.0696146769479
"41",2026-05-02,3,2026-05-23,"wk inc flu hosp","quantile","0.01",0
"41",2026-05-02,3,2026-05-23,"wk inc flu hosp","quantile","0.025",0
"41",2026-05-02,3,2026-05-23,"wk inc flu hosp","quantile","0.05",0.0705921825065682
"41",2026-05-02,3,2026-05-23,"wk inc flu hosp","quantile","0.1",0.431870995406719
"41",2026-05-02,3,2026-05-23,"wk inc flu hosp","quantile","0.15",0.804446866327802
"41",2026-05-02,3,2026-05-23,"wk inc flu hosp","quantile","0.2",1.10132109479835
"41",2026-05-02,3,2026-05-23,"wk inc flu hosp","quantile","0.25",1.8575956477454
"41",2026-05-02,3,2026-05-23,"wk inc flu hosp","quantile","0.3",2.74071448479339
"41",2026-05-02,3,2026-05-23,"wk inc flu hosp","quantile","0.35",3.75678722715166
"41",2026-05-02,3,2026-05-23,"wk inc flu hosp","quantile","0.4",4.37545377296865
"41",2026-05-02,3,2026-05-23,"wk inc flu hosp","quantile","0.45",5.21819686296289
"41",2026-05-02,3,2026-05-23,"wk inc flu hosp","quantile","0.5",5.77292264843748
"41",2026-05-02,3,2026-05-23,"wk inc flu hosp","quantile","0.55",6.52902606975753
"41",2026-05-02,3,2026-05-23,"wk inc flu hosp","quantile","0.6",7.45387214039066
"41",2026-05-02,3,2026-05-23,"wk inc flu hosp","quantile","0.65",8.46364841730084
"41",2026-05-02,3,2026-05-23,"wk inc flu hosp","quantile","0.7",9.56016911397947
"41",2026-05-02,3,2026-05-23,"wk inc flu hosp","quantile","0.75",10.7996999682053
"41",2026-05-02,3,2026-05-23,"wk inc flu hosp","quantile","0.8",12.2852327998445
"41",2026-05-02,3,2026-05-23,"wk inc flu hosp","quantile","0.85",14.8236877631686
"41",2026-05-02,3,2026-05-23,"wk inc flu hosp","quantile","0.9",18.2095668955109
"41",2026-05-02,3,2026-05-23,"wk inc flu hosp","quantile","0.95",23.2233917569492
"41",2026-05-02,3,2026-05-23,"wk inc flu hosp","quantile","0.975",28.2173282373508
"41",2026-05-02,3,2026-05-23,"wk inc flu hosp","quantile","0.99",39.9403083783046
"42",2026-05-02,0,2026-05-02,"wk inc flu hosp","quantile","0.01",50.7996913100766
"42",2026-05-02,0,2026-05-02,"wk inc flu hosp","quantile","0.025",60.9491275340529
"42",2026-05-02,0,2026-05-02,"wk inc flu hosp","quantile","0.05",70.361572126914
"42",2026-05-02,0,2026-05-02,"wk inc flu hosp","quantile","0.1",80.733512086476
"42",2026-05-02,0,2026-05-02,"wk inc flu hosp","quantile","0.15",89.4784043197505
"42",2026-05-02,0,2026-05-02,"wk inc flu hosp","quantile","0.2",95.3659315380248
"42",2026-05-02,0,2026-05-02,"wk inc flu hosp","quantile","0.25",100.841907925902
"42",2026-05-02,0,2026-05-02,"wk inc flu hosp","quantile","0.3",105.687473295437
"42",2026-05-02,0,2026-05-02,"wk inc flu hosp","quantile","0.35",110.623990443667
"42",2026-05-02,0,2026-05-02,"wk inc flu hosp","quantile","0.4",114.299208058224
"42",2026-05-02,0,2026-05-02,"wk inc flu hosp","quantile","0.45",117.910121232464
"42",2026-05-02,0,2026-05-02,"wk inc flu hosp","quantile","0.5",121.38385844186
"42",2026-05-02,0,2026-05-02,"wk inc flu hosp","quantile","0.55",125.538013544888
"42",2026-05-02,0,2026-05-02,"wk inc flu hosp","quantile","0.6",130.544740264725
"42",2026-05-02,0,2026-05-02,"wk inc flu hosp","quantile","0.65",134.978565767011
"42",2026-05-02,0,2026-05-02,"wk inc flu hosp","quantile","0.7",139.983217507696
"42",2026-05-02,0,2026-05-02,"wk inc flu hosp","quantile","0.75",144.796680312692
"42",2026-05-02,0,2026-05-02,"wk inc flu hosp","quantile","0.8",152.27587303378
"42",2026-05-02,0,2026-05-02,"wk inc flu hosp","quantile","0.85",158.219369705083
"42",2026-05-02,0,2026-05-02,"wk inc flu hosp","quantile","0.9",165.863297710329
"42",2026-05-02,0,2026-05-02,"wk inc flu hosp","quantile","0.95",177.594966045499
"42",2026-05-02,0,2026-05-02,"wk inc flu hosp","quantile","0.975",189.960325392114
"42",2026-05-02,0,2026-05-02,"wk inc flu hosp","quantile","0.99",217.103556538352
"42",2026-05-02,1,2026-05-09,"wk inc flu hosp","quantile","0.01",31.7787342643673
"42",2026-05-02,1,2026-05-09,"wk inc flu hosp","quantile","0.025",41.1235381883904
"42",2026-05-02,1,2026-05-09,"wk inc flu hosp","quantile","0.05",52.0320325414226
"42",2026-05-02,1,2026-05-09,"wk inc flu hosp","quantile","0.1",62.6391309704512
"42",2026-05-02,1,2026-05-09,"wk inc flu hosp","quantile","0.15",70.0180577527371
"42",2026-05-02,1,2026-05-09,"wk inc flu hosp","quantile","0.2",77.4481453224791
"42",2026-05-02,1,2026-05-09,"wk inc flu hosp","quantile","0.25",82.1214386552147
"42",2026-05-02,1,2026-05-09,"wk inc flu hosp","quantile","0.3",87.5305260314054
"42",2026-05-02,1,2026-05-09,"wk inc flu hosp","quantile","0.35",93.4275908370063
"42",2026-05-02,1,2026-05-09,"wk inc flu hosp","quantile","0.4",97.8793562109884
"42",2026-05-02,1,2026-05-09,"wk inc flu hosp","quantile","0.45",102.353773860941
"42",2026-05-02,1,2026-05-09,"wk inc flu hosp","quantile","0.5",106.574370232701
"42",2026-05-02,1,2026-05-09,"wk inc flu hosp","quantile","0.55",111.953576517638
"42",2026-05-02,1,2026-05-09,"wk inc flu hosp","quantile","0.6",118.25583947107
"42",2026-05-02,1,2026-05-09,"wk inc flu hosp","quantile","0.65",122.32248196904
"42",2026-05-02,1,2026-05-09,"wk inc flu hosp","quantile","0.7",126.426828431266
"42",2026-05-02,1,2026-05-09,"wk inc flu hosp","quantile","0.75",131.968780266535
"42",2026-05-02,1,2026-05-09,"wk inc flu hosp","quantile","0.8",140.488388478312
"42",2026-05-02,1,2026-05-09,"wk inc flu hosp","quantile","0.85",146.888135128949
"42",2026-05-02,1,2026-05-09,"wk inc flu hosp","quantile","0.9",154.519699699689
"42",2026-05-02,1,2026-05-09,"wk inc flu hosp","quantile","0.95",168.883859819922
"42",2026-05-02,1,2026-05-09,"wk inc flu hosp","quantile","0.975",191.912313375763
"42",2026-05-02,1,2026-05-09,"wk inc flu hosp","quantile","0.99",223.41861934556
"42",2026-05-02,2,2026-05-16,"wk inc flu hosp","quantile","0.01",21.147734197529
"42",2026-05-02,2,2026-05-16,"wk inc flu hosp","quantile","0.025",28.6319081540835
"42",2026-05-02,2,2026-05-16,"wk inc flu hosp","quantile","0.05",38.5517557114088
"42",2026-05-02,2,2026-05-16,"wk inc flu hosp","quantile","0.1",48.7289801614907
"42",2026-05-02,2,2026-05-16,"wk inc flu hosp","quantile","0.15",56.5198702948099
"42",2026-05-02,2,2026-05-16,"wk inc flu hosp","quantile","0.2",62.7281501915616
"42",2026-05-02,2,2026-05-16,"wk inc flu hosp","quantile","0.25",67.4688119986402
"42",2026-05-02,2,2026-05-16,"wk inc flu hosp","quantile","0.3",74.2381661870185
"42",2026-05-02,2,2026-05-16,"wk inc flu hosp","quantile","0.35",80.2070810214198
"42",2026-05-02,2,2026-05-16,"wk inc flu hosp","quantile","0.4",84.0097176174175
"42",2026-05-02,2,2026-05-16,"wk inc flu hosp","quantile","0.45",88.9374142666856
"42",2026-05-02,2,2026-05-16,"wk inc flu hosp","quantile","0.5",93.5700410510587
"42",2026-05-02,2,2026-05-16,"wk inc flu hosp","quantile","0.55",100.06654373764
"42",2026-05-02,2,2026-05-16,"wk inc flu hosp","quantile","0.6",106.670297786264
"42",2026-05-02,2,2026-05-16,"wk inc flu hosp","quantile","0.65",111.740004777266
"42",2026-05-02,2,2026-05-16,"wk inc flu hosp","quantile","0.7",116.770611372992
"42",2026-05-02,2,2026-05-16,"wk inc flu hosp","quantile","0.75",122.823337687126
"42",2026-05-02,2,2026-05-16,"wk inc flu hosp","quantile","0.8",132.71431844478
"42",2026-05-02,2,2026-05-16,"wk inc flu hosp","quantile","0.85",140.734630010283
"42",2026-05-02,2,2026-05-16,"wk inc flu hosp","quantile","0.9",150.19792371946
"42",2026-05-02,2,2026-05-16,"wk inc flu hosp","quantile","0.95",168.10001265652
"42",2026-05-02,2,2026-05-16,"wk inc flu hosp","quantile","0.975",188.048758870922
"42",2026-05-02,2,2026-05-16,"wk inc flu hosp","quantile","0.99",227.014423909044
"42",2026-05-02,3,2026-05-23,"wk inc flu hosp","quantile","0.01",17.5489373082108
"42",2026-05-02,3,2026-05-23,"wk inc flu hosp","quantile","0.025",22.4653451472984
"42",2026-05-02,3,2026-05-23,"wk inc flu hosp","quantile","0.05",28.7287564876336
"42",2026-05-02,3,2026-05-23,"wk inc flu hosp","quantile","0.1",38.8449990071114
"42",2026-05-02,3,2026-05-23,"wk inc flu hosp","quantile","0.15",44.9600315872162
"42",2026-05-02,3,2026-05-23,"wk inc flu hosp","quantile","0.2",50.9616200160489
"42",2026-05-02,3,2026-05-23,"wk inc flu hosp","quantile","0.25",57.4409128744098
"42",2026-05-02,3,2026-05-23,"wk inc flu hosp","quantile","0.3",63.0148528108281
"42",2026-05-02,3,2026-05-23,"wk inc flu hosp","quantile","0.35",68.813617500458
"42",2026-05-02,3,2026-05-23,"wk inc flu hosp","quantile","0.4",73.2831914605644
"42",2026-05-02,3,2026-05-23,"wk inc flu hosp","quantile","0.45",77.4401111680867
"42",2026-05-02,3,2026-05-23,"wk inc flu hosp","quantile","0.5",83.0104622956384
"42",2026-05-02,3,2026-05-23,"wk inc flu hosp","quantile","0.55",89.2349237723347
"42",2026-05-02,3,2026-05-23,"wk inc flu hosp","quantile","0.6",95.6798345986239
"42",2026-05-02,3,2026-05-23,"wk inc flu hosp","quantile","0.65",101.187437445931
"42",2026-05-02,3,2026-05-23,"wk inc flu hosp","quantile","0.7",106.304343033815
"42",2026-05-02,3,2026-05-23,"wk inc flu hosp","quantile","0.75",113.340606412942
"42",2026-05-02,3,2026-05-23,"wk inc flu hosp","quantile","0.8",121.532907647283
"42",2026-05-02,3,2026-05-23,"wk inc flu hosp","quantile","0.85",130.93307310607
"42",2026-05-02,3,2026-05-23,"wk inc flu hosp","quantile","0.9",140.655386797803
"42",2026-05-02,3,2026-05-23,"wk inc flu hosp","quantile","0.95",166.773238821699
"42",2026-05-02,3,2026-05-23,"wk inc flu hosp","quantile","0.975",193.883853636907
"42",2026-05-02,3,2026-05-23,"wk inc flu hosp","quantile","0.99",226.985298324132
"44",2026-05-02,0,2026-05-02,"wk inc flu hosp","quantile","0.01",0.0613790845551128
"44",2026-05-02,0,2026-05-02,"wk inc flu hosp","quantile","0.025",0.185174624490904
"44",2026-05-02,0,2026-05-02,"wk inc flu hosp","quantile","0.05",0.326899056659174
"44",2026-05-02,0,2026-05-02,"wk inc flu hosp","quantile","0.1",0.95115494558476
"44",2026-05-02,0,2026-05-02,"wk inc flu hosp","quantile","0.15",1.49081412396334
"44",2026-05-02,0,2026-05-02,"wk inc flu hosp","quantile","0.2",2.03542165534619
"44",2026-05-02,0,2026-05-02,"wk inc flu hosp","quantile","0.25",2.48878491213879
"44",2026-05-02,0,2026-05-02,"wk inc flu hosp","quantile","0.3",2.84429913463374
"44",2026-05-02,0,2026-05-02,"wk inc flu hosp","quantile","0.35",3.20571063336865
"44",2026-05-02,0,2026-05-02,"wk inc flu hosp","quantile","0.4",3.53156989336723
"44",2026-05-02,0,2026-05-02,"wk inc flu hosp","quantile","0.45",3.8462125229348
"44",2026-05-02,0,2026-05-02,"wk inc flu hosp","quantile","0.5",4.1783166585441
"44",2026-05-02,0,2026-05-02,"wk inc flu hosp","quantile","0.55",4.53289403877207
"44",2026-05-02,0,2026-05-02,"wk inc flu hosp","quantile","0.6",4.91832953078309
"44",2026-05-02,0,2026-05-02,"wk inc flu hosp","quantile","0.65",5.3660193616045
"44",2026-05-02,0,2026-05-02,"wk inc flu hosp","quantile","0.7",5.88737746395589
"44",2026-05-02,0,2026-05-02,"wk inc flu hosp","quantile","0.75",6.45286316751089
"44",2026-05-02,0,2026-05-02,"wk inc flu hosp","quantile","0.8",7.11031577330568
"44",2026-05-02,0,2026-05-02,"wk inc flu hosp","quantile","0.85",8.16779977402002
"44",2026-05-02,0,2026-05-02,"wk inc flu hosp","quantile","0.9",9.42009720151395
"44",2026-05-02,0,2026-05-02,"wk inc flu hosp","quantile","0.95",12.1563025752423
"44",2026-05-02,0,2026-05-02,"wk inc flu hosp","quantile","0.975",15.456996776808
"44",2026-05-02,0,2026-05-02,"wk inc flu hosp","quantile","0.99",19.9183546254056
"44",2026-05-02,1,2026-05-09,"wk inc flu hosp","quantile","0.01",0
"44",2026-05-02,1,2026-05-09,"wk inc flu hosp","quantile","0.025",0
"44",2026-05-02,1,2026-05-09,"wk inc flu hosp","quantile","0.05",0.0702869182250897
"44",2026-05-02,1,2026-05-09,"wk inc flu hosp","quantile","0.1",0.305707926205
"44",2026-05-02,1,2026-05-09,"wk inc flu hosp","quantile","0.15",0.726209832398146
"44",2026-05-02,1,2026-05-09,"wk inc flu hosp","quantile","0.2",1.19901619445864
"44",2026-05-02,1,2026-05-09,"wk inc flu hosp","quantile","0.25",1.71714847004775
"44",2026-05-02,1,2026-05-09,"wk inc flu hosp","quantile","0.3",2.12101492975242
"44",2026-05-02,1,2026-05-09,"wk inc flu hosp","quantile","0.35",2.38370546815477
"44",2026-05-02,1,2026-05-09,"wk inc flu hosp","quantile","0.4",2.65943004134589
"44",2026-05-02,1,2026-05-09,"wk inc flu hosp","quantile","0.45",3.01225763241006
"44",2026-05-02,1,2026-05-09,"wk inc flu hosp","quantile","0.5",3.49023994111977
"44",2026-05-02,1,2026-05-09,"wk inc flu hosp","quantile","0.55",3.89743291140655
"44",2026-05-02,1,2026-05-09,"wk inc flu hosp","quantile","0.6",4.37094641556097
"44",2026-05-02,1,2026-05-09,"wk inc flu hosp","quantile","0.65",4.87968196525218
"44",2026-05-02,1,2026-05-09,"wk inc flu hosp","quantile","0.7",5.56098949256409
"44",2026-05-02,1,2026-05-09,"wk inc flu hosp","quantile","0.75",6.20205199320725
"44",2026-05-02,1,2026-05-09,"wk inc flu hosp","quantile","0.8",6.98173448312345
"44",2026-05-02,1,2026-05-09,"wk inc flu hosp","quantile","0.85",8.06781147115648
"44",2026-05-02,1,2026-05-09,"wk inc flu hosp","quantile","0.9",9.77011089569369
"44",2026-05-02,1,2026-05-09,"wk inc flu hosp","quantile","0.95",13.1989056034704
"44",2026-05-02,1,2026-05-09,"wk inc flu hosp","quantile","0.975",19.8258364313656
"44",2026-05-02,1,2026-05-09,"wk inc flu hosp","quantile","0.99",25.4365502584354
"44",2026-05-02,2,2026-05-16,"wk inc flu hosp","quantile","0.01",0
"44",2026-05-02,2,2026-05-16,"wk inc flu hosp","quantile","0.025",0
"44",2026-05-02,2,2026-05-16,"wk inc flu hosp","quantile","0.05",0
"44",2026-05-02,2,2026-05-16,"wk inc flu hosp","quantile","0.1",0.0480442786696431
"44",2026-05-02,2,2026-05-16,"wk inc flu hosp","quantile","0.15",0.361255449431607
"44",2026-05-02,2,2026-05-16,"wk inc flu hosp","quantile","0.2",0.76453723079543
"44",2026-05-02,2,2026-05-16,"wk inc flu hosp","quantile","0.25",1.2253115302766
"44",2026-05-02,2,2026-05-16,"wk inc flu hosp","quantile","0.3",1.59105374552576
"44",2026-05-02,2,2026-05-16,"wk inc flu hosp","quantile","0.35",1.89359834666311
"44",2026-05-02,2,2026-05-16,"wk inc flu hosp","quantile","0.4",2.1352045543513
"44",2026-05-02,2,2026-05-16,"wk inc flu hosp","quantile","0.45",2.40030080680207
"44",2026-05-02,2,2026-05-16,"wk inc flu hosp","quantile","0.5",2.88347512315838
"44",2026-05-02,2,2026-05-16,"wk inc flu hosp","quantile","0.55",3.28822906831302
"44",2026-05-02,2,2026-05-16,"wk inc flu hosp","quantile","0.6",3.73358691507802
"44",2026-05-02,2,2026-05-16,"wk inc flu hosp","quantile","0.65",4.36950460911326
"44",2026-05-02,2,2026-05-16,"wk inc flu hosp","quantile","0.7",5.10564422730512
"44",2026-05-02,2,2026-05-16,"wk inc flu hosp","quantile","0.75",5.81059318006376
"44",2026-05-02,2,2026-05-16,"wk inc flu hosp","quantile","0.8",6.59831891454877
"44",2026-05-02,2,2026-05-16,"wk inc flu hosp","quantile","0.85",7.94720721488446
"44",2026-05-02,2,2026-05-16,"wk inc flu hosp","quantile","0.9",10.2403013869386
"44",2026-05-02,2,2026-05-16,"wk inc flu hosp","quantile","0.95",13.9539431302785
"44",2026-05-02,2,2026-05-16,"wk inc flu hosp","quantile","0.975",18.931178395998
"44",2026-05-02,2,2026-05-16,"wk inc flu hosp","quantile","0.99",23.4236570936345
"44",2026-05-02,3,2026-05-23,"wk inc flu hosp","quantile","0.01",0
"44",2026-05-02,3,2026-05-23,"wk inc flu hosp","quantile","0.025",0
"44",2026-05-02,3,2026-05-23,"wk inc flu hosp","quantile","0.05",0
"44",2026-05-02,3,2026-05-23,"wk inc flu hosp","quantile","0.1",0
"44",2026-05-02,3,2026-05-23,"wk inc flu hosp","quantile","0.15",0.0985509198107145
"44",2026-05-02,3,2026-05-23,"wk inc flu hosp","quantile","0.2",0.417965973605504
"44",2026-05-02,3,2026-05-23,"wk inc flu hosp","quantile","0.25",0.787476868655966
"44",2026-05-02,3,2026-05-23,"wk inc flu hosp","quantile","0.3",1.12981684747965
"44",2026-05-02,3,2026-05-23,"wk inc flu hosp","quantile","0.35",1.41756369362988
"44",2026-05-02,3,2026-05-23,"wk inc flu hosp","quantile","0.4",1.64825928910057
"44",2026-05-02,3,2026-05-23,"wk inc flu hosp","quantile","0.45",1.9284936614425
"44",2026-05-02,3,2026-05-23,"wk inc flu hosp","quantile","0.5",2.31132226514785
"44",2026-05-02,3,2026-05-23,"wk inc flu hosp","quantile","0.55",2.67722609803766
"44",2026-05-02,3,2026-05-23,"wk inc flu hosp","quantile","0.6",3.19864181077467
"44",2026-05-02,3,2026-05-23,"wk inc flu hosp","quantile","0.65",3.78753577630509
"44",2026-05-02,3,2026-05-23,"wk inc flu hosp","quantile","0.7",4.55947420506097
"44",2026-05-02,3,2026-05-23,"wk inc flu hosp","quantile","0.75",5.51567636748723
"44",2026-05-02,3,2026-05-23,"wk inc flu hosp","quantile","0.8",6.543773542449
"44",2026-05-02,3,2026-05-23,"wk inc flu hosp","quantile","0.85",7.78272119889217
"44",2026-05-02,3,2026-05-23,"wk inc flu hosp","quantile","0.9",9.78608282893995
"44",2026-05-02,3,2026-05-23,"wk inc flu hosp","quantile","0.95",13.7923400835624
"44",2026-05-02,3,2026-05-23,"wk inc flu hosp","quantile","0.975",18.9514187587429
"44",2026-05-02,3,2026-05-23,"wk inc flu hosp","quantile","0.99",27.2190594297596
"45",2026-05-02,0,2026-05-02,"wk inc flu hosp","quantile","0.01",0.296753656162727
"45",2026-05-02,0,2026-05-02,"wk inc flu hosp","quantile","0.025",0.827307543559324
"45",2026-05-02,0,2026-05-02,"wk inc flu hosp","quantile","0.05",1.41633946339719
"45",2026-05-02,0,2026-05-02,"wk inc flu hosp","quantile","0.1",3.16618997860289
"45",2026-05-02,0,2026-05-02,"wk inc flu hosp","quantile","0.15",4.28885606814126
"45",2026-05-02,0,2026-05-02,"wk inc flu hosp","quantile","0.2",4.75214103465606
"45",2026-05-02,0,2026-05-02,"wk inc flu hosp","quantile","0.25",5.25689224245291
"45",2026-05-02,0,2026-05-02,"wk inc flu hosp","quantile","0.3",6.08934483932863
"45",2026-05-02,0,2026-05-02,"wk inc flu hosp","quantile","0.35",7.29510706836154
"45",2026-05-02,0,2026-05-02,"wk inc flu hosp","quantile","0.4",8.07862156441849
"45",2026-05-02,0,2026-05-02,"wk inc flu hosp","quantile","0.45",8.46114824637337
"45",2026-05-02,0,2026-05-02,"wk inc flu hosp","quantile","0.5",9.24970197224192
"45",2026-05-02,0,2026-05-02,"wk inc flu hosp","quantile","0.55",10.1419629603502
"45",2026-05-02,0,2026-05-02,"wk inc flu hosp","quantile","0.6",10.8550370696097
"45",2026-05-02,0,2026-05-02,"wk inc flu hosp","quantile","0.65",11.5615187305159
"45",2026-05-02,0,2026-05-02,"wk inc flu hosp","quantile","0.7",12.3630238391286
"45",2026-05-02,0,2026-05-02,"wk inc flu hosp","quantile","0.75",13.3475705777828
"45",2026-05-02,0,2026-05-02,"wk inc flu hosp","quantile","0.8",14.3301723466902
"45",2026-05-02,0,2026-05-02,"wk inc flu hosp","quantile","0.85",15.588783669683
"45",2026-05-02,0,2026-05-02,"wk inc flu hosp","quantile","0.9",17.9198888261765
"45",2026-05-02,0,2026-05-02,"wk inc flu hosp","quantile","0.95",21.9184834405624
"45",2026-05-02,0,2026-05-02,"wk inc flu hosp","quantile","0.975",27.1810122897132
"45",2026-05-02,0,2026-05-02,"wk inc flu hosp","quantile","0.99",34.6341991254936
"45",2026-05-02,1,2026-05-09,"wk inc flu hosp","quantile","0.01",0.145382941068905
"45",2026-05-02,1,2026-05-09,"wk inc flu hosp","quantile","0.025",0.617176919317558
"45",2026-05-02,1,2026-05-09,"wk inc flu hosp","quantile","0.05",1.09868139319765
"45",2026-05-02,1,2026-05-09,"wk inc flu hosp","quantile","0.1",2.39186636243483
"45",2026-05-02,1,2026-05-09,"wk inc flu hosp","quantile","0.15",3.40805821616277
"45",2026-05-02,1,2026-05-09,"wk inc flu hosp","quantile","0.2",4.02778519380813
"45",2026-05-02,1,2026-05-09,"wk inc flu hosp","quantile","0.25",4.65581216402905
"45",2026-05-02,1,2026-05-09,"wk inc flu hosp","quantile","0.3",5.73596084995122
"45",2026-05-02,1,2026-05-09,"wk inc flu hosp","quantile","0.35",7.09932209191228
"45",2026-05-02,1,2026-05-09,"wk inc flu hosp","quantile","0.4",7.86319300244769
"45",2026-05-02,1,2026-05-09,"wk inc flu hosp","quantile","0.45",8.41262795736041
"45",2026-05-02,1,2026-05-09,"wk inc flu hosp","quantile","0.5",9.16254765834563
"45",2026-05-02,1,2026-05-09,"wk inc flu hosp","quantile","0.55",10.1397952649675
"45",2026-05-02,1,2026-05-09,"wk inc flu hosp","quantile","0.6",11.1601664566778
"45",2026-05-02,1,2026-05-09,"wk inc flu hosp","quantile","0.65",11.9262188743449
"45",2026-05-02,1,2026-05-09,"wk inc flu hosp","quantile","0.7",12.9950106428153
"45",2026-05-02,1,2026-05-09,"wk inc flu hosp","quantile","0.75",14.1579671704365
"45",2026-05-02,1,2026-05-09,"wk inc flu hosp","quantile","0.8",15.6256978595036
"45",2026-05-02,1,2026-05-09,"wk inc flu hosp","quantile","0.85",17.6912916157681
"45",2026-05-02,1,2026-05-09,"wk inc flu hosp","quantile","0.9",20.446134455177
"45",2026-05-02,1,2026-05-09,"wk inc flu hosp","quantile","0.95",24.7986611378494
"45",2026-05-02,1,2026-05-09,"wk inc flu hosp","quantile","0.975",30.5448517236264
"45",2026-05-02,1,2026-05-09,"wk inc flu hosp","quantile","0.99",47.6234876225215
"45",2026-05-02,2,2026-05-16,"wk inc flu hosp","quantile","0.01",0
"45",2026-05-02,2,2026-05-16,"wk inc flu hosp","quantile","0.025",0.365016126165611
"45",2026-05-02,2,2026-05-16,"wk inc flu hosp","quantile","0.05",0.811426765395422
"45",2026-05-02,2,2026-05-16,"wk inc flu hosp","quantile","0.1",1.73788037610529
"45",2026-05-02,2,2026-05-16,"wk inc flu hosp","quantile","0.15",3.0749898913216
"45",2026-05-02,2,2026-05-16,"wk inc flu hosp","quantile","0.2",3.63464290624165
"45",2026-05-02,2,2026-05-16,"wk inc flu hosp","quantile","0.25",4.58435201643111
"45",2026-05-02,2,2026-05-16,"wk inc flu hosp","quantile","0.3",5.82457042653149
"45",2026-05-02,2,2026-05-16,"wk inc flu hosp","quantile","0.35",7.04788390876218
"45",2026-05-02,2,2026-05-16,"wk inc flu hosp","quantile","0.4",7.81188039946495
"45",2026-05-02,2,2026-05-16,"wk inc flu hosp","quantile","0.45",8.45296425546453
"45",2026-05-02,2,2026-05-16,"wk inc flu hosp","quantile","0.5",9.24620744174635
"45",2026-05-02,2,2026-05-16,"wk inc flu hosp","quantile","0.55",10.3345749862277
"45",2026-05-02,2,2026-05-16,"wk inc flu hosp","quantile","0.6",11.354980818647
"45",2026-05-02,2,2026-05-16,"wk inc flu hosp","quantile","0.65",12.4801156712886
"45",2026-05-02,2,2026-05-16,"wk inc flu hosp","quantile","0.7",13.6479577466718
"45",2026-05-02,2,2026-05-16,"wk inc flu hosp","quantile","0.75",14.8425501862925
"45",2026-05-02,2,2026-05-16,"wk inc flu hosp","quantile","0.8",16.6674950058733
"45",2026-05-02,2,2026-05-16,"wk inc flu hosp","quantile","0.85",19.4411074011069
"45",2026-05-02,2,2026-05-16,"wk inc flu hosp","quantile","0.9",23.8179067965674
"45",2026-05-02,2,2026-05-16,"wk inc flu hosp","quantile","0.95",29.3046552341061
"45",2026-05-02,2,2026-05-16,"wk inc flu hosp","quantile","0.975",37.7078637175342
"45",2026-05-02,2,2026-05-16,"wk inc flu hosp","quantile","0.99",53.9679992232391
"45",2026-05-02,3,2026-05-23,"wk inc flu hosp","quantile","0.01",0
"45",2026-05-02,3,2026-05-23,"wk inc flu hosp","quantile","0.025",0.244481472775162
"45",2026-05-02,3,2026-05-23,"wk inc flu hosp","quantile","0.05",0.641168925898417
"45",2026-05-02,3,2026-05-23,"wk inc flu hosp","quantile","0.1",1.38950614940842
"45",2026-05-02,3,2026-05-23,"wk inc flu hosp","quantile","0.15",2.64936995226398
"45",2026-05-02,3,2026-05-23,"wk inc flu hosp","quantile","0.2",3.33697801939323
"45",2026-05-02,3,2026-05-23,"wk inc flu hosp","quantile","0.25",4.36910377917403
"45",2026-05-02,3,2026-05-23,"wk inc flu hosp","quantile","0.3",5.57035112218216
"45",2026-05-02,3,2026-05-23,"wk inc flu hosp","quantile","0.35",6.97246643125766
"45",2026-05-02,3,2026-05-23,"wk inc flu hosp","quantile","0.4",8.04383665402513
"45",2026-05-02,3,2026-05-23,"wk inc flu hosp","quantile","0.45",8.8680546025514
"45",2026-05-02,3,2026-05-23,"wk inc flu hosp","quantile","0.5",9.69874477393357
"45",2026-05-02,3,2026-05-23,"wk inc flu hosp","quantile","0.55",11.0687481878326
"45",2026-05-02,3,2026-05-23,"wk inc flu hosp","quantile","0.6",12.0756551242799
"45",2026-05-02,3,2026-05-23,"wk inc flu hosp","quantile","0.65",13.2707248093811
"45",2026-05-02,3,2026-05-23,"wk inc flu hosp","quantile","0.7",14.9577533952084
"45",2026-05-02,3,2026-05-23,"wk inc flu hosp","quantile","0.75",16.4125483817326
"45",2026-05-02,3,2026-05-23,"wk inc flu hosp","quantile","0.8",18.3421012139092
"45",2026-05-02,3,2026-05-23,"wk inc flu hosp","quantile","0.85",21.4952122343429
"45",2026-05-02,3,2026-05-23,"wk inc flu hosp","quantile","0.9",25.9915179431247
"45",2026-05-02,3,2026-05-23,"wk inc flu hosp","quantile","0.95",35.6672138877463
"45",2026-05-02,3,2026-05-23,"wk inc flu hosp","quantile","0.975",48.8328309708624
"45",2026-05-02,3,2026-05-23,"wk inc flu hosp","quantile","0.99",71.6067538550018
"46",2026-05-02,0,2026-05-02,"wk inc flu hosp","quantile","0.01",0.392960091958068
"46",2026-05-02,0,2026-05-02,"wk inc flu hosp","quantile","0.025",0.865363297553305
"46",2026-05-02,0,2026-05-02,"wk inc flu hosp","quantile","0.05",1.31137575645095
"46",2026-05-02,0,2026-05-02,"wk inc flu hosp","quantile","0.1",2.24781035024406
"46",2026-05-02,0,2026-05-02,"wk inc flu hosp","quantile","0.15",2.83143862567192
"46",2026-05-02,0,2026-05-02,"wk inc flu hosp","quantile","0.2",3.26256047940874
"46",2026-05-02,0,2026-05-02,"wk inc flu hosp","quantile","0.25",3.61912188340067
"46",2026-05-02,0,2026-05-02,"wk inc flu hosp","quantile","0.3",4.03616259973264
"46",2026-05-02,0,2026-05-02,"wk inc flu hosp","quantile","0.35",4.48988915538267
"46",2026-05-02,0,2026-05-02,"wk inc flu hosp","quantile","0.4",4.83093159156002
"46",2026-05-02,0,2026-05-02,"wk inc flu hosp","quantile","0.45",5.19818419035036
"46",2026-05-02,0,2026-05-02,"wk inc flu hosp","quantile","0.5",5.56813078046345
"46",2026-05-02,0,2026-05-02,"wk inc flu hosp","quantile","0.55",6.01603511963594
"46",2026-05-02,0,2026-05-02,"wk inc flu hosp","quantile","0.6",6.39044012663228
"46",2026-05-02,0,2026-05-02,"wk inc flu hosp","quantile","0.65",6.88368914553086
"46",2026-05-02,0,2026-05-02,"wk inc flu hosp","quantile","0.7",7.40344520171868
"46",2026-05-02,0,2026-05-02,"wk inc flu hosp","quantile","0.75",7.93059819513744
"46",2026-05-02,0,2026-05-02,"wk inc flu hosp","quantile","0.8",8.77043088285492
"46",2026-05-02,0,2026-05-02,"wk inc flu hosp","quantile","0.85",9.87312972851215
"46",2026-05-02,0,2026-05-02,"wk inc flu hosp","quantile","0.9",11.4273593413573
"46",2026-05-02,0,2026-05-02,"wk inc flu hosp","quantile","0.95",14.3420539432234
"46",2026-05-02,0,2026-05-02,"wk inc flu hosp","quantile","0.975",17.3907228096923
"46",2026-05-02,0,2026-05-02,"wk inc flu hosp","quantile","0.99",21.4523242706913
"46",2026-05-02,1,2026-05-09,"wk inc flu hosp","quantile","0.01",0.0704858764670315
"46",2026-05-02,1,2026-05-09,"wk inc flu hosp","quantile","0.025",0.429226426969712
"46",2026-05-02,1,2026-05-09,"wk inc flu hosp","quantile","0.05",0.704209953292268
"46",2026-05-02,1,2026-05-09,"wk inc flu hosp","quantile","0.1",1.32883367934675
"46",2026-05-02,1,2026-05-09,"wk inc flu hosp","quantile","0.15",1.92933637004481
"46",2026-05-02,1,2026-05-09,"wk inc flu hosp","quantile","0.2",2.37752448100639
"46",2026-05-02,1,2026-05-09,"wk inc flu hosp","quantile","0.25",2.75250061745291
"46",2026-05-02,1,2026-05-09,"wk inc flu hosp","quantile","0.3",3.20464731467242
"46",2026-05-02,1,2026-05-09,"wk inc flu hosp","quantile","0.35",3.63994374271782
"46",2026-05-02,1,2026-05-09,"wk inc flu hosp","quantile","0.4",4.02215413192866
"46",2026-05-02,1,2026-05-09,"wk inc flu hosp","quantile","0.45",4.35325860290898
"46",2026-05-02,1,2026-05-09,"wk inc flu hosp","quantile","0.5",4.86075845459049
"46",2026-05-02,1,2026-05-09,"wk inc flu hosp","quantile","0.55",5.28213727731937
"46",2026-05-02,1,2026-05-09,"wk inc flu hosp","quantile","0.6",5.69546527636494
"46",2026-05-02,1,2026-05-09,"wk inc flu hosp","quantile","0.65",6.28771217836311
"46",2026-05-02,1,2026-05-09,"wk inc flu hosp","quantile","0.7",7.00393343044466
"46",2026-05-02,1,2026-05-09,"wk inc flu hosp","quantile","0.75",7.70880998390686
"46",2026-05-02,1,2026-05-09,"wk inc flu hosp","quantile","0.8",8.78961938362713
"46",2026-05-02,1,2026-05-09,"wk inc flu hosp","quantile","0.85",10.3151096677119
"46",2026-05-02,1,2026-05-09,"wk inc flu hosp","quantile","0.9",12.1307466591595
"46",2026-05-02,1,2026-05-09,"wk inc flu hosp","quantile","0.95",15.5835129187934
"46",2026-05-02,1,2026-05-09,"wk inc flu hosp","quantile","0.975",19.3889487370962
"46",2026-05-02,1,2026-05-09,"wk inc flu hosp","quantile","0.99",26.3392645637991
"46",2026-05-02,2,2026-05-16,"wk inc flu hosp","quantile","0.01",0
"46",2026-05-02,2,2026-05-16,"wk inc flu hosp","quantile","0.025",0.0683310095100665
"46",2026-05-02,2,2026-05-16,"wk inc flu hosp","quantile","0.05",0.311898268598558
"46",2026-05-02,2,2026-05-16,"wk inc flu hosp","quantile","0.1",0.791748224259081
"46",2026-05-02,2,2026-05-16,"wk inc flu hosp","quantile","0.15",1.27036624793988
"46",2026-05-02,2,2026-05-16,"wk inc flu hosp","quantile","0.2",1.7261089655826
"46",2026-05-02,2,2026-05-16,"wk inc flu hosp","quantile","0.25",2.07329415710434
"46",2026-05-02,2,2026-05-16,"wk inc flu hosp","quantile","0.3",2.4846436999727
"46",2026-05-02,2,2026-05-16,"wk inc flu hosp","quantile","0.35",2.88994391644223
"46",2026-05-02,2,2026-05-16,"wk inc flu hosp","quantile","0.4",3.39794986209718
"46",2026-05-02,2,2026-05-16,"wk inc flu hosp","quantile","0.45",3.76874938130918
"46",2026-05-02,2,2026-05-16,"wk inc flu hosp","quantile","0.5",4.25994069321727
"46",2026-05-02,2,2026-05-16,"wk inc flu hosp","quantile","0.55",4.80929079842331
"46",2026-05-02,2,2026-05-16,"wk inc flu hosp","quantile","0.6",5.26079843805634
"46",2026-05-02,2,2026-05-16,"wk inc flu hosp","quantile","0.65",5.89521244618529
"46",2026-05-02,2,2026-05-16,"wk inc flu hosp","quantile","0.7",6.73250568206848
"46",2026-05-02,2,2026-05-16,"wk inc flu hosp","quantile","0.75",7.68665107458562
"46",2026-05-02,2,2026-05-16,"wk inc flu hosp","quantile","0.8",8.86410397895145
"46",2026-05-02,2,2026-05-16,"wk inc flu hosp","quantile","0.85",10.3552699292055
"46",2026-05-02,2,2026-05-16,"wk inc flu hosp","quantile","0.9",12.402308335364
"46",2026-05-02,2,2026-05-16,"wk inc flu hosp","quantile","0.95",16.5335407511707
"46",2026-05-02,2,2026-05-16,"wk inc flu hosp","quantile","0.975",20.4181440058002
"46",2026-05-02,2,2026-05-16,"wk inc flu hosp","quantile","0.99",27.8147430359723
"46",2026-05-02,3,2026-05-23,"wk inc flu hosp","quantile","0.01",0
"46",2026-05-02,3,2026-05-23,"wk inc flu hosp","quantile","0.025",0
"46",2026-05-02,3,2026-05-23,"wk inc flu hosp","quantile","0.05",0.148245042197404
"46",2026-05-02,3,2026-05-23,"wk inc flu hosp","quantile","0.1",0.53217471372981
"46",2026-05-02,3,2026-05-23,"wk inc flu hosp","quantile","0.15",0.925393271905524
"46",2026-05-02,3,2026-05-23,"wk inc flu hosp","quantile","0.2",1.31279177318638
"46",2026-05-02,3,2026-05-23,"wk inc flu hosp","quantile","0.25",1.60420588721775
"46",2026-05-02,3,2026-05-23,"wk inc flu hosp","quantile","0.3",1.99991533855742
"46",2026-05-02,3,2026-05-23,"wk inc flu hosp","quantile","0.35",2.4663466429348
"46",2026-05-02,3,2026-05-23,"wk inc flu hosp","quantile","0.4",2.8931383300388
"46",2026-05-02,3,2026-05-23,"wk inc flu hosp","quantile","0.45",3.2875827794797
"46",2026-05-02,3,2026-05-23,"wk inc flu hosp","quantile","0.5",3.67962224694906
"46",2026-05-02,3,2026-05-23,"wk inc flu hosp","quantile","0.55",4.2069704459561
"46",2026-05-02,3,2026-05-23,"wk inc flu hosp","quantile","0.6",4.88922654889396
"46",2026-05-02,3,2026-05-23,"wk inc flu hosp","quantile","0.65",5.72018574281106
"46",2026-05-02,3,2026-05-23,"wk inc flu hosp","quantile","0.7",6.45877901367713
"46",2026-05-02,3,2026-05-23,"wk inc flu hosp","quantile","0.75",7.27268343724986
"46",2026-05-02,3,2026-05-23,"wk inc flu hosp","quantile","0.8",8.43912709186008
"46",2026-05-02,3,2026-05-23,"wk inc flu hosp","quantile","0.85",10.1268758230722
"46",2026-05-02,3,2026-05-23,"wk inc flu hosp","quantile","0.9",12.7417117483537
"46",2026-05-02,3,2026-05-23,"wk inc flu hosp","quantile","0.95",17.645530990635
"46",2026-05-02,3,2026-05-23,"wk inc flu hosp","quantile","0.975",24.527066710594
"46",2026-05-02,3,2026-05-23,"wk inc flu hosp","quantile","0.99",31.9393791354914
"47",2026-05-02,0,2026-05-02,"wk inc flu hosp","quantile","0.01",11.3664882764004
"47",2026-05-02,0,2026-05-02,"wk inc flu hosp","quantile","0.025",14.5192894915397
"47",2026-05-02,0,2026-05-02,"wk inc flu hosp","quantile","0.05",17.7342417621128
"47",2026-05-02,0,2026-05-02,"wk inc flu hosp","quantile","0.1",20.1074053487921
"47",2026-05-02,0,2026-05-02,"wk inc flu hosp","quantile","0.15",22.3893269320298
"47",2026-05-02,0,2026-05-02,"wk inc flu hosp","quantile","0.2",24.7127952191409
"47",2026-05-02,0,2026-05-02,"wk inc flu hosp","quantile","0.25",26.443020977186
"47",2026-05-02,0,2026-05-02,"wk inc flu hosp","quantile","0.3",28.0336124769975
"47",2026-05-02,0,2026-05-02,"wk inc flu hosp","quantile","0.35",30.0302357693875
"47",2026-05-02,0,2026-05-02,"wk inc flu hosp","quantile","0.4",31.3444353438264
"47",2026-05-02,0,2026-05-02,"wk inc flu hosp","quantile","0.45",32.4383125099902
"47",2026-05-02,0,2026-05-02,"wk inc flu hosp","quantile","0.5",33.7711285256043
"47",2026-05-02,0,2026-05-02,"wk inc flu hosp","quantile","0.55",34.9687668776385
"47",2026-05-02,0,2026-05-02,"wk inc flu hosp","quantile","0.6",36.2872453362506
"47",2026-05-02,0,2026-05-02,"wk inc flu hosp","quantile","0.65",37.5491369460612
"47",2026-05-02,0,2026-05-02,"wk inc flu hosp","quantile","0.7",39.1407171088313
"47",2026-05-02,0,2026-05-02,"wk inc flu hosp","quantile","0.75",40.8433618683866
"47",2026-05-02,0,2026-05-02,"wk inc flu hosp","quantile","0.8",42.9483739536516
"47",2026-05-02,0,2026-05-02,"wk inc flu hosp","quantile","0.85",45.6159499254488
"47",2026-05-02,0,2026-05-02,"wk inc flu hosp","quantile","0.9",49.1075723202432
"47",2026-05-02,0,2026-05-02,"wk inc flu hosp","quantile","0.95",55.8109944145936
"47",2026-05-02,0,2026-05-02,"wk inc flu hosp","quantile","0.975",63.6667689635549
"47",2026-05-02,0,2026-05-02,"wk inc flu hosp","quantile","0.99",74.8729703989025
"47",2026-05-02,1,2026-05-09,"wk inc flu hosp","quantile","0.01",8.32404348803749
"47",2026-05-02,1,2026-05-09,"wk inc flu hosp","quantile","0.025",11.0355677380165
"47",2026-05-02,1,2026-05-09,"wk inc flu hosp","quantile","0.05",13.326371841881
"47",2026-05-02,1,2026-05-09,"wk inc flu hosp","quantile","0.1",16.4767801715938
"47",2026-05-02,1,2026-05-09,"wk inc flu hosp","quantile","0.15",18.9298066514367
"47",2026-05-02,1,2026-05-09,"wk inc flu hosp","quantile","0.2",21.2527796319347
"47",2026-05-02,1,2026-05-09,"wk inc flu hosp","quantile","0.25",22.9665395089718
"47",2026-05-02,1,2026-05-09,"wk inc flu hosp","quantile","0.3",24.696142155823
"47",2026-05-02,1,2026-05-09,"wk inc flu hosp","quantile","0.35",26.426690643218
"47",2026-05-02,1,2026-05-09,"wk inc flu hosp","quantile","0.4",27.8987919908619
"47",2026-05-02,1,2026-05-09,"wk inc flu hosp","quantile","0.45",29.6120116470292
"47",2026-05-02,1,2026-05-09,"wk inc flu hosp","quantile","0.5",30.7716259736054
"47",2026-05-02,1,2026-05-09,"wk inc flu hosp","quantile","0.55",32.3205167022796
"47",2026-05-02,1,2026-05-09,"wk inc flu hosp","quantile","0.6",33.8428522209913
"47",2026-05-02,1,2026-05-09,"wk inc flu hosp","quantile","0.65",35.5024003896944
"47",2026-05-02,1,2026-05-09,"wk inc flu hosp","quantile","0.7",37.9242690243195
"47",2026-05-02,1,2026-05-09,"wk inc flu hosp","quantile","0.75",40.3130490048798
"47",2026-05-02,1,2026-05-09,"wk inc flu hosp","quantile","0.8",43.0587063404064
"47",2026-05-02,1,2026-05-09,"wk inc flu hosp","quantile","0.85",47.2130075132252
"47",2026-05-02,1,2026-05-09,"wk inc flu hosp","quantile","0.9",52.4622411025014
"47",2026-05-02,1,2026-05-09,"wk inc flu hosp","quantile","0.95",60.3231832930868
"47",2026-05-02,1,2026-05-09,"wk inc flu hosp","quantile","0.975",66.7134246011198
"47",2026-05-02,1,2026-05-09,"wk inc flu hosp","quantile","0.99",82.0570534799288
"47",2026-05-02,2,2026-05-16,"wk inc flu hosp","quantile","0.01",6.80278123669964
"47",2026-05-02,2,2026-05-16,"wk inc flu hosp","quantile","0.025",9.02173893137362
"47",2026-05-02,2,2026-05-16,"wk inc flu hosp","quantile","0.05",11.459159926502
"47",2026-05-02,2,2026-05-16,"wk inc flu hosp","quantile","0.1",14.1499832173484
"47",2026-05-02,2,2026-05-16,"wk inc flu hosp","quantile","0.15",16.7784285602703
"47",2026-05-02,2,2026-05-16,"wk inc flu hosp","quantile","0.2",19.0933136897227
"47",2026-05-02,2,2026-05-16,"wk inc flu hosp","quantile","0.25",20.6148494072391
"47",2026-05-02,2,2026-05-16,"wk inc flu hosp","quantile","0.3",21.9573764837403
"47",2026-05-02,2,2026-05-16,"wk inc flu hosp","quantile","0.35",23.0384497425077
"47",2026-05-02,2,2026-05-16,"wk inc flu hosp","quantile","0.4",24.3241408833077
"47",2026-05-02,2,2026-05-16,"wk inc flu hosp","quantile","0.45",26.009536473106
"47",2026-05-02,2,2026-05-16,"wk inc flu hosp","quantile","0.5",27.6805947391133
"47",2026-05-02,2,2026-05-16,"wk inc flu hosp","quantile","0.55",29.6634435423616
"47",2026-05-02,2,2026-05-16,"wk inc flu hosp","quantile","0.6",31.7241512618529
"47",2026-05-02,2,2026-05-16,"wk inc flu hosp","quantile","0.65",33.8910691713111
"47",2026-05-02,2,2026-05-16,"wk inc flu hosp","quantile","0.7",36.2466181801039
"47",2026-05-02,2,2026-05-16,"wk inc flu hosp","quantile","0.75",38.8262641431747
"47",2026-05-02,2,2026-05-16,"wk inc flu hosp","quantile","0.8",42.0290559692918
"47",2026-05-02,2,2026-05-16,"wk inc flu hosp","quantile","0.85",47.015237152689
"47",2026-05-02,2,2026-05-16,"wk inc flu hosp","quantile","0.9",53.5002044540351
"47",2026-05-02,2,2026-05-16,"wk inc flu hosp","quantile","0.95",63.9752486134194
"47",2026-05-02,2,2026-05-16,"wk inc flu hosp","quantile","0.975",73.0005570400247
"47",2026-05-02,2,2026-05-16,"wk inc flu hosp","quantile","0.99",89.481948645889
"47",2026-05-02,3,2026-05-23,"wk inc flu hosp","quantile","0.01",5.60184181703021
"47",2026-05-02,3,2026-05-23,"wk inc flu hosp","quantile","0.025",7.71698773321207
"47",2026-05-02,3,2026-05-23,"wk inc flu hosp","quantile","0.05",9.6922752123577
"47",2026-05-02,3,2026-05-23,"wk inc flu hosp","quantile","0.1",12.1701897770372
"47",2026-05-02,3,2026-05-23,"wk inc flu hosp","quantile","0.15",14.7961445977831
"47",2026-05-02,3,2026-05-23,"wk inc flu hosp","quantile","0.2",16.4509763424921
"47",2026-05-02,3,2026-05-23,"wk inc flu hosp","quantile","0.25",17.9312345191031
"47",2026-05-02,3,2026-05-23,"wk inc flu hosp","quantile","0.3",19.5098517946443
"47",2026-05-02,3,2026-05-23,"wk inc flu hosp","quantile","0.35",20.8576115908659
"47",2026-05-02,3,2026-05-23,"wk inc flu hosp","quantile","0.4",22.5138686725755
"47",2026-05-02,3,2026-05-23,"wk inc flu hosp","quantile","0.45",24.3840587537827
"47",2026-05-02,3,2026-05-23,"wk inc flu hosp","quantile","0.5",26.0332352450244
"47",2026-05-02,3,2026-05-23,"wk inc flu hosp","quantile","0.55",28.2068896590766
"47",2026-05-02,3,2026-05-23,"wk inc flu hosp","quantile","0.6",30.5624833933819
"47",2026-05-02,3,2026-05-23,"wk inc flu hosp","quantile","0.65",32.6038775897305
"47",2026-05-02,3,2026-05-23,"wk inc flu hosp","quantile","0.7",35.2143346579785
"47",2026-05-02,3,2026-05-23,"wk inc flu hosp","quantile","0.75",38.9766972242328
"47",2026-05-02,3,2026-05-23,"wk inc flu hosp","quantile","0.8",43.2643883605752
"47",2026-05-02,3,2026-05-23,"wk inc flu hosp","quantile","0.85",47.6929193895785
"47",2026-05-02,3,2026-05-23,"wk inc flu hosp","quantile","0.9",53.6063114032104
"47",2026-05-02,3,2026-05-23,"wk inc flu hosp","quantile","0.95",65.2025447719332
"47",2026-05-02,3,2026-05-23,"wk inc flu hosp","quantile","0.975",75.7985387686596
"47",2026-05-02,3,2026-05-23,"wk inc flu hosp","quantile","0.99",99.2973205077143
"48",2026-05-02,0,2026-05-02,"wk inc flu hosp","quantile","0.01",49.9054013641194
"48",2026-05-02,0,2026-05-02,"wk inc flu hosp","quantile","0.025",58.2473780304206
"48",2026-05-02,0,2026-05-02,"wk inc flu hosp","quantile","0.05",66.1109919278097
"48",2026-05-02,0,2026-05-02,"wk inc flu hosp","quantile","0.1",74.7019604836965
"48",2026-05-02,0,2026-05-02,"wk inc flu hosp","quantile","0.15",81.1182277294439
"48",2026-05-02,0,2026-05-02,"wk inc flu hosp","quantile","0.2",86.9296978142162
"48",2026-05-02,0,2026-05-02,"wk inc flu hosp","quantile","0.25",91.112562317161
"48",2026-05-02,0,2026-05-02,"wk inc flu hosp","quantile","0.3",95.2218385284109
"48",2026-05-02,0,2026-05-02,"wk inc flu hosp","quantile","0.35",99.2791681289942
"48",2026-05-02,0,2026-05-02,"wk inc flu hosp","quantile","0.4",102.414132149397
"48",2026-05-02,0,2026-05-02,"wk inc flu hosp","quantile","0.45",105.210128503367
"48",2026-05-02,0,2026-05-02,"wk inc flu hosp","quantile","0.5",108.544266916673
"48",2026-05-02,0,2026-05-02,"wk inc flu hosp","quantile","0.55",111.368390653191
"48",2026-05-02,0,2026-05-02,"wk inc flu hosp","quantile","0.6",114.424250146398
"48",2026-05-02,0,2026-05-02,"wk inc flu hosp","quantile","0.65",117.020662893953
"48",2026-05-02,0,2026-05-02,"wk inc flu hosp","quantile","0.7",120.583178317753
"48",2026-05-02,0,2026-05-02,"wk inc flu hosp","quantile","0.75",124.579033142894
"48",2026-05-02,0,2026-05-02,"wk inc flu hosp","quantile","0.8",131.331099885439
"48",2026-05-02,0,2026-05-02,"wk inc flu hosp","quantile","0.85",136.569223963259
"48",2026-05-02,0,2026-05-02,"wk inc flu hosp","quantile","0.9",147.152820974669
"48",2026-05-02,0,2026-05-02,"wk inc flu hosp","quantile","0.95",160.955353797035
"48",2026-05-02,0,2026-05-02,"wk inc flu hosp","quantile","0.975",176.245390164788
"48",2026-05-02,0,2026-05-02,"wk inc flu hosp","quantile","0.99",210.200117740092
"48",2026-05-02,1,2026-05-09,"wk inc flu hosp","quantile","0.01",37.2220793095889
"48",2026-05-02,1,2026-05-09,"wk inc flu hosp","quantile","0.025",46.0688148757315
"48",2026-05-02,1,2026-05-09,"wk inc flu hosp","quantile","0.05",57.0444106084012
"48",2026-05-02,1,2026-05-09,"wk inc flu hosp","quantile","0.1",65.2403850508092
"48",2026-05-02,1,2026-05-09,"wk inc flu hosp","quantile","0.15",71.5552221797283
"48",2026-05-02,1,2026-05-09,"wk inc flu hosp","quantile","0.2",77.9920089487197
"48",2026-05-02,1,2026-05-09,"wk inc flu hosp","quantile","0.25",82.492557369418
"48",2026-05-02,1,2026-05-09,"wk inc flu hosp","quantile","0.3",86.9891756964528
"48",2026-05-02,1,2026-05-09,"wk inc flu hosp","quantile","0.35",92.3597065703881
"48",2026-05-02,1,2026-05-09,"wk inc flu hosp","quantile","0.4",95.9186405624691
"48",2026-05-02,1,2026-05-09,"wk inc flu hosp","quantile","0.45",98.653545041402
"48",2026-05-02,1,2026-05-09,"wk inc flu hosp","quantile","0.5",101.62173044086
"48",2026-05-02,1,2026-05-09,"wk inc flu hosp","quantile","0.55",105.380767677877
"48",2026-05-02,1,2026-05-09,"wk inc flu hosp","quantile","0.6",109.836471665633
"48",2026-05-02,1,2026-05-09,"wk inc flu hosp","quantile","0.65",113.790436762477
"48",2026-05-02,1,2026-05-09,"wk inc flu hosp","quantile","0.7",117.341816194449
"48",2026-05-02,1,2026-05-09,"wk inc flu hosp","quantile","0.75",123.863011909926
"48",2026-05-02,1,2026-05-09,"wk inc flu hosp","quantile","0.8",131.332410831461
"48",2026-05-02,1,2026-05-09,"wk inc flu hosp","quantile","0.85",138.278870985632
"48",2026-05-02,1,2026-05-09,"wk inc flu hosp","quantile","0.9",148.805945570556
"48",2026-05-02,1,2026-05-09,"wk inc flu hosp","quantile","0.95",165.744243727528
"48",2026-05-02,1,2026-05-09,"wk inc flu hosp","quantile","0.975",192.491696525741
"48",2026-05-02,1,2026-05-09,"wk inc flu hosp","quantile","0.99",230.129872160791
"48",2026-05-02,2,2026-05-16,"wk inc flu hosp","quantile","0.01",29.68714775368
"48",2026-05-02,2,2026-05-16,"wk inc flu hosp","quantile","0.025",40.2255358108794
"48",2026-05-02,2,2026-05-16,"wk inc flu hosp","quantile","0.05",48.4433478467048
"48",2026-05-02,2,2026-05-16,"wk inc flu hosp","quantile","0.1",59.0903804332617
"48",2026-05-02,2,2026-05-16,"wk inc flu hosp","quantile","0.15",67.4590857568321
"48",2026-05-02,2,2026-05-16,"wk inc flu hosp","quantile","0.2",74.969570055143
"48",2026-05-02,2,2026-05-16,"wk inc flu hosp","quantile","0.25",80.1423555942961
"48",2026-05-02,2,2026-05-16,"wk inc flu hosp","quantile","0.3",84.1267752717218
"48",2026-05-02,2,2026-05-16,"wk inc flu hosp","quantile","0.35",88.6388936882657
"48",2026-05-02,2,2026-05-16,"wk inc flu hosp","quantile","0.4",92.2361329809302
"48",2026-05-02,2,2026-05-16,"wk inc flu hosp","quantile","0.45",96.1641064484643
"48",2026-05-02,2,2026-05-16,"wk inc flu hosp","quantile","0.5",99.5929332718017
"48",2026-05-02,2,2026-05-16,"wk inc flu hosp","quantile","0.55",103.283868147434
"48",2026-05-02,2,2026-05-16,"wk inc flu hosp","quantile","0.6",107.641566969871
"48",2026-05-02,2,2026-05-16,"wk inc flu hosp","quantile","0.65",111.298452003189
"48",2026-05-02,2,2026-05-16,"wk inc flu hosp","quantile","0.7",116.371163965783
"48",2026-05-02,2,2026-05-16,"wk inc flu hosp","quantile","0.75",121.819138808422
"48",2026-05-02,2,2026-05-16,"wk inc flu hosp","quantile","0.8",130.77651671961
"48",2026-05-02,2,2026-05-16,"wk inc flu hosp","quantile","0.85",138.511807442814
"48",2026-05-02,2,2026-05-16,"wk inc flu hosp","quantile","0.9",151.398136260539
"48",2026-05-02,2,2026-05-16,"wk inc flu hosp","quantile","0.95",169.854824027281
"48",2026-05-02,2,2026-05-16,"wk inc flu hosp","quantile","0.975",198.114360848049
"48",2026-05-02,2,2026-05-16,"wk inc flu hosp","quantile","0.99",245.912040007673
"48",2026-05-02,3,2026-05-23,"wk inc flu hosp","quantile","0.01",24.5769432030889
"48",2026-05-02,3,2026-05-23,"wk inc flu hosp","quantile","0.025",34.0061091962552
"48",2026-05-02,3,2026-05-23,"wk inc flu hosp","quantile","0.05",42.6793128133506
"48",2026-05-02,3,2026-05-23,"wk inc flu hosp","quantile","0.1",52.7099793259847
"48",2026-05-02,3,2026-05-23,"wk inc flu hosp","quantile","0.15",61.9241667824528
"48",2026-05-02,3,2026-05-23,"wk inc flu hosp","quantile","0.2",69.298558752096
"48",2026-05-02,3,2026-05-23,"wk inc flu hosp","quantile","0.25",74.1261625965079
"48",2026-05-02,3,2026-05-23,"wk inc flu hosp","quantile","0.3",78.4081921049701
"48",2026-05-02,3,2026-05-23,"wk inc flu hosp","quantile","0.35",84.5761439622312
"48",2026-05-02,3,2026-05-23,"wk inc flu hosp","quantile","0.4",87.9975104099019
"48",2026-05-02,3,2026-05-23,"wk inc flu hosp","quantile","0.45",91.6697798505687
"48",2026-05-02,3,2026-05-23,"wk inc flu hosp","quantile","0.5",96.291306078331
"48",2026-05-02,3,2026-05-23,"wk inc flu hosp","quantile","0.55",100.375894633275
"48",2026-05-02,3,2026-05-23,"wk inc flu hosp","quantile","0.6",105.24829927306
"48",2026-05-02,3,2026-05-23,"wk inc flu hosp","quantile","0.65",110.550931411629
"48",2026-05-02,3,2026-05-23,"wk inc flu hosp","quantile","0.7",116.71973128807
"48",2026-05-02,3,2026-05-23,"wk inc flu hosp","quantile","0.75",123.962563072633
"48",2026-05-02,3,2026-05-23,"wk inc flu hosp","quantile","0.8",132.822781864167
"48",2026-05-02,3,2026-05-23,"wk inc flu hosp","quantile","0.85",142.444134661616
"48",2026-05-02,3,2026-05-23,"wk inc flu hosp","quantile","0.9",156.509538813635
"48",2026-05-02,3,2026-05-23,"wk inc flu hosp","quantile","0.95",179.581177351036
"48",2026-05-02,3,2026-05-23,"wk inc flu hosp","quantile","0.975",215.738925233342
"48",2026-05-02,3,2026-05-23,"wk inc flu hosp","quantile","0.99",270.819250683663
"49",2026-05-02,0,2026-05-02,"wk inc flu hosp","quantile","0.01",0.271354159299355
"49",2026-05-02,0,2026-05-02,"wk inc flu hosp","quantile","0.025",0.817946631557024
"49",2026-05-02,0,2026-05-02,"wk inc flu hosp","quantile","0.05",1.59889936055798
"49",2026-05-02,0,2026-05-02,"wk inc flu hosp","quantile","0.1",2.74206509928086
"49",2026-05-02,0,2026-05-02,"wk inc flu hosp","quantile","0.15",3.46011191698433
"49",2026-05-02,0,2026-05-02,"wk inc flu hosp","quantile","0.2",3.98088258509723
"49",2026-05-02,0,2026-05-02,"wk inc flu hosp","quantile","0.25",4.30924384770024
"49",2026-05-02,0,2026-05-02,"wk inc flu hosp","quantile","0.3",4.85977300542689
"49",2026-05-02,0,2026-05-02,"wk inc flu hosp","quantile","0.35",5.75107557960177
"49",2026-05-02,0,2026-05-02,"wk inc flu hosp","quantile","0.4",6.54124326564707
"49",2026-05-02,0,2026-05-02,"wk inc flu hosp","quantile","0.45",7.32667626507039
"49",2026-05-02,0,2026-05-02,"wk inc flu hosp","quantile","0.5",7.77860748544525
"49",2026-05-02,0,2026-05-02,"wk inc flu hosp","quantile","0.55",8.57156914036276
"49",2026-05-02,0,2026-05-02,"wk inc flu hosp","quantile","0.6",9.23612148141786
"49",2026-05-02,0,2026-05-02,"wk inc flu hosp","quantile","0.65",9.88888589852752
"49",2026-05-02,0,2026-05-02,"wk inc flu hosp","quantile","0.7",10.7649316611293
"49",2026-05-02,0,2026-05-02,"wk inc flu hosp","quantile","0.75",11.5378360053269
"49",2026-05-02,0,2026-05-02,"wk inc flu hosp","quantile","0.8",12.9265341311737
"49",2026-05-02,0,2026-05-02,"wk inc flu hosp","quantile","0.85",14.1980187934079
"49",2026-05-02,0,2026-05-02,"wk inc flu hosp","quantile","0.9",16.3987518060016
"49",2026-05-02,0,2026-05-02,"wk inc flu hosp","quantile","0.95",19.7231130881367
"49",2026-05-02,0,2026-05-02,"wk inc flu hosp","quantile","0.975",24.7911526057382
"49",2026-05-02,0,2026-05-02,"wk inc flu hosp","quantile","0.99",30.7999271572821
"49",2026-05-02,1,2026-05-09,"wk inc flu hosp","quantile","0.01",0.0432473226286076
"49",2026-05-02,1,2026-05-09,"wk inc flu hosp","quantile","0.025",0.301484137400403
"49",2026-05-02,1,2026-05-09,"wk inc flu hosp","quantile","0.05",0.698617341183703
"49",2026-05-02,1,2026-05-09,"wk inc flu hosp","quantile","0.1",1.15796979977503
"49",2026-05-02,1,2026-05-09,"wk inc flu hosp","quantile","0.15",2.03232698584199
"49",2026-05-02,1,2026-05-09,"wk inc flu hosp","quantile","0.2",2.57498686966881
"49",2026-05-02,1,2026-05-09,"wk inc flu hosp","quantile","0.25",3.04090516456142
"49",2026-05-02,1,2026-05-09,"wk inc flu hosp","quantile","0.3",3.80667292466207
"49",2026-05-02,1,2026-05-09,"wk inc flu hosp","quantile","0.35",4.77923291466595
"49",2026-05-02,1,2026-05-09,"wk inc flu hosp","quantile","0.4",5.70861169746118
"49",2026-05-02,1,2026-05-09,"wk inc flu hosp","quantile","0.45",6.52842333777951
"49",2026-05-02,1,2026-05-09,"wk inc flu hosp","quantile","0.5",7.0952484895335
"49",2026-05-02,1,2026-05-09,"wk inc flu hosp","quantile","0.55",7.95520847527717
"49",2026-05-02,1,2026-05-09,"wk inc flu hosp","quantile","0.6",8.90227847289727
"49",2026-05-02,1,2026-05-09,"wk inc flu hosp","quantile","0.65",9.78844901084916
"49",2026-05-02,1,2026-05-09,"wk inc flu hosp","quantile","0.7",10.6747534388289
"49",2026-05-02,1,2026-05-09,"wk inc flu hosp","quantile","0.75",11.983102936173
"49",2026-05-02,1,2026-05-09,"wk inc flu hosp","quantile","0.8",13.331508186807
"49",2026-05-02,1,2026-05-09,"wk inc flu hosp","quantile","0.85",14.9431206577839
"49",2026-05-02,1,2026-05-09,"wk inc flu hosp","quantile","0.9",17.5672064758077
"49",2026-05-02,1,2026-05-09,"wk inc flu hosp","quantile","0.95",24.9429773867607
"49",2026-05-02,1,2026-05-09,"wk inc flu hosp","quantile","0.975",30.3694400133278
"49",2026-05-02,1,2026-05-09,"wk inc flu hosp","quantile","0.99",38.6062043606381
"49",2026-05-02,2,2026-05-16,"wk inc flu hosp","quantile","0.01",0
"49",2026-05-02,2,2026-05-16,"wk inc flu hosp","quantile","0.025",0.07252448625623
"49",2026-05-02,2,2026-05-16,"wk inc flu hosp","quantile","0.05",0.290970044884404
"49",2026-05-02,2,2026-05-16,"wk inc flu hosp","quantile","0.1",0.879757668236852
"49",2026-05-02,2,2026-05-16,"wk inc flu hosp","quantile","0.15",1.23944258559717
"49",2026-05-02,2,2026-05-16,"wk inc flu hosp","quantile","0.2",1.65581020887908
"49",2026-05-02,2,2026-05-16,"wk inc flu hosp","quantile","0.25",2.38122627678695
"49",2026-05-02,2,2026-05-16,"wk inc flu hosp","quantile","0.3",3.16455450487856
"49",2026-05-02,2,2026-05-16,"wk inc flu hosp","quantile","0.35",3.92328850675517
"49",2026-05-02,2,2026-05-16,"wk inc flu hosp","quantile","0.4",4.96341411177132
"49",2026-05-02,2,2026-05-16,"wk inc flu hosp","quantile","0.45",5.79719005411727
"49",2026-05-02,2,2026-05-16,"wk inc flu hosp","quantile","0.5",6.42276299162631
"49",2026-05-02,2,2026-05-16,"wk inc flu hosp","quantile","0.55",7.42048300526023
"49",2026-05-02,2,2026-05-16,"wk inc flu hosp","quantile","0.6",8.3329746091175
"49",2026-05-02,2,2026-05-16,"wk inc flu hosp","quantile","0.65",9.45455733750333
"49",2026-05-02,2,2026-05-16,"wk inc flu hosp","quantile","0.7",10.6446194567479
"49",2026-05-02,2,2026-05-16,"wk inc flu hosp","quantile","0.75",11.8189627357285
"49",2026-05-02,2,2026-05-16,"wk inc flu hosp","quantile","0.8",13.662887847475
"49",2026-05-02,2,2026-05-16,"wk inc flu hosp","quantile","0.85",15.6152383303944
"49",2026-05-02,2,2026-05-16,"wk inc flu hosp","quantile","0.9",18.9251848901653
"49",2026-05-02,2,2026-05-16,"wk inc flu hosp","quantile","0.95",26.061193431691
"49",2026-05-02,2,2026-05-16,"wk inc flu hosp","quantile","0.975",33.5460368997957
"49",2026-05-02,2,2026-05-16,"wk inc flu hosp","quantile","0.99",45.6409338407545
"49",2026-05-02,3,2026-05-23,"wk inc flu hosp","quantile","0.01",0
"49",2026-05-02,3,2026-05-23,"wk inc flu hosp","quantile","0.025",0
"49",2026-05-02,3,2026-05-23,"wk inc flu hosp","quantile","0.05",0.236872135367055
"49",2026-05-02,3,2026-05-23,"wk inc flu hosp","quantile","0.1",0.598969608684284
"49",2026-05-02,3,2026-05-23,"wk inc flu hosp","quantile","0.15",0.906760351208458
"49",2026-05-02,3,2026-05-23,"wk inc flu hosp","quantile","0.2",1.21531562423493
"49",2026-05-02,3,2026-05-23,"wk inc flu hosp","quantile","0.25",1.62701848378119
"49",2026-05-02,3,2026-05-23,"wk inc flu hosp","quantile","0.3",2.39157449152486
"49",2026-05-02,3,2026-05-23,"wk inc flu hosp","quantile","0.35",3.18312060116961
"49",2026-05-02,3,2026-05-23,"wk inc flu hosp","quantile","0.4",4.17813330740532
"49",2026-05-02,3,2026-05-23,"wk inc flu hosp","quantile","0.45",4.95845072187361
"49",2026-05-02,3,2026-05-23,"wk inc flu hosp","quantile","0.5",5.66578197183878
"49",2026-05-02,3,2026-05-23,"wk inc flu hosp","quantile","0.55",6.71981557712521
"49",2026-05-02,3,2026-05-23,"wk inc flu hosp","quantile","0.6",7.63450011325141
"49",2026-05-02,3,2026-05-23,"wk inc flu hosp","quantile","0.65",8.93469606006163
"49",2026-05-02,3,2026-05-23,"wk inc flu hosp","quantile","0.7",10.3110744981668
"49",2026-05-02,3,2026-05-23,"wk inc flu hosp","quantile","0.75",11.655301557474
"49",2026-05-02,3,2026-05-23,"wk inc flu hosp","quantile","0.8",13.3737145675316
"49",2026-05-02,3,2026-05-23,"wk inc flu hosp","quantile","0.85",15.7766220362457
"49",2026-05-02,3,2026-05-23,"wk inc flu hosp","quantile","0.9",19.5210129567013
"49",2026-05-02,3,2026-05-23,"wk inc flu hosp","quantile","0.95",28.3417481890511
"49",2026-05-02,3,2026-05-23,"wk inc flu hosp","quantile","0.975",38.3082834921863
"49",2026-05-02,3,2026-05-23,"wk inc flu hosp","quantile","0.99",45.8392567796056
"50",2026-05-02,0,2026-05-02,"wk inc flu hosp","quantile","0.01",0
"50",2026-05-02,0,2026-05-02,"wk inc flu hosp","quantile","0.025",0
"50",2026-05-02,0,2026-05-02,"wk inc flu hosp","quantile","0.05",0.0240519647115201
"50",2026-05-02,0,2026-05-02,"wk inc flu hosp","quantile","0.1",0.0922744203241624
"50",2026-05-02,0,2026-05-02,"wk inc flu hosp","quantile","0.15",0.194757282683435
"50",2026-05-02,0,2026-05-02,"wk inc flu hosp","quantile","0.2",0.415314851033353
"50",2026-05-02,0,2026-05-02,"wk inc flu hosp","quantile","0.25",0.630307122226034
"50",2026-05-02,0,2026-05-02,"wk inc flu hosp","quantile","0.3",0.807783181479496
"50",2026-05-02,0,2026-05-02,"wk inc flu hosp","quantile","0.35",0.946884048057093
"50",2026-05-02,0,2026-05-02,"wk inc flu hosp","quantile","0.4",1.11873514283097
"50",2026-05-02,0,2026-05-02,"wk inc flu hosp","quantile","0.45",1.23747170064485
"50",2026-05-02,0,2026-05-02,"wk inc flu hosp","quantile","0.5",1.40308292846765
"50",2026-05-02,0,2026-05-02,"wk inc flu hosp","quantile","0.55",1.57027275915256
"50",2026-05-02,0,2026-05-02,"wk inc flu hosp","quantile","0.6",1.78160927160053
"50",2026-05-02,0,2026-05-02,"wk inc flu hosp","quantile","0.65",2.03146172160818
"50",2026-05-02,0,2026-05-02,"wk inc flu hosp","quantile","0.7",2.34735820589057
"50",2026-05-02,0,2026-05-02,"wk inc flu hosp","quantile","0.75",2.6858214031612
"50",2026-05-02,0,2026-05-02,"wk inc flu hosp","quantile","0.8",3.05582809502706
"50",2026-05-02,0,2026-05-02,"wk inc flu hosp","quantile","0.85",3.64431251348429
"50",2026-05-02,0,2026-05-02,"wk inc flu hosp","quantile","0.9",4.43448536232134
"50",2026-05-02,0,2026-05-02,"wk inc flu hosp","quantile","0.95",5.76451162692603
"50",2026-05-02,0,2026-05-02,"wk inc flu hosp","quantile","0.975",7.49189773504218
"50",2026-05-02,0,2026-05-02,"wk inc flu hosp","quantile","0.99",10.4289910934096
"50",2026-05-02,1,2026-05-09,"wk inc flu hosp","quantile","0.01",0
"50",2026-05-02,1,2026-05-09,"wk inc flu hosp","quantile","0.025",0
"50",2026-05-02,1,2026-05-09,"wk inc flu hosp","quantile","0.05",0
"50",2026-05-02,1,2026-05-09,"wk inc flu hosp","quantile","0.1",0
"50",2026-05-02,1,2026-05-09,"wk inc flu hosp","quantile","0.15",0.0375924893776982
"50",2026-05-02,1,2026-05-09,"wk inc flu hosp","quantile","0.2",0.135135283870196
"50",2026-05-02,1,2026-05-09,"wk inc flu hosp","quantile","0.25",0.318880597619101
"50",2026-05-02,1,2026-05-09,"wk inc flu hosp","quantile","0.3",0.492555101334496
"50",2026-05-02,1,2026-05-09,"wk inc flu hosp","quantile","0.35",0.626026717117071
"50",2026-05-02,1,2026-05-09,"wk inc flu hosp","quantile","0.4",0.774980795278831
"50",2026-05-02,1,2026-05-09,"wk inc flu hosp","quantile","0.45",0.895094904581055
"50",2026-05-02,1,2026-05-09,"wk inc flu hosp","quantile","0.5",1.06537335968142
"50",2026-05-02,1,2026-05-09,"wk inc flu hosp","quantile","0.55",1.25431357835104
"50",2026-05-02,1,2026-05-09,"wk inc flu hosp","quantile","0.6",1.51615022000697
"50",2026-05-02,1,2026-05-09,"wk inc flu hosp","quantile","0.65",1.76697757597564
"50",2026-05-02,1,2026-05-09,"wk inc flu hosp","quantile","0.7",2.16990485212982
"50",2026-05-02,1,2026-05-09,"wk inc flu hosp","quantile","0.75",2.62019709958324
"50",2026-05-02,1,2026-05-09,"wk inc flu hosp","quantile","0.8",3.011853610356
"50",2026-05-02,1,2026-05-09,"wk inc flu hosp","quantile","0.85",3.6300699018543
"50",2026-05-02,1,2026-05-09,"wk inc flu hosp","quantile","0.9",4.60188813530825
"50",2026-05-02,1,2026-05-09,"wk inc flu hosp","quantile","0.95",6.32373949554366
"50",2026-05-02,1,2026-05-09,"wk inc flu hosp","quantile","0.975",8.2504646477065
"50",2026-05-02,1,2026-05-09,"wk inc flu hosp","quantile","0.99",12.6633449036557
"50",2026-05-02,2,2026-05-16,"wk inc flu hosp","quantile","0.01",0
"50",2026-05-02,2,2026-05-16,"wk inc flu hosp","quantile","0.025",0
"50",2026-05-02,2,2026-05-16,"wk inc flu hosp","quantile","0.05",0
"50",2026-05-02,2,2026-05-16,"wk inc flu hosp","quantile","0.1",0
"50",2026-05-02,2,2026-05-16,"wk inc flu hosp","quantile","0.15",0.000199834177829895
"50",2026-05-02,2,2026-05-16,"wk inc flu hosp","quantile","0.2",0.0892017571904476
"50",2026-05-02,2,2026-05-16,"wk inc flu hosp","quantile","0.25",0.221769217145428
"50",2026-05-02,2,2026-05-16,"wk inc flu hosp","quantile","0.3",0.359047526331142
"50",2026-05-02,2,2026-05-16,"wk inc flu hosp","quantile","0.35",0.515030548608782
"50",2026-05-02,2,2026-05-16,"wk inc flu hosp","quantile","0.4",0.63913129861667
"50",2026-05-02,2,2026-05-16,"wk inc flu hosp","quantile","0.45",0.78270785199367
"50",2026-05-02,2,2026-05-16,"wk inc flu hosp","quantile","0.5",0.933947295007021
"50",2026-05-02,2,2026-05-16,"wk inc flu hosp","quantile","0.55",1.11888824659442
"50",2026-05-02,2,2026-05-16,"wk inc flu hosp","quantile","0.6",1.3634334080245
"50",2026-05-02,2,2026-05-16,"wk inc flu hosp","quantile","0.65",1.65429693469966
"50",2026-05-02,2,2026-05-16,"wk inc flu hosp","quantile","0.7",2.06191757550712
"50",2026-05-02,2,2026-05-16,"wk inc flu hosp","quantile","0.75",2.41523592056203
"50",2026-05-02,2,2026-05-16,"wk inc flu hosp","quantile","0.8",2.83148181435227
"50",2026-05-02,2,2026-05-16,"wk inc flu hosp","quantile","0.85",3.44950310888241
"50",2026-05-02,2,2026-05-16,"wk inc flu hosp","quantile","0.9",4.80491107102057
"50",2026-05-02,2,2026-05-16,"wk inc flu hosp","quantile","0.95",7.07878198367319
"50",2026-05-02,2,2026-05-16,"wk inc flu hosp","quantile","0.975",9.10783708069443
"50",2026-05-02,2,2026-05-16,"wk inc flu hosp","quantile","0.99",14.9480787103331
"50",2026-05-02,3,2026-05-23,"wk inc flu hosp","quantile","0.01",0
"50",2026-05-02,3,2026-05-23,"wk inc flu hosp","quantile","0.025",0
"50",2026-05-02,3,2026-05-23,"wk inc flu hosp","quantile","0.05",0
"50",2026-05-02,3,2026-05-23,"wk inc flu hosp","quantile","0.1",0
"50",2026-05-02,3,2026-05-23,"wk inc flu hosp","quantile","0.15",0
"50",2026-05-02,3,2026-05-23,"wk inc flu hosp","quantile","0.2",0
"50",2026-05-02,3,2026-05-23,"wk inc flu hosp","quantile","0.25",0.114469169237462
"50",2026-05-02,3,2026-05-23,"wk inc flu hosp","quantile","0.3",0.239631143930978
"50",2026-05-02,3,2026-05-23,"wk inc flu hosp","quantile","0.35",0.37760234220266
"50",2026-05-02,3,2026-05-23,"wk inc flu hosp","quantile","0.4",0.525907346143753
"50",2026-05-02,3,2026-05-23,"wk inc flu hosp","quantile","0.45",0.681616940847046
"50",2026-05-02,3,2026-05-23,"wk inc flu hosp","quantile","0.5",0.836643962902478
"50",2026-05-02,3,2026-05-23,"wk inc flu hosp","quantile","0.55",1.05763228185003
"50",2026-05-02,3,2026-05-23,"wk inc flu hosp","quantile","0.6",1.29389685460026
"50",2026-05-02,3,2026-05-23,"wk inc flu hosp","quantile","0.65",1.51681247359995
"50",2026-05-02,3,2026-05-23,"wk inc flu hosp","quantile","0.7",1.9541927992668
"50",2026-05-02,3,2026-05-23,"wk inc flu hosp","quantile","0.75",2.36978750095689
"50",2026-05-02,3,2026-05-23,"wk inc flu hosp","quantile","0.8",3.13195724885723
"50",2026-05-02,3,2026-05-23,"wk inc flu hosp","quantile","0.85",3.93949899440174
"50",2026-05-02,3,2026-05-23,"wk inc flu hosp","quantile","0.9",5.30295139547473
"50",2026-05-02,3,2026-05-23,"wk inc flu hosp","quantile","0.95",7.99712546577677
"50",2026-05-02,3,2026-05-23,"wk inc flu hosp","quantile","0.975",10.5647695140519
"50",2026-05-02,3,2026-05-23,"wk inc flu hosp","quantile","0.99",19.7239677104739
"51",2026-05-02,0,2026-05-02,"wk inc flu hosp","quantile","0.01",1.51109404670095
"51",2026-05-02,0,2026-05-02,"wk inc flu hosp","quantile","0.025",3.2348982524462
"51",2026-05-02,0,2026-05-02,"wk inc flu hosp","quantile","0.05",4.5886458265851
"51",2026-05-02,0,2026-05-02,"wk inc flu hosp","quantile","0.1",7.49344310804666
"51",2026-05-02,0,2026-05-02,"wk inc flu hosp","quantile","0.15",8.78930772787874
"51",2026-05-02,0,2026-05-02,"wk inc flu hosp","quantile","0.2",10.0127373536692
"51",2026-05-02,0,2026-05-02,"wk inc flu hosp","quantile","0.25",11.0429072374293
"51",2026-05-02,0,2026-05-02,"wk inc flu hosp","quantile","0.3",12.4747387510911
"51",2026-05-02,0,2026-05-02,"wk inc flu hosp","quantile","0.35",13.409809066261
"51",2026-05-02,0,2026-05-02,"wk inc flu hosp","quantile","0.4",14.2316549052083
"51",2026-05-02,0,2026-05-02,"wk inc flu hosp","quantile","0.45",15.0947261116455
"51",2026-05-02,0,2026-05-02,"wk inc flu hosp","quantile","0.5",15.9900095891329
"51",2026-05-02,0,2026-05-02,"wk inc flu hosp","quantile","0.55",16.9523940569299
"51",2026-05-02,0,2026-05-02,"wk inc flu hosp","quantile","0.6",17.7919435479502
"51",2026-05-02,0,2026-05-02,"wk inc flu hosp","quantile","0.65",18.790441199288
"51",2026-05-02,0,2026-05-02,"wk inc flu hosp","quantile","0.7",19.7103024457378
"51",2026-05-02,0,2026-05-02,"wk inc flu hosp","quantile","0.75",20.8542483656439
"51",2026-05-02,0,2026-05-02,"wk inc flu hosp","quantile","0.8",21.9519892541641
"51",2026-05-02,0,2026-05-02,"wk inc flu hosp","quantile","0.85",23.4659577252483
"51",2026-05-02,0,2026-05-02,"wk inc flu hosp","quantile","0.9",25.6096245413052
"51",2026-05-02,0,2026-05-02,"wk inc flu hosp","quantile","0.95",28.863875379349
"51",2026-05-02,0,2026-05-02,"wk inc flu hosp","quantile","0.975",34.2381081295608
"51",2026-05-02,0,2026-05-02,"wk inc flu hosp","quantile","0.99",44.4511496189665
"51",2026-05-02,1,2026-05-09,"wk inc flu hosp","quantile","0.01",1.17207011823674
"51",2026-05-02,1,2026-05-09,"wk inc flu hosp","quantile","0.025",1.70261827110418
"51",2026-05-02,1,2026-05-09,"wk inc flu hosp","quantile","0.05",3.03451705095846
"51",2026-05-02,1,2026-05-09,"wk inc flu hosp","quantile","0.1",6.22028134897259
"51",2026-05-02,1,2026-05-09,"wk inc flu hosp","quantile","0.15",7.80605038001558
"51",2026-05-02,1,2026-05-09,"wk inc flu hosp","quantile","0.2",9.26691164123962
"51",2026-05-02,1,2026-05-09,"wk inc flu hosp","quantile","0.25",10.3913030619308
"51",2026-05-02,1,2026-05-09,"wk inc flu hosp","quantile","0.3",11.7553856173495
"51",2026-05-02,1,2026-05-09,"wk inc flu hosp","quantile","0.35",13.1367438531449
"51",2026-05-02,1,2026-05-09,"wk inc flu hosp","quantile","0.4",13.8236780140546
"51",2026-05-02,1,2026-05-09,"wk inc flu hosp","quantile","0.45",14.8981233480083
"51",2026-05-02,1,2026-05-09,"wk inc flu hosp","quantile","0.5",15.6829063817876
"51",2026-05-02,1,2026-05-09,"wk inc flu hosp","quantile","0.55",16.8068790143166
"51",2026-05-02,1,2026-05-09,"wk inc flu hosp","quantile","0.6",17.7941129906162
"51",2026-05-02,1,2026-05-09,"wk inc flu hosp","quantile","0.65",18.9287543486633
"51",2026-05-02,1,2026-05-09,"wk inc flu hosp","quantile","0.7",20.0669314813783
"51",2026-05-02,1,2026-05-09,"wk inc flu hosp","quantile","0.75",21.297190908865
"51",2026-05-02,1,2026-05-09,"wk inc flu hosp","quantile","0.8",22.9492027867162
"51",2026-05-02,1,2026-05-09,"wk inc flu hosp","quantile","0.85",25.0767425703865
"51",2026-05-02,1,2026-05-09,"wk inc flu hosp","quantile","0.9",27.6900655611405
"51",2026-05-02,1,2026-05-09,"wk inc flu hosp","quantile","0.95",32.2971496726283
"51",2026-05-02,1,2026-05-09,"wk inc flu hosp","quantile","0.975",38.8870132139287
"51",2026-05-02,1,2026-05-09,"wk inc flu hosp","quantile","0.99",52.0023704809526
"51",2026-05-02,2,2026-05-16,"wk inc flu hosp","quantile","0.01",0.475174103177171
"51",2026-05-02,2,2026-05-16,"wk inc flu hosp","quantile","0.025",1.08060613679781
"51",2026-05-02,2,2026-05-16,"wk inc flu hosp","quantile","0.05",1.91084115319194
"51",2026-05-02,2,2026-05-16,"wk inc flu hosp","quantile","0.1",5.11687465447506
"51",2026-05-02,2,2026-05-16,"wk inc flu hosp","quantile","0.15",7.2521697292427
"51",2026-05-02,2,2026-05-16,"wk inc flu hosp","quantile","0.2",8.56442011849691
"51",2026-05-02,2,2026-05-16,"wk inc flu hosp","quantile","0.25",10.1776947563829
"51",2026-05-02,2,2026-05-16,"wk inc flu hosp","quantile","0.3",11.6239822476172
"51",2026-05-02,2,2026-05-16,"wk inc flu hosp","quantile","0.35",12.8115059229199
"51",2026-05-02,2,2026-05-16,"wk inc flu hosp","quantile","0.4",13.5386121951607
"51",2026-05-02,2,2026-05-16,"wk inc flu hosp","quantile","0.45",14.6839374729537
"51",2026-05-02,2,2026-05-16,"wk inc flu hosp","quantile","0.5",15.6551989025455
"51",2026-05-02,2,2026-05-16,"wk inc flu hosp","quantile","0.55",16.9689593461593
"51",2026-05-02,2,2026-05-16,"wk inc flu hosp","quantile","0.6",18.2339760958059
"51",2026-05-02,2,2026-05-16,"wk inc flu hosp","quantile","0.65",19.1863263737414
"51",2026-05-02,2,2026-05-16,"wk inc flu hosp","quantile","0.7",20.4441015545988
"51",2026-05-02,2,2026-05-16,"wk inc flu hosp","quantile","0.75",21.9131105707328
"51",2026-05-02,2,2026-05-16,"wk inc flu hosp","quantile","0.8",24.0659027268826
"51",2026-05-02,2,2026-05-16,"wk inc flu hosp","quantile","0.85",26.3378696155993
"51",2026-05-02,2,2026-05-16,"wk inc flu hosp","quantile","0.9",29.5816672254912
"51",2026-05-02,2,2026-05-16,"wk inc flu hosp","quantile","0.95",35.7397570030321
"51",2026-05-02,2,2026-05-16,"wk inc flu hosp","quantile","0.975",45.056318061819
"51",2026-05-02,2,2026-05-16,"wk inc flu hosp","quantile","0.99",59.108205135245
"51",2026-05-02,3,2026-05-23,"wk inc flu hosp","quantile","0.01",0.152196867123674
"51",2026-05-02,3,2026-05-23,"wk inc flu hosp","quantile","0.025",0.681542975402884
"51",2026-05-02,3,2026-05-23,"wk inc flu hosp","quantile","0.05",1.45816153683031
"51",2026-05-02,3,2026-05-23,"wk inc flu hosp","quantile","0.1",4.14976838861973
"51",2026-05-02,3,2026-05-23,"wk inc flu hosp","quantile","0.15",6.17203750898527
"51",2026-05-02,3,2026-05-23,"wk inc flu hosp","quantile","0.2",7.65800286898171
"51",2026-05-02,3,2026-05-23,"wk inc flu hosp","quantile","0.25",9.2273117381572
"51",2026-05-02,3,2026-05-23,"wk inc flu hosp","quantile","0.3",11.0113146699909
"51",2026-05-02,3,2026-05-23,"wk inc flu hosp","quantile","0.35",12.6247310605973
"51",2026-05-02,3,2026-05-23,"wk inc flu hosp","quantile","0.4",13.5514667236389
"51",2026-05-02,3,2026-05-23,"wk inc flu hosp","quantile","0.45",14.4467699889007
"51",2026-05-02,3,2026-05-23,"wk inc flu hosp","quantile","0.5",15.4776459414655
"51",2026-05-02,3,2026-05-23,"wk inc flu hosp","quantile","0.55",17.0915887342327
"51",2026-05-02,3,2026-05-23,"wk inc flu hosp","quantile","0.6",18.6493472832512
"51",2026-05-02,3,2026-05-23,"wk inc flu hosp","quantile","0.65",20.0168328521189
"51",2026-05-02,3,2026-05-23,"wk inc flu hosp","quantile","0.7",21.7374467630597
"51",2026-05-02,3,2026-05-23,"wk inc flu hosp","quantile","0.75",23.8519896445167
"51",2026-05-02,3,2026-05-23,"wk inc flu hosp","quantile","0.8",26.2338058949791
"51",2026-05-02,3,2026-05-23,"wk inc flu hosp","quantile","0.85",28.7341386602996
"51",2026-05-02,3,2026-05-23,"wk inc flu hosp","quantile","0.9",32.7705525228204
"51",2026-05-02,3,2026-05-23,"wk inc flu hosp","quantile","0.95",41.1239617172595
"51",2026-05-02,3,2026-05-23,"wk inc flu hosp","quantile","0.975",50.4516498262243
"51",2026-05-02,3,2026-05-23,"wk inc flu hosp","quantile","0.99",66.825397471473
"53",2026-05-02,0,2026-05-02,"wk inc flu hosp","quantile","0.01",10.2451989915984
"53",2026-05-02,0,2026-05-02,"wk inc flu hosp","quantile","0.025",15.6249269618132
"53",2026-05-02,0,2026-05-02,"wk inc flu hosp","quantile","0.05",18.4894643338762
"53",2026-05-02,0,2026-05-02,"wk inc flu hosp","quantile","0.1",21.5682608021519
"53",2026-05-02,0,2026-05-02,"wk inc flu hosp","quantile","0.15",23.3217197783926
"53",2026-05-02,0,2026-05-02,"wk inc flu hosp","quantile","0.2",25.2005436534054
"53",2026-05-02,0,2026-05-02,"wk inc flu hosp","quantile","0.25",26.7169981289875
"53",2026-05-02,0,2026-05-02,"wk inc flu hosp","quantile","0.3",28.3823731481112
"53",2026-05-02,0,2026-05-02,"wk inc flu hosp","quantile","0.35",29.8603313410166
"53",2026-05-02,0,2026-05-02,"wk inc flu hosp","quantile","0.4",30.897002516452
"53",2026-05-02,0,2026-05-02,"wk inc flu hosp","quantile","0.45",31.9688865535955
"53",2026-05-02,0,2026-05-02,"wk inc flu hosp","quantile","0.5",32.8167450172349
"53",2026-05-02,0,2026-05-02,"wk inc flu hosp","quantile","0.55",33.947711131585
"53",2026-05-02,0,2026-05-02,"wk inc flu hosp","quantile","0.6",34.8729625747311
"53",2026-05-02,0,2026-05-02,"wk inc flu hosp","quantile","0.65",36.0271718895712
"53",2026-05-02,0,2026-05-02,"wk inc flu hosp","quantile","0.7",37.7208762341962
"53",2026-05-02,0,2026-05-02,"wk inc flu hosp","quantile","0.75",39.1319788159357
"53",2026-05-02,0,2026-05-02,"wk inc flu hosp","quantile","0.8",40.7635438756542
"53",2026-05-02,0,2026-05-02,"wk inc flu hosp","quantile","0.85",43.0646143441555
"53",2026-05-02,0,2026-05-02,"wk inc flu hosp","quantile","0.9",46.0694003876552
"53",2026-05-02,0,2026-05-02,"wk inc flu hosp","quantile","0.95",51.8670719412364
"53",2026-05-02,0,2026-05-02,"wk inc flu hosp","quantile","0.975",59.0033744860671
"53",2026-05-02,0,2026-05-02,"wk inc flu hosp","quantile","0.99",69.1920771181861
"53",2026-05-02,1,2026-05-09,"wk inc flu hosp","quantile","0.01",6.96017588050205
"53",2026-05-02,1,2026-05-09,"wk inc flu hosp","quantile","0.025",10.2701234795249
"53",2026-05-02,1,2026-05-09,"wk inc flu hosp","quantile","0.05",12.7489153649369
"53",2026-05-02,1,2026-05-09,"wk inc flu hosp","quantile","0.1",15.9282591754835
"53",2026-05-02,1,2026-05-09,"wk inc flu hosp","quantile","0.15",17.9049069200933
"53",2026-05-02,1,2026-05-09,"wk inc flu hosp","quantile","0.2",19.8299609767848
"53",2026-05-02,1,2026-05-09,"wk inc flu hosp","quantile","0.25",22.0934527265029
"53",2026-05-02,1,2026-05-09,"wk inc flu hosp","quantile","0.3",23.6704998990518
"53",2026-05-02,1,2026-05-09,"wk inc flu hosp","quantile","0.35",25.222071774053
"53",2026-05-02,1,2026-05-09,"wk inc flu hosp","quantile","0.4",26.5561342690171
"53",2026-05-02,1,2026-05-09,"wk inc flu hosp","quantile","0.45",27.9058216204726
"53",2026-05-02,1,2026-05-09,"wk inc flu hosp","quantile","0.5",29.1367395275846
"53",2026-05-02,1,2026-05-09,"wk inc flu hosp","quantile","0.55",30.4019314057317
"53",2026-05-02,1,2026-05-09,"wk inc flu hosp","quantile","0.6",31.8069140668328
"53",2026-05-02,1,2026-05-09,"wk inc flu hosp","quantile","0.65",33.6142280232862
"53",2026-05-02,1,2026-05-09,"wk inc flu hosp","quantile","0.7",35.3966239012695
"53",2026-05-02,1,2026-05-09,"wk inc flu hosp","quantile","0.75",37.4190373850045
"53",2026-05-02,1,2026-05-09,"wk inc flu hosp","quantile","0.8",39.6586937793635
"53",2026-05-02,1,2026-05-09,"wk inc flu hosp","quantile","0.85",42.6383284489164
"53",2026-05-02,1,2026-05-09,"wk inc flu hosp","quantile","0.9",46.1784510157627
"53",2026-05-02,1,2026-05-09,"wk inc flu hosp","quantile","0.95",54.8688868436505
"53",2026-05-02,1,2026-05-09,"wk inc flu hosp","quantile","0.975",64.1691044589506
"53",2026-05-02,1,2026-05-09,"wk inc flu hosp","quantile","0.99",79.048871013046
"53",2026-05-02,2,2026-05-16,"wk inc flu hosp","quantile","0.01",5.11263324022741
"53",2026-05-02,2,2026-05-16,"wk inc flu hosp","quantile","0.025",7.45037396637631
"53",2026-05-02,2,2026-05-16,"wk inc flu hosp","quantile","0.05",9.76226757717293
"53",2026-05-02,2,2026-05-16,"wk inc flu hosp","quantile","0.1",13.5845061593196
"53",2026-05-02,2,2026-05-16,"wk inc flu hosp","quantile","0.15",15.1756439773771
"53",2026-05-02,2,2026-05-16,"wk inc flu hosp","quantile","0.2",16.785506007955
"53",2026-05-02,2,2026-05-16,"wk inc flu hosp","quantile","0.25",18.5379638656147
"53",2026-05-02,2,2026-05-16,"wk inc flu hosp","quantile","0.3",19.8296719151902
"53",2026-05-02,2,2026-05-16,"wk inc flu hosp","quantile","0.35",21.4326306171434
"53",2026-05-02,2,2026-05-16,"wk inc flu hosp","quantile","0.4",22.9659154105902
"53",2026-05-02,2,2026-05-16,"wk inc flu hosp","quantile","0.45",24.4042227484183
"53",2026-05-02,2,2026-05-16,"wk inc flu hosp","quantile","0.5",25.9658999411428
"53",2026-05-02,2,2026-05-16,"wk inc flu hosp","quantile","0.55",27.6482549131872
"53",2026-05-02,2,2026-05-16,"wk inc flu hosp","quantile","0.6",29.0029434316148
"53",2026-05-02,2,2026-05-16,"wk inc flu hosp","quantile","0.65",31.2918122880221
"53",2026-05-02,2,2026-05-16,"wk inc flu hosp","quantile","0.7",33.6744941476084
"53",2026-05-02,2,2026-05-16,"wk inc flu hosp","quantile","0.75",35.8936600926388
"53",2026-05-02,2,2026-05-16,"wk inc flu hosp","quantile","0.8",37.9662991651529
"53",2026-05-02,2,2026-05-16,"wk inc flu hosp","quantile","0.85",41.2531842412337
"53",2026-05-02,2,2026-05-16,"wk inc flu hosp","quantile","0.9",46.4036106191353
"53",2026-05-02,2,2026-05-16,"wk inc flu hosp","quantile","0.95",55.0466654610759
"53",2026-05-02,2,2026-05-16,"wk inc flu hosp","quantile","0.975",64.7898388510703
"53",2026-05-02,2,2026-05-16,"wk inc flu hosp","quantile","0.99",78.6424689494897
"53",2026-05-02,3,2026-05-23,"wk inc flu hosp","quantile","0.01",3.61069347774523
"53",2026-05-02,3,2026-05-23,"wk inc flu hosp","quantile","0.025",5.72481095005804
"53",2026-05-02,3,2026-05-23,"wk inc flu hosp","quantile","0.05",7.22037404029541
"53",2026-05-02,3,2026-05-23,"wk inc flu hosp","quantile","0.1",10.3955441465221
"53",2026-05-02,3,2026-05-23,"wk inc flu hosp","quantile","0.15",12.2695321568307
"53",2026-05-02,3,2026-05-23,"wk inc flu hosp","quantile","0.2",13.6463818522705
"53",2026-05-02,3,2026-05-23,"wk inc flu hosp","quantile","0.25",15.5441345086188
"53",2026-05-02,3,2026-05-23,"wk inc flu hosp","quantile","0.3",16.8694754512027
"53",2026-05-02,3,2026-05-23,"wk inc flu hosp","quantile","0.35",18.3542417273031
"53",2026-05-02,3,2026-05-23,"wk inc flu hosp","quantile","0.4",19.8336865142547
"53",2026-05-02,3,2026-05-23,"wk inc flu hosp","quantile","0.45",21.7484320064218
"53",2026-05-02,3,2026-05-23,"wk inc flu hosp","quantile","0.5",23.3233399156109
"53",2026-05-02,3,2026-05-23,"wk inc flu hosp","quantile","0.55",24.9592114846255
"53",2026-05-02,3,2026-05-23,"wk inc flu hosp","quantile","0.6",26.3294979344781
"53",2026-05-02,3,2026-05-23,"wk inc flu hosp","quantile","0.65",28.974046701108
"53",2026-05-02,3,2026-05-23,"wk inc flu hosp","quantile","0.7",31.7621105875819
"53",2026-05-02,3,2026-05-23,"wk inc flu hosp","quantile","0.75",34.0165755845671
"53",2026-05-02,3,2026-05-23,"wk inc flu hosp","quantile","0.8",36.3135960187658
"53",2026-05-02,3,2026-05-23,"wk inc flu hosp","quantile","0.85",39.8121574650886
"53",2026-05-02,3,2026-05-23,"wk inc flu hosp","quantile","0.9",45.3285233663719
"53",2026-05-02,3,2026-05-23,"wk inc flu hosp","quantile","0.95",56.6963879152699
"53",2026-05-02,3,2026-05-23,"wk inc flu hosp","quantile","0.975",66.4968963798421
"53",2026-05-02,3,2026-05-23,"wk inc flu hosp","quantile","0.99",88.7476195783589
"54",2026-05-02,0,2026-05-02,"wk inc flu hosp","quantile","0.01",1.74968572127544
"54",2026-05-02,0,2026-05-02,"wk inc flu hosp","quantile","0.025",3.03377206712371
"54",2026-05-02,0,2026-05-02,"wk inc flu hosp","quantile","0.05",3.98960422278913
"54",2026-05-02,0,2026-05-02,"wk inc flu hosp","quantile","0.1",5.73639350541593
"54",2026-05-02,0,2026-05-02,"wk inc flu hosp","quantile","0.15",6.4032265575086
"54",2026-05-02,0,2026-05-02,"wk inc flu hosp","quantile","0.2",7.1304675761861
"54",2026-05-02,0,2026-05-02,"wk inc flu hosp","quantile","0.25",8.02063979950542
"54",2026-05-02,0,2026-05-02,"wk inc flu hosp","quantile","0.3",8.84114898840156
"54",2026-05-02,0,2026-05-02,"wk inc flu hosp","quantile","0.35",9.982609718439
"54",2026-05-02,0,2026-05-02,"wk inc flu hosp","quantile","0.4",10.7474389139876
"54",2026-05-02,0,2026-05-02,"wk inc flu hosp","quantile","0.45",11.7834768512783
"54",2026-05-02,0,2026-05-02,"wk inc flu hosp","quantile","0.5",12.6470358191206
"54",2026-05-02,0,2026-05-02,"wk inc flu hosp","quantile","0.55",13.3127699830655
"54",2026-05-02,0,2026-05-02,"wk inc flu hosp","quantile","0.6",14.2463176993636
"54",2026-05-02,0,2026-05-02,"wk inc flu hosp","quantile","0.65",15.4030184576257
"54",2026-05-02,0,2026-05-02,"wk inc flu hosp","quantile","0.7",16.409826960364
"54",2026-05-02,0,2026-05-02,"wk inc flu hosp","quantile","0.75",17.7336415408901
"54",2026-05-02,0,2026-05-02,"wk inc flu hosp","quantile","0.8",19.5847216146407
"54",2026-05-02,0,2026-05-02,"wk inc flu hosp","quantile","0.85",22.0191681372274
"54",2026-05-02,0,2026-05-02,"wk inc flu hosp","quantile","0.9",25.3315312555468
"54",2026-05-02,0,2026-05-02,"wk inc flu hosp","quantile","0.95",30.8510394338363
"54",2026-05-02,0,2026-05-02,"wk inc flu hosp","quantile","0.975",38.4418071744611
"54",2026-05-02,0,2026-05-02,"wk inc flu hosp","quantile","0.99",50.5736755215245
"54",2026-05-02,1,2026-05-09,"wk inc flu hosp","quantile","0.01",0.754318891106422
"54",2026-05-02,1,2026-05-09,"wk inc flu hosp","quantile","0.025",1.48077534472958
"54",2026-05-02,1,2026-05-09,"wk inc flu hosp","quantile","0.05",2.35281970383603
"54",2026-05-02,1,2026-05-09,"wk inc flu hosp","quantile","0.1",3.75237624508664
"54",2026-05-02,1,2026-05-09,"wk inc flu hosp","quantile","0.15",4.59912899654934
"54",2026-05-02,1,2026-05-09,"wk inc flu hosp","quantile","0.2",5.23178403296265
"54",2026-05-02,1,2026-05-09,"wk inc flu hosp","quantile","0.25",6.19784959532273
"54",2026-05-02,1,2026-05-09,"wk inc flu hosp","quantile","0.3",7.15499629639148
"54",2026-05-02,1,2026-05-09,"wk inc flu hosp","quantile","0.35",8.10702391690073
"54",2026-05-02,1,2026-05-09,"wk inc flu hosp","quantile","0.4",9.22886184015836
"54",2026-05-02,1,2026-05-09,"wk inc flu hosp","quantile","0.45",10.2895335442802
"54",2026-05-02,1,2026-05-09,"wk inc flu hosp","quantile","0.5",11.2090183742752
"54",2026-05-02,1,2026-05-09,"wk inc flu hosp","quantile","0.55",12.0638082339321
"54",2026-05-02,1,2026-05-09,"wk inc flu hosp","quantile","0.6",13.1178970675794
"54",2026-05-02,1,2026-05-09,"wk inc flu hosp","quantile","0.65",14.5830156880044
"54",2026-05-02,1,2026-05-09,"wk inc flu hosp","quantile","0.7",16.0255124577671
"54",2026-05-02,1,2026-05-09,"wk inc flu hosp","quantile","0.75",17.5698024313616
"54",2026-05-02,1,2026-05-09,"wk inc flu hosp","quantile","0.8",19.9170045843538
"54",2026-05-02,1,2026-05-09,"wk inc flu hosp","quantile","0.85",22.6329647383795
"54",2026-05-02,1,2026-05-09,"wk inc flu hosp","quantile","0.9",26.1639812841264
"54",2026-05-02,1,2026-05-09,"wk inc flu hosp","quantile","0.95",32.562871080107
"54",2026-05-02,1,2026-05-09,"wk inc flu hosp","quantile","0.975",42.2834926381971
"54",2026-05-02,1,2026-05-09,"wk inc flu hosp","quantile","0.99",54.4755947510379
"54",2026-05-02,2,2026-05-16,"wk inc flu hosp","quantile","0.01",0.281859273108647
"54",2026-05-02,2,2026-05-16,"wk inc flu hosp","quantile","0.025",0.614771490218868
"54",2026-05-02,2,2026-05-16,"wk inc flu hosp","quantile","0.05",1.40079239153128
"54",2026-05-02,2,2026-05-16,"wk inc flu hosp","quantile","0.1",2.74573712156914
"54",2026-05-02,2,2026-05-16,"wk inc flu hosp","quantile","0.15",3.45397622274621
"54",2026-05-02,2,2026-05-16,"wk inc flu hosp","quantile","0.2",3.92430220436301
"54",2026-05-02,2,2026-05-16,"wk inc flu hosp","quantile","0.25",4.79216326382591
"54",2026-05-02,2,2026-05-16,"wk inc flu hosp","quantile","0.3",5.82025256499777
"54",2026-05-02,2,2026-05-16,"wk inc flu hosp","quantile","0.35",6.97390783770411
"54",2026-05-02,2,2026-05-16,"wk inc flu hosp","quantile","0.4",8.05767073325022
"54",2026-05-02,2,2026-05-16,"wk inc flu hosp","quantile","0.45",9.11429940695187
"54",2026-05-02,2,2026-05-16,"wk inc flu hosp","quantile","0.5",9.95307731471715
"54",2026-05-02,2,2026-05-16,"wk inc flu hosp","quantile","0.55",11.016526241062
"54",2026-05-02,2,2026-05-16,"wk inc flu hosp","quantile","0.6",12.1798939842362
"54",2026-05-02,2,2026-05-16,"wk inc flu hosp","quantile","0.65",13.4422970418127
"54",2026-05-02,2,2026-05-16,"wk inc flu hosp","quantile","0.7",14.7665571888065
"54",2026-05-02,2,2026-05-16,"wk inc flu hosp","quantile","0.75",16.8214690359597
"54",2026-05-02,2,2026-05-16,"wk inc flu hosp","quantile","0.8",19.1520105317973
"54",2026-05-02,2,2026-05-16,"wk inc flu hosp","quantile","0.85",22.2335766896036
"54",2026-05-02,2,2026-05-16,"wk inc flu hosp","quantile","0.9",26.6363012720437
"54",2026-05-02,2,2026-05-16,"wk inc flu hosp","quantile","0.95",35.1236627820674
"54",2026-05-02,2,2026-05-16,"wk inc flu hosp","quantile","0.975",43.3628523947073
"54",2026-05-02,2,2026-05-16,"wk inc flu hosp","quantile","0.99",59.2743934446772
"54",2026-05-02,3,2026-05-23,"wk inc flu hosp","quantile","0.01",0.049309460603115
"54",2026-05-02,3,2026-05-23,"wk inc flu hosp","quantile","0.025",0.358997841117147
"54",2026-05-02,3,2026-05-23,"wk inc flu hosp","quantile","0.05",1.01121596187618
"54",2026-05-02,3,2026-05-23,"wk inc flu hosp","quantile","0.1",2.1045682048104
"54",2026-05-02,3,2026-05-23,"wk inc flu hosp","quantile","0.15",2.6857292401447
"54",2026-05-02,3,2026-05-23,"wk inc flu hosp","quantile","0.2",3.10103633472907
"54",2026-05-02,3,2026-05-23,"wk inc flu hosp","quantile","0.25",3.93486552483157
"54",2026-05-02,3,2026-05-23,"wk inc flu hosp","quantile","0.3",4.99410953125146
"54",2026-05-02,3,2026-05-23,"wk inc flu hosp","quantile","0.35",5.93673237342511
"54",2026-05-02,3,2026-05-23,"wk inc flu hosp","quantile","0.4",6.94730568527939
"54",2026-05-02,3,2026-05-23,"wk inc flu hosp","quantile","0.45",8.07481224623085
"54",2026-05-02,3,2026-05-23,"wk inc flu hosp","quantile","0.5",9.15400941774826
"54",2026-05-02,3,2026-05-23,"wk inc flu hosp","quantile","0.55",9.88399275290886
"54",2026-05-02,3,2026-05-23,"wk inc flu hosp","quantile","0.6",11.1580689943854
"54",2026-05-02,3,2026-05-23,"wk inc flu hosp","quantile","0.65",12.6316509234429
"54",2026-05-02,3,2026-05-23,"wk inc flu hosp","quantile","0.7",14.2586507354871
"54",2026-05-02,3,2026-05-23,"wk inc flu hosp","quantile","0.75",16.2124209856373
"54",2026-05-02,3,2026-05-23,"wk inc flu hosp","quantile","0.8",19.1318169554725
"54",2026-05-02,3,2026-05-23,"wk inc flu hosp","quantile","0.85",21.9644037107038
"54",2026-05-02,3,2026-05-23,"wk inc flu hosp","quantile","0.9",26.9899018427565
"54",2026-05-02,3,2026-05-23,"wk inc flu hosp","quantile","0.95",36.4002028238495
"54",2026-05-02,3,2026-05-23,"wk inc flu hosp","quantile","0.975",46.97474105607
"54",2026-05-02,3,2026-05-23,"wk inc flu hosp","quantile","0.99",64.6373913694572
"55",2026-05-02,0,2026-05-02,"wk inc flu hosp","quantile","0.01",3.11857272134922
"55",2026-05-02,0,2026-05-02,"wk inc flu hosp","quantile","0.025",5.50721866333035
"55",2026-05-02,0,2026-05-02,"wk inc flu hosp","quantile","0.05",6.80207791644453
"55",2026-05-02,0,2026-05-02,"wk inc flu hosp","quantile","0.1",9.21968948612147
"55",2026-05-02,0,2026-05-02,"wk inc flu hosp","quantile","0.15",11.1112657064197
"55",2026-05-02,0,2026-05-02,"wk inc flu hosp","quantile","0.2",12.4719640858724
"55",2026-05-02,0,2026-05-02,"wk inc flu hosp","quantile","0.25",13.7485985555367
"55",2026-05-02,0,2026-05-02,"wk inc flu hosp","quantile","0.3",14.9882764361383
"55",2026-05-02,0,2026-05-02,"wk inc flu hosp","quantile","0.35",16.1313966105549
"55",2026-05-02,0,2026-05-02,"wk inc flu hosp","quantile","0.4",17.4191854712262
"55",2026-05-02,0,2026-05-02,"wk inc flu hosp","quantile","0.45",18.197355604455
"55",2026-05-02,0,2026-05-02,"wk inc flu hosp","quantile","0.5",19.1750656171189
"55",2026-05-02,0,2026-05-02,"wk inc flu hosp","quantile","0.55",19.9489172249781
"55",2026-05-02,0,2026-05-02,"wk inc flu hosp","quantile","0.6",20.6173860098302
"55",2026-05-02,0,2026-05-02,"wk inc flu hosp","quantile","0.65",21.7671011270888
"55",2026-05-02,0,2026-05-02,"wk inc flu hosp","quantile","0.7",22.8357034594792
"55",2026-05-02,0,2026-05-02,"wk inc flu hosp","quantile","0.75",24.3133637452448
"55",2026-05-02,0,2026-05-02,"wk inc flu hosp","quantile","0.8",25.8117253892181
"55",2026-05-02,0,2026-05-02,"wk inc flu hosp","quantile","0.85",28.1011175896438
"55",2026-05-02,0,2026-05-02,"wk inc flu hosp","quantile","0.9",30.8369307295166
"55",2026-05-02,0,2026-05-02,"wk inc flu hosp","quantile","0.95",37.4786398434147
"55",2026-05-02,0,2026-05-02,"wk inc flu hosp","quantile","0.975",45.1253614286262
"55",2026-05-02,0,2026-05-02,"wk inc flu hosp","quantile","0.99",59.9038503482246
"55",2026-05-02,1,2026-05-09,"wk inc flu hosp","quantile","0.01",0.480784927418768
"55",2026-05-02,1,2026-05-09,"wk inc flu hosp","quantile","0.025",2.01973064749679
"55",2026-05-02,1,2026-05-09,"wk inc flu hosp","quantile","0.05",2.99541359862963
"55",2026-05-02,1,2026-05-09,"wk inc flu hosp","quantile","0.1",5.6985474909791
"55",2026-05-02,1,2026-05-09,"wk inc flu hosp","quantile","0.15",7.35863811245461
"55",2026-05-02,1,2026-05-09,"wk inc flu hosp","quantile","0.2",8.59542865896013
"55",2026-05-02,1,2026-05-09,"wk inc flu hosp","quantile","0.25",9.91285348934384
"55",2026-05-02,1,2026-05-09,"wk inc flu hosp","quantile","0.3",11.1032314191998
"55",2026-05-02,1,2026-05-09,"wk inc flu hosp","quantile","0.35",12.368125368199
"55",2026-05-02,1,2026-05-09,"wk inc flu hosp","quantile","0.4",13.5704547049012
"55",2026-05-02,1,2026-05-09,"wk inc flu hosp","quantile","0.45",14.5707260511395
"55",2026-05-02,1,2026-05-09,"wk inc flu hosp","quantile","0.5",15.5343536678336
"55",2026-05-02,1,2026-05-09,"wk inc flu hosp","quantile","0.55",16.5150247170095
"55",2026-05-02,1,2026-05-09,"wk inc flu hosp","quantile","0.6",17.3656551967579
"55",2026-05-02,1,2026-05-09,"wk inc flu hosp","quantile","0.65",18.4956879042746
"55",2026-05-02,1,2026-05-09,"wk inc flu hosp","quantile","0.7",19.7236649140066
"55",2026-05-02,1,2026-05-09,"wk inc flu hosp","quantile","0.75",21.1442444995687
"55",2026-05-02,1,2026-05-09,"wk inc flu hosp","quantile","0.8",23.4846460778219
"55",2026-05-02,1,2026-05-09,"wk inc flu hosp","quantile","0.85",25.8598702338069
"55",2026-05-02,1,2026-05-09,"wk inc flu hosp","quantile","0.9",28.6977252298775
"55",2026-05-02,1,2026-05-09,"wk inc flu hosp","quantile","0.95",36.774791108147
"55",2026-05-02,1,2026-05-09,"wk inc flu hosp","quantile","0.975",44.9819930823048
"55",2026-05-02,1,2026-05-09,"wk inc flu hosp","quantile","0.99",60.8537448223004
"55",2026-05-02,2,2026-05-16,"wk inc flu hosp","quantile","0.01",0
"55",2026-05-02,2,2026-05-16,"wk inc flu hosp","quantile","0.025",0.189969687678289
"55",2026-05-02,2,2026-05-16,"wk inc flu hosp","quantile","0.05",1.04789421933867
"55",2026-05-02,2,2026-05-16,"wk inc flu hosp","quantile","0.1",3.30347196533602
"55",2026-05-02,2,2026-05-16,"wk inc flu hosp","quantile","0.15",5.02345219674317
"55",2026-05-02,2,2026-05-16,"wk inc flu hosp","quantile","0.2",5.92537983721673
"55",2026-05-02,2,2026-05-16,"wk inc flu hosp","quantile","0.25",7.50020198648715
"55",2026-05-02,2,2026-05-16,"wk inc flu hosp","quantile","0.3",8.31840467079559
"55",2026-05-02,2,2026-05-16,"wk inc flu hosp","quantile","0.35",9.492867060344
"55",2026-05-02,2,2026-05-16,"wk inc flu hosp","quantile","0.4",10.5685284886695
"55",2026-05-02,2,2026-05-16,"wk inc flu hosp","quantile","0.45",11.6487167699105
"55",2026-05-02,2,2026-05-16,"wk inc flu hosp","quantile","0.5",12.7758964337656
"55",2026-05-02,2,2026-05-16,"wk inc flu hosp","quantile","0.55",14.0455485896592
"55",2026-05-02,2,2026-05-16,"wk inc flu hosp","quantile","0.6",15.0866336441614
"55",2026-05-02,2,2026-05-16,"wk inc flu hosp","quantile","0.65",16.4198705694484
"55",2026-05-02,2,2026-05-16,"wk inc flu hosp","quantile","0.7",17.9174340277024
"55",2026-05-02,2,2026-05-16,"wk inc flu hosp","quantile","0.75",19.6711810831159
"55",2026-05-02,2,2026-05-16,"wk inc flu hosp","quantile","0.8",21.6901765888278
"55",2026-05-02,2,2026-05-16,"wk inc flu hosp","quantile","0.85",24.9004420418867
"55",2026-05-02,2,2026-05-16,"wk inc flu hosp","quantile","0.9",28.9755851461991
"55",2026-05-02,2,2026-05-16,"wk inc flu hosp","quantile","0.95",35.6545324580471
"55",2026-05-02,2,2026-05-16,"wk inc flu hosp","quantile","0.975",43.1705744747922
"55",2026-05-02,2,2026-05-16,"wk inc flu hosp","quantile","0.99",61.7466085654407
"55",2026-05-02,3,2026-05-23,"wk inc flu hosp","quantile","0.01",0
"55",2026-05-02,3,2026-05-23,"wk inc flu hosp","quantile","0.025",0
"55",2026-05-02,3,2026-05-23,"wk inc flu hosp","quantile","0.05",0.170061343299546
"55",2026-05-02,3,2026-05-23,"wk inc flu hosp","quantile","0.1",1.35783645562201
"55",2026-05-02,3,2026-05-23,"wk inc flu hosp","quantile","0.15",2.88928924732886
"55",2026-05-02,3,2026-05-23,"wk inc flu hosp","quantile","0.2",4.14646276359958
"55",2026-05-02,3,2026-05-23,"wk inc flu hosp","quantile","0.25",5.41051765415433
"55",2026-05-02,3,2026-05-23,"wk inc flu hosp","quantile","0.3",6.49490921857271
"55",2026-05-02,3,2026-05-23,"wk inc flu hosp","quantile","0.35",7.76834261466001
"55",2026-05-02,3,2026-05-23,"wk inc flu hosp","quantile","0.4",8.76046351249802
"55",2026-05-02,3,2026-05-23,"wk inc flu hosp","quantile","0.45",10.0217815504344
"55",2026-05-02,3,2026-05-23,"wk inc flu hosp","quantile","0.5",11.1013122564796
"55",2026-05-02,3,2026-05-23,"wk inc flu hosp","quantile","0.55",12.3037589413015
"55",2026-05-02,3,2026-05-23,"wk inc flu hosp","quantile","0.6",13.6799746222399
"55",2026-05-02,3,2026-05-23,"wk inc flu hosp","quantile","0.65",14.8750636425928
"55",2026-05-02,3,2026-05-23,"wk inc flu hosp","quantile","0.7",16.7939877642812
"55",2026-05-02,3,2026-05-23,"wk inc flu hosp","quantile","0.75",18.9852957239621
"55",2026-05-02,3,2026-05-23,"wk inc flu hosp","quantile","0.8",20.6500166165913
"55",2026-05-02,3,2026-05-23,"wk inc flu hosp","quantile","0.85",23.8276085993596
"55",2026-05-02,3,2026-05-23,"wk inc flu hosp","quantile","0.9",28.2115611202092
"55",2026-05-02,3,2026-05-23,"wk inc flu hosp","quantile","0.95",35.9059208513169
"55",2026-05-02,3,2026-05-23,"wk inc flu hosp","quantile","0.975",46.2587584830533
"55",2026-05-02,3,2026-05-23,"wk inc flu hosp","quantile","0.99",62.9389405169726
"56",2026-05-02,0,2026-05-02,"wk inc flu hosp","quantile","0.01",0
"56",2026-05-02,0,2026-05-02,"wk inc flu hosp","quantile","0.025",0
"56",2026-05-02,0,2026-05-02,"wk inc flu hosp","quantile","0.05",0
"56",2026-05-02,0,2026-05-02,"wk inc flu hosp","quantile","0.1",0
"56",2026-05-02,0,2026-05-02,"wk inc flu hosp","quantile","0.15",0
"56",2026-05-02,0,2026-05-02,"wk inc flu hosp","quantile","0.2",0
"56",2026-05-02,0,2026-05-02,"wk inc flu hosp","quantile","0.25",0.0594143125870461
"56",2026-05-02,0,2026-05-02,"wk inc flu hosp","quantile","0.3",0.154195504177759
"56",2026-05-02,0,2026-05-02,"wk inc flu hosp","quantile","0.35",0.226178414151319
"56",2026-05-02,0,2026-05-02,"wk inc flu hosp","quantile","0.4",0.35554134515069
"56",2026-05-02,0,2026-05-02,"wk inc flu hosp","quantile","0.45",0.490004003731447
"56",2026-05-02,0,2026-05-02,"wk inc flu hosp","quantile","0.5",0.617457212611064
"56",2026-05-02,0,2026-05-02,"wk inc flu hosp","quantile","0.55",0.786567130531556
"56",2026-05-02,0,2026-05-02,"wk inc flu hosp","quantile","0.6",0.994609350743778
"56",2026-05-02,0,2026-05-02,"wk inc flu hosp","quantile","0.65",1.22415907129394
"56",2026-05-02,0,2026-05-02,"wk inc flu hosp","quantile","0.7",1.53134431261143
"56",2026-05-02,0,2026-05-02,"wk inc flu hosp","quantile","0.75",1.86218142166951
"56",2026-05-02,0,2026-05-02,"wk inc flu hosp","quantile","0.8",2.31075463381023
"56",2026-05-02,0,2026-05-02,"wk inc flu hosp","quantile","0.85",2.68836080342165
"56",2026-05-02,0,2026-05-02,"wk inc flu hosp","quantile","0.9",3.16461912837703
"56",2026-05-02,0,2026-05-02,"wk inc flu hosp","quantile","0.95",4.08695133980245
"56",2026-05-02,0,2026-05-02,"wk inc flu hosp","quantile","0.975",5.02465099349779
"56",2026-05-02,0,2026-05-02,"wk inc flu hosp","quantile","0.99",6.41198423682613
"56",2026-05-02,1,2026-05-09,"wk inc flu hosp","quantile","0.01",0
"56",2026-05-02,1,2026-05-09,"wk inc flu hosp","quantile","0.025",0
"56",2026-05-02,1,2026-05-09,"wk inc flu hosp","quantile","0.05",0
"56",2026-05-02,1,2026-05-09,"wk inc flu hosp","quantile","0.1",0
"56",2026-05-02,1,2026-05-09,"wk inc flu hosp","quantile","0.15",0
"56",2026-05-02,1,2026-05-09,"wk inc flu hosp","quantile","0.2",0
"56",2026-05-02,1,2026-05-09,"wk inc flu hosp","quantile","0.25",0.014859133742335
"56",2026-05-02,1,2026-05-09,"wk inc flu hosp","quantile","0.3",0.117538345218265
"56",2026-05-02,1,2026-05-09,"wk inc flu hosp","quantile","0.35",0.213171348328071
"56",2026-05-02,1,2026-05-09,"wk inc flu hosp","quantile","0.4",0.329071177881451
"56",2026-05-02,1,2026-05-09,"wk inc flu hosp","quantile","0.45",0.460307778009768
"56",2026-05-02,1,2026-05-09,"wk inc flu hosp","quantile","0.5",0.598092618928952
"56",2026-05-02,1,2026-05-09,"wk inc flu hosp","quantile","0.55",0.7602007469994
"56",2026-05-02,1,2026-05-09,"wk inc flu hosp","quantile","0.6",0.989443221029341
"56",2026-05-02,1,2026-05-09,"wk inc flu hosp","quantile","0.65",1.23020899194002
"56",2026-05-02,1,2026-05-09,"wk inc flu hosp","quantile","0.7",1.56605042621111
"56",2026-05-02,1,2026-05-09,"wk inc flu hosp","quantile","0.75",1.90650960126126
"56",2026-05-02,1,2026-05-09,"wk inc flu hosp","quantile","0.8",2.35432058826998
"56",2026-05-02,1,2026-05-09,"wk inc flu hosp","quantile","0.85",2.81228634306716
"56",2026-05-02,1,2026-05-09,"wk inc flu hosp","quantile","0.9",3.24700491156462
"56",2026-05-02,1,2026-05-09,"wk inc flu hosp","quantile","0.95",4.22783102267714
"56",2026-05-02,1,2026-05-09,"wk inc flu hosp","quantile","0.975",5.50516820240813
"56",2026-05-02,1,2026-05-09,"wk inc flu hosp","quantile","0.99",7.63526774767155
"56",2026-05-02,2,2026-05-16,"wk inc flu hosp","quantile","0.01",0
"56",2026-05-02,2,2026-05-16,"wk inc flu hosp","quantile","0.025",0
"56",2026-05-02,2,2026-05-16,"wk inc flu hosp","quantile","0.05",0
"56",2026-05-02,2,2026-05-16,"wk inc flu hosp","quantile","0.1",0
"56",2026-05-02,2,2026-05-16,"wk inc flu hosp","quantile","0.15",0
"56",2026-05-02,2,2026-05-16,"wk inc flu hosp","quantile","0.2",0
"56",2026-05-02,2,2026-05-16,"wk inc flu hosp","quantile","0.25",0.00511236642134448
"56",2026-05-02,2,2026-05-16,"wk inc flu hosp","quantile","0.3",0.1089101183444
"56",2026-05-02,2,2026-05-16,"wk inc flu hosp","quantile","0.35",0.216478028575599
"56",2026-05-02,2,2026-05-16,"wk inc flu hosp","quantile","0.4",0.311703418833996
"56",2026-05-02,2,2026-05-16,"wk inc flu hosp","quantile","0.45",0.410975764481871
"56",2026-05-02,2,2026-05-16,"wk inc flu hosp","quantile","0.5",0.549770922719017
"56",2026-05-02,2,2026-05-16,"wk inc flu hosp","quantile","0.55",0.706984426693031
"56",2026-05-02,2,2026-05-16,"wk inc flu hosp","quantile","0.6",0.93221359973628
"56",2026-05-02,2,2026-05-16,"wk inc flu hosp","quantile","0.65",1.14504900856068
"56",2026-05-02,2,2026-05-16,"wk inc flu hosp","quantile","0.7",1.48032098698793
"56",2026-05-02,2,2026-05-16,"wk inc flu hosp","quantile","0.75",1.87208005654826
"56",2026-05-02,2,2026-05-16,"wk inc flu hosp","quantile","0.8",2.33883430924537
"56",2026-05-02,2,2026-05-16,"wk inc flu hosp","quantile","0.85",2.9973554506935
"56",2026-05-02,2,2026-05-16,"wk inc flu hosp","quantile","0.9",3.70688729456093
"56",2026-05-02,2,2026-05-16,"wk inc flu hosp","quantile","0.95",4.74429460265589
"56",2026-05-02,2,2026-05-16,"wk inc flu hosp","quantile","0.975",6.25049876072178
"56",2026-05-02,2,2026-05-16,"wk inc flu hosp","quantile","0.99",10.2181073902988
"56",2026-05-02,3,2026-05-23,"wk inc flu hosp","quantile","0.01",0
"56",2026-05-02,3,2026-05-23,"wk inc flu hosp","quantile","0.025",0
"56",2026-05-02,3,2026-05-23,"wk inc flu hosp","quantile","0.05",0
"56",2026-05-02,3,2026-05-23,"wk inc flu hosp","quantile","0.1",0
"56",2026-05-02,3,2026-05-23,"wk inc flu hosp","quantile","0.15",0
"56",2026-05-02,3,2026-05-23,"wk inc flu hosp","quantile","0.2",0
"56",2026-05-02,3,2026-05-23,"wk inc flu hosp","quantile","0.25",0
"56",2026-05-02,3,2026-05-23,"wk inc flu hosp","quantile","0.3",0.0719365812891013
"56",2026-05-02,3,2026-05-23,"wk inc flu hosp","quantile","0.35",0.167512731577637
"56",2026-05-02,3,2026-05-23,"wk inc flu hosp","quantile","0.4",0.273660264042605
"56",2026-05-02,3,2026-05-23,"wk inc flu hosp","quantile","0.45",0.374642813405958
"56",2026-05-02,3,2026-05-23,"wk inc flu hosp","quantile","0.5",0.503975886385879
"56",2026-05-02,3,2026-05-23,"wk inc flu hosp","quantile","0.55",0.660295156830821
"56",2026-05-02,3,2026-05-23,"wk inc flu hosp","quantile","0.6",0.871793615705246
"56",2026-05-02,3,2026-05-23,"wk inc flu hosp","quantile","0.65",1.11047200643895
"56",2026-05-02,3,2026-05-23,"wk inc flu hosp","quantile","0.7",1.45732405846305
"56",2026-05-02,3,2026-05-23,"wk inc flu hosp","quantile","0.75",1.90282263365298
"56",2026-05-02,3,2026-05-23,"wk inc flu hosp","quantile","0.8",2.38176342319018
"56",2026-05-02,3,2026-05-23,"wk inc flu hosp","quantile","0.85",3.03137331819883
"56",2026-05-02,3,2026-05-23,"wk inc flu hosp","quantile","0.9",3.89700696962504
"56",2026-05-02,3,2026-05-23,"wk inc flu hosp","quantile","0.95",6.00163814890618
"56",2026-05-02,3,2026-05-23,"wk inc flu hosp","quantile","0.975",7.87578584818476
"56",2026-05-02,3,2026-05-23,"wk inc flu hosp","quantile","0.99",12.4075282014228
"72",2026-05-02,0,2026-05-02,"wk inc flu hosp","quantile","0.01",23.0705237502653
"72",2026-05-02,0,2026-05-02,"wk inc flu hosp","quantile","0.025",30.2657912246353
"72",2026-05-02,0,2026-05-02,"wk inc flu hosp","quantile","0.05",35.7465990201495
"72",2026-05-02,0,2026-05-02,"wk inc flu hosp","quantile","0.1",40.9326886884811
"72",2026-05-02,0,2026-05-02,"wk inc flu hosp","quantile","0.15",44.5268480381933
"72",2026-05-02,0,2026-05-02,"wk inc flu hosp","quantile","0.2",48.1602804663833
"72",2026-05-02,0,2026-05-02,"wk inc flu hosp","quantile","0.25",49.7403977125238
"72",2026-05-02,0,2026-05-02,"wk inc flu hosp","quantile","0.3",52.329981003523
"72",2026-05-02,0,2026-05-02,"wk inc flu hosp","quantile","0.35",55.1186194194279
"72",2026-05-02,0,2026-05-02,"wk inc flu hosp","quantile","0.4",57.5356133684622
"72",2026-05-02,0,2026-05-02,"wk inc flu hosp","quantile","0.45",59.5312375116831
"72",2026-05-02,0,2026-05-02,"wk inc flu hosp","quantile","0.5",61.9504075431725
"72",2026-05-02,0,2026-05-02,"wk inc flu hosp","quantile","0.55",64.5899352851472
"72",2026-05-02,0,2026-05-02,"wk inc flu hosp","quantile","0.6",67.1515866746794
"72",2026-05-02,0,2026-05-02,"wk inc flu hosp","quantile","0.65",69.5443108358368
"72",2026-05-02,0,2026-05-02,"wk inc flu hosp","quantile","0.7",72.7819621290551
"72",2026-05-02,0,2026-05-02,"wk inc flu hosp","quantile","0.75",76.6262451968791
"72",2026-05-02,0,2026-05-02,"wk inc flu hosp","quantile","0.8",80.631374934726
"72",2026-05-02,0,2026-05-02,"wk inc flu hosp","quantile","0.85",86.7835718428908
"72",2026-05-02,0,2026-05-02,"wk inc flu hosp","quantile","0.9",94.8058020158233
"72",2026-05-02,0,2026-05-02,"wk inc flu hosp","quantile","0.95",106.807513631602
"72",2026-05-02,0,2026-05-02,"wk inc flu hosp","quantile","0.975",120.530625118436
"72",2026-05-02,0,2026-05-02,"wk inc flu hosp","quantile","0.99",144.417100622862
"72",2026-05-02,1,2026-05-09,"wk inc flu hosp","quantile","0.01",19.4957375851779
"72",2026-05-02,1,2026-05-09,"wk inc flu hosp","quantile","0.025",24.1121588600389
"72",2026-05-02,1,2026-05-09,"wk inc flu hosp","quantile","0.05",27.633742445434
"72",2026-05-02,1,2026-05-09,"wk inc flu hosp","quantile","0.1",32.0452873555141
"72",2026-05-02,1,2026-05-09,"wk inc flu hosp","quantile","0.15",36.8964184542257
"72",2026-05-02,1,2026-05-09,"wk inc flu hosp","quantile","0.2",40.6983083620506
"72",2026-05-02,1,2026-05-09,"wk inc flu hosp","quantile","0.25",43.5448089409716
"72",2026-05-02,1,2026-05-09,"wk inc flu hosp","quantile","0.3",46.5292755226958
"72",2026-05-02,1,2026-05-09,"wk inc flu hosp","quantile","0.35",49.8460621017104
"72",2026-05-02,1,2026-05-09,"wk inc flu hosp","quantile","0.4",52.1416438936291
"72",2026-05-02,1,2026-05-09,"wk inc flu hosp","quantile","0.45",54.5001184484106
"72",2026-05-02,1,2026-05-09,"wk inc flu hosp","quantile","0.5",57.2291636444375
"72",2026-05-02,1,2026-05-09,"wk inc flu hosp","quantile","0.55",59.9364795718594
"72",2026-05-02,1,2026-05-09,"wk inc flu hosp","quantile","0.6",63.07640374649
"72",2026-05-02,1,2026-05-09,"wk inc flu hosp","quantile","0.65",66.0640002024648
"72",2026-05-02,1,2026-05-09,"wk inc flu hosp","quantile","0.7",71.2674899756361
"72",2026-05-02,1,2026-05-09,"wk inc flu hosp","quantile","0.75",76.4239427371778
"72",2026-05-02,1,2026-05-09,"wk inc flu hosp","quantile","0.8",81.6168926956798
"72",2026-05-02,1,2026-05-09,"wk inc flu hosp","quantile","0.85",89.0472028398144
"72",2026-05-02,1,2026-05-09,"wk inc flu hosp","quantile","0.9",98.1545401481174
"72",2026-05-02,1,2026-05-09,"wk inc flu hosp","quantile","0.95",112.080933368727
"72",2026-05-02,1,2026-05-09,"wk inc flu hosp","quantile","0.975",127.174555544874
"72",2026-05-02,1,2026-05-09,"wk inc flu hosp","quantile","0.99",156.525361075137
"72",2026-05-02,2,2026-05-16,"wk inc flu hosp","quantile","0.01",14.5154106589998
"72",2026-05-02,2,2026-05-16,"wk inc flu hosp","quantile","0.025",18.4506822139239
"72",2026-05-02,2,2026-05-16,"wk inc flu hosp","quantile","0.05",21.4899823323578
"72",2026-05-02,2,2026-05-16,"wk inc flu hosp","quantile","0.1",25.1342725475276
"72",2026-05-02,2,2026-05-16,"wk inc flu hosp","quantile","0.15",29.8597856335637
"72",2026-05-02,2,2026-05-16,"wk inc flu hosp","quantile","0.2",33.660884960272
"72",2026-05-02,2,2026-05-16,"wk inc flu hosp","quantile","0.25",36.7255630884782
"72",2026-05-02,2,2026-05-16,"wk inc flu hosp","quantile","0.3",39.2715012911991
"72",2026-05-02,2,2026-05-16,"wk inc flu hosp","quantile","0.35",42.3684006631751
"72",2026-05-02,2,2026-05-16,"wk inc flu hosp","quantile","0.4",45.6535629038362
"72",2026-05-02,2,2026-05-16,"wk inc flu hosp","quantile","0.45",48.5397894156306
"72",2026-05-02,2,2026-05-16,"wk inc flu hosp","quantile","0.5",51.4677388172162
"72",2026-05-02,2,2026-05-16,"wk inc flu hosp","quantile","0.55",54.3533429274956
"72",2026-05-02,2,2026-05-16,"wk inc flu hosp","quantile","0.6",57.3380154865753
"72",2026-05-02,2,2026-05-16,"wk inc flu hosp","quantile","0.65",61.1358835512368
"72",2026-05-02,2,2026-05-16,"wk inc flu hosp","quantile","0.7",65.5992340593739
"72",2026-05-02,2,2026-05-16,"wk inc flu hosp","quantile","0.75",70.9043110613952
"72",2026-05-02,2,2026-05-16,"wk inc flu hosp","quantile","0.8",75.9926168806693
"72",2026-05-02,2,2026-05-16,"wk inc flu hosp","quantile","0.85",84.6787981876649
"72",2026-05-02,2,2026-05-16,"wk inc flu hosp","quantile","0.9",94.3372511215753
"72",2026-05-02,2,2026-05-16,"wk inc flu hosp","quantile","0.95",113.00439515163
"72",2026-05-02,2,2026-05-16,"wk inc flu hosp","quantile","0.975",132.562478836025
"72",2026-05-02,2,2026-05-16,"wk inc flu hosp","quantile","0.99",153.247800012714
"72",2026-05-02,3,2026-05-23,"wk inc flu hosp","quantile","0.01",12.5133226678698
"72",2026-05-02,3,2026-05-23,"wk inc flu hosp","quantile","0.025",14.7641775973938
"72",2026-05-02,3,2026-05-23,"wk inc flu hosp","quantile","0.05",17.25309547583
"72",2026-05-02,3,2026-05-23,"wk inc flu hosp","quantile","0.1",21.5768171701226
"72",2026-05-02,3,2026-05-23,"wk inc flu hosp","quantile","0.15",25.7881320951887
"72",2026-05-02,3,2026-05-23,"wk inc flu hosp","quantile","0.2",29.5705240087223
"72",2026-05-02,3,2026-05-23,"wk inc flu hosp","quantile","0.25",32.1988112018886
"72",2026-05-02,3,2026-05-23,"wk inc flu hosp","quantile","0.3",34.9224644406717
"72",2026-05-02,3,2026-05-23,"wk inc flu hosp","quantile","0.35",37.8073450342416
"72",2026-05-02,3,2026-05-23,"wk inc flu hosp","quantile","0.4",41.2686630708245
"72",2026-05-02,3,2026-05-23,"wk inc flu hosp","quantile","0.45",43.6082324283003
"72",2026-05-02,3,2026-05-23,"wk inc flu hosp","quantile","0.5",46.7731212707877
"72",2026-05-02,3,2026-05-23,"wk inc flu hosp","quantile","0.55",49.9484806542082
"72",2026-05-02,3,2026-05-23,"wk inc flu hosp","quantile","0.6",54.3447758137194
"72",2026-05-02,3,2026-05-23,"wk inc flu hosp","quantile","0.65",58.079242189389
"72",2026-05-02,3,2026-05-23,"wk inc flu hosp","quantile","0.7",62.6943746581175
"72",2026-05-02,3,2026-05-23,"wk inc flu hosp","quantile","0.75",67.9795602174372
"72",2026-05-02,3,2026-05-23,"wk inc flu hosp","quantile","0.8",73.8194375426607
"72",2026-05-02,3,2026-05-23,"wk inc flu hosp","quantile","0.85",83.953196534662
"72",2026-05-02,3,2026-05-23,"wk inc flu hosp","quantile","0.9",95.4024740180396
"72",2026-05-02,3,2026-05-23,"wk inc flu hosp","quantile","0.95",115.74313532111
"72",2026-05-02,3,2026-05-23,"wk inc flu hosp","quantile","0.975",133.177077613702
"72",2026-05-02,3,2026-05-23,"wk inc flu hosp","quantile","0.99",167.351059590885
"US",2026-05-02,0,2026-05-02,"wk inc flu hosp","quantile","0.01",871.701776540261
"US",2026-05-02,0,2026-05-02,"wk inc flu hosp","quantile","0.025",1021.19040998767
"US",2026-05-02,0,2026-05-02,"wk inc flu hosp","quantile","0.05",1093.57595951681
"US",2026-05-02,0,2026-05-02,"wk inc flu hosp","quantile","0.1",1155.99570919475
"US",2026-05-02,0,2026-05-02,"wk inc flu hosp","quantile","0.15",1208.6376169931
"US",2026-05-02,0,2026-05-02,"wk inc flu hosp","quantile","0.2",1258.66389392373
"US",2026-05-02,0,2026-05-02,"wk inc flu hosp","quantile","0.25",1301.02781279902
"US",2026-05-02,0,2026-05-02,"wk inc flu hosp","quantile","0.3",1339.91330286182
"US",2026-05-02,0,2026-05-02,"wk inc flu hosp","quantile","0.35",1383.79546137398
"US",2026-05-02,0,2026-05-02,"wk inc flu hosp","quantile","0.4",1415.49703209594
"US",2026-05-02,0,2026-05-02,"wk inc flu hosp","quantile","0.45",1435.15968394162
"US",2026-05-02,0,2026-05-02,"wk inc flu hosp","quantile","0.5",1456.41282583974
"US",2026-05-02,0,2026-05-02,"wk inc flu hosp","quantile","0.55",1489.47671783554
"US",2026-05-02,0,2026-05-02,"wk inc flu hosp","quantile","0.6",1511.24331531182
"US",2026-05-02,0,2026-05-02,"wk inc flu hosp","quantile","0.65",1532.82610480024
"US",2026-05-02,0,2026-05-02,"wk inc flu hosp","quantile","0.7",1555.44960479716
"US",2026-05-02,0,2026-05-02,"wk inc flu hosp","quantile","0.75",1604.13368561251
"US",2026-05-02,0,2026-05-02,"wk inc flu hosp","quantile","0.8",1634.53223831484
"US",2026-05-02,0,2026-05-02,"wk inc flu hosp","quantile","0.85",1684.18490539619
"US",2026-05-02,0,2026-05-02,"wk inc flu hosp","quantile","0.9",1757.55668243345
"US",2026-05-02,0,2026-05-02,"wk inc flu hosp","quantile","0.95",1880.41894111662
"US",2026-05-02,0,2026-05-02,"wk inc flu hosp","quantile","0.975",1984.51377116741
"US",2026-05-02,0,2026-05-02,"wk inc flu hosp","quantile","0.99",2349.8694448639
"US",2026-05-02,1,2026-05-09,"wk inc flu hosp","quantile","0.01",700.919080117878
"US",2026-05-02,1,2026-05-09,"wk inc flu hosp","quantile","0.025",868.467872457827
"US",2026-05-02,1,2026-05-09,"wk inc flu hosp","quantile","0.05",945.436006126859
"US",2026-05-02,1,2026-05-09,"wk inc flu hosp","quantile","0.1",1018.94608239854
"US",2026-05-02,1,2026-05-09,"wk inc flu hosp","quantile","0.15",1078.02793264479
"US",2026-05-02,1,2026-05-09,"wk inc flu hosp","quantile","0.2",1125.57750086746
"US",2026-05-02,1,2026-05-09,"wk inc flu hosp","quantile","0.25",1164.07798760764
"US",2026-05-02,1,2026-05-09,"wk inc flu hosp","quantile","0.3",1201.92079728973
"US",2026-05-02,1,2026-05-09,"wk inc flu hosp","quantile","0.35",1229.92461158287
"US",2026-05-02,1,2026-05-09,"wk inc flu hosp","quantile","0.4",1260.41756732471
"US",2026-05-02,1,2026-05-09,"wk inc flu hosp","quantile","0.45",1294.61503938876
"US",2026-05-02,1,2026-05-09,"wk inc flu hosp","quantile","0.5",1321.64226793129
"US",2026-05-02,1,2026-05-09,"wk inc flu hosp","quantile","0.55",1367.16511671565
"US",2026-05-02,1,2026-05-09,"wk inc flu hosp","quantile","0.6",1387.57355630216
"US",2026-05-02,1,2026-05-09,"wk inc flu hosp","quantile","0.65",1423.91499352837
"US",2026-05-02,1,2026-05-09,"wk inc flu hosp","quantile","0.7",1470.02260537132
"US",2026-05-02,1,2026-05-09,"wk inc flu hosp","quantile","0.75",1521.06312911795
"US",2026-05-02,1,2026-05-09,"wk inc flu hosp","quantile","0.8",1581.6023493752
"US",2026-05-02,1,2026-05-09,"wk inc flu hosp","quantile","0.85",1639.30099557118
"US",2026-05-02,1,2026-05-09,"wk inc flu hosp","quantile","0.9",1742.5211171775
"US",2026-05-02,1,2026-05-09,"wk inc flu hosp","quantile","0.95",1941.04931350697
"US",2026-05-02,1,2026-05-09,"wk inc flu hosp","quantile","0.975",2099.7494217877
"US",2026-05-02,1,2026-05-09,"wk inc flu hosp","quantile","0.99",2457.25708844532
"US",2026-05-02,2,2026-05-16,"wk inc flu hosp","quantile","0.01",618.638883751204
"US",2026-05-02,2,2026-05-16,"wk inc flu hosp","quantile","0.025",751.856105641211
"US",2026-05-02,2,2026-05-16,"wk inc flu hosp","quantile","0.05",826.542523553028
"US",2026-05-02,2,2026-05-16,"wk inc flu hosp","quantile","0.1",921.876318206424
"US",2026-05-02,2,2026-05-16,"wk inc flu hosp","quantile","0.15",997.574543301608
"US",2026-05-02,2,2026-05-16,"wk inc flu hosp","quantile","0.2",1033.06412993122
"US",2026-05-02,2,2026-05-16,"wk inc flu hosp","quantile","0.25",1065.31909097332
"US",2026-05-02,2,2026-05-16,"wk inc flu hosp","quantile","0.3",1098.3933055309
"US",2026-05-02,2,2026-05-16,"wk inc flu hosp","quantile","0.35",1140.24707961791
"US",2026-05-02,2,2026-05-16,"wk inc flu hosp","quantile","0.4",1161.59327087841
"US",2026-05-02,2,2026-05-16,"wk inc flu hosp","quantile","0.45",1190.03854737623
"US",2026-05-02,2,2026-05-16,"wk inc flu hosp","quantile","0.5",1217.99553220268
"US",2026-05-02,2,2026-05-16,"wk inc flu hosp","quantile","0.55",1252.55136075457
"US",2026-05-02,2,2026-05-16,"wk inc flu hosp","quantile","0.6",1285.70319219352
"US",2026-05-02,2,2026-05-16,"wk inc flu hosp","quantile","0.65",1340.05256485776
"US",2026-05-02,2,2026-05-16,"wk inc flu hosp","quantile","0.7",1402.91095110839
"US",2026-05-02,2,2026-05-16,"wk inc flu hosp","quantile","0.75",1455.56046006887
"US",2026-05-02,2,2026-05-16,"wk inc flu hosp","quantile","0.8",1520.76051906547
"US",2026-05-02,2,2026-05-16,"wk inc flu hosp","quantile","0.85",1608.59707228888
"US",2026-05-02,2,2026-05-16,"wk inc flu hosp","quantile","0.9",1725.85971681337
"US",2026-05-02,2,2026-05-16,"wk inc flu hosp","quantile","0.95",1927.08129507928
"US",2026-05-02,2,2026-05-16,"wk inc flu hosp","quantile","0.975",2095.76395566894
"US",2026-05-02,2,2026-05-16,"wk inc flu hosp","quantile","0.99",2511.337720917
"US",2026-05-02,3,2026-05-23,"wk inc flu hosp","quantile","0.01",534.864960577384
"US",2026-05-02,3,2026-05-23,"wk inc flu hosp","quantile","0.025",653.549917390184
"US",2026-05-02,3,2026-05-23,"wk inc flu hosp","quantile","0.05",726.387570200145
"US",2026-05-02,3,2026-05-23,"wk inc flu hosp","quantile","0.1",832.516906055501
"US",2026-05-02,3,2026-05-23,"wk inc flu hosp","quantile","0.15",900.001392152054
"US",2026-05-02,3,2026-05-23,"wk inc flu hosp","quantile","0.2",950.413295707337
"US",2026-05-02,3,2026-05-23,"wk inc flu hosp","quantile","0.25",980.337438109507
"US",2026-05-02,3,2026-05-23,"wk inc flu hosp","quantile","0.3",1016.09249214707
"US",2026-05-02,3,2026-05-23,"wk inc flu hosp","quantile","0.35",1052.30560592647
"US",2026-05-02,3,2026-05-23,"wk inc flu hosp","quantile","0.4",1087.25228699344
"US",2026-05-02,3,2026-05-23,"wk inc flu hosp","quantile","0.45",1117.14859156142
"US",2026-05-02,3,2026-05-23,"wk inc flu hosp","quantile","0.5",1147.83203770892
"US",2026-05-02,3,2026-05-23,"wk inc flu hosp","quantile","0.55",1191.74809368276
"US",2026-05-02,3,2026-05-23,"wk inc flu hosp","quantile","0.6",1227.34224669748
"US",2026-05-02,3,2026-05-23,"wk inc flu hosp","quantile","0.65",1278.05862531664
"US",2026-05-02,3,2026-05-23,"wk inc flu hosp","quantile","0.7",1347.66232825459
"US",2026-05-02,3,2026-05-23,"wk inc flu hosp","quantile","0.75",1416.43940113684
"US",2026-05-02,3,2026-05-23,"wk inc flu hosp","quantile","0.8",1503.83573863778
"US",2026-05-02,3,2026-05-23,"wk inc flu hosp","quantile","0.85",1601.98870973256
"US",2026-05-02,3,2026-05-23,"wk inc flu hosp","quantile","0.9",1721.23056750921
"US",2026-05-02,3,2026-05-23,"wk inc flu hosp","quantile","0.95",1953.95263047881
"US",2026-05-02,3,2026-05-23,"wk inc flu hosp","quantile","0.975",2142.53430367051
"US",2026-05-02,3,2026-05-23,"wk inc flu hosp","quantile","0.99",2591.0116591198
