reference_date,target,horizon,target_end_date,location,output_type,output_type_id,value
2026-05-09,peak inc flu hosp,NA,NA,01,quantile,0.01,501.0
2026-05-09,peak inc flu hosp,NA,NA,01,quantile,0.025,501.0
2026-05-09,peak inc flu hosp,NA,NA,01,quantile,0.05,501.0
2026-05-09,peak inc flu hosp,NA,NA,01,quantile,0.1,501.0
2026-05-09,peak inc flu hosp,NA,NA,01,quantile,0.15,501.0
2026-05-09,peak inc flu hosp,NA,NA,01,quantile,0.2,501.0
2026-05-09,peak inc flu hosp,NA,NA,01,quantile,0.25,501.0
2026-05-09,peak inc flu hosp,NA,NA,01,quantile,0.3,501.0
2026-05-09,peak inc flu hosp,NA,NA,01,quantile,0.35,501.0
2026-05-09,peak inc flu hosp,NA,NA,01,quantile,0.4,501.0
2026-05-09,peak inc flu hosp,NA,NA,01,quantile,0.45,501.0
2026-05-09,peak inc flu hosp,NA,NA,01,quantile,0.5,502.0
2026-05-09,peak inc flu hosp,NA,NA,01,quantile,0.55,503.0
2026-05-09,peak inc flu hosp,NA,NA,01,quantile,0.6,505.0
2026-05-09,peak inc flu hosp,NA,NA,01,quantile,0.65,507.0
2026-05-09,peak inc flu hosp,NA,NA,01,quantile,0.7,509.0
2026-05-09,peak inc flu hosp,NA,NA,01,quantile,0.75,511.0
2026-05-09,peak inc flu hosp,NA,NA,01,quantile,0.8,513.0
2026-05-09,peak inc flu hosp,NA,NA,01,quantile,0.85,518.0
2026-05-09,peak inc flu hosp,NA,NA,01,quantile,0.9,538.0
2026-05-09,peak inc flu hosp,NA,NA,01,quantile,0.95,715.0
2026-05-09,peak inc flu hosp,NA,NA,01,quantile,0.975,1471.0
2026-05-09,peak inc flu hosp,NA,NA,01,quantile,0.99,1995.0
2026-05-09,peak inc flu hosp,NA,NA,02,quantile,0.01,86.0
2026-05-09,peak inc flu hosp,NA,NA,02,quantile,0.025,86.0
2026-05-09,peak inc flu hosp,NA,NA,02,quantile,0.05,86.0
2026-05-09,peak inc flu hosp,NA,NA,02,quantile,0.1,86.0
2026-05-09,peak inc flu hosp,NA,NA,02,quantile,0.15,86.0
2026-05-09,peak inc flu hosp,NA,NA,02,quantile,0.2,86.0
2026-05-09,peak inc flu hosp,NA,NA,02,quantile,0.25,86.0
2026-05-09,peak inc flu hosp,NA,NA,02,quantile,0.3,86.0
2026-05-09,peak inc flu hosp,NA,NA,02,quantile,0.35,86.0
2026-05-09,peak inc flu hosp,NA,NA,02,quantile,0.4,86.0
2026-05-09,peak inc flu hosp,NA,NA,02,quantile,0.45,86.0
2026-05-09,peak inc flu hosp,NA,NA,02,quantile,0.5,86.0
2026-05-09,peak inc flu hosp,NA,NA,02,quantile,0.55,86.0
2026-05-09,peak inc flu hosp,NA,NA,02,quantile,0.6,87.0
2026-05-09,peak inc flu hosp,NA,NA,02,quantile,0.65,87.0
2026-05-09,peak inc flu hosp,NA,NA,02,quantile,0.7,87.0
2026-05-09,peak inc flu hosp,NA,NA,02,quantile,0.75,88.0
2026-05-09,peak inc flu hosp,NA,NA,02,quantile,0.8,88.0
2026-05-09,peak inc flu hosp,NA,NA,02,quantile,0.85,89.0
2026-05-09,peak inc flu hosp,NA,NA,02,quantile,0.9,96.0
2026-05-09,peak inc flu hosp,NA,NA,02,quantile,0.95,155.0
2026-05-09,peak inc flu hosp,NA,NA,02,quantile,0.975,277.0
2026-05-09,peak inc flu hosp,NA,NA,02,quantile,0.99,344.0
2026-05-09,peak inc flu hosp,NA,NA,04,quantile,0.01,415.0
2026-05-09,peak inc flu hosp,NA,NA,04,quantile,0.025,415.0
2026-05-09,peak inc flu hosp,NA,NA,04,quantile,0.05,415.0
2026-05-09,peak inc flu hosp,NA,NA,04,quantile,0.1,415.0
2026-05-09,peak inc flu hosp,NA,NA,04,quantile,0.15,415.0
2026-05-09,peak inc flu hosp,NA,NA,04,quantile,0.2,415.0
2026-05-09,peak inc flu hosp,NA,NA,04,quantile,0.25,415.0
2026-05-09,peak inc flu hosp,NA,NA,04,quantile,0.3,415.0
2026-05-09,peak inc flu hosp,NA,NA,04,quantile,0.35,415.0
2026-05-09,peak inc flu hosp,NA,NA,04,quantile,0.4,415.0
2026-05-09,peak inc flu hosp,NA,NA,04,quantile,0.45,415.0
2026-05-09,peak inc flu hosp,NA,NA,04,quantile,0.5,416.0
2026-05-09,peak inc flu hosp,NA,NA,04,quantile,0.55,417.0
2026-05-09,peak inc flu hosp,NA,NA,04,quantile,0.6,419.0
2026-05-09,peak inc flu hosp,NA,NA,04,quantile,0.65,421.0
2026-05-09,peak inc flu hosp,NA,NA,04,quantile,0.7,422.0
2026-05-09,peak inc flu hosp,NA,NA,04,quantile,0.75,424.0
2026-05-09,peak inc flu hosp,NA,NA,04,quantile,0.8,427.0
2026-05-09,peak inc flu hosp,NA,NA,04,quantile,0.85,434.0
2026-05-09,peak inc flu hosp,NA,NA,04,quantile,0.9,479.0
2026-05-09,peak inc flu hosp,NA,NA,04,quantile,0.95,755.0
2026-05-09,peak inc flu hosp,NA,NA,04,quantile,0.975,1652.0
2026-05-09,peak inc flu hosp,NA,NA,04,quantile,0.99,2134.0
2026-05-09,peak inc flu hosp,NA,NA,05,quantile,0.01,297.0
2026-05-09,peak inc flu hosp,NA,NA,05,quantile,0.025,297.0
2026-05-09,peak inc flu hosp,NA,NA,05,quantile,0.05,297.0
2026-05-09,peak inc flu hosp,NA,NA,05,quantile,0.1,297.0
2026-05-09,peak inc flu hosp,NA,NA,05,quantile,0.15,297.0
2026-05-09,peak inc flu hosp,NA,NA,05,quantile,0.2,297.0
2026-05-09,peak inc flu hosp,NA,NA,05,quantile,0.25,297.0
2026-05-09,peak inc flu hosp,NA,NA,05,quantile,0.3,297.0
2026-05-09,peak inc flu hosp,NA,NA,05,quantile,0.35,297.0
2026-05-09,peak inc flu hosp,NA,NA,05,quantile,0.4,297.0
2026-05-09,peak inc flu hosp,NA,NA,05,quantile,0.45,297.0
2026-05-09,peak inc flu hosp,NA,NA,05,quantile,0.5,297.0
2026-05-09,peak inc flu hosp,NA,NA,05,quantile,0.55,298.0
2026-05-09,peak inc flu hosp,NA,NA,05,quantile,0.6,300.0
2026-05-09,peak inc flu hosp,NA,NA,05,quantile,0.65,301.0
2026-05-09,peak inc flu hosp,NA,NA,05,quantile,0.7,302.0
2026-05-09,peak inc flu hosp,NA,NA,05,quantile,0.75,303.0
2026-05-09,peak inc flu hosp,NA,NA,05,quantile,0.8,304.0
2026-05-09,peak inc flu hosp,NA,NA,05,quantile,0.85,307.0
2026-05-09,peak inc flu hosp,NA,NA,05,quantile,0.9,319.0
2026-05-09,peak inc flu hosp,NA,NA,05,quantile,0.95,424.0
2026-05-09,peak inc flu hosp,NA,NA,05,quantile,0.975,872.0
2026-05-09,peak inc flu hosp,NA,NA,05,quantile,0.99,1243.0
2026-05-09,peak inc flu hosp,NA,NA,06,quantile,0.01,2150.0
2026-05-09,peak inc flu hosp,NA,NA,06,quantile,0.025,2150.0
2026-05-09,peak inc flu hosp,NA,NA,06,quantile,0.05,2150.0
2026-05-09,peak inc flu hosp,NA,NA,06,quantile,0.1,2150.0
2026-05-09,peak inc flu hosp,NA,NA,06,quantile,0.15,2150.0
2026-05-09,peak inc flu hosp,NA,NA,06,quantile,0.2,2150.0
2026-05-09,peak inc flu hosp,NA,NA,06,quantile,0.25,2150.0
2026-05-09,peak inc flu hosp,NA,NA,06,quantile,0.3,2150.0
2026-05-09,peak inc flu hosp,NA,NA,06,quantile,0.35,2150.0
2026-05-09,peak inc flu hosp,NA,NA,06,quantile,0.4,2150.0
2026-05-09,peak inc flu hosp,NA,NA,06,quantile,0.45,2150.0
2026-05-09,peak inc flu hosp,NA,NA,06,quantile,0.5,2153.0
2026-05-09,peak inc flu hosp,NA,NA,06,quantile,0.55,2160.0
2026-05-09,peak inc flu hosp,NA,NA,06,quantile,0.6,2169.0
2026-05-09,peak inc flu hosp,NA,NA,06,quantile,0.65,2178.0
2026-05-09,peak inc flu hosp,NA,NA,06,quantile,0.7,2186.0
2026-05-09,peak inc flu hosp,NA,NA,06,quantile,0.75,2193.0
2026-05-09,peak inc flu hosp,NA,NA,06,quantile,0.8,2203.0
2026-05-09,peak inc flu hosp,NA,NA,06,quantile,0.85,2222.0
2026-05-09,peak inc flu hosp,NA,NA,06,quantile,0.9,2308.0
2026-05-09,peak inc flu hosp,NA,NA,06,quantile,0.95,3071.0
2026-05-09,peak inc flu hosp,NA,NA,06,quantile,0.975,6328.0
2026-05-09,peak inc flu hosp,NA,NA,06,quantile,0.99,9610.0
2026-05-09,peak inc flu hosp,NA,NA,08,quantile,0.01,830.0
2026-05-09,peak inc flu hosp,NA,NA,08,quantile,0.025,830.0
2026-05-09,peak inc flu hosp,NA,NA,08,quantile,0.05,830.0
2026-05-09,peak inc flu hosp,NA,NA,08,quantile,0.1,830.0
2026-05-09,peak inc flu hosp,NA,NA,08,quantile,0.15,830.0
2026-05-09,peak inc flu hosp,NA,NA,08,quantile,0.2,830.0
2026-05-09,peak inc flu hosp,NA,NA,08,quantile,0.25,830.0
2026-05-09,peak inc flu hosp,NA,NA,08,quantile,0.3,830.0
2026-05-09,peak inc flu hosp,NA,NA,08,quantile,0.35,830.0
2026-05-09,peak inc flu hosp,NA,NA,08,quantile,0.4,830.0
2026-05-09,peak inc flu hosp,NA,NA,08,quantile,0.45,830.0
2026-05-09,peak inc flu hosp,NA,NA,08,quantile,0.5,831.0
2026-05-09,peak inc flu hosp,NA,NA,08,quantile,0.55,834.0
2026-05-09,peak inc flu hosp,NA,NA,08,quantile,0.6,837.0
2026-05-09,peak inc flu hosp,NA,NA,08,quantile,0.65,841.0
2026-05-09,peak inc flu hosp,NA,NA,08,quantile,0.7,844.0
2026-05-09,peak inc flu hosp,NA,NA,08,quantile,0.75,847.0
2026-05-09,peak inc flu hosp,NA,NA,08,quantile,0.8,850.0
2026-05-09,peak inc flu hosp,NA,NA,08,quantile,0.85,859.0
2026-05-09,peak inc flu hosp,NA,NA,08,quantile,0.9,904.0
2026-05-09,peak inc flu hosp,NA,NA,08,quantile,0.95,1285.0
2026-05-09,peak inc flu hosp,NA,NA,08,quantile,0.975,2669.0
2026-05-09,peak inc flu hosp,NA,NA,08,quantile,0.99,3304.0
2026-05-09,peak inc flu hosp,NA,NA,09,quantile,0.01,778.0
2026-05-09,peak inc flu hosp,NA,NA,09,quantile,0.025,778.0
2026-05-09,peak inc flu hosp,NA,NA,09,quantile,0.05,778.0
2026-05-09,peak inc flu hosp,NA,NA,09,quantile,0.1,778.0
2026-05-09,peak inc flu hosp,NA,NA,09,quantile,0.15,778.0
2026-05-09,peak inc flu hosp,NA,NA,09,quantile,0.2,778.0
2026-05-09,peak inc flu hosp,NA,NA,09,quantile,0.25,778.0
2026-05-09,peak inc flu hosp,NA,NA,09,quantile,0.3,778.0
2026-05-09,peak inc flu hosp,NA,NA,09,quantile,0.35,778.0
2026-05-09,peak inc flu hosp,NA,NA,09,quantile,0.4,778.0
2026-05-09,peak inc flu hosp,NA,NA,09,quantile,0.45,778.0
2026-05-09,peak inc flu hosp,NA,NA,09,quantile,0.5,779.0
2026-05-09,peak inc flu hosp,NA,NA,09,quantile,0.55,782.0
2026-05-09,peak inc flu hosp,NA,NA,09,quantile,0.6,785.0
2026-05-09,peak inc flu hosp,NA,NA,09,quantile,0.65,788.0
2026-05-09,peak inc flu hosp,NA,NA,09,quantile,0.7,791.0
2026-05-09,peak inc flu hosp,NA,NA,09,quantile,0.75,794.0
2026-05-09,peak inc flu hosp,NA,NA,09,quantile,0.8,797.0
2026-05-09,peak inc flu hosp,NA,NA,09,quantile,0.85,806.0
2026-05-09,peak inc flu hosp,NA,NA,09,quantile,0.9,847.0
2026-05-09,peak inc flu hosp,NA,NA,09,quantile,0.95,1190.0
2026-05-09,peak inc flu hosp,NA,NA,09,quantile,0.975,2274.0
2026-05-09,peak inc flu hosp,NA,NA,09,quantile,0.99,3024.0
2026-05-09,peak inc flu hosp,NA,NA,10,quantile,0.01,211.0
2026-05-09,peak inc flu hosp,NA,NA,10,quantile,0.025,211.0
2026-05-09,peak inc flu hosp,NA,NA,10,quantile,0.05,211.0
2026-05-09,peak inc flu hosp,NA,NA,10,quantile,0.1,211.0
2026-05-09,peak inc flu hosp,NA,NA,10,quantile,0.15,211.0
2026-05-09,peak inc flu hosp,NA,NA,10,quantile,0.2,211.0
2026-05-09,peak inc flu hosp,NA,NA,10,quantile,0.25,211.0
2026-05-09,peak inc flu hosp,NA,NA,10,quantile,0.3,211.0
2026-05-09,peak inc flu hosp,NA,NA,10,quantile,0.35,211.0
2026-05-09,peak inc flu hosp,NA,NA,10,quantile,0.4,211.0
2026-05-09,peak inc flu hosp,NA,NA,10,quantile,0.45,211.0
2026-05-09,peak inc flu hosp,NA,NA,10,quantile,0.5,211.0
2026-05-09,peak inc flu hosp,NA,NA,10,quantile,0.55,212.0
2026-05-09,peak inc flu hosp,NA,NA,10,quantile,0.6,213.0
2026-05-09,peak inc flu hosp,NA,NA,10,quantile,0.65,214.0
2026-05-09,peak inc flu hosp,NA,NA,10,quantile,0.7,215.0
2026-05-09,peak inc flu hosp,NA,NA,10,quantile,0.75,215.0
2026-05-09,peak inc flu hosp,NA,NA,10,quantile,0.8,216.0
2026-05-09,peak inc flu hosp,NA,NA,10,quantile,0.85,218.0
2026-05-09,peak inc flu hosp,NA,NA,10,quantile,0.9,227.0
2026-05-09,peak inc flu hosp,NA,NA,10,quantile,0.95,301.0
2026-05-09,peak inc flu hosp,NA,NA,10,quantile,0.975,618.0
2026-05-09,peak inc flu hosp,NA,NA,10,quantile,0.99,843.0
2026-05-09,peak inc flu hosp,NA,NA,11,quantile,0.01,106.0
2026-05-09,peak inc flu hosp,NA,NA,11,quantile,0.025,106.0
2026-05-09,peak inc flu hosp,NA,NA,11,quantile,0.05,106.0
2026-05-09,peak inc flu hosp,NA,NA,11,quantile,0.1,106.0
2026-05-09,peak inc flu hosp,NA,NA,11,quantile,0.15,106.0
2026-05-09,peak inc flu hosp,NA,NA,11,quantile,0.2,106.0
2026-05-09,peak inc flu hosp,NA,NA,11,quantile,0.25,106.0
2026-05-09,peak inc flu hosp,NA,NA,11,quantile,0.3,106.0
2026-05-09,peak inc flu hosp,NA,NA,11,quantile,0.35,106.0
2026-05-09,peak inc flu hosp,NA,NA,11,quantile,0.4,106.0
2026-05-09,peak inc flu hosp,NA,NA,11,quantile,0.45,106.0
2026-05-09,peak inc flu hosp,NA,NA,11,quantile,0.5,106.0
2026-05-09,peak inc flu hosp,NA,NA,11,quantile,0.55,107.0
2026-05-09,peak inc flu hosp,NA,NA,11,quantile,0.6,107.0
2026-05-09,peak inc flu hosp,NA,NA,11,quantile,0.65,107.0
2026-05-09,peak inc flu hosp,NA,NA,11,quantile,0.7,108.0
2026-05-09,peak inc flu hosp,NA,NA,11,quantile,0.75,108.0
2026-05-09,peak inc flu hosp,NA,NA,11,quantile,0.8,109.0
2026-05-09,peak inc flu hosp,NA,NA,11,quantile,0.85,110.0
2026-05-09,peak inc flu hosp,NA,NA,11,quantile,0.9,115.0
2026-05-09,peak inc flu hosp,NA,NA,11,quantile,0.95,162.0
2026-05-09,peak inc flu hosp,NA,NA,11,quantile,0.975,310.0
2026-05-09,peak inc flu hosp,NA,NA,11,quantile,0.99,412.0
2026-05-09,peak inc flu hosp,NA,NA,12,quantile,0.01,2604.0
2026-05-09,peak inc flu hosp,NA,NA,12,quantile,0.025,2604.0
2026-05-09,peak inc flu hosp,NA,NA,12,quantile,0.05,2604.0
2026-05-09,peak inc flu hosp,NA,NA,12,quantile,0.1,2604.0
2026-05-09,peak inc flu hosp,NA,NA,12,quantile,0.15,2604.0
2026-05-09,peak inc flu hosp,NA,NA,12,quantile,0.2,2604.0
2026-05-09,peak inc flu hosp,NA,NA,12,quantile,0.25,2604.0
2026-05-09,peak inc flu hosp,NA,NA,12,quantile,0.3,2604.0
2026-05-09,peak inc flu hosp,NA,NA,12,quantile,0.35,2604.0
2026-05-09,peak inc flu hosp,NA,NA,12,quantile,0.4,2604.0
2026-05-09,peak inc flu hosp,NA,NA,12,quantile,0.45,2604.0
2026-05-09,peak inc flu hosp,NA,NA,12,quantile,0.5,2608.0
2026-05-09,peak inc flu hosp,NA,NA,12,quantile,0.55,2617.0
2026-05-09,peak inc flu hosp,NA,NA,12,quantile,0.6,2627.0
2026-05-09,peak inc flu hosp,NA,NA,12,quantile,0.65,2638.0
2026-05-09,peak inc flu hosp,NA,NA,12,quantile,0.7,2648.0
2026-05-09,peak inc flu hosp,NA,NA,12,quantile,0.75,2657.0
2026-05-09,peak inc flu hosp,NA,NA,12,quantile,0.8,2668.0
2026-05-09,peak inc flu hosp,NA,NA,12,quantile,0.85,2697.0
2026-05-09,peak inc flu hosp,NA,NA,12,quantile,0.9,2835.0
2026-05-09,peak inc flu hosp,NA,NA,12,quantile,0.95,4026.0
2026-05-09,peak inc flu hosp,NA,NA,12,quantile,0.975,8341.0
2026-05-09,peak inc flu hosp,NA,NA,12,quantile,0.99,10368.0
2026-05-09,peak inc flu hosp,NA,NA,13,quantile,0.01,1399.0
2026-05-09,peak inc flu hosp,NA,NA,13,quantile,0.025,1399.0
2026-05-09,peak inc flu hosp,NA,NA,13,quantile,0.05,1399.0
2026-05-09,peak inc flu hosp,NA,NA,13,quantile,0.1,1399.0
2026-05-09,peak inc flu hosp,NA,NA,13,quantile,0.15,1399.0
2026-05-09,peak inc flu hosp,NA,NA,13,quantile,0.2,1399.0
2026-05-09,peak inc flu hosp,NA,NA,13,quantile,0.25,1399.0
2026-05-09,peak inc flu hosp,NA,NA,13,quantile,0.3,1399.0
2026-05-09,peak inc flu hosp,NA,NA,13,quantile,0.35,1399.0
2026-05-09,peak inc flu hosp,NA,NA,13,quantile,0.4,1399.0
2026-05-09,peak inc flu hosp,NA,NA,13,quantile,0.45,1399.0
2026-05-09,peak inc flu hosp,NA,NA,13,quantile,0.5,1401.0
2026-05-09,peak inc flu hosp,NA,NA,13,quantile,0.55,1406.0
2026-05-09,peak inc flu hosp,NA,NA,13,quantile,0.6,1411.0
2026-05-09,peak inc flu hosp,NA,NA,13,quantile,0.65,1417.0
2026-05-09,peak inc flu hosp,NA,NA,13,quantile,0.7,1422.0
2026-05-09,peak inc flu hosp,NA,NA,13,quantile,0.75,1427.0
2026-05-09,peak inc flu hosp,NA,NA,13,quantile,0.8,1433.0
2026-05-09,peak inc flu hosp,NA,NA,13,quantile,0.85,1449.0
2026-05-09,peak inc flu hosp,NA,NA,13,quantile,0.9,1523.0
2026-05-09,peak inc flu hosp,NA,NA,13,quantile,0.95,2000.0
2026-05-09,peak inc flu hosp,NA,NA,13,quantile,0.975,4087.0
2026-05-09,peak inc flu hosp,NA,NA,13,quantile,0.99,5438.0
2026-05-09,peak inc flu hosp,NA,NA,15,quantile,0.01,110.0
2026-05-09,peak inc flu hosp,NA,NA,15,quantile,0.025,110.0
2026-05-09,peak inc flu hosp,NA,NA,15,quantile,0.05,110.0
2026-05-09,peak inc flu hosp,NA,NA,15,quantile,0.1,110.0
2026-05-09,peak inc flu hosp,NA,NA,15,quantile,0.15,110.0
2026-05-09,peak inc flu hosp,NA,NA,15,quantile,0.2,110.0
2026-05-09,peak inc flu hosp,NA,NA,15,quantile,0.25,110.0
2026-05-09,peak inc flu hosp,NA,NA,15,quantile,0.3,110.0
2026-05-09,peak inc flu hosp,NA,NA,15,quantile,0.35,110.0
2026-05-09,peak inc flu hosp,NA,NA,15,quantile,0.4,110.0
2026-05-09,peak inc flu hosp,NA,NA,15,quantile,0.45,110.0
2026-05-09,peak inc flu hosp,NA,NA,15,quantile,0.5,110.0
2026-05-09,peak inc flu hosp,NA,NA,15,quantile,0.55,111.0
2026-05-09,peak inc flu hosp,NA,NA,15,quantile,0.6,111.0
2026-05-09,peak inc flu hosp,NA,NA,15,quantile,0.65,111.0
2026-05-09,peak inc flu hosp,NA,NA,15,quantile,0.7,112.0
2026-05-09,peak inc flu hosp,NA,NA,15,quantile,0.75,112.0
2026-05-09,peak inc flu hosp,NA,NA,15,quantile,0.8,113.0
2026-05-09,peak inc flu hosp,NA,NA,15,quantile,0.85,114.0
2026-05-09,peak inc flu hosp,NA,NA,15,quantile,0.9,120.0
2026-05-09,peak inc flu hosp,NA,NA,15,quantile,0.95,171.0
2026-05-09,peak inc flu hosp,NA,NA,15,quantile,0.975,383.0
2026-05-09,peak inc flu hosp,NA,NA,15,quantile,0.99,565.0
2026-05-09,peak inc flu hosp,NA,NA,16,quantile,0.01,235.0
2026-05-09,peak inc flu hosp,NA,NA,16,quantile,0.025,235.0
2026-05-09,peak inc flu hosp,NA,NA,16,quantile,0.05,235.0
2026-05-09,peak inc flu hosp,NA,NA,16,quantile,0.1,235.0
2026-05-09,peak inc flu hosp,NA,NA,16,quantile,0.15,235.0
2026-05-09,peak inc flu hosp,NA,NA,16,quantile,0.2,235.0
2026-05-09,peak inc flu hosp,NA,NA,16,quantile,0.25,235.0
2026-05-09,peak inc flu hosp,NA,NA,16,quantile,0.3,235.0
2026-05-09,peak inc flu hosp,NA,NA,16,quantile,0.35,235.0
2026-05-09,peak inc flu hosp,NA,NA,16,quantile,0.4,235.0
2026-05-09,peak inc flu hosp,NA,NA,16,quantile,0.45,235.0
2026-05-09,peak inc flu hosp,NA,NA,16,quantile,0.5,235.0
2026-05-09,peak inc flu hosp,NA,NA,16,quantile,0.55,236.0
2026-05-09,peak inc flu hosp,NA,NA,16,quantile,0.6,237.0
2026-05-09,peak inc flu hosp,NA,NA,16,quantile,0.65,238.0
2026-05-09,peak inc flu hosp,NA,NA,16,quantile,0.7,239.0
2026-05-09,peak inc flu hosp,NA,NA,16,quantile,0.75,240.0
2026-05-09,peak inc flu hosp,NA,NA,16,quantile,0.8,241.0
2026-05-09,peak inc flu hosp,NA,NA,16,quantile,0.85,244.0
2026-05-09,peak inc flu hosp,NA,NA,16,quantile,0.9,263.0
2026-05-09,peak inc flu hosp,NA,NA,16,quantile,0.95,363.0
2026-05-09,peak inc flu hosp,NA,NA,16,quantile,0.975,753.0
2026-05-09,peak inc flu hosp,NA,NA,16,quantile,0.99,916.0
2026-05-09,peak inc flu hosp,NA,NA,17,quantile,0.01,1741.0
2026-05-09,peak inc flu hosp,NA,NA,17,quantile,0.025,1741.0
2026-05-09,peak inc flu hosp,NA,NA,17,quantile,0.05,1741.0
2026-05-09,peak inc flu hosp,NA,NA,17,quantile,0.1,1741.0
2026-05-09,peak inc flu hosp,NA,NA,17,quantile,0.15,1741.0
2026-05-09,peak inc flu hosp,NA,NA,17,quantile,0.2,1741.0
2026-05-09,peak inc flu hosp,NA,NA,17,quantile,0.25,1741.0
2026-05-09,peak inc flu hosp,NA,NA,17,quantile,0.3,1741.0
2026-05-09,peak inc flu hosp,NA,NA,17,quantile,0.35,1741.0
2026-05-09,peak inc flu hosp,NA,NA,17,quantile,0.4,1741.0
2026-05-09,peak inc flu hosp,NA,NA,17,quantile,0.45,1741.0
2026-05-09,peak inc flu hosp,NA,NA,17,quantile,0.5,1744.0
2026-05-09,peak inc flu hosp,NA,NA,17,quantile,0.55,1749.0
2026-05-09,peak inc flu hosp,NA,NA,17,quantile,0.6,1756.0
2026-05-09,peak inc flu hosp,NA,NA,17,quantile,0.65,1763.0
2026-05-09,peak inc flu hosp,NA,NA,17,quantile,0.7,1770.0
2026-05-09,peak inc flu hosp,NA,NA,17,quantile,0.75,1776.0
2026-05-09,peak inc flu hosp,NA,NA,17,quantile,0.8,1784.0
2026-05-09,peak inc flu hosp,NA,NA,17,quantile,0.85,1799.0
2026-05-09,peak inc flu hosp,NA,NA,17,quantile,0.9,1869.0
2026-05-09,peak inc flu hosp,NA,NA,17,quantile,0.95,2485.0
2026-05-09,peak inc flu hosp,NA,NA,17,quantile,0.975,5005.0
2026-05-09,peak inc flu hosp,NA,NA,17,quantile,0.99,6767.0
2026-05-09,peak inc flu hosp,NA,NA,18,quantile,0.01,906.0
2026-05-09,peak inc flu hosp,NA,NA,18,quantile,0.025,906.0
2026-05-09,peak inc flu hosp,NA,NA,18,quantile,0.05,906.0
2026-05-09,peak inc flu hosp,NA,NA,18,quantile,0.1,906.0
2026-05-09,peak inc flu hosp,NA,NA,18,quantile,0.15,906.0
2026-05-09,peak inc flu hosp,NA,NA,18,quantile,0.2,906.0
2026-05-09,peak inc flu hosp,NA,NA,18,quantile,0.25,906.0
2026-05-09,peak inc flu hosp,NA,NA,18,quantile,0.3,906.0
2026-05-09,peak inc flu hosp,NA,NA,18,quantile,0.35,906.0
2026-05-09,peak inc flu hosp,NA,NA,18,quantile,0.4,906.0
2026-05-09,peak inc flu hosp,NA,NA,18,quantile,0.45,906.0
2026-05-09,peak inc flu hosp,NA,NA,18,quantile,0.5,907.0
2026-05-09,peak inc flu hosp,NA,NA,18,quantile,0.55,910.0
2026-05-09,peak inc flu hosp,NA,NA,18,quantile,0.6,914.0
2026-05-09,peak inc flu hosp,NA,NA,18,quantile,0.65,918.0
2026-05-09,peak inc flu hosp,NA,NA,18,quantile,0.7,921.0
2026-05-09,peak inc flu hosp,NA,NA,18,quantile,0.75,924.0
2026-05-09,peak inc flu hosp,NA,NA,18,quantile,0.8,928.0
2026-05-09,peak inc flu hosp,NA,NA,18,quantile,0.85,936.0
2026-05-09,peak inc flu hosp,NA,NA,18,quantile,0.9,973.0
2026-05-09,peak inc flu hosp,NA,NA,18,quantile,0.95,1293.0
2026-05-09,peak inc flu hosp,NA,NA,18,quantile,0.975,2653.0
2026-05-09,peak inc flu hosp,NA,NA,18,quantile,0.99,3522.0
2026-05-09,peak inc flu hosp,NA,NA,19,quantile,0.01,382.0
2026-05-09,peak inc flu hosp,NA,NA,19,quantile,0.025,382.0
2026-05-09,peak inc flu hosp,NA,NA,19,quantile,0.05,382.0
2026-05-09,peak inc flu hosp,NA,NA,19,quantile,0.1,382.0
2026-05-09,peak inc flu hosp,NA,NA,19,quantile,0.15,382.0
2026-05-09,peak inc flu hosp,NA,NA,19,quantile,0.2,382.0
2026-05-09,peak inc flu hosp,NA,NA,19,quantile,0.25,382.0
2026-05-09,peak inc flu hosp,NA,NA,19,quantile,0.3,382.0
2026-05-09,peak inc flu hosp,NA,NA,19,quantile,0.35,382.0
2026-05-09,peak inc flu hosp,NA,NA,19,quantile,0.4,382.0
2026-05-09,peak inc flu hosp,NA,NA,19,quantile,0.45,382.0
2026-05-09,peak inc flu hosp,NA,NA,19,quantile,0.5,383.0
2026-05-09,peak inc flu hosp,NA,NA,19,quantile,0.55,384.0
2026-05-09,peak inc flu hosp,NA,NA,19,quantile,0.6,385.0
2026-05-09,peak inc flu hosp,NA,NA,19,quantile,0.65,387.0
2026-05-09,peak inc flu hosp,NA,NA,19,quantile,0.7,388.0
2026-05-09,peak inc flu hosp,NA,NA,19,quantile,0.75,390.0
2026-05-09,peak inc flu hosp,NA,NA,19,quantile,0.8,391.0
2026-05-09,peak inc flu hosp,NA,NA,19,quantile,0.85,395.0
2026-05-09,peak inc flu hosp,NA,NA,19,quantile,0.9,410.0
2026-05-09,peak inc flu hosp,NA,NA,19,quantile,0.95,545.0
2026-05-09,peak inc flu hosp,NA,NA,19,quantile,0.975,1102.0
2026-05-09,peak inc flu hosp,NA,NA,19,quantile,0.99,1489.0
2026-05-09,peak inc flu hosp,NA,NA,20,quantile,0.01,352.0
2026-05-09,peak inc flu hosp,NA,NA,20,quantile,0.025,352.0
2026-05-09,peak inc flu hosp,NA,NA,20,quantile,0.05,352.0
2026-05-09,peak inc flu hosp,NA,NA,20,quantile,0.1,352.0
2026-05-09,peak inc flu hosp,NA,NA,20,quantile,0.15,352.0
2026-05-09,peak inc flu hosp,NA,NA,20,quantile,0.2,352.0
2026-05-09,peak inc flu hosp,NA,NA,20,quantile,0.25,352.0
2026-05-09,peak inc flu hosp,NA,NA,20,quantile,0.3,352.0
2026-05-09,peak inc flu hosp,NA,NA,20,quantile,0.35,352.0
2026-05-09,peak inc flu hosp,NA,NA,20,quantile,0.4,352.0
2026-05-09,peak inc flu hosp,NA,NA,20,quantile,0.45,352.0
2026-05-09,peak inc flu hosp,NA,NA,20,quantile,0.5,353.0
2026-05-09,peak inc flu hosp,NA,NA,20,quantile,0.55,354.0
2026-05-09,peak inc flu hosp,NA,NA,20,quantile,0.6,355.0
2026-05-09,peak inc flu hosp,NA,NA,20,quantile,0.65,357.0
2026-05-09,peak inc flu hosp,NA,NA,20,quantile,0.7,358.0
2026-05-09,peak inc flu hosp,NA,NA,20,quantile,0.75,359.0
2026-05-09,peak inc flu hosp,NA,NA,20,quantile,0.8,361.0
2026-05-09,peak inc flu hosp,NA,NA,20,quantile,0.85,365.0
2026-05-09,peak inc flu hosp,NA,NA,20,quantile,0.9,383.0
2026-05-09,peak inc flu hosp,NA,NA,20,quantile,0.95,544.0
2026-05-09,peak inc flu hosp,NA,NA,20,quantile,0.975,1033.0
2026-05-09,peak inc flu hosp,NA,NA,20,quantile,0.99,1401.0
2026-05-09,peak inc flu hosp,NA,NA,21,quantile,0.01,631.0
2026-05-09,peak inc flu hosp,NA,NA,21,quantile,0.025,631.0
2026-05-09,peak inc flu hosp,NA,NA,21,quantile,0.05,631.0
2026-05-09,peak inc flu hosp,NA,NA,21,quantile,0.1,631.0
2026-05-09,peak inc flu hosp,NA,NA,21,quantile,0.15,631.0
2026-05-09,peak inc flu hosp,NA,NA,21,quantile,0.2,631.0
2026-05-09,peak inc flu hosp,NA,NA,21,quantile,0.25,631.0
2026-05-09,peak inc flu hosp,NA,NA,21,quantile,0.3,631.0
2026-05-09,peak inc flu hosp,NA,NA,21,quantile,0.35,631.0
2026-05-09,peak inc flu hosp,NA,NA,21,quantile,0.4,631.0
2026-05-09,peak inc flu hosp,NA,NA,21,quantile,0.45,631.0
2026-05-09,peak inc flu hosp,NA,NA,21,quantile,0.5,632.0
2026-05-09,peak inc flu hosp,NA,NA,21,quantile,0.55,634.0
2026-05-09,peak inc flu hosp,NA,NA,21,quantile,0.6,637.0
2026-05-09,peak inc flu hosp,NA,NA,21,quantile,0.65,639.0
2026-05-09,peak inc flu hosp,NA,NA,21,quantile,0.7,642.0
2026-05-09,peak inc flu hosp,NA,NA,21,quantile,0.75,644.0
2026-05-09,peak inc flu hosp,NA,NA,21,quantile,0.8,647.0
2026-05-09,peak inc flu hosp,NA,NA,21,quantile,0.85,653.0
2026-05-09,peak inc flu hosp,NA,NA,21,quantile,0.9,687.0
2026-05-09,peak inc flu hosp,NA,NA,21,quantile,0.95,974.0
2026-05-09,peak inc flu hosp,NA,NA,21,quantile,0.975,1859.0
2026-05-09,peak inc flu hosp,NA,NA,21,quantile,0.99,2455.0
2026-05-09,peak inc flu hosp,NA,NA,22,quantile,0.01,688.0
2026-05-09,peak inc flu hosp,NA,NA,22,quantile,0.025,688.0
2026-05-09,peak inc flu hosp,NA,NA,22,quantile,0.05,688.0
2026-05-09,peak inc flu hosp,NA,NA,22,quantile,0.1,688.0
2026-05-09,peak inc flu hosp,NA,NA,22,quantile,0.15,688.0
2026-05-09,peak inc flu hosp,NA,NA,22,quantile,0.2,688.0
2026-05-09,peak inc flu hosp,NA,NA,22,quantile,0.25,688.0
2026-05-09,peak inc flu hosp,NA,NA,22,quantile,0.3,688.0
2026-05-09,peak inc flu hosp,NA,NA,22,quantile,0.35,688.0
2026-05-09,peak inc flu hosp,NA,NA,22,quantile,0.4,688.0
2026-05-09,peak inc flu hosp,NA,NA,22,quantile,0.45,688.0
2026-05-09,peak inc flu hosp,NA,NA,22,quantile,0.5,689.0
2026-05-09,peak inc flu hosp,NA,NA,22,quantile,0.55,691.0
2026-05-09,peak inc flu hosp,NA,NA,22,quantile,0.6,694.0
2026-05-09,peak inc flu hosp,NA,NA,22,quantile,0.65,697.0
2026-05-09,peak inc flu hosp,NA,NA,22,quantile,0.7,699.0
2026-05-09,peak inc flu hosp,NA,NA,22,quantile,0.75,702.0
2026-05-09,peak inc flu hosp,NA,NA,22,quantile,0.8,705.0
2026-05-09,peak inc flu hosp,NA,NA,22,quantile,0.85,711.0
2026-05-09,peak inc flu hosp,NA,NA,22,quantile,0.9,739.0
2026-05-09,peak inc flu hosp,NA,NA,22,quantile,0.95,982.0
2026-05-09,peak inc flu hosp,NA,NA,22,quantile,0.975,2015.0
2026-05-09,peak inc flu hosp,NA,NA,22,quantile,0.99,2739.0
2026-05-09,peak inc flu hosp,NA,NA,23,quantile,0.01,255.0
2026-05-09,peak inc flu hosp,NA,NA,23,quantile,0.025,255.0
2026-05-09,peak inc flu hosp,NA,NA,23,quantile,0.05,255.0
2026-05-09,peak inc flu hosp,NA,NA,23,quantile,0.1,255.0
2026-05-09,peak inc flu hosp,NA,NA,23,quantile,0.15,255.0
2026-05-09,peak inc flu hosp,NA,NA,23,quantile,0.2,255.0
2026-05-09,peak inc flu hosp,NA,NA,23,quantile,0.25,255.0
2026-05-09,peak inc flu hosp,NA,NA,23,quantile,0.3,255.0
2026-05-09,peak inc flu hosp,NA,NA,23,quantile,0.35,255.0
2026-05-09,peak inc flu hosp,NA,NA,23,quantile,0.4,255.0
2026-05-09,peak inc flu hosp,NA,NA,23,quantile,0.45,255.0
2026-05-09,peak inc flu hosp,NA,NA,23,quantile,0.5,255.0
2026-05-09,peak inc flu hosp,NA,NA,23,quantile,0.55,256.0
2026-05-09,peak inc flu hosp,NA,NA,23,quantile,0.6,257.0
2026-05-09,peak inc flu hosp,NA,NA,23,quantile,0.65,258.0
2026-05-09,peak inc flu hosp,NA,NA,23,quantile,0.7,259.0
2026-05-09,peak inc flu hosp,NA,NA,23,quantile,0.75,260.0
2026-05-09,peak inc flu hosp,NA,NA,23,quantile,0.8,261.0
2026-05-09,peak inc flu hosp,NA,NA,23,quantile,0.85,264.0
2026-05-09,peak inc flu hosp,NA,NA,23,quantile,0.9,274.0
2026-05-09,peak inc flu hosp,NA,NA,23,quantile,0.95,364.0
2026-05-09,peak inc flu hosp,NA,NA,23,quantile,0.975,747.0
2026-05-09,peak inc flu hosp,NA,NA,23,quantile,0.99,1019.0
2026-05-09,peak inc flu hosp,NA,NA,24,quantile,0.01,803.0
2026-05-09,peak inc flu hosp,NA,NA,24,quantile,0.025,803.0
2026-05-09,peak inc flu hosp,NA,NA,24,quantile,0.05,803.0
2026-05-09,peak inc flu hosp,NA,NA,24,quantile,0.1,803.0
2026-05-09,peak inc flu hosp,NA,NA,24,quantile,0.15,803.0
2026-05-09,peak inc flu hosp,NA,NA,24,quantile,0.2,803.0
2026-05-09,peak inc flu hosp,NA,NA,24,quantile,0.25,803.0
2026-05-09,peak inc flu hosp,NA,NA,24,quantile,0.3,803.0
2026-05-09,peak inc flu hosp,NA,NA,24,quantile,0.35,803.0
2026-05-09,peak inc flu hosp,NA,NA,24,quantile,0.4,803.0
2026-05-09,peak inc flu hosp,NA,NA,24,quantile,0.45,803.0
2026-05-09,peak inc flu hosp,NA,NA,24,quantile,0.5,804.0
2026-05-09,peak inc flu hosp,NA,NA,24,quantile,0.55,807.0
2026-05-09,peak inc flu hosp,NA,NA,24,quantile,0.6,810.0
2026-05-09,peak inc flu hosp,NA,NA,24,quantile,0.65,813.0
2026-05-09,peak inc flu hosp,NA,NA,24,quantile,0.7,816.0
2026-05-09,peak inc flu hosp,NA,NA,24,quantile,0.75,819.0
2026-05-09,peak inc flu hosp,NA,NA,24,quantile,0.8,823.0
2026-05-09,peak inc flu hosp,NA,NA,24,quantile,0.85,830.0
2026-05-09,peak inc flu hosp,NA,NA,24,quantile,0.9,862.0
2026-05-09,peak inc flu hosp,NA,NA,24,quantile,0.95,1146.0
2026-05-09,peak inc flu hosp,NA,NA,24,quantile,0.975,2352.0
2026-05-09,peak inc flu hosp,NA,NA,24,quantile,0.99,3274.0
2026-05-09,peak inc flu hosp,NA,NA,25,quantile,0.01,1281.0
2026-05-09,peak inc flu hosp,NA,NA,25,quantile,0.025,1281.0
2026-05-09,peak inc flu hosp,NA,NA,25,quantile,0.05,1281.0
2026-05-09,peak inc flu hosp,NA,NA,25,quantile,0.1,1281.0
2026-05-09,peak inc flu hosp,NA,NA,25,quantile,0.15,1281.0
2026-05-09,peak inc flu hosp,NA,NA,25,quantile,0.2,1281.0
2026-05-09,peak inc flu hosp,NA,NA,25,quantile,0.25,1281.0
2026-05-09,peak inc flu hosp,NA,NA,25,quantile,0.3,1281.0
2026-05-09,peak inc flu hosp,NA,NA,25,quantile,0.35,1281.0
2026-05-09,peak inc flu hosp,NA,NA,25,quantile,0.4,1281.0
2026-05-09,peak inc flu hosp,NA,NA,25,quantile,0.45,1281.0
2026-05-09,peak inc flu hosp,NA,NA,25,quantile,0.5,1283.0
2026-05-09,peak inc flu hosp,NA,NA,25,quantile,0.55,1287.0
2026-05-09,peak inc flu hosp,NA,NA,25,quantile,0.6,1292.0
2026-05-09,peak inc flu hosp,NA,NA,25,quantile,0.65,1298.0
2026-05-09,peak inc flu hosp,NA,NA,25,quantile,0.7,1302.0
2026-05-09,peak inc flu hosp,NA,NA,25,quantile,0.75,1307.0
2026-05-09,peak inc flu hosp,NA,NA,25,quantile,0.8,1313.0
2026-05-09,peak inc flu hosp,NA,NA,25,quantile,0.85,1324.0
2026-05-09,peak inc flu hosp,NA,NA,25,quantile,0.9,1375.0
2026-05-09,peak inc flu hosp,NA,NA,25,quantile,0.95,1828.0
2026-05-09,peak inc flu hosp,NA,NA,25,quantile,0.975,3751.0
2026-05-09,peak inc flu hosp,NA,NA,25,quantile,0.99,4979.0
2026-05-09,peak inc flu hosp,NA,NA,26,quantile,0.01,1266.0
2026-05-09,peak inc flu hosp,NA,NA,26,quantile,0.025,1266.0
2026-05-09,peak inc flu hosp,NA,NA,26,quantile,0.05,1266.0
2026-05-09,peak inc flu hosp,NA,NA,26,quantile,0.1,1266.0
2026-05-09,peak inc flu hosp,NA,NA,26,quantile,0.15,1266.0
2026-05-09,peak inc flu hosp,NA,NA,26,quantile,0.2,1266.0
2026-05-09,peak inc flu hosp,NA,NA,26,quantile,0.25,1266.0
2026-05-09,peak inc flu hosp,NA,NA,26,quantile,0.3,1266.0
2026-05-09,peak inc flu hosp,NA,NA,26,quantile,0.35,1266.0
2026-05-09,peak inc flu hosp,NA,NA,26,quantile,0.4,1266.0
2026-05-09,peak inc flu hosp,NA,NA,26,quantile,0.45,1266.0
2026-05-09,peak inc flu hosp,NA,NA,26,quantile,0.5,1268.0
2026-05-09,peak inc flu hosp,NA,NA,26,quantile,0.55,1272.0
2026-05-09,peak inc flu hosp,NA,NA,26,quantile,0.6,1277.0
2026-05-09,peak inc flu hosp,NA,NA,26,quantile,0.65,1283.0
2026-05-09,peak inc flu hosp,NA,NA,26,quantile,0.7,1287.0
2026-05-09,peak inc flu hosp,NA,NA,26,quantile,0.75,1292.0
2026-05-09,peak inc flu hosp,NA,NA,26,quantile,0.8,1297.0
2026-05-09,peak inc flu hosp,NA,NA,26,quantile,0.85,1308.0
2026-05-09,peak inc flu hosp,NA,NA,26,quantile,0.9,1359.0
2026-05-09,peak inc flu hosp,NA,NA,26,quantile,0.95,1808.0
2026-05-09,peak inc flu hosp,NA,NA,26,quantile,0.975,3721.0
2026-05-09,peak inc flu hosp,NA,NA,26,quantile,0.99,4921.0
2026-05-09,peak inc flu hosp,NA,NA,27,quantile,0.01,1063.0
2026-05-09,peak inc flu hosp,NA,NA,27,quantile,0.025,1063.0
2026-05-09,peak inc flu hosp,NA,NA,27,quantile,0.05,1063.0
2026-05-09,peak inc flu hosp,NA,NA,27,quantile,0.1,1063.0
2026-05-09,peak inc flu hosp,NA,NA,27,quantile,0.15,1063.0
2026-05-09,peak inc flu hosp,NA,NA,27,quantile,0.2,1063.0
2026-05-09,peak inc flu hosp,NA,NA,27,quantile,0.25,1063.0
2026-05-09,peak inc flu hosp,NA,NA,27,quantile,0.3,1063.0
2026-05-09,peak inc flu hosp,NA,NA,27,quantile,0.35,1063.0
2026-05-09,peak inc flu hosp,NA,NA,27,quantile,0.4,1063.0
2026-05-09,peak inc flu hosp,NA,NA,27,quantile,0.45,1063.0
2026-05-09,peak inc flu hosp,NA,NA,27,quantile,0.5,1065.0
2026-05-09,peak inc flu hosp,NA,NA,27,quantile,0.55,1068.0
2026-05-09,peak inc flu hosp,NA,NA,27,quantile,0.6,1072.0
2026-05-09,peak inc flu hosp,NA,NA,27,quantile,0.65,1077.0
2026-05-09,peak inc flu hosp,NA,NA,27,quantile,0.7,1081.0
2026-05-09,peak inc flu hosp,NA,NA,27,quantile,0.75,1084.0
2026-05-09,peak inc flu hosp,NA,NA,27,quantile,0.8,1089.0
2026-05-09,peak inc flu hosp,NA,NA,27,quantile,0.85,1098.0
2026-05-09,peak inc flu hosp,NA,NA,27,quantile,0.9,1141.0
2026-05-09,peak inc flu hosp,NA,NA,27,quantile,0.95,1518.0
2026-05-09,peak inc flu hosp,NA,NA,27,quantile,0.975,3121.0
2026-05-09,peak inc flu hosp,NA,NA,27,quantile,0.99,4367.0
2026-05-09,peak inc flu hosp,NA,NA,28,quantile,0.01,247.0
2026-05-09,peak inc flu hosp,NA,NA,28,quantile,0.025,247.0
2026-05-09,peak inc flu hosp,NA,NA,28,quantile,0.05,247.0
2026-05-09,peak inc flu hosp,NA,NA,28,quantile,0.1,247.0
2026-05-09,peak inc flu hosp,NA,NA,28,quantile,0.15,247.0
2026-05-09,peak inc flu hosp,NA,NA,28,quantile,0.2,247.0
2026-05-09,peak inc flu hosp,NA,NA,28,quantile,0.25,247.0
2026-05-09,peak inc flu hosp,NA,NA,28,quantile,0.3,247.0
2026-05-09,peak inc flu hosp,NA,NA,28,quantile,0.35,247.0
2026-05-09,peak inc flu hosp,NA,NA,28,quantile,0.4,247.0
2026-05-09,peak inc flu hosp,NA,NA,28,quantile,0.45,247.0
2026-05-09,peak inc flu hosp,NA,NA,28,quantile,0.5,248.0
2026-05-09,peak inc flu hosp,NA,NA,28,quantile,0.55,248.0
2026-05-09,peak inc flu hosp,NA,NA,28,quantile,0.6,250.0
2026-05-09,peak inc flu hosp,NA,NA,28,quantile,0.65,251.0
2026-05-09,peak inc flu hosp,NA,NA,28,quantile,0.7,251.0
2026-05-09,peak inc flu hosp,NA,NA,28,quantile,0.75,252.0
2026-05-09,peak inc flu hosp,NA,NA,28,quantile,0.8,254.0
2026-05-09,peak inc flu hosp,NA,NA,28,quantile,0.85,260.0
2026-05-09,peak inc flu hosp,NA,NA,28,quantile,0.9,302.0
2026-05-09,peak inc flu hosp,NA,NA,28,quantile,0.95,428.0
2026-05-09,peak inc flu hosp,NA,NA,28,quantile,0.975,820.0
2026-05-09,peak inc flu hosp,NA,NA,28,quantile,0.99,1186.0
2026-05-09,peak inc flu hosp,NA,NA,29,quantile,0.01,941.0
2026-05-09,peak inc flu hosp,NA,NA,29,quantile,0.025,941.0
2026-05-09,peak inc flu hosp,NA,NA,29,quantile,0.05,941.0
2026-05-09,peak inc flu hosp,NA,NA,29,quantile,0.1,941.0
2026-05-09,peak inc flu hosp,NA,NA,29,quantile,0.15,941.0
2026-05-09,peak inc flu hosp,NA,NA,29,quantile,0.2,941.0
2026-05-09,peak inc flu hosp,NA,NA,29,quantile,0.25,941.0
2026-05-09,peak inc flu hosp,NA,NA,29,quantile,0.3,941.0
2026-05-09,peak inc flu hosp,NA,NA,29,quantile,0.35,941.0
2026-05-09,peak inc flu hosp,NA,NA,29,quantile,0.4,941.0
2026-05-09,peak inc flu hosp,NA,NA,29,quantile,0.45,941.0
2026-05-09,peak inc flu hosp,NA,NA,29,quantile,0.5,942.0
2026-05-09,peak inc flu hosp,NA,NA,29,quantile,0.55,945.0
2026-05-09,peak inc flu hosp,NA,NA,29,quantile,0.6,949.0
2026-05-09,peak inc flu hosp,NA,NA,29,quantile,0.65,953.0
2026-05-09,peak inc flu hosp,NA,NA,29,quantile,0.7,957.0
2026-05-09,peak inc flu hosp,NA,NA,29,quantile,0.75,960.0
2026-05-09,peak inc flu hosp,NA,NA,29,quantile,0.8,964.0
2026-05-09,peak inc flu hosp,NA,NA,29,quantile,0.85,972.0
2026-05-09,peak inc flu hosp,NA,NA,29,quantile,0.9,1010.0
2026-05-09,peak inc flu hosp,NA,NA,29,quantile,0.95,1343.0
2026-05-09,peak inc flu hosp,NA,NA,29,quantile,0.975,2713.0
2026-05-09,peak inc flu hosp,NA,NA,29,quantile,0.99,3658.0
2026-05-09,peak inc flu hosp,NA,NA,30,quantile,0.01,151.0
2026-05-09,peak inc flu hosp,NA,NA,30,quantile,0.025,151.0
2026-05-09,peak inc flu hosp,NA,NA,30,quantile,0.05,151.0
2026-05-09,peak inc flu hosp,NA,NA,30,quantile,0.1,151.0
2026-05-09,peak inc flu hosp,NA,NA,30,quantile,0.15,151.0
2026-05-09,peak inc flu hosp,NA,NA,30,quantile,0.2,151.0
2026-05-09,peak inc flu hosp,NA,NA,30,quantile,0.25,151.0
2026-05-09,peak inc flu hosp,NA,NA,30,quantile,0.3,151.0
2026-05-09,peak inc flu hosp,NA,NA,30,quantile,0.35,151.0
2026-05-09,peak inc flu hosp,NA,NA,30,quantile,0.4,151.0
2026-05-09,peak inc flu hosp,NA,NA,30,quantile,0.45,151.0
2026-05-09,peak inc flu hosp,NA,NA,30,quantile,0.5,151.0
2026-05-09,peak inc flu hosp,NA,NA,30,quantile,0.55,152.0
2026-05-09,peak inc flu hosp,NA,NA,30,quantile,0.6,152.0
2026-05-09,peak inc flu hosp,NA,NA,30,quantile,0.65,153.0
2026-05-09,peak inc flu hosp,NA,NA,30,quantile,0.7,154.0
2026-05-09,peak inc flu hosp,NA,NA,30,quantile,0.75,154.0
2026-05-09,peak inc flu hosp,NA,NA,30,quantile,0.8,155.0
2026-05-09,peak inc flu hosp,NA,NA,30,quantile,0.85,156.0
2026-05-09,peak inc flu hosp,NA,NA,30,quantile,0.9,164.0
2026-05-09,peak inc flu hosp,NA,NA,30,quantile,0.95,233.0
2026-05-09,peak inc flu hosp,NA,NA,30,quantile,0.975,443.0
2026-05-09,peak inc flu hosp,NA,NA,30,quantile,0.99,587.0
2026-05-09,peak inc flu hosp,NA,NA,31,quantile,0.01,204.0
2026-05-09,peak inc flu hosp,NA,NA,31,quantile,0.025,204.0
2026-05-09,peak inc flu hosp,NA,NA,31,quantile,0.05,204.0
2026-05-09,peak inc flu hosp,NA,NA,31,quantile,0.1,204.0
2026-05-09,peak inc flu hosp,NA,NA,31,quantile,0.15,204.0
2026-05-09,peak inc flu hosp,NA,NA,31,quantile,0.2,204.0
2026-05-09,peak inc flu hosp,NA,NA,31,quantile,0.25,204.0
2026-05-09,peak inc flu hosp,NA,NA,31,quantile,0.3,204.0
2026-05-09,peak inc flu hosp,NA,NA,31,quantile,0.35,204.0
2026-05-09,peak inc flu hosp,NA,NA,31,quantile,0.4,204.0
2026-05-09,peak inc flu hosp,NA,NA,31,quantile,0.45,204.0
2026-05-09,peak inc flu hosp,NA,NA,31,quantile,0.5,204.0
2026-05-09,peak inc flu hosp,NA,NA,31,quantile,0.55,205.0
2026-05-09,peak inc flu hosp,NA,NA,31,quantile,0.6,206.0
2026-05-09,peak inc flu hosp,NA,NA,31,quantile,0.65,207.0
2026-05-09,peak inc flu hosp,NA,NA,31,quantile,0.7,207.0
2026-05-09,peak inc flu hosp,NA,NA,31,quantile,0.75,208.0
2026-05-09,peak inc flu hosp,NA,NA,31,quantile,0.8,209.0
2026-05-09,peak inc flu hosp,NA,NA,31,quantile,0.85,211.0
2026-05-09,peak inc flu hosp,NA,NA,31,quantile,0.9,222.0
2026-05-09,peak inc flu hosp,NA,NA,31,quantile,0.95,315.0
2026-05-09,peak inc flu hosp,NA,NA,31,quantile,0.975,647.0
2026-05-09,peak inc flu hosp,NA,NA,31,quantile,0.99,812.0
2026-05-09,peak inc flu hosp,NA,NA,32,quantile,0.01,273.0
2026-05-09,peak inc flu hosp,NA,NA,32,quantile,0.025,273.0
2026-05-09,peak inc flu hosp,NA,NA,32,quantile,0.05,273.0
2026-05-09,peak inc flu hosp,NA,NA,32,quantile,0.1,273.0
2026-05-09,peak inc flu hosp,NA,NA,32,quantile,0.15,273.0
2026-05-09,peak inc flu hosp,NA,NA,32,quantile,0.2,273.0
2026-05-09,peak inc flu hosp,NA,NA,32,quantile,0.25,273.0
2026-05-09,peak inc flu hosp,NA,NA,32,quantile,0.3,273.0
2026-05-09,peak inc flu hosp,NA,NA,32,quantile,0.35,273.0
2026-05-09,peak inc flu hosp,NA,NA,32,quantile,0.4,273.0
2026-05-09,peak inc flu hosp,NA,NA,32,quantile,0.45,273.0
2026-05-09,peak inc flu hosp,NA,NA,32,quantile,0.5,273.0
2026-05-09,peak inc flu hosp,NA,NA,32,quantile,0.55,274.0
2026-05-09,peak inc flu hosp,NA,NA,32,quantile,0.6,275.0
2026-05-09,peak inc flu hosp,NA,NA,32,quantile,0.65,277.0
2026-05-09,peak inc flu hosp,NA,NA,32,quantile,0.7,278.0
2026-05-09,peak inc flu hosp,NA,NA,32,quantile,0.75,279.0
2026-05-09,peak inc flu hosp,NA,NA,32,quantile,0.8,280.0
2026-05-09,peak inc flu hosp,NA,NA,32,quantile,0.85,283.0
2026-05-09,peak inc flu hosp,NA,NA,32,quantile,0.9,297.0
2026-05-09,peak inc flu hosp,NA,NA,32,quantile,0.95,423.0
2026-05-09,peak inc flu hosp,NA,NA,32,quantile,0.975,950.0
2026-05-09,peak inc flu hosp,NA,NA,32,quantile,0.99,1403.0
2026-05-09,peak inc flu hosp,NA,NA,33,quantile,0.01,290.0
2026-05-09,peak inc flu hosp,NA,NA,33,quantile,0.025,290.0
2026-05-09,peak inc flu hosp,NA,NA,33,quantile,0.05,290.0
2026-05-09,peak inc flu hosp,NA,NA,33,quantile,0.1,290.0
2026-05-09,peak inc flu hosp,NA,NA,33,quantile,0.15,290.0
2026-05-09,peak inc flu hosp,NA,NA,33,quantile,0.2,290.0
2026-05-09,peak inc flu hosp,NA,NA,33,quantile,0.25,290.0
2026-05-09,peak inc flu hosp,NA,NA,33,quantile,0.3,290.0
2026-05-09,peak inc flu hosp,NA,NA,33,quantile,0.35,290.0
2026-05-09,peak inc flu hosp,NA,NA,33,quantile,0.4,290.0
2026-05-09,peak inc flu hosp,NA,NA,33,quantile,0.45,290.0
2026-05-09,peak inc flu hosp,NA,NA,33,quantile,0.5,290.0
2026-05-09,peak inc flu hosp,NA,NA,33,quantile,0.55,291.0
2026-05-09,peak inc flu hosp,NA,NA,33,quantile,0.6,293.0
2026-05-09,peak inc flu hosp,NA,NA,33,quantile,0.65,294.0
2026-05-09,peak inc flu hosp,NA,NA,33,quantile,0.7,295.0
2026-05-09,peak inc flu hosp,NA,NA,33,quantile,0.75,296.0
2026-05-09,peak inc flu hosp,NA,NA,33,quantile,0.8,297.0
2026-05-09,peak inc flu hosp,NA,NA,33,quantile,0.85,300.0
2026-05-09,peak inc flu hosp,NA,NA,33,quantile,0.9,311.0
2026-05-09,peak inc flu hosp,NA,NA,33,quantile,0.95,414.0
2026-05-09,peak inc flu hosp,NA,NA,33,quantile,0.975,838.0
2026-05-09,peak inc flu hosp,NA,NA,33,quantile,0.99,1127.0
2026-05-09,peak inc flu hosp,NA,NA,34,quantile,0.01,1724.0
2026-05-09,peak inc flu hosp,NA,NA,34,quantile,0.025,1724.0
2026-05-09,peak inc flu hosp,NA,NA,34,quantile,0.05,1724.0
2026-05-09,peak inc flu hosp,NA,NA,34,quantile,0.1,1724.0
2026-05-09,peak inc flu hosp,NA,NA,34,quantile,0.15,1724.0
2026-05-09,peak inc flu hosp,NA,NA,34,quantile,0.2,1724.0
2026-05-09,peak inc flu hosp,NA,NA,34,quantile,0.25,1724.0
2026-05-09,peak inc flu hosp,NA,NA,34,quantile,0.3,1724.0
2026-05-09,peak inc flu hosp,NA,NA,34,quantile,0.35,1724.0
2026-05-09,peak inc flu hosp,NA,NA,34,quantile,0.4,1724.0
2026-05-09,peak inc flu hosp,NA,NA,34,quantile,0.45,1724.0
2026-05-09,peak inc flu hosp,NA,NA,34,quantile,0.5,1727.0
2026-05-09,peak inc flu hosp,NA,NA,34,quantile,0.55,1733.0
2026-05-09,peak inc flu hosp,NA,NA,34,quantile,0.6,1739.0
2026-05-09,peak inc flu hosp,NA,NA,34,quantile,0.65,1747.0
2026-05-09,peak inc flu hosp,NA,NA,34,quantile,0.7,1753.0
2026-05-09,peak inc flu hosp,NA,NA,34,quantile,0.75,1759.0
2026-05-09,peak inc flu hosp,NA,NA,34,quantile,0.8,1766.0
2026-05-09,peak inc flu hosp,NA,NA,34,quantile,0.85,1785.0
2026-05-09,peak inc flu hosp,NA,NA,34,quantile,0.9,1877.0
2026-05-09,peak inc flu hosp,NA,NA,34,quantile,0.95,2662.0
2026-05-09,peak inc flu hosp,NA,NA,34,quantile,0.975,5082.0
2026-05-09,peak inc flu hosp,NA,NA,34,quantile,0.99,6889.0
2026-05-09,peak inc flu hosp,NA,NA,35,quantile,0.01,409.0
2026-05-09,peak inc flu hosp,NA,NA,35,quantile,0.025,409.0
2026-05-09,peak inc flu hosp,NA,NA,35,quantile,0.05,409.0
2026-05-09,peak inc flu hosp,NA,NA,35,quantile,0.1,409.0
2026-05-09,peak inc flu hosp,NA,NA,35,quantile,0.15,409.0
2026-05-09,peak inc flu hosp,NA,NA,35,quantile,0.2,409.0
2026-05-09,peak inc flu hosp,NA,NA,35,quantile,0.25,409.0
2026-05-09,peak inc flu hosp,NA,NA,35,quantile,0.3,409.0
2026-05-09,peak inc flu hosp,NA,NA,35,quantile,0.35,409.0
2026-05-09,peak inc flu hosp,NA,NA,35,quantile,0.4,409.0
2026-05-09,peak inc flu hosp,NA,NA,35,quantile,0.45,409.0
2026-05-09,peak inc flu hosp,NA,NA,35,quantile,0.5,410.0
2026-05-09,peak inc flu hosp,NA,NA,35,quantile,0.55,411.0
2026-05-09,peak inc flu hosp,NA,NA,35,quantile,0.6,413.0
2026-05-09,peak inc flu hosp,NA,NA,35,quantile,0.65,414.0
2026-05-09,peak inc flu hosp,NA,NA,35,quantile,0.7,416.0
2026-05-09,peak inc flu hosp,NA,NA,35,quantile,0.75,417.0
2026-05-09,peak inc flu hosp,NA,NA,35,quantile,0.8,419.0
2026-05-09,peak inc flu hosp,NA,NA,35,quantile,0.85,423.0
2026-05-09,peak inc flu hosp,NA,NA,35,quantile,0.9,439.0
2026-05-09,peak inc flu hosp,NA,NA,35,quantile,0.95,584.0
2026-05-09,peak inc flu hosp,NA,NA,35,quantile,0.975,1198.0
2026-05-09,peak inc flu hosp,NA,NA,35,quantile,0.99,1590.0
2026-05-09,peak inc flu hosp,NA,NA,36,quantile,0.01,3869.0
2026-05-09,peak inc flu hosp,NA,NA,36,quantile,0.025,3869.0
2026-05-09,peak inc flu hosp,NA,NA,36,quantile,0.05,3869.0
2026-05-09,peak inc flu hosp,NA,NA,36,quantile,0.1,3869.0
2026-05-09,peak inc flu hosp,NA,NA,36,quantile,0.15,3869.0
2026-05-09,peak inc flu hosp,NA,NA,36,quantile,0.2,3869.0
2026-05-09,peak inc flu hosp,NA,NA,36,quantile,0.25,3869.0
2026-05-09,peak inc flu hosp,NA,NA,36,quantile,0.3,3869.0
2026-05-09,peak inc flu hosp,NA,NA,36,quantile,0.35,3869.0
2026-05-09,peak inc flu hosp,NA,NA,36,quantile,0.4,3869.0
2026-05-09,peak inc flu hosp,NA,NA,36,quantile,0.45,3869.0
2026-05-09,peak inc flu hosp,NA,NA,36,quantile,0.5,3875.0
2026-05-09,peak inc flu hosp,NA,NA,36,quantile,0.55,3888.0
2026-05-09,peak inc flu hosp,NA,NA,36,quantile,0.6,3904.0
2026-05-09,peak inc flu hosp,NA,NA,36,quantile,0.65,3920.0
2026-05-09,peak inc flu hosp,NA,NA,36,quantile,0.7,3934.0
2026-05-09,peak inc flu hosp,NA,NA,36,quantile,0.75,3947.0
2026-05-09,peak inc flu hosp,NA,NA,36,quantile,0.8,3964.0
2026-05-09,peak inc flu hosp,NA,NA,36,quantile,0.85,4006.0
2026-05-09,peak inc flu hosp,NA,NA,36,quantile,0.9,4212.0
2026-05-09,peak inc flu hosp,NA,NA,36,quantile,0.95,5985.0
2026-05-09,peak inc flu hosp,NA,NA,36,quantile,0.975,12252.0
2026-05-09,peak inc flu hosp,NA,NA,36,quantile,0.99,15037.0
2026-05-09,peak inc flu hosp,NA,NA,37,quantile,0.01,2461.0
2026-05-09,peak inc flu hosp,NA,NA,37,quantile,0.025,2461.0
2026-05-09,peak inc flu hosp,NA,NA,37,quantile,0.05,2461.0
2026-05-09,peak inc flu hosp,NA,NA,37,quantile,0.1,2461.0
2026-05-09,peak inc flu hosp,NA,NA,37,quantile,0.15,2461.0
2026-05-09,peak inc flu hosp,NA,NA,37,quantile,0.2,2461.0
2026-05-09,peak inc flu hosp,NA,NA,37,quantile,0.25,2461.0
2026-05-09,peak inc flu hosp,NA,NA,37,quantile,0.3,2461.0
2026-05-09,peak inc flu hosp,NA,NA,37,quantile,0.35,2461.0
2026-05-09,peak inc flu hosp,NA,NA,37,quantile,0.4,2461.0
2026-05-09,peak inc flu hosp,NA,NA,37,quantile,0.45,2461.0
2026-05-09,peak inc flu hosp,NA,NA,37,quantile,0.5,2465.0
2026-05-09,peak inc flu hosp,NA,NA,37,quantile,0.55,2473.0
2026-05-09,peak inc flu hosp,NA,NA,37,quantile,0.6,2482.0
2026-05-09,peak inc flu hosp,NA,NA,37,quantile,0.65,2493.0
2026-05-09,peak inc flu hosp,NA,NA,37,quantile,0.7,2502.0
2026-05-09,peak inc flu hosp,NA,NA,37,quantile,0.75,2511.0
2026-05-09,peak inc flu hosp,NA,NA,37,quantile,0.8,2522.0
2026-05-09,peak inc flu hosp,NA,NA,37,quantile,0.85,2543.0
2026-05-09,peak inc flu hosp,NA,NA,37,quantile,0.9,2642.0
2026-05-09,peak inc flu hosp,NA,NA,37,quantile,0.95,3512.0
2026-05-09,peak inc flu hosp,NA,NA,37,quantile,0.975,7108.0
2026-05-09,peak inc flu hosp,NA,NA,37,quantile,0.99,9795.0
2026-05-09,peak inc flu hosp,NA,NA,38,quantile,0.01,159.0
2026-05-09,peak inc flu hosp,NA,NA,38,quantile,0.025,159.0
2026-05-09,peak inc flu hosp,NA,NA,38,quantile,0.05,159.0
2026-05-09,peak inc flu hosp,NA,NA,38,quantile,0.1,159.0
2026-05-09,peak inc flu hosp,NA,NA,38,quantile,0.15,159.0
2026-05-09,peak inc flu hosp,NA,NA,38,quantile,0.2,159.0
2026-05-09,peak inc flu hosp,NA,NA,38,quantile,0.25,159.0
2026-05-09,peak inc flu hosp,NA,NA,38,quantile,0.3,159.0
2026-05-09,peak inc flu hosp,NA,NA,38,quantile,0.35,159.0
2026-05-09,peak inc flu hosp,NA,NA,38,quantile,0.4,159.0
2026-05-09,peak inc flu hosp,NA,NA,38,quantile,0.45,159.0
2026-05-09,peak inc flu hosp,NA,NA,38,quantile,0.5,159.0
2026-05-09,peak inc flu hosp,NA,NA,38,quantile,0.55,160.0
2026-05-09,peak inc flu hosp,NA,NA,38,quantile,0.6,160.0
2026-05-09,peak inc flu hosp,NA,NA,38,quantile,0.65,161.0
2026-05-09,peak inc flu hosp,NA,NA,38,quantile,0.7,162.0
2026-05-09,peak inc flu hosp,NA,NA,38,quantile,0.75,162.0
2026-05-09,peak inc flu hosp,NA,NA,38,quantile,0.8,163.0
2026-05-09,peak inc flu hosp,NA,NA,38,quantile,0.85,164.0
2026-05-09,peak inc flu hosp,NA,NA,38,quantile,0.9,171.0
2026-05-09,peak inc flu hosp,NA,NA,38,quantile,0.95,227.0
2026-05-09,peak inc flu hosp,NA,NA,38,quantile,0.975,466.0
2026-05-09,peak inc flu hosp,NA,NA,38,quantile,0.99,618.0
2026-05-09,peak inc flu hosp,NA,NA,39,quantile,0.01,1958.0
2026-05-09,peak inc flu hosp,NA,NA,39,quantile,0.025,1958.0
2026-05-09,peak inc flu hosp,NA,NA,39,quantile,0.05,1958.0
2026-05-09,peak inc flu hosp,NA,NA,39,quantile,0.1,1958.0
2026-05-09,peak inc flu hosp,NA,NA,39,quantile,0.15,1958.0
2026-05-09,peak inc flu hosp,NA,NA,39,quantile,0.2,1958.0
2026-05-09,peak inc flu hosp,NA,NA,39,quantile,0.25,1958.0
2026-05-09,peak inc flu hosp,NA,NA,39,quantile,0.3,1958.0
2026-05-09,peak inc flu hosp,NA,NA,39,quantile,0.35,1958.0
2026-05-09,peak inc flu hosp,NA,NA,39,quantile,0.4,1958.0
2026-05-09,peak inc flu hosp,NA,NA,39,quantile,0.45,1958.0
2026-05-09,peak inc flu hosp,NA,NA,39,quantile,0.5,1961.0
2026-05-09,peak inc flu hosp,NA,NA,39,quantile,0.55,1968.0
2026-05-09,peak inc flu hosp,NA,NA,39,quantile,0.6,1976.0
2026-05-09,peak inc flu hosp,NA,NA,39,quantile,0.65,1984.0
2026-05-09,peak inc flu hosp,NA,NA,39,quantile,0.7,1991.0
2026-05-09,peak inc flu hosp,NA,NA,39,quantile,0.75,1997.0
2026-05-09,peak inc flu hosp,NA,NA,39,quantile,0.8,2006.0
2026-05-09,peak inc flu hosp,NA,NA,39,quantile,0.85,2028.0
2026-05-09,peak inc flu hosp,NA,NA,39,quantile,0.9,2131.0
2026-05-09,peak inc flu hosp,NA,NA,39,quantile,0.95,2953.0
2026-05-09,peak inc flu hosp,NA,NA,39,quantile,0.975,5743.0
2026-05-09,peak inc flu hosp,NA,NA,39,quantile,0.99,7794.0
2026-05-09,peak inc flu hosp,NA,NA,40,quantile,0.01,310.0
2026-05-09,peak inc flu hosp,NA,NA,40,quantile,0.025,310.0
2026-05-09,peak inc flu hosp,NA,NA,40,quantile,0.05,310.0
2026-05-09,peak inc flu hosp,NA,NA,40,quantile,0.1,310.0
2026-05-09,peak inc flu hosp,NA,NA,40,quantile,0.15,310.0
2026-05-09,peak inc flu hosp,NA,NA,40,quantile,0.2,310.0
2026-05-09,peak inc flu hosp,NA,NA,40,quantile,0.25,310.0
2026-05-09,peak inc flu hosp,NA,NA,40,quantile,0.3,310.0
2026-05-09,peak inc flu hosp,NA,NA,40,quantile,0.35,310.0
2026-05-09,peak inc flu hosp,NA,NA,40,quantile,0.4,310.0
2026-05-09,peak inc flu hosp,NA,NA,40,quantile,0.45,310.0
2026-05-09,peak inc flu hosp,NA,NA,40,quantile,0.5,310.0
2026-05-09,peak inc flu hosp,NA,NA,40,quantile,0.55,311.0
2026-05-09,peak inc flu hosp,NA,NA,40,quantile,0.6,313.0
2026-05-09,peak inc flu hosp,NA,NA,40,quantile,0.65,314.0
2026-05-09,peak inc flu hosp,NA,NA,40,quantile,0.7,315.0
2026-05-09,peak inc flu hosp,NA,NA,40,quantile,0.75,316.0
2026-05-09,peak inc flu hosp,NA,NA,40,quantile,0.8,318.0
2026-05-09,peak inc flu hosp,NA,NA,40,quantile,0.85,321.0
2026-05-09,peak inc flu hosp,NA,NA,40,quantile,0.9,333.0
2026-05-09,peak inc flu hosp,NA,NA,40,quantile,0.95,442.0
2026-05-09,peak inc flu hosp,NA,NA,40,quantile,0.975,908.0
2026-05-09,peak inc flu hosp,NA,NA,40,quantile,0.99,1272.0
2026-05-09,peak inc flu hosp,NA,NA,41,quantile,0.01,573.0
2026-05-09,peak inc flu hosp,NA,NA,41,quantile,0.025,573.0
2026-05-09,peak inc flu hosp,NA,NA,41,quantile,0.05,573.0
2026-05-09,peak inc flu hosp,NA,NA,41,quantile,0.1,573.0
2026-05-09,peak inc flu hosp,NA,NA,41,quantile,0.15,573.0
2026-05-09,peak inc flu hosp,NA,NA,41,quantile,0.2,573.0
2026-05-09,peak inc flu hosp,NA,NA,41,quantile,0.25,573.0
2026-05-09,peak inc flu hosp,NA,NA,41,quantile,0.3,573.0
2026-05-09,peak inc flu hosp,NA,NA,41,quantile,0.35,573.0
2026-05-09,peak inc flu hosp,NA,NA,41,quantile,0.4,573.0
2026-05-09,peak inc flu hosp,NA,NA,41,quantile,0.45,573.0
2026-05-09,peak inc flu hosp,NA,NA,41,quantile,0.5,574.0
2026-05-09,peak inc flu hosp,NA,NA,41,quantile,0.55,576.0
2026-05-09,peak inc flu hosp,NA,NA,41,quantile,0.6,578.0
2026-05-09,peak inc flu hosp,NA,NA,41,quantile,0.65,581.0
2026-05-09,peak inc flu hosp,NA,NA,41,quantile,0.7,583.0
2026-05-09,peak inc flu hosp,NA,NA,41,quantile,0.75,585.0
2026-05-09,peak inc flu hosp,NA,NA,41,quantile,0.8,587.0
2026-05-09,peak inc flu hosp,NA,NA,41,quantile,0.85,593.0
2026-05-09,peak inc flu hosp,NA,NA,41,quantile,0.9,624.0
2026-05-09,peak inc flu hosp,NA,NA,41,quantile,0.95,885.0
2026-05-09,peak inc flu hosp,NA,NA,41,quantile,0.975,1780.0
2026-05-09,peak inc flu hosp,NA,NA,41,quantile,0.99,2318.0
2026-05-09,peak inc flu hosp,NA,NA,42,quantile,0.01,3327.0
2026-05-09,peak inc flu hosp,NA,NA,42,quantile,0.025,3327.0
2026-05-09,peak inc flu hosp,NA,NA,42,quantile,0.05,3327.0
2026-05-09,peak inc flu hosp,NA,NA,42,quantile,0.1,3327.0
2026-05-09,peak inc flu hosp,NA,NA,42,quantile,0.15,3327.0
2026-05-09,peak inc flu hosp,NA,NA,42,quantile,0.2,3327.0
2026-05-09,peak inc flu hosp,NA,NA,42,quantile,0.25,3327.0
2026-05-09,peak inc flu hosp,NA,NA,42,quantile,0.3,3327.0
2026-05-09,peak inc flu hosp,NA,NA,42,quantile,0.35,3327.0
2026-05-09,peak inc flu hosp,NA,NA,42,quantile,0.4,3327.0
2026-05-09,peak inc flu hosp,NA,NA,42,quantile,0.45,3327.0
2026-05-09,peak inc flu hosp,NA,NA,42,quantile,0.5,3332.0
2026-05-09,peak inc flu hosp,NA,NA,42,quantile,0.55,3344.0
2026-05-09,peak inc flu hosp,NA,NA,42,quantile,0.6,3357.0
2026-05-09,peak inc flu hosp,NA,NA,42,quantile,0.65,3371.0
2026-05-09,peak inc flu hosp,NA,NA,42,quantile,0.7,3383.0
2026-05-09,peak inc flu hosp,NA,NA,42,quantile,0.75,3394.0
2026-05-09,peak inc flu hosp,NA,NA,42,quantile,0.8,3409.0
2026-05-09,peak inc flu hosp,NA,NA,42,quantile,0.85,3445.0
2026-05-09,peak inc flu hosp,NA,NA,42,quantile,0.9,3622.0
2026-05-09,peak inc flu hosp,NA,NA,42,quantile,0.95,5149.0
2026-05-09,peak inc flu hosp,NA,NA,42,quantile,0.975,10840.0
2026-05-09,peak inc flu hosp,NA,NA,42,quantile,0.99,12929.0
2026-05-09,peak inc flu hosp,NA,NA,44,quantile,0.01,285.0
2026-05-09,peak inc flu hosp,NA,NA,44,quantile,0.025,285.0
2026-05-09,peak inc flu hosp,NA,NA,44,quantile,0.05,285.0
2026-05-09,peak inc flu hosp,NA,NA,44,quantile,0.1,285.0
2026-05-09,peak inc flu hosp,NA,NA,44,quantile,0.15,285.0
2026-05-09,peak inc flu hosp,NA,NA,44,quantile,0.2,285.0
2026-05-09,peak inc flu hosp,NA,NA,44,quantile,0.25,285.0
2026-05-09,peak inc flu hosp,NA,NA,44,quantile,0.3,285.0
2026-05-09,peak inc flu hosp,NA,NA,44,quantile,0.35,285.0
2026-05-09,peak inc flu hosp,NA,NA,44,quantile,0.4,285.0
2026-05-09,peak inc flu hosp,NA,NA,44,quantile,0.45,285.0
2026-05-09,peak inc flu hosp,NA,NA,44,quantile,0.5,285.0
2026-05-09,peak inc flu hosp,NA,NA,44,quantile,0.55,286.0
2026-05-09,peak inc flu hosp,NA,NA,44,quantile,0.6,287.0
2026-05-09,peak inc flu hosp,NA,NA,44,quantile,0.65,289.0
2026-05-09,peak inc flu hosp,NA,NA,44,quantile,0.7,290.0
2026-05-09,peak inc flu hosp,NA,NA,44,quantile,0.75,291.0
2026-05-09,peak inc flu hosp,NA,NA,44,quantile,0.8,292.0
2026-05-09,peak inc flu hosp,NA,NA,44,quantile,0.85,295.0
2026-05-09,peak inc flu hosp,NA,NA,44,quantile,0.9,306.0
2026-05-09,peak inc flu hosp,NA,NA,44,quantile,0.95,407.0
2026-05-09,peak inc flu hosp,NA,NA,44,quantile,0.975,837.0
2026-05-09,peak inc flu hosp,NA,NA,44,quantile,0.99,1108.0
2026-05-09,peak inc flu hosp,NA,NA,45,quantile,0.01,891.0
2026-05-09,peak inc flu hosp,NA,NA,45,quantile,0.025,891.0
2026-05-09,peak inc flu hosp,NA,NA,45,quantile,0.05,891.0
2026-05-09,peak inc flu hosp,NA,NA,45,quantile,0.1,891.0
2026-05-09,peak inc flu hosp,NA,NA,45,quantile,0.15,891.0
2026-05-09,peak inc flu hosp,NA,NA,45,quantile,0.2,891.0
2026-05-09,peak inc flu hosp,NA,NA,45,quantile,0.25,891.0
2026-05-09,peak inc flu hosp,NA,NA,45,quantile,0.3,891.0
2026-05-09,peak inc flu hosp,NA,NA,45,quantile,0.35,891.0
2026-05-09,peak inc flu hosp,NA,NA,45,quantile,0.4,891.0
2026-05-09,peak inc flu hosp,NA,NA,45,quantile,0.45,891.0
2026-05-09,peak inc flu hosp,NA,NA,45,quantile,0.5,892.0
2026-05-09,peak inc flu hosp,NA,NA,45,quantile,0.55,895.0
2026-05-09,peak inc flu hosp,NA,NA,45,quantile,0.6,899.0
2026-05-09,peak inc flu hosp,NA,NA,45,quantile,0.65,903.0
2026-05-09,peak inc flu hosp,NA,NA,45,quantile,0.7,906.0
2026-05-09,peak inc flu hosp,NA,NA,45,quantile,0.75,909.0
2026-05-09,peak inc flu hosp,NA,NA,45,quantile,0.8,913.0
2026-05-09,peak inc flu hosp,NA,NA,45,quantile,0.85,923.0
2026-05-09,peak inc flu hosp,NA,NA,45,quantile,0.9,970.0
2026-05-09,peak inc flu hosp,NA,NA,45,quantile,0.95,1376.0
2026-05-09,peak inc flu hosp,NA,NA,45,quantile,0.975,2763.0
2026-05-09,peak inc flu hosp,NA,NA,45,quantile,0.99,3646.0
2026-05-09,peak inc flu hosp,NA,NA,46,quantile,0.01,108.0
2026-05-09,peak inc flu hosp,NA,NA,46,quantile,0.025,108.0
2026-05-09,peak inc flu hosp,NA,NA,46,quantile,0.05,108.0
2026-05-09,peak inc flu hosp,NA,NA,46,quantile,0.1,108.0
2026-05-09,peak inc flu hosp,NA,NA,46,quantile,0.15,108.0
2026-05-09,peak inc flu hosp,NA,NA,46,quantile,0.2,108.0
2026-05-09,peak inc flu hosp,NA,NA,46,quantile,0.25,108.0
2026-05-09,peak inc flu hosp,NA,NA,46,quantile,0.3,108.0
2026-05-09,peak inc flu hosp,NA,NA,46,quantile,0.35,108.0
2026-05-09,peak inc flu hosp,NA,NA,46,quantile,0.4,108.0
2026-05-09,peak inc flu hosp,NA,NA,46,quantile,0.45,108.0
2026-05-09,peak inc flu hosp,NA,NA,46,quantile,0.5,108.0
2026-05-09,peak inc flu hosp,NA,NA,46,quantile,0.55,109.0
2026-05-09,peak inc flu hosp,NA,NA,46,quantile,0.6,109.0
2026-05-09,peak inc flu hosp,NA,NA,46,quantile,0.65,109.0
2026-05-09,peak inc flu hosp,NA,NA,46,quantile,0.7,110.0
2026-05-09,peak inc flu hosp,NA,NA,46,quantile,0.75,110.0
2026-05-09,peak inc flu hosp,NA,NA,46,quantile,0.8,111.0
2026-05-09,peak inc flu hosp,NA,NA,46,quantile,0.85,112.0
2026-05-09,peak inc flu hosp,NA,NA,46,quantile,0.9,118.0
2026-05-09,peak inc flu hosp,NA,NA,46,quantile,0.95,167.0
2026-05-09,peak inc flu hosp,NA,NA,46,quantile,0.975,318.0
2026-05-09,peak inc flu hosp,NA,NA,46,quantile,0.99,430.0
2026-05-09,peak inc flu hosp,NA,NA,47,quantile,0.01,863.0
2026-05-09,peak inc flu hosp,NA,NA,47,quantile,0.025,863.0
2026-05-09,peak inc flu hosp,NA,NA,47,quantile,0.05,863.0
2026-05-09,peak inc flu hosp,NA,NA,47,quantile,0.1,863.0
2026-05-09,peak inc flu hosp,NA,NA,47,quantile,0.15,863.0
2026-05-09,peak inc flu hosp,NA,NA,47,quantile,0.2,863.0
2026-05-09,peak inc flu hosp,NA,NA,47,quantile,0.25,863.0
2026-05-09,peak inc flu hosp,NA,NA,47,quantile,0.3,863.0
2026-05-09,peak inc flu hosp,NA,NA,47,quantile,0.35,863.0
2026-05-09,peak inc flu hosp,NA,NA,47,quantile,0.4,863.0
2026-05-09,peak inc flu hosp,NA,NA,47,quantile,0.45,863.0
2026-05-09,peak inc flu hosp,NA,NA,47,quantile,0.5,864.0
2026-05-09,peak inc flu hosp,NA,NA,47,quantile,0.55,867.0
2026-05-09,peak inc flu hosp,NA,NA,47,quantile,0.6,870.0
2026-05-09,peak inc flu hosp,NA,NA,47,quantile,0.65,874.0
2026-05-09,peak inc flu hosp,NA,NA,47,quantile,0.7,877.0
2026-05-09,peak inc flu hosp,NA,NA,47,quantile,0.75,880.0
2026-05-09,peak inc flu hosp,NA,NA,47,quantile,0.8,884.0
2026-05-09,peak inc flu hosp,NA,NA,47,quantile,0.85,892.0
2026-05-09,peak inc flu hosp,NA,NA,47,quantile,0.9,926.0
2026-05-09,peak inc flu hosp,NA,NA,47,quantile,0.95,1232.0
2026-05-09,peak inc flu hosp,NA,NA,47,quantile,0.975,2533.0
2026-05-09,peak inc flu hosp,NA,NA,47,quantile,0.99,3365.0
2026-05-09,peak inc flu hosp,NA,NA,48,quantile,0.01,2834.0
2026-05-09,peak inc flu hosp,NA,NA,48,quantile,0.025,2834.0
2026-05-09,peak inc flu hosp,NA,NA,48,quantile,0.05,2834.0
2026-05-09,peak inc flu hosp,NA,NA,48,quantile,0.1,2834.0
2026-05-09,peak inc flu hosp,NA,NA,48,quantile,0.15,2834.0
2026-05-09,peak inc flu hosp,NA,NA,48,quantile,0.2,2834.0
2026-05-09,peak inc flu hosp,NA,NA,48,quantile,0.25,2834.0
2026-05-09,peak inc flu hosp,NA,NA,48,quantile,0.3,2834.0
2026-05-09,peak inc flu hosp,NA,NA,48,quantile,0.35,2834.0
2026-05-09,peak inc flu hosp,NA,NA,48,quantile,0.4,2834.0
2026-05-09,peak inc flu hosp,NA,NA,48,quantile,0.45,2835.0
2026-05-09,peak inc flu hosp,NA,NA,48,quantile,0.5,2840.0
2026-05-09,peak inc flu hosp,NA,NA,48,quantile,0.55,2850.0
2026-05-09,peak inc flu hosp,NA,NA,48,quantile,0.6,2862.0
2026-05-09,peak inc flu hosp,NA,NA,48,quantile,0.65,2873.0
2026-05-09,peak inc flu hosp,NA,NA,48,quantile,0.7,2884.0
2026-05-09,peak inc flu hosp,NA,NA,48,quantile,0.75,2895.0
2026-05-09,peak inc flu hosp,NA,NA,48,quantile,0.8,2912.0
2026-05-09,peak inc flu hosp,NA,NA,48,quantile,0.85,2968.0
2026-05-09,peak inc flu hosp,NA,NA,48,quantile,0.9,3364.0
2026-05-09,peak inc flu hosp,NA,NA,48,quantile,0.95,5125.0
2026-05-09,peak inc flu hosp,NA,NA,48,quantile,0.975,9865.0
2026-05-09,peak inc flu hosp,NA,NA,48,quantile,0.99,11557.0
2026-05-09,peak inc flu hosp,NA,NA,49,quantile,0.01,262.0
2026-05-09,peak inc flu hosp,NA,NA,49,quantile,0.025,262.0
2026-05-09,peak inc flu hosp,NA,NA,49,quantile,0.05,262.0
2026-05-09,peak inc flu hosp,NA,NA,49,quantile,0.1,262.0
2026-05-09,peak inc flu hosp,NA,NA,49,quantile,0.15,262.0
2026-05-09,peak inc flu hosp,NA,NA,49,quantile,0.2,262.0
2026-05-09,peak inc flu hosp,NA,NA,49,quantile,0.25,262.0
2026-05-09,peak inc flu hosp,NA,NA,49,quantile,0.3,262.0
2026-05-09,peak inc flu hosp,NA,NA,49,quantile,0.35,262.0
2026-05-09,peak inc flu hosp,NA,NA,49,quantile,0.4,262.0
2026-05-09,peak inc flu hosp,NA,NA,49,quantile,0.45,262.0
2026-05-09,peak inc flu hosp,NA,NA,49,quantile,0.5,262.0
2026-05-09,peak inc flu hosp,NA,NA,49,quantile,0.55,263.0
2026-05-09,peak inc flu hosp,NA,NA,49,quantile,0.6,264.0
2026-05-09,peak inc flu hosp,NA,NA,49,quantile,0.65,265.0
2026-05-09,peak inc flu hosp,NA,NA,49,quantile,0.7,266.0
2026-05-09,peak inc flu hosp,NA,NA,49,quantile,0.75,267.0
2026-05-09,peak inc flu hosp,NA,NA,49,quantile,0.8,268.0
2026-05-09,peak inc flu hosp,NA,NA,49,quantile,0.85,271.0
2026-05-09,peak inc flu hosp,NA,NA,49,quantile,0.9,281.0
2026-05-09,peak inc flu hosp,NA,NA,49,quantile,0.95,374.0
2026-05-09,peak inc flu hosp,NA,NA,49,quantile,0.975,769.0
2026-05-09,peak inc flu hosp,NA,NA,49,quantile,0.99,1048.0
2026-05-09,peak inc flu hosp,NA,NA,50,quantile,0.01,58.0
2026-05-09,peak inc flu hosp,NA,NA,50,quantile,0.025,58.0
2026-05-09,peak inc flu hosp,NA,NA,50,quantile,0.05,58.0
2026-05-09,peak inc flu hosp,NA,NA,50,quantile,0.1,58.0
2026-05-09,peak inc flu hosp,NA,NA,50,quantile,0.15,58.0
2026-05-09,peak inc flu hosp,NA,NA,50,quantile,0.2,58.0
2026-05-09,peak inc flu hosp,NA,NA,50,quantile,0.25,58.0
2026-05-09,peak inc flu hosp,NA,NA,50,quantile,0.3,58.0
2026-05-09,peak inc flu hosp,NA,NA,50,quantile,0.35,58.0
2026-05-09,peak inc flu hosp,NA,NA,50,quantile,0.4,58.0
2026-05-09,peak inc flu hosp,NA,NA,50,quantile,0.45,58.0
2026-05-09,peak inc flu hosp,NA,NA,50,quantile,0.5,58.0
2026-05-09,peak inc flu hosp,NA,NA,50,quantile,0.55,58.0
2026-05-09,peak inc flu hosp,NA,NA,50,quantile,0.6,59.0
2026-05-09,peak inc flu hosp,NA,NA,50,quantile,0.65,59.0
2026-05-09,peak inc flu hosp,NA,NA,50,quantile,0.7,59.0
2026-05-09,peak inc flu hosp,NA,NA,50,quantile,0.75,59.0
2026-05-09,peak inc flu hosp,NA,NA,50,quantile,0.8,59.0
2026-05-09,peak inc flu hosp,NA,NA,50,quantile,0.85,60.0
2026-05-09,peak inc flu hosp,NA,NA,50,quantile,0.9,63.0
2026-05-09,peak inc flu hosp,NA,NA,50,quantile,0.95,89.0
2026-05-09,peak inc flu hosp,NA,NA,50,quantile,0.975,170.0
2026-05-09,peak inc flu hosp,NA,NA,50,quantile,0.99,226.0
2026-05-09,peak inc flu hosp,NA,NA,51,quantile,0.01,1141.0
2026-05-09,peak inc flu hosp,NA,NA,51,quantile,0.025,1141.0
2026-05-09,peak inc flu hosp,NA,NA,51,quantile,0.05,1141.0
2026-05-09,peak inc flu hosp,NA,NA,51,quantile,0.1,1141.0
2026-05-09,peak inc flu hosp,NA,NA,51,quantile,0.15,1141.0
2026-05-09,peak inc flu hosp,NA,NA,51,quantile,0.2,1141.0
2026-05-09,peak inc flu hosp,NA,NA,51,quantile,0.25,1141.0
2026-05-09,peak inc flu hosp,NA,NA,51,quantile,0.3,1141.0
2026-05-09,peak inc flu hosp,NA,NA,51,quantile,0.35,1141.0
2026-05-09,peak inc flu hosp,NA,NA,51,quantile,0.4,1141.0
2026-05-09,peak inc flu hosp,NA,NA,51,quantile,0.45,1141.0
2026-05-09,peak inc flu hosp,NA,NA,51,quantile,0.5,1143.0
2026-05-09,peak inc flu hosp,NA,NA,51,quantile,0.55,1146.0
2026-05-09,peak inc flu hosp,NA,NA,51,quantile,0.6,1151.0
2026-05-09,peak inc flu hosp,NA,NA,51,quantile,0.65,1156.0
2026-05-09,peak inc flu hosp,NA,NA,51,quantile,0.7,1160.0
2026-05-09,peak inc flu hosp,NA,NA,51,quantile,0.75,1164.0
2026-05-09,peak inc flu hosp,NA,NA,51,quantile,0.8,1169.0
2026-05-09,peak inc flu hosp,NA,NA,51,quantile,0.85,1179.0
2026-05-09,peak inc flu hosp,NA,NA,51,quantile,0.9,1231.0
2026-05-09,peak inc flu hosp,NA,NA,51,quantile,0.95,1629.0
2026-05-09,peak inc flu hosp,NA,NA,51,quantile,0.975,3341.0
2026-05-09,peak inc flu hosp,NA,NA,51,quantile,0.99,4652.0
2026-05-09,peak inc flu hosp,NA,NA,53,quantile,0.01,334.0
2026-05-09,peak inc flu hosp,NA,NA,53,quantile,0.025,334.0
2026-05-09,peak inc flu hosp,NA,NA,53,quantile,0.05,334.0
2026-05-09,peak inc flu hosp,NA,NA,53,quantile,0.1,334.0
2026-05-09,peak inc flu hosp,NA,NA,53,quantile,0.15,334.0
2026-05-09,peak inc flu hosp,NA,NA,53,quantile,0.2,334.0
2026-05-09,peak inc flu hosp,NA,NA,53,quantile,0.25,334.0
2026-05-09,peak inc flu hosp,NA,NA,53,quantile,0.3,334.0
2026-05-09,peak inc flu hosp,NA,NA,53,quantile,0.35,334.0
2026-05-09,peak inc flu hosp,NA,NA,53,quantile,0.4,334.0
2026-05-09,peak inc flu hosp,NA,NA,53,quantile,0.45,334.0
2026-05-09,peak inc flu hosp,NA,NA,53,quantile,0.5,335.0
2026-05-09,peak inc flu hosp,NA,NA,53,quantile,0.55,336.0
2026-05-09,peak inc flu hosp,NA,NA,53,quantile,0.6,337.0
2026-05-09,peak inc flu hosp,NA,NA,53,quantile,0.65,338.0
2026-05-09,peak inc flu hosp,NA,NA,53,quantile,0.7,340.0
2026-05-09,peak inc flu hosp,NA,NA,53,quantile,0.75,341.0
2026-05-09,peak inc flu hosp,NA,NA,53,quantile,0.8,342.0
2026-05-09,peak inc flu hosp,NA,NA,53,quantile,0.85,346.0
2026-05-09,peak inc flu hosp,NA,NA,53,quantile,0.9,364.0
2026-05-09,peak inc flu hosp,NA,NA,53,quantile,0.95,518.0
2026-05-09,peak inc flu hosp,NA,NA,53,quantile,0.975,1155.0
2026-05-09,peak inc flu hosp,NA,NA,53,quantile,0.99,1428.0
2026-05-09,peak inc flu hosp,NA,NA,54,quantile,0.01,229.0
2026-05-09,peak inc flu hosp,NA,NA,54,quantile,0.025,229.0
2026-05-09,peak inc flu hosp,NA,NA,54,quantile,0.05,229.0
2026-05-09,peak inc flu hosp,NA,NA,54,quantile,0.1,229.0
2026-05-09,peak inc flu hosp,NA,NA,54,quantile,0.15,229.0
2026-05-09,peak inc flu hosp,NA,NA,54,quantile,0.2,229.0
2026-05-09,peak inc flu hosp,NA,NA,54,quantile,0.25,229.0
2026-05-09,peak inc flu hosp,NA,NA,54,quantile,0.3,229.0
2026-05-09,peak inc flu hosp,NA,NA,54,quantile,0.35,229.0
2026-05-09,peak inc flu hosp,NA,NA,54,quantile,0.4,229.0
2026-05-09,peak inc flu hosp,NA,NA,54,quantile,0.45,229.0
2026-05-09,peak inc flu hosp,NA,NA,54,quantile,0.5,229.0
2026-05-09,peak inc flu hosp,NA,NA,54,quantile,0.55,230.0
2026-05-09,peak inc flu hosp,NA,NA,54,quantile,0.6,231.0
2026-05-09,peak inc flu hosp,NA,NA,54,quantile,0.65,232.0
2026-05-09,peak inc flu hosp,NA,NA,54,quantile,0.7,233.0
2026-05-09,peak inc flu hosp,NA,NA,54,quantile,0.75,234.0
2026-05-09,peak inc flu hosp,NA,NA,54,quantile,0.8,235.0
2026-05-09,peak inc flu hosp,NA,NA,54,quantile,0.85,237.0
2026-05-09,peak inc flu hosp,NA,NA,54,quantile,0.9,249.0
2026-05-09,peak inc flu hosp,NA,NA,54,quantile,0.95,354.0
2026-05-09,peak inc flu hosp,NA,NA,54,quantile,0.975,735.0
2026-05-09,peak inc flu hosp,NA,NA,54,quantile,0.99,899.0
2026-05-09,peak inc flu hosp,NA,NA,55,quantile,0.01,1060.0
2026-05-09,peak inc flu hosp,NA,NA,55,quantile,0.025,1060.0
2026-05-09,peak inc flu hosp,NA,NA,55,quantile,0.05,1060.0
2026-05-09,peak inc flu hosp,NA,NA,55,quantile,0.1,1060.0
2026-05-09,peak inc flu hosp,NA,NA,55,quantile,0.15,1060.0
2026-05-09,peak inc flu hosp,NA,NA,55,quantile,0.2,1060.0
2026-05-09,peak inc flu hosp,NA,NA,55,quantile,0.25,1060.0
2026-05-09,peak inc flu hosp,NA,NA,55,quantile,0.3,1060.0
2026-05-09,peak inc flu hosp,NA,NA,55,quantile,0.35,1060.0
2026-05-09,peak inc flu hosp,NA,NA,55,quantile,0.4,1060.0
2026-05-09,peak inc flu hosp,NA,NA,55,quantile,0.45,1060.0
2026-05-09,peak inc flu hosp,NA,NA,55,quantile,0.5,1062.0
2026-05-09,peak inc flu hosp,NA,NA,55,quantile,0.55,1065.0
2026-05-09,peak inc flu hosp,NA,NA,55,quantile,0.6,1070.0
2026-05-09,peak inc flu hosp,NA,NA,55,quantile,0.65,1074.0
2026-05-09,peak inc flu hosp,NA,NA,55,quantile,0.7,1078.0
2026-05-09,peak inc flu hosp,NA,NA,55,quantile,0.75,1081.0
2026-05-09,peak inc flu hosp,NA,NA,55,quantile,0.8,1086.0
2026-05-09,peak inc flu hosp,NA,NA,55,quantile,0.85,1098.0
2026-05-09,peak inc flu hosp,NA,NA,55,quantile,0.9,1154.0
2026-05-09,peak inc flu hosp,NA,NA,55,quantile,0.95,1639.0
2026-05-09,peak inc flu hosp,NA,NA,55,quantile,0.975,3110.0
2026-05-09,peak inc flu hosp,NA,NA,55,quantile,0.99,4120.0
2026-05-09,peak inc flu hosp,NA,NA,56,quantile,0.01,58.0
2026-05-09,peak inc flu hosp,NA,NA,56,quantile,0.025,58.0
2026-05-09,peak inc flu hosp,NA,NA,56,quantile,0.05,58.0
2026-05-09,peak inc flu hosp,NA,NA,56,quantile,0.1,58.0
2026-05-09,peak inc flu hosp,NA,NA,56,quantile,0.15,58.0
2026-05-09,peak inc flu hosp,NA,NA,56,quantile,0.2,58.0
2026-05-09,peak inc flu hosp,NA,NA,56,quantile,0.25,58.0
2026-05-09,peak inc flu hosp,NA,NA,56,quantile,0.3,58.0
2026-05-09,peak inc flu hosp,NA,NA,56,quantile,0.35,58.0
2026-05-09,peak inc flu hosp,NA,NA,56,quantile,0.4,58.0
2026-05-09,peak inc flu hosp,NA,NA,56,quantile,0.45,58.0
2026-05-09,peak inc flu hosp,NA,NA,56,quantile,0.5,58.0
2026-05-09,peak inc flu hosp,NA,NA,56,quantile,0.55,58.0
2026-05-09,peak inc flu hosp,NA,NA,56,quantile,0.6,59.0
2026-05-09,peak inc flu hosp,NA,NA,56,quantile,0.65,59.0
2026-05-09,peak inc flu hosp,NA,NA,56,quantile,0.7,59.0
2026-05-09,peak inc flu hosp,NA,NA,56,quantile,0.75,59.0
2026-05-09,peak inc flu hosp,NA,NA,56,quantile,0.8,59.0
2026-05-09,peak inc flu hosp,NA,NA,56,quantile,0.85,60.0
2026-05-09,peak inc flu hosp,NA,NA,56,quantile,0.9,63.0
2026-05-09,peak inc flu hosp,NA,NA,56,quantile,0.95,90.0
2026-05-09,peak inc flu hosp,NA,NA,56,quantile,0.975,186.0
2026-05-09,peak inc flu hosp,NA,NA,56,quantile,0.99,248.0
2026-05-09,peak inc flu hosp,NA,NA,72,quantile,0.01,383.0
2026-05-09,peak inc flu hosp,NA,NA,72,quantile,0.025,383.0
2026-05-09,peak inc flu hosp,NA,NA,72,quantile,0.05,383.0
2026-05-09,peak inc flu hosp,NA,NA,72,quantile,0.1,383.0
2026-05-09,peak inc flu hosp,NA,NA,72,quantile,0.15,383.0
2026-05-09,peak inc flu hosp,NA,NA,72,quantile,0.2,383.0
2026-05-09,peak inc flu hosp,NA,NA,72,quantile,0.25,383.0
2026-05-09,peak inc flu hosp,NA,NA,72,quantile,0.3,383.0
2026-05-09,peak inc flu hosp,NA,NA,72,quantile,0.35,383.0
2026-05-09,peak inc flu hosp,NA,NA,72,quantile,0.4,383.0
2026-05-09,peak inc flu hosp,NA,NA,72,quantile,0.45,383.0
2026-05-09,peak inc flu hosp,NA,NA,72,quantile,0.5,384.0
2026-05-09,peak inc flu hosp,NA,NA,72,quantile,0.55,385.0
2026-05-09,peak inc flu hosp,NA,NA,72,quantile,0.6,386.0
2026-05-09,peak inc flu hosp,NA,NA,72,quantile,0.65,388.0
2026-05-09,peak inc flu hosp,NA,NA,72,quantile,0.7,389.0
2026-05-09,peak inc flu hosp,NA,NA,72,quantile,0.75,391.0
2026-05-09,peak inc flu hosp,NA,NA,72,quantile,0.8,392.0
2026-05-09,peak inc flu hosp,NA,NA,72,quantile,0.85,397.0
2026-05-09,peak inc flu hosp,NA,NA,72,quantile,0.9,417.0
2026-05-09,peak inc flu hosp,NA,NA,72,quantile,0.95,594.0
2026-05-09,peak inc flu hosp,NA,NA,72,quantile,0.975,1297.0
2026-05-09,peak inc flu hosp,NA,NA,72,quantile,0.99,1968.0
2026-05-09,peak inc flu hosp,NA,NA,US,quantile,0.01,42551.0
2026-05-09,peak inc flu hosp,NA,NA,US,quantile,0.025,42551.0
2026-05-09,peak inc flu hosp,NA,NA,US,quantile,0.05,42551.0
2026-05-09,peak inc flu hosp,NA,NA,US,quantile,0.1,42551.0
2026-05-09,peak inc flu hosp,NA,NA,US,quantile,0.15,42551.0
2026-05-09,peak inc flu hosp,NA,NA,US,quantile,0.2,42551.0
2026-05-09,peak inc flu hosp,NA,NA,US,quantile,0.25,42551.0
2026-05-09,peak inc flu hosp,NA,NA,US,quantile,0.3,42551.0
2026-05-09,peak inc flu hosp,NA,NA,US,quantile,0.35,42551.0
2026-05-09,peak inc flu hosp,NA,NA,US,quantile,0.4,42551.0
2026-05-09,peak inc flu hosp,NA,NA,US,quantile,0.45,42554.0
2026-05-09,peak inc flu hosp,NA,NA,US,quantile,0.5,42634.0
2026-05-09,peak inc flu hosp,NA,NA,US,quantile,0.55,42779.0
2026-05-09,peak inc flu hosp,NA,NA,US,quantile,0.6,42950.0
2026-05-09,peak inc flu hosp,NA,NA,US,quantile,0.65,43127.0
2026-05-09,peak inc flu hosp,NA,NA,US,quantile,0.7,43284.0
2026-05-09,peak inc flu hosp,NA,NA,US,quantile,0.75,43427.0
2026-05-09,peak inc flu hosp,NA,NA,US,quantile,0.8,43639.0
2026-05-09,peak inc flu hosp,NA,NA,US,quantile,0.85,44228.0
2026-05-09,peak inc flu hosp,NA,NA,US,quantile,0.9,46321.0
2026-05-09,peak inc flu hosp,NA,NA,US,quantile,0.95,65783.0
2026-05-09,peak inc flu hosp,NA,NA,US,quantile,0.975,134220.0
2026-05-09,peak inc flu hosp,NA,NA,US,quantile,0.99,165900.0
2026-05-09,peak week inc flu hosp,NA,NA,01,pmf,2025-10-04,9.967598700955645e-05
2026-05-09,peak week inc flu hosp,NA,NA,01,pmf,2025-10-11,9.967598700955645e-05
2026-05-09,peak week inc flu hosp,NA,NA,01,pmf,2025-10-18,9.967598700955645e-05
2026-05-09,peak week inc flu hosp,NA,NA,01,pmf,2025-10-25,9.967598700955645e-05
2026-05-09,peak week inc flu hosp,NA,NA,01,pmf,2025-11-01,9.967598700955645e-05
2026-05-09,peak week inc flu hosp,NA,NA,01,pmf,2025-11-08,9.967598700955645e-05
2026-05-09,peak week inc flu hosp,NA,NA,01,pmf,2025-11-15,9.967598700955645e-05
2026-05-09,peak week inc flu hosp,NA,NA,01,pmf,2025-11-22,9.967598700955645e-05
2026-05-09,peak week inc flu hosp,NA,NA,01,pmf,2025-11-29,9.967598700955645e-05
2026-05-09,peak week inc flu hosp,NA,NA,01,pmf,2025-12-06,9.967598700955645e-05
2026-05-09,peak week inc flu hosp,NA,NA,01,pmf,2025-12-13,9.967598700955645e-05
2026-05-09,peak week inc flu hosp,NA,NA,01,pmf,2025-12-20,9.967598700955645e-05
2026-05-09,peak week inc flu hosp,NA,NA,01,pmf,2025-12-27,9.967598700955645e-05
2026-05-09,peak week inc flu hosp,NA,NA,01,pmf,2026-01-03,0.9967106924286848
2026-05-09,peak week inc flu hosp,NA,NA,01,pmf,2026-01-10,9.967598700955645e-05
2026-05-09,peak week inc flu hosp,NA,NA,01,pmf,2026-01-17,9.967598700955645e-05
2026-05-09,peak week inc flu hosp,NA,NA,01,pmf,2026-01-24,9.967598700955645e-05
2026-05-09,peak week inc flu hosp,NA,NA,01,pmf,2026-01-31,9.967598700955645e-05
2026-05-09,peak week inc flu hosp,NA,NA,01,pmf,2026-02-07,9.967598700955645e-05
2026-05-09,peak week inc flu hosp,NA,NA,01,pmf,2026-02-14,9.967598700955645e-05
2026-05-09,peak week inc flu hosp,NA,NA,01,pmf,2026-02-21,9.967598700955645e-05
2026-05-09,peak week inc flu hosp,NA,NA,01,pmf,2026-02-28,9.967598700955645e-05
2026-05-09,peak week inc flu hosp,NA,NA,01,pmf,2026-03-07,9.967598700955645e-05
2026-05-09,peak week inc flu hosp,NA,NA,01,pmf,2026-03-14,9.967598700955645e-05
2026-05-09,peak week inc flu hosp,NA,NA,01,pmf,2026-03-21,9.967598700955645e-05
2026-05-09,peak week inc flu hosp,NA,NA,01,pmf,2026-03-28,9.967598700955645e-05
2026-05-09,peak week inc flu hosp,NA,NA,01,pmf,2026-04-04,9.967598700955645e-05
2026-05-09,peak week inc flu hosp,NA,NA,01,pmf,2026-04-11,9.967598700955645e-05
2026-05-09,peak week inc flu hosp,NA,NA,01,pmf,2026-04-18,9.967598700955645e-05
2026-05-09,peak week inc flu hosp,NA,NA,01,pmf,2026-04-25,9.967598700955645e-05
2026-05-09,peak week inc flu hosp,NA,NA,01,pmf,2026-05-02,9.967598700955645e-05
2026-05-09,peak week inc flu hosp,NA,NA,01,pmf,2026-05-09,9.967598700955645e-05
2026-05-09,peak week inc flu hosp,NA,NA,01,pmf,2026-05-16,9.967598700955645e-05
2026-05-09,peak week inc flu hosp,NA,NA,01,pmf,2026-05-23,9.967598700955645e-05
2026-05-09,peak week inc flu hosp,NA,NA,02,pmf,2025-10-04,9.971603077783164e-05
2026-05-09,peak week inc flu hosp,NA,NA,02,pmf,2025-10-11,9.971603077783164e-05
2026-05-09,peak week inc flu hosp,NA,NA,02,pmf,2025-10-18,9.971603077783164e-05
2026-05-09,peak week inc flu hosp,NA,NA,02,pmf,2025-10-25,9.971603077783164e-05
2026-05-09,peak week inc flu hosp,NA,NA,02,pmf,2025-11-01,9.971603077783164e-05
2026-05-09,peak week inc flu hosp,NA,NA,02,pmf,2025-11-08,9.971603077783164e-05
2026-05-09,peak week inc flu hosp,NA,NA,02,pmf,2025-11-15,9.971603077783164e-05
2026-05-09,peak week inc flu hosp,NA,NA,02,pmf,2025-11-22,9.971603077783164e-05
2026-05-09,peak week inc flu hosp,NA,NA,02,pmf,2025-11-29,9.971603077783164e-05
2026-05-09,peak week inc flu hosp,NA,NA,02,pmf,2025-12-06,9.971603077783164e-05
2026-05-09,peak week inc flu hosp,NA,NA,02,pmf,2025-12-13,9.971603077783164e-05
2026-05-09,peak week inc flu hosp,NA,NA,02,pmf,2025-12-20,9.971603077783164e-05
2026-05-09,peak week inc flu hosp,NA,NA,02,pmf,2025-12-27,0.9871488061837583
2026-05-09,peak week inc flu hosp,NA,NA,02,pmf,2026-01-03,9.971603077783164e-05
2026-05-09,peak week inc flu hosp,NA,NA,02,pmf,2026-01-10,9.971603077783164e-05
2026-05-09,peak week inc flu hosp,NA,NA,02,pmf,2026-01-17,9.971603077783164e-05
2026-05-09,peak week inc flu hosp,NA,NA,02,pmf,2026-01-24,9.971603077783164e-05
2026-05-09,peak week inc flu hosp,NA,NA,02,pmf,2026-01-31,9.971603077783164e-05
2026-05-09,peak week inc flu hosp,NA,NA,02,pmf,2026-02-07,9.971603077783164e-05
2026-05-09,peak week inc flu hosp,NA,NA,02,pmf,2026-02-14,9.971603077783164e-05
2026-05-09,peak week inc flu hosp,NA,NA,02,pmf,2026-02-21,9.971603077783164e-05
2026-05-09,peak week inc flu hosp,NA,NA,02,pmf,2026-02-28,9.971603077783164e-05
2026-05-09,peak week inc flu hosp,NA,NA,02,pmf,2026-03-07,9.971603077783164e-05
2026-05-09,peak week inc flu hosp,NA,NA,02,pmf,2026-03-14,9.971603077783164e-05
2026-05-09,peak week inc flu hosp,NA,NA,02,pmf,2026-03-21,9.971603077783164e-05
2026-05-09,peak week inc flu hosp,NA,NA,02,pmf,2026-03-28,9.971603077783164e-05
2026-05-09,peak week inc flu hosp,NA,NA,02,pmf,2026-04-04,0.00498442769407465
2026-05-09,peak week inc flu hosp,NA,NA,02,pmf,2026-04-11,9.971603077783164e-05
2026-05-09,peak week inc flu hosp,NA,NA,02,pmf,2026-04-18,9.971603077783164e-05
2026-05-09,peak week inc flu hosp,NA,NA,02,pmf,2026-04-25,9.971603077783164e-05
2026-05-09,peak week inc flu hosp,NA,NA,02,pmf,2026-05-02,0.004753161973588274
2026-05-09,peak week inc flu hosp,NA,NA,02,pmf,2026-05-09,0.00012212322524396378
2026-05-09,peak week inc flu hosp,NA,NA,02,pmf,2026-05-16,9.971603077783164e-05
2026-05-09,peak week inc flu hosp,NA,NA,02,pmf,2026-05-23,9.971603077783164e-05
2026-05-09,peak week inc flu hosp,NA,NA,04,pmf,2025-10-04,9.971017074626704e-05
2026-05-09,peak week inc flu hosp,NA,NA,04,pmf,2025-10-11,9.971017074626704e-05
2026-05-09,peak week inc flu hosp,NA,NA,04,pmf,2025-10-18,9.971017074626704e-05
2026-05-09,peak week inc flu hosp,NA,NA,04,pmf,2025-10-25,9.971017074626704e-05
2026-05-09,peak week inc flu hosp,NA,NA,04,pmf,2025-11-01,9.971017074626704e-05
2026-05-09,peak week inc flu hosp,NA,NA,04,pmf,2025-11-08,9.971017074626704e-05
2026-05-09,peak week inc flu hosp,NA,NA,04,pmf,2025-11-15,9.971017074626704e-05
2026-05-09,peak week inc flu hosp,NA,NA,04,pmf,2025-11-22,9.971017074626704e-05
2026-05-09,peak week inc flu hosp,NA,NA,04,pmf,2025-11-29,9.971017074626704e-05
2026-05-09,peak week inc flu hosp,NA,NA,04,pmf,2025-12-06,9.971017074626704e-05
2026-05-09,peak week inc flu hosp,NA,NA,04,pmf,2025-12-13,9.971017074626704e-05
2026-05-09,peak week inc flu hosp,NA,NA,04,pmf,2025-12-20,9.971017074626704e-05
2026-05-09,peak week inc flu hosp,NA,NA,04,pmf,2025-12-27,9.971017074626704e-05
2026-05-09,peak week inc flu hosp,NA,NA,04,pmf,2026-01-03,9.971017074626704e-05
2026-05-09,peak week inc flu hosp,NA,NA,04,pmf,2026-01-10,9.971017074626704e-05
2026-05-09,peak week inc flu hosp,NA,NA,04,pmf,2026-01-17,9.971017074626704e-05
2026-05-09,peak week inc flu hosp,NA,NA,04,pmf,2026-01-24,9.971017074626704e-05
2026-05-09,peak week inc flu hosp,NA,NA,04,pmf,2026-01-31,9.971017074626704e-05
2026-05-09,peak week inc flu hosp,NA,NA,04,pmf,2026-02-07,9.971017074626704e-05
2026-05-09,peak week inc flu hosp,NA,NA,04,pmf,2026-02-14,0.9820538055346845
2026-05-09,peak week inc flu hosp,NA,NA,04,pmf,2026-02-21,9.971017074626704e-05
2026-05-09,peak week inc flu hosp,NA,NA,04,pmf,2026-02-28,0.004985097888301435
2026-05-09,peak week inc flu hosp,NA,NA,04,pmf,2026-03-07,0.004985171462341854
2026-05-09,peak week inc flu hosp,NA,NA,04,pmf,2026-03-14,0.004984619992284282
2026-05-09,peak week inc flu hosp,NA,NA,04,pmf,2026-03-21,9.971017074626704e-05
2026-05-09,peak week inc flu hosp,NA,NA,04,pmf,2026-03-28,9.971017074626704e-05
2026-05-09,peak week inc flu hosp,NA,NA,04,pmf,2026-04-04,9.971017074626704e-05
2026-05-09,peak week inc flu hosp,NA,NA,04,pmf,2026-04-11,9.971017074626704e-05
2026-05-09,peak week inc flu hosp,NA,NA,04,pmf,2026-04-18,9.971017074626704e-05
2026-05-09,peak week inc flu hosp,NA,NA,04,pmf,2026-04-25,9.971017074626704e-05
2026-05-09,peak week inc flu hosp,NA,NA,04,pmf,2026-05-02,9.971017074626704e-05
2026-05-09,peak week inc flu hosp,NA,NA,04,pmf,2026-05-09,9.971017074626704e-05
2026-05-09,peak week inc flu hosp,NA,NA,04,pmf,2026-05-16,9.971017074626704e-05
2026-05-09,peak week inc flu hosp,NA,NA,04,pmf,2026-05-23,9.971017074626704e-05
2026-05-09,peak week inc flu hosp,NA,NA,05,pmf,2025-10-04,9.967674220482817e-05
2026-05-09,peak week inc flu hosp,NA,NA,05,pmf,2025-10-11,9.967674220482817e-05
2026-05-09,peak week inc flu hosp,NA,NA,05,pmf,2025-10-18,9.967674220482817e-05
2026-05-09,peak week inc flu hosp,NA,NA,05,pmf,2025-10-25,9.967674220482817e-05
2026-05-09,peak week inc flu hosp,NA,NA,05,pmf,2025-11-01,9.967674220482817e-05
2026-05-09,peak week inc flu hosp,NA,NA,05,pmf,2025-11-08,9.967674220482817e-05
2026-05-09,peak week inc flu hosp,NA,NA,05,pmf,2025-11-15,9.967674220482817e-05
2026-05-09,peak week inc flu hosp,NA,NA,05,pmf,2025-11-22,9.967674220482817e-05
2026-05-09,peak week inc flu hosp,NA,NA,05,pmf,2025-11-29,9.967674220482817e-05
2026-05-09,peak week inc flu hosp,NA,NA,05,pmf,2025-12-06,9.967674220482817e-05
2026-05-09,peak week inc flu hosp,NA,NA,05,pmf,2025-12-13,9.967674220482817e-05
2026-05-09,peak week inc flu hosp,NA,NA,05,pmf,2025-12-20,9.967674220482817e-05
2026-05-09,peak week inc flu hosp,NA,NA,05,pmf,2025-12-27,0.9967106675072407
2026-05-09,peak week inc flu hosp,NA,NA,05,pmf,2026-01-03,9.967674220482817e-05
2026-05-09,peak week inc flu hosp,NA,NA,05,pmf,2026-01-10,9.967674220482817e-05
2026-05-09,peak week inc flu hosp,NA,NA,05,pmf,2026-01-17,9.967674220482817e-05
2026-05-09,peak week inc flu hosp,NA,NA,05,pmf,2026-01-24,9.967674220482817e-05
2026-05-09,peak week inc flu hosp,NA,NA,05,pmf,2026-01-31,9.967674220482817e-05
2026-05-09,peak week inc flu hosp,NA,NA,05,pmf,2026-02-07,9.967674220482817e-05
2026-05-09,peak week inc flu hosp,NA,NA,05,pmf,2026-02-14,9.967674220482817e-05
2026-05-09,peak week inc flu hosp,NA,NA,05,pmf,2026-02-21,9.967674220482817e-05
2026-05-09,peak week inc flu hosp,NA,NA,05,pmf,2026-02-28,9.967674220482817e-05
2026-05-09,peak week inc flu hosp,NA,NA,05,pmf,2026-03-07,9.967674220482817e-05
2026-05-09,peak week inc flu hosp,NA,NA,05,pmf,2026-03-14,9.967674220482817e-05
2026-05-09,peak week inc flu hosp,NA,NA,05,pmf,2026-03-21,9.967674220482817e-05
2026-05-09,peak week inc flu hosp,NA,NA,05,pmf,2026-03-28,9.967674220482817e-05
2026-05-09,peak week inc flu hosp,NA,NA,05,pmf,2026-04-04,9.967674220482817e-05
2026-05-09,peak week inc flu hosp,NA,NA,05,pmf,2026-04-11,9.967674220482817e-05
2026-05-09,peak week inc flu hosp,NA,NA,05,pmf,2026-04-18,9.967674220482817e-05
2026-05-09,peak week inc flu hosp,NA,NA,05,pmf,2026-04-25,9.967674220482817e-05
2026-05-09,peak week inc flu hosp,NA,NA,05,pmf,2026-05-02,9.967674220482817e-05
2026-05-09,peak week inc flu hosp,NA,NA,05,pmf,2026-05-09,9.967674220482817e-05
2026-05-09,peak week inc flu hosp,NA,NA,05,pmf,2026-05-16,9.967674220482817e-05
2026-05-09,peak week inc flu hosp,NA,NA,05,pmf,2026-05-23,9.967674220482817e-05
2026-05-09,peak week inc flu hosp,NA,NA,06,pmf,2025-10-04,9.967658442580755e-05
2026-05-09,peak week inc flu hosp,NA,NA,06,pmf,2025-10-11,9.967658442580755e-05
2026-05-09,peak week inc flu hosp,NA,NA,06,pmf,2025-10-18,9.967658442580755e-05
2026-05-09,peak week inc flu hosp,NA,NA,06,pmf,2025-10-25,9.967658442580755e-05
2026-05-09,peak week inc flu hosp,NA,NA,06,pmf,2025-11-01,9.967658442580755e-05
2026-05-09,peak week inc flu hosp,NA,NA,06,pmf,2025-11-08,9.967658442580755e-05
2026-05-09,peak week inc flu hosp,NA,NA,06,pmf,2025-11-15,9.967658442580755e-05
2026-05-09,peak week inc flu hosp,NA,NA,06,pmf,2025-11-22,9.967658442580755e-05
2026-05-09,peak week inc flu hosp,NA,NA,06,pmf,2025-11-29,9.967658442580755e-05
2026-05-09,peak week inc flu hosp,NA,NA,06,pmf,2025-12-06,9.967658442580755e-05
2026-05-09,peak week inc flu hosp,NA,NA,06,pmf,2025-12-13,9.967658442580755e-05
2026-05-09,peak week inc flu hosp,NA,NA,06,pmf,2025-12-20,9.967658442580755e-05
2026-05-09,peak week inc flu hosp,NA,NA,06,pmf,2025-12-27,9.967658442580755e-05
2026-05-09,peak week inc flu hosp,NA,NA,06,pmf,2026-01-03,9.967658442580755e-05
2026-05-09,peak week inc flu hosp,NA,NA,06,pmf,2026-01-10,9.967658442580755e-05
2026-05-09,peak week inc flu hosp,NA,NA,06,pmf,2026-01-17,9.967658442580755e-05
2026-05-09,peak week inc flu hosp,NA,NA,06,pmf,2026-01-24,9.967658442580755e-05
2026-05-09,peak week inc flu hosp,NA,NA,06,pmf,2026-01-31,9.967658442580755e-05
2026-05-09,peak week inc flu hosp,NA,NA,06,pmf,2026-02-07,9.967658442580755e-05
2026-05-09,peak week inc flu hosp,NA,NA,06,pmf,2026-02-14,0.9967106727139485
2026-05-09,peak week inc flu hosp,NA,NA,06,pmf,2026-02-21,9.967658442580755e-05
2026-05-09,peak week inc flu hosp,NA,NA,06,pmf,2026-02-28,9.967658442580755e-05
2026-05-09,peak week inc flu hosp,NA,NA,06,pmf,2026-03-07,9.967658442580755e-05
2026-05-09,peak week inc flu hosp,NA,NA,06,pmf,2026-03-14,9.967658442580755e-05
2026-05-09,peak week inc flu hosp,NA,NA,06,pmf,2026-03-21,9.967658442580755e-05
2026-05-09,peak week inc flu hosp,NA,NA,06,pmf,2026-03-28,9.967658442580755e-05
2026-05-09,peak week inc flu hosp,NA,NA,06,pmf,2026-04-04,9.967658442580755e-05
2026-05-09,peak week inc flu hosp,NA,NA,06,pmf,2026-04-11,9.967658442580755e-05
2026-05-09,peak week inc flu hosp,NA,NA,06,pmf,2026-04-18,9.967658442580755e-05
2026-05-09,peak week inc flu hosp,NA,NA,06,pmf,2026-04-25,9.967658442580755e-05
2026-05-09,peak week inc flu hosp,NA,NA,06,pmf,2026-05-02,9.967658442580755e-05
2026-05-09,peak week inc flu hosp,NA,NA,06,pmf,2026-05-09,9.967658442580755e-05
2026-05-09,peak week inc flu hosp,NA,NA,06,pmf,2026-05-16,9.967658442580755e-05
2026-05-09,peak week inc flu hosp,NA,NA,06,pmf,2026-05-23,9.967658442580755e-05
2026-05-09,peak week inc flu hosp,NA,NA,08,pmf,2025-10-04,9.97036600052651e-05
2026-05-09,peak week inc flu hosp,NA,NA,08,pmf,2025-10-11,9.97036600052651e-05
2026-05-09,peak week inc flu hosp,NA,NA,08,pmf,2025-10-18,9.97036600052651e-05
2026-05-09,peak week inc flu hosp,NA,NA,08,pmf,2025-10-25,9.97036600052651e-05
2026-05-09,peak week inc flu hosp,NA,NA,08,pmf,2025-11-01,9.97036600052651e-05
2026-05-09,peak week inc flu hosp,NA,NA,08,pmf,2025-11-08,9.97036600052651e-05
2026-05-09,peak week inc flu hosp,NA,NA,08,pmf,2025-11-15,9.97036600052651e-05
2026-05-09,peak week inc flu hosp,NA,NA,08,pmf,2025-11-22,9.97036600052651e-05
2026-05-09,peak week inc flu hosp,NA,NA,08,pmf,2025-11-29,9.97036600052651e-05
2026-05-09,peak week inc flu hosp,NA,NA,08,pmf,2025-12-06,9.97036600052651e-05
2026-05-09,peak week inc flu hosp,NA,NA,08,pmf,2025-12-13,9.97036600052651e-05
2026-05-09,peak week inc flu hosp,NA,NA,08,pmf,2025-12-20,9.97036600052651e-05
2026-05-09,peak week inc flu hosp,NA,NA,08,pmf,2025-12-27,9.97036600052651e-05
2026-05-09,peak week inc flu hosp,NA,NA,08,pmf,2026-01-03,0.9920041300577487
2026-05-09,peak week inc flu hosp,NA,NA,08,pmf,2026-01-10,9.97036600052651e-05
2026-05-09,peak week inc flu hosp,NA,NA,08,pmf,2026-01-17,9.97036600052651e-05
2026-05-09,peak week inc flu hosp,NA,NA,08,pmf,2026-01-24,9.97036600052651e-05
2026-05-09,peak week inc flu hosp,NA,NA,08,pmf,2026-01-31,9.97036600052651e-05
2026-05-09,peak week inc flu hosp,NA,NA,08,pmf,2026-02-07,9.97036600052651e-05
2026-05-09,peak week inc flu hosp,NA,NA,08,pmf,2026-02-14,9.97036600052651e-05
2026-05-09,peak week inc flu hosp,NA,NA,08,pmf,2026-02-21,9.97036600052651e-05
2026-05-09,peak week inc flu hosp,NA,NA,08,pmf,2026-02-28,9.97036600052651e-05
2026-05-09,peak week inc flu hosp,NA,NA,08,pmf,2026-03-07,9.97036600052651e-05
2026-05-09,peak week inc flu hosp,NA,NA,08,pmf,2026-03-14,9.97036600052651e-05
2026-05-09,peak week inc flu hosp,NA,NA,08,pmf,2026-03-21,9.97036600052651e-05
2026-05-09,peak week inc flu hosp,NA,NA,08,pmf,2026-03-28,9.97036600052651e-05
2026-05-09,peak week inc flu hosp,NA,NA,08,pmf,2026-04-04,9.97036600052651e-05
2026-05-09,peak week inc flu hosp,NA,NA,08,pmf,2026-04-11,9.97036600052651e-05
2026-05-09,peak week inc flu hosp,NA,NA,08,pmf,2026-04-18,9.97036600052651e-05
2026-05-09,peak week inc flu hosp,NA,NA,08,pmf,2026-04-25,9.97036600052651e-05
2026-05-09,peak week inc flu hosp,NA,NA,08,pmf,2026-05-02,0.004736434256666232
2026-05-09,peak week inc flu hosp,NA,NA,08,pmf,2026-05-09,0.00016862222542196628
2026-05-09,peak week inc flu hosp,NA,NA,08,pmf,2026-05-16,9.97036600052651e-05
2026-05-09,peak week inc flu hosp,NA,NA,08,pmf,2026-05-23,9.97036600052651e-05
2026-05-09,peak week inc flu hosp,NA,NA,09,pmf,2025-10-04,9.968499686089845e-05
2026-05-09,peak week inc flu hosp,NA,NA,09,pmf,2025-10-11,9.968499686089845e-05
2026-05-09,peak week inc flu hosp,NA,NA,09,pmf,2025-10-18,9.968499686089845e-05
2026-05-09,peak week inc flu hosp,NA,NA,09,pmf,2025-10-25,9.968499686089845e-05
2026-05-09,peak week inc flu hosp,NA,NA,09,pmf,2025-11-01,9.968499686089845e-05
2026-05-09,peak week inc flu hosp,NA,NA,09,pmf,2025-11-08,9.968499686089845e-05
2026-05-09,peak week inc flu hosp,NA,NA,09,pmf,2025-11-15,9.968499686089845e-05
2026-05-09,peak week inc flu hosp,NA,NA,09,pmf,2025-11-22,9.968499686089845e-05
2026-05-09,peak week inc flu hosp,NA,NA,09,pmf,2025-11-29,9.968499686089845e-05
2026-05-09,peak week inc flu hosp,NA,NA,09,pmf,2025-12-06,9.968499686089845e-05
2026-05-09,peak week inc flu hosp,NA,NA,09,pmf,2025-12-13,9.968499686089845e-05
2026-05-09,peak week inc flu hosp,NA,NA,09,pmf,2025-12-20,9.968499686089845e-05
2026-05-09,peak week inc flu hosp,NA,NA,09,pmf,2025-12-27,9.968499686089845e-05
2026-05-09,peak week inc flu hosp,NA,NA,09,pmf,2026-01-03,0.9918264237151831
2026-05-09,peak week inc flu hosp,NA,NA,09,pmf,2026-01-10,9.968499686089845e-05
2026-05-09,peak week inc flu hosp,NA,NA,09,pmf,2026-01-17,9.968499686089845e-05
2026-05-09,peak week inc flu hosp,NA,NA,09,pmf,2026-01-24,9.968499686089845e-05
2026-05-09,peak week inc flu hosp,NA,NA,09,pmf,2026-01-31,9.968499686089845e-05
2026-05-09,peak week inc flu hosp,NA,NA,09,pmf,2026-02-07,9.968499686089845e-05
2026-05-09,peak week inc flu hosp,NA,NA,09,pmf,2026-02-14,9.968499686089845e-05
2026-05-09,peak week inc flu hosp,NA,NA,09,pmf,2026-02-21,9.968499686089845e-05
2026-05-09,peak week inc flu hosp,NA,NA,09,pmf,2026-02-28,9.968499686089845e-05
2026-05-09,peak week inc flu hosp,NA,NA,09,pmf,2026-03-07,9.968499686089845e-05
2026-05-09,peak week inc flu hosp,NA,NA,09,pmf,2026-03-14,9.968499686089845e-05
2026-05-09,peak week inc flu hosp,NA,NA,09,pmf,2026-03-21,9.968499686089845e-05
2026-05-09,peak week inc flu hosp,NA,NA,09,pmf,2026-03-28,0.0049836563852682795
2026-05-09,peak week inc flu hosp,NA,NA,09,pmf,2026-04-04,9.968499686089845e-05
2026-05-09,peak week inc flu hosp,NA,NA,09,pmf,2026-04-11,9.968499686089845e-05
2026-05-09,peak week inc flu hosp,NA,NA,09,pmf,2026-04-18,9.968499686089845e-05
2026-05-09,peak week inc flu hosp,NA,NA,09,pmf,2026-04-25,9.968499686089845e-05
2026-05-09,peak week inc flu hosp,NA,NA,09,pmf,2026-05-02,9.968499686089845e-05
2026-05-09,peak week inc flu hosp,NA,NA,09,pmf,2026-05-09,9.968499686089845e-05
2026-05-09,peak week inc flu hosp,NA,NA,09,pmf,2026-05-16,9.968499686089845e-05
2026-05-09,peak week inc flu hosp,NA,NA,09,pmf,2026-05-23,9.968499686089845e-05
2026-05-09,peak week inc flu hosp,NA,NA,10,pmf,2025-10-04,9.967571455911282e-05
2026-05-09,peak week inc flu hosp,NA,NA,10,pmf,2025-10-11,9.967571455911282e-05
2026-05-09,peak week inc flu hosp,NA,NA,10,pmf,2025-10-18,9.967571455911282e-05
2026-05-09,peak week inc flu hosp,NA,NA,10,pmf,2025-10-25,9.967571455911282e-05
2026-05-09,peak week inc flu hosp,NA,NA,10,pmf,2025-11-01,9.967571455911282e-05
2026-05-09,peak week inc flu hosp,NA,NA,10,pmf,2025-11-08,9.967571455911282e-05
2026-05-09,peak week inc flu hosp,NA,NA,10,pmf,2025-11-15,9.967571455911282e-05
2026-05-09,peak week inc flu hosp,NA,NA,10,pmf,2025-11-22,9.967571455911282e-05
2026-05-09,peak week inc flu hosp,NA,NA,10,pmf,2025-11-29,9.967571455911282e-05
2026-05-09,peak week inc flu hosp,NA,NA,10,pmf,2025-12-06,9.967571455911282e-05
2026-05-09,peak week inc flu hosp,NA,NA,10,pmf,2025-12-13,9.967571455911282e-05
2026-05-09,peak week inc flu hosp,NA,NA,10,pmf,2025-12-20,9.967571455911282e-05
2026-05-09,peak week inc flu hosp,NA,NA,10,pmf,2025-12-27,0.9967107014195493
2026-05-09,peak week inc flu hosp,NA,NA,10,pmf,2026-01-03,9.967571455911282e-05
2026-05-09,peak week inc flu hosp,NA,NA,10,pmf,2026-01-10,9.967571455911282e-05
2026-05-09,peak week inc flu hosp,NA,NA,10,pmf,2026-01-17,9.967571455911282e-05
2026-05-09,peak week inc flu hosp,NA,NA,10,pmf,2026-01-24,9.967571455911282e-05
2026-05-09,peak week inc flu hosp,NA,NA,10,pmf,2026-01-31,9.967571455911282e-05
2026-05-09,peak week inc flu hosp,NA,NA,10,pmf,2026-02-07,9.967571455911282e-05
2026-05-09,peak week inc flu hosp,NA,NA,10,pmf,2026-02-14,9.967571455911282e-05
2026-05-09,peak week inc flu hosp,NA,NA,10,pmf,2026-02-21,9.967571455911282e-05
2026-05-09,peak week inc flu hosp,NA,NA,10,pmf,2026-02-28,9.967571455911282e-05
2026-05-09,peak week inc flu hosp,NA,NA,10,pmf,2026-03-07,9.967571455911282e-05
2026-05-09,peak week inc flu hosp,NA,NA,10,pmf,2026-03-14,9.967571455911282e-05
2026-05-09,peak week inc flu hosp,NA,NA,10,pmf,2026-03-21,9.967571455911282e-05
2026-05-09,peak week inc flu hosp,NA,NA,10,pmf,2026-03-28,9.967571455911282e-05
2026-05-09,peak week inc flu hosp,NA,NA,10,pmf,2026-04-04,9.967571455911282e-05
2026-05-09,peak week inc flu hosp,NA,NA,10,pmf,2026-04-11,9.967571455911282e-05
2026-05-09,peak week inc flu hosp,NA,NA,10,pmf,2026-04-18,9.967571455911282e-05
2026-05-09,peak week inc flu hosp,NA,NA,10,pmf,2026-04-25,9.967571455911282e-05
2026-05-09,peak week inc flu hosp,NA,NA,10,pmf,2026-05-02,9.967571455911282e-05
2026-05-09,peak week inc flu hosp,NA,NA,10,pmf,2026-05-09,9.967571455911282e-05
2026-05-09,peak week inc flu hosp,NA,NA,10,pmf,2026-05-16,9.967571455911282e-05
2026-05-09,peak week inc flu hosp,NA,NA,10,pmf,2026-05-23,9.967571455911282e-05
2026-05-09,peak week inc flu hosp,NA,NA,11,pmf,2025-10-04,9.970001298827763e-05
2026-05-09,peak week inc flu hosp,NA,NA,11,pmf,2025-10-11,9.970001298827763e-05
2026-05-09,peak week inc flu hosp,NA,NA,11,pmf,2025-10-18,9.970001298827763e-05
2026-05-09,peak week inc flu hosp,NA,NA,11,pmf,2025-10-25,9.970001298827763e-05
2026-05-09,peak week inc flu hosp,NA,NA,11,pmf,2025-11-01,9.970001298827763e-05
2026-05-09,peak week inc flu hosp,NA,NA,11,pmf,2025-11-08,9.970001298827763e-05
2026-05-09,peak week inc flu hosp,NA,NA,11,pmf,2025-11-15,9.970001298827763e-05
2026-05-09,peak week inc flu hosp,NA,NA,11,pmf,2025-11-22,9.970001298827763e-05
2026-05-09,peak week inc flu hosp,NA,NA,11,pmf,2025-11-29,9.970001298827763e-05
2026-05-09,peak week inc flu hosp,NA,NA,11,pmf,2025-12-06,9.970001298827763e-05
2026-05-09,peak week inc flu hosp,NA,NA,11,pmf,2025-12-13,9.970001298827763e-05
2026-05-09,peak week inc flu hosp,NA,NA,11,pmf,2025-12-20,9.970001298827763e-05
2026-05-09,peak week inc flu hosp,NA,NA,11,pmf,2025-12-27,9.970001298827763e-05
2026-05-09,peak week inc flu hosp,NA,NA,11,pmf,2026-01-03,0.9919711235400354
2026-05-09,peak week inc flu hosp,NA,NA,11,pmf,2026-01-10,9.970001298827763e-05
2026-05-09,peak week inc flu hosp,NA,NA,11,pmf,2026-01-17,9.970001298827763e-05
2026-05-09,peak week inc flu hosp,NA,NA,11,pmf,2026-01-24,9.970001298827763e-05
2026-05-09,peak week inc flu hosp,NA,NA,11,pmf,2026-01-31,9.970001298827763e-05
2026-05-09,peak week inc flu hosp,NA,NA,11,pmf,2026-02-07,9.970001298827763e-05
2026-05-09,peak week inc flu hosp,NA,NA,11,pmf,2026-02-14,9.970001298827763e-05
2026-05-09,peak week inc flu hosp,NA,NA,11,pmf,2026-02-21,9.970001298827763e-05
2026-05-09,peak week inc flu hosp,NA,NA,11,pmf,2026-02-28,9.970001298827763e-05
2026-05-09,peak week inc flu hosp,NA,NA,11,pmf,2026-03-07,9.970001298827763e-05
2026-05-09,peak week inc flu hosp,NA,NA,11,pmf,2026-03-14,9.970001298827763e-05
2026-05-09,peak week inc flu hosp,NA,NA,11,pmf,2026-03-21,9.970001298827763e-05
2026-05-09,peak week inc flu hosp,NA,NA,11,pmf,2026-03-28,9.970001298827763e-05
2026-05-09,peak week inc flu hosp,NA,NA,11,pmf,2026-04-04,9.970001298827763e-05
2026-05-09,peak week inc flu hosp,NA,NA,11,pmf,2026-04-11,9.970001298827763e-05
2026-05-09,peak week inc flu hosp,NA,NA,11,pmf,2026-04-18,9.970001298827763e-05
2026-05-09,peak week inc flu hosp,NA,NA,11,pmf,2026-04-25,9.970001298827763e-05
2026-05-09,peak week inc flu hosp,NA,NA,11,pmf,2026-05-02,0.004838476044339924
2026-05-09,peak week inc flu hosp,NA,NA,11,pmf,2026-05-09,9.970001298827763e-05
2026-05-09,peak week inc flu hosp,NA,NA,11,pmf,2026-05-16,9.970001298827763e-05
2026-05-09,peak week inc flu hosp,NA,NA,11,pmf,2026-05-23,9.970001298827763e-05
2026-05-09,peak week inc flu hosp,NA,NA,12,pmf,2025-10-04,9.968579116451582e-05
2026-05-09,peak week inc flu hosp,NA,NA,12,pmf,2025-10-11,9.968579116451582e-05
2026-05-09,peak week inc flu hosp,NA,NA,12,pmf,2025-10-18,9.968579116451582e-05
2026-05-09,peak week inc flu hosp,NA,NA,12,pmf,2025-10-25,9.968579116451582e-05
2026-05-09,peak week inc flu hosp,NA,NA,12,pmf,2025-11-01,9.968579116451582e-05
2026-05-09,peak week inc flu hosp,NA,NA,12,pmf,2025-11-08,9.968579116451582e-05
2026-05-09,peak week inc flu hosp,NA,NA,12,pmf,2025-11-15,9.968579116451582e-05
2026-05-09,peak week inc flu hosp,NA,NA,12,pmf,2025-11-22,9.968579116451582e-05
2026-05-09,peak week inc flu hosp,NA,NA,12,pmf,2025-11-29,9.968579116451582e-05
2026-05-09,peak week inc flu hosp,NA,NA,12,pmf,2025-12-06,9.968579116451582e-05
2026-05-09,peak week inc flu hosp,NA,NA,12,pmf,2025-12-13,9.968579116451582e-05
2026-05-09,peak week inc flu hosp,NA,NA,12,pmf,2025-12-20,9.968579116451582e-05
2026-05-09,peak week inc flu hosp,NA,NA,12,pmf,2025-12-27,9.968579116451582e-05
2026-05-09,peak week inc flu hosp,NA,NA,12,pmf,2026-01-03,0.9918259938977104
2026-05-09,peak week inc flu hosp,NA,NA,12,pmf,2026-01-10,9.968579116451582e-05
2026-05-09,peak week inc flu hosp,NA,NA,12,pmf,2026-01-17,9.968579116451582e-05
2026-05-09,peak week inc flu hosp,NA,NA,12,pmf,2026-01-24,9.968579116451582e-05
2026-05-09,peak week inc flu hosp,NA,NA,12,pmf,2026-01-31,9.968579116451582e-05
2026-05-09,peak week inc flu hosp,NA,NA,12,pmf,2026-02-07,9.968579116451582e-05
2026-05-09,peak week inc flu hosp,NA,NA,12,pmf,2026-02-14,9.968579116451582e-05
2026-05-09,peak week inc flu hosp,NA,NA,12,pmf,2026-02-21,9.968579116451582e-05
2026-05-09,peak week inc flu hosp,NA,NA,12,pmf,2026-02-28,0.004984060785025287
2026-05-09,peak week inc flu hosp,NA,NA,12,pmf,2026-03-07,9.968579116451582e-05
2026-05-09,peak week inc flu hosp,NA,NA,12,pmf,2026-03-14,9.968579116451582e-05
2026-05-09,peak week inc flu hosp,NA,NA,12,pmf,2026-03-21,9.968579116451582e-05
2026-05-09,peak week inc flu hosp,NA,NA,12,pmf,2026-03-28,9.968579116451582e-05
2026-05-09,peak week inc flu hosp,NA,NA,12,pmf,2026-04-04,9.968579116451582e-05
2026-05-09,peak week inc flu hosp,NA,NA,12,pmf,2026-04-11,9.968579116451582e-05
2026-05-09,peak week inc flu hosp,NA,NA,12,pmf,2026-04-18,9.968579116451582e-05
2026-05-09,peak week inc flu hosp,NA,NA,12,pmf,2026-04-25,9.968579116451582e-05
2026-05-09,peak week inc flu hosp,NA,NA,12,pmf,2026-05-02,9.968579116451582e-05
2026-05-09,peak week inc flu hosp,NA,NA,12,pmf,2026-05-09,9.968579116451582e-05
2026-05-09,peak week inc flu hosp,NA,NA,12,pmf,2026-05-16,9.968579116451582e-05
2026-05-09,peak week inc flu hosp,NA,NA,12,pmf,2026-05-23,9.968579116451582e-05
2026-05-09,peak week inc flu hosp,NA,NA,13,pmf,2025-10-04,9.967626174635404e-05
2026-05-09,peak week inc flu hosp,NA,NA,13,pmf,2025-10-11,9.967626174635404e-05
2026-05-09,peak week inc flu hosp,NA,NA,13,pmf,2025-10-18,9.967626174635404e-05
2026-05-09,peak week inc flu hosp,NA,NA,13,pmf,2025-10-25,9.967626174635404e-05
2026-05-09,peak week inc flu hosp,NA,NA,13,pmf,2025-11-01,9.967626174635404e-05
2026-05-09,peak week inc flu hosp,NA,NA,13,pmf,2025-11-08,9.967626174635404e-05
2026-05-09,peak week inc flu hosp,NA,NA,13,pmf,2025-11-15,9.967626174635404e-05
2026-05-09,peak week inc flu hosp,NA,NA,13,pmf,2025-11-22,9.967626174635404e-05
2026-05-09,peak week inc flu hosp,NA,NA,13,pmf,2025-11-29,9.967626174635404e-05
2026-05-09,peak week inc flu hosp,NA,NA,13,pmf,2025-12-06,9.967626174635404e-05
2026-05-09,peak week inc flu hosp,NA,NA,13,pmf,2025-12-13,9.967626174635404e-05
2026-05-09,peak week inc flu hosp,NA,NA,13,pmf,2025-12-20,9.967626174635404e-05
2026-05-09,peak week inc flu hosp,NA,NA,13,pmf,2025-12-27,0.9967106833623703
2026-05-09,peak week inc flu hosp,NA,NA,13,pmf,2026-01-03,9.967626174635404e-05
2026-05-09,peak week inc flu hosp,NA,NA,13,pmf,2026-01-10,9.967626174635404e-05
2026-05-09,peak week inc flu hosp,NA,NA,13,pmf,2026-01-17,9.967626174635404e-05
2026-05-09,peak week inc flu hosp,NA,NA,13,pmf,2026-01-24,9.967626174635404e-05
2026-05-09,peak week inc flu hosp,NA,NA,13,pmf,2026-01-31,9.967626174635404e-05
2026-05-09,peak week inc flu hosp,NA,NA,13,pmf,2026-02-07,9.967626174635404e-05
2026-05-09,peak week inc flu hosp,NA,NA,13,pmf,2026-02-14,9.967626174635404e-05
2026-05-09,peak week inc flu hosp,NA,NA,13,pmf,2026-02-21,9.967626174635404e-05
2026-05-09,peak week inc flu hosp,NA,NA,13,pmf,2026-02-28,9.967626174635404e-05
2026-05-09,peak week inc flu hosp,NA,NA,13,pmf,2026-03-07,9.967626174635404e-05
2026-05-09,peak week inc flu hosp,NA,NA,13,pmf,2026-03-14,9.967626174635404e-05
2026-05-09,peak week inc flu hosp,NA,NA,13,pmf,2026-03-21,9.967626174635404e-05
2026-05-09,peak week inc flu hosp,NA,NA,13,pmf,2026-03-28,9.967626174635404e-05
2026-05-09,peak week inc flu hosp,NA,NA,13,pmf,2026-04-04,9.967626174635404e-05
2026-05-09,peak week inc flu hosp,NA,NA,13,pmf,2026-04-11,9.967626174635404e-05
2026-05-09,peak week inc flu hosp,NA,NA,13,pmf,2026-04-18,9.967626174635404e-05
2026-05-09,peak week inc flu hosp,NA,NA,13,pmf,2026-04-25,9.967626174635404e-05
2026-05-09,peak week inc flu hosp,NA,NA,13,pmf,2026-05-02,9.967626174635404e-05
2026-05-09,peak week inc flu hosp,NA,NA,13,pmf,2026-05-09,9.967626174635404e-05
2026-05-09,peak week inc flu hosp,NA,NA,13,pmf,2026-05-16,9.967626174635404e-05
2026-05-09,peak week inc flu hosp,NA,NA,13,pmf,2026-05-23,9.967626174635404e-05
2026-05-09,peak week inc flu hosp,NA,NA,15,pmf,2025-10-04,9.970713180496324e-05
2026-05-09,peak week inc flu hosp,NA,NA,15,pmf,2025-10-11,9.970713180496324e-05
2026-05-09,peak week inc flu hosp,NA,NA,15,pmf,2025-10-18,9.970713180496324e-05
2026-05-09,peak week inc flu hosp,NA,NA,15,pmf,2025-10-25,9.970713180496324e-05
2026-05-09,peak week inc flu hosp,NA,NA,15,pmf,2025-11-01,9.970713180496324e-05
2026-05-09,peak week inc flu hosp,NA,NA,15,pmf,2025-11-08,9.970713180496324e-05
2026-05-09,peak week inc flu hosp,NA,NA,15,pmf,2025-11-15,9.970713180496324e-05
2026-05-09,peak week inc flu hosp,NA,NA,15,pmf,2025-11-22,9.970713180496324e-05
2026-05-09,peak week inc flu hosp,NA,NA,15,pmf,2025-11-29,9.970713180496324e-05
2026-05-09,peak week inc flu hosp,NA,NA,15,pmf,2025-12-06,9.970713180496324e-05
2026-05-09,peak week inc flu hosp,NA,NA,15,pmf,2025-12-13,9.970713180496324e-05
2026-05-09,peak week inc flu hosp,NA,NA,15,pmf,2025-12-20,9.970713180496324e-05
2026-05-09,peak week inc flu hosp,NA,NA,15,pmf,2025-12-27,9.970713180496324e-05
2026-05-09,peak week inc flu hosp,NA,NA,15,pmf,2026-01-03,0.99184263885437
2026-05-09,peak week inc flu hosp,NA,NA,15,pmf,2026-01-10,9.970713180496324e-05
2026-05-09,peak week inc flu hosp,NA,NA,15,pmf,2026-01-17,9.970713180496324e-05
2026-05-09,peak week inc flu hosp,NA,NA,15,pmf,2026-01-24,9.970713180496324e-05
2026-05-09,peak week inc flu hosp,NA,NA,15,pmf,2026-01-31,9.970713180496324e-05
2026-05-09,peak week inc flu hosp,NA,NA,15,pmf,2026-02-07,9.970713180496324e-05
2026-05-09,peak week inc flu hosp,NA,NA,15,pmf,2026-02-14,9.970713180496324e-05
2026-05-09,peak week inc flu hosp,NA,NA,15,pmf,2026-02-21,9.970713180496324e-05
2026-05-09,peak week inc flu hosp,NA,NA,15,pmf,2026-02-28,9.970713180496324e-05
2026-05-09,peak week inc flu hosp,NA,NA,15,pmf,2026-03-07,9.970713180496324e-05
2026-05-09,peak week inc flu hosp,NA,NA,15,pmf,2026-03-14,9.970713180496324e-05
2026-05-09,peak week inc flu hosp,NA,NA,15,pmf,2026-03-21,9.970713180496324e-05
2026-05-09,peak week inc flu hosp,NA,NA,15,pmf,2026-03-28,9.970713180496324e-05
2026-05-09,peak week inc flu hosp,NA,NA,15,pmf,2026-04-04,9.970713180496324e-05
2026-05-09,peak week inc flu hosp,NA,NA,15,pmf,2026-04-11,9.970713180496324e-05
2026-05-09,peak week inc flu hosp,NA,NA,15,pmf,2026-04-18,9.970713180496324e-05
2026-05-09,peak week inc flu hosp,NA,NA,15,pmf,2026-04-25,9.970713180496324e-05
2026-05-09,peak week inc flu hosp,NA,NA,15,pmf,2026-05-02,0.004887825430874518
2026-05-09,peak week inc flu hosp,NA,NA,15,pmf,2026-05-09,9.970713180496324e-05
2026-05-09,peak week inc flu hosp,NA,NA,15,pmf,2026-05-16,9.970713180496324e-05
2026-05-09,peak week inc flu hosp,NA,NA,15,pmf,2026-05-23,0.00017861462880176568
2026-05-09,peak week inc flu hosp,NA,NA,16,pmf,2025-10-04,9.968567831134701e-05
2026-05-09,peak week inc flu hosp,NA,NA,16,pmf,2025-10-11,9.968567831134701e-05
2026-05-09,peak week inc flu hosp,NA,NA,16,pmf,2025-10-18,9.968567831134701e-05
2026-05-09,peak week inc flu hosp,NA,NA,16,pmf,2025-10-25,9.968567831134701e-05
2026-05-09,peak week inc flu hosp,NA,NA,16,pmf,2025-11-01,9.968567831134701e-05
2026-05-09,peak week inc flu hosp,NA,NA,16,pmf,2025-11-08,9.968567831134701e-05
2026-05-09,peak week inc flu hosp,NA,NA,16,pmf,2025-11-15,9.968567831134701e-05
2026-05-09,peak week inc flu hosp,NA,NA,16,pmf,2025-11-22,9.968567831134701e-05
2026-05-09,peak week inc flu hosp,NA,NA,16,pmf,2025-11-29,9.968567831134701e-05
2026-05-09,peak week inc flu hosp,NA,NA,16,pmf,2025-12-06,9.968567831134701e-05
2026-05-09,peak week inc flu hosp,NA,NA,16,pmf,2025-12-13,9.968567831134701e-05
2026-05-09,peak week inc flu hosp,NA,NA,16,pmf,2025-12-20,9.968567831134701e-05
2026-05-09,peak week inc flu hosp,NA,NA,16,pmf,2025-12-27,9.968567831134701e-05
2026-05-09,peak week inc flu hosp,NA,NA,16,pmf,2026-01-03,0.9868419564785971
2026-05-09,peak week inc flu hosp,NA,NA,16,pmf,2026-01-10,9.968567831134701e-05
2026-05-09,peak week inc flu hosp,NA,NA,16,pmf,2026-01-17,9.968567831134701e-05
2026-05-09,peak week inc flu hosp,NA,NA,16,pmf,2026-01-24,9.968567831134701e-05
2026-05-09,peak week inc flu hosp,NA,NA,16,pmf,2026-01-31,9.968567831134701e-05
2026-05-09,peak week inc flu hosp,NA,NA,16,pmf,2026-02-07,9.968567831134701e-05
2026-05-09,peak week inc flu hosp,NA,NA,16,pmf,2026-02-14,9.968567831134701e-05
2026-05-09,peak week inc flu hosp,NA,NA,16,pmf,2026-02-21,9.968567831134701e-05
2026-05-09,peak week inc flu hosp,NA,NA,16,pmf,2026-02-28,0.009968101815439922
2026-05-09,peak week inc flu hosp,NA,NA,16,pmf,2026-03-07,9.968567831134701e-05
2026-05-09,peak week inc flu hosp,NA,NA,16,pmf,2026-03-14,9.968567831134701e-05
2026-05-09,peak week inc flu hosp,NA,NA,16,pmf,2026-03-21,9.968567831134701e-05
2026-05-09,peak week inc flu hosp,NA,NA,16,pmf,2026-03-28,9.968567831134701e-05
2026-05-09,peak week inc flu hosp,NA,NA,16,pmf,2026-04-04,9.968567831134701e-05
2026-05-09,peak week inc flu hosp,NA,NA,16,pmf,2026-04-11,9.968567831134701e-05
2026-05-09,peak week inc flu hosp,NA,NA,16,pmf,2026-04-18,9.968567831134701e-05
2026-05-09,peak week inc flu hosp,NA,NA,16,pmf,2026-04-25,9.968567831134701e-05
2026-05-09,peak week inc flu hosp,NA,NA,16,pmf,2026-05-02,9.968567831134701e-05
2026-05-09,peak week inc flu hosp,NA,NA,16,pmf,2026-05-09,9.968567831134701e-05
2026-05-09,peak week inc flu hosp,NA,NA,16,pmf,2026-05-16,9.968567831134701e-05
2026-05-09,peak week inc flu hosp,NA,NA,16,pmf,2026-05-23,9.968567831134701e-05
2026-05-09,peak week inc flu hosp,NA,NA,17,pmf,2025-10-04,9.967471358389444e-05
2026-05-09,peak week inc flu hosp,NA,NA,17,pmf,2025-10-11,9.967471358389444e-05
2026-05-09,peak week inc flu hosp,NA,NA,17,pmf,2025-10-18,9.967471358389444e-05
2026-05-09,peak week inc flu hosp,NA,NA,17,pmf,2025-10-25,9.967471358389444e-05
2026-05-09,peak week inc flu hosp,NA,NA,17,pmf,2025-11-01,9.967471358389444e-05
2026-05-09,peak week inc flu hosp,NA,NA,17,pmf,2025-11-08,9.967471358389444e-05
2026-05-09,peak week inc flu hosp,NA,NA,17,pmf,2025-11-15,9.967471358389444e-05
2026-05-09,peak week inc flu hosp,NA,NA,17,pmf,2025-11-22,9.967471358389444e-05
2026-05-09,peak week inc flu hosp,NA,NA,17,pmf,2025-11-29,9.967471358389444e-05
2026-05-09,peak week inc flu hosp,NA,NA,17,pmf,2025-12-06,9.967471358389444e-05
2026-05-09,peak week inc flu hosp,NA,NA,17,pmf,2025-12-13,9.967471358389444e-05
2026-05-09,peak week inc flu hosp,NA,NA,17,pmf,2025-12-20,9.967471358389444e-05
2026-05-09,peak week inc flu hosp,NA,NA,17,pmf,2025-12-27,9.967471358389444e-05
2026-05-09,peak week inc flu hosp,NA,NA,17,pmf,2026-01-03,0.9967107344517315
2026-05-09,peak week inc flu hosp,NA,NA,17,pmf,2026-01-10,9.967471358389444e-05
2026-05-09,peak week inc flu hosp,NA,NA,17,pmf,2026-01-17,9.967471358389444e-05
2026-05-09,peak week inc flu hosp,NA,NA,17,pmf,2026-01-24,9.967471358389444e-05
2026-05-09,peak week inc flu hosp,NA,NA,17,pmf,2026-01-31,9.967471358389444e-05
2026-05-09,peak week inc flu hosp,NA,NA,17,pmf,2026-02-07,9.967471358389444e-05
2026-05-09,peak week inc flu hosp,NA,NA,17,pmf,2026-02-14,9.967471358389444e-05
2026-05-09,peak week inc flu hosp,NA,NA,17,pmf,2026-02-21,9.967471358389444e-05
2026-05-09,peak week inc flu hosp,NA,NA,17,pmf,2026-02-28,9.967471358389444e-05
2026-05-09,peak week inc flu hosp,NA,NA,17,pmf,2026-03-07,9.967471358389444e-05
2026-05-09,peak week inc flu hosp,NA,NA,17,pmf,2026-03-14,9.967471358389444e-05
2026-05-09,peak week inc flu hosp,NA,NA,17,pmf,2026-03-21,9.967471358389444e-05
2026-05-09,peak week inc flu hosp,NA,NA,17,pmf,2026-03-28,9.967471358389444e-05
2026-05-09,peak week inc flu hosp,NA,NA,17,pmf,2026-04-04,9.967471358389444e-05
2026-05-09,peak week inc flu hosp,NA,NA,17,pmf,2026-04-11,9.967471358389444e-05
2026-05-09,peak week inc flu hosp,NA,NA,17,pmf,2026-04-18,9.967471358389444e-05
2026-05-09,peak week inc flu hosp,NA,NA,17,pmf,2026-04-25,9.967471358389444e-05
2026-05-09,peak week inc flu hosp,NA,NA,17,pmf,2026-05-02,9.967471358389444e-05
2026-05-09,peak week inc flu hosp,NA,NA,17,pmf,2026-05-09,9.967471358389444e-05
2026-05-09,peak week inc flu hosp,NA,NA,17,pmf,2026-05-16,9.967471358389444e-05
2026-05-09,peak week inc flu hosp,NA,NA,17,pmf,2026-05-23,9.967471358389444e-05
2026-05-09,peak week inc flu hosp,NA,NA,18,pmf,2025-10-04,9.96755322473387e-05
2026-05-09,peak week inc flu hosp,NA,NA,18,pmf,2025-10-11,9.96755322473387e-05
2026-05-09,peak week inc flu hosp,NA,NA,18,pmf,2025-10-18,9.96755322473387e-05
2026-05-09,peak week inc flu hosp,NA,NA,18,pmf,2025-10-25,9.96755322473387e-05
2026-05-09,peak week inc flu hosp,NA,NA,18,pmf,2025-11-01,9.96755322473387e-05
2026-05-09,peak week inc flu hosp,NA,NA,18,pmf,2025-11-08,9.96755322473387e-05
2026-05-09,peak week inc flu hosp,NA,NA,18,pmf,2025-11-15,9.96755322473387e-05
2026-05-09,peak week inc flu hosp,NA,NA,18,pmf,2025-11-22,9.96755322473387e-05
2026-05-09,peak week inc flu hosp,NA,NA,18,pmf,2025-11-29,9.96755322473387e-05
2026-05-09,peak week inc flu hosp,NA,NA,18,pmf,2025-12-06,9.96755322473387e-05
2026-05-09,peak week inc flu hosp,NA,NA,18,pmf,2025-12-13,9.96755322473387e-05
2026-05-09,peak week inc flu hosp,NA,NA,18,pmf,2025-12-20,9.96755322473387e-05
2026-05-09,peak week inc flu hosp,NA,NA,18,pmf,2025-12-27,9.96755322473387e-05
2026-05-09,peak week inc flu hosp,NA,NA,18,pmf,2026-01-03,0.996710707435838
2026-05-09,peak week inc flu hosp,NA,NA,18,pmf,2026-01-10,9.96755322473387e-05
2026-05-09,peak week inc flu hosp,NA,NA,18,pmf,2026-01-17,9.96755322473387e-05
2026-05-09,peak week inc flu hosp,NA,NA,18,pmf,2026-01-24,9.96755322473387e-05
2026-05-09,peak week inc flu hosp,NA,NA,18,pmf,2026-01-31,9.96755322473387e-05
2026-05-09,peak week inc flu hosp,NA,NA,18,pmf,2026-02-07,9.96755322473387e-05
2026-05-09,peak week inc flu hosp,NA,NA,18,pmf,2026-02-14,9.96755322473387e-05
2026-05-09,peak week inc flu hosp,NA,NA,18,pmf,2026-02-21,9.96755322473387e-05
2026-05-09,peak week inc flu hosp,NA,NA,18,pmf,2026-02-28,9.96755322473387e-05
2026-05-09,peak week inc flu hosp,NA,NA,18,pmf,2026-03-07,9.96755322473387e-05
2026-05-09,peak week inc flu hosp,NA,NA,18,pmf,2026-03-14,9.96755322473387e-05
2026-05-09,peak week inc flu hosp,NA,NA,18,pmf,2026-03-21,9.96755322473387e-05
2026-05-09,peak week inc flu hosp,NA,NA,18,pmf,2026-03-28,9.96755322473387e-05
2026-05-09,peak week inc flu hosp,NA,NA,18,pmf,2026-04-04,9.96755322473387e-05
2026-05-09,peak week inc flu hosp,NA,NA,18,pmf,2026-04-11,9.96755322473387e-05
2026-05-09,peak week inc flu hosp,NA,NA,18,pmf,2026-04-18,9.96755322473387e-05
2026-05-09,peak week inc flu hosp,NA,NA,18,pmf,2026-04-25,9.96755322473387e-05
2026-05-09,peak week inc flu hosp,NA,NA,18,pmf,2026-05-02,9.96755322473387e-05
2026-05-09,peak week inc flu hosp,NA,NA,18,pmf,2026-05-09,9.96755322473387e-05
2026-05-09,peak week inc flu hosp,NA,NA,18,pmf,2026-05-16,9.96755322473387e-05
2026-05-09,peak week inc flu hosp,NA,NA,18,pmf,2026-05-23,9.96755322473387e-05
2026-05-09,peak week inc flu hosp,NA,NA,19,pmf,2025-10-04,9.967583539495106e-05
2026-05-09,peak week inc flu hosp,NA,NA,19,pmf,2025-10-11,9.967583539495106e-05
2026-05-09,peak week inc flu hosp,NA,NA,19,pmf,2025-10-18,9.967583539495106e-05
2026-05-09,peak week inc flu hosp,NA,NA,19,pmf,2025-10-25,9.967583539495106e-05
2026-05-09,peak week inc flu hosp,NA,NA,19,pmf,2025-11-01,9.967583539495106e-05
2026-05-09,peak week inc flu hosp,NA,NA,19,pmf,2025-11-08,9.967583539495106e-05
2026-05-09,peak week inc flu hosp,NA,NA,19,pmf,2025-11-15,9.967583539495106e-05
2026-05-09,peak week inc flu hosp,NA,NA,19,pmf,2025-11-22,9.967583539495106e-05
2026-05-09,peak week inc flu hosp,NA,NA,19,pmf,2025-11-29,9.967583539495106e-05
2026-05-09,peak week inc flu hosp,NA,NA,19,pmf,2025-12-06,9.967583539495106e-05
2026-05-09,peak week inc flu hosp,NA,NA,19,pmf,2025-12-13,9.967583539495106e-05
2026-05-09,peak week inc flu hosp,NA,NA,19,pmf,2025-12-20,9.967583539495106e-05
2026-05-09,peak week inc flu hosp,NA,NA,19,pmf,2025-12-27,9.967583539495106e-05
2026-05-09,peak week inc flu hosp,NA,NA,19,pmf,2026-01-03,0.9967106974319666
2026-05-09,peak week inc flu hosp,NA,NA,19,pmf,2026-01-10,9.967583539495106e-05
2026-05-09,peak week inc flu hosp,NA,NA,19,pmf,2026-01-17,9.967583539495106e-05
2026-05-09,peak week inc flu hosp,NA,NA,19,pmf,2026-01-24,9.967583539495106e-05
2026-05-09,peak week inc flu hosp,NA,NA,19,pmf,2026-01-31,9.967583539495106e-05
2026-05-09,peak week inc flu hosp,NA,NA,19,pmf,2026-02-07,9.967583539495106e-05
2026-05-09,peak week inc flu hosp,NA,NA,19,pmf,2026-02-14,9.967583539495106e-05
2026-05-09,peak week inc flu hosp,NA,NA,19,pmf,2026-02-21,9.967583539495106e-05
2026-05-09,peak week inc flu hosp,NA,NA,19,pmf,2026-02-28,9.967583539495106e-05
2026-05-09,peak week inc flu hosp,NA,NA,19,pmf,2026-03-07,9.967583539495106e-05
2026-05-09,peak week inc flu hosp,NA,NA,19,pmf,2026-03-14,9.967583539495106e-05
2026-05-09,peak week inc flu hosp,NA,NA,19,pmf,2026-03-21,9.967583539495106e-05
2026-05-09,peak week inc flu hosp,NA,NA,19,pmf,2026-03-28,9.967583539495106e-05
2026-05-09,peak week inc flu hosp,NA,NA,19,pmf,2026-04-04,9.967583539495106e-05
2026-05-09,peak week inc flu hosp,NA,NA,19,pmf,2026-04-11,9.967583539495106e-05
2026-05-09,peak week inc flu hosp,NA,NA,19,pmf,2026-04-18,9.967583539495106e-05
2026-05-09,peak week inc flu hosp,NA,NA,19,pmf,2026-04-25,9.967583539495106e-05
2026-05-09,peak week inc flu hosp,NA,NA,19,pmf,2026-05-02,9.967583539495106e-05
2026-05-09,peak week inc flu hosp,NA,NA,19,pmf,2026-05-09,9.967583539495106e-05
2026-05-09,peak week inc flu hosp,NA,NA,19,pmf,2026-05-16,9.967583539495106e-05
2026-05-09,peak week inc flu hosp,NA,NA,19,pmf,2026-05-23,9.967583539495106e-05
2026-05-09,peak week inc flu hosp,NA,NA,20,pmf,2025-10-04,9.968492237389482e-05
2026-05-09,peak week inc flu hosp,NA,NA,20,pmf,2025-10-11,9.968492237389482e-05
2026-05-09,peak week inc flu hosp,NA,NA,20,pmf,2025-10-18,9.968492237389482e-05
2026-05-09,peak week inc flu hosp,NA,NA,20,pmf,2025-10-25,9.968492237389482e-05
2026-05-09,peak week inc flu hosp,NA,NA,20,pmf,2025-11-01,9.968492237389482e-05
2026-05-09,peak week inc flu hosp,NA,NA,20,pmf,2025-11-08,9.968492237389482e-05
2026-05-09,peak week inc flu hosp,NA,NA,20,pmf,2025-11-15,9.968492237389482e-05
2026-05-09,peak week inc flu hosp,NA,NA,20,pmf,2025-11-22,9.968492237389482e-05
2026-05-09,peak week inc flu hosp,NA,NA,20,pmf,2025-11-29,9.968492237389482e-05
2026-05-09,peak week inc flu hosp,NA,NA,20,pmf,2025-12-06,9.968492237389482e-05
2026-05-09,peak week inc flu hosp,NA,NA,20,pmf,2025-12-13,9.968492237389482e-05
2026-05-09,peak week inc flu hosp,NA,NA,20,pmf,2025-12-20,9.968492237389482e-05
2026-05-09,peak week inc flu hosp,NA,NA,20,pmf,2025-12-27,9.968492237389482e-05
2026-05-09,peak week inc flu hosp,NA,NA,20,pmf,2026-01-03,0.9918262543879716
2026-05-09,peak week inc flu hosp,NA,NA,20,pmf,2026-01-10,9.968492237389482e-05
2026-05-09,peak week inc flu hosp,NA,NA,20,pmf,2026-01-17,9.968492237389482e-05
2026-05-09,peak week inc flu hosp,NA,NA,20,pmf,2026-01-24,9.968492237389482e-05
2026-05-09,peak week inc flu hosp,NA,NA,20,pmf,2026-01-31,9.968492237389482e-05
2026-05-09,peak week inc flu hosp,NA,NA,20,pmf,2026-02-07,9.968492237389482e-05
2026-05-09,peak week inc flu hosp,NA,NA,20,pmf,2026-02-14,9.968492237389482e-05
2026-05-09,peak week inc flu hosp,NA,NA,20,pmf,2026-02-21,9.968492237389482e-05
2026-05-09,peak week inc flu hosp,NA,NA,20,pmf,2026-02-28,0.0049838280960638566
2026-05-09,peak week inc flu hosp,NA,NA,20,pmf,2026-03-07,9.968492237389482e-05
2026-05-09,peak week inc flu hosp,NA,NA,20,pmf,2026-03-14,9.968492237389482e-05
2026-05-09,peak week inc flu hosp,NA,NA,20,pmf,2026-03-21,9.968492237389482e-05
2026-05-09,peak week inc flu hosp,NA,NA,20,pmf,2026-03-28,9.968492237389482e-05
2026-05-09,peak week inc flu hosp,NA,NA,20,pmf,2026-04-04,9.968492237389482e-05
2026-05-09,peak week inc flu hosp,NA,NA,20,pmf,2026-04-11,9.968492237389482e-05
2026-05-09,peak week inc flu hosp,NA,NA,20,pmf,2026-04-18,9.968492237389482e-05
2026-05-09,peak week inc flu hosp,NA,NA,20,pmf,2026-04-25,9.968492237389482e-05
2026-05-09,peak week inc flu hosp,NA,NA,20,pmf,2026-05-02,9.968492237389482e-05
2026-05-09,peak week inc flu hosp,NA,NA,20,pmf,2026-05-09,9.968492237389482e-05
2026-05-09,peak week inc flu hosp,NA,NA,20,pmf,2026-05-16,9.968492237389482e-05
2026-05-09,peak week inc flu hosp,NA,NA,20,pmf,2026-05-23,9.968492237389482e-05
2026-05-09,peak week inc flu hosp,NA,NA,21,pmf,2025-10-04,9.968503948408041e-05
2026-05-09,peak week inc flu hosp,NA,NA,21,pmf,2025-10-11,9.968503948408041e-05
2026-05-09,peak week inc flu hosp,NA,NA,21,pmf,2025-10-18,9.968503948408041e-05
2026-05-09,peak week inc flu hosp,NA,NA,21,pmf,2025-10-25,9.968503948408041e-05
2026-05-09,peak week inc flu hosp,NA,NA,21,pmf,2025-11-01,9.968503948408041e-05
2026-05-09,peak week inc flu hosp,NA,NA,21,pmf,2025-11-08,9.968503948408041e-05
2026-05-09,peak week inc flu hosp,NA,NA,21,pmf,2025-11-15,9.968503948408041e-05
2026-05-09,peak week inc flu hosp,NA,NA,21,pmf,2025-11-22,9.968503948408041e-05
2026-05-09,peak week inc flu hosp,NA,NA,21,pmf,2025-11-29,9.968503948408041e-05
2026-05-09,peak week inc flu hosp,NA,NA,21,pmf,2025-12-06,9.968503948408041e-05
2026-05-09,peak week inc flu hosp,NA,NA,21,pmf,2025-12-13,9.968503948408041e-05
2026-05-09,peak week inc flu hosp,NA,NA,21,pmf,2025-12-20,9.968503948408041e-05
2026-05-09,peak week inc flu hosp,NA,NA,21,pmf,2025-12-27,9.968503948408041e-05
2026-05-09,peak week inc flu hosp,NA,NA,21,pmf,2026-01-03,0.9918260461313303
2026-05-09,peak week inc flu hosp,NA,NA,21,pmf,2026-01-10,9.968503948408041e-05
2026-05-09,peak week inc flu hosp,NA,NA,21,pmf,2026-01-17,9.968503948408041e-05
2026-05-09,peak week inc flu hosp,NA,NA,21,pmf,2026-01-24,9.968503948408041e-05
2026-05-09,peak week inc flu hosp,NA,NA,21,pmf,2026-01-31,9.968503948408041e-05
2026-05-09,peak week inc flu hosp,NA,NA,21,pmf,2026-02-07,9.968503948408041e-05
2026-05-09,peak week inc flu hosp,NA,NA,21,pmf,2026-02-14,9.968503948408041e-05
2026-05-09,peak week inc flu hosp,NA,NA,21,pmf,2026-02-21,9.968503948408041e-05
2026-05-09,peak week inc flu hosp,NA,NA,21,pmf,2026-02-28,0.004984032605179141
2026-05-09,peak week inc flu hosp,NA,NA,21,pmf,2026-03-07,9.968503948408041e-05
2026-05-09,peak week inc flu hosp,NA,NA,21,pmf,2026-03-14,9.968503948408041e-05
2026-05-09,peak week inc flu hosp,NA,NA,21,pmf,2026-03-21,9.968503948408041e-05
2026-05-09,peak week inc flu hosp,NA,NA,21,pmf,2026-03-28,9.968503948408041e-05
2026-05-09,peak week inc flu hosp,NA,NA,21,pmf,2026-04-04,9.968503948408041e-05
2026-05-09,peak week inc flu hosp,NA,NA,21,pmf,2026-04-11,9.968503948408041e-05
2026-05-09,peak week inc flu hosp,NA,NA,21,pmf,2026-04-18,9.968503948408041e-05
2026-05-09,peak week inc flu hosp,NA,NA,21,pmf,2026-04-25,9.968503948408041e-05
2026-05-09,peak week inc flu hosp,NA,NA,21,pmf,2026-05-02,9.968503948408041e-05
2026-05-09,peak week inc flu hosp,NA,NA,21,pmf,2026-05-09,9.968503948408041e-05
2026-05-09,peak week inc flu hosp,NA,NA,21,pmf,2026-05-16,9.968503948408041e-05
2026-05-09,peak week inc flu hosp,NA,NA,21,pmf,2026-05-23,9.968503948408041e-05
2026-05-09,peak week inc flu hosp,NA,NA,22,pmf,2025-10-04,9.967617496425872e-05
2026-05-09,peak week inc flu hosp,NA,NA,22,pmf,2025-10-11,9.967617496425872e-05
2026-05-09,peak week inc flu hosp,NA,NA,22,pmf,2025-10-18,9.967617496425872e-05
2026-05-09,peak week inc flu hosp,NA,NA,22,pmf,2025-10-25,9.967617496425872e-05
2026-05-09,peak week inc flu hosp,NA,NA,22,pmf,2025-11-01,9.967617496425872e-05
2026-05-09,peak week inc flu hosp,NA,NA,22,pmf,2025-11-08,9.967617496425872e-05
2026-05-09,peak week inc flu hosp,NA,NA,22,pmf,2025-11-15,9.967617496425872e-05
2026-05-09,peak week inc flu hosp,NA,NA,22,pmf,2025-11-22,9.967617496425872e-05
2026-05-09,peak week inc flu hosp,NA,NA,22,pmf,2025-11-29,9.967617496425872e-05
2026-05-09,peak week inc flu hosp,NA,NA,22,pmf,2025-12-06,9.967617496425872e-05
2026-05-09,peak week inc flu hosp,NA,NA,22,pmf,2025-12-13,9.967617496425872e-05
2026-05-09,peak week inc flu hosp,NA,NA,22,pmf,2025-12-20,9.967617496425872e-05
2026-05-09,peak week inc flu hosp,NA,NA,22,pmf,2025-12-27,0.9967106862261796
2026-05-09,peak week inc flu hosp,NA,NA,22,pmf,2026-01-03,9.967617496425872e-05
2026-05-09,peak week inc flu hosp,NA,NA,22,pmf,2026-01-10,9.967617496425872e-05
2026-05-09,peak week inc flu hosp,NA,NA,22,pmf,2026-01-17,9.967617496425872e-05
2026-05-09,peak week inc flu hosp,NA,NA,22,pmf,2026-01-24,9.967617496425872e-05
2026-05-09,peak week inc flu hosp,NA,NA,22,pmf,2026-01-31,9.967617496425872e-05
2026-05-09,peak week inc flu hosp,NA,NA,22,pmf,2026-02-07,9.967617496425872e-05
2026-05-09,peak week inc flu hosp,NA,NA,22,pmf,2026-02-14,9.967617496425872e-05
2026-05-09,peak week inc flu hosp,NA,NA,22,pmf,2026-02-21,9.967617496425872e-05
2026-05-09,peak week inc flu hosp,NA,NA,22,pmf,2026-02-28,9.967617496425872e-05
2026-05-09,peak week inc flu hosp,NA,NA,22,pmf,2026-03-07,9.967617496425872e-05
2026-05-09,peak week inc flu hosp,NA,NA,22,pmf,2026-03-14,9.967617496425872e-05
2026-05-09,peak week inc flu hosp,NA,NA,22,pmf,2026-03-21,9.967617496425872e-05
2026-05-09,peak week inc flu hosp,NA,NA,22,pmf,2026-03-28,9.967617496425872e-05
2026-05-09,peak week inc flu hosp,NA,NA,22,pmf,2026-04-04,9.967617496425872e-05
2026-05-09,peak week inc flu hosp,NA,NA,22,pmf,2026-04-11,9.967617496425872e-05
2026-05-09,peak week inc flu hosp,NA,NA,22,pmf,2026-04-18,9.967617496425872e-05
2026-05-09,peak week inc flu hosp,NA,NA,22,pmf,2026-04-25,9.967617496425872e-05
2026-05-09,peak week inc flu hosp,NA,NA,22,pmf,2026-05-02,9.967617496425872e-05
2026-05-09,peak week inc flu hosp,NA,NA,22,pmf,2026-05-09,9.967617496425872e-05
2026-05-09,peak week inc flu hosp,NA,NA,22,pmf,2026-05-16,9.967617496425872e-05
2026-05-09,peak week inc flu hosp,NA,NA,22,pmf,2026-05-23,9.967617496425872e-05
2026-05-09,peak week inc flu hosp,NA,NA,23,pmf,2025-10-04,9.967569622696815e-05
2026-05-09,peak week inc flu hosp,NA,NA,23,pmf,2025-10-11,9.967569622696815e-05
2026-05-09,peak week inc flu hosp,NA,NA,23,pmf,2025-10-18,9.967569622696815e-05
2026-05-09,peak week inc flu hosp,NA,NA,23,pmf,2025-10-25,9.967569622696815e-05
2026-05-09,peak week inc flu hosp,NA,NA,23,pmf,2025-11-01,9.967569622696815e-05
2026-05-09,peak week inc flu hosp,NA,NA,23,pmf,2025-11-08,9.967569622696815e-05
2026-05-09,peak week inc flu hosp,NA,NA,23,pmf,2025-11-15,9.967569622696815e-05
2026-05-09,peak week inc flu hosp,NA,NA,23,pmf,2025-11-22,9.967569622696815e-05
2026-05-09,peak week inc flu hosp,NA,NA,23,pmf,2025-11-29,9.967569622696815e-05
2026-05-09,peak week inc flu hosp,NA,NA,23,pmf,2025-12-06,9.967569622696815e-05
2026-05-09,peak week inc flu hosp,NA,NA,23,pmf,2025-12-13,9.967569622696815e-05
2026-05-09,peak week inc flu hosp,NA,NA,23,pmf,2025-12-20,9.967569622696815e-05
2026-05-09,peak week inc flu hosp,NA,NA,23,pmf,2025-12-27,9.967569622696815e-05
2026-05-09,peak week inc flu hosp,NA,NA,23,pmf,2026-01-03,0.9967107020245102
2026-05-09,peak week inc flu hosp,NA,NA,23,pmf,2026-01-10,9.967569622696815e-05
2026-05-09,peak week inc flu hosp,NA,NA,23,pmf,2026-01-17,9.967569622696815e-05
2026-05-09,peak week inc flu hosp,NA,NA,23,pmf,2026-01-24,9.967569622696815e-05
2026-05-09,peak week inc flu hosp,NA,NA,23,pmf,2026-01-31,9.967569622696815e-05
2026-05-09,peak week inc flu hosp,NA,NA,23,pmf,2026-02-07,9.967569622696815e-05
2026-05-09,peak week inc flu hosp,NA,NA,23,pmf,2026-02-14,9.967569622696815e-05
2026-05-09,peak week inc flu hosp,NA,NA,23,pmf,2026-02-21,9.967569622696815e-05
2026-05-09,peak week inc flu hosp,NA,NA,23,pmf,2026-02-28,9.967569622696815e-05
2026-05-09,peak week inc flu hosp,NA,NA,23,pmf,2026-03-07,9.967569622696815e-05
2026-05-09,peak week inc flu hosp,NA,NA,23,pmf,2026-03-14,9.967569622696815e-05
2026-05-09,peak week inc flu hosp,NA,NA,23,pmf,2026-03-21,9.967569622696815e-05
2026-05-09,peak week inc flu hosp,NA,NA,23,pmf,2026-03-28,9.967569622696815e-05
2026-05-09,peak week inc flu hosp,NA,NA,23,pmf,2026-04-04,9.967569622696815e-05
2026-05-09,peak week inc flu hosp,NA,NA,23,pmf,2026-04-11,9.967569622696815e-05
2026-05-09,peak week inc flu hosp,NA,NA,23,pmf,2026-04-18,9.967569622696815e-05
2026-05-09,peak week inc flu hosp,NA,NA,23,pmf,2026-04-25,9.967569622696815e-05
2026-05-09,peak week inc flu hosp,NA,NA,23,pmf,2026-05-02,9.967569622696815e-05
2026-05-09,peak week inc flu hosp,NA,NA,23,pmf,2026-05-09,9.967569622696815e-05
2026-05-09,peak week inc flu hosp,NA,NA,23,pmf,2026-05-16,9.967569622696815e-05
2026-05-09,peak week inc flu hosp,NA,NA,23,pmf,2026-05-23,9.967569622696815e-05
2026-05-09,peak week inc flu hosp,NA,NA,24,pmf,2025-10-04,9.967625474555637e-05
2026-05-09,peak week inc flu hosp,NA,NA,24,pmf,2025-10-11,9.967625474555637e-05
2026-05-09,peak week inc flu hosp,NA,NA,24,pmf,2025-10-18,9.967625474555637e-05
2026-05-09,peak week inc flu hosp,NA,NA,24,pmf,2025-10-25,9.967625474555637e-05
2026-05-09,peak week inc flu hosp,NA,NA,24,pmf,2025-11-01,9.967625474555637e-05
2026-05-09,peak week inc flu hosp,NA,NA,24,pmf,2025-11-08,9.967625474555637e-05
2026-05-09,peak week inc flu hosp,NA,NA,24,pmf,2025-11-15,9.967625474555637e-05
2026-05-09,peak week inc flu hosp,NA,NA,24,pmf,2025-11-22,9.967625474555637e-05
2026-05-09,peak week inc flu hosp,NA,NA,24,pmf,2025-11-29,9.967625474555637e-05
2026-05-09,peak week inc flu hosp,NA,NA,24,pmf,2025-12-06,9.967625474555637e-05
2026-05-09,peak week inc flu hosp,NA,NA,24,pmf,2025-12-13,9.967625474555637e-05
2026-05-09,peak week inc flu hosp,NA,NA,24,pmf,2025-12-20,9.967625474555637e-05
2026-05-09,peak week inc flu hosp,NA,NA,24,pmf,2025-12-27,9.967625474555637e-05
2026-05-09,peak week inc flu hosp,NA,NA,24,pmf,2026-01-03,0.9967106835933967
2026-05-09,peak week inc flu hosp,NA,NA,24,pmf,2026-01-10,9.967625474555637e-05
2026-05-09,peak week inc flu hosp,NA,NA,24,pmf,2026-01-17,9.967625474555637e-05
2026-05-09,peak week inc flu hosp,NA,NA,24,pmf,2026-01-24,9.967625474555637e-05
2026-05-09,peak week inc flu hosp,NA,NA,24,pmf,2026-01-31,9.967625474555637e-05
2026-05-09,peak week inc flu hosp,NA,NA,24,pmf,2026-02-07,9.967625474555637e-05
2026-05-09,peak week inc flu hosp,NA,NA,24,pmf,2026-02-14,9.967625474555637e-05
2026-05-09,peak week inc flu hosp,NA,NA,24,pmf,2026-02-21,9.967625474555637e-05
2026-05-09,peak week inc flu hosp,NA,NA,24,pmf,2026-02-28,9.967625474555637e-05
2026-05-09,peak week inc flu hosp,NA,NA,24,pmf,2026-03-07,9.967625474555637e-05
2026-05-09,peak week inc flu hosp,NA,NA,24,pmf,2026-03-14,9.967625474555637e-05
2026-05-09,peak week inc flu hosp,NA,NA,24,pmf,2026-03-21,9.967625474555637e-05
2026-05-09,peak week inc flu hosp,NA,NA,24,pmf,2026-03-28,9.967625474555637e-05
2026-05-09,peak week inc flu hosp,NA,NA,24,pmf,2026-04-04,9.967625474555637e-05
2026-05-09,peak week inc flu hosp,NA,NA,24,pmf,2026-04-11,9.967625474555637e-05
2026-05-09,peak week inc flu hosp,NA,NA,24,pmf,2026-04-18,9.967625474555637e-05
2026-05-09,peak week inc flu hosp,NA,NA,24,pmf,2026-04-25,9.967625474555637e-05
2026-05-09,peak week inc flu hosp,NA,NA,24,pmf,2026-05-02,9.967625474555637e-05
2026-05-09,peak week inc flu hosp,NA,NA,24,pmf,2026-05-09,9.967625474555637e-05
2026-05-09,peak week inc flu hosp,NA,NA,24,pmf,2026-05-16,9.967625474555637e-05
2026-05-09,peak week inc flu hosp,NA,NA,24,pmf,2026-05-23,9.967625474555637e-05
2026-05-09,peak week inc flu hosp,NA,NA,25,pmf,2025-10-04,9.967553940583662e-05
2026-05-09,peak week inc flu hosp,NA,NA,25,pmf,2025-10-11,9.967553940583662e-05
2026-05-09,peak week inc flu hosp,NA,NA,25,pmf,2025-10-18,9.967553940583662e-05
2026-05-09,peak week inc flu hosp,NA,NA,25,pmf,2025-10-25,9.967553940583662e-05
2026-05-09,peak week inc flu hosp,NA,NA,25,pmf,2025-11-01,9.967553940583662e-05
2026-05-09,peak week inc flu hosp,NA,NA,25,pmf,2025-11-08,9.967553940583662e-05
2026-05-09,peak week inc flu hosp,NA,NA,25,pmf,2025-11-15,9.967553940583662e-05
2026-05-09,peak week inc flu hosp,NA,NA,25,pmf,2025-11-22,9.967553940583662e-05
2026-05-09,peak week inc flu hosp,NA,NA,25,pmf,2025-11-29,9.967553940583662e-05
2026-05-09,peak week inc flu hosp,NA,NA,25,pmf,2025-12-06,9.967553940583662e-05
2026-05-09,peak week inc flu hosp,NA,NA,25,pmf,2025-12-13,9.967553940583662e-05
2026-05-09,peak week inc flu hosp,NA,NA,25,pmf,2025-12-20,9.967553940583662e-05
2026-05-09,peak week inc flu hosp,NA,NA,25,pmf,2025-12-27,9.967553940583662e-05
2026-05-09,peak week inc flu hosp,NA,NA,25,pmf,2026-01-03,0.9967107071996075
2026-05-09,peak week inc flu hosp,NA,NA,25,pmf,2026-01-10,9.967553940583662e-05
2026-05-09,peak week inc flu hosp,NA,NA,25,pmf,2026-01-17,9.967553940583662e-05
2026-05-09,peak week inc flu hosp,NA,NA,25,pmf,2026-01-24,9.967553940583662e-05
2026-05-09,peak week inc flu hosp,NA,NA,25,pmf,2026-01-31,9.967553940583662e-05
2026-05-09,peak week inc flu hosp,NA,NA,25,pmf,2026-02-07,9.967553940583662e-05
2026-05-09,peak week inc flu hosp,NA,NA,25,pmf,2026-02-14,9.967553940583662e-05
2026-05-09,peak week inc flu hosp,NA,NA,25,pmf,2026-02-21,9.967553940583662e-05
2026-05-09,peak week inc flu hosp,NA,NA,25,pmf,2026-02-28,9.967553940583662e-05
2026-05-09,peak week inc flu hosp,NA,NA,25,pmf,2026-03-07,9.967553940583662e-05
2026-05-09,peak week inc flu hosp,NA,NA,25,pmf,2026-03-14,9.967553940583662e-05
2026-05-09,peak week inc flu hosp,NA,NA,25,pmf,2026-03-21,9.967553940583662e-05
2026-05-09,peak week inc flu hosp,NA,NA,25,pmf,2026-03-28,9.967553940583662e-05
2026-05-09,peak week inc flu hosp,NA,NA,25,pmf,2026-04-04,9.967553940583662e-05
2026-05-09,peak week inc flu hosp,NA,NA,25,pmf,2026-04-11,9.967553940583662e-05
2026-05-09,peak week inc flu hosp,NA,NA,25,pmf,2026-04-18,9.967553940583662e-05
2026-05-09,peak week inc flu hosp,NA,NA,25,pmf,2026-04-25,9.967553940583662e-05
2026-05-09,peak week inc flu hosp,NA,NA,25,pmf,2026-05-02,9.967553940583662e-05
2026-05-09,peak week inc flu hosp,NA,NA,25,pmf,2026-05-09,9.967553940583662e-05
2026-05-09,peak week inc flu hosp,NA,NA,25,pmf,2026-05-16,9.967553940583662e-05
2026-05-09,peak week inc flu hosp,NA,NA,25,pmf,2026-05-23,9.967553940583662e-05
2026-05-09,peak week inc flu hosp,NA,NA,26,pmf,2025-10-04,9.967534114205422e-05
2026-05-09,peak week inc flu hosp,NA,NA,26,pmf,2025-10-11,9.967534114205422e-05
2026-05-09,peak week inc flu hosp,NA,NA,26,pmf,2025-10-18,9.967534114205422e-05
2026-05-09,peak week inc flu hosp,NA,NA,26,pmf,2025-10-25,9.967534114205422e-05
2026-05-09,peak week inc flu hosp,NA,NA,26,pmf,2025-11-01,9.967534114205422e-05
2026-05-09,peak week inc flu hosp,NA,NA,26,pmf,2025-11-08,9.967534114205422e-05
2026-05-09,peak week inc flu hosp,NA,NA,26,pmf,2025-11-15,9.967534114205422e-05
2026-05-09,peak week inc flu hosp,NA,NA,26,pmf,2025-11-22,9.967534114205422e-05
2026-05-09,peak week inc flu hosp,NA,NA,26,pmf,2025-11-29,9.967534114205422e-05
2026-05-09,peak week inc flu hosp,NA,NA,26,pmf,2025-12-06,9.967534114205422e-05
2026-05-09,peak week inc flu hosp,NA,NA,26,pmf,2025-12-13,9.967534114205422e-05
2026-05-09,peak week inc flu hosp,NA,NA,26,pmf,2025-12-20,9.967534114205422e-05
2026-05-09,peak week inc flu hosp,NA,NA,26,pmf,2025-12-27,9.967534114205422e-05
2026-05-09,peak week inc flu hosp,NA,NA,26,pmf,2026-01-03,0.9967107137423122
2026-05-09,peak week inc flu hosp,NA,NA,26,pmf,2026-01-10,9.967534114205422e-05
2026-05-09,peak week inc flu hosp,NA,NA,26,pmf,2026-01-17,9.967534114205422e-05
2026-05-09,peak week inc flu hosp,NA,NA,26,pmf,2026-01-24,9.967534114205422e-05
2026-05-09,peak week inc flu hosp,NA,NA,26,pmf,2026-01-31,9.967534114205422e-05
2026-05-09,peak week inc flu hosp,NA,NA,26,pmf,2026-02-07,9.967534114205422e-05
2026-05-09,peak week inc flu hosp,NA,NA,26,pmf,2026-02-14,9.967534114205422e-05
2026-05-09,peak week inc flu hosp,NA,NA,26,pmf,2026-02-21,9.967534114205422e-05
2026-05-09,peak week inc flu hosp,NA,NA,26,pmf,2026-02-28,9.967534114205422e-05
2026-05-09,peak week inc flu hosp,NA,NA,26,pmf,2026-03-07,9.967534114205422e-05
2026-05-09,peak week inc flu hosp,NA,NA,26,pmf,2026-03-14,9.967534114205422e-05
2026-05-09,peak week inc flu hosp,NA,NA,26,pmf,2026-03-21,9.967534114205422e-05
2026-05-09,peak week inc flu hosp,NA,NA,26,pmf,2026-03-28,9.967534114205422e-05
2026-05-09,peak week inc flu hosp,NA,NA,26,pmf,2026-04-04,9.967534114205422e-05
2026-05-09,peak week inc flu hosp,NA,NA,26,pmf,2026-04-11,9.967534114205422e-05
2026-05-09,peak week inc flu hosp,NA,NA,26,pmf,2026-04-18,9.967534114205422e-05
2026-05-09,peak week inc flu hosp,NA,NA,26,pmf,2026-04-25,9.967534114205422e-05
2026-05-09,peak week inc flu hosp,NA,NA,26,pmf,2026-05-02,9.967534114205422e-05
2026-05-09,peak week inc flu hosp,NA,NA,26,pmf,2026-05-09,9.967534114205422e-05
2026-05-09,peak week inc flu hosp,NA,NA,26,pmf,2026-05-16,9.967534114205422e-05
2026-05-09,peak week inc flu hosp,NA,NA,26,pmf,2026-05-23,9.967534114205422e-05
2026-05-09,peak week inc flu hosp,NA,NA,27,pmf,2025-10-04,9.967734605515152e-05
2026-05-09,peak week inc flu hosp,NA,NA,27,pmf,2025-10-11,9.967734605515152e-05
2026-05-09,peak week inc flu hosp,NA,NA,27,pmf,2025-10-18,9.967734605515152e-05
2026-05-09,peak week inc flu hosp,NA,NA,27,pmf,2025-10-25,9.967734605515152e-05
2026-05-09,peak week inc flu hosp,NA,NA,27,pmf,2025-11-01,9.967734605515152e-05
2026-05-09,peak week inc flu hosp,NA,NA,27,pmf,2025-11-08,9.967734605515152e-05
2026-05-09,peak week inc flu hosp,NA,NA,27,pmf,2025-11-15,9.967734605515152e-05
2026-05-09,peak week inc flu hosp,NA,NA,27,pmf,2025-11-22,9.967734605515152e-05
2026-05-09,peak week inc flu hosp,NA,NA,27,pmf,2025-11-29,9.967734605515152e-05
2026-05-09,peak week inc flu hosp,NA,NA,27,pmf,2025-12-06,9.967734605515152e-05
2026-05-09,peak week inc flu hosp,NA,NA,27,pmf,2025-12-13,9.967734605515152e-05
2026-05-09,peak week inc flu hosp,NA,NA,27,pmf,2025-12-20,9.967734605515152e-05
2026-05-09,peak week inc flu hosp,NA,NA,27,pmf,2025-12-27,9.967734605515152e-05
2026-05-09,peak week inc flu hosp,NA,NA,27,pmf,2026-01-03,0.9967106475801801
2026-05-09,peak week inc flu hosp,NA,NA,27,pmf,2026-01-10,9.967734605515152e-05
2026-05-09,peak week inc flu hosp,NA,NA,27,pmf,2026-01-17,9.967734605515152e-05
2026-05-09,peak week inc flu hosp,NA,NA,27,pmf,2026-01-24,9.967734605515152e-05
2026-05-09,peak week inc flu hosp,NA,NA,27,pmf,2026-01-31,9.967734605515152e-05
2026-05-09,peak week inc flu hosp,NA,NA,27,pmf,2026-02-07,9.967734605515152e-05
2026-05-09,peak week inc flu hosp,NA,NA,27,pmf,2026-02-14,9.967734605515152e-05
2026-05-09,peak week inc flu hosp,NA,NA,27,pmf,2026-02-21,9.967734605515152e-05
2026-05-09,peak week inc flu hosp,NA,NA,27,pmf,2026-02-28,9.967734605515152e-05
2026-05-09,peak week inc flu hosp,NA,NA,27,pmf,2026-03-07,9.967734605515152e-05
2026-05-09,peak week inc flu hosp,NA,NA,27,pmf,2026-03-14,9.967734605515152e-05
2026-05-09,peak week inc flu hosp,NA,NA,27,pmf,2026-03-21,9.967734605515152e-05
2026-05-09,peak week inc flu hosp,NA,NA,27,pmf,2026-03-28,9.967734605515152e-05
2026-05-09,peak week inc flu hosp,NA,NA,27,pmf,2026-04-04,9.967734605515152e-05
2026-05-09,peak week inc flu hosp,NA,NA,27,pmf,2026-04-11,9.967734605515152e-05
2026-05-09,peak week inc flu hosp,NA,NA,27,pmf,2026-04-18,9.967734605515152e-05
2026-05-09,peak week inc flu hosp,NA,NA,27,pmf,2026-04-25,9.967734605515152e-05
2026-05-09,peak week inc flu hosp,NA,NA,27,pmf,2026-05-02,9.967734605515152e-05
2026-05-09,peak week inc flu hosp,NA,NA,27,pmf,2026-05-09,9.967734605515152e-05
2026-05-09,peak week inc flu hosp,NA,NA,27,pmf,2026-05-16,9.967734605515152e-05
2026-05-09,peak week inc flu hosp,NA,NA,27,pmf,2026-05-23,9.967734605515152e-05
2026-05-09,peak week inc flu hosp,NA,NA,28,pmf,2025-10-04,9.969929291760716e-05
2026-05-09,peak week inc flu hosp,NA,NA,28,pmf,2025-10-11,9.969929291760716e-05
2026-05-09,peak week inc flu hosp,NA,NA,28,pmf,2025-10-18,9.969929291760716e-05
2026-05-09,peak week inc flu hosp,NA,NA,28,pmf,2025-10-25,9.969929291760716e-05
2026-05-09,peak week inc flu hosp,NA,NA,28,pmf,2025-11-01,9.969929291760716e-05
2026-05-09,peak week inc flu hosp,NA,NA,28,pmf,2025-11-08,9.969929291760716e-05
2026-05-09,peak week inc flu hosp,NA,NA,28,pmf,2025-11-15,9.969929291760716e-05
2026-05-09,peak week inc flu hosp,NA,NA,28,pmf,2025-11-22,9.969929291760716e-05
2026-05-09,peak week inc flu hosp,NA,NA,28,pmf,2025-11-29,9.969929291760716e-05
2026-05-09,peak week inc flu hosp,NA,NA,28,pmf,2025-12-06,9.969929291760716e-05
2026-05-09,peak week inc flu hosp,NA,NA,28,pmf,2025-12-13,9.969929291760716e-05
2026-05-09,peak week inc flu hosp,NA,NA,28,pmf,2025-12-20,9.969929291760716e-05
2026-05-09,peak week inc flu hosp,NA,NA,28,pmf,2025-12-27,0.9719881705436636
2026-05-09,peak week inc flu hosp,NA,NA,28,pmf,2026-01-03,9.969929291760716e-05
2026-05-09,peak week inc flu hosp,NA,NA,28,pmf,2026-01-10,9.969929291760716e-05
2026-05-09,peak week inc flu hosp,NA,NA,28,pmf,2026-01-17,9.969929291760716e-05
2026-05-09,peak week inc flu hosp,NA,NA,28,pmf,2026-01-24,9.969929291760716e-05
2026-05-09,peak week inc flu hosp,NA,NA,28,pmf,2026-01-31,9.969929291760716e-05
2026-05-09,peak week inc flu hosp,NA,NA,28,pmf,2026-02-07,9.969929291760716e-05
2026-05-09,peak week inc flu hosp,NA,NA,28,pmf,2026-02-14,9.969929291760716e-05
2026-05-09,peak week inc flu hosp,NA,NA,28,pmf,2026-02-21,9.969929291760716e-05
2026-05-09,peak week inc flu hosp,NA,NA,28,pmf,2026-02-28,0.019938183483868117
2026-05-09,peak week inc flu hosp,NA,NA,28,pmf,2026-03-07,0.004982967892022408
2026-05-09,peak week inc flu hosp,NA,NA,28,pmf,2026-03-14,9.969929291760716e-05
2026-05-09,peak week inc flu hosp,NA,NA,28,pmf,2026-03-21,9.969929291760716e-05
2026-05-09,peak week inc flu hosp,NA,NA,28,pmf,2026-03-28,9.969929291760716e-05
2026-05-09,peak week inc flu hosp,NA,NA,28,pmf,2026-04-04,9.969929291760716e-05
2026-05-09,peak week inc flu hosp,NA,NA,28,pmf,2026-04-11,9.969929291760716e-05
2026-05-09,peak week inc flu hosp,NA,NA,28,pmf,2026-04-18,9.969929291760716e-05
2026-05-09,peak week inc flu hosp,NA,NA,28,pmf,2026-04-25,9.969929291760716e-05
2026-05-09,peak week inc flu hosp,NA,NA,28,pmf,2026-05-02,9.969929291760716e-05
2026-05-09,peak week inc flu hosp,NA,NA,28,pmf,2026-05-09,9.969929291760716e-05
2026-05-09,peak week inc flu hosp,NA,NA,28,pmf,2026-05-16,9.969929291760716e-05
2026-05-09,peak week inc flu hosp,NA,NA,28,pmf,2026-05-23,9.969929291760716e-05
2026-05-09,peak week inc flu hosp,NA,NA,29,pmf,2025-10-04,9.967481095864778e-05
2026-05-09,peak week inc flu hosp,NA,NA,29,pmf,2025-10-11,9.967481095864778e-05
2026-05-09,peak week inc flu hosp,NA,NA,29,pmf,2025-10-18,9.967481095864778e-05
2026-05-09,peak week inc flu hosp,NA,NA,29,pmf,2025-10-25,9.967481095864778e-05
2026-05-09,peak week inc flu hosp,NA,NA,29,pmf,2025-11-01,9.967481095864778e-05
2026-05-09,peak week inc flu hosp,NA,NA,29,pmf,2025-11-08,9.967481095864778e-05
2026-05-09,peak week inc flu hosp,NA,NA,29,pmf,2025-11-15,9.967481095864778e-05
2026-05-09,peak week inc flu hosp,NA,NA,29,pmf,2025-11-22,9.967481095864778e-05
2026-05-09,peak week inc flu hosp,NA,NA,29,pmf,2025-11-29,9.967481095864778e-05
2026-05-09,peak week inc flu hosp,NA,NA,29,pmf,2025-12-06,9.967481095864778e-05
2026-05-09,peak week inc flu hosp,NA,NA,29,pmf,2025-12-13,9.967481095864778e-05
2026-05-09,peak week inc flu hosp,NA,NA,29,pmf,2025-12-20,9.967481095864778e-05
2026-05-09,peak week inc flu hosp,NA,NA,29,pmf,2025-12-27,9.967481095864778e-05
2026-05-09,peak week inc flu hosp,NA,NA,29,pmf,2026-01-03,0.9967107312383646
2026-05-09,peak week inc flu hosp,NA,NA,29,pmf,2026-01-10,9.967481095864778e-05
2026-05-09,peak week inc flu hosp,NA,NA,29,pmf,2026-01-17,9.967481095864778e-05
2026-05-09,peak week inc flu hosp,NA,NA,29,pmf,2026-01-24,9.967481095864778e-05
2026-05-09,peak week inc flu hosp,NA,NA,29,pmf,2026-01-31,9.967481095864778e-05
2026-05-09,peak week inc flu hosp,NA,NA,29,pmf,2026-02-07,9.967481095864778e-05
2026-05-09,peak week inc flu hosp,NA,NA,29,pmf,2026-02-14,9.967481095864778e-05
2026-05-09,peak week inc flu hosp,NA,NA,29,pmf,2026-02-21,9.967481095864778e-05
2026-05-09,peak week inc flu hosp,NA,NA,29,pmf,2026-02-28,9.967481095864778e-05
2026-05-09,peak week inc flu hosp,NA,NA,29,pmf,2026-03-07,9.967481095864778e-05
2026-05-09,peak week inc flu hosp,NA,NA,29,pmf,2026-03-14,9.967481095864778e-05
2026-05-09,peak week inc flu hosp,NA,NA,29,pmf,2026-03-21,9.967481095864778e-05
2026-05-09,peak week inc flu hosp,NA,NA,29,pmf,2026-03-28,9.967481095864778e-05
2026-05-09,peak week inc flu hosp,NA,NA,29,pmf,2026-04-04,9.967481095864778e-05
2026-05-09,peak week inc flu hosp,NA,NA,29,pmf,2026-04-11,9.967481095864778e-05
2026-05-09,peak week inc flu hosp,NA,NA,29,pmf,2026-04-18,9.967481095864778e-05
2026-05-09,peak week inc flu hosp,NA,NA,29,pmf,2026-04-25,9.967481095864778e-05
2026-05-09,peak week inc flu hosp,NA,NA,29,pmf,2026-05-02,9.967481095864778e-05
2026-05-09,peak week inc flu hosp,NA,NA,29,pmf,2026-05-09,9.967481095864778e-05
2026-05-09,peak week inc flu hosp,NA,NA,29,pmf,2026-05-16,9.967481095864778e-05
2026-05-09,peak week inc flu hosp,NA,NA,29,pmf,2026-05-23,9.967481095864778e-05
2026-05-09,peak week inc flu hosp,NA,NA,30,pmf,2025-10-04,9.968517822238821e-05
2026-05-09,peak week inc flu hosp,NA,NA,30,pmf,2025-10-11,9.968517822238821e-05
2026-05-09,peak week inc flu hosp,NA,NA,30,pmf,2025-10-18,9.968517822238821e-05
2026-05-09,peak week inc flu hosp,NA,NA,30,pmf,2025-10-25,9.968517822238821e-05
2026-05-09,peak week inc flu hosp,NA,NA,30,pmf,2025-11-01,9.968517822238821e-05
2026-05-09,peak week inc flu hosp,NA,NA,30,pmf,2025-11-08,9.968517822238821e-05
2026-05-09,peak week inc flu hosp,NA,NA,30,pmf,2025-11-15,9.968517822238821e-05
2026-05-09,peak week inc flu hosp,NA,NA,30,pmf,2025-11-22,9.968517822238821e-05
2026-05-09,peak week inc flu hosp,NA,NA,30,pmf,2025-11-29,9.968517822238821e-05
2026-05-09,peak week inc flu hosp,NA,NA,30,pmf,2025-12-06,9.968517822238821e-05
2026-05-09,peak week inc flu hosp,NA,NA,30,pmf,2025-12-13,9.968517822238821e-05
2026-05-09,peak week inc flu hosp,NA,NA,30,pmf,2025-12-20,9.968517822238821e-05
2026-05-09,peak week inc flu hosp,NA,NA,30,pmf,2025-12-27,9.968517822238821e-05
2026-05-09,peak week inc flu hosp,NA,NA,30,pmf,2026-01-03,0.9918262193488859
2026-05-09,peak week inc flu hosp,NA,NA,30,pmf,2026-01-10,9.968517822238821e-05
2026-05-09,peak week inc flu hosp,NA,NA,30,pmf,2026-01-17,9.968517822238821e-05
2026-05-09,peak week inc flu hosp,NA,NA,30,pmf,2026-01-24,9.968517822238821e-05
2026-05-09,peak week inc flu hosp,NA,NA,30,pmf,2026-01-31,9.968517822238821e-05
2026-05-09,peak week inc flu hosp,NA,NA,30,pmf,2026-02-07,9.968517822238821e-05
2026-05-09,peak week inc flu hosp,NA,NA,30,pmf,2026-02-14,9.968517822238821e-05
2026-05-09,peak week inc flu hosp,NA,NA,30,pmf,2026-02-21,9.968517822238821e-05
2026-05-09,peak week inc flu hosp,NA,NA,30,pmf,2026-02-28,9.968517822238821e-05
2026-05-09,peak week inc flu hosp,NA,NA,30,pmf,2026-03-07,9.968517822238821e-05
2026-05-09,peak week inc flu hosp,NA,NA,30,pmf,2026-03-14,9.968517822238821e-05
2026-05-09,peak week inc flu hosp,NA,NA,30,pmf,2026-03-21,9.968517822238821e-05
2026-05-09,peak week inc flu hosp,NA,NA,30,pmf,2026-03-28,0.0049838549479975834
2026-05-09,peak week inc flu hosp,NA,NA,30,pmf,2026-04-04,9.968517822238821e-05
2026-05-09,peak week inc flu hosp,NA,NA,30,pmf,2026-04-11,9.968517822238821e-05
2026-05-09,peak week inc flu hosp,NA,NA,30,pmf,2026-04-18,9.968517822238821e-05
2026-05-09,peak week inc flu hosp,NA,NA,30,pmf,2026-04-25,9.968517822238821e-05
2026-05-09,peak week inc flu hosp,NA,NA,30,pmf,2026-05-02,9.968517822238821e-05
2026-05-09,peak week inc flu hosp,NA,NA,30,pmf,2026-05-09,9.968517822238821e-05
2026-05-09,peak week inc flu hosp,NA,NA,30,pmf,2026-05-16,9.968517822238821e-05
2026-05-09,peak week inc flu hosp,NA,NA,30,pmf,2026-05-23,9.968517822238821e-05
2026-05-09,peak week inc flu hosp,NA,NA,31,pmf,2025-10-04,9.969535179497293e-05
2026-05-09,peak week inc flu hosp,NA,NA,31,pmf,2025-10-11,9.969535179497293e-05
2026-05-09,peak week inc flu hosp,NA,NA,31,pmf,2025-10-18,9.969535179497293e-05
2026-05-09,peak week inc flu hosp,NA,NA,31,pmf,2025-10-25,9.969535179497293e-05
2026-05-09,peak week inc flu hosp,NA,NA,31,pmf,2025-11-01,9.969535179497293e-05
2026-05-09,peak week inc flu hosp,NA,NA,31,pmf,2025-11-08,9.969535179497293e-05
2026-05-09,peak week inc flu hosp,NA,NA,31,pmf,2025-11-15,9.969535179497293e-05
2026-05-09,peak week inc flu hosp,NA,NA,31,pmf,2025-11-22,9.969535179497293e-05
2026-05-09,peak week inc flu hosp,NA,NA,31,pmf,2025-11-29,9.969535179497293e-05
2026-05-09,peak week inc flu hosp,NA,NA,31,pmf,2025-12-06,9.969535179497293e-05
2026-05-09,peak week inc flu hosp,NA,NA,31,pmf,2025-12-13,9.969535179497293e-05
2026-05-09,peak week inc flu hosp,NA,NA,31,pmf,2025-12-20,9.969535179497293e-05
2026-05-09,peak week inc flu hosp,NA,NA,31,pmf,2025-12-27,9.969535179497293e-05
2026-05-09,peak week inc flu hosp,NA,NA,31,pmf,2026-01-03,0.9919194780729863
2026-05-09,peak week inc flu hosp,NA,NA,31,pmf,2026-01-10,9.969535179497293e-05
2026-05-09,peak week inc flu hosp,NA,NA,31,pmf,2026-01-17,9.969535179497293e-05
2026-05-09,peak week inc flu hosp,NA,NA,31,pmf,2026-01-24,9.969535179497293e-05
2026-05-09,peak week inc flu hosp,NA,NA,31,pmf,2026-01-31,9.969535179497293e-05
2026-05-09,peak week inc flu hosp,NA,NA,31,pmf,2026-02-07,9.969535179497293e-05
2026-05-09,peak week inc flu hosp,NA,NA,31,pmf,2026-02-14,9.969535179497293e-05
2026-05-09,peak week inc flu hosp,NA,NA,31,pmf,2026-02-21,9.969535179497293e-05
2026-05-09,peak week inc flu hosp,NA,NA,31,pmf,2026-02-28,9.969535179497293e-05
2026-05-09,peak week inc flu hosp,NA,NA,31,pmf,2026-03-07,9.969535179497293e-05
2026-05-09,peak week inc flu hosp,NA,NA,31,pmf,2026-03-14,9.969535179497293e-05
2026-05-09,peak week inc flu hosp,NA,NA,31,pmf,2026-03-21,9.969535179497293e-05
2026-05-09,peak week inc flu hosp,NA,NA,31,pmf,2026-03-28,9.969535179497293e-05
2026-05-09,peak week inc flu hosp,NA,NA,31,pmf,2026-04-04,9.969535179497293e-05
2026-05-09,peak week inc flu hosp,NA,NA,31,pmf,2026-04-11,9.969535179497293e-05
2026-05-09,peak week inc flu hosp,NA,NA,31,pmf,2026-04-18,9.969535179497293e-05
2026-05-09,peak week inc flu hosp,NA,NA,31,pmf,2026-04-25,9.969535179497293e-05
2026-05-09,peak week inc flu hosp,NA,NA,31,pmf,2026-05-02,0.004890270669574628
2026-05-09,peak week inc flu hosp,NA,NA,31,pmf,2026-05-09,9.969535179497293e-05
2026-05-09,peak week inc flu hosp,NA,NA,31,pmf,2026-05-16,9.969535179497293e-05
2026-05-09,peak week inc flu hosp,NA,NA,31,pmf,2026-05-23,9.969535179497293e-05
2026-05-09,peak week inc flu hosp,NA,NA,32,pmf,2025-10-04,9.970881028168192e-05
2026-05-09,peak week inc flu hosp,NA,NA,32,pmf,2025-10-11,9.970881028168192e-05
2026-05-09,peak week inc flu hosp,NA,NA,32,pmf,2025-10-18,9.970881028168192e-05
2026-05-09,peak week inc flu hosp,NA,NA,32,pmf,2025-10-25,9.970881028168192e-05
2026-05-09,peak week inc flu hosp,NA,NA,32,pmf,2025-11-01,9.970881028168192e-05
2026-05-09,peak week inc flu hosp,NA,NA,32,pmf,2025-11-08,9.970881028168192e-05
2026-05-09,peak week inc flu hosp,NA,NA,32,pmf,2025-11-15,9.970881028168192e-05
2026-05-09,peak week inc flu hosp,NA,NA,32,pmf,2025-11-22,9.970881028168192e-05
2026-05-09,peak week inc flu hosp,NA,NA,32,pmf,2025-11-29,9.970881028168192e-05
2026-05-09,peak week inc flu hosp,NA,NA,32,pmf,2025-12-06,9.970881028168192e-05
2026-05-09,peak week inc flu hosp,NA,NA,32,pmf,2025-12-13,9.970881028168192e-05
2026-05-09,peak week inc flu hosp,NA,NA,32,pmf,2025-12-20,9.970881028168192e-05
2026-05-09,peak week inc flu hosp,NA,NA,32,pmf,2025-12-27,0.9914209623369326
2026-05-09,peak week inc flu hosp,NA,NA,32,pmf,2026-01-03,9.970881028168192e-05
2026-05-09,peak week inc flu hosp,NA,NA,32,pmf,2026-01-10,9.970881028168192e-05
2026-05-09,peak week inc flu hosp,NA,NA,32,pmf,2026-01-17,9.970881028168192e-05
2026-05-09,peak week inc flu hosp,NA,NA,32,pmf,2026-01-24,9.970881028168192e-05
2026-05-09,peak week inc flu hosp,NA,NA,32,pmf,2026-01-31,9.970881028168192e-05
2026-05-09,peak week inc flu hosp,NA,NA,32,pmf,2026-02-07,9.970881028168192e-05
2026-05-09,peak week inc flu hosp,NA,NA,32,pmf,2026-02-14,9.970881028168192e-05
2026-05-09,peak week inc flu hosp,NA,NA,32,pmf,2026-02-21,9.970881028168192e-05
2026-05-09,peak week inc flu hosp,NA,NA,32,pmf,2026-02-28,9.970881028168192e-05
2026-05-09,peak week inc flu hosp,NA,NA,32,pmf,2026-03-07,9.970881028168192e-05
2026-05-09,peak week inc flu hosp,NA,NA,32,pmf,2026-03-14,9.970881028168192e-05
2026-05-09,peak week inc flu hosp,NA,NA,32,pmf,2026-03-21,9.970881028168192e-05
2026-05-09,peak week inc flu hosp,NA,NA,32,pmf,2026-03-28,9.970881028168192e-05
2026-05-09,peak week inc flu hosp,NA,NA,32,pmf,2026-04-04,0.0049670482602921905
2026-05-09,peak week inc flu hosp,NA,NA,32,pmf,2026-04-11,9.970881028168192e-05
2026-05-09,peak week inc flu hosp,NA,NA,32,pmf,2026-04-18,9.970881028168192e-05
2026-05-09,peak week inc flu hosp,NA,NA,32,pmf,2026-04-25,9.970881028168192e-05
2026-05-09,peak week inc flu hosp,NA,NA,32,pmf,2026-05-02,9.970881028168192e-05
2026-05-09,peak week inc flu hosp,NA,NA,32,pmf,2026-05-09,9.970881028168192e-05
2026-05-09,peak week inc flu hosp,NA,NA,32,pmf,2026-05-16,0.00013953715228033698
2026-05-09,peak week inc flu hosp,NA,NA,32,pmf,2026-05-23,0.00048118794204450794
2026-05-09,peak week inc flu hosp,NA,NA,33,pmf,2025-10-04,9.967484957175967e-05
2026-05-09,peak week inc flu hosp,NA,NA,33,pmf,2025-10-11,9.967484957175967e-05
2026-05-09,peak week inc flu hosp,NA,NA,33,pmf,2025-10-18,9.967484957175967e-05
2026-05-09,peak week inc flu hosp,NA,NA,33,pmf,2025-10-25,9.967484957175967e-05
2026-05-09,peak week inc flu hosp,NA,NA,33,pmf,2025-11-01,9.967484957175967e-05
2026-05-09,peak week inc flu hosp,NA,NA,33,pmf,2025-11-08,9.967484957175967e-05
2026-05-09,peak week inc flu hosp,NA,NA,33,pmf,2025-11-15,9.967484957175967e-05
2026-05-09,peak week inc flu hosp,NA,NA,33,pmf,2025-11-22,9.967484957175967e-05
2026-05-09,peak week inc flu hosp,NA,NA,33,pmf,2025-11-29,9.967484957175967e-05
2026-05-09,peak week inc flu hosp,NA,NA,33,pmf,2025-12-06,9.967484957175967e-05
2026-05-09,peak week inc flu hosp,NA,NA,33,pmf,2025-12-13,9.967484957175967e-05
2026-05-09,peak week inc flu hosp,NA,NA,33,pmf,2025-12-20,9.967484957175967e-05
2026-05-09,peak week inc flu hosp,NA,NA,33,pmf,2025-12-27,9.967484957175967e-05
2026-05-09,peak week inc flu hosp,NA,NA,33,pmf,2026-01-03,0.9967107299641321
2026-05-09,peak week inc flu hosp,NA,NA,33,pmf,2026-01-10,9.967484957175967e-05
2026-05-09,peak week inc flu hosp,NA,NA,33,pmf,2026-01-17,9.967484957175967e-05
2026-05-09,peak week inc flu hosp,NA,NA,33,pmf,2026-01-24,9.967484957175967e-05
2026-05-09,peak week inc flu hosp,NA,NA,33,pmf,2026-01-31,9.967484957175967e-05
2026-05-09,peak week inc flu hosp,NA,NA,33,pmf,2026-02-07,9.967484957175967e-05
2026-05-09,peak week inc flu hosp,NA,NA,33,pmf,2026-02-14,9.967484957175967e-05
2026-05-09,peak week inc flu hosp,NA,NA,33,pmf,2026-02-21,9.967484957175967e-05
2026-05-09,peak week inc flu hosp,NA,NA,33,pmf,2026-02-28,9.967484957175967e-05
2026-05-09,peak week inc flu hosp,NA,NA,33,pmf,2026-03-07,9.967484957175967e-05
2026-05-09,peak week inc flu hosp,NA,NA,33,pmf,2026-03-14,9.967484957175967e-05
2026-05-09,peak week inc flu hosp,NA,NA,33,pmf,2026-03-21,9.967484957175967e-05
2026-05-09,peak week inc flu hosp,NA,NA,33,pmf,2026-03-28,9.967484957175967e-05
2026-05-09,peak week inc flu hosp,NA,NA,33,pmf,2026-04-04,9.967484957175967e-05
2026-05-09,peak week inc flu hosp,NA,NA,33,pmf,2026-04-11,9.967484957175967e-05
2026-05-09,peak week inc flu hosp,NA,NA,33,pmf,2026-04-18,9.967484957175967e-05
2026-05-09,peak week inc flu hosp,NA,NA,33,pmf,2026-04-25,9.967484957175967e-05
2026-05-09,peak week inc flu hosp,NA,NA,33,pmf,2026-05-02,9.967484957175967e-05
2026-05-09,peak week inc flu hosp,NA,NA,33,pmf,2026-05-09,9.967484957175967e-05
2026-05-09,peak week inc flu hosp,NA,NA,33,pmf,2026-05-16,9.967484957175967e-05
2026-05-09,peak week inc flu hosp,NA,NA,33,pmf,2026-05-23,9.967484957175967e-05
2026-05-09,peak week inc flu hosp,NA,NA,34,pmf,2025-10-04,9.968602700299115e-05
2026-05-09,peak week inc flu hosp,NA,NA,34,pmf,2025-10-11,9.968602700299115e-05
2026-05-09,peak week inc flu hosp,NA,NA,34,pmf,2025-10-18,9.968602700299115e-05
2026-05-09,peak week inc flu hosp,NA,NA,34,pmf,2025-10-25,9.968602700299115e-05
2026-05-09,peak week inc flu hosp,NA,NA,34,pmf,2025-11-01,9.968602700299115e-05
2026-05-09,peak week inc flu hosp,NA,NA,34,pmf,2025-11-08,9.968602700299115e-05
2026-05-09,peak week inc flu hosp,NA,NA,34,pmf,2025-11-15,9.968602700299115e-05
2026-05-09,peak week inc flu hosp,NA,NA,34,pmf,2025-11-22,9.968602700299115e-05
2026-05-09,peak week inc flu hosp,NA,NA,34,pmf,2025-11-29,9.968602700299115e-05
2026-05-09,peak week inc flu hosp,NA,NA,34,pmf,2025-12-06,9.968602700299115e-05
2026-05-09,peak week inc flu hosp,NA,NA,34,pmf,2025-12-13,9.968602700299115e-05
2026-05-09,peak week inc flu hosp,NA,NA,34,pmf,2025-12-20,9.968602700299115e-05
2026-05-09,peak week inc flu hosp,NA,NA,34,pmf,2025-12-27,9.968602700299115e-05
2026-05-09,peak week inc flu hosp,NA,NA,34,pmf,2026-01-03,0.9918284934010743
2026-05-09,peak week inc flu hosp,NA,NA,34,pmf,2026-01-10,9.968602700299115e-05
2026-05-09,peak week inc flu hosp,NA,NA,34,pmf,2026-01-17,9.968602700299115e-05
2026-05-09,peak week inc flu hosp,NA,NA,34,pmf,2026-01-24,9.968602700299115e-05
2026-05-09,peak week inc flu hosp,NA,NA,34,pmf,2026-01-31,9.968602700299115e-05
2026-05-09,peak week inc flu hosp,NA,NA,34,pmf,2026-02-07,9.968602700299115e-05
2026-05-09,peak week inc flu hosp,NA,NA,34,pmf,2026-02-14,9.968602700299115e-05
2026-05-09,peak week inc flu hosp,NA,NA,34,pmf,2026-02-21,9.968602700299115e-05
2026-05-09,peak week inc flu hosp,NA,NA,34,pmf,2026-02-28,9.968602700299115e-05
2026-05-09,peak week inc flu hosp,NA,NA,34,pmf,2026-03-07,9.968602700299115e-05
2026-05-09,peak week inc flu hosp,NA,NA,34,pmf,2026-03-14,9.968602700299115e-05
2026-05-09,peak week inc flu hosp,NA,NA,34,pmf,2026-03-21,9.968602700299115e-05
2026-05-09,peak week inc flu hosp,NA,NA,34,pmf,2026-03-28,9.968602700299115e-05
2026-05-09,peak week inc flu hosp,NA,NA,34,pmf,2026-04-04,0.004981553734830091
2026-05-09,peak week inc flu hosp,NA,NA,34,pmf,2026-04-11,9.968602700299115e-05
2026-05-09,peak week inc flu hosp,NA,NA,34,pmf,2026-04-18,9.968602700299115e-05
2026-05-09,peak week inc flu hosp,NA,NA,34,pmf,2026-04-25,9.968602700299115e-05
2026-05-09,peak week inc flu hosp,NA,NA,34,pmf,2026-05-02,9.968602700299115e-05
2026-05-09,peak week inc flu hosp,NA,NA,34,pmf,2026-05-09,9.968602700299115e-05
2026-05-09,peak week inc flu hosp,NA,NA,34,pmf,2026-05-16,9.968602700299115e-05
2026-05-09,peak week inc flu hosp,NA,NA,34,pmf,2026-05-23,9.968602700299115e-05
2026-05-09,peak week inc flu hosp,NA,NA,35,pmf,2025-10-04,9.967629799067703e-05
2026-05-09,peak week inc flu hosp,NA,NA,35,pmf,2025-10-11,9.967629799067703e-05
2026-05-09,peak week inc flu hosp,NA,NA,35,pmf,2025-10-18,9.967629799067703e-05
2026-05-09,peak week inc flu hosp,NA,NA,35,pmf,2025-10-25,9.967629799067703e-05
2026-05-09,peak week inc flu hosp,NA,NA,35,pmf,2025-11-01,9.967629799067703e-05
2026-05-09,peak week inc flu hosp,NA,NA,35,pmf,2025-11-08,9.967629799067703e-05
2026-05-09,peak week inc flu hosp,NA,NA,35,pmf,2025-11-15,9.967629799067703e-05
2026-05-09,peak week inc flu hosp,NA,NA,35,pmf,2025-11-22,9.967629799067703e-05
2026-05-09,peak week inc flu hosp,NA,NA,35,pmf,2025-11-29,9.967629799067703e-05
2026-05-09,peak week inc flu hosp,NA,NA,35,pmf,2025-12-06,9.967629799067703e-05
2026-05-09,peak week inc flu hosp,NA,NA,35,pmf,2025-12-13,9.967629799067703e-05
2026-05-09,peak week inc flu hosp,NA,NA,35,pmf,2025-12-20,9.967629799067703e-05
2026-05-09,peak week inc flu hosp,NA,NA,35,pmf,2025-12-27,9.967629799067703e-05
2026-05-09,peak week inc flu hosp,NA,NA,35,pmf,2026-01-03,0.9967106821663078
2026-05-09,peak week inc flu hosp,NA,NA,35,pmf,2026-01-10,9.967629799067703e-05
2026-05-09,peak week inc flu hosp,NA,NA,35,pmf,2026-01-17,9.967629799067703e-05
2026-05-09,peak week inc flu hosp,NA,NA,35,pmf,2026-01-24,9.967629799067703e-05
2026-05-09,peak week inc flu hosp,NA,NA,35,pmf,2026-01-31,9.967629799067703e-05
2026-05-09,peak week inc flu hosp,NA,NA,35,pmf,2026-02-07,9.967629799067703e-05
2026-05-09,peak week inc flu hosp,NA,NA,35,pmf,2026-02-14,9.967629799067703e-05
2026-05-09,peak week inc flu hosp,NA,NA,35,pmf,2026-02-21,9.967629799067703e-05
2026-05-09,peak week inc flu hosp,NA,NA,35,pmf,2026-02-28,9.967629799067703e-05
2026-05-09,peak week inc flu hosp,NA,NA,35,pmf,2026-03-07,9.967629799067703e-05
2026-05-09,peak week inc flu hosp,NA,NA,35,pmf,2026-03-14,9.967629799067703e-05
2026-05-09,peak week inc flu hosp,NA,NA,35,pmf,2026-03-21,9.967629799067703e-05
2026-05-09,peak week inc flu hosp,NA,NA,35,pmf,2026-03-28,9.967629799067703e-05
2026-05-09,peak week inc flu hosp,NA,NA,35,pmf,2026-04-04,9.967629799067703e-05
2026-05-09,peak week inc flu hosp,NA,NA,35,pmf,2026-04-11,9.967629799067703e-05
2026-05-09,peak week inc flu hosp,NA,NA,35,pmf,2026-04-18,9.967629799067703e-05
2026-05-09,peak week inc flu hosp,NA,NA,35,pmf,2026-04-25,9.967629799067703e-05
2026-05-09,peak week inc flu hosp,NA,NA,35,pmf,2026-05-02,9.967629799067703e-05
2026-05-09,peak week inc flu hosp,NA,NA,35,pmf,2026-05-09,9.967629799067703e-05
2026-05-09,peak week inc flu hosp,NA,NA,35,pmf,2026-05-16,9.967629799067703e-05
2026-05-09,peak week inc flu hosp,NA,NA,35,pmf,2026-05-23,9.967629799067703e-05
2026-05-09,peak week inc flu hosp,NA,NA,36,pmf,2025-10-04,9.96850387256062e-05
2026-05-09,peak week inc flu hosp,NA,NA,36,pmf,2025-10-11,9.96850387256062e-05
2026-05-09,peak week inc flu hosp,NA,NA,36,pmf,2025-10-18,9.96850387256062e-05
2026-05-09,peak week inc flu hosp,NA,NA,36,pmf,2025-10-25,9.96850387256062e-05
2026-05-09,peak week inc flu hosp,NA,NA,36,pmf,2025-11-01,9.96850387256062e-05
2026-05-09,peak week inc flu hosp,NA,NA,36,pmf,2025-11-08,9.96850387256062e-05
2026-05-09,peak week inc flu hosp,NA,NA,36,pmf,2025-11-15,9.96850387256062e-05
2026-05-09,peak week inc flu hosp,NA,NA,36,pmf,2025-11-22,9.96850387256062e-05
2026-05-09,peak week inc flu hosp,NA,NA,36,pmf,2025-11-29,9.96850387256062e-05
2026-05-09,peak week inc flu hosp,NA,NA,36,pmf,2025-12-06,9.96850387256062e-05
2026-05-09,peak week inc flu hosp,NA,NA,36,pmf,2025-12-13,9.96850387256062e-05
2026-05-09,peak week inc flu hosp,NA,NA,36,pmf,2025-12-20,9.96850387256062e-05
2026-05-09,peak week inc flu hosp,NA,NA,36,pmf,2025-12-27,0.9918261271280895
2026-05-09,peak week inc flu hosp,NA,NA,36,pmf,2026-01-03,9.96850387256062e-05
2026-05-09,peak week inc flu hosp,NA,NA,36,pmf,2026-01-10,9.96850387256062e-05
2026-05-09,peak week inc flu hosp,NA,NA,36,pmf,2026-01-17,9.96850387256062e-05
2026-05-09,peak week inc flu hosp,NA,NA,36,pmf,2026-01-24,9.96850387256062e-05
2026-05-09,peak week inc flu hosp,NA,NA,36,pmf,2026-01-31,9.96850387256062e-05
2026-05-09,peak week inc flu hosp,NA,NA,36,pmf,2026-02-07,9.96850387256062e-05
2026-05-09,peak week inc flu hosp,NA,NA,36,pmf,2026-02-14,9.96850387256062e-05
2026-05-09,peak week inc flu hosp,NA,NA,36,pmf,2026-02-21,9.96850387256062e-05
2026-05-09,peak week inc flu hosp,NA,NA,36,pmf,2026-02-28,0.004983951632691102
2026-05-09,peak week inc flu hosp,NA,NA,36,pmf,2026-03-07,9.96850387256062e-05
2026-05-09,peak week inc flu hosp,NA,NA,36,pmf,2026-03-14,9.96850387256062e-05
2026-05-09,peak week inc flu hosp,NA,NA,36,pmf,2026-03-21,9.96850387256062e-05
2026-05-09,peak week inc flu hosp,NA,NA,36,pmf,2026-03-28,9.96850387256062e-05
2026-05-09,peak week inc flu hosp,NA,NA,36,pmf,2026-04-04,9.96850387256062e-05
2026-05-09,peak week inc flu hosp,NA,NA,36,pmf,2026-04-11,9.96850387256062e-05
2026-05-09,peak week inc flu hosp,NA,NA,36,pmf,2026-04-18,9.96850387256062e-05
2026-05-09,peak week inc flu hosp,NA,NA,36,pmf,2026-04-25,9.96850387256062e-05
2026-05-09,peak week inc flu hosp,NA,NA,36,pmf,2026-05-02,9.96850387256062e-05
2026-05-09,peak week inc flu hosp,NA,NA,36,pmf,2026-05-09,9.96850387256062e-05
2026-05-09,peak week inc flu hosp,NA,NA,36,pmf,2026-05-16,9.96850387256062e-05
2026-05-09,peak week inc flu hosp,NA,NA,36,pmf,2026-05-23,9.96850387256062e-05
2026-05-09,peak week inc flu hosp,NA,NA,37,pmf,2025-10-04,9.967594530019287e-05
2026-05-09,peak week inc flu hosp,NA,NA,37,pmf,2025-10-11,9.967594530019287e-05
2026-05-09,peak week inc flu hosp,NA,NA,37,pmf,2025-10-18,9.967594530019287e-05
2026-05-09,peak week inc flu hosp,NA,NA,37,pmf,2025-10-25,9.967594530019287e-05
2026-05-09,peak week inc flu hosp,NA,NA,37,pmf,2025-11-01,9.967594530019287e-05
2026-05-09,peak week inc flu hosp,NA,NA,37,pmf,2025-11-08,9.967594530019287e-05
2026-05-09,peak week inc flu hosp,NA,NA,37,pmf,2025-11-15,9.967594530019287e-05
2026-05-09,peak week inc flu hosp,NA,NA,37,pmf,2025-11-22,9.967594530019287e-05
2026-05-09,peak week inc flu hosp,NA,NA,37,pmf,2025-11-29,9.967594530019287e-05
2026-05-09,peak week inc flu hosp,NA,NA,37,pmf,2025-12-06,9.967594530019287e-05
2026-05-09,peak week inc flu hosp,NA,NA,37,pmf,2025-12-13,9.967594530019287e-05
2026-05-09,peak week inc flu hosp,NA,NA,37,pmf,2025-12-20,9.967594530019287e-05
2026-05-09,peak week inc flu hosp,NA,NA,37,pmf,2025-12-27,0.9967106938050937
2026-05-09,peak week inc flu hosp,NA,NA,37,pmf,2026-01-03,9.967594530019287e-05
2026-05-09,peak week inc flu hosp,NA,NA,37,pmf,2026-01-10,9.967594530019287e-05
2026-05-09,peak week inc flu hosp,NA,NA,37,pmf,2026-01-17,9.967594530019287e-05
2026-05-09,peak week inc flu hosp,NA,NA,37,pmf,2026-01-24,9.967594530019287e-05
2026-05-09,peak week inc flu hosp,NA,NA,37,pmf,2026-01-31,9.967594530019287e-05
2026-05-09,peak week inc flu hosp,NA,NA,37,pmf,2026-02-07,9.967594530019287e-05
2026-05-09,peak week inc flu hosp,NA,NA,37,pmf,2026-02-14,9.967594530019287e-05
2026-05-09,peak week inc flu hosp,NA,NA,37,pmf,2026-02-21,9.967594530019287e-05
2026-05-09,peak week inc flu hosp,NA,NA,37,pmf,2026-02-28,9.967594530019287e-05
2026-05-09,peak week inc flu hosp,NA,NA,37,pmf,2026-03-07,9.967594530019287e-05
2026-05-09,peak week inc flu hosp,NA,NA,37,pmf,2026-03-14,9.967594530019287e-05
2026-05-09,peak week inc flu hosp,NA,NA,37,pmf,2026-03-21,9.967594530019287e-05
2026-05-09,peak week inc flu hosp,NA,NA,37,pmf,2026-03-28,9.967594530019287e-05
2026-05-09,peak week inc flu hosp,NA,NA,37,pmf,2026-04-04,9.967594530019287e-05
2026-05-09,peak week inc flu hosp,NA,NA,37,pmf,2026-04-11,9.967594530019287e-05
2026-05-09,peak week inc flu hosp,NA,NA,37,pmf,2026-04-18,9.967594530019287e-05
2026-05-09,peak week inc flu hosp,NA,NA,37,pmf,2026-04-25,9.967594530019287e-05
2026-05-09,peak week inc flu hosp,NA,NA,37,pmf,2026-05-02,9.967594530019287e-05
2026-05-09,peak week inc flu hosp,NA,NA,37,pmf,2026-05-09,9.967594530019287e-05
2026-05-09,peak week inc flu hosp,NA,NA,37,pmf,2026-05-16,9.967594530019287e-05
2026-05-09,peak week inc flu hosp,NA,NA,37,pmf,2026-05-23,9.967594530019287e-05
2026-05-09,peak week inc flu hosp,NA,NA,38,pmf,2025-10-04,9.967594555935775e-05
2026-05-09,peak week inc flu hosp,NA,NA,38,pmf,2025-10-11,9.967594555935775e-05
2026-05-09,peak week inc flu hosp,NA,NA,38,pmf,2025-10-18,9.967594555935775e-05
2026-05-09,peak week inc flu hosp,NA,NA,38,pmf,2025-10-25,9.967594555935775e-05
2026-05-09,peak week inc flu hosp,NA,NA,38,pmf,2025-11-01,9.967594555935775e-05
2026-05-09,peak week inc flu hosp,NA,NA,38,pmf,2025-11-08,9.967594555935775e-05
2026-05-09,peak week inc flu hosp,NA,NA,38,pmf,2025-11-15,9.967594555935775e-05
2026-05-09,peak week inc flu hosp,NA,NA,38,pmf,2025-11-22,9.967594555935775e-05
2026-05-09,peak week inc flu hosp,NA,NA,38,pmf,2025-11-29,9.967594555935775e-05
2026-05-09,peak week inc flu hosp,NA,NA,38,pmf,2025-12-06,9.967594555935775e-05
2026-05-09,peak week inc flu hosp,NA,NA,38,pmf,2025-12-13,9.967594555935775e-05
2026-05-09,peak week inc flu hosp,NA,NA,38,pmf,2025-12-20,9.967594555935775e-05
2026-05-09,peak week inc flu hosp,NA,NA,38,pmf,2025-12-27,9.967594555935775e-05
2026-05-09,peak week inc flu hosp,NA,NA,38,pmf,2026-01-03,0.9967106937965413
2026-05-09,peak week inc flu hosp,NA,NA,38,pmf,2026-01-10,9.967594555935775e-05
2026-05-09,peak week inc flu hosp,NA,NA,38,pmf,2026-01-17,9.967594555935775e-05
2026-05-09,peak week inc flu hosp,NA,NA,38,pmf,2026-01-24,9.967594555935775e-05
2026-05-09,peak week inc flu hosp,NA,NA,38,pmf,2026-01-31,9.967594555935775e-05
2026-05-09,peak week inc flu hosp,NA,NA,38,pmf,2026-02-07,9.967594555935775e-05
2026-05-09,peak week inc flu hosp,NA,NA,38,pmf,2026-02-14,9.967594555935775e-05
2026-05-09,peak week inc flu hosp,NA,NA,38,pmf,2026-02-21,9.967594555935775e-05
2026-05-09,peak week inc flu hosp,NA,NA,38,pmf,2026-02-28,9.967594555935775e-05
2026-05-09,peak week inc flu hosp,NA,NA,38,pmf,2026-03-07,9.967594555935775e-05
2026-05-09,peak week inc flu hosp,NA,NA,38,pmf,2026-03-14,9.967594555935775e-05
2026-05-09,peak week inc flu hosp,NA,NA,38,pmf,2026-03-21,9.967594555935775e-05
2026-05-09,peak week inc flu hosp,NA,NA,38,pmf,2026-03-28,9.967594555935775e-05
2026-05-09,peak week inc flu hosp,NA,NA,38,pmf,2026-04-04,9.967594555935775e-05
2026-05-09,peak week inc flu hosp,NA,NA,38,pmf,2026-04-11,9.967594555935775e-05
2026-05-09,peak week inc flu hosp,NA,NA,38,pmf,2026-04-18,9.967594555935775e-05
2026-05-09,peak week inc flu hosp,NA,NA,38,pmf,2026-04-25,9.967594555935775e-05
2026-05-09,peak week inc flu hosp,NA,NA,38,pmf,2026-05-02,9.967594555935775e-05
2026-05-09,peak week inc flu hosp,NA,NA,38,pmf,2026-05-09,9.967594555935775e-05
2026-05-09,peak week inc flu hosp,NA,NA,38,pmf,2026-05-16,9.967594555935775e-05
2026-05-09,peak week inc flu hosp,NA,NA,38,pmf,2026-05-23,9.967594555935775e-05
2026-05-09,peak week inc flu hosp,NA,NA,39,pmf,2025-10-04,9.968578760274347e-05
2026-05-09,peak week inc flu hosp,NA,NA,39,pmf,2025-10-11,9.968578760274347e-05
2026-05-09,peak week inc flu hosp,NA,NA,39,pmf,2025-10-18,9.968578760274347e-05
2026-05-09,peak week inc flu hosp,NA,NA,39,pmf,2025-10-25,9.968578760274347e-05
2026-05-09,peak week inc flu hosp,NA,NA,39,pmf,2025-11-01,9.968578760274347e-05
2026-05-09,peak week inc flu hosp,NA,NA,39,pmf,2025-11-08,9.968578760274347e-05
2026-05-09,peak week inc flu hosp,NA,NA,39,pmf,2025-11-15,9.968578760274347e-05
2026-05-09,peak week inc flu hosp,NA,NA,39,pmf,2025-11-22,9.968578760274347e-05
2026-05-09,peak week inc flu hosp,NA,NA,39,pmf,2025-11-29,9.968578760274347e-05
2026-05-09,peak week inc flu hosp,NA,NA,39,pmf,2025-12-06,9.968578760274347e-05
2026-05-09,peak week inc flu hosp,NA,NA,39,pmf,2025-12-13,9.968578760274347e-05
2026-05-09,peak week inc flu hosp,NA,NA,39,pmf,2025-12-20,9.968578760274347e-05
2026-05-09,peak week inc flu hosp,NA,NA,39,pmf,2025-12-27,9.968578760274347e-05
2026-05-09,peak week inc flu hosp,NA,NA,39,pmf,2026-01-03,0.991825976178638
2026-05-09,peak week inc flu hosp,NA,NA,39,pmf,2026-01-10,9.968578760274347e-05
2026-05-09,peak week inc flu hosp,NA,NA,39,pmf,2026-01-17,9.968578760274347e-05
2026-05-09,peak week inc flu hosp,NA,NA,39,pmf,2026-01-24,9.968578760274347e-05
2026-05-09,peak week inc flu hosp,NA,NA,39,pmf,2026-01-31,9.968578760274347e-05
2026-05-09,peak week inc flu hosp,NA,NA,39,pmf,2026-02-07,9.968578760274347e-05
2026-05-09,peak week inc flu hosp,NA,NA,39,pmf,2026-02-14,9.968578760274347e-05
2026-05-09,peak week inc flu hosp,NA,NA,39,pmf,2026-02-21,9.968578760274347e-05
2026-05-09,peak week inc flu hosp,NA,NA,39,pmf,2026-02-28,0.004984078618074383
2026-05-09,peak week inc flu hosp,NA,NA,39,pmf,2026-03-07,9.968578760274347e-05
2026-05-09,peak week inc flu hosp,NA,NA,39,pmf,2026-03-14,9.968578760274347e-05
2026-05-09,peak week inc flu hosp,NA,NA,39,pmf,2026-03-21,9.968578760274347e-05
2026-05-09,peak week inc flu hosp,NA,NA,39,pmf,2026-03-28,9.968578760274347e-05
2026-05-09,peak week inc flu hosp,NA,NA,39,pmf,2026-04-04,9.968578760274347e-05
2026-05-09,peak week inc flu hosp,NA,NA,39,pmf,2026-04-11,9.968578760274347e-05
2026-05-09,peak week inc flu hosp,NA,NA,39,pmf,2026-04-18,9.968578760274347e-05
2026-05-09,peak week inc flu hosp,NA,NA,39,pmf,2026-04-25,9.968578760274347e-05
2026-05-09,peak week inc flu hosp,NA,NA,39,pmf,2026-05-02,9.968578760274347e-05
2026-05-09,peak week inc flu hosp,NA,NA,39,pmf,2026-05-09,9.968578760274347e-05
2026-05-09,peak week inc flu hosp,NA,NA,39,pmf,2026-05-16,9.968578760274347e-05
2026-05-09,peak week inc flu hosp,NA,NA,39,pmf,2026-05-23,9.968578760274347e-05
2026-05-09,peak week inc flu hosp,NA,NA,40,pmf,2025-10-04,9.967868846716439e-05
2026-05-09,peak week inc flu hosp,NA,NA,40,pmf,2025-10-11,9.967868846716439e-05
2026-05-09,peak week inc flu hosp,NA,NA,40,pmf,2025-10-18,9.967868846716439e-05
2026-05-09,peak week inc flu hosp,NA,NA,40,pmf,2025-10-25,9.967868846716439e-05
2026-05-09,peak week inc flu hosp,NA,NA,40,pmf,2025-11-01,9.967868846716439e-05
2026-05-09,peak week inc flu hosp,NA,NA,40,pmf,2025-11-08,9.967868846716439e-05
2026-05-09,peak week inc flu hosp,NA,NA,40,pmf,2025-11-15,9.967868846716439e-05
2026-05-09,peak week inc flu hosp,NA,NA,40,pmf,2025-11-22,9.967868846716439e-05
2026-05-09,peak week inc flu hosp,NA,NA,40,pmf,2025-11-29,9.967868846716439e-05
2026-05-09,peak week inc flu hosp,NA,NA,40,pmf,2025-12-06,9.967868846716439e-05
2026-05-09,peak week inc flu hosp,NA,NA,40,pmf,2025-12-13,9.967868846716439e-05
2026-05-09,peak week inc flu hosp,NA,NA,40,pmf,2025-12-20,9.967868846716439e-05
2026-05-09,peak week inc flu hosp,NA,NA,40,pmf,2025-12-27,9.967868846716439e-05
2026-05-09,peak week inc flu hosp,NA,NA,40,pmf,2026-01-03,9.967868846716439e-05
2026-05-09,peak week inc flu hosp,NA,NA,40,pmf,2026-01-10,9.967868846716439e-05
2026-05-09,peak week inc flu hosp,NA,NA,40,pmf,2026-01-17,9.967868846716439e-05
2026-05-09,peak week inc flu hosp,NA,NA,40,pmf,2026-01-24,9.967868846716439e-05
2026-05-09,peak week inc flu hosp,NA,NA,40,pmf,2026-01-31,9.967868846716439e-05
2026-05-09,peak week inc flu hosp,NA,NA,40,pmf,2026-02-07,9.967868846716439e-05
2026-05-09,peak week inc flu hosp,NA,NA,40,pmf,2026-02-14,0.9967106032805836
2026-05-09,peak week inc flu hosp,NA,NA,40,pmf,2026-02-21,9.967868846716439e-05
2026-05-09,peak week inc flu hosp,NA,NA,40,pmf,2026-02-28,9.967868846716439e-05
2026-05-09,peak week inc flu hosp,NA,NA,40,pmf,2026-03-07,9.967868846716439e-05
2026-05-09,peak week inc flu hosp,NA,NA,40,pmf,2026-03-14,9.967868846716439e-05
2026-05-09,peak week inc flu hosp,NA,NA,40,pmf,2026-03-21,9.967868846716439e-05
2026-05-09,peak week inc flu hosp,NA,NA,40,pmf,2026-03-28,9.967868846716439e-05
2026-05-09,peak week inc flu hosp,NA,NA,40,pmf,2026-04-04,9.967868846716439e-05
2026-05-09,peak week inc flu hosp,NA,NA,40,pmf,2026-04-11,9.967868846716439e-05
2026-05-09,peak week inc flu hosp,NA,NA,40,pmf,2026-04-18,9.967868846716439e-05
2026-05-09,peak week inc flu hosp,NA,NA,40,pmf,2026-04-25,9.967868846716439e-05
2026-05-09,peak week inc flu hosp,NA,NA,40,pmf,2026-05-02,9.967868846716439e-05
2026-05-09,peak week inc flu hosp,NA,NA,40,pmf,2026-05-09,9.967868846716439e-05
2026-05-09,peak week inc flu hosp,NA,NA,40,pmf,2026-05-16,9.967868846716439e-05
2026-05-09,peak week inc flu hosp,NA,NA,40,pmf,2026-05-23,9.967868846716439e-05
2026-05-09,peak week inc flu hosp,NA,NA,41,pmf,2025-10-04,9.970546350859085e-05
2026-05-09,peak week inc flu hosp,NA,NA,41,pmf,2025-10-11,9.970546350859085e-05
2026-05-09,peak week inc flu hosp,NA,NA,41,pmf,2025-10-18,9.970546350859085e-05
2026-05-09,peak week inc flu hosp,NA,NA,41,pmf,2025-10-25,9.970546350859085e-05
2026-05-09,peak week inc flu hosp,NA,NA,41,pmf,2025-11-01,9.970546350859085e-05
2026-05-09,peak week inc flu hosp,NA,NA,41,pmf,2025-11-08,9.970546350859085e-05
2026-05-09,peak week inc flu hosp,NA,NA,41,pmf,2025-11-15,9.970546350859085e-05
2026-05-09,peak week inc flu hosp,NA,NA,41,pmf,2025-11-22,9.970546350859085e-05
2026-05-09,peak week inc flu hosp,NA,NA,41,pmf,2025-11-29,9.970546350859085e-05
2026-05-09,peak week inc flu hosp,NA,NA,41,pmf,2025-12-06,9.970546350859085e-05
2026-05-09,peak week inc flu hosp,NA,NA,41,pmf,2025-12-13,9.970546350859085e-05
2026-05-09,peak week inc flu hosp,NA,NA,41,pmf,2025-12-20,9.970546350859085e-05
2026-05-09,peak week inc flu hosp,NA,NA,41,pmf,2025-12-27,9.970546350859085e-05
2026-05-09,peak week inc flu hosp,NA,NA,41,pmf,2026-01-03,9.970546350859085e-05
2026-05-09,peak week inc flu hosp,NA,NA,41,pmf,2026-01-10,9.970546350859085e-05
2026-05-09,peak week inc flu hosp,NA,NA,41,pmf,2026-01-17,9.970546350859085e-05
2026-05-09,peak week inc flu hosp,NA,NA,41,pmf,2026-01-24,9.970546350859085e-05
2026-05-09,peak week inc flu hosp,NA,NA,41,pmf,2026-01-31,9.970546350859085e-05
2026-05-09,peak week inc flu hosp,NA,NA,41,pmf,2026-02-07,0.9917918462237384
2026-05-09,peak week inc flu hosp,NA,NA,41,pmf,2026-02-14,9.970546350859085e-05
2026-05-09,peak week inc flu hosp,NA,NA,41,pmf,2026-02-21,9.970546350859085e-05
2026-05-09,peak week inc flu hosp,NA,NA,41,pmf,2026-02-28,0.004985001316584947
2026-05-09,peak week inc flu hosp,NA,NA,41,pmf,2026-03-07,9.970546350859085e-05
2026-05-09,peak week inc flu hosp,NA,NA,41,pmf,2026-03-14,9.970546350859085e-05
2026-05-09,peak week inc flu hosp,NA,NA,41,pmf,2026-03-21,9.970546350859085e-05
2026-05-09,peak week inc flu hosp,NA,NA,41,pmf,2026-03-28,9.970546350859085e-05
2026-05-09,peak week inc flu hosp,NA,NA,41,pmf,2026-04-04,9.970546350859085e-05
2026-05-09,peak week inc flu hosp,NA,NA,41,pmf,2026-04-11,9.970546350859085e-05
2026-05-09,peak week inc flu hosp,NA,NA,41,pmf,2026-04-18,9.970546350859085e-05
2026-05-09,peak week inc flu hosp,NA,NA,41,pmf,2026-04-25,9.970546350859085e-05
2026-05-09,peak week inc flu hosp,NA,NA,41,pmf,2026-05-02,9.970546350859085e-05
2026-05-09,peak week inc flu hosp,NA,NA,41,pmf,2026-05-09,0.00013228309091052061
2026-05-09,peak week inc flu hosp,NA,NA,41,pmf,2026-05-16,9.970546350859085e-05
2026-05-09,peak week inc flu hosp,NA,NA,41,pmf,2026-05-23,9.970546350859085e-05
2026-05-09,peak week inc flu hosp,NA,NA,42,pmf,2025-10-04,9.968519480109772e-05
2026-05-09,peak week inc flu hosp,NA,NA,42,pmf,2025-10-11,9.968519480109772e-05
2026-05-09,peak week inc flu hosp,NA,NA,42,pmf,2025-10-18,9.968519480109772e-05
2026-05-09,peak week inc flu hosp,NA,NA,42,pmf,2025-10-25,9.968519480109772e-05
2026-05-09,peak week inc flu hosp,NA,NA,42,pmf,2025-11-01,9.968519480109772e-05
2026-05-09,peak week inc flu hosp,NA,NA,42,pmf,2025-11-08,9.968519480109772e-05
2026-05-09,peak week inc flu hosp,NA,NA,42,pmf,2025-11-15,9.968519480109772e-05
2026-05-09,peak week inc flu hosp,NA,NA,42,pmf,2025-11-22,9.968519480109772e-05
2026-05-09,peak week inc flu hosp,NA,NA,42,pmf,2025-11-29,9.968519480109772e-05
2026-05-09,peak week inc flu hosp,NA,NA,42,pmf,2025-12-06,9.968519480109772e-05
2026-05-09,peak week inc flu hosp,NA,NA,42,pmf,2025-12-13,9.968519480109772e-05
2026-05-09,peak week inc flu hosp,NA,NA,42,pmf,2025-12-20,9.968519480109772e-05
2026-05-09,peak week inc flu hosp,NA,NA,42,pmf,2025-12-27,9.968519480109772e-05
2026-05-09,peak week inc flu hosp,NA,NA,42,pmf,2026-01-03,0.9918265181476569
2026-05-09,peak week inc flu hosp,NA,NA,42,pmf,2026-01-10,9.968519480109772e-05
2026-05-09,peak week inc flu hosp,NA,NA,42,pmf,2026-01-17,9.968519480109772e-05
2026-05-09,peak week inc flu hosp,NA,NA,42,pmf,2026-01-24,9.968519480109772e-05
2026-05-09,peak week inc flu hosp,NA,NA,42,pmf,2026-01-31,9.968519480109772e-05
2026-05-09,peak week inc flu hosp,NA,NA,42,pmf,2026-02-07,9.968519480109772e-05
2026-05-09,peak week inc flu hosp,NA,NA,42,pmf,2026-02-14,9.968519480109772e-05
2026-05-09,peak week inc flu hosp,NA,NA,42,pmf,2026-02-21,9.968519480109772e-05
2026-05-09,peak week inc flu hosp,NA,NA,42,pmf,2026-02-28,9.968519480109772e-05
2026-05-09,peak week inc flu hosp,NA,NA,42,pmf,2026-03-07,0.0049835556187081305
2026-05-09,peak week inc flu hosp,NA,NA,42,pmf,2026-03-14,9.968519480109772e-05
2026-05-09,peak week inc flu hosp,NA,NA,42,pmf,2026-03-21,9.968519480109772e-05
2026-05-09,peak week inc flu hosp,NA,NA,42,pmf,2026-03-28,9.968519480109772e-05
2026-05-09,peak week inc flu hosp,NA,NA,42,pmf,2026-04-04,9.968519480109772e-05
2026-05-09,peak week inc flu hosp,NA,NA,42,pmf,2026-04-11,9.968519480109772e-05
2026-05-09,peak week inc flu hosp,NA,NA,42,pmf,2026-04-18,9.968519480109772e-05
2026-05-09,peak week inc flu hosp,NA,NA,42,pmf,2026-04-25,9.968519480109772e-05
2026-05-09,peak week inc flu hosp,NA,NA,42,pmf,2026-05-02,9.968519480109772e-05
2026-05-09,peak week inc flu hosp,NA,NA,42,pmf,2026-05-09,9.968519480109772e-05
2026-05-09,peak week inc flu hosp,NA,NA,42,pmf,2026-05-16,9.968519480109772e-05
2026-05-09,peak week inc flu hosp,NA,NA,42,pmf,2026-05-23,9.968519480109772e-05
2026-05-09,peak week inc flu hosp,NA,NA,44,pmf,2025-10-04,9.967504410719341e-05
2026-05-09,peak week inc flu hosp,NA,NA,44,pmf,2025-10-11,9.967504410719341e-05
2026-05-09,peak week inc flu hosp,NA,NA,44,pmf,2025-10-18,9.967504410719341e-05
2026-05-09,peak week inc flu hosp,NA,NA,44,pmf,2025-10-25,9.967504410719341e-05
2026-05-09,peak week inc flu hosp,NA,NA,44,pmf,2025-11-01,9.967504410719341e-05
2026-05-09,peak week inc flu hosp,NA,NA,44,pmf,2025-11-08,9.967504410719341e-05
2026-05-09,peak week inc flu hosp,NA,NA,44,pmf,2025-11-15,9.967504410719341e-05
2026-05-09,peak week inc flu hosp,NA,NA,44,pmf,2025-11-22,9.967504410719341e-05
2026-05-09,peak week inc flu hosp,NA,NA,44,pmf,2025-11-29,9.967504410719341e-05
2026-05-09,peak week inc flu hosp,NA,NA,44,pmf,2025-12-06,9.967504410719341e-05
2026-05-09,peak week inc flu hosp,NA,NA,44,pmf,2025-12-13,9.967504410719341e-05
2026-05-09,peak week inc flu hosp,NA,NA,44,pmf,2025-12-20,9.967504410719341e-05
2026-05-09,peak week inc flu hosp,NA,NA,44,pmf,2025-12-27,9.967504410719341e-05
2026-05-09,peak week inc flu hosp,NA,NA,44,pmf,2026-01-03,0.9967107235444627
2026-05-09,peak week inc flu hosp,NA,NA,44,pmf,2026-01-10,9.967504410719341e-05
2026-05-09,peak week inc flu hosp,NA,NA,44,pmf,2026-01-17,9.967504410719341e-05
2026-05-09,peak week inc flu hosp,NA,NA,44,pmf,2026-01-24,9.967504410719341e-05
2026-05-09,peak week inc flu hosp,NA,NA,44,pmf,2026-01-31,9.967504410719341e-05
2026-05-09,peak week inc flu hosp,NA,NA,44,pmf,2026-02-07,9.967504410719341e-05
2026-05-09,peak week inc flu hosp,NA,NA,44,pmf,2026-02-14,9.967504410719341e-05
2026-05-09,peak week inc flu hosp,NA,NA,44,pmf,2026-02-21,9.967504410719341e-05
2026-05-09,peak week inc flu hosp,NA,NA,44,pmf,2026-02-28,9.967504410719341e-05
2026-05-09,peak week inc flu hosp,NA,NA,44,pmf,2026-03-07,9.967504410719341e-05
2026-05-09,peak week inc flu hosp,NA,NA,44,pmf,2026-03-14,9.967504410719341e-05
2026-05-09,peak week inc flu hosp,NA,NA,44,pmf,2026-03-21,9.967504410719341e-05
2026-05-09,peak week inc flu hosp,NA,NA,44,pmf,2026-03-28,9.967504410719341e-05
2026-05-09,peak week inc flu hosp,NA,NA,44,pmf,2026-04-04,9.967504410719341e-05
2026-05-09,peak week inc flu hosp,NA,NA,44,pmf,2026-04-11,9.967504410719341e-05
2026-05-09,peak week inc flu hosp,NA,NA,44,pmf,2026-04-18,9.967504410719341e-05
2026-05-09,peak week inc flu hosp,NA,NA,44,pmf,2026-04-25,9.967504410719341e-05
2026-05-09,peak week inc flu hosp,NA,NA,44,pmf,2026-05-02,9.967504410719341e-05
2026-05-09,peak week inc flu hosp,NA,NA,44,pmf,2026-05-09,9.967504410719341e-05
2026-05-09,peak week inc flu hosp,NA,NA,44,pmf,2026-05-16,9.967504410719341e-05
2026-05-09,peak week inc flu hosp,NA,NA,44,pmf,2026-05-23,9.967504410719341e-05
2026-05-09,peak week inc flu hosp,NA,NA,45,pmf,2025-10-04,9.970732251885456e-05
2026-05-09,peak week inc flu hosp,NA,NA,45,pmf,2025-10-11,9.970732251885456e-05
2026-05-09,peak week inc flu hosp,NA,NA,45,pmf,2025-10-18,9.970732251885456e-05
2026-05-09,peak week inc flu hosp,NA,NA,45,pmf,2025-10-25,9.970732251885456e-05
2026-05-09,peak week inc flu hosp,NA,NA,45,pmf,2025-11-01,9.970732251885456e-05
2026-05-09,peak week inc flu hosp,NA,NA,45,pmf,2025-11-08,9.970732251885456e-05
2026-05-09,peak week inc flu hosp,NA,NA,45,pmf,2025-11-15,9.970732251885456e-05
2026-05-09,peak week inc flu hosp,NA,NA,45,pmf,2025-11-22,9.970732251885456e-05
2026-05-09,peak week inc flu hosp,NA,NA,45,pmf,2025-11-29,9.970732251885456e-05
2026-05-09,peak week inc flu hosp,NA,NA,45,pmf,2025-12-06,9.970732251885456e-05
2026-05-09,peak week inc flu hosp,NA,NA,45,pmf,2025-12-13,9.970732251885456e-05
2026-05-09,peak week inc flu hosp,NA,NA,45,pmf,2025-12-20,9.970732251885456e-05
2026-05-09,peak week inc flu hosp,NA,NA,45,pmf,2025-12-27,9.970732251885456e-05
2026-05-09,peak week inc flu hosp,NA,NA,45,pmf,2026-01-03,0.9918714850765199
2026-05-09,peak week inc flu hosp,NA,NA,45,pmf,2026-01-10,9.970732251885456e-05
2026-05-09,peak week inc flu hosp,NA,NA,45,pmf,2026-01-17,9.970732251885456e-05
2026-05-09,peak week inc flu hosp,NA,NA,45,pmf,2026-01-24,9.970732251885456e-05
2026-05-09,peak week inc flu hosp,NA,NA,45,pmf,2026-01-31,9.970732251885456e-05
2026-05-09,peak week inc flu hosp,NA,NA,45,pmf,2026-02-07,9.970732251885456e-05
2026-05-09,peak week inc flu hosp,NA,NA,45,pmf,2026-02-14,9.970732251885456e-05
2026-05-09,peak week inc flu hosp,NA,NA,45,pmf,2026-02-21,9.970732251885456e-05
2026-05-09,peak week inc flu hosp,NA,NA,45,pmf,2026-02-28,9.970732251885456e-05
2026-05-09,peak week inc flu hosp,NA,NA,45,pmf,2026-03-07,9.970732251885456e-05
2026-05-09,peak week inc flu hosp,NA,NA,45,pmf,2026-03-14,9.970732251885456e-05
2026-05-09,peak week inc flu hosp,NA,NA,45,pmf,2026-03-21,9.970732251885456e-05
2026-05-09,peak week inc flu hosp,NA,NA,45,pmf,2026-03-28,9.970732251885456e-05
2026-05-09,peak week inc flu hosp,NA,NA,45,pmf,2026-04-04,9.970732251885456e-05
2026-05-09,peak week inc flu hosp,NA,NA,45,pmf,2026-04-11,9.970732251885456e-05
2026-05-09,peak week inc flu hosp,NA,NA,45,pmf,2026-04-18,9.970732251885456e-05
2026-05-09,peak week inc flu hosp,NA,NA,45,pmf,2026-04-25,9.970732251885456e-05
2026-05-09,peak week inc flu hosp,NA,NA,45,pmf,2026-05-02,0.004845267039495094
2026-05-09,peak week inc flu hosp,NA,NA,45,pmf,2026-05-09,0.00016421399955698546
2026-05-09,peak week inc flu hosp,NA,NA,45,pmf,2026-05-16,9.970732251885456e-05
2026-05-09,peak week inc flu hosp,NA,NA,45,pmf,2026-05-23,0.0001278142088623413
2026-05-09,peak week inc flu hosp,NA,NA,46,pmf,2025-10-04,9.968595217443135e-05
2026-05-09,peak week inc flu hosp,NA,NA,46,pmf,2025-10-11,9.968595217443135e-05
2026-05-09,peak week inc flu hosp,NA,NA,46,pmf,2025-10-18,9.968595217443135e-05
2026-05-09,peak week inc flu hosp,NA,NA,46,pmf,2025-10-25,9.968595217443135e-05
2026-05-09,peak week inc flu hosp,NA,NA,46,pmf,2025-11-01,9.968595217443135e-05
2026-05-09,peak week inc flu hosp,NA,NA,46,pmf,2025-11-08,9.968595217443135e-05
2026-05-09,peak week inc flu hosp,NA,NA,46,pmf,2025-11-15,9.968595217443135e-05
2026-05-09,peak week inc flu hosp,NA,NA,46,pmf,2025-11-22,9.968595217443135e-05
2026-05-09,peak week inc flu hosp,NA,NA,46,pmf,2025-11-29,9.968595217443135e-05
2026-05-09,peak week inc flu hosp,NA,NA,46,pmf,2025-12-06,9.968595217443135e-05
2026-05-09,peak week inc flu hosp,NA,NA,46,pmf,2025-12-13,9.968595217443135e-05
2026-05-09,peak week inc flu hosp,NA,NA,46,pmf,2025-12-20,9.968595217443135e-05
2026-05-09,peak week inc flu hosp,NA,NA,46,pmf,2025-12-27,9.968595217443135e-05
2026-05-09,peak week inc flu hosp,NA,NA,46,pmf,2026-01-03,0.9918259818387547
2026-05-09,peak week inc flu hosp,NA,NA,46,pmf,2026-01-10,9.968595217443135e-05
2026-05-09,peak week inc flu hosp,NA,NA,46,pmf,2026-01-17,9.968595217443135e-05
2026-05-09,peak week inc flu hosp,NA,NA,46,pmf,2026-01-24,9.968595217443135e-05
2026-05-09,peak week inc flu hosp,NA,NA,46,pmf,2026-01-31,9.968595217443135e-05
2026-05-09,peak week inc flu hosp,NA,NA,46,pmf,2026-02-07,9.968595217443135e-05
2026-05-09,peak week inc flu hosp,NA,NA,46,pmf,2026-02-14,9.968595217443135e-05
2026-05-09,peak week inc flu hosp,NA,NA,46,pmf,2026-02-21,9.968595217443135e-05
2026-05-09,peak week inc flu hosp,NA,NA,46,pmf,2026-02-28,0.004984067691663697
2026-05-09,peak week inc flu hosp,NA,NA,46,pmf,2026-03-07,9.968595217443135e-05
2026-05-09,peak week inc flu hosp,NA,NA,46,pmf,2026-03-14,9.968595217443135e-05
2026-05-09,peak week inc flu hosp,NA,NA,46,pmf,2026-03-21,9.968595217443135e-05
2026-05-09,peak week inc flu hosp,NA,NA,46,pmf,2026-03-28,9.968595217443135e-05
2026-05-09,peak week inc flu hosp,NA,NA,46,pmf,2026-04-04,9.968595217443135e-05
2026-05-09,peak week inc flu hosp,NA,NA,46,pmf,2026-04-11,9.968595217443135e-05
2026-05-09,peak week inc flu hosp,NA,NA,46,pmf,2026-04-18,9.968595217443135e-05
2026-05-09,peak week inc flu hosp,NA,NA,46,pmf,2026-04-25,9.968595217443135e-05
2026-05-09,peak week inc flu hosp,NA,NA,46,pmf,2026-05-02,9.968595217443135e-05
2026-05-09,peak week inc flu hosp,NA,NA,46,pmf,2026-05-09,9.968595217443135e-05
2026-05-09,peak week inc flu hosp,NA,NA,46,pmf,2026-05-16,9.968595217443135e-05
2026-05-09,peak week inc flu hosp,NA,NA,46,pmf,2026-05-23,9.968595217443135e-05
2026-05-09,peak week inc flu hosp,NA,NA,47,pmf,2025-10-04,9.967562368088597e-05
2026-05-09,peak week inc flu hosp,NA,NA,47,pmf,2025-10-11,9.967562368088597e-05
2026-05-09,peak week inc flu hosp,NA,NA,47,pmf,2025-10-18,9.967562368088597e-05
2026-05-09,peak week inc flu hosp,NA,NA,47,pmf,2025-10-25,9.967562368088597e-05
2026-05-09,peak week inc flu hosp,NA,NA,47,pmf,2025-11-01,9.967562368088597e-05
2026-05-09,peak week inc flu hosp,NA,NA,47,pmf,2025-11-08,9.967562368088597e-05
2026-05-09,peak week inc flu hosp,NA,NA,47,pmf,2025-11-15,9.967562368088597e-05
2026-05-09,peak week inc flu hosp,NA,NA,47,pmf,2025-11-22,9.967562368088597e-05
2026-05-09,peak week inc flu hosp,NA,NA,47,pmf,2025-11-29,9.967562368088597e-05
2026-05-09,peak week inc flu hosp,NA,NA,47,pmf,2025-12-06,9.967562368088597e-05
2026-05-09,peak week inc flu hosp,NA,NA,47,pmf,2025-12-13,9.967562368088597e-05
2026-05-09,peak week inc flu hosp,NA,NA,47,pmf,2025-12-20,9.967562368088597e-05
2026-05-09,peak week inc flu hosp,NA,NA,47,pmf,2025-12-27,9.967562368088597e-05
2026-05-09,peak week inc flu hosp,NA,NA,47,pmf,2026-01-03,0.9967107044185308
2026-05-09,peak week inc flu hosp,NA,NA,47,pmf,2026-01-10,9.967562368088597e-05
2026-05-09,peak week inc flu hosp,NA,NA,47,pmf,2026-01-17,9.967562368088597e-05
2026-05-09,peak week inc flu hosp,NA,NA,47,pmf,2026-01-24,9.967562368088597e-05
2026-05-09,peak week inc flu hosp,NA,NA,47,pmf,2026-01-31,9.967562368088597e-05
2026-05-09,peak week inc flu hosp,NA,NA,47,pmf,2026-02-07,9.967562368088597e-05
2026-05-09,peak week inc flu hosp,NA,NA,47,pmf,2026-02-14,9.967562368088597e-05
2026-05-09,peak week inc flu hosp,NA,NA,47,pmf,2026-02-21,9.967562368088597e-05
2026-05-09,peak week inc flu hosp,NA,NA,47,pmf,2026-02-28,9.967562368088597e-05
2026-05-09,peak week inc flu hosp,NA,NA,47,pmf,2026-03-07,9.967562368088597e-05
2026-05-09,peak week inc flu hosp,NA,NA,47,pmf,2026-03-14,9.967562368088597e-05
2026-05-09,peak week inc flu hosp,NA,NA,47,pmf,2026-03-21,9.967562368088597e-05
2026-05-09,peak week inc flu hosp,NA,NA,47,pmf,2026-03-28,9.967562368088597e-05
2026-05-09,peak week inc flu hosp,NA,NA,47,pmf,2026-04-04,9.967562368088597e-05
2026-05-09,peak week inc flu hosp,NA,NA,47,pmf,2026-04-11,9.967562368088597e-05
2026-05-09,peak week inc flu hosp,NA,NA,47,pmf,2026-04-18,9.967562368088597e-05
2026-05-09,peak week inc flu hosp,NA,NA,47,pmf,2026-04-25,9.967562368088597e-05
2026-05-09,peak week inc flu hosp,NA,NA,47,pmf,2026-05-02,9.967562368088597e-05
2026-05-09,peak week inc flu hosp,NA,NA,47,pmf,2026-05-09,9.967562368088597e-05
2026-05-09,peak week inc flu hosp,NA,NA,47,pmf,2026-05-16,9.967562368088597e-05
2026-05-09,peak week inc flu hosp,NA,NA,47,pmf,2026-05-23,9.967562368088597e-05
2026-05-09,peak week inc flu hosp,NA,NA,48,pmf,2025-10-04,9.9705999181014e-05
2026-05-09,peak week inc flu hosp,NA,NA,48,pmf,2025-10-11,9.9705999181014e-05
2026-05-09,peak week inc flu hosp,NA,NA,48,pmf,2025-10-18,9.9705999181014e-05
2026-05-09,peak week inc flu hosp,NA,NA,48,pmf,2025-10-25,9.9705999181014e-05
2026-05-09,peak week inc flu hosp,NA,NA,48,pmf,2025-11-01,9.9705999181014e-05
2026-05-09,peak week inc flu hosp,NA,NA,48,pmf,2025-11-08,9.9705999181014e-05
2026-05-09,peak week inc flu hosp,NA,NA,48,pmf,2025-11-15,9.9705999181014e-05
2026-05-09,peak week inc flu hosp,NA,NA,48,pmf,2025-11-22,9.9705999181014e-05
2026-05-09,peak week inc flu hosp,NA,NA,48,pmf,2025-11-29,9.9705999181014e-05
2026-05-09,peak week inc flu hosp,NA,NA,48,pmf,2025-12-06,9.9705999181014e-05
2026-05-09,peak week inc flu hosp,NA,NA,48,pmf,2025-12-13,9.9705999181014e-05
2026-05-09,peak week inc flu hosp,NA,NA,48,pmf,2025-12-20,9.9705999181014e-05
2026-05-09,peak week inc flu hosp,NA,NA,48,pmf,2025-12-27,0.9770687563476191
2026-05-09,peak week inc flu hosp,NA,NA,48,pmf,2026-01-03,9.9705999181014e-05
2026-05-09,peak week inc flu hosp,NA,NA,48,pmf,2026-01-10,9.9705999181014e-05
2026-05-09,peak week inc flu hosp,NA,NA,48,pmf,2026-01-17,9.9705999181014e-05
2026-05-09,peak week inc flu hosp,NA,NA,48,pmf,2026-01-24,9.9705999181014e-05
2026-05-09,peak week inc flu hosp,NA,NA,48,pmf,2026-01-31,9.9705999181014e-05
2026-05-09,peak week inc flu hosp,NA,NA,48,pmf,2026-02-07,9.9705999181014e-05
2026-05-09,peak week inc flu hosp,NA,NA,48,pmf,2026-02-14,9.9705999181014e-05
2026-05-09,peak week inc flu hosp,NA,NA,48,pmf,2026-02-21,9.9705999181014e-05
2026-05-09,peak week inc flu hosp,NA,NA,48,pmf,2026-02-28,9.9705999181014e-05
2026-05-09,peak week inc flu hosp,NA,NA,48,pmf,2026-03-07,0.009970079809220673
2026-05-09,peak week inc flu hosp,NA,NA,48,pmf,2026-03-14,0.004985028398009952
2026-05-09,peak week inc flu hosp,NA,NA,48,pmf,2026-03-21,0.004984955469719884
2026-05-09,peak week inc flu hosp,NA,NA,48,pmf,2026-03-28,9.9705999181014e-05
2026-05-09,peak week inc flu hosp,NA,NA,48,pmf,2026-04-04,9.9705999181014e-05
2026-05-09,peak week inc flu hosp,NA,NA,48,pmf,2026-04-11,9.9705999181014e-05
2026-05-09,peak week inc flu hosp,NA,NA,48,pmf,2026-04-18,9.9705999181014e-05
2026-05-09,peak week inc flu hosp,NA,NA,48,pmf,2026-04-25,9.9705999181014e-05
2026-05-09,peak week inc flu hosp,NA,NA,48,pmf,2026-05-02,9.9705999181014e-05
2026-05-09,peak week inc flu hosp,NA,NA,48,pmf,2026-05-09,9.9705999181014e-05
2026-05-09,peak week inc flu hosp,NA,NA,48,pmf,2026-05-16,9.9705999181014e-05
2026-05-09,peak week inc flu hosp,NA,NA,48,pmf,2026-05-23,9.9705999181014e-05
2026-05-09,peak week inc flu hosp,NA,NA,49,pmf,2025-10-04,9.96761636458362e-05
2026-05-09,peak week inc flu hosp,NA,NA,49,pmf,2025-10-11,9.96761636458362e-05
2026-05-09,peak week inc flu hosp,NA,NA,49,pmf,2025-10-18,9.96761636458362e-05
2026-05-09,peak week inc flu hosp,NA,NA,49,pmf,2025-10-25,9.96761636458362e-05
2026-05-09,peak week inc flu hosp,NA,NA,49,pmf,2025-11-01,9.96761636458362e-05
2026-05-09,peak week inc flu hosp,NA,NA,49,pmf,2025-11-08,9.96761636458362e-05
2026-05-09,peak week inc flu hosp,NA,NA,49,pmf,2025-11-15,9.96761636458362e-05
2026-05-09,peak week inc flu hosp,NA,NA,49,pmf,2025-11-22,9.96761636458362e-05
2026-05-09,peak week inc flu hosp,NA,NA,49,pmf,2025-11-29,9.96761636458362e-05
2026-05-09,peak week inc flu hosp,NA,NA,49,pmf,2025-12-06,9.96761636458362e-05
2026-05-09,peak week inc flu hosp,NA,NA,49,pmf,2025-12-13,9.96761636458362e-05
2026-05-09,peak week inc flu hosp,NA,NA,49,pmf,2025-12-20,9.96761636458362e-05
2026-05-09,peak week inc flu hosp,NA,NA,49,pmf,2025-12-27,9.96761636458362e-05
2026-05-09,peak week inc flu hosp,NA,NA,49,pmf,2026-01-03,0.9967106865996875
2026-05-09,peak week inc flu hosp,NA,NA,49,pmf,2026-01-10,9.96761636458362e-05
2026-05-09,peak week inc flu hosp,NA,NA,49,pmf,2026-01-17,9.96761636458362e-05
2026-05-09,peak week inc flu hosp,NA,NA,49,pmf,2026-01-24,9.96761636458362e-05
2026-05-09,peak week inc flu hosp,NA,NA,49,pmf,2026-01-31,9.96761636458362e-05
2026-05-09,peak week inc flu hosp,NA,NA,49,pmf,2026-02-07,9.96761636458362e-05
2026-05-09,peak week inc flu hosp,NA,NA,49,pmf,2026-02-14,9.96761636458362e-05
2026-05-09,peak week inc flu hosp,NA,NA,49,pmf,2026-02-21,9.96761636458362e-05
2026-05-09,peak week inc flu hosp,NA,NA,49,pmf,2026-02-28,9.96761636458362e-05
2026-05-09,peak week inc flu hosp,NA,NA,49,pmf,2026-03-07,9.96761636458362e-05
2026-05-09,peak week inc flu hosp,NA,NA,49,pmf,2026-03-14,9.96761636458362e-05
2026-05-09,peak week inc flu hosp,NA,NA,49,pmf,2026-03-21,9.96761636458362e-05
2026-05-09,peak week inc flu hosp,NA,NA,49,pmf,2026-03-28,9.96761636458362e-05
2026-05-09,peak week inc flu hosp,NA,NA,49,pmf,2026-04-04,9.96761636458362e-05
2026-05-09,peak week inc flu hosp,NA,NA,49,pmf,2026-04-11,9.96761636458362e-05
2026-05-09,peak week inc flu hosp,NA,NA,49,pmf,2026-04-18,9.96761636458362e-05
2026-05-09,peak week inc flu hosp,NA,NA,49,pmf,2026-04-25,9.96761636458362e-05
2026-05-09,peak week inc flu hosp,NA,NA,49,pmf,2026-05-02,9.96761636458362e-05
2026-05-09,peak week inc flu hosp,NA,NA,49,pmf,2026-05-09,9.96761636458362e-05
2026-05-09,peak week inc flu hosp,NA,NA,49,pmf,2026-05-16,9.96761636458362e-05
2026-05-09,peak week inc flu hosp,NA,NA,49,pmf,2026-05-23,9.96761636458362e-05
2026-05-09,peak week inc flu hosp,NA,NA,50,pmf,2025-10-04,9.968511326078747e-05
2026-05-09,peak week inc flu hosp,NA,NA,50,pmf,2025-10-11,9.968511326078747e-05
2026-05-09,peak week inc flu hosp,NA,NA,50,pmf,2025-10-18,9.968511326078747e-05
2026-05-09,peak week inc flu hosp,NA,NA,50,pmf,2025-10-25,9.968511326078747e-05
2026-05-09,peak week inc flu hosp,NA,NA,50,pmf,2025-11-01,9.968511326078747e-05
2026-05-09,peak week inc flu hosp,NA,NA,50,pmf,2025-11-08,9.968511326078747e-05
2026-05-09,peak week inc flu hosp,NA,NA,50,pmf,2025-11-15,9.968511326078747e-05
2026-05-09,peak week inc flu hosp,NA,NA,50,pmf,2025-11-22,9.968511326078747e-05
2026-05-09,peak week inc flu hosp,NA,NA,50,pmf,2025-11-29,9.968511326078747e-05
2026-05-09,peak week inc flu hosp,NA,NA,50,pmf,2025-12-06,9.968511326078747e-05
2026-05-09,peak week inc flu hosp,NA,NA,50,pmf,2025-12-13,9.968511326078747e-05
2026-05-09,peak week inc flu hosp,NA,NA,50,pmf,2025-12-20,9.968511326078747e-05
2026-05-09,peak week inc flu hosp,NA,NA,50,pmf,2025-12-27,9.968511326078747e-05
2026-05-09,peak week inc flu hosp,NA,NA,50,pmf,2026-01-03,0.9918260714739707
2026-05-09,peak week inc flu hosp,NA,NA,50,pmf,2026-01-10,9.968511326078747e-05
2026-05-09,peak week inc flu hosp,NA,NA,50,pmf,2026-01-17,9.968511326078747e-05
2026-05-09,peak week inc flu hosp,NA,NA,50,pmf,2026-01-24,9.968511326078747e-05
2026-05-09,peak week inc flu hosp,NA,NA,50,pmf,2026-01-31,9.968511326078747e-05
2026-05-09,peak week inc flu hosp,NA,NA,50,pmf,2026-02-07,9.968511326078747e-05
2026-05-09,peak week inc flu hosp,NA,NA,50,pmf,2026-02-14,9.968511326078747e-05
2026-05-09,peak week inc flu hosp,NA,NA,50,pmf,2026-02-21,9.968511326078747e-05
2026-05-09,peak week inc flu hosp,NA,NA,50,pmf,2026-02-28,9.968511326078747e-05
2026-05-09,peak week inc flu hosp,NA,NA,50,pmf,2026-03-07,9.968511326078747e-05
2026-05-09,peak week inc flu hosp,NA,NA,50,pmf,2026-03-14,9.968511326078747e-05
2026-05-09,peak week inc flu hosp,NA,NA,50,pmf,2026-03-21,9.968511326078747e-05
2026-05-09,peak week inc flu hosp,NA,NA,50,pmf,2026-03-28,0.004984004901684089
2026-05-09,peak week inc flu hosp,NA,NA,50,pmf,2026-04-04,9.968511326078747e-05
2026-05-09,peak week inc flu hosp,NA,NA,50,pmf,2026-04-11,9.968511326078747e-05
2026-05-09,peak week inc flu hosp,NA,NA,50,pmf,2026-04-18,9.968511326078747e-05
2026-05-09,peak week inc flu hosp,NA,NA,50,pmf,2026-04-25,9.968511326078747e-05
2026-05-09,peak week inc flu hosp,NA,NA,50,pmf,2026-05-02,9.968511326078747e-05
2026-05-09,peak week inc flu hosp,NA,NA,50,pmf,2026-05-09,9.968511326078747e-05
2026-05-09,peak week inc flu hosp,NA,NA,50,pmf,2026-05-16,9.968511326078747e-05
2026-05-09,peak week inc flu hosp,NA,NA,50,pmf,2026-05-23,9.968511326078747e-05
2026-05-09,peak week inc flu hosp,NA,NA,51,pmf,2025-10-04,9.967650514266594e-05
2026-05-09,peak week inc flu hosp,NA,NA,51,pmf,2025-10-11,9.967650514266594e-05
2026-05-09,peak week inc flu hosp,NA,NA,51,pmf,2025-10-18,9.967650514266594e-05
2026-05-09,peak week inc flu hosp,NA,NA,51,pmf,2025-10-25,9.967650514266594e-05
2026-05-09,peak week inc flu hosp,NA,NA,51,pmf,2025-11-01,9.967650514266594e-05
2026-05-09,peak week inc flu hosp,NA,NA,51,pmf,2025-11-08,9.967650514266594e-05
2026-05-09,peak week inc flu hosp,NA,NA,51,pmf,2025-11-15,9.967650514266594e-05
2026-05-09,peak week inc flu hosp,NA,NA,51,pmf,2025-11-22,9.967650514266594e-05
2026-05-09,peak week inc flu hosp,NA,NA,51,pmf,2025-11-29,9.967650514266594e-05
2026-05-09,peak week inc flu hosp,NA,NA,51,pmf,2025-12-06,9.967650514266594e-05
2026-05-09,peak week inc flu hosp,NA,NA,51,pmf,2025-12-13,9.967650514266594e-05
2026-05-09,peak week inc flu hosp,NA,NA,51,pmf,2025-12-20,9.967650514266594e-05
2026-05-09,peak week inc flu hosp,NA,NA,51,pmf,2025-12-27,9.967650514266594e-05
2026-05-09,peak week inc flu hosp,NA,NA,51,pmf,2026-01-03,0.996710675330292
2026-05-09,peak week inc flu hosp,NA,NA,51,pmf,2026-01-10,9.967650514266594e-05
2026-05-09,peak week inc flu hosp,NA,NA,51,pmf,2026-01-17,9.967650514266594e-05
2026-05-09,peak week inc flu hosp,NA,NA,51,pmf,2026-01-24,9.967650514266594e-05
2026-05-09,peak week inc flu hosp,NA,NA,51,pmf,2026-01-31,9.967650514266594e-05
2026-05-09,peak week inc flu hosp,NA,NA,51,pmf,2026-02-07,9.967650514266594e-05
2026-05-09,peak week inc flu hosp,NA,NA,51,pmf,2026-02-14,9.967650514266594e-05
2026-05-09,peak week inc flu hosp,NA,NA,51,pmf,2026-02-21,9.967650514266594e-05
2026-05-09,peak week inc flu hosp,NA,NA,51,pmf,2026-02-28,9.967650514266594e-05
2026-05-09,peak week inc flu hosp,NA,NA,51,pmf,2026-03-07,9.967650514266594e-05
2026-05-09,peak week inc flu hosp,NA,NA,51,pmf,2026-03-14,9.967650514266594e-05
2026-05-09,peak week inc flu hosp,NA,NA,51,pmf,2026-03-21,9.967650514266594e-05
2026-05-09,peak week inc flu hosp,NA,NA,51,pmf,2026-03-28,9.967650514266594e-05
2026-05-09,peak week inc flu hosp,NA,NA,51,pmf,2026-04-04,9.967650514266594e-05
2026-05-09,peak week inc flu hosp,NA,NA,51,pmf,2026-04-11,9.967650514266594e-05
2026-05-09,peak week inc flu hosp,NA,NA,51,pmf,2026-04-18,9.967650514266594e-05
2026-05-09,peak week inc flu hosp,NA,NA,51,pmf,2026-04-25,9.967650514266594e-05
2026-05-09,peak week inc flu hosp,NA,NA,51,pmf,2026-05-02,9.967650514266594e-05
2026-05-09,peak week inc flu hosp,NA,NA,51,pmf,2026-05-09,9.967650514266594e-05
2026-05-09,peak week inc flu hosp,NA,NA,51,pmf,2026-05-16,9.967650514266594e-05
2026-05-09,peak week inc flu hosp,NA,NA,51,pmf,2026-05-23,9.967650514266594e-05
2026-05-09,peak week inc flu hosp,NA,NA,53,pmf,2025-10-04,9.970275060280515e-05
2026-05-09,peak week inc flu hosp,NA,NA,53,pmf,2025-10-11,9.970275060280515e-05
2026-05-09,peak week inc flu hosp,NA,NA,53,pmf,2025-10-18,9.970275060280515e-05
2026-05-09,peak week inc flu hosp,NA,NA,53,pmf,2025-10-25,9.970275060280515e-05
2026-05-09,peak week inc flu hosp,NA,NA,53,pmf,2025-11-01,9.970275060280515e-05
2026-05-09,peak week inc flu hosp,NA,NA,53,pmf,2025-11-08,9.970275060280515e-05
2026-05-09,peak week inc flu hosp,NA,NA,53,pmf,2025-11-15,9.970275060280515e-05
2026-05-09,peak week inc flu hosp,NA,NA,53,pmf,2025-11-22,9.970275060280515e-05
2026-05-09,peak week inc flu hosp,NA,NA,53,pmf,2025-11-29,9.970275060280515e-05
2026-05-09,peak week inc flu hosp,NA,NA,53,pmf,2025-12-06,9.970275060280515e-05
2026-05-09,peak week inc flu hosp,NA,NA,53,pmf,2025-12-13,9.970275060280515e-05
2026-05-09,peak week inc flu hosp,NA,NA,53,pmf,2025-12-20,9.970275060280515e-05
2026-05-09,peak week inc flu hosp,NA,NA,53,pmf,2025-12-27,9.970275060280515e-05
2026-05-09,peak week inc flu hosp,NA,NA,53,pmf,2026-01-03,9.970275060280515e-05
2026-05-09,peak week inc flu hosp,NA,NA,53,pmf,2026-01-10,9.970275060280515e-05
2026-05-09,peak week inc flu hosp,NA,NA,53,pmf,2026-01-17,9.970275060280515e-05
2026-05-09,peak week inc flu hosp,NA,NA,53,pmf,2026-01-24,9.970275060280515e-05
2026-05-09,peak week inc flu hosp,NA,NA,53,pmf,2026-01-31,9.970275060280515e-05
2026-05-09,peak week inc flu hosp,NA,NA,53,pmf,2026-02-07,0.9870024826932866
2026-05-09,peak week inc flu hosp,NA,NA,53,pmf,2026-02-14,9.970275060280515e-05
2026-05-09,peak week inc flu hosp,NA,NA,53,pmf,2026-02-21,9.970275060280515e-05
2026-05-09,peak week inc flu hosp,NA,NA,53,pmf,2026-02-28,9.970275060280515e-05
2026-05-09,peak week inc flu hosp,NA,NA,53,pmf,2026-03-07,9.970275060280515e-05
2026-05-09,peak week inc flu hosp,NA,NA,53,pmf,2026-03-14,9.970275060280515e-05
2026-05-09,peak week inc flu hosp,NA,NA,53,pmf,2026-03-21,9.970275060280515e-05
2026-05-09,peak week inc flu hosp,NA,NA,53,pmf,2026-03-28,9.970275060280515e-05
2026-05-09,peak week inc flu hosp,NA,NA,53,pmf,2026-04-04,0.004984834785959703
2026-05-09,peak week inc flu hosp,NA,NA,53,pmf,2026-04-11,9.970275060280515e-05
2026-05-09,peak week inc flu hosp,NA,NA,53,pmf,2026-04-18,9.970275060280515e-05
2026-05-09,peak week inc flu hosp,NA,NA,53,pmf,2026-04-25,9.970275060280515e-05
2026-05-09,peak week inc flu hosp,NA,NA,53,pmf,2026-05-02,0.00492189725206679
2026-05-09,peak week inc flu hosp,NA,NA,53,pmf,2026-05-09,9.970275060280515e-05
2026-05-09,peak week inc flu hosp,NA,NA,53,pmf,2026-05-16,9.970275060280515e-05
2026-05-09,peak week inc flu hosp,NA,NA,53,pmf,2026-05-23,9.970275060280515e-05
2026-05-09,peak week inc flu hosp,NA,NA,54,pmf,2025-10-04,9.968600753802322e-05
2026-05-09,peak week inc flu hosp,NA,NA,54,pmf,2025-10-11,9.968600753802322e-05
2026-05-09,peak week inc flu hosp,NA,NA,54,pmf,2025-10-18,9.968600753802322e-05
2026-05-09,peak week inc flu hosp,NA,NA,54,pmf,2025-10-25,9.968600753802322e-05
2026-05-09,peak week inc flu hosp,NA,NA,54,pmf,2025-11-01,9.968600753802322e-05
2026-05-09,peak week inc flu hosp,NA,NA,54,pmf,2025-11-08,9.968600753802322e-05
2026-05-09,peak week inc flu hosp,NA,NA,54,pmf,2025-11-15,9.968600753802322e-05
2026-05-09,peak week inc flu hosp,NA,NA,54,pmf,2025-11-22,9.968600753802322e-05
2026-05-09,peak week inc flu hosp,NA,NA,54,pmf,2025-11-29,9.968600753802322e-05
2026-05-09,peak week inc flu hosp,NA,NA,54,pmf,2025-12-06,9.968600753802322e-05
2026-05-09,peak week inc flu hosp,NA,NA,54,pmf,2025-12-13,9.968600753802322e-05
2026-05-09,peak week inc flu hosp,NA,NA,54,pmf,2025-12-20,9.968600753802322e-05
2026-05-09,peak week inc flu hosp,NA,NA,54,pmf,2025-12-27,9.968600753802322e-05
2026-05-09,peak week inc flu hosp,NA,NA,54,pmf,2026-01-03,0.9918259771465245
2026-05-09,peak week inc flu hosp,NA,NA,54,pmf,2026-01-10,9.968600753802322e-05
2026-05-09,peak week inc flu hosp,NA,NA,54,pmf,2026-01-17,9.968600753802322e-05
2026-05-09,peak week inc flu hosp,NA,NA,54,pmf,2026-01-24,9.968600753802322e-05
2026-05-09,peak week inc flu hosp,NA,NA,54,pmf,2026-01-31,9.968600753802322e-05
2026-05-09,peak week inc flu hosp,NA,NA,54,pmf,2026-02-07,9.968600753802322e-05
2026-05-09,peak week inc flu hosp,NA,NA,54,pmf,2026-02-14,9.968600753802322e-05
2026-05-09,peak week inc flu hosp,NA,NA,54,pmf,2026-02-21,9.968600753802322e-05
2026-05-09,peak week inc flu hosp,NA,NA,54,pmf,2026-02-28,0.004984070612258831
2026-05-09,peak week inc flu hosp,NA,NA,54,pmf,2026-03-07,9.968600753802322e-05
2026-05-09,peak week inc flu hosp,NA,NA,54,pmf,2026-03-14,9.968600753802322e-05
2026-05-09,peak week inc flu hosp,NA,NA,54,pmf,2026-03-21,9.968600753802322e-05
2026-05-09,peak week inc flu hosp,NA,NA,54,pmf,2026-03-28,9.968600753802322e-05
2026-05-09,peak week inc flu hosp,NA,NA,54,pmf,2026-04-04,9.968600753802322e-05
2026-05-09,peak week inc flu hosp,NA,NA,54,pmf,2026-04-11,9.968600753802322e-05
2026-05-09,peak week inc flu hosp,NA,NA,54,pmf,2026-04-18,9.968600753802322e-05
2026-05-09,peak week inc flu hosp,NA,NA,54,pmf,2026-04-25,9.968600753802322e-05
2026-05-09,peak week inc flu hosp,NA,NA,54,pmf,2026-05-02,9.968600753802322e-05
2026-05-09,peak week inc flu hosp,NA,NA,54,pmf,2026-05-09,9.968600753802322e-05
2026-05-09,peak week inc flu hosp,NA,NA,54,pmf,2026-05-16,9.968600753802322e-05
2026-05-09,peak week inc flu hosp,NA,NA,54,pmf,2026-05-23,9.968600753802322e-05
2026-05-09,peak week inc flu hosp,NA,NA,55,pmf,2025-10-04,9.968451198754552e-05
2026-05-09,peak week inc flu hosp,NA,NA,55,pmf,2025-10-11,9.968451198754552e-05
2026-05-09,peak week inc flu hosp,NA,NA,55,pmf,2025-10-18,9.968451198754552e-05
2026-05-09,peak week inc flu hosp,NA,NA,55,pmf,2025-10-25,9.968451198754552e-05
2026-05-09,peak week inc flu hosp,NA,NA,55,pmf,2025-11-01,9.968451198754552e-05
2026-05-09,peak week inc flu hosp,NA,NA,55,pmf,2025-11-08,9.968451198754552e-05
2026-05-09,peak week inc flu hosp,NA,NA,55,pmf,2025-11-15,9.968451198754552e-05
2026-05-09,peak week inc flu hosp,NA,NA,55,pmf,2025-11-22,9.968451198754552e-05
2026-05-09,peak week inc flu hosp,NA,NA,55,pmf,2025-11-29,9.968451198754552e-05
2026-05-09,peak week inc flu hosp,NA,NA,55,pmf,2025-12-06,9.968451198754552e-05
2026-05-09,peak week inc flu hosp,NA,NA,55,pmf,2025-12-13,9.968451198754552e-05
2026-05-09,peak week inc flu hosp,NA,NA,55,pmf,2025-12-20,9.968451198754552e-05
2026-05-09,peak week inc flu hosp,NA,NA,55,pmf,2025-12-27,9.968451198754552e-05
2026-05-09,peak week inc flu hosp,NA,NA,55,pmf,2026-01-03,0.9918263254103222
2026-05-09,peak week inc flu hosp,NA,NA,55,pmf,2026-01-10,9.968451198754552e-05
2026-05-09,peak week inc flu hosp,NA,NA,55,pmf,2026-01-17,9.968451198754552e-05
2026-05-09,peak week inc flu hosp,NA,NA,55,pmf,2026-01-24,9.968451198754552e-05
2026-05-09,peak week inc flu hosp,NA,NA,55,pmf,2026-01-31,9.968451198754552e-05
2026-05-09,peak week inc flu hosp,NA,NA,55,pmf,2026-02-07,9.968451198754552e-05
2026-05-09,peak week inc flu hosp,NA,NA,55,pmf,2026-02-14,9.968451198754552e-05
2026-05-09,peak week inc flu hosp,NA,NA,55,pmf,2026-02-21,9.968451198754552e-05
2026-05-09,peak week inc flu hosp,NA,NA,55,pmf,2026-02-28,9.968451198754552e-05
2026-05-09,peak week inc flu hosp,NA,NA,55,pmf,2026-03-07,9.968451198754552e-05
2026-05-09,peak week inc flu hosp,NA,NA,55,pmf,2026-03-14,9.968451198754552e-05
2026-05-09,peak week inc flu hosp,NA,NA,55,pmf,2026-03-21,9.968451198754552e-05
2026-05-09,peak week inc flu hosp,NA,NA,55,pmf,2026-03-28,9.968451198754552e-05
2026-05-09,peak week inc flu hosp,NA,NA,55,pmf,2026-04-04,0.004983770206076391
2026-05-09,peak week inc flu hosp,NA,NA,55,pmf,2026-04-11,9.968451198754552e-05
2026-05-09,peak week inc flu hosp,NA,NA,55,pmf,2026-04-18,9.968451198754552e-05
2026-05-09,peak week inc flu hosp,NA,NA,55,pmf,2026-04-25,9.968451198754552e-05
2026-05-09,peak week inc flu hosp,NA,NA,55,pmf,2026-05-02,9.968451198754552e-05
2026-05-09,peak week inc flu hosp,NA,NA,55,pmf,2026-05-09,9.968451198754552e-05
2026-05-09,peak week inc flu hosp,NA,NA,55,pmf,2026-05-16,9.968451198754552e-05
2026-05-09,peak week inc flu hosp,NA,NA,55,pmf,2026-05-23,9.968451198754552e-05
2026-05-09,peak week inc flu hosp,NA,NA,56,pmf,2025-10-04,9.969169560913258e-05
2026-05-09,peak week inc flu hosp,NA,NA,56,pmf,2025-10-11,9.969169560913258e-05
2026-05-09,peak week inc flu hosp,NA,NA,56,pmf,2025-10-18,9.969169560913258e-05
2026-05-09,peak week inc flu hosp,NA,NA,56,pmf,2025-10-25,9.969169560913258e-05
2026-05-09,peak week inc flu hosp,NA,NA,56,pmf,2025-11-01,9.969169560913258e-05
2026-05-09,peak week inc flu hosp,NA,NA,56,pmf,2025-11-08,9.969169560913258e-05
2026-05-09,peak week inc flu hosp,NA,NA,56,pmf,2025-11-15,9.969169560913258e-05
2026-05-09,peak week inc flu hosp,NA,NA,56,pmf,2025-11-22,9.969169560913258e-05
2026-05-09,peak week inc flu hosp,NA,NA,56,pmf,2025-11-29,9.969169560913258e-05
2026-05-09,peak week inc flu hosp,NA,NA,56,pmf,2025-12-06,9.969169560913258e-05
2026-05-09,peak week inc flu hosp,NA,NA,56,pmf,2025-12-13,9.969169560913258e-05
2026-05-09,peak week inc flu hosp,NA,NA,56,pmf,2025-12-20,9.969169560913258e-05
2026-05-09,peak week inc flu hosp,NA,NA,56,pmf,2025-12-27,9.969169560913258e-05
2026-05-09,peak week inc flu hosp,NA,NA,56,pmf,2026-01-03,0.9918504054174339
2026-05-09,peak week inc flu hosp,NA,NA,56,pmf,2026-01-10,9.969169560913258e-05
2026-05-09,peak week inc flu hosp,NA,NA,56,pmf,2026-01-17,9.969169560913258e-05
2026-05-09,peak week inc flu hosp,NA,NA,56,pmf,2026-01-24,9.969169560913258e-05
2026-05-09,peak week inc flu hosp,NA,NA,56,pmf,2026-01-31,9.969169560913258e-05
2026-05-09,peak week inc flu hosp,NA,NA,56,pmf,2026-02-07,9.969169560913258e-05
2026-05-09,peak week inc flu hosp,NA,NA,56,pmf,2026-02-14,9.969169560913258e-05
2026-05-09,peak week inc flu hosp,NA,NA,56,pmf,2026-02-21,9.969169560913258e-05
2026-05-09,peak week inc flu hosp,NA,NA,56,pmf,2026-02-28,9.969169560913258e-05
2026-05-09,peak week inc flu hosp,NA,NA,56,pmf,2026-03-07,9.969169560913258e-05
2026-05-09,peak week inc flu hosp,NA,NA,56,pmf,2026-03-14,9.969169560913258e-05
2026-05-09,peak week inc flu hosp,NA,NA,56,pmf,2026-03-21,9.969169560913258e-05
2026-05-09,peak week inc flu hosp,NA,NA,56,pmf,2026-03-28,0.0049594603230739475
2026-05-09,peak week inc flu hosp,NA,NA,56,pmf,2026-04-04,9.969169560913258e-05
2026-05-09,peak week inc flu hosp,NA,NA,56,pmf,2026-04-11,9.969169560913258e-05
2026-05-09,peak week inc flu hosp,NA,NA,56,pmf,2026-04-18,9.969169560913258e-05
2026-05-09,peak week inc flu hosp,NA,NA,56,pmf,2026-04-25,9.969169560913258e-05
2026-05-09,peak week inc flu hosp,NA,NA,56,pmf,2026-05-02,9.969169560913258e-05
2026-05-09,peak week inc flu hosp,NA,NA,56,pmf,2026-05-09,9.969169560913258e-05
2026-05-09,peak week inc flu hosp,NA,NA,56,pmf,2026-05-16,9.969169560913258e-05
2026-05-09,peak week inc flu hosp,NA,NA,56,pmf,2026-05-23,9.969169560913258e-05
2026-05-09,peak week inc flu hosp,NA,NA,72,pmf,2025-10-04,9.969845414993842e-05
2026-05-09,peak week inc flu hosp,NA,NA,72,pmf,2025-10-11,9.969845414993842e-05
2026-05-09,peak week inc flu hosp,NA,NA,72,pmf,2025-10-18,9.969845414993842e-05
2026-05-09,peak week inc flu hosp,NA,NA,72,pmf,2025-10-25,9.969845414993842e-05
2026-05-09,peak week inc flu hosp,NA,NA,72,pmf,2025-11-01,9.969845414993842e-05
2026-05-09,peak week inc flu hosp,NA,NA,72,pmf,2025-11-08,9.969845414993842e-05
2026-05-09,peak week inc flu hosp,NA,NA,72,pmf,2025-11-15,9.969845414993842e-05
2026-05-09,peak week inc flu hosp,NA,NA,72,pmf,2025-11-22,9.969845414993842e-05
2026-05-09,peak week inc flu hosp,NA,NA,72,pmf,2025-11-29,9.969845414993842e-05
2026-05-09,peak week inc flu hosp,NA,NA,72,pmf,2025-12-06,9.969845414993842e-05
2026-05-09,peak week inc flu hosp,NA,NA,72,pmf,2025-12-13,9.969845414993842e-05
2026-05-09,peak week inc flu hosp,NA,NA,72,pmf,2025-12-20,9.969845414993842e-05
2026-05-09,peak week inc flu hosp,NA,NA,72,pmf,2025-12-27,9.969845414993842e-05
2026-05-09,peak week inc flu hosp,NA,NA,72,pmf,2026-01-03,0.9917919940496648
2026-05-09,peak week inc flu hosp,NA,NA,72,pmf,2026-01-10,9.969845414993842e-05
2026-05-09,peak week inc flu hosp,NA,NA,72,pmf,2026-01-17,9.969845414993842e-05
2026-05-09,peak week inc flu hosp,NA,NA,72,pmf,2026-01-24,9.969845414993842e-05
2026-05-09,peak week inc flu hosp,NA,NA,72,pmf,2026-01-31,9.969845414993842e-05
2026-05-09,peak week inc flu hosp,NA,NA,72,pmf,2026-02-07,9.969845414993842e-05
2026-05-09,peak week inc flu hosp,NA,NA,72,pmf,2026-02-14,9.969845414993842e-05
2026-05-09,peak week inc flu hosp,NA,NA,72,pmf,2026-02-21,9.969845414993842e-05
2026-05-09,peak week inc flu hosp,NA,NA,72,pmf,2026-02-28,9.969845414993842e-05
2026-05-09,peak week inc flu hosp,NA,NA,72,pmf,2026-03-07,9.969845414993842e-05
2026-05-09,peak week inc flu hosp,NA,NA,72,pmf,2026-03-14,9.969845414993842e-05
2026-05-09,peak week inc flu hosp,NA,NA,72,pmf,2026-03-21,0.004984581718082357
2026-05-09,peak week inc flu hosp,NA,NA,72,pmf,2026-03-28,9.969845414993842e-05
2026-05-09,peak week inc flu hosp,NA,NA,72,pmf,2026-04-04,9.969845414993842e-05
2026-05-09,peak week inc flu hosp,NA,NA,72,pmf,2026-04-11,9.969845414993842e-05
2026-05-09,peak week inc flu hosp,NA,NA,72,pmf,2026-04-18,9.969845414993842e-05
2026-05-09,peak week inc flu hosp,NA,NA,72,pmf,2026-04-25,9.969845414993842e-05
2026-05-09,peak week inc flu hosp,NA,NA,72,pmf,2026-05-02,9.969845414993842e-05
2026-05-09,peak week inc flu hosp,NA,NA,72,pmf,2026-05-09,9.969845414993842e-05
2026-05-09,peak week inc flu hosp,NA,NA,72,pmf,2026-05-16,9.969845414993842e-05
2026-05-09,peak week inc flu hosp,NA,NA,72,pmf,2026-05-23,0.0001327721536048278
2026-05-09,peak week inc flu hosp,NA,NA,US,pmf,2025-10-04,9.969517395943578e-05
2026-05-09,peak week inc flu hosp,NA,NA,US,pmf,2025-10-11,9.969517395943578e-05
2026-05-09,peak week inc flu hosp,NA,NA,US,pmf,2025-10-18,9.969517395943578e-05
2026-05-09,peak week inc flu hosp,NA,NA,US,pmf,2025-10-25,9.969517395943578e-05
2026-05-09,peak week inc flu hosp,NA,NA,US,pmf,2025-11-01,9.969517395943578e-05
2026-05-09,peak week inc flu hosp,NA,NA,US,pmf,2025-11-08,9.969517395943578e-05
2026-05-09,peak week inc flu hosp,NA,NA,US,pmf,2025-11-15,9.969517395943578e-05
2026-05-09,peak week inc flu hosp,NA,NA,US,pmf,2025-11-22,9.969517395943578e-05
2026-05-09,peak week inc flu hosp,NA,NA,US,pmf,2025-11-29,9.969517395943578e-05
2026-05-09,peak week inc flu hosp,NA,NA,US,pmf,2025-12-06,9.969517395943578e-05
2026-05-09,peak week inc flu hosp,NA,NA,US,pmf,2025-12-13,9.969517395943578e-05
2026-05-09,peak week inc flu hosp,NA,NA,US,pmf,2025-12-20,9.969517395943578e-05
2026-05-09,peak week inc flu hosp,NA,NA,US,pmf,2025-12-27,9.969517395943578e-05
2026-05-09,peak week inc flu hosp,NA,NA,US,pmf,2026-01-03,0.9869405411056758
2026-05-09,peak week inc flu hosp,NA,NA,US,pmf,2026-01-10,9.969517395943578e-05
2026-05-09,peak week inc flu hosp,NA,NA,US,pmf,2026-01-17,9.969517395943578e-05
2026-05-09,peak week inc flu hosp,NA,NA,US,pmf,2026-01-24,9.969517395943578e-05
2026-05-09,peak week inc flu hosp,NA,NA,US,pmf,2026-01-31,9.969517395943578e-05
2026-05-09,peak week inc flu hosp,NA,NA,US,pmf,2026-02-07,9.969517395943578e-05
2026-05-09,peak week inc flu hosp,NA,NA,US,pmf,2026-02-14,9.969517395943578e-05
2026-05-09,peak week inc flu hosp,NA,NA,US,pmf,2026-02-21,9.969517395943578e-05
2026-05-09,peak week inc flu hosp,NA,NA,US,pmf,2026-02-28,9.969517395943578e-05
2026-05-09,peak week inc flu hosp,NA,NA,US,pmf,2026-03-07,9.969517395943578e-05
2026-05-09,peak week inc flu hosp,NA,NA,US,pmf,2026-03-14,9.969517395943578e-05
2026-05-09,peak week inc flu hosp,NA,NA,US,pmf,2026-03-21,9.969517395943578e-05
2026-05-09,peak week inc flu hosp,NA,NA,US,pmf,2026-03-28,0.004984524592522904
2026-05-09,peak week inc flu hosp,NA,NA,US,pmf,2026-04-04,9.969517395943578e-05
2026-05-09,peak week inc flu hosp,NA,NA,US,pmf,2026-04-11,9.969517395943578e-05
2026-05-09,peak week inc flu hosp,NA,NA,US,pmf,2026-04-18,0.00498438390905899
2026-05-09,peak week inc flu hosp,NA,NA,US,pmf,2026-04-25,9.969517395943578e-05
2026-05-09,peak week inc flu hosp,NA,NA,US,pmf,2026-05-02,9.969517395943578e-05
2026-05-09,peak week inc flu hosp,NA,NA,US,pmf,2026-05-09,9.969517395943578e-05
2026-05-09,peak week inc flu hosp,NA,NA,US,pmf,2026-05-16,9.969517395943578e-05
2026-05-09,peak week inc flu hosp,NA,NA,US,pmf,2026-05-23,9.969517395943578e-05
