location,reference_date,horizon,target_end_date,target,output_type,output_type_id,value
01,2024-12-21,0,2024-12-21,wk inc flu hosp,quantile,0.01,74.38375119086257
02,2024-12-21,0,2024-12-21,wk inc flu hosp,quantile,0.01,9.538722102876042
04,2024-12-21,0,2024-12-21,wk inc flu hosp,quantile,0.01,354.5116280612509
05,2024-12-21,0,2024-12-21,wk inc flu hosp,quantile,0.01,14.785470055419006
06,2024-12-21,0,2024-12-21,wk inc flu hosp,quantile,0.01,515.9967432525667
08,2024-12-21,0,2024-12-21,wk inc flu hosp,quantile,0.01,53.828124703502105
09,2024-12-21,0,2024-12-21,wk inc flu hosp,quantile,0.01,7.276975670235894
10,2024-12-21,0,2024-12-21,wk inc flu hosp,quantile,0.01,5.9788903185865
11,2024-12-21,0,2024-12-21,wk inc flu hosp,quantile,0.01,1.915379977349214
12,2024-12-21,0,2024-12-21,wk inc flu hosp,quantile,0.01,399.39111836403424
13,2024-12-21,0,2024-12-21,wk inc flu hosp,quantile,0.01,68.27993603510305
15,2024-12-21,0,2024-12-21,wk inc flu hosp,quantile,0.01,13.051516493178978
16,2024-12-21,0,2024-12-21,wk inc flu hosp,quantile,0.01,36.29771445703552
17,2024-12-21,0,2024-12-21,wk inc flu hosp,quantile,0.01,78.89008860121812
18,2024-12-21,0,2024-12-21,wk inc flu hosp,quantile,0.01,47.47393814208214
19,2024-12-21,0,2024-12-21,wk inc flu hosp,quantile,0.01,6.368301178498572
20,2024-12-21,0,2024-12-21,wk inc flu hosp,quantile,0.01,27.675815399577193
21,2024-12-21,0,2024-12-21,wk inc flu hosp,quantile,0.01,32.00711059169818
22,2024-12-21,0,2024-12-21,wk inc flu hosp,quantile,0.01,104.55535774837318
23,2024-12-21,0,2024-12-21,wk inc flu hosp,quantile,0.01,0.0
24,2024-12-21,0,2024-12-21,wk inc flu hosp,quantile,0.01,21.316111164806564
25,2024-12-21,0,2024-12-21,wk inc flu hosp,quantile,0.01,51.08309862737626
26,2024-12-21,0,2024-12-21,wk inc flu hosp,quantile,0.01,60.33220256515121
27,2024-12-21,0,2024-12-21,wk inc flu hosp,quantile,0.01,46.82581027693231
28,2024-12-21,0,2024-12-21,wk inc flu hosp,quantile,0.01,23.465079214849872
29,2024-12-21,0,2024-12-21,wk inc flu hosp,quantile,0.01,32.27552794410169
30,2024-12-21,0,2024-12-21,wk inc flu hosp,quantile,0.01,0.9491904060132165
31,2024-12-21,0,2024-12-21,wk inc flu hosp,quantile,0.01,5.9571777909664005
32,2024-12-21,0,2024-12-21,wk inc flu hosp,quantile,0.01,34.77151469887671
33,2024-12-21,0,2024-12-21,wk inc flu hosp,quantile,0.01,8.542496475025422
34,2024-12-21,0,2024-12-21,wk inc flu hosp,quantile,0.01,69.62632504162572
35,2024-12-21,0,2024-12-21,wk inc flu hosp,quantile,0.01,40.17213909202965
36,2024-12-21,0,2024-12-21,wk inc flu hosp,quantile,0.01,161.0774301773666
37,2024-12-21,0,2024-12-21,wk inc flu hosp,quantile,0.01,49.63621853202507
38,2024-12-21,0,2024-12-21,wk inc flu hosp,quantile,0.01,0.0
39,2024-12-21,0,2024-12-21,wk inc flu hosp,quantile,0.01,54.61263770675667
40,2024-12-21,0,2024-12-21,wk inc flu hosp,quantile,0.01,16.88641041505116
41,2024-12-21,0,2024-12-21,wk inc flu hosp,quantile,0.01,68.61487099081454
42,2024-12-21,0,2024-12-21,wk inc flu hosp,quantile,0.01,105.38612934769036
44,2024-12-21,0,2024-12-21,wk inc flu hosp,quantile,0.01,9.316206489294752
45,2024-12-21,0,2024-12-21,wk inc flu hosp,quantile,0.01,26.327853021381845
46,2024-12-21,0,2024-12-21,wk inc flu hosp,quantile,0.01,2.456532026481971
47,2024-12-21,0,2024-12-21,wk inc flu hosp,quantile,0.01,75.61424362831326
48,2024-12-21,0,2024-12-21,wk inc flu hosp,quantile,0.01,286.56616611768106
49,2024-12-21,0,2024-12-21,wk inc flu hosp,quantile,0.01,32.44466326188957
50,2024-12-21,0,2024-12-21,wk inc flu hosp,quantile,0.01,1.5793924587234294
51,2024-12-21,0,2024-12-21,wk inc flu hosp,quantile,0.01,43.26249131014129
53,2024-12-21,0,2024-12-21,wk inc flu hosp,quantile,0.01,55.88649199976809
54,2024-12-21,0,2024-12-21,wk inc flu hosp,quantile,0.01,6.023069552370006
55,2024-12-21,0,2024-12-21,wk inc flu hosp,quantile,0.01,14.886278122249665
56,2024-12-21,0,2024-12-21,wk inc flu hosp,quantile,0.01,9.785062648302764
72,2024-12-21,0,2024-12-21,wk inc flu hosp,quantile,0.01,172.75273398662992
US,2024-12-21,0,2024-12-21,wk inc flu hosp,quantile,0.01,5562.251819412999
01,2024-12-21,1,2024-12-28,wk inc flu hosp,quantile,0.01,73.01758257750191
02,2024-12-21,1,2024-12-28,wk inc flu hosp,quantile,0.01,8.819714221935735
04,2024-12-21,1,2024-12-28,wk inc flu hosp,quantile,0.01,321.158485375607
05,2024-12-21,1,2024-12-28,wk inc flu hosp,quantile,0.01,15.20894487204437
06,2024-12-21,1,2024-12-28,wk inc flu hosp,quantile,0.01,469.5768438280871
08,2024-12-21,1,2024-12-28,wk inc flu hosp,quantile,0.01,49.72181079187523
09,2024-12-21,1,2024-12-28,wk inc flu hosp,quantile,0.01,7.826203686684968
10,2024-12-21,1,2024-12-28,wk inc flu hosp,quantile,0.01,5.435430587817846
11,2024-12-21,1,2024-12-28,wk inc flu hosp,quantile,0.01,1.7890570424517407
12,2024-12-21,1,2024-12-28,wk inc flu hosp,quantile,0.01,378.0346506783849
13,2024-12-21,1,2024-12-28,wk inc flu hosp,quantile,0.01,69.08403144232203
15,2024-12-21,1,2024-12-28,wk inc flu hosp,quantile,0.01,12.162857085244854
16,2024-12-21,1,2024-12-28,wk inc flu hosp,quantile,0.01,32.82917494439464
17,2024-12-21,1,2024-12-28,wk inc flu hosp,quantile,0.01,77.2488568534588
18,2024-12-21,1,2024-12-28,wk inc flu hosp,quantile,0.01,49.00931568420719
19,2024-12-21,1,2024-12-28,wk inc flu hosp,quantile,0.01,6.738909778076189
20,2024-12-21,1,2024-12-28,wk inc flu hosp,quantile,0.01,27.1499904823661
21,2024-12-21,1,2024-12-28,wk inc flu hosp,quantile,0.01,32.01503229335481
22,2024-12-21,1,2024-12-28,wk inc flu hosp,quantile,0.01,95.68398758096606
23,2024-12-21,1,2024-12-28,wk inc flu hosp,quantile,0.01,0.0
24,2024-12-21,1,2024-12-28,wk inc flu hosp,quantile,0.01,21.962817825548118
25,2024-12-21,1,2024-12-28,wk inc flu hosp,quantile,0.01,49.68088977554116
26,2024-12-21,1,2024-12-28,wk inc flu hosp,quantile,0.01,59.01214538236519
27,2024-12-21,1,2024-12-28,wk inc flu hosp,quantile,0.01,46.08051566770624
28,2024-12-21,1,2024-12-28,wk inc flu hosp,quantile,0.01,22.89575221462919
29,2024-12-21,1,2024-12-28,wk inc flu hosp,quantile,0.01,31.716302896281817
30,2024-12-21,1,2024-12-28,wk inc flu hosp,quantile,0.01,1.0904165564260133
31,2024-12-21,1,2024-12-28,wk inc flu hosp,quantile,0.01,5.901481815961115
32,2024-12-21,1,2024-12-28,wk inc flu hosp,quantile,0.01,32.24693062502043
33,2024-12-21,1,2024-12-28,wk inc flu hosp,quantile,0.01,7.9914389405668365
34,2024-12-21,1,2024-12-28,wk inc flu hosp,quantile,0.01,68.30229651165365
35,2024-12-21,1,2024-12-28,wk inc flu hosp,quantile,0.01,36.64257236784981
36,2024-12-21,1,2024-12-28,wk inc flu hosp,quantile,0.01,154.47243261061385
37,2024-12-21,1,2024-12-28,wk inc flu hosp,quantile,0.01,51.2735675230684
38,2024-12-21,1,2024-12-28,wk inc flu hosp,quantile,0.01,0.0
39,2024-12-21,1,2024-12-28,wk inc flu hosp,quantile,0.01,52.69050998673221
40,2024-12-21,1,2024-12-28,wk inc flu hosp,quantile,0.01,16.640756892085882
41,2024-12-21,1,2024-12-28,wk inc flu hosp,quantile,0.01,64.25400827641111
42,2024-12-21,1,2024-12-28,wk inc flu hosp,quantile,0.01,103.957023891165
44,2024-12-21,1,2024-12-28,wk inc flu hosp,quantile,0.01,9.127557188889055
45,2024-12-21,1,2024-12-28,wk inc flu hosp,quantile,0.01,26.998318693860398
46,2024-12-21,1,2024-12-28,wk inc flu hosp,quantile,0.01,2.4550034085956933
47,2024-12-21,1,2024-12-28,wk inc flu hosp,quantile,0.01,74.40616643456691
48,2024-12-21,1,2024-12-28,wk inc flu hosp,quantile,0.01,275.42755285127697
49,2024-12-21,1,2024-12-28,wk inc flu hosp,quantile,0.01,30.817461136178952
50,2024-12-21,1,2024-12-28,wk inc flu hosp,quantile,0.01,1.630029057404006
51,2024-12-21,1,2024-12-28,wk inc flu hosp,quantile,0.01,44.16868271098414
53,2024-12-21,1,2024-12-28,wk inc flu hosp,quantile,0.01,54.33686123260621
54,2024-12-21,1,2024-12-28,wk inc flu hosp,quantile,0.01,6.585705544047464
55,2024-12-21,1,2024-12-28,wk inc flu hosp,quantile,0.01,15.467510116659623
56,2024-12-21,1,2024-12-28,wk inc flu hosp,quantile,0.01,9.628924853070087
72,2024-12-21,1,2024-12-28,wk inc flu hosp,quantile,0.01,161.5950478870186
US,2024-12-21,1,2024-12-28,wk inc flu hosp,quantile,0.01,5378.786403015877
01,2024-12-21,2,2025-01-04,wk inc flu hosp,quantile,0.01,68.8117550369196
02,2024-12-21,2,2025-01-04,wk inc flu hosp,quantile,0.01,8.228538414274437
04,2024-12-21,2,2025-01-04,wk inc flu hosp,quantile,0.01,271.34918140995956
05,2024-12-21,2,2025-01-04,wk inc flu hosp,quantile,0.01,15.677769056689243
06,2024-12-21,2,2025-01-04,wk inc flu hosp,quantile,0.01,416.9795094125818
08,2024-12-21,2,2025-01-04,wk inc flu hosp,quantile,0.01,47.99301916871317
09,2024-12-21,2,2025-01-04,wk inc flu hosp,quantile,0.01,7.9419589886036
10,2024-12-21,2,2025-01-04,wk inc flu hosp,quantile,0.01,5.299760995433028
11,2024-12-21,2,2025-01-04,wk inc flu hosp,quantile,0.01,1.8147095717699278
12,2024-12-21,2,2025-01-04,wk inc flu hosp,quantile,0.01,363.68033739355957
13,2024-12-21,2,2025-01-04,wk inc flu hosp,quantile,0.01,69.20438151622092
15,2024-12-21,2,2025-01-04,wk inc flu hosp,quantile,0.01,11.4456404268018
16,2024-12-21,2,2025-01-04,wk inc flu hosp,quantile,0.01,29.96558923466214
17,2024-12-21,2,2025-01-04,wk inc flu hosp,quantile,0.01,75.40283365415677
18,2024-12-21,2,2025-01-04,wk inc flu hosp,quantile,0.01,49.67691645355454
19,2024-12-21,2,2025-01-04,wk inc flu hosp,quantile,0.01,7.08331881703316
20,2024-12-21,2,2025-01-04,wk inc flu hosp,quantile,0.01,26.71921114956379
21,2024-12-21,2,2025-01-04,wk inc flu hosp,quantile,0.01,31.692986527265468
22,2024-12-21,2,2025-01-04,wk inc flu hosp,quantile,0.01,86.47488833106215
23,2024-12-21,2,2025-01-04,wk inc flu hosp,quantile,0.01,0.0
24,2024-12-21,2,2025-01-04,wk inc flu hosp,quantile,0.01,21.77325103628851
25,2024-12-21,2,2025-01-04,wk inc flu hosp,quantile,0.01,49.0080838873489
26,2024-12-21,2,2025-01-04,wk inc flu hosp,quantile,0.01,57.98053259975247
27,2024-12-21,2,2025-01-04,wk inc flu hosp,quantile,0.01,45.274316011753704
28,2024-12-21,2,2025-01-04,wk inc flu hosp,quantile,0.01,22.299917332812704
29,2024-12-21,2,2025-01-04,wk inc flu hosp,quantile,0.01,32.06941532110537
30,2024-12-21,2,2025-01-04,wk inc flu hosp,quantile,0.01,1.1205019576571242
31,2024-12-21,2,2025-01-04,wk inc flu hosp,quantile,0.01,5.821470067118614
32,2024-12-21,2,2025-01-04,wk inc flu hosp,quantile,0.01,30.033499881597166
33,2024-12-21,2,2025-01-04,wk inc flu hosp,quantile,0.01,7.594379914198663
34,2024-12-21,2,2025-01-04,wk inc flu hosp,quantile,0.01,66.80126023702348
35,2024-12-21,2,2025-01-04,wk inc flu hosp,quantile,0.01,34.82327276093943
36,2024-12-21,2,2025-01-04,wk inc flu hosp,quantile,0.01,153.86151956011153
37,2024-12-21,2,2025-01-04,wk inc flu hosp,quantile,0.01,51.51085259645872
38,2024-12-21,2,2025-01-04,wk inc flu hosp,quantile,0.01,0.0
39,2024-12-21,2,2025-01-04,wk inc flu hosp,quantile,0.01,52.68030143132456
40,2024-12-21,2,2025-01-04,wk inc flu hosp,quantile,0.01,16.55431845742881
41,2024-12-21,2,2025-01-04,wk inc flu hosp,quantile,0.01,57.26829985313507
42,2024-12-21,2,2025-01-04,wk inc flu hosp,quantile,0.01,103.07716070612682
44,2024-12-21,2,2025-01-04,wk inc flu hosp,quantile,0.01,8.735238225994973
45,2024-12-21,2,2025-01-04,wk inc flu hosp,quantile,0.01,27.284193051143422
46,2024-12-21,2,2025-01-04,wk inc flu hosp,quantile,0.01,2.5004305793385924
47,2024-12-21,2,2025-01-04,wk inc flu hosp,quantile,0.01,72.35754478438733
48,2024-12-21,2,2025-01-04,wk inc flu hosp,quantile,0.01,269.35080825766414
49,2024-12-21,2,2025-01-04,wk inc flu hosp,quantile,0.01,27.234216435284637
50,2024-12-21,2,2025-01-04,wk inc flu hosp,quantile,0.01,1.61402960343902
51,2024-12-21,2,2025-01-04,wk inc flu hosp,quantile,0.01,44.39486264754484
53,2024-12-21,2,2025-01-04,wk inc flu hosp,quantile,0.01,53.32783177405218
54,2024-12-21,2,2025-01-04,wk inc flu hosp,quantile,0.01,6.747024974185894
55,2024-12-21,2,2025-01-04,wk inc flu hosp,quantile,0.01,15.882886565984494
56,2024-12-21,2,2025-01-04,wk inc flu hosp,quantile,0.01,9.336570766007927
72,2024-12-21,2,2025-01-04,wk inc flu hosp,quantile,0.01,141.9174207295947
US,2024-12-21,2,2025-01-04,wk inc flu hosp,quantile,0.01,5279.894664639516
01,2024-12-21,3,2025-01-11,wk inc flu hosp,quantile,0.01,66.13493868577864
02,2024-12-21,3,2025-01-11,wk inc flu hosp,quantile,0.01,7.951841668856072
04,2024-12-21,3,2025-01-11,wk inc flu hosp,quantile,0.01,243.24620965612039
05,2024-12-21,3,2025-01-11,wk inc flu hosp,quantile,0.01,15.670678191099618
06,2024-12-21,3,2025-01-11,wk inc flu hosp,quantile,0.01,383.4743778042788
08,2024-12-21,3,2025-01-11,wk inc flu hosp,quantile,0.01,47.03385313682774
09,2024-12-21,3,2025-01-11,wk inc flu hosp,quantile,0.01,7.895774934874051
10,2024-12-21,3,2025-01-11,wk inc flu hosp,quantile,0.01,5.136882713809313
11,2024-12-21,3,2025-01-11,wk inc flu hosp,quantile,0.01,1.7984896667243668
12,2024-12-21,3,2025-01-11,wk inc flu hosp,quantile,0.01,348.1830812503361
13,2024-12-21,3,2025-01-11,wk inc flu hosp,quantile,0.01,67.13408201733695
15,2024-12-21,3,2025-01-11,wk inc flu hosp,quantile,0.01,10.729332151436656
16,2024-12-21,3,2025-01-11,wk inc flu hosp,quantile,0.01,27.960463395277923
17,2024-12-21,3,2025-01-11,wk inc flu hosp,quantile,0.01,73.50758817109185
18,2024-12-21,3,2025-01-11,wk inc flu hosp,quantile,0.01,48.948069873173914
19,2024-12-21,3,2025-01-11,wk inc flu hosp,quantile,0.01,7.172003389089632
20,2024-12-21,3,2025-01-11,wk inc flu hosp,quantile,0.01,25.466237204122738
21,2024-12-21,3,2025-01-11,wk inc flu hosp,quantile,0.01,31.341438170399197
22,2024-12-21,3,2025-01-11,wk inc flu hosp,quantile,0.01,81.86718827714388
23,2024-12-21,3,2025-01-11,wk inc flu hosp,quantile,0.01,0.0
24,2024-12-21,3,2025-01-11,wk inc flu hosp,quantile,0.01,21.514474997172318
25,2024-12-21,3,2025-01-11,wk inc flu hosp,quantile,0.01,48.187603135478895
26,2024-12-21,3,2025-01-11,wk inc flu hosp,quantile,0.01,56.303141578350456
27,2024-12-21,3,2025-01-11,wk inc flu hosp,quantile,0.01,43.77351019455014
28,2024-12-21,3,2025-01-11,wk inc flu hosp,quantile,0.01,21.91555133753843
29,2024-12-21,3,2025-01-11,wk inc flu hosp,quantile,0.01,31.52274226818941
30,2024-12-21,3,2025-01-11,wk inc flu hosp,quantile,0.01,1.1123485568973182
31,2024-12-21,3,2025-01-11,wk inc flu hosp,quantile,0.01,5.838952834383998
32,2024-12-21,3,2025-01-11,wk inc flu hosp,quantile,0.01,28.801656658632524
33,2024-12-21,3,2025-01-11,wk inc flu hosp,quantile,0.01,7.318594346173835
34,2024-12-21,3,2025-01-11,wk inc flu hosp,quantile,0.01,65.90992676033233
35,2024-12-21,3,2025-01-11,wk inc flu hosp,quantile,0.01,32.95886775486052
36,2024-12-21,3,2025-01-11,wk inc flu hosp,quantile,0.01,150.48971626143782
37,2024-12-21,3,2025-01-11,wk inc flu hosp,quantile,0.01,49.87490382486412
38,2024-12-21,3,2025-01-11,wk inc flu hosp,quantile,0.01,0.0
39,2024-12-21,3,2025-01-11,wk inc flu hosp,quantile,0.01,51.15267017336792
40,2024-12-21,3,2025-01-11,wk inc flu hosp,quantile,0.01,16.631222241759975
41,2024-12-21,3,2025-01-11,wk inc flu hosp,quantile,0.01,51.76507616133144
42,2024-12-21,3,2025-01-11,wk inc flu hosp,quantile,0.01,100.14032090084544
44,2024-12-21,3,2025-01-11,wk inc flu hosp,quantile,0.01,8.367503817530105
45,2024-12-21,3,2025-01-11,wk inc flu hosp,quantile,0.01,26.674541135091722
46,2024-12-21,3,2025-01-11,wk inc flu hosp,quantile,0.01,2.522679275999408
47,2024-12-21,3,2025-01-11,wk inc flu hosp,quantile,0.01,70.31442334836902
48,2024-12-21,3,2025-01-11,wk inc flu hosp,quantile,0.01,267.2264457145793
49,2024-12-21,3,2025-01-11,wk inc flu hosp,quantile,0.01,24.53271976447579
50,2024-12-21,3,2025-01-11,wk inc flu hosp,quantile,0.01,1.6199174635397064
51,2024-12-21,3,2025-01-11,wk inc flu hosp,quantile,0.01,43.595070284258554
53,2024-12-21,3,2025-01-11,wk inc flu hosp,quantile,0.01,51.066167381920565
54,2024-12-21,3,2025-01-11,wk inc flu hosp,quantile,0.01,6.759379170128839
55,2024-12-21,3,2025-01-11,wk inc flu hosp,quantile,0.01,15.607399986744397
56,2024-12-21,3,2025-01-11,wk inc flu hosp,quantile,0.01,9.043165555341798
72,2024-12-21,3,2025-01-11,wk inc flu hosp,quantile,0.01,130.48029176094863
US,2024-12-21,3,2025-01-11,wk inc flu hosp,quantile,0.01,5129.148725190593
01,2024-12-21,0,2024-12-21,wk inc flu hosp,quantile,0.025,112.07848930269193
02,2024-12-21,0,2024-12-21,wk inc flu hosp,quantile,0.025,13.35939778459502
04,2024-12-21,0,2024-12-21,wk inc flu hosp,quantile,0.025,511.0096803379268
05,2024-12-21,0,2024-12-21,wk inc flu hosp,quantile,0.025,26.62352976099763
06,2024-12-21,0,2024-12-21,wk inc flu hosp,quantile,0.025,758.6082302137621
08,2024-12-21,0,2024-12-21,wk inc flu hosp,quantile,0.025,87.5079555257706
09,2024-12-21,0,2024-12-21,wk inc flu hosp,quantile,0.025,15.99193121588541
10,2024-12-21,0,2024-12-21,wk inc flu hosp,quantile,0.025,9.858560991837557
11,2024-12-21,0,2024-12-21,wk inc flu hosp,quantile,0.025,3.6369734207290962
12,2024-12-21,0,2024-12-21,wk inc flu hosp,quantile,0.025,551.3023622576827
13,2024-12-21,0,2024-12-21,wk inc flu hosp,quantile,0.025,110.98911678356093
15,2024-12-21,0,2024-12-21,wk inc flu hosp,quantile,0.025,17.822455894361845
16,2024-12-21,0,2024-12-21,wk inc flu hosp,quantile,0.025,54.9733346129573
17,2024-12-21,0,2024-12-21,wk inc flu hosp,quantile,0.025,131.0928791311008
18,2024-12-21,0,2024-12-21,wk inc flu hosp,quantile,0.025,90.56882120512027
19,2024-12-21,0,2024-12-21,wk inc flu hosp,quantile,0.025,14.413489794544962
20,2024-12-21,0,2024-12-21,wk inc flu hosp,quantile,0.025,43.212557398184224
21,2024-12-21,0,2024-12-21,wk inc flu hosp,quantile,0.025,54.46718016871897
22,2024-12-21,0,2024-12-21,wk inc flu hosp,quantile,0.025,149.24854435258732
23,2024-12-21,0,2024-12-21,wk inc flu hosp,quantile,0.025,0.2744310138531022
24,2024-12-21,0,2024-12-21,wk inc flu hosp,quantile,0.025,45.32137382117292
25,2024-12-21,0,2024-12-21,wk inc flu hosp,quantile,0.025,89.95383315310826
26,2024-12-21,0,2024-12-21,wk inc flu hosp,quantile,0.025,113.35880191757232
27,2024-12-21,0,2024-12-21,wk inc flu hosp,quantile,0.025,75.23839801659635
28,2024-12-21,0,2024-12-21,wk inc flu hosp,quantile,0.025,38.667157307339984
29,2024-12-21,0,2024-12-21,wk inc flu hosp,quantile,0.025,58.293793700582775
30,2024-12-21,0,2024-12-21,wk inc flu hosp,quantile,0.025,3.674526255992678
31,2024-12-21,0,2024-12-21,wk inc flu hosp,quantile,0.025,11.345896758135103
32,2024-12-21,0,2024-12-21,wk inc flu hosp,quantile,0.025,53.24009630658539
33,2024-12-21,0,2024-12-21,wk inc flu hosp,quantile,0.025,13.741537632693067
34,2024-12-21,0,2024-12-21,wk inc flu hosp,quantile,0.025,122.77746380016978
35,2024-12-21,0,2024-12-21,wk inc flu hosp,quantile,0.025,60.37563018073293
36,2024-12-21,0,2024-12-21,wk inc flu hosp,quantile,0.025,268.656723501863
37,2024-12-21,0,2024-12-21,wk inc flu hosp,quantile,0.025,90.8890539296438
38,2024-12-21,0,2024-12-21,wk inc flu hosp,quantile,0.025,0.0
39,2024-12-21,0,2024-12-21,wk inc flu hosp,quantile,0.025,101.02565603911299
40,2024-12-21,0,2024-12-21,wk inc flu hosp,quantile,0.025,33.324641279218895
41,2024-12-21,0,2024-12-21,wk inc flu hosp,quantile,0.025,107.24541499185061
42,2024-12-21,0,2024-12-21,wk inc flu hosp,quantile,0.025,181.03168652653773
44,2024-12-21,0,2024-12-21,wk inc flu hosp,quantile,0.025,14.486323773259613
45,2024-12-21,0,2024-12-21,wk inc flu hosp,quantile,0.025,42.70301554050977
46,2024-12-21,0,2024-12-21,wk inc flu hosp,quantile,0.025,4.258700541320164
47,2024-12-21,0,2024-12-21,wk inc flu hosp,quantile,0.025,119.71631440497445
48,2024-12-21,0,2024-12-21,wk inc flu hosp,quantile,0.025,457.64063704261986
49,2024-12-21,0,2024-12-21,wk inc flu hosp,quantile,0.025,48.548099086562715
50,2024-12-21,0,2024-12-21,wk inc flu hosp,quantile,0.025,3.5599848275482113
51,2024-12-21,0,2024-12-21,wk inc flu hosp,quantile,0.025,81.46414725085775
53,2024-12-21,0,2024-12-21,wk inc flu hosp,quantile,0.025,94.97682196896582
54,2024-12-21,0,2024-12-21,wk inc flu hosp,quantile,0.025,12.210538178809188
55,2024-12-21,0,2024-12-21,wk inc flu hosp,quantile,0.025,35.901248322017445
56,2024-12-21,0,2024-12-21,wk inc flu hosp,quantile,0.025,13.033809747265058
72,2024-12-21,0,2024-12-21,wk inc flu hosp,quantile,0.025,230.65674024850878
US,2024-12-21,0,2024-12-21,wk inc flu hosp,quantile,0.025,7508.2642409511245
01,2024-12-21,1,2024-12-28,wk inc flu hosp,quantile,0.025,115.83709612834653
02,2024-12-21,1,2024-12-28,wk inc flu hosp,quantile,0.025,13.299697717416864
04,2024-12-21,1,2024-12-28,wk inc flu hosp,quantile,0.025,496.4331751443252
05,2024-12-21,1,2024-12-28,wk inc flu hosp,quantile,0.025,28.144909308458256
06,2024-12-21,1,2024-12-28,wk inc flu hosp,quantile,0.025,746.5229508939259
08,2024-12-21,1,2024-12-28,wk inc flu hosp,quantile,0.025,89.80544483027393
09,2024-12-21,1,2024-12-28,wk inc flu hosp,quantile,0.025,17.07908039524918
10,2024-12-21,1,2024-12-28,wk inc flu hosp,quantile,0.025,10.106460035179792
11,2024-12-21,1,2024-12-28,wk inc flu hosp,quantile,0.025,3.6885586358364795
12,2024-12-21,1,2024-12-28,wk inc flu hosp,quantile,0.025,553.9226880953428
13,2024-12-21,1,2024-12-28,wk inc flu hosp,quantile,0.025,122.45498444579644
15,2024-12-21,1,2024-12-28,wk inc flu hosp,quantile,0.025,17.948442412105372
16,2024-12-21,1,2024-12-28,wk inc flu hosp,quantile,0.025,54.054459826287555
17,2024-12-21,1,2024-12-28,wk inc flu hosp,quantile,0.025,138.10698226500594
18,2024-12-21,1,2024-12-28,wk inc flu hosp,quantile,0.025,97.0448583863907
19,2024-12-21,1,2024-12-28,wk inc flu hosp,quantile,0.025,15.40814656396848
20,2024-12-21,1,2024-12-28,wk inc flu hosp,quantile,0.025,45.672904279873585
21,2024-12-21,1,2024-12-28,wk inc flu hosp,quantile,0.025,58.05615235822934
22,2024-12-21,1,2024-12-28,wk inc flu hosp,quantile,0.025,146.52505451199477
23,2024-12-21,1,2024-12-28,wk inc flu hosp,quantile,0.025,0.4418580608666737
24,2024-12-21,1,2024-12-28,wk inc flu hosp,quantile,0.025,49.23459334240913
25,2024-12-21,1,2024-12-28,wk inc flu hosp,quantile,0.025,94.72462993147983
26,2024-12-21,1,2024-12-28,wk inc flu hosp,quantile,0.025,118.710588976357
27,2024-12-21,1,2024-12-28,wk inc flu hosp,quantile,0.025,78.07396068271808
28,2024-12-21,1,2024-12-28,wk inc flu hosp,quantile,0.025,40.30796000162418
29,2024-12-21,1,2024-12-28,wk inc flu hosp,quantile,0.025,61.35390462058346
30,2024-12-21,1,2024-12-28,wk inc flu hosp,quantile,0.025,4.0149910795149495
31,2024-12-21,1,2024-12-28,wk inc flu hosp,quantile,0.025,11.857251358950645
32,2024-12-21,1,2024-12-28,wk inc flu hosp,quantile,0.025,53.436708884287256
33,2024-12-21,1,2024-12-28,wk inc flu hosp,quantile,0.025,14.09095977192538
34,2024-12-21,1,2024-12-28,wk inc flu hosp,quantile,0.025,129.90939284361568
35,2024-12-21,1,2024-12-28,wk inc flu hosp,quantile,0.025,59.935373536666475
36,2024-12-21,1,2024-12-28,wk inc flu hosp,quantile,0.025,284.43029098063806
37,2024-12-21,1,2024-12-28,wk inc flu hosp,quantile,0.025,102.1260427052645
38,2024-12-21,1,2024-12-28,wk inc flu hosp,quantile,0.025,0.0
39,2024-12-21,1,2024-12-28,wk inc flu hosp,quantile,0.025,107.27944251424951
40,2024-12-21,1,2024-12-28,wk inc flu hosp,quantile,0.025,34.993848646151115
41,2024-12-21,1,2024-12-28,wk inc flu hosp,quantile,0.025,106.40646017191669
42,2024-12-21,1,2024-12-28,wk inc flu hosp,quantile,0.025,190.171188933028
44,2024-12-21,1,2024-12-28,wk inc flu hosp,quantile,0.025,15.211805235709486
45,2024-12-21,1,2024-12-28,wk inc flu hosp,quantile,0.025,45.59033130471686
46,2024-12-21,1,2024-12-28,wk inc flu hosp,quantile,0.025,4.537327758398713
47,2024-12-21,1,2024-12-28,wk inc flu hosp,quantile,0.025,124.82378709099847
48,2024-12-21,1,2024-12-28,wk inc flu hosp,quantile,0.025,470.6915191968323
49,2024-12-21,1,2024-12-28,wk inc flu hosp,quantile,0.025,49.6038394371118
50,2024-12-21,1,2024-12-28,wk inc flu hosp,quantile,0.025,3.7984395689213097
51,2024-12-21,1,2024-12-28,wk inc flu hosp,quantile,0.025,86.81825827373335
53,2024-12-21,1,2024-12-28,wk inc flu hosp,quantile,0.025,101.16508839650857
54,2024-12-21,1,2024-12-28,wk inc flu hosp,quantile,0.025,13.143311348052677
55,2024-12-21,1,2024-12-28,wk inc flu hosp,quantile,0.025,39.70905904431974
56,2024-12-21,1,2024-12-28,wk inc flu hosp,quantile,0.025,13.821347934261059
72,2024-12-21,1,2024-12-28,wk inc flu hosp,quantile,0.025,225.4650084129457
US,2024-12-21,1,2024-12-28,wk inc flu hosp,quantile,0.025,7770.981590738614
01,2024-12-21,2,2025-01-04,wk inc flu hosp,quantile,0.025,115.55637668603654
02,2024-12-21,2,2025-01-04,wk inc flu hosp,quantile,0.025,13.247581721226657
04,2024-12-21,2,2025-01-04,wk inc flu hosp,quantile,0.025,430.30229638368525
05,2024-12-21,2,2025-01-04,wk inc flu hosp,quantile,0.025,32.810890794522095
06,2024-12-21,2,2025-01-04,wk inc flu hosp,quantile,0.025,705.0527472986485
08,2024-12-21,2,2025-01-04,wk inc flu hosp,quantile,0.025,92.25646445681866
09,2024-12-21,2,2025-01-04,wk inc flu hosp,quantile,0.025,20.777372371957146
10,2024-12-21,2,2025-01-04,wk inc flu hosp,quantile,0.025,10.582907944847317
11,2024-12-21,2,2025-01-04,wk inc flu hosp,quantile,0.025,4.070215893733273
12,2024-12-21,2,2025-01-04,wk inc flu hosp,quantile,0.025,563.8382809143882
13,2024-12-21,2,2025-01-04,wk inc flu hosp,quantile,0.025,130.16834109129863
15,2024-12-21,2,2025-01-04,wk inc flu hosp,quantile,0.025,17.76878205618082
16,2024-12-21,2,2025-01-04,wk inc flu hosp,quantile,0.025,51.88040973780612
17,2024-12-21,2,2025-01-04,wk inc flu hosp,quantile,0.025,147.03311457367536
18,2024-12-21,2,2025-01-04,wk inc flu hosp,quantile,0.025,106.7439779040786
19,2024-12-21,2,2025-01-04,wk inc flu hosp,quantile,0.025,18.241867688607716
20,2024-12-21,2,2025-01-04,wk inc flu hosp,quantile,0.025,47.90649106978589
21,2024-12-21,2,2025-01-04,wk inc flu hosp,quantile,0.025,62.674353590277185
22,2024-12-21,2,2025-01-04,wk inc flu hosp,quantile,0.025,139.7800514279039
23,2024-12-21,2,2025-01-04,wk inc flu hosp,quantile,0.025,1.2328624837256397
24,2024-12-21,2,2025-01-04,wk inc flu hosp,quantile,0.025,54.10882877699351
25,2024-12-21,2,2025-01-04,wk inc flu hosp,quantile,0.025,102.4277973381874
26,2024-12-21,2,2025-01-04,wk inc flu hosp,quantile,0.025,129.7378620349339
27,2024-12-21,2,2025-01-04,wk inc flu hosp,quantile,0.025,80.88216798142187
28,2024-12-21,2,2025-01-04,wk inc flu hosp,quantile,0.025,43.931957643836114
29,2024-12-21,2,2025-01-04,wk inc flu hosp,quantile,0.025,67.48477285435014
30,2024-12-21,2,2025-01-04,wk inc flu hosp,quantile,0.025,4.683909326899411
31,2024-12-21,2,2025-01-04,wk inc flu hosp,quantile,0.025,13.110250115220765
32,2024-12-21,2,2025-01-04,wk inc flu hosp,quantile,0.025,54.152039339100845
33,2024-12-21,2,2025-01-04,wk inc flu hosp,quantile,0.025,14.742101608765083
34,2024-12-21,2,2025-01-04,wk inc flu hosp,quantile,0.025,139.40162948443006
35,2024-12-21,2,2025-01-04,wk inc flu hosp,quantile,0.025,60.01498463181028
36,2024-12-21,2,2025-01-04,wk inc flu hosp,quantile,0.025,305.61194440134835
37,2024-12-21,2,2025-01-04,wk inc flu hosp,quantile,0.025,110.49178699231209
38,2024-12-21,2,2025-01-04,wk inc flu hosp,quantile,0.025,0.0
39,2024-12-21,2,2025-01-04,wk inc flu hosp,quantile,0.025,117.841707112757
40,2024-12-21,2,2025-01-04,wk inc flu hosp,quantile,0.025,39.32278326952735
41,2024-12-21,2,2025-01-04,wk inc flu hosp,quantile,0.025,101.11486341840546
42,2024-12-21,2,2025-01-04,wk inc flu hosp,quantile,0.025,204.92072656475787
44,2024-12-21,2,2025-01-04,wk inc flu hosp,quantile,0.025,15.630157488450848
45,2024-12-21,2,2025-01-04,wk inc flu hosp,quantile,0.025,52.4857383110201
46,2024-12-21,2,2025-01-04,wk inc flu hosp,quantile,0.025,5.549799449948723
47,2024-12-21,2,2025-01-04,wk inc flu hosp,quantile,0.025,130.191479710275
48,2024-12-21,2,2025-01-04,wk inc flu hosp,quantile,0.025,504.18262733992555
49,2024-12-21,2,2025-01-04,wk inc flu hosp,quantile,0.025,44.93774439174732
50,2024-12-21,2,2025-01-04,wk inc flu hosp,quantile,0.025,4.275424638097853
51,2024-12-21,2,2025-01-04,wk inc flu hosp,quantile,0.025,95.046063281958
53,2024-12-21,2,2025-01-04,wk inc flu hosp,quantile,0.025,105.83492803178633
54,2024-12-21,2,2025-01-04,wk inc flu hosp,quantile,0.025,15.795497172000767
55,2024-12-21,2,2025-01-04,wk inc flu hosp,quantile,0.025,44.480335485373416
56,2024-12-21,2,2025-01-04,wk inc flu hosp,quantile,0.025,14.479534214508943
72,2024-12-21,2,2025-01-04,wk inc flu hosp,quantile,0.025,203.26543683797226
US,2024-12-21,2,2025-01-04,wk inc flu hosp,quantile,0.025,7893.51140153949
01,2024-12-21,3,2025-01-11,wk inc flu hosp,quantile,0.025,110.8550304810361
02,2024-12-21,3,2025-01-11,wk inc flu hosp,quantile,0.025,12.63703880466077
04,2024-12-21,3,2025-01-11,wk inc flu hosp,quantile,0.025,379.674318141378
05,2024-12-21,3,2025-01-11,wk inc flu hosp,quantile,0.025,33.03692237426651
06,2024-12-21,3,2025-01-11,wk inc flu hosp,quantile,0.025,661.5467713830357
08,2024-12-21,3,2025-01-11,wk inc flu hosp,quantile,0.025,90.14128542315672
09,2024-12-21,3,2025-01-11,wk inc flu hosp,quantile,0.025,21.061614408109662
10,2024-12-21,3,2025-01-11,wk inc flu hosp,quantile,0.025,10.298156224001698
11,2024-12-21,3,2025-01-11,wk inc flu hosp,quantile,0.025,4.06536985973239
12,2024-12-21,3,2025-01-11,wk inc flu hosp,quantile,0.025,548.0050891456174
13,2024-12-21,3,2025-01-11,wk inc flu hosp,quantile,0.025,129.34252293257364
15,2024-12-21,3,2025-01-11,wk inc flu hosp,quantile,0.025,16.937837441485183
16,2024-12-21,3,2025-01-11,wk inc flu hosp,quantile,0.025,49.093768674041414
17,2024-12-21,3,2025-01-11,wk inc flu hosp,quantile,0.025,144.19377962714185
18,2024-12-21,3,2025-01-11,wk inc flu hosp,quantile,0.025,105.57321565609917
19,2024-12-21,3,2025-01-11,wk inc flu hosp,quantile,0.025,18.241867688607716
20,2024-12-21,3,2025-01-11,wk inc flu hosp,quantile,0.025,46.09022887786267
21,2024-12-21,3,2025-01-11,wk inc flu hosp,quantile,0.025,62.6437945049218
22,2024-12-21,3,2025-01-11,wk inc flu hosp,quantile,0.025,131.76533698836926
23,2024-12-21,3,2025-01-11,wk inc flu hosp,quantile,0.025,1.2696058585785412
24,2024-12-21,3,2025-01-11,wk inc flu hosp,quantile,0.025,53.58533958005774
25,2024-12-21,3,2025-01-11,wk inc flu hosp,quantile,0.025,101.07554535305954
26,2024-12-21,3,2025-01-11,wk inc flu hosp,quantile,0.025,129.33788236167456
27,2024-12-21,3,2025-01-11,wk inc flu hosp,quantile,0.025,79.65382775164984
28,2024-12-21,3,2025-01-11,wk inc flu hosp,quantile,0.025,43.53743307947862
29,2024-12-21,3,2025-01-11,wk inc flu hosp,quantile,0.025,67.56253384727667
30,2024-12-21,3,2025-01-11,wk inc flu hosp,quantile,0.025,4.697553411884396
31,2024-12-21,3,2025-01-11,wk inc flu hosp,quantile,0.025,13.109038500118178
32,2024-12-21,3,2025-01-11,wk inc flu hosp,quantile,0.025,52.222581013205975
33,2024-12-21,3,2025-01-11,wk inc flu hosp,quantile,0.025,14.410169768051187
34,2024-12-21,3,2025-01-11,wk inc flu hosp,quantile,0.025,138.1694180731487
35,2024-12-21,3,2025-01-11,wk inc flu hosp,quantile,0.025,57.78749472306911
36,2024-12-21,3,2025-01-11,wk inc flu hosp,quantile,0.025,301.5446274199039
37,2024-12-21,3,2025-01-11,wk inc flu hosp,quantile,0.025,110.41836301411696
38,2024-12-21,3,2025-01-11,wk inc flu hosp,quantile,0.025,0.0
39,2024-12-21,3,2025-01-11,wk inc flu hosp,quantile,0.025,117.85226960601995
40,2024-12-21,3,2025-01-11,wk inc flu hosp,quantile,0.025,39.35635842933328
41,2024-12-21,3,2025-01-11,wk inc flu hosp,quantile,0.025,94.62761580697723
42,2024-12-21,3,2025-01-11,wk inc flu hosp,quantile,0.025,203.62750418947837
44,2024-12-21,3,2025-01-11,wk inc flu hosp,quantile,0.025,14.868841742604081
45,2024-12-21,3,2025-01-11,wk inc flu hosp,quantile,0.025,52.66409740342185
46,2024-12-21,3,2025-01-11,wk inc flu hosp,quantile,0.025,5.638567966724767
47,2024-12-21,3,2025-01-11,wk inc flu hosp,quantile,0.025,128.42243309872902
48,2024-12-21,3,2025-01-11,wk inc flu hosp,quantile,0.025,498.8490489853861
49,2024-12-21,3,2025-01-11,wk inc flu hosp,quantile,0.025,41.694168370067814
50,2024-12-21,3,2025-01-11,wk inc flu hosp,quantile,0.025,4.299843642959108
51,2024-12-21,3,2025-01-11,wk inc flu hosp,quantile,0.025,94.9862671885285
53,2024-12-21,3,2025-01-11,wk inc flu hosp,quantile,0.025,102.80212603841304
54,2024-12-21,3,2025-01-11,wk inc flu hosp,quantile,0.025,15.855335985290864
55,2024-12-21,3,2025-01-11,wk inc flu hosp,quantile,0.025,44.23703305692875
56,2024-12-21,3,2025-01-11,wk inc flu hosp,quantile,0.025,13.98580795991134
72,2024-12-21,3,2025-01-11,wk inc flu hosp,quantile,0.025,188.22481540928774
US,2024-12-21,3,2025-01-11,wk inc flu hosp,quantile,0.025,7687.157678040204
01,2024-12-21,0,2024-12-21,wk inc flu hosp,quantile,0.05,154.2976164609837
02,2024-12-21,0,2024-12-21,wk inc flu hosp,quantile,0.05,18.104207611207737
04,2024-12-21,0,2024-12-21,wk inc flu hosp,quantile,0.05,657.167571722525
05,2024-12-21,0,2024-12-21,wk inc flu hosp,quantile,0.05,32.65545248686817
06,2024-12-21,0,2024-12-21,wk inc flu hosp,quantile,0.05,995.1892729407997
08,2024-12-21,0,2024-12-21,wk inc flu hosp,quantile,0.05,112.88021327999446
09,2024-12-21,0,2024-12-21,wk inc flu hosp,quantile,0.05,20.591651825970622
10,2024-12-21,0,2024-12-21,wk inc flu hosp,quantile,0.05,12.808220558592058
11,2024-12-21,0,2024-12-21,wk inc flu hosp,quantile,0.05,4.7464799802122775
12,2024-12-21,0,2024-12-21,wk inc flu hosp,quantile,0.05,689.6945675076555
13,2024-12-21,0,2024-12-21,wk inc flu hosp,quantile,0.05,151.7956002957542
15,2024-12-21,0,2024-12-21,wk inc flu hosp,quantile,0.05,24.22557701146734
16,2024-12-21,0,2024-12-21,wk inc flu hosp,quantile,0.05,70.83080594509272
17,2024-12-21,0,2024-12-21,wk inc flu hosp,quantile,0.05,172.0615699990769
18,2024-12-21,0,2024-12-21,wk inc flu hosp,quantile,0.05,112.22686351692542
19,2024-12-21,0,2024-12-21,wk inc flu hosp,quantile,0.05,19.084571994095256
20,2024-12-21,0,2024-12-21,wk inc flu hosp,quantile,0.05,58.146457543777835
21,2024-12-21,0,2024-12-21,wk inc flu hosp,quantile,0.05,65.76419718223588
22,2024-12-21,0,2024-12-21,wk inc flu hosp,quantile,0.05,186.56624021786328
23,2024-12-21,0,2024-12-21,wk inc flu hosp,quantile,0.05,1.3219600441215025
24,2024-12-21,0,2024-12-21,wk inc flu hosp,quantile,0.05,59.3289940594563
25,2024-12-21,0,2024-12-21,wk inc flu hosp,quantile,0.05,108.21269715522212
26,2024-12-21,0,2024-12-21,wk inc flu hosp,quantile,0.05,140.6630421257877
27,2024-12-21,0,2024-12-21,wk inc flu hosp,quantile,0.05,98.69594875296363
28,2024-12-21,0,2024-12-21,wk inc flu hosp,quantile,0.05,46.60770812975701
29,2024-12-21,0,2024-12-21,wk inc flu hosp,quantile,0.05,71.69077238184475
30,2024-12-21,0,2024-12-21,wk inc flu hosp,quantile,0.05,5.065384237163865
31,2024-12-21,0,2024-12-21,wk inc flu hosp,quantile,0.05,14.352466372131763
32,2024-12-21,0,2024-12-21,wk inc flu hosp,quantile,0.05,68.31662421524578
33,2024-12-21,0,2024-12-21,wk inc flu hosp,quantile,0.05,17.74943162897014
34,2024-12-21,0,2024-12-21,wk inc flu hosp,quantile,0.05,146.72643728008183
35,2024-12-21,0,2024-12-21,wk inc flu hosp,quantile,0.05,78.60143350342253
36,2024-12-21,0,2024-12-21,wk inc flu hosp,quantile,0.05,339.02404080682925
37,2024-12-21,0,2024-12-21,wk inc flu hosp,quantile,0.05,123.62479618192889
38,2024-12-21,0,2024-12-21,wk inc flu hosp,quantile,0.05,0.0
39,2024-12-21,0,2024-12-21,wk inc flu hosp,quantile,0.05,124.16994932908538
40,2024-12-21,0,2024-12-21,wk inc flu hosp,quantile,0.05,42.88164917931545
41,2024-12-21,0,2024-12-21,wk inc flu hosp,quantile,0.05,139.97969511999372
42,2024-12-21,0,2024-12-21,wk inc flu hosp,quantile,0.05,220.6538833122615
44,2024-12-21,0,2024-12-21,wk inc flu hosp,quantile,0.05,20.249193984343414
45,2024-12-21,0,2024-12-21,wk inc flu hosp,quantile,0.05,52.80784016768881
46,2024-12-21,0,2024-12-21,wk inc flu hosp,quantile,0.05,5.950929800276307
47,2024-12-21,0,2024-12-21,wk inc flu hosp,quantile,0.05,160.0596413175366
48,2024-12-21,0,2024-12-21,wk inc flu hosp,quantile,0.05,551.4543849501649
49,2024-12-21,0,2024-12-21,wk inc flu hosp,quantile,0.05,64.55430966080212
50,2024-12-21,0,2024-12-21,wk inc flu hosp,quantile,0.05,4.194775328404129
51,2024-12-21,0,2024-12-21,wk inc flu hosp,quantile,0.05,98.67170779293207
53,2024-12-21,0,2024-12-21,wk inc flu hosp,quantile,0.05,139.32148120331684
54,2024-12-21,0,2024-12-21,wk inc flu hosp,quantile,0.05,16.373892560055133
55,2024-12-21,0,2024-12-21,wk inc flu hosp,quantile,0.05,48.54335059123804
56,2024-12-21,0,2024-12-21,wk inc flu hosp,quantile,0.05,16.578350472223846
72,2024-12-21,0,2024-12-21,wk inc flu hosp,quantile,0.05,295.7893070928242
US,2024-12-21,0,2024-12-21,wk inc flu hosp,quantile,0.05,9472.871882750867
01,2024-12-21,1,2024-12-28,wk inc flu hosp,quantile,0.05,158.33159580949595
02,2024-12-21,1,2024-12-28,wk inc flu hosp,quantile,0.05,18.462293008297294
04,2024-12-21,1,2024-12-28,wk inc flu hosp,quantile,0.05,611.0968956756814
05,2024-12-21,1,2024-12-28,wk inc flu hosp,quantile,0.05,36.53718044154083
06,2024-12-21,1,2024-12-28,wk inc flu hosp,quantile,0.05,974.9506518092146
08,2024-12-21,1,2024-12-28,wk inc flu hosp,quantile,0.05,115.35313770442119
09,2024-12-21,1,2024-12-28,wk inc flu hosp,quantile,0.05,23.331333916585752
10,2024-12-21,1,2024-12-28,wk inc flu hosp,quantile,0.05,13.40088697791084
11,2024-12-21,1,2024-12-28,wk inc flu hosp,quantile,0.05,5.110932743004199
12,2024-12-21,1,2024-12-28,wk inc flu hosp,quantile,0.05,686.8255384507773
13,2024-12-21,1,2024-12-28,wk inc flu hosp,quantile,0.05,161.4903083842511
15,2024-12-21,1,2024-12-28,wk inc flu hosp,quantile,0.05,24.238646372579737
16,2024-12-21,1,2024-12-28,wk inc flu hosp,quantile,0.05,70.04295270552733
17,2024-12-21,1,2024-12-28,wk inc flu hosp,quantile,0.05,181.96075847316135
18,2024-12-21,1,2024-12-28,wk inc flu hosp,quantile,0.05,123.3663040576613
19,2024-12-21,1,2024-12-28,wk inc flu hosp,quantile,0.05,21.71531020168805
20,2024-12-21,1,2024-12-28,wk inc flu hosp,quantile,0.05,61.48771157540589
21,2024-12-21,1,2024-12-28,wk inc flu hosp,quantile,0.05,70.94471072390253
22,2024-12-21,1,2024-12-28,wk inc flu hosp,quantile,0.05,183.66331632234179
23,2024-12-21,1,2024-12-28,wk inc flu hosp,quantile,0.05,1.970878379956901
24,2024-12-21,1,2024-12-28,wk inc flu hosp,quantile,0.05,65.02518579622645
25,2024-12-21,1,2024-12-28,wk inc flu hosp,quantile,0.05,116.33491299381258
26,2024-12-21,1,2024-12-28,wk inc flu hosp,quantile,0.05,151.50797110110787
27,2024-12-21,1,2024-12-28,wk inc flu hosp,quantile,0.05,103.13904612907132
28,2024-12-21,1,2024-12-28,wk inc flu hosp,quantile,0.05,49.71470687296103
29,2024-12-21,1,2024-12-28,wk inc flu hosp,quantile,0.05,78.08630842469542
30,2024-12-21,1,2024-12-28,wk inc flu hosp,quantile,0.05,5.836360418218485
31,2024-12-21,1,2024-12-28,wk inc flu hosp,quantile,0.05,15.59737717150196
32,2024-12-21,1,2024-12-28,wk inc flu hosp,quantile,0.05,68.18888262862905
33,2024-12-21,1,2024-12-28,wk inc flu hosp,quantile,0.05,18.08557545500745
34,2024-12-21,1,2024-12-28,wk inc flu hosp,quantile,0.05,157.41327838074648
35,2024-12-21,1,2024-12-28,wk inc flu hosp,quantile,0.05,80.52700412925641
36,2024-12-21,1,2024-12-28,wk inc flu hosp,quantile,0.05,359.4826974871239
37,2024-12-21,1,2024-12-28,wk inc flu hosp,quantile,0.05,133.13822594447552
38,2024-12-21,1,2024-12-28,wk inc flu hosp,quantile,0.05,0.0
39,2024-12-21,1,2024-12-28,wk inc flu hosp,quantile,0.05,134.47533040620613
40,2024-12-21,1,2024-12-28,wk inc flu hosp,quantile,0.05,47.28714089179266
41,2024-12-21,1,2024-12-28,wk inc flu hosp,quantile,0.05,139.298514111544
42,2024-12-21,1,2024-12-28,wk inc flu hosp,quantile,0.05,235.1854342671336
44,2024-12-21,1,2024-12-28,wk inc flu hosp,quantile,0.05,21.137369088041446
45,2024-12-21,1,2024-12-28,wk inc flu hosp,quantile,0.05,58.35839083682265
46,2024-12-21,1,2024-12-28,wk inc flu hosp,quantile,0.05,6.745839974736782
47,2024-12-21,1,2024-12-28,wk inc flu hosp,quantile,0.05,165.1188059876296
48,2024-12-21,1,2024-12-28,wk inc flu hosp,quantile,0.05,573.7972523383082
49,2024-12-21,1,2024-12-28,wk inc flu hosp,quantile,0.05,63.93201546342141
50,2024-12-21,1,2024-12-28,wk inc flu hosp,quantile,0.05,4.86864082303479
51,2024-12-21,1,2024-12-28,wk inc flu hosp,quantile,0.05,107.99983354828484
53,2024-12-21,1,2024-12-28,wk inc flu hosp,quantile,0.05,146.5009194444593
54,2024-12-21,1,2024-12-28,wk inc flu hosp,quantile,0.05,18.42197710981443
55,2024-12-21,1,2024-12-28,wk inc flu hosp,quantile,0.05,53.444183993182925
56,2024-12-21,1,2024-12-28,wk inc flu hosp,quantile,0.05,17.469887032686344
72,2024-12-21,1,2024-12-28,wk inc flu hosp,quantile,0.05,277.4569244887558
US,2024-12-21,1,2024-12-28,wk inc flu hosp,quantile,0.05,9679.328762275178
01,2024-12-21,2,2025-01-04,wk inc flu hosp,quantile,0.05,161.11358267470737
02,2024-12-21,2,2025-01-04,wk inc flu hosp,quantile,0.05,18.821307312275618
04,2024-12-21,2,2025-01-04,wk inc flu hosp,quantile,0.05,548.8320712981216
05,2024-12-21,2,2025-01-04,wk inc flu hosp,quantile,0.05,44.783557847447504
06,2024-12-21,2,2025-01-04,wk inc flu hosp,quantile,0.05,942.2375932352658
08,2024-12-21,2,2025-01-04,wk inc flu hosp,quantile,0.05,121.87755102671365
09,2024-12-21,2,2025-01-04,wk inc flu hosp,quantile,0.05,29.729643867976716
10,2024-12-21,2,2025-01-04,wk inc flu hosp,quantile,0.05,14.485258636855114
11,2024-12-21,2,2025-01-04,wk inc flu hosp,quantile,0.05,6.032384375335033
12,2024-12-21,2,2025-01-04,wk inc flu hosp,quantile,0.05,687.443484687235
13,2024-12-21,2,2025-01-04,wk inc flu hosp,quantile,0.05,180.35832470929668
15,2024-12-21,2,2025-01-04,wk inc flu hosp,quantile,0.05,24.79974217548357
16,2024-12-21,2,2025-01-04,wk inc flu hosp,quantile,0.05,68.2473536845929
17,2024-12-21,2,2025-01-04,wk inc flu hosp,quantile,0.05,199.5660223382187
18,2024-12-21,2,2025-01-04,wk inc flu hosp,quantile,0.05,142.1492651080971
19,2024-12-21,2,2025-01-04,wk inc flu hosp,quantile,0.05,27.12102153667185
20,2024-12-21,2,2025-01-04,wk inc flu hosp,quantile,0.05,64.52372947171379
21,2024-12-21,2,2025-01-04,wk inc flu hosp,quantile,0.05,81.90496153145133
22,2024-12-21,2,2025-01-04,wk inc flu hosp,quantile,0.05,181.57428241459507
23,2024-12-21,2,2025-01-04,wk inc flu hosp,quantile,0.05,3.443889986235985
24,2024-12-21,2,2025-01-04,wk inc flu hosp,quantile,0.05,75.47041920899298
25,2024-12-21,2,2025-01-04,wk inc flu hosp,quantile,0.05,131.63520440925737
26,2024-12-21,2,2025-01-04,wk inc flu hosp,quantile,0.05,173.49599828452708
27,2024-12-21,2,2025-01-04,wk inc flu hosp,quantile,0.05,111.78256961017381
28,2024-12-21,2,2025-01-04,wk inc flu hosp,quantile,0.05,56.0980728808313
29,2024-12-21,2,2025-01-04,wk inc flu hosp,quantile,0.05,90.2927670117259
30,2024-12-21,2,2025-01-04,wk inc flu hosp,quantile,0.05,7.561734621719361
31,2024-12-21,2,2025-01-04,wk inc flu hosp,quantile,0.05,18.30843094770774
32,2024-12-21,2,2025-01-04,wk inc flu hosp,quantile,0.05,68.99901350123218
33,2024-12-21,2,2025-01-04,wk inc flu hosp,quantile,0.05,19.438794445548478
34,2024-12-21,2,2025-01-04,wk inc flu hosp,quantile,0.05,177.16304653986975
35,2024-12-21,2,2025-01-04,wk inc flu hosp,quantile,0.05,81.4478089093984
36,2024-12-21,2,2025-01-04,wk inc flu hosp,quantile,0.05,396.651932923811
37,2024-12-21,2,2025-01-04,wk inc flu hosp,quantile,0.05,150.5017158676247
38,2024-12-21,2,2025-01-04,wk inc flu hosp,quantile,0.05,0.4169101318230554
39,2024-12-21,2,2025-01-04,wk inc flu hosp,quantile,0.05,156.79143328389787
40,2024-12-21,2,2025-01-04,wk inc flu hosp,quantile,0.05,57.337592210160125
41,2024-12-21,2,2025-01-04,wk inc flu hosp,quantile,0.05,136.07205446620912
42,2024-12-21,2,2025-01-04,wk inc flu hosp,quantile,0.05,266.95724433025646
44,2024-12-21,2,2025-01-04,wk inc flu hosp,quantile,0.05,21.756149323324863
45,2024-12-21,2,2025-01-04,wk inc flu hosp,quantile,0.05,68.6138170695522
46,2024-12-21,2,2025-01-04,wk inc flu hosp,quantile,0.05,8.691305793692715
47,2024-12-21,2,2025-01-04,wk inc flu hosp,quantile,0.05,177.64983488385707
48,2024-12-21,2,2025-01-04,wk inc flu hosp,quantile,0.05,630.0382690318362
49,2024-12-21,2,2025-01-04,wk inc flu hosp,quantile,0.05,62.05567052855392
50,2024-12-21,2,2025-01-04,wk inc flu hosp,quantile,0.05,5.665611405431823
51,2024-12-21,2,2025-01-04,wk inc flu hosp,quantile,0.05,125.05985658852207
53,2024-12-21,2,2025-01-04,wk inc flu hosp,quantile,0.05,153.89454349811967
54,2024-12-21,2,2025-01-04,wk inc flu hosp,quantile,0.05,22.829111860958715
55,2024-12-21,2,2025-01-04,wk inc flu hosp,quantile,0.05,63.48492672657071
56,2024-12-21,2,2025-01-04,wk inc flu hosp,quantile,0.05,18.40689672191059
72,2024-12-21,2,2025-01-04,wk inc flu hosp,quantile,0.05,252.32377197243613
US,2024-12-21,2,2025-01-04,wk inc flu hosp,quantile,0.05,9695.072836460902
01,2024-12-21,3,2025-01-11,wk inc flu hosp,quantile,0.05,160.64708904177414
02,2024-12-21,3,2025-01-11,wk inc flu hosp,quantile,0.05,18.56443364803813
04,2024-12-21,3,2025-01-11,wk inc flu hosp,quantile,0.05,490.7977738098649
05,2024-12-21,3,2025-01-11,wk inc flu hosp,quantile,0.05,47.84763483019705
06,2024-12-21,3,2025-01-11,wk inc flu hosp,quantile,0.05,923.5946618849815
08,2024-12-21,3,2025-01-11,wk inc flu hosp,quantile,0.05,122.42650905235993
09,2024-12-21,3,2025-01-11,wk inc flu hosp,quantile,0.05,32.3245692037972
10,2024-12-21,3,2025-01-11,wk inc flu hosp,quantile,0.05,14.601998352644689
11,2024-12-21,3,2025-01-11,wk inc flu hosp,quantile,0.05,6.348528189529294
12,2024-12-21,3,2025-01-11,wk inc flu hosp,quantile,0.05,684.8532554872182
13,2024-12-21,3,2025-01-11,wk inc flu hosp,quantile,0.05,185.73813737647515
15,2024-12-21,3,2025-01-11,wk inc flu hosp,quantile,0.05,24.202840413064923
16,2024-12-21,3,2025-01-11,wk inc flu hosp,quantile,0.05,66.57113877469173
17,2024-12-21,3,2025-01-11,wk inc flu hosp,quantile,0.05,204.59927000237104
18,2024-12-21,3,2025-01-11,wk inc flu hosp,quantile,0.05,148.87591232354913
19,2024-12-21,3,2025-01-11,wk inc flu hosp,quantile,0.05,29.333234432074963
20,2024-12-21,3,2025-01-11,wk inc flu hosp,quantile,0.05,64.80645475230291
21,2024-12-21,3,2025-01-11,wk inc flu hosp,quantile,0.05,85.65813969650786
22,2024-12-21,3,2025-01-11,wk inc flu hosp,quantile,0.05,176.8485116279253
23,2024-12-21,3,2025-01-11,wk inc flu hosp,quantile,0.05,3.9891663343578974
24,2024-12-21,3,2025-01-11,wk inc flu hosp,quantile,0.05,79.13732045567616
25,2024-12-21,3,2025-01-11,wk inc flu hosp,quantile,0.05,136.0304782454965
26,2024-12-21,3,2025-01-11,wk inc flu hosp,quantile,0.05,181.14573065829032
27,2024-12-21,3,2025-01-11,wk inc flu hosp,quantile,0.05,113.91959039064342
28,2024-12-21,3,2025-01-11,wk inc flu hosp,quantile,0.05,58.78094312309249
29,2024-12-21,3,2025-01-11,wk inc flu hosp,quantile,0.05,95.73336888286133
30,2024-12-21,3,2025-01-11,wk inc flu hosp,quantile,0.05,8.27121545384432
31,2024-12-21,3,2025-01-11,wk inc flu hosp,quantile,0.05,19.361088211272556
32,2024-12-21,3,2025-01-11,wk inc flu hosp,quantile,0.05,68.35963615429677
33,2024-12-21,3,2025-01-11,wk inc flu hosp,quantile,0.05,19.63977173128366
34,2024-12-21,3,2025-01-11,wk inc flu hosp,quantile,0.05,182.51089742111236
35,2024-12-21,3,2025-01-11,wk inc flu hosp,quantile,0.05,80.30479857465727
36,2024-12-21,3,2025-01-11,wk inc flu hosp,quantile,0.05,408.6454419929039
37,2024-12-21,3,2025-01-11,wk inc flu hosp,quantile,0.05,156.47251829702
38,2024-12-21,3,2025-01-11,wk inc flu hosp,quantile,0.05,0.6790919300264828
39,2024-12-21,3,2025-01-11,wk inc flu hosp,quantile,0.05,165.5983219224642
40,2024-12-21,3,2025-01-11,wk inc flu hosp,quantile,0.05,60.54953790765468
41,2024-12-21,3,2025-01-11,wk inc flu hosp,quantile,0.05,132.29293570601925
42,2024-12-21,3,2025-01-11,wk inc flu hosp,quantile,0.05,276.50983991011697
44,2024-12-21,3,2025-01-11,wk inc flu hosp,quantile,0.05,21.554832468029964
45,2024-12-21,3,2025-01-11,wk inc flu hosp,quantile,0.05,73.19955481795242
46,2024-12-21,3,2025-01-11,wk inc flu hosp,quantile,0.05,9.434782982439534
47,2024-12-21,3,2025-01-11,wk inc flu hosp,quantile,0.05,180.6132241036208
48,2024-12-21,3,2025-01-11,wk inc flu hosp,quantile,0.05,643.2828910001788
49,2024-12-21,3,2025-01-11,wk inc flu hosp,quantile,0.05,60.16047455654729
50,2024-12-21,3,2025-01-11,wk inc flu hosp,quantile,0.05,6.136521647652201
51,2024-12-21,3,2025-01-11,wk inc flu hosp,quantile,0.05,131.3594058288205
53,2024-12-21,3,2025-01-11,wk inc flu hosp,quantile,0.05,155.2462363280303
54,2024-12-21,3,2025-01-11,wk inc flu hosp,quantile,0.05,24.675251866592955
55,2024-12-21,3,2025-01-11,wk inc flu hosp,quantile,0.05,67.41096602764966
56,2024-12-21,3,2025-01-11,wk inc flu hosp,quantile,0.05,18.71599900439095
72,2024-12-21,3,2025-01-11,wk inc flu hosp,quantile,0.05,233.49410720951286
US,2024-12-21,3,2025-01-11,wk inc flu hosp,quantile,0.05,9661.879481838034
01,2024-12-21,0,2024-12-21,wk inc flu hosp,quantile,0.1,187.91100444633938
02,2024-12-21,0,2024-12-21,wk inc flu hosp,quantile,0.1,22.7329143630191
04,2024-12-21,0,2024-12-21,wk inc flu hosp,quantile,0.1,805.1153917398791
05,2024-12-21,0,2024-12-21,wk inc flu hosp,quantile,0.1,39.510510136471694
06,2024-12-21,0,2024-12-21,wk inc flu hosp,quantile,0.1,1236.4117071807434
08,2024-12-21,0,2024-12-21,wk inc flu hosp,quantile,0.1,134.67416985317072
09,2024-12-21,0,2024-12-21,wk inc flu hosp,quantile,0.1,25.37041389217574
10,2024-12-21,0,2024-12-21,wk inc flu hosp,quantile,0.1,15.663880378596161
11,2024-12-21,0,2024-12-21,wk inc flu hosp,quantile,0.1,5.846319527142836
12,2024-12-21,0,2024-12-21,wk inc flu hosp,quantile,0.1,824.6169290426901
13,2024-12-21,0,2024-12-21,wk inc flu hosp,quantile,0.1,182.83217392667657
15,2024-12-21,0,2024-12-21,wk inc flu hosp,quantile,0.1,28.845962894902254
16,2024-12-21,0,2024-12-21,wk inc flu hosp,quantile,0.1,86.84783819190184
17,2024-12-21,0,2024-12-21,wk inc flu hosp,quantile,0.1,212.16915683077983
18,2024-12-21,0,2024-12-21,wk inc flu hosp,quantile,0.1,132.24655819169837
19,2024-12-21,0,2024-12-21,wk inc flu hosp,quantile,0.1,23.568993030190455
20,2024-12-21,0,2024-12-21,wk inc flu hosp,quantile,0.1,73.3041131210553
21,2024-12-21,0,2024-12-21,wk inc flu hosp,quantile,0.1,76.67097202022318
22,2024-12-21,0,2024-12-21,wk inc flu hosp,quantile,0.1,218.8383832977305
23,2024-12-21,0,2024-12-21,wk inc flu hosp,quantile,0.1,2.4434882317880287
24,2024-12-21,0,2024-12-21,wk inc flu hosp,quantile,0.1,70.9131647744156
25,2024-12-21,0,2024-12-21,wk inc flu hosp,quantile,0.1,125.46573837415555
26,2024-12-21,0,2024-12-21,wk inc flu hosp,quantile,0.1,167.938238183549
27,2024-12-21,0,2024-12-21,wk inc flu hosp,quantile,0.1,117.11334541780715
28,2024-12-21,0,2024-12-21,wk inc flu hosp,quantile,0.1,53.224528954855444
29,2024-12-21,0,2024-12-21,wk inc flu hosp,quantile,0.1,83.1486922514307
30,2024-12-21,0,2024-12-21,wk inc flu hosp,quantile,0.1,6.410082539044572
31,2024-12-21,0,2024-12-21,wk inc flu hosp,quantile,0.1,16.6452557916465
32,2024-12-21,0,2024-12-21,wk inc flu hosp,quantile,0.1,82.79954822882236
33,2024-12-21,0,2024-12-21,wk inc flu hosp,quantile,0.1,20.48138416023395
34,2024-12-21,0,2024-12-21,wk inc flu hosp,quantile,0.1,174.1527808116919
35,2024-12-21,0,2024-12-21,wk inc flu hosp,quantile,0.1,98.88343982365204
36,2024-12-21,0,2024-12-21,wk inc flu hosp,quantile,0.1,407.1080574262868
37,2024-12-21,0,2024-12-21,wk inc flu hosp,quantile,0.1,150.30227514273113
38,2024-12-21,0,2024-12-21,wk inc flu hosp,quantile,0.1,0.12364056000145142
39,2024-12-21,0,2024-12-21,wk inc flu hosp,quantile,0.1,148.74178176291156
40,2024-12-21,0,2024-12-21,wk inc flu hosp,quantile,0.1,50.993281539115955
41,2024-12-21,0,2024-12-21,wk inc flu hosp,quantile,0.1,175.18281088046243
42,2024-12-21,0,2024-12-21,wk inc flu hosp,quantile,0.1,264.3974748073993
44,2024-12-21,0,2024-12-21,wk inc flu hosp,quantile,0.1,24.653705728947987
45,2024-12-21,0,2024-12-21,wk inc flu hosp,quantile,0.1,61.78500881104827
46,2024-12-21,0,2024-12-21,wk inc flu hosp,quantile,0.1,7.48692762672262
47,2024-12-21,0,2024-12-21,wk inc flu hosp,quantile,0.1,189.37234062044408
48,2024-12-21,0,2024-12-21,wk inc flu hosp,quantile,0.1,671.6264758654689
49,2024-12-21,0,2024-12-21,wk inc flu hosp,quantile,0.1,79.54179094736999
50,2024-12-21,0,2024-12-21,wk inc flu hosp,quantile,0.1,5.736796018232617
51,2024-12-21,0,2024-12-21,wk inc flu hosp,quantile,0.1,116.61321228291453
53,2024-12-21,0,2024-12-21,wk inc flu hosp,quantile,0.1,172.5838644993109
54,2024-12-21,0,2024-12-21,wk inc flu hosp,quantile,0.1,20.014391058792285
55,2024-12-21,0,2024-12-21,wk inc flu hosp,quantile,0.1,58.56515820609314
56,2024-12-21,0,2024-12-21,wk inc flu hosp,quantile,0.1,21.53223411174715
72,2024-12-21,0,2024-12-21,wk inc flu hosp,quantile,0.1,336.02885867604107
US,2024-12-21,0,2024-12-21,wk inc flu hosp,quantile,0.1,10447.02617850376
01,2024-12-21,1,2024-12-28,wk inc flu hosp,quantile,0.1,200.74661805551685
02,2024-12-21,1,2024-12-28,wk inc flu hosp,quantile,0.1,24.092534198165726
04,2024-12-21,1,2024-12-28,wk inc flu hosp,quantile,0.1,782.0450759349343
05,2024-12-21,1,2024-12-28,wk inc flu hosp,quantile,0.1,48.6580227592358
06,2024-12-21,1,2024-12-28,wk inc flu hosp,quantile,0.1,1227.618339106814
08,2024-12-21,1,2024-12-28,wk inc flu hosp,quantile,0.1,148.2446851805035
09,2024-12-21,1,2024-12-28,wk inc flu hosp,quantile,0.1,32.49374384586504
10,2024-12-21,1,2024-12-28,wk inc flu hosp,quantile,0.1,17.515773860716013
11,2024-12-21,1,2024-12-28,wk inc flu hosp,quantile,0.1,7.263030095697061
12,2024-12-21,1,2024-12-28,wk inc flu hosp,quantile,0.1,843.2469526295595
13,2024-12-21,1,2024-12-28,wk inc flu hosp,quantile,0.1,210.3855113098973
15,2024-12-21,1,2024-12-28,wk inc flu hosp,quantile,0.1,29.771101890495107
16,2024-12-21,1,2024-12-28,wk inc flu hosp,quantile,0.1,88.37142649366722
17,2024-12-21,1,2024-12-28,wk inc flu hosp,quantile,0.1,242.50743781425928
18,2024-12-21,1,2024-12-28,wk inc flu hosp,quantile,0.1,157.9988321575671
19,2024-12-21,1,2024-12-28,wk inc flu hosp,quantile,0.1,29.964315846875877
20,2024-12-21,1,2024-12-28,wk inc flu hosp,quantile,0.1,84.11873843245286
21,2024-12-21,1,2024-12-28,wk inc flu hosp,quantile,0.1,90.57001615270525
22,2024-12-21,1,2024-12-28,wk inc flu hosp,quantile,0.1,219.55770309379713
23,2024-12-21,1,2024-12-28,wk inc flu hosp,quantile,0.1,4.1048258704543965
24,2024-12-21,1,2024-12-28,wk inc flu hosp,quantile,0.1,85.49052163755721
25,2024-12-21,1,2024-12-28,wk inc flu hosp,quantile,0.1,148.82862500523945
26,2024-12-21,1,2024-12-28,wk inc flu hosp,quantile,0.1,198.49711073032518
27,2024-12-21,1,2024-12-28,wk inc flu hosp,quantile,0.1,133.3899565592839
28,2024-12-21,1,2024-12-28,wk inc flu hosp,quantile,0.1,62.665263069438424
29,2024-12-21,1,2024-12-28,wk inc flu hosp,quantile,0.1,101.23564028564415
30,2024-12-21,1,2024-12-28,wk inc flu hosp,quantile,0.1,8.483064484050988
31,2024-12-21,1,2024-12-28,wk inc flu hosp,quantile,0.1,20.743597945856298
32,2024-12-21,1,2024-12-28,wk inc flu hosp,quantile,0.1,85.59264982974106
33,2024-12-21,1,2024-12-28,wk inc flu hosp,quantile,0.1,21.9935768833887
34,2024-12-21,1,2024-12-28,wk inc flu hosp,quantile,0.1,202.72297031873475
35,2024-12-21,1,2024-12-28,wk inc flu hosp,quantile,0.1,105.41920275237385
36,2024-12-21,1,2024-12-28,wk inc flu hosp,quantile,0.1,470.7131713539301
37,2024-12-21,1,2024-12-28,wk inc flu hosp,quantile,0.1,175.28869430127222
38,2024-12-21,1,2024-12-28,wk inc flu hosp,quantile,0.1,0.7149720566567497
39,2024-12-21,1,2024-12-28,wk inc flu hosp,quantile,0.1,176.05138444093822
40,2024-12-21,1,2024-12-28,wk inc flu hosp,quantile,0.1,65.07343249651964
41,2024-12-21,1,2024-12-28,wk inc flu hosp,quantile,0.1,176.63432443325382
42,2024-12-21,1,2024-12-28,wk inc flu hosp,quantile,0.1,302.42684871439064
44,2024-12-21,1,2024-12-28,wk inc flu hosp,quantile,0.1,27.58641871094764
45,2024-12-21,1,2024-12-28,wk inc flu hosp,quantile,0.1,74.98027368383737
46,2024-12-21,1,2024-12-28,wk inc flu hosp,quantile,0.1,9.495767952504506
47,2024-12-21,1,2024-12-28,wk inc flu hosp,quantile,0.1,206.715773673077
48,2024-12-21,1,2024-12-28,wk inc flu hosp,quantile,0.1,751.3807604479
49,2024-12-21,1,2024-12-28,wk inc flu hosp,quantile,0.1,81.66643896995818
50,2024-12-21,1,2024-12-28,wk inc flu hosp,quantile,0.1,7.189398520130221
51,2024-12-21,1,2024-12-28,wk inc flu hosp,quantile,0.1,137.07376161488742
53,2024-12-21,1,2024-12-28,wk inc flu hosp,quantile,0.1,194.99777112959308
54,2024-12-21,1,2024-12-28,wk inc flu hosp,quantile,0.1,25.082180766599205
55,2024-12-21,1,2024-12-28,wk inc flu hosp,quantile,0.1,72.68042640829138
56,2024-12-21,1,2024-12-28,wk inc flu hosp,quantile,0.1,23.843401185566172
72,2024-12-21,1,2024-12-28,wk inc flu hosp,quantile,0.1,330.120766631744
US,2024-12-21,1,2024-12-28,wk inc flu hosp,quantile,0.1,11376.161635255678
01,2024-12-21,2,2025-01-04,wk inc flu hosp,quantile,0.1,222.14922025997024
02,2024-12-21,2,2025-01-04,wk inc flu hosp,quantile,0.1,26.71751216631614
04,2024-12-21,2,2025-01-04,wk inc flu hosp,quantile,0.1,733.5166857854805
05,2024-12-21,2,2025-01-04,wk inc flu hosp,quantile,0.1,63.19399276012769
06,2024-12-21,2,2025-01-04,wk inc flu hosp,quantile,0.1,1272.5798505765742
08,2024-12-21,2,2025-01-04,wk inc flu hosp,quantile,0.1,167.43911603792577
09,2024-12-21,2,2025-01-04,wk inc flu hosp,quantile,0.1,43.92109551409183
10,2024-12-21,2,2025-01-04,wk inc flu hosp,quantile,0.1,20.512180396463837
11,2024-12-21,2,2025-01-04,wk inc flu hosp,quantile,0.1,9.268594412109199
12,2024-12-21,2,2025-01-04,wk inc flu hosp,quantile,0.1,916.655282859235
13,2024-12-21,2,2025-01-04,wk inc flu hosp,quantile,0.1,249.13269114963643
15,2024-12-21,2,2025-01-04,wk inc flu hosp,quantile,0.1,32.590413082857225
16,2024-12-21,2,2025-01-04,wk inc flu hosp,quantile,0.1,92.28613612162782
17,2024-12-21,2,2025-01-04,wk inc flu hosp,quantile,0.1,286.73316514791605
18,2024-12-21,2,2025-01-04,wk inc flu hosp,quantile,0.1,195.10370122315447
19,2024-12-21,2,2025-01-04,wk inc flu hosp,quantile,0.1,40.46362402302392
20,2024-12-21,2,2025-01-04,wk inc flu hosp,quantile,0.1,97.19587219279836
21,2024-12-21,2,2025-01-04,wk inc flu hosp,quantile,0.1,112.3934609267984
22,2024-12-21,2,2025-01-04,wk inc flu hosp,quantile,0.1,228.90813034054543
23,2024-12-21,2,2025-01-04,wk inc flu hosp,quantile,0.1,6.96738590848404
24,2024-12-21,2,2025-01-04,wk inc flu hosp,quantile,0.1,107.99236011147963
25,2024-12-21,2,2025-01-04,wk inc flu hosp,quantile,0.1,184.12658173169146
26,2024-12-21,2,2025-01-04,wk inc flu hosp,quantile,0.1,246.45881197255864
27,2024-12-21,2,2025-01-04,wk inc flu hosp,quantile,0.1,155.62899500777806
28,2024-12-21,2,2025-01-04,wk inc flu hosp,quantile,0.1,77.2037303680679
29,2024-12-21,2,2025-01-04,wk inc flu hosp,quantile,0.1,129.48130868334653
30,2024-12-21,2,2025-01-04,wk inc flu hosp,quantile,0.1,11.85015642060104
31,2024-12-21,2,2025-01-04,wk inc flu hosp,quantile,0.1,26.79899889296071
32,2024-12-21,2,2025-01-04,wk inc flu hosp,quantile,0.1,95.7503916368992
33,2024-12-21,2,2025-01-04,wk inc flu hosp,quantile,0.1,25.643542137031584
34,2024-12-21,2,2025-01-04,wk inc flu hosp,quantile,0.1,246.42149310511533
35,2024-12-21,2,2025-01-04,wk inc flu hosp,quantile,0.1,116.94554805651605
36,2024-12-21,2,2025-01-04,wk inc flu hosp,quantile,0.1,563.5414485425383
37,2024-12-21,2,2025-01-04,wk inc flu hosp,quantile,0.1,212.86955664252545
38,2024-12-21,2,2025-01-04,wk inc flu hosp,quantile,0.1,1.7992105861898657
39,2024-12-21,2,2025-01-04,wk inc flu hosp,quantile,0.1,221.79469572627178
40,2024-12-21,2,2025-01-04,wk inc flu hosp,quantile,0.1,86.29958875093058
41,2024-12-21,2,2025-01-04,wk inc flu hosp,quantile,0.1,186.44968496671413
42,2024-12-21,2,2025-01-04,wk inc flu hosp,quantile,0.1,367.3460988710235
44,2024-12-21,2,2025-01-04,wk inc flu hosp,quantile,0.1,31.1520706392079
45,2024-12-21,2,2025-01-04,wk inc flu hosp,quantile,0.1,94.62097050741748
46,2024-12-21,2,2025-01-04,wk inc flu hosp,quantile,0.1,12.662185791014624
47,2024-12-21,2,2025-01-04,wk inc flu hosp,quantile,0.1,237.41868144709807
48,2024-12-21,2,2025-01-04,wk inc flu hosp,quantile,0.1,879.9576579769497
49,2024-12-21,2,2025-01-04,wk inc flu hosp,quantile,0.1,83.45169269149801
50,2024-12-21,2,2025-01-04,wk inc flu hosp,quantile,0.1,9.162242318832256
51,2024-12-21,2,2025-01-04,wk inc flu hosp,quantile,0.1,168.83421444162096
53,2024-12-21,2,2025-01-04,wk inc flu hosp,quantile,0.1,222.56495376556228
54,2024-12-21,2,2025-01-04,wk inc flu hosp,quantile,0.1,33.10420070580435
55,2024-12-21,2,2025-01-04,wk inc flu hosp,quantile,0.1,93.81473189592977
56,2024-12-21,2,2025-01-04,wk inc flu hosp,quantile,0.1,26.74892193651456
72,2024-12-21,2,2025-01-04,wk inc flu hosp,quantile,0.1,309.8013183240796
US,2024-12-21,2,2025-01-04,wk inc flu hosp,quantile,0.1,12602.61250631931
01,2024-12-21,3,2025-01-11,wk inc flu hosp,quantile,0.1,227.40020995908804
02,2024-12-21,3,2025-01-11,wk inc flu hosp,quantile,0.1,27.664084916332598
04,2024-12-21,3,2025-01-11,wk inc flu hosp,quantile,0.1,675.1831087352384
05,2024-12-21,3,2025-01-11,wk inc flu hosp,quantile,0.1,69.2143354284493
06,2024-12-21,3,2025-01-11,wk inc flu hosp,quantile,0.1,1254.6401165178845
08,2024-12-21,3,2025-01-11,wk inc flu hosp,quantile,0.1,173.20012700823776
09,2024-12-21,3,2025-01-11,wk inc flu hosp,quantile,0.1,48.88374135555572
10,2024-12-21,3,2025-01-11,wk inc flu hosp,quantile,0.1,21.237523972255822
11,2024-12-21,3,2025-01-11,wk inc flu hosp,quantile,0.1,9.81979847409305
12,2024-12-21,3,2025-01-11,wk inc flu hosp,quantile,0.1,921.0058981727356
13,2024-12-21,3,2025-01-11,wk inc flu hosp,quantile,0.1,262.6324528286955
15,2024-12-21,3,2025-01-11,wk inc flu hosp,quantile,0.1,32.75654395384035
16,2024-12-21,3,2025-01-11,wk inc flu hosp,quantile,0.1,93.62330550059484
17,2024-12-21,3,2025-01-11,wk inc flu hosp,quantile,0.1,296.8340193124487
18,2024-12-21,3,2025-01-11,wk inc flu hosp,quantile,0.1,209.0294107815553
19,2024-12-21,3,2025-01-11,wk inc flu hosp,quantile,0.1,44.77070440982339
20,2024-12-21,3,2025-01-11,wk inc flu hosp,quantile,0.1,99.77281497028486
21,2024-12-21,3,2025-01-11,wk inc flu hosp,quantile,0.1,120.53843716924398
22,2024-12-21,3,2025-01-11,wk inc flu hosp,quantile,0.1,221.72264661279127
23,2024-12-21,3,2025-01-11,wk inc flu hosp,quantile,0.1,8.172952299328488
24,2024-12-21,3,2025-01-11,wk inc flu hosp,quantile,0.1,115.66957742174279
25,2024-12-21,3,2025-01-11,wk inc flu hosp,quantile,0.1,194.72168020125568
26,2024-12-21,3,2025-01-11,wk inc flu hosp,quantile,0.1,261.28726000308694
27,2024-12-21,3,2025-01-11,wk inc flu hosp,quantile,0.1,162.50162784244625
28,2024-12-21,3,2025-01-11,wk inc flu hosp,quantile,0.1,82.58526297081949
29,2024-12-21,3,2025-01-11,wk inc flu hosp,quantile,0.1,139.6002496018004
30,2024-12-21,3,2025-01-11,wk inc flu hosp,quantile,0.1,13.261417169004416
31,2024-12-21,3,2025-01-11,wk inc flu hosp,quantile,0.1,28.897631575242603
32,2024-12-21,3,2025-01-11,wk inc flu hosp,quantile,0.1,95.6570807453462
33,2024-12-21,3,2025-01-11,wk inc flu hosp,quantile,0.1,26.34305740644913
34,2024-12-21,3,2025-01-11,wk inc flu hosp,quantile,0.1,259.85985928957297
35,2024-12-21,3,2025-01-11,wk inc flu hosp,quantile,0.1,120.73753313324592
36,2024-12-21,3,2025-01-11,wk inc flu hosp,quantile,0.1,589.6915334349724
37,2024-12-21,3,2025-01-11,wk inc flu hosp,quantile,0.1,224.6673530190385
38,2024-12-21,3,2025-01-11,wk inc flu hosp,quantile,0.1,2.2850397559001374
39,2024-12-21,3,2025-01-11,wk inc flu hosp,quantile,0.1,236.78774516346886
40,2024-12-21,3,2025-01-11,wk inc flu hosp,quantile,0.1,94.61104038968297
41,2024-12-21,3,2025-01-11,wk inc flu hosp,quantile,0.1,185.3976584258435
42,2024-12-21,3,2025-01-11,wk inc flu hosp,quantile,0.1,389.62935012579464
44,2024-12-21,3,2025-01-11,wk inc flu hosp,quantile,0.1,31.744418586817286
45,2024-12-21,3,2025-01-11,wk inc flu hosp,quantile,0.1,103.03888794855108
46,2024-12-21,3,2025-01-11,wk inc flu hosp,quantile,0.1,13.91503905927132
47,2024-12-21,3,2025-01-11,wk inc flu hosp,quantile,0.1,246.95444831780836
48,2024-12-21,3,2025-01-11,wk inc flu hosp,quantile,0.1,918.0522958958617
49,2024-12-21,3,2025-01-11,wk inc flu hosp,quantile,0.1,81.6847693117675
50,2024-12-21,3,2025-01-11,wk inc flu hosp,quantile,0.1,9.872951955691422
51,2024-12-21,3,2025-01-11,wk inc flu hosp,quantile,0.1,181.71085227366413
53,2024-12-21,3,2025-01-11,wk inc flu hosp,quantile,0.1,229.48926292942357
54,2024-12-21,3,2025-01-11,wk inc flu hosp,quantile,0.1,36.79919043828953
55,2024-12-21,3,2025-01-11,wk inc flu hosp,quantile,0.1,102.02442982756104
56,2024-12-21,3,2025-01-11,wk inc flu hosp,quantile,0.1,27.260999681487885
72,2024-12-21,3,2025-01-11,wk inc flu hosp,quantile,0.1,289.1523525036722
US,2024-12-21,3,2025-01-11,wk inc flu hosp,quantile,0.1,12928.334538751757
01,2024-12-21,0,2024-12-21,wk inc flu hosp,quantile,0.15,209.26971485489537
02,2024-12-21,0,2024-12-21,wk inc flu hosp,quantile,0.15,25.076431000039513
04,2024-12-21,0,2024-12-21,wk inc flu hosp,quantile,0.15,887.4782158292655
05,2024-12-21,0,2024-12-21,wk inc flu hosp,quantile,0.15,43.26832102571161
06,2024-12-21,0,2024-12-21,wk inc flu hosp,quantile,0.15,1382.5077552096773
08,2024-12-21,0,2024-12-21,wk inc flu hosp,quantile,0.15,146.06594308553363
09,2024-12-21,0,2024-12-21,wk inc flu hosp,quantile,0.15,27.984709924084978
10,2024-12-21,0,2024-12-21,wk inc flu hosp,quantile,0.15,17.676789562501636
11,2024-12-21,0,2024-12-21,wk inc flu hosp,quantile,0.15,6.678474683550123
12,2024-12-21,0,2024-12-21,wk inc flu hosp,quantile,0.15,884.673184278052
13,2024-12-21,0,2024-12-21,wk inc flu hosp,quantile,0.15,209.5909387273337
15,2024-12-21,0,2024-12-21,wk inc flu hosp,quantile,0.15,31.4134015519966
16,2024-12-21,0,2024-12-21,wk inc flu hosp,quantile,0.15,97.08003027223289
17,2024-12-21,0,2024-12-21,wk inc flu hosp,quantile,0.15,240.14708671966426
18,2024-12-21,0,2024-12-21,wk inc flu hosp,quantile,0.15,147.3914192907628
19,2024-12-21,0,2024-12-21,wk inc flu hosp,quantile,0.15,26.65765616037292
20,2024-12-21,0,2024-12-21,wk inc flu hosp,quantile,0.15,86.51416081405087
21,2024-12-21,0,2024-12-21,wk inc flu hosp,quantile,0.15,83.55071846290039
22,2024-12-21,0,2024-12-21,wk inc flu hosp,quantile,0.15,244.36499426867965
23,2024-12-21,0,2024-12-21,wk inc flu hosp,quantile,0.15,3.113289979635378
24,2024-12-21,0,2024-12-21,wk inc flu hosp,quantile,0.15,78.4852498023909
25,2024-12-21,0,2024-12-21,wk inc flu hosp,quantile,0.15,136.1626174486305
26,2024-12-21,0,2024-12-21,wk inc flu hosp,quantile,0.15,184.93985944608266
27,2024-12-21,0,2024-12-21,wk inc flu hosp,quantile,0.15,129.40027524915794
28,2024-12-21,0,2024-12-21,wk inc flu hosp,quantile,0.15,57.46246844405027
29,2024-12-21,0,2024-12-21,wk inc flu hosp,quantile,0.15,91.09341043307903
30,2024-12-21,0,2024-12-21,wk inc flu hosp,quantile,0.15,7.150154255323882
31,2024-12-21,0,2024-12-21,wk inc flu hosp,quantile,0.15,18.419532077474447
32,2024-12-21,0,2024-12-21,wk inc flu hosp,quantile,0.15,89.30031258428939
33,2024-12-21,0,2024-12-21,wk inc flu hosp,quantile,0.15,22.423086332869147
34,2024-12-21,0,2024-12-21,wk inc flu hosp,quantile,0.15,194.2376820572221
35,2024-12-21,0,2024-12-21,wk inc flu hosp,quantile,0.15,108.11294741174251
36,2024-12-21,0,2024-12-21,wk inc flu hosp,quantile,0.15,457.2539741884488
37,2024-12-21,0,2024-12-21,wk inc flu hosp,quantile,0.15,171.56023734969546
38,2024-12-21,0,2024-12-21,wk inc flu hosp,quantile,0.15,0.5768267026430037
39,2024-12-21,0,2024-12-21,wk inc flu hosp,quantile,0.15,162.70161576853172
40,2024-12-21,0,2024-12-21,wk inc flu hosp,quantile,0.15,57.437875145418175
41,2024-12-21,0,2024-12-21,wk inc flu hosp,quantile,0.15,195.94667498260617
42,2024-12-21,0,2024-12-21,wk inc flu hosp,quantile,0.15,286.13626993453624
44,2024-12-21,0,2024-12-21,wk inc flu hosp,quantile,0.15,28.811738894695704
45,2024-12-21,0,2024-12-21,wk inc flu hosp,quantile,0.15,68.67622223430304
46,2024-12-21,0,2024-12-21,wk inc flu hosp,quantile,0.15,8.592478001836191
47,2024-12-21,0,2024-12-21,wk inc flu hosp,quantile,0.15,209.9461875471492
48,2024-12-21,0,2024-12-21,wk inc flu hosp,quantile,0.15,738.0365752981243
49,2024-12-21,0,2024-12-21,wk inc flu hosp,quantile,0.15,88.4048485732347
50,2024-12-21,0,2024-12-21,wk inc flu hosp,quantile,0.15,6.581895841392111
51,2024-12-21,0,2024-12-21,wk inc flu hosp,quantile,0.15,128.0047576681299
53,2024-12-21,0,2024-12-21,wk inc flu hosp,quantile,0.15,199.11656583755854
54,2024-12-21,0,2024-12-21,wk inc flu hosp,quantile,0.15,22.365667180106527
55,2024-12-21,0,2024-12-21,wk inc flu hosp,quantile,0.15,67.75286508145608
56,2024-12-21,0,2024-12-21,wk inc flu hosp,quantile,0.15,25.338141992177434
72,2024-12-21,0,2024-12-21,wk inc flu hosp,quantile,0.15,368.6733668861968
US,2024-12-21,0,2024-12-21,wk inc flu hosp,quantile,0.15,11088.397367762478
01,2024-12-21,1,2024-12-28,wk inc flu hosp,quantile,0.15,235.4291320768812
02,2024-12-21,1,2024-12-28,wk inc flu hosp,quantile,0.15,28.264392156135816
04,2024-12-21,1,2024-12-28,wk inc flu hosp,quantile,0.15,877.3674625672859
05,2024-12-21,1,2024-12-28,wk inc flu hosp,quantile,0.15,57.67655958820788
06,2024-12-21,1,2024-12-28,wk inc flu hosp,quantile,0.15,1447.1954569746024
08,2024-12-21,1,2024-12-28,wk inc flu hosp,quantile,0.15,168.31304200477086
09,2024-12-21,1,2024-12-28,wk inc flu hosp,quantile,0.15,39.09949296819775
10,2024-12-21,1,2024-12-28,wk inc flu hosp,quantile,0.15,20.949944027415164
11,2024-12-21,1,2024-12-28,wk inc flu hosp,quantile,0.15,8.949377408584166
12,2024-12-21,1,2024-12-28,wk inc flu hosp,quantile,0.15,948.8043020628987
13,2024-12-21,1,2024-12-28,wk inc flu hosp,quantile,0.15,255.48893070705296
15,2024-12-21,1,2024-12-28,wk inc flu hosp,quantile,0.15,34.042355937099224
16,2024-12-21,1,2024-12-28,wk inc flu hosp,quantile,0.15,103.06242870071256
17,2024-12-21,1,2024-12-28,wk inc flu hosp,quantile,0.15,292.81772728486663
18,2024-12-21,1,2024-12-28,wk inc flu hosp,quantile,0.15,187.06784604147916
19,2024-12-21,1,2024-12-28,wk inc flu hosp,quantile,0.15,37.318045558783815
20,2024-12-21,1,2024-12-28,wk inc flu hosp,quantile,0.15,102.56674159902593
21,2024-12-21,1,2024-12-28,wk inc flu hosp,quantile,0.15,106.64060181930527
22,2024-12-21,1,2024-12-28,wk inc flu hosp,quantile,0.15,256.5184140346438
23,2024-12-21,1,2024-12-28,wk inc flu hosp,quantile,0.15,5.6536233013995485
24,2024-12-21,1,2024-12-28,wk inc flu hosp,quantile,0.15,102.02361254345203
25,2024-12-21,1,2024-12-28,wk inc flu hosp,quantile,0.15,174.99989787801977
26,2024-12-21,1,2024-12-28,wk inc flu hosp,quantile,0.15,236.6989498084597
27,2024-12-21,1,2024-12-28,wk inc flu hosp,quantile,0.15,155.46121362327847
28,2024-12-21,1,2024-12-28,wk inc flu hosp,quantile,0.15,73.90868591708855
29,2024-12-21,1,2024-12-28,wk inc flu hosp,quantile,0.15,120.96689971065493
30,2024-12-21,1,2024-12-28,wk inc flu hosp,quantile,0.15,10.49860695903211
31,2024-12-21,1,2024-12-28,wk inc flu hosp,quantile,0.15,24.958628286543334
32,2024-12-21,1,2024-12-28,wk inc flu hosp,quantile,0.15,98.320673027786
33,2024-12-21,1,2024-12-28,wk inc flu hosp,quantile,0.15,24.90303613790327
34,2024-12-21,1,2024-12-28,wk inc flu hosp,quantile,0.15,241.82612833962668
35,2024-12-21,1,2024-12-28,wk inc flu hosp,quantile,0.15,124.1024267226634
36,2024-12-21,1,2024-12-28,wk inc flu hosp,quantile,0.15,563.0228195546835
37,2024-12-21,1,2024-12-28,wk inc flu hosp,quantile,0.15,214.11099361611122
38,2024-12-21,1,2024-12-28,wk inc flu hosp,quantile,0.15,1.5111624918184452
39,2024-12-21,1,2024-12-28,wk inc flu hosp,quantile,0.15,211.0462782968328
40,2024-12-21,1,2024-12-28,wk inc flu hosp,quantile,0.15,79.29963721651657
41,2024-12-21,1,2024-12-28,wk inc flu hosp,quantile,0.15,208.41422866584566
42,2024-12-21,1,2024-12-28,wk inc flu hosp,quantile,0.15,356.47100620023133
44,2024-12-21,1,2024-12-28,wk inc flu hosp,quantile,0.15,33.67920594949709
45,2024-12-21,1,2024-12-28,wk inc flu hosp,quantile,0.15,89.23285924802344
46,2024-12-21,1,2024-12-28,wk inc flu hosp,quantile,0.15,11.766975969958766
47,2024-12-21,1,2024-12-28,wk inc flu hosp,quantile,0.15,244.6182439246152
48,2024-12-21,1,2024-12-28,wk inc flu hosp,quantile,0.15,877.708022559089
49,2024-12-21,1,2024-12-28,wk inc flu hosp,quantile,0.15,93.40989339533758
50,2024-12-21,1,2024-12-28,wk inc flu hosp,quantile,0.15,8.86106351211343
51,2024-12-21,1,2024-12-28,wk inc flu hosp,quantile,0.15,161.49816539511238
53,2024-12-21,1,2024-12-28,wk inc flu hosp,quantile,0.15,235.44914780272416
54,2024-12-21,1,2024-12-28,wk inc flu hosp,quantile,0.15,30.196996041314165
55,2024-12-21,1,2024-12-28,wk inc flu hosp,quantile,0.15,90.42153926793351
56,2024-12-21,1,2024-12-28,wk inc flu hosp,quantile,0.15,29.408725533685022
72,2024-12-21,1,2024-12-28,wk inc flu hosp,quantile,0.15,366.4132690753631
US,2024-12-21,1,2024-12-28,wk inc flu hosp,quantile,0.15,12766.77489927966
01,2024-12-21,2,2025-01-04,wk inc flu hosp,quantile,0.15,271.69791139555974
02,2024-12-21,2,2025-01-04,wk inc flu hosp,quantile,0.15,31.84746307480182
04,2024-12-21,2,2025-01-04,wk inc flu hosp,quantile,0.15,814.5978812880402
05,2024-12-21,2,2025-01-04,wk inc flu hosp,quantile,0.15,76.8032217162007
06,2024-12-21,2,2025-01-04,wk inc flu hosp,quantile,0.15,1484.5709569679543
08,2024-12-21,2,2025-01-04,wk inc flu hosp,quantile,0.15,198.44947687357575
09,2024-12-21,2,2025-01-04,wk inc flu hosp,quantile,0.15,54.33009286472119
10,2024-12-21,2,2025-01-04,wk inc flu hosp,quantile,0.15,25.029020151485437
11,2024-12-21,2,2025-01-04,wk inc flu hosp,quantile,0.15,11.729407581577927
12,2024-12-21,2,2025-01-04,wk inc flu hosp,quantile,0.15,1015.2774139220145
13,2024-12-21,2,2025-01-04,wk inc flu hosp,quantile,0.15,315.1172767463409
15,2024-12-21,2,2025-01-04,wk inc flu hosp,quantile,0.15,36.61051907567169
16,2024-12-21,2,2025-01-04,wk inc flu hosp,quantile,0.15,107.39319998825844
17,2024-12-21,2,2025-01-04,wk inc flu hosp,quantile,0.15,354.32774337062887
18,2024-12-21,2,2025-01-04,wk inc flu hosp,quantile,0.15,240.03527460978503
19,2024-12-21,2,2025-01-04,wk inc flu hosp,quantile,0.15,51.22684978446431
20,2024-12-21,2,2025-01-04,wk inc flu hosp,quantile,0.15,120.93029982011447
21,2024-12-21,2,2025-01-04,wk inc flu hosp,quantile,0.15,136.22245896135996
22,2024-12-21,2,2025-01-04,wk inc flu hosp,quantile,0.15,267.1557714288006
23,2024-12-21,2,2025-01-04,wk inc flu hosp,quantile,0.15,9.615152100344098
24,2024-12-21,2,2025-01-04,wk inc flu hosp,quantile,0.15,132.3707851307678
25,2024-12-21,2,2025-01-04,wk inc flu hosp,quantile,0.15,223.402837321718
26,2024-12-21,2,2025-01-04,wk inc flu hosp,quantile,0.15,305.3868878619289
27,2024-12-21,2,2025-01-04,wk inc flu hosp,quantile,0.15,184.3409506426176
28,2024-12-21,2,2025-01-04,wk inc flu hosp,quantile,0.15,94.45772091844259
29,2024-12-21,2,2025-01-04,wk inc flu hosp,quantile,0.15,160.38817777779454
30,2024-12-21,2,2025-01-04,wk inc flu hosp,quantile,0.15,15.226655818510817
31,2024-12-21,2,2025-01-04,wk inc flu hosp,quantile,0.15,33.19828914650743
32,2024-12-21,2,2025-01-04,wk inc flu hosp,quantile,0.15,106.7999597967712
33,2024-12-21,2,2025-01-04,wk inc flu hosp,quantile,0.15,28.435789864738723
34,2024-12-21,2,2025-01-04,wk inc flu hosp,quantile,0.15,301.12425243492726
35,2024-12-21,2,2025-01-04,wk inc flu hosp,quantile,0.15,142.8400207589356
36,2024-12-21,2,2025-01-04,wk inc flu hosp,quantile,0.15,680.5261568968999
37,2024-12-21,2,2025-01-04,wk inc flu hosp,quantile,0.15,270.735154280852
38,2024-12-21,2,2025-01-04,wk inc flu hosp,quantile,0.15,2.909363092776436
39,2024-12-21,2,2025-01-04,wk inc flu hosp,quantile,0.15,273.6274756176792
40,2024-12-21,2,2025-01-04,wk inc flu hosp,quantile,0.15,110.38754256913248
41,2024-12-21,2,2025-01-04,wk inc flu hosp,quantile,0.15,218.4944008429119
42,2024-12-21,2,2025-01-04,wk inc flu hosp,quantile,0.15,449.85528191999083
44,2024-12-21,2,2025-01-04,wk inc flu hosp,quantile,0.15,38.653555507362704
45,2024-12-21,2,2025-01-04,wk inc flu hosp,quantile,0.15,116.30468640672979
46,2024-12-21,2,2025-01-04,wk inc flu hosp,quantile,0.15,16.09572188971177
47,2024-12-21,2,2025-01-04,wk inc flu hosp,quantile,0.15,286.9424790518468
48,2024-12-21,2,2025-01-04,wk inc flu hosp,quantile,0.15,1044.7184676544084
49,2024-12-21,2,2025-01-04,wk inc flu hosp,quantile,0.15,96.07045039094209
50,2024-12-21,2,2025-01-04,wk inc flu hosp,quantile,0.15,11.736849342146035
51,2024-12-21,2,2025-01-04,wk inc flu hosp,quantile,0.15,206.55213792923928
53,2024-12-21,2,2025-01-04,wk inc flu hosp,quantile,0.15,275.0092339132535
54,2024-12-21,2,2025-01-04,wk inc flu hosp,quantile,0.15,41.42022946585023
55,2024-12-21,2,2025-01-04,wk inc flu hosp,quantile,0.15,121.86782156361762
56,2024-12-21,2,2025-01-04,wk inc flu hosp,quantile,0.15,33.77613130213596
72,2024-12-21,2,2025-01-04,wk inc flu hosp,quantile,0.15,348.33143152542544
US,2024-12-21,2,2025-01-04,wk inc flu hosp,quantile,0.15,14467.667076903906
01,2024-12-21,3,2025-01-11,wk inc flu hosp,quantile,0.15,278.09609748490635
02,2024-12-21,3,2025-01-11,wk inc flu hosp,quantile,0.15,32.86083542517389
04,2024-12-21,3,2025-01-11,wk inc flu hosp,quantile,0.15,754.2978739520962
05,2024-12-21,3,2025-01-11,wk inc flu hosp,quantile,0.15,84.45531360986261
06,2024-12-21,3,2025-01-11,wk inc flu hosp,quantile,0.15,1486.3970215993154
08,2024-12-21,3,2025-01-11,wk inc flu hosp,quantile,0.15,205.71253019613593
09,2024-12-21,3,2025-01-11,wk inc flu hosp,quantile,0.15,60.276938312396354
10,2024-12-21,3,2025-01-11,wk inc flu hosp,quantile,0.15,26.185067881940423
11,2024-12-21,3,2025-01-11,wk inc flu hosp,quantile,0.15,12.501414339122062
12,2024-12-21,3,2025-01-11,wk inc flu hosp,quantile,0.15,1035.1131339665485
13,2024-12-21,3,2025-01-11,wk inc flu hosp,quantile,0.15,332.1683806860271
15,2024-12-21,3,2025-01-11,wk inc flu hosp,quantile,0.15,37.224676506975875
16,2024-12-21,3,2025-01-11,wk inc flu hosp,quantile,0.15,108.71310178022009
17,2024-12-21,3,2025-01-11,wk inc flu hosp,quantile,0.15,372.58281588704335
18,2024-12-21,3,2025-01-11,wk inc flu hosp,quantile,0.15,258.8431897108333
19,2024-12-21,3,2025-01-11,wk inc flu hosp,quantile,0.15,56.99840927981222
20,2024-12-21,3,2025-01-11,wk inc flu hosp,quantile,0.15,125.37890115164133
21,2024-12-21,3,2025-01-11,wk inc flu hosp,quantile,0.15,147.1699260902745
22,2024-12-21,3,2025-01-11,wk inc flu hosp,quantile,0.15,260.5265702270416
23,2024-12-21,3,2025-01-11,wk inc flu hosp,quantile,0.15,11.285284130492764
24,2024-12-21,3,2025-01-11,wk inc flu hosp,quantile,0.15,143.46387949916863
25,2024-12-21,3,2025-01-11,wk inc flu hosp,quantile,0.15,237.32882137011654
26,2024-12-21,3,2025-01-11,wk inc flu hosp,quantile,0.15,326.51261884529185
27,2024-12-21,3,2025-01-11,wk inc flu hosp,quantile,0.15,194.57686512003377
28,2024-12-21,3,2025-01-11,wk inc flu hosp,quantile,0.15,101.18384456969397
29,2024-12-21,3,2025-01-11,wk inc flu hosp,quantile,0.15,173.48336761121
30,2024-12-21,3,2025-01-11,wk inc flu hosp,quantile,0.15,16.88799608100583
31,2024-12-21,3,2025-01-11,wk inc flu hosp,quantile,0.15,36.01634931831407
32,2024-12-21,3,2025-01-11,wk inc flu hosp,quantile,0.15,109.68135760457447
33,2024-12-21,3,2025-01-11,wk inc flu hosp,quantile,0.15,29.297600324583225
34,2024-12-21,3,2025-01-11,wk inc flu hosp,quantile,0.15,320.07517577761365
35,2024-12-21,3,2025-01-11,wk inc flu hosp,quantile,0.15,147.35869522262473
36,2024-12-21,3,2025-01-11,wk inc flu hosp,quantile,0.15,713.8443936102353
37,2024-12-21,3,2025-01-11,wk inc flu hosp,quantile,0.15,287.87051834734496
38,2024-12-21,3,2025-01-11,wk inc flu hosp,quantile,0.15,3.594864037521858
39,2024-12-21,3,2025-01-11,wk inc flu hosp,quantile,0.15,295.29869813168017
40,2024-12-21,3,2025-01-11,wk inc flu hosp,quantile,0.15,120.71378012731593
41,2024-12-21,3,2025-01-11,wk inc flu hosp,quantile,0.15,218.3643727986671
42,2024-12-21,3,2025-01-11,wk inc flu hosp,quantile,0.15,479.4330901999657
44,2024-12-21,3,2025-01-11,wk inc flu hosp,quantile,0.15,39.54664313597416
45,2024-12-21,3,2025-01-11,wk inc flu hosp,quantile,0.15,126.53641689218497
46,2024-12-21,3,2025-01-11,wk inc flu hosp,quantile,0.15,17.57355428859281
47,2024-12-21,3,2025-01-11,wk inc flu hosp,quantile,0.15,301.37035670205125
48,2024-12-21,3,2025-01-11,wk inc flu hosp,quantile,0.15,1098.216502116202
49,2024-12-21,3,2025-01-11,wk inc flu hosp,quantile,0.15,92.86422173152424
50,2024-12-21,3,2025-01-11,wk inc flu hosp,quantile,0.15,12.5788447727697
51,2024-12-21,3,2025-01-11,wk inc flu hosp,quantile,0.15,222.61261406497755
53,2024-12-21,3,2025-01-11,wk inc flu hosp,quantile,0.15,285.2979335650963
54,2024-12-21,3,2025-01-11,wk inc flu hosp,quantile,0.15,45.861278394728025
55,2024-12-21,3,2025-01-11,wk inc flu hosp,quantile,0.15,132.0922321445566
56,2024-12-21,3,2025-01-11,wk inc flu hosp,quantile,0.15,35.20068471775591
72,2024-12-21,3,2025-01-11,wk inc flu hosp,quantile,0.15,329.87164027040575
US,2024-12-21,3,2025-01-11,wk inc flu hosp,quantile,0.15,14707.532775270083
01,2024-12-21,0,2024-12-21,wk inc flu hosp,quantile,0.2,224.48086048403084
02,2024-12-21,0,2024-12-21,wk inc flu hosp,quantile,0.2,27.21846221213598
04,2024-12-21,0,2024-12-21,wk inc flu hosp,quantile,0.2,926.5687742658673
05,2024-12-21,0,2024-12-21,wk inc flu hosp,quantile,0.2,46.56445773631202
06,2024-12-21,0,2024-12-21,wk inc flu hosp,quantile,0.2,1500.7767464731664
08,2024-12-21,0,2024-12-21,wk inc flu hosp,quantile,0.2,153.35856406256204
09,2024-12-21,0,2024-12-21,wk inc flu hosp,quantile,0.2,30.683776492186254
10,2024-12-21,0,2024-12-21,wk inc flu hosp,quantile,0.2,19.05044840147222
11,2024-12-21,0,2024-12-21,wk inc flu hosp,quantile,0.2,7.305965683639989
12,2024-12-21,0,2024-12-21,wk inc flu hosp,quantile,0.2,955.2119925122586
13,2024-12-21,0,2024-12-21,wk inc flu hosp,quantile,0.2,230.61706459919262
15,2024-12-21,0,2024-12-21,wk inc flu hosp,quantile,0.2,33.82781584513236
16,2024-12-21,0,2024-12-21,wk inc flu hosp,quantile,0.2,106.31275000548047
17,2024-12-21,0,2024-12-21,wk inc flu hosp,quantile,0.2,261.77293273449885
18,2024-12-21,0,2024-12-21,wk inc flu hosp,quantile,0.2,160.81874771350738
19,2024-12-21,0,2024-12-21,wk inc flu hosp,quantile,0.2,29.324816602214835
20,2024-12-21,0,2024-12-21,wk inc flu hosp,quantile,0.2,92.88997518188458
21,2024-12-21,0,2024-12-21,wk inc flu hosp,quantile,0.2,90.01783665494257
22,2024-12-21,0,2024-12-21,wk inc flu hosp,quantile,0.2,264.6008270769458
23,2024-12-21,0,2024-12-21,wk inc flu hosp,quantile,0.2,3.898190203837301
24,2024-12-21,0,2024-12-21,wk inc flu hosp,quantile,0.2,85.29313777374111
25,2024-12-21,0,2024-12-21,wk inc flu hosp,quantile,0.2,147.4479911511245
26,2024-12-21,0,2024-12-21,wk inc flu hosp,quantile,0.2,199.80400854172711
27,2024-12-21,0,2024-12-21,wk inc flu hosp,quantile,0.2,139.27392529033466
28,2024-12-21,0,2024-12-21,wk inc flu hosp,quantile,0.2,63.05438183977829
29,2024-12-21,0,2024-12-21,wk inc flu hosp,quantile,0.2,97.97047669796275
30,2024-12-21,0,2024-12-21,wk inc flu hosp,quantile,0.2,7.999449224969077
31,2024-12-21,0,2024-12-21,wk inc flu hosp,quantile,0.2,20.144965782495877
32,2024-12-21,0,2024-12-21,wk inc flu hosp,quantile,0.2,98.26172258358315
33,2024-12-21,0,2024-12-21,wk inc flu hosp,quantile,0.2,24.419828448291906
34,2024-12-21,0,2024-12-21,wk inc flu hosp,quantile,0.2,207.15040962941328
35,2024-12-21,0,2024-12-21,wk inc flu hosp,quantile,0.2,117.41980838941352
36,2024-12-21,0,2024-12-21,wk inc flu hosp,quantile,0.2,488.9336160338434
37,2024-12-21,0,2024-12-21,wk inc flu hosp,quantile,0.2,192.39817139570766
38,2024-12-21,0,2024-12-21,wk inc flu hosp,quantile,0.2,0.8767890086754047
39,2024-12-21,0,2024-12-21,wk inc flu hosp,quantile,0.2,177.83953200346423
40,2024-12-21,0,2024-12-21,wk inc flu hosp,quantile,0.2,63.076398671880995
41,2024-12-21,0,2024-12-21,wk inc flu hosp,quantile,0.2,215.42755997100144
42,2024-12-21,0,2024-12-21,wk inc flu hosp,quantile,0.2,312.63966595104984
44,2024-12-21,0,2024-12-21,wk inc flu hosp,quantile,0.2,31.42296480392356
45,2024-12-21,0,2024-12-21,wk inc flu hosp,quantile,0.2,73.49288529143224
46,2024-12-21,0,2024-12-21,wk inc flu hosp,quantile,0.2,9.753407934921613
47,2024-12-21,0,2024-12-21,wk inc flu hosp,quantile,0.2,227.88729516705666
48,2024-12-21,0,2024-12-21,wk inc flu hosp,quantile,0.2,766.5749172910062
49,2024-12-21,0,2024-12-21,wk inc flu hosp,quantile,0.2,97.24689547976574
50,2024-12-21,0,2024-12-21,wk inc flu hosp,quantile,0.2,7.3485541394258265
51,2024-12-21,0,2024-12-21,wk inc flu hosp,quantile,0.2,137.41709671442572
53,2024-12-21,0,2024-12-21,wk inc flu hosp,quantile,0.2,213.88167924569615
54,2024-12-21,0,2024-12-21,wk inc flu hosp,quantile,0.2,24.498129839666372
55,2024-12-21,0,2024-12-21,wk inc flu hosp,quantile,0.2,75.76995655506242
56,2024-12-21,0,2024-12-21,wk inc flu hosp,quantile,0.2,28.076598174029513
72,2024-12-21,0,2024-12-21,wk inc flu hosp,quantile,0.2,393.81274447859687
US,2024-12-21,0,2024-12-21,wk inc flu hosp,quantile,0.2,11584.128941153076
01,2024-12-21,1,2024-12-28,wk inc flu hosp,quantile,0.2,267.2089220745485
02,2024-12-21,1,2024-12-28,wk inc flu hosp,quantile,0.2,32.173449387881554
04,2024-12-21,1,2024-12-28,wk inc flu hosp,quantile,0.2,934.729016468721
05,2024-12-21,1,2024-12-28,wk inc flu hosp,quantile,0.2,66.06173380441525
06,2024-12-21,1,2024-12-28,wk inc flu hosp,quantile,0.2,1661.102370739405
08,2024-12-21,1,2024-12-28,wk inc flu hosp,quantile,0.2,188.09375565468014
09,2024-12-21,1,2024-12-28,wk inc flu hosp,quantile,0.2,45.72213769444899
10,2024-12-21,1,2024-12-28,wk inc flu hosp,quantile,0.2,24.05735446405778
11,2024-12-21,1,2024-12-28,wk inc flu hosp,quantile,0.2,10.354972658258255
12,2024-12-21,1,2024-12-28,wk inc flu hosp,quantile,0.2,1081.8217041467378
13,2024-12-21,1,2024-12-28,wk inc flu hosp,quantile,0.2,295.62664348346175
15,2024-12-21,1,2024-12-28,wk inc flu hosp,quantile,0.2,38.670867816077894
16,2024-12-21,1,2024-12-28,wk inc flu hosp,quantile,0.2,119.1801457646673
17,2024-12-21,1,2024-12-28,wk inc flu hosp,quantile,0.2,333.48048989257643
18,2024-12-21,1,2024-12-28,wk inc flu hosp,quantile,0.2,215.90114290100342
19,2024-12-21,1,2024-12-28,wk inc flu hosp,quantile,0.2,43.74698679145932
20,2024-12-21,1,2024-12-28,wk inc flu hosp,quantile,0.2,115.69553049467754
21,2024-12-21,1,2024-12-28,wk inc flu hosp,quantile,0.2,121.10815686936844
22,2024-12-21,1,2024-12-28,wk inc flu hosp,quantile,0.2,293.369140983635
23,2024-12-21,1,2024-12-28,wk inc flu hosp,quantile,0.2,7.39570941257562
24,2024-12-21,1,2024-12-28,wk inc flu hosp,quantile,0.2,117.04123799370635
25,2024-12-21,1,2024-12-28,wk inc flu hosp,quantile,0.2,199.4131954672273
26,2024-12-21,1,2024-12-28,wk inc flu hosp,quantile,0.2,270.9791998108928
27,2024-12-21,1,2024-12-28,wk inc flu hosp,quantile,0.2,175.63671300445765
28,2024-12-21,1,2024-12-28,wk inc flu hosp,quantile,0.2,84.92988512412886
29,2024-12-21,1,2024-12-28,wk inc flu hosp,quantile,0.2,138.16819751492946
30,2024-12-21,1,2024-12-28,wk inc flu hosp,quantile,0.2,12.66671122989364
31,2024-12-21,1,2024-12-28,wk inc flu hosp,quantile,0.2,28.870940257536144
32,2024-12-21,1,2024-12-28,wk inc flu hosp,quantile,0.2,115.18465107276326
33,2024-12-21,1,2024-12-28,wk inc flu hosp,quantile,0.2,29.289570463657764
34,2024-12-21,1,2024-12-28,wk inc flu hosp,quantile,0.2,273.14146047898026
35,2024-12-21,1,2024-12-28,wk inc flu hosp,quantile,0.2,141.80153364224503
36,2024-12-21,1,2024-12-28,wk inc flu hosp,quantile,0.2,639.2694824671023
37,2024-12-21,1,2024-12-28,wk inc flu hosp,quantile,0.2,251.89137470559652
38,2024-12-21,1,2024-12-28,wk inc flu hosp,quantile,0.2,1.9696504956020904
39,2024-12-21,1,2024-12-28,wk inc flu hosp,quantile,0.2,243.19052300742294
40,2024-12-21,1,2024-12-28,wk inc flu hosp,quantile,0.2,93.19763536159435
41,2024-12-21,1,2024-12-28,wk inc flu hosp,quantile,0.2,242.18921915834184
42,2024-12-21,1,2024-12-28,wk inc flu hosp,quantile,0.2,405.7073653254428
44,2024-12-21,1,2024-12-28,wk inc flu hosp,quantile,0.2,39.22762302123573
45,2024-12-21,1,2024-12-28,wk inc flu hosp,quantile,0.2,101.25120172378845
46,2024-12-21,1,2024-12-28,wk inc flu hosp,quantile,0.2,14.207090152623786
47,2024-12-21,1,2024-12-28,wk inc flu hosp,quantile,0.2,279.2801984009971
48,2024-12-21,1,2024-12-28,wk inc flu hosp,quantile,0.2,984.2334250889216
49,2024-12-21,1,2024-12-28,wk inc flu hosp,quantile,0.2,104.74244585318485
50,2024-12-21,1,2024-12-28,wk inc flu hosp,quantile,0.2,10.54805045742882
51,2024-12-21,1,2024-12-28,wk inc flu hosp,quantile,0.2,183.7179673832924
53,2024-12-21,1,2024-12-28,wk inc flu hosp,quantile,0.2,267.459733510468
54,2024-12-21,1,2024-12-28,wk inc flu hosp,quantile,0.2,35.52659333809515
55,2024-12-21,1,2024-12-28,wk inc flu hosp,quantile,0.2,107.03749617365914
56,2024-12-21,1,2024-12-28,wk inc flu hosp,quantile,0.2,33.69967600644295
72,2024-12-21,1,2024-12-28,wk inc flu hosp,quantile,0.2,400.2469948455078
US,2024-12-21,1,2024-12-28,wk inc flu hosp,quantile,0.2,14050.85691736822
01,2024-12-21,2,2025-01-04,wk inc flu hosp,quantile,0.2,311.5618340621747
02,2024-12-21,2,2025-01-04,wk inc flu hosp,quantile,0.2,36.68491969948429
04,2024-12-21,2,2025-01-04,wk inc flu hosp,quantile,0.2,900.1964298264487
05,2024-12-21,2,2025-01-04,wk inc flu hosp,quantile,0.2,89.49918723359649
06,2024-12-21,2,2025-01-04,wk inc flu hosp,quantile,0.2,1775.2950494824422
08,2024-12-21,2,2025-01-04,wk inc flu hosp,quantile,0.2,223.69176544595882
09,2024-12-21,2,2025-01-04,wk inc flu hosp,quantile,0.2,64.24254446648834
10,2024-12-21,2,2025-01-04,wk inc flu hosp,quantile,0.2,29.26959135906364
11,2024-12-21,2,2025-01-04,wk inc flu hosp,quantile,0.2,13.90498240899032
12,2024-12-21,2,2025-01-04,wk inc flu hosp,quantile,0.2,1202.3728071591431
13,2024-12-21,2,2025-01-04,wk inc flu hosp,quantile,0.2,368.89024520305037
15,2024-12-21,2,2025-01-04,wk inc flu hosp,quantile,0.2,42.96470451365636
16,2024-12-21,2,2025-01-04,wk inc flu hosp,quantile,0.2,129.36490898238532
17,2024-12-21,2,2025-01-04,wk inc flu hosp,quantile,0.2,408.746380560989
18,2024-12-21,2,2025-01-04,wk inc flu hosp,quantile,0.2,279.7579827134532
19,2024-12-21,2,2025-01-04,wk inc flu hosp,quantile,0.2,60.804065323963954
20,2024-12-21,2,2025-01-04,wk inc flu hosp,quantile,0.2,136.17423416526736
21,2024-12-21,2,2025-01-04,wk inc flu hosp,quantile,0.2,158.25317605791668
22,2024-12-21,2,2025-01-04,wk inc flu hosp,quantile,0.2,318.99211942009794
23,2024-12-21,2,2025-01-04,wk inc flu hosp,quantile,0.2,11.983398012205848
24,2024-12-21,2,2025-01-04,wk inc flu hosp,quantile,0.2,153.63476483324035
25,2024-12-21,2,2025-01-04,wk inc flu hosp,quantile,0.2,260.002497370693
26,2024-12-21,2,2025-01-04,wk inc flu hosp,quantile,0.2,352.9883072399419
27,2024-12-21,2,2025-01-04,wk inc flu hosp,quantile,0.2,212.91908519295703
28,2024-12-21,2,2025-01-04,wk inc flu hosp,quantile,0.2,109.0501171270923
29,2024-12-21,2,2025-01-04,wk inc flu hosp,quantile,0.2,185.56781149486162
30,2024-12-21,2,2025-01-04,wk inc flu hosp,quantile,0.2,18.433416140890674
31,2024-12-21,2,2025-01-04,wk inc flu hosp,quantile,0.2,39.138371329711376
32,2024-12-21,2,2025-01-04,wk inc flu hosp,quantile,0.2,130.92837469982751
33,2024-12-21,2,2025-01-04,wk inc flu hosp,quantile,0.2,33.75453691974814
34,2024-12-21,2,2025-01-04,wk inc flu hosp,quantile,0.2,349.191569415546
35,2024-12-21,2,2025-01-04,wk inc flu hosp,quantile,0.2,169.76564072885387
36,2024-12-21,2,2025-01-04,wk inc flu hosp,quantile,0.2,800.9281346798357
37,2024-12-21,2,2025-01-04,wk inc flu hosp,quantile,0.2,321.61759827749654
38,2024-12-21,2,2025-01-04,wk inc flu hosp,quantile,0.2,3.666646762799976
39,2024-12-21,2,2025-01-04,wk inc flu hosp,quantile,0.2,320.9621154268056
40,2024-12-21,2,2025-01-04,wk inc flu hosp,quantile,0.2,132.1888435579697
41,2024-12-21,2,2025-01-04,wk inc flu hosp,quantile,0.2,265.4826024078072
42,2024-12-21,2,2025-01-04,wk inc flu hosp,quantile,0.2,511.87340129919164
44,2024-12-21,2,2025-01-04,wk inc flu hosp,quantile,0.2,46.43168337978614
45,2024-12-21,2,2025-01-04,wk inc flu hosp,quantile,0.2,133.05858139275435
46,2024-12-21,2,2025-01-04,wk inc flu hosp,quantile,0.2,19.586070982023692
47,2024-12-21,2,2025-01-04,wk inc flu hosp,quantile,0.2,334.59437578402935
48,2024-12-21,2,2025-01-04,wk inc flu hosp,quantile,0.2,1194.1397983638296
49,2024-12-21,2,2025-01-04,wk inc flu hosp,quantile,0.2,109.0862232030534
50,2024-12-21,2,2025-01-04,wk inc flu hosp,quantile,0.2,14.300607921869613
51,2024-12-21,2,2025-01-04,wk inc flu hosp,quantile,0.2,237.67368366761107
53,2024-12-21,2,2025-01-04,wk inc flu hosp,quantile,0.2,318.4829646575823
54,2024-12-21,2,2025-01-04,wk inc flu hosp,quantile,0.2,48.93831503078496
55,2024-12-21,2,2025-01-04,wk inc flu hosp,quantile,0.2,144.3600168740923
56,2024-12-21,2,2025-01-04,wk inc flu hosp,quantile,0.2,39.24299955626208
72,2024-12-21,2,2025-01-04,wk inc flu hosp,quantile,0.2,392.0259762469414
US,2024-12-21,2,2025-01-04,wk inc flu hosp,quantile,0.2,16191.278918983864
01,2024-12-21,3,2025-01-11,wk inc flu hosp,quantile,0.2,320.2707058859127
02,2024-12-21,3,2025-01-11,wk inc flu hosp,quantile,0.2,37.87275215570754
04,2024-12-21,3,2025-01-11,wk inc flu hosp,quantile,0.2,828.7967253696447
05,2024-12-21,3,2025-01-11,wk inc flu hosp,quantile,0.2,99.86405132135435
06,2024-12-21,3,2025-01-11,wk inc flu hosp,quantile,0.2,1766.3415104894452
08,2024-12-21,3,2025-01-11,wk inc flu hosp,quantile,0.2,232.5776099473244
09,2024-12-21,3,2025-01-11,wk inc flu hosp,quantile,0.2,71.54330046697173
10,2024-12-21,3,2025-01-11,wk inc flu hosp,quantile,0.2,30.510702811825023
11,2024-12-21,3,2025-01-11,wk inc flu hosp,quantile,0.2,14.801981921670782
12,2024-12-21,3,2025-01-11,wk inc flu hosp,quantile,0.2,1221.6120288663765
13,2024-12-21,3,2025-01-11,wk inc flu hosp,quantile,0.2,392.83222176849824
15,2024-12-21,3,2025-01-11,wk inc flu hosp,quantile,0.2,43.459218952534385
16,2024-12-21,3,2025-01-11,wk inc flu hosp,quantile,0.2,132.13199632644785
17,2024-12-21,3,2025-01-11,wk inc flu hosp,quantile,0.2,433.07399796421424
18,2024-12-21,3,2025-01-11,wk inc flu hosp,quantile,0.2,304.6170237861448
19,2024-12-21,3,2025-01-11,wk inc flu hosp,quantile,0.2,67.87707858889999
20,2024-12-21,3,2025-01-11,wk inc flu hosp,quantile,0.2,143.3618458890166
21,2024-12-21,3,2025-01-11,wk inc flu hosp,quantile,0.2,172.2611061830368
22,2024-12-21,3,2025-01-11,wk inc flu hosp,quantile,0.2,315.0014719079204
23,2024-12-21,3,2025-01-11,wk inc flu hosp,quantile,0.2,14.43030299197054
24,2024-12-21,3,2025-01-11,wk inc flu hosp,quantile,0.2,167.2020314479345
25,2024-12-21,3,2025-01-11,wk inc flu hosp,quantile,0.2,279.2133341547234
26,2024-12-21,3,2025-01-11,wk inc flu hosp,quantile,0.2,381.505932877838
27,2024-12-21,3,2025-01-11,wk inc flu hosp,quantile,0.2,224.793812993806
28,2024-12-21,3,2025-01-11,wk inc flu hosp,quantile,0.2,117.78416131648093
29,2024-12-21,3,2025-01-11,wk inc flu hosp,quantile,0.2,202.0384406815456
30,2024-12-21,3,2025-01-11,wk inc flu hosp,quantile,0.2,20.513831141170968
31,2024-12-21,3,2025-01-11,wk inc flu hosp,quantile,0.2,42.71721413398711
32,2024-12-21,3,2025-01-11,wk inc flu hosp,quantile,0.2,133.4718846636098
33,2024-12-21,3,2025-01-11,wk inc flu hosp,quantile,0.2,34.38999422141474
34,2024-12-21,3,2025-01-11,wk inc flu hosp,quantile,0.2,374.8352415088457
35,2024-12-21,3,2025-01-11,wk inc flu hosp,quantile,0.2,175.95725253334697
36,2024-12-21,3,2025-01-11,wk inc flu hosp,quantile,0.2,853.8247822984429
37,2024-12-21,3,2025-01-11,wk inc flu hosp,quantile,0.2,345.3777676316685
38,2024-12-21,3,2025-01-11,wk inc flu hosp,quantile,0.2,4.646088001560731
39,2024-12-21,3,2025-01-11,wk inc flu hosp,quantile,0.2,350.8345189636948
40,2024-12-21,3,2025-01-11,wk inc flu hosp,quantile,0.2,145.22701614447735
41,2024-12-21,3,2025-01-11,wk inc flu hosp,quantile,0.2,265.21872705810995
42,2024-12-21,3,2025-01-11,wk inc flu hosp,quantile,0.2,549.4077028897741
44,2024-12-21,3,2025-01-11,wk inc flu hosp,quantile,0.2,48.25190017274739
45,2024-12-21,3,2025-01-11,wk inc flu hosp,quantile,0.2,146.04282657447897
46,2024-12-21,3,2025-01-11,wk inc flu hosp,quantile,0.2,21.55757878526414
47,2024-12-21,3,2025-01-11,wk inc flu hosp,quantile,0.2,352.0530579766272
48,2024-12-21,3,2025-01-11,wk inc flu hosp,quantile,0.2,1249.4712542418122
49,2024-12-21,3,2025-01-11,wk inc flu hosp,quantile,0.2,105.06672291076791
50,2024-12-21,3,2025-01-11,wk inc flu hosp,quantile,0.2,15.529789726488286
51,2024-12-21,3,2025-01-11,wk inc flu hosp,quantile,0.2,260.3372246342306
53,2024-12-21,3,2025-01-11,wk inc flu hosp,quantile,0.2,336.78163691806895
54,2024-12-21,3,2025-01-11,wk inc flu hosp,quantile,0.2,54.67402556938377
55,2024-12-21,3,2025-01-11,wk inc flu hosp,quantile,0.2,159.05841312877737
56,2024-12-21,3,2025-01-11,wk inc flu hosp,quantile,0.2,41.02899603310278
72,2024-12-21,3,2025-01-11,wk inc flu hosp,quantile,0.2,375.5819702218186
US,2024-12-21,3,2025-01-11,wk inc flu hosp,quantile,0.2,16618.634616523836
01,2024-12-21,0,2024-12-21,wk inc flu hosp,quantile,0.25,234.55593888390433
02,2024-12-21,0,2024-12-21,wk inc flu hosp,quantile,0.25,28.652041817613682
04,2024-12-21,0,2024-12-21,wk inc flu hosp,quantile,0.25,944.354705661318
05,2024-12-21,0,2024-12-21,wk inc flu hosp,quantile,0.25,50.5799133857677
06,2024-12-21,0,2024-12-21,wk inc flu hosp,quantile,0.25,1620.6855598079935
08,2024-12-21,0,2024-12-21,wk inc flu hosp,quantile,0.25,163.4413508342449
09,2024-12-21,0,2024-12-21,wk inc flu hosp,quantile,0.25,33.324203574959654
10,2024-12-21,0,2024-12-21,wk inc flu hosp,quantile,0.25,20.133788498436118
11,2024-12-21,0,2024-12-21,wk inc flu hosp,quantile,0.25,7.99596790561582
12,2024-12-21,0,2024-12-21,wk inc flu hosp,quantile,0.25,1004.6268672956609
13,2024-12-21,0,2024-12-21,wk inc flu hosp,quantile,0.25,245.91575052957236
15,2024-12-21,0,2024-12-21,wk inc flu hosp,quantile,0.25,35.90058168992757
16,2024-12-21,0,2024-12-21,wk inc flu hosp,quantile,0.25,115.05410124370847
17,2024-12-21,0,2024-12-21,wk inc flu hosp,quantile,0.25,281.0017723789234
18,2024-12-21,0,2024-12-21,wk inc flu hosp,quantile,0.25,172.28583214879822
19,2024-12-21,0,2024-12-21,wk inc flu hosp,quantile,0.25,31.683868344428582
20,2024-12-21,0,2024-12-21,wk inc flu hosp,quantile,0.25,98.20579357712552
21,2024-12-21,0,2024-12-21,wk inc flu hosp,quantile,0.25,95.07992612219881
22,2024-12-21,0,2024-12-21,wk inc flu hosp,quantile,0.25,281.0204163136355
23,2024-12-21,0,2024-12-21,wk inc flu hosp,quantile,0.25,4.488384115507721
24,2024-12-21,0,2024-12-21,wk inc flu hosp,quantile,0.25,90.32012441693875
25,2024-12-21,0,2024-12-21,wk inc flu hosp,quantile,0.25,157.48037404686434
26,2024-12-21,0,2024-12-21,wk inc flu hosp,quantile,0.25,213.85463843291944
27,2024-12-21,0,2024-12-21,wk inc flu hosp,quantile,0.25,145.84462653574417
28,2024-12-21,0,2024-12-21,wk inc flu hosp,quantile,0.25,66.5142450691469
29,2024-12-21,0,2024-12-21,wk inc flu hosp,quantile,0.25,103.46307011542893
30,2024-12-21,0,2024-12-21,wk inc flu hosp,quantile,0.25,8.77051206032539
31,2024-12-21,0,2024-12-21,wk inc flu hosp,quantile,0.25,21.738582711544918
32,2024-12-21,0,2024-12-21,wk inc flu hosp,quantile,0.25,104.47893589279836
33,2024-12-21,0,2024-12-21,wk inc flu hosp,quantile,0.25,26.046398478296503
34,2024-12-21,0,2024-12-21,wk inc flu hosp,quantile,0.25,220.51480232884356
35,2024-12-21,0,2024-12-21,wk inc flu hosp,quantile,0.25,126.86832971775452
36,2024-12-21,0,2024-12-21,wk inc flu hosp,quantile,0.25,516.4336022113182
37,2024-12-21,0,2024-12-21,wk inc flu hosp,quantile,0.25,207.7134628862383
38,2024-12-21,0,2024-12-21,wk inc flu hosp,quantile,0.25,1.0897115224981195
39,2024-12-21,0,2024-12-21,wk inc flu hosp,quantile,0.25,191.8756872238554
40,2024-12-21,0,2024-12-21,wk inc flu hosp,quantile,0.25,68.07754809905133
41,2024-12-21,0,2024-12-21,wk inc flu hosp,quantile,0.25,230.0404318746762
42,2024-12-21,0,2024-12-21,wk inc flu hosp,quantile,0.25,332.9350104753419
44,2024-12-21,0,2024-12-21,wk inc flu hosp,quantile,0.25,34.06794534934822
45,2024-12-21,0,2024-12-21,wk inc flu hosp,quantile,0.25,77.84613140957251
46,2024-12-21,0,2024-12-21,wk inc flu hosp,quantile,0.25,10.613952493494827
47,2024-12-21,0,2024-12-21,wk inc flu hosp,quantile,0.25,238.87675446462657
48,2024-12-21,0,2024-12-21,wk inc flu hosp,quantile,0.25,817.8104903438867
49,2024-12-21,0,2024-12-21,wk inc flu hosp,quantile,0.25,103.49944460042369
50,2024-12-21,0,2024-12-21,wk inc flu hosp,quantile,0.25,8.029072489245896
51,2024-12-21,0,2024-12-21,wk inc flu hosp,quantile,0.25,146.78552610425427
53,2024-12-21,0,2024-12-21,wk inc flu hosp,quantile,0.25,225.25165956254824
54,2024-12-21,0,2024-12-21,wk inc flu hosp,quantile,0.25,26.60343147013242
55,2024-12-21,0,2024-12-21,wk inc flu hosp,quantile,0.25,81.93975954189015
56,2024-12-21,0,2024-12-21,wk inc flu hosp,quantile,0.25,30.234569058638574
72,2024-12-21,0,2024-12-21,wk inc flu hosp,quantile,0.25,399.66881457182365
US,2024-12-21,0,2024-12-21,wk inc flu hosp,quantile,0.25,11819.279789937806
01,2024-12-21,1,2024-12-28,wk inc flu hosp,quantile,0.25,289.5341388021528
02,2024-12-21,1,2024-12-28,wk inc flu hosp,quantile,0.25,35.847579073562
04,2024-12-21,1,2024-12-28,wk inc flu hosp,quantile,0.25,982.396049049187
05,2024-12-21,1,2024-12-28,wk inc flu hosp,quantile,0.25,74.22294858949417
06,2024-12-21,1,2024-12-28,wk inc flu hosp,quantile,0.25,1861.022308698227
08,2024-12-21,1,2024-12-28,wk inc flu hosp,quantile,0.25,208.80458801225103
09,2024-12-21,1,2024-12-28,wk inc flu hosp,quantile,0.25,52.63968023585663
10,2024-12-21,1,2024-12-28,wk inc flu hosp,quantile,0.25,26.503410867970562
11,2024-12-21,1,2024-12-28,wk inc flu hosp,quantile,0.25,11.642661514824796
12,2024-12-21,1,2024-12-28,wk inc flu hosp,quantile,0.25,1178.8213606167587
13,2024-12-21,1,2024-12-28,wk inc flu hosp,quantile,0.25,325.1349514519248
15,2024-12-21,1,2024-12-28,wk inc flu hosp,quantile,0.25,42.92286480309912
16,2024-12-21,1,2024-12-28,wk inc flu hosp,quantile,0.25,134.0233828227931
17,2024-12-21,1,2024-12-28,wk inc flu hosp,quantile,0.25,367.887852075691
18,2024-12-21,1,2024-12-28,wk inc flu hosp,quantile,0.25,239.16733092898124
19,2024-12-21,1,2024-12-28,wk inc flu hosp,quantile,0.25,49.2987605151896
20,2024-12-21,1,2024-12-28,wk inc flu hosp,quantile,0.25,124.74297711077891
21,2024-12-21,1,2024-12-28,wk inc flu hosp,quantile,0.25,133.78431132927145
22,2024-12-21,1,2024-12-28,wk inc flu hosp,quantile,0.25,322.91167937865305
23,2024-12-21,1,2024-12-28,wk inc flu hosp,quantile,0.25,9.074417730293886
24,2024-12-21,1,2024-12-28,wk inc flu hosp,quantile,0.25,128.59303509362564
25,2024-12-21,1,2024-12-28,wk inc flu hosp,quantile,0.25,218.71508434908387
26,2024-12-21,1,2024-12-28,wk inc flu hosp,quantile,0.25,301.95619787856714
27,2024-12-21,1,2024-12-28,wk inc flu hosp,quantile,0.25,189.30813913901446
28,2024-12-21,1,2024-12-28,wk inc flu hosp,quantile,0.25,92.64333540736472
29,2024-12-21,1,2024-12-28,wk inc flu hosp,quantile,0.25,150.54138949540408
30,2024-12-21,1,2024-12-28,wk inc flu hosp,quantile,0.25,14.60948829922809
31,2024-12-21,1,2024-12-28,wk inc flu hosp,quantile,0.25,31.896888125051962
32,2024-12-21,1,2024-12-28,wk inc flu hosp,quantile,0.25,127.39221397270047
33,2024-12-21,1,2024-12-28,wk inc flu hosp,quantile,0.25,33.39078889700546
34,2024-12-21,1,2024-12-28,wk inc flu hosp,quantile,0.25,298.70550509858737
35,2024-12-21,1,2024-12-28,wk inc flu hosp,quantile,0.25,160.74719911822513
36,2024-12-21,1,2024-12-28,wk inc flu hosp,quantile,0.25,693.0360313257092
37,2024-12-21,1,2024-12-28,wk inc flu hosp,quantile,0.25,281.6616376056985
38,2024-12-21,1,2024-12-28,wk inc flu hosp,quantile,0.25,2.581231529373416
39,2024-12-21,1,2024-12-28,wk inc flu hosp,quantile,0.25,271.5339792435256
40,2024-12-21,1,2024-12-28,wk inc flu hosp,quantile,0.25,104.39989020786794
41,2024-12-21,1,2024-12-28,wk inc flu hosp,quantile,0.25,268.941372946188
42,2024-12-21,1,2024-12-28,wk inc flu hosp,quantile,0.25,446.7999454006356
44,2024-12-21,1,2024-12-28,wk inc flu hosp,quantile,0.25,43.21926651514789
45,2024-12-21,1,2024-12-28,wk inc flu hosp,quantile,0.25,111.85357986083908
46,2024-12-21,1,2024-12-28,wk inc flu hosp,quantile,0.25,16.188005848213056
47,2024-12-21,1,2024-12-28,wk inc flu hosp,quantile,0.25,304.67713223043
48,2024-12-21,1,2024-12-28,wk inc flu hosp,quantile,0.25,1079.3745434832094
49,2024-12-21,1,2024-12-28,wk inc flu hosp,quantile,0.25,117.31387949606138
50,2024-12-21,1,2024-12-28,wk inc flu hosp,quantile,0.25,11.804236350681379
51,2024-12-21,1,2024-12-28,wk inc flu hosp,quantile,0.25,203.61764448932786
53,2024-12-21,1,2024-12-28,wk inc flu hosp,quantile,0.25,289.2564075422246
54,2024-12-21,1,2024-12-28,wk inc flu hosp,quantile,0.25,40.28400665463687
55,2024-12-21,1,2024-12-28,wk inc flu hosp,quantile,0.25,120.86679698150915
56,2024-12-21,1,2024-12-28,wk inc flu hosp,quantile,0.25,37.39248759697267
72,2024-12-21,1,2024-12-28,wk inc flu hosp,quantile,0.25,414.56157929426917
US,2024-12-21,1,2024-12-28,wk inc flu hosp,quantile,0.25,14967.458966571674
01,2024-12-21,2,2025-01-04,wk inc flu hosp,quantile,0.25,340.4272046003368
02,2024-12-21,2,2025-01-04,wk inc flu hosp,quantile,0.25,42.05629510099519
04,2024-12-21,2,2025-01-04,wk inc flu hosp,quantile,0.25,924.6359120989707
05,2024-12-21,2,2025-01-04,wk inc flu hosp,quantile,0.25,102.36289524367905
06,2024-12-21,2,2025-01-04,wk inc flu hosp,quantile,0.25,1984.5771855442777
08,2024-12-21,2,2025-01-04,wk inc flu hosp,quantile,0.25,250.10073731013532
09,2024-12-21,2,2025-01-04,wk inc flu hosp,quantile,0.25,74.23532181901614
10,2024-12-21,2,2025-01-04,wk inc flu hosp,quantile,0.25,32.26706039233145
11,2024-12-21,2,2025-01-04,wk inc flu hosp,quantile,0.25,15.73900573029119
12,2024-12-21,2,2025-01-04,wk inc flu hosp,quantile,0.25,1325.9993595825385
13,2024-12-21,2,2025-01-04,wk inc flu hosp,quantile,0.25,409.8436983335911
15,2024-12-21,2,2025-01-04,wk inc flu hosp,quantile,0.25,48.32286622811024
16,2024-12-21,2,2025-01-04,wk inc flu hosp,quantile,0.25,145.7457595406618
17,2024-12-21,2,2025-01-04,wk inc flu hosp,quantile,0.25,452.5742923169818
18,2024-12-21,2,2025-01-04,wk inc flu hosp,quantile,0.25,315.64739968469775
19,2024-12-21,2,2025-01-04,wk inc flu hosp,quantile,0.25,69.77749849683184
20,2024-12-21,2,2025-01-04,wk inc flu hosp,quantile,0.25,151.3342106803953
21,2024-12-21,2,2025-01-04,wk inc flu hosp,quantile,0.25,175.21775488243097
22,2024-12-21,2,2025-01-04,wk inc flu hosp,quantile,0.25,348.9839271809034
23,2024-12-21,2,2025-01-04,wk inc flu hosp,quantile,0.25,14.91794207045219
24,2024-12-21,2,2025-01-04,wk inc flu hosp,quantile,0.25,169.61095189047128
25,2024-12-21,2,2025-01-04,wk inc flu hosp,quantile,0.25,283.49345543248336
26,2024-12-21,2,2025-01-04,wk inc flu hosp,quantile,0.25,394.57810255741134
27,2024-12-21,2,2025-01-04,wk inc flu hosp,quantile,0.25,230.48001986562554
28,2024-12-21,2,2025-01-04,wk inc flu hosp,quantile,0.25,119.46540192518368
29,2024-12-21,2,2025-01-04,wk inc flu hosp,quantile,0.25,203.6736475121787
30,2024-12-21,2,2025-01-04,wk inc flu hosp,quantile,0.25,21.577893876449394
31,2024-12-21,2,2025-01-04,wk inc flu hosp,quantile,0.25,43.02844143015194
32,2024-12-21,2,2025-01-04,wk inc flu hosp,quantile,0.25,146.53376206527486
33,2024-12-21,2,2025-01-04,wk inc flu hosp,quantile,0.25,39.550938511154484
34,2024-12-21,2,2025-01-04,wk inc flu hosp,quantile,0.25,381.3778655294486
35,2024-12-21,2,2025-01-04,wk inc flu hosp,quantile,0.25,190.13417718491968
36,2024-12-21,2,2025-01-04,wk inc flu hosp,quantile,0.25,874.7731057570516
37,2024-12-21,2,2025-01-04,wk inc flu hosp,quantile,0.25,360.306072428699
38,2024-12-21,2,2025-01-04,wk inc flu hosp,quantile,0.25,4.710187939891167
39,2024-12-21,2,2025-01-04,wk inc flu hosp,quantile,0.25,358.87735950065814
40,2024-12-21,2,2025-01-04,wk inc flu hosp,quantile,0.25,144.73020322299794
41,2024-12-21,2,2025-01-04,wk inc flu hosp,quantile,0.25,293.60918741698447
42,2024-12-21,2,2025-01-04,wk inc flu hosp,quantile,0.25,562.2101320290793
44,2024-12-21,2,2025-01-04,wk inc flu hosp,quantile,0.25,51.67657086348311
45,2024-12-21,2,2025-01-04,wk inc flu hosp,quantile,0.25,148.9457438840647
46,2024-12-21,2,2025-01-04,wk inc flu hosp,quantile,0.25,22.51891719433917
47,2024-12-21,2,2025-01-04,wk inc flu hosp,quantile,0.25,366.6679404033923
48,2024-12-21,2,2025-01-04,wk inc flu hosp,quantile,0.25,1318.7917977457291
49,2024-12-21,2,2025-01-04,wk inc flu hosp,quantile,0.25,123.39388615190059
50,2024-12-21,2,2025-01-04,wk inc flu hosp,quantile,0.25,16.028556785503866
51,2024-12-21,2,2025-01-04,wk inc flu hosp,quantile,0.25,266.5571263603063
53,2024-12-21,2,2025-01-04,wk inc flu hosp,quantile,0.25,352.7324180526779
54,2024-12-21,2,2025-01-04,wk inc flu hosp,quantile,0.25,56.2757166265499
55,2024-12-21,2,2025-01-04,wk inc flu hosp,quantile,0.25,166.14451748900743
56,2024-12-21,2,2025-01-04,wk inc flu hosp,quantile,0.25,44.70098730054683
72,2024-12-21,2,2025-01-04,wk inc flu hosp,quantile,0.25,401.8806509633408
US,2024-12-21,2,2025-01-04,wk inc flu hosp,quantile,0.25,17643.6442295534
01,2024-12-21,3,2025-01-11,wk inc flu hosp,quantile,0.25,353.2394833047057
02,2024-12-21,3,2025-01-11,wk inc flu hosp,quantile,0.25,42.97867959122713
04,2024-12-21,3,2025-01-11,wk inc flu hosp,quantile,0.25,866.1310020319926
05,2024-12-21,3,2025-01-11,wk inc flu hosp,quantile,0.25,113.09757128365085
06,2024-12-21,3,2025-01-11,wk inc flu hosp,quantile,0.25,1972.5796447849116
08,2024-12-21,3,2025-01-11,wk inc flu hosp,quantile,0.25,263.56213590676396
09,2024-12-21,3,2025-01-11,wk inc flu hosp,quantile,0.25,82.5887205806227
10,2024-12-21,3,2025-01-11,wk inc flu hosp,quantile,0.25,34.22515604442354
11,2024-12-21,3,2025-01-11,wk inc flu hosp,quantile,0.25,16.980477792746566
12,2024-12-21,3,2025-01-11,wk inc flu hosp,quantile,0.25,1339.52064346934
13,2024-12-21,3,2025-01-11,wk inc flu hosp,quantile,0.25,440.1326616790788
15,2024-12-21,3,2025-01-11,wk inc flu hosp,quantile,0.25,48.40911851144529
16,2024-12-21,3,2025-01-11,wk inc flu hosp,quantile,0.25,146.6329202013414
17,2024-12-21,3,2025-01-11,wk inc flu hosp,quantile,0.25,481.26870611414887
18,2024-12-21,3,2025-01-11,wk inc flu hosp,quantile,0.25,345.24955231637983
19,2024-12-21,3,2025-01-11,wk inc flu hosp,quantile,0.25,77.34512333593403
20,2024-12-21,3,2025-01-11,wk inc flu hosp,quantile,0.25,161.5323679475271
21,2024-12-21,3,2025-01-11,wk inc flu hosp,quantile,0.25,191.54212132147794
22,2024-12-21,3,2025-01-11,wk inc flu hosp,quantile,0.25,342.12833571088447
23,2024-12-21,3,2025-01-11,wk inc flu hosp,quantile,0.25,17.15721719126558
24,2024-12-21,3,2025-01-11,wk inc flu hosp,quantile,0.25,184.64834930107787
25,2024-12-21,3,2025-01-11,wk inc flu hosp,quantile,0.25,308.0032550195517
26,2024-12-21,3,2025-01-11,wk inc flu hosp,quantile,0.25,429.53746433880315
27,2024-12-21,3,2025-01-11,wk inc flu hosp,quantile,0.25,244.45562578665297
28,2024-12-21,3,2025-01-11,wk inc flu hosp,quantile,0.25,127.84564957095513
29,2024-12-21,3,2025-01-11,wk inc flu hosp,quantile,0.25,222.52566559205252
30,2024-12-21,3,2025-01-11,wk inc flu hosp,quantile,0.25,24.0648966730921
31,2024-12-21,3,2025-01-11,wk inc flu hosp,quantile,0.25,47.15472828048551
32,2024-12-21,3,2025-01-11,wk inc flu hosp,quantile,0.25,147.72126352775692
33,2024-12-21,3,2025-01-11,wk inc flu hosp,quantile,0.25,40.13446574887995
34,2024-12-21,3,2025-01-11,wk inc flu hosp,quantile,0.25,412.22804136466647
35,2024-12-21,3,2025-01-11,wk inc flu hosp,quantile,0.25,197.47871916305638
36,2024-12-21,3,2025-01-11,wk inc flu hosp,quantile,0.25,939.0811269590489
37,2024-12-21,3,2025-01-11,wk inc flu hosp,quantile,0.25,391.04347172163256
38,2024-12-21,3,2025-01-11,wk inc flu hosp,quantile,0.25,5.750285162112786
39,2024-12-21,3,2025-01-11,wk inc flu hosp,quantile,0.25,393.40290398392835
40,2024-12-21,3,2025-01-11,wk inc flu hosp,quantile,0.25,162.195656195285
41,2024-12-21,3,2025-01-11,wk inc flu hosp,quantile,0.25,290.83969184584936
42,2024-12-21,3,2025-01-11,wk inc flu hosp,quantile,0.25,599.7334726020783
44,2024-12-21,3,2025-01-11,wk inc flu hosp,quantile,0.25,54.55947701529028
45,2024-12-21,3,2025-01-11,wk inc flu hosp,quantile,0.25,163.53059215481983
46,2024-12-21,3,2025-01-11,wk inc flu hosp,quantile,0.25,24.801293692772084
47,2024-12-21,3,2025-01-11,wk inc flu hosp,quantile,0.25,384.6161965244199
48,2024-12-21,3,2025-01-11,wk inc flu hosp,quantile,0.25,1400.1393162607847
49,2024-12-21,3,2025-01-11,wk inc flu hosp,quantile,0.25,119.28737180734323
50,2024-12-21,3,2025-01-11,wk inc flu hosp,quantile,0.25,17.47799946921584
51,2024-12-21,3,2025-01-11,wk inc flu hosp,quantile,0.25,290.5202260194438
53,2024-12-21,3,2025-01-11,wk inc flu hosp,quantile,0.25,370.9858809184947
54,2024-12-21,3,2025-01-11,wk inc flu hosp,quantile,0.25,62.750992040298144
55,2024-12-21,3,2025-01-11,wk inc flu hosp,quantile,0.25,183.05958800033815
56,2024-12-21,3,2025-01-11,wk inc flu hosp,quantile,0.25,47.179010691804514
72,2024-12-21,3,2025-01-11,wk inc flu hosp,quantile,0.25,390.94936043408626
US,2024-12-21,3,2025-01-11,wk inc flu hosp,quantile,0.25,18332.465337055648
01,2024-12-21,0,2024-12-21,wk inc flu hosp,quantile,0.3,247.1099042854353
02,2024-12-21,0,2024-12-21,wk inc flu hosp,quantile,0.3,30.848672976139294
04,2024-12-21,0,2024-12-21,wk inc flu hosp,quantile,0.3,982.2512378798391
05,2024-12-21,0,2024-12-21,wk inc flu hosp,quantile,0.3,52.69931669381607
06,2024-12-21,0,2024-12-21,wk inc flu hosp,quantile,0.3,1685.6168070286524
08,2024-12-21,0,2024-12-21,wk inc flu hosp,quantile,0.3,176.4647578464781
09,2024-12-21,0,2024-12-21,wk inc flu hosp,quantile,0.3,35.06382544577171
10,2024-12-21,0,2024-12-21,wk inc flu hosp,quantile,0.3,20.870828517780136
11,2024-12-21,0,2024-12-21,wk inc flu hosp,quantile,0.3,8.700981280321333
12,2024-12-21,0,2024-12-21,wk inc flu hosp,quantile,0.3,1075.3848563341721
13,2024-12-21,0,2024-12-21,wk inc flu hosp,quantile,0.3,262.7850844275748
15,2024-12-21,0,2024-12-21,wk inc flu hosp,quantile,0.3,38.19649600037692
16,2024-12-21,0,2024-12-21,wk inc flu hosp,quantile,0.3,121.66235501790234
17,2024-12-21,0,2024-12-21,wk inc flu hosp,quantile,0.3,300.4797926204414
18,2024-12-21,0,2024-12-21,wk inc flu hosp,quantile,0.3,179.66336691280304
19,2024-12-21,0,2024-12-21,wk inc flu hosp,quantile,0.3,33.33374614405448
20,2024-12-21,0,2024-12-21,wk inc flu hosp,quantile,0.3,104.10204413404622
21,2024-12-21,0,2024-12-21,wk inc flu hosp,quantile,0.3,98.84148910913972
22,2024-12-21,0,2024-12-21,wk inc flu hosp,quantile,0.3,294.21698124339014
23,2024-12-21,0,2024-12-21,wk inc flu hosp,quantile,0.3,4.857823138056729
24,2024-12-21,0,2024-12-21,wk inc flu hosp,quantile,0.3,96.40220608361462
25,2024-12-21,0,2024-12-21,wk inc flu hosp,quantile,0.3,168.18857557717592
26,2024-12-21,0,2024-12-21,wk inc flu hosp,quantile,0.3,229.00763033382825
27,2024-12-21,0,2024-12-21,wk inc flu hosp,quantile,0.3,153.62057302076454
28,2024-12-21,0,2024-12-21,wk inc flu hosp,quantile,0.3,70.12556866374801
29,2024-12-21,0,2024-12-21,wk inc flu hosp,quantile,0.3,110.80176708663521
30,2024-12-21,0,2024-12-21,wk inc flu hosp,quantile,0.3,9.373199429399433
31,2024-12-21,0,2024-12-21,wk inc flu hosp,quantile,0.3,23.53047293726243
32,2024-12-21,0,2024-12-21,wk inc flu hosp,quantile,0.3,112.97540303132067
33,2024-12-21,0,2024-12-21,wk inc flu hosp,quantile,0.3,28.171114039038763
34,2024-12-21,0,2024-12-21,wk inc flu hosp,quantile,0.3,233.97412304534112
35,2024-12-21,0,2024-12-21,wk inc flu hosp,quantile,0.3,136.75292969324508
36,2024-12-21,0,2024-12-21,wk inc flu hosp,quantile,0.3,542.8999836941875
37,2024-12-21,0,2024-12-21,wk inc flu hosp,quantile,0.3,223.59179253963313
38,2024-12-21,0,2024-12-21,wk inc flu hosp,quantile,0.3,1.2657490929123312
39,2024-12-21,0,2024-12-21,wk inc flu hosp,quantile,0.3,205.7309818875653
40,2024-12-21,0,2024-12-21,wk inc flu hosp,quantile,0.3,75.04084070274672
41,2024-12-21,0,2024-12-21,wk inc flu hosp,quantile,0.3,244.2003850622436
42,2024-12-21,0,2024-12-21,wk inc flu hosp,quantile,0.3,351.6455542756607
44,2024-12-21,0,2024-12-21,wk inc flu hosp,quantile,0.3,36.395683469444116
45,2024-12-21,0,2024-12-21,wk inc flu hosp,quantile,0.3,80.70266482084885
46,2024-12-21,0,2024-12-21,wk inc flu hosp,quantile,0.3,11.679627119112348
47,2024-12-21,0,2024-12-21,wk inc flu hosp,quantile,0.3,251.0762033790545
48,2024-12-21,0,2024-12-21,wk inc flu hosp,quantile,0.3,867.3582405057567
49,2024-12-21,0,2024-12-21,wk inc flu hosp,quantile,0.3,111.23958623596667
50,2024-12-21,0,2024-12-21,wk inc flu hosp,quantile,0.3,8.775055453106239
51,2024-12-21,0,2024-12-21,wk inc flu hosp,quantile,0.3,154.86571329316305
53,2024-12-21,0,2024-12-21,wk inc flu hosp,quantile,0.3,239.87246752109948
54,2024-12-21,0,2024-12-21,wk inc flu hosp,quantile,0.3,27.874012274990296
55,2024-12-21,0,2024-12-21,wk inc flu hosp,quantile,0.3,85.85154859390393
56,2024-12-21,0,2024-12-21,wk inc flu hosp,quantile,0.3,32.2072800140864
72,2024-12-21,0,2024-12-21,wk inc flu hosp,quantile,0.3,406.5215286987665
US,2024-12-21,0,2024-12-21,wk inc flu hosp,quantile,0.3,12157.862782506707
01,2024-12-21,1,2024-12-28,wk inc flu hosp,quantile,0.3,311.8257244613605
02,2024-12-21,1,2024-12-28,wk inc flu hosp,quantile,0.3,39.16048262871174
04,2024-12-21,1,2024-12-28,wk inc flu hosp,quantile,0.3,1001.7413732257316
05,2024-12-21,1,2024-12-28,wk inc flu hosp,quantile,0.3,79.3425148454633
06,2024-12-21,1,2024-12-28,wk inc flu hosp,quantile,0.3,1973.6062237227807
08,2024-12-21,1,2024-12-28,wk inc flu hosp,quantile,0.3,228.55699339518134
09,2024-12-21,1,2024-12-28,wk inc flu hosp,quantile,0.3,55.89675461592219
10,2024-12-21,1,2024-12-28,wk inc flu hosp,quantile,0.3,28.677716346632863
11,2024-12-21,1,2024-12-28,wk inc flu hosp,quantile,0.3,12.742565078672175
12,2024-12-21,1,2024-12-28,wk inc flu hosp,quantile,0.3,1276.2884039042324
13,2024-12-21,1,2024-12-28,wk inc flu hosp,quantile,0.3,354.15508700240406
15,2024-12-21,1,2024-12-28,wk inc flu hosp,quantile,0.3,45.89595663234813
16,2024-12-21,1,2024-12-28,wk inc flu hosp,quantile,0.3,145.10487556141976
17,2024-12-21,1,2024-12-28,wk inc flu hosp,quantile,0.3,400.201515948962
18,2024-12-21,1,2024-12-28,wk inc flu hosp,quantile,0.3,257.8614180990677
19,2024-12-21,1,2024-12-28,wk inc flu hosp,quantile,0.3,52.638149733923214
20,2024-12-21,1,2024-12-28,wk inc flu hosp,quantile,0.3,135.5016883007152
21,2024-12-21,1,2024-12-28,wk inc flu hosp,quantile,0.3,142.52844324731265
22,2024-12-21,1,2024-12-28,wk inc flu hosp,quantile,0.3,337.37268186480895
23,2024-12-21,1,2024-12-28,wk inc flu hosp,quantile,0.3,10.129811686136991
24,2024-12-21,1,2024-12-28,wk inc flu hosp,quantile,0.3,138.25788084914078
25,2024-12-21,1,2024-12-28,wk inc flu hosp,quantile,0.3,235.34137908649166
26,2024-12-21,1,2024-12-28,wk inc flu hosp,quantile,0.3,323.5637348012152
27,2024-12-21,1,2024-12-28,wk inc flu hosp,quantile,0.3,203.6324079836662
28,2024-12-21,1,2024-12-28,wk inc flu hosp,quantile,0.3,99.3268040012932
29,2024-12-21,1,2024-12-28,wk inc flu hosp,quantile,0.3,162.19544315156728
30,2024-12-21,1,2024-12-28,wk inc flu hosp,quantile,0.3,15.745433328398704
31,2024-12-21,1,2024-12-28,wk inc flu hosp,quantile,0.3,34.40564401842861
32,2024-12-21,1,2024-12-28,wk inc flu hosp,quantile,0.3,139.79583146700418
33,2024-12-21,1,2024-12-28,wk inc flu hosp,quantile,0.3,35.473866887625924
34,2024-12-21,1,2024-12-28,wk inc flu hosp,quantile,0.3,323.10688243849495
35,2024-12-21,1,2024-12-28,wk inc flu hosp,quantile,0.3,172.27525384701173
36,2024-12-21,1,2024-12-28,wk inc flu hosp,quantile,0.3,744.5112256805687
37,2024-12-21,1,2024-12-28,wk inc flu hosp,quantile,0.3,306.39248728431915
38,2024-12-21,1,2024-12-28,wk inc flu hosp,quantile,0.3,3.0286563344351585
39,2024-12-21,1,2024-12-28,wk inc flu hosp,quantile,0.3,296.26347884372154
40,2024-12-21,1,2024-12-28,wk inc flu hosp,quantile,0.3,114.61938902901444
41,2024-12-21,1,2024-12-28,wk inc flu hosp,quantile,0.3,288.456171556358
42,2024-12-21,1,2024-12-28,wk inc flu hosp,quantile,0.3,485.1908532277022
44,2024-12-21,1,2024-12-28,wk inc flu hosp,quantile,0.3,46.48381075822958
45,2024-12-21,1,2024-12-28,wk inc flu hosp,quantile,0.3,117.79333003626104
46,2024-12-21,1,2024-12-28,wk inc flu hosp,quantile,0.3,17.937420890157664
47,2024-12-21,1,2024-12-28,wk inc flu hosp,quantile,0.3,333.1093048878597
48,2024-12-21,1,2024-12-28,wk inc flu hosp,quantile,0.3,1163.8153426352355
49,2024-12-21,1,2024-12-28,wk inc flu hosp,quantile,0.3,125.90099743209491
50,2024-12-21,1,2024-12-28,wk inc flu hosp,quantile,0.3,12.878548800069135
51,2024-12-21,1,2024-12-28,wk inc flu hosp,quantile,0.3,219.96451138628834
53,2024-12-21,1,2024-12-28,wk inc flu hosp,quantile,0.3,314.50679371284514
54,2024-12-21,1,2024-12-28,wk inc flu hosp,quantile,0.3,42.967843719448624
55,2024-12-21,1,2024-12-28,wk inc flu hosp,quantile,0.3,130.45171739269887
56,2024-12-21,1,2024-12-28,wk inc flu hosp,quantile,0.3,41.140887865939
72,2024-12-21,1,2024-12-28,wk inc flu hosp,quantile,0.3,420.1765701686566
US,2024-12-21,1,2024-12-28,wk inc flu hosp,quantile,0.3,15740.08876349864
01,2024-12-21,2,2025-01-04,wk inc flu hosp,quantile,0.3,367.2246761316838
02,2024-12-21,2,2025-01-04,wk inc flu hosp,quantile,0.3,46.2564471519677
04,2024-12-21,2,2025-01-04,wk inc flu hosp,quantile,0.3,974.7830312392932
05,2024-12-21,2,2025-01-04,wk inc flu hosp,quantile,0.3,111.69173845119417
06,2024-12-21,2,2025-01-04,wk inc flu hosp,quantile,0.3,2141.9785356018556
08,2024-12-21,2,2025-01-04,wk inc flu hosp,quantile,0.3,274.3708937569963
09,2024-12-21,2,2025-01-04,wk inc flu hosp,quantile,0.3,81.20171484606605
10,2024-12-21,2,2025-01-04,wk inc flu hosp,quantile,0.3,36.668385839465316
11,2024-12-21,2,2025-01-04,wk inc flu hosp,quantile,0.3,17.2215912815497
12,2024-12-21,2,2025-01-04,wk inc flu hosp,quantile,0.3,1441.4131962273607
13,2024-12-21,2,2025-01-04,wk inc flu hosp,quantile,0.3,451.02709609580853
15,2024-12-21,2,2025-01-04,wk inc flu hosp,quantile,0.3,51.99758982836822
16,2024-12-21,2,2025-01-04,wk inc flu hosp,quantile,0.3,160.3236702978613
17,2024-12-21,2,2025-01-04,wk inc flu hosp,quantile,0.3,506.624363479874
18,2024-12-21,2,2025-01-04,wk inc flu hosp,quantile,0.3,347.5436858667981
19,2024-12-21,2,2025-01-04,wk inc flu hosp,quantile,0.3,76.18144794381351
20,2024-12-21,2,2025-01-04,wk inc flu hosp,quantile,0.3,168.51090441799624
21,2024-12-21,2,2025-01-04,wk inc flu hosp,quantile,0.3,191.7183602491698
22,2024-12-21,2,2025-01-04,wk inc flu hosp,quantile,0.3,365.06819436481834
23,2024-12-21,2,2025-01-04,wk inc flu hosp,quantile,0.3,16.76952516192277
24,2024-12-21,2,2025-01-04,wk inc flu hosp,quantile,0.3,183.70286048107903
25,2024-12-21,2,2025-01-04,wk inc flu hosp,quantile,0.3,309.1993921467266
26,2024-12-21,2,2025-01-04,wk inc flu hosp,quantile,0.3,431.6557098533116
27,2024-12-21,2,2025-01-04,wk inc flu hosp,quantile,0.3,255.39407554783978
28,2024-12-21,2,2025-01-04,wk inc flu hosp,quantile,0.3,130.2166079162579
29,2024-12-21,2,2025-01-04,wk inc flu hosp,quantile,0.3,218.12560983009647
30,2024-12-21,2,2025-01-04,wk inc flu hosp,quantile,0.3,23.790320032746877
31,2024-12-21,2,2025-01-04,wk inc flu hosp,quantile,0.3,46.73106500531271
32,2024-12-21,2,2025-01-04,wk inc flu hosp,quantile,0.3,161.01538961201848
33,2024-12-21,2,2025-01-04,wk inc flu hosp,quantile,0.3,41.96304804547811
34,2024-12-21,2,2025-01-04,wk inc flu hosp,quantile,0.3,417.3365829595114
35,2024-12-21,2,2025-01-04,wk inc flu hosp,quantile,0.3,201.95505358798488
36,2024-12-21,2,2025-01-04,wk inc flu hosp,quantile,0.3,957.9494492117665
37,2024-12-21,2,2025-01-04,wk inc flu hosp,quantile,0.3,397.7863066780067
38,2024-12-21,2,2025-01-04,wk inc flu hosp,quantile,0.3,5.721118574774349
39,2024-12-21,2,2025-01-04,wk inc flu hosp,quantile,0.3,393.55483552221654
40,2024-12-21,2,2025-01-04,wk inc flu hosp,quantile,0.3,160.04984162896022
41,2024-12-21,2,2025-01-04,wk inc flu hosp,quantile,0.3,314.9804169256164
42,2024-12-21,2,2025-01-04,wk inc flu hosp,quantile,0.3,628.4981220226804
44,2024-12-21,2,2025-01-04,wk inc flu hosp,quantile,0.3,55.88418859589979
45,2024-12-21,2,2025-01-04,wk inc flu hosp,quantile,0.3,161.04428212031482
46,2024-12-21,2,2025-01-04,wk inc flu hosp,quantile,0.3,24.70683728164037
47,2024-12-21,2,2025-01-04,wk inc flu hosp,quantile,0.3,419.5289589517398
48,2024-12-21,2,2025-01-04,wk inc flu hosp,quantile,0.3,1452.1641616389259
49,2024-12-21,2,2025-01-04,wk inc flu hosp,quantile,0.3,135.06354737164082
50,2024-12-21,2,2025-01-04,wk inc flu hosp,quantile,0.3,17.424074788743294
51,2024-12-21,2,2025-01-04,wk inc flu hosp,quantile,0.3,288.6022341751346
53,2024-12-21,2,2025-01-04,wk inc flu hosp,quantile,0.3,393.28929386470793
54,2024-12-21,2,2025-01-04,wk inc flu hosp,quantile,0.3,61.80880056010183
55,2024-12-21,2,2025-01-04,wk inc flu hosp,quantile,0.3,182.57799000701246
56,2024-12-21,2,2025-01-04,wk inc flu hosp,quantile,0.3,50.519860552178386
72,2024-12-21,2,2025-01-04,wk inc flu hosp,quantile,0.3,413.5385515628595
US,2024-12-21,2,2025-01-04,wk inc flu hosp,quantile,0.3,19028.24232760548
01,2024-12-21,3,2025-01-11,wk inc flu hosp,quantile,0.3,384.99601257108105
02,2024-12-21,3,2025-01-11,wk inc flu hosp,quantile,0.3,48.0321762664486
04,2024-12-21,3,2025-01-11,wk inc flu hosp,quantile,0.3,924.973528568294
05,2024-12-21,3,2025-01-11,wk inc flu hosp,quantile,0.3,126.22431400479492
06,2024-12-21,3,2025-01-11,wk inc flu hosp,quantile,0.3,2142.956324010288
08,2024-12-21,3,2025-01-11,wk inc flu hosp,quantile,0.3,289.60172692514806
09,2024-12-21,3,2025-01-11,wk inc flu hosp,quantile,0.3,92.07927244914235
10,2024-12-21,3,2025-01-11,wk inc flu hosp,quantile,0.3,39.14908138146295
11,2024-12-21,3,2025-01-11,wk inc flu hosp,quantile,0.3,18.818160853350122
12,2024-12-21,3,2025-01-11,wk inc flu hosp,quantile,0.3,1466.5243900879298
13,2024-12-21,3,2025-01-11,wk inc flu hosp,quantile,0.3,483.39516208568983
15,2024-12-21,3,2025-01-11,wk inc flu hosp,quantile,0.3,52.667117223028505
16,2024-12-21,3,2025-01-11,wk inc flu hosp,quantile,0.3,163.49324870776636
17,2024-12-21,3,2025-01-11,wk inc flu hosp,quantile,0.3,541.8871341405563
18,2024-12-21,3,2025-01-11,wk inc flu hosp,quantile,0.3,382.86320663269436
19,2024-12-21,3,2025-01-11,wk inc flu hosp,quantile,0.3,86.53707076718807
20,2024-12-21,3,2025-01-11,wk inc flu hosp,quantile,0.3,178.10398403439646
21,2024-12-21,3,2025-01-11,wk inc flu hosp,quantile,0.3,211.87531457811858
22,2024-12-21,3,2025-01-11,wk inc flu hosp,quantile,0.3,362.3823983133515
23,2024-12-21,3,2025-01-11,wk inc flu hosp,quantile,0.3,19.780349971995904
24,2024-12-21,3,2025-01-11,wk inc flu hosp,quantile,0.3,200.6947249518186
25,2024-12-21,3,2025-01-11,wk inc flu hosp,quantile,0.3,334.8280869742459
26,2024-12-21,3,2025-01-11,wk inc flu hosp,quantile,0.3,469.3286081440001
27,2024-12-21,3,2025-01-11,wk inc flu hosp,quantile,0.3,271.69478110595725
28,2024-12-21,3,2025-01-11,wk inc flu hosp,quantile,0.3,141.9379545444451
29,2024-12-21,3,2025-01-11,wk inc flu hosp,quantile,0.3,239.67532990720852
30,2024-12-21,3,2025-01-11,wk inc flu hosp,quantile,0.3,27.322125903426922
31,2024-12-21,3,2025-01-11,wk inc flu hosp,quantile,0.3,50.9821802144637
32,2024-12-21,3,2025-01-11,wk inc flu hosp,quantile,0.3,165.05849280600202
33,2024-12-21,3,2025-01-11,wk inc flu hosp,quantile,0.3,43.70838308545923
34,2024-12-21,3,2025-01-11,wk inc flu hosp,quantile,0.3,451.86314230826576
35,2024-12-21,3,2025-01-11,wk inc flu hosp,quantile,0.3,210.5877577874078
36,2024-12-21,3,2025-01-11,wk inc flu hosp,quantile,0.3,1027.4546105790125
37,2024-12-21,3,2025-01-11,wk inc flu hosp,quantile,0.3,427.4294918506069
38,2024-12-21,3,2025-01-11,wk inc flu hosp,quantile,0.3,7.013316228449931
39,2024-12-21,3,2025-01-11,wk inc flu hosp,quantile,0.3,430.3530234684617
40,2024-12-21,3,2025-01-11,wk inc flu hosp,quantile,0.3,176.9620605008945
41,2024-12-21,3,2025-01-11,wk inc flu hosp,quantile,0.3,317.0125831068675
42,2024-12-21,3,2025-01-11,wk inc flu hosp,quantile,0.3,683.2048941836582
44,2024-12-21,3,2025-01-11,wk inc flu hosp,quantile,0.3,59.04092331921061
45,2024-12-21,3,2025-01-11,wk inc flu hosp,quantile,0.3,179.95259268343273
46,2024-12-21,3,2025-01-11,wk inc flu hosp,quantile,0.3,27.271503420533133
47,2024-12-21,3,2025-01-11,wk inc flu hosp,quantile,0.3,444.8703685117142
48,2024-12-21,3,2025-01-11,wk inc flu hosp,quantile,0.3,1552.2602601293424
49,2024-12-21,3,2025-01-11,wk inc flu hosp,quantile,0.3,132.8814609122161
50,2024-12-21,3,2025-01-11,wk inc flu hosp,quantile,0.3,19.05864427502762
51,2024-12-21,3,2025-01-11,wk inc flu hosp,quantile,0.3,316.71835661167955
53,2024-12-21,3,2025-01-11,wk inc flu hosp,quantile,0.3,416.37041994394707
54,2024-12-21,3,2025-01-11,wk inc flu hosp,quantile,0.3,70.33576761277403
55,2024-12-21,3,2025-01-11,wk inc flu hosp,quantile,0.3,204.08980484191264
56,2024-12-21,3,2025-01-11,wk inc flu hosp,quantile,0.3,53.310702016932495
72,2024-12-21,3,2025-01-11,wk inc flu hosp,quantile,0.3,403.4356489907487
US,2024-12-21,3,2025-01-11,wk inc flu hosp,quantile,0.3,20119.83655801791
01,2024-12-21,0,2024-12-21,wk inc flu hosp,quantile,0.35,262.5952019545057
02,2024-12-21,0,2024-12-21,wk inc flu hosp,quantile,0.35,32.49757930671786
04,2024-12-21,0,2024-12-21,wk inc flu hosp,quantile,0.35,1023.0689074319087
05,2024-12-21,0,2024-12-21,wk inc flu hosp,quantile,0.35,55.240143522030635
06,2024-12-21,0,2024-12-21,wk inc flu hosp,quantile,0.35,1813.0481424071309
08,2024-12-21,0,2024-12-21,wk inc flu hosp,quantile,0.35,188.79992538112828
09,2024-12-21,0,2024-12-21,wk inc flu hosp,quantile,0.35,36.367767055088066
10,2024-12-21,0,2024-12-21,wk inc flu hosp,quantile,0.35,22.74222176096624
11,2024-12-21,0,2024-12-21,wk inc flu hosp,quantile,0.35,9.728107257895049
12,2024-12-21,0,2024-12-21,wk inc flu hosp,quantile,0.35,1130.5136129444788
13,2024-12-21,0,2024-12-21,wk inc flu hosp,quantile,0.35,273.56375206184987
15,2024-12-21,0,2024-12-21,wk inc flu hosp,quantile,0.35,40.0000959457626
16,2024-12-21,0,2024-12-21,wk inc flu hosp,quantile,0.35,130.07540449518493
17,2024-12-21,0,2024-12-21,wk inc flu hosp,quantile,0.35,323.3604095433893
18,2024-12-21,0,2024-12-21,wk inc flu hosp,quantile,0.35,184.5754713340216
19,2024-12-21,0,2024-12-21,wk inc flu hosp,quantile,0.35,35.030572278728464
20,2024-12-21,0,2024-12-21,wk inc flu hosp,quantile,0.35,112.94699176059088
21,2024-12-21,0,2024-12-21,wk inc flu hosp,quantile,0.35,101.51226712628123
22,2024-12-21,0,2024-12-21,wk inc flu hosp,quantile,0.35,315.407088973734
23,2024-12-21,0,2024-12-21,wk inc flu hosp,quantile,0.35,5.122773199315363
24,2024-12-21,0,2024-12-21,wk inc flu hosp,quantile,0.35,99.89391173255295
25,2024-12-21,0,2024-12-21,wk inc flu hosp,quantile,0.35,177.49295179933176
26,2024-12-21,0,2024-12-21,wk inc flu hosp,quantile,0.35,239.50405357022169
27,2024-12-21,0,2024-12-21,wk inc flu hosp,quantile,0.35,160.7960672039797
28,2024-12-21,0,2024-12-21,wk inc flu hosp,quantile,0.35,74.67343921142098
29,2024-12-21,0,2024-12-21,wk inc flu hosp,quantile,0.35,115.33258266889446
30,2024-12-21,0,2024-12-21,wk inc flu hosp,quantile,0.35,9.783217811456783
31,2024-12-21,0,2024-12-21,wk inc flu hosp,quantile,0.35,24.827255484835458
32,2024-12-21,0,2024-12-21,wk inc flu hosp,quantile,0.35,119.23882303815843
33,2024-12-21,0,2024-12-21,wk inc flu hosp,quantile,0.35,30.005961944838646
34,2024-12-21,0,2024-12-21,wk inc flu hosp,quantile,0.35,247.1915577470557
35,2024-12-21,0,2024-12-21,wk inc flu hosp,quantile,0.35,146.33330184353193
36,2024-12-21,0,2024-12-21,wk inc flu hosp,quantile,0.35,579.15493670403
37,2024-12-21,0,2024-12-21,wk inc flu hosp,quantile,0.35,231.1552862967083
38,2024-12-21,0,2024-12-21,wk inc flu hosp,quantile,0.35,1.3497290832576956
39,2024-12-21,0,2024-12-21,wk inc flu hosp,quantile,0.35,212.96493295780823
40,2024-12-21,0,2024-12-21,wk inc flu hosp,quantile,0.35,79.02225685447571
41,2024-12-21,0,2024-12-21,wk inc flu hosp,quantile,0.35,263.2229668722164
42,2024-12-21,0,2024-12-21,wk inc flu hosp,quantile,0.35,371.19905313184614
44,2024-12-21,0,2024-12-21,wk inc flu hosp,quantile,0.35,38.727747036837826
45,2024-12-21,0,2024-12-21,wk inc flu hosp,quantile,0.35,84.06422732982246
46,2024-12-21,0,2024-12-21,wk inc flu hosp,quantile,0.35,12.095688330870775
47,2024-12-21,0,2024-12-21,wk inc flu hosp,quantile,0.35,270.9052952955902
48,2024-12-21,0,2024-12-21,wk inc flu hosp,quantile,0.35,938.6095249145072
49,2024-12-21,0,2024-12-21,wk inc flu hosp,quantile,0.35,116.28633896457745
50,2024-12-21,0,2024-12-21,wk inc flu hosp,quantile,0.35,9.261301745891593
51,2024-12-21,0,2024-12-21,wk inc flu hosp,quantile,0.35,156.8525610027398
53,2024-12-21,0,2024-12-21,wk inc flu hosp,quantile,0.35,260.5970228896089
54,2024-12-21,0,2024-12-21,wk inc flu hosp,quantile,0.35,29.267056144077163
55,2024-12-21,0,2024-12-21,wk inc flu hosp,quantile,0.35,88.61083105899904
56,2024-12-21,0,2024-12-21,wk inc flu hosp,quantile,0.35,34.16866884820921
72,2024-12-21,0,2024-12-21,wk inc flu hosp,quantile,0.35,428.4850252422991
US,2024-12-21,0,2024-12-21,wk inc flu hosp,quantile,0.35,12806.714530791789
01,2024-12-21,1,2024-12-28,wk inc flu hosp,quantile,0.35,335.21952519679047
02,2024-12-21,1,2024-12-28,wk inc flu hosp,quantile,0.35,41.99214426027555
04,2024-12-21,1,2024-12-28,wk inc flu hosp,quantile,0.35,1067.1019093343148
05,2024-12-21,1,2024-12-28,wk inc flu hosp,quantile,0.35,83.58010453472944
06,2024-12-21,1,2024-12-28,wk inc flu hosp,quantile,0.35,2097.343074433413
08,2024-12-21,1,2024-12-28,wk inc flu hosp,quantile,0.35,247.61629737121572
09,2024-12-21,1,2024-12-28,wk inc flu hosp,quantile,0.35,58.02285197031586
10,2024-12-21,1,2024-12-28,wk inc flu hosp,quantile,0.35,31.363086754551606
11,2024-12-21,1,2024-12-28,wk inc flu hosp,quantile,0.35,14.293593343798388
12,2024-12-21,1,2024-12-28,wk inc flu hosp,quantile,0.35,1356.3382370047211
13,2024-12-21,1,2024-12-28,wk inc flu hosp,quantile,0.35,385.2674336306298
15,2024-12-21,1,2024-12-28,wk inc flu hosp,quantile,0.35,48.745096495223606
16,2024-12-21,1,2024-12-28,wk inc flu hosp,quantile,0.35,151.99261851512765
17,2024-12-21,1,2024-12-28,wk inc flu hosp,quantile,0.35,434.3600506837085
18,2024-12-21,1,2024-12-28,wk inc flu hosp,quantile,0.35,268.6974680768066
19,2024-12-21,1,2024-12-28,wk inc flu hosp,quantile,0.35,55.68128916965053
20,2024-12-21,1,2024-12-28,wk inc flu hosp,quantile,0.35,149.87068275048537
21,2024-12-21,1,2024-12-28,wk inc flu hosp,quantile,0.35,147.88802426363506
22,2024-12-21,1,2024-12-28,wk inc flu hosp,quantile,0.35,363.3601055230956
23,2024-12-21,1,2024-12-28,wk inc flu hosp,quantile,0.35,10.754844579979128
24,2024-12-21,1,2024-12-28,wk inc flu hosp,quantile,0.35,150.28407110325222
25,2024-12-21,1,2024-12-28,wk inc flu hosp,quantile,0.35,258.102346179024
26,2024-12-21,1,2024-12-28,wk inc flu hosp,quantile,0.35,353.561174526792
27,2024-12-21,1,2024-12-28,wk inc flu hosp,quantile,0.35,220.81737622692825
28,2024-12-21,1,2024-12-28,wk inc flu hosp,quantile,0.35,107.5691005069076
29,2024-12-21,1,2024-12-28,wk inc flu hosp,quantile,0.35,176.66296868974692
30,2024-12-21,1,2024-12-28,wk inc flu hosp,quantile,0.35,16.619964453343858
31,2024-12-21,1,2024-12-28,wk inc flu hosp,quantile,0.35,38.14212301653333
32,2024-12-21,1,2024-12-28,wk inc flu hosp,quantile,0.35,147.96261104063967
33,2024-12-21,1,2024-12-28,wk inc flu hosp,quantile,0.35,39.581953105402874
34,2024-12-21,1,2024-12-28,wk inc flu hosp,quantile,0.35,354.923582745551
35,2024-12-21,1,2024-12-28,wk inc flu hosp,quantile,0.35,184.7901236441728
36,2024-12-21,1,2024-12-28,wk inc flu hosp,quantile,0.35,818.0203240996852
37,2024-12-21,1,2024-12-28,wk inc flu hosp,quantile,0.35,333.93129880851455
38,2024-12-21,1,2024-12-28,wk inc flu hosp,quantile,0.35,3.5709025923195736
39,2024-12-21,1,2024-12-28,wk inc flu hosp,quantile,0.35,322.1983393831589
40,2024-12-21,1,2024-12-28,wk inc flu hosp,quantile,0.35,128.3134204776779
41,2024-12-21,1,2024-12-28,wk inc flu hosp,quantile,0.35,309.0951839758617
42,2024-12-21,1,2024-12-28,wk inc flu hosp,quantile,0.35,527.1265526061366
44,2024-12-21,1,2024-12-28,wk inc flu hosp,quantile,0.35,50.7322643620374
45,2024-12-21,1,2024-12-28,wk inc flu hosp,quantile,0.35,123.51436962635601
46,2024-12-21,1,2024-12-28,wk inc flu hosp,quantile,0.35,19.079498666684934
47,2024-12-21,1,2024-12-28,wk inc flu hosp,quantile,0.35,364.7633920717169
48,2024-12-21,1,2024-12-28,wk inc flu hosp,quantile,0.35,1272.916848056736
49,2024-12-21,1,2024-12-28,wk inc flu hosp,quantile,0.35,131.41453280231661
50,2024-12-21,1,2024-12-28,wk inc flu hosp,quantile,0.35,14.270611101483986
51,2024-12-21,1,2024-12-28,wk inc flu hosp,quantile,0.35,225.26359312436105
53,2024-12-21,1,2024-12-28,wk inc flu hosp,quantile,0.35,346.9909187787487
54,2024-12-21,1,2024-12-28,wk inc flu hosp,quantile,0.35,45.594643186816185
55,2024-12-21,1,2024-12-28,wk inc flu hosp,quantile,0.35,135.86086545016107
56,2024-12-21,1,2024-12-28,wk inc flu hosp,quantile,0.35,44.89618745357382
72,2024-12-21,1,2024-12-28,wk inc flu hosp,quantile,0.35,443.9892666150096
US,2024-12-21,1,2024-12-28,wk inc flu hosp,quantile,0.35,16853.419807025253
01,2024-12-21,2,2025-01-04,wk inc flu hosp,quantile,0.35,395.5714113460346
02,2024-12-21,2,2025-01-04,wk inc flu hosp,quantile,0.35,50.0492687013725
04,2024-12-21,2,2025-01-04,wk inc flu hosp,quantile,0.35,1059.7433015002978
05,2024-12-21,2,2025-01-04,wk inc flu hosp,quantile,0.35,120.63459834236994
06,2024-12-21,2,2025-01-04,wk inc flu hosp,quantile,0.35,2268.2052369769153
08,2024-12-21,2,2025-01-04,wk inc flu hosp,quantile,0.35,298.18166890919406
09,2024-12-21,2,2025-01-04,wk inc flu hosp,quantile,0.35,86.58255521175283
10,2024-12-21,2,2025-01-04,wk inc flu hosp,quantile,0.35,39.32162486216428
11,2024-12-21,2,2025-01-04,wk inc flu hosp,quantile,0.35,18.840365271489084
12,2024-12-21,2,2025-01-04,wk inc flu hosp,quantile,0.35,1532.6701496672397
13,2024-12-21,2,2025-01-04,wk inc flu hosp,quantile,0.35,503.9381401860712
15,2024-12-21,2,2025-01-04,wk inc flu hosp,quantile,0.35,54.8841365859096
16,2024-12-21,2,2025-01-04,wk inc flu hosp,quantile,0.35,167.800381688165
17,2024-12-21,2,2025-01-04,wk inc flu hosp,quantile,0.35,544.4138315244332
18,2024-12-21,2,2025-01-04,wk inc flu hosp,quantile,0.35,370.5095122784497
19,2024-12-21,2,2025-01-04,wk inc flu hosp,quantile,0.35,83.2851562590232
20,2024-12-21,2,2025-01-04,wk inc flu hosp,quantile,0.35,186.21398910776057
21,2024-12-21,2,2025-01-04,wk inc flu hosp,quantile,0.35,204.36855058862275
22,2024-12-21,2,2025-01-04,wk inc flu hosp,quantile,0.35,392.22661342966745
23,2024-12-21,2,2025-01-04,wk inc flu hosp,quantile,0.35,18.3424180192971
24,2024-12-21,2,2025-01-04,wk inc flu hosp,quantile,0.35,205.5464658456835
25,2024-12-21,2,2025-01-04,wk inc flu hosp,quantile,0.35,344.14755834153385
26,2024-12-21,2,2025-01-04,wk inc flu hosp,quantile,0.35,482.6383647534439
27,2024-12-21,2,2025-01-04,wk inc flu hosp,quantile,0.35,278.6234398004159
28,2024-12-21,2,2025-01-04,wk inc flu hosp,quantile,0.35,143.78742956745313
29,2024-12-21,2,2025-01-04,wk inc flu hosp,quantile,0.35,246.5457134121174
30,2024-12-21,2,2025-01-04,wk inc flu hosp,quantile,0.35,25.81285766801903
31,2024-12-21,2,2025-01-04,wk inc flu hosp,quantile,0.35,52.55336632230855
32,2024-12-21,2,2025-01-04,wk inc flu hosp,quantile,0.35,170.62141991839266
33,2024-12-21,2,2025-01-04,wk inc flu hosp,quantile,0.35,47.15199137247477
34,2024-12-21,2,2025-01-04,wk inc flu hosp,quantile,0.35,468.09015526359923
35,2024-12-21,2,2025-01-04,wk inc flu hosp,quantile,0.35,211.99292189965524
36,2024-12-21,2,2025-01-04,wk inc flu hosp,quantile,0.35,1074.117742589715
37,2024-12-21,2,2025-01-04,wk inc flu hosp,quantile,0.35,444.0615535533093
38,2024-12-21,2,2025-01-04,wk inc flu hosp,quantile,0.35,6.640907490003212
39,2024-12-21,2,2025-01-04,wk inc flu hosp,quantile,0.35,441.1478349294991
40,2024-12-21,2,2025-01-04,wk inc flu hosp,quantile,0.35,183.33036565735642
41,2024-12-21,2,2025-01-04,wk inc flu hosp,quantile,0.35,336.1999388323691
42,2024-12-21,2,2025-01-04,wk inc flu hosp,quantile,0.35,701.3625159579805
44,2024-12-21,2,2025-01-04,wk inc flu hosp,quantile,0.35,60.967119108749664
45,2024-12-21,2,2025-01-04,wk inc flu hosp,quantile,0.35,172.8728684704931
46,2024-12-21,2,2025-01-04,wk inc flu hosp,quantile,0.35,27.333865769815645
47,2024-12-21,2,2025-01-04,wk inc flu hosp,quantile,0.35,458.22787400784836
48,2024-12-21,2,2025-01-04,wk inc flu hosp,quantile,0.35,1553.4208883896072
49,2024-12-21,2,2025-01-04,wk inc flu hosp,quantile,0.35,137.59950277645743
50,2024-12-21,2,2025-01-04,wk inc flu hosp,quantile,0.35,19.774514954498912
51,2024-12-21,2,2025-01-04,wk inc flu hosp,quantile,0.35,308.9177577087281
53,2024-12-21,2,2025-01-04,wk inc flu hosp,quantile,0.35,427.2594481067621
54,2024-12-21,2,2025-01-04,wk inc flu hosp,quantile,0.35,66.86820291353001
55,2024-12-21,2,2025-01-04,wk inc flu hosp,quantile,0.35,196.77981972129763
56,2024-12-21,2,2025-01-04,wk inc flu hosp,quantile,0.35,56.23891734241843
72,2024-12-21,2,2025-01-04,wk inc flu hosp,quantile,0.35,444.2224154566723
US,2024-12-21,2,2025-01-04,wk inc flu hosp,quantile,0.35,20291.95360518439
01,2024-12-21,3,2025-01-11,wk inc flu hosp,quantile,0.35,410.0218013339369
02,2024-12-21,3,2025-01-11,wk inc flu hosp,quantile,0.35,51.841031733060255
04,2024-12-21,3,2025-01-11,wk inc flu hosp,quantile,0.35,1010.5300136826702
05,2024-12-21,3,2025-01-11,wk inc flu hosp,quantile,0.35,138.6739646809943
06,2024-12-21,3,2025-01-11,wk inc flu hosp,quantile,0.35,2278.1000592447276
08,2024-12-21,3,2025-01-11,wk inc flu hosp,quantile,0.35,313.5063221527387
09,2024-12-21,3,2025-01-11,wk inc flu hosp,quantile,0.35,100.60460487489624
10,2024-12-21,3,2025-01-11,wk inc flu hosp,quantile,0.35,42.197390507459865
11,2024-12-21,3,2025-01-11,wk inc flu hosp,quantile,0.35,20.6746550067883
12,2024-12-21,3,2025-01-11,wk inc flu hosp,quantile,0.35,1580.1514457497913
13,2024-12-21,3,2025-01-11,wk inc flu hosp,quantile,0.35,548.6230068753326
15,2024-12-21,3,2025-01-11,wk inc flu hosp,quantile,0.35,56.00051556170402
16,2024-12-21,3,2025-01-11,wk inc flu hosp,quantile,0.35,170.89936985593323
17,2024-12-21,3,2025-01-11,wk inc flu hosp,quantile,0.35,582.8251060256885
18,2024-12-21,3,2025-01-11,wk inc flu hosp,quantile,0.35,417.90954495837457
19,2024-12-21,3,2025-01-11,wk inc flu hosp,quantile,0.35,96.45419248311991
20,2024-12-21,3,2025-01-11,wk inc flu hosp,quantile,0.35,198.51414393251397
21,2024-12-21,3,2025-01-11,wk inc flu hosp,quantile,0.35,230.60135711259622
22,2024-12-21,3,2025-01-11,wk inc flu hosp,quantile,0.35,392.39022635367184
23,2024-12-21,3,2025-01-11,wk inc flu hosp,quantile,0.35,22.10838027672045
24,2024-12-21,3,2025-01-11,wk inc flu hosp,quantile,0.35,227.63730168564567
25,2024-12-21,3,2025-01-11,wk inc flu hosp,quantile,0.35,377.1860012391539
26,2024-12-21,3,2025-01-11,wk inc flu hosp,quantile,0.35,532.6006164038315
27,2024-12-21,3,2025-01-11,wk inc flu hosp,quantile,0.35,299.26768113336396
28,2024-12-21,3,2025-01-11,wk inc flu hosp,quantile,0.35,157.3815456378075
29,2024-12-21,3,2025-01-11,wk inc flu hosp,quantile,0.35,274.10020483250634
30,2024-12-21,3,2025-01-11,wk inc flu hosp,quantile,0.35,30.1676455832914
31,2024-12-21,3,2025-01-11,wk inc flu hosp,quantile,0.35,58.200633853843634
32,2024-12-21,3,2025-01-11,wk inc flu hosp,quantile,0.35,176.6781384144749
33,2024-12-21,3,2025-01-11,wk inc flu hosp,quantile,0.35,49.455774894753034
34,2024-12-21,3,2025-01-11,wk inc flu hosp,quantile,0.35,508.0387094302176
35,2024-12-21,3,2025-01-11,wk inc flu hosp,quantile,0.35,219.68599892371617
36,2024-12-21,3,2025-01-11,wk inc flu hosp,quantile,0.35,1159.1717960246915
37,2024-12-21,3,2025-01-11,wk inc flu hosp,quantile,0.35,484.6719909877069
38,2024-12-21,3,2025-01-11,wk inc flu hosp,quantile,0.35,8.190698242237133
39,2024-12-21,3,2025-01-11,wk inc flu hosp,quantile,0.35,489.867426125729
40,2024-12-21,3,2025-01-11,wk inc flu hosp,quantile,0.35,204.61571107958454
41,2024-12-21,3,2025-01-11,wk inc flu hosp,quantile,0.35,340.0688546751542
42,2024-12-21,3,2025-01-11,wk inc flu hosp,quantile,0.35,765.637966016998
44,2024-12-21,3,2025-01-11,wk inc flu hosp,quantile,0.35,64.14125701902233
45,2024-12-21,3,2025-01-11,wk inc flu hosp,quantile,0.35,196.71494461020328
46,2024-12-21,3,2025-01-11,wk inc flu hosp,quantile,0.35,31.038916277367566
47,2024-12-21,3,2025-01-11,wk inc flu hosp,quantile,0.35,491.1047427530627
48,2024-12-21,3,2025-01-11,wk inc flu hosp,quantile,0.35,1663.7807898713863
49,2024-12-21,3,2025-01-11,wk inc flu hosp,quantile,0.35,135.37952232115146
50,2024-12-21,3,2025-01-11,wk inc flu hosp,quantile,0.35,21.885776819954888
51,2024-12-21,3,2025-01-11,wk inc flu hosp,quantile,0.35,346.523257511625
53,2024-12-21,3,2025-01-11,wk inc flu hosp,quantile,0.35,455.99296136024157
54,2024-12-21,3,2025-01-11,wk inc flu hosp,quantile,0.35,77.33337667385628
55,2024-12-21,3,2025-01-11,wk inc flu hosp,quantile,0.35,225.18907382661763
56,2024-12-21,3,2025-01-11,wk inc flu hosp,quantile,0.35,60.35322756760806
72,2024-12-21,3,2025-01-11,wk inc flu hosp,quantile,0.35,431.83765395298525
US,2024-12-21,3,2025-01-11,wk inc flu hosp,quantile,0.35,21222.75551898689
01,2024-12-21,0,2024-12-21,wk inc flu hosp,quantile,0.4,266.03926456139845
02,2024-12-21,0,2024-12-21,wk inc flu hosp,quantile,0.4,33.00724671150788
04,2024-12-21,0,2024-12-21,wk inc flu hosp,quantile,0.4,1090.5934634083926
05,2024-12-21,0,2024-12-21,wk inc flu hosp,quantile,0.4,59.50082540217468
06,2024-12-21,0,2024-12-21,wk inc flu hosp,quantile,0.4,1916.593890776472
08,2024-12-21,0,2024-12-21,wk inc flu hosp,quantile,0.4,193.76427213832713
09,2024-12-21,0,2024-12-21,wk inc flu hosp,quantile,0.4,39.52348852049912
10,2024-12-21,0,2024-12-21,wk inc flu hosp,quantile,0.4,23.375827649740437
11,2024-12-21,0,2024-12-21,wk inc flu hosp,quantile,0.4,10.093052235190191
12,2024-12-21,0,2024-12-21,wk inc flu hosp,quantile,0.4,1187.2750129498493
13,2024-12-21,0,2024-12-21,wk inc flu hosp,quantile,0.4,281.2004141182334
15,2024-12-21,0,2024-12-21,wk inc flu hosp,quantile,0.4,41.5609622863647
16,2024-12-21,0,2024-12-21,wk inc flu hosp,quantile,0.4,137.58740895389306
17,2024-12-21,0,2024-12-21,wk inc flu hosp,quantile,0.4,330.1533247402814
18,2024-12-21,0,2024-12-21,wk inc flu hosp,quantile,0.4,196.34958838845657
19,2024-12-21,0,2024-12-21,wk inc flu hosp,quantile,0.4,38.12826966431685
20,2024-12-21,0,2024-12-21,wk inc flu hosp,quantile,0.4,116.11161563346894
21,2024-12-21,0,2024-12-21,wk inc flu hosp,quantile,0.4,108.83173321757201
22,2024-12-21,0,2024-12-21,wk inc flu hosp,quantile,0.4,332.50340520752496
23,2024-12-21,0,2024-12-21,wk inc flu hosp,quantile,0.4,5.860936253017121
24,2024-12-21,0,2024-12-21,wk inc flu hosp,quantile,0.4,102.85496181472398
25,2024-12-21,0,2024-12-21,wk inc flu hosp,quantile,0.4,178.12773599056382
26,2024-12-21,0,2024-12-21,wk inc flu hosp,quantile,0.4,245.23528057576732
27,2024-12-21,0,2024-12-21,wk inc flu hosp,quantile,0.4,161.51779021813115
28,2024-12-21,0,2024-12-21,wk inc flu hosp,quantile,0.4,78.3560266483223
29,2024-12-21,0,2024-12-21,wk inc flu hosp,quantile,0.4,118.34566083722439
30,2024-12-21,0,2024-12-21,wk inc flu hosp,quantile,0.4,10.848852648983092
31,2024-12-21,0,2024-12-21,wk inc flu hosp,quantile,0.4,24.88244281374897
32,2024-12-21,0,2024-12-21,wk inc flu hosp,quantile,0.4,126.22792189045308
33,2024-12-21,0,2024-12-21,wk inc flu hosp,quantile,0.4,30.672296229904926
34,2024-12-21,0,2024-12-21,wk inc flu hosp,quantile,0.4,250.1773778011867
35,2024-12-21,0,2024-12-21,wk inc flu hosp,quantile,0.4,154.09534809719463
36,2024-12-21,0,2024-12-21,wk inc flu hosp,quantile,0.4,587.0369264725194
37,2024-12-21,0,2024-12-21,wk inc flu hosp,quantile,0.4,236.29327733504815
38,2024-12-21,0,2024-12-21,wk inc flu hosp,quantile,0.4,1.7174782529021595
39,2024-12-21,0,2024-12-21,wk inc flu hosp,quantile,0.4,218.93703812881662
40,2024-12-21,0,2024-12-21,wk inc flu hosp,quantile,0.4,79.6417247055987
41,2024-12-21,0,2024-12-21,wk inc flu hosp,quantile,0.4,275.37346905610644
42,2024-12-21,0,2024-12-21,wk inc flu hosp,quantile,0.4,384.4708379429209
44,2024-12-21,0,2024-12-21,wk inc flu hosp,quantile,0.4,39.22718251771388
45,2024-12-21,0,2024-12-21,wk inc flu hosp,quantile,0.4,90.60377936917392
46,2024-12-21,0,2024-12-21,wk inc flu hosp,quantile,0.4,12.79351846300121
47,2024-12-21,0,2024-12-21,wk inc flu hosp,quantile,0.4,277.09521139133307
48,2024-12-21,0,2024-12-21,wk inc flu hosp,quantile,0.4,951.0273885416314
49,2024-12-21,0,2024-12-21,wk inc flu hosp,quantile,0.4,121.72446425420964
50,2024-12-21,0,2024-12-21,wk inc flu hosp,quantile,0.4,9.381210260389718
51,2024-12-21,0,2024-12-21,wk inc flu hosp,quantile,0.4,166.63004112128803
53,2024-12-21,0,2024-12-21,wk inc flu hosp,quantile,0.4,265.54557286232574
54,2024-12-21,0,2024-12-21,wk inc flu hosp,quantile,0.4,31.78847746129788
55,2024-12-21,0,2024-12-21,wk inc flu hosp,quantile,0.4,95.7895101483625
56,2024-12-21,0,2024-12-21,wk inc flu hosp,quantile,0.4,36.00239809473427
72,2024-12-21,0,2024-12-21,wk inc flu hosp,quantile,0.4,456.00184181372504
US,2024-12-21,0,2024-12-21,wk inc flu hosp,quantile,0.4,12974.084202747952
01,2024-12-21,1,2024-12-28,wk inc flu hosp,quantile,0.4,347.9625973013258
02,2024-12-21,1,2024-12-28,wk inc flu hosp,quantile,0.4,43.54846850292775
04,2024-12-21,1,2024-12-28,wk inc flu hosp,quantile,0.4,1133.1639275844213
05,2024-12-21,1,2024-12-28,wk inc flu hosp,quantile,0.4,92.48446849479676
06,2024-12-21,1,2024-12-28,wk inc flu hosp,quantile,0.4,2169.085197523372
08,2024-12-21,1,2024-12-28,wk inc flu hosp,quantile,0.4,259.72038661801633
09,2024-12-21,1,2024-12-28,wk inc flu hosp,quantile,0.4,64.76265322233228
10,2024-12-21,1,2024-12-28,wk inc flu hosp,quantile,0.4,32.95154072406615
11,2024-12-21,1,2024-12-28,wk inc flu hosp,quantile,0.4,15.35979216211184
12,2024-12-21,1,2024-12-28,wk inc flu hosp,quantile,0.4,1426.8101239696543
13,2024-12-21,1,2024-12-28,wk inc flu hosp,quantile,0.4,400.26831946823813
15,2024-12-21,1,2024-12-28,wk inc flu hosp,quantile,0.4,51.55328780120725
16,2024-12-21,1,2024-12-28,wk inc flu hosp,quantile,0.4,158.1562248202039
17,2024-12-21,1,2024-12-28,wk inc flu hosp,quantile,0.4,459.6105099043075
18,2024-12-21,1,2024-12-28,wk inc flu hosp,quantile,0.4,291.2175160019131
19,2024-12-21,1,2024-12-28,wk inc flu hosp,quantile,0.4,62.52187094193551
20,2024-12-21,1,2024-12-28,wk inc flu hosp,quantile,0.4,158.88620448267702
21,2024-12-21,1,2024-12-28,wk inc flu hosp,quantile,0.4,162.43657891707187
22,2024-12-21,1,2024-12-28,wk inc flu hosp,quantile,0.4,384.6024281942618
23,2024-12-21,1,2024-12-28,wk inc flu hosp,quantile,0.4,12.37209948207816
24,2024-12-21,1,2024-12-28,wk inc flu hosp,quantile,0.4,155.97789004902458
25,2024-12-21,1,2024-12-28,wk inc flu hosp,quantile,0.4,266.40565369625034
26,2024-12-21,1,2024-12-28,wk inc flu hosp,quantile,0.4,370.07376386416087
27,2024-12-21,1,2024-12-28,wk inc flu hosp,quantile,0.4,227.0372227508035
28,2024-12-21,1,2024-12-28,wk inc flu hosp,quantile,0.4,114.97165811238364
29,2024-12-21,1,2024-12-28,wk inc flu hosp,quantile,0.4,183.64857566840865
30,2024-12-21,1,2024-12-28,wk inc flu hosp,quantile,0.4,18.80613242035758
31,2024-12-21,1,2024-12-28,wk inc flu hosp,quantile,0.4,38.88382092869622
32,2024-12-21,1,2024-12-28,wk inc flu hosp,quantile,0.4,157.1025902466246
33,2024-12-21,1,2024-12-28,wk inc flu hosp,quantile,0.4,41.59737986456352
34,2024-12-21,1,2024-12-28,wk inc flu hosp,quantile,0.4,368.1619340242558
35,2024-12-21,1,2024-12-28,wk inc flu hosp,quantile,0.4,195.33242990828444
36,2024-12-21,1,2024-12-28,wk inc flu hosp,quantile,0.4,857.5542695931751
37,2024-12-21,1,2024-12-28,wk inc flu hosp,quantile,0.4,344.69784509649276
38,2024-12-21,1,2024-12-28,wk inc flu hosp,quantile,0.4,4.36820052452924
39,2024-12-21,1,2024-12-28,wk inc flu hosp,quantile,0.4,333.17546623512465
40,2024-12-21,1,2024-12-28,wk inc flu hosp,quantile,0.4,130.92763052859982
41,2024-12-21,1,2024-12-28,wk inc flu hosp,quantile,0.4,324.27827163074346
42,2024-12-21,1,2024-12-28,wk inc flu hosp,quantile,0.4,555.6770066716379
44,2024-12-21,1,2024-12-28,wk inc flu hosp,quantile,0.4,52.8691778900676
45,2024-12-21,1,2024-12-28,wk inc flu hosp,quantile,0.4,136.30124904854065
46,2024-12-21,1,2024-12-28,wk inc flu hosp,quantile,0.4,20.338259476658894
47,2024-12-21,1,2024-12-28,wk inc flu hosp,quantile,0.4,382.08180858318536
48,2024-12-21,1,2024-12-28,wk inc flu hosp,quantile,0.4,1323.7997475649806
49,2024-12-21,1,2024-12-28,wk inc flu hosp,quantile,0.4,140.9459360355773
50,2024-12-21,1,2024-12-28,wk inc flu hosp,quantile,0.4,14.702363529195292
51,2024-12-21,1,2024-12-28,wk inc flu hosp,quantile,0.4,243.52776083804127
53,2024-12-21,1,2024-12-28,wk inc flu hosp,quantile,0.4,365.9668258822971
54,2024-12-21,1,2024-12-28,wk inc flu hosp,quantile,0.4,50.96018227651814
55,2024-12-21,1,2024-12-28,wk inc flu hosp,quantile,0.4,150.47203049640572
56,2024-12-21,1,2024-12-28,wk inc flu hosp,quantile,0.4,48.10905545390295
72,2024-12-21,1,2024-12-28,wk inc flu hosp,quantile,0.4,475.09960923760985
US,2024-12-21,1,2024-12-28,wk inc flu hosp,quantile,0.4,17494.067798963348
01,2024-12-21,2,2025-01-04,wk inc flu hosp,quantile,0.4,421.5864982438866
02,2024-12-21,2,2025-01-04,wk inc flu hosp,quantile,0.4,53.184684429856205
04,2024-12-21,2,2025-01-04,wk inc flu hosp,quantile,0.4,1121.251125257002
05,2024-12-21,2,2025-01-04,wk inc flu hosp,quantile,0.4,131.04825246568566
06,2024-12-21,2,2025-01-04,wk inc flu hosp,quantile,0.4,2284.2743566495387
08,2024-12-21,2,2025-01-04,wk inc flu hosp,quantile,0.4,320.4599098482033
09,2024-12-21,2,2025-01-04,wk inc flu hosp,quantile,0.4,95.10071590525475
10,2024-12-21,2,2025-01-04,wk inc flu hosp,quantile,0.4,42.004358487182735
11,2024-12-21,2,2025-01-04,wk inc flu hosp,quantile,0.4,20.76811309376317
12,2024-12-21,2,2025-01-04,wk inc flu hosp,quantile,0.4,1595.5761995264922
13,2024-12-21,2,2025-01-04,wk inc flu hosp,quantile,0.4,530.0323576413192
15,2024-12-21,2,2025-01-04,wk inc flu hosp,quantile,0.4,58.57649334749936
16,2024-12-21,2,2025-01-04,wk inc flu hosp,quantile,0.4,169.06665522347615
17,2024-12-21,2,2025-01-04,wk inc flu hosp,quantile,0.4,586.6661774840959
18,2024-12-21,2,2025-01-04,wk inc flu hosp,quantile,0.4,398.0458689126461
19,2024-12-21,2,2025-01-04,wk inc flu hosp,quantile,0.4,90.91163576928518
20,2024-12-21,2,2025-01-04,wk inc flu hosp,quantile,0.4,201.74510428806727
21,2024-12-21,2,2025-01-04,wk inc flu hosp,quantile,0.4,221.08886302193355
22,2024-12-21,2,2025-01-04,wk inc flu hosp,quantile,0.4,408.790581520351
23,2024-12-21,2,2025-01-04,wk inc flu hosp,quantile,0.4,20.60513513634627
24,2024-12-21,2,2025-01-04,wk inc flu hosp,quantile,0.4,215.2236739749627
25,2024-12-21,2,2025-01-04,wk inc flu hosp,quantile,0.4,364.0151425560939
26,2024-12-21,2,2025-01-04,wk inc flu hosp,quantile,0.4,510.7010351933813
27,2024-12-21,2,2025-01-04,wk inc flu hosp,quantile,0.4,295.3953400565802
28,2024-12-21,2,2025-01-04,wk inc flu hosp,quantile,0.4,154.3945598138289
29,2024-12-21,2,2025-01-04,wk inc flu hosp,quantile,0.4,260.44241680588016
30,2024-12-21,2,2025-01-04,wk inc flu hosp,quantile,0.4,28.368662236018682
31,2024-12-21,2,2025-01-04,wk inc flu hosp,quantile,0.4,55.260336072264394
32,2024-12-21,2,2025-01-04,wk inc flu hosp,quantile,0.4,178.89967885512777
33,2024-12-21,2,2025-01-04,wk inc flu hosp,quantile,0.4,51.62427479966196
34,2024-12-21,2,2025-01-04,wk inc flu hosp,quantile,0.4,492.2834044254319
35,2024-12-21,2,2025-01-04,wk inc flu hosp,quantile,0.4,225.25524952829056
36,2024-12-21,2,2025-01-04,wk inc flu hosp,quantile,0.4,1129.738975473146
37,2024-12-21,2,2025-01-04,wk inc flu hosp,quantile,0.4,463.2286116413244
38,2024-12-21,2,2025-01-04,wk inc flu hosp,quantile,0.4,7.730640898002224
39,2024-12-21,2,2025-01-04,wk inc flu hosp,quantile,0.4,463.7349812333061
40,2024-12-21,2,2025-01-04,wk inc flu hosp,quantile,0.4,193.4766793003213
41,2024-12-21,2,2025-01-04,wk inc flu hosp,quantile,0.4,346.26064880874367
42,2024-12-21,2,2025-01-04,wk inc flu hosp,quantile,0.4,747.1667007660596
44,2024-12-21,2,2025-01-04,wk inc flu hosp,quantile,0.4,65.87015935501282
45,2024-12-21,2,2025-01-04,wk inc flu hosp,quantile,0.4,187.73303376641772
46,2024-12-21,2,2025-01-04,wk inc flu hosp,quantile,0.4,29.3038294010384
47,2024-12-21,2,2025-01-04,wk inc flu hosp,quantile,0.4,486.17385444083067
48,2024-12-21,2,2025-01-04,wk inc flu hosp,quantile,0.4,1678.2091959349164
49,2024-12-21,2,2025-01-04,wk inc flu hosp,quantile,0.4,149.376689731424
50,2024-12-21,2,2025-01-04,wk inc flu hosp,quantile,0.4,20.932820551659457
51,2024-12-21,2,2025-01-04,wk inc flu hosp,quantile,0.4,331.6308182304047
53,2024-12-21,2,2025-01-04,wk inc flu hosp,quantile,0.4,461.6006099998723
54,2024-12-21,2,2025-01-04,wk inc flu hosp,quantile,0.4,73.1322578583771
55,2024-12-21,2,2025-01-04,wk inc flu hosp,quantile,0.4,214.3297912246614
56,2024-12-21,2,2025-01-04,wk inc flu hosp,quantile,0.4,60.570899532573854
72,2024-12-21,2,2025-01-04,wk inc flu hosp,quantile,0.4,477.63211269937915
US,2024-12-21,2,2025-01-04,wk inc flu hosp,quantile,0.4,21462.95741264793
01,2024-12-21,3,2025-01-11,wk inc flu hosp,quantile,0.4,435.3600072082099
02,2024-12-21,3,2025-01-11,wk inc flu hosp,quantile,0.4,55.16257775688556
04,2024-12-21,3,2025-01-11,wk inc flu hosp,quantile,0.4,1067.9894345703322
05,2024-12-21,3,2025-01-11,wk inc flu hosp,quantile,0.4,150.0639636427709
06,2024-12-21,3,2025-01-11,wk inc flu hosp,quantile,0.4,2293.549766668233
08,2024-12-21,3,2025-01-11,wk inc flu hosp,quantile,0.4,338.432552556774
09,2024-12-21,3,2025-01-11,wk inc flu hosp,quantile,0.4,109.13809887442049
10,2024-12-21,3,2025-01-11,wk inc flu hosp,quantile,0.4,44.91968620543067
11,2024-12-21,3,2025-01-11,wk inc flu hosp,quantile,0.4,23.129010724819153
12,2024-12-21,3,2025-01-11,wk inc flu hosp,quantile,0.4,1659.3966663774281
13,2024-12-21,3,2025-01-11,wk inc flu hosp,quantile,0.4,588.3654462656134
15,2024-12-21,3,2025-01-11,wk inc flu hosp,quantile,0.4,60.39369593155833
16,2024-12-21,3,2025-01-11,wk inc flu hosp,quantile,0.4,172.52861775858946
17,2024-12-21,3,2025-01-11,wk inc flu hosp,quantile,0.4,637.788889885837
18,2024-12-21,3,2025-01-11,wk inc flu hosp,quantile,0.4,446.54219394772014
19,2024-12-21,3,2025-01-11,wk inc flu hosp,quantile,0.4,105.17818413526658
20,2024-12-21,3,2025-01-11,wk inc flu hosp,quantile,0.4,215.12535210788627
21,2024-12-21,3,2025-01-11,wk inc flu hosp,quantile,0.4,248.75308552860994
22,2024-12-21,3,2025-01-11,wk inc flu hosp,quantile,0.4,415.053448979075
23,2024-12-21,3,2025-01-11,wk inc flu hosp,quantile,0.4,24.66417189391989
24,2024-12-21,3,2025-01-11,wk inc flu hosp,quantile,0.4,243.25741036228374
25,2024-12-21,3,2025-01-11,wk inc flu hosp,quantile,0.4,406.9732881764608
26,2024-12-21,3,2025-01-11,wk inc flu hosp,quantile,0.4,575.2990501531198
27,2024-12-21,3,2025-01-11,wk inc flu hosp,quantile,0.4,322.6594565615064
28,2024-12-21,3,2025-01-11,wk inc flu hosp,quantile,0.4,170.60615454974163
29,2024-12-21,3,2025-01-11,wk inc flu hosp,quantile,0.4,296.5820541450673
30,2024-12-21,3,2025-01-11,wk inc flu hosp,quantile,0.4,33.22031816751218
31,2024-12-21,3,2025-01-11,wk inc flu hosp,quantile,0.4,62.92766977469843
32,2024-12-21,3,2025-01-11,wk inc flu hosp,quantile,0.4,186.4046888160941
33,2024-12-21,3,2025-01-11,wk inc flu hosp,quantile,0.4,54.309200171426845
34,2024-12-21,3,2025-01-11,wk inc flu hosp,quantile,0.4,546.8215266377774
35,2024-12-21,3,2025-01-11,wk inc flu hosp,quantile,0.4,233.73930337600325
36,2024-12-21,3,2025-01-11,wk inc flu hosp,quantile,0.4,1249.9834370707972
37,2024-12-21,3,2025-01-11,wk inc flu hosp,quantile,0.4,516.5326398811956
38,2024-12-21,3,2025-01-11,wk inc flu hosp,quantile,0.4,9.530492028052478
39,2024-12-21,3,2025-01-11,wk inc flu hosp,quantile,0.4,521.6735440090606
40,2024-12-21,3,2025-01-11,wk inc flu hosp,quantile,0.4,223.69455193426492
41,2024-12-21,3,2025-01-11,wk inc flu hosp,quantile,0.4,353.12026528249106
42,2024-12-21,3,2025-01-11,wk inc flu hosp,quantile,0.4,825.5343037557269
44,2024-12-21,3,2025-01-11,wk inc flu hosp,quantile,0.4,68.94520590020844
45,2024-12-21,3,2025-01-11,wk inc flu hosp,quantile,0.4,213.5768229423325
46,2024-12-21,3,2025-01-11,wk inc flu hosp,quantile,0.4,33.63622568353077
47,2024-12-21,3,2025-01-11,wk inc flu hosp,quantile,0.4,524.8152270587333
48,2024-12-21,3,2025-01-11,wk inc flu hosp,quantile,0.4,1786.2194314380154
49,2024-12-21,3,2025-01-11,wk inc flu hosp,quantile,0.4,147.64000871357774
50,2024-12-21,3,2025-01-11,wk inc flu hosp,quantile,0.4,23.80041104358239
51,2024-12-21,3,2025-01-11,wk inc flu hosp,quantile,0.4,370.584903509686
53,2024-12-21,3,2025-01-11,wk inc flu hosp,quantile,0.4,496.5072310771554
54,2024-12-21,3,2025-01-11,wk inc flu hosp,quantile,0.4,84.17624533913809
55,2024-12-21,3,2025-01-11,wk inc flu hosp,quantile,0.4,244.40292494179025
56,2024-12-21,3,2025-01-11,wk inc flu hosp,quantile,0.4,64.82992367743373
72,2024-12-21,3,2025-01-11,wk inc flu hosp,quantile,0.4,463.1269516602908
US,2024-12-21,3,2025-01-11,wk inc flu hosp,quantile,0.4,22477.729213459283
01,2024-12-21,0,2024-12-21,wk inc flu hosp,quantile,0.45,267.6642447896738
02,2024-12-21,0,2024-12-21,wk inc flu hosp,quantile,0.45,33.64302180631033
04,2024-12-21,0,2024-12-21,wk inc flu hosp,quantile,0.45,1143.0438904854143
05,2024-12-21,0,2024-12-21,wk inc flu hosp,quantile,0.45,63.06611660242451
06,2024-12-21,0,2024-12-21,wk inc flu hosp,quantile,0.45,1981.7343682182943
08,2024-12-21,0,2024-12-21,wk inc flu hosp,quantile,0.45,194.60407420595052
09,2024-12-21,0,2024-12-21,wk inc flu hosp,quantile,0.45,41.878595561287305
10,2024-12-21,0,2024-12-21,wk inc flu hosp,quantile,0.45,23.41826391368587
11,2024-12-21,0,2024-12-21,wk inc flu hosp,quantile,0.45,10.12607399827156
12,2024-12-21,0,2024-12-21,wk inc flu hosp,quantile,0.45,1218.5412251222065
13,2024-12-21,0,2024-12-21,wk inc flu hosp,quantile,0.45,292.7126403417808
15,2024-12-21,0,2024-12-21,wk inc flu hosp,quantile,0.45,42.98803706176338
16,2024-12-21,0,2024-12-21,wk inc flu hosp,quantile,0.45,141.83021630815296
17,2024-12-21,0,2024-12-21,wk inc flu hosp,quantile,0.45,330.7259371397441
18,2024-12-21,0,2024-12-21,wk inc flu hosp,quantile,0.45,206.21967904976373
19,2024-12-21,0,2024-12-21,wk inc flu hosp,quantile,0.45,40.77801413838013
20,2024-12-21,0,2024-12-21,wk inc flu hosp,quantile,0.45,116.15336330343202
21,2024-12-21,0,2024-12-21,wk inc flu hosp,quantile,0.45,114.2616954526352
22,2024-12-21,0,2024-12-21,wk inc flu hosp,quantile,0.45,345.8843150046183
23,2024-12-21,0,2024-12-21,wk inc flu hosp,quantile,0.45,6.485625642823993
24,2024-12-21,0,2024-12-21,wk inc flu hosp,quantile,0.45,108.01341573962824
25,2024-12-21,0,2024-12-21,wk inc flu hosp,quantile,0.45,185.06080702751032
26,2024-12-21,0,2024-12-21,wk inc flu hosp,quantile,0.45,255.77377619780754
27,2024-12-21,0,2024-12-21,wk inc flu hosp,quantile,0.45,166.55840122456172
28,2024-12-21,0,2024-12-21,wk inc flu hosp,quantile,0.45,78.45126187794364
29,2024-12-21,0,2024-12-21,wk inc flu hosp,quantile,0.45,124.5983202169026
30,2024-12-21,0,2024-12-21,wk inc flu hosp,quantile,0.45,11.673858439656776
31,2024-12-21,0,2024-12-21,wk inc flu hosp,quantile,0.45,26.194081460474813
32,2024-12-21,0,2024-12-21,wk inc flu hosp,quantile,0.45,129.86089961920857
33,2024-12-21,0,2024-12-21,wk inc flu hosp,quantile,0.45,31.241509125093515
34,2024-12-21,0,2024-12-21,wk inc flu hosp,quantile,0.45,260.65199516826505
35,2024-12-21,0,2024-12-21,wk inc flu hosp,quantile,0.45,156.9822969070768
36,2024-12-21,0,2024-12-21,wk inc flu hosp,quantile,0.45,607.5610642190709
37,2024-12-21,0,2024-12-21,wk inc flu hosp,quantile,0.45,246.65037984278004
38,2024-12-21,0,2024-12-21,wk inc flu hosp,quantile,0.45,1.9676661599432252
39,2024-12-21,0,2024-12-21,wk inc flu hosp,quantile,0.45,229.64724046375505
40,2024-12-21,0,2024-12-21,wk inc flu hosp,quantile,0.45,83.9197409551965
41,2024-12-21,0,2024-12-21,wk inc flu hosp,quantile,0.45,288.2329497553557
42,2024-12-21,0,2024-12-21,wk inc flu hosp,quantile,0.45,393.88049607699014
44,2024-12-21,0,2024-12-21,wk inc flu hosp,quantile,0.45,39.5350456436681
45,2024-12-21,0,2024-12-21,wk inc flu hosp,quantile,0.45,95.15790035958702
46,2024-12-21,0,2024-12-21,wk inc flu hosp,quantile,0.45,13.561373783493469
47,2024-12-21,0,2024-12-21,wk inc flu hosp,quantile,0.45,278.5857320833377
48,2024-12-21,0,2024-12-21,wk inc flu hosp,quantile,0.45,954.4372562192771
49,2024-12-21,0,2024-12-21,wk inc flu hosp,quantile,0.45,122.53078540228182
50,2024-12-21,0,2024-12-21,wk inc flu hosp,quantile,0.45,9.938644615327258
51,2024-12-21,0,2024-12-21,wk inc flu hosp,quantile,0.45,174.50552497877624
53,2024-12-21,0,2024-12-21,wk inc flu hosp,quantile,0.45,266.47741748444236
54,2024-12-21,0,2024-12-21,wk inc flu hosp,quantile,0.45,34.113500977661616
55,2024-12-21,0,2024-12-21,wk inc flu hosp,quantile,0.45,101.06059701623965
56,2024-12-21,0,2024-12-21,wk inc flu hosp,quantile,0.45,36.112563665524924
72,2024-12-21,0,2024-12-21,wk inc flu hosp,quantile,0.45,486.698189467031
US,2024-12-21,0,2024-12-21,wk inc flu hosp,quantile,0.45,13137.77956050124
01,2024-12-21,1,2024-12-28,wk inc flu hosp,quantile,0.45,355.5222857419376
02,2024-12-21,1,2024-12-28,wk inc flu hosp,quantile,0.45,45.01822965839964
04,2024-12-21,1,2024-12-28,wk inc flu hosp,quantile,0.45,1161.6282251083196
05,2024-12-21,1,2024-12-28,wk inc flu hosp,quantile,0.45,98.7651433618642
06,2024-12-21,1,2024-12-28,wk inc flu hosp,quantile,0.45,2270.146850937779
08,2024-12-21,1,2024-12-28,wk inc flu hosp,quantile,0.45,266.6220085370223
09,2024-12-21,1,2024-12-28,wk inc flu hosp,quantile,0.45,69.12827283292157
10,2024-12-21,1,2024-12-28,wk inc flu hosp,quantile,0.45,33.84288435868969
11,2024-12-21,1,2024-12-28,wk inc flu hosp,quantile,0.45,15.95494429528379
12,2024-12-21,1,2024-12-28,wk inc flu hosp,quantile,0.45,1508.5482511626253
13,2024-12-21,1,2024-12-28,wk inc flu hosp,quantile,0.45,419.7401356481708
15,2024-12-21,1,2024-12-28,wk inc flu hosp,quantile,0.45,54.2456788412517
16,2024-12-21,1,2024-12-28,wk inc flu hosp,quantile,0.45,164.31657253750103
17,2024-12-21,1,2024-12-28,wk inc flu hosp,quantile,0.45,472.1886082245176
18,2024-12-21,1,2024-12-28,wk inc flu hosp,quantile,0.45,307.07397680457535
19,2024-12-21,1,2024-12-28,wk inc flu hosp,quantile,0.45,66.74464317850192
20,2024-12-21,1,2024-12-28,wk inc flu hosp,quantile,0.45,163.18942130284557
21,2024-12-21,1,2024-12-28,wk inc flu hosp,quantile,0.45,171.34176928105325
22,2024-12-21,1,2024-12-28,wk inc flu hosp,quantile,0.45,400.81922706762003
23,2024-12-21,1,2024-12-28,wk inc flu hosp,quantile,0.45,13.730512815803872
24,2024-12-21,1,2024-12-28,wk inc flu hosp,quantile,0.45,165.1329996699186
25,2024-12-21,1,2024-12-28,wk inc flu hosp,quantile,0.45,280.83135247872235
26,2024-12-21,1,2024-12-28,wk inc flu hosp,quantile,0.45,392.5338523538009
27,2024-12-21,1,2024-12-28,wk inc flu hosp,quantile,0.45,237.64363077779737
28,2024-12-21,1,2024-12-28,wk inc flu hosp,quantile,0.45,118.57448818206613
29,2024-12-21,1,2024-12-28,wk inc flu hosp,quantile,0.45,195.884147274053
30,2024-12-21,1,2024-12-28,wk inc flu hosp,quantile,0.45,20.37427706688959
31,2024-12-21,1,2024-12-28,wk inc flu hosp,quantile,0.45,41.55288848541651
32,2024-12-21,1,2024-12-28,wk inc flu hosp,quantile,0.45,167.54384497979055
33,2024-12-21,1,2024-12-28,wk inc flu hosp,quantile,0.45,43.56937341536916
34,2024-12-21,1,2024-12-28,wk inc flu hosp,quantile,0.45,385.31207697688336
35,2024-12-21,1,2024-12-28,wk inc flu hosp,quantile,0.45,205.86085032543545
36,2024-12-21,1,2024-12-28,wk inc flu hosp,quantile,0.45,890.4417042127293
37,2024-12-21,1,2024-12-28,wk inc flu hosp,quantile,0.45,361.10053793272914
38,2024-12-21,1,2024-12-28,wk inc flu hosp,quantile,0.45,4.936074342974622
39,2024-12-21,1,2024-12-28,wk inc flu hosp,quantile,0.45,353.24443088237365
40,2024-12-21,1,2024-12-28,wk inc flu hosp,quantile,0.45,139.51026782425805
41,2024-12-21,1,2024-12-28,wk inc flu hosp,quantile,0.45,337.9796243509941
42,2024-12-21,1,2024-12-28,wk inc flu hosp,quantile,0.45,580.8923680057317
44,2024-12-21,1,2024-12-28,wk inc flu hosp,quantile,0.45,54.27272222469431
45,2024-12-21,1,2024-12-28,wk inc flu hosp,quantile,0.45,144.23059449968912
46,2024-12-21,1,2024-12-28,wk inc flu hosp,quantile,0.45,21.931126215439388
47,2024-12-21,1,2024-12-28,wk inc flu hosp,quantile,0.45,389.2142765480772
48,2024-12-21,1,2024-12-28,wk inc flu hosp,quantile,0.45,1358.853674256215
49,2024-12-21,1,2024-12-28,wk inc flu hosp,quantile,0.45,150.21457383092127
50,2024-12-21,1,2024-12-28,wk inc flu hosp,quantile,0.45,15.693936919721946
51,2024-12-21,1,2024-12-28,wk inc flu hosp,quantile,0.45,256.750253964749
53,2024-12-21,1,2024-12-28,wk inc flu hosp,quantile,0.45,375.0240953875149
54,2024-12-21,1,2024-12-28,wk inc flu hosp,quantile,0.45,54.73889100370535
55,2024-12-21,1,2024-12-28,wk inc flu hosp,quantile,0.45,159.8854610099812
56,2024-12-21,1,2024-12-28,wk inc flu hosp,quantile,0.45,49.41249520291726
72,2024-12-21,1,2024-12-28,wk inc flu hosp,quantile,0.45,496.4273849102433
US,2024-12-21,1,2024-12-28,wk inc flu hosp,quantile,0.45,17849.536721643868
01,2024-12-21,2,2025-01-04,wk inc flu hosp,quantile,0.45,441.3072376621707
02,2024-12-21,2,2025-01-04,wk inc flu hosp,quantile,0.45,56.454879354802145
04,2024-12-21,2,2025-01-04,wk inc flu hosp,quantile,0.45,1158.9808955384133
05,2024-12-21,2,2025-01-04,wk inc flu hosp,quantile,0.45,141.16366845944623
06,2024-12-21,2,2025-01-04,wk inc flu hosp,quantile,0.45,2403.202360584261
08,2024-12-21,2,2025-01-04,wk inc flu hosp,quantile,0.45,339.92589052984124
09,2024-12-21,2,2025-01-04,wk inc flu hosp,quantile,0.45,102.38148985765226
10,2024-12-21,2,2025-01-04,wk inc flu hosp,quantile,0.45,44.592199226776174
11,2024-12-21,2,2025-01-04,wk inc flu hosp,quantile,0.45,22.66283428663067
12,2024-12-21,2,2025-01-04,wk inc flu hosp,quantile,0.45,1707.3473961279092
13,2024-12-21,2,2025-01-04,wk inc flu hosp,quantile,0.45,563.5583684446034
15,2024-12-21,2,2025-01-04,wk inc flu hosp,quantile,0.45,61.949493145542284
16,2024-12-21,2,2025-01-04,wk inc flu hosp,quantile,0.45,178.97466008391763
17,2024-12-21,2,2025-01-04,wk inc flu hosp,quantile,0.45,626.0594591611328
18,2024-12-21,2,2025-01-04,wk inc flu hosp,quantile,0.45,423.7939809063655
19,2024-12-21,2,2025-01-04,wk inc flu hosp,quantile,0.45,97.77446053977661
20,2024-12-21,2,2025-01-04,wk inc flu hosp,quantile,0.45,213.25254107460037
21,2024-12-21,2,2025-01-04,wk inc flu hosp,quantile,0.45,235.40800668096992
22,2024-12-21,2,2025-01-04,wk inc flu hosp,quantile,0.45,431.7564874285756
23,2024-12-21,2,2025-01-04,wk inc flu hosp,quantile,0.45,22.96372163541387
24,2024-12-21,2,2025-01-04,wk inc flu hosp,quantile,0.45,229.65095132429258
25,2024-12-21,2,2025-01-04,wk inc flu hosp,quantile,0.45,389.12537760115214
26,2024-12-21,2,2025-01-04,wk inc flu hosp,quantile,0.45,550.3245106066579
27,2024-12-21,2,2025-01-04,wk inc flu hosp,quantile,0.45,313.6009275097839
28,2024-12-21,2,2025-01-04,wk inc flu hosp,quantile,0.45,165.0318525485541
29,2024-12-21,2,2025-01-04,wk inc flu hosp,quantile,0.45,280.0543732259074
30,2024-12-21,2,2025-01-04,wk inc flu hosp,quantile,0.45,31.207350969155588
31,2024-12-21,2,2025-01-04,wk inc flu hosp,quantile,0.45,59.49144927984718
32,2024-12-21,2,2025-01-04,wk inc flu hosp,quantile,0.45,193.76562571365346
33,2024-12-21,2,2025-01-04,wk inc flu hosp,quantile,0.45,55.99362052353271
34,2024-12-21,2,2025-01-04,wk inc flu hosp,quantile,0.45,524.6075002445809
35,2024-12-21,2,2025-01-04,wk inc flu hosp,quantile,0.45,238.21976217075263
36,2024-12-21,2,2025-01-04,wk inc flu hosp,quantile,0.45,1207.2509299256003
37,2024-12-21,2,2025-01-04,wk inc flu hosp,quantile,0.45,490.64483459937594
38,2024-12-21,2,2025-01-04,wk inc flu hosp,quantile,0.45,8.815467169762242
39,2024-12-21,2,2025-01-04,wk inc flu hosp,quantile,0.45,493.24063330874907
40,2024-12-21,2,2025-01-04,wk inc flu hosp,quantile,0.45,208.7876823808295
41,2024-12-21,2,2025-01-04,wk inc flu hosp,quantile,0.45,367.9301596780894
42,2024-12-21,2,2025-01-04,wk inc flu hosp,quantile,0.45,798.1464095620421
44,2024-12-21,2,2025-01-04,wk inc flu hosp,quantile,0.45,69.65720237975032
45,2024-12-21,2,2025-01-04,wk inc flu hosp,quantile,0.45,200.08172721982808
46,2024-12-21,2,2025-01-04,wk inc flu hosp,quantile,0.45,31.850122340406
47,2024-12-21,2,2025-01-04,wk inc flu hosp,quantile,0.45,508.8892394297811
48,2024-12-21,2,2025-01-04,wk inc flu hosp,quantile,0.45,1790.3009365175214
49,2024-12-21,2,2025-01-04,wk inc flu hosp,quantile,0.45,160.09537520893912
50,2024-12-21,2,2025-01-04,wk inc flu hosp,quantile,0.45,22.587528194942017
51,2024-12-21,2,2025-01-04,wk inc flu hosp,quantile,0.45,352.1705327937624
53,2024-12-21,2,2025-01-04,wk inc flu hosp,quantile,0.45,491.7533818687051
54,2024-12-21,2,2025-01-04,wk inc flu hosp,quantile,0.45,79.39143600833654
55,2024-12-21,2,2025-01-04,wk inc flu hosp,quantile,0.45,229.7520734983814
56,2024-12-21,2,2025-01-04,wk inc flu hosp,quantile,0.45,64.16102402016617
72,2024-12-21,2,2025-01-04,wk inc flu hosp,quantile,0.45,496.319949242124
US,2024-12-21,2,2025-01-04,wk inc flu hosp,quantile,0.45,22634.17019583124
01,2024-12-21,3,2025-01-11,wk inc flu hosp,quantile,0.45,455.25025167928806
02,2024-12-21,3,2025-01-11,wk inc flu hosp,quantile,0.45,58.27159006494494
04,2024-12-21,3,2025-01-11,wk inc flu hosp,quantile,0.45,1111.9306722317467
05,2024-12-21,3,2025-01-11,wk inc flu hosp,quantile,0.45,161.37022577761067
06,2024-12-21,3,2025-01-11,wk inc flu hosp,quantile,0.45,2417.9369263175813
08,2024-12-21,3,2025-01-11,wk inc flu hosp,quantile,0.45,356.04962518336333
09,2024-12-21,3,2025-01-11,wk inc flu hosp,quantile,0.45,118.1811837643773
10,2024-12-21,3,2025-01-11,wk inc flu hosp,quantile,0.45,48.0850345181155
11,2024-12-21,3,2025-01-11,wk inc flu hosp,quantile,0.45,25.641417545938296
12,2024-12-21,3,2025-01-11,wk inc flu hosp,quantile,0.45,1757.787881745325
13,2024-12-21,3,2025-01-11,wk inc flu hosp,quantile,0.45,625.6937697801918
15,2024-12-21,3,2025-01-11,wk inc flu hosp,quantile,0.45,63.254788302556136
16,2024-12-21,3,2025-01-11,wk inc flu hosp,quantile,0.45,181.0511505890682
17,2024-12-21,3,2025-01-11,wk inc flu hosp,quantile,0.45,684.0785007431197
18,2024-12-21,3,2025-01-11,wk inc flu hosp,quantile,0.45,476.8015448365153
19,2024-12-21,3,2025-01-11,wk inc flu hosp,quantile,0.45,113.17621135638637
20,2024-12-21,3,2025-01-11,wk inc flu hosp,quantile,0.45,232.30622972627876
21,2024-12-21,3,2025-01-11,wk inc flu hosp,quantile,0.45,264.64071231243224
22,2024-12-21,3,2025-01-11,wk inc flu hosp,quantile,0.45,437.5157273128102
23,2024-12-21,3,2025-01-11,wk inc flu hosp,quantile,0.45,27.64689016721643
24,2024-12-21,3,2025-01-11,wk inc flu hosp,quantile,0.45,259.70292334964563
25,2024-12-21,3,2025-01-11,wk inc flu hosp,quantile,0.45,437.0150819266782
26,2024-12-21,3,2025-01-11,wk inc flu hosp,quantile,0.45,620.160118859518
27,2024-12-21,3,2025-01-11,wk inc flu hosp,quantile,0.45,344.8102116178715
28,2024-12-21,3,2025-01-11,wk inc flu hosp,quantile,0.45,185.02069105135791
29,2024-12-21,3,2025-01-11,wk inc flu hosp,quantile,0.45,320.89051580225737
30,2024-12-21,3,2025-01-11,wk inc flu hosp,quantile,0.45,36.36439050816525
31,2024-12-21,3,2025-01-11,wk inc flu hosp,quantile,0.45,68.31570164653158
32,2024-12-21,3,2025-01-11,wk inc flu hosp,quantile,0.45,199.20090754520726
33,2024-12-21,3,2025-01-11,wk inc flu hosp,quantile,0.45,58.43781672246693
34,2024-12-21,3,2025-01-11,wk inc flu hosp,quantile,0.45,584.0201068665374
35,2024-12-21,3,2025-01-11,wk inc flu hosp,quantile,0.45,245.0579451468758
36,2024-12-21,3,2025-01-11,wk inc flu hosp,quantile,0.45,1340.6531353787575
37,2024-12-21,3,2025-01-11,wk inc flu hosp,quantile,0.45,548.4075333487593
38,2024-12-21,3,2025-01-11,wk inc flu hosp,quantile,0.45,10.701515268856474
39,2024-12-21,3,2025-01-11,wk inc flu hosp,quantile,0.45,556.3888357299901
40,2024-12-21,3,2025-01-11,wk inc flu hosp,quantile,0.45,242.62193755340937
41,2024-12-21,3,2025-01-11,wk inc flu hosp,quantile,0.45,370.4008803597052
42,2024-12-21,3,2025-01-11,wk inc flu hosp,quantile,0.45,887.2896502614857
44,2024-12-21,3,2025-01-11,wk inc flu hosp,quantile,0.45,74.14177790947322
45,2024-12-21,3,2025-01-11,wk inc flu hosp,quantile,0.45,227.95950211610392
46,2024-12-21,3,2025-01-11,wk inc flu hosp,quantile,0.45,36.625801205919025
47,2024-12-21,3,2025-01-11,wk inc flu hosp,quantile,0.45,552.6157159537771
48,2024-12-21,3,2025-01-11,wk inc flu hosp,quantile,0.45,1929.5046542990922
49,2024-12-21,3,2025-01-11,wk inc flu hosp,quantile,0.45,157.7718273399619
50,2024-12-21,3,2025-01-11,wk inc flu hosp,quantile,0.45,25.87412181985941
51,2024-12-21,3,2025-01-11,wk inc flu hosp,quantile,0.45,395.3607881407573
53,2024-12-21,3,2025-01-11,wk inc flu hosp,quantile,0.45,531.8728337995341
54,2024-12-21,3,2025-01-11,wk inc flu hosp,quantile,0.45,91.40366042670529
55,2024-12-21,3,2025-01-11,wk inc flu hosp,quantile,0.45,262.75395667884635
56,2024-12-21,3,2025-01-11,wk inc flu hosp,quantile,0.45,69.40126527719939
72,2024-12-21,3,2025-01-11,wk inc flu hosp,quantile,0.45,484.93760956165954
US,2024-12-21,3,2025-01-11,wk inc flu hosp,quantile,0.45,23682.22427066106
01,2024-12-21,0,2024-12-21,wk inc flu hosp,quantile,0.5,273.45498489375
02,2024-12-21,0,2024-12-21,wk inc flu hosp,quantile,0.5,34.219012126680695
04,2024-12-21,0,2024-12-21,wk inc flu hosp,quantile,0.5,1201.8853616095357
05,2024-12-21,0,2024-12-21,wk inc flu hosp,quantile,0.5,66.67121588889678
06,2024-12-21,0,2024-12-21,wk inc flu hosp,quantile,0.5,1994.5003375473523
08,2024-12-21,0,2024-12-21,wk inc flu hosp,quantile,0.5,196.37307899601217
09,2024-12-21,0,2024-12-21,wk inc flu hosp,quantile,0.5,44.62580691881776
10,2024-12-21,0,2024-12-21,wk inc flu hosp,quantile,0.5,24.89956839559534
11,2024-12-21,0,2024-12-21,wk inc flu hosp,quantile,0.5,10.649984099599873
12,2024-12-21,0,2024-12-21,wk inc flu hosp,quantile,0.5,1222.7146018199771
13,2024-12-21,0,2024-12-21,wk inc flu hosp,quantile,0.5,309.3975479914226
15,2024-12-21,0,2024-12-21,wk inc flu hosp,quantile,0.5,43.323310916602985
16,2024-12-21,0,2024-12-21,wk inc flu hosp,quantile,0.5,145.09273557770052
17,2024-12-21,0,2024-12-21,wk inc flu hosp,quantile,0.5,343.59825412080966
18,2024-12-21,0,2024-12-21,wk inc flu hosp,quantile,0.5,216.08254642826475
19,2024-12-21,0,2024-12-21,wk inc flu hosp,quantile,0.5,43.32544520550919
20,2024-12-21,0,2024-12-21,wk inc flu hosp,quantile,0.5,123.1980677047312
21,2024-12-21,0,2024-12-21,wk inc flu hosp,quantile,0.5,120.638504095334
22,2024-12-21,0,2024-12-21,wk inc flu hosp,quantile,0.5,347.1282747628529
23,2024-12-21,0,2024-12-21,wk inc flu hosp,quantile,0.5,7.208150670151081
24,2024-12-21,0,2024-12-21,wk inc flu hosp,quantile,0.5,114.09348615539778
25,2024-12-21,0,2024-12-21,wk inc flu hosp,quantile,0.5,195.88633440492268
26,2024-12-21,0,2024-12-21,wk inc flu hosp,quantile,0.5,272.23858413054535
27,2024-12-21,0,2024-12-21,wk inc flu hosp,quantile,0.5,175.87932479147076
28,2024-12-21,0,2024-12-21,wk inc flu hosp,quantile,0.5,83.36741498306618
29,2024-12-21,0,2024-12-21,wk inc flu hosp,quantile,0.5,132.34657372619563
30,2024-12-21,0,2024-12-21,wk inc flu hosp,quantile,0.5,12.549877141641684
31,2024-12-21,0,2024-12-21,wk inc flu hosp,quantile,0.5,27.852996294110905
32,2024-12-21,0,2024-12-21,wk inc flu hosp,quantile,0.5,130.40856041103575
33,2024-12-21,0,2024-12-21,wk inc flu hosp,quantile,0.5,32.18523046803376
34,2024-12-21,0,2024-12-21,wk inc flu hosp,quantile,0.5,277.35548106699423
35,2024-12-21,0,2024-12-21,wk inc flu hosp,quantile,0.5,159.53825320359593
36,2024-12-21,0,2024-12-21,wk inc flu hosp,quantile,0.5,642.4945406066571
37,2024-12-21,0,2024-12-21,wk inc flu hosp,quantile,0.5,259.0018174653976
38,2024-12-21,0,2024-12-21,wk inc flu hosp,quantile,0.5,2.3127467787786893
39,2024-12-21,0,2024-12-21,wk inc flu hosp,quantile,0.5,242.2503991415076
40,2024-12-21,0,2024-12-21,wk inc flu hosp,quantile,0.5,89.9792752895374
41,2024-12-21,0,2024-12-21,wk inc flu hosp,quantile,0.5,289.31491575152654
42,2024-12-21,0,2024-12-21,wk inc flu hosp,quantile,0.5,418.2164690839386
44,2024-12-21,0,2024-12-21,wk inc flu hosp,quantile,0.5,41.06505863546856
45,2024-12-21,0,2024-12-21,wk inc flu hosp,quantile,0.5,100.21214719656504
46,2024-12-21,0,2024-12-21,wk inc flu hosp,quantile,0.5,14.482895580059855
47,2024-12-21,0,2024-12-21,wk inc flu hosp,quantile,0.5,292.9397011106006
48,2024-12-21,0,2024-12-21,wk inc flu hosp,quantile,0.5,990.2662738246466
49,2024-12-21,0,2024-12-21,wk inc flu hosp,quantile,0.5,123.41586018361082
50,2024-12-21,0,2024-12-21,wk inc flu hosp,quantile,0.5,10.493824904539679
51,2024-12-21,0,2024-12-21,wk inc flu hosp,quantile,0.5,182.4200128614984
53,2024-12-21,0,2024-12-21,wk inc flu hosp,quantile,0.5,277.3949728681665
54,2024-12-21,0,2024-12-21,wk inc flu hosp,quantile,0.5,36.44665236661764
55,2024-12-21,0,2024-12-21,wk inc flu hosp,quantile,0.5,107.14592822790226
56,2024-12-21,0,2024-12-21,wk inc flu hosp,quantile,0.5,37.773905666705176
72,2024-12-21,0,2024-12-21,wk inc flu hosp,quantile,0.5,487.75821356648066
US,2024-12-21,0,2024-12-21,wk inc flu hosp,quantile,0.5,13309.941577075357
01,2024-12-21,1,2024-12-28,wk inc flu hosp,quantile,0.5,373.75530047498904
02,2024-12-21,1,2024-12-28,wk inc flu hosp,quantile,0.5,47.08081405556918
04,2024-12-21,1,2024-12-28,wk inc flu hosp,quantile,0.5,1220.9052333448255
05,2024-12-21,1,2024-12-28,wk inc flu hosp,quantile,0.5,105.91781317232822
06,2024-12-21,1,2024-12-28,wk inc flu hosp,quantile,0.5,2289.885002797356
08,2024-12-21,1,2024-12-28,wk inc flu hosp,quantile,0.5,279.1576593847112
09,2024-12-21,1,2024-12-28,wk inc flu hosp,quantile,0.5,75.00864545549037
10,2024-12-21,1,2024-12-28,wk inc flu hosp,quantile,0.5,36.545143591539876
11,2024-12-21,1,2024-12-28,wk inc flu hosp,quantile,0.5,17.199465590839395
12,2024-12-21,1,2024-12-28,wk inc flu hosp,quantile,0.5,1541.5869751268822
13,2024-12-21,1,2024-12-28,wk inc flu hosp,quantile,0.5,447.8743543345088
15,2024-12-21,1,2024-12-28,wk inc flu hosp,quantile,0.5,55.37920190355145
16,2024-12-21,1,2024-12-28,wk inc flu hosp,quantile,0.5,166.9696248462406
17,2024-12-21,1,2024-12-28,wk inc flu hosp,quantile,0.5,498.36938387179083
18,2024-12-21,1,2024-12-28,wk inc flu hosp,quantile,0.5,325.92253264097974
19,2024-12-21,1,2024-12-28,wk inc flu hosp,quantile,0.5,71.95131550804858
20,2024-12-21,1,2024-12-28,wk inc flu hosp,quantile,0.5,174.47058603884105
21,2024-12-21,1,2024-12-28,wk inc flu hosp,quantile,0.5,182.72523016096224
22,2024-12-21,1,2024-12-28,wk inc flu hosp,quantile,0.5,411.30673066534183
23,2024-12-21,1,2024-12-28,wk inc flu hosp,quantile,0.5,15.370006575749544
24,2024-12-21,1,2024-12-28,wk inc flu hosp,quantile,0.5,175.6692326086929
25,2024-12-21,1,2024-12-28,wk inc flu hosp,quantile,0.5,299.50798115519234
26,2024-12-21,1,2024-12-28,wk inc flu hosp,quantile,0.5,421.33685828785
27,2024-12-21,1,2024-12-28,wk inc flu hosp,quantile,0.5,252.7554796618909
28,2024-12-21,1,2024-12-28,wk inc flu hosp,quantile,0.5,127.25159028465217
29,2024-12-21,1,2024-12-28,wk inc flu hosp,quantile,0.5,210.43485055180284
30,2024-12-21,1,2024-12-28,wk inc flu hosp,quantile,0.5,22.274524197379733
31,2024-12-21,1,2024-12-28,wk inc flu hosp,quantile,0.5,44.85033286319915
32,2024-12-21,1,2024-12-28,wk inc flu hosp,quantile,0.5,171.22427518282254
33,2024-12-21,1,2024-12-28,wk inc flu hosp,quantile,0.5,46.15895336627824
34,2024-12-21,1,2024-12-28,wk inc flu hosp,quantile,0.5,412.23633158024944
35,2024-12-21,1,2024-12-28,wk inc flu hosp,quantile,0.5,213.93760512234843
36,2024-12-21,1,2024-12-28,wk inc flu hosp,quantile,0.5,950.9134496138687
37,2024-12-21,1,2024-12-28,wk inc flu hosp,quantile,0.5,384.1718075074019
38,2024-12-21,1,2024-12-28,wk inc flu hosp,quantile,0.5,5.746386621493283
39,2024-12-21,1,2024-12-28,wk inc flu hosp,quantile,0.5,375.4733442233302
40,2024-12-21,1,2024-12-28,wk inc flu hosp,quantile,0.5,152.39814505721364
41,2024-12-21,1,2024-12-28,wk inc flu hosp,quantile,0.5,345.70330085678086
42,2024-12-21,1,2024-12-28,wk inc flu hosp,quantile,0.5,625.4094174738852
44,2024-12-21,1,2024-12-28,wk inc flu hosp,quantile,0.5,57.074888664820016
45,2024-12-21,1,2024-12-28,wk inc flu hosp,quantile,0.5,153.51417832556027
46,2024-12-21,1,2024-12-28,wk inc flu hosp,quantile,0.5,23.816368336938023
47,2024-12-21,1,2024-12-28,wk inc flu hosp,quantile,0.5,415.61337847418315
48,2024-12-21,1,2024-12-28,wk inc flu hosp,quantile,0.5,1437.8417475419874
49,2024-12-21,1,2024-12-28,wk inc flu hosp,quantile,0.5,150.90859207614136
50,2024-12-21,1,2024-12-28,wk inc flu hosp,quantile,0.5,16.89046635846808
51,2024-12-21,1,2024-12-28,wk inc flu hosp,quantile,0.5,273.0374412684199
53,2024-12-21,1,2024-12-28,wk inc flu hosp,quantile,0.5,395.27280352758333
54,2024-12-21,1,2024-12-28,wk inc flu hosp,quantile,0.5,59.31844774803293
55,2024-12-21,1,2024-12-28,wk inc flu hosp,quantile,0.5,172.42314117052217
56,2024-12-21,1,2024-12-28,wk inc flu hosp,quantile,0.5,52.71321269700417
72,2024-12-21,1,2024-12-28,wk inc flu hosp,quantile,0.5,496.8430092304118
US,2024-12-21,1,2024-12-28,wk inc flu hosp,quantile,0.5,18673.293267759444
01,2024-12-21,2,2025-01-04,wk inc flu hosp,quantile,0.5,467.6180599259698
02,2024-12-21,2,2025-01-04,wk inc flu hosp,quantile,0.5,58.88535482711775
04,2024-12-21,2,2025-01-04,wk inc flu hosp,quantile,0.5,1206.849064048813
05,2024-12-21,2,2025-01-04,wk inc flu hosp,quantile,0.5,151.03467057789737
06,2024-12-21,2,2025-01-04,wk inc flu hosp,quantile,0.5,2432.987742266437
08,2024-12-21,2,2025-01-04,wk inc flu hosp,quantile,0.5,359.6436743268567
09,2024-12-21,2,2025-01-04,wk inc flu hosp,quantile,0.5,110.35095901823675
10,2024-12-21,2,2025-01-04,wk inc flu hosp,quantile,0.5,48.156678140969255
11,2024-12-21,2,2025-01-04,wk inc flu hosp,quantile,0.5,24.536879050372512
12,2024-12-21,2,2025-01-04,wk inc flu hosp,quantile,0.5,1789.0341866848398
13,2024-12-21,2,2025-01-04,wk inc flu hosp,quantile,0.5,595.8542885553007
15,2024-12-21,2,2025-01-04,wk inc flu hosp,quantile,0.5,65.03626108364482
16,2024-12-21,2,2025-01-04,wk inc flu hosp,quantile,0.5,179.1810035238134
17,2024-12-21,2,2025-01-04,wk inc flu hosp,quantile,0.5,662.6194901152232
18,2024-12-21,2,2025-01-04,wk inc flu hosp,quantile,0.5,449.5560175451613
19,2024-12-21,2,2025-01-04,wk inc flu hosp,quantile,0.5,104.88767860102875
20,2024-12-21,2,2025-01-04,wk inc flu hosp,quantile,0.5,228.40824775991916
21,2024-12-21,2,2025-01-04,wk inc flu hosp,quantile,0.5,250.58275375698219
22,2024-12-21,2,2025-01-04,wk inc flu hosp,quantile,0.5,448.2214709926444
23,2024-12-21,2,2025-01-04,wk inc flu hosp,quantile,0.5,25.36660378857651
24,2024-12-21,2,2025-01-04,wk inc flu hosp,quantile,0.5,244.07544400328982
25,2024-12-21,2,2025-01-04,wk inc flu hosp,quantile,0.5,414.6208175535896
26,2024-12-21,2,2025-01-04,wk inc flu hosp,quantile,0.5,589.1549299321113
27,2024-12-21,2,2025-01-04,wk inc flu hosp,quantile,0.5,331.699848640471
28,2024-12-21,2,2025-01-04,wk inc flu hosp,quantile,0.5,176.6416630856313
29,2024-12-21,2,2025-01-04,wk inc flu hosp,quantile,0.5,300.4887001582647
30,2024-12-21,2,2025-01-04,wk inc flu hosp,quantile,0.5,33.837820564644915
31,2024-12-21,2,2025-01-04,wk inc flu hosp,quantile,0.5,63.817068953839524
32,2024-12-21,2,2025-01-04,wk inc flu hosp,quantile,0.5,203.05063244258093
33,2024-12-21,2,2025-01-04,wk inc flu hosp,quantile,0.5,58.09129936592064
34,2024-12-21,2,2025-01-04,wk inc flu hosp,quantile,0.5,559.6671924413151
35,2024-12-21,2,2025-01-04,wk inc flu hosp,quantile,0.5,259.83521303023497
36,2024-12-21,2,2025-01-04,wk inc flu hosp,quantile,0.5,1278.8029102886626
37,2024-12-21,2,2025-01-04,wk inc flu hosp,quantile,0.5,517.9735435739834
38,2024-12-21,2,2025-01-04,wk inc flu hosp,quantile,0.5,10.095166425483859
39,2024-12-21,2,2025-01-04,wk inc flu hosp,quantile,0.5,524.0462441022001
40,2024-12-21,2,2025-01-04,wk inc flu hosp,quantile,0.5,225.6937203706358
41,2024-12-21,2,2025-01-04,wk inc flu hosp,quantile,0.5,387.3376784734766
42,2024-12-21,2,2025-01-04,wk inc flu hosp,quantile,0.5,851.3305620833455
44,2024-12-21,2,2025-01-04,wk inc flu hosp,quantile,0.5,73.4744916651808
45,2024-12-21,2,2025-01-04,wk inc flu hosp,quantile,0.5,213.16006451012245
46,2024-12-21,2,2025-01-04,wk inc flu hosp,quantile,0.5,34.431893067877816
47,2024-12-21,2,2025-01-04,wk inc flu hosp,quantile,0.5,542.2553961144231
48,2024-12-21,2,2025-01-04,wk inc flu hosp,quantile,0.5,1901.3663352764145
49,2024-12-21,2,2025-01-04,wk inc flu hosp,quantile,0.5,166.7667445320988
50,2024-12-21,2,2025-01-04,wk inc flu hosp,quantile,0.5,24.152737932605515
51,2024-12-21,2,2025-01-04,wk inc flu hosp,quantile,0.5,373.7042820256049
53,2024-12-21,2,2025-01-04,wk inc flu hosp,quantile,0.5,519.824158156652
54,2024-12-21,2,2025-01-04,wk inc flu hosp,quantile,0.5,85.64608322032437
55,2024-12-21,2,2025-01-04,wk inc flu hosp,quantile,0.5,247.17503734426836
56,2024-12-21,2,2025-01-04,wk inc flu hosp,quantile,0.5,68.41930012363993
72,2024-12-21,2,2025-01-04,wk inc flu hosp,quantile,0.5,497.71559811472446
US,2024-12-21,2,2025-01-04,wk inc flu hosp,quantile,0.5,24059.664825708132
01,2024-12-21,3,2025-01-11,wk inc flu hosp,quantile,0.5,491.04377954274776
02,2024-12-21,3,2025-01-11,wk inc flu hosp,quantile,0.5,61.282235538227035
04,2024-12-21,3,2025-01-11,wk inc flu hosp,quantile,0.5,1167.3934776464798
05,2024-12-21,3,2025-01-11,wk inc flu hosp,quantile,0.5,176.23984329221622
06,2024-12-21,3,2025-01-11,wk inc flu hosp,quantile,0.5,2435.294690093017
08,2024-12-21,3,2025-01-11,wk inc flu hosp,quantile,0.5,386.47245099267343
09,2024-12-21,3,2025-01-11,wk inc flu hosp,quantile,0.5,129.86378445457206
10,2024-12-21,3,2025-01-11,wk inc flu hosp,quantile,0.5,52.66892229229314
11,2024-12-21,3,2025-01-11,wk inc flu hosp,quantile,0.5,28.235663510916467
12,2024-12-21,3,2025-01-11,wk inc flu hosp,quantile,0.5,1828.9135752097413
13,2024-12-21,3,2025-01-11,wk inc flu hosp,quantile,0.5,667.6604142733592
15,2024-12-21,3,2025-01-11,wk inc flu hosp,quantile,0.5,65.74282940316579
16,2024-12-21,3,2025-01-11,wk inc flu hosp,quantile,0.5,182.45476255891043
17,2024-12-21,3,2025-01-11,wk inc flu hosp,quantile,0.5,735.1575919216345
18,2024-12-21,3,2025-01-11,wk inc flu hosp,quantile,0.5,512.1485231258127
19,2024-12-21,3,2025-01-11,wk inc flu hosp,quantile,0.5,123.63555881265746
20,2024-12-21,3,2025-01-11,wk inc flu hosp,quantile,0.5,249.15850410482466
21,2024-12-21,3,2025-01-11,wk inc flu hosp,quantile,0.5,282.937763704629
22,2024-12-21,3,2025-01-11,wk inc flu hosp,quantile,0.5,451.60472750610893
23,2024-12-21,3,2025-01-11,wk inc flu hosp,quantile,0.5,31.09948056764785
24,2024-12-21,3,2025-01-11,wk inc flu hosp,quantile,0.5,279.38209273832854
25,2024-12-21,3,2025-01-11,wk inc flu hosp,quantile,0.5,471.850071767187
26,2024-12-21,3,2025-01-11,wk inc flu hosp,quantile,0.5,672.7212992052018
27,2024-12-21,3,2025-01-11,wk inc flu hosp,quantile,0.5,366.57307906869016
28,2024-12-21,3,2025-01-11,wk inc flu hosp,quantile,0.5,202.0047545126794
29,2024-12-21,3,2025-01-11,wk inc flu hosp,quantile,0.5,350.2571153690124
30,2024-12-21,3,2025-01-11,wk inc flu hosp,quantile,0.5,40.30681088250346
31,2024-12-21,3,2025-01-11,wk inc flu hosp,quantile,0.5,74.16506113750124
32,2024-12-21,3,2025-01-11,wk inc flu hosp,quantile,0.5,208.82230305755792
33,2024-12-21,3,2025-01-11,wk inc flu hosp,quantile,0.5,61.100695393388605
34,2024-12-21,3,2025-01-11,wk inc flu hosp,quantile,0.5,628.1561822326639
35,2024-12-21,3,2025-01-11,wk inc flu hosp,quantile,0.5,265.6950871259743
36,2024-12-21,3,2025-01-11,wk inc flu hosp,quantile,0.5,1427.1025177652664
37,2024-12-21,3,2025-01-11,wk inc flu hosp,quantile,0.5,585.9155176058215
38,2024-12-21,3,2025-01-11,wk inc flu hosp,quantile,0.5,12.273073518189769
39,2024-12-21,3,2025-01-11,wk inc flu hosp,quantile,0.5,601.9782537323251
40,2024-12-21,3,2025-01-11,wk inc flu hosp,quantile,0.5,266.9882628354699
41,2024-12-21,3,2025-01-11,wk inc flu hosp,quantile,0.5,385.7297168213445
42,2024-12-21,3,2025-01-11,wk inc flu hosp,quantile,0.5,965.4374981923447
44,2024-12-21,3,2025-01-11,wk inc flu hosp,quantile,0.5,79.13744544761533
45,2024-12-21,3,2025-01-11,wk inc flu hosp,quantile,0.5,244.87746470916562
46,2024-12-21,3,2025-01-11,wk inc flu hosp,quantile,0.5,40.302064685027815
47,2024-12-21,3,2025-01-11,wk inc flu hosp,quantile,0.5,593.1295547142383
48,2024-12-21,3,2025-01-11,wk inc flu hosp,quantile,0.5,2090.8918379853844
49,2024-12-21,3,2025-01-11,wk inc flu hosp,quantile,0.5,166.31362640765377
50,2024-12-21,3,2025-01-11,wk inc flu hosp,quantile,0.5,28.092546516530618
51,2024-12-21,3,2025-01-11,wk inc flu hosp,quantile,0.5,424.8968866749896
53,2024-12-21,3,2025-01-11,wk inc flu hosp,quantile,0.5,567.1180024440663
54,2024-12-21,3,2025-01-11,wk inc flu hosp,quantile,0.5,100.3709877759067
55,2024-12-21,3,2025-01-11,wk inc flu hosp,quantile,0.5,287.0441587386945
56,2024-12-21,3,2025-01-11,wk inc flu hosp,quantile,0.5,74.57113478890174
72,2024-12-21,3,2025-01-11,wk inc flu hosp,quantile,0.5,485.4640607487249
US,2024-12-21,3,2025-01-11,wk inc flu hosp,quantile,0.5,25867.20875317903
01,2024-12-21,0,2024-12-21,wk inc flu hosp,quantile,0.55,286.1935374282097
02,2024-12-21,0,2024-12-21,wk inc flu hosp,quantile,0.55,36.08217299124281
04,2024-12-21,0,2024-12-21,wk inc flu hosp,quantile,0.55,1210.43384097326
05,2024-12-21,0,2024-12-21,wk inc flu hosp,quantile,0.55,71.32087502086483
06,2024-12-21,0,2024-12-21,wk inc flu hosp,quantile,0.55,2004.142529749929
08,2024-12-21,0,2024-12-21,wk inc flu hosp,quantile,0.55,207.00336047268007
09,2024-12-21,0,2024-12-21,wk inc flu hosp,quantile,0.55,48.46003195122802
10,2024-12-21,0,2024-12-21,wk inc flu hosp,quantile,0.55,26.43815469252294
11,2024-12-21,0,2024-12-21,wk inc flu hosp,quantile,0.55,11.602184302576113
12,2024-12-21,0,2024-12-21,wk inc flu hosp,quantile,0.55,1223.756498973922
13,2024-12-21,0,2024-12-21,wk inc flu hosp,quantile,0.55,324.3299401560672
15,2024-12-21,0,2024-12-21,wk inc flu hosp,quantile,0.55,43.89016185779767
16,2024-12-21,0,2024-12-21,wk inc flu hosp,quantile,0.55,146.2174717673311
17,2024-12-21,0,2024-12-21,wk inc flu hosp,quantile,0.55,362.55283631550475
18,2024-12-21,0,2024-12-21,wk inc flu hosp,quantile,0.55,228.115712288273
19,2024-12-21,0,2024-12-21,wk inc flu hosp,quantile,0.55,46.61584553229191
20,2024-12-21,0,2024-12-21,wk inc flu hosp,quantile,0.55,129.38932294826955
21,2024-12-21,0,2024-12-21,wk inc flu hosp,quantile,0.55,128.39682013773137
22,2024-12-21,0,2024-12-21,wk inc flu hosp,quantile,0.55,350.87123793131167
23,2024-12-21,0,2024-12-21,wk inc flu hosp,quantile,0.55,8.270139930729854
24,2024-12-21,0,2024-12-21,wk inc flu hosp,quantile,0.55,121.09730318979096
25,2024-12-21,0,2024-12-21,wk inc flu hosp,quantile,0.55,208.94679255942955
26,2024-12-21,0,2024-12-21,wk inc flu hosp,quantile,0.55,289.3765954313093
27,2024-12-21,0,2024-12-21,wk inc flu hosp,quantile,0.55,185.055498628615
28,2024-12-21,0,2024-12-21,wk inc flu hosp,quantile,0.55,88.61490369774945
29,2024-12-21,0,2024-12-21,wk inc flu hosp,quantile,0.55,141.28765899307638
30,2024-12-21,0,2024-12-21,wk inc flu hosp,quantile,0.55,13.812846125473838
31,2024-12-21,0,2024-12-21,wk inc flu hosp,quantile,0.55,30.087276633616998
32,2024-12-21,0,2024-12-21,wk inc flu hosp,quantile,0.55,130.6640960388483
33,2024-12-21,0,2024-12-21,wk inc flu hosp,quantile,0.55,33.642486373840406
34,2024-12-21,0,2024-12-21,wk inc flu hosp,quantile,0.55,291.8675187467099
35,2024-12-21,0,2024-12-21,wk inc flu hosp,quantile,0.55,163.93208622278573
36,2024-12-21,0,2024-12-21,wk inc flu hosp,quantile,0.55,679.2448014316698
37,2024-12-21,0,2024-12-21,wk inc flu hosp,quantile,0.55,272.19495832275203
38,2024-12-21,0,2024-12-21,wk inc flu hosp,quantile,0.55,2.702633778053749
39,2024-12-21,0,2024-12-21,wk inc flu hosp,quantile,0.55,256.5116286345898
40,2024-12-21,0,2024-12-21,wk inc flu hosp,quantile,0.55,97.105058090739
41,2024-12-21,0,2024-12-21,wk inc flu hosp,quantile,0.55,291.1895793218711
42,2024-12-21,0,2024-12-21,wk inc flu hosp,quantile,0.55,443.4714984151689
44,2024-12-21,0,2024-12-21,wk inc flu hosp,quantile,0.55,43.52287953093207
45,2024-12-21,0,2024-12-21,wk inc flu hosp,quantile,0.55,105.7887548811277
46,2024-12-21,0,2024-12-21,wk inc flu hosp,quantile,0.55,15.70953366259977
47,2024-12-21,0,2024-12-21,wk inc flu hosp,quantile,0.55,311.4066413643376
48,2024-12-21,0,2024-12-21,wk inc flu hosp,quantile,0.55,1043.0689590291436
49,2024-12-21,0,2024-12-21,wk inc flu hosp,quantile,0.55,124.40728021741772
50,2024-12-21,0,2024-12-21,wk inc flu hosp,quantile,0.55,11.334623896788822
51,2024-12-21,0,2024-12-21,wk inc flu hosp,quantile,0.55,193.08737885975148
53,2024-12-21,0,2024-12-21,wk inc flu hosp,quantile,0.55,290.627022584767
54,2024-12-21,0,2024-12-21,wk inc flu hosp,quantile,0.55,39.32472607453273
55,2024-12-21,0,2024-12-21,wk inc flu hosp,quantile,0.55,114.50160327477101
56,2024-12-21,0,2024-12-21,wk inc flu hosp,quantile,0.55,40.24934763781619
72,2024-12-21,0,2024-12-21,wk inc flu hosp,quantile,0.55,491.9921749904336
US,2024-12-21,0,2024-12-21,wk inc flu hosp,quantile,0.55,13931.56812946955
01,2024-12-21,1,2024-12-28,wk inc flu hosp,quantile,0.55,392.60805980857873
02,2024-12-21,1,2024-12-28,wk inc flu hosp,quantile,0.55,50.054972181926566
04,2024-12-21,1,2024-12-28,wk inc flu hosp,quantile,0.55,1221.8475579653852
05,2024-12-21,1,2024-12-28,wk inc flu hosp,quantile,0.55,113.38112014256099
06,2024-12-21,1,2024-12-28,wk inc flu hosp,quantile,0.55,2373.104751436516
08,2024-12-21,1,2024-12-28,wk inc flu hosp,quantile,0.55,294.1244631699588
09,2024-12-21,1,2024-12-28,wk inc flu hosp,quantile,0.55,80.67087931106201
10,2024-12-21,1,2024-12-28,wk inc flu hosp,quantile,0.55,38.93438280175259
11,2024-12-21,1,2024-12-28,wk inc flu hosp,quantile,0.55,18.64132143656645
12,2024-12-21,1,2024-12-28,wk inc flu hosp,quantile,0.55,1611.2254531755912
13,2024-12-21,1,2024-12-28,wk inc flu hosp,quantile,0.55,468.57723709649576
15,2024-12-21,1,2024-12-28,wk inc flu hosp,quantile,0.55,58.396058351990824
16,2024-12-21,1,2024-12-28,wk inc flu hosp,quantile,0.55,174.38494373545768
17,2024-12-21,1,2024-12-28,wk inc flu hosp,quantile,0.55,524.0417827277454
18,2024-12-21,1,2024-12-28,wk inc flu hosp,quantile,0.55,343.43138550765303
19,2024-12-21,1,2024-12-28,wk inc flu hosp,quantile,0.55,77.09946911002648
20,2024-12-21,1,2024-12-28,wk inc flu hosp,quantile,0.55,183.3185942653394
21,2024-12-21,1,2024-12-28,wk inc flu hosp,quantile,0.55,194.07468292945248
22,2024-12-21,1,2024-12-28,wk inc flu hosp,quantile,0.55,422.11845339617247
23,2024-12-21,1,2024-12-28,wk inc flu hosp,quantile,0.55,17.026435750360573
24,2024-12-21,1,2024-12-28,wk inc flu hosp,quantile,0.55,185.8485624271894
25,2024-12-21,1,2024-12-28,wk inc flu hosp,quantile,0.55,317.3618781347601
26,2024-12-21,1,2024-12-28,wk inc flu hosp,quantile,0.55,446.6124829046514
27,2024-12-21,1,2024-12-28,wk inc flu hosp,quantile,0.55,266.0140887858021
28,2024-12-21,1,2024-12-28,wk inc flu hosp,quantile,0.55,135.8239613771934
29,2024-12-21,1,2024-12-28,wk inc flu hosp,quantile,0.55,224.623084392189
30,2024-12-21,1,2024-12-28,wk inc flu hosp,quantile,0.55,24.352554517821147
31,2024-12-21,1,2024-12-28,wk inc flu hosp,quantile,0.55,48.15767012226311
32,2024-12-21,1,2024-12-28,wk inc flu hosp,quantile,0.55,181.54526197774186
33,2024-12-21,1,2024-12-28,wk inc flu hosp,quantile,0.55,48.73199741853142
34,2024-12-21,1,2024-12-28,wk inc flu hosp,quantile,0.55,434.1945516732538
35,2024-12-21,1,2024-12-28,wk inc flu hosp,quantile,0.55,230.30184653167032
36,2024-12-21,1,2024-12-28,wk inc flu hosp,quantile,0.55,1002.9527545358386
37,2024-12-21,1,2024-12-28,wk inc flu hosp,quantile,0.55,402.7832131032743
38,2024-12-21,1,2024-12-28,wk inc flu hosp,quantile,0.55,6.445779868314404
39,2024-12-21,1,2024-12-28,wk inc flu hosp,quantile,0.55,397.39092458828395
40,2024-12-21,1,2024-12-28,wk inc flu hosp,quantile,0.55,164.21016876891113
41,2024-12-21,1,2024-12-28,wk inc flu hosp,quantile,0.55,364.1631988379018
42,2024-12-21,1,2024-12-28,wk inc flu hosp,quantile,0.55,661.779122897482
44,2024-12-21,1,2024-12-28,wk inc flu hosp,quantile,0.55,60.74883388537592
45,2024-12-21,1,2024-12-28,wk inc flu hosp,quantile,0.55,162.44244043540547
46,2024-12-21,1,2024-12-28,wk inc flu hosp,quantile,0.55,25.718815331543414
47,2024-12-21,1,2024-12-28,wk inc flu hosp,quantile,0.55,443.89609240812763
48,2024-12-21,1,2024-12-28,wk inc flu hosp,quantile,0.55,1518.8457179728266
49,2024-12-21,1,2024-12-28,wk inc flu hosp,quantile,0.55,156.27442157948562
50,2024-12-21,1,2024-12-28,wk inc flu hosp,quantile,0.55,18.171769366971077
51,2024-12-21,1,2024-12-28,wk inc flu hosp,quantile,0.55,288.43173412586293
53,2024-12-21,1,2024-12-28,wk inc flu hosp,quantile,0.55,415.4727517264007
54,2024-12-21,1,2024-12-28,wk inc flu hosp,quantile,0.55,63.93728238152722
55,2024-12-21,1,2024-12-28,wk inc flu hosp,quantile,0.55,183.75942767791926
56,2024-12-21,1,2024-12-28,wk inc flu hosp,quantile,0.55,55.96306521740054
72,2024-12-21,1,2024-12-28,wk inc flu hosp,quantile,0.55,501.17233133386344
US,2024-12-21,1,2024-12-28,wk inc flu hosp,quantile,0.55,19600.643040856732
01,2024-12-21,2,2025-01-04,wk inc flu hosp,quantile,0.55,496.77533899613843
02,2024-12-21,2,2025-01-04,wk inc flu hosp,quantile,0.55,62.69995785283568
04,2024-12-21,2,2025-01-04,wk inc flu hosp,quantile,0.55,1212.930054284289
05,2024-12-21,2,2025-01-04,wk inc flu hosp,quantile,0.55,161.83746903933945
06,2024-12-21,2,2025-01-04,wk inc flu hosp,quantile,0.55,2550.5934814401953
08,2024-12-21,2,2025-01-04,wk inc flu hosp,quantile,0.55,379.2645813610509
09,2024-12-21,2,2025-01-04,wk inc flu hosp,quantile,0.55,118.90097399881031
10,2024-12-21,2,2025-01-04,wk inc flu hosp,quantile,0.55,51.292513023047
11,2024-12-21,2,2025-01-04,wk inc flu hosp,quantile,0.55,26.55545182921985
12,2024-12-21,2,2025-01-04,wk inc flu hosp,quantile,0.55,1927.5296940375579
13,2024-12-21,2,2025-01-04,wk inc flu hosp,quantile,0.55,623.615284736658
15,2024-12-21,2,2025-01-04,wk inc flu hosp,quantile,0.55,70.29628188724062
16,2024-12-21,2,2025-01-04,wk inc flu hosp,quantile,0.55,188.2665158972853
17,2024-12-21,2,2025-01-04,wk inc flu hosp,quantile,0.55,697.8361258547397
18,2024-12-21,2,2025-01-04,wk inc flu hosp,quantile,0.55,474.05616955411
19,2024-12-21,2,2025-01-04,wk inc flu hosp,quantile,0.55,112.78500936024902
20,2024-12-21,2,2025-01-04,wk inc flu hosp,quantile,0.55,240.83879565816895
21,2024-12-21,2,2025-01-04,wk inc flu hosp,quantile,0.55,265.491846475939
22,2024-12-21,2,2025-01-04,wk inc flu hosp,quantile,0.55,470.2400023936177
23,2024-12-21,2,2025-01-04,wk inc flu hosp,quantile,0.55,27.96689629990874
24,2024-12-21,2,2025-01-04,wk inc flu hosp,quantile,0.55,258.3230799081645
25,2024-12-21,2,2025-01-04,wk inc flu hosp,quantile,0.55,439.9093275579759
26,2024-12-21,2,2025-01-04,wk inc flu hosp,quantile,0.55,624.5729653988435
27,2024-12-21,2,2025-01-04,wk inc flu hosp,quantile,0.55,347.6917389812482
28,2024-12-21,2,2025-01-04,wk inc flu hosp,quantile,0.55,189.22742465943904
29,2024-12-21,2,2025-01-04,wk inc flu hosp,quantile,0.55,321.22556128571927
30,2024-12-21,2,2025-01-04,wk inc flu hosp,quantile,0.55,36.80522035347406
31,2024-12-21,2,2025-01-04,wk inc flu hosp,quantile,0.55,68.89915512671091
32,2024-12-21,2,2025-01-04,wk inc flu hosp,quantile,0.55,221.68216060872675
33,2024-12-21,2,2025-01-04,wk inc flu hosp,quantile,0.55,62.15545798929626
34,2024-12-21,2,2025-01-04,wk inc flu hosp,quantile,0.55,588.8193079788496
35,2024-12-21,2,2025-01-04,wk inc flu hosp,quantile,0.55,289.9572573742786
36,2024-12-21,2,2025-01-04,wk inc flu hosp,quantile,0.55,1348.391775498937
37,2024-12-21,2,2025-01-04,wk inc flu hosp,quantile,0.55,545.8254692272532
38,2024-12-21,2,2025-01-04,wk inc flu hosp,quantile,0.55,11.23202971300613
39,2024-12-21,2,2025-01-04,wk inc flu hosp,quantile,0.55,555.6590849203491
40,2024-12-21,2,2025-01-04,wk inc flu hosp,quantile,0.55,244.2686669028541
41,2024-12-21,2,2025-01-04,wk inc flu hosp,quantile,0.55,411.71047240394796
42,2024-12-21,2,2025-01-04,wk inc flu hosp,quantile,0.55,902.2421923830029
44,2024-12-21,2,2025-01-04,wk inc flu hosp,quantile,0.55,78.4772473827439
45,2024-12-21,2,2025-01-04,wk inc flu hosp,quantile,0.55,225.81577249933179
46,2024-12-21,2,2025-01-04,wk inc flu hosp,quantile,0.55,37.21428629606435
47,2024-12-21,2,2025-01-04,wk inc flu hosp,quantile,0.55,577.4818174261383
48,2024-12-21,2,2025-01-04,wk inc flu hosp,quantile,0.55,2005.016829971902
49,2024-12-21,2,2025-01-04,wk inc flu hosp,quantile,0.55,178.89780615832814
50,2024-12-21,2,2025-01-04,wk inc flu hosp,quantile,0.55,26.068842574672672
51,2024-12-21,2,2025-01-04,wk inc flu hosp,quantile,0.55,393.2196198686323
53,2024-12-21,2,2025-01-04,wk inc flu hosp,quantile,0.55,544.3988487774506
54,2024-12-21,2,2025-01-04,wk inc flu hosp,quantile,0.55,92.3472406672518
55,2024-12-21,2,2025-01-04,wk inc flu hosp,quantile,0.55,262.87967250393206
56,2024-12-21,2,2025-01-04,wk inc flu hosp,quantile,0.55,72.5021858471805
72,2024-12-21,2,2025-01-04,wk inc flu hosp,quantile,0.55,497.83459384702644
US,2024-12-21,2,2025-01-04,wk inc flu hosp,quantile,0.55,25284.725413501186
01,2024-12-21,3,2025-01-11,wk inc flu hosp,quantile,0.55,521.3153327859296
02,2024-12-21,3,2025-01-11,wk inc flu hosp,quantile,0.55,65.48667088046703
04,2024-12-21,3,2025-01-11,wk inc flu hosp,quantile,0.55,1167.682874452393
05,2024-12-21,3,2025-01-11,wk inc flu hosp,quantile,0.55,191.13621660903
06,2024-12-21,3,2025-01-11,wk inc flu hosp,quantile,0.55,2522.330905307415
08,2024-12-21,3,2025-01-11,wk inc flu hosp,quantile,0.55,408.4584384885497
09,2024-12-21,3,2025-01-11,wk inc flu hosp,quantile,0.55,142.13341682733613
10,2024-12-21,3,2025-01-11,wk inc flu hosp,quantile,0.55,56.31525492814891
11,2024-12-21,3,2025-01-11,wk inc flu hosp,quantile,0.55,31.136747317046346
12,2024-12-21,3,2025-01-11,wk inc flu hosp,quantile,0.55,1945.4224098195627
13,2024-12-21,3,2025-01-11,wk inc flu hosp,quantile,0.55,711.5362853330117
15,2024-12-21,3,2025-01-11,wk inc flu hosp,quantile,0.55,71.36598202978007
16,2024-12-21,3,2025-01-11,wk inc flu hosp,quantile,0.55,188.10183458864947
17,2024-12-21,3,2025-01-11,wk inc flu hosp,quantile,0.55,780.257308569991
18,2024-12-21,3,2025-01-11,wk inc flu hosp,quantile,0.55,550.9925656129205
19,2024-12-21,3,2025-01-11,wk inc flu hosp,quantile,0.55,135.15797114000543
20,2024-12-21,3,2025-01-11,wk inc flu hosp,quantile,0.55,263.41226320247983
21,2024-12-21,3,2025-01-11,wk inc flu hosp,quantile,0.55,304.8541616611366
22,2024-12-21,3,2025-01-11,wk inc flu hosp,quantile,0.55,471.10720771238834
23,2024-12-21,3,2025-01-11,wk inc flu hosp,quantile,0.55,35.04813607194293
24,2024-12-21,3,2025-01-11,wk inc flu hosp,quantile,0.55,300.68196265783894
25,2024-12-21,3,2025-01-11,wk inc flu hosp,quantile,0.55,509.96009379511275
26,2024-12-21,3,2025-01-11,wk inc flu hosp,quantile,0.55,725.9031086617679
27,2024-12-21,3,2025-01-11,wk inc flu hosp,quantile,0.55,389.5863542953428
28,2024-12-21,3,2025-01-11,wk inc flu hosp,quantile,0.55,219.33742928176005
29,2024-12-21,3,2025-01-11,wk inc flu hosp,quantile,0.55,380.4813539253783
30,2024-12-21,3,2025-01-11,wk inc flu hosp,quantile,0.55,44.54247062388785
31,2024-12-21,3,2025-01-11,wk inc flu hosp,quantile,0.55,81.7569538326679
32,2024-12-21,3,2025-01-11,wk inc flu hosp,quantile,0.55,225.76927361247664
33,2024-12-21,3,2025-01-11,wk inc flu hosp,quantile,0.55,65.08053059686146
34,2024-12-21,3,2025-01-11,wk inc flu hosp,quantile,0.55,674.1674675812951
35,2024-12-21,3,2025-01-11,wk inc flu hosp,quantile,0.55,297.9748622493867
36,2024-12-21,3,2025-01-11,wk inc flu hosp,quantile,0.55,1529.6524801224325
37,2024-12-21,3,2025-01-11,wk inc flu hosp,quantile,0.55,627.7650248944763
38,2024-12-21,3,2025-01-11,wk inc flu hosp,quantile,0.55,14.18609517647809
39,2024-12-21,3,2025-01-11,wk inc flu hosp,quantile,0.55,647.8765137595641
40,2024-12-21,3,2025-01-11,wk inc flu hosp,quantile,0.55,295.5692853743762
41,2024-12-21,3,2025-01-11,wk inc flu hosp,quantile,0.55,406.18777023404783
42,2024-12-21,3,2025-01-11,wk inc flu hosp,quantile,0.55,1027.569030698986
44,2024-12-21,3,2025-01-11,wk inc flu hosp,quantile,0.55,84.91416184329772
45,2024-12-21,3,2025-01-11,wk inc flu hosp,quantile,0.55,264.80682961437265
46,2024-12-21,3,2025-01-11,wk inc flu hosp,quantile,0.55,44.23593824863264
47,2024-12-21,3,2025-01-11,wk inc flu hosp,quantile,0.55,630.2344155290469
48,2024-12-21,3,2025-01-11,wk inc flu hosp,quantile,0.55,2225.2815814130076
49,2024-12-21,3,2025-01-11,wk inc flu hosp,quantile,0.55,178.12297643487184
50,2024-12-21,3,2025-01-11,wk inc flu hosp,quantile,0.55,30.881158688746485
51,2024-12-21,3,2025-01-11,wk inc flu hosp,quantile,0.55,457.2289227315636
53,2024-12-21,3,2025-01-11,wk inc flu hosp,quantile,0.55,595.535959975177
54,2024-12-21,3,2025-01-11,wk inc flu hosp,quantile,0.55,110.44061235308124
55,2024-12-21,3,2025-01-11,wk inc flu hosp,quantile,0.55,312.33975513411434
56,2024-12-21,3,2025-01-11,wk inc flu hosp,quantile,0.55,80.00124594271347
72,2024-12-21,3,2025-01-11,wk inc flu hosp,quantile,0.55,486.49950180664257
US,2024-12-21,3,2025-01-11,wk inc flu hosp,quantile,0.55,27165.07168057391
01,2024-12-21,0,2024-12-21,wk inc flu hosp,quantile,0.6,297.45133725419413
02,2024-12-21,0,2024-12-21,wk inc flu hosp,quantile,0.6,37.79263582868881
04,2024-12-21,0,2024-12-21,wk inc flu hosp,quantile,0.6,1223.4721286315303
05,2024-12-21,0,2024-12-21,wk inc flu hosp,quantile,0.6,74.43878464542625
06,2024-12-21,0,2024-12-21,wk inc flu hosp,quantile,0.6,2004.5009002699649
08,2024-12-21,0,2024-12-21,wk inc flu hosp,quantile,0.6,214.63694108238016
09,2024-12-21,0,2024-12-21,wk inc flu hosp,quantile,0.6,50.77310308264214
10,2024-12-21,0,2024-12-21,wk inc flu hosp,quantile,0.6,27.298008364131704
11,2024-12-21,0,2024-12-21,wk inc flu hosp,quantile,0.6,12.073615762871528
12,2024-12-21,0,2024-12-21,wk inc flu hosp,quantile,0.6,1252.8274022013682
13,2024-12-21,0,2024-12-21,wk inc flu hosp,quantile,0.6,336.76336901953516
15,2024-12-21,0,2024-12-21,wk inc flu hosp,quantile,0.6,45.79445535568781
16,2024-12-21,0,2024-12-21,wk inc flu hosp,quantile,0.6,148.3657140108891
17,2024-12-21,0,2024-12-21,wk inc flu hosp,quantile,0.6,376.6021748995797
18,2024-12-21,0,2024-12-21,wk inc flu hosp,quantile,0.6,237.4495763802818
19,2024-12-21,0,2024-12-21,wk inc flu hosp,quantile,0.6,48.902884334770896
20,2024-12-21,0,2024-12-21,wk inc flu hosp,quantile,0.6,133.10403391573877
21,2024-12-21,0,2024-12-21,wk inc flu hosp,quantile,0.6,134.3074332305254
22,2024-12-21,0,2024-12-21,wk inc flu hosp,quantile,0.6,353.25261587957107
23,2024-12-21,0,2024-12-21,wk inc flu hosp,quantile,0.6,8.799685090679967
24,2024-12-21,0,2024-12-21,wk inc flu hosp,quantile,0.6,125.88960918394014
25,2024-12-21,0,2024-12-21,wk inc flu hosp,quantile,0.6,217.84511458690628
26,2024-12-21,0,2024-12-21,wk inc flu hosp,quantile,0.6,303.6638097697442
27,2024-12-21,0,2024-12-21,wk inc flu hosp,quantile,0.6,193.00355597441822
28,2024-12-21,0,2024-12-21,wk inc flu hosp,quantile,0.6,92.4044038232355
29,2024-12-21,0,2024-12-21,wk inc flu hosp,quantile,0.6,148.33863476998806
30,2024-12-21,0,2024-12-21,wk inc flu hosp,quantile,0.6,14.621329475470958
31,2024-12-21,0,2024-12-21,wk inc flu hosp,quantile,0.6,31.341156338522296
32,2024-12-21,0,2024-12-21,wk inc flu hosp,quantile,0.6,134.97026427254949
33,2024-12-21,0,2024-12-21,wk inc flu hosp,quantile,0.6,35.26388902659289
34,2024-12-21,0,2024-12-21,wk inc flu hosp,quantile,0.6,304.44757246808524
35,2024-12-21,0,2024-12-21,wk inc flu hosp,quantile,0.6,170.9616592719998
36,2024-12-21,0,2024-12-21,wk inc flu hosp,quantile,0.6,710.1174338815647
37,2024-12-21,0,2024-12-21,wk inc flu hosp,quantile,0.6,283.4650574148194
38,2024-12-21,0,2024-12-21,wk inc flu hosp,quantile,0.6,2.9799191248451535
39,2024-12-21,0,2024-12-21,wk inc flu hosp,quantile,0.6,269.8125626857802
40,2024-12-21,0,2024-12-21,wk inc flu hosp,quantile,0.6,101.79394226638264
41,2024-12-21,0,2024-12-21,wk inc flu hosp,quantile,0.6,294.8674211942734
42,2024-12-21,0,2024-12-21,wk inc flu hosp,quantile,0.6,462.0041870478732
44,2024-12-21,0,2024-12-21,wk inc flu hosp,quantile,0.6,44.64215340405861
45,2024-12-21,0,2024-12-21,wk inc flu hosp,quantile,0.6,111.12276345989406
46,2024-12-21,0,2024-12-21,wk inc flu hosp,quantile,0.6,16.484996980064018
47,2024-12-21,0,2024-12-21,wk inc flu hosp,quantile,0.6,323.80510148924435
48,2024-12-21,0,2024-12-21,wk inc flu hosp,quantile,0.6,1079.2088527666044
49,2024-12-21,0,2024-12-21,wk inc flu hosp,quantile,0.6,126.52285240821394
50,2024-12-21,0,2024-12-21,wk inc flu hosp,quantile,0.6,11.8777756708716
51,2024-12-21,0,2024-12-21,wk inc flu hosp,quantile,0.6,202.66450339251023
53,2024-12-21,0,2024-12-21,wk inc flu hosp,quantile,0.6,302.0159204219865
54,2024-12-21,0,2024-12-21,wk inc flu hosp,quantile,0.6,41.32982058518338
55,2024-12-21,0,2024-12-21,wk inc flu hosp,quantile,0.6,119.64467271054437
56,2024-12-21,0,2024-12-21,wk inc flu hosp,quantile,0.6,41.571824304977866
72,2024-12-21,0,2024-12-21,wk inc flu hosp,quantile,0.6,493.02661163821625
US,2024-12-21,0,2024-12-21,wk inc flu hosp,quantile,0.6,14299.94773694945
01,2024-12-21,1,2024-12-28,wk inc flu hosp,quantile,0.6,417.2082833478337
02,2024-12-21,1,2024-12-28,wk inc flu hosp,quantile,0.6,53.24416816440116
04,2024-12-21,1,2024-12-28,wk inc flu hosp,quantile,0.6,1242.3953992429272
05,2024-12-21,1,2024-12-28,wk inc flu hosp,quantile,0.6,120.98762972606525
06,2024-12-21,1,2024-12-28,wk inc flu hosp,quantile,0.6,2519.2687158762947
08,2024-12-21,1,2024-12-28,wk inc flu hosp,quantile,0.6,310.39976939096266
09,2024-12-21,1,2024-12-28,wk inc flu hosp,quantile,0.6,86.71820796090672
10,2024-12-21,1,2024-12-28,wk inc flu hosp,quantile,0.6,40.91625702357846
11,2024-12-21,1,2024-12-28,wk inc flu hosp,quantile,0.6,19.865902450463512
12,2024-12-21,1,2024-12-28,wk inc flu hosp,quantile,0.6,1703.7895598999771
13,2024-12-21,1,2024-12-28,wk inc flu hosp,quantile,0.6,497.27587556874005
15,2024-12-21,1,2024-12-28,wk inc flu hosp,quantile,0.6,62.108760198624125
16,2024-12-21,1,2024-12-28,wk inc flu hosp,quantile,0.6,186.63400774151341
17,2024-12-21,1,2024-12-28,wk inc flu hosp,quantile,0.6,558.6000964753943
18,2024-12-21,1,2024-12-28,wk inc flu hosp,quantile,0.6,365.82122505092474
19,2024-12-21,1,2024-12-28,wk inc flu hosp,quantile,0.6,82.85656292567995
20,2024-12-21,1,2024-12-28,wk inc flu hosp,quantile,0.6,193.2177566925263
21,2024-12-21,1,2024-12-28,wk inc flu hosp,quantile,0.6,207.45488229077753
22,2024-12-21,1,2024-12-28,wk inc flu hosp,quantile,0.6,454.06007334345446
23,2024-12-21,1,2024-12-28,wk inc flu hosp,quantile,0.6,18.762300612553048
24,2024-12-21,1,2024-12-28,wk inc flu hosp,quantile,0.6,198.3816572985324
25,2024-12-21,1,2024-12-28,wk inc flu hosp,quantile,0.6,339.5016321237158
26,2024-12-21,1,2024-12-28,wk inc flu hosp,quantile,0.6,480.51513767165477
27,2024-12-21,1,2024-12-28,wk inc flu hosp,quantile,0.6,281.91269357422345
28,2024-12-21,1,2024-12-28,wk inc flu hosp,quantile,0.6,144.95774879435885
29,2024-12-21,1,2024-12-28,wk inc flu hosp,quantile,0.6,240.59425348897037
30,2024-12-21,1,2024-12-28,wk inc flu hosp,quantile,0.6,26.292832627715253
31,2024-12-21,1,2024-12-28,wk inc flu hosp,quantile,0.6,51.39180589544128
32,2024-12-21,1,2024-12-28,wk inc flu hosp,quantile,0.6,194.37147010594737
33,2024-12-21,1,2024-12-28,wk inc flu hosp,quantile,0.6,51.86453573015346
34,2024-12-21,1,2024-12-28,wk inc flu hosp,quantile,0.6,462.4842237633092
35,2024-12-21,1,2024-12-28,wk inc flu hosp,quantile,0.6,245.60891468518247
36,2024-12-21,1,2024-12-28,wk inc flu hosp,quantile,0.6,1073.5138792228047
37,2024-12-21,1,2024-12-28,wk inc flu hosp,quantile,0.6,428.69134354005615
38,2024-12-21,1,2024-12-28,wk inc flu hosp,quantile,0.6,7.207742590511738
39,2024-12-21,1,2024-12-28,wk inc flu hosp,quantile,0.6,426.5255390463162
40,2024-12-21,1,2024-12-28,wk inc flu hosp,quantile,0.6,176.66218645288126
41,2024-12-21,1,2024-12-28,wk inc flu hosp,quantile,0.6,390.87929742167637
42,2024-12-21,1,2024-12-28,wk inc flu hosp,quantile,0.6,707.7198740306612
44,2024-12-21,1,2024-12-28,wk inc flu hosp,quantile,0.6,63.66219986423871
45,2024-12-21,1,2024-12-28,wk inc flu hosp,quantile,0.6,173.926321162066
46,2024-12-21,1,2024-12-28,wk inc flu hosp,quantile,0.6,27.51565626278209
47,2024-12-21,1,2024-12-28,wk inc flu hosp,quantile,0.6,470.9537226928132
48,2024-12-21,1,2024-12-28,wk inc flu hosp,quantile,0.6,1604.7227495482516
49,2024-12-21,1,2024-12-28,wk inc flu hosp,quantile,0.6,164.13842561844152
50,2024-12-21,1,2024-12-28,wk inc flu hosp,quantile,0.6,19.496465687477418
51,2024-12-21,1,2024-12-28,wk inc flu hosp,quantile,0.6,308.39933983934503
53,2024-12-21,1,2024-12-28,wk inc flu hosp,quantile,0.6,441.2945688979002
54,2024-12-21,1,2024-12-28,wk inc flu hosp,quantile,0.6,68.77087041748287
55,2024-12-21,1,2024-12-28,wk inc flu hosp,quantile,0.6,197.54460592222713
56,2024-12-21,1,2024-12-28,wk inc flu hosp,quantile,0.6,59.12207678134758
72,2024-12-21,1,2024-12-28,wk inc flu hosp,quantile,0.6,502.2198982841029
US,2024-12-21,1,2024-12-28,wk inc flu hosp,quantile,0.6,20668.399445563744
01,2024-12-21,2,2025-01-04,wk inc flu hosp,quantile,0.6,523.7669755374776
02,2024-12-21,2,2025-01-04,wk inc flu hosp,quantile,0.6,65.69453329542695
04,2024-12-21,2,2025-01-04,wk inc flu hosp,quantile,0.6,1223.9424131918042
05,2024-12-21,2,2025-01-04,wk inc flu hosp,quantile,0.6,173.41638804891411
06,2024-12-21,2,2025-01-04,wk inc flu hosp,quantile,0.6,2781.311415194758
08,2024-12-21,2,2025-01-04,wk inc flu hosp,quantile,0.6,400.5794486064164
09,2024-12-21,2,2025-01-04,wk inc flu hosp,quantile,0.6,128.6255183286339
10,2024-12-21,2,2025-01-04,wk inc flu hosp,quantile,0.6,54.64233254186351
11,2024-12-21,2,2025-01-04,wk inc flu hosp,quantile,0.6,28.737043030785145
12,2024-12-21,2,2025-01-04,wk inc flu hosp,quantile,0.6,2061.715167500643
13,2024-12-21,2,2025-01-04,wk inc flu hosp,quantile,0.6,667.0092558008802
15,2024-12-21,2,2025-01-04,wk inc flu hosp,quantile,0.6,74.79583055138995
16,2024-12-21,2,2025-01-04,wk inc flu hosp,quantile,0.6,212.30030886041976
17,2024-12-21,2,2025-01-04,wk inc flu hosp,quantile,0.6,750.731867159158
18,2024-12-21,2,2025-01-04,wk inc flu hosp,quantile,0.6,507.92792264099234
19,2024-12-21,2,2025-01-04,wk inc flu hosp,quantile,0.6,121.524253588679
20,2024-12-21,2,2025-01-04,wk inc flu hosp,quantile,0.6,254.4039611944902
21,2024-12-21,2,2025-01-04,wk inc flu hosp,quantile,0.6,285.6044392164678
22,2024-12-21,2,2025-01-04,wk inc flu hosp,quantile,0.6,510.3173225245
23,2024-12-21,2,2025-01-04,wk inc flu hosp,quantile,0.6,30.903339450187072
24,2024-12-21,2,2025-01-04,wk inc flu hosp,quantile,0.6,278.06270761115184
25,2024-12-21,2,2025-01-04,wk inc flu hosp,quantile,0.6,473.7777752532671
26,2024-12-21,2,2025-01-04,wk inc flu hosp,quantile,0.6,674.8146956338802
27,2024-12-21,2,2025-01-04,wk inc flu hosp,quantile,0.6,371.3169525109447
28,2024-12-21,2,2025-01-04,wk inc flu hosp,quantile,0.6,203.80443166779187
29,2024-12-21,2,2025-01-04,wk inc flu hosp,quantile,0.6,347.69454464757206
30,2024-12-21,2,2025-01-04,wk inc flu hosp,quantile,0.6,40.14239945179195
31,2024-12-21,2,2025-01-04,wk inc flu hosp,quantile,0.6,74.08334455199743
32,2024-12-21,2,2025-01-04,wk inc flu hosp,quantile,0.6,243.71054116101953
33,2024-12-21,2,2025-01-04,wk inc flu hosp,quantile,0.6,66.23770283990703
34,2024-12-21,2,2025-01-04,wk inc flu hosp,quantile,0.6,630.8836603535123
35,2024-12-21,2,2025-01-04,wk inc flu hosp,quantile,0.6,313.94709772752134
36,2024-12-21,2,2025-01-04,wk inc flu hosp,quantile,0.6,1451.7546735396456
37,2024-12-21,2,2025-01-04,wk inc flu hosp,quantile,0.6,583.9461298792273
38,2024-12-21,2,2025-01-04,wk inc flu hosp,quantile,0.6,12.564110025424366
39,2024-12-21,2,2025-01-04,wk inc flu hosp,quantile,0.6,598.7633681912382
40,2024-12-21,2,2025-01-04,wk inc flu hosp,quantile,0.6,265.6307958931429
41,2024-12-21,2,2025-01-04,wk inc flu hosp,quantile,0.6,450.1755646259947
42,2024-12-21,2,2025-01-04,wk inc flu hosp,quantile,0.6,965.5959779761874
44,2024-12-21,2,2025-01-04,wk inc flu hosp,quantile,0.6,82.48034775107675
45,2024-12-21,2,2025-01-04,wk inc flu hosp,quantile,0.6,243.5161254975532
46,2024-12-21,2,2025-01-04,wk inc flu hosp,quantile,0.6,40.19202011084492
47,2024-12-21,2,2025-01-04,wk inc flu hosp,quantile,0.6,607.2118176635537
48,2024-12-21,2,2025-01-04,wk inc flu hosp,quantile,0.6,2137.9530049366267
49,2024-12-21,2,2025-01-04,wk inc flu hosp,quantile,0.6,188.60280357768067
50,2024-12-21,2,2025-01-04,wk inc flu hosp,quantile,0.6,28.15979032494104
51,2024-12-21,2,2025-01-04,wk inc flu hosp,quantile,0.6,423.9469354922991
53,2024-12-21,2,2025-01-04,wk inc flu hosp,quantile,0.6,580.120978631802
54,2024-12-21,2,2025-01-04,wk inc flu hosp,quantile,0.6,99.94962495257826
55,2024-12-21,2,2025-01-04,wk inc flu hosp,quantile,0.6,284.8948741871333
56,2024-12-21,2,2025-01-04,wk inc flu hosp,quantile,0.6,76.72337238790499
72,2024-12-21,2,2025-01-04,wk inc flu hosp,quantile,0.6,499.02608289339446
US,2024-12-21,2,2025-01-04,wk inc flu hosp,quantile,0.6,26433.041008660974
01,2024-12-21,3,2025-01-11,wk inc flu hosp,quantile,0.6,556.6568753335246
02,2024-12-21,3,2025-01-11,wk inc flu hosp,quantile,0.6,69.06854329534676
04,2024-12-21,3,2025-01-11,wk inc flu hosp,quantile,0.6,1192.7593008080548
05,2024-12-21,3,2025-01-11,wk inc flu hosp,quantile,0.6,206.53980385690022
06,2024-12-21,3,2025-01-11,wk inc flu hosp,quantile,0.6,2743.08814113578
08,2024-12-21,3,2025-01-11,wk inc flu hosp,quantile,0.6,434.7793110839562
09,2024-12-21,3,2025-01-11,wk inc flu hosp,quantile,0.6,154.79548775853686
10,2024-12-21,3,2025-01-11,wk inc flu hosp,quantile,0.6,60.959613384691735
11,2024-12-21,3,2025-01-11,wk inc flu hosp,quantile,0.6,33.91839276491807
12,2024-12-21,3,2025-01-11,wk inc flu hosp,quantile,0.6,2123.996008322408
13,2024-12-21,3,2025-01-11,wk inc flu hosp,quantile,0.6,762.5076279162781
15,2024-12-21,3,2025-01-11,wk inc flu hosp,quantile,0.6,77.02016493195086
16,2024-12-21,3,2025-01-11,wk inc flu hosp,quantile,0.6,210.20601284461685
17,2024-12-21,3,2025-01-11,wk inc flu hosp,quantile,0.6,846.5741882733829
18,2024-12-21,3,2025-01-11,wk inc flu hosp,quantile,0.6,592.0691117390905
19,2024-12-21,3,2025-01-11,wk inc flu hosp,quantile,0.6,146.73215360598095
20,2024-12-21,3,2025-01-11,wk inc flu hosp,quantile,0.6,282.68780052255465
21,2024-12-21,3,2025-01-11,wk inc flu hosp,quantile,0.6,329.7095692796539
22,2024-12-21,3,2025-01-11,wk inc flu hosp,quantile,0.6,505.714328904338
23,2024-12-21,3,2025-01-11,wk inc flu hosp,quantile,0.6,38.81875165605086
24,2024-12-21,3,2025-01-11,wk inc flu hosp,quantile,0.6,324.78363602398383
25,2024-12-21,3,2025-01-11,wk inc flu hosp,quantile,0.6,552.0471470095229
26,2024-12-21,3,2025-01-11,wk inc flu hosp,quantile,0.6,790.2773405572168
27,2024-12-21,3,2025-01-11,wk inc flu hosp,quantile,0.6,418.68230731575244
28,2024-12-21,3,2025-01-11,wk inc flu hosp,quantile,0.6,238.4516616935158
29,2024-12-21,3,2025-01-11,wk inc flu hosp,quantile,0.6,413.691653316337
30,2024-12-21,3,2025-01-11,wk inc flu hosp,quantile,0.6,48.98519166838617
31,2024-12-21,3,2025-01-11,wk inc flu hosp,quantile,0.6,88.42977474229671
32,2024-12-21,3,2025-01-11,wk inc flu hosp,quantile,0.6,251.0771929357225
33,2024-12-21,3,2025-01-11,wk inc flu hosp,quantile,0.6,70.48947552601327
34,2024-12-21,3,2025-01-11,wk inc flu hosp,quantile,0.6,725.6591616661251
35,2024-12-21,3,2025-01-11,wk inc flu hosp,quantile,0.6,329.79032805172255
36,2024-12-21,3,2025-01-11,wk inc flu hosp,quantile,0.6,1658.9346240928894
37,2024-12-21,3,2025-01-11,wk inc flu hosp,quantile,0.6,673.5986098308485
38,2024-12-21,3,2025-01-11,wk inc flu hosp,quantile,0.6,15.937453099920024
39,2024-12-21,3,2025-01-11,wk inc flu hosp,quantile,0.6,702.9211208082312
40,2024-12-21,3,2025-01-11,wk inc flu hosp,quantile,0.6,322.68583883746794
41,2024-12-21,3,2025-01-11,wk inc flu hosp,quantile,0.6,445.03478836897904
42,2024-12-21,3,2025-01-11,wk inc flu hosp,quantile,0.6,1111.4573101144738
44,2024-12-21,3,2025-01-11,wk inc flu hosp,quantile,0.6,90.09290022695292
45,2024-12-21,3,2025-01-11,wk inc flu hosp,quantile,0.6,285.4779000650012
46,2024-12-21,3,2025-01-11,wk inc flu hosp,quantile,0.6,48.101896684788635
47,2024-12-21,3,2025-01-11,wk inc flu hosp,quantile,0.6,674.8086780648102
48,2024-12-21,3,2025-01-11,wk inc flu hosp,quantile,0.6,2395.2264809800226
49,2024-12-21,3,2025-01-11,wk inc flu hosp,quantile,0.6,190.23174739726056
50,2024-12-21,3,2025-01-11,wk inc flu hosp,quantile,0.6,33.496331944475834
51,2024-12-21,3,2025-01-11,wk inc flu hosp,quantile,0.6,493.65465200684986
53,2024-12-21,3,2025-01-11,wk inc flu hosp,quantile,0.6,640.5386836754911
54,2024-12-21,3,2025-01-11,wk inc flu hosp,quantile,0.6,119.93499658412239
55,2024-12-21,3,2025-01-11,wk inc flu hosp,quantile,0.6,337.9331661724124
56,2024-12-21,3,2025-01-11,wk inc flu hosp,quantile,0.6,85.07160557527021
72,2024-12-21,3,2025-01-11,wk inc flu hosp,quantile,0.6,490.9625336530014
US,2024-12-21,3,2025-01-11,wk inc flu hosp,quantile,0.6,28833.716423350954
01,2024-12-21,0,2024-12-21,wk inc flu hosp,quantile,0.65,305.5857382420133
02,2024-12-21,0,2024-12-21,wk inc flu hosp,quantile,0.65,39.29561467381466
04,2024-12-21,0,2024-12-21,wk inc flu hosp,quantile,0.65,1231.4777407125698
05,2024-12-21,0,2024-12-21,wk inc flu hosp,quantile,0.65,77.57144196748041
06,2024-12-21,0,2024-12-21,wk inc flu hosp,quantile,0.65,2066.7617023621265
08,2024-12-21,0,2024-12-21,wk inc flu hosp,quantile,0.65,220.6161058049921
09,2024-12-21,0,2024-12-21,wk inc flu hosp,quantile,0.65,53.15329857223205
10,2024-12-21,0,2024-12-21,wk inc flu hosp,quantile,0.65,28.321444672302157
11,2024-12-21,0,2024-12-21,wk inc flu hosp,quantile,0.65,12.63352494768974
12,2024-12-21,0,2024-12-21,wk inc flu hosp,quantile,0.65,1304.28225565745
13,2024-12-21,0,2024-12-21,wk inc flu hosp,quantile,0.65,346.84034113125654
15,2024-12-21,0,2024-12-21,wk inc flu hosp,quantile,0.65,47.67904335657349
16,2024-12-21,0,2024-12-21,wk inc flu hosp,quantile,0.65,152.49647218893577
17,2024-12-21,0,2024-12-21,wk inc flu hosp,quantile,0.65,389.4170758214311
18,2024-12-21,0,2024-12-21,wk inc flu hosp,quantile,0.65,245.70875486143038
19,2024-12-21,0,2024-12-21,wk inc flu hosp,quantile,0.65,51.26508062850357
20,2024-12-21,0,2024-12-21,wk inc flu hosp,quantile,0.65,136.88129844194052
21,2024-12-21,0,2024-12-21,wk inc flu hosp,quantile,0.65,139.60325964240477
22,2024-12-21,0,2024-12-21,wk inc flu hosp,quantile,0.65,366.96302943956954
23,2024-12-21,0,2024-12-21,wk inc flu hosp,quantile,0.65,9.483969555838154
24,2024-12-21,0,2024-12-21,wk inc flu hosp,quantile,0.65,130.8769082374266
25,2024-12-21,0,2024-12-21,wk inc flu hosp,quantile,0.65,226.5803592119835
26,2024-12-21,0,2024-12-21,wk inc flu hosp,quantile,0.65,315.63185118509176
27,2024-12-21,0,2024-12-21,wk inc flu hosp,quantile,0.65,199.19950185988702
28,2024-12-21,0,2024-12-21,wk inc flu hosp,quantile,0.65,96.0668582391332
29,2024-12-21,0,2024-12-21,wk inc flu hosp,quantile,0.65,154.76167311855025
30,2024-12-21,0,2024-12-21,wk inc flu hosp,quantile,0.65,15.375118750039732
31,2024-12-21,0,2024-12-21,wk inc flu hosp,quantile,0.65,32.83002354103851
32,2024-12-21,0,2024-12-21,wk inc flu hosp,quantile,0.65,141.7172429321124
33,2024-12-21,0,2024-12-21,wk inc flu hosp,quantile,0.65,36.91439092479403
34,2024-12-21,0,2024-12-21,wk inc flu hosp,quantile,0.65,315.2748184519283
35,2024-12-21,0,2024-12-21,wk inc flu hosp,quantile,0.65,175.64249903835886
36,2024-12-21,0,2024-12-21,wk inc flu hosp,quantile,0.65,733.1072175742926
37,2024-12-21,0,2024-12-21,wk inc flu hosp,quantile,0.65,292.9256323757121
38,2024-12-21,0,2024-12-21,wk inc flu hosp,quantile,0.65,3.3156105308339527
39,2024-12-21,0,2024-12-21,wk inc flu hosp,quantile,0.65,281.83519037147124
40,2024-12-21,0,2024-12-21,wk inc flu hosp,quantile,0.65,106.46939565195856
41,2024-12-21,0,2024-12-21,wk inc flu hosp,quantile,0.65,308.2977293781374
42,2024-12-21,0,2024-12-21,wk inc flu hosp,quantile,0.65,479.24916743150055
44,2024-12-21,0,2024-12-21,wk inc flu hosp,quantile,0.65,46.11300031473619
45,2024-12-21,0,2024-12-21,wk inc flu hosp,quantile,0.65,115.47500581935415
46,2024-12-21,0,2024-12-21,wk inc flu hosp,quantile,0.65,17.327834332005292
47,2024-12-21,0,2024-12-21,wk inc flu hosp,quantile,0.65,334.0630978987404
48,2024-12-21,0,2024-12-21,wk inc flu hosp,quantile,0.65,1111.4574374139793
49,2024-12-21,0,2024-12-21,wk inc flu hosp,quantile,0.65,128.96538871696464
50,2024-12-21,0,2024-12-21,wk inc flu hosp,quantile,0.65,12.511089398555956
51,2024-12-21,0,2024-12-21,wk inc flu hosp,quantile,0.65,210.10042062878622
53,2024-12-21,0,2024-12-21,wk inc flu hosp,quantile,0.65,310.8199660789714
54,2024-12-21,0,2024-12-21,wk inc flu hosp,quantile,0.65,43.57815289027685
55,2024-12-21,0,2024-12-21,wk inc flu hosp,quantile,0.65,125.06152177961538
56,2024-12-21,0,2024-12-21,wk inc flu hosp,quantile,0.65,43.5231808270125
72,2024-12-21,0,2024-12-21,wk inc flu hosp,quantile,0.65,496.4538606729771
US,2024-12-21,0,2024-12-21,wk inc flu hosp,quantile,0.65,14439.479817318743
01,2024-12-21,1,2024-12-28,wk inc flu hosp,quantile,0.65,437.95229268960213
02,2024-12-21,1,2024-12-28,wk inc flu hosp,quantile,0.65,56.72006446887543
04,2024-12-21,1,2024-12-28,wk inc flu hosp,quantile,0.65,1255.4384536966584
05,2024-12-21,1,2024-12-28,wk inc flu hosp,quantile,0.65,129.85806195745747
06,2024-12-21,1,2024-12-28,wk inc flu hosp,quantile,0.65,2696.8436696638037
08,2024-12-21,1,2024-12-28,wk inc flu hosp,quantile,0.65,327.6064197688442
09,2024-12-21,1,2024-12-28,wk inc flu hosp,quantile,0.65,93.62983339583381
10,2024-12-21,1,2024-12-28,wk inc flu hosp,quantile,0.65,43.40615064711089
11,2024-12-21,1,2024-12-28,wk inc flu hosp,quantile,0.65,21.37146487991952
12,2024-12-21,1,2024-12-28,wk inc flu hosp,quantile,0.65,1812.1987211709709
13,2024-12-21,1,2024-12-28,wk inc flu hosp,quantile,0.65,523.6732019332916
15,2024-12-21,1,2024-12-28,wk inc flu hosp,quantile,0.65,66.07307335899698
16,2024-12-21,1,2024-12-28,wk inc flu hosp,quantile,0.65,197.6850506298536
17,2024-12-21,1,2024-12-28,wk inc flu hosp,quantile,0.65,590.0480187407458
18,2024-12-21,1,2024-12-28,wk inc flu hosp,quantile,0.65,389.0847756038639
19,2024-12-21,1,2024-12-28,wk inc flu hosp,quantile,0.65,89.0475085144649
20,2024-12-21,1,2024-12-28,wk inc flu hosp,quantile,0.65,203.6749781876433
21,2024-12-21,1,2024-12-28,wk inc flu hosp,quantile,0.65,220.46067786556918
22,2024-12-21,1,2024-12-28,wk inc flu hosp,quantile,0.65,493.17455031750484
23,2024-12-21,1,2024-12-28,wk inc flu hosp,quantile,0.65,20.669840438886116
24,2024-12-21,1,2024-12-28,wk inc flu hosp,quantile,0.65,211.26758373497066
25,2024-12-21,1,2024-12-28,wk inc flu hosp,quantile,0.65,362.31729424209175
26,2024-12-21,1,2024-12-28,wk inc flu hosp,quantile,0.65,512.8070977851776
27,2024-12-21,1,2024-12-28,wk inc flu hosp,quantile,0.65,297.3054423021053
28,2024-12-21,1,2024-12-28,wk inc flu hosp,quantile,0.65,155.13555615787493
29,2024-12-21,1,2024-12-28,wk inc flu hosp,quantile,0.65,259.05110410840524
30,2024-12-21,1,2024-12-28,wk inc flu hosp,quantile,0.65,28.658826078995187
31,2024-12-21,1,2024-12-28,wk inc flu hosp,quantile,0.65,55.16315087839935
32,2024-12-21,1,2024-12-28,wk inc flu hosp,quantile,0.65,208.45310196986145
33,2024-12-21,1,2024-12-28,wk inc flu hosp,quantile,0.65,55.8745286734065
34,2024-12-21,1,2024-12-28,wk inc flu hosp,quantile,0.65,491.2764464213834
35,2024-12-21,1,2024-12-28,wk inc flu hosp,quantile,0.65,260.5694391819878
36,2024-12-21,1,2024-12-28,wk inc flu hosp,quantile,0.65,1135.0753366489591
37,2024-12-21,1,2024-12-28,wk inc flu hosp,quantile,0.65,453.6080089077566
38,2024-12-21,1,2024-12-28,wk inc flu hosp,quantile,0.65,8.040832653397077
39,2024-12-21,1,2024-12-28,wk inc flu hosp,quantile,0.65,455.8241302788374
40,2024-12-21,1,2024-12-28,wk inc flu hosp,quantile,0.65,190.1164225355165
41,2024-12-21,1,2024-12-28,wk inc flu hosp,quantile,0.65,430.04370980530916
42,2024-12-21,1,2024-12-28,wk inc flu hosp,quantile,0.65,753.4561987120753
44,2024-12-21,1,2024-12-28,wk inc flu hosp,quantile,0.65,67.14901527545211
45,2024-12-21,1,2024-12-28,wk inc flu hosp,quantile,0.65,185.7782914660427
46,2024-12-21,1,2024-12-28,wk inc flu hosp,quantile,0.65,29.83620650531425
47,2024-12-21,1,2024-12-28,wk inc flu hosp,quantile,0.65,496.67311297404586
48,2024-12-21,1,2024-12-28,wk inc flu hosp,quantile,0.65,1694.7319690154898
49,2024-12-21,1,2024-12-28,wk inc flu hosp,quantile,0.65,170.432398665577
50,2024-12-21,1,2024-12-28,wk inc flu hosp,quantile,0.65,21.075740388250562
51,2024-12-21,1,2024-12-28,wk inc flu hosp,quantile,0.65,328.6114527792649
53,2024-12-21,1,2024-12-28,wk inc flu hosp,quantile,0.65,463.6914653639905
54,2024-12-21,1,2024-12-28,wk inc flu hosp,quantile,0.65,74.10716293614423
55,2024-12-21,1,2024-12-28,wk inc flu hosp,quantile,0.65,211.24130849465467
56,2024-12-21,1,2024-12-28,wk inc flu hosp,quantile,0.65,63.34039692808482
72,2024-12-21,1,2024-12-28,wk inc flu hosp,quantile,0.65,506.1936432054394
US,2024-12-21,1,2024-12-28,wk inc flu hosp,quantile,0.65,21324.837504649317
01,2024-12-21,2,2025-01-04,wk inc flu hosp,quantile,0.65,539.5968808233066
02,2024-12-21,2,2025-01-04,wk inc flu hosp,quantile,0.65,68.4683724593909
04,2024-12-21,2,2025-01-04,wk inc flu hosp,quantile,0.65,1257.5270251601949
05,2024-12-21,2,2025-01-04,wk inc flu hosp,quantile,0.65,187.09056420911529
06,2024-12-21,2,2025-01-04,wk inc flu hosp,quantile,0.65,2959.248034958667
08,2024-12-21,2,2025-01-04,wk inc flu hosp,quantile,0.65,423.94783106725976
09,2024-12-21,2,2025-01-04,wk inc flu hosp,quantile,0.65,139.18605219402673
10,2024-12-21,2,2025-01-04,wk inc flu hosp,quantile,0.65,58.402445929950076
11,2024-12-21,2,2025-01-04,wk inc flu hosp,quantile,0.65,31.16785196685443
12,2024-12-21,2,2025-01-04,wk inc flu hosp,quantile,0.65,2146.1466638723828
13,2024-12-21,2,2025-01-04,wk inc flu hosp,quantile,0.65,706.2376070551375
15,2024-12-21,2,2025-01-04,wk inc flu hosp,quantile,0.65,77.8129553124625
16,2024-12-21,2,2025-01-04,wk inc flu hosp,quantile,0.65,223.59100977206768
17,2024-12-21,2,2025-01-04,wk inc flu hosp,quantile,0.65,797.9699743177642
18,2024-12-21,2,2025-01-04,wk inc flu hosp,quantile,0.65,541.5669245416705
19,2024-12-21,2,2025-01-04,wk inc flu hosp,quantile,0.65,131.64640360860594
20,2024-12-21,2,2025-01-04,wk inc flu hosp,quantile,0.65,269.5251334917565
21,2024-12-21,2,2025-01-04,wk inc flu hosp,quantile,0.65,304.5469136288819
22,2024-12-21,2,2025-01-04,wk inc flu hosp,quantile,0.65,546.0414354148927
23,2024-12-21,2,2025-01-04,wk inc flu hosp,quantile,0.65,34.06620040024324
24,2024-12-21,2,2025-01-04,wk inc flu hosp,quantile,0.65,296.7230225839192
25,2024-12-21,2,2025-01-04,wk inc flu hosp,quantile,0.65,507.2451167669799
26,2024-12-21,2,2025-01-04,wk inc flu hosp,quantile,0.65,723.4985084557512
27,2024-12-21,2,2025-01-04,wk inc flu hosp,quantile,0.65,395.07921549619556
28,2024-12-21,2,2025-01-04,wk inc flu hosp,quantile,0.65,219.1734478411144
29,2024-12-21,2,2025-01-04,wk inc flu hosp,quantile,0.65,374.31502476715093
30,2024-12-21,2,2025-01-04,wk inc flu hosp,quantile,0.65,43.80010609009222
31,2024-12-21,2,2025-01-04,wk inc flu hosp,quantile,0.65,79.99748317036094
32,2024-12-21,2,2025-01-04,wk inc flu hosp,quantile,0.65,255.08886932542742
33,2024-12-21,2,2025-01-04,wk inc flu hosp,quantile,0.65,69.69548656891321
34,2024-12-21,2,2025-01-04,wk inc flu hosp,quantile,0.65,672.3509511250905
35,2024-12-21,2,2025-01-04,wk inc flu hosp,quantile,0.65,326.95716878017004
36,2024-12-21,2,2025-01-04,wk inc flu hosp,quantile,0.65,1542.0766354813618
37,2024-12-21,2,2025-01-04,wk inc flu hosp,quantile,0.65,621.7175457148354
38,2024-12-21,2,2025-01-04,wk inc flu hosp,quantile,0.65,14.021556011184309
39,2024-12-21,2,2025-01-04,wk inc flu hosp,quantile,0.65,642.2574923555513
40,2024-12-21,2,2025-01-04,wk inc flu hosp,quantile,0.65,287.98865187323304
41,2024-12-21,2,2025-01-04,wk inc flu hosp,quantile,0.65,489.37723953857625
42,2024-12-21,2,2025-01-04,wk inc flu hosp,quantile,0.65,1037.9551515350668
44,2024-12-21,2,2025-01-04,wk inc flu hosp,quantile,0.65,86.88292951206168
45,2024-12-21,2,2025-01-04,wk inc flu hosp,quantile,0.65,260.0214750319852
46,2024-12-21,2,2025-01-04,wk inc flu hosp,quantile,0.65,43.41550484207997
47,2024-12-21,2,2025-01-04,wk inc flu hosp,quantile,0.65,636.160373876506
48,2024-12-21,2,2025-01-04,wk inc flu hosp,quantile,0.65,2284.693001161018
49,2024-12-21,2,2025-01-04,wk inc flu hosp,quantile,0.65,190.45835161903494
50,2024-12-21,2,2025-01-04,wk inc flu hosp,quantile,0.65,30.520408866421278
51,2024-12-21,2,2025-01-04,wk inc flu hosp,quantile,0.65,452.993690701907
53,2024-12-21,2,2025-01-04,wk inc flu hosp,quantile,0.65,615.2152087624221
54,2024-12-21,2,2025-01-04,wk inc flu hosp,quantile,0.65,107.96963102772487
55,2024-12-21,2,2025-01-04,wk inc flu hosp,quantile,0.65,305.0506580590779
56,2024-12-21,2,2025-01-04,wk inc flu hosp,quantile,0.65,82.52978175123016
72,2024-12-21,2,2025-01-04,wk inc flu hosp,quantile,0.65,502.95840848380914
US,2024-12-21,2,2025-01-04,wk inc flu hosp,quantile,0.65,27201.917884272345
01,2024-12-21,3,2025-01-11,wk inc flu hosp,quantile,0.65,579.2739959610699
02,2024-12-21,3,2025-01-11,wk inc flu hosp,quantile,0.65,72.05592519286763
04,2024-12-21,3,2025-01-11,wk inc flu hosp,quantile,0.65,1229.7661908345995
05,2024-12-21,3,2025-01-11,wk inc flu hosp,quantile,0.65,225.63898727264353
06,2024-12-21,3,2025-01-11,wk inc flu hosp,quantile,0.65,2938.5409320395224
08,2024-12-21,3,2025-01-11,wk inc flu hosp,quantile,0.65,465.13217567629465
09,2024-12-21,3,2025-01-11,wk inc flu hosp,quantile,0.65,169.97507170021274
10,2024-12-21,3,2025-01-11,wk inc flu hosp,quantile,0.65,66.02591343615212
11,2024-12-21,3,2025-01-11,wk inc flu hosp,quantile,0.65,37.29337465579602
12,2024-12-21,3,2025-01-11,wk inc flu hosp,quantile,0.65,2238.876496742781
13,2024-12-21,3,2025-01-11,wk inc flu hosp,quantile,0.65,816.853831378629
15,2024-12-21,3,2025-01-11,wk inc flu hosp,quantile,0.65,81.04887091623542
16,2024-12-21,3,2025-01-11,wk inc flu hosp,quantile,0.65,223.28552211302969
17,2024-12-21,3,2025-01-11,wk inc flu hosp,quantile,0.65,917.9371419005405
18,2024-12-21,3,2025-01-11,wk inc flu hosp,quantile,0.65,637.7401111136433
19,2024-12-21,3,2025-01-11,wk inc flu hosp,quantile,0.65,159.89261779905098
20,2024-12-21,3,2025-01-11,wk inc flu hosp,quantile,0.65,305.9734922925683
21,2024-12-21,3,2025-01-11,wk inc flu hosp,quantile,0.65,355.38055362344886
22,2024-12-21,3,2025-01-11,wk inc flu hosp,quantile,0.65,554.2318956659803
23,2024-12-21,3,2025-01-11,wk inc flu hosp,quantile,0.65,43.251734427898555
24,2024-12-21,3,2025-01-11,wk inc flu hosp,quantile,0.65,350.32668255884477
25,2024-12-21,3,2025-01-11,wk inc flu hosp,quantile,0.65,596.3219416419064
26,2024-12-21,3,2025-01-11,wk inc flu hosp,quantile,0.65,855.9571183967087
27,2024-12-21,3,2025-01-11,wk inc flu hosp,quantile,0.65,450.7660387043786
28,2024-12-21,3,2025-01-11,wk inc flu hosp,quantile,0.65,258.8997830646191
29,2024-12-21,3,2025-01-11,wk inc flu hosp,quantile,0.65,451.13281731769166
30,2024-12-21,3,2025-01-11,wk inc flu hosp,quantile,0.65,53.986380697273404
31,2024-12-21,3,2025-01-11,wk inc flu hosp,quantile,0.65,96.06093472298004
32,2024-12-21,3,2025-01-11,wk inc flu hosp,quantile,0.65,268.47005551375946
33,2024-12-21,3,2025-01-11,wk inc flu hosp,quantile,0.65,75.59602076321681
34,2024-12-21,3,2025-01-11,wk inc flu hosp,quantile,0.65,782.8587737125277
35,2024-12-21,3,2025-01-11,wk inc flu hosp,quantile,0.65,350.68240788355155
36,2024-12-21,3,2025-01-11,wk inc flu hosp,quantile,0.65,1784.0826969510972
37,2024-12-21,3,2025-01-11,wk inc flu hosp,quantile,0.65,725.2823659114107
38,2024-12-21,3,2025-01-11,wk inc flu hosp,quantile,0.65,17.881695102772103
39,2024-12-21,3,2025-01-11,wk inc flu hosp,quantile,0.65,759.884622920727
40,2024-12-21,3,2025-01-11,wk inc flu hosp,quantile,0.65,354.0956607570113
41,2024-12-21,3,2025-01-11,wk inc flu hosp,quantile,0.65,498.987673938772
42,2024-12-21,3,2025-01-11,wk inc flu hosp,quantile,0.65,1210.0073807260344
44,2024-12-21,3,2025-01-11,wk inc flu hosp,quantile,0.65,95.8771605160505
45,2024-12-21,3,2025-01-11,wk inc flu hosp,quantile,0.65,308.71051019981064
46,2024-12-21,3,2025-01-11,wk inc flu hosp,quantile,0.65,52.56115297785582
47,2024-12-21,3,2025-01-11,wk inc flu hosp,quantile,0.65,718.460197309759
48,2024-12-21,3,2025-01-11,wk inc flu hosp,quantile,0.65,2595.379355757069
49,2024-12-21,3,2025-01-11,wk inc flu hosp,quantile,0.65,193.36422488219787
50,2024-12-21,3,2025-01-11,wk inc flu hosp,quantile,0.65,36.70149823791806
51,2024-12-21,3,2025-01-11,wk inc flu hosp,quantile,0.65,532.1351991354693
53,2024-12-21,3,2025-01-11,wk inc flu hosp,quantile,0.65,695.3662353939052
54,2024-12-21,3,2025-01-11,wk inc flu hosp,quantile,0.65,131.02703228836558
55,2024-12-21,3,2025-01-11,wk inc flu hosp,quantile,0.65,365.7722522405323
56,2024-12-21,3,2025-01-11,wk inc flu hosp,quantile,0.65,93.35308888398815
72,2024-12-21,3,2025-01-11,wk inc flu hosp,quantile,0.65,494.17262769889294
US,2024-12-21,3,2025-01-11,wk inc flu hosp,quantile,0.65,30187.077390952047
01,2024-12-21,0,2024-12-21,wk inc flu hosp,quantile,0.7,314.9999826299396
02,2024-12-21,0,2024-12-21,wk inc flu hosp,quantile,0.7,40.919449239627355
04,2024-12-21,0,2024-12-21,wk inc flu hosp,quantile,0.7,1257.6006044554263
05,2024-12-21,0,2024-12-21,wk inc flu hosp,quantile,0.7,81.21895769949069
06,2024-12-21,0,2024-12-21,wk inc flu hosp,quantile,0.7,2170.5567027538104
08,2024-12-21,0,2024-12-21,wk inc flu hosp,quantile,0.7,229.3779947222377
09,2024-12-21,0,2024-12-21,wk inc flu hosp,quantile,0.7,55.8381582054593
10,2024-12-21,0,2024-12-21,wk inc flu hosp,quantile,0.7,29.480072573289537
11,2024-12-21,0,2024-12-21,wk inc flu hosp,quantile,0.7,13.478442173251686
12,2024-12-21,0,2024-12-21,wk inc flu hosp,quantile,0.7,1345.507498858892
13,2024-12-21,0,2024-12-21,wk inc flu hosp,quantile,0.7,363.0137757994616
15,2024-12-21,0,2024-12-21,wk inc flu hosp,quantile,0.7,48.92223023157701
16,2024-12-21,0,2024-12-21,wk inc flu hosp,quantile,0.7,156.52779524724406
17,2024-12-21,0,2024-12-21,wk inc flu hosp,quantile,0.7,407.4395255834201
18,2024-12-21,0,2024-12-21,wk inc flu hosp,quantile,0.7,258.5543493571272
19,2024-12-21,0,2024-12-21,wk inc flu hosp,quantile,0.7,53.81481058173813
20,2024-12-21,0,2024-12-21,wk inc flu hosp,quantile,0.7,142.52806960080193
21,2024-12-21,0,2024-12-21,wk inc flu hosp,quantile,0.7,146.17520697751962
22,2024-12-21,0,2024-12-21,wk inc flu hosp,quantile,0.7,382.9599112855119
23,2024-12-21,0,2024-12-21,wk inc flu hosp,quantile,0.7,10.241123363887137
24,2024-12-21,0,2024-12-21,wk inc flu hosp,quantile,0.7,137.47551020431135
25,2024-12-21,0,2024-12-21,wk inc flu hosp,quantile,0.7,236.57563353702957
26,2024-12-21,0,2024-12-21,wk inc flu hosp,quantile,0.7,331.54634765100565
27,2024-12-21,0,2024-12-21,wk inc flu hosp,quantile,0.7,206.77974776932197
28,2024-12-21,0,2024-12-21,wk inc flu hosp,quantile,0.7,99.98410394073655
29,2024-12-21,0,2024-12-21,wk inc flu hosp,quantile,0.7,162.31426525745493
30,2024-12-21,0,2024-12-21,wk inc flu hosp,quantile,0.7,16.378611395420588
31,2024-12-21,0,2024-12-21,wk inc flu hosp,quantile,0.7,34.55884132908421
32,2024-12-21,0,2024-12-21,wk inc flu hosp,quantile,0.7,145.76129885225563
33,2024-12-21,0,2024-12-21,wk inc flu hosp,quantile,0.7,38.1891736625655
34,2024-12-21,0,2024-12-21,wk inc flu hosp,quantile,0.7,328.8011770696126
35,2024-12-21,0,2024-12-21,wk inc flu hosp,quantile,0.7,180.40022928604137
36,2024-12-21,0,2024-12-21,wk inc flu hosp,quantile,0.7,769.2828753088538
37,2024-12-21,0,2024-12-21,wk inc flu hosp,quantile,0.7,307.618838710364
38,2024-12-21,0,2024-12-21,wk inc flu hosp,quantile,0.7,3.741691920166367
39,2024-12-21,0,2024-12-21,wk inc flu hosp,quantile,0.7,294.68162558982226
40,2024-12-21,0,2024-12-21,wk inc flu hosp,quantile,0.7,112.42269355301579
41,2024-12-21,0,2024-12-21,wk inc flu hosp,quantile,0.7,319.473540681731
42,2024-12-21,0,2024-12-21,wk inc flu hosp,quantile,0.7,501.4430794892883
44,2024-12-21,0,2024-12-21,wk inc flu hosp,quantile,0.7,47.67860424462715
45,2024-12-21,0,2024-12-21,wk inc flu hosp,quantile,0.7,121.72216678185072
46,2024-12-21,0,2024-12-21,wk inc flu hosp,quantile,0.7,18.32027312743224
47,2024-12-21,0,2024-12-21,wk inc flu hosp,quantile,0.7,346.48821273608183
48,2024-12-21,0,2024-12-21,wk inc flu hosp,quantile,0.7,1156.6332013627261
49,2024-12-21,0,2024-12-21,wk inc flu hosp,quantile,0.7,132.1616615089977
50,2024-12-21,0,2024-12-21,wk inc flu hosp,quantile,0.7,13.247129213009872
51,2024-12-21,0,2024-12-21,wk inc flu hosp,quantile,0.7,220.04774328534268
53,2024-12-21,0,2024-12-21,wk inc flu hosp,quantile,0.7,323.3836727208697
54,2024-12-21,0,2024-12-21,wk inc flu hosp,quantile,0.7,46.001839562054954
55,2024-12-21,0,2024-12-21,wk inc flu hosp,quantile,0.7,131.82616750581528
56,2024-12-21,0,2024-12-21,wk inc flu hosp,quantile,0.7,45.4979130247717
72,2024-12-21,0,2024-12-21,wk inc flu hosp,quantile,0.7,501.3108134185228
US,2024-12-21,0,2024-12-21,wk inc flu hosp,quantile,0.7,14666.482674609246
01,2024-12-21,1,2024-12-28,wk inc flu hosp,quantile,0.7,459.19014631765396
02,2024-12-21,1,2024-12-28,wk inc flu hosp,quantile,0.7,59.9443845869327
04,2024-12-21,1,2024-12-28,wk inc flu hosp,quantile,0.7,1307.3541674532266
05,2024-12-21,1,2024-12-28,wk inc flu hosp,quantile,0.7,138.10675538656875
06,2024-12-21,1,2024-12-28,wk inc flu hosp,quantile,0.7,2952.8047609877335
08,2024-12-21,1,2024-12-28,wk inc flu hosp,quantile,0.7,345.40445778056284
09,2024-12-21,1,2024-12-28,wk inc flu hosp,quantile,0.7,99.77436799212096
10,2024-12-21,1,2024-12-28,wk inc flu hosp,quantile,0.7,45.60961532763312
11,2024-12-21,1,2024-12-28,wk inc flu hosp,quantile,0.7,22.990992316816108
12,2024-12-21,1,2024-12-28,wk inc flu hosp,quantile,0.7,1894.8063376137795
13,2024-12-21,1,2024-12-28,wk inc flu hosp,quantile,0.7,553.5451857018143
15,2024-12-21,1,2024-12-28,wk inc flu hosp,quantile,0.7,68.91103804974571
16,2024-12-21,1,2024-12-28,wk inc flu hosp,quantile,0.7,216.37811771638496
17,2024-12-21,1,2024-12-28,wk inc flu hosp,quantile,0.7,623.5115994613409
18,2024-12-21,1,2024-12-28,wk inc flu hosp,quantile,0.7,412.66856328739465
19,2024-12-21,1,2024-12-28,wk inc flu hosp,quantile,0.7,95.51104731743266
20,2024-12-21,1,2024-12-28,wk inc flu hosp,quantile,0.7,214.0120532500631
21,2024-12-21,1,2024-12-28,wk inc flu hosp,quantile,0.7,233.38031155728632
22,2024-12-21,1,2024-12-28,wk inc flu hosp,quantile,0.7,531.3944613817113
23,2024-12-21,1,2024-12-28,wk inc flu hosp,quantile,0.7,22.595676366718155
24,2024-12-21,1,2024-12-28,wk inc flu hosp,quantile,0.7,223.5701375994466
25,2024-12-21,1,2024-12-28,wk inc flu hosp,quantile,0.7,382.4610367015285
26,2024-12-21,1,2024-12-28,wk inc flu hosp,quantile,0.7,544.6985116386643
27,2024-12-21,1,2024-12-28,wk inc flu hosp,quantile,0.7,312.74361049243987
28,2024-12-21,1,2024-12-28,wk inc flu hosp,quantile,0.7,163.52082760568368
29,2024-12-21,1,2024-12-28,wk inc flu hosp,quantile,0.7,274.93841243030073
30,2024-12-21,1,2024-12-28,wk inc flu hosp,quantile,0.7,30.803824600715245
31,2024-12-21,1,2024-12-28,wk inc flu hosp,quantile,0.7,58.96150104788253
32,2024-12-21,1,2024-12-28,wk inc flu hosp,quantile,0.7,218.29811436629706
33,2024-12-21,1,2024-12-28,wk inc flu hosp,quantile,0.7,58.87310025395114
34,2024-12-21,1,2024-12-28,wk inc flu hosp,quantile,0.7,518.6359585072448
35,2024-12-21,1,2024-12-28,wk inc flu hosp,quantile,0.7,269.6067492622223
36,2024-12-21,1,2024-12-28,wk inc flu hosp,quantile,0.7,1200.7579056109896
37,2024-12-21,1,2024-12-28,wk inc flu hosp,quantile,0.7,481.60605686771123
38,2024-12-21,1,2024-12-28,wk inc flu hosp,quantile,0.7,9.077411858623996
39,2024-12-21,1,2024-12-28,wk inc flu hosp,quantile,0.7,485.9785229019057
40,2024-12-21,1,2024-12-28,wk inc flu hosp,quantile,0.7,204.51224557805398
41,2024-12-21,1,2024-12-28,wk inc flu hosp,quantile,0.7,455.6577463488871
42,2024-12-21,1,2024-12-28,wk inc flu hosp,quantile,0.7,797.7387584405041
44,2024-12-21,1,2024-12-28,wk inc flu hosp,quantile,0.7,70.0199713452054
45,2024-12-21,1,2024-12-28,wk inc flu hosp,quantile,0.7,197.77056465971089
46,2024-12-21,1,2024-12-28,wk inc flu hosp,quantile,0.7,31.88866215735036
47,2024-12-21,1,2024-12-28,wk inc flu hosp,quantile,0.7,522.7852643596045
48,2024-12-21,1,2024-12-28,wk inc flu hosp,quantile,0.7,1779.7860540395648
49,2024-12-21,1,2024-12-28,wk inc flu hosp,quantile,0.7,174.08385986748385
50,2024-12-21,1,2024-12-28,wk inc flu hosp,quantile,0.7,22.683624927249834
51,2024-12-21,1,2024-12-28,wk inc flu hosp,quantile,0.7,348.18088138025297
53,2024-12-21,1,2024-12-28,wk inc flu hosp,quantile,0.7,486.348565768912
54,2024-12-21,1,2024-12-28,wk inc flu hosp,quantile,0.7,79.93128489006219
55,2024-12-21,1,2024-12-28,wk inc flu hosp,quantile,0.7,225.4302335979746
56,2024-12-21,1,2024-12-28,wk inc flu hosp,quantile,0.7,67.10441728182028
72,2024-12-21,1,2024-12-28,wk inc flu hosp,quantile,0.7,513.8816461986213
US,2024-12-21,1,2024-12-28,wk inc flu hosp,quantile,0.7,21748.384808571467
01,2024-12-21,2,2025-01-04,wk inc flu hosp,quantile,0.7,572.807211896868
02,2024-12-21,2,2025-01-04,wk inc flu hosp,quantile,0.7,73.11754535204697
04,2024-12-21,2,2025-01-04,wk inc flu hosp,quantile,0.7,1340.7110856678512
05,2024-12-21,2,2025-01-04,wk inc flu hosp,quantile,0.7,202.78520945981677
06,2024-12-21,2,2025-01-04,wk inc flu hosp,quantile,0.7,3187.3505121811468
08,2024-12-21,2,2025-01-04,wk inc flu hosp,quantile,0.7,457.2318978600466
09,2024-12-21,2,2025-01-04,wk inc flu hosp,quantile,0.7,150.7209390540124
10,2024-12-21,2,2025-01-04,wk inc flu hosp,quantile,0.7,62.7550941364436
11,2024-12-21,2,2025-01-04,wk inc flu hosp,quantile,0.7,34.04562212684993
12,2024-12-21,2,2025-01-04,wk inc flu hosp,quantile,0.7,2266.127048764712
13,2024-12-21,2,2025-01-04,wk inc flu hosp,quantile,0.7,756.8310385536389
15,2024-12-21,2,2025-01-04,wk inc flu hosp,quantile,0.7,81.62258828101142
16,2024-12-21,2,2025-01-04,wk inc flu hosp,quantile,0.7,241.34301222599305
17,2024-12-21,2,2025-01-04,wk inc flu hosp,quantile,0.7,854.4940670128254
18,2024-12-21,2,2025-01-04,wk inc flu hosp,quantile,0.7,583.8888486983586
19,2024-12-21,2,2025-01-04,wk inc flu hosp,quantile,0.7,142.68378019042447
20,2024-12-21,2,2025-01-04,wk inc flu hosp,quantile,0.7,288.13172163606487
21,2024-12-21,2,2025-01-04,wk inc flu hosp,quantile,0.7,327.2057575880751
22,2024-12-21,2,2025-01-04,wk inc flu hosp,quantile,0.7,588.9451523019289
23,2024-12-21,2,2025-01-04,wk inc flu hosp,quantile,0.7,37.79768914551078
24,2024-12-21,2,2025-01-04,wk inc flu hosp,quantile,0.7,318.82343721910837
25,2024-12-21,2,2025-01-04,wk inc flu hosp,quantile,0.7,544.5309983310026
26,2024-12-21,2,2025-01-04,wk inc flu hosp,quantile,0.7,780.6061076475426
27,2024-12-21,2,2025-01-04,wk inc flu hosp,quantile,0.7,420.9881014542539
28,2024-12-21,2,2025-01-04,wk inc flu hosp,quantile,0.7,234.44132422087984
29,2024-12-21,2,2025-01-04,wk inc flu hosp,quantile,0.7,404.4488490169995
30,2024-12-21,2,2025-01-04,wk inc flu hosp,quantile,0.7,47.9615965859382
31,2024-12-21,2,2025-01-04,wk inc flu hosp,quantile,0.7,86.6540739267675
32,2024-12-21,2,2025-01-04,wk inc flu hosp,quantile,0.7,270.37765099696725
33,2024-12-21,2,2025-01-04,wk inc flu hosp,quantile,0.7,74.47708312854253
34,2024-12-21,2,2025-01-04,wk inc flu hosp,quantile,0.7,721.8590601115214
35,2024-12-21,2,2025-01-04,wk inc flu hosp,quantile,0.7,343.6123119687309
36,2024-12-21,2,2025-01-04,wk inc flu hosp,quantile,0.7,1661.032857451439
37,2024-12-21,2,2025-01-04,wk inc flu hosp,quantile,0.7,667.3271971583872
38,2024-12-21,2,2025-01-04,wk inc flu hosp,quantile,0.7,15.757655328918355
39,2024-12-21,2,2025-01-04,wk inc flu hosp,quantile,0.7,692.4581579788593
40,2024-12-21,2,2025-01-04,wk inc flu hosp,quantile,0.7,313.70553142452275
41,2024-12-21,2,2025-01-04,wk inc flu hosp,quantile,0.7,501.8275220169761
42,2024-12-21,2,2025-01-04,wk inc flu hosp,quantile,0.7,1120.5157895421144
44,2024-12-21,2,2025-01-04,wk inc flu hosp,quantile,0.7,91.67602335522034
45,2024-12-21,2,2025-01-04,wk inc flu hosp,quantile,0.7,280.7245129388028
46,2024-12-21,2,2025-01-04,wk inc flu hosp,quantile,0.7,47.38952390064786
47,2024-12-21,2,2025-01-04,wk inc flu hosp,quantile,0.7,681.3438847947349
48,2024-12-21,2,2025-01-04,wk inc flu hosp,quantile,0.7,2446.4583001154256
49,2024-12-21,2,2025-01-04,wk inc flu hosp,quantile,0.7,191.54869711329144
50,2024-12-21,2,2025-01-04,wk inc flu hosp,quantile,0.7,33.3150344838779
51,2024-12-21,2,2025-01-04,wk inc flu hosp,quantile,0.7,487.0057838322809
53,2024-12-21,2,2025-01-04,wk inc flu hosp,quantile,0.7,653.6620715639942
54,2024-12-21,2,2025-01-04,wk inc flu hosp,quantile,0.7,118.40583319215717
55,2024-12-21,2,2025-01-04,wk inc flu hosp,quantile,0.7,330.69545868930527
56,2024-12-21,2,2025-01-04,wk inc flu hosp,quantile,0.7,88.86462725792128
72,2024-12-21,2,2025-01-04,wk inc flu hosp,quantile,0.7,508.15618159117207
US,2024-12-21,2,2025-01-04,wk inc flu hosp,quantile,0.7,28633.334439563423
01,2024-12-21,3,2025-01-11,wk inc flu hosp,quantile,0.7,611.8433654495275
02,2024-12-21,3,2025-01-11,wk inc flu hosp,quantile,0.7,76.85317133333542
04,2024-12-21,3,2025-01-11,wk inc flu hosp,quantile,0.7,1320.6995741422825
05,2024-12-21,3,2025-01-11,wk inc flu hosp,quantile,0.7,247.11001526607077
06,2024-12-21,3,2025-01-11,wk inc flu hosp,quantile,0.7,3188.5568672192867
08,2024-12-21,3,2025-01-11,wk inc flu hosp,quantile,0.7,501.2198614920462
09,2024-12-21,3,2025-01-11,wk inc flu hosp,quantile,0.7,185.87468072772504
10,2024-12-21,3,2025-01-11,wk inc flu hosp,quantile,0.7,70.91208134189647
11,2024-12-21,3,2025-01-11,wk inc flu hosp,quantile,0.7,41.266575647167215
12,2024-12-21,3,2025-01-11,wk inc flu hosp,quantile,0.7,2342.4487621001012
13,2024-12-21,3,2025-01-11,wk inc flu hosp,quantile,0.7,883.7788142442121
15,2024-12-21,3,2025-01-11,wk inc flu hosp,quantile,0.7,83.81244071982633
16,2024-12-21,3,2025-01-11,wk inc flu hosp,quantile,0.7,243.2566872678827
17,2024-12-21,3,2025-01-11,wk inc flu hosp,quantile,0.7,993.8214352187135
18,2024-12-21,3,2025-01-11,wk inc flu hosp,quantile,0.7,694.0249340852433
19,2024-12-21,3,2025-01-11,wk inc flu hosp,quantile,0.7,176.1866158239304
20,2024-12-21,3,2025-01-11,wk inc flu hosp,quantile,0.7,329.56248157454183
21,2024-12-21,3,2025-01-11,wk inc flu hosp,quantile,0.7,386.2003290752806
22,2024-12-21,3,2025-01-11,wk inc flu hosp,quantile,0.7,594.4368115595386
23,2024-12-21,3,2025-01-11,wk inc flu hosp,quantile,0.7,48.61581231067855
24,2024-12-21,3,2025-01-11,wk inc flu hosp,quantile,0.7,380.7272515118552
25,2024-12-21,3,2025-01-11,wk inc flu hosp,quantile,0.7,648.9967550844627
26,2024-12-21,3,2025-01-11,wk inc flu hosp,quantile,0.7,935.4813839545651
27,2024-12-21,3,2025-01-11,wk inc flu hosp,quantile,0.7,485.7836854833051
28,2024-12-21,3,2025-01-11,wk inc flu hosp,quantile,0.7,281.08231613688486
29,2024-12-21,3,2025-01-11,wk inc flu hosp,quantile,0.7,493.1490890425472
30,2024-12-21,3,2025-01-11,wk inc flu hosp,quantile,0.7,60.08909291862054
31,2024-12-21,3,2025-01-11,wk inc flu hosp,quantile,0.7,105.44398775905191
32,2024-12-21,3,2025-01-11,wk inc flu hosp,quantile,0.7,282.55203906186546
33,2024-12-21,3,2025-01-11,wk inc flu hosp,quantile,0.7,79.6220115669531
34,2024-12-21,3,2025-01-11,wk inc flu hosp,quantile,0.7,850.342870651415
35,2024-12-21,3,2025-01-11,wk inc flu hosp,quantile,0.7,365.5983120231643
36,2024-12-21,3,2025-01-11,wk inc flu hosp,quantile,0.7,1941.050674772288
37,2024-12-21,3,2025-01-11,wk inc flu hosp,quantile,0.7,785.6261082966813
38,2024-12-21,3,2025-01-11,wk inc flu hosp,quantile,0.7,20.468148760900593
39,2024-12-21,3,2025-01-11,wk inc flu hosp,quantile,0.7,827.6977479298945
40,2024-12-21,3,2025-01-11,wk inc flu hosp,quantile,0.7,390.40771866571635
41,2024-12-21,3,2025-01-11,wk inc flu hosp,quantile,0.7,506.96600410476873
42,2024-12-21,3,2025-01-11,wk inc flu hosp,quantile,0.7,1326.0293316994346
44,2024-12-21,3,2025-01-11,wk inc flu hosp,quantile,0.7,102.14034464044144
45,2024-12-21,3,2025-01-11,wk inc flu hosp,quantile,0.7,337.06492125545793
46,2024-12-21,3,2025-01-11,wk inc flu hosp,quantile,0.7,57.97204716296191
47,2024-12-21,3,2025-01-11,wk inc flu hosp,quantile,0.7,773.0141154462423
48,2024-12-21,3,2025-01-11,wk inc flu hosp,quantile,0.7,2820.77445870503
49,2024-12-21,3,2025-01-11,wk inc flu hosp,quantile,0.7,193.70745293054455
50,2024-12-21,3,2025-01-11,wk inc flu hosp,quantile,0.7,40.52153924660198
51,2024-12-21,3,2025-01-11,wk inc flu hosp,quantile,0.7,576.688295320763
53,2024-12-21,3,2025-01-11,wk inc flu hosp,quantile,0.7,745.0390559491667
54,2024-12-21,3,2025-01-11,wk inc flu hosp,quantile,0.7,145.3632836811913
55,2024-12-21,3,2025-01-11,wk inc flu hosp,quantile,0.7,400.3636694821207
56,2024-12-21,3,2025-01-11,wk inc flu hosp,quantile,0.7,100.93636395664986
72,2024-12-21,3,2025-01-11,wk inc flu hosp,quantile,0.7,501.2105792226792
US,2024-12-21,3,2025-01-11,wk inc flu hosp,quantile,0.7,31824.822051593488
01,2024-12-21,0,2024-12-21,wk inc flu hosp,quantile,0.75,329.2602389937059
02,2024-12-21,0,2024-12-21,wk inc flu hosp,quantile,0.75,42.935868044514905
04,2024-12-21,0,2024-12-21,wk inc flu hosp,quantile,0.75,1294.7715109742537
05,2024-12-21,0,2024-12-21,wk inc flu hosp,quantile,0.75,85.83647759084668
06,2024-12-21,0,2024-12-21,wk inc flu hosp,quantile,0.75,2264.5657750739697
08,2024-12-21,0,2024-12-21,wk inc flu hosp,quantile,0.75,238.3176759104808
09,2024-12-21,0,2024-12-21,wk inc flu hosp,quantile,0.75,59.097086731293324
10,2024-12-21,0,2024-12-21,wk inc flu hosp,quantile,0.75,30.902376705634765
11,2024-12-21,0,2024-12-21,wk inc flu hosp,quantile,0.75,14.269703281571845
12,2024-12-21,0,2024-12-21,wk inc flu hosp,quantile,0.75,1389.6508127870604
13,2024-12-21,0,2024-12-21,wk inc flu hosp,quantile,0.75,379.10080194868067
15,2024-12-21,0,2024-12-21,wk inc flu hosp,quantile,0.75,51.08935782264887
16,2024-12-21,0,2024-12-21,wk inc flu hosp,quantile,0.75,162.69692673757322
17,2024-12-21,0,2024-12-21,wk inc flu hosp,quantile,0.75,425.9451272805932
18,2024-12-21,0,2024-12-21,wk inc flu hosp,quantile,0.75,271.970311007271
19,2024-12-21,0,2024-12-21,wk inc flu hosp,quantile,0.75,57.178817059610054
20,2024-12-21,0,2024-12-21,wk inc flu hosp,quantile,0.75,148.2209165316915
21,2024-12-21,0,2024-12-21,wk inc flu hosp,quantile,0.75,153.57629711935752
22,2024-12-21,0,2024-12-21,wk inc flu hosp,quantile,0.75,399.5425352291746
23,2024-12-21,0,2024-12-21,wk inc flu hosp,quantile,0.75,11.27020108979
24,2024-12-21,0,2024-12-21,wk inc flu hosp,quantile,0.75,144.78994868822866
25,2024-12-21,0,2024-12-21,wk inc flu hosp,quantile,0.75,247.81024521521277
26,2024-12-21,0,2024-12-21,wk inc flu hosp,quantile,0.75,349.58237757514144
27,2024-12-21,0,2024-12-21,wk inc flu hosp,quantile,0.75,216.21739034990028
28,2024-12-21,0,2024-12-21,wk inc flu hosp,quantile,0.75,105.050863840517
29,2024-12-21,0,2024-12-21,wk inc flu hosp,quantile,0.75,169.98414669303375
30,2024-12-21,0,2024-12-21,wk inc flu hosp,quantile,0.75,17.397872127396827
31,2024-12-21,0,2024-12-21,wk inc flu hosp,quantile,0.75,36.329120894000475
32,2024-12-21,0,2024-12-21,wk inc flu hosp,quantile,0.75,151.69289063574078
33,2024-12-21,0,2024-12-21,wk inc flu hosp,quantile,0.75,40.022046883385606
34,2024-12-21,0,2024-12-21,wk inc flu hosp,quantile,0.75,345.29715466281993
35,2024-12-21,0,2024-12-21,wk inc flu hosp,quantile,0.75,186.94244124988515
36,2024-12-21,0,2024-12-21,wk inc flu hosp,quantile,0.75,804.499068243731
37,2024-12-21,0,2024-12-21,wk inc flu hosp,quantile,0.75,323.04848077172085
38,2024-12-21,0,2024-12-21,wk inc flu hosp,quantile,0.75,4.22071161098123
39,2024-12-21,0,2024-12-21,wk inc flu hosp,quantile,0.75,311.08604171702507
40,2024-12-21,0,2024-12-21,wk inc flu hosp,quantile,0.75,119.66120176074145
41,2024-12-21,0,2024-12-21,wk inc flu hosp,quantile,0.75,329.5247620922891
42,2024-12-21,0,2024-12-21,wk inc flu hosp,quantile,0.75,526.6287350052592
44,2024-12-21,0,2024-12-21,wk inc flu hosp,quantile,0.75,49.574205966414176
45,2024-12-21,0,2024-12-21,wk inc flu hosp,quantile,0.75,127.38214734311401
46,2024-12-21,0,2024-12-21,wk inc flu hosp,quantile,0.75,19.436914800632874
47,2024-12-21,0,2024-12-21,wk inc flu hosp,quantile,0.75,360.518030141509
48,2024-12-21,0,2024-12-21,wk inc flu hosp,quantile,0.75,1203.4849594908942
49,2024-12-21,0,2024-12-21,wk inc flu hosp,quantile,0.75,134.79235800297715
50,2024-12-21,0,2024-12-21,wk inc flu hosp,quantile,0.75,14.042797908818256
51,2024-12-21,0,2024-12-21,wk inc flu hosp,quantile,0.75,231.73855839817986
53,2024-12-21,0,2024-12-21,wk inc flu hosp,quantile,0.75,336.2078609619778
54,2024-12-21,0,2024-12-21,wk inc flu hosp,quantile,0.75,48.87456392882836
55,2024-12-21,0,2024-12-21,wk inc flu hosp,quantile,0.75,139.32153526906313
56,2024-12-21,0,2024-12-21,wk inc flu hosp,quantile,0.75,48.37106540455057
72,2024-12-21,0,2024-12-21,wk inc flu hosp,quantile,0.75,509.2877590031206
US,2024-12-21,0,2024-12-21,wk inc flu hosp,quantile,0.75,14950.657837573717
01,2024-12-21,1,2024-12-28,wk inc flu hosp,quantile,0.75,488.2539741000207
02,2024-12-21,1,2024-12-28,wk inc flu hosp,quantile,0.75,63.96570500932003
04,2024-12-21,1,2024-12-28,wk inc flu hosp,quantile,0.75,1361.105269633007
05,2024-12-21,1,2024-12-28,wk inc flu hosp,quantile,0.75,149.33360497901208
06,2024-12-21,1,2024-12-28,wk inc flu hosp,quantile,0.75,3126.812764423149
08,2024-12-21,1,2024-12-28,wk inc flu hosp,quantile,0.75,366.257777125673
09,2024-12-21,1,2024-12-28,wk inc flu hosp,quantile,0.75,108.44079216465109
10,2024-12-21,1,2024-12-28,wk inc flu hosp,quantile,0.75,49.195457682122196
11,2024-12-21,1,2024-12-28,wk inc flu hosp,quantile,0.75,25.15391586415996
12,2024-12-21,1,2024-12-28,wk inc flu hosp,quantile,0.75,1997.3557639812086
13,2024-12-21,1,2024-12-28,wk inc flu hosp,quantile,0.75,593.6008987093608
15,2024-12-21,1,2024-12-28,wk inc flu hosp,quantile,0.75,72.8144727177832
16,2024-12-21,1,2024-12-28,wk inc flu hosp,quantile,0.75,229.1167223472684
17,2024-12-21,1,2024-12-28,wk inc flu hosp,quantile,0.75,669.016885555353
18,2024-12-21,1,2024-12-28,wk inc flu hosp,quantile,0.75,444.2363559278277
19,2024-12-21,1,2024-12-28,wk inc flu hosp,quantile,0.75,103.75924652856553
20,2024-12-21,1,2024-12-28,wk inc flu hosp,quantile,0.75,228.20986815294248
21,2024-12-21,1,2024-12-28,wk inc flu hosp,quantile,0.75,251.71920806624198
22,2024-12-21,1,2024-12-28,wk inc flu hosp,quantile,0.75,555.3846367102457
23,2024-12-21,1,2024-12-28,wk inc flu hosp,quantile,0.75,25.34860662159856
24,2024-12-21,1,2024-12-28,wk inc flu hosp,quantile,0.75,242.06996939955894
25,2024-12-21,1,2024-12-28,wk inc flu hosp,quantile,0.75,412.1784627001065
26,2024-12-21,1,2024-12-28,wk inc flu hosp,quantile,0.75,588.1428171728598
27,2024-12-21,1,2024-12-28,wk inc flu hosp,quantile,0.75,334.2820018893949
28,2024-12-21,1,2024-12-28,wk inc flu hosp,quantile,0.75,175.99967096996923
29,2024-12-21,1,2024-12-28,wk inc flu hosp,quantile,0.75,296.70028764817425
30,2024-12-21,1,2024-12-28,wk inc flu hosp,quantile,0.75,33.9072071226558
31,2024-12-21,1,2024-12-28,wk inc flu hosp,quantile,0.75,63.85792142727959
32,2024-12-21,1,2024-12-28,wk inc flu hosp,quantile,0.75,230.8257616958539
33,2024-12-21,1,2024-12-28,wk inc flu hosp,quantile,0.75,62.7834405225489
34,2024-12-21,1,2024-12-28,wk inc flu hosp,quantile,0.75,558.9114478498134
35,2024-12-21,1,2024-12-28,wk inc flu hosp,quantile,0.75,287.21043285864124
36,2024-12-21,1,2024-12-28,wk inc flu hosp,quantile,0.75,1297.4452809308716
37,2024-12-21,1,2024-12-28,wk inc flu hosp,quantile,0.75,518.7586974300494
38,2024-12-21,1,2024-12-28,wk inc flu hosp,quantile,0.75,10.3409773567647
39,2024-12-21,1,2024-12-28,wk inc flu hosp,quantile,0.75,524.9190359352265
40,2024-12-21,1,2024-12-28,wk inc flu hosp,quantile,0.75,223.46104317154843
41,2024-12-21,1,2024-12-28,wk inc flu hosp,quantile,0.75,469.6512471388658
42,2024-12-21,1,2024-12-28,wk inc flu hosp,quantile,0.75,856.813543061579
44,2024-12-21,1,2024-12-28,wk inc flu hosp,quantile,0.75,74.87109538360227
45,2024-12-21,1,2024-12-28,wk inc flu hosp,quantile,0.75,213.55340667752228
46,2024-12-21,1,2024-12-28,wk inc flu hosp,quantile,0.75,34.751736461134286
47,2024-12-21,1,2024-12-28,wk inc flu hosp,quantile,0.75,558.4301548665427
48,2024-12-21,1,2024-12-28,wk inc flu hosp,quantile,0.75,1890.3561866713464
49,2024-12-21,1,2024-12-28,wk inc flu hosp,quantile,0.75,176.02852790957232
50,2024-12-21,1,2024-12-28,wk inc flu hosp,quantile,0.75,24.782222633364164
51,2024-12-21,1,2024-12-28,wk inc flu hosp,quantile,0.75,375.2022522179164
53,2024-12-21,1,2024-12-28,wk inc flu hosp,quantile,0.75,522.0565625082265
54,2024-12-21,1,2024-12-28,wk inc flu hosp,quantile,0.75,86.91802229471044
55,2024-12-21,1,2024-12-28,wk inc flu hosp,quantile,0.75,244.88387726431682
56,2024-12-21,1,2024-12-28,wk inc flu hosp,quantile,0.75,72.74427351408403
72,2024-12-21,1,2024-12-28,wk inc flu hosp,quantile,0.75,513.9698375083569
US,2024-12-21,1,2024-12-28,wk inc flu hosp,quantile,0.75,22487.379775957113
01,2024-12-21,2,2025-01-04,wk inc flu hosp,quantile,0.75,614.3611537220341
02,2024-12-21,2,2025-01-04,wk inc flu hosp,quantile,0.75,77.8771279184146
04,2024-12-21,2,2025-01-04,wk inc flu hosp,quantile,0.75,1424.5572486260733
05,2024-12-21,2,2025-01-04,wk inc flu hosp,quantile,0.75,218.5622574053242
06,2024-12-21,2,2025-01-04,wk inc flu hosp,quantile,0.75,3400.308972125639
08,2024-12-21,2,2025-01-04,wk inc flu hosp,quantile,0.75,490.8013134463352
09,2024-12-21,2,2025-01-04,wk inc flu hosp,quantile,0.75,163.0202123206888
10,2024-12-21,2,2025-01-04,wk inc flu hosp,quantile,0.75,67.18663994287073
11,2024-12-21,2,2025-01-04,wk inc flu hosp,quantile,0.75,37.12872733567772
12,2024-12-21,2,2025-01-04,wk inc flu hosp,quantile,0.75,2351.6670573740003
13,2024-12-21,2,2025-01-04,wk inc flu hosp,quantile,0.75,807.7263772648872
15,2024-12-21,2,2025-01-04,wk inc flu hosp,quantile,0.75,83.92620003933521
16,2024-12-21,2,2025-01-04,wk inc flu hosp,quantile,0.75,258.419767218723
17,2024-12-21,2,2025-01-04,wk inc flu hosp,quantile,0.75,915.0259731131615
18,2024-12-21,2,2025-01-04,wk inc flu hosp,quantile,0.75,625.4802378429665
19,2024-12-21,2,2025-01-04,wk inc flu hosp,quantile,0.75,155.12318406937834
20,2024-12-21,2,2025-01-04,wk inc flu hosp,quantile,0.75,304.00886201486156
21,2024-12-21,2,2025-01-04,wk inc flu hosp,quantile,0.75,352.9798956443386
22,2024-12-21,2,2025-01-04,wk inc flu hosp,quantile,0.75,604.6601550245734
23,2024-12-21,2,2025-01-04,wk inc flu hosp,quantile,0.75,41.896496114585126
24,2024-12-21,2,2025-01-04,wk inc flu hosp,quantile,0.75,343.31707313286773
25,2024-12-21,2,2025-01-04,wk inc flu hosp,quantile,0.75,583.4794703732772
26,2024-12-21,2,2025-01-04,wk inc flu hosp,quantile,0.75,842.7598015478991
27,2024-12-21,2,2025-01-04,wk inc flu hosp,quantile,0.75,450.8855499005802
28,2024-12-21,2,2025-01-04,wk inc flu hosp,quantile,0.75,252.2476265853683
29,2024-12-21,2,2025-01-04,wk inc flu hosp,quantile,0.75,434.34302458968654
30,2024-12-21,2,2025-01-04,wk inc flu hosp,quantile,0.75,52.46981445106755
31,2024-12-21,2,2025-01-04,wk inc flu hosp,quantile,0.75,93.3682053443067
32,2024-12-21,2,2025-01-04,wk inc flu hosp,quantile,0.75,274.27940256625953
33,2024-12-21,2,2025-01-04,wk inc flu hosp,quantile,0.75,79.72742909067343
34,2024-12-21,2,2025-01-04,wk inc flu hosp,quantile,0.75,779.5135232974194
35,2024-12-21,2,2025-01-04,wk inc flu hosp,quantile,0.75,370.14506458479144
36,2024-12-21,2,2025-01-04,wk inc flu hosp,quantile,0.75,1790.6312595167303
37,2024-12-21,2,2025-01-04,wk inc flu hosp,quantile,0.75,718.2893375175269
38,2024-12-21,2,2025-01-04,wk inc flu hosp,quantile,0.75,17.769787232297855
39,2024-12-21,2,2025-01-04,wk inc flu hosp,quantile,0.75,748.7421130241158
40,2024-12-21,2,2025-01-04,wk inc flu hosp,quantile,0.75,340.60821080883005
41,2024-12-21,2,2025-01-04,wk inc flu hosp,quantile,0.75,534.821097709371
42,2024-12-21,2,2025-01-04,wk inc flu hosp,quantile,0.75,1203.118582202023
44,2024-12-21,2,2025-01-04,wk inc flu hosp,quantile,0.75,96.8914227532742
45,2024-12-21,2,2025-01-04,wk inc flu hosp,quantile,0.75,302.66304115138246
46,2024-12-21,2,2025-01-04,wk inc flu hosp,quantile,0.75,51.52753828450283
47,2024-12-21,2,2025-01-04,wk inc flu hosp,quantile,0.75,742.8878566336632
48,2024-12-21,2,2025-01-04,wk inc flu hosp,quantile,0.75,2598.187039063367
49,2024-12-21,2,2025-01-04,wk inc flu hosp,quantile,0.75,193.5074758365719
50,2024-12-21,2,2025-01-04,wk inc flu hosp,quantile,0.75,36.28875721448774
51,2024-12-21,2,2025-01-04,wk inc flu hosp,quantile,0.75,525.3962541559868
53,2024-12-21,2,2025-01-04,wk inc flu hosp,quantile,0.75,693.9284729045796
54,2024-12-21,2,2025-01-04,wk inc flu hosp,quantile,0.75,129.02204149133524
55,2024-12-21,2,2025-01-04,wk inc flu hosp,quantile,0.75,358.03859500399227
56,2024-12-21,2,2025-01-04,wk inc flu hosp,quantile,0.75,95.23296416386908
72,2024-12-21,2,2025-01-04,wk inc flu hosp,quantile,0.75,514.5435210977655
US,2024-12-21,2,2025-01-04,wk inc flu hosp,quantile,0.75,29934.072074950687
01,2024-12-21,3,2025-01-11,wk inc flu hosp,quantile,0.75,655.5036691368107
02,2024-12-21,3,2025-01-11,wk inc flu hosp,quantile,0.75,81.2019216794677
04,2024-12-21,3,2025-01-11,wk inc flu hosp,quantile,0.75,1399.6003470429591
05,2024-12-21,3,2025-01-11,wk inc flu hosp,quantile,0.75,272.39749654587644
06,2024-12-21,3,2025-01-11,wk inc flu hosp,quantile,0.75,3395.611805067916
08,2024-12-21,3,2025-01-11,wk inc flu hosp,quantile,0.75,548.7877752805911
09,2024-12-21,3,2025-01-11,wk inc flu hosp,quantile,0.75,206.35359180127702
10,2024-12-21,3,2025-01-11,wk inc flu hosp,quantile,0.75,76.70061485736493
11,2024-12-21,3,2025-01-11,wk inc flu hosp,quantile,0.75,45.49975495767732
12,2024-12-21,3,2025-01-11,wk inc flu hosp,quantile,0.75,2470.8900707871735
13,2024-12-21,3,2025-01-11,wk inc flu hosp,quantile,0.75,961.7811725728079
15,2024-12-21,3,2025-01-11,wk inc flu hosp,quantile,0.75,86.7790395863411
16,2024-12-21,3,2025-01-11,wk inc flu hosp,quantile,0.75,262.6870527895446
17,2024-12-21,3,2025-01-11,wk inc flu hosp,quantile,0.75,1080.5702780736417
18,2024-12-21,3,2025-01-11,wk inc flu hosp,quantile,0.75,758.7088415565084
19,2024-12-21,3,2025-01-11,wk inc flu hosp,quantile,0.75,194.91215732556415
20,2024-12-21,3,2025-01-11,wk inc flu hosp,quantile,0.75,351.6114712810051
21,2024-12-21,3,2025-01-11,wk inc flu hosp,quantile,0.75,422.2086840128534
22,2024-12-21,3,2025-01-11,wk inc flu hosp,quantile,0.75,611.48333298224
23,2024-12-21,3,2025-01-11,wk inc flu hosp,quantile,0.75,55.22997838407113
24,2024-12-21,3,2025-01-11,wk inc flu hosp,quantile,0.75,417.09169070314704
25,2024-12-21,3,2025-01-11,wk inc flu hosp,quantile,0.75,709.8441344053559
26,2024-12-21,3,2025-01-11,wk inc flu hosp,quantile,0.75,1031.067302672814
27,2024-12-21,3,2025-01-11,wk inc flu hosp,quantile,0.75,524.4245411801793
28,2024-12-21,3,2025-01-11,wk inc flu hosp,quantile,0.75,307.74256179168344
29,2024-12-21,3,2025-01-11,wk inc flu hosp,quantile,0.75,543.3815629135058
30,2024-12-21,3,2025-01-11,wk inc flu hosp,quantile,0.75,66.94705179458141
31,2024-12-21,3,2025-01-11,wk inc flu hosp,quantile,0.75,115.7020041852166
32,2024-12-21,3,2025-01-11,wk inc flu hosp,quantile,0.75,294.98145272734536
33,2024-12-21,3,2025-01-11,wk inc flu hosp,quantile,0.75,88.45892001836744
34,2024-12-21,3,2025-01-11,wk inc flu hosp,quantile,0.75,934.1739092320068
35,2024-12-21,3,2025-01-11,wk inc flu hosp,quantile,0.75,398.1854363116157
36,2024-12-21,3,2025-01-11,wk inc flu hosp,quantile,0.75,2122.258204314774
37,2024-12-21,3,2025-01-11,wk inc flu hosp,quantile,0.75,859.8563157043109
38,2024-12-21,3,2025-01-11,wk inc flu hosp,quantile,0.75,23.46547985635866
39,2024-12-21,3,2025-01-11,wk inc flu hosp,quantile,0.75,912.6402698499164
40,2024-12-21,3,2025-01-11,wk inc flu hosp,quantile,0.75,434.22791098057525
41,2024-12-21,3,2025-01-11,wk inc flu hosp,quantile,0.75,540.0173081163713
42,2024-12-21,3,2025-01-11,wk inc flu hosp,quantile,0.75,1457.6939026076525
44,2024-12-21,3,2025-01-11,wk inc flu hosp,quantile,0.75,109.43964245646119
45,2024-12-21,3,2025-01-11,wk inc flu hosp,quantile,0.75,367.03459302798944
46,2024-12-21,3,2025-01-11,wk inc flu hosp,quantile,0.75,64.25386730677525
47,2024-12-21,3,2025-01-11,wk inc flu hosp,quantile,0.75,852.8783365701734
48,2024-12-21,3,2025-01-11,wk inc flu hosp,quantile,0.75,3037.415668419319
49,2024-12-21,3,2025-01-11,wk inc flu hosp,quantile,0.75,196.76158016681947
50,2024-12-21,3,2025-01-11,wk inc flu hosp,quantile,0.75,44.7842441032192
51,2024-12-21,3,2025-01-11,wk inc flu hosp,quantile,0.75,633.0418503589519
53,2024-12-21,3,2025-01-11,wk inc flu hosp,quantile,0.75,799.4766178131376
54,2024-12-21,3,2025-01-11,wk inc flu hosp,quantile,0.75,161.17669934457922
55,2024-12-21,3,2025-01-11,wk inc flu hosp,quantile,0.75,441.48441030553266
56,2024-12-21,3,2025-01-11,wk inc flu hosp,quantile,0.75,109.36030779696365
72,2024-12-21,3,2025-01-11,wk inc flu hosp,quantile,0.75,504.5127589603445
US,2024-12-21,3,2025-01-11,wk inc flu hosp,quantile,0.75,34020.421469942296
01,2024-12-21,0,2024-12-21,wk inc flu hosp,quantile,0.8,343.1130523691465
02,2024-12-21,0,2024-12-21,wk inc flu hosp,quantile,0.8,44.56081683217145
04,2024-12-21,0,2024-12-21,wk inc flu hosp,quantile,0.8,1348.7820245595774
05,2024-12-21,0,2024-12-21,wk inc flu hosp,quantile,0.8,92.1572836278272
06,2024-12-21,0,2024-12-21,wk inc flu hosp,quantile,0.8,2304.244840299549
08,2024-12-21,0,2024-12-21,wk inc flu hosp,quantile,0.8,249.21311053682714
09,2024-12-21,0,2024-12-21,wk inc flu hosp,quantile,0.8,63.31306476558004
10,2024-12-21,0,2024-12-21,wk inc flu hosp,quantile,0.8,32.665211858819085
11,2024-12-21,0,2024-12-21,wk inc flu hosp,quantile,0.8,15.457597596547648
12,2024-12-21,0,2024-12-21,wk inc flu hosp,quantile,0.8,1414.2759836720466
13,2024-12-21,0,2024-12-21,wk inc flu hosp,quantile,0.8,400.13996915498154
15,2024-12-21,0,2024-12-21,wk inc flu hosp,quantile,0.8,51.48280781641046
16,2024-12-21,0,2024-12-21,wk inc flu hosp,quantile,0.8,164.16614202924706
17,2024-12-21,0,2024-12-21,wk inc flu hosp,quantile,0.8,452.17371626752856
18,2024-12-21,0,2024-12-21,wk inc flu hosp,quantile,0.8,289.67541774423785
19,2024-12-21,0,2024-12-21,wk inc flu hosp,quantile,0.8,62.17845689082632
20,2024-12-21,0,2024-12-21,wk inc flu hosp,quantile,0.8,157.2326658554905
21,2024-12-21,0,2024-12-21,wk inc flu hosp,quantile,0.8,162.175705971134
22,2024-12-21,0,2024-12-21,wk inc flu hosp,quantile,0.8,399.78168136839884
23,2024-12-21,0,2024-12-21,wk inc flu hosp,quantile,0.8,12.484282147609132
24,2024-12-21,0,2024-12-21,wk inc flu hosp,quantile,0.8,155.46103623860523
25,2024-12-21,0,2024-12-21,wk inc flu hosp,quantile,0.8,265.47992811366606
26,2024-12-21,0,2024-12-21,wk inc flu hosp,quantile,0.8,374.5487905502018
27,2024-12-21,0,2024-12-21,wk inc flu hosp,quantile,0.8,226.4238082921394
28,2024-12-21,0,2024-12-21,wk inc flu hosp,quantile,0.8,112.70128795685315
29,2024-12-21,0,2024-12-21,wk inc flu hosp,quantile,0.8,184.66668105885805
30,2024-12-21,0,2024-12-21,wk inc flu hosp,quantile,0.8,18.868568162409993
31,2024-12-21,0,2024-12-21,wk inc flu hosp,quantile,0.8,39.51353282067488
32,2024-12-21,0,2024-12-21,wk inc flu hosp,quantile,0.8,154.25010760162013
33,2024-12-21,0,2024-12-21,wk inc flu hosp,quantile,0.8,40.72897540243005
34,2024-12-21,0,2024-12-21,wk inc flu hosp,quantile,0.8,366.3446724564281
35,2024-12-21,0,2024-12-21,wk inc flu hosp,quantile,0.8,196.91901801574775
36,2024-12-21,0,2024-12-21,wk inc flu hosp,quantile,0.8,851.3649886159814
37,2024-12-21,0,2024-12-21,wk inc flu hosp,quantile,0.8,343.5695543131008
38,2024-12-21,0,2024-12-21,wk inc flu hosp,quantile,0.8,5.00427625789719
39,2024-12-21,0,2024-12-21,wk inc flu hosp,quantile,0.8,335.366953715508
40,2024-12-21,0,2024-12-21,wk inc flu hosp,quantile,0.8,130.72045659191707
41,2024-12-21,0,2024-12-21,wk inc flu hosp,quantile,0.8,330.73755041969946
42,2024-12-21,0,2024-12-21,wk inc flu hosp,quantile,0.8,562.5549217361232
44,2024-12-21,0,2024-12-21,wk inc flu hosp,quantile,0.8,51.30571040636503
45,2024-12-21,0,2024-12-21,wk inc flu hosp,quantile,0.8,135.5228185188345
46,2024-12-21,0,2024-12-21,wk inc flu hosp,quantile,0.8,20.994271906339655
47,2024-12-21,0,2024-12-21,wk inc flu hosp,quantile,0.8,381.5295234686781
48,2024-12-21,0,2024-12-21,wk inc flu hosp,quantile,0.8,1293.1623789805017
49,2024-12-21,0,2024-12-21,wk inc flu hosp,quantile,0.8,135.22654859354301
50,2024-12-21,0,2024-12-21,wk inc flu hosp,quantile,0.8,15.539510553929068
51,2024-12-21,0,2024-12-21,wk inc flu hosp,quantile,0.8,247.25637039035377
53,2024-12-21,0,2024-12-21,wk inc flu hosp,quantile,0.8,351.9684907837657
54,2024-12-21,0,2024-12-21,wk inc flu hosp,quantile,0.8,52.288324287074076
55,2024-12-21,0,2024-12-21,wk inc flu hosp,quantile,0.8,150.93414341152945
56,2024-12-21,0,2024-12-21,wk inc flu hosp,quantile,0.8,51.398364964683594
72,2024-12-21,0,2024-12-21,wk inc flu hosp,quantile,0.8,515.0772484676821
US,2024-12-21,0,2024-12-21,wk inc flu hosp,quantile,0.8,15244.42894318142
01,2024-12-21,1,2024-12-28,wk inc flu hosp,quantile,0.8,511.735436276832
02,2024-12-21,1,2024-12-28,wk inc flu hosp,quantile,0.8,66.6045346559804
04,2024-12-21,1,2024-12-28,wk inc flu hosp,quantile,0.8,1447.6804159744866
05,2024-12-21,1,2024-12-28,wk inc flu hosp,quantile,0.8,163.65131297555013
06,2024-12-21,1,2024-12-28,wk inc flu hosp,quantile,0.8,3221.487770585126
08,2024-12-21,1,2024-12-28,wk inc flu hosp,quantile,0.8,389.88324595150453
09,2024-12-21,1,2024-12-28,wk inc flu hosp,quantile,0.8,117.85353202028335
10,2024-12-21,1,2024-12-28,wk inc flu hosp,quantile,0.8,52.75671116185184
11,2024-12-21,1,2024-12-28,wk inc flu hosp,quantile,0.8,27.595260099503783
12,2024-12-21,1,2024-12-28,wk inc flu hosp,quantile,0.8,2008.925046208024
13,2024-12-21,1,2024-12-28,wk inc flu hosp,quantile,0.8,632.0347946108401
15,2024-12-21,1,2024-12-28,wk inc flu hosp,quantile,0.8,73.04597880412938
16,2024-12-21,1,2024-12-28,wk inc flu hosp,quantile,0.8,238.50767918745547
17,2024-12-21,1,2024-12-28,wk inc flu hosp,quantile,0.8,715.4764023030832
18,2024-12-21,1,2024-12-28,wk inc flu hosp,quantile,0.8,479.50392777063394
19,2024-12-21,1,2024-12-28,wk inc flu hosp,quantile,0.8,114.48897695813831
20,2024-12-21,1,2024-12-28,wk inc flu hosp,quantile,0.8,243.85313900368473
21,2024-12-21,1,2024-12-28,wk inc flu hosp,quantile,0.8,271.2993170151675
22,2024-12-21,1,2024-12-28,wk inc flu hosp,quantile,0.8,559.2461752822851
23,2024-12-21,1,2024-12-28,wk inc flu hosp,quantile,0.8,28.144881571666566
24,2024-12-21,1,2024-12-28,wk inc flu hosp,quantile,0.8,260.6883055584204
25,2024-12-21,1,2024-12-28,wk inc flu hosp,quantile,0.8,443.8841556363841
26,2024-12-21,1,2024-12-28,wk inc flu hosp,quantile,0.8,637.8535700900405
27,2024-12-21,1,2024-12-28,wk inc flu hosp,quantile,0.8,356.0229148590562
28,2024-12-21,1,2024-12-28,wk inc flu hosp,quantile,0.8,189.7316129247503
29,2024-12-21,1,2024-12-28,wk inc flu hosp,quantile,0.8,324.205760682767
30,2024-12-21,1,2024-12-28,wk inc flu hosp,quantile,0.8,37.08533902063537
31,2024-12-21,1,2024-12-28,wk inc flu hosp,quantile,0.8,69.14527380730281
32,2024-12-21,1,2024-12-28,wk inc flu hosp,quantile,0.8,231.51385012738442
33,2024-12-21,1,2024-12-28,wk inc flu hosp,quantile,0.8,62.916559444920196
34,2024-12-21,1,2024-12-28,wk inc flu hosp,quantile,0.8,601.9391640873301
35,2024-12-21,1,2024-12-28,wk inc flu hosp,quantile,0.8,305.9093330894492
36,2024-12-21,1,2024-12-28,wk inc flu hosp,quantile,0.8,1389.4381322728718
37,2024-12-21,1,2024-12-28,wk inc flu hosp,quantile,0.8,557.3350649816315
38,2024-12-21,1,2024-12-28,wk inc flu hosp,quantile,0.8,11.987509046231692
39,2024-12-21,1,2024-12-28,wk inc flu hosp,quantile,0.8,572.6286515486414
40,2024-12-21,1,2024-12-28,wk inc flu hosp,quantile,0.8,243.75587771480608
41,2024-12-21,1,2024-12-28,wk inc flu hosp,quantile,0.8,472.46082994843044
42,2024-12-21,1,2024-12-28,wk inc flu hosp,quantile,0.8,926.1697796163808
44,2024-12-21,1,2024-12-28,wk inc flu hosp,quantile,0.8,78.38155840548156
45,2024-12-21,1,2024-12-28,wk inc flu hosp,quantile,0.8,230.3629045324806
46,2024-12-21,1,2024-12-28,wk inc flu hosp,quantile,0.8,37.88414695229954
47,2024-12-21,1,2024-12-28,wk inc flu hosp,quantile,0.8,597.0384119448717
48,2024-12-21,1,2024-12-28,wk inc flu hosp,quantile,0.8,2035.6657850477413
49,2024-12-21,1,2024-12-28,wk inc flu hosp,quantile,0.8,176.45714589635932
50,2024-12-21,1,2024-12-28,wk inc flu hosp,quantile,0.8,27.244286230159997
51,2024-12-21,1,2024-12-28,wk inc flu hosp,quantile,0.8,403.6202402200998
53,2024-12-21,1,2024-12-28,wk inc flu hosp,quantile,0.8,551.3457408368372
54,2024-12-21,1,2024-12-28,wk inc flu hosp,quantile,0.8,95.15700099447056
55,2024-12-21,1,2024-12-28,wk inc flu hosp,quantile,0.8,265.41496484175747
56,2024-12-21,1,2024-12-28,wk inc flu hosp,quantile,0.8,77.78131274175576
72,2024-12-21,1,2024-12-28,wk inc flu hosp,quantile,0.8,524.3542576398345
US,2024-12-21,1,2024-12-28,wk inc flu hosp,quantile,0.8,22655.921108293132
01,2024-12-21,2,2025-01-04,wk inc flu hosp,quantile,0.8,665.8623394274881
02,2024-12-21,2,2025-01-04,wk inc flu hosp,quantile,0.8,84.74153506153776
04,2024-12-21,2,2025-01-04,wk inc flu hosp,quantile,0.8,1496.26347453518
05,2024-12-21,2,2025-01-04,wk inc flu hosp,quantile,0.8,242.96348257198648
06,2024-12-21,2,2025-01-04,wk inc flu hosp,quantile,0.8,3462.9699006759547
08,2024-12-21,2,2025-01-04,wk inc flu hosp,quantile,0.8,528.5170364929747
09,2024-12-21,2,2025-01-04,wk inc flu hosp,quantile,0.8,180.84608555962737
10,2024-12-21,2,2025-01-04,wk inc flu hosp,quantile,0.8,73.2965629522368
11,2024-12-21,2,2025-01-04,wk inc flu hosp,quantile,0.8,41.59204371000291
12,2024-12-21,2,2025-01-04,wk inc flu hosp,quantile,0.8,2380.8117474284377
13,2024-12-21,2,2025-01-04,wk inc flu hosp,quantile,0.8,873.1492257126814
15,2024-12-21,2,2025-01-04,wk inc flu hosp,quantile,0.8,84.85360761440147
16,2024-12-21,2,2025-01-04,wk inc flu hosp,quantile,0.8,274.67439663009924
17,2024-12-21,2,2025-01-04,wk inc flu hosp,quantile,0.8,993.2138940521302
18,2024-12-21,2,2025-01-04,wk inc flu hosp,quantile,0.8,684.6435965076914
19,2024-12-21,2,2025-01-04,wk inc flu hosp,quantile,0.8,173.25612545822685
20,2024-12-21,2,2025-01-04,wk inc flu hosp,quantile,0.8,329.77836995166115
21,2024-12-21,2,2025-01-04,wk inc flu hosp,quantile,0.8,385.83089583915717
22,2024-12-21,2,2025-01-04,wk inc flu hosp,quantile,0.8,621.4157014636007
23,2024-12-21,2,2025-01-04,wk inc flu hosp,quantile,0.8,47.838048240077455
24,2024-12-21,2,2025-01-04,wk inc flu hosp,quantile,0.8,375.7909934903635
25,2024-12-21,2,2025-01-04,wk inc flu hosp,quantile,0.8,636.8310240104549
26,2024-12-21,2,2025-01-04,wk inc flu hosp,quantile,0.8,925.9224821649652
27,2024-12-21,2,2025-01-04,wk inc flu hosp,quantile,0.8,487.3639311545337
28,2024-12-21,2,2025-01-04,wk inc flu hosp,quantile,0.8,276.4122717074924
29,2024-12-21,2,2025-01-04,wk inc flu hosp,quantile,0.8,481.5324757347894
30,2024-12-21,2,2025-01-04,wk inc flu hosp,quantile,0.8,59.01234530006878
31,2024-12-21,2,2025-01-04,wk inc flu hosp,quantile,0.8,102.97837083586832
32,2024-12-21,2,2025-01-04,wk inc flu hosp,quantile,0.8,278.6022392124746
33,2024-12-21,2,2025-01-04,wk inc flu hosp,quantile,0.8,79.97267920277186
34,2024-12-21,2,2025-01-04,wk inc flu hosp,quantile,0.8,849.6622555275773
35,2024-12-21,2,2025-01-04,wk inc flu hosp,quantile,0.8,407.43185146265245
36,2024-12-21,2,2025-01-04,wk inc flu hosp,quantile,0.8,1943.8179622776995
37,2024-12-21,2,2025-01-04,wk inc flu hosp,quantile,0.8,781.4971120970735
38,2024-12-21,2,2025-01-04,wk inc flu hosp,quantile,0.8,20.84466348219601
39,2024-12-21,2,2025-01-04,wk inc flu hosp,quantile,0.8,825.5520031335922
40,2024-12-21,2,2025-01-04,wk inc flu hosp,quantile,0.8,378.63817166903584
41,2024-12-21,2,2025-01-04,wk inc flu hosp,quantile,0.8,536.0182554047344
42,2024-12-21,2,2025-01-04,wk inc flu hosp,quantile,0.8,1315.248463567836
44,2024-12-21,2,2025-01-04,wk inc flu hosp,quantile,0.8,103.77740502426482
45,2024-12-21,2,2025-01-04,wk inc flu hosp,quantile,0.8,332.5644819568171
46,2024-12-21,2,2025-01-04,wk inc flu hosp,quantile,0.8,57.69167530417985
47,2024-12-21,2,2025-01-04,wk inc flu hosp,quantile,0.8,816.7545283888983
48,2024-12-21,2,2025-01-04,wk inc flu hosp,quantile,0.8,2834.8564995709808
49,2024-12-21,2,2025-01-04,wk inc flu hosp,quantile,0.8,196.94121071463508
50,2024-12-21,2,2025-01-04,wk inc flu hosp,quantile,0.8,40.44144823958604
51,2024-12-21,2,2025-01-04,wk inc flu hosp,quantile,0.8,570.3660133002516
53,2024-12-21,2,2025-01-04,wk inc flu hosp,quantile,0.8,747.2091440376553
54,2024-12-21,2,2025-01-04,wk inc flu hosp,quantile,0.8,143.78120201796082
55,2024-12-21,2,2025-01-04,wk inc flu hosp,quantile,0.8,394.15334994219796
56,2024-12-21,2,2025-01-04,wk inc flu hosp,quantile,0.8,103.47701713584135
72,2024-12-21,2,2025-01-04,wk inc flu hosp,quantile,0.8,519.0234234969225
US,2024-12-21,2,2025-01-04,wk inc flu hosp,quantile,0.8,31219.284517690867
01,2024-12-21,3,2025-01-11,wk inc flu hosp,quantile,0.8,721.531682036828
02,2024-12-21,3,2025-01-11,wk inc flu hosp,quantile,0.8,91.40028490455398
04,2024-12-21,3,2025-01-11,wk inc flu hosp,quantile,0.8,1472.4632215587626
05,2024-12-21,3,2025-01-11,wk inc flu hosp,quantile,0.8,301.24465873782646
06,2024-12-21,3,2025-01-11,wk inc flu hosp,quantile,0.8,3516.06454392207
08,2024-12-21,3,2025-01-11,wk inc flu hosp,quantile,0.8,595.2932062945625
09,2024-12-21,3,2025-01-11,wk inc flu hosp,quantile,0.8,229.19951993503835
10,2024-12-21,3,2025-01-11,wk inc flu hosp,quantile,0.8,83.91575665169682
11,2024-12-21,3,2025-01-11,wk inc flu hosp,quantile,0.8,50.95109184432678
12,2024-12-21,3,2025-01-11,wk inc flu hosp,quantile,0.8,2524.55173435084
13,2024-12-21,3,2025-01-11,wk inc flu hosp,quantile,0.8,1042.7762843581254
15,2024-12-21,3,2025-01-11,wk inc flu hosp,quantile,0.8,88.19409987063024
16,2024-12-21,3,2025-01-11,wk inc flu hosp,quantile,0.8,287.5495662610715
17,2024-12-21,3,2025-01-11,wk inc flu hosp,quantile,0.8,1169.2776136070624
18,2024-12-21,3,2025-01-11,wk inc flu hosp,quantile,0.8,833.3554143763865
19,2024-12-21,3,2025-01-11,wk inc flu hosp,quantile,0.8,216.6313883761204
20,2024-12-21,3,2025-01-11,wk inc flu hosp,quantile,0.8,380.3023286926549
21,2024-12-21,3,2025-01-11,wk inc flu hosp,quantile,0.8,463.2002414623492
22,2024-12-21,3,2025-01-11,wk inc flu hosp,quantile,0.8,635.0745585575894
23,2024-12-21,3,2025-01-11,wk inc flu hosp,quantile,0.8,62.852699439443874
24,2024-12-21,3,2025-01-11,wk inc flu hosp,quantile,0.8,458.45004861442146
25,2024-12-21,3,2025-01-11,wk inc flu hosp,quantile,0.8,781.0199828082609
26,2024-12-21,3,2025-01-11,wk inc flu hosp,quantile,0.8,1136.3858799162238
27,2024-12-21,3,2025-01-11,wk inc flu hosp,quantile,0.8,566.4521172538683
28,2024-12-21,3,2025-01-11,wk inc flu hosp,quantile,0.8,339.61097734112633
29,2024-12-21,3,2025-01-11,wk inc flu hosp,quantile,0.8,601.889832068607
30,2024-12-21,3,2025-01-11,wk inc flu hosp,quantile,0.8,75.2164064335504
31,2024-12-21,3,2025-01-11,wk inc flu hosp,quantile,0.8,128.06814795844883
32,2024-12-21,3,2025-01-11,wk inc flu hosp,quantile,0.8,298.9209231764421
33,2024-12-21,3,2025-01-11,wk inc flu hosp,quantile,0.8,92.1214277718366
34,2024-12-21,3,2025-01-11,wk inc flu hosp,quantile,0.8,1019.3287501929478
35,2024-12-21,3,2025-01-11,wk inc flu hosp,quantile,0.8,441.87146614122406
36,2024-12-21,3,2025-01-11,wk inc flu hosp,quantile,0.8,2306.1376964151227
37,2024-12-21,3,2025-01-11,wk inc flu hosp,quantile,0.8,937.400932556524
38,2024-12-21,3,2025-01-11,wk inc flu hosp,quantile,0.8,27.74654284087791
39,2024-12-21,3,2025-01-11,wk inc flu hosp,quantile,0.8,1003.3474477270813
40,2024-12-21,3,2025-01-11,wk inc flu hosp,quantile,0.8,485.98490396423506
41,2024-12-21,3,2025-01-11,wk inc flu hosp,quantile,0.8,560.4187560644647
42,2024-12-21,3,2025-01-11,wk inc flu hosp,quantile,0.8,1597.926461342144
44,2024-12-21,3,2025-01-11,wk inc flu hosp,quantile,0.8,117.95247129407784
45,2024-12-21,3,2025-01-11,wk inc flu hosp,quantile,0.8,403.6420804649509
46,2024-12-21,3,2025-01-11,wk inc flu hosp,quantile,0.8,72.00439570621296
47,2024-12-21,3,2025-01-11,wk inc flu hosp,quantile,0.8,947.4814836649426
48,2024-12-21,3,2025-01-11,wk inc flu hosp,quantile,0.8,3329.5478567248524
49,2024-12-21,3,2025-01-11,wk inc flu hosp,quantile,0.8,198.87351559066263
50,2024-12-21,3,2025-01-11,wk inc flu hosp,quantile,0.8,50.08646216002424
51,2024-12-21,3,2025-01-11,wk inc flu hosp,quantile,0.8,692.2054107267289
53,2024-12-21,3,2025-01-11,wk inc flu hosp,quantile,0.8,857.9285301319358
54,2024-12-21,3,2025-01-11,wk inc flu hosp,quantile,0.8,179.11136799444094
55,2024-12-21,3,2025-01-11,wk inc flu hosp,quantile,0.8,488.34254675170286
56,2024-12-21,3,2025-01-11,wk inc flu hosp,quantile,0.8,119.07122182841655
72,2024-12-21,3,2025-01-11,wk inc flu hosp,quantile,0.8,509.5937067383743
US,2024-12-21,3,2025-01-11,wk inc flu hosp,quantile,0.8,35895.49016652638
01,2024-12-21,0,2024-12-21,wk inc flu hosp,quantile,0.85,367.7615240381106
02,2024-12-21,0,2024-12-21,wk inc flu hosp,quantile,0.85,47.75497349099543
04,2024-12-21,0,2024-12-21,wk inc flu hosp,quantile,0.85,1397.597500146243
05,2024-12-21,0,2024-12-21,wk inc flu hosp,quantile,0.85,100.43101743005177
06,2024-12-21,0,2024-12-21,wk inc flu hosp,quantile,0.85,2445.076749934746
08,2024-12-21,0,2024-12-21,wk inc flu hosp,quantile,0.85,270.2109630729005
09,2024-12-21,0,2024-12-21,wk inc flu hosp,quantile,0.85,66.94311176298261
10,2024-12-21,0,2024-12-21,wk inc flu hosp,quantile,0.85,35.858733790986136
11,2024-12-21,0,2024-12-21,wk inc flu hosp,quantile,0.85,16.296039976627437
12,2024-12-21,0,2024-12-21,wk inc flu hosp,quantile,0.85,1511.9635535063478
13,2024-12-21,0,2024-12-21,wk inc flu hosp,quantile,0.85,437.98236043269947
15,2024-12-21,0,2024-12-21,wk inc flu hosp,quantile,0.85,54.63760108841464
16,2024-12-21,0,2024-12-21,wk inc flu hosp,quantile,0.85,177.19828784375437
17,2024-12-21,0,2024-12-21,wk inc flu hosp,quantile,0.85,496.9667510029059
18,2024-12-21,0,2024-12-21,wk inc flu hosp,quantile,0.85,320.8961247739235
19,2024-12-21,0,2024-12-21,wk inc flu hosp,quantile,0.85,68.49445218976729
20,2024-12-21,0,2024-12-21,wk inc flu hosp,quantile,0.85,170.55561892448225
21,2024-12-21,0,2024-12-21,wk inc flu hosp,quantile,0.85,179.7366311725545
22,2024-12-21,0,2024-12-21,wk inc flu hosp,quantile,0.85,419.1638116473215
23,2024-12-21,0,2024-12-21,wk inc flu hosp,quantile,0.85,13.6149366503858
24,2024-12-21,0,2024-12-21,wk inc flu hosp,quantile,0.85,172.3826745089403
25,2024-12-21,0,2024-12-21,wk inc flu hosp,quantile,0.85,295.96686952468673
26,2024-12-21,0,2024-12-21,wk inc flu hosp,quantile,0.85,420.62725136408403
27,2024-12-21,0,2024-12-21,wk inc flu hosp,quantile,0.85,245.3215002217524
28,2024-12-21,0,2024-12-21,wk inc flu hosp,quantile,0.85,126.16529755245759
29,2024-12-21,0,2024-12-21,wk inc flu hosp,quantile,0.85,203.7091909070767
30,2024-12-21,0,2024-12-21,wk inc flu hosp,quantile,0.85,20.180664142447412
31,2024-12-21,0,2024-12-21,wk inc flu hosp,quantile,0.85,43.63290549859877
32,2024-12-21,0,2024-12-21,wk inc flu hosp,quantile,0.85,165.32358713296324
33,2024-12-21,0,2024-12-21,wk inc flu hosp,quantile,0.85,44.73017166213751
34,2024-12-21,0,2024-12-21,wk inc flu hosp,quantile,0.85,404.3722629729847
35,2024-12-21,0,2024-12-21,wk inc flu hosp,quantile,0.85,212.77931789518658
36,2024-12-21,0,2024-12-21,wk inc flu hosp,quantile,0.85,935.1184462421654
37,2024-12-21,0,2024-12-21,wk inc flu hosp,quantile,0.85,378.5284904382903
38,2024-12-21,0,2024-12-21,wk inc flu hosp,quantile,0.85,5.262046924755655
39,2024-12-21,0,2024-12-21,wk inc flu hosp,quantile,0.85,376.490981091234
40,2024-12-21,0,2024-12-21,wk inc flu hosp,quantile,0.85,143.54989410726378
41,2024-12-21,0,2024-12-21,wk inc flu hosp,quantile,0.85,350.1534673113306
42,2024-12-21,0,2024-12-21,wk inc flu hosp,quantile,0.85,625.5364116516854
44,2024-12-21,0,2024-12-21,wk inc flu hosp,quantile,0.85,54.728748893598926
45,2024-12-21,0,2024-12-21,wk inc flu hosp,quantile,0.85,150.39217894391405
46,2024-12-21,0,2024-12-21,wk inc flu hosp,quantile,0.85,22.14645529436992
47,2024-12-21,0,2024-12-21,wk inc flu hosp,quantile,0.85,416.6457814459635
48,2024-12-21,0,2024-12-21,wk inc flu hosp,quantile,0.85,1429.387010310972
49,2024-12-21,0,2024-12-21,wk inc flu hosp,quantile,0.85,139.49689919902784
50,2024-12-21,0,2024-12-21,wk inc flu hosp,quantile,0.85,16.949059798216467
51,2024-12-21,0,2024-12-21,wk inc flu hosp,quantile,0.85,274.53283393040016
53,2024-12-21,0,2024-12-21,wk inc flu hosp,quantile,0.85,381.6882325339909
54,2024-12-21,0,2024-12-21,wk inc flu hosp,quantile,0.85,56.832486558719985
55,2024-12-21,0,2024-12-21,wk inc flu hosp,quantile,0.85,169.17513443824706
56,2024-12-21,0,2024-12-21,wk inc flu hosp,quantile,0.85,55.477564547758426
72,2024-12-21,0,2024-12-21,wk inc flu hosp,quantile,0.85,532.015791861958
US,2024-12-21,0,2024-12-21,wk inc flu hosp,quantile,0.85,15817.893421846551
01,2024-12-21,1,2024-12-28,wk inc flu hosp,quantile,0.85,541.8962880610941
02,2024-12-21,1,2024-12-28,wk inc flu hosp,quantile,0.85,70.18956601723966
04,2024-12-21,1,2024-12-28,wk inc flu hosp,quantile,0.85,1545.8578369119632
05,2024-12-21,1,2024-12-28,wk inc flu hosp,quantile,0.85,183.03452706220742
06,2024-12-21,1,2024-12-28,wk inc flu hosp,quantile,0.85,3264.154271080666
08,2024-12-21,1,2024-12-28,wk inc flu hosp,quantile,0.85,413.7128661180574
09,2024-12-21,1,2024-12-28,wk inc flu hosp,quantile,0.85,129.57521328596184
10,2024-12-21,1,2024-12-28,wk inc flu hosp,quantile,0.85,56.80385607550579
11,2024-12-21,1,2024-12-28,wk inc flu hosp,quantile,0.85,30.39481241561377
12,2024-12-21,1,2024-12-28,wk inc flu hosp,quantile,0.85,2030.3384085508915
13,2024-12-21,1,2024-12-28,wk inc flu hosp,quantile,0.85,683.138536926815
15,2024-12-21,1,2024-12-28,wk inc flu hosp,quantile,0.85,73.08744725783248
16,2024-12-21,1,2024-12-28,wk inc flu hosp,quantile,0.85,250.01827788839282
17,2024-12-21,1,2024-12-28,wk inc flu hosp,quantile,0.85,775.9204995335226
18,2024-12-21,1,2024-12-28,wk inc flu hosp,quantile,0.85,523.5749525056809
19,2024-12-21,1,2024-12-28,wk inc flu hosp,quantile,0.85,126.95664250752971
20,2024-12-21,1,2024-12-28,wk inc flu hosp,quantile,0.85,259.9382692102581
21,2024-12-21,1,2024-12-28,wk inc flu hosp,quantile,0.85,292.5427238215742
22,2024-12-21,1,2024-12-28,wk inc flu hosp,quantile,0.85,561.7692117435416
23,2024-12-21,1,2024-12-28,wk inc flu hosp,quantile,0.85,32.10479393458943
24,2024-12-21,1,2024-12-28,wk inc flu hosp,quantile,0.85,282.61719686936476
25,2024-12-21,1,2024-12-28,wk inc flu hosp,quantile,0.85,483.28475339782966
26,2024-12-21,1,2024-12-28,wk inc flu hosp,quantile,0.85,698.6774362429854
27,2024-12-21,1,2024-12-28,wk inc flu hosp,quantile,0.85,380.5562456310408
28,2024-12-21,1,2024-12-28,wk inc flu hosp,quantile,0.85,207.901848874145
29,2024-12-21,1,2024-12-28,wk inc flu hosp,quantile,0.85,360.405072746211
30,2024-12-21,1,2024-12-28,wk inc flu hosp,quantile,0.85,41.530875668338325
31,2024-12-21,1,2024-12-28,wk inc flu hosp,quantile,0.85,76.71295206852278
32,2024-12-21,1,2024-12-28,wk inc flu hosp,quantile,0.85,231.5214679884826
33,2024-12-21,1,2024-12-28,wk inc flu hosp,quantile,0.85,64.83456624836249
34,2024-12-21,1,2024-12-28,wk inc flu hosp,quantile,0.85,653.5829897693238
35,2024-12-21,1,2024-12-28,wk inc flu hosp,quantile,0.85,324.0170024870075
36,2024-12-21,1,2024-12-28,wk inc flu hosp,quantile,0.85,1517.4635147638726
37,2024-12-21,1,2024-12-28,wk inc flu hosp,quantile,0.85,609.4132425465656
38,2024-12-21,1,2024-12-28,wk inc flu hosp,quantile,0.85,13.639130895948766
39,2024-12-21,1,2024-12-28,wk inc flu hosp,quantile,0.85,636.6244428485899
40,2024-12-21,1,2024-12-28,wk inc flu hosp,quantile,0.85,273.3246218455759
41,2024-12-21,1,2024-12-28,wk inc flu hosp,quantile,0.85,476.7671463697472
42,2024-12-21,1,2024-12-28,wk inc flu hosp,quantile,0.85,1009.9055207796989
44,2024-12-21,1,2024-12-28,wk inc flu hosp,quantile,0.85,82.62599758238213
45,2024-12-21,1,2024-12-28,wk inc flu hosp,quantile,0.85,250.9164736014374
46,2024-12-21,1,2024-12-28,wk inc flu hosp,quantile,0.85,41.92273564367266
47,2024-12-21,1,2024-12-28,wk inc flu hosp,quantile,0.85,648.2580611778404
48,2024-12-21,1,2024-12-28,wk inc flu hosp,quantile,0.85,2227.887896692261
49,2024-12-21,1,2024-12-28,wk inc flu hosp,quantile,0.85,179.94959297147432
50,2024-12-21,1,2024-12-28,wk inc flu hosp,quantile,0.85,30.028518989369566
51,2024-12-21,1,2024-12-28,wk inc flu hosp,quantile,0.85,438.49854671165355
53,2024-12-21,1,2024-12-28,wk inc flu hosp,quantile,0.85,588.5190283067388
54,2024-12-21,1,2024-12-28,wk inc flu hosp,quantile,0.85,106.64206149081012
55,2024-12-21,1,2024-12-28,wk inc flu hosp,quantile,0.85,290.17726977187624
56,2024-12-21,1,2024-12-28,wk inc flu hosp,quantile,0.85,82.86224829923701
72,2024-12-21,1,2024-12-28,wk inc flu hosp,quantile,0.85,534.3416238718845
US,2024-12-21,1,2024-12-28,wk inc flu hosp,quantile,0.85,22731.5268474477
01,2024-12-21,2,2025-01-04,wk inc flu hosp,quantile,0.85,713.3245597204393
02,2024-12-21,2,2025-01-04,wk inc flu hosp,quantile,0.85,89.07217607124272
04,2024-12-21,2,2025-01-04,wk inc flu hosp,quantile,0.85,1576.0527118975258
05,2024-12-21,2,2025-01-04,wk inc flu hosp,quantile,0.85,272.155770000438
06,2024-12-21,2,2025-01-04,wk inc flu hosp,quantile,0.85,3551.148648217549
08,2024-12-21,2,2025-01-04,wk inc flu hosp,quantile,0.85,574.9919481237825
09,2024-12-21,2,2025-01-04,wk inc flu hosp,quantile,0.85,201.69675387128262
10,2024-12-21,2,2025-01-04,wk inc flu hosp,quantile,0.85,80.26316246335628
11,2024-12-21,2,2025-01-04,wk inc flu hosp,quantile,0.85,46.094035824832524
12,2024-12-21,2,2025-01-04,wk inc flu hosp,quantile,0.85,2383.2852055087296
13,2024-12-21,2,2025-01-04,wk inc flu hosp,quantile,0.85,955.990820249295
15,2024-12-21,2,2025-01-04,wk inc flu hosp,quantile,0.85,86.0007174506763
16,2024-12-21,2,2025-01-04,wk inc flu hosp,quantile,0.85,289.107725278647
17,2024-12-21,2,2025-01-04,wk inc flu hosp,quantile,0.85,1087.7456770068598
18,2024-12-21,2,2025-01-04,wk inc flu hosp,quantile,0.85,752.1098945026738
19,2024-12-21,2,2025-01-04,wk inc flu hosp,quantile,0.85,193.80055097057894
20,2024-12-21,2,2025-01-04,wk inc flu hosp,quantile,0.85,355.3871084814241
21,2024-12-21,2,2025-01-04,wk inc flu hosp,quantile,0.85,421.7988693698831
22,2024-12-21,2,2025-01-04,wk inc flu hosp,quantile,0.85,633.3311505741672
23,2024-12-21,2,2025-01-04,wk inc flu hosp,quantile,0.85,54.71676898328563
24,2024-12-21,2,2025-01-04,wk inc flu hosp,quantile,0.85,409.7307352570443
25,2024-12-21,2,2025-01-04,wk inc flu hosp,quantile,0.85,701.0875041177052
26,2024-12-21,2,2025-01-04,wk inc flu hosp,quantile,0.85,1023.1752991914642
27,2024-12-21,2,2025-01-04,wk inc flu hosp,quantile,0.85,526.9234912211681
28,2024-12-21,2,2025-01-04,wk inc flu hosp,quantile,0.85,303.7472813060747
29,2024-12-21,2,2025-01-04,wk inc flu hosp,quantile,0.85,536.8436417377437
30,2024-12-21,2,2025-01-04,wk inc flu hosp,quantile,0.85,66.20268918383562
31,2024-12-21,2,2025-01-04,wk inc flu hosp,quantile,0.85,113.8924940857519
32,2024-12-21,2,2025-01-04,wk inc flu hosp,quantile,0.85,284.3223798711436
33,2024-12-21,2,2025-01-04,wk inc flu hosp,quantile,0.85,82.29398971465794
34,2024-12-21,2,2025-01-04,wk inc flu hosp,quantile,0.85,935.9895824381069
35,2024-12-21,2,2025-01-04,wk inc flu hosp,quantile,0.85,443.90129380649523
36,2024-12-21,2,2025-01-04,wk inc flu hosp,quantile,0.85,2155.909206542973
37,2024-12-21,2,2025-01-04,wk inc flu hosp,quantile,0.85,865.5807813657971
38,2024-12-21,2,2025-01-04,wk inc flu hosp,quantile,0.85,23.464673715224485
39,2024-12-21,2,2025-01-04,wk inc flu hosp,quantile,0.85,928.3223529982363
40,2024-12-21,2,2025-01-04,wk inc flu hosp,quantile,0.85,423.60418245910165
41,2024-12-21,2,2025-01-04,wk inc flu hosp,quantile,0.85,554.8028006635644
42,2024-12-21,2,2025-01-04,wk inc flu hosp,quantile,0.85,1451.1875129011712
44,2024-12-21,2,2025-01-04,wk inc flu hosp,quantile,0.85,109.22984718584323
45,2024-12-21,2,2025-01-04,wk inc flu hosp,quantile,0.85,365.4410857502471
46,2024-12-21,2,2025-01-04,wk inc flu hosp,quantile,0.85,63.9235631349442
47,2024-12-21,2,2025-01-04,wk inc flu hosp,quantile,0.85,898.8284501697518
48,2024-12-21,2,2025-01-04,wk inc flu hosp,quantile,0.85,3141.805342971678
49,2024-12-21,2,2025-01-04,wk inc flu hosp,quantile,0.85,200.82442369468293
50,2024-12-21,2,2025-01-04,wk inc flu hosp,quantile,0.85,44.787088571269074
51,2024-12-21,2,2025-01-04,wk inc flu hosp,quantile,0.85,626.8459189819598
53,2024-12-21,2,2025-01-04,wk inc flu hosp,quantile,0.85,808.9215581863725
54,2024-12-21,2,2025-01-04,wk inc flu hosp,quantile,0.85,161.13146514104866
55,2024-12-21,2,2025-01-04,wk inc flu hosp,quantile,0.85,433.5006368024107
56,2024-12-21,2,2025-01-04,wk inc flu hosp,quantile,0.85,110.03079618208373
72,2024-12-21,2,2025-01-04,wk inc flu hosp,quantile,0.85,526.6416056336011
US,2024-12-21,2,2025-01-04,wk inc flu hosp,quantile,0.85,32067.73072510454
01,2024-12-21,3,2025-01-11,wk inc flu hosp,quantile,0.85,772.420863878644
02,2024-12-21,3,2025-01-11,wk inc flu hosp,quantile,0.85,94.60803801577624
04,2024-12-21,3,2025-01-11,wk inc flu hosp,quantile,0.85,1572.0559516264436
05,2024-12-21,3,2025-01-11,wk inc flu hosp,quantile,0.85,335.7940532066682
06,2024-12-21,3,2025-01-11,wk inc flu hosp,quantile,0.85,3635.6520523529543
08,2024-12-21,3,2025-01-11,wk inc flu hosp,quantile,0.85,654.029808197149
09,2024-12-21,3,2025-01-11,wk inc flu hosp,quantile,0.85,255.61752237232403
10,2024-12-21,3,2025-01-11,wk inc flu hosp,quantile,0.85,93.55173266919749
11,2024-12-21,3,2025-01-11,wk inc flu hosp,quantile,0.85,57.178781390425804
12,2024-12-21,3,2025-01-11,wk inc flu hosp,quantile,0.85,2525.483463693165
13,2024-12-21,3,2025-01-11,wk inc flu hosp,quantile,0.85,1143.5656425210254
15,2024-12-21,3,2025-01-11,wk inc flu hosp,quantile,0.85,89.69343747666687
16,2024-12-21,3,2025-01-11,wk inc flu hosp,quantile,0.85,305.4385514230848
17,2024-12-21,3,2025-01-11,wk inc flu hosp,quantile,0.85,1289.8368492201328
18,2024-12-21,3,2025-01-11,wk inc flu hosp,quantile,0.85,923.0076488340169
19,2024-12-21,3,2025-01-11,wk inc flu hosp,quantile,0.85,240.8348751523802
20,2024-12-21,3,2025-01-11,wk inc flu hosp,quantile,0.85,403.2572145796977
21,2024-12-21,3,2025-01-11,wk inc flu hosp,quantile,0.85,507.7228088975608
22,2024-12-21,3,2025-01-11,wk inc flu hosp,quantile,0.85,653.5882754612828
23,2024-12-21,3,2025-01-11,wk inc flu hosp,quantile,0.85,72.08108506498408
24,2024-12-21,3,2025-01-11,wk inc flu hosp,quantile,0.85,503.4746586756352
25,2024-12-21,3,2025-01-11,wk inc flu hosp,quantile,0.85,859.8391492780969
26,2024-12-21,3,2025-01-11,wk inc flu hosp,quantile,0.85,1263.7458058588957
27,2024-12-21,3,2025-01-11,wk inc flu hosp,quantile,0.85,606.9952629379076
28,2024-12-21,3,2025-01-11,wk inc flu hosp,quantile,0.85,374.5237415687916
29,2024-12-21,3,2025-01-11,wk inc flu hosp,quantile,0.85,673.4285694976701
30,2024-12-21,3,2025-01-11,wk inc flu hosp,quantile,0.85,85.31336143629646
31,2024-12-21,3,2025-01-11,wk inc flu hosp,quantile,0.85,142.24770889391402
32,2024-12-21,3,2025-01-11,wk inc flu hosp,quantile,0.85,304.0566992921935
33,2024-12-21,3,2025-01-11,wk inc flu hosp,quantile,0.85,96.2257761262287
34,2024-12-21,3,2025-01-11,wk inc flu hosp,quantile,0.85,1122.3790877691115
35,2024-12-21,3,2025-01-11,wk inc flu hosp,quantile,0.85,485.9015590442578
36,2024-12-21,3,2025-01-11,wk inc flu hosp,quantile,0.85,2541.7342637057413
37,2024-12-21,3,2025-01-11,wk inc flu hosp,quantile,0.85,1033.7361942760522
38,2024-12-21,3,2025-01-11,wk inc flu hosp,quantile,0.85,31.069744643013227
39,2024-12-21,3,2025-01-11,wk inc flu hosp,quantile,0.85,1123.1325442560162
40,2024-12-21,3,2025-01-11,wk inc flu hosp,quantile,0.85,540.5587160680989
41,2024-12-21,3,2025-01-11,wk inc flu hosp,quantile,0.85,567.6289313422031
42,2024-12-21,3,2025-01-11,wk inc flu hosp,quantile,0.85,1771.31753426388
44,2024-12-21,3,2025-01-11,wk inc flu hosp,quantile,0.85,121.29049777254285
45,2024-12-21,3,2025-01-11,wk inc flu hosp,quantile,0.85,445.0020244006007
46,2024-12-21,3,2025-01-11,wk inc flu hosp,quantile,0.85,80.31994670520363
47,2024-12-21,3,2025-01-11,wk inc flu hosp,quantile,0.85,1050.6870632264
48,2024-12-21,3,2025-01-11,wk inc flu hosp,quantile,0.85,3745.9429338665736
49,2024-12-21,3,2025-01-11,wk inc flu hosp,quantile,0.85,203.33906550815468
50,2024-12-21,3,2025-01-11,wk inc flu hosp,quantile,0.85,55.70568708169672
51,2024-12-21,3,2025-01-11,wk inc flu hosp,quantile,0.85,763.8720879153364
53,2024-12-21,3,2025-01-11,wk inc flu hosp,quantile,0.85,919.0745669593873
54,2024-12-21,3,2025-01-11,wk inc flu hosp,quantile,0.85,199.9408880134373
55,2024-12-21,3,2025-01-11,wk inc flu hosp,quantile,0.85,540.2165958111576
56,2024-12-21,3,2025-01-11,wk inc flu hosp,quantile,0.85,125.17284733048457
72,2024-12-21,3,2025-01-11,wk inc flu hosp,quantile,0.85,513.5264183598513
US,2024-12-21,3,2025-01-11,wk inc flu hosp,quantile,0.85,38110.23919124617
01,2024-12-21,0,2024-12-21,wk inc flu hosp,quantile,0.9,391.3743886058092
02,2024-12-21,0,2024-12-21,wk inc flu hosp,quantile,0.9,51.44737045650309
04,2024-12-21,0,2024-12-21,wk inc flu hosp,quantile,0.9,1471.6140640411527
05,2024-12-21,0,2024-12-21,wk inc flu hosp,quantile,0.9,117.64814533434836
06,2024-12-21,0,2024-12-21,wk inc flu hosp,quantile,0.9,2646.067011954655
08,2024-12-21,0,2024-12-21,wk inc flu hosp,quantile,0.9,287.05061350945505
09,2024-12-21,0,2024-12-21,wk inc flu hosp,quantile,0.9,78.67834130534098
10,2024-12-21,0,2024-12-21,wk inc flu hosp,quantile,0.9,38.19317334775394
11,2024-12-21,0,2024-12-21,wk inc flu hosp,quantile,0.9,18.96033991306537
12,2024-12-21,0,2024-12-21,wk inc flu hosp,quantile,0.9,1671.0215375267503
13,2024-12-21,0,2024-12-21,wk inc flu hosp,quantile,0.9,462.1153619625641
15,2024-12-21,0,2024-12-21,wk inc flu hosp,quantile,0.9,60.62064881323378
16,2024-12-21,0,2024-12-21,wk inc flu hosp,quantile,0.9,190.3265818885029
17,2024-12-21,0,2024-12-21,wk inc flu hosp,quantile,0.9,537.0123348299937
18,2024-12-21,0,2024-12-21,wk inc flu hosp,quantile,0.9,345.172807303295
19,2024-12-21,0,2024-12-21,wk inc flu hosp,quantile,0.9,78.69518221417276
20,2024-12-21,0,2024-12-21,wk inc flu hosp,quantile,0.9,183.2308122419296
21,2024-12-21,0,2024-12-21,wk inc flu hosp,quantile,0.9,191.44417052081405
22,2024-12-21,0,2024-12-21,wk inc flu hosp,quantile,0.9,455.74745308863277
23,2024-12-21,0,2024-12-21,wk inc flu hosp,quantile,0.9,16.76592367761244
24,2024-12-21,0,2024-12-21,wk inc flu hosp,quantile,0.9,184.864196123616
25,2024-12-21,0,2024-12-21,wk inc flu hosp,quantile,0.9,321.00395012022125
26,2024-12-21,0,2024-12-21,wk inc flu hosp,quantile,0.9,459.7711404690473
27,2024-12-21,0,2024-12-21,wk inc flu hosp,quantile,0.9,257.8380288920805
28,2024-12-21,0,2024-12-21,wk inc flu hosp,quantile,0.9,144.5914394587996
29,2024-12-21,0,2024-12-21,wk inc flu hosp,quantile,0.9,233.44382809537552
30,2024-12-21,0,2024-12-21,wk inc flu hosp,quantile,0.9,24.374082879513903
31,2024-12-21,0,2024-12-21,wk inc flu hosp,quantile,0.9,49.53839209918092
32,2024-12-21,0,2024-12-21,wk inc flu hosp,quantile,0.9,187.60135506153756
33,2024-12-21,0,2024-12-21,wk inc flu hosp,quantile,0.9,51.92299490696022
34,2024-12-21,0,2024-12-21,wk inc flu hosp,quantile,0.9,435.69940016606694
35,2024-12-21,0,2024-12-21,wk inc flu hosp,quantile,0.9,227.08125944439988
36,2024-12-21,0,2024-12-21,wk inc flu hosp,quantile,0.9,1005.8727729902372
37,2024-12-21,0,2024-12-21,wk inc flu hosp,quantile,0.9,402.589334196072
38,2024-12-21,0,2024-12-21,wk inc flu hosp,quantile,0.9,6.654333652484379
39,2024-12-21,0,2024-12-21,wk inc flu hosp,quantile,0.9,402.54478537486614
40,2024-12-21,0,2024-12-21,wk inc flu hosp,quantile,0.9,167.1165489104612
41,2024-12-21,0,2024-12-21,wk inc flu hosp,quantile,0.9,386.34612699153683
42,2024-12-21,0,2024-12-21,wk inc flu hosp,quantile,0.9,703.9351571712077
44,2024-12-21,0,2024-12-21,wk inc flu hosp,quantile,0.9,57.3074025131221
45,2024-12-21,0,2024-12-21,wk inc flu hosp,quantile,0.9,161.20206683602714
46,2024-12-21,0,2024-12-21,wk inc flu hosp,quantile,0.9,24.319221913882735
47,2024-12-21,0,2024-12-21,wk inc flu hosp,quantile,0.9,442.21338732128737
48,2024-12-21,0,2024-12-21,wk inc flu hosp,quantile,0.9,1538.230951310615
49,2024-12-21,0,2024-12-21,wk inc flu hosp,quantile,0.9,150.71554483745334
50,2024-12-21,0,2024-12-21,wk inc flu hosp,quantile,0.9,19.46660278403979
51,2024-12-21,0,2024-12-21,wk inc flu hosp,quantile,0.9,292.97042581068473
53,2024-12-21,0,2024-12-21,wk inc flu hosp,quantile,0.9,406.70494050432376
54,2024-12-21,0,2024-12-21,wk inc flu hosp,quantile,0.9,62.81912220238994
55,2024-12-21,0,2024-12-21,wk inc flu hosp,quantile,0.9,182.67953780458728
56,2024-12-21,0,2024-12-21,wk inc flu hosp,quantile,0.9,58.08287836952007
72,2024-12-21,0,2024-12-21,wk inc flu hosp,quantile,0.9,559.6036254715867
US,2024-12-21,0,2024-12-21,wk inc flu hosp,quantile,0.9,16302.167655874755
01,2024-12-21,1,2024-12-28,wk inc flu hosp,quantile,0.9,590.5748204117695
02,2024-12-21,1,2024-12-28,wk inc flu hosp,quantile,0.9,78.0924686304477
04,2024-12-21,1,2024-12-28,wk inc flu hosp,quantile,0.9,1591.089627884754
05,2024-12-21,1,2024-12-28,wk inc flu hosp,quantile,0.9,197.45258257196048
06,2024-12-21,1,2024-12-28,wk inc flu hosp,quantile,0.9,3322.661212486531
08,2024-12-21,1,2024-12-28,wk inc flu hosp,quantile,0.9,450.91709283037557
09,2024-12-21,1,2024-12-28,wk inc flu hosp,quantile,0.9,141.22668513312445
10,2024-12-21,1,2024-12-28,wk inc flu hosp,quantile,0.9,62.44406175351679
11,2024-12-21,1,2024-12-28,wk inc flu hosp,quantile,0.9,33.036805465246395
12,2024-12-21,1,2024-12-28,wk inc flu hosp,quantile,0.9,2226.482409182247
13,2024-12-21,1,2024-12-28,wk inc flu hosp,quantile,0.9,739.8342698778944
15,2024-12-21,1,2024-12-28,wk inc flu hosp,quantile,0.9,85.11299073346824
16,2024-12-21,1,2024-12-28,wk inc flu hosp,quantile,0.9,257.9793419922605
17,2024-12-21,1,2024-12-28,wk inc flu hosp,quantile,0.9,865.3163531465842
18,2024-12-21,1,2024-12-28,wk inc flu hosp,quantile,0.9,578.739435021703
19,2024-12-21,1,2024-12-28,wk inc flu hosp,quantile,0.9,136.96653759235247
20,2024-12-21,1,2024-12-28,wk inc flu hosp,quantile,0.9,284.98599273726865
21,2024-12-21,1,2024-12-28,wk inc flu hosp,quantile,0.9,315.29995495389187
22,2024-12-21,1,2024-12-28,wk inc flu hosp,quantile,0.9,563.1640331243058
23,2024-12-21,1,2024-12-28,wk inc flu hosp,quantile,0.9,35.69869030188757
24,2024-12-21,1,2024-12-28,wk inc flu hosp,quantile,0.9,307.19604558044733
25,2024-12-21,1,2024-12-28,wk inc flu hosp,quantile,0.9,540.9675219087462
26,2024-12-21,1,2024-12-28,wk inc flu hosp,quantile,0.9,755.6269104847248
27,2024-12-21,1,2024-12-28,wk inc flu hosp,quantile,0.9,402.8004887062515
28,2024-12-21,1,2024-12-28,wk inc flu hosp,quantile,0.9,223.87643922280577
29,2024-12-21,1,2024-12-28,wk inc flu hosp,quantile,0.9,399.3765126285193
30,2024-12-21,1,2024-12-28,wk inc flu hosp,quantile,0.9,46.009579670451025
31,2024-12-21,1,2024-12-28,wk inc flu hosp,quantile,0.9,83.44853195011041
32,2024-12-21,1,2024-12-28,wk inc flu hosp,quantile,0.9,253.60138360047966
33,2024-12-21,1,2024-12-28,wk inc flu hosp,quantile,0.9,74.83609527221705
34,2024-12-21,1,2024-12-28,wk inc flu hosp,quantile,0.9,721.2070535994308
35,2024-12-21,1,2024-12-28,wk inc flu hosp,quantile,0.9,358.5425890575637
36,2024-12-21,1,2024-12-28,wk inc flu hosp,quantile,0.9,1669.500346690163
37,2024-12-21,1,2024-12-28,wk inc flu hosp,quantile,0.9,657.2492043469784
38,2024-12-21,1,2024-12-28,wk inc flu hosp,quantile,0.9,14.749676403422779
39,2024-12-21,1,2024-12-28,wk inc flu hosp,quantile,0.9,687.1033832078629
40,2024-12-21,1,2024-12-28,wk inc flu hosp,quantile,0.9,298.17681658348766
41,2024-12-21,1,2024-12-28,wk inc flu hosp,quantile,0.9,500.1682550160195
42,2024-12-21,1,2024-12-28,wk inc flu hosp,quantile,0.9,1084.4493736615088
44,2024-12-21,1,2024-12-28,wk inc flu hosp,quantile,0.9,88.06121396469207
45,2024-12-21,1,2024-12-28,wk inc flu hosp,quantile,0.9,270.2339063698973
46,2024-12-21,1,2024-12-28,wk inc flu hosp,quantile,0.9,46.32943099129868
47,2024-12-21,1,2024-12-28,wk inc flu hosp,quantile,0.9,698.0558730174844
48,2024-12-21,1,2024-12-28,wk inc flu hosp,quantile,0.9,2503.4824317404336
49,2024-12-21,1,2024-12-28,wk inc flu hosp,quantile,0.9,189.45991259162298
50,2024-12-21,1,2024-12-28,wk inc flu hosp,quantile,0.9,32.64954252813265
51,2024-12-21,1,2024-12-28,wk inc flu hosp,quantile,0.9,480.81955267754284
53,2024-12-21,1,2024-12-28,wk inc flu hosp,quantile,0.9,641.2968538139288
54,2024-12-21,1,2024-12-28,wk inc flu hosp,quantile,0.9,119.15681251491021
55,2024-12-21,1,2024-12-28,wk inc flu hosp,quantile,0.9,316.2599866846565
56,2024-12-21,1,2024-12-28,wk inc flu hosp,quantile,0.9,88.82897283237207
72,2024-12-21,1,2024-12-28,wk inc flu hosp,quantile,0.9,568.460792743183
US,2024-12-21,1,2024-12-28,wk inc flu hosp,quantile,0.9,23563.48845948607
01,2024-12-21,2,2025-01-04,wk inc flu hosp,quantile,0.9,761.9013039981654
02,2024-12-21,2,2025-01-04,wk inc flu hosp,quantile,0.9,101.76958574792181
04,2024-12-21,2,2025-01-04,wk inc flu hosp,quantile,0.9,1650.730500309257
05,2024-12-21,2,2025-01-04,wk inc flu hosp,quantile,0.9,303.14193025946116
06,2024-12-21,2,2025-01-04,wk inc flu hosp,quantile,0.9,3632.1120879707737
08,2024-12-21,2,2025-01-04,wk inc flu hosp,quantile,0.9,619.3849237254174
09,2024-12-21,2,2025-01-04,wk inc flu hosp,quantile,0.9,226.5578681397701
10,2024-12-21,2,2025-01-04,wk inc flu hosp,quantile,0.9,87.7880405661585
11,2024-12-21,2,2025-01-04,wk inc flu hosp,quantile,0.9,51.8125611076808
12,2024-12-21,2,2025-01-04,wk inc flu hosp,quantile,0.9,2667.3681648988995
13,2024-12-21,2,2025-01-04,wk inc flu hosp,quantile,0.9,1048.207157705918
15,2024-12-21,2,2025-01-04,wk inc flu hosp,quantile,0.9,101.10802504978294
16,2024-12-21,2,2025-01-04,wk inc flu hosp,quantile,0.9,298.87269703153856
17,2024-12-21,2,2025-01-04,wk inc flu hosp,quantile,0.9,1198.44593436869
18,2024-12-21,2,2025-01-04,wk inc flu hosp,quantile,0.9,844.4450758053614
19,2024-12-21,2,2025-01-04,wk inc flu hosp,quantile,0.9,215.82351772670583
20,2024-12-21,2,2025-01-04,wk inc flu hosp,quantile,0.9,381.87971956451116
21,2024-12-21,2,2025-01-04,wk inc flu hosp,quantile,0.9,460.57992362960675
22,2024-12-21,2,2025-01-04,wk inc flu hosp,quantile,0.9,641.4200237311079
23,2024-12-21,2,2025-01-04,wk inc flu hosp,quantile,0.9,62.63473175549437
24,2024-12-21,2,2025-01-04,wk inc flu hosp,quantile,0.9,450.5484945827966
25,2024-12-21,2,2025-01-04,wk inc flu hosp,quantile,0.9,781.4229297971301
26,2024-12-21,2,2025-01-04,wk inc flu hosp,quantile,0.9,1143.1384870319127
27,2024-12-21,2,2025-01-04,wk inc flu hosp,quantile,0.9,566.1913899861748
28,2024-12-21,2,2025-01-04,wk inc flu hosp,quantile,0.9,339.88954064531333
29,2024-12-21,2,2025-01-04,wk inc flu hosp,quantile,0.9,609.5785824267148
30,2024-12-21,2,2025-01-04,wk inc flu hosp,quantile,0.9,75.86088051571706
31,2024-12-21,2,2025-01-04,wk inc flu hosp,quantile,0.9,128.14523762757725
32,2024-12-21,2,2025-01-04,wk inc flu hosp,quantile,0.9,307.7722936868557
33,2024-12-21,2,2025-01-04,wk inc flu hosp,quantile,0.9,103.83980415333214
34,2024-12-21,2,2025-01-04,wk inc flu hosp,quantile,0.9,1030.7051840402157
35,2024-12-21,2,2025-01-04,wk inc flu hosp,quantile,0.9,478.0743285663703
36,2024-12-21,2,2025-01-04,wk inc flu hosp,quantile,0.9,2360.4831292660897
37,2024-12-21,2,2025-01-04,wk inc flu hosp,quantile,0.9,948.2522893113263
38,2024-12-21,2,2025-01-04,wk inc flu hosp,quantile,0.9,26.997907295608734
39,2024-12-21,2,2025-01-04,wk inc flu hosp,quantile,0.9,1023.8753635868763
40,2024-12-21,2,2025-01-04,wk inc flu hosp,quantile,0.9,478.049215055687
41,2024-12-21,2,2025-01-04,wk inc flu hosp,quantile,0.9,556.9785690120933
42,2024-12-21,2,2025-01-04,wk inc flu hosp,quantile,0.9,1617.1609198917818
44,2024-12-21,2,2025-01-04,wk inc flu hosp,quantile,0.9,111.47104320690163
45,2024-12-21,2,2025-01-04,wk inc flu hosp,quantile,0.9,399.7291759123279
46,2024-12-21,2,2025-01-04,wk inc flu hosp,quantile,0.9,71.6302820428595
47,2024-12-21,2,2025-01-04,wk inc flu hosp,quantile,0.9,991.6113550968332
48,2024-12-21,2,2025-01-04,wk inc flu hosp,quantile,0.9,3469.499631800126
49,2024-12-21,2,2025-01-04,wk inc flu hosp,quantile,0.9,203.09760595642675
50,2024-12-21,2,2025-01-04,wk inc flu hosp,quantile,0.9,50.11667084462499
51,2024-12-21,2,2025-01-04,wk inc flu hosp,quantile,0.9,695.2096301710941
53,2024-12-21,2,2025-01-04,wk inc flu hosp,quantile,0.9,860.7803327040865
54,2024-12-21,2,2025-01-04,wk inc flu hosp,quantile,0.9,180.9045252890243
55,2024-12-21,2,2025-01-04,wk inc flu hosp,quantile,0.9,480.26523816472246
56,2024-12-21,2,2025-01-04,wk inc flu hosp,quantile,0.9,114.78149655568625
72,2024-12-21,2,2025-01-04,wk inc flu hosp,quantile,0.9,556.5757813408836
US,2024-12-21,2,2025-01-04,wk inc flu hosp,quantile,0.9,32816.43923867429
01,2024-12-21,3,2025-01-11,wk inc flu hosp,quantile,0.9,845.7253768871368
02,2024-12-21,3,2025-01-11,wk inc flu hosp,quantile,0.9,111.67281200196713
04,2024-12-21,3,2025-01-11,wk inc flu hosp,quantile,0.9,1650.9179671750549
05,2024-12-21,3,2025-01-11,wk inc flu hosp,quantile,0.9,379.9729284069334
06,2024-12-21,3,2025-01-11,wk inc flu hosp,quantile,0.9,3659.15984676103
08,2024-12-21,3,2025-01-11,wk inc flu hosp,quantile,0.9,717.3652350259675
09,2024-12-21,3,2025-01-11,wk inc flu hosp,quantile,0.9,290.69157383333453
10,2024-12-21,3,2025-01-11,wk inc flu hosp,quantile,0.9,103.04660361431874
11,2024-12-21,3,2025-01-11,wk inc flu hosp,quantile,0.9,64.6393821154936
12,2024-12-21,3,2025-01-11,wk inc flu hosp,quantile,0.9,2853.961970421302
13,2024-12-21,3,2025-01-11,wk inc flu hosp,quantile,0.9,1267.1311083172232
15,2024-12-21,3,2025-01-11,wk inc flu hosp,quantile,0.9,108.07083994771037
16,2024-12-21,3,2025-01-11,wk inc flu hosp,quantile,0.9,310.6279862577091
17,2024-12-21,3,2025-01-11,wk inc flu hosp,quantile,0.9,1438.8126558030524
18,2024-12-21,3,2025-01-11,wk inc flu hosp,quantile,0.9,1044.689254813647
19,2024-12-21,3,2025-01-11,wk inc flu hosp,quantile,0.9,271.6922701675577
20,2024-12-21,3,2025-01-11,wk inc flu hosp,quantile,0.9,435.7855017641282
21,2024-12-21,3,2025-01-11,wk inc flu hosp,quantile,0.9,564.2519290903707
22,2024-12-21,3,2025-01-11,wk inc flu hosp,quantile,0.9,661.217684597716
23,2024-12-21,3,2025-01-11,wk inc flu hosp,quantile,0.9,83.60894362134096
24,2024-12-21,3,2025-01-11,wk inc flu hosp,quantile,0.9,561.3213895891982
25,2024-12-21,3,2025-01-11,wk inc flu hosp,quantile,0.9,976.4616239112079
26,2024-12-21,3,2025-01-11,wk inc flu hosp,quantile,0.9,1432.6256297367333
27,2024-12-21,3,2025-01-11,wk inc flu hosp,quantile,0.9,663.1570218629133
28,2024-12-21,3,2025-01-11,wk inc flu hosp,quantile,0.9,423.83469964228175
29,2024-12-21,3,2025-01-11,wk inc flu hosp,quantile,0.9,772.9523427630469
30,2024-12-21,3,2025-01-11,wk inc flu hosp,quantile,0.9,98.36929572840853
31,2024-12-21,3,2025-01-11,wk inc flu hosp,quantile,0.9,161.0281482098836
32,2024-12-21,3,2025-01-11,wk inc flu hosp,quantile,0.9,332.5272959760225
33,2024-12-21,3,2025-01-11,wk inc flu hosp,quantile,0.9,121.85598636104794
34,2024-12-21,3,2025-01-11,wk inc flu hosp,quantile,0.9,1249.3835344329573
35,2024-12-21,3,2025-01-11,wk inc flu hosp,quantile,0.9,530.4610612744974
36,2024-12-21,3,2025-01-11,wk inc flu hosp,quantile,0.9,2827.859807110648
37,2024-12-21,3,2025-01-11,wk inc flu hosp,quantile,0.9,1150.4908390689354
38,2024-12-21,3,2025-01-11,wk inc flu hosp,quantile,0.9,36.225655523103725
39,2024-12-21,3,2025-01-11,wk inc flu hosp,quantile,0.9,1260.7016682492488
40,2024-12-21,3,2025-01-11,wk inc flu hosp,quantile,0.9,616.0166061483725
41,2024-12-21,3,2025-01-11,wk inc flu hosp,quantile,0.9,568.2121147222713
42,2024-12-21,3,2025-01-11,wk inc flu hosp,quantile,0.9,2002.6365724651266
44,2024-12-21,3,2025-01-11,wk inc flu hosp,quantile,0.9,124.27661708616667
45,2024-12-21,3,2025-01-11,wk inc flu hosp,quantile,0.9,495.29112827778295
46,2024-12-21,3,2025-01-11,wk inc flu hosp,quantile,0.9,91.11544712903583
47,2024-12-21,3,2025-01-11,wk inc flu hosp,quantile,0.9,1168.5127016275114
48,2024-12-21,3,2025-01-11,wk inc flu hosp,quantile,0.9,4191.224311765096
49,2024-12-21,3,2025-01-11,wk inc flu hosp,quantile,0.9,206.73999300279968
50,2024-12-21,3,2025-01-11,wk inc flu hosp,quantile,0.9,62.93890656764276
51,2024-12-21,3,2025-01-11,wk inc flu hosp,quantile,0.9,858.5687423279212
53,2024-12-21,3,2025-01-11,wk inc flu hosp,quantile,0.9,985.2641794656274
54,2024-12-21,3,2025-01-11,wk inc flu hosp,quantile,0.9,226.55801574784346
55,2024-12-21,3,2025-01-11,wk inc flu hosp,quantile,0.9,609.2141655138591
56,2024-12-21,3,2025-01-11,wk inc flu hosp,quantile,0.9,129.52041929714704
72,2024-12-21,3,2025-01-11,wk inc flu hosp,quantile,0.9,550.4786153555332
US,2024-12-21,3,2025-01-11,wk inc flu hosp,quantile,0.9,38486.27974396739
01,2024-12-21,0,2024-12-21,wk inc flu hosp,quantile,0.95,432.267252159289
02,2024-12-21,0,2024-12-21,wk inc flu hosp,quantile,0.95,57.132066770285576
04,2024-12-21,0,2024-12-21,wk inc flu hosp,quantile,0.95,1596.5098951024966
05,2024-12-21,0,2024-12-21,wk inc flu hosp,quantile,0.95,134.51949650397927
06,2024-12-21,0,2024-12-21,wk inc flu hosp,quantile,0.95,3048.915711241975
08,2024-12-21,0,2024-12-21,wk inc flu hosp,quantile,0.95,321.0913305300105
09,2024-12-21,0,2024-12-21,wk inc flu hosp,quantile,0.95,95.95314789489707
10,2024-12-21,0,2024-12-21,wk inc flu hosp,quantile,0.95,43.061351610371176
11,2024-12-21,0,2024-12-21,wk inc flu hosp,quantile,0.95,22.608755970743093
12,2024-12-21,0,2024-12-21,wk inc flu hosp,quantile,0.95,2028.2792047387165
13,2024-12-21,0,2024-12-21,wk inc flu hosp,quantile,0.95,539.9685682106408
15,2024-12-21,0,2024-12-21,wk inc flu hosp,quantile,0.95,67.80755924280992
16,2024-12-21,0,2024-12-21,wk inc flu hosp,quantile,0.95,213.08751548927546
17,2024-12-21,0,2024-12-21,wk inc flu hosp,quantile,0.95,616.5960012324286
18,2024-12-21,0,2024-12-21,wk inc flu hosp,quantile,0.95,400.992115663601
19,2024-12-21,0,2024-12-21,wk inc flu hosp,quantile,0.95,90.80990120602999
20,2024-12-21,0,2024-12-21,wk inc flu hosp,quantile,0.95,206.45062443749242
21,2024-12-21,0,2024-12-21,wk inc flu hosp,quantile,0.95,218.25525144501694
22,2024-12-21,0,2024-12-21,wk inc flu hosp,quantile,0.95,532.7895099369796
23,2024-12-21,0,2024-12-21,wk inc flu hosp,quantile,0.95,21.48878223293494
24,2024-12-21,0,2024-12-21,wk inc flu hosp,quantile,0.95,216.01454442694921
25,2024-12-21,0,2024-12-21,wk inc flu hosp,quantile,0.95,371.6834836960013
26,2024-12-21,0,2024-12-21,wk inc flu hosp,quantile,0.95,534.0699468725475
27,2024-12-21,0,2024-12-21,wk inc flu hosp,quantile,0.95,295.79711074238617
28,2024-12-21,0,2024-12-21,wk inc flu hosp,quantile,0.95,158.45559675680227
29,2024-12-21,0,2024-12-21,wk inc flu hosp,quantile,0.95,267.3766125716967
30,2024-12-21,0,2024-12-21,wk inc flu hosp,quantile,0.95,29.420604415564128
31,2024-12-21,0,2024-12-21,wk inc flu hosp,quantile,0.95,56.425284536862215
32,2024-12-21,0,2024-12-21,wk inc flu hosp,quantile,0.95,227.13977611372087
33,2024-12-21,0,2024-12-21,wk inc flu hosp,quantile,0.95,57.69565840608788
34,2024-12-21,0,2024-12-21,wk inc flu hosp,quantile,0.95,504.3377718078358
35,2024-12-21,0,2024-12-21,wk inc flu hosp,quantile,0.95,266.0412614539744
36,2024-12-21,0,2024-12-21,wk inc flu hosp,quantile,0.95,1160.8304741850761
37,2024-12-21,0,2024-12-21,wk inc flu hosp,quantile,0.95,469.5108722995727
38,2024-12-21,0,2024-12-21,wk inc flu hosp,quantile,0.95,8.988206370962764
39,2024-12-21,0,2024-12-21,wk inc flu hosp,quantile,0.95,481.92177604683116
40,2024-12-21,0,2024-12-21,wk inc flu hosp,quantile,0.95,196.0255907599814
41,2024-12-21,0,2024-12-21,wk inc flu hosp,quantile,0.95,455.49365952314685
42,2024-12-21,0,2024-12-21,wk inc flu hosp,quantile,0.95,789.2635314058488
44,2024-12-21,0,2024-12-21,wk inc flu hosp,quantile,0.95,62.5218262950592
45,2024-12-21,0,2024-12-21,wk inc flu hosp,quantile,0.95,187.22063219358523
46,2024-12-21,0,2024-12-21,wk inc flu hosp,quantile,0.95,30.14804145176085
47,2024-12-21,0,2024-12-21,wk inc flu hosp,quantile,0.95,509.61692502495214
48,2024-12-21,0,2024-12-21,wk inc flu hosp,quantile,0.95,1778.0234197429395
49,2024-12-21,0,2024-12-21,wk inc flu hosp,quantile,0.95,169.52575554888062
50,2024-12-21,0,2024-12-21,wk inc flu hosp,quantile,0.95,21.730089442992877
51,2024-12-21,0,2024-12-21,wk inc flu hosp,quantile,0.95,344.0051056280683
53,2024-12-21,0,2024-12-21,wk inc flu hosp,quantile,0.95,461.98601602757884
54,2024-12-21,0,2024-12-21,wk inc flu hosp,quantile,0.95,76.33262594264778
55,2024-12-21,0,2024-12-21,wk inc flu hosp,quantile,0.95,216.27800732229122
56,2024-12-21,0,2024-12-21,wk inc flu hosp,quantile,0.95,64.83708986899146
72,2024-12-21,0,2024-12-21,wk inc flu hosp,quantile,0.95,612.7555558282424
US,2024-12-21,0,2024-12-21,wk inc flu hosp,quantile,0.95,17536.612410828555
01,2024-12-21,1,2024-12-28,wk inc flu hosp,quantile,0.95,676.070546635887
02,2024-12-21,1,2024-12-28,wk inc flu hosp,quantile,0.95,91.4177224472221
04,2024-12-21,1,2024-12-28,wk inc flu hosp,quantile,0.95,1721.850018506435
05,2024-12-21,1,2024-12-28,wk inc flu hosp,quantile,0.95,220.56242554211335
06,2024-12-21,1,2024-12-28,wk inc flu hosp,quantile,0.95,3644.4493989732223
08,2024-12-21,1,2024-12-28,wk inc flu hosp,quantile,0.95,527.9676659278018
09,2024-12-21,1,2024-12-28,wk inc flu hosp,quantile,0.95,163.1068365648814
10,2024-12-21,1,2024-12-28,wk inc flu hosp,quantile,0.95,73.60387677909218
11,2024-12-21,1,2024-12-28,wk inc flu hosp,quantile,0.95,35.78756062947996
12,2024-12-21,1,2024-12-28,wk inc flu hosp,quantile,0.95,2610.235848143099
13,2024-12-21,1,2024-12-28,wk inc flu hosp,quantile,0.95,854.2770648814809
15,2024-12-21,1,2024-12-28,wk inc flu hosp,quantile,0.95,98.51048207328262
16,2024-12-21,1,2024-12-28,wk inc flu hosp,quantile,0.95,270.25004210873266
17,2024-12-21,1,2024-12-28,wk inc flu hosp,quantile,0.95,1001.4543785268152
18,2024-12-21,1,2024-12-28,wk inc flu hosp,quantile,0.95,689.8149276888093
19,2024-12-21,1,2024-12-28,wk inc flu hosp,quantile,0.95,153.01669038317195
20,2024-12-21,1,2024-12-28,wk inc flu hosp,quantile,0.95,332.83255385297554
21,2024-12-21,1,2024-12-28,wk inc flu hosp,quantile,0.95,363.6055476577741
22,2024-12-21,1,2024-12-28,wk inc flu hosp,quantile,0.95,650.6353232907152
23,2024-12-21,1,2024-12-28,wk inc flu hosp,quantile,0.95,39.84466364633611
24,2024-12-21,1,2024-12-28,wk inc flu hosp,quantile,0.95,354.91859655036166
25,2024-12-21,1,2024-12-28,wk inc flu hosp,quantile,0.95,676.6349929923097
26,2024-12-21,1,2024-12-28,wk inc flu hosp,quantile,0.95,899.5817031753032
27,2024-12-21,1,2024-12-28,wk inc flu hosp,quantile,0.95,450.87376203857156
28,2024-12-21,1,2024-12-28,wk inc flu hosp,quantile,0.95,243.91571801917013
29,2024-12-21,1,2024-12-28,wk inc flu hosp,quantile,0.95,457.7433668244666
30,2024-12-21,1,2024-12-28,wk inc flu hosp,quantile,0.95,49.449131180234104
31,2024-12-21,1,2024-12-28,wk inc flu hosp,quantile,0.95,92.71669112453611
32,2024-12-21,1,2024-12-28,wk inc flu hosp,quantile,0.95,300.88641317031187
33,2024-12-21,1,2024-12-28,wk inc flu hosp,quantile,0.95,86.24978685867625
34,2024-12-21,1,2024-12-28,wk inc flu hosp,quantile,0.95,885.4462579962119
35,2024-12-21,1,2024-12-28,wk inc flu hosp,quantile,0.95,386.641170261987
36,2024-12-21,1,2024-12-28,wk inc flu hosp,quantile,0.95,2008.6363173047953
37,2024-12-21,1,2024-12-28,wk inc flu hosp,quantile,0.95,762.1753247633247
38,2024-12-21,1,2024-12-28,wk inc flu hosp,quantile,0.95,17.369204679138907
39,2024-12-21,1,2024-12-28,wk inc flu hosp,quantile,0.95,828.2963291593873
40,2024-12-21,1,2024-12-28,wk inc flu hosp,quantile,0.95,344.04933267300936
41,2024-12-21,1,2024-12-28,wk inc flu hosp,quantile,0.95,583.9873314506705
42,2024-12-21,1,2024-12-28,wk inc flu hosp,quantile,0.95,1250.5040081337754
44,2024-12-21,1,2024-12-28,wk inc flu hosp,quantile,0.95,99.15428819631951
45,2024-12-21,1,2024-12-28,wk inc flu hosp,quantile,0.95,309.7326082532091
46,2024-12-21,1,2024-12-28,wk inc flu hosp,quantile,0.95,53.52462547570943
47,2024-12-21,1,2024-12-28,wk inc flu hosp,quantile,0.95,792.1672151601371
48,2024-12-21,1,2024-12-28,wk inc flu hosp,quantile,0.95,3060.281269419143
49,2024-12-21,1,2024-12-28,wk inc flu hosp,quantile,0.95,207.45571778857547
50,2024-12-21,1,2024-12-28,wk inc flu hosp,quantile,0.95,34.24312774395243
51,2024-12-21,1,2024-12-28,wk inc flu hosp,quantile,0.95,566.1456424052737
53,2024-12-21,1,2024-12-28,wk inc flu hosp,quantile,0.95,752.5984132264872
54,2024-12-21,1,2024-12-28,wk inc flu hosp,quantile,0.95,135.33118373572583
55,2024-12-21,1,2024-12-28,wk inc flu hosp,quantile,0.95,367.433699460115
56,2024-12-21,1,2024-12-28,wk inc flu hosp,quantile,0.95,96.4144198126096
72,2024-12-21,1,2024-12-28,wk inc flu hosp,quantile,0.95,618.0526925363672
US,2024-12-21,1,2024-12-28,wk inc flu hosp,quantile,0.95,26625.551199568028
01,2024-12-21,2,2025-01-04,wk inc flu hosp,quantile,0.95,814.0268903258022
02,2024-12-21,2,2025-01-04,wk inc flu hosp,quantile,0.95,111.5408259289524
04,2024-12-21,2,2025-01-04,wk inc flu hosp,quantile,0.95,1818.5030712947164
05,2024-12-21,2,2025-01-04,wk inc flu hosp,quantile,0.95,358.043790268888
06,2024-12-21,2,2025-01-04,wk inc flu hosp,quantile,0.95,4090.086043633989
08,2024-12-21,2,2025-01-04,wk inc flu hosp,quantile,0.95,669.2572479550516
09,2024-12-21,2,2025-01-04,wk inc flu hosp,quantile,0.95,272.7625264778234
10,2024-12-21,2,2025-01-04,wk inc flu hosp,quantile,0.95,97.09644074699739
11,2024-12-21,2,2025-01-04,wk inc flu hosp,quantile,0.95,61.5357036358074
12,2024-12-21,2,2025-01-04,wk inc flu hosp,quantile,0.95,3088.743093803955
13,2024-12-21,2,2025-01-04,wk inc flu hosp,quantile,0.95,1188.3001858543014
15,2024-12-21,2,2025-01-04,wk inc flu hosp,quantile,0.95,116.31479146331748
16,2024-12-21,2,2025-01-04,wk inc flu hosp,quantile,0.95,333.6809493888966
17,2024-12-21,2,2025-01-04,wk inc flu hosp,quantile,0.95,1340.937913495181
18,2024-12-21,2,2025-01-04,wk inc flu hosp,quantile,0.95,1025.1622880291748
19,2024-12-21,2,2025-01-04,wk inc flu hosp,quantile,0.95,254.9980282031825
20,2024-12-21,2,2025-01-04,wk inc flu hosp,quantile,0.95,411.2137897055446
21,2024-12-21,2,2025-01-04,wk inc flu hosp,quantile,0.95,528.6362801754832
22,2024-12-21,2,2025-01-04,wk inc flu hosp,quantile,0.95,731.28731437745
23,2024-12-21,2,2025-01-04,wk inc flu hosp,quantile,0.95,78.00792866630728
24,2024-12-21,2,2025-01-04,wk inc flu hosp,quantile,0.95,523.6336415860939
25,2024-12-21,2,2025-01-04,wk inc flu hosp,quantile,0.95,933.1860980046669
26,2024-12-21,2,2025-01-04,wk inc flu hosp,quantile,0.95,1364.3472527638598
27,2024-12-21,2,2025-01-04,wk inc flu hosp,quantile,0.95,619.4852023769978
28,2024-12-21,2,2025-01-04,wk inc flu hosp,quantile,0.95,398.52376621434735
29,2024-12-21,2,2025-01-04,wk inc flu hosp,quantile,0.95,760.5130088594974
30,2024-12-21,2,2025-01-04,wk inc flu hosp,quantile,0.95,91.4013775331729
31,2024-12-21,2,2025-01-04,wk inc flu hosp,quantile,0.95,151.65573092766877
32,2024-12-21,2,2025-01-04,wk inc flu hosp,quantile,0.95,366.07889759040455
33,2024-12-21,2,2025-01-04,wk inc flu hosp,quantile,0.95,126.98841713303426
34,2024-12-21,2,2025-01-04,wk inc flu hosp,quantile,0.95,1188.3327775472274
35,2024-12-21,2,2025-01-04,wk inc flu hosp,quantile,0.95,488.1535226201571
36,2024-12-21,2,2025-01-04,wk inc flu hosp,quantile,0.95,2639.9305458511103
37,2024-12-21,2,2025-01-04,wk inc flu hosp,quantile,0.95,1095.9106654335483
38,2024-12-21,2,2025-01-04,wk inc flu hosp,quantile,0.95,35.98319384866615
39,2024-12-21,2,2025-01-04,wk inc flu hosp,quantile,0.95,1207.7080156569464
40,2024-12-21,2,2025-01-04,wk inc flu hosp,quantile,0.95,578.3736440692828
41,2024-12-21,2,2025-01-04,wk inc flu hosp,quantile,0.95,656.4574510828693
42,2024-12-21,2,2025-01-04,wk inc flu hosp,quantile,0.95,1909.8894461016446
44,2024-12-21,2,2025-01-04,wk inc flu hosp,quantile,0.95,115.62418960814499
45,2024-12-21,2,2025-01-04,wk inc flu hosp,quantile,0.95,466.17311103959605
46,2024-12-21,2,2025-01-04,wk inc flu hosp,quantile,0.95,84.01736187715484
47,2024-12-21,2,2025-01-04,wk inc flu hosp,quantile,0.95,1089.1094147121546
48,2024-12-21,2,2025-01-04,wk inc flu hosp,quantile,0.95,4013.1860992808843
49,2024-12-21,2,2025-01-04,wk inc flu hosp,quantile,0.95,217.79868098580587
50,2024-12-21,2,2025-01-04,wk inc flu hosp,quantile,0.95,58.41164508564881
51,2024-12-21,2,2025-01-04,wk inc flu hosp,quantile,0.95,829.0458937943605
53,2024-12-21,2,2025-01-04,wk inc flu hosp,quantile,0.95,916.408917836341
54,2024-12-21,2,2025-01-04,wk inc flu hosp,quantile,0.95,213.28347984130434
55,2024-12-21,2,2025-01-04,wk inc flu hosp,quantile,0.95,565.6166672906986
56,2024-12-21,2,2025-01-04,wk inc flu hosp,quantile,0.95,120.96684913403263
72,2024-12-21,2,2025-01-04,wk inc flu hosp,quantile,0.95,621.4411268214378
US,2024-12-21,2,2025-01-04,wk inc flu hosp,quantile,0.95,33530.233989687666
01,2024-12-21,3,2025-01-11,wk inc flu hosp,quantile,0.95,917.6828973183224
02,2024-12-21,3,2025-01-11,wk inc flu hosp,quantile,0.95,125.21698546828449
04,2024-12-21,3,2025-01-11,wk inc flu hosp,quantile,0.95,1832.3127124065452
05,2024-12-21,3,2025-01-11,wk inc flu hosp,quantile,0.95,452.0196702780531
06,2024-12-21,3,2025-01-11,wk inc flu hosp,quantile,0.95,4231.294218788158
08,2024-12-21,3,2025-01-11,wk inc flu hosp,quantile,0.95,783.6962538985651
09,2024-12-21,3,2025-01-11,wk inc flu hosp,quantile,0.95,346.247318032123
10,2024-12-21,3,2025-01-11,wk inc flu hosp,quantile,0.95,115.18706763241785
11,2024-12-21,3,2025-01-11,wk inc flu hosp,quantile,0.95,77.35063294302174
12,2024-12-21,3,2025-01-11,wk inc flu hosp,quantile,0.95,3342.1783460479874
13,2024-12-21,3,2025-01-11,wk inc flu hosp,quantile,0.95,1405.031767894558
15,2024-12-21,3,2025-01-11,wk inc flu hosp,quantile,0.95,125.53350117363061
16,2024-12-21,3,2025-01-11,wk inc flu hosp,quantile,0.95,353.34511474135877
17,2024-12-21,3,2025-01-11,wk inc flu hosp,quantile,0.95,1589.999569149915
18,2024-12-21,3,2025-01-11,wk inc flu hosp,quantile,0.95,1262.5362877659913
19,2024-12-21,3,2025-01-11,wk inc flu hosp,quantile,0.95,324.0964260653859
20,2024-12-21,3,2025-01-11,wk inc flu hosp,quantile,0.95,470.90869464757753
21,2024-12-21,3,2025-01-11,wk inc flu hosp,quantile,0.95,645.8190446403152
22,2024-12-21,3,2025-01-11,wk inc flu hosp,quantile,0.95,768.9008609920924
23,2024-12-21,3,2025-01-11,wk inc flu hosp,quantile,0.95,102.45940018249459
24,2024-12-21,3,2025-01-11,wk inc flu hosp,quantile,0.95,638.6063502923664
25,2024-12-21,3,2025-01-11,wk inc flu hosp,quantile,0.95,1160.4948379921636
26,2024-12-21,3,2025-01-11,wk inc flu hosp,quantile,0.95,1703.4535685912278
27,2024-12-21,3,2025-01-11,wk inc flu hosp,quantile,0.95,725.1291521473232
28,2024-12-21,3,2025-01-11,wk inc flu hosp,quantile,0.95,497.20704793881816
29,2024-12-21,3,2025-01-11,wk inc flu hosp,quantile,0.95,958.0419248665672
30,2024-12-21,3,2025-01-11,wk inc flu hosp,quantile,0.95,118.0179434690673
31,2024-12-21,3,2025-01-11,wk inc flu hosp,quantile,0.95,190.47955708086974
32,2024-12-21,3,2025-01-11,wk inc flu hosp,quantile,0.95,404.17271344911785
33,2024-12-21,3,2025-01-11,wk inc flu hosp,quantile,0.95,150.7033953930096
34,2024-12-21,3,2025-01-11,wk inc flu hosp,quantile,0.95,1456.4039784950792
35,2024-12-21,3,2025-01-11,wk inc flu hosp,quantile,0.95,538.3202391151191
36,2024-12-21,3,2025-01-11,wk inc flu hosp,quantile,0.95,3201.6395841784074
37,2024-12-21,3,2025-01-11,wk inc flu hosp,quantile,0.95,1326.1851272637462
38,2024-12-21,3,2025-01-11,wk inc flu hosp,quantile,0.95,47.033908914523714
39,2024-12-21,3,2025-01-11,wk inc flu hosp,quantile,0.95,1511.0665476543286
40,2024-12-21,3,2025-01-11,wk inc flu hosp,quantile,0.95,744.0727597819018
41,2024-12-21,3,2025-01-11,wk inc flu hosp,quantile,0.95,688.4294506783639
42,2024-12-21,3,2025-01-11,wk inc flu hosp,quantile,0.95,2348.1863059215243
44,2024-12-21,3,2025-01-11,wk inc flu hosp,quantile,0.95,126.60143889182397
45,2024-12-21,3,2025-01-11,wk inc flu hosp,quantile,0.95,577.012088887145
46,2024-12-21,3,2025-01-11,wk inc flu hosp,quantile,0.95,106.81842485475927
47,2024-12-21,3,2025-01-11,wk inc flu hosp,quantile,0.95,1274.243123818849
48,2024-12-21,3,2025-01-11,wk inc flu hosp,quantile,0.95,4861.122692996646
49,2024-12-21,3,2025-01-11,wk inc flu hosp,quantile,0.95,224.5996078355604
50,2024-12-21,3,2025-01-11,wk inc flu hosp,quantile,0.95,73.31614003506675
51,2024-12-21,3,2025-01-11,wk inc flu hosp,quantile,0.95,1025.132365869554
53,2024-12-21,3,2025-01-11,wk inc flu hosp,quantile,0.95,1001.0715304208114
54,2024-12-21,3,2025-01-11,wk inc flu hosp,quantile,0.95,269.4827583559279
55,2024-12-21,3,2025-01-11,wk inc flu hosp,quantile,0.95,710.0406497243686
56,2024-12-21,3,2025-01-11,wk inc flu hosp,quantile,0.95,131.393553932438
72,2024-12-21,3,2025-01-11,wk inc flu hosp,quantile,0.95,617.8359422120667
US,2024-12-21,3,2025-01-11,wk inc flu hosp,quantile,0.95,39860.10237944813
01,2024-12-21,0,2024-12-21,wk inc flu hosp,quantile,0.975,491.39873197480097
02,2024-12-21,0,2024-12-21,wk inc flu hosp,quantile,0.975,64.06865678108498
04,2024-12-21,0,2024-12-21,wk inc flu hosp,quantile,0.975,1768.578564747732
05,2024-12-21,0,2024-12-21,wk inc flu hosp,quantile,0.975,160.35795863983628
06,2024-12-21,0,2024-12-21,wk inc flu hosp,quantile,0.975,3303.121061393655
08,2024-12-21,0,2024-12-21,wk inc flu hosp,quantile,0.975,376.836510933431
09,2024-12-21,0,2024-12-21,wk inc flu hosp,quantile,0.975,118.69489203022943
10,2024-12-21,0,2024-12-21,wk inc flu hosp,quantile,0.975,50.61104426805616
11,2024-12-21,0,2024-12-21,wk inc flu hosp,quantile,0.975,26.906611903639156
12,2024-12-21,0,2024-12-21,wk inc flu hosp,quantile,0.975,2180.7261948419296
13,2024-12-21,0,2024-12-21,wk inc flu hosp,quantile,0.975,631.4984970403827
15,2024-12-21,0,2024-12-21,wk inc flu hosp,quantile,0.975,75.13354023263196
16,2024-12-21,0,2024-12-21,wk inc flu hosp,quantile,0.975,242.63165270963796
17,2024-12-21,0,2024-12-21,wk inc flu hosp,quantile,0.975,737.7076311845719
18,2024-12-21,0,2024-12-21,wk inc flu hosp,quantile,0.975,478.90984447739663
19,2024-12-21,0,2024-12-21,wk inc flu hosp,quantile,0.975,110.37606316955222
20,2024-12-21,0,2024-12-21,wk inc flu hosp,quantile,0.975,232.32336288360273
21,2024-12-21,0,2024-12-21,wk inc flu hosp,quantile,0.975,262.1230295451608
22,2024-12-21,0,2024-12-21,wk inc flu hosp,quantile,0.975,568.3976887059208
23,2024-12-21,0,2024-12-21,wk inc flu hosp,quantile,0.975,27.994267557584124
24,2024-12-21,0,2024-12-21,wk inc flu hosp,quantile,0.975,255.59834451764516
25,2024-12-21,0,2024-12-21,wk inc flu hosp,quantile,0.975,448.59801811492207
26,2024-12-21,0,2024-12-21,wk inc flu hosp,quantile,0.975,647.388971434328
27,2024-12-21,0,2024-12-21,wk inc flu hosp,quantile,0.975,338.0019550210176
28,2024-12-21,0,2024-12-21,wk inc flu hosp,quantile,0.975,189.0406226948099
29,2024-12-21,0,2024-12-21,wk inc flu hosp,quantile,0.975,331.1991829826244
30,2024-12-21,0,2024-12-21,wk inc flu hosp,quantile,0.975,36.28954181394727
31,2024-12-21,0,2024-12-21,wk inc flu hosp,quantile,0.975,67.91092906639236
32,2024-12-21,0,2024-12-21,wk inc flu hosp,quantile,0.975,251.93208474181597
33,2024-12-21,0,2024-12-21,wk inc flu hosp,quantile,0.975,67.36565567754604
34,2024-12-21,0,2024-12-21,wk inc flu hosp,quantile,0.975,601.2088719578952
35,2024-12-21,0,2024-12-21,wk inc flu hosp,quantile,0.975,291.3247160014499
36,2024-12-21,0,2024-12-21,wk inc flu hosp,quantile,0.975,1394.5407872820563
37,2024-12-21,0,2024-12-21,wk inc flu hosp,quantile,0.975,555.8300585828072
38,2024-12-21,0,2024-12-21,wk inc flu hosp,quantile,0.975,11.544125114228642
39,2024-12-21,0,2024-12-21,wk inc flu hosp,quantile,0.975,589.1880475575216
40,2024-12-21,0,2024-12-21,wk inc flu hosp,quantile,0.975,244.057687843828
41,2024-12-21,0,2024-12-21,wk inc flu hosp,quantile,0.975,495.87194840636766
42,2024-12-21,0,2024-12-21,wk inc flu hosp,quantile,0.975,946.2687283169865
44,2024-12-21,0,2024-12-21,wk inc flu hosp,quantile,0.975,70.43889573600867
45,2024-12-21,0,2024-12-21,wk inc flu hosp,quantile,0.975,224.2569352785955
46,2024-12-21,0,2024-12-21,wk inc flu hosp,quantile,0.975,36.279947250182204
47,2024-12-21,0,2024-12-21,wk inc flu hosp,quantile,0.975,583.8677379561731
48,2024-12-21,0,2024-12-21,wk inc flu hosp,quantile,0.975,2104.688814489159
49,2024-12-21,0,2024-12-21,wk inc flu hosp,quantile,0.975,170.3013284420825
50,2024-12-21,0,2024-12-21,wk inc flu hosp,quantile,0.975,25.576914242184035
51,2024-12-21,0,2024-12-21,wk inc flu hosp,quantile,0.975,410.20452251648965
53,2024-12-21,0,2024-12-21,wk inc flu hosp,quantile,0.975,529.5384686467434
54,2024-12-21,0,2024-12-21,wk inc flu hosp,quantile,0.975,92.21854417395275
55,2024-12-21,0,2024-12-21,wk inc flu hosp,quantile,0.975,257.9837339219029
56,2024-12-21,0,2024-12-21,wk inc flu hosp,quantile,0.975,73.09386534378167
72,2024-12-21,0,2024-12-21,wk inc flu hosp,quantile,0.975,727.208148857804
US,2024-12-21,0,2024-12-21,wk inc flu hosp,quantile,0.975,20168.777252097203
01,2024-12-21,1,2024-12-28,wk inc flu hosp,quantile,0.975,701.8903095635851
02,2024-12-21,1,2024-12-28,wk inc flu hosp,quantile,0.975,94.82091087140213
04,2024-12-21,1,2024-12-28,wk inc flu hosp,quantile,0.975,1935.2335464244163
05,2024-12-21,1,2024-12-28,wk inc flu hosp,quantile,0.975,252.80692245783808
06,2024-12-21,1,2024-12-28,wk inc flu hosp,quantile,0.975,4139.505480035409
08,2024-12-21,1,2024-12-28,wk inc flu hosp,quantile,0.975,568.3576860746625
09,2024-12-21,1,2024-12-28,wk inc flu hosp,quantile,0.975,193.0134773440648
10,2024-12-21,1,2024-12-28,wk inc flu hosp,quantile,0.975,79.66380618335725
11,2024-12-21,1,2024-12-28,wk inc flu hosp,quantile,0.975,42.0678571509533
12,2024-12-21,1,2024-12-28,wk inc flu hosp,quantile,0.975,3013.4404655203994
13,2024-12-21,1,2024-12-28,wk inc flu hosp,quantile,0.975,929.5652044045052
15,2024-12-21,1,2024-12-28,wk inc flu hosp,quantile,0.975,102.46427929732864
16,2024-12-21,1,2024-12-28,wk inc flu hosp,quantile,0.975,308.038413116719
17,2024-12-21,1,2024-12-28,wk inc flu hosp,quantile,0.975,1123.0284366771568
18,2024-12-21,1,2024-12-28,wk inc flu hosp,quantile,0.975,759.1187420369155
19,2024-12-21,1,2024-12-28,wk inc flu hosp,quantile,0.975,179.3740532037354
20,2024-12-21,1,2024-12-28,wk inc flu hosp,quantile,0.975,346.9784849067027
21,2024-12-21,1,2024-12-28,wk inc flu hosp,quantile,0.975,406.90942312664316
22,2024-12-21,1,2024-12-28,wk inc flu hosp,quantile,0.975,730.0928899555576
23,2024-12-21,1,2024-12-28,wk inc flu hosp,quantile,0.975,49.58216543421681
24,2024-12-21,1,2024-12-28,wk inc flu hosp,quantile,0.975,391.03624201262795
25,2024-12-21,1,2024-12-28,wk inc flu hosp,quantile,0.975,741.1443673419534
26,2024-12-21,1,2024-12-28,wk inc flu hosp,quantile,0.975,1013.6103429696593
27,2024-12-21,1,2024-12-28,wk inc flu hosp,quantile,0.975,481.6339876237093
28,2024-12-21,1,2024-12-28,wk inc flu hosp,quantile,0.975,285.4356502177705
29,2024-12-21,1,2024-12-28,wk inc flu hosp,quantile,0.975,550.8769020747565
30,2024-12-21,1,2024-12-28,wk inc flu hosp,quantile,0.975,59.87869654906753
31,2024-12-21,1,2024-12-28,wk inc flu hosp,quantile,0.975,107.66351481533066
32,2024-12-21,1,2024-12-28,wk inc flu hosp,quantile,0.975,367.3376010065294
33,2024-12-21,1,2024-12-28,wk inc flu hosp,quantile,0.975,97.5084955008374
34,2024-12-21,1,2024-12-28,wk inc flu hosp,quantile,0.975,959.0784634574048
35,2024-12-21,1,2024-12-28,wk inc flu hosp,quantile,0.975,427.9057686468374
36,2024-12-21,1,2024-12-28,wk inc flu hosp,quantile,0.975,2193.4565635841977
37,2024-12-21,1,2024-12-28,wk inc flu hosp,quantile,0.975,825.1434926417745
38,2024-12-21,1,2024-12-28,wk inc flu hosp,quantile,0.975,21.643533319811485
39,2024-12-21,1,2024-12-28,wk inc flu hosp,quantile,0.975,939.3327796776578
40,2024-12-21,1,2024-12-28,wk inc flu hosp,quantile,0.975,415.04236737989834
41,2024-12-21,1,2024-12-28,wk inc flu hosp,quantile,0.975,657.6910194500771
42,2024-12-21,1,2024-12-28,wk inc flu hosp,quantile,0.975,1417.615604289247
44,2024-12-21,1,2024-12-28,wk inc flu hosp,quantile,0.975,101.74461210336538
45,2024-12-21,1,2024-12-28,wk inc flu hosp,quantile,0.975,344.35554872696935
46,2024-12-21,1,2024-12-28,wk inc flu hosp,quantile,0.975,58.84594797464777
47,2024-12-21,1,2024-12-28,wk inc flu hosp,quantile,0.975,840.0602101935204
48,2024-12-21,1,2024-12-28,wk inc flu hosp,quantile,0.975,3316.981114004278
49,2024-12-21,1,2024-12-28,wk inc flu hosp,quantile,0.975,215.26734709399048
50,2024-12-21,1,2024-12-28,wk inc flu hosp,quantile,0.975,39.352022748362295
51,2024-12-21,1,2024-12-28,wk inc flu hosp,quantile,0.975,628.7565971165283
53,2024-12-21,1,2024-12-28,wk inc flu hosp,quantile,0.975,801.1405961075855
54,2024-12-21,1,2024-12-28,wk inc flu hosp,quantile,0.975,150.55474258733216
55,2024-12-21,1,2024-12-28,wk inc flu hosp,quantile,0.975,407.2350919114096
56,2024-12-21,1,2024-12-28,wk inc flu hosp,quantile,0.975,97.70128938565993
72,2024-12-21,1,2024-12-28,wk inc flu hosp,quantile,0.975,743.958245424183
US,2024-12-21,1,2024-12-28,wk inc flu hosp,quantile,0.975,28574.7732728059
01,2024-12-21,2,2025-01-04,wk inc flu hosp,quantile,0.975,854.6509487052313
02,2024-12-21,2,2025-01-04,wk inc flu hosp,quantile,0.975,116.21109931375082
04,2024-12-21,2,2025-01-04,wk inc flu hosp,quantile,0.975,2008.9975003924699
05,2024-12-21,2,2025-01-04,wk inc flu hosp,quantile,0.975,399.70880851853616
06,2024-12-21,2,2025-01-04,wk inc flu hosp,quantile,0.975,4370.699176271136
08,2024-12-21,2,2025-01-04,wk inc flu hosp,quantile,0.975,711.5982945081395
09,2024-12-21,2,2025-01-04,wk inc flu hosp,quantile,0.975,305.78165993339184
10,2024-12-21,2,2025-01-04,wk inc flu hosp,quantile,0.975,103.43980696988945
11,2024-12-21,2,2025-01-04,wk inc flu hosp,quantile,0.975,70.93314473079754
12,2024-12-21,2,2025-01-04,wk inc flu hosp,quantile,0.975,3320.3461906511943
13,2024-12-21,2,2025-01-04,wk inc flu hosp,quantile,0.975,1265.3193509592184
15,2024-12-21,2,2025-01-04,wk inc flu hosp,quantile,0.975,116.41349413061737
16,2024-12-21,2,2025-01-04,wk inc flu hosp,quantile,0.975,346.23231406505073
17,2024-12-21,2,2025-01-04,wk inc flu hosp,quantile,0.975,1449.4083097860432
18,2024-12-21,2,2025-01-04,wk inc flu hosp,quantile,0.975,1136.7580185754202
19,2024-12-21,2,2025-01-04,wk inc flu hosp,quantile,0.975,282.77972221912546
20,2024-12-21,2,2025-01-04,wk inc flu hosp,quantile,0.975,431.85122655802166
21,2024-12-21,2,2025-01-04,wk inc flu hosp,quantile,0.975,573.0907501177429
22,2024-12-21,2,2025-01-04,wk inc flu hosp,quantile,0.975,807.7360400474498
23,2024-12-21,2,2025-01-04,wk inc flu hosp,quantile,0.975,93.0192400771364
24,2024-12-21,2,2025-01-04,wk inc flu hosp,quantile,0.975,566.0006796277288
25,2024-12-21,2,2025-01-04,wk inc flu hosp,quantile,0.975,1032.1245406487199
26,2024-12-21,2,2025-01-04,wk inc flu hosp,quantile,0.975,1520.866551998693
27,2024-12-21,2,2025-01-04,wk inc flu hosp,quantile,0.975,655.5269146954055
28,2024-12-21,2,2025-01-04,wk inc flu hosp,quantile,0.975,455.1606979429353
29,2024-12-21,2,2025-01-04,wk inc flu hosp,quantile,0.975,894.0831553801778
30,2024-12-21,2,2025-01-04,wk inc flu hosp,quantile,0.975,106.26982935247457
31,2024-12-21,2,2025-01-04,wk inc flu hosp,quantile,0.975,170.1619748327514
32,2024-12-21,2,2025-01-04,wk inc flu hosp,quantile,0.975,426.2977568419194
33,2024-12-21,2,2025-01-04,wk inc flu hosp,quantile,0.975,144.28918900380634
34,2024-12-21,2,2025-01-04,wk inc flu hosp,quantile,0.975,1291.421531844966
35,2024-12-21,2,2025-01-04,wk inc flu hosp,quantile,0.975,493.2251078564871
36,2024-12-21,2,2025-01-04,wk inc flu hosp,quantile,0.975,2848.942131169075
37,2024-12-21,2,2025-01-04,wk inc flu hosp,quantile,0.975,1171.502344358118
38,2024-12-21,2,2025-01-04,wk inc flu hosp,quantile,0.975,42.00060740231256
39,2024-12-21,2,2025-01-04,wk inc flu hosp,quantile,0.975,1366.4852084184301
40,2024-12-21,2,2025-01-04,wk inc flu hosp,quantile,0.975,653.3676668061929
41,2024-12-21,2,2025-01-04,wk inc flu hosp,quantile,0.975,717.6275125992338
42,2024-12-21,2,2025-01-04,wk inc flu hosp,quantile,0.975,2143.6496438318995
44,2024-12-21,2,2025-01-04,wk inc flu hosp,quantile,0.975,119.54393164096695
45,2024-12-21,2,2025-01-04,wk inc flu hosp,quantile,0.975,517.2175307211742
46,2024-12-21,2,2025-01-04,wk inc flu hosp,quantile,0.975,93.5059237542193
47,2024-12-21,2,2025-01-04,wk inc flu hosp,quantile,0.975,1159.7569678897169
48,2024-12-21,2,2025-01-04,wk inc flu hosp,quantile,0.975,4433.818853301467
49,2024-12-21,2,2025-01-04,wk inc flu hosp,quantile,0.975,232.2046356167735
50,2024-12-21,2,2025-01-04,wk inc flu hosp,quantile,0.975,65.92854380947404
51,2024-12-21,2,2025-01-04,wk inc flu hosp,quantile,0.975,916.4354402424439
53,2024-12-21,2,2025-01-04,wk inc flu hosp,quantile,0.975,965.1622044233802
54,2024-12-21,2,2025-01-04,wk inc flu hosp,quantile,0.975,236.91418042341905
55,2024-12-21,2,2025-01-04,wk inc flu hosp,quantile,0.975,618.4792953307282
56,2024-12-21,2,2025-01-04,wk inc flu hosp,quantile,0.975,125.65773953401312
72,2024-12-21,2,2025-01-04,wk inc flu hosp,quantile,0.975,730.8720292915488
US,2024-12-21,2,2025-01-04,wk inc flu hosp,quantile,0.975,35980.5250531092
01,2024-12-21,3,2025-01-11,wk inc flu hosp,quantile,0.975,928.4136858041965
02,2024-12-21,3,2025-01-11,wk inc flu hosp,quantile,0.975,125.76221024990194
04,2024-12-21,3,2025-01-11,wk inc flu hosp,quantile,0.975,2036.1159316499006
05,2024-12-21,3,2025-01-11,wk inc flu hosp,quantile,0.975,506.9749854172793
06,2024-12-21,3,2025-01-11,wk inc flu hosp,quantile,0.975,4430.936957109857
08,2024-12-21,3,2025-01-11,wk inc flu hosp,quantile,0.975,795.6498610551232
09,2024-12-21,3,2025-01-11,wk inc flu hosp,quantile,0.975,392.55840797415635
10,2024-12-21,3,2025-01-11,wk inc flu hosp,quantile,0.975,121.36151563373157
11,2024-12-21,3,2025-01-11,wk inc flu hosp,quantile,0.975,87.67103381641726
12,2024-12-21,3,2025-01-11,wk inc flu hosp,quantile,0.975,3352.2493489528006
13,2024-12-21,3,2025-01-11,wk inc flu hosp,quantile,0.975,1414.2477860954014
15,2024-12-21,3,2025-01-11,wk inc flu hosp,quantile,0.975,126.25979169220548
16,2024-12-21,3,2025-01-11,wk inc flu hosp,quantile,0.975,366.84538106478504
17,2024-12-21,3,2025-01-11,wk inc flu hosp,quantile,0.975,1591.6570108458639
18,2024-12-21,3,2025-01-11,wk inc flu hosp,quantile,0.975,1363.3226537126675
19,2024-12-21,3,2025-01-11,wk inc flu hosp,quantile,0.975,361.79630671117457
20,2024-12-21,3,2025-01-11,wk inc flu hosp,quantile,0.975,471.47124355164067
21,2024-12-21,3,2025-01-11,wk inc flu hosp,quantile,0.975,700.9084906758234
22,2024-12-21,3,2025-01-11,wk inc flu hosp,quantile,0.975,845.9772769380376
23,2024-12-21,3,2025-01-11,wk inc flu hosp,quantile,0.975,118.86001918010628
24,2024-12-21,3,2025-01-11,wk inc flu hosp,quantile,0.975,689.1100517131981
25,2024-12-21,3,2025-01-11,wk inc flu hosp,quantile,0.975,1256.2737030331489
26,2024-12-21,3,2025-01-11,wk inc flu hosp,quantile,0.975,1831.5897200329737
27,2024-12-21,3,2025-01-11,wk inc flu hosp,quantile,0.975,759.268483991476
28,2024-12-21,3,2025-01-11,wk inc flu hosp,quantile,0.975,556.9220260498533
29,2024-12-21,3,2025-01-11,wk inc flu hosp,quantile,0.975,1093.3396490500124
30,2024-12-21,3,2025-01-11,wk inc flu hosp,quantile,0.975,133.6340668681664
31,2024-12-21,3,2025-01-11,wk inc flu hosp,quantile,0.975,213.64348467897668
32,2024-12-21,3,2025-01-11,wk inc flu hosp,quantile,0.975,460.03424757208853
33,2024-12-21,3,2025-01-11,wk inc flu hosp,quantile,0.975,161.7889842389406
34,2024-12-21,3,2025-01-11,wk inc flu hosp,quantile,0.975,1524.1139871191397
35,2024-12-21,3,2025-01-11,wk inc flu hosp,quantile,0.975,544.9889387903144
36,2024-12-21,3,2025-01-11,wk inc flu hosp,quantile,0.975,3233.567982982603
37,2024-12-21,3,2025-01-11,wk inc flu hosp,quantile,0.975,1364.8416437123394
38,2024-12-21,3,2025-01-11,wk inc flu hosp,quantile,0.975,57.12544658590587
39,2024-12-21,3,2025-01-11,wk inc flu hosp,quantile,0.975,1657.60313531864
40,2024-12-21,3,2025-01-11,wk inc flu hosp,quantile,0.975,845.3707838401052
41,2024-12-21,3,2025-01-11,wk inc flu hosp,quantile,0.975,760.067789992941
42,2024-12-21,3,2025-01-11,wk inc flu hosp,quantile,0.975,2527.091261433787
44,2024-12-21,3,2025-01-11,wk inc flu hosp,quantile,0.975,126.92306953482552
45,2024-12-21,3,2025-01-11,wk inc flu hosp,quantile,0.975,648.8115575752485
46,2024-12-21,3,2025-01-11,wk inc flu hosp,quantile,0.975,119.59862295238383
47,2024-12-21,3,2025-01-11,wk inc flu hosp,quantile,0.975,1284.665126777631
48,2024-12-21,3,2025-01-11,wk inc flu hosp,quantile,0.975,5173.286941384673
49,2024-12-21,3,2025-01-11,wk inc flu hosp,quantile,0.975,242.2330219654996
50,2024-12-21,3,2025-01-11,wk inc flu hosp,quantile,0.975,80.62780492521017
51,2024-12-21,3,2025-01-11,wk inc flu hosp,quantile,0.975,1110.801092909408
53,2024-12-21,3,2025-01-11,wk inc flu hosp,quantile,0.975,1048.3078188531292
54,2024-12-21,3,2025-01-11,wk inc flu hosp,quantile,0.975,303.01013039182743
55,2024-12-21,3,2025-01-11,wk inc flu hosp,quantile,0.975,766.0509868022228
56,2024-12-21,3,2025-01-11,wk inc flu hosp,quantile,0.975,132.5594278928723
72,2024-12-21,3,2025-01-11,wk inc flu hosp,quantile,0.975,732.4958507483433
US,2024-12-21,3,2025-01-11,wk inc flu hosp,quantile,0.975,41291.831735493804
01,2024-12-21,0,2024-12-21,wk inc flu hosp,quantile,0.99,548.2464021056968
02,2024-12-21,0,2024-12-21,wk inc flu hosp,quantile,0.99,71.88161892136705
04,2024-12-21,0,2024-12-21,wk inc flu hosp,quantile,0.99,1996.4600542856845
05,2024-12-21,0,2024-12-21,wk inc flu hosp,quantile,0.99,189.29494905518345
06,2024-12-21,0,2024-12-21,wk inc flu hosp,quantile,0.99,3588.704840985721
08,2024-12-21,0,2024-12-21,wk inc flu hosp,quantile,0.99,425.85639328530885
09,2024-12-21,0,2024-12-21,wk inc flu hosp,quantile,0.99,141.27896395152038
10,2024-12-21,0,2024-12-21,wk inc flu hosp,quantile,0.99,56.613655464359766
11,2024-12-21,0,2024-12-21,wk inc flu hosp,quantile,0.99,31.64296046776818
12,2024-12-21,0,2024-12-21,wk inc flu hosp,quantile,0.99,2470.756054894511
13,2024-12-21,0,2024-12-21,wk inc flu hosp,quantile,0.99,768.8655076255363
15,2024-12-21,0,2024-12-21,wk inc flu hosp,quantile,0.99,80.75158094651354
16,2024-12-21,0,2024-12-21,wk inc flu hosp,quantile,0.99,249.19866474636194
17,2024-12-21,0,2024-12-21,wk inc flu hosp,quantile,0.99,873.3849511975402
18,2024-12-21,0,2024-12-21,wk inc flu hosp,quantile,0.99,560.9942312654324
19,2024-12-21,0,2024-12-21,wk inc flu hosp,quantile,0.99,131.7336450118267
20,2024-12-21,0,2024-12-21,wk inc flu hosp,quantile,0.99,263.17982223782553
21,2024-12-21,0,2024-12-21,wk inc flu hosp,quantile,0.99,299.43102935950645
22,2024-12-21,0,2024-12-21,wk inc flu hosp,quantile,0.99,603.4229677736677
23,2024-12-21,0,2024-12-21,wk inc flu hosp,quantile,0.99,35.931885428813494
24,2024-12-21,0,2024-12-21,wk inc flu hosp,quantile,0.99,295.9466172759519
25,2024-12-21,0,2024-12-21,wk inc flu hosp,quantile,0.99,518.363792797251
26,2024-12-21,0,2024-12-21,wk inc flu hosp,quantile,0.99,807.7291711213143
27,2024-12-21,0,2024-12-21,wk inc flu hosp,quantile,0.99,384.067519617614
28,2024-12-21,0,2024-12-21,wk inc flu hosp,quantile,0.99,219.08194759268238
29,2024-12-21,0,2024-12-21,wk inc flu hosp,quantile,0.99,394.03985803859257
30,2024-12-21,0,2024-12-21,wk inc flu hosp,quantile,0.99,43.99295422536987
31,2024-12-21,0,2024-12-21,wk inc flu hosp,quantile,0.99,79.71953033606326
32,2024-12-21,0,2024-12-21,wk inc flu hosp,quantile,0.99,275.15306587414034
33,2024-12-21,0,2024-12-21,wk inc flu hosp,quantile,0.99,77.51940582848222
34,2024-12-21,0,2024-12-21,wk inc flu hosp,quantile,0.99,726.805243592975
35,2024-12-21,0,2024-12-21,wk inc flu hosp,quantile,0.99,322.6628548607438
36,2024-12-21,0,2024-12-21,wk inc flu hosp,quantile,0.99,1668.589989999291
37,2024-12-21,0,2024-12-21,wk inc flu hosp,quantile,0.99,679.6792452059912
38,2024-12-21,0,2024-12-21,wk inc flu hosp,quantile,0.99,14.583700174220564
39,2024-12-21,0,2024-12-21,wk inc flu hosp,quantile,0.99,716.0203585978078
40,2024-12-21,0,2024-12-21,wk inc flu hosp,quantile,0.99,291.7989834556167
41,2024-12-21,0,2024-12-21,wk inc flu hosp,quantile,0.99,519.209574286525
42,2024-12-21,0,2024-12-21,wk inc flu hosp,quantile,0.99,1163.801177398448
44,2024-12-21,0,2024-12-21,wk inc flu hosp,quantile,0.99,80.5473460916642
45,2024-12-21,0,2024-12-21,wk inc flu hosp,quantile,0.99,260.5240270328331
46,2024-12-21,0,2024-12-21,wk inc flu hosp,quantile,0.99,42.99865627737359
47,2024-12-21,0,2024-12-21,wk inc flu hosp,quantile,0.99,671.8708473741888
48,2024-12-21,0,2024-12-21,wk inc flu hosp,quantile,0.99,2561.6482771823694
49,2024-12-21,0,2024-12-21,wk inc flu hosp,quantile,0.99,185.82089877068148
50,2024-12-21,0,2024-12-21,wk inc flu hosp,quantile,0.99,30.119244255870502
51,2024-12-21,0,2024-12-21,wk inc flu hosp,quantile,0.99,501.6952819885997
53,2024-12-21,0,2024-12-21,wk inc flu hosp,quantile,0.99,615.1571243370365
54,2024-12-21,0,2024-12-21,wk inc flu hosp,quantile,0.99,107.0798343579444
55,2024-12-21,0,2024-12-21,wk inc flu hosp,quantile,0.99,305.26325821402105
56,2024-12-21,0,2024-12-21,wk inc flu hosp,quantile,0.99,84.73619446211714
72,2024-12-21,0,2024-12-21,wk inc flu hosp,quantile,0.99,732.3100908383944
US,2024-12-21,0,2024-12-21,wk inc flu hosp,quantile,0.99,22054.422552511485
01,2024-12-21,1,2024-12-28,wk inc flu hosp,quantile,0.99,743.2427618111345
02,2024-12-21,1,2024-12-28,wk inc flu hosp,quantile,0.99,98.20790518957689
04,2024-12-21,1,2024-12-28,wk inc flu hosp,quantile,0.99,2193.7472108241727
05,2024-12-21,1,2024-12-28,wk inc flu hosp,quantile,0.99,304.05206899992623
06,2024-12-21,1,2024-12-28,wk inc flu hosp,quantile,0.99,4449.409440576479
08,2024-12-21,1,2024-12-28,wk inc flu hosp,quantile,0.99,608.246304663641
09,2024-12-21,1,2024-12-28,wk inc flu hosp,quantile,0.99,232.72849150899532
10,2024-12-21,1,2024-12-28,wk inc flu hosp,quantile,0.99,82.62040573109019
11,2024-12-21,1,2024-12-28,wk inc flu hosp,quantile,0.99,51.2004152981234
12,2024-12-21,1,2024-12-28,wk inc flu hosp,quantile,0.99,3293.45568469514
13,2024-12-21,1,2024-12-28,wk inc flu hosp,quantile,0.99,1104.7347329433944
15,2024-12-21,1,2024-12-28,wk inc flu hosp,quantile,0.99,105.97454894267538
16,2024-12-21,1,2024-12-28,wk inc flu hosp,quantile,0.99,325.0306224297279
17,2024-12-21,1,2024-12-28,wk inc flu hosp,quantile,0.99,1256.1157877352482
18,2024-12-21,1,2024-12-28,wk inc flu hosp,quantile,0.99,891.2175458857097
19,2024-12-21,1,2024-12-28,wk inc flu hosp,quantile,0.99,216.569378656918
20,2024-12-21,1,2024-12-28,wk inc flu hosp,quantile,0.99,364.0696076816303
21,2024-12-21,1,2024-12-28,wk inc flu hosp,quantile,0.99,452.26733012898757
22,2024-12-21,1,2024-12-28,wk inc flu hosp,quantile,0.99,767.4215700465742
23,2024-12-21,1,2024-12-28,wk inc flu hosp,quantile,0.99,65.62369736962438
24,2024-12-21,1,2024-12-28,wk inc flu hosp,quantile,0.99,451.28076469026536
25,2024-12-21,1,2024-12-28,wk inc flu hosp,quantile,0.99,822.966614992108
26,2024-12-21,1,2024-12-28,wk inc flu hosp,quantile,0.99,1253.4462833718462
27,2024-12-21,1,2024-12-28,wk inc flu hosp,quantile,0.99,547.5152075446342
28,2024-12-21,1,2024-12-28,wk inc flu hosp,quantile,0.99,343.2177011420583
29,2024-12-21,1,2024-12-28,wk inc flu hosp,quantile,0.99,669.2632035378084
30,2024-12-21,1,2024-12-28,wk inc flu hosp,quantile,0.99,75.0348006830749
31,2024-12-21,1,2024-12-28,wk inc flu hosp,quantile,0.99,128.08073278237026
32,2024-12-21,1,2024-12-28,wk inc flu hosp,quantile,0.99,399.79397143616393
33,2024-12-21,1,2024-12-28,wk inc flu hosp,quantile,0.99,114.20381257710847
34,2024-12-21,1,2024-12-28,wk inc flu hosp,quantile,0.99,1078.6769045540607
35,2024-12-21,1,2024-12-28,wk inc flu hosp,quantile,0.99,460.01958640395543
36,2024-12-21,1,2024-12-28,wk inc flu hosp,quantile,0.99,2444.53830026716
37,2024-12-21,1,2024-12-28,wk inc flu hosp,quantile,0.99,1002.9358383620773
38,2024-12-21,1,2024-12-28,wk inc flu hosp,quantile,0.99,27.651065716408187
39,2024-12-21,1,2024-12-28,wk inc flu hosp,quantile,0.99,1120.949948204825
40,2024-12-21,1,2024-12-28,wk inc flu hosp,quantile,0.99,493.07081979091873
41,2024-12-21,1,2024-12-28,wk inc flu hosp,quantile,0.99,689.876408435071
42,2024-12-21,1,2024-12-28,wk inc flu hosp,quantile,0.99,1755.311159223954
44,2024-12-21,1,2024-12-28,wk inc flu hosp,quantile,0.99,107.51159458754042
45,2024-12-21,1,2024-12-28,wk inc flu hosp,quantile,0.99,405.7773878678631
46,2024-12-21,1,2024-12-28,wk inc flu hosp,quantile,0.99,69.87961165166782
47,2024-12-21,1,2024-12-28,wk inc flu hosp,quantile,0.99,979.6948339078434
48,2024-12-21,1,2024-12-28,wk inc flu hosp,quantile,0.99,3770.1102923785443
49,2024-12-21,1,2024-12-28,wk inc flu hosp,quantile,0.99,222.79157728552045
50,2024-12-21,1,2024-12-28,wk inc flu hosp,quantile,0.99,48.49847419919938
51,2024-12-21,1,2024-12-28,wk inc flu hosp,quantile,0.99,762.6756907108298
53,2024-12-21,1,2024-12-28,wk inc flu hosp,quantile,0.99,860.9212614647594
54,2024-12-21,1,2024-12-28,wk inc flu hosp,quantile,0.99,175.25633882240513
55,2024-12-21,1,2024-12-28,wk inc flu hosp,quantile,0.99,487.787526426061
56,2024-12-21,1,2024-12-28,wk inc flu hosp,quantile,0.99,113.31250189655859
72,2024-12-21,1,2024-12-28,wk inc flu hosp,quantile,0.99,783.7772001977335
US,2024-12-21,1,2024-12-28,wk inc flu hosp,quantile,0.99,29433.046130400267
01,2024-12-21,2,2025-01-04,wk inc flu hosp,quantile,0.99,911.096585827506
02,2024-12-21,2,2025-01-04,wk inc flu hosp,quantile,0.99,121.87213701198388
04,2024-12-21,2,2025-01-04,wk inc flu hosp,quantile,0.99,2317.8922661168863
05,2024-12-21,2,2025-01-04,wk inc flu hosp,quantile,0.99,439.07453071508803
06,2024-12-21,2,2025-01-04,wk inc flu hosp,quantile,0.99,4728.418078805477
08,2024-12-21,2,2025-01-04,wk inc flu hosp,quantile,0.99,756.627112873673
09,2024-12-21,2,2025-01-04,wk inc flu hosp,quantile,0.99,345.47654458977155
10,2024-12-21,2,2025-01-04,wk inc flu hosp,quantile,0.99,109.0885333917145
11,2024-12-21,2,2025-01-04,wk inc flu hosp,quantile,0.99,74.63588128266717
12,2024-12-21,2,2025-01-04,wk inc flu hosp,quantile,0.99,3636.7671656806106
13,2024-12-21,2,2025-01-04,wk inc flu hosp,quantile,0.99,1423.7950579441733
15,2024-12-21,2,2025-01-04,wk inc flu hosp,quantile,0.99,119.73912220044816
16,2024-12-21,2,2025-01-04,wk inc flu hosp,quantile,0.99,349.4196330706305
17,2024-12-21,2,2025-01-04,wk inc flu hosp,quantile,0.99,1636.7982257943788
18,2024-12-21,2,2025-01-04,wk inc flu hosp,quantile,0.99,1266.2850948243495
19,2024-12-21,2,2025-01-04,wk inc flu hosp,quantile,0.99,319.21596503980646
20,2024-12-21,2,2025-01-04,wk inc flu hosp,quantile,0.99,463.54623726866186
21,2024-12-21,2,2025-01-04,wk inc flu hosp,quantile,0.99,633.2319295856339
22,2024-12-21,2,2025-01-04,wk inc flu hosp,quantile,0.99,815.1936124986212
23,2024-12-21,2,2025-01-04,wk inc flu hosp,quantile,0.99,104.0673748330816
24,2024-12-21,2,2025-01-04,wk inc flu hosp,quantile,0.99,634.2694005147185
25,2024-12-21,2,2025-01-04,wk inc flu hosp,quantile,0.99,1173.1588781217995
26,2024-12-21,2,2025-01-04,wk inc flu hosp,quantile,0.99,1762.753991638441
27,2024-12-21,2,2025-01-04,wk inc flu hosp,quantile,0.99,696.3549301326984
28,2024-12-21,2,2025-01-04,wk inc flu hosp,quantile,0.99,485.13870179103077
29,2024-12-21,2,2025-01-04,wk inc flu hosp,quantile,0.99,981.0141076428799
30,2024-12-21,2,2025-01-04,wk inc flu hosp,quantile,0.99,111.49093438665018
31,2024-12-21,2,2025-01-04,wk inc flu hosp,quantile,0.99,186.06122460923578
32,2024-12-21,2,2025-01-04,wk inc flu hosp,quantile,0.99,448.77853135435345
33,2024-12-21,2,2025-01-04,wk inc flu hosp,quantile,0.99,145.86948866267218
34,2024-12-21,2,2025-01-04,wk inc flu hosp,quantile,0.99,1495.3996050373635
35,2024-12-21,2,2025-01-04,wk inc flu hosp,quantile,0.99,518.1480437589058
36,2024-12-21,2,2025-01-04,wk inc flu hosp,quantile,0.99,3278.97292415927
37,2024-12-21,2,2025-01-04,wk inc flu hosp,quantile,0.99,1350.3314528623728
38,2024-12-21,2,2025-01-04,wk inc flu hosp,quantile,0.99,46.009998354015195
39,2024-12-21,2,2025-01-04,wk inc flu hosp,quantile,0.99,1597.4189420423638
40,2024-12-21,2,2025-01-04,wk inc flu hosp,quantile,0.99,748.1985155744757
41,2024-12-21,2,2025-01-04,wk inc flu hosp,quantile,0.99,758.9346857027955
42,2024-12-21,2,2025-01-04,wk inc flu hosp,quantile,0.99,2393.802809106674
44,2024-12-21,2,2025-01-04,wk inc flu hosp,quantile,0.99,134.914880503632
45,2024-12-21,2,2025-01-04,wk inc flu hosp,quantile,0.99,577.8018047487809
46,2024-12-21,2,2025-01-04,wk inc flu hosp,quantile,0.99,102.12288698927286
47,2024-12-21,2,2025-01-04,wk inc flu hosp,quantile,0.99,1246.619175034284
48,2024-12-21,2,2025-01-04,wk inc flu hosp,quantile,0.99,5144.835237919535
49,2024-12-21,2,2025-01-04,wk inc flu hosp,quantile,0.99,251.82593766546003
50,2024-12-21,2,2025-01-04,wk inc flu hosp,quantile,0.99,69.1612638362368
51,2024-12-21,2,2025-01-04,wk inc flu hosp,quantile,0.99,1063.2298942097193
53,2024-12-21,2,2025-01-04,wk inc flu hosp,quantile,0.99,1086.882934823355
54,2024-12-21,2,2025-01-04,wk inc flu hosp,quantile,0.99,258.36718960410803
55,2024-12-21,2,2025-01-04,wk inc flu hosp,quantile,0.99,701.9164824950831
56,2024-12-21,2,2025-01-04,wk inc flu hosp,quantile,0.99,139.64342959218612
72,2024-12-21,2,2025-01-04,wk inc flu hosp,quantile,0.99,813.9908844385072
US,2024-12-21,2,2025-01-04,wk inc flu hosp,quantile,0.99,37467.48401878441
01,2024-12-21,3,2025-01-11,wk inc flu hosp,quantile,0.99,956.6779392341441
02,2024-12-21,3,2025-01-11,wk inc flu hosp,quantile,0.99,128.7978091417771
04,2024-12-21,3,2025-01-11,wk inc flu hosp,quantile,0.99,2399.6714737873976
05,2024-12-21,3,2025-01-11,wk inc flu hosp,quantile,0.99,551.2157934671361
06,2024-12-21,3,2025-01-11,wk inc flu hosp,quantile,0.99,4921.734061781688
08,2024-12-21,3,2025-01-11,wk inc flu hosp,quantile,0.99,811.043499583507
09,2024-12-21,3,2025-01-11,wk inc flu hosp,quantile,0.99,433.32582228801675
10,2024-12-21,3,2025-01-11,wk inc flu hosp,quantile,0.99,121.66961738825508
11,2024-12-21,3,2025-01-11,wk inc flu hosp,quantile,0.99,95.65026937665857
12,2024-12-21,3,2025-01-11,wk inc flu hosp,quantile,0.99,3814.7029540626295
13,2024-12-21,3,2025-01-11,wk inc flu hosp,quantile,0.99,1531.669341907052
15,2024-12-21,3,2025-01-11,wk inc flu hosp,quantile,0.99,127.49214511727264
16,2024-12-21,3,2025-01-11,wk inc flu hosp,quantile,0.99,369.41274631941775
17,2024-12-21,3,2025-01-11,wk inc flu hosp,quantile,0.99,1739.6594823709727
18,2024-12-21,3,2025-01-11,wk inc flu hosp,quantile,0.99,1476.7201654628573
19,2024-12-21,3,2025-01-11,wk inc flu hosp,quantile,0.99,401.0570120757403
20,2024-12-21,3,2025-01-11,wk inc flu hosp,quantile,0.99,485.9962690313377
21,2024-12-21,3,2025-01-11,wk inc flu hosp,quantile,0.99,737.025917717568
22,2024-12-21,3,2025-01-11,wk inc flu hosp,quantile,0.99,857.8350773041117
23,2024-12-21,3,2025-01-11,wk inc flu hosp,quantile,0.99,136.44871733797058
24,2024-12-21,3,2025-01-11,wk inc flu hosp,quantile,0.99,743.6194794906819
25,2024-12-21,3,2025-01-11,wk inc flu hosp,quantile,0.99,1379.1420420604227
26,2024-12-21,3,2025-01-11,wk inc flu hosp,quantile,0.99,2038.4827664089066
27,2024-12-21,3,2025-01-11,wk inc flu hosp,quantile,0.99,760.3934508729823
28,2024-12-21,3,2025-01-11,wk inc flu hosp,quantile,0.99,601.709217277572
29,2024-12-21,3,2025-01-11,wk inc flu hosp,quantile,0.99,1216.032441073428
30,2024-12-21,3,2025-01-11,wk inc flu hosp,quantile,0.99,144.94055368181563
31,2024-12-21,3,2025-01-11,wk inc flu hosp,quantile,0.99,230.49732741749636
32,2024-12-21,3,2025-01-11,wk inc flu hosp,quantile,0.99,480.9481643659317
33,2024-12-21,3,2025-01-11,wk inc flu hosp,quantile,0.99,167.82257349826426
34,2024-12-21,3,2025-01-11,wk inc flu hosp,quantile,0.99,1672.340794991763
35,2024-12-21,3,2025-01-11,wk inc flu hosp,quantile,0.99,549.8537954005646
36,2024-12-21,3,2025-01-11,wk inc flu hosp,quantile,0.99,3587.621103996138
37,2024-12-21,3,2025-01-11,wk inc flu hosp,quantile,0.99,1507.6880411610857
38,2024-12-21,3,2025-01-11,wk inc flu hosp,quantile,0.99,65.94498940294957
39,2024-12-21,3,2025-01-11,wk inc flu hosp,quantile,0.99,1822.4986749994177
40,2024-12-21,3,2025-01-11,wk inc flu hosp,quantile,0.99,942.0222586720945
41,2024-12-21,3,2025-01-11,wk inc flu hosp,quantile,0.99,800.8643883670806
42,2024-12-21,3,2025-01-11,wk inc flu hosp,quantile,0.99,2755.5915390353944
44,2024-12-21,3,2025-01-11,wk inc flu hosp,quantile,0.99,139.94483754040138
45,2024-12-21,3,2025-01-11,wk inc flu hosp,quantile,0.99,705.3971934276038
46,2024-12-21,3,2025-01-11,wk inc flu hosp,quantile,0.99,129.3718239851195
47,2024-12-21,3,2025-01-11,wk inc flu hosp,quantile,0.99,1373.0435833470142
48,2024-12-21,3,2025-01-11,wk inc flu hosp,quantile,0.99,5565.052858627591
49,2024-12-21,3,2025-01-11,wk inc flu hosp,quantile,0.99,259.74831775716376
50,2024-12-21,3,2025-01-11,wk inc flu hosp,quantile,0.99,86.38485882803226
51,2024-12-21,3,2025-01-11,wk inc flu hosp,quantile,0.99,1232.4818186438683
53,2024-12-21,3,2025-01-11,wk inc flu hosp,quantile,0.99,1123.1198639759114
54,2024-12-21,3,2025-01-11,wk inc flu hosp,quantile,0.99,324.53741786340555
55,2024-12-21,3,2025-01-11,wk inc flu hosp,quantile,0.99,848.8711443457152
56,2024-12-21,3,2025-01-11,wk inc flu hosp,quantile,0.99,148.7229012573076
72,2024-12-21,3,2025-01-11,wk inc flu hosp,quantile,0.99,820.4660297847835
US,2024-12-21,3,2025-01-11,wk inc flu hosp,quantile,0.99,41711.682421328136
