location,reference_date,horizon,target_end_date,target,output_type,output_type_id,value
01,2026-02-21,0,2026-02-21,wk inc flu hosp,quantile,0.01,0.0
02,2026-02-21,0,2026-02-21,wk inc flu hosp,quantile,0.01,0.0
04,2026-02-21,0,2026-02-21,wk inc flu hosp,quantile,0.01,252.38666770829653
05,2026-02-21,0,2026-02-21,wk inc flu hosp,quantile,0.01,87.21555087210726
06,2026-02-21,0,2026-02-21,wk inc flu hosp,quantile,0.01,903.6377420040656
08,2026-02-21,0,2026-02-21,wk inc flu hosp,quantile,0.01,45.35320608694854
09,2026-02-21,0,2026-02-21,wk inc flu hosp,quantile,0.01,3.4505585201936557
10,2026-02-21,0,2026-02-21,wk inc flu hosp,quantile,0.01,4.818439879843921
11,2026-02-21,0,2026-02-21,wk inc flu hosp,quantile,0.01,0.0
12,2026-02-21,0,2026-02-21,wk inc flu hosp,quantile,0.01,1064.6215404097563
13,2026-02-21,0,2026-02-21,wk inc flu hosp,quantile,0.01,211.58079618658687
15,2026-02-21,0,2026-02-21,wk inc flu hosp,quantile,0.01,5.32807082627047
16,2026-02-21,0,2026-02-21,wk inc flu hosp,quantile,0.01,38.32924825000108
17,2026-02-21,0,2026-02-21,wk inc flu hosp,quantile,0.01,257.57973675033713
18,2026-02-21,0,2026-02-21,wk inc flu hosp,quantile,0.01,116.21169411540866
19,2026-02-21,0,2026-02-21,wk inc flu hosp,quantile,0.01,119.23481216308508
20,2026-02-21,0,2026-02-21,wk inc flu hosp,quantile,0.01,90.07048796077389
21,2026-02-21,0,2026-02-21,wk inc flu hosp,quantile,0.01,83.89314198258401
22,2026-02-21,0,2026-02-21,wk inc flu hosp,quantile,0.01,151.30163763194759
23,2026-02-21,0,2026-02-21,wk inc flu hosp,quantile,0.01,8.234935405382426
24,2026-02-21,0,2026-02-21,wk inc flu hosp,quantile,0.01,16.563546323834757
25,2026-02-21,0,2026-02-21,wk inc flu hosp,quantile,0.01,17.20268108404958
26,2026-02-21,0,2026-02-21,wk inc flu hosp,quantile,0.01,106.91184833861239
27,2026-02-21,0,2026-02-21,wk inc flu hosp,quantile,0.01,63.080709009493106
28,2026-02-21,0,2026-02-21,wk inc flu hosp,quantile,0.01,93.7369996169383
29,2026-02-21,0,2026-02-21,wk inc flu hosp,quantile,0.01,232.60499086452916
30,2026-02-21,0,2026-02-21,wk inc flu hosp,quantile,0.01,20.80081317638969
31,2026-02-21,0,2026-02-21,wk inc flu hosp,quantile,0.01,77.08407988285212
32,2026-02-21,0,2026-02-21,wk inc flu hosp,quantile,0.01,56.94330267997805
33,2026-02-21,0,2026-02-21,wk inc flu hosp,quantile,0.01,5.846619481186677
34,2026-02-21,0,2026-02-21,wk inc flu hosp,quantile,0.01,65.10706704993285
35,2026-02-21,0,2026-02-21,wk inc flu hosp,quantile,0.01,63.1187352087176
36,2026-02-21,0,2026-02-21,wk inc flu hosp,quantile,0.01,32.86645770646423
37,2026-02-21,0,2026-02-21,wk inc flu hosp,quantile,0.01,108.19703409384508
38,2026-02-21,0,2026-02-21,wk inc flu hosp,quantile,0.01,9.468129567981364
39,2026-02-21,0,2026-02-21,wk inc flu hosp,quantile,0.01,223.23323194604365
40,2026-02-21,0,2026-02-21,wk inc flu hosp,quantile,0.01,115.06060413447706
41,2026-02-21,0,2026-02-21,wk inc flu hosp,quantile,0.01,115.64851453932053
42,2026-02-21,0,2026-02-21,wk inc flu hosp,quantile,0.01,367.1362081132704
44,2026-02-21,0,2026-02-21,wk inc flu hosp,quantile,0.01,1.3821824243082743
45,2026-02-21,0,2026-02-21,wk inc flu hosp,quantile,0.01,104.26440586044347
46,2026-02-21,0,2026-02-21,wk inc flu hosp,quantile,0.01,11.393179411759025
47,2026-02-21,0,2026-02-21,wk inc flu hosp,quantile,0.01,164.19291762788123
48,2026-02-21,0,2026-02-21,wk inc flu hosp,quantile,0.01,682.541863395824
49,2026-02-21,0,2026-02-21,wk inc flu hosp,quantile,0.01,25.62458087744588
50,2026-02-21,0,2026-02-21,wk inc flu hosp,quantile,0.01,2.783061361780992
51,2026-02-21,0,2026-02-21,wk inc flu hosp,quantile,0.01,90.55076046466058
53,2026-02-21,0,2026-02-21,wk inc flu hosp,quantile,0.01,136.29664563752468
54,2026-02-21,0,2026-02-21,wk inc flu hosp,quantile,0.01,43.450106813000914
55,2026-02-21,0,2026-02-21,wk inc flu hosp,quantile,0.01,102.89194752454726
56,2026-02-21,0,2026-02-21,wk inc flu hosp,quantile,0.01,5.134876992177693
72,2026-02-21,0,2026-02-21,wk inc flu hosp,quantile,0.01,75.27996690006952
US,2026-02-21,0,2026-02-21,wk inc flu hosp,quantile,0.01,6998.520479435323
01,2026-02-21,1,2026-02-28,wk inc flu hosp,quantile,0.01,0.0
02,2026-02-21,1,2026-02-28,wk inc flu hosp,quantile,0.01,0.0
04,2026-02-21,1,2026-02-28,wk inc flu hosp,quantile,0.01,214.26202128235929
05,2026-02-21,1,2026-02-28,wk inc flu hosp,quantile,0.01,67.60264586098033
06,2026-02-21,1,2026-02-28,wk inc flu hosp,quantile,0.01,697.0211655674324
08,2026-02-21,1,2026-02-28,wk inc flu hosp,quantile,0.01,35.10593730279732
09,2026-02-21,1,2026-02-28,wk inc flu hosp,quantile,0.01,0.0
10,2026-02-21,1,2026-02-28,wk inc flu hosp,quantile,0.01,0.8273304375635607
11,2026-02-21,1,2026-02-28,wk inc flu hosp,quantile,0.01,0.0
12,2026-02-21,1,2026-02-28,wk inc flu hosp,quantile,0.01,898.9511087117268
13,2026-02-21,1,2026-02-28,wk inc flu hosp,quantile,0.01,178.0658020337623
15,2026-02-21,1,2026-02-28,wk inc flu hosp,quantile,0.01,3.437383624293225
16,2026-02-21,1,2026-02-28,wk inc flu hosp,quantile,0.01,30.08542475209779
17,2026-02-21,1,2026-02-28,wk inc flu hosp,quantile,0.01,210.82556008477147
18,2026-02-21,1,2026-02-28,wk inc flu hosp,quantile,0.01,80.62083477347515
19,2026-02-21,1,2026-02-28,wk inc flu hosp,quantile,0.01,98.6955821513745
20,2026-02-21,1,2026-02-28,wk inc flu hosp,quantile,0.01,70.0557966734739
21,2026-02-21,1,2026-02-28,wk inc flu hosp,quantile,0.01,57.27146063796266
22,2026-02-21,1,2026-02-28,wk inc flu hosp,quantile,0.01,121.71853644657824
23,2026-02-21,1,2026-02-28,wk inc flu hosp,quantile,0.01,3.7597902020993264
24,2026-02-21,1,2026-02-28,wk inc flu hosp,quantile,0.01,8.542312734052485
25,2026-02-21,1,2026-02-28,wk inc flu hosp,quantile,0.01,0.8222507286488933
26,2026-02-21,1,2026-02-28,wk inc flu hosp,quantile,0.01,79.64865358626217
27,2026-02-21,1,2026-02-28,wk inc flu hosp,quantile,0.01,47.213716443068016
28,2026-02-21,1,2026-02-28,wk inc flu hosp,quantile,0.01,77.64665442484615
29,2026-02-21,1,2026-02-28,wk inc flu hosp,quantile,0.01,192.42306410903268
30,2026-02-21,1,2026-02-28,wk inc flu hosp,quantile,0.01,14.440025591332745
31,2026-02-21,1,2026-02-28,wk inc flu hosp,quantile,0.01,65.05478689866642
32,2026-02-21,1,2026-02-28,wk inc flu hosp,quantile,0.01,45.70187617977214
33,2026-02-21,1,2026-02-28,wk inc flu hosp,quantile,0.01,2.890948909664941
34,2026-02-21,1,2026-02-28,wk inc flu hosp,quantile,0.01,42.67178516551318
35,2026-02-21,1,2026-02-28,wk inc flu hosp,quantile,0.01,52.22892148419297
36,2026-02-21,1,2026-02-28,wk inc flu hosp,quantile,0.01,7.29091686183091
37,2026-02-21,1,2026-02-28,wk inc flu hosp,quantile,0.01,73.48019397020312
38,2026-02-21,1,2026-02-28,wk inc flu hosp,quantile,0.01,5.1405938123626695
39,2026-02-21,1,2026-02-28,wk inc flu hosp,quantile,0.01,168.15043254521783
40,2026-02-21,1,2026-02-28,wk inc flu hosp,quantile,0.01,91.01396691265337
41,2026-02-21,1,2026-02-28,wk inc flu hosp,quantile,0.01,74.90403746798039
42,2026-02-21,1,2026-02-28,wk inc flu hosp,quantile,0.01,281.3123905048092
44,2026-02-21,1,2026-02-28,wk inc flu hosp,quantile,0.01,0.0
45,2026-02-21,1,2026-02-28,wk inc flu hosp,quantile,0.01,81.37348916470087
46,2026-02-21,1,2026-02-28,wk inc flu hosp,quantile,0.01,6.731194720936611
47,2026-02-21,1,2026-02-28,wk inc flu hosp,quantile,0.01,129.10163674381033
48,2026-02-21,1,2026-02-28,wk inc flu hosp,quantile,0.01,560.4995957051777
49,2026-02-21,1,2026-02-28,wk inc flu hosp,quantile,0.01,18.106469154120514
50,2026-02-21,1,2026-02-28,wk inc flu hosp,quantile,0.01,1.1903918106020916
51,2026-02-21,1,2026-02-28,wk inc flu hosp,quantile,0.01,51.17585555816801
53,2026-02-21,1,2026-02-28,wk inc flu hosp,quantile,0.01,98.73200200872472
54,2026-02-21,1,2026-02-28,wk inc flu hosp,quantile,0.01,25.6656743523379
55,2026-02-21,1,2026-02-28,wk inc flu hosp,quantile,0.01,79.78679564734225
56,2026-02-21,1,2026-02-28,wk inc flu hosp,quantile,0.01,3.795424590918896
72,2026-02-21,1,2026-02-28,wk inc flu hosp,quantile,0.01,58.14537056562725
US,2026-02-21,1,2026-02-28,wk inc flu hosp,quantile,0.01,5580.949749688699
01,2026-02-21,2,2026-03-07,wk inc flu hosp,quantile,0.01,0.0
02,2026-02-21,2,2026-03-07,wk inc flu hosp,quantile,0.01,0.0
04,2026-02-21,2,2026-03-07,wk inc flu hosp,quantile,0.01,186.74141893115882
05,2026-02-21,2,2026-03-07,wk inc flu hosp,quantile,0.01,51.36808744657214
06,2026-02-21,2,2026-03-07,wk inc flu hosp,quantile,0.01,505.7401732419177
08,2026-02-21,2,2026-03-07,wk inc flu hosp,quantile,0.01,24.47196656446394
09,2026-02-21,2,2026-03-07,wk inc flu hosp,quantile,0.01,0.0
10,2026-02-21,2,2026-03-07,wk inc flu hosp,quantile,0.01,0.0
11,2026-02-21,2,2026-03-07,wk inc flu hosp,quantile,0.01,0.0
12,2026-02-21,2,2026-03-07,wk inc flu hosp,quantile,0.01,713.8740147848822
13,2026-02-21,2,2026-03-07,wk inc flu hosp,quantile,0.01,144.30332225950045
15,2026-02-21,2,2026-03-07,wk inc flu hosp,quantile,0.01,1.2452863190911905
16,2026-02-21,2,2026-03-07,wk inc flu hosp,quantile,0.01,21.57631597490074
17,2026-02-21,2,2026-03-07,wk inc flu hosp,quantile,0.01,155.69009936276825
18,2026-02-21,2,2026-03-07,wk inc flu hosp,quantile,0.01,56.19201753896718
19,2026-02-21,2,2026-03-07,wk inc flu hosp,quantile,0.01,74.02023481665474
20,2026-02-21,2,2026-03-07,wk inc flu hosp,quantile,0.01,51.18951438053331
21,2026-02-21,2,2026-03-07,wk inc flu hosp,quantile,0.01,37.98819016907125
22,2026-02-21,2,2026-03-07,wk inc flu hosp,quantile,0.01,93.0523736677541
23,2026-02-21,2,2026-03-07,wk inc flu hosp,quantile,0.01,0.0051436820199818
24,2026-02-21,2,2026-03-07,wk inc flu hosp,quantile,0.01,1.2622589206377222
25,2026-02-21,2,2026-03-07,wk inc flu hosp,quantile,0.01,0.0
26,2026-02-21,2,2026-03-07,wk inc flu hosp,quantile,0.01,53.67673231213822
27,2026-02-21,2,2026-03-07,wk inc flu hosp,quantile,0.01,29.4690773207686
28,2026-02-21,2,2026-03-07,wk inc flu hosp,quantile,0.01,62.255766258957756
29,2026-02-21,2,2026-03-07,wk inc flu hosp,quantile,0.01,147.01898692019913
30,2026-02-21,2,2026-03-07,wk inc flu hosp,quantile,0.01,9.525130337429095
31,2026-02-21,2,2026-03-07,wk inc flu hosp,quantile,0.01,50.23809925111692
32,2026-02-21,2,2026-03-07,wk inc flu hosp,quantile,0.01,35.316811353761445
33,2026-02-21,2,2026-03-07,wk inc flu hosp,quantile,0.01,0.0
34,2026-02-21,2,2026-03-07,wk inc flu hosp,quantile,0.01,22.656833088748822
35,2026-02-21,2,2026-03-07,wk inc flu hosp,quantile,0.01,39.499366584585836
36,2026-02-21,2,2026-03-07,wk inc flu hosp,quantile,0.01,0.0
37,2026-02-21,2,2026-03-07,wk inc flu hosp,quantile,0.01,45.25896482742482
38,2026-02-21,2,2026-03-07,wk inc flu hosp,quantile,0.01,1.9739347855206093
39,2026-02-21,2,2026-03-07,wk inc flu hosp,quantile,0.01,115.47688865628069
40,2026-02-21,2,2026-03-07,wk inc flu hosp,quantile,0.01,71.40220570461764
41,2026-02-21,2,2026-03-07,wk inc flu hosp,quantile,0.01,31.987911650678235
42,2026-02-21,2,2026-03-07,wk inc flu hosp,quantile,0.01,193.37726589995344
44,2026-02-21,2,2026-03-07,wk inc flu hosp,quantile,0.01,0.0
45,2026-02-21,2,2026-03-07,wk inc flu hosp,quantile,0.01,60.328734264856706
46,2026-02-21,2,2026-03-07,wk inc flu hosp,quantile,0.01,3.2229147161908895
47,2026-02-21,2,2026-03-07,wk inc flu hosp,quantile,0.01,99.74089649516775
48,2026-02-21,2,2026-03-07,wk inc flu hosp,quantile,0.01,442.27017211564555
49,2026-02-21,2,2026-03-07,wk inc flu hosp,quantile,0.01,11.245287249988822
50,2026-02-21,2,2026-03-07,wk inc flu hosp,quantile,0.01,0.0
51,2026-02-21,2,2026-03-07,wk inc flu hosp,quantile,0.01,26.77549507182041
53,2026-02-21,2,2026-03-07,wk inc flu hosp,quantile,0.01,72.08568401318317
54,2026-02-21,2,2026-03-07,wk inc flu hosp,quantile,0.01,12.994946995584431
55,2026-02-21,2,2026-03-07,wk inc flu hosp,quantile,0.01,52.88048106692613
56,2026-02-21,2,2026-03-07,wk inc flu hosp,quantile,0.01,2.605344766286855
72,2026-02-21,2,2026-03-07,wk inc flu hosp,quantile,0.01,42.79330686621816
US,2026-02-21,2,2026-03-07,wk inc flu hosp,quantile,0.01,4162.913144592951
01,2026-02-21,3,2026-03-14,wk inc flu hosp,quantile,0.01,0.0
02,2026-02-21,3,2026-03-14,wk inc flu hosp,quantile,0.01,0.0
04,2026-02-21,3,2026-03-14,wk inc flu hosp,quantile,0.01,155.57163121869695
05,2026-02-21,3,2026-03-14,wk inc flu hosp,quantile,0.01,38.27783671527058
06,2026-02-21,3,2026-03-14,wk inc flu hosp,quantile,0.01,319.4692995649915
08,2026-02-21,3,2026-03-14,wk inc flu hosp,quantile,0.01,16.25416328252174
09,2026-02-21,3,2026-03-14,wk inc flu hosp,quantile,0.01,0.0
10,2026-02-21,3,2026-03-14,wk inc flu hosp,quantile,0.01,0.0
11,2026-02-21,3,2026-03-14,wk inc flu hosp,quantile,0.01,0.0
12,2026-02-21,3,2026-03-14,wk inc flu hosp,quantile,0.01,556.7062854275212
13,2026-02-21,3,2026-03-14,wk inc flu hosp,quantile,0.01,111.29429655819163
15,2026-02-21,3,2026-03-14,wk inc flu hosp,quantile,0.01,0.05780483250562011
16,2026-02-21,3,2026-03-14,wk inc flu hosp,quantile,0.01,15.839157143781843
17,2026-02-21,3,2026-03-14,wk inc flu hosp,quantile,0.01,113.19482333168797
18,2026-02-21,3,2026-03-14,wk inc flu hosp,quantile,0.01,36.46806723641924
19,2026-02-21,3,2026-03-14,wk inc flu hosp,quantile,0.01,52.31708298610926
20,2026-02-21,3,2026-03-14,wk inc flu hosp,quantile,0.01,36.897976008986205
21,2026-02-21,3,2026-03-14,wk inc flu hosp,quantile,0.01,22.127036496276688
22,2026-02-21,3,2026-03-14,wk inc flu hosp,quantile,0.01,68.53931863252433
23,2026-02-21,3,2026-03-14,wk inc flu hosp,quantile,0.01,0.0
24,2026-02-21,3,2026-03-14,wk inc flu hosp,quantile,0.01,0.0
25,2026-02-21,3,2026-03-14,wk inc flu hosp,quantile,0.01,0.0
26,2026-02-21,3,2026-03-14,wk inc flu hosp,quantile,0.01,34.79359037873116
27,2026-02-21,3,2026-03-14,wk inc flu hosp,quantile,0.01,17.73292665548739
28,2026-02-21,3,2026-03-14,wk inc flu hosp,quantile,0.01,49.78127147807222
29,2026-02-21,3,2026-03-14,wk inc flu hosp,quantile,0.01,105.91085370430899
30,2026-02-21,3,2026-03-14,wk inc flu hosp,quantile,0.01,5.720886713849921
31,2026-02-21,3,2026-03-14,wk inc flu hosp,quantile,0.01,38.00488239290715
32,2026-02-21,3,2026-03-14,wk inc flu hosp,quantile,0.01,26.93502278147866
33,2026-02-21,3,2026-03-14,wk inc flu hosp,quantile,0.01,0.0
34,2026-02-21,3,2026-03-14,wk inc flu hosp,quantile,0.01,9.677461033300942
35,2026-02-21,3,2026-03-14,wk inc flu hosp,quantile,0.01,30.393291926202163
36,2026-02-21,3,2026-03-14,wk inc flu hosp,quantile,0.01,0.0
37,2026-02-21,3,2026-03-14,wk inc flu hosp,quantile,0.01,18.579879709997424
38,2026-02-21,3,2026-03-14,wk inc flu hosp,quantile,0.01,0.06580717064996695
39,2026-02-21,3,2026-03-14,wk inc flu hosp,quantile,0.01,77.29016325623604
40,2026-02-21,3,2026-03-14,wk inc flu hosp,quantile,0.01,52.76713546687699
41,2026-02-21,3,2026-03-14,wk inc flu hosp,quantile,0.01,10.61662305190833
42,2026-02-21,3,2026-03-14,wk inc flu hosp,quantile,0.01,128.6420897696211
44,2026-02-21,3,2026-03-14,wk inc flu hosp,quantile,0.01,0.0
45,2026-02-21,3,2026-03-14,wk inc flu hosp,quantile,0.01,42.75667059270331
46,2026-02-21,3,2026-03-14,wk inc flu hosp,quantile,0.01,0.7877935171199647
47,2026-02-21,3,2026-03-14,wk inc flu hosp,quantile,0.01,73.05714323364073
48,2026-02-21,3,2026-03-14,wk inc flu hosp,quantile,0.01,335.281813865421
49,2026-02-21,3,2026-03-14,wk inc flu hosp,quantile,0.01,6.480221979880576
50,2026-02-21,3,2026-03-14,wk inc flu hosp,quantile,0.01,0.0
51,2026-02-21,3,2026-03-14,wk inc flu hosp,quantile,0.01,11.97606587697682
53,2026-02-21,3,2026-03-14,wk inc flu hosp,quantile,0.01,44.33521373682814
54,2026-02-21,3,2026-03-14,wk inc flu hosp,quantile,0.01,5.551684247350552
55,2026-02-21,3,2026-03-14,wk inc flu hosp,quantile,0.01,32.67816163353799
56,2026-02-21,3,2026-03-14,wk inc flu hosp,quantile,0.01,1.9967504500194642
72,2026-02-21,3,2026-03-14,wk inc flu hosp,quantile,0.01,32.22605433689007
US,2026-02-21,3,2026-03-14,wk inc flu hosp,quantile,0.01,3027.7958138214426
01,2026-02-21,0,2026-02-21,wk inc flu hosp,quantile,0.025,0.0
02,2026-02-21,0,2026-02-21,wk inc flu hosp,quantile,0.025,0.7455812278302515
04,2026-02-21,0,2026-02-21,wk inc flu hosp,quantile,0.025,296.4738041405783
05,2026-02-21,0,2026-02-21,wk inc flu hosp,quantile,0.025,104.57531912344061
06,2026-02-21,0,2026-02-21,wk inc flu hosp,quantile,0.025,1054.097655941088
08,2026-02-21,0,2026-02-21,wk inc flu hosp,quantile,0.025,52.831540535532895
09,2026-02-21,0,2026-02-21,wk inc flu hosp,quantile,0.025,5.864109501625207
10,2026-02-21,0,2026-02-21,wk inc flu hosp,quantile,0.025,8.042400398966722
11,2026-02-21,0,2026-02-21,wk inc flu hosp,quantile,0.025,0.0
12,2026-02-21,0,2026-02-21,wk inc flu hosp,quantile,0.025,1203.063766036994
13,2026-02-21,0,2026-02-21,wk inc flu hosp,quantile,0.025,231.40224833916656
15,2026-02-21,0,2026-02-21,wk inc flu hosp,quantile,0.025,7.937869422296338
16,2026-02-21,0,2026-02-21,wk inc flu hosp,quantile,0.025,50.128862511507755
17,2026-02-21,0,2026-02-21,wk inc flu hosp,quantile,0.025,273.43497214989054
18,2026-02-21,0,2026-02-21,wk inc flu hosp,quantile,0.025,137.30169029552437
19,2026-02-21,0,2026-02-21,wk inc flu hosp,quantile,0.025,133.69111776628725
20,2026-02-21,0,2026-02-21,wk inc flu hosp,quantile,0.025,103.21678961359486
21,2026-02-21,0,2026-02-21,wk inc flu hosp,quantile,0.025,96.23051915614255
22,2026-02-21,0,2026-02-21,wk inc flu hosp,quantile,0.025,172.3054949951772
23,2026-02-21,0,2026-02-21,wk inc flu hosp,quantile,0.025,14.721316660550935
24,2026-02-21,0,2026-02-21,wk inc flu hosp,quantile,0.025,23.178162592641762
25,2026-02-21,0,2026-02-21,wk inc flu hosp,quantile,0.025,21.119972852767035
26,2026-02-21,0,2026-02-21,wk inc flu hosp,quantile,0.025,124.69643866032075
27,2026-02-21,0,2026-02-21,wk inc flu hosp,quantile,0.025,75.79470391928402
28,2026-02-21,0,2026-02-21,wk inc flu hosp,quantile,0.025,112.43493949647338
29,2026-02-21,0,2026-02-21,wk inc flu hosp,quantile,0.025,269.57961280638847
30,2026-02-21,0,2026-02-21,wk inc flu hosp,quantile,0.025,31.502348749994123
31,2026-02-21,0,2026-02-21,wk inc flu hosp,quantile,0.025,78.003791768419
32,2026-02-21,0,2026-02-21,wk inc flu hosp,quantile,0.025,66.56761131969144
33,2026-02-21,0,2026-02-21,wk inc flu hosp,quantile,0.025,10.250622620571125
34,2026-02-21,0,2026-02-21,wk inc flu hosp,quantile,0.025,72.99525587765756
35,2026-02-21,0,2026-02-21,wk inc flu hosp,quantile,0.025,74.81705944819944
36,2026-02-21,0,2026-02-21,wk inc flu hosp,quantile,0.025,52.91194991592882
37,2026-02-21,0,2026-02-21,wk inc flu hosp,quantile,0.025,125.84204941640743
38,2026-02-21,0,2026-02-21,wk inc flu hosp,quantile,0.025,13.453693911628834
39,2026-02-21,0,2026-02-21,wk inc flu hosp,quantile,0.025,245.59456863611328
40,2026-02-21,0,2026-02-21,wk inc flu hosp,quantile,0.025,136.576395184089
41,2026-02-21,0,2026-02-21,wk inc flu hosp,quantile,0.025,147.57509553050906
42,2026-02-21,0,2026-02-21,wk inc flu hosp,quantile,0.025,415.38749621577114
44,2026-02-21,0,2026-02-21,wk inc flu hosp,quantile,0.025,2.637482148424327
45,2026-02-21,0,2026-02-21,wk inc flu hosp,quantile,0.025,124.34486929792615
46,2026-02-21,0,2026-02-21,wk inc flu hosp,quantile,0.025,17.56083740686133
47,2026-02-21,0,2026-02-21,wk inc flu hosp,quantile,0.025,190.2518078826027
48,2026-02-21,0,2026-02-21,wk inc flu hosp,quantile,0.025,765.0503508825431
49,2026-02-21,0,2026-02-21,wk inc flu hosp,quantile,0.025,33.1574811701681
50,2026-02-21,0,2026-02-21,wk inc flu hosp,quantile,0.025,5.905710580643107
51,2026-02-21,0,2026-02-21,wk inc flu hosp,quantile,0.025,99.38850871316018
53,2026-02-21,0,2026-02-21,wk inc flu hosp,quantile,0.025,162.7417254782026
54,2026-02-21,0,2026-02-21,wk inc flu hosp,quantile,0.025,52.68946880119341
55,2026-02-21,0,2026-02-21,wk inc flu hosp,quantile,0.025,114.57018403509879
56,2026-02-21,0,2026-02-21,wk inc flu hosp,quantile,0.025,8.73915636697275
72,2026-02-21,0,2026-02-21,wk inc flu hosp,quantile,0.025,87.95630399292905
US,2026-02-21,0,2026-02-21,wk inc flu hosp,quantile,0.025,8027.277167810659
01,2026-02-21,1,2026-02-28,wk inc flu hosp,quantile,0.025,0.0
02,2026-02-21,1,2026-02-28,wk inc flu hosp,quantile,0.025,0.0
04,2026-02-21,1,2026-02-28,wk inc flu hosp,quantile,0.025,263.9047952397731
05,2026-02-21,1,2026-02-28,wk inc flu hosp,quantile,0.025,83.92405165372634
06,2026-02-21,1,2026-02-28,wk inc flu hosp,quantile,0.025,806.1678267317786
08,2026-02-21,1,2026-02-28,wk inc flu hosp,quantile,0.025,44.09608927414694
09,2026-02-21,1,2026-02-28,wk inc flu hosp,quantile,0.025,0.0
10,2026-02-21,1,2026-02-28,wk inc flu hosp,quantile,0.025,2.7631770603908006
11,2026-02-21,1,2026-02-28,wk inc flu hosp,quantile,0.025,0.0
12,2026-02-21,1,2026-02-28,wk inc flu hosp,quantile,0.025,1077.4605821476887
13,2026-02-21,1,2026-02-28,wk inc flu hosp,quantile,0.025,206.47096483286347
15,2026-02-21,1,2026-02-28,wk inc flu hosp,quantile,0.025,5.257577651838464
16,2026-02-21,1,2026-02-28,wk inc flu hosp,quantile,0.025,39.583669320093485
17,2026-02-21,1,2026-02-28,wk inc flu hosp,quantile,0.025,237.7318539197272
18,2026-02-21,1,2026-02-28,wk inc flu hosp,quantile,0.025,93.87965332044175
19,2026-02-21,1,2026-02-28,wk inc flu hosp,quantile,0.025,113.31851812124314
20,2026-02-21,1,2026-02-28,wk inc flu hosp,quantile,0.025,83.05853360698013
21,2026-02-21,1,2026-02-28,wk inc flu hosp,quantile,0.025,63.77037581128778
22,2026-02-21,1,2026-02-28,wk inc flu hosp,quantile,0.025,142.24532907020256
23,2026-02-21,1,2026-02-28,wk inc flu hosp,quantile,0.025,7.266614171749506
24,2026-02-21,1,2026-02-28,wk inc flu hosp,quantile,0.025,14.796459865905
25,2026-02-21,1,2026-02-28,wk inc flu hosp,quantile,0.025,4.9051921162308165
26,2026-02-21,1,2026-02-28,wk inc flu hosp,quantile,0.025,97.7477404962753
27,2026-02-21,1,2026-02-28,wk inc flu hosp,quantile,0.025,61.650173927342955
28,2026-02-21,1,2026-02-28,wk inc flu hosp,quantile,0.025,95.03840090844496
29,2026-02-21,1,2026-02-28,wk inc flu hosp,quantile,0.025,228.67772807878535
30,2026-02-21,1,2026-02-28,wk inc flu hosp,quantile,0.025,20.96876682970118
31,2026-02-21,1,2026-02-28,wk inc flu hosp,quantile,0.025,67.54163943183043
32,2026-02-21,1,2026-02-28,wk inc flu hosp,quantile,0.025,55.86742717633308
33,2026-02-21,1,2026-02-28,wk inc flu hosp,quantile,0.025,6.961515298488509
34,2026-02-21,1,2026-02-28,wk inc flu hosp,quantile,0.025,53.43164972975264
35,2026-02-21,1,2026-02-28,wk inc flu hosp,quantile,0.025,64.71261619039589
36,2026-02-21,1,2026-02-28,wk inc flu hosp,quantile,0.025,23.60304004668545
37,2026-02-21,1,2026-02-28,wk inc flu hosp,quantile,0.025,84.0894942713803
38,2026-02-21,1,2026-02-28,wk inc flu hosp,quantile,0.025,7.678733649422768
39,2026-02-21,1,2026-02-28,wk inc flu hosp,quantile,0.025,198.7515930996584
40,2026-02-21,1,2026-02-28,wk inc flu hosp,quantile,0.025,111.41971384490151
41,2026-02-21,1,2026-02-28,wk inc flu hosp,quantile,0.025,93.7568002307519
42,2026-02-21,1,2026-02-28,wk inc flu hosp,quantile,0.025,327.0958560587691
44,2026-02-21,1,2026-02-28,wk inc flu hosp,quantile,0.025,0.5311101946102998
45,2026-02-21,1,2026-02-28,wk inc flu hosp,quantile,0.025,99.14645801212251
46,2026-02-21,1,2026-02-28,wk inc flu hosp,quantile,0.025,10.970352496888097
47,2026-02-21,1,2026-02-28,wk inc flu hosp,quantile,0.025,150.4968817679583
48,2026-02-21,1,2026-02-28,wk inc flu hosp,quantile,0.025,645.6963161580824
49,2026-02-21,1,2026-02-28,wk inc flu hosp,quantile,0.025,24.817274949277284
50,2026-02-21,1,2026-02-28,wk inc flu hosp,quantile,0.025,3.099649039636879
51,2026-02-21,1,2026-02-28,wk inc flu hosp,quantile,0.025,62.18860177446256
53,2026-02-21,1,2026-02-28,wk inc flu hosp,quantile,0.025,120.37673924580906
54,2026-02-21,1,2026-02-28,wk inc flu hosp,quantile,0.025,33.804702436777696
55,2026-02-21,1,2026-02-28,wk inc flu hosp,quantile,0.025,95.43836627269067
56,2026-02-21,1,2026-02-28,wk inc flu hosp,quantile,0.025,6.785639148395841
72,2026-02-21,1,2026-02-28,wk inc flu hosp,quantile,0.025,68.38474035613022
US,2026-02-21,1,2026-02-28,wk inc flu hosp,quantile,0.025,6555.508112714965
01,2026-02-21,2,2026-03-07,wk inc flu hosp,quantile,0.025,0.0
02,2026-02-21,2,2026-03-07,wk inc flu hosp,quantile,0.025,0.0
04,2026-02-21,2,2026-03-07,wk inc flu hosp,quantile,0.025,242.32529539645373
05,2026-02-21,2,2026-03-07,wk inc flu hosp,quantile,0.025,65.15329658218592
06,2026-02-21,2,2026-03-07,wk inc flu hosp,quantile,0.025,578.3242865391538
08,2026-02-21,2,2026-03-07,wk inc flu hosp,quantile,0.025,33.514259150608765
09,2026-02-21,2,2026-03-07,wk inc flu hosp,quantile,0.025,0.0
10,2026-02-21,2,2026-03-07,wk inc flu hosp,quantile,0.025,0.0
11,2026-02-21,2,2026-03-07,wk inc flu hosp,quantile,0.025,0.0
12,2026-02-21,2,2026-03-07,wk inc flu hosp,quantile,0.025,894.0505928447367
13,2026-02-21,2,2026-03-07,wk inc flu hosp,quantile,0.025,176.3577751954689
15,2026-02-21,2,2026-03-07,wk inc flu hosp,quantile,0.025,2.6986675943099794
16,2026-02-21,2,2026-03-07,wk inc flu hosp,quantile,0.025,29.108890410997308
17,2026-02-21,2,2026-03-07,wk inc flu hosp,quantile,0.025,190.60203262094288
18,2026-02-21,2,2026-03-07,wk inc flu hosp,quantile,0.025,63.18991574603412
19,2026-02-21,2,2026-03-07,wk inc flu hosp,quantile,0.025,90.27089674299704
20,2026-02-21,2,2026-03-07,wk inc flu hosp,quantile,0.025,64.3019606399089
21,2026-02-21,2,2026-03-07,wk inc flu hosp,quantile,0.025,41.873692013180666
22,2026-02-21,2,2026-03-07,wk inc flu hosp,quantile,0.025,111.71813059561659
23,2026-02-21,2,2026-03-07,wk inc flu hosp,quantile,0.025,1.8662847813653998
24,2026-02-21,2,2026-03-07,wk inc flu hosp,quantile,0.025,7.316041115821483
25,2026-02-21,2,2026-03-07,wk inc flu hosp,quantile,0.025,0.0
26,2026-02-21,2,2026-03-07,wk inc flu hosp,quantile,0.025,71.62869253110009
27,2026-02-21,2,2026-03-07,wk inc flu hosp,quantile,0.025,45.815459443336316
28,2026-02-21,2,2026-03-07,wk inc flu hosp,quantile,0.025,80.11267451150685
29,2026-02-21,2,2026-03-07,wk inc flu hosp,quantile,0.025,180.47802891609092
30,2026-02-21,2,2026-03-07,wk inc flu hosp,quantile,0.025,12.94988966750744
31,2026-02-21,2,2026-03-07,wk inc flu hosp,quantile,0.025,51.90973256412298
32,2026-02-21,2,2026-03-07,wk inc flu hosp,quantile,0.025,46.62036769298577
33,2026-02-21,2,2026-03-07,wk inc flu hosp,quantile,0.025,3.252014609457522
34,2026-02-21,2,2026-03-07,wk inc flu hosp,quantile,0.025,34.11323692724656
35,2026-02-21,2,2026-03-07,wk inc flu hosp,quantile,0.025,53.79096631889971
36,2026-02-21,2,2026-03-07,wk inc flu hosp,quantile,0.025,0.0
37,2026-02-21,2,2026-03-07,wk inc flu hosp,quantile,0.025,55.383339880029354
38,2026-02-21,2,2026-03-07,wk inc flu hosp,quantile,0.025,3.011654946203699
39,2026-02-21,2,2026-03-07,wk inc flu hosp,quantile,0.025,148.14495505449707
40,2026-02-21,2,2026-03-07,wk inc flu hosp,quantile,0.025,89.31641846080502
41,2026-02-21,2,2026-03-07,wk inc flu hosp,quantile,0.025,42.7251870754545
42,2026-02-21,2,2026-03-07,wk inc flu hosp,quantile,0.025,236.804209796255
44,2026-02-21,2,2026-03-07,wk inc flu hosp,quantile,0.025,0.0
45,2026-02-21,2,2026-03-07,wk inc flu hosp,quantile,0.025,77.50340357669829
46,2026-02-21,2,2026-03-07,wk inc flu hosp,quantile,0.025,5.756460461812331
47,2026-02-21,2,2026-03-07,wk inc flu hosp,quantile,0.025,116.0480693120019
48,2026-02-21,2,2026-03-07,wk inc flu hosp,quantile,0.025,534.0973114774837
49,2026-02-21,2,2026-03-07,wk inc flu hosp,quantile,0.025,18.529818186971806
50,2026-02-21,2,2026-03-07,wk inc flu hosp,quantile,0.025,1.0350177844714976
51,2026-02-21,2,2026-03-07,wk inc flu hosp,quantile,0.025,38.19223054340465
53,2026-02-21,2,2026-03-07,wk inc flu hosp,quantile,0.025,84.88902144221645
54,2026-02-21,2,2026-03-07,wk inc flu hosp,quantile,0.025,18.500385232102428
55,2026-02-21,2,2026-03-07,wk inc flu hosp,quantile,0.025,71.03247870502358
56,2026-02-21,2,2026-03-07,wk inc flu hosp,quantile,0.025,4.985361129707434
72,2026-02-21,2,2026-03-07,wk inc flu hosp,quantile,0.025,51.33186314616174
US,2026-02-21,2,2026-03-07,wk inc flu hosp,quantile,0.025,5234.0806708334385
01,2026-02-21,3,2026-03-14,wk inc flu hosp,quantile,0.025,0.0
02,2026-02-21,3,2026-03-14,wk inc flu hosp,quantile,0.025,0.0
04,2026-02-21,3,2026-03-14,wk inc flu hosp,quantile,0.025,216.55420467772555
05,2026-02-21,3,2026-03-14,wk inc flu hosp,quantile,0.025,50.240367495887746
06,2026-02-21,3,2026-03-14,wk inc flu hosp,quantile,0.025,391.1100954116292
08,2026-02-21,3,2026-03-14,wk inc flu hosp,quantile,0.025,25.433317068280658
09,2026-02-21,3,2026-03-14,wk inc flu hosp,quantile,0.025,0.0
10,2026-02-21,3,2026-03-14,wk inc flu hosp,quantile,0.025,0.0
11,2026-02-21,3,2026-03-14,wk inc flu hosp,quantile,0.025,0.0
12,2026-02-21,3,2026-03-14,wk inc flu hosp,quantile,0.025,740.0401397095961
13,2026-02-21,3,2026-03-14,wk inc flu hosp,quantile,0.025,147.6161916505116
15,2026-02-21,3,2026-03-14,wk inc flu hosp,quantile,0.025,1.4984396818944135
16,2026-02-21,3,2026-03-14,wk inc flu hosp,quantile,0.025,21.829891868105666
17,2026-02-21,3,2026-03-14,wk inc flu hosp,quantile,0.025,142.44524195881928
18,2026-02-21,3,2026-03-14,wk inc flu hosp,quantile,0.025,40.04104145164673
19,2026-02-21,3,2026-03-14,wk inc flu hosp,quantile,0.025,64.48975293980682
20,2026-02-21,3,2026-03-14,wk inc flu hosp,quantile,0.025,44.76743578387633
21,2026-02-21,3,2026-03-14,wk inc flu hosp,quantile,0.025,24.19768342040856
22,2026-02-21,3,2026-03-14,wk inc flu hosp,quantile,0.025,82.10151447848473
23,2026-02-21,3,2026-03-14,wk inc flu hosp,quantile,0.025,0.0
24,2026-02-21,3,2026-03-14,wk inc flu hosp,quantile,0.025,2.7496103600504123
25,2026-02-21,3,2026-03-14,wk inc flu hosp,quantile,0.025,0.0
26,2026-02-21,3,2026-03-14,wk inc flu hosp,quantile,0.025,51.12636411145757
27,2026-02-21,3,2026-03-14,wk inc flu hosp,quantile,0.025,31.99830485616624
28,2026-02-21,3,2026-03-14,wk inc flu hosp,quantile,0.025,69.14143965099551
29,2026-02-21,3,2026-03-14,wk inc flu hosp,quantile,0.025,136.1023170369558
30,2026-02-21,3,2026-03-14,wk inc flu hosp,quantile,0.025,6.6666199787633555
31,2026-02-21,3,2026-03-14,wk inc flu hosp,quantile,0.025,38.4245321557378
32,2026-02-21,3,2026-03-14,wk inc flu hosp,quantile,0.025,37.75259706131983
33,2026-02-21,3,2026-03-14,wk inc flu hosp,quantile,0.025,1.1375163204999668
34,2026-02-21,3,2026-03-14,wk inc flu hosp,quantile,0.025,17.636682797608337
35,2026-02-21,3,2026-03-14,wk inc flu hosp,quantile,0.025,44.531210415241056
36,2026-02-21,3,2026-03-14,wk inc flu hosp,quantile,0.025,0.0
37,2026-02-21,3,2026-03-14,wk inc flu hosp,quantile,0.025,24.12765417858618
38,2026-02-21,3,2026-03-14,wk inc flu hosp,quantile,0.025,0.27011604551692164
39,2026-02-21,3,2026-03-14,wk inc flu hosp,quantile,0.025,101.14662798781812
40,2026-02-21,3,2026-03-14,wk inc flu hosp,quantile,0.025,71.26115317356226
41,2026-02-21,3,2026-03-14,wk inc flu hosp,quantile,0.025,16.939978624261517
42,2026-02-21,3,2026-03-14,wk inc flu hosp,quantile,0.025,168.8643576585985
44,2026-02-21,3,2026-03-14,wk inc flu hosp,quantile,0.025,0.0
45,2026-02-21,3,2026-03-14,wk inc flu hosp,quantile,0.025,55.57887439810128
46,2026-02-21,3,2026-03-14,wk inc flu hosp,quantile,0.025,2.3129114545028564
47,2026-02-21,3,2026-03-14,wk inc flu hosp,quantile,0.025,88.32950338769497
48,2026-02-21,3,2026-03-14,wk inc flu hosp,quantile,0.025,431.2278941663932
49,2026-02-21,3,2026-03-14,wk inc flu hosp,quantile,0.025,13.11129798171204
50,2026-02-21,3,2026-03-14,wk inc flu hosp,quantile,0.025,0.0
51,2026-02-21,3,2026-03-14,wk inc flu hosp,quantile,0.025,19.118220500805794
53,2026-02-21,3,2026-03-14,wk inc flu hosp,quantile,0.025,53.406081125813614
54,2026-02-21,3,2026-03-14,wk inc flu hosp,quantile,0.025,7.156737352717449
55,2026-02-21,3,2026-03-14,wk inc flu hosp,quantile,0.025,51.4005483938824
56,2026-02-21,3,2026-03-14,wk inc flu hosp,quantile,0.025,4.360144889598112
72,2026-02-21,3,2026-03-14,wk inc flu hosp,quantile,0.025,39.31002970395176
US,2026-02-21,3,2026-03-14,wk inc flu hosp,quantile,0.025,3801.5321290024804
01,2026-02-21,0,2026-02-21,wk inc flu hosp,quantile,0.05,0.0
02,2026-02-21,0,2026-02-21,wk inc flu hosp,quantile,0.05,1.4015051412380477
04,2026-02-21,0,2026-02-21,wk inc flu hosp,quantile,0.05,338.19103549699537
05,2026-02-21,0,2026-02-21,wk inc flu hosp,quantile,0.05,119.96220747836666
06,2026-02-21,0,2026-02-21,wk inc flu hosp,quantile,0.05,1114.933399609206
08,2026-02-21,0,2026-02-21,wk inc flu hosp,quantile,0.05,64.59865605586472
09,2026-02-21,0,2026-02-21,wk inc flu hosp,quantile,0.05,11.134441141095632
10,2026-02-21,0,2026-02-21,wk inc flu hosp,quantile,0.05,10.523716111592439
11,2026-02-21,0,2026-02-21,wk inc flu hosp,quantile,0.05,0.0
12,2026-02-21,0,2026-02-21,wk inc flu hosp,quantile,0.05,1366.3032106671085
13,2026-02-21,0,2026-02-21,wk inc flu hosp,quantile,0.05,266.7283711116743
15,2026-02-21,0,2026-02-21,wk inc flu hosp,quantile,0.05,10.016992284750781
16,2026-02-21,0,2026-02-21,wk inc flu hosp,quantile,0.05,57.837443089457395
17,2026-02-21,0,2026-02-21,wk inc flu hosp,quantile,0.05,310.90785244437484
18,2026-02-21,0,2026-02-21,wk inc flu hosp,quantile,0.05,149.01394949083146
19,2026-02-21,0,2026-02-21,wk inc flu hosp,quantile,0.05,153.376659554437
20,2026-02-21,0,2026-02-21,wk inc flu hosp,quantile,0.05,119.5857958203499
21,2026-02-21,0,2026-02-21,wk inc flu hosp,quantile,0.05,108.73659287243905
22,2026-02-21,0,2026-02-21,wk inc flu hosp,quantile,0.05,188.4183346613322
23,2026-02-21,0,2026-02-21,wk inc flu hosp,quantile,0.05,18.233421756972955
24,2026-02-21,0,2026-02-21,wk inc flu hosp,quantile,0.05,33.291023233182464
25,2026-02-21,0,2026-02-21,wk inc flu hosp,quantile,0.05,25.148940282467375
26,2026-02-21,0,2026-02-21,wk inc flu hosp,quantile,0.05,150.9925655190158
27,2026-02-21,0,2026-02-21,wk inc flu hosp,quantile,0.05,95.84525674151847
28,2026-02-21,0,2026-02-21,wk inc flu hosp,quantile,0.05,136.74096148579963
29,2026-02-21,0,2026-02-21,wk inc flu hosp,quantile,0.05,283.81397906310286
30,2026-02-21,0,2026-02-21,wk inc flu hosp,quantile,0.05,35.902102016016634
31,2026-02-21,0,2026-02-21,wk inc flu hosp,quantile,0.05,86.86999002757508
32,2026-02-21,0,2026-02-21,wk inc flu hosp,quantile,0.05,76.93257713328408
33,2026-02-21,0,2026-02-21,wk inc flu hosp,quantile,0.05,14.101416467275607
34,2026-02-21,0,2026-02-21,wk inc flu hosp,quantile,0.05,97.65197169351501
35,2026-02-21,0,2026-02-21,wk inc flu hosp,quantile,0.05,87.17080185121269
36,2026-02-21,0,2026-02-21,wk inc flu hosp,quantile,0.05,80.6578848810664
37,2026-02-21,0,2026-02-21,wk inc flu hosp,quantile,0.05,142.26983875478106
38,2026-02-21,0,2026-02-21,wk inc flu hosp,quantile,0.05,15.688434700440158
39,2026-02-21,0,2026-02-21,wk inc flu hosp,quantile,0.05,292.31054441257936
40,2026-02-21,0,2026-02-21,wk inc flu hosp,quantile,0.05,152.52204082169433
41,2026-02-21,0,2026-02-21,wk inc flu hosp,quantile,0.05,160.17610070857742
42,2026-02-21,0,2026-02-21,wk inc flu hosp,quantile,0.05,482.41142270530196
44,2026-02-21,0,2026-02-21,wk inc flu hosp,quantile,0.05,4.971917733277125
45,2026-02-21,0,2026-02-21,wk inc flu hosp,quantile,0.05,144.56792228205973
46,2026-02-21,0,2026-02-21,wk inc flu hosp,quantile,0.05,20.94999821666378
47,2026-02-21,0,2026-02-21,wk inc flu hosp,quantile,0.05,208.21196824324932
48,2026-02-21,0,2026-02-21,wk inc flu hosp,quantile,0.05,840.1985458125577
49,2026-02-21,0,2026-02-21,wk inc flu hosp,quantile,0.05,40.60641318752029
50,2026-02-21,0,2026-02-21,wk inc flu hosp,quantile,0.05,7.303364747854276
51,2026-02-21,0,2026-02-21,wk inc flu hosp,quantile,0.05,115.09111525973104
53,2026-02-21,0,2026-02-21,wk inc flu hosp,quantile,0.05,170.76167905235283
54,2026-02-21,0,2026-02-21,wk inc flu hosp,quantile,0.05,66.36507450267385
55,2026-02-21,0,2026-02-21,wk inc flu hosp,quantile,0.05,138.07019515927155
56,2026-02-21,0,2026-02-21,wk inc flu hosp,quantile,0.05,10.139276809672243
72,2026-02-21,0,2026-02-21,wk inc flu hosp,quantile,0.05,95.66128182552234
US,2026-02-21,0,2026-02-21,wk inc flu hosp,quantile,0.05,9093.598867912177
01,2026-02-21,1,2026-02-28,wk inc flu hosp,quantile,0.05,0.0
02,2026-02-21,1,2026-02-28,wk inc flu hosp,quantile,0.05,0.0
04,2026-02-21,1,2026-02-28,wk inc flu hosp,quantile,0.05,308.61609115167806
05,2026-02-21,1,2026-02-28,wk inc flu hosp,quantile,0.05,94.07668017840798
06,2026-02-21,1,2026-02-28,wk inc flu hosp,quantile,0.05,852.3538642138575
08,2026-02-21,1,2026-02-28,wk inc flu hosp,quantile,0.05,55.10765851016285
09,2026-02-21,1,2026-02-28,wk inc flu hosp,quantile,0.05,3.414598358663482
10,2026-02-21,1,2026-02-28,wk inc flu hosp,quantile,0.05,3.6695046208109656
11,2026-02-21,1,2026-02-28,wk inc flu hosp,quantile,0.05,0.0
12,2026-02-21,1,2026-02-28,wk inc flu hosp,quantile,0.05,1205.2378799972028
13,2026-02-21,1,2026-02-28,wk inc flu hosp,quantile,0.05,238.61924483596871
15,2026-02-21,1,2026-02-28,wk inc flu hosp,quantile,0.05,6.926669008896229
16,2026-02-21,1,2026-02-28,wk inc flu hosp,quantile,0.05,43.571812446412984
17,2026-02-21,1,2026-02-28,wk inc flu hosp,quantile,0.05,268.5475128722302
18,2026-02-21,1,2026-02-28,wk inc flu hosp,quantile,0.05,99.18207862582027
19,2026-02-21,1,2026-02-28,wk inc flu hosp,quantile,0.05,122.63838565781754
20,2026-02-21,1,2026-02-28,wk inc flu hosp,quantile,0.05,96.53721259267131
21,2026-02-21,1,2026-02-28,wk inc flu hosp,quantile,0.05,72.92891531910794
22,2026-02-21,1,2026-02-28,wk inc flu hosp,quantile,0.05,151.91633850211008
23,2026-02-21,1,2026-02-28,wk inc flu hosp,quantile,0.05,9.10187489156392
24,2026-02-21,1,2026-02-28,wk inc flu hosp,quantile,0.05,23.08545990098817
25,2026-02-21,1,2026-02-28,wk inc flu hosp,quantile,0.05,8.131351604207307
26,2026-02-21,1,2026-02-28,wk inc flu hosp,quantile,0.05,117.78584666268965
27,2026-02-21,1,2026-02-28,wk inc flu hosp,quantile,0.05,78.60618643377619
28,2026-02-21,1,2026-02-28,wk inc flu hosp,quantile,0.05,115.65481806843314
29,2026-02-21,1,2026-02-28,wk inc flu hosp,quantile,0.05,233.96525290814085
30,2026-02-21,1,2026-02-28,wk inc flu hosp,quantile,0.05,24.064416381742625
31,2026-02-21,1,2026-02-28,wk inc flu hosp,quantile,0.05,75.46766573284141
32,2026-02-21,1,2026-02-28,wk inc flu hosp,quantile,0.05,66.73464269625202
33,2026-02-21,1,2026-02-28,wk inc flu hosp,quantile,0.05,9.629209424495798
34,2026-02-21,1,2026-02-28,wk inc flu hosp,quantile,0.05,73.23694393978315
35,2026-02-21,1,2026-02-28,wk inc flu hosp,quantile,0.05,74.51990839663159
36,2026-02-21,1,2026-02-28,wk inc flu hosp,quantile,0.05,44.921343902096694
37,2026-02-21,1,2026-02-28,wk inc flu hosp,quantile,0.05,91.29693705939951
38,2026-02-21,1,2026-02-28,wk inc flu hosp,quantile,0.05,8.521328614806242
39,2026-02-21,1,2026-02-28,wk inc flu hosp,quantile,0.05,230.1190507145423
40,2026-02-21,1,2026-02-28,wk inc flu hosp,quantile,0.05,126.90352535906105
41,2026-02-21,1,2026-02-28,wk inc flu hosp,quantile,0.05,107.8705225484751
42,2026-02-21,1,2026-02-28,wk inc flu hosp,quantile,0.05,373.60149411091385
44,2026-02-21,1,2026-02-28,wk inc flu hosp,quantile,0.05,2.2110314735487906
45,2026-02-21,1,2026-02-28,wk inc flu hosp,quantile,0.05,108.2504007970393
46,2026-02-21,1,2026-02-28,wk inc flu hosp,quantile,0.05,12.783495385946924
47,2026-02-21,1,2026-02-28,wk inc flu hosp,quantile,0.05,161.06984860424555
48,2026-02-21,1,2026-02-28,wk inc flu hosp,quantile,0.05,704.9353034726274
49,2026-02-21,1,2026-02-28,wk inc flu hosp,quantile,0.05,30.279568470589478
50,2026-02-21,1,2026-02-28,wk inc flu hosp,quantile,0.05,3.8347907390649483
51,2026-02-21,1,2026-02-28,wk inc flu hosp,quantile,0.05,76.52594239680548
53,2026-02-21,1,2026-02-28,wk inc flu hosp,quantile,0.05,127.93716705560738
54,2026-02-21,1,2026-02-28,wk inc flu hosp,quantile,0.05,42.68250311551225
55,2026-02-21,1,2026-02-28,wk inc flu hosp,quantile,0.05,114.20380541472923
56,2026-02-21,1,2026-02-28,wk inc flu hosp,quantile,0.05,7.963454222092653
72,2026-02-21,1,2026-02-28,wk inc flu hosp,quantile,0.05,75.47705421941977
US,2026-02-21,1,2026-02-28,wk inc flu hosp,quantile,0.05,7291.882201203172
01,2026-02-21,2,2026-03-07,wk inc flu hosp,quantile,0.05,0.0
02,2026-02-21,2,2026-03-07,wk inc flu hosp,quantile,0.05,0.0
04,2026-02-21,2,2026-03-07,wk inc flu hosp,quantile,0.05,285.21806817373675
05,2026-02-21,2,2026-03-07,wk inc flu hosp,quantile,0.05,75.44712036427775
06,2026-02-21,2,2026-03-07,wk inc flu hosp,quantile,0.05,610.7868133814665
08,2026-02-21,2,2026-03-07,wk inc flu hosp,quantile,0.05,43.645955319304264
09,2026-02-21,2,2026-03-07,wk inc flu hosp,quantile,0.05,0.0
10,2026-02-21,2,2026-03-07,wk inc flu hosp,quantile,0.05,0.0
11,2026-02-21,2,2026-03-07,wk inc flu hosp,quantile,0.05,0.0
12,2026-02-21,2,2026-03-07,wk inc flu hosp,quantile,0.05,1019.2289820834674
13,2026-02-21,2,2026-03-07,wk inc flu hosp,quantile,0.05,205.03315437637391
15,2026-02-21,2,2026-03-07,wk inc flu hosp,quantile,0.05,4.298233309592184
16,2026-02-21,2,2026-03-07,wk inc flu hosp,quantile,0.05,32.55697844435057
17,2026-02-21,2,2026-03-07,wk inc flu hosp,quantile,0.05,215.1237690636012
18,2026-02-21,2,2026-03-07,wk inc flu hosp,quantile,0.05,65.17007312974268
19,2026-02-21,2,2026-03-07,wk inc flu hosp,quantile,0.05,97.80599115755594
20,2026-02-21,2,2026-03-07,wk inc flu hosp,quantile,0.05,73.106003693939
21,2026-02-21,2,2026-03-07,wk inc flu hosp,quantile,0.05,49.737020314137105
22,2026-02-21,2,2026-03-07,wk inc flu hosp,quantile,0.05,119.05419270066068
23,2026-02-21,2,2026-03-07,wk inc flu hosp,quantile,0.05,2.830067848498584
24,2026-02-21,2,2026-03-07,wk inc flu hosp,quantile,0.05,14.763934248770843
25,2026-02-21,2,2026-03-07,wk inc flu hosp,quantile,0.05,0.0
26,2026-02-21,2,2026-03-07,wk inc flu hosp,quantile,0.05,87.35349894998362
27,2026-02-21,2,2026-03-07,wk inc flu hosp,quantile,0.05,60.6087610616951
28,2026-02-21,2,2026-03-07,wk inc flu hosp,quantile,0.05,101.17110417770725
29,2026-02-21,2,2026-03-07,wk inc flu hosp,quantile,0.05,182.58530292084154
30,2026-02-21,2,2026-03-07,wk inc flu hosp,quantile,0.05,13.60551847327053
31,2026-02-21,2,2026-03-07,wk inc flu hosp,quantile,0.05,57.974202339891626
32,2026-02-21,2,2026-03-07,wk inc flu hosp,quantile,0.05,54.68124018129167
33,2026-02-21,2,2026-03-07,wk inc flu hosp,quantile,0.05,4.856869546571755
34,2026-02-21,2,2026-03-07,wk inc flu hosp,quantile,0.05,51.34620772983558
35,2026-02-21,2,2026-03-07,wk inc flu hosp,quantile,0.05,64.3409899877338
36,2026-02-21,2,2026-03-07,wk inc flu hosp,quantile,0.05,19.216770518686136
37,2026-02-21,2,2026-03-07,wk inc flu hosp,quantile,0.05,55.82044195915255
38,2026-02-21,2,2026-03-07,wk inc flu hosp,quantile,0.05,3.253046731703884
39,2026-02-21,2,2026-03-07,wk inc flu hosp,quantile,0.05,169.6014214801328
40,2026-02-21,2,2026-03-07,wk inc flu hosp,quantile,0.05,103.46604560625501
41,2026-02-21,2,2026-03-07,wk inc flu hosp,quantile,0.05,58.194520283640074
42,2026-02-21,2,2026-03-07,wk inc flu hosp,quantile,0.05,264.4173318290925
44,2026-02-21,2,2026-03-07,wk inc flu hosp,quantile,0.05,0.012787989891250065
45,2026-02-21,2,2026-03-07,wk inc flu hosp,quantile,0.05,81.1377182337541
46,2026-02-21,2,2026-03-07,wk inc flu hosp,quantile,0.05,5.925248491390255
47,2026-02-21,2,2026-03-07,wk inc flu hosp,quantile,0.05,122.4092291165693
48,2026-02-21,2,2026-03-07,wk inc flu hosp,quantile,0.05,597.1839220152953
49,2026-02-21,2,2026-03-07,wk inc flu hosp,quantile,0.05,23.63885098699899
50,2026-02-21,2,2026-03-07,wk inc flu hosp,quantile,0.05,1.270738638890501
51,2026-02-21,2,2026-03-07,wk inc flu hosp,quantile,0.05,49.155775141350354
53,2026-02-21,2,2026-03-07,wk inc flu hosp,quantile,0.05,87.64598306734102
54,2026-02-21,2,2026-03-07,wk inc flu hosp,quantile,0.05,22.332395522968206
55,2026-02-21,2,2026-03-07,wk inc flu hosp,quantile,0.05,85.94930268965132
56,2026-02-21,2,2026-03-07,wk inc flu hosp,quantile,0.05,6.342423627411668
72,2026-02-21,2,2026-03-07,wk inc flu hosp,quantile,0.05,56.4349894162577
US,2026-02-21,2,2026-03-07,wk inc flu hosp,quantile,0.05,5833.888840087561
01,2026-02-21,3,2026-03-14,wk inc flu hosp,quantile,0.05,0.0
02,2026-02-21,3,2026-03-14,wk inc flu hosp,quantile,0.05,0.0
04,2026-02-21,3,2026-03-14,wk inc flu hosp,quantile,0.05,262.8612559228848
05,2026-02-21,3,2026-03-14,wk inc flu hosp,quantile,0.05,58.724122824494486
06,2026-02-21,3,2026-03-14,wk inc flu hosp,quantile,0.05,394.75275400279315
08,2026-02-21,3,2026-03-14,wk inc flu hosp,quantile,0.05,32.13171097941645
09,2026-02-21,3,2026-03-14,wk inc flu hosp,quantile,0.05,0.0
10,2026-02-21,3,2026-03-14,wk inc flu hosp,quantile,0.05,0.0
11,2026-02-21,3,2026-03-14,wk inc flu hosp,quantile,0.05,0.0
12,2026-02-21,3,2026-03-14,wk inc flu hosp,quantile,0.05,868.3122969492586
13,2026-02-21,3,2026-03-14,wk inc flu hosp,quantile,0.05,171.52888822683934
15,2026-02-21,3,2026-03-14,wk inc flu hosp,quantile,0.05,2.8790302814136055
16,2026-02-21,3,2026-03-14,wk inc flu hosp,quantile,0.05,25.256682241826077
17,2026-02-21,3,2026-03-14,wk inc flu hosp,quantile,0.05,165.70536364300057
18,2026-02-21,3,2026-03-14,wk inc flu hosp,quantile,0.05,42.0361600859219
19,2026-02-21,3,2026-03-14,wk inc flu hosp,quantile,0.05,77.44745001998201
20,2026-02-21,3,2026-03-14,wk inc flu hosp,quantile,0.05,54.98669099485352
21,2026-02-21,3,2026-03-14,wk inc flu hosp,quantile,0.05,27.006970318559684
22,2026-02-21,3,2026-03-14,wk inc flu hosp,quantile,0.05,88.90727178044388
23,2026-02-21,3,2026-03-14,wk inc flu hosp,quantile,0.05,0.0
24,2026-02-21,3,2026-03-14,wk inc flu hosp,quantile,0.05,7.201702146568162
25,2026-02-21,3,2026-03-14,wk inc flu hosp,quantile,0.05,0.0
26,2026-02-21,3,2026-03-14,wk inc flu hosp,quantile,0.05,63.44835911088112
27,2026-02-21,3,2026-03-14,wk inc flu hosp,quantile,0.05,43.481747402157474
28,2026-02-21,3,2026-03-14,wk inc flu hosp,quantile,0.05,87.92355774472712
29,2026-02-21,3,2026-03-14,wk inc flu hosp,quantile,0.05,141.77673388259097
30,2026-02-21,3,2026-03-14,wk inc flu hosp,quantile,0.05,7.6951255897888355
31,2026-02-21,3,2026-03-14,wk inc flu hosp,quantile,0.05,47.46968740081496
32,2026-02-21,3,2026-03-14,wk inc flu hosp,quantile,0.05,44.730164015111384
33,2026-02-21,3,2026-03-14,wk inc flu hosp,quantile,0.05,2.9318121070029637
34,2026-02-21,3,2026-03-14,wk inc flu hosp,quantile,0.05,31.58571772607369
35,2026-02-21,3,2026-03-14,wk inc flu hosp,quantile,0.05,55.919396786427384
36,2026-02-21,3,2026-03-14,wk inc flu hosp,quantile,0.05,0.0
37,2026-02-21,3,2026-03-14,wk inc flu hosp,quantile,0.05,25.694175687384753
38,2026-02-21,3,2026-03-14,wk inc flu hosp,quantile,0.05,0.7749078879416158
39,2026-02-21,3,2026-03-14,wk inc flu hosp,quantile,0.05,126.85260009507084
40,2026-02-21,3,2026-03-14,wk inc flu hosp,quantile,0.05,85.51796111721883
41,2026-02-21,3,2026-03-14,wk inc flu hosp,quantile,0.05,28.060118425739642
42,2026-02-21,3,2026-03-14,wk inc flu hosp,quantile,0.05,192.0506795102072
44,2026-02-21,3,2026-03-14,wk inc flu hosp,quantile,0.05,0.0
45,2026-02-21,3,2026-03-14,wk inc flu hosp,quantile,0.05,63.55704361699122
46,2026-02-21,3,2026-03-14,wk inc flu hosp,quantile,0.05,2.3997919044793394
47,2026-02-21,3,2026-03-14,wk inc flu hosp,quantile,0.05,93.0469512345941
48,2026-02-21,3,2026-03-14,wk inc flu hosp,quantile,0.05,490.5662505126799
49,2026-02-21,3,2026-03-14,wk inc flu hosp,quantile,0.05,18.04567231484172
50,2026-02-21,3,2026-03-14,wk inc flu hosp,quantile,0.05,0.0
51,2026-02-21,3,2026-03-14,wk inc flu hosp,quantile,0.05,22.71985428279435
53,2026-02-21,3,2026-03-14,wk inc flu hosp,quantile,0.05,55.1828493669911
54,2026-02-21,3,2026-03-14,wk inc flu hosp,quantile,0.05,11.506571401947774
55,2026-02-21,3,2026-03-14,wk inc flu hosp,quantile,0.05,64.18232841669703
56,2026-02-21,3,2026-03-14,wk inc flu hosp,quantile,0.05,6.136530565973777
72,2026-02-21,3,2026-03-14,wk inc flu hosp,quantile,0.05,42.116007804857034
US,2026-02-21,3,2026-03-14,wk inc flu hosp,quantile,0.05,4605.670666278835
01,2026-02-21,0,2026-02-21,wk inc flu hosp,quantile,0.1,0.0
02,2026-02-21,0,2026-02-21,wk inc flu hosp,quantile,0.1,2.2567693969093434
04,2026-02-21,0,2026-02-21,wk inc flu hosp,quantile,0.1,377.410413649554
05,2026-02-21,0,2026-02-21,wk inc flu hosp,quantile,0.1,131.51835541350056
06,2026-02-21,0,2026-02-21,wk inc flu hosp,quantile,0.1,1199.8000994157967
08,2026-02-21,0,2026-02-21,wk inc flu hosp,quantile,0.1,75.33079312594501
09,2026-02-21,0,2026-02-21,wk inc flu hosp,quantile,0.1,11.4059196608932
10,2026-02-21,0,2026-02-21,wk inc flu hosp,quantile,0.1,12.094741307359373
11,2026-02-21,0,2026-02-21,wk inc flu hosp,quantile,0.1,0.0
12,2026-02-21,0,2026-02-21,wk inc flu hosp,quantile,0.1,1574.1370533326722
13,2026-02-21,0,2026-02-21,wk inc flu hosp,quantile,0.1,298.3131342706435
15,2026-02-21,0,2026-02-21,wk inc flu hosp,quantile,0.1,14.002459946534515
16,2026-02-21,0,2026-02-21,wk inc flu hosp,quantile,0.1,65.3559054601675
17,2026-02-21,0,2026-02-21,wk inc flu hosp,quantile,0.1,356.78944101351254
18,2026-02-21,0,2026-02-21,wk inc flu hosp,quantile,0.1,156.86358714753618
19,2026-02-21,0,2026-02-21,wk inc flu hosp,quantile,0.1,161.40337333306283
20,2026-02-21,0,2026-02-21,wk inc flu hosp,quantile,0.1,135.24584969547237
21,2026-02-21,0,2026-02-21,wk inc flu hosp,quantile,0.1,117.51742485474553
22,2026-02-21,0,2026-02-21,wk inc flu hosp,quantile,0.1,204.47584476686396
23,2026-02-21,0,2026-02-21,wk inc flu hosp,quantile,0.1,19.964922001320023
24,2026-02-21,0,2026-02-21,wk inc flu hosp,quantile,0.1,44.1658801189756
25,2026-02-21,0,2026-02-21,wk inc flu hosp,quantile,0.1,25.635561944595104
26,2026-02-21,0,2026-02-21,wk inc flu hosp,quantile,0.1,178.78572183204253
27,2026-02-21,0,2026-02-21,wk inc flu hosp,quantile,0.1,108.89259668864587
28,2026-02-21,0,2026-02-21,wk inc flu hosp,quantile,0.1,158.22518539592775
29,2026-02-21,0,2026-02-21,wk inc flu hosp,quantile,0.1,294.7003693505904
30,2026-02-21,0,2026-02-21,wk inc flu hosp,quantile,0.1,40.48802750973087
31,2026-02-21,0,2026-02-21,wk inc flu hosp,quantile,0.1,104.75728357481083
32,2026-02-21,0,2026-02-21,wk inc flu hosp,quantile,0.1,84.85405243198554
33,2026-02-21,0,2026-02-21,wk inc flu hosp,quantile,0.1,19.78903066412809
34,2026-02-21,0,2026-02-21,wk inc flu hosp,quantile,0.1,112.46600298657071
35,2026-02-21,0,2026-02-21,wk inc flu hosp,quantile,0.1,109.75387363907357
36,2026-02-21,0,2026-02-21,wk inc flu hosp,quantile,0.1,108.19677672968965
37,2026-02-21,0,2026-02-21,wk inc flu hosp,quantile,0.1,152.81293414026428
38,2026-02-21,0,2026-02-21,wk inc flu hosp,quantile,0.1,17.553076699231145
39,2026-02-21,0,2026-02-21,wk inc flu hosp,quantile,0.1,325.0430477296254
40,2026-02-21,0,2026-02-21,wk inc flu hosp,quantile,0.1,166.3484419796972
41,2026-02-21,0,2026-02-21,wk inc flu hosp,quantile,0.1,163.77321411070076
42,2026-02-21,0,2026-02-21,wk inc flu hosp,quantile,0.1,565.0695605927642
44,2026-02-21,0,2026-02-21,wk inc flu hosp,quantile,0.1,7.3366175614255384
45,2026-02-21,0,2026-02-21,wk inc flu hosp,quantile,0.1,153.0704347688136
46,2026-02-21,0,2026-02-21,wk inc flu hosp,quantile,0.1,23.53931541157546
47,2026-02-21,0,2026-02-21,wk inc flu hosp,quantile,0.1,225.42513604592483
48,2026-02-21,0,2026-02-21,wk inc flu hosp,quantile,0.1,906.490778351709
49,2026-02-21,0,2026-02-21,wk inc flu hosp,quantile,0.1,47.61625954627277
50,2026-02-21,0,2026-02-21,wk inc flu hosp,quantile,0.1,8.450110798901667
51,2026-02-21,0,2026-02-21,wk inc flu hosp,quantile,0.1,125.53057820007983
53,2026-02-21,0,2026-02-21,wk inc flu hosp,quantile,0.1,183.9070368396748
54,2026-02-21,0,2026-02-21,wk inc flu hosp,quantile,0.1,71.42062836259802
55,2026-02-21,0,2026-02-21,wk inc flu hosp,quantile,0.1,164.51913742934576
56,2026-02-21,0,2026-02-21,wk inc flu hosp,quantile,0.1,13.856324803118378
72,2026-02-21,0,2026-02-21,wk inc flu hosp,quantile,0.1,101.65190372303228
US,2026-02-21,0,2026-02-21,wk inc flu hosp,quantile,0.1,9965.12414672296
01,2026-02-21,1,2026-02-28,wk inc flu hosp,quantile,0.1,0.0
02,2026-02-21,1,2026-02-28,wk inc flu hosp,quantile,0.1,0.4866327507902158
04,2026-02-21,1,2026-02-28,wk inc flu hosp,quantile,0.1,367.58796609352
05,2026-02-21,1,2026-02-28,wk inc flu hosp,quantile,0.1,105.03749263648623
06,2026-02-21,1,2026-02-28,wk inc flu hosp,quantile,0.1,932.8541408938189
08,2026-02-21,1,2026-02-28,wk inc flu hosp,quantile,0.1,62.090838114675805
09,2026-02-21,1,2026-02-28,wk inc flu hosp,quantile,0.1,3.718352007518751
10,2026-02-21,1,2026-02-28,wk inc flu hosp,quantile,0.1,4.201296227015231
11,2026-02-21,1,2026-02-28,wk inc flu hosp,quantile,0.1,0.0
12,2026-02-21,1,2026-02-28,wk inc flu hosp,quantile,0.1,1391.5731059375084
13,2026-02-21,1,2026-02-28,wk inc flu hosp,quantile,0.1,271.17322230091986
15,2026-02-21,1,2026-02-28,wk inc flu hosp,quantile,0.1,10.369159285048543
16,2026-02-21,1,2026-02-28,wk inc flu hosp,quantile,0.1,50.46622185261045
17,2026-02-21,1,2026-02-28,wk inc flu hosp,quantile,0.1,296.29446452502003
18,2026-02-21,1,2026-02-28,wk inc flu hosp,quantile,0.1,107.98300331106935
19,2026-02-21,1,2026-02-28,wk inc flu hosp,quantile,0.1,128.2724043209644
20,2026-02-21,1,2026-02-28,wk inc flu hosp,quantile,0.1,100.29077653654507
21,2026-02-21,1,2026-02-28,wk inc flu hosp,quantile,0.1,80.40714724945518
22,2026-02-21,1,2026-02-28,wk inc flu hosp,quantile,0.1,158.62431273212408
23,2026-02-21,1,2026-02-28,wk inc flu hosp,quantile,0.1,10.277599953712894
24,2026-02-21,1,2026-02-28,wk inc flu hosp,quantile,0.1,31.870475635100366
25,2026-02-21,1,2026-02-28,wk inc flu hosp,quantile,0.1,8.490962010613451
26,2026-02-21,1,2026-02-28,wk inc flu hosp,quantile,0.1,134.98931134117444
27,2026-02-21,1,2026-02-28,wk inc flu hosp,quantile,0.1,86.17247747458889
28,2026-02-21,1,2026-02-28,wk inc flu hosp,quantile,0.1,143.2594380267436
29,2026-02-21,1,2026-02-28,wk inc flu hosp,quantile,0.1,234.3068042559278
30,2026-02-21,1,2026-02-28,wk inc flu hosp,quantile,0.1,26.058973199212733
31,2026-02-21,1,2026-02-28,wk inc flu hosp,quantile,0.1,86.19690013559197
32,2026-02-21,1,2026-02-28,wk inc flu hosp,quantile,0.1,73.92104559482493
33,2026-02-21,1,2026-02-28,wk inc flu hosp,quantile,0.1,12.958804334757456
34,2026-02-21,1,2026-02-28,wk inc flu hosp,quantile,0.1,79.9073257982769
35,2026-02-21,1,2026-02-28,wk inc flu hosp,quantile,0.1,96.73082685201297
36,2026-02-21,1,2026-02-28,wk inc flu hosp,quantile,0.1,65.66294263976758
37,2026-02-21,1,2026-02-28,wk inc flu hosp,quantile,0.1,95.77268888109285
38,2026-02-21,1,2026-02-28,wk inc flu hosp,quantile,0.1,9.378385643741515
39,2026-02-21,1,2026-02-28,wk inc flu hosp,quantile,0.1,246.00589522253676
40,2026-02-21,1,2026-02-28,wk inc flu hosp,quantile,0.1,145.98648491728946
41,2026-02-21,1,2026-02-28,wk inc flu hosp,quantile,0.1,108.88297786511902
42,2026-02-21,1,2026-02-28,wk inc flu hosp,quantile,0.1,433.8514384493926
44,2026-02-21,1,2026-02-28,wk inc flu hosp,quantile,0.1,3.70142961795236
45,2026-02-21,1,2026-02-28,wk inc flu hosp,quantile,0.1,115.85638533433907
46,2026-02-21,1,2026-02-28,wk inc flu hosp,quantile,0.1,13.885720027910732
47,2026-02-21,1,2026-02-28,wk inc flu hosp,quantile,0.1,174.00509322807204
48,2026-02-21,1,2026-02-28,wk inc flu hosp,quantile,0.1,760.9611282810519
49,2026-02-21,1,2026-02-28,wk inc flu hosp,quantile,0.1,36.580448887743785
50,2026-02-21,1,2026-02-28,wk inc flu hosp,quantile,0.1,5.033543020611024
51,2026-02-21,1,2026-02-28,wk inc flu hosp,quantile,0.1,82.17536814386406
53,2026-02-21,1,2026-02-28,wk inc flu hosp,quantile,0.1,137.23200155618
54,2026-02-21,1,2026-02-28,wk inc flu hosp,quantile,0.1,43.8333051765115
55,2026-02-21,1,2026-02-28,wk inc flu hosp,quantile,0.1,126.64885335725228
56,2026-02-21,1,2026-02-28,wk inc flu hosp,quantile,0.1,12.778827513975827
72,2026-02-21,1,2026-02-28,wk inc flu hosp,quantile,0.1,79.52716782852141
US,2026-02-21,1,2026-02-28,wk inc flu hosp,quantile,0.1,7812.121298807239
01,2026-02-21,2,2026-03-07,wk inc flu hosp,quantile,0.1,0.0
02,2026-02-21,2,2026-03-07,wk inc flu hosp,quantile,0.1,0.0
04,2026-02-21,2,2026-03-07,wk inc flu hosp,quantile,0.1,342.6203292448253
05,2026-02-21,2,2026-03-07,wk inc flu hosp,quantile,0.1,84.68213460621578
06,2026-02-21,2,2026-03-07,wk inc flu hosp,quantile,0.1,703.0691607765917
08,2026-02-21,2,2026-03-07,wk inc flu hosp,quantile,0.1,49.587330605069475
09,2026-02-21,2,2026-03-07,wk inc flu hosp,quantile,0.1,0.0
10,2026-02-21,2,2026-03-07,wk inc flu hosp,quantile,0.1,1.292592352763583
11,2026-02-21,2,2026-03-07,wk inc flu hosp,quantile,0.1,0.0
12,2026-02-21,2,2026-03-07,wk inc flu hosp,quantile,0.1,1233.74757698012
13,2026-02-21,2,2026-03-07,wk inc flu hosp,quantile,0.1,233.61422393680866
15,2026-02-21,2,2026-03-07,wk inc flu hosp,quantile,0.1,7.740487648113318
16,2026-02-21,2,2026-03-07,wk inc flu hosp,quantile,0.1,40.626775718591965
17,2026-02-21,2,2026-03-07,wk inc flu hosp,quantile,0.1,244.56004571524156
18,2026-02-21,2,2026-03-07,wk inc flu hosp,quantile,0.1,70.10134144897545
19,2026-02-21,2,2026-03-07,wk inc flu hosp,quantile,0.1,101.8661490410032
20,2026-02-21,2,2026-03-07,wk inc flu hosp,quantile,0.1,80.30889740627619
21,2026-02-21,2,2026-03-07,wk inc flu hosp,quantile,0.1,52.218716105985976
22,2026-02-21,2,2026-03-07,wk inc flu hosp,quantile,0.1,129.9997431913858
23,2026-02-21,2,2026-03-07,wk inc flu hosp,quantile,0.1,5.176631035140816
24,2026-02-21,2,2026-03-07,wk inc flu hosp,quantile,0.1,22.475397284124117
25,2026-02-21,2,2026-03-07,wk inc flu hosp,quantile,0.1,0.0
26,2026-02-21,2,2026-03-07,wk inc flu hosp,quantile,0.1,102.38424070460843
27,2026-02-21,2,2026-03-07,wk inc flu hosp,quantile,0.1,67.04080334039166
28,2026-02-21,2,2026-03-07,wk inc flu hosp,quantile,0.1,125.64364417271253
29,2026-02-21,2,2026-03-07,wk inc flu hosp,quantile,0.1,192.92435068579476
30,2026-02-21,2,2026-03-07,wk inc flu hosp,quantile,0.1,16.748861982305083
31,2026-02-21,2,2026-03-07,wk inc flu hosp,quantile,0.1,73.03074559427102
32,2026-02-21,2,2026-03-07,wk inc flu hosp,quantile,0.1,63.03873421201104
33,2026-02-21,2,2026-03-07,wk inc flu hosp,quantile,0.1,9.19160356679047
34,2026-02-21,2,2026-03-07,wk inc flu hosp,quantile,0.1,57.05741309224841
35,2026-02-21,2,2026-03-07,wk inc flu hosp,quantile,0.1,84.2186009591297
36,2026-02-21,2,2026-03-07,wk inc flu hosp,quantile,0.1,33.29666623069834
37,2026-02-21,2,2026-03-07,wk inc flu hosp,quantile,0.1,58.349238610530804
38,2026-02-21,2,2026-03-07,wk inc flu hosp,quantile,0.1,5.430559683644999
39,2026-02-21,2,2026-03-07,wk inc flu hosp,quantile,0.1,190.77158946324266
40,2026-02-21,2,2026-03-07,wk inc flu hosp,quantile,0.1,121.27345385952027
41,2026-02-21,2,2026-03-07,wk inc flu hosp,quantile,0.1,83.74777934759396
42,2026-02-21,2,2026-03-07,wk inc flu hosp,quantile,0.1,338.3424636348592
44,2026-02-21,2,2026-03-07,wk inc flu hosp,quantile,0.1,1.3444139888580797
45,2026-02-21,2,2026-03-07,wk inc flu hosp,quantile,0.1,90.83669273200739
46,2026-02-21,2,2026-03-07,wk inc flu hosp,quantile,0.1,8.72592343964042
47,2026-02-21,2,2026-03-07,wk inc flu hosp,quantile,0.1,137.33977913622851
48,2026-02-21,2,2026-03-07,wk inc flu hosp,quantile,0.1,637.6021015535381
49,2026-02-21,2,2026-03-07,wk inc flu hosp,quantile,0.1,29.467974558101936
50,2026-02-21,2,2026-03-07,wk inc flu hosp,quantile,0.1,2.931157040089021
51,2026-02-21,2,2026-03-07,wk inc flu hosp,quantile,0.1,51.17050404778183
53,2026-02-21,2,2026-03-07,wk inc flu hosp,quantile,0.1,99.3987771114308
54,2026-02-21,2,2026-03-07,wk inc flu hosp,quantile,0.1,28.615255206639684
55,2026-02-21,2,2026-03-07,wk inc flu hosp,quantile,0.1,100.64253079653699
56,2026-02-21,2,2026-03-07,wk inc flu hosp,quantile,0.1,10.942253890647574
72,2026-02-21,2,2026-03-07,wk inc flu hosp,quantile,0.1,61.448192111199006
US,2026-02-21,2,2026-03-07,wk inc flu hosp,quantile,0.1,6253.640222787373
01,2026-02-21,3,2026-03-14,wk inc flu hosp,quantile,0.1,0.0
02,2026-02-21,3,2026-03-14,wk inc flu hosp,quantile,0.1,0.0
04,2026-02-21,3,2026-03-14,wk inc flu hosp,quantile,0.1,313.23138508536164
05,2026-02-21,3,2026-03-14,wk inc flu hosp,quantile,0.1,72.04586740044927
06,2026-02-21,3,2026-03-14,wk inc flu hosp,quantile,0.1,496.03782645237783
08,2026-02-21,3,2026-03-14,wk inc flu hosp,quantile,0.1,43.02786757541696
09,2026-02-21,3,2026-03-14,wk inc flu hosp,quantile,0.1,0.0
10,2026-02-21,3,2026-03-14,wk inc flu hosp,quantile,0.1,0.0
11,2026-02-21,3,2026-03-14,wk inc flu hosp,quantile,0.1,0.0
12,2026-02-21,3,2026-03-14,wk inc flu hosp,quantile,0.1,1108.446077943411
13,2026-02-21,3,2026-03-14,wk inc flu hosp,quantile,0.1,212.8953466323622
15,2026-02-21,3,2026-03-14,wk inc flu hosp,quantile,0.1,6.474160996536058
16,2026-02-21,3,2026-03-14,wk inc flu hosp,quantile,0.1,34.497389429461144
17,2026-02-21,3,2026-03-14,wk inc flu hosp,quantile,0.1,213.59326817477103
18,2026-02-21,3,2026-03-14,wk inc flu hosp,quantile,0.1,42.29324018694412
19,2026-02-21,3,2026-03-14,wk inc flu hosp,quantile,0.1,78.44088414802769
20,2026-02-21,3,2026-03-14,wk inc flu hosp,quantile,0.1,62.263584451091674
21,2026-02-21,3,2026-03-14,wk inc flu hosp,quantile,0.1,28.479828986879973
22,2026-02-21,3,2026-03-14,wk inc flu hosp,quantile,0.1,110.76853312153546
23,2026-02-21,3,2026-03-14,wk inc flu hosp,quantile,0.1,1.4304721501718138
24,2026-02-21,3,2026-03-14,wk inc flu hosp,quantile,0.1,16.77865255584569
25,2026-02-21,3,2026-03-14,wk inc flu hosp,quantile,0.1,0.0
26,2026-02-21,3,2026-03-14,wk inc flu hosp,quantile,0.1,78.45371334138416
27,2026-02-21,3,2026-03-14,wk inc flu hosp,quantile,0.1,57.15377601162915
28,2026-02-21,3,2026-03-14,wk inc flu hosp,quantile,0.1,114.4549624900704
29,2026-02-21,3,2026-03-14,wk inc flu hosp,quantile,0.1,155.63053968899234
30,2026-02-21,3,2026-03-14,wk inc flu hosp,quantile,0.1,9.612218705094394
31,2026-02-21,3,2026-03-14,wk inc flu hosp,quantile,0.1,60.3684176351156
32,2026-02-21,3,2026-03-14,wk inc flu hosp,quantile,0.1,55.58864376170488
33,2026-02-21,3,2026-03-14,wk inc flu hosp,quantile,0.1,5.75512603280663
34,2026-02-21,3,2026-03-14,wk inc flu hosp,quantile,0.1,43.01917214761929
35,2026-02-21,3,2026-03-14,wk inc flu hosp,quantile,0.1,75.84536211910901
36,2026-02-21,3,2026-03-14,wk inc flu hosp,quantile,0.1,14.670679507947366
37,2026-02-21,3,2026-03-14,wk inc flu hosp,quantile,0.1,30.013116552031637
38,2026-02-21,3,2026-03-14,wk inc flu hosp,quantile,0.1,2.507973698078665
39,2026-02-21,3,2026-03-14,wk inc flu hosp,quantile,0.1,157.09978345455804
40,2026-02-21,3,2026-03-14,wk inc flu hosp,quantile,0.1,103.30299717061186
41,2026-02-21,3,2026-03-14,wk inc flu hosp,quantile,0.1,53.64784525153405
42,2026-02-21,3,2026-03-14,wk inc flu hosp,quantile,0.1,270.48992965887174
44,2026-02-21,3,2026-03-14,wk inc flu hosp,quantile,0.1,0.0
45,2026-02-21,3,2026-03-14,wk inc flu hosp,quantile,0.1,76.01216641737392
46,2026-02-21,3,2026-03-14,wk inc flu hosp,quantile,0.1,4.6204405232898305
47,2026-02-21,3,2026-03-14,wk inc flu hosp,quantile,0.1,117.60345495115709
48,2026-02-21,3,2026-03-14,wk inc flu hosp,quantile,0.1,565.6594833011321
49,2026-02-21,3,2026-03-14,wk inc flu hosp,quantile,0.1,24.823682917383685
50,2026-02-21,3,2026-03-14,wk inc flu hosp,quantile,0.1,1.1192593263077988
51,2026-02-21,3,2026-03-14,wk inc flu hosp,quantile,0.1,25.70126006331053
53,2026-02-21,3,2026-03-14,wk inc flu hosp,quantile,0.1,62.08585264595421
54,2026-02-21,3,2026-03-14,wk inc flu hosp,quantile,0.1,15.891402981402
55,2026-02-21,3,2026-03-14,wk inc flu hosp,quantile,0.1,78.8527064125661
56,2026-02-21,3,2026-03-14,wk inc flu hosp,quantile,0.1,10.374611397991341
72,2026-02-21,3,2026-03-14,wk inc flu hosp,quantile,0.1,50.59784316854692
US,2026-02-21,3,2026-03-14,wk inc flu hosp,quantile,0.1,5451.911637180562
01,2026-02-21,0,2026-02-21,wk inc flu hosp,quantile,0.15,0.0
02,2026-02-21,0,2026-02-21,wk inc flu hosp,quantile,0.15,2.5432818413270315
04,2026-02-21,0,2026-02-21,wk inc flu hosp,quantile,0.15,401.49947736708424
05,2026-02-21,0,2026-02-21,wk inc flu hosp,quantile,0.15,139.44854993054534
06,2026-02-21,0,2026-02-21,wk inc flu hosp,quantile,0.15,1266.4329126406847
08,2026-02-21,0,2026-02-21,wk inc flu hosp,quantile,0.15,82.85627364912054
09,2026-02-21,0,2026-02-21,wk inc flu hosp,quantile,0.15,13.670383224413644
10,2026-02-21,0,2026-02-21,wk inc flu hosp,quantile,0.15,12.91217884290182
11,2026-02-21,0,2026-02-21,wk inc flu hosp,quantile,0.15,0.14089410374048505
12,2026-02-21,0,2026-02-21,wk inc flu hosp,quantile,0.15,1765.4498656657804
13,2026-02-21,0,2026-02-21,wk inc flu hosp,quantile,0.15,335.3775759377875
15,2026-02-21,0,2026-02-21,wk inc flu hosp,quantile,0.15,14.741152133715278
16,2026-02-21,0,2026-02-21,wk inc flu hosp,quantile,0.15,69.93818654539746
17,2026-02-21,0,2026-02-21,wk inc flu hosp,quantile,0.15,390.8234510253319
18,2026-02-21,0,2026-02-21,wk inc flu hosp,quantile,0.15,172.32906969082373
19,2026-02-21,0,2026-02-21,wk inc flu hosp,quantile,0.15,162.42857585314025
20,2026-02-21,0,2026-02-21,wk inc flu hosp,quantile,0.15,141.29188743792338
21,2026-02-21,0,2026-02-21,wk inc flu hosp,quantile,0.15,129.00390844821197
22,2026-02-21,0,2026-02-21,wk inc flu hosp,quantile,0.15,215.47423784425646
23,2026-02-21,0,2026-02-21,wk inc flu hosp,quantile,0.15,22.74151674268219
24,2026-02-21,0,2026-02-21,wk inc flu hosp,quantile,0.15,48.02183380718345
25,2026-02-21,0,2026-02-21,wk inc flu hosp,quantile,0.15,29.645652169315962
26,2026-02-21,0,2026-02-21,wk inc flu hosp,quantile,0.15,181.66333214568866
27,2026-02-21,0,2026-02-21,wk inc flu hosp,quantile,0.15,120.80821903959838
28,2026-02-21,0,2026-02-21,wk inc flu hosp,quantile,0.15,178.85474389932003
29,2026-02-21,0,2026-02-21,wk inc flu hosp,quantile,0.15,296.00042218355867
30,2026-02-21,0,2026-02-21,wk inc flu hosp,quantile,0.15,44.77953508569865
31,2026-02-21,0,2026-02-21,wk inc flu hosp,quantile,0.15,108.5383809090736
32,2026-02-21,0,2026-02-21,wk inc flu hosp,quantile,0.15,91.90318434234302
33,2026-02-21,0,2026-02-21,wk inc flu hosp,quantile,0.15,20.564857112523754
34,2026-02-21,0,2026-02-21,wk inc flu hosp,quantile,0.15,122.27402614294174
35,2026-02-21,0,2026-02-21,wk inc flu hosp,quantile,0.15,122.869681315203
36,2026-02-21,0,2026-02-21,wk inc flu hosp,quantile,0.15,114.0617769437587
37,2026-02-21,0,2026-02-21,wk inc flu hosp,quantile,0.15,164.66847320567
38,2026-02-21,0,2026-02-21,wk inc flu hosp,quantile,0.15,18.37726280324834
39,2026-02-21,0,2026-02-21,wk inc flu hosp,quantile,0.15,339.3184254595691
40,2026-02-21,0,2026-02-21,wk inc flu hosp,quantile,0.15,182.15594889636472
41,2026-02-21,0,2026-02-21,wk inc flu hosp,quantile,0.15,164.40910151792198
42,2026-02-21,0,2026-02-21,wk inc flu hosp,quantile,0.15,577.9742888098399
44,2026-02-21,0,2026-02-21,wk inc flu hosp,quantile,0.15,7.401105860101021
45,2026-02-21,0,2026-02-21,wk inc flu hosp,quantile,0.15,165.40643952943475
46,2026-02-21,0,2026-02-21,wk inc flu hosp,quantile,0.15,25.168475859461644
47,2026-02-21,0,2026-02-21,wk inc flu hosp,quantile,0.15,237.1818136081697
48,2026-02-21,0,2026-02-21,wk inc flu hosp,quantile,0.15,916.9632902590728
49,2026-02-21,0,2026-02-21,wk inc flu hosp,quantile,0.15,50.463358354838306
50,2026-02-21,0,2026-02-21,wk inc flu hosp,quantile,0.15,9.689878210910964
51,2026-02-21,0,2026-02-21,wk inc flu hosp,quantile,0.15,130.72481206238913
53,2026-02-21,0,2026-02-21,wk inc flu hosp,quantile,0.15,196.31314864358808
54,2026-02-21,0,2026-02-21,wk inc flu hosp,quantile,0.15,74.32864768735193
55,2026-02-21,0,2026-02-21,wk inc flu hosp,quantile,0.15,170.96885944298637
56,2026-02-21,0,2026-02-21,wk inc flu hosp,quantile,0.15,16.158554195121223
72,2026-02-21,0,2026-02-21,wk inc flu hosp,quantile,0.15,105.87171901388842
US,2026-02-21,0,2026-02-21,wk inc flu hosp,quantile,0.15,10079.048582451343
01,2026-02-21,1,2026-02-28,wk inc flu hosp,quantile,0.15,0.0
02,2026-02-21,1,2026-02-28,wk inc flu hosp,quantile,0.15,0.7056076481910202
04,2026-02-21,1,2026-02-28,wk inc flu hosp,quantile,0.15,401.64053577561145
05,2026-02-21,1,2026-02-28,wk inc flu hosp,quantile,0.15,114.83749522725914
06,2026-02-21,1,2026-02-28,wk inc flu hosp,quantile,0.15,1021.43883687154
08,2026-02-21,1,2026-02-28,wk inc flu hosp,quantile,0.15,71.65531880536638
09,2026-02-21,1,2026-02-28,wk inc flu hosp,quantile,0.15,4.764775824892907
10,2026-02-21,1,2026-02-28,wk inc flu hosp,quantile,0.15,4.7621237912416525
11,2026-02-21,1,2026-02-28,wk inc flu hosp,quantile,0.15,0.0
12,2026-02-21,1,2026-02-28,wk inc flu hosp,quantile,0.15,1587.6998595106043
13,2026-02-21,1,2026-02-28,wk inc flu hosp,quantile,0.15,303.08619291851494
15,2026-02-21,1,2026-02-28,wk inc flu hosp,quantile,0.15,11.269706395073756
16,2026-02-21,1,2026-02-28,wk inc flu hosp,quantile,0.15,57.15747043879478
17,2026-02-21,1,2026-02-28,wk inc flu hosp,quantile,0.15,338.4797895667086
18,2026-02-21,1,2026-02-28,wk inc flu hosp,quantile,0.15,124.32901500501974
19,2026-02-21,1,2026-02-28,wk inc flu hosp,quantile,0.15,134.86418510996074
20,2026-02-21,1,2026-02-28,wk inc flu hosp,quantile,0.15,115.03351977201666
21,2026-02-21,1,2026-02-28,wk inc flu hosp,quantile,0.15,87.6751666008082
22,2026-02-21,1,2026-02-28,wk inc flu hosp,quantile,0.15,176.78192673426352
23,2026-02-21,1,2026-02-28,wk inc flu hosp,quantile,0.15,11.95896907246007
24,2026-02-21,1,2026-02-28,wk inc flu hosp,quantile,0.15,35.379947623813564
25,2026-02-21,1,2026-02-28,wk inc flu hosp,quantile,0.15,10.853222392920275
26,2026-02-21,1,2026-02-28,wk inc flu hosp,quantile,0.15,142.15136705963602
27,2026-02-21,1,2026-02-28,wk inc flu hosp,quantile,0.15,100.73747641482679
28,2026-02-21,1,2026-02-28,wk inc flu hosp,quantile,0.15,163.09411850865598
29,2026-02-21,1,2026-02-28,wk inc flu hosp,quantile,0.15,240.27453358040785
30,2026-02-21,1,2026-02-28,wk inc flu hosp,quantile,0.15,31.02267826976329
31,2026-02-21,1,2026-02-28,wk inc flu hosp,quantile,0.15,94.14962946465853
32,2026-02-21,1,2026-02-28,wk inc flu hosp,quantile,0.15,81.93887094154736
33,2026-02-21,1,2026-02-28,wk inc flu hosp,quantile,0.15,15.763067729391603
34,2026-02-21,1,2026-02-28,wk inc flu hosp,quantile,0.15,94.34280252448104
35,2026-02-21,1,2026-02-28,wk inc flu hosp,quantile,0.15,109.75369644749574
36,2026-02-21,1,2026-02-28,wk inc flu hosp,quantile,0.15,75.1332403642127
37,2026-02-21,1,2026-02-28,wk inc flu hosp,quantile,0.15,110.58188026974533
38,2026-02-21,1,2026-02-28,wk inc flu hosp,quantile,0.15,10.22256819800095
39,2026-02-21,1,2026-02-28,wk inc flu hosp,quantile,0.15,263.1507318379792
40,2026-02-21,1,2026-02-28,wk inc flu hosp,quantile,0.15,156.59656686246413
41,2026-02-21,1,2026-02-28,wk inc flu hosp,quantile,0.15,117.04902925586956
42,2026-02-21,1,2026-02-28,wk inc flu hosp,quantile,0.15,456.2665578171093
44,2026-02-21,1,2026-02-28,wk inc flu hosp,quantile,0.15,3.877477636141658
45,2026-02-21,1,2026-02-28,wk inc flu hosp,quantile,0.15,132.38291196736813
46,2026-02-21,1,2026-02-28,wk inc flu hosp,quantile,0.15,15.466181928537264
47,2026-02-21,1,2026-02-28,wk inc flu hosp,quantile,0.15,192.6545625148905
48,2026-02-21,1,2026-02-28,wk inc flu hosp,quantile,0.15,770.1963578147885
49,2026-02-21,1,2026-02-28,wk inc flu hosp,quantile,0.15,41.22194181133897
50,2026-02-21,1,2026-02-28,wk inc flu hosp,quantile,0.15,5.796728729712735
51,2026-02-21,1,2026-02-28,wk inc flu hosp,quantile,0.15,83.08480871586622
53,2026-02-21,1,2026-02-28,wk inc flu hosp,quantile,0.15,144.70610053192902
54,2026-02-21,1,2026-02-28,wk inc flu hosp,quantile,0.15,44.808843401465296
55,2026-02-21,1,2026-02-28,wk inc flu hosp,quantile,0.15,143.9617063836824
56,2026-02-21,1,2026-02-28,wk inc flu hosp,quantile,0.15,14.683336024988673
72,2026-02-21,1,2026-02-28,wk inc flu hosp,quantile,0.15,83.40683005616378
US,2026-02-21,1,2026-02-28,wk inc flu hosp,quantile,0.15,8176.574668387467
01,2026-02-21,2,2026-03-07,wk inc flu hosp,quantile,0.15,0.0
02,2026-02-21,2,2026-03-07,wk inc flu hosp,quantile,0.15,0.0
04,2026-02-21,2,2026-03-07,wk inc flu hosp,quantile,0.15,387.5223756426881
05,2026-02-21,2,2026-03-07,wk inc flu hosp,quantile,0.15,97.41557228412454
06,2026-02-21,2,2026-03-07,wk inc flu hosp,quantile,0.15,749.8753375243455
08,2026-02-21,2,2026-03-07,wk inc flu hosp,quantile,0.15,67.71792414704113
09,2026-02-21,2,2026-03-07,wk inc flu hosp,quantile,0.15,0.0
10,2026-02-21,2,2026-03-07,wk inc flu hosp,quantile,0.15,1.7906359959584346
11,2026-02-21,2,2026-03-07,wk inc flu hosp,quantile,0.15,0.0
12,2026-02-21,2,2026-03-07,wk inc flu hosp,quantile,0.15,1469.6885905737236
13,2026-02-21,2,2026-03-07,wk inc flu hosp,quantile,0.15,290.1809629073653
15,2026-02-21,2,2026-03-07,wk inc flu hosp,quantile,0.15,9.629804608559741
16,2026-02-21,2,2026-03-07,wk inc flu hosp,quantile,0.15,50.46976387818
17,2026-02-21,2,2026-03-07,wk inc flu hosp,quantile,0.15,305.8180749003506
18,2026-02-21,2,2026-03-07,wk inc flu hosp,quantile,0.15,98.32502185031096
19,2026-02-21,2,2026-03-07,wk inc flu hosp,quantile,0.15,113.50792928459624
20,2026-02-21,2,2026-03-07,wk inc flu hosp,quantile,0.15,97.59608963233377
21,2026-02-21,2,2026-03-07,wk inc flu hosp,quantile,0.15,64.73483560171259
22,2026-02-21,2,2026-03-07,wk inc flu hosp,quantile,0.15,154.8253413666968
23,2026-02-21,2,2026-03-07,wk inc flu hosp,quantile,0.15,5.984259908421455
24,2026-02-21,2,2026-03-07,wk inc flu hosp,quantile,0.15,30.20999031908748
25,2026-02-21,2,2026-03-07,wk inc flu hosp,quantile,0.15,0.9114212934304947
26,2026-02-21,2,2026-03-07,wk inc flu hosp,quantile,0.15,114.97914386744978
27,2026-02-21,2,2026-03-07,wk inc flu hosp,quantile,0.15,88.50079237553419
28,2026-02-21,2,2026-03-07,wk inc flu hosp,quantile,0.15,155.57139554834757
29,2026-02-21,2,2026-03-07,wk inc flu hosp,quantile,0.15,200.7137923993955
30,2026-02-21,2,2026-03-07,wk inc flu hosp,quantile,0.15,20.54647745265623
31,2026-02-21,2,2026-03-07,wk inc flu hosp,quantile,0.15,84.35630124163436
32,2026-02-21,2,2026-03-07,wk inc flu hosp,quantile,0.15,77.22123728029277
33,2026-02-21,2,2026-03-07,wk inc flu hosp,quantile,0.15,11.969528096708242
34,2026-02-21,2,2026-03-07,wk inc flu hosp,quantile,0.15,72.43974936825175
35,2026-02-21,2,2026-03-07,wk inc flu hosp,quantile,0.15,104.09247268091092
36,2026-02-21,2,2026-03-07,wk inc flu hosp,quantile,0.15,49.585665976052425
37,2026-02-21,2,2026-03-07,wk inc flu hosp,quantile,0.15,59.96239432880708
38,2026-02-21,2,2026-03-07,wk inc flu hosp,quantile,0.15,6.135051940003121
39,2026-02-21,2,2026-03-07,wk inc flu hosp,quantile,0.15,213.34328714074462
40,2026-02-21,2,2026-03-07,wk inc flu hosp,quantile,0.15,143.19761532802602
41,2026-02-21,2,2026-03-07,wk inc flu hosp,quantile,0.15,91.85015037269096
42,2026-02-21,2,2026-03-07,wk inc flu hosp,quantile,0.15,366.3216356449277
44,2026-02-21,2,2026-03-07,wk inc flu hosp,quantile,0.15,1.6261086996904155
45,2026-02-21,2,2026-03-07,wk inc flu hosp,quantile,0.15,115.74568000339117
46,2026-02-21,2,2026-03-07,wk inc flu hosp,quantile,0.15,10.093648694278148
47,2026-02-21,2,2026-03-07,wk inc flu hosp,quantile,0.15,164.79431549276077
48,2026-02-21,2,2026-03-07,wk inc flu hosp,quantile,0.15,717.7018395024012
49,2026-02-21,2,2026-03-07,wk inc flu hosp,quantile,0.15,36.19605066038201
50,2026-02-21,2,2026-03-07,wk inc flu hosp,quantile,0.15,3.3123702969914692
51,2026-02-21,2,2026-03-07,wk inc flu hosp,quantile,0.15,53.89707522608602
53,2026-02-21,2,2026-03-07,wk inc flu hosp,quantile,0.15,115.67368148664737
54,2026-02-21,2,2026-03-07,wk inc flu hosp,quantile,0.15,29.573002235970975
55,2026-02-21,2,2026-03-07,wk inc flu hosp,quantile,0.15,126.02359814865756
56,2026-02-21,2,2026-03-07,wk inc flu hosp,quantile,0.15,14.173116511335303
72,2026-02-21,2,2026-03-07,wk inc flu hosp,quantile,0.15,68.64704943505843
US,2026-02-21,2,2026-03-07,wk inc flu hosp,quantile,0.15,7195.3416977552315
01,2026-02-21,3,2026-03-14,wk inc flu hosp,quantile,0.15,0.0
02,2026-02-21,3,2026-03-14,wk inc flu hosp,quantile,0.15,0.0
04,2026-02-21,3,2026-03-14,wk inc flu hosp,quantile,0.15,370.882985349336
05,2026-02-21,3,2026-03-14,wk inc flu hosp,quantile,0.15,78.59972831679512
06,2026-02-21,3,2026-03-14,wk inc flu hosp,quantile,0.15,573.8176175840667
08,2026-02-21,3,2026-03-14,wk inc flu hosp,quantile,0.15,57.11865371133737
09,2026-02-21,3,2026-03-14,wk inc flu hosp,quantile,0.15,0.0
10,2026-02-21,3,2026-03-14,wk inc flu hosp,quantile,0.15,0.11877111642543385
11,2026-02-21,3,2026-03-14,wk inc flu hosp,quantile,0.15,0.0
12,2026-02-21,3,2026-03-14,wk inc flu hosp,quantile,0.15,1336.22969679769
13,2026-02-21,3,2026-03-14,wk inc flu hosp,quantile,0.15,256.5770067069759
15,2026-02-21,3,2026-03-14,wk inc flu hosp,quantile,0.15,6.785327274441216
16,2026-02-21,3,2026-03-14,wk inc flu hosp,quantile,0.15,40.8765182267658
17,2026-02-21,3,2026-03-14,wk inc flu hosp,quantile,0.15,268.36066602153505
18,2026-02-21,3,2026-03-14,wk inc flu hosp,quantile,0.15,60.25331295146527
19,2026-02-21,3,2026-03-14,wk inc flu hosp,quantile,0.15,88.92879548739016
20,2026-02-21,3,2026-03-14,wk inc flu hosp,quantile,0.15,74.37063827883506
21,2026-02-21,3,2026-03-14,wk inc flu hosp,quantile,0.15,37.94682561801861
22,2026-02-21,3,2026-03-14,wk inc flu hosp,quantile,0.15,120.29420994052883
23,2026-02-21,3,2026-03-14,wk inc flu hosp,quantile,0.15,2.8565673188252743
24,2026-02-21,3,2026-03-14,wk inc flu hosp,quantile,0.15,20.575901599296863
25,2026-02-21,3,2026-03-14,wk inc flu hosp,quantile,0.15,0.0
26,2026-02-21,3,2026-03-14,wk inc flu hosp,quantile,0.15,81.66780557207902
27,2026-02-21,3,2026-03-14,wk inc flu hosp,quantile,0.15,75.59704484511849
28,2026-02-21,3,2026-03-14,wk inc flu hosp,quantile,0.15,137.95148571163944
29,2026-02-21,3,2026-03-14,wk inc flu hosp,quantile,0.15,165.89016604736523
30,2026-02-21,3,2026-03-14,wk inc flu hosp,quantile,0.15,14.052058507256717
31,2026-02-21,3,2026-03-14,wk inc flu hosp,quantile,0.15,73.6021170819047
32,2026-02-21,3,2026-03-14,wk inc flu hosp,quantile,0.15,66.9375968454224
33,2026-02-21,3,2026-03-14,wk inc flu hosp,quantile,0.15,9.33516475827375
34,2026-02-21,3,2026-03-14,wk inc flu hosp,quantile,0.15,51.811950964255246
35,2026-02-21,3,2026-03-14,wk inc flu hosp,quantile,0.15,93.30457790938398
36,2026-02-21,3,2026-03-14,wk inc flu hosp,quantile,0.15,16.758114973612493
37,2026-02-21,3,2026-03-14,wk inc flu hosp,quantile,0.15,30.545089231888504
38,2026-02-21,3,2026-03-14,wk inc flu hosp,quantile,0.15,3.1779826633539883
39,2026-02-21,3,2026-03-14,wk inc flu hosp,quantile,0.15,157.9099716092688
40,2026-02-21,3,2026-03-14,wk inc flu hosp,quantile,0.15,116.86306150103981
41,2026-02-21,3,2026-03-14,wk inc flu hosp,quantile,0.15,61.82244232307006
42,2026-02-21,3,2026-03-14,wk inc flu hosp,quantile,0.15,282.55965614270514
44,2026-02-21,3,2026-03-14,wk inc flu hosp,quantile,0.15,0.1945317654536389
45,2026-02-21,3,2026-03-14,wk inc flu hosp,quantile,0.15,91.47708200401436
46,2026-02-21,3,2026-03-14,wk inc flu hosp,quantile,0.15,6.2046861537878515
47,2026-02-21,3,2026-03-14,wk inc flu hosp,quantile,0.15,129.02609203348308
48,2026-02-21,3,2026-03-14,wk inc flu hosp,quantile,0.15,576.9843150279121
49,2026-02-21,3,2026-03-14,wk inc flu hosp,quantile,0.15,29.07402095661579
50,2026-02-21,3,2026-03-14,wk inc flu hosp,quantile,0.15,1.6523559190595662
51,2026-02-21,3,2026-03-14,wk inc flu hosp,quantile,0.15,26.78418730339275
53,2026-02-21,3,2026-03-14,wk inc flu hosp,quantile,0.15,77.33234701175105
54,2026-02-21,3,2026-03-14,wk inc flu hosp,quantile,0.15,20.046592396954498
55,2026-02-21,3,2026-03-14,wk inc flu hosp,quantile,0.15,106.46516359088245
56,2026-02-21,3,2026-03-14,wk inc flu hosp,quantile,0.15,12.631614914573685
72,2026-02-21,3,2026-03-14,wk inc flu hosp,quantile,0.15,50.74041085894523
US,2026-02-21,3,2026-03-14,wk inc flu hosp,quantile,0.15,5849.252895742654
01,2026-02-21,0,2026-02-21,wk inc flu hosp,quantile,0.2,0.0
02,2026-02-21,0,2026-02-21,wk inc flu hosp,quantile,0.2,2.930840801740457
04,2026-02-21,0,2026-02-21,wk inc flu hosp,quantile,0.2,407.7411507789783
05,2026-02-21,0,2026-02-21,wk inc flu hosp,quantile,0.2,147.6735558856195
06,2026-02-21,0,2026-02-21,wk inc flu hosp,quantile,0.2,1310.9121583263936
08,2026-02-21,0,2026-02-21,wk inc flu hosp,quantile,0.2,88.1111838892425
09,2026-02-21,0,2026-02-21,wk inc flu hosp,quantile,0.2,14.666540548100068
10,2026-02-21,0,2026-02-21,wk inc flu hosp,quantile,0.2,13.587178154839785
11,2026-02-21,0,2026-02-21,wk inc flu hosp,quantile,0.2,0.9171422983689349
12,2026-02-21,0,2026-02-21,wk inc flu hosp,quantile,0.2,1838.6451137714098
13,2026-02-21,0,2026-02-21,wk inc flu hosp,quantile,0.2,356.6365516153744
15,2026-02-21,0,2026-02-21,wk inc flu hosp,quantile,0.2,14.85275874301254
16,2026-02-21,0,2026-02-21,wk inc flu hosp,quantile,0.2,75.86602257596529
17,2026-02-21,0,2026-02-21,wk inc flu hosp,quantile,0.2,416.7744650201402
18,2026-02-21,0,2026-02-21,wk inc flu hosp,quantile,0.2,177.56289860329156
19,2026-02-21,0,2026-02-21,wk inc flu hosp,quantile,0.2,171.84154584712923
20,2026-02-21,0,2026-02-21,wk inc flu hosp,quantile,0.2,150.14445786620374
21,2026-02-21,0,2026-02-21,wk inc flu hosp,quantile,0.2,132.57818486239472
22,2026-02-21,0,2026-02-21,wk inc flu hosp,quantile,0.2,227.38985656027072
23,2026-02-21,0,2026-02-21,wk inc flu hosp,quantile,0.2,24.461842326710137
24,2026-02-21,0,2026-02-21,wk inc flu hosp,quantile,0.2,48.835787176721624
25,2026-02-21,0,2026-02-21,wk inc flu hosp,quantile,0.2,31.864481896988387
26,2026-02-21,0,2026-02-21,wk inc flu hosp,quantile,0.2,184.71555028584183
27,2026-02-21,0,2026-02-21,wk inc flu hosp,quantile,0.2,121.09118147549403
28,2026-02-21,0,2026-02-21,wk inc flu hosp,quantile,0.2,185.91867263598493
29,2026-02-21,0,2026-02-21,wk inc flu hosp,quantile,0.2,313.0999895749593
30,2026-02-21,0,2026-02-21,wk inc flu hosp,quantile,0.2,46.665352907453325
31,2026-02-21,0,2026-02-21,wk inc flu hosp,quantile,0.2,114.06670851435194
32,2026-02-21,0,2026-02-21,wk inc flu hosp,quantile,0.2,97.05119179223553
33,2026-02-21,0,2026-02-21,wk inc flu hosp,quantile,0.2,21.18961192666012
34,2026-02-21,0,2026-02-21,wk inc flu hosp,quantile,0.2,126.96532084768509
35,2026-02-21,0,2026-02-21,wk inc flu hosp,quantile,0.2,126.62118934679124
36,2026-02-21,0,2026-02-21,wk inc flu hosp,quantile,0.2,114.56899698653847
37,2026-02-21,0,2026-02-21,wk inc flu hosp,quantile,0.2,171.85014280236942
38,2026-02-21,0,2026-02-21,wk inc flu hosp,quantile,0.2,18.855269635516294
39,2026-02-21,0,2026-02-21,wk inc flu hosp,quantile,0.2,349.31737163642026
40,2026-02-21,0,2026-02-21,wk inc flu hosp,quantile,0.2,185.5732556529998
41,2026-02-21,0,2026-02-21,wk inc flu hosp,quantile,0.2,179.7221432966138
42,2026-02-21,0,2026-02-21,wk inc flu hosp,quantile,0.2,580.6627990366973
44,2026-02-21,0,2026-02-21,wk inc flu hosp,quantile,0.2,7.665428557053805
45,2026-02-21,0,2026-02-21,wk inc flu hosp,quantile,0.2,177.3404192929632
46,2026-02-21,0,2026-02-21,wk inc flu hosp,quantile,0.2,25.695066015031212
47,2026-02-21,0,2026-02-21,wk inc flu hosp,quantile,0.2,252.07831820218877
48,2026-02-21,0,2026-02-21,wk inc flu hosp,quantile,0.2,960.7625106763172
49,2026-02-21,0,2026-02-21,wk inc flu hosp,quantile,0.2,54.51615003721718
50,2026-02-21,0,2026-02-21,wk inc flu hosp,quantile,0.2,10.163655742872278
51,2026-02-21,0,2026-02-21,wk inc flu hosp,quantile,0.2,136.53260664341116
53,2026-02-21,0,2026-02-21,wk inc flu hosp,quantile,0.2,202.26403179086373
54,2026-02-21,0,2026-02-21,wk inc flu hosp,quantile,0.2,79.61672940948944
55,2026-02-21,0,2026-02-21,wk inc flu hosp,quantile,0.2,185.69000519823217
56,2026-02-21,0,2026-02-21,wk inc flu hosp,quantile,0.2,17.530930257091693
72,2026-02-21,0,2026-02-21,wk inc flu hosp,quantile,0.2,109.34841244932795
US,2026-02-21,0,2026-02-21,wk inc flu hosp,quantile,0.2,10760.179418570671
01,2026-02-21,1,2026-02-28,wk inc flu hosp,quantile,0.2,0.0
02,2026-02-21,1,2026-02-28,wk inc flu hosp,quantile,0.2,1.0661560347011976
04,2026-02-21,1,2026-02-28,wk inc flu hosp,quantile,0.2,409.21255149245167
05,2026-02-21,1,2026-02-28,wk inc flu hosp,quantile,0.2,126.74123256054794
06,2026-02-21,1,2026-02-28,wk inc flu hosp,quantile,0.2,1022.6215238332404
08,2026-02-21,1,2026-02-28,wk inc flu hosp,quantile,0.2,82.36171581583318
09,2026-02-21,1,2026-02-28,wk inc flu hosp,quantile,0.2,5.980061374054085
10,2026-02-21,1,2026-02-28,wk inc flu hosp,quantile,0.2,5.355431121992993
11,2026-02-21,1,2026-02-28,wk inc flu hosp,quantile,0.2,0.2874357863331411
12,2026-02-21,1,2026-02-28,wk inc flu hosp,quantile,0.2,1764.1134725209715
13,2026-02-21,1,2026-02-28,wk inc flu hosp,quantile,0.2,346.94677071878687
15,2026-02-21,1,2026-02-28,wk inc flu hosp,quantile,0.2,12.905655443062098
16,2026-02-21,1,2026-02-28,wk inc flu hosp,quantile,0.2,67.38408132365987
17,2026-02-21,1,2026-02-28,wk inc flu hosp,quantile,0.2,394.755148060663
18,2026-02-21,1,2026-02-28,wk inc flu hosp,quantile,0.2,127.76669720401513
19,2026-02-21,1,2026-02-28,wk inc flu hosp,quantile,0.2,152.31400436987195
20,2026-02-21,1,2026-02-28,wk inc flu hosp,quantile,0.2,131.52310421505265
21,2026-02-21,1,2026-02-28,wk inc flu hosp,quantile,0.2,94.33028300983327
22,2026-02-21,1,2026-02-28,wk inc flu hosp,quantile,0.2,192.8222657462916
23,2026-02-21,1,2026-02-28,wk inc flu hosp,quantile,0.2,16.464998374781473
24,2026-02-21,1,2026-02-28,wk inc flu hosp,quantile,0.2,44.22134312237618
25,2026-02-21,1,2026-02-28,wk inc flu hosp,quantile,0.2,11.47740464399477
26,2026-02-21,1,2026-02-28,wk inc flu hosp,quantile,0.2,154.6676304102146
27,2026-02-21,1,2026-02-28,wk inc flu hosp,quantile,0.2,112.71783635063315
28,2026-02-21,1,2026-02-28,wk inc flu hosp,quantile,0.2,179.96121521997568
29,2026-02-21,1,2026-02-28,wk inc flu hosp,quantile,0.2,267.715060068917
30,2026-02-21,1,2026-02-28,wk inc flu hosp,quantile,0.2,34.93489928441041
31,2026-02-21,1,2026-02-28,wk inc flu hosp,quantile,0.2,108.18344757069148
32,2026-02-21,1,2026-02-28,wk inc flu hosp,quantile,0.2,89.92470590761563
33,2026-02-21,1,2026-02-28,wk inc flu hosp,quantile,0.2,18.771020143369828
34,2026-02-21,1,2026-02-28,wk inc flu hosp,quantile,0.2,108.65631878623199
35,2026-02-21,1,2026-02-28,wk inc flu hosp,quantile,0.2,121.45415483624211
36,2026-02-21,1,2026-02-28,wk inc flu hosp,quantile,0.2,80.72288283241554
37,2026-02-21,1,2026-02-28,wk inc flu hosp,quantile,0.2,119.4084175568609
38,2026-02-21,1,2026-02-28,wk inc flu hosp,quantile,0.2,10.925720969018615
39,2026-02-21,1,2026-02-28,wk inc flu hosp,quantile,0.2,313.9294351898189
40,2026-02-21,1,2026-02-28,wk inc flu hosp,quantile,0.2,167.58766280385169
41,2026-02-21,1,2026-02-28,wk inc flu hosp,quantile,0.2,118.05949364896291
42,2026-02-21,1,2026-02-28,wk inc flu hosp,quantile,0.2,510.9600375164943
44,2026-02-21,1,2026-02-28,wk inc flu hosp,quantile,0.2,4.261934184176391
45,2026-02-21,1,2026-02-28,wk inc flu hosp,quantile,0.2,152.8947773285949
46,2026-02-21,1,2026-02-28,wk inc flu hosp,quantile,0.2,18.04388193738172
47,2026-02-21,1,2026-02-28,wk inc flu hosp,quantile,0.2,207.40022252348854
48,2026-02-21,1,2026-02-28,wk inc flu hosp,quantile,0.2,855.3701092870522
49,2026-02-21,1,2026-02-28,wk inc flu hosp,quantile,0.2,47.95353689019076
50,2026-02-21,1,2026-02-28,wk inc flu hosp,quantile,0.2,6.950763185257198
51,2026-02-21,1,2026-02-28,wk inc flu hosp,quantile,0.2,93.10108988538778
53,2026-02-21,1,2026-02-28,wk inc flu hosp,quantile,0.2,148.0127794854923
54,2026-02-21,1,2026-02-28,wk inc flu hosp,quantile,0.2,55.62244681453643
55,2026-02-21,1,2026-02-28,wk inc flu hosp,quantile,0.2,171.76063397991123
56,2026-02-21,1,2026-02-28,wk inc flu hosp,quantile,0.2,16.792416756919597
72,2026-02-21,1,2026-02-28,wk inc flu hosp,quantile,0.2,84.6267023486954
US,2026-02-21,1,2026-02-28,wk inc flu hosp,quantile,0.2,9447.515602650668
01,2026-02-21,2,2026-03-07,wk inc flu hosp,quantile,0.2,0.0
02,2026-02-21,2,2026-03-07,wk inc flu hosp,quantile,0.2,0.20542084852723144
04,2026-02-21,2,2026-03-07,wk inc flu hosp,quantile,0.2,392.5492942733251
05,2026-02-21,2,2026-03-07,wk inc flu hosp,quantile,0.2,102.18411723871455
06,2026-02-21,2,2026-03-07,wk inc flu hosp,quantile,0.2,840.3350144085991
08,2026-02-21,2,2026-03-07,wk inc flu hosp,quantile,0.2,72.14709686381657
09,2026-02-21,2,2026-03-07,wk inc flu hosp,quantile,0.2,1.192479828258164
10,2026-02-21,2,2026-03-07,wk inc flu hosp,quantile,0.2,2.407633279654093
11,2026-02-21,2,2026-03-07,wk inc flu hosp,quantile,0.2,0.0
12,2026-02-21,2,2026-03-07,wk inc flu hosp,quantile,0.2,1664.1264854835501
13,2026-02-21,2,2026-03-07,wk inc flu hosp,quantile,0.2,330.1637328700577
15,2026-02-21,2,2026-03-07,wk inc flu hosp,quantile,0.2,9.801672937102756
16,2026-02-21,2,2026-03-07,wk inc flu hosp,quantile,0.2,57.17384048085462
17,2026-02-21,2,2026-03-07,wk inc flu hosp,quantile,0.2,363.2155986500021
18,2026-02-21,2,2026-03-07,wk inc flu hosp,quantile,0.2,99.37420723865473
19,2026-02-21,2,2026-03-07,wk inc flu hosp,quantile,0.2,115.77678858753075
20,2026-02-21,2,2026-03-07,wk inc flu hosp,quantile,0.2,101.90091754763199
21,2026-02-21,2,2026-03-07,wk inc flu hosp,quantile,0.2,71.58897408733931
22,2026-02-21,2,2026-03-07,wk inc flu hosp,quantile,0.2,161.82571287292248
23,2026-02-21,2,2026-03-07,wk inc flu hosp,quantile,0.2,10.723884061607384
24,2026-02-21,2,2026-03-07,wk inc flu hosp,quantile,0.2,30.653107129944676
25,2026-02-21,2,2026-03-07,wk inc flu hosp,quantile,0.2,1.3861741805087897
26,2026-02-21,2,2026-03-07,wk inc flu hosp,quantile,0.2,118.53222020583611
27,2026-02-21,2,2026-03-07,wk inc flu hosp,quantile,0.2,104.64116424616654
28,2026-02-21,2,2026-03-07,wk inc flu hosp,quantile,0.2,172.55675108501393
29,2026-02-21,2,2026-03-07,wk inc flu hosp,quantile,0.2,220.83263571706675
30,2026-02-21,2,2026-03-07,wk inc flu hosp,quantile,0.2,27.62363347571381
31,2026-02-21,2,2026-03-07,wk inc flu hosp,quantile,0.2,98.63274756247571
32,2026-02-21,2,2026-03-07,wk inc flu hosp,quantile,0.2,80.22600789607364
33,2026-02-21,2,2026-03-07,wk inc flu hosp,quantile,0.2,17.004679187430597
34,2026-02-21,2,2026-03-07,wk inc flu hosp,quantile,0.2,83.13538019875881
35,2026-02-21,2,2026-03-07,wk inc flu hosp,quantile,0.2,116.72632587194971
36,2026-02-21,2,2026-03-07,wk inc flu hosp,quantile,0.2,52.201922769416946
37,2026-02-21,2,2026-03-07,wk inc flu hosp,quantile,0.2,85.16076978885262
38,2026-02-21,2,2026-03-07,wk inc flu hosp,quantile,0.2,6.7997024377210975
39,2026-02-21,2,2026-03-07,wk inc flu hosp,quantile,0.2,248.27692768328043
40,2026-02-21,2,2026-03-07,wk inc flu hosp,quantile,0.2,144.5249072044353
41,2026-02-21,2,2026-03-07,wk inc flu hosp,quantile,0.2,98.02137902653378
42,2026-02-21,2,2026-03-07,wk inc flu hosp,quantile,0.2,405.9023278193833
44,2026-02-21,2,2026-03-07,wk inc flu hosp,quantile,0.2,2.0831847584923273
45,2026-02-21,2,2026-03-07,wk inc flu hosp,quantile,0.2,123.40950312505733
46,2026-02-21,2,2026-03-07,wk inc flu hosp,quantile,0.2,12.10214019377146
47,2026-02-21,2,2026-03-07,wk inc flu hosp,quantile,0.2,172.13033556380816
48,2026-02-21,2,2026-03-07,wk inc flu hosp,quantile,0.2,726.7741780484693
49,2026-02-21,2,2026-03-07,wk inc flu hosp,quantile,0.2,40.20149078842399
50,2026-02-21,2,2026-03-07,wk inc flu hosp,quantile,0.2,4.929565635444213
51,2026-02-21,2,2026-03-07,wk inc flu hosp,quantile,0.2,65.21224493522195
53,2026-02-21,2,2026-03-07,wk inc flu hosp,quantile,0.2,116.89636815833688
54,2026-02-21,2,2026-03-07,wk inc flu hosp,quantile,0.2,38.88804393205682
55,2026-02-21,2,2026-03-07,wk inc flu hosp,quantile,0.2,154.22870183006575
56,2026-02-21,2,2026-03-07,wk inc flu hosp,quantile,0.2,16.282491337254115
72,2026-02-21,2,2026-03-07,wk inc flu hosp,quantile,0.2,69.4641602713019
US,2026-02-21,2,2026-03-07,wk inc flu hosp,quantile,0.2,7837.833370965511
01,2026-02-21,3,2026-03-14,wk inc flu hosp,quantile,0.2,0.0
02,2026-02-21,3,2026-03-14,wk inc flu hosp,quantile,0.2,0.0
04,2026-02-21,3,2026-03-14,wk inc flu hosp,quantile,0.2,378.4313850469349
05,2026-02-21,3,2026-03-14,wk inc flu hosp,quantile,0.2,80.00714503573931
06,2026-02-21,3,2026-03-14,wk inc flu hosp,quantile,0.2,617.4562124533466
08,2026-02-21,3,2026-03-14,wk inc flu hosp,quantile,0.2,63.81573665651679
09,2026-02-21,3,2026-03-14,wk inc flu hosp,quantile,0.2,0.0
10,2026-02-21,3,2026-03-14,wk inc flu hosp,quantile,0.2,0.5500634816117749
11,2026-02-21,3,2026-03-14,wk inc flu hosp,quantile,0.2,0.0
12,2026-02-21,3,2026-03-14,wk inc flu hosp,quantile,0.2,1457.1553898574682
13,2026-02-21,3,2026-03-14,wk inc flu hosp,quantile,0.2,289.1115509622014
15,2026-02-21,3,2026-03-14,wk inc flu hosp,quantile,0.2,7.2083785239764335
16,2026-02-21,3,2026-03-14,wk inc flu hosp,quantile,0.2,43.46380742404687
17,2026-02-21,3,2026-03-14,wk inc flu hosp,quantile,0.2,304.7804042895563
18,2026-02-21,3,2026-03-14,wk inc flu hosp,quantile,0.2,67.09511101967668
19,2026-02-21,3,2026-03-14,wk inc flu hosp,quantile,0.2,89.71696746666461
20,2026-02-21,3,2026-03-14,wk inc flu hosp,quantile,0.2,74.6544383457333
21,2026-02-21,3,2026-03-14,wk inc flu hosp,quantile,0.2,46.12523771744505
22,2026-02-21,3,2026-03-14,wk inc flu hosp,quantile,0.2,121.6971219817807
23,2026-02-21,3,2026-03-14,wk inc flu hosp,quantile,0.2,6.2099790236143315
24,2026-02-21,3,2026-03-14,wk inc flu hosp,quantile,0.2,21.381498308672377
25,2026-02-21,3,2026-03-14,wk inc flu hosp,quantile,0.2,0.0
26,2026-02-21,3,2026-03-14,wk inc flu hosp,quantile,0.2,85.6387914106101
27,2026-02-21,3,2026-03-14,wk inc flu hosp,quantile,0.2,86.93702222604051
28,2026-02-21,3,2026-03-14,wk inc flu hosp,quantile,0.2,155.97509207778157
29,2026-02-21,3,2026-03-14,wk inc flu hosp,quantile,0.2,173.63830475235653
30,2026-02-21,3,2026-03-14,wk inc flu hosp,quantile,0.2,20.01740855299812
31,2026-02-21,3,2026-03-14,wk inc flu hosp,quantile,0.2,84.9191837860017
32,2026-02-21,3,2026-03-14,wk inc flu hosp,quantile,0.2,66.95147881136462
33,2026-02-21,3,2026-03-14,wk inc flu hosp,quantile,0.2,13.671448258413141
34,2026-02-21,3,2026-03-14,wk inc flu hosp,quantile,0.2,52.74121579846469
35,2026-02-21,3,2026-03-14,wk inc flu hosp,quantile,0.2,102.48274240720565
36,2026-02-21,3,2026-03-14,wk inc flu hosp,quantile,0.2,18.236202443045244
37,2026-02-21,3,2026-03-14,wk inc flu hosp,quantile,0.2,46.54700791054802
38,2026-02-21,3,2026-03-14,wk inc flu hosp,quantile,0.2,3.947910591954199
39,2026-02-21,3,2026-03-14,wk inc flu hosp,quantile,0.2,176.2986512262601
40,2026-02-21,3,2026-03-14,wk inc flu hosp,quantile,0.2,122.0466069256941
41,2026-02-21,3,2026-03-14,wk inc flu hosp,quantile,0.2,72.96759988886785
42,2026-02-21,3,2026-03-14,wk inc flu hosp,quantile,0.2,298.7448854915001
44,2026-02-21,3,2026-03-14,wk inc flu hosp,quantile,0.2,0.22276348438267687
45,2026-02-21,3,2026-03-14,wk inc flu hosp,quantile,0.2,91.67938376229877
46,2026-02-21,3,2026-03-14,wk inc flu hosp,quantile,0.2,7.867192972227009
47,2026-02-21,3,2026-03-14,wk inc flu hosp,quantile,0.2,134.7334965245247
48,2026-02-21,3,2026-03-14,wk inc flu hosp,quantile,0.2,611.1488638875232
49,2026-02-21,3,2026-03-14,wk inc flu hosp,quantile,0.2,29.463534510139514
50,2026-02-21,3,2026-03-14,wk inc flu hosp,quantile,0.2,2.864147867841745
51,2026-02-21,3,2026-03-14,wk inc flu hosp,quantile,0.2,40.27685163167903
53,2026-02-21,3,2026-03-14,wk inc flu hosp,quantile,0.2,85.84073323479015
54,2026-02-21,3,2026-03-14,wk inc flu hosp,quantile,0.2,26.526243951490237
55,2026-02-21,3,2026-03-14,wk inc flu hosp,quantile,0.2,128.64851188498196
56,2026-02-21,3,2026-03-14,wk inc flu hosp,quantile,0.2,14.392439936814283
72,2026-02-21,3,2026-03-14,wk inc flu hosp,quantile,0.2,50.8112189283969
US,2026-02-21,3,2026-03-14,wk inc flu hosp,quantile,0.2,5873.153243189483
01,2026-02-21,0,2026-02-21,wk inc flu hosp,quantile,0.25,0.0
02,2026-02-21,0,2026-02-21,wk inc flu hosp,quantile,0.25,3.265887007720988
04,2026-02-21,0,2026-02-21,wk inc flu hosp,quantile,0.25,410.16961135439306
05,2026-02-21,0,2026-02-21,wk inc flu hosp,quantile,0.25,148.98443810903066
06,2026-02-21,0,2026-02-21,wk inc flu hosp,quantile,0.25,1343.2153209729904
08,2026-02-21,0,2026-02-21,wk inc flu hosp,quantile,0.25,88.13300202047267
09,2026-02-21,0,2026-02-21,wk inc flu hosp,quantile,0.25,16.41025618101165
10,2026-02-21,0,2026-02-21,wk inc flu hosp,quantile,0.25,13.721617247036747
11,2026-02-21,0,2026-02-21,wk inc flu hosp,quantile,0.25,1.286106082433406
12,2026-02-21,0,2026-02-21,wk inc flu hosp,quantile,0.25,1907.927657895675
13,2026-02-21,0,2026-02-21,wk inc flu hosp,quantile,0.25,368.78780520856367
15,2026-02-21,0,2026-02-21,wk inc flu hosp,quantile,0.25,15.211089298231903
16,2026-02-21,0,2026-02-21,wk inc flu hosp,quantile,0.25,79.37272165587524
17,2026-02-21,0,2026-02-21,wk inc flu hosp,quantile,0.25,423.68074056154205
18,2026-02-21,0,2026-02-21,wk inc flu hosp,quantile,0.25,188.53329219100746
19,2026-02-21,0,2026-02-21,wk inc flu hosp,quantile,0.25,182.58425874106672
20,2026-02-21,0,2026-02-21,wk inc flu hosp,quantile,0.25,155.4611480117562
21,2026-02-21,0,2026-02-21,wk inc flu hosp,quantile,0.25,142.65720621913476
22,2026-02-21,0,2026-02-21,wk inc flu hosp,quantile,0.25,234.43667976186916
23,2026-02-21,0,2026-02-21,wk inc flu hosp,quantile,0.25,26.003339496395835
24,2026-02-21,0,2026-02-21,wk inc flu hosp,quantile,0.25,48.972894295844135
25,2026-02-21,0,2026-02-21,wk inc flu hosp,quantile,0.25,33.98815416176211
26,2026-02-21,0,2026-02-21,wk inc flu hosp,quantile,0.25,185.29749430509136
27,2026-02-21,0,2026-02-21,wk inc flu hosp,quantile,0.25,126.35763476156092
28,2026-02-21,0,2026-02-21,wk inc flu hosp,quantile,0.25,188.155847914161
29,2026-02-21,0,2026-02-21,wk inc flu hosp,quantile,0.25,329.167909133385
30,2026-02-21,0,2026-02-21,wk inc flu hosp,quantile,0.25,48.267251930497366
31,2026-02-21,0,2026-02-21,wk inc flu hosp,quantile,0.25,122.23504306573257
32,2026-02-21,0,2026-02-21,wk inc flu hosp,quantile,0.25,97.27168527767076
33,2026-02-21,0,2026-02-21,wk inc flu hosp,quantile,0.25,23.26349957287299
34,2026-02-21,0,2026-02-21,wk inc flu hosp,quantile,0.25,127.25691131255587
35,2026-02-21,0,2026-02-21,wk inc flu hosp,quantile,0.25,141.00137045295813
36,2026-02-21,0,2026-02-21,wk inc flu hosp,quantile,0.25,120.30271430827403
37,2026-02-21,0,2026-02-21,wk inc flu hosp,quantile,0.25,180.98368075125302
38,2026-02-21,0,2026-02-21,wk inc flu hosp,quantile,0.25,19.05945613116197
39,2026-02-21,0,2026-02-21,wk inc flu hosp,quantile,0.25,360.6678597934683
40,2026-02-21,0,2026-02-21,wk inc flu hosp,quantile,0.25,192.65065487265016
41,2026-02-21,0,2026-02-21,wk inc flu hosp,quantile,0.25,189.3150773865632
42,2026-02-21,0,2026-02-21,wk inc flu hosp,quantile,0.25,606.6696397014097
44,2026-02-21,0,2026-02-21,wk inc flu hosp,quantile,0.25,7.677392321693107
45,2026-02-21,0,2026-02-21,wk inc flu hosp,quantile,0.25,178.03226279111723
46,2026-02-21,0,2026-02-21,wk inc flu hosp,quantile,0.25,26.000860363678992
47,2026-02-21,0,2026-02-21,wk inc flu hosp,quantile,0.25,256.17475493408756
48,2026-02-21,0,2026-02-21,wk inc flu hosp,quantile,0.25,1005.4437020298399
49,2026-02-21,0,2026-02-21,wk inc flu hosp,quantile,0.25,57.29820013624972
50,2026-02-21,0,2026-02-21,wk inc flu hosp,quantile,0.25,10.645298066670167
51,2026-02-21,0,2026-02-21,wk inc flu hosp,quantile,0.25,139.79123366079875
53,2026-02-21,0,2026-02-21,wk inc flu hosp,quantile,0.25,204.27604408897062
54,2026-02-21,0,2026-02-21,wk inc flu hosp,quantile,0.25,81.44492413669752
55,2026-02-21,0,2026-02-21,wk inc flu hosp,quantile,0.25,189.30830673507458
56,2026-02-21,0,2026-02-21,wk inc flu hosp,quantile,0.25,21.170265398292436
72,2026-02-21,0,2026-02-21,wk inc flu hosp,quantile,0.25,110.22526311520932
US,2026-02-21,0,2026-02-21,wk inc flu hosp,quantile,0.25,11060.034543149237
01,2026-02-21,1,2026-02-28,wk inc flu hosp,quantile,0.25,0.0
02,2026-02-21,1,2026-02-28,wk inc flu hosp,quantile,0.25,1.1323967937090755
04,2026-02-21,1,2026-02-28,wk inc flu hosp,quantile,0.25,411.20023021836823
05,2026-02-21,1,2026-02-28,wk inc flu hosp,quantile,0.25,132.14451993412683
06,2026-02-21,1,2026-02-28,wk inc flu hosp,quantile,0.25,1158.1663548222398
08,2026-02-21,1,2026-02-28,wk inc flu hosp,quantile,0.25,84.55085071953695
09,2026-02-21,1,2026-02-28,wk inc flu hosp,quantile,0.25,10.151457739097186
10,2026-02-21,1,2026-02-28,wk inc flu hosp,quantile,0.25,6.518688615041099
11,2026-02-21,1,2026-02-28,wk inc flu hosp,quantile,0.25,0.5175199735064194
12,2026-02-21,1,2026-02-28,wk inc flu hosp,quantile,0.25,1909.6581370039241
13,2026-02-21,1,2026-02-28,wk inc flu hosp,quantile,0.25,377.42847009988753
15,2026-02-21,1,2026-02-28,wk inc flu hosp,quantile,0.25,13.268533524313291
16,2026-02-21,1,2026-02-28,wk inc flu hosp,quantile,0.25,71.20360920820373
17,2026-02-21,1,2026-02-28,wk inc flu hosp,quantile,0.25,408.77216352705193
18,2026-02-21,1,2026-02-28,wk inc flu hosp,quantile,0.25,163.7619194268734
19,2026-02-21,1,2026-02-28,wk inc flu hosp,quantile,0.25,161.41915778578746
20,2026-02-21,1,2026-02-28,wk inc flu hosp,quantile,0.25,134.1469251038244
21,2026-02-21,1,2026-02-28,wk inc flu hosp,quantile,0.25,115.25086235182931
22,2026-02-21,1,2026-02-28,wk inc flu hosp,quantile,0.25,208.51641201049756
23,2026-02-21,1,2026-02-28,wk inc flu hosp,quantile,0.25,16.59265247465746
24,2026-02-21,1,2026-02-28,wk inc flu hosp,quantile,0.25,44.308799693525636
25,2026-02-21,1,2026-02-28,wk inc flu hosp,quantile,0.25,13.197064347354923
26,2026-02-21,1,2026-02-28,wk inc flu hosp,quantile,0.25,157.6564036765004
27,2026-02-21,1,2026-02-28,wk inc flu hosp,quantile,0.25,121.69922679017844
28,2026-02-21,1,2026-02-28,wk inc flu hosp,quantile,0.25,188.8553067265945
29,2026-02-21,1,2026-02-28,wk inc flu hosp,quantile,0.25,288.50913846028277
30,2026-02-21,1,2026-02-28,wk inc flu hosp,quantile,0.25,42.06592371856881
31,2026-02-21,1,2026-02-28,wk inc flu hosp,quantile,0.25,118.11002558753485
32,2026-02-21,1,2026-02-28,wk inc flu hosp,quantile,0.25,92.8861048764853
33,2026-02-21,1,2026-02-28,wk inc flu hosp,quantile,0.25,22.01614170006041
34,2026-02-21,1,2026-02-28,wk inc flu hosp,quantile,0.25,110.31843825219526
35,2026-02-21,1,2026-02-28,wk inc flu hosp,quantile,0.25,141.24025503783156
36,2026-02-21,1,2026-02-28,wk inc flu hosp,quantile,0.25,81.05732688945471
37,2026-02-21,1,2026-02-28,wk inc flu hosp,quantile,0.25,156.93863598149213
38,2026-02-21,1,2026-02-28,wk inc flu hosp,quantile,0.25,11.72137064038379
39,2026-02-21,1,2026-02-28,wk inc flu hosp,quantile,0.25,319.8103532090816
40,2026-02-21,1,2026-02-28,wk inc flu hosp,quantile,0.25,177.02696925920173
41,2026-02-21,1,2026-02-28,wk inc flu hosp,quantile,0.25,142.24920855661398
42,2026-02-21,1,2026-02-28,wk inc flu hosp,quantile,0.25,515.6434811857673
44,2026-02-21,1,2026-02-28,wk inc flu hosp,quantile,0.25,4.348871491817444
45,2026-02-21,1,2026-02-28,wk inc flu hosp,quantile,0.25,156.51994395845887
46,2026-02-21,1,2026-02-28,wk inc flu hosp,quantile,0.25,18.11658708162094
47,2026-02-21,1,2026-02-28,wk inc flu hosp,quantile,0.25,225.8671969274087
48,2026-02-21,1,2026-02-28,wk inc flu hosp,quantile,0.25,915.2657717918128
49,2026-02-21,1,2026-02-28,wk inc flu hosp,quantile,0.25,53.01249828882917
50,2026-02-21,1,2026-02-28,wk inc flu hosp,quantile,0.25,7.535993296039068
51,2026-02-21,1,2026-02-28,wk inc flu hosp,quantile,0.25,96.42833184824107
53,2026-02-21,1,2026-02-28,wk inc flu hosp,quantile,0.25,184.52355509233084
54,2026-02-21,1,2026-02-28,wk inc flu hosp,quantile,0.25,56.727511471813806
55,2026-02-21,1,2026-02-28,wk inc flu hosp,quantile,0.25,178.8098108160248
56,2026-02-21,1,2026-02-28,wk inc flu hosp,quantile,0.25,21.172201828031394
72,2026-02-21,1,2026-02-28,wk inc flu hosp,quantile,0.25,85.6478979251897
US,2026-02-21,1,2026-02-28,wk inc flu hosp,quantile,0.25,9835.448724261678
01,2026-02-21,2,2026-03-07,wk inc flu hosp,quantile,0.25,0.0
02,2026-02-21,2,2026-03-07,wk inc flu hosp,quantile,0.25,0.38730544155722035
04,2026-02-21,2,2026-03-07,wk inc flu hosp,quantile,0.25,392.8199833402249
05,2026-02-21,2,2026-03-07,wk inc flu hosp,quantile,0.25,109.22076028605306
06,2026-02-21,2,2026-03-07,wk inc flu hosp,quantile,0.25,966.8667189595109
08,2026-02-21,2,2026-03-07,wk inc flu hosp,quantile,0.25,76.96780975938732
09,2026-02-21,2,2026-03-07,wk inc flu hosp,quantile,0.25,4.175340137665258
10,2026-02-21,2,2026-03-07,wk inc flu hosp,quantile,0.25,2.9604014007088955
11,2026-02-21,2,2026-03-07,wk inc flu hosp,quantile,0.25,0.0
12,2026-02-21,2,2026-03-07,wk inc flu hosp,quantile,0.25,1758.4286071121865
13,2026-02-21,2,2026-03-07,wk inc flu hosp,quantile,0.25,348.2880457331782
15,2026-02-21,2,2026-03-07,wk inc flu hosp,quantile,0.25,9.907113301705188
16,2026-02-21,2,2026-03-07,wk inc flu hosp,quantile,0.25,57.58510463021979
17,2026-02-21,2,2026-03-07,wk inc flu hosp,quantile,0.25,365.5868250428402
18,2026-02-21,2,2026-03-07,wk inc flu hosp,quantile,0.25,121.61714993572672
19,2026-02-21,2,2026-03-07,wk inc flu hosp,quantile,0.25,126.10846403988069
20,2026-02-21,2,2026-03-07,wk inc flu hosp,quantile,0.25,105.7122255217395
21,2026-02-21,2,2026-03-07,wk inc flu hosp,quantile,0.25,89.4801503238976
22,2026-02-21,2,2026-03-07,wk inc flu hosp,quantile,0.25,171.89686297404282
23,2026-02-21,2,2026-03-07,wk inc flu hosp,quantile,0.25,11.162488941882827
24,2026-02-21,2,2026-03-07,wk inc flu hosp,quantile,0.25,33.49163601434867
25,2026-02-21,2,2026-03-07,wk inc flu hosp,quantile,0.25,3.2126036889541463
26,2026-02-21,2,2026-03-07,wk inc flu hosp,quantile,0.25,125.44515535525531
27,2026-02-21,2,2026-03-07,wk inc flu hosp,quantile,0.25,106.11703340345353
28,2026-02-21,2,2026-03-07,wk inc flu hosp,quantile,0.25,176.19049182453912
29,2026-02-21,2,2026-03-07,wk inc flu hosp,quantile,0.25,242.47291407189402
30,2026-02-21,2,2026-03-07,wk inc flu hosp,quantile,0.25,31.89746228980692
31,2026-02-21,2,2026-03-07,wk inc flu hosp,quantile,0.25,105.99956550282921
32,2026-02-21,2,2026-03-07,wk inc flu hosp,quantile,0.25,84.42952553579875
33,2026-02-21,2,2026-03-07,wk inc flu hosp,quantile,0.25,19.19598816310202
34,2026-02-21,2,2026-03-07,wk inc flu hosp,quantile,0.25,84.53963503131473
35,2026-02-21,2,2026-03-07,wk inc flu hosp,quantile,0.25,129.79430247464666
36,2026-02-21,2,2026-03-07,wk inc flu hosp,quantile,0.25,54.61999828204805
37,2026-02-21,2,2026-03-07,wk inc flu hosp,quantile,0.25,104.80738569607381
38,2026-02-21,2,2026-03-07,wk inc flu hosp,quantile,0.25,7.202082595993299
39,2026-02-21,2,2026-03-07,wk inc flu hosp,quantile,0.25,250.38170127783388
40,2026-02-21,2,2026-03-07,wk inc flu hosp,quantile,0.25,144.97933227347096
41,2026-02-21,2,2026-03-07,wk inc flu hosp,quantile,0.25,122.4852481209384
42,2026-02-21,2,2026-03-07,wk inc flu hosp,quantile,0.25,421.6447678500601
44,2026-02-21,2,2026-03-07,wk inc flu hosp,quantile,0.25,2.1593581749567985
45,2026-02-21,2,2026-03-07,wk inc flu hosp,quantile,0.25,126.65209940332755
46,2026-02-21,2,2026-03-07,wk inc flu hosp,quantile,0.25,12.728939372791524
47,2026-02-21,2,2026-03-07,wk inc flu hosp,quantile,0.25,184.384190131067
48,2026-02-21,2,2026-03-07,wk inc flu hosp,quantile,0.25,756.3898864947905
49,2026-02-21,2,2026-03-07,wk inc flu hosp,quantile,0.25,41.6462803226269
50,2026-02-21,2,2026-03-07,wk inc flu hosp,quantile,0.25,5.346832093489387
51,2026-02-21,2,2026-03-07,wk inc flu hosp,quantile,0.25,67.94742684906214
53,2026-02-21,2,2026-03-07,wk inc flu hosp,quantile,0.25,147.4355246817551
54,2026-02-21,2,2026-03-07,wk inc flu hosp,quantile,0.25,41.72421348446202
55,2026-02-21,2,2026-03-07,wk inc flu hosp,quantile,0.25,156.9068264157518
56,2026-02-21,2,2026-03-07,wk inc flu hosp,quantile,0.25,19.624692365662472
72,2026-02-21,2,2026-03-07,wk inc flu hosp,quantile,0.25,69.922177651534
US,2026-02-21,2,2026-03-07,wk inc flu hosp,quantile,0.25,7875.246599490401
01,2026-02-21,3,2026-03-14,wk inc flu hosp,quantile,0.25,0.0
02,2026-02-21,3,2026-03-14,wk inc flu hosp,quantile,0.25,0.0
04,2026-02-21,3,2026-03-14,wk inc flu hosp,quantile,0.25,385.3545324850993
05,2026-02-21,3,2026-03-14,wk inc flu hosp,quantile,0.25,84.21103092191264
06,2026-02-21,3,2026-03-14,wk inc flu hosp,quantile,0.25,690.0265255995645
08,2026-02-21,3,2026-03-14,wk inc flu hosp,quantile,0.25,66.97631371396535
09,2026-02-21,3,2026-03-14,wk inc flu hosp,quantile,0.25,0.0
10,2026-02-21,3,2026-03-14,wk inc flu hosp,quantile,0.25,0.9637221676189227
11,2026-02-21,3,2026-03-14,wk inc flu hosp,quantile,0.25,0.0
12,2026-02-21,3,2026-03-14,wk inc flu hosp,quantile,0.25,1595.1428693167231
13,2026-02-21,3,2026-03-14,wk inc flu hosp,quantile,0.25,332.5179516315119
15,2026-02-21,3,2026-03-14,wk inc flu hosp,quantile,0.25,7.377449292434747
16,2026-02-21,3,2026-03-14,wk inc flu hosp,quantile,0.25,43.59009631979219
17,2026-02-21,3,2026-03-14,wk inc flu hosp,quantile,0.25,325.72536783291145
18,2026-02-21,3,2026-03-14,wk inc flu hosp,quantile,0.25,88.6967082736891
19,2026-02-21,3,2026-03-14,wk inc flu hosp,quantile,0.25,97.42024937046399
20,2026-02-21,3,2026-03-14,wk inc flu hosp,quantile,0.25,75.87172547497201
21,2026-02-21,3,2026-03-14,wk inc flu hosp,quantile,0.25,63.04463476336995
22,2026-02-21,3,2026-03-14,wk inc flu hosp,quantile,0.25,126.57072430064802
23,2026-02-21,3,2026-03-14,wk inc flu hosp,quantile,0.25,6.784308776690183
24,2026-02-21,3,2026-03-14,wk inc flu hosp,quantile,0.25,22.535257272257997
25,2026-02-21,3,2026-03-14,wk inc flu hosp,quantile,0.25,0.0
26,2026-02-21,3,2026-03-14,wk inc flu hosp,quantile,0.25,92.34357050696332
27,2026-02-21,3,2026-03-14,wk inc flu hosp,quantile,0.25,93.58861473563174
28,2026-02-21,3,2026-03-14,wk inc flu hosp,quantile,0.25,166.56816327885895
29,2026-02-21,3,2026-03-14,wk inc flu hosp,quantile,0.25,187.27889024179228
30,2026-02-21,3,2026-03-14,wk inc flu hosp,quantile,0.25,22.69119187429984
31,2026-02-21,3,2026-03-14,wk inc flu hosp,quantile,0.25,92.83808943230162
32,2026-02-21,3,2026-03-14,wk inc flu hosp,quantile,0.25,75.37446232967156
33,2026-02-21,3,2026-03-14,wk inc flu hosp,quantile,0.25,17.05307325767363
34,2026-02-21,3,2026-03-14,wk inc flu hosp,quantile,0.25,56.36113689454344
35,2026-02-21,3,2026-03-14,wk inc flu hosp,quantile,0.25,122.3974402118796
36,2026-02-21,3,2026-03-14,wk inc flu hosp,quantile,0.25,21.067889654694856
37,2026-02-21,3,2026-03-14,wk inc flu hosp,quantile,0.25,66.70361041795191
38,2026-02-21,3,2026-03-14,wk inc flu hosp,quantile,0.25,4.274745235438603
39,2026-02-21,3,2026-03-14,wk inc flu hosp,quantile,0.25,176.97542769994135
40,2026-02-21,3,2026-03-14,wk inc flu hosp,quantile,0.25,124.60148183258602
41,2026-02-21,3,2026-03-14,wk inc flu hosp,quantile,0.25,94.75731141866922
42,2026-02-21,3,2026-03-14,wk inc flu hosp,quantile,0.25,312.5244419597983
44,2026-02-21,3,2026-03-14,wk inc flu hosp,quantile,0.25,0.307765735846504
45,2026-02-21,3,2026-03-14,wk inc flu hosp,quantile,0.25,92.62837373046382
46,2026-02-21,3,2026-03-14,wk inc flu hosp,quantile,0.25,8.522618887961354
47,2026-02-21,3,2026-03-14,wk inc flu hosp,quantile,0.25,137.55809071645393
48,2026-02-21,3,2026-03-14,wk inc flu hosp,quantile,0.25,641.5664317459937
49,2026-02-21,3,2026-03-14,wk inc flu hosp,quantile,0.25,33.46340412394365
50,2026-02-21,3,2026-03-14,wk inc flu hosp,quantile,0.25,3.612472882721101
51,2026-02-21,3,2026-03-14,wk inc flu hosp,quantile,0.25,42.78824532823568
53,2026-02-21,3,2026-03-14,wk inc flu hosp,quantile,0.25,107.69960914304166
54,2026-02-21,3,2026-03-14,wk inc flu hosp,quantile,0.25,29.507254543535396
55,2026-02-21,3,2026-03-14,wk inc flu hosp,quantile,0.25,134.88142054840034
56,2026-02-21,3,2026-03-14,wk inc flu hosp,quantile,0.25,18.324589449844986
72,2026-02-21,3,2026-03-14,wk inc flu hosp,quantile,0.25,52.17112979491998
US,2026-02-21,3,2026-03-14,wk inc flu hosp,quantile,0.25,6082.319829559492
01,2026-02-21,0,2026-02-21,wk inc flu hosp,quantile,0.3,0.0
02,2026-02-21,0,2026-02-21,wk inc flu hosp,quantile,0.3,3.501403569215083
04,2026-02-21,0,2026-02-21,wk inc flu hosp,quantile,0.3,412.9062261902886
05,2026-02-21,0,2026-02-21,wk inc flu hosp,quantile,0.3,152.95863764479142
06,2026-02-21,0,2026-02-21,wk inc flu hosp,quantile,0.3,1391.8520368073223
08,2026-02-21,0,2026-02-21,wk inc flu hosp,quantile,0.3,93.54581473841343
09,2026-02-21,0,2026-02-21,wk inc flu hosp,quantile,0.3,17.26876625333993
10,2026-02-21,0,2026-02-21,wk inc flu hosp,quantile,0.3,13.908208534618247
11,2026-02-21,0,2026-02-21,wk inc flu hosp,quantile,0.3,2.3232431223385523
12,2026-02-21,0,2026-02-21,wk inc flu hosp,quantile,0.3,1943.2007463522846
13,2026-02-21,0,2026-02-21,wk inc flu hosp,quantile,0.3,371.6424823184212
15,2026-02-21,0,2026-02-21,wk inc flu hosp,quantile,0.3,15.216671646465795
16,2026-02-21,0,2026-02-21,wk inc flu hosp,quantile,0.3,79.6319842771234
17,2026-02-21,0,2026-02-21,wk inc flu hosp,quantile,0.3,432.784034711983
18,2026-02-21,0,2026-02-21,wk inc flu hosp,quantile,0.3,202.96357398502553
19,2026-02-21,0,2026-02-21,wk inc flu hosp,quantile,0.3,183.47448318716403
20,2026-02-21,0,2026-02-21,wk inc flu hosp,quantile,0.3,158.67706732467022
21,2026-02-21,0,2026-02-21,wk inc flu hosp,quantile,0.3,144.46392895690136
22,2026-02-21,0,2026-02-21,wk inc flu hosp,quantile,0.3,239.9728749572733
23,2026-02-21,0,2026-02-21,wk inc flu hosp,quantile,0.3,26.324936860918058
24,2026-02-21,0,2026-02-21,wk inc flu hosp,quantile,0.3,50.69111085101115
25,2026-02-21,0,2026-02-21,wk inc flu hosp,quantile,0.3,39.36046535568502
26,2026-02-21,0,2026-02-21,wk inc flu hosp,quantile,0.3,191.11209652446314
27,2026-02-21,0,2026-02-21,wk inc flu hosp,quantile,0.3,138.08889634540512
28,2026-02-21,0,2026-02-21,wk inc flu hosp,quantile,0.3,197.00885546174027
29,2026-02-21,0,2026-02-21,wk inc flu hosp,quantile,0.3,334.150996506245
30,2026-02-21,0,2026-02-21,wk inc flu hosp,quantile,0.3,50.921615471169446
31,2026-02-21,0,2026-02-21,wk inc flu hosp,quantile,0.3,127.11767120801387
32,2026-02-21,0,2026-02-21,wk inc flu hosp,quantile,0.3,97.67970040397614
33,2026-02-21,0,2026-02-21,wk inc flu hosp,quantile,0.3,27.326989916868374
34,2026-02-21,0,2026-02-21,wk inc flu hosp,quantile,0.3,128.02927401040452
35,2026-02-21,0,2026-02-21,wk inc flu hosp,quantile,0.3,144.8505525171343
36,2026-02-21,0,2026-02-21,wk inc flu hosp,quantile,0.3,121.6375051925759
37,2026-02-21,0,2026-02-21,wk inc flu hosp,quantile,0.3,196.6481665778248
38,2026-02-21,0,2026-02-21,wk inc flu hosp,quantile,0.3,19.46527126215725
39,2026-02-21,0,2026-02-21,wk inc flu hosp,quantile,0.3,365.1041819455137
40,2026-02-21,0,2026-02-21,wk inc flu hosp,quantile,0.3,194.95881893590138
41,2026-02-21,0,2026-02-21,wk inc flu hosp,quantile,0.3,197.43909924302102
42,2026-02-21,0,2026-02-21,wk inc flu hosp,quantile,0.3,615.7492397752727
44,2026-02-21,0,2026-02-21,wk inc flu hosp,quantile,0.3,7.742788796424522
45,2026-02-21,0,2026-02-21,wk inc flu hosp,quantile,0.3,182.50587845209535
46,2026-02-21,0,2026-02-21,wk inc flu hosp,quantile,0.3,27.073228078044817
47,2026-02-21,0,2026-02-21,wk inc flu hosp,quantile,0.3,267.75077621814114
48,2026-02-21,0,2026-02-21,wk inc flu hosp,quantile,0.3,1022.9173049760932
49,2026-02-21,0,2026-02-21,wk inc flu hosp,quantile,0.3,57.610851887436965
50,2026-02-21,0,2026-02-21,wk inc flu hosp,quantile,0.3,11.341231282539065
51,2026-02-21,0,2026-02-21,wk inc flu hosp,quantile,0.3,146.05315304382688
53,2026-02-21,0,2026-02-21,wk inc flu hosp,quantile,0.3,229.46260360228933
54,2026-02-21,0,2026-02-21,wk inc flu hosp,quantile,0.3,83.64897947960618
55,2026-02-21,0,2026-02-21,wk inc flu hosp,quantile,0.3,194.25244513902098
56,2026-02-21,0,2026-02-21,wk inc flu hosp,quantile,0.3,24.02151494390986
72,2026-02-21,0,2026-02-21,wk inc flu hosp,quantile,0.3,111.08375318032871
US,2026-02-21,0,2026-02-21,wk inc flu hosp,quantile,0.3,11110.230533704602
01,2026-02-21,1,2026-02-28,wk inc flu hosp,quantile,0.3,0.0
02,2026-02-21,1,2026-02-28,wk inc flu hosp,quantile,0.3,1.7431342393045066
04,2026-02-21,1,2026-02-28,wk inc flu hosp,quantile,0.3,425.07482037429446
05,2026-02-21,1,2026-02-28,wk inc flu hosp,quantile,0.3,142.19106992400452
06,2026-02-21,1,2026-02-28,wk inc flu hosp,quantile,0.3,1298.9953807836018
08,2026-02-21,1,2026-02-28,wk inc flu hosp,quantile,0.3,90.9517836430276
09,2026-02-21,1,2026-02-28,wk inc flu hosp,quantile,0.3,10.252035953335268
10,2026-02-21,1,2026-02-28,wk inc flu hosp,quantile,0.3,6.706734692828694
11,2026-02-21,1,2026-02-28,wk inc flu hosp,quantile,0.3,1.2229112684260357
12,2026-02-21,1,2026-02-28,wk inc flu hosp,quantile,0.3,1942.8261761435851
13,2026-02-21,1,2026-02-28,wk inc flu hosp,quantile,0.3,377.5289099062104
15,2026-02-21,1,2026-02-28,wk inc flu hosp,quantile,0.3,13.488265601360919
16,2026-02-21,1,2026-02-28,wk inc flu hosp,quantile,0.3,73.62744660603012
17,2026-02-21,1,2026-02-28,wk inc flu hosp,quantile,0.3,424.3045166528999
18,2026-02-21,1,2026-02-28,wk inc flu hosp,quantile,0.3,183.603522549826
19,2026-02-21,1,2026-02-28,wk inc flu hosp,quantile,0.3,161.7911867494729
20,2026-02-21,1,2026-02-28,wk inc flu hosp,quantile,0.3,141.8732501880973
21,2026-02-21,1,2026-02-28,wk inc flu hosp,quantile,0.3,118.45656575541796
22,2026-02-21,1,2026-02-28,wk inc flu hosp,quantile,0.3,223.41792152189382
23,2026-02-21,1,2026-02-28,wk inc flu hosp,quantile,0.3,17.66490497706848
24,2026-02-21,1,2026-02-28,wk inc flu hosp,quantile,0.3,44.3190673586958
25,2026-02-21,1,2026-02-28,wk inc flu hosp,quantile,0.3,19.212027181788244
26,2026-02-21,1,2026-02-28,wk inc flu hosp,quantile,0.3,167.63094264358247
27,2026-02-21,1,2026-02-28,wk inc flu hosp,quantile,0.3,136.17221516971986
28,2026-02-21,1,2026-02-28,wk inc flu hosp,quantile,0.3,197.5885030278688
29,2026-02-21,1,2026-02-28,wk inc flu hosp,quantile,0.3,290.9423667853366
30,2026-02-21,1,2026-02-28,wk inc flu hosp,quantile,0.3,46.33795318313411
31,2026-02-21,1,2026-02-28,wk inc flu hosp,quantile,0.3,123.9101569247004
32,2026-02-21,1,2026-02-28,wk inc flu hosp,quantile,0.3,93.64759348062914
33,2026-02-21,1,2026-02-28,wk inc flu hosp,quantile,0.3,26.798271584279235
34,2026-02-21,1,2026-02-28,wk inc flu hosp,quantile,0.3,110.74865502592544
35,2026-02-21,1,2026-02-28,wk inc flu hosp,quantile,0.3,147.2022783837886
36,2026-02-21,1,2026-02-28,wk inc flu hosp,quantile,0.3,86.43131280759377
37,2026-02-21,1,2026-02-28,wk inc flu hosp,quantile,0.3,175.3961319486908
38,2026-02-21,1,2026-02-28,wk inc flu hosp,quantile,0.3,11.961425592220461
39,2026-02-21,1,2026-02-28,wk inc flu hosp,quantile,0.3,320.227231746805
40,2026-02-21,1,2026-02-28,wk inc flu hosp,quantile,0.3,182.82478653601154
41,2026-02-21,1,2026-02-28,wk inc flu hosp,quantile,0.3,146.97155167396375
42,2026-02-21,1,2026-02-28,wk inc flu hosp,quantile,0.3,515.7286510103958
44,2026-02-21,1,2026-02-28,wk inc flu hosp,quantile,0.3,4.484912985795302
45,2026-02-21,1,2026-02-28,wk inc flu hosp,quantile,0.3,167.42997102261324
46,2026-02-21,1,2026-02-28,wk inc flu hosp,quantile,0.3,18.979206801525034
47,2026-02-21,1,2026-02-28,wk inc flu hosp,quantile,0.3,249.1928172459969
48,2026-02-21,1,2026-02-28,wk inc flu hosp,quantile,0.3,958.3307756512502
49,2026-02-21,1,2026-02-28,wk inc flu hosp,quantile,0.3,53.83254247244584
50,2026-02-21,1,2026-02-28,wk inc flu hosp,quantile,0.3,8.303453405138523
51,2026-02-21,1,2026-02-28,wk inc flu hosp,quantile,0.3,98.88948090618673
53,2026-02-21,1,2026-02-28,wk inc flu hosp,quantile,0.3,212.31519586796827
54,2026-02-21,1,2026-02-28,wk inc flu hosp,quantile,0.3,58.300846813662154
55,2026-02-21,1,2026-02-28,wk inc flu hosp,quantile,0.3,189.70385162918572
56,2026-02-21,1,2026-02-28,wk inc flu hosp,quantile,0.3,24.66687991677498
72,2026-02-21,1,2026-02-28,wk inc flu hosp,quantile,0.3,85.91992309468392
US,2026-02-21,1,2026-02-28,wk inc flu hosp,quantile,0.3,10206.591293790549
01,2026-02-21,2,2026-03-07,wk inc flu hosp,quantile,0.3,0.0
02,2026-02-21,2,2026-03-07,wk inc flu hosp,quantile,0.3,0.7250996982319264
04,2026-02-21,2,2026-03-07,wk inc flu hosp,quantile,0.3,407.0689323502526
05,2026-02-21,2,2026-03-07,wk inc flu hosp,quantile,0.3,120.80920557920338
06,2026-02-21,2,2026-03-07,wk inc flu hosp,quantile,0.3,1077.303037671417
08,2026-02-21,2,2026-03-07,wk inc flu hosp,quantile,0.3,84.39053235517163
09,2026-02-21,2,2026-03-07,wk inc flu hosp,quantile,0.3,4.627084043346822
10,2026-02-21,2,2026-03-07,wk inc flu hosp,quantile,0.3,3.323167037951359
11,2026-02-21,2,2026-03-07,wk inc flu hosp,quantile,0.3,0.6218770890883674
12,2026-02-21,2,2026-03-07,wk inc flu hosp,quantile,0.3,1822.3088072721023
13,2026-02-21,2,2026-03-07,wk inc flu hosp,quantile,0.3,357.01483525540544
15,2026-02-21,2,2026-03-07,wk inc flu hosp,quantile,0.3,10.701773003584194
16,2026-02-21,2,2026-03-07,wk inc flu hosp,quantile,0.3,61.30926354311682
17,2026-02-21,2,2026-03-07,wk inc flu hosp,quantile,0.3,396.4200573500629
18,2026-02-21,2,2026-03-07,wk inc flu hosp,quantile,0.3,138.32048577646668
19,2026-02-21,2,2026-03-07,wk inc flu hosp,quantile,0.3,130.10841812444033
20,2026-02-21,2,2026-03-07,wk inc flu hosp,quantile,0.3,108.83547113500187
21,2026-02-21,2,2026-03-07,wk inc flu hosp,quantile,0.3,89.94254430554565
22,2026-02-21,2,2026-03-07,wk inc flu hosp,quantile,0.3,185.12516210762155
23,2026-02-21,2,2026-03-07,wk inc flu hosp,quantile,0.3,12.355871150960105
24,2026-02-21,2,2026-03-07,wk inc flu hosp,quantile,0.3,33.989127903513655
25,2026-02-21,2,2026-03-07,wk inc flu hosp,quantile,0.3,7.903963206958667
26,2026-02-21,2,2026-03-07,wk inc flu hosp,quantile,0.3,131.3789802501773
27,2026-02-21,2,2026-03-07,wk inc flu hosp,quantile,0.3,125.82944299910358
28,2026-02-21,2,2026-03-07,wk inc flu hosp,quantile,0.3,183.74880977633606
29,2026-02-21,2,2026-03-07,wk inc flu hosp,quantile,0.3,243.42930514870577
30,2026-02-21,2,2026-03-07,wk inc flu hosp,quantile,0.3,34.41661876465365
31,2026-02-21,2,2026-03-07,wk inc flu hosp,quantile,0.3,113.0013317695712
32,2026-02-21,2,2026-03-07,wk inc flu hosp,quantile,0.3,86.61822492648209
33,2026-02-21,2,2026-03-07,wk inc flu hosp,quantile,0.3,24.16443489842407
34,2026-02-21,2,2026-03-07,wk inc flu hosp,quantile,0.3,88.75481539215384
35,2026-02-21,2,2026-03-07,wk inc flu hosp,quantile,0.3,139.44957112664002
36,2026-02-21,2,2026-03-07,wk inc flu hosp,quantile,0.3,56.0507079765886
37,2026-02-21,2,2026-03-07,wk inc flu hosp,quantile,0.3,121.58656142980976
38,2026-02-21,2,2026-03-07,wk inc flu hosp,quantile,0.3,7.511366645232555
39,2026-02-21,2,2026-03-07,wk inc flu hosp,quantile,0.3,254.65004633569663
40,2026-02-21,2,2026-03-07,wk inc flu hosp,quantile,0.3,155.8866130111712
41,2026-02-21,2,2026-03-07,wk inc flu hosp,quantile,0.3,125.42013801629479
42,2026-02-21,2,2026-03-07,wk inc flu hosp,quantile,0.3,428.2511535311495
44,2026-02-21,2,2026-03-07,wk inc flu hosp,quantile,0.3,2.395728776194197
45,2026-02-21,2,2026-03-07,wk inc flu hosp,quantile,0.3,136.18990979220257
46,2026-02-21,2,2026-03-07,wk inc flu hosp,quantile,0.3,13.324258286355722
47,2026-02-21,2,2026-03-07,wk inc flu hosp,quantile,0.3,205.1800930607087
48,2026-02-21,2,2026-03-07,wk inc flu hosp,quantile,0.3,809.7908600617922
49,2026-02-21,2,2026-03-07,wk inc flu hosp,quantile,0.3,45.509097019658505
50,2026-02-21,2,2026-03-07,wk inc flu hosp,quantile,0.3,6.110092686853737
51,2026-02-21,2,2026-03-07,wk inc flu hosp,quantile,0.3,68.71672553342609
53,2026-02-21,2,2026-03-07,wk inc flu hosp,quantile,0.3,164.60227413930096
54,2026-02-21,2,2026-03-07,wk inc flu hosp,quantile,0.3,41.9433087348274
55,2026-02-21,2,2026-03-07,wk inc flu hosp,quantile,0.3,172.21371849810885
56,2026-02-21,2,2026-03-07,wk inc flu hosp,quantile,0.3,23.20734981356316
72,2026-02-21,2,2026-03-07,wk inc flu hosp,quantile,0.3,70.71711014225885
US,2026-02-21,2,2026-03-07,wk inc flu hosp,quantile,0.3,8418.741289502557
01,2026-02-21,3,2026-03-14,wk inc flu hosp,quantile,0.3,0.0
02,2026-02-21,3,2026-03-14,wk inc flu hosp,quantile,0.3,0.030275163163172865
04,2026-02-21,3,2026-03-14,wk inc flu hosp,quantile,0.3,404.86238124253816
05,2026-02-21,3,2026-03-14,wk inc flu hosp,quantile,0.3,94.80569700888773
06,2026-02-21,3,2026-03-14,wk inc flu hosp,quantile,0.3,810.1815005292933
08,2026-02-21,3,2026-03-14,wk inc flu hosp,quantile,0.3,71.8096378228552
09,2026-02-21,3,2026-03-14,wk inc flu hosp,quantile,0.3,0.0
10,2026-02-21,3,2026-03-14,wk inc flu hosp,quantile,0.3,1.3239366879438914
11,2026-02-21,3,2026-03-14,wk inc flu hosp,quantile,0.3,0.014223882781522755
12,2026-02-21,3,2026-03-14,wk inc flu hosp,quantile,0.3,1703.0387525929377
13,2026-02-21,3,2026-03-14,wk inc flu hosp,quantile,0.3,342.0160340148015
15,2026-02-21,3,2026-03-14,wk inc flu hosp,quantile,0.3,7.431195764500745
16,2026-02-21,3,2026-03-14,wk inc flu hosp,quantile,0.3,47.49481539072202
17,2026-02-21,3,2026-03-14,wk inc flu hosp,quantile,0.3,351.63804581731523
18,2026-02-21,3,2026-03-14,wk inc flu hosp,quantile,0.3,104.6890013568368
19,2026-02-21,3,2026-03-14,wk inc flu hosp,quantile,0.3,99.37693637072135
20,2026-02-21,3,2026-03-14,wk inc flu hosp,quantile,0.3,82.93436789771111
21,2026-02-21,3,2026-03-14,wk inc flu hosp,quantile,0.3,66.18308553997527
22,2026-02-21,3,2026-03-14,wk inc flu hosp,quantile,0.3,145.74520547142112
23,2026-02-21,3,2026-03-14,wk inc flu hosp,quantile,0.3,7.990515843684742
24,2026-02-21,3,2026-03-14,wk inc flu hosp,quantile,0.3,23.106610553153885
25,2026-02-21,3,2026-03-14,wk inc flu hosp,quantile,0.3,0.0
26,2026-02-21,3,2026-03-14,wk inc flu hosp,quantile,0.3,96.4601669088802
27,2026-02-21,3,2026-03-14,wk inc flu hosp,quantile,0.3,115.84789171835646
28,2026-02-21,3,2026-03-14,wk inc flu hosp,quantile,0.3,176.27405789153772
29,2026-02-21,3,2026-03-14,wk inc flu hosp,quantile,0.3,187.49965470597996
30,2026-02-21,3,2026-03-14,wk inc flu hosp,quantile,0.3,26.587472970373916
31,2026-02-21,3,2026-03-14,wk inc flu hosp,quantile,0.3,100.38516564123806
32,2026-02-21,3,2026-03-14,wk inc flu hosp,quantile,0.3,75.4405290985484
33,2026-02-21,3,2026-03-14,wk inc flu hosp,quantile,0.3,21.87402185073673
34,2026-02-21,3,2026-03-14,wk inc flu hosp,quantile,0.3,57.39002450388735
35,2026-02-21,3,2026-03-14,wk inc flu hosp,quantile,0.3,132.7845372245476
36,2026-02-21,3,2026-03-14,wk inc flu hosp,quantile,0.3,23.509296042922255
37,2026-02-21,3,2026-03-14,wk inc flu hosp,quantile,0.3,85.62246589829765
38,2026-02-21,3,2026-03-14,wk inc flu hosp,quantile,0.3,4.633258169038093
39,2026-02-21,3,2026-03-14,wk inc flu hosp,quantile,0.3,186.23197449387726
40,2026-02-21,3,2026-03-14,wk inc flu hosp,quantile,0.3,132.10420036288963
41,2026-02-21,3,2026-03-14,wk inc flu hosp,quantile,0.3,99.89958957130767
42,2026-02-21,3,2026-03-14,wk inc flu hosp,quantile,0.3,314.8123929727375
44,2026-02-21,3,2026-03-14,wk inc flu hosp,quantile,0.3,0.3100084410157
45,2026-02-21,3,2026-03-14,wk inc flu hosp,quantile,0.3,103.55552720762454
46,2026-02-21,3,2026-03-14,wk inc flu hosp,quantile,0.3,9.415582571557003
47,2026-02-21,3,2026-03-14,wk inc flu hosp,quantile,0.3,158.72689343376595
48,2026-02-21,3,2026-03-14,wk inc flu hosp,quantile,0.3,646.6691883554387
49,2026-02-21,3,2026-03-14,wk inc flu hosp,quantile,0.3,36.43675647751616
50,2026-02-21,3,2026-03-14,wk inc flu hosp,quantile,0.3,4.06343599638631
51,2026-02-21,3,2026-03-14,wk inc flu hosp,quantile,0.3,43.028119534024206
53,2026-02-21,3,2026-03-14,wk inc flu hosp,quantile,0.3,127.1883114262097
54,2026-02-21,3,2026-03-14,wk inc flu hosp,quantile,0.3,30.744626236412007
55,2026-02-21,3,2026-03-14,wk inc flu hosp,quantile,0.3,148.5184992809825
56,2026-02-21,3,2026-03-14,wk inc flu hosp,quantile,0.3,22.04049755317387
72,2026-02-21,3,2026-03-14,wk inc flu hosp,quantile,0.3,54.95048895510884
US,2026-02-21,3,2026-03-14,wk inc flu hosp,quantile,0.3,6374.827875748491
01,2026-02-21,0,2026-02-21,wk inc flu hosp,quantile,0.35,0.0
02,2026-02-21,0,2026-02-21,wk inc flu hosp,quantile,0.35,3.538597517555945
04,2026-02-21,0,2026-02-21,wk inc flu hosp,quantile,0.35,421.7565957593841
05,2026-02-21,0,2026-02-21,wk inc flu hosp,quantile,0.35,159.5460991271826
06,2026-02-21,0,2026-02-21,wk inc flu hosp,quantile,0.35,1446.622202599068
08,2026-02-21,0,2026-02-21,wk inc flu hosp,quantile,0.35,95.99620169459618
09,2026-02-21,0,2026-02-21,wk inc flu hosp,quantile,0.35,17.72423007699226
10,2026-02-21,0,2026-02-21,wk inc flu hosp,quantile,0.35,14.31562275058735
11,2026-02-21,0,2026-02-21,wk inc flu hosp,quantile,0.35,2.7935955999245743
12,2026-02-21,0,2026-02-21,wk inc flu hosp,quantile,0.35,1956.3902435007672
13,2026-02-21,0,2026-02-21,wk inc flu hosp,quantile,0.35,371.6598637961963
15,2026-02-21,0,2026-02-21,wk inc flu hosp,quantile,0.35,15.736100249914534
16,2026-02-21,0,2026-02-21,wk inc flu hosp,quantile,0.35,80.1995409022239
17,2026-02-21,0,2026-02-21,wk inc flu hosp,quantile,0.35,439.649400275594
18,2026-02-21,0,2026-02-21,wk inc flu hosp,quantile,0.35,212.90025690305964
19,2026-02-21,0,2026-02-21,wk inc flu hosp,quantile,0.35,184.1805504054548
20,2026-02-21,0,2026-02-21,wk inc flu hosp,quantile,0.35,159.31087994808408
21,2026-02-21,0,2026-02-21,wk inc flu hosp,quantile,0.35,144.5088078957595
22,2026-02-21,0,2026-02-21,wk inc flu hosp,quantile,0.35,243.21865091610633
23,2026-02-21,0,2026-02-21,wk inc flu hosp,quantile,0.35,26.5270819545464
24,2026-02-21,0,2026-02-21,wk inc flu hosp,quantile,0.35,53.180896933121666
25,2026-02-21,0,2026-02-21,wk inc flu hosp,quantile,0.35,40.2678954385311
26,2026-02-21,0,2026-02-21,wk inc flu hosp,quantile,0.35,191.29864624710564
27,2026-02-21,0,2026-02-21,wk inc flu hosp,quantile,0.35,144.42840198466064
28,2026-02-21,0,2026-02-21,wk inc flu hosp,quantile,0.35,197.9485645834865
29,2026-02-21,0,2026-02-21,wk inc flu hosp,quantile,0.35,340.0052328219191
30,2026-02-21,0,2026-02-21,wk inc flu hosp,quantile,0.35,54.88088024912969
31,2026-02-21,0,2026-02-21,wk inc flu hosp,quantile,0.35,131.70502575807092
32,2026-02-21,0,2026-02-21,wk inc flu hosp,quantile,0.35,100.10094475389192
33,2026-02-21,0,2026-02-21,wk inc flu hosp,quantile,0.35,30.278525590623428
34,2026-02-21,0,2026-02-21,wk inc flu hosp,quantile,0.35,136.11077661569038
35,2026-02-21,0,2026-02-21,wk inc flu hosp,quantile,0.35,147.85760743783868
36,2026-02-21,0,2026-02-21,wk inc flu hosp,quantile,0.35,122.468094988225
37,2026-02-21,0,2026-02-21,wk inc flu hosp,quantile,0.35,196.71977273079526
38,2026-02-21,0,2026-02-21,wk inc flu hosp,quantile,0.35,19.619821924322284
39,2026-02-21,0,2026-02-21,wk inc flu hosp,quantile,0.35,367.6907485944903
40,2026-02-21,0,2026-02-21,wk inc flu hosp,quantile,0.35,201.85217361185798
41,2026-02-21,0,2026-02-21,wk inc flu hosp,quantile,0.35,229.39640884145658
42,2026-02-21,0,2026-02-21,wk inc flu hosp,quantile,0.35,635.3905100524854
44,2026-02-21,0,2026-02-21,wk inc flu hosp,quantile,0.35,8.51788118621689
45,2026-02-21,0,2026-02-21,wk inc flu hosp,quantile,0.35,187.13557248137423
46,2026-02-21,0,2026-02-21,wk inc flu hosp,quantile,0.35,27.212547552456495
47,2026-02-21,0,2026-02-21,wk inc flu hosp,quantile,0.35,268.01237372089616
48,2026-02-21,0,2026-02-21,wk inc flu hosp,quantile,0.35,1032.5889327634345
49,2026-02-21,0,2026-02-21,wk inc flu hosp,quantile,0.35,58.4370529163077
50,2026-02-21,0,2026-02-21,wk inc flu hosp,quantile,0.35,11.459673408705944
51,2026-02-21,0,2026-02-21,wk inc flu hosp,quantile,0.35,146.41102076370285
53,2026-02-21,0,2026-02-21,wk inc flu hosp,quantile,0.35,239.44689723526443
54,2026-02-21,0,2026-02-21,wk inc flu hosp,quantile,0.35,83.97767292532211
55,2026-02-21,0,2026-02-21,wk inc flu hosp,quantile,0.35,200.8959806340668
56,2026-02-21,0,2026-02-21,wk inc flu hosp,quantile,0.35,27.297900024180706
72,2026-02-21,0,2026-02-21,wk inc flu hosp,quantile,0.35,112.96193151019698
US,2026-02-21,0,2026-02-21,wk inc flu hosp,quantile,0.35,11217.124816829362
01,2026-02-21,1,2026-02-28,wk inc flu hosp,quantile,0.35,0.0
02,2026-02-21,1,2026-02-28,wk inc flu hosp,quantile,0.35,2.004051966942725
04,2026-02-21,1,2026-02-28,wk inc flu hosp,quantile,0.35,447.2938264729054
05,2026-02-21,1,2026-02-28,wk inc flu hosp,quantile,0.35,146.2055883062377
06,2026-02-21,1,2026-02-28,wk inc flu hosp,quantile,0.35,1364.8197713365382
08,2026-02-21,1,2026-02-28,wk inc flu hosp,quantile,0.35,94.39495403737573
09,2026-02-21,1,2026-02-28,wk inc flu hosp,quantile,0.35,11.020166118099512
10,2026-02-21,1,2026-02-28,wk inc flu hosp,quantile,0.35,7.214865367529137
11,2026-02-21,1,2026-02-28,wk inc flu hosp,quantile,0.35,1.5485208259942758
12,2026-02-21,1,2026-02-28,wk inc flu hosp,quantile,0.35,1993.1099335792928
13,2026-02-21,1,2026-02-28,wk inc flu hosp,quantile,0.35,379.739395577038
15,2026-02-21,1,2026-02-28,wk inc flu hosp,quantile,0.35,13.734111765933585
16,2026-02-21,1,2026-02-28,wk inc flu hosp,quantile,0.35,75.56486534548364
17,2026-02-21,1,2026-02-28,wk inc flu hosp,quantile,0.35,434.32649529755184
18,2026-02-21,1,2026-02-28,wk inc flu hosp,quantile,0.35,195.86965982177935
19,2026-02-21,1,2026-02-28,wk inc flu hosp,quantile,0.35,162.6007450954166
20,2026-02-21,1,2026-02-28,wk inc flu hosp,quantile,0.35,141.9490291984336
21,2026-02-21,1,2026-02-28,wk inc flu hosp,quantile,0.35,121.21270102164118
22,2026-02-21,1,2026-02-28,wk inc flu hosp,quantile,0.35,224.15525533479902
23,2026-02-21,1,2026-02-28,wk inc flu hosp,quantile,0.35,18.471339883145298
24,2026-02-21,1,2026-02-28,wk inc flu hosp,quantile,0.35,44.981468828187275
25,2026-02-21,1,2026-02-28,wk inc flu hosp,quantile,0.35,22.418425800835752
26,2026-02-21,1,2026-02-28,wk inc flu hosp,quantile,0.35,176.53097889092598
27,2026-02-21,1,2026-02-28,wk inc flu hosp,quantile,0.35,142.8681396243184
28,2026-02-21,1,2026-02-28,wk inc flu hosp,quantile,0.35,200.09774087355052
29,2026-02-21,1,2026-02-28,wk inc flu hosp,quantile,0.35,292.58306268373053
30,2026-02-21,1,2026-02-28,wk inc flu hosp,quantile,0.35,48.174054345974056
31,2026-02-21,1,2026-02-28,wk inc flu hosp,quantile,0.35,130.34273295854456
32,2026-02-21,1,2026-02-28,wk inc flu hosp,quantile,0.35,96.00452520796517
33,2026-02-21,1,2026-02-28,wk inc flu hosp,quantile,0.35,28.773657810045375
34,2026-02-21,1,2026-02-28,wk inc flu hosp,quantile,0.35,116.42854986196998
35,2026-02-21,1,2026-02-28,wk inc flu hosp,quantile,0.35,151.9062980647057
36,2026-02-21,1,2026-02-28,wk inc flu hosp,quantile,0.35,87.0287983727463
37,2026-02-21,1,2026-02-28,wk inc flu hosp,quantile,0.35,176.97214567775697
38,2026-02-21,1,2026-02-28,wk inc flu hosp,quantile,0.35,12.361138663550683
39,2026-02-21,1,2026-02-28,wk inc flu hosp,quantile,0.35,329.5475704860306
40,2026-02-21,1,2026-02-28,wk inc flu hosp,quantile,0.35,192.74642579765995
41,2026-02-21,1,2026-02-28,wk inc flu hosp,quantile,0.35,180.29204672759607
42,2026-02-21,1,2026-02-28,wk inc flu hosp,quantile,0.35,522.598331987181
44,2026-02-21,1,2026-02-28,wk inc flu hosp,quantile,0.35,5.013825808709779
45,2026-02-21,1,2026-02-28,wk inc flu hosp,quantile,0.35,175.4463093436886
46,2026-02-21,1,2026-02-28,wk inc flu hosp,quantile,0.35,20.294896073510724
47,2026-02-21,1,2026-02-28,wk inc flu hosp,quantile,0.35,253.12737996027028
48,2026-02-21,1,2026-02-28,wk inc flu hosp,quantile,0.35,981.6106332712477
49,2026-02-21,1,2026-02-28,wk inc flu hosp,quantile,0.35,54.44545010499022
50,2026-02-21,1,2026-02-28,wk inc flu hosp,quantile,0.35,8.519476131271643
51,2026-02-21,1,2026-02-28,wk inc flu hosp,quantile,0.35,102.38833647473687
53,2026-02-21,1,2026-02-28,wk inc flu hosp,quantile,0.35,225.48245567628183
54,2026-02-21,1,2026-02-28,wk inc flu hosp,quantile,0.35,60.65374240631656
55,2026-02-21,1,2026-02-28,wk inc flu hosp,quantile,0.35,196.1234083792171
56,2026-02-21,1,2026-02-28,wk inc flu hosp,quantile,0.35,28.175570502452032
72,2026-02-21,1,2026-02-28,wk inc flu hosp,quantile,0.35,90.47264443056586
US,2026-02-21,1,2026-02-28,wk inc flu hosp,quantile,0.35,10530.48016476009
01,2026-02-21,2,2026-03-07,wk inc flu hosp,quantile,0.35,0.0
02,2026-02-21,2,2026-03-07,wk inc flu hosp,quantile,0.35,0.8715434772920829
04,2026-02-21,2,2026-03-07,wk inc flu hosp,quantile,0.35,448.52085146755337
05,2026-02-21,2,2026-03-07,wk inc flu hosp,quantile,0.35,130.77022275328596
06,2026-02-21,2,2026-03-07,wk inc flu hosp,quantile,0.35,1177.3488298941888
08,2026-02-21,2,2026-03-07,wk inc flu hosp,quantile,0.35,85.2253113380109
09,2026-02-21,2,2026-03-07,wk inc flu hosp,quantile,0.35,5.071202340643675
10,2026-02-21,2,2026-03-07,wk inc flu hosp,quantile,0.35,3.5102909796973267
11,2026-02-21,2,2026-03-07,wk inc flu hosp,quantile,0.35,0.8414914388716307
12,2026-02-21,2,2026-03-07,wk inc flu hosp,quantile,0.35,1897.343991206362
13,2026-02-21,2,2026-03-07,wk inc flu hosp,quantile,0.35,366.75315385880776
15,2026-02-21,2,2026-03-07,wk inc flu hosp,quantile,0.35,11.271372781619531
16,2026-02-21,2,2026-03-07,wk inc flu hosp,quantile,0.35,65.17958684693053
17,2026-02-21,2,2026-03-07,wk inc flu hosp,quantile,0.35,401.9404360161594
18,2026-02-21,2,2026-03-07,wk inc flu hosp,quantile,0.35,161.81157108571782
19,2026-02-21,2,2026-03-07,wk inc flu hosp,quantile,0.35,135.08133378610069
20,2026-02-21,2,2026-03-07,wk inc flu hosp,quantile,0.35,118.91637419983705
21,2026-02-21,2,2026-03-07,wk inc flu hosp,quantile,0.35,92.76707385147273
22,2026-02-21,2,2026-03-07,wk inc flu hosp,quantile,0.35,195.95113474011023
23,2026-02-21,2,2026-03-07,wk inc flu hosp,quantile,0.35,12.843228709756342
24,2026-02-21,2,2026-03-07,wk inc flu hosp,quantile,0.35,36.17386481062571
25,2026-02-21,2,2026-03-07,wk inc flu hosp,quantile,0.35,9.077852319676252
26,2026-02-21,2,2026-03-07,wk inc flu hosp,quantile,0.35,147.9419620280506
27,2026-02-21,2,2026-03-07,wk inc flu hosp,quantile,0.35,134.3365830813438
28,2026-02-21,2,2026-03-07,wk inc flu hosp,quantile,0.35,196.7374727291354
29,2026-02-21,2,2026-03-07,wk inc flu hosp,quantile,0.35,248.7865709099829
30,2026-02-21,2,2026-03-07,wk inc flu hosp,quantile,0.35,38.774238097220874
31,2026-02-21,2,2026-03-07,wk inc flu hosp,quantile,0.35,120.81022645375123
32,2026-02-21,2,2026-03-07,wk inc flu hosp,quantile,0.35,87.46680548230403
33,2026-02-21,2,2026-03-07,wk inc flu hosp,quantile,0.35,26.770025917607754
34,2026-02-21,2,2026-03-07,wk inc flu hosp,quantile,0.35,96.2024291441919
35,2026-02-21,2,2026-03-07,wk inc flu hosp,quantile,0.35,147.1552350899783
36,2026-02-21,2,2026-03-07,wk inc flu hosp,quantile,0.35,59.63000918808852
37,2026-02-21,2,2026-03-07,wk inc flu hosp,quantile,0.35,146.01457441874066
38,2026-02-21,2,2026-03-07,wk inc flu hosp,quantile,0.35,7.822646384798715
39,2026-02-21,2,2026-03-07,wk inc flu hosp,quantile,0.35,284.03219531342125
40,2026-02-21,2,2026-03-07,wk inc flu hosp,quantile,0.35,167.89520979925837
41,2026-02-21,2,2026-03-07,wk inc flu hosp,quantile,0.35,143.9006719542598
42,2026-02-21,2,2026-03-07,wk inc flu hosp,quantile,0.35,428.9850235355423
44,2026-02-21,2,2026-03-07,wk inc flu hosp,quantile,0.35,2.4264629753658538
45,2026-02-21,2,2026-03-07,wk inc flu hosp,quantile,0.35,151.3235516910122
46,2026-02-21,2,2026-03-07,wk inc flu hosp,quantile,0.35,14.575641713188492
47,2026-02-21,2,2026-03-07,wk inc flu hosp,quantile,0.35,219.27932960623403
48,2026-02-21,2,2026-03-07,wk inc flu hosp,quantile,0.35,860.7307552422016
49,2026-02-21,2,2026-03-07,wk inc flu hosp,quantile,0.35,47.4814280911965
50,2026-02-21,2,2026-03-07,wk inc flu hosp,quantile,0.35,6.131898647085312
51,2026-02-21,2,2026-03-07,wk inc flu hosp,quantile,0.35,70.34819498180062
53,2026-02-21,2,2026-03-07,wk inc flu hosp,quantile,0.35,188.93419579546
54,2026-02-21,2,2026-03-07,wk inc flu hosp,quantile,0.35,43.24803319166285
55,2026-02-21,2,2026-03-07,wk inc flu hosp,quantile,0.35,174.58602907955938
56,2026-02-21,2,2026-03-07,wk inc flu hosp,quantile,0.35,27.40126644274163
72,2026-02-21,2,2026-03-07,wk inc flu hosp,quantile,0.35,70.82573967048091
US,2026-02-21,2,2026-03-07,wk inc flu hosp,quantile,0.35,9108.448813584737
01,2026-02-21,3,2026-03-14,wk inc flu hosp,quantile,0.35,0.0
02,2026-02-21,3,2026-03-14,wk inc flu hosp,quantile,0.35,0.2200656780989459
04,2026-02-21,3,2026-03-14,wk inc flu hosp,quantile,0.35,442.61834123606184
05,2026-02-21,3,2026-03-14,wk inc flu hosp,quantile,0.35,102.88669108622418
06,2026-02-21,3,2026-03-14,wk inc flu hosp,quantile,0.35,932.4362714521213
08,2026-02-21,3,2026-03-14,wk inc flu hosp,quantile,0.35,73.84204967690499
09,2026-02-21,3,2026-03-14,wk inc flu hosp,quantile,0.35,0.6350075644053254
10,2026-02-21,3,2026-03-14,wk inc flu hosp,quantile,0.35,1.331719620169681
11,2026-02-21,3,2026-03-14,wk inc flu hosp,quantile,0.35,0.22584557433030175
12,2026-02-21,3,2026-03-14,wk inc flu hosp,quantile,0.35,1799.2626018261758
13,2026-02-21,3,2026-03-14,wk inc flu hosp,quantile,0.35,346.59976157663255
15,2026-02-21,3,2026-03-14,wk inc flu hosp,quantile,0.35,8.799794089268486
16,2026-02-21,3,2026-03-14,wk inc flu hosp,quantile,0.35,54.141106500680756
17,2026-02-21,3,2026-03-14,wk inc flu hosp,quantile,0.35,354.5006053670992
18,2026-02-21,3,2026-03-14,wk inc flu hosp,quantile,0.35,130.98015297854545
19,2026-02-21,3,2026-03-14,wk inc flu hosp,quantile,0.35,107.26056483618652
20,2026-02-21,3,2026-03-14,wk inc flu hosp,quantile,0.35,94.42150773117788
21,2026-02-21,3,2026-03-14,wk inc flu hosp,quantile,0.35,72.61076458183206
22,2026-02-21,3,2026-03-14,wk inc flu hosp,quantile,0.35,160.4060270690829
23,2026-02-21,3,2026-03-14,wk inc flu hosp,quantile,0.35,8.556555210235862
24,2026-02-21,3,2026-03-14,wk inc flu hosp,quantile,0.35,28.175387146464995
25,2026-02-21,3,2026-03-14,wk inc flu hosp,quantile,0.35,1.1857413563425065
26,2026-02-21,3,2026-03-14,wk inc flu hosp,quantile,0.35,114.13808088585515
27,2026-02-21,3,2026-03-14,wk inc flu hosp,quantile,0.35,120.58817822909931
28,2026-02-21,3,2026-03-14,wk inc flu hosp,quantile,0.35,186.73479714563933
29,2026-02-21,3,2026-03-14,wk inc flu hosp,quantile,0.35,206.38999067860078
30,2026-02-21,3,2026-03-14,wk inc flu hosp,quantile,0.35,31.03209324699482
31,2026-02-21,3,2026-03-14,wk inc flu hosp,quantile,0.35,106.44038300146045
32,2026-02-21,3,2026-03-14,wk inc flu hosp,quantile,0.35,76.78006891768673
33,2026-02-21,3,2026-03-14,wk inc flu hosp,quantile,0.35,24.393597511053915
34,2026-02-21,3,2026-03-14,wk inc flu hosp,quantile,0.35,71.23029887897502
35,2026-02-21,3,2026-03-14,wk inc flu hosp,quantile,0.35,142.13003217337655
36,2026-02-21,3,2026-03-14,wk inc flu hosp,quantile,0.35,26.05007743504016
37,2026-02-21,3,2026-03-14,wk inc flu hosp,quantile,0.35,110.64587354318168
38,2026-02-21,3,2026-03-14,wk inc flu hosp,quantile,0.35,4.693322475510214
39,2026-02-21,3,2026-03-14,wk inc flu hosp,quantile,0.35,217.12719424292732
40,2026-02-21,3,2026-03-14,wk inc flu hosp,quantile,0.35,146.22501073224961
41,2026-02-21,3,2026-03-14,wk inc flu hosp,quantile,0.35,113.80695036864884
42,2026-02-21,3,2026-03-14,wk inc flu hosp,quantile,0.35,340.0948801127816
44,2026-02-21,3,2026-03-14,wk inc flu hosp,quantile,0.35,0.6112279556995039
45,2026-02-21,3,2026-03-14,wk inc flu hosp,quantile,0.35,122.34715221271541
46,2026-02-21,3,2026-03-14,wk inc flu hosp,quantile,0.35,10.686238382924046
47,2026-02-21,3,2026-03-14,wk inc flu hosp,quantile,0.35,181.11090619184452
48,2026-02-21,3,2026-03-14,wk inc flu hosp,quantile,0.35,748.6251966183518
49,2026-02-21,3,2026-03-14,wk inc flu hosp,quantile,0.35,40.05642230073503
50,2026-02-21,3,2026-03-14,wk inc flu hosp,quantile,0.35,4.489988723138661
51,2026-02-21,3,2026-03-14,wk inc flu hosp,quantile,0.35,44.88077840836607
53,2026-02-21,3,2026-03-14,wk inc flu hosp,quantile,0.35,153.47521621997566
54,2026-02-21,3,2026-03-14,wk inc flu hosp,quantile,0.35,30.888160115235802
55,2026-02-21,3,2026-03-14,wk inc flu hosp,quantile,0.35,149.32633661538105
56,2026-02-21,3,2026-03-14,wk inc flu hosp,quantile,0.35,26.454331658857466
72,2026-02-21,3,2026-03-14,wk inc flu hosp,quantile,0.35,55.20713980659438
US,2026-02-21,3,2026-03-14,wk inc flu hosp,quantile,0.35,7492.699438016107
01,2026-02-21,0,2026-02-21,wk inc flu hosp,quantile,0.4,0.0
02,2026-02-21,0,2026-02-21,wk inc flu hosp,quantile,0.4,3.7866237439793604
04,2026-02-21,0,2026-02-21,wk inc flu hosp,quantile,0.4,426.0459877591283
05,2026-02-21,0,2026-02-21,wk inc flu hosp,quantile,0.4,163.39670862001893
06,2026-02-21,0,2026-02-21,wk inc flu hosp,quantile,0.4,1453.2725418595735
08,2026-02-21,0,2026-02-21,wk inc flu hosp,quantile,0.4,96.21261268388676
09,2026-02-21,0,2026-02-21,wk inc flu hosp,quantile,0.4,17.82936022619377
10,2026-02-21,0,2026-02-21,wk inc flu hosp,quantile,0.4,14.807230497953505
11,2026-02-21,0,2026-02-21,wk inc flu hosp,quantile,0.4,3.292271739813082
12,2026-02-21,0,2026-02-21,wk inc flu hosp,quantile,0.4,2007.4556969116247
13,2026-02-21,0,2026-02-21,wk inc flu hosp,quantile,0.4,376.2801114471009
15,2026-02-21,0,2026-02-21,wk inc flu hosp,quantile,0.4,15.982046700012397
16,2026-02-21,0,2026-02-21,wk inc flu hosp,quantile,0.4,83.18337306235979
17,2026-02-21,0,2026-02-21,wk inc flu hosp,quantile,0.4,441.8003798027935
18,2026-02-21,0,2026-02-21,wk inc flu hosp,quantile,0.4,220.85025662461442
19,2026-02-21,0,2026-02-21,wk inc flu hosp,quantile,0.4,184.1970993833324
20,2026-02-21,0,2026-02-21,wk inc flu hosp,quantile,0.4,160.9696286403762
21,2026-02-21,0,2026-02-21,wk inc flu hosp,quantile,0.4,145.31886191984395
22,2026-02-21,0,2026-02-21,wk inc flu hosp,quantile,0.4,244.5906151357729
23,2026-02-21,0,2026-02-21,wk inc flu hosp,quantile,0.4,27.90949360188493
24,2026-02-21,0,2026-02-21,wk inc flu hosp,quantile,0.4,54.709169773064644
25,2026-02-21,0,2026-02-21,wk inc flu hosp,quantile,0.4,42.291526035658
26,2026-02-21,0,2026-02-21,wk inc flu hosp,quantile,0.4,199.45829465323314
27,2026-02-21,0,2026-02-21,wk inc flu hosp,quantile,0.4,151.84795414844646
28,2026-02-21,0,2026-02-21,wk inc flu hosp,quantile,0.4,202.78214872836043
29,2026-02-21,0,2026-02-21,wk inc flu hosp,quantile,0.4,340.49097189917967
30,2026-02-21,0,2026-02-21,wk inc flu hosp,quantile,0.4,55.026927081337945
31,2026-02-21,0,2026-02-21,wk inc flu hosp,quantile,0.4,135.26502058095468
32,2026-02-21,0,2026-02-21,wk inc flu hosp,quantile,0.4,100.3046301184194
33,2026-02-21,0,2026-02-21,wk inc flu hosp,quantile,0.4,32.392026376368555
34,2026-02-21,0,2026-02-21,wk inc flu hosp,quantile,0.4,136.35697665652074
35,2026-02-21,0,2026-02-21,wk inc flu hosp,quantile,0.4,153.65362862067218
36,2026-02-21,0,2026-02-21,wk inc flu hosp,quantile,0.4,123.3081445671246
37,2026-02-21,0,2026-02-21,wk inc flu hosp,quantile,0.4,199.43164527099904
38,2026-02-21,0,2026-02-21,wk inc flu hosp,quantile,0.4,19.886045302211045
39,2026-02-21,0,2026-02-21,wk inc flu hosp,quantile,0.4,370.0048593452671
40,2026-02-21,0,2026-02-21,wk inc flu hosp,quantile,0.4,202.22864294431477
41,2026-02-21,0,2026-02-21,wk inc flu hosp,quantile,0.4,249.9813022018016
42,2026-02-21,0,2026-02-21,wk inc flu hosp,quantile,0.4,637.7198489515642
44,2026-02-21,0,2026-02-21,wk inc flu hosp,quantile,0.4,8.548677431994019
45,2026-02-21,0,2026-02-21,wk inc flu hosp,quantile,0.4,194.83017065999124
46,2026-02-21,0,2026-02-21,wk inc flu hosp,quantile,0.4,28.599805606707324
47,2026-02-21,0,2026-02-21,wk inc flu hosp,quantile,0.4,278.869164590353
48,2026-02-21,0,2026-02-21,wk inc flu hosp,quantile,0.4,1034.556408363253
49,2026-02-21,0,2026-02-21,wk inc flu hosp,quantile,0.4,59.19248583608293
50,2026-02-21,0,2026-02-21,wk inc flu hosp,quantile,0.4,11.572194916984017
51,2026-02-21,0,2026-02-21,wk inc flu hosp,quantile,0.4,147.4980918210707
53,2026-02-21,0,2026-02-21,wk inc flu hosp,quantile,0.4,245.21505658995892
54,2026-02-21,0,2026-02-21,wk inc flu hosp,quantile,0.4,88.89697459178083
55,2026-02-21,0,2026-02-21,wk inc flu hosp,quantile,0.4,206.69489575439349
56,2026-02-21,0,2026-02-21,wk inc flu hosp,quantile,0.4,27.632620682272602
72,2026-02-21,0,2026-02-21,wk inc flu hosp,quantile,0.4,113.00295506460458
US,2026-02-21,0,2026-02-21,wk inc flu hosp,quantile,0.4,11748.92447837581
01,2026-02-21,1,2026-02-28,wk inc flu hosp,quantile,0.4,0.0
02,2026-02-21,1,2026-02-28,wk inc flu hosp,quantile,0.4,2.2799673172517503
04,2026-02-21,1,2026-02-28,wk inc flu hosp,quantile,0.4,447.31327496593826
05,2026-02-21,1,2026-02-28,wk inc flu hosp,quantile,0.4,155.2237501455302
06,2026-02-21,1,2026-02-28,wk inc flu hosp,quantile,0.4,1403.0660938629028
08,2026-02-21,1,2026-02-28,wk inc flu hosp,quantile,0.4,94.82396364917423
09,2026-02-21,1,2026-02-28,wk inc flu hosp,quantile,0.4,11.236521574722449
10,2026-02-21,1,2026-02-28,wk inc flu hosp,quantile,0.4,7.7462281392624845
11,2026-02-21,1,2026-02-28,wk inc flu hosp,quantile,0.4,2.005217649527928
12,2026-02-21,1,2026-02-28,wk inc flu hosp,quantile,0.4,2031.852318712257
13,2026-02-21,1,2026-02-28,wk inc flu hosp,quantile,0.4,383.09889851357855
15,2026-02-21,1,2026-02-28,wk inc flu hosp,quantile,0.4,13.870014959165108
16,2026-02-21,1,2026-02-28,wk inc flu hosp,quantile,0.4,78.96723557078147
17,2026-02-21,1,2026-02-28,wk inc flu hosp,quantile,0.4,438.89942968344326
18,2026-02-21,1,2026-02-28,wk inc flu hosp,quantile,0.4,204.11177789369918
19,2026-02-21,1,2026-02-28,wk inc flu hosp,quantile,0.4,164.4226227124899
20,2026-02-21,1,2026-02-28,wk inc flu hosp,quantile,0.4,146.1234984752541
21,2026-02-21,1,2026-02-28,wk inc flu hosp,quantile,0.4,125.11132823006189
22,2026-02-21,1,2026-02-28,wk inc flu hosp,quantile,0.4,229.10091259153043
23,2026-02-21,1,2026-02-28,wk inc flu hosp,quantile,0.4,19.93662061297886
24,2026-02-21,1,2026-02-28,wk inc flu hosp,quantile,0.4,48.008088015847726
25,2026-02-21,1,2026-02-28,wk inc flu hosp,quantile,0.4,24.763784071512454
26,2026-02-21,1,2026-02-28,wk inc flu hosp,quantile,0.4,184.25422438981676
27,2026-02-21,1,2026-02-28,wk inc flu hosp,quantile,0.4,151.4114750537668
28,2026-02-21,1,2026-02-28,wk inc flu hosp,quantile,0.4,206.12206563830023
29,2026-02-21,1,2026-02-28,wk inc flu hosp,quantile,0.4,295.5645964019834
30,2026-02-21,1,2026-02-28,wk inc flu hosp,quantile,0.4,49.12322267207257
31,2026-02-21,1,2026-02-28,wk inc flu hosp,quantile,0.4,135.10572820759964
32,2026-02-21,1,2026-02-28,wk inc flu hosp,quantile,0.4,97.43233248657506
33,2026-02-21,1,2026-02-28,wk inc flu hosp,quantile,0.4,29.888875729490515
34,2026-02-21,1,2026-02-28,wk inc flu hosp,quantile,0.4,119.92980799230646
35,2026-02-21,1,2026-02-28,wk inc flu hosp,quantile,0.4,156.80167688606355
36,2026-02-21,1,2026-02-28,wk inc flu hosp,quantile,0.4,87.59712113809502
37,2026-02-21,1,2026-02-28,wk inc flu hosp,quantile,0.4,179.50348232130182
38,2026-02-21,1,2026-02-28,wk inc flu hosp,quantile,0.4,12.765016292311717
39,2026-02-21,1,2026-02-28,wk inc flu hosp,quantile,0.4,335.0256925956006
40,2026-02-21,1,2026-02-28,wk inc flu hosp,quantile,0.4,192.7923360398628
41,2026-02-21,1,2026-02-28,wk inc flu hosp,quantile,0.4,200.6867297112975
42,2026-02-21,1,2026-02-28,wk inc flu hosp,quantile,0.4,527.0377485651286
44,2026-02-21,1,2026-02-28,wk inc flu hosp,quantile,0.4,5.364468537956161
45,2026-02-21,1,2026-02-28,wk inc flu hosp,quantile,0.4,184.0234476201877
46,2026-02-21,1,2026-02-28,wk inc flu hosp,quantile,0.4,21.564702759995292
47,2026-02-21,1,2026-02-28,wk inc flu hosp,quantile,0.4,264.6068321267815
48,2026-02-21,1,2026-02-28,wk inc flu hosp,quantile,0.4,984.731316907304
49,2026-02-21,1,2026-02-28,wk inc flu hosp,quantile,0.4,55.79115148847688
50,2026-02-21,1,2026-02-28,wk inc flu hosp,quantile,0.4,8.761400998583369
51,2026-02-21,1,2026-02-28,wk inc flu hosp,quantile,0.4,105.00067919711604
53,2026-02-21,1,2026-02-28,wk inc flu hosp,quantile,0.4,226.06192936778442
54,2026-02-21,1,2026-02-28,wk inc flu hosp,quantile,0.4,65.44678246929361
55,2026-02-21,1,2026-02-28,wk inc flu hosp,quantile,0.4,203.64542307247407
56,2026-02-21,1,2026-02-28,wk inc flu hosp,quantile,0.4,28.655991540994787
72,2026-02-21,1,2026-02-28,wk inc flu hosp,quantile,0.4,90.49984968935318
US,2026-02-21,1,2026-02-28,wk inc flu hosp,quantile,0.4,11100.53348155846
01,2026-02-21,2,2026-03-07,wk inc flu hosp,quantile,0.4,0.0
02,2026-02-21,2,2026-03-07,wk inc flu hosp,quantile,0.4,1.184776374278958
04,2026-02-21,2,2026-03-07,wk inc flu hosp,quantile,0.4,450.19796698769085
05,2026-02-21,2,2026-03-07,wk inc flu hosp,quantile,0.4,133.32662406061044
06,2026-02-21,2,2026-03-07,wk inc flu hosp,quantile,0.4,1247.676280860885
08,2026-02-21,2,2026-03-07,wk inc flu hosp,quantile,0.4,86.9742719240337
09,2026-02-21,2,2026-03-07,wk inc flu hosp,quantile,0.4,6.36913695124795
10,2026-02-21,2,2026-03-07,wk inc flu hosp,quantile,0.4,3.6926842461656313
11,2026-02-21,2,2026-03-07,wk inc flu hosp,quantile,0.4,1.0078143384174438
12,2026-02-21,2,2026-03-07,wk inc flu hosp,quantile,0.4,2025.7346930180681
13,2026-02-21,2,2026-03-07,wk inc flu hosp,quantile,0.4,380.34045422396736
15,2026-02-21,2,2026-03-07,wk inc flu hosp,quantile,0.4,11.742749757010595
16,2026-02-21,2,2026-03-07,wk inc flu hosp,quantile,0.4,70.80459355685699
17,2026-02-21,2,2026-03-07,wk inc flu hosp,quantile,0.4,417.60214456192034
18,2026-02-21,2,2026-03-07,wk inc flu hosp,quantile,0.4,180.57912947102494
19,2026-02-21,2,2026-03-07,wk inc flu hosp,quantile,0.4,137.6379536213981
20,2026-02-21,2,2026-03-07,wk inc flu hosp,quantile,0.4,120.19944564023416
21,2026-02-21,2,2026-03-07,wk inc flu hosp,quantile,0.4,101.1704593928409
22,2026-02-21,2,2026-03-07,wk inc flu hosp,quantile,0.4,199.7883365576879
23,2026-02-21,2,2026-03-07,wk inc flu hosp,quantile,0.4,13.829956516097761
24,2026-02-21,2,2026-03-07,wk inc flu hosp,quantile,0.4,39.27644589948154
25,2026-02-21,2,2026-03-07,wk inc flu hosp,quantile,0.4,11.792330350333021
26,2026-02-21,2,2026-03-07,wk inc flu hosp,quantile,0.4,158.30652359756812
27,2026-02-21,2,2026-03-07,wk inc flu hosp,quantile,0.4,148.48554343733966
28,2026-02-21,2,2026-03-07,wk inc flu hosp,quantile,0.4,198.83689784439574
29,2026-02-21,2,2026-03-07,wk inc flu hosp,quantile,0.4,252.49534261413456
30,2026-02-21,2,2026-03-07,wk inc flu hosp,quantile,0.4,42.101763633848634
31,2026-02-21,2,2026-03-07,wk inc flu hosp,quantile,0.4,124.57214166420964
32,2026-02-21,2,2026-03-07,wk inc flu hosp,quantile,0.4,87.83973675709034
33,2026-02-21,2,2026-03-07,wk inc flu hosp,quantile,0.4,28.46972527728045
34,2026-02-21,2,2026-03-07,wk inc flu hosp,quantile,0.4,104.00261619731654
35,2026-02-21,2,2026-03-07,wk inc flu hosp,quantile,0.4,157.63408787313307
36,2026-02-21,2,2026-03-07,wk inc flu hosp,quantile,0.4,63.66388009526639
37,2026-02-21,2,2026-03-07,wk inc flu hosp,quantile,0.4,147.0441433048438
38,2026-02-21,2,2026-03-07,wk inc flu hosp,quantile,0.4,7.862326264979925
39,2026-02-21,2,2026-03-07,wk inc flu hosp,quantile,0.4,287.3452461254202
40,2026-02-21,2,2026-03-07,wk inc flu hosp,quantile,0.4,175.02125625117944
41,2026-02-21,2,2026-03-07,wk inc flu hosp,quantile,0.4,162.21598250228269
42,2026-02-21,2,2026-03-07,wk inc flu hosp,quantile,0.4,438.02945700924533
44,2026-02-21,2,2026-03-07,wk inc flu hosp,quantile,0.4,2.8340077267542387
45,2026-02-21,2,2026-03-07,wk inc flu hosp,quantile,0.4,163.9661468190936
46,2026-02-21,2,2026-03-07,wk inc flu hosp,quantile,0.4,15.281855663247265
47,2026-02-21,2,2026-03-07,wk inc flu hosp,quantile,0.4,236.04949904806736
48,2026-02-21,2,2026-03-07,wk inc flu hosp,quantile,0.4,897.7758909892216
49,2026-02-21,2,2026-03-07,wk inc flu hosp,quantile,0.4,49.62037221643122
50,2026-02-21,2,2026-03-07,wk inc flu hosp,quantile,0.4,6.665448562985425
51,2026-02-21,2,2026-03-07,wk inc flu hosp,quantile,0.4,73.20396743300837
53,2026-02-21,2,2026-03-07,wk inc flu hosp,quantile,0.4,205.6853987515113
54,2026-02-21,2,2026-03-07,wk inc flu hosp,quantile,0.4,45.36477755858128
55,2026-02-21,2,2026-03-07,wk inc flu hosp,quantile,0.4,178.4754284044713
56,2026-02-21,2,2026-03-07,wk inc flu hosp,quantile,0.4,27.936931139044162
72,2026-02-21,2,2026-03-07,wk inc flu hosp,quantile,0.4,71.98889739810792
US,2026-02-21,2,2026-03-07,wk inc flu hosp,quantile,0.4,9784.443336035003
01,2026-02-21,3,2026-03-14,wk inc flu hosp,quantile,0.4,0.0
02,2026-02-21,3,2026-03-14,wk inc flu hosp,quantile,0.4,0.46552055303256346
04,2026-02-21,3,2026-03-14,wk inc flu hosp,quantile,0.4,447.4881304203762
05,2026-02-21,3,2026-03-14,wk inc flu hosp,quantile,0.4,114.3441312289274
06,2026-02-21,3,2026-03-14,wk inc flu hosp,quantile,0.4,1055.850472784816
08,2026-02-21,3,2026-03-14,wk inc flu hosp,quantile,0.4,74.83178507428669
09,2026-02-21,3,2026-03-14,wk inc flu hosp,quantile,0.4,1.5902405888316824
10,2026-02-21,3,2026-03-14,wk inc flu hosp,quantile,0.4,1.3911262152315604
11,2026-02-21,3,2026-03-14,wk inc flu hosp,quantile,0.4,0.4054188068722876
12,2026-02-21,3,2026-03-14,wk inc flu hosp,quantile,0.4,1873.17730208768
13,2026-02-21,3,2026-03-14,wk inc flu hosp,quantile,0.4,350.2041780092042
15,2026-02-21,3,2026-03-14,wk inc flu hosp,quantile,0.4,9.145467631724326
16,2026-02-21,3,2026-03-14,wk inc flu hosp,quantile,0.4,58.37784064641986
17,2026-02-21,3,2026-03-14,wk inc flu hosp,quantile,0.4,362.61517693134124
18,2026-02-21,3,2026-03-14,wk inc flu hosp,quantile,0.4,145.53749151912064
19,2026-02-21,3,2026-03-14,wk inc flu hosp,quantile,0.4,109.14200515270912
20,2026-02-21,3,2026-03-14,wk inc flu hosp,quantile,0.4,101.27576485055197
21,2026-02-21,3,2026-03-14,wk inc flu hosp,quantile,0.4,79.27796339997136
22,2026-02-21,3,2026-03-14,wk inc flu hosp,quantile,0.4,173.23505642043565
23,2026-02-21,3,2026-03-14,wk inc flu hosp,quantile,0.4,10.09727687441727
24,2026-02-21,3,2026-03-14,wk inc flu hosp,quantile,0.4,29.710709403574615
25,2026-02-21,3,2026-03-14,wk inc flu hosp,quantile,0.4,3.794536829936444
26,2026-02-21,3,2026-03-14,wk inc flu hosp,quantile,0.4,127.947246633074
27,2026-02-21,3,2026-03-14,wk inc flu hosp,quantile,0.4,122.86968768046798
28,2026-02-21,3,2026-03-14,wk inc flu hosp,quantile,0.4,187.92954481903686
29,2026-02-21,3,2026-03-14,wk inc flu hosp,quantile,0.4,207.9876445708179
30,2026-02-21,3,2026-03-14,wk inc flu hosp,quantile,0.4,34.96600520088868
31,2026-02-21,3,2026-03-14,wk inc flu hosp,quantile,0.4,106.95474856413813
32,2026-02-21,3,2026-03-14,wk inc flu hosp,quantile,0.4,76.79246612154346
33,2026-02-21,3,2026-03-14,wk inc flu hosp,quantile,0.4,25.241283363393872
34,2026-02-21,3,2026-03-14,wk inc flu hosp,quantile,0.4,81.60496355265414
35,2026-02-21,3,2026-03-14,wk inc flu hosp,quantile,0.4,152.72588673747504
36,2026-02-21,3,2026-03-14,wk inc flu hosp,quantile,0.4,40.19969911234071
37,2026-02-21,3,2026-03-14,wk inc flu hosp,quantile,0.4,119.82002274702853
38,2026-02-21,3,2026-03-14,wk inc flu hosp,quantile,0.4,4.815284875134602
39,2026-02-21,3,2026-03-14,wk inc flu hosp,quantile,0.4,237.26359214837404
40,2026-02-21,3,2026-03-14,wk inc flu hosp,quantile,0.4,154.83516656928632
41,2026-02-21,3,2026-03-14,wk inc flu hosp,quantile,0.4,124.50929095631108
42,2026-02-21,3,2026-03-14,wk inc flu hosp,quantile,0.4,359.6857181892771
44,2026-02-21,3,2026-03-14,wk inc flu hosp,quantile,0.4,1.3908314140262534
45,2026-02-21,3,2026-03-14,wk inc flu hosp,quantile,0.4,132.74947516171463
46,2026-02-21,3,2026-03-14,wk inc flu hosp,quantile,0.4,11.551275136775958
47,2026-02-21,3,2026-03-14,wk inc flu hosp,quantile,0.4,196.05016082683508
48,2026-02-21,3,2026-03-14,wk inc flu hosp,quantile,0.4,777.7886446092725
49,2026-02-21,3,2026-03-14,wk inc flu hosp,quantile,0.4,40.2390926251822
50,2026-02-21,3,2026-03-14,wk inc flu hosp,quantile,0.4,4.925896732174232
51,2026-02-21,3,2026-03-14,wk inc flu hosp,quantile,0.4,50.46681884212187
53,2026-02-21,3,2026-03-14,wk inc flu hosp,quantile,0.4,174.06386240021345
54,2026-02-21,3,2026-03-14,wk inc flu hosp,quantile,0.4,34.07968201210972
55,2026-02-21,3,2026-03-14,wk inc flu hosp,quantile,0.4,151.72813440803856
56,2026-02-21,3,2026-03-14,wk inc flu hosp,quantile,0.4,27.4547524749162
72,2026-02-21,3,2026-03-14,wk inc flu hosp,quantile,0.4,57.453807159209966
US,2026-02-21,3,2026-03-14,wk inc flu hosp,quantile,0.4,7995.8351868865875
01,2026-02-21,0,2026-02-21,wk inc flu hosp,quantile,0.45,0.0
02,2026-02-21,0,2026-02-21,wk inc flu hosp,quantile,0.45,4.058351998743971
04,2026-02-21,0,2026-02-21,wk inc flu hosp,quantile,0.45,427.46688692691816
05,2026-02-21,0,2026-02-21,wk inc flu hosp,quantile,0.45,166.30869849554523
06,2026-02-21,0,2026-02-21,wk inc flu hosp,quantile,0.45,1484.6862880558235
08,2026-02-21,0,2026-02-21,wk inc flu hosp,quantile,0.45,103.28571245185167
09,2026-02-21,0,2026-02-21,wk inc flu hosp,quantile,0.45,17.847728656220973
10,2026-02-21,0,2026-02-21,wk inc flu hosp,quantile,0.45,15.36058261529231
11,2026-02-21,0,2026-02-21,wk inc flu hosp,quantile,0.45,3.3381098041388557
12,2026-02-21,0,2026-02-21,wk inc flu hosp,quantile,0.45,2085.897869750485
13,2026-02-21,0,2026-02-21,wk inc flu hosp,quantile,0.45,393.10895098014794
15,2026-02-21,0,2026-02-21,wk inc flu hosp,quantile,0.45,16.534781462478122
16,2026-02-21,0,2026-02-21,wk inc flu hosp,quantile,0.45,85.74620781809904
17,2026-02-21,0,2026-02-21,wk inc flu hosp,quantile,0.45,469.8799540056652
18,2026-02-21,0,2026-02-21,wk inc flu hosp,quantile,0.45,221.00253736232537
19,2026-02-21,0,2026-02-21,wk inc flu hosp,quantile,0.45,185.22267835365255
20,2026-02-21,0,2026-02-21,wk inc flu hosp,quantile,0.45,163.4053881215602
21,2026-02-21,0,2026-02-21,wk inc flu hosp,quantile,0.45,149.79473696358662
22,2026-02-21,0,2026-02-21,wk inc flu hosp,quantile,0.45,247.85431886352777
23,2026-02-21,0,2026-02-21,wk inc flu hosp,quantile,0.45,28.467577813815186
24,2026-02-21,0,2026-02-21,wk inc flu hosp,quantile,0.45,56.43418225195737
25,2026-02-21,0,2026-02-21,wk inc flu hosp,quantile,0.45,43.41190860546786
26,2026-02-21,0,2026-02-21,wk inc flu hosp,quantile,0.45,203.93218898258937
27,2026-02-21,0,2026-02-21,wk inc flu hosp,quantile,0.45,162.87959209512476
28,2026-02-21,0,2026-02-21,wk inc flu hosp,quantile,0.45,204.1344653055249
29,2026-02-21,0,2026-02-21,wk inc flu hosp,quantile,0.45,342.1899823958632
30,2026-02-21,0,2026-02-21,wk inc flu hosp,quantile,0.45,55.21090001913488
31,2026-02-21,0,2026-02-21,wk inc flu hosp,quantile,0.45,137.374872556935
32,2026-02-21,0,2026-02-21,wk inc flu hosp,quantile,0.45,107.07341470347393
33,2026-02-21,0,2026-02-21,wk inc flu hosp,quantile,0.45,33.27333426810613
34,2026-02-21,0,2026-02-21,wk inc flu hosp,quantile,0.45,137.52665321662943
35,2026-02-21,0,2026-02-21,wk inc flu hosp,quantile,0.45,163.02402036422947
36,2026-02-21,0,2026-02-21,wk inc flu hosp,quantile,0.45,124.63086976088897
37,2026-02-21,0,2026-02-21,wk inc flu hosp,quantile,0.45,203.99028101566822
38,2026-02-21,0,2026-02-21,wk inc flu hosp,quantile,0.45,19.997072453149638
39,2026-02-21,0,2026-02-21,wk inc flu hosp,quantile,0.45,381.1329825906041
40,2026-02-21,0,2026-02-21,wk inc flu hosp,quantile,0.45,206.4015549369425
41,2026-02-21,0,2026-02-21,wk inc flu hosp,quantile,0.45,257.3101956559475
42,2026-02-21,0,2026-02-21,wk inc flu hosp,quantile,0.45,645.3719209166177
44,2026-02-21,0,2026-02-21,wk inc flu hosp,quantile,0.45,8.879684000766945
45,2026-02-21,0,2026-02-21,wk inc flu hosp,quantile,0.45,203.97769060255146
46,2026-02-21,0,2026-02-21,wk inc flu hosp,quantile,0.45,28.752334885594227
47,2026-02-21,0,2026-02-21,wk inc flu hosp,quantile,0.45,288.3107937565623
48,2026-02-21,0,2026-02-21,wk inc flu hosp,quantile,0.45,1069.2700006211462
49,2026-02-21,0,2026-02-21,wk inc flu hosp,quantile,0.45,64.78948961467225
50,2026-02-21,0,2026-02-21,wk inc flu hosp,quantile,0.45,11.76896561479108
51,2026-02-21,0,2026-02-21,wk inc flu hosp,quantile,0.45,149.9070845444912
53,2026-02-21,0,2026-02-21,wk inc flu hosp,quantile,0.45,245.82852391199287
54,2026-02-21,0,2026-02-21,wk inc flu hosp,quantile,0.45,90.62787720635377
55,2026-02-21,0,2026-02-21,wk inc flu hosp,quantile,0.45,216.49279065629247
56,2026-02-21,0,2026-02-21,wk inc flu hosp,quantile,0.45,29.34574948448076
72,2026-02-21,0,2026-02-21,wk inc flu hosp,quantile,0.45,113.26202265218193
US,2026-02-21,0,2026-02-21,wk inc flu hosp,quantile,0.45,12206.908334489326
01,2026-02-21,1,2026-02-28,wk inc flu hosp,quantile,0.45,0.0
02,2026-02-21,1,2026-02-28,wk inc flu hosp,quantile,0.45,2.6085610145723312
04,2026-02-21,1,2026-02-28,wk inc flu hosp,quantile,0.45,456.1540311077468
05,2026-02-21,1,2026-02-28,wk inc flu hosp,quantile,0.45,156.13802067386263
06,2026-02-21,1,2026-02-28,wk inc flu hosp,quantile,0.45,1407.2160487808617
08,2026-02-21,1,2026-02-28,wk inc flu hosp,quantile,0.45,94.87213874431424
09,2026-02-21,1,2026-02-28,wk inc flu hosp,quantile,0.45,11.429135825496516
10,2026-02-21,1,2026-02-28,wk inc flu hosp,quantile,0.45,8.24117571699422
11,2026-02-21,1,2026-02-28,wk inc flu hosp,quantile,0.45,2.283798300218302
12,2026-02-21,1,2026-02-28,wk inc flu hosp,quantile,0.45,2136.8811618994196
13,2026-02-21,1,2026-02-28,wk inc flu hosp,quantile,0.45,404.7263320082718
15,2026-02-21,1,2026-02-28,wk inc flu hosp,quantile,0.45,14.060858766313968
16,2026-02-21,1,2026-02-28,wk inc flu hosp,quantile,0.45,79.27025474404765
17,2026-02-21,1,2026-02-28,wk inc flu hosp,quantile,0.45,458.2478792486965
18,2026-02-21,1,2026-02-28,wk inc flu hosp,quantile,0.45,206.27648908227886
19,2026-02-21,1,2026-02-28,wk inc flu hosp,quantile,0.45,165.10708986008612
20,2026-02-21,1,2026-02-28,wk inc flu hosp,quantile,0.45,146.64387302749543
21,2026-02-21,1,2026-02-28,wk inc flu hosp,quantile,0.45,125.75200976687992
22,2026-02-21,1,2026-02-28,wk inc flu hosp,quantile,0.45,229.20706793503584
23,2026-02-21,1,2026-02-28,wk inc flu hosp,quantile,0.45,21.44643158948727
24,2026-02-21,1,2026-02-28,wk inc flu hosp,quantile,0.45,48.94418208780366
25,2026-02-21,1,2026-02-28,wk inc flu hosp,quantile,0.45,26.953077295147736
26,2026-02-21,1,2026-02-28,wk inc flu hosp,quantile,0.45,184.41668627141908
27,2026-02-21,1,2026-02-28,wk inc flu hosp,quantile,0.45,158.7691193467938
28,2026-02-21,1,2026-02-28,wk inc flu hosp,quantile,0.45,209.24052215401016
29,2026-02-21,1,2026-02-28,wk inc flu hosp,quantile,0.45,296.9375673789827
30,2026-02-21,1,2026-02-28,wk inc flu hosp,quantile,0.45,49.17040317688526
31,2026-02-21,1,2026-02-28,wk inc flu hosp,quantile,0.45,135.22582142892472
32,2026-02-21,1,2026-02-28,wk inc flu hosp,quantile,0.45,104.88208965617
33,2026-02-21,1,2026-02-28,wk inc flu hosp,quantile,0.45,31.250422250567762
34,2026-02-21,1,2026-02-28,wk inc flu hosp,quantile,0.45,125.08374567054096
35,2026-02-21,1,2026-02-28,wk inc flu hosp,quantile,0.45,171.82961648494282
36,2026-02-21,1,2026-02-28,wk inc flu hosp,quantile,0.45,89.11053499488769
37,2026-02-21,1,2026-02-28,wk inc flu hosp,quantile,0.45,185.47296410422854
38,2026-02-21,1,2026-02-28,wk inc flu hosp,quantile,0.45,12.90625849888173
39,2026-02-21,1,2026-02-28,wk inc flu hosp,quantile,0.45,348.37299619584695
40,2026-02-21,1,2026-02-28,wk inc flu hosp,quantile,0.45,200.44741510946076
41,2026-02-21,1,2026-02-28,wk inc flu hosp,quantile,0.45,213.33924118096755
42,2026-02-21,1,2026-02-28,wk inc flu hosp,quantile,0.45,529.1237160905183
44,2026-02-21,1,2026-02-28,wk inc flu hosp,quantile,0.45,5.892941074497316
45,2026-02-21,1,2026-02-28,wk inc flu hosp,quantile,0.45,184.07920144835018
46,2026-02-21,1,2026-02-28,wk inc flu hosp,quantile,0.45,22.393483983505103
47,2026-02-21,1,2026-02-28,wk inc flu hosp,quantile,0.45,264.8445700761045
48,2026-02-21,1,2026-02-28,wk inc flu hosp,quantile,0.45,1014.7672623429987
49,2026-02-21,1,2026-02-28,wk inc flu hosp,quantile,0.45,62.38560982792089
50,2026-02-21,1,2026-02-28,wk inc flu hosp,quantile,0.45,9.239112933466965
51,2026-02-21,1,2026-02-28,wk inc flu hosp,quantile,0.45,112.08661371616496
53,2026-02-21,1,2026-02-28,wk inc flu hosp,quantile,0.45,230.73946853978347
54,2026-02-21,1,2026-02-28,wk inc flu hosp,quantile,0.45,70.353688018632
55,2026-02-21,1,2026-02-28,wk inc flu hosp,quantile,0.45,205.3965064394969
56,2026-02-21,1,2026-02-28,wk inc flu hosp,quantile,0.45,30.322617103291616
72,2026-02-21,1,2026-02-28,wk inc flu hosp,quantile,0.45,91.28182171647101
US,2026-02-21,1,2026-02-28,wk inc flu hosp,quantile,0.45,11124.696493418965
01,2026-02-21,2,2026-03-07,wk inc flu hosp,quantile,0.45,0.0
02,2026-02-21,2,2026-03-07,wk inc flu hosp,quantile,0.45,1.4173985833905876
04,2026-02-21,2,2026-03-07,wk inc flu hosp,quantile,0.45,451.48077140349255
05,2026-02-21,2,2026-03-07,wk inc flu hosp,quantile,0.45,142.48432606909466
06,2026-02-21,2,2026-03-07,wk inc flu hosp,quantile,0.45,1250.7398370682247
08,2026-02-21,2,2026-03-07,wk inc flu hosp,quantile,0.45,87.0809213991755
09,2026-02-21,2,2026-03-07,wk inc flu hosp,quantile,0.45,6.852987636907667
10,2026-02-21,2,2026-03-07,wk inc flu hosp,quantile,0.45,3.992305078140677
11,2026-02-21,2,2026-03-07,wk inc flu hosp,quantile,0.45,1.4186084059304436
12,2026-02-21,2,2026-03-07,wk inc flu hosp,quantile,0.45,2092.7538230352534
13,2026-02-21,2,2026-03-07,wk inc flu hosp,quantile,0.45,399.1339083127146
15,2026-02-21,2,2026-03-07,wk inc flu hosp,quantile,0.45,12.266859155890238
16,2026-02-21,2,2026-03-07,wk inc flu hosp,quantile,0.45,72.6877514418973
17,2026-02-21,2,2026-03-07,wk inc flu hosp,quantile,0.45,423.8827382394023
18,2026-02-21,2,2026-03-07,wk inc flu hosp,quantile,0.45,182.20773237035465
19,2026-02-21,2,2026-03-07,wk inc flu hosp,quantile,0.45,141.58940311944278
20,2026-02-21,2,2026-03-07,wk inc flu hosp,quantile,0.45,125.29807769830795
21,2026-02-21,2,2026-03-07,wk inc flu hosp,quantile,0.45,103.99587561351865
22,2026-02-21,2,2026-03-07,wk inc flu hosp,quantile,0.45,207.83785811404195
23,2026-02-21,2,2026-03-07,wk inc flu hosp,quantile,0.45,16.079281200167472
24,2026-02-21,2,2026-03-07,wk inc flu hosp,quantile,0.45,42.64876751686453
25,2026-02-21,2,2026-03-07,wk inc flu hosp,quantile,0.45,14.142436795397597
26,2026-02-21,2,2026-03-07,wk inc flu hosp,quantile,0.45,161.30283803341555
27,2026-02-21,2,2026-03-07,wk inc flu hosp,quantile,0.45,148.95730186155038
28,2026-02-21,2,2026-03-07,wk inc flu hosp,quantile,0.45,200.9501931616838
29,2026-02-21,2,2026-03-07,wk inc flu hosp,quantile,0.45,257.23247238012067
30,2026-02-21,2,2026-03-07,wk inc flu hosp,quantile,0.45,43.39602327678325
31,2026-02-21,2,2026-03-07,wk inc flu hosp,quantile,0.45,124.92177574144516
32,2026-02-21,2,2026-03-07,wk inc flu hosp,quantile,0.45,98.00909006259995
33,2026-02-21,2,2026-03-07,wk inc flu hosp,quantile,0.45,29.23171342757617
34,2026-02-21,2,2026-03-07,wk inc flu hosp,quantile,0.45,104.78667713011667
35,2026-02-21,2,2026-03-07,wk inc flu hosp,quantile,0.45,172.2840288907845
36,2026-02-21,2,2026-03-07,wk inc flu hosp,quantile,0.45,66.26202534309178
37,2026-02-21,2,2026-03-07,wk inc flu hosp,quantile,0.45,153.15146664113058
38,2026-02-21,2,2026-03-07,wk inc flu hosp,quantile,0.45,8.210972192036467
39,2026-02-21,2,2026-03-07,wk inc flu hosp,quantile,0.45,289.195598148575
40,2026-02-21,2,2026-03-07,wk inc flu hosp,quantile,0.45,184.87553044359598
41,2026-02-21,2,2026-03-07,wk inc flu hosp,quantile,0.45,174.75290586044935
42,2026-02-21,2,2026-03-07,wk inc flu hosp,quantile,0.45,444.36210312516914
44,2026-02-21,2,2026-03-07,wk inc flu hosp,quantile,0.45,3.4047700731650026
45,2026-02-21,2,2026-03-07,wk inc flu hosp,quantile,0.45,165.44585847818564
46,2026-02-21,2,2026-03-07,wk inc flu hosp,quantile,0.45,16.519231664612953
47,2026-02-21,2,2026-03-07,wk inc flu hosp,quantile,0.45,240.4582529468341
48,2026-02-21,2,2026-03-07,wk inc flu hosp,quantile,0.45,938.0724313688805
49,2026-02-21,2,2026-03-07,wk inc flu hosp,quantile,0.45,56.27706107248612
50,2026-02-21,2,2026-03-07,wk inc flu hosp,quantile,0.45,7.311851385585878
51,2026-02-21,2,2026-03-07,wk inc flu hosp,quantile,0.45,80.03105872740831
53,2026-02-21,2,2026-03-07,wk inc flu hosp,quantile,0.45,207.5088010355068
54,2026-02-21,2,2026-03-07,wk inc flu hosp,quantile,0.45,51.09330901965124
55,2026-02-21,2,2026-03-07,wk inc flu hosp,quantile,0.45,187.58945169697304
56,2026-02-21,2,2026-03-07,wk inc flu hosp,quantile,0.45,29.658932393095615
72,2026-02-21,2,2026-03-07,wk inc flu hosp,quantile,0.45,72.27861267654215
US,2026-02-21,2,2026-03-07,wk inc flu hosp,quantile,0.45,10087.626146292003
01,2026-02-21,3,2026-03-14,wk inc flu hosp,quantile,0.45,0.0
02,2026-02-21,3,2026-03-14,wk inc flu hosp,quantile,0.45,0.6917899427726132
04,2026-02-21,3,2026-03-14,wk inc flu hosp,quantile,0.45,447.794966683814
05,2026-02-21,3,2026-03-14,wk inc flu hosp,quantile,0.45,119.31683025330655
06,2026-02-21,3,2026-03-14,wk inc flu hosp,quantile,0.45,1064.3145891209672
08,2026-02-21,3,2026-03-14,wk inc flu hosp,quantile,0.45,75.8526243975762
09,2026-02-21,3,2026-03-14,wk inc flu hosp,quantile,0.45,2.592132773140129
10,2026-02-21,3,2026-03-14,wk inc flu hosp,quantile,0.45,1.542788411213972
11,2026-02-21,3,2026-03-14,wk inc flu hosp,quantile,0.45,0.8720928912000259
12,2026-02-21,3,2026-03-14,wk inc flu hosp,quantile,0.45,1927.412181662898
13,2026-02-21,3,2026-03-14,wk inc flu hosp,quantile,0.45,368.376187314565
15,2026-02-21,3,2026-03-14,wk inc flu hosp,quantile,0.45,10.025146782296337
16,2026-02-21,3,2026-03-14,wk inc flu hosp,quantile,0.45,63.452929255658034
17,2026-02-21,3,2026-03-14,wk inc flu hosp,quantile,0.45,375.3370034676421
18,2026-02-21,3,2026-03-14,wk inc flu hosp,quantile,0.45,152.75882033961975
19,2026-02-21,3,2026-03-14,wk inc flu hosp,quantile,0.45,114.8048366408425
20,2026-02-21,3,2026-03-14,wk inc flu hosp,quantile,0.45,104.83953174476582
21,2026-02-21,3,2026-03-14,wk inc flu hosp,quantile,0.45,84.27875370993998
22,2026-02-21,3,2026-03-14,wk inc flu hosp,quantile,0.45,173.47045331314973
23,2026-02-21,3,2026-03-14,wk inc flu hosp,quantile,0.45,12.229026338877045
24,2026-02-21,3,2026-03-14,wk inc flu hosp,quantile,0.45,34.49782641222449
25,2026-02-21,3,2026-03-14,wk inc flu hosp,quantile,0.45,6.3115502745505365
26,2026-02-21,3,2026-03-14,wk inc flu hosp,quantile,0.45,137.75518167151208
27,2026-02-21,3,2026-03-14,wk inc flu hosp,quantile,0.45,125.72701158891692
28,2026-02-21,3,2026-03-14,wk inc flu hosp,quantile,0.45,188.07548769376893
29,2026-02-21,3,2026-03-14,wk inc flu hosp,quantile,0.45,210.38800008614905
30,2026-02-21,3,2026-03-14,wk inc flu hosp,quantile,0.45,36.29814548775546
31,2026-02-21,3,2026-03-14,wk inc flu hosp,quantile,0.45,107.87528472799596
32,2026-02-21,3,2026-03-14,wk inc flu hosp,quantile,0.45,86.28056473126374
33,2026-02-21,3,2026-03-14,wk inc flu hosp,quantile,0.45,26.392533030205463
34,2026-02-21,3,2026-03-14,wk inc flu hosp,quantile,0.45,85.19928525734429
35,2026-02-21,3,2026-03-14,wk inc flu hosp,quantile,0.45,164.05308985764492
36,2026-02-21,3,2026-03-14,wk inc flu hosp,quantile,0.45,45.19466949662833
37,2026-02-21,3,2026-03-14,wk inc flu hosp,quantile,0.45,124.11005519661846
38,2026-02-21,3,2026-03-14,wk inc flu hosp,quantile,0.45,5.22664963236181
39,2026-02-21,3,2026-03-14,wk inc flu hosp,quantile,0.45,241.2679196877627
40,2026-02-21,3,2026-03-14,wk inc flu hosp,quantile,0.45,163.64895994995226
41,2026-02-21,3,2026-03-14,wk inc flu hosp,quantile,0.45,134.545226462378
42,2026-02-21,3,2026-03-14,wk inc flu hosp,quantile,0.45,369.022034968293
44,2026-02-21,3,2026-03-14,wk inc flu hosp,quantile,0.45,2.0394777851576316
45,2026-02-21,3,2026-03-14,wk inc flu hosp,quantile,0.45,139.7756794961132
46,2026-02-21,3,2026-03-14,wk inc flu hosp,quantile,0.45,12.466842287777942
47,2026-02-21,3,2026-03-14,wk inc flu hosp,quantile,0.45,205.3084113920644
48,2026-02-21,3,2026-03-14,wk inc flu hosp,quantile,0.45,819.2512436847711
49,2026-02-21,3,2026-03-14,wk inc flu hosp,quantile,0.45,47.701950018099865
50,2026-02-21,3,2026-03-14,wk inc flu hosp,quantile,0.45,5.717051234523513
51,2026-02-21,3,2026-03-14,wk inc flu hosp,quantile,0.45,56.03119990447297
53,2026-02-21,3,2026-03-14,wk inc flu hosp,quantile,0.45,176.12629856231504
54,2026-02-21,3,2026-03-14,wk inc flu hosp,quantile,0.45,38.971097779359894
55,2026-02-21,3,2026-03-14,wk inc flu hosp,quantile,0.45,161.1935766134782
56,2026-02-21,3,2026-03-14,wk inc flu hosp,quantile,0.45,28.84896321770478
72,2026-02-21,3,2026-03-14,wk inc flu hosp,quantile,0.45,59.79283995340994
US,2026-02-21,3,2026-03-14,wk inc flu hosp,quantile,0.45,8556.083616643333
01,2026-02-21,0,2026-02-21,wk inc flu hosp,quantile,0.5,0.574431120540797
02,2026-02-21,0,2026-02-21,wk inc flu hosp,quantile,0.5,4.5124337964005665
04,2026-02-21,0,2026-02-21,wk inc flu hosp,quantile,0.5,428.88569100378544
05,2026-02-21,0,2026-02-21,wk inc flu hosp,quantile,0.5,166.31884499793836
06,2026-02-21,0,2026-02-21,wk inc flu hosp,quantile,0.5,1490.7127777684125
08,2026-02-21,0,2026-02-21,wk inc flu hosp,quantile,0.5,108.11015309890423
09,2026-02-21,0,2026-02-21,wk inc flu hosp,quantile,0.5,18.33597216833109
10,2026-02-21,0,2026-02-21,wk inc flu hosp,quantile,0.5,15.525472303147383
11,2026-02-21,0,2026-02-21,wk inc flu hosp,quantile,0.5,3.661840265146123
12,2026-02-21,0,2026-02-21,wk inc flu hosp,quantile,0.5,2099.3655010280936
13,2026-02-21,0,2026-02-21,wk inc flu hosp,quantile,0.5,396.4243012755491
15,2026-02-21,0,2026-02-21,wk inc flu hosp,quantile,0.5,17.089966163470038
16,2026-02-21,0,2026-02-21,wk inc flu hosp,quantile,0.5,86.76324323518757
17,2026-02-21,0,2026-02-21,wk inc flu hosp,quantile,0.5,482.65038228731134
18,2026-02-21,0,2026-02-21,wk inc flu hosp,quantile,0.5,223.1118104324439
19,2026-02-21,0,2026-02-21,wk inc flu hosp,quantile,0.5,185.42199466969274
20,2026-02-21,0,2026-02-21,wk inc flu hosp,quantile,0.5,164.62234048971166
21,2026-02-21,0,2026-02-21,wk inc flu hosp,quantile,0.5,153.10971613919074
22,2026-02-21,0,2026-02-21,wk inc flu hosp,quantile,0.5,248.14380580499267
23,2026-02-21,0,2026-02-21,wk inc flu hosp,quantile,0.5,30.134916125045883
24,2026-02-21,0,2026-02-21,wk inc flu hosp,quantile,0.5,57.05422413946916
25,2026-02-21,0,2026-02-21,wk inc flu hosp,quantile,0.5,44.732706708857904
26,2026-02-21,0,2026-02-21,wk inc flu hosp,quantile,0.5,204.21406726617965
27,2026-02-21,0,2026-02-21,wk inc flu hosp,quantile,0.5,171.6857752267776
28,2026-02-21,0,2026-02-21,wk inc flu hosp,quantile,0.5,206.63805923014485
29,2026-02-21,0,2026-02-21,wk inc flu hosp,quantile,0.5,343.93235421757174
30,2026-02-21,0,2026-02-21,wk inc flu hosp,quantile,0.5,55.45088572521884
31,2026-02-21,0,2026-02-21,wk inc flu hosp,quantile,0.5,137.70836238253204
32,2026-02-21,0,2026-02-21,wk inc flu hosp,quantile,0.5,110.96793120805522
33,2026-02-21,0,2026-02-21,wk inc flu hosp,quantile,0.5,35.14340888805674
34,2026-02-21,0,2026-02-21,wk inc flu hosp,quantile,0.5,142.4718208498003
35,2026-02-21,0,2026-02-21,wk inc flu hosp,quantile,0.5,167.24474506351368
36,2026-02-21,0,2026-02-21,wk inc flu hosp,quantile,0.5,131.14812993435646
37,2026-02-21,0,2026-02-21,wk inc flu hosp,quantile,0.5,212.3794503332961
38,2026-02-21,0,2026-02-21,wk inc flu hosp,quantile,0.5,20.045622279400934
39,2026-02-21,0,2026-02-21,wk inc flu hosp,quantile,0.5,389.9768685040244
40,2026-02-21,0,2026-02-21,wk inc flu hosp,quantile,0.5,214.41128027216354
41,2026-02-21,0,2026-02-21,wk inc flu hosp,quantile,0.5,260.9879660502842
42,2026-02-21,0,2026-02-21,wk inc flu hosp,quantile,0.5,645.7067787901083
44,2026-02-21,0,2026-02-21,wk inc flu hosp,quantile,0.5,9.009748444970318
45,2026-02-21,0,2026-02-21,wk inc flu hosp,quantile,0.5,204.1108592950846
46,2026-02-21,0,2026-02-21,wk inc flu hosp,quantile,0.5,29.399361750824472
47,2026-02-21,0,2026-02-21,wk inc flu hosp,quantile,0.5,289.12326052760045
48,2026-02-21,0,2026-02-21,wk inc flu hosp,quantile,0.5,1083.4094706929827
49,2026-02-21,0,2026-02-21,wk inc flu hosp,quantile,0.5,66.31562199447289
50,2026-02-21,0,2026-02-21,wk inc flu hosp,quantile,0.5,12.667506146167455
51,2026-02-21,0,2026-02-21,wk inc flu hosp,quantile,0.5,149.91447410994368
53,2026-02-21,0,2026-02-21,wk inc flu hosp,quantile,0.5,246.55799857467585
54,2026-02-21,0,2026-02-21,wk inc flu hosp,quantile,0.5,91.46066644516358
55,2026-02-21,0,2026-02-21,wk inc flu hosp,quantile,0.5,224.1811984111036
56,2026-02-21,0,2026-02-21,wk inc flu hosp,quantile,0.5,29.486239947601685
72,2026-02-21,0,2026-02-21,wk inc flu hosp,quantile,0.5,113.47510586041798
US,2026-02-21,0,2026-02-21,wk inc flu hosp,quantile,0.5,12483.761155475155
01,2026-02-21,1,2026-02-28,wk inc flu hosp,quantile,0.5,0.0
02,2026-02-21,1,2026-02-28,wk inc flu hosp,quantile,0.5,2.974513455070852
04,2026-02-21,1,2026-02-28,wk inc flu hosp,quantile,0.5,462.70440527267425
05,2026-02-21,1,2026-02-28,wk inc flu hosp,quantile,0.5,158.53054364457523
06,2026-02-21,1,2026-02-28,wk inc flu hosp,quantile,0.5,1414.1306430461032
08,2026-02-21,1,2026-02-28,wk inc flu hosp,quantile,0.5,98.87976738867609
09,2026-02-21,1,2026-02-28,wk inc flu hosp,quantile,0.5,11.805348548081708
10,2026-02-21,1,2026-02-28,wk inc flu hosp,quantile,0.5,8.700204980532007
11,2026-02-21,1,2026-02-28,wk inc flu hosp,quantile,0.5,2.539751496601274
12,2026-02-21,1,2026-02-28,wk inc flu hosp,quantile,0.5,2165.6458305814785
13,2026-02-21,1,2026-02-28,wk inc flu hosp,quantile,0.5,408.19389030642486
15,2026-02-21,1,2026-02-28,wk inc flu hosp,quantile,0.5,14.401733820629946
16,2026-02-21,1,2026-02-28,wk inc flu hosp,quantile,0.5,83.23268058381014
17,2026-02-21,1,2026-02-28,wk inc flu hosp,quantile,0.5,464.52608377626365
18,2026-02-21,1,2026-02-28,wk inc flu hosp,quantile,0.5,207.19371394348207
19,2026-02-21,1,2026-02-28,wk inc flu hosp,quantile,0.5,165.77995413659517
20,2026-02-21,1,2026-02-28,wk inc flu hosp,quantile,0.5,147.7471005474979
21,2026-02-21,1,2026-02-28,wk inc flu hosp,quantile,0.5,128.32757855496376
22,2026-02-21,1,2026-02-28,wk inc flu hosp,quantile,0.5,232.667692617032
23,2026-02-21,1,2026-02-28,wk inc flu hosp,quantile,0.5,23.00386449554406
24,2026-02-21,1,2026-02-28,wk inc flu hosp,quantile,0.5,51.5311100948485
25,2026-02-21,1,2026-02-28,wk inc flu hosp,quantile,0.5,28.446938282755724
26,2026-02-21,1,2026-02-28,wk inc flu hosp,quantile,0.5,185.78492516876716
27,2026-02-21,1,2026-02-28,wk inc flu hosp,quantile,0.5,161.03640310951275
28,2026-02-21,1,2026-02-28,wk inc flu hosp,quantile,0.5,214.13647444732084
29,2026-02-21,1,2026-02-28,wk inc flu hosp,quantile,0.5,300.3140679706994
30,2026-02-21,1,2026-02-28,wk inc flu hosp,quantile,0.5,50.699722648252056
31,2026-02-21,1,2026-02-28,wk inc flu hosp,quantile,0.5,136.40354209883137
32,2026-02-21,1,2026-02-28,wk inc flu hosp,quantile,0.5,109.0745976841796
33,2026-02-21,1,2026-02-28,wk inc flu hosp,quantile,0.5,33.30207076797771
34,2026-02-21,1,2026-02-28,wk inc flu hosp,quantile,0.5,126.07157843704803
35,2026-02-21,1,2026-02-28,wk inc flu hosp,quantile,0.5,179.95644953607024
36,2026-02-21,1,2026-02-28,wk inc flu hosp,quantile,0.5,93.65574516170145
37,2026-02-21,1,2026-02-28,wk inc flu hosp,quantile,0.5,186.92197253639716
38,2026-02-21,1,2026-02-28,wk inc flu hosp,quantile,0.5,13.278708888233972
39,2026-02-21,1,2026-02-28,wk inc flu hosp,quantile,0.5,350.34960253817866
40,2026-02-21,1,2026-02-28,wk inc flu hosp,quantile,0.5,202.15706114021071
41,2026-02-21,1,2026-02-28,wk inc flu hosp,quantile,0.5,219.52323138168472
42,2026-02-21,1,2026-02-28,wk inc flu hosp,quantile,0.5,532.6902132680349
44,2026-02-21,1,2026-02-28,wk inc flu hosp,quantile,0.5,5.9544043672333355
45,2026-02-21,1,2026-02-28,wk inc flu hosp,quantile,0.5,186.14953116844725
46,2026-02-21,1,2026-02-28,wk inc flu hosp,quantile,0.5,23.119303079171903
47,2026-02-21,1,2026-02-28,wk inc flu hosp,quantile,0.5,270.9174725088044
48,2026-02-21,1,2026-02-28,wk inc flu hosp,quantile,0.5,1018.59835886541
49,2026-02-21,1,2026-02-28,wk inc flu hosp,quantile,0.5,64.9873061700372
50,2026-02-21,1,2026-02-28,wk inc flu hosp,quantile,0.5,10.090295414296532
51,2026-02-21,1,2026-02-28,wk inc flu hosp,quantile,0.5,114.02238547926835
53,2026-02-21,1,2026-02-28,wk inc flu hosp,quantile,0.5,232.7565972300449
54,2026-02-21,1,2026-02-28,wk inc flu hosp,quantile,0.5,71.93091100221552
55,2026-02-21,1,2026-02-28,wk inc flu hosp,quantile,0.5,209.48045665545166
56,2026-02-21,1,2026-02-28,wk inc flu hosp,quantile,0.5,31.11424515019203
72,2026-02-21,1,2026-02-28,wk inc flu hosp,quantile,0.5,92.70647517082912
US,2026-02-21,1,2026-02-28,wk inc flu hosp,quantile,0.5,11533.855653752564
01,2026-02-21,2,2026-03-07,wk inc flu hosp,quantile,0.5,0.0
02,2026-02-21,2,2026-03-07,wk inc flu hosp,quantile,0.5,1.7573956156758288
04,2026-02-21,2,2026-03-07,wk inc flu hosp,quantile,0.5,464.38218657621167
05,2026-02-21,2,2026-03-07,wk inc flu hosp,quantile,0.5,145.19551406806843
06,2026-02-21,2,2026-03-07,wk inc flu hosp,quantile,0.5,1285.7764140067382
08,2026-02-21,2,2026-03-07,wk inc flu hosp,quantile,0.5,91.08667060293024
09,2026-02-21,2,2026-03-07,wk inc flu hosp,quantile,0.5,6.888798392257414
10,2026-02-21,2,2026-03-07,wk inc flu hosp,quantile,0.5,4.461601321827392
11,2026-02-21,2,2026-03-07,wk inc flu hosp,quantile,0.5,1.699223925673571
12,2026-02-21,2,2026-03-07,wk inc flu hosp,quantile,0.5,2118.209000365067
13,2026-02-21,2,2026-03-07,wk inc flu hosp,quantile,0.5,400.0126641617154
15,2026-02-21,2,2026-03-07,wk inc flu hosp,quantile,0.5,12.853904255324505
16,2026-02-21,2,2026-03-07,wk inc flu hosp,quantile,0.5,74.23423703859505
17,2026-02-21,2,2026-03-07,wk inc flu hosp,quantile,0.5,431.8248582500844
18,2026-02-21,2,2026-03-07,wk inc flu hosp,quantile,0.5,188.4638539488212
19,2026-02-21,2,2026-03-07,wk inc flu hosp,quantile,0.5,145.02778975847804
20,2026-02-21,2,2026-03-07,wk inc flu hosp,quantile,0.5,130.87957501524062
21,2026-02-21,2,2026-03-07,wk inc flu hosp,quantile,0.5,113.21945583379771
22,2026-02-21,2,2026-03-07,wk inc flu hosp,quantile,0.5,207.98332416680014
23,2026-02-21,2,2026-03-07,wk inc flu hosp,quantile,0.5,17.895362499300695
24,2026-02-21,2,2026-03-07,wk inc flu hosp,quantile,0.5,45.50940653139635
25,2026-02-21,2,2026-03-07,wk inc flu hosp,quantile,0.5,15.03329378704266
26,2026-02-21,2,2026-03-07,wk inc flu hosp,quantile,0.5,164.25537801821545
27,2026-02-21,2,2026-03-07,wk inc flu hosp,quantile,0.5,149.02927251734968
28,2026-02-21,2,2026-03-07,wk inc flu hosp,quantile,0.5,210.16519465525113
29,2026-02-21,2,2026-03-07,wk inc flu hosp,quantile,0.5,259.4156062619971
30,2026-02-21,2,2026-03-07,wk inc flu hosp,quantile,0.5,43.81115229873219
31,2026-02-21,2,2026-03-07,wk inc flu hosp,quantile,0.5,128.00200271907335
32,2026-02-21,2,2026-03-07,wk inc flu hosp,quantile,0.5,100.92149270181211
33,2026-02-21,2,2026-03-07,wk inc flu hosp,quantile,0.5,31.35819003837797
34,2026-02-21,2,2026-03-07,wk inc flu hosp,quantile,0.5,114.63374853167822
35,2026-02-21,2,2026-03-07,wk inc flu hosp,quantile,0.5,181.38442319562785
36,2026-02-21,2,2026-03-07,wk inc flu hosp,quantile,0.5,70.8192269222155
37,2026-02-21,2,2026-03-07,wk inc flu hosp,quantile,0.5,153.17710776861784
38,2026-02-21,2,2026-03-07,wk inc flu hosp,quantile,0.5,8.765725212774056
39,2026-02-21,2,2026-03-07,wk inc flu hosp,quantile,0.5,300.2152378513226
40,2026-02-21,2,2026-03-07,wk inc flu hosp,quantile,0.5,191.35478296922173
41,2026-02-21,2,2026-03-07,wk inc flu hosp,quantile,0.5,186.59154429606915
42,2026-02-21,2,2026-03-07,wk inc flu hosp,quantile,0.5,463.0594528239388
44,2026-02-21,2,2026-03-07,wk inc flu hosp,quantile,0.5,3.586145175958937
45,2026-02-21,2,2026-03-07,wk inc flu hosp,quantile,0.5,168.34538857686474
46,2026-02-21,2,2026-03-07,wk inc flu hosp,quantile,0.5,17.629569319932564
47,2026-02-21,2,2026-03-07,wk inc flu hosp,quantile,0.5,247.9869512806699
48,2026-02-21,2,2026-03-07,wk inc flu hosp,quantile,0.5,961.2784509720016
49,2026-02-21,2,2026-03-07,wk inc flu hosp,quantile,0.5,58.98591608245588
50,2026-02-21,2,2026-03-07,wk inc flu hosp,quantile,0.5,8.256911266368363
51,2026-02-21,2,2026-03-07,wk inc flu hosp,quantile,0.5,84.78192978306785
53,2026-02-21,2,2026-03-07,wk inc flu hosp,quantile,0.5,211.27495661478127
54,2026-02-21,2,2026-03-07,wk inc flu hosp,quantile,0.5,54.12552092319048
55,2026-02-21,2,2026-03-07,wk inc flu hosp,quantile,0.5,189.71058371122643
56,2026-02-21,2,2026-03-07,wk inc flu hosp,quantile,0.5,30.790230940458333
72,2026-02-21,2,2026-03-07,wk inc flu hosp,quantile,0.5,74.34512398082536
US,2026-02-21,2,2026-03-07,wk inc flu hosp,quantile,0.5,10242.50259117525
01,2026-02-21,3,2026-03-14,wk inc flu hosp,quantile,0.5,0.0
02,2026-02-21,3,2026-03-14,wk inc flu hosp,quantile,0.5,1.0330104498029862
04,2026-02-21,3,2026-03-14,wk inc flu hosp,quantile,0.5,459.372706719248
05,2026-02-21,3,2026-03-14,wk inc flu hosp,quantile,0.5,130.0617589369689
06,2026-02-21,3,2026-03-14,wk inc flu hosp,quantile,0.5,1103.2404560248226
08,2026-02-21,3,2026-03-14,wk inc flu hosp,quantile,0.5,78.84429957196289
09,2026-02-21,3,2026-03-14,wk inc flu hosp,quantile,0.5,3.475893244637238
10,2026-02-21,3,2026-03-14,wk inc flu hosp,quantile,0.5,1.8423573137156524
11,2026-02-21,3,2026-03-14,wk inc flu hosp,quantile,0.5,1.1764933375297495
12,2026-02-21,3,2026-03-14,wk inc flu hosp,quantile,0.5,1940.4989595747595
13,2026-02-21,3,2026-03-14,wk inc flu hosp,quantile,0.5,368.6553645276514
15,2026-02-21,3,2026-03-14,wk inc flu hosp,quantile,0.5,10.555652528511779
16,2026-02-21,3,2026-03-14,wk inc flu hosp,quantile,0.5,63.7957533522632
17,2026-02-21,3,2026-03-14,wk inc flu hosp,quantile,0.5,377.4880609777866
18,2026-02-21,3,2026-03-14,wk inc flu hosp,quantile,0.5,165.08598097025117
19,2026-02-21,3,2026-03-14,wk inc flu hosp,quantile,0.5,117.95812297748489
20,2026-02-21,3,2026-03-14,wk inc flu hosp,quantile,0.5,105.77885122808571
21,2026-02-21,3,2026-03-14,wk inc flu hosp,quantile,0.5,91.94601534863327
22,2026-02-21,3,2026-03-14,wk inc flu hosp,quantile,0.5,176.95893582622543
23,2026-02-21,3,2026-03-14,wk inc flu hosp,quantile,0.5,13.637135689243722
24,2026-02-21,3,2026-03-14,wk inc flu hosp,quantile,0.5,37.83691114537617
25,2026-02-21,3,2026-03-14,wk inc flu hosp,quantile,0.5,8.48767116610723
26,2026-02-21,3,2026-03-14,wk inc flu hosp,quantile,0.5,140.16360127631597
27,2026-02-21,3,2026-03-14,wk inc flu hosp,quantile,0.5,130.1794028311755
28,2026-02-21,3,2026-03-14,wk inc flu hosp,quantile,0.5,197.19167682417978
29,2026-02-21,3,2026-03-14,wk inc flu hosp,quantile,0.5,214.4393561408958
30,2026-02-21,3,2026-03-14,wk inc flu hosp,quantile,0.5,36.49134901561061
31,2026-02-21,3,2026-03-14,wk inc flu hosp,quantile,0.5,110.11784014871718
32,2026-02-21,3,2026-03-14,wk inc flu hosp,quantile,0.5,89.1651466585201
33,2026-02-21,3,2026-03-14,wk inc flu hosp,quantile,0.5,27.3866677611565
34,2026-02-21,3,2026-03-14,wk inc flu hosp,quantile,0.5,96.48133155040458
35,2026-02-21,3,2026-03-14,wk inc flu hosp,quantile,0.5,170.10853786334405
36,2026-02-21,3,2026-03-14,wk inc flu hosp,quantile,0.5,52.33027607588189
37,2026-02-21,3,2026-03-14,wk inc flu hosp,quantile,0.5,124.19440689520452
38,2026-02-21,3,2026-03-14,wk inc flu hosp,quantile,0.5,5.812820249068222
39,2026-02-21,3,2026-03-14,wk inc flu hosp,quantile,0.5,245.32657573058052
40,2026-02-21,3,2026-03-14,wk inc flu hosp,quantile,0.5,174.04614714516978
41,2026-02-21,3,2026-03-14,wk inc flu hosp,quantile,0.5,150.04254635332794
42,2026-02-21,3,2026-03-14,wk inc flu hosp,quantile,0.5,389.0372111148253
44,2026-02-21,3,2026-03-14,wk inc flu hosp,quantile,0.5,2.3393818265776134
45,2026-02-21,3,2026-03-14,wk inc flu hosp,quantile,0.5,147.0715017741582
46,2026-02-21,3,2026-03-14,wk inc flu hosp,quantile,0.5,13.159397299929271
47,2026-02-21,3,2026-03-14,wk inc flu hosp,quantile,0.5,217.43053894173727
48,2026-02-21,3,2026-03-14,wk inc flu hosp,quantile,0.5,853.49212110867
49,2026-02-21,3,2026-03-14,wk inc flu hosp,quantile,0.5,50.268096505108204
50,2026-02-21,3,2026-03-14,wk inc flu hosp,quantile,0.5,6.50804419800679
51,2026-02-21,3,2026-03-14,wk inc flu hosp,quantile,0.5,61.46802590457614
53,2026-02-21,3,2026-03-14,wk inc flu hosp,quantile,0.5,186.4358517660565
54,2026-02-21,3,2026-03-14,wk inc flu hosp,quantile,0.5,42.650487453424226
55,2026-02-21,3,2026-03-14,wk inc flu hosp,quantile,0.5,163.97167420512446
56,2026-02-21,3,2026-03-14,wk inc flu hosp,quantile,0.5,29.797875532872652
72,2026-02-21,3,2026-03-14,wk inc flu hosp,quantile,0.5,61.37694308104754
US,2026-02-21,3,2026-03-14,wk inc flu hosp,quantile,0.5,9039.977020876464
01,2026-02-21,0,2026-02-21,wk inc flu hosp,quantile,0.55,2.853539509436285
02,2026-02-21,0,2026-02-21,wk inc flu hosp,quantile,0.55,4.7984390427083765
04,2026-02-21,0,2026-02-21,wk inc flu hosp,quantile,0.55,434.6546722067134
05,2026-02-21,0,2026-02-21,wk inc flu hosp,quantile,0.55,169.7157190646738
06,2026-02-21,0,2026-02-21,wk inc flu hosp,quantile,0.55,1516.6045090461564
08,2026-02-21,0,2026-02-21,wk inc flu hosp,quantile,0.55,108.49503154743083
09,2026-02-21,0,2026-02-21,wk inc flu hosp,quantile,0.55,18.723759722754707
10,2026-02-21,0,2026-02-21,wk inc flu hosp,quantile,0.55,16.052113315032663
11,2026-02-21,0,2026-02-21,wk inc flu hosp,quantile,0.55,3.684009970088984
12,2026-02-21,0,2026-02-21,wk inc flu hosp,quantile,0.55,2159.8095073098025
13,2026-02-21,0,2026-02-21,wk inc flu hosp,quantile,0.55,408.45021019234866
15,2026-02-21,0,2026-02-21,wk inc flu hosp,quantile,0.55,17.496882875778216
16,2026-02-21,0,2026-02-21,wk inc flu hosp,quantile,0.55,89.0399460713556
17,2026-02-21,0,2026-02-21,wk inc flu hosp,quantile,0.55,486.5112467281159
18,2026-02-21,0,2026-02-21,wk inc flu hosp,quantile,0.55,227.84182909538254
19,2026-02-21,0,2026-02-21,wk inc flu hosp,quantile,0.55,189.09221683535236
20,2026-02-21,0,2026-02-21,wk inc flu hosp,quantile,0.55,165.5455248947948
21,2026-02-21,0,2026-02-21,wk inc flu hosp,quantile,0.55,154.859891898214
22,2026-02-21,0,2026-02-21,wk inc flu hosp,quantile,0.55,254.9984359208176
23,2026-02-21,0,2026-02-21,wk inc flu hosp,quantile,0.55,30.26362031472987
24,2026-02-21,0,2026-02-21,wk inc flu hosp,quantile,0.55,58.87608468054543
25,2026-02-21,0,2026-02-21,wk inc flu hosp,quantile,0.55,45.31005298454823
26,2026-02-21,0,2026-02-21,wk inc flu hosp,quantile,0.55,205.06058352891114
27,2026-02-21,0,2026-02-21,wk inc flu hosp,quantile,0.55,175.6406896501063
28,2026-02-21,0,2026-02-21,wk inc flu hosp,quantile,0.55,213.31706774735864
29,2026-02-21,0,2026-02-21,wk inc flu hosp,quantile,0.55,346.44707540334605
30,2026-02-21,0,2026-02-21,wk inc flu hosp,quantile,0.55,56.36619410850368
31,2026-02-21,0,2026-02-21,wk inc flu hosp,quantile,0.55,140.59142736760802
32,2026-02-21,0,2026-02-21,wk inc flu hosp,quantile,0.55,112.42464963155851
33,2026-02-21,0,2026-02-21,wk inc flu hosp,quantile,0.55,36.78160206900461
34,2026-02-21,0,2026-02-21,wk inc flu hosp,quantile,0.55,145.59642139015938
35,2026-02-21,0,2026-02-21,wk inc flu hosp,quantile,0.55,174.4926856920592
36,2026-02-21,0,2026-02-21,wk inc flu hosp,quantile,0.55,131.748322704614
37,2026-02-21,0,2026-02-21,wk inc flu hosp,quantile,0.55,215.0005896186819
38,2026-02-21,0,2026-02-21,wk inc flu hosp,quantile,0.55,20.411729685534727
39,2026-02-21,0,2026-02-21,wk inc flu hosp,quantile,0.55,396.9240263595112
40,2026-02-21,0,2026-02-21,wk inc flu hosp,quantile,0.55,215.60989062392846
41,2026-02-21,0,2026-02-21,wk inc flu hosp,quantile,0.55,272.1916111886109
42,2026-02-21,0,2026-02-21,wk inc flu hosp,quantile,0.55,647.4883040952556
44,2026-02-21,0,2026-02-21,wk inc flu hosp,quantile,0.55,9.52109477891165
45,2026-02-21,0,2026-02-21,wk inc flu hosp,quantile,0.55,207.57123583192316
46,2026-02-21,0,2026-02-21,wk inc flu hosp,quantile,0.55,29.661310995584397
47,2026-02-21,0,2026-02-21,wk inc flu hosp,quantile,0.55,297.24593558947277
48,2026-02-21,0,2026-02-21,wk inc flu hosp,quantile,0.55,1123.3023633987104
49,2026-02-21,0,2026-02-21,wk inc flu hosp,quantile,0.55,68.65045024811211
50,2026-02-21,0,2026-02-21,wk inc flu hosp,quantile,0.55,12.733763237515117
51,2026-02-21,0,2026-02-21,wk inc flu hosp,quantile,0.55,152.99520588664663
53,2026-02-21,0,2026-02-21,wk inc flu hosp,quantile,0.55,250.22024909872695
54,2026-02-21,0,2026-02-21,wk inc flu hosp,quantile,0.55,92.1019788917565
55,2026-02-21,0,2026-02-21,wk inc flu hosp,quantile,0.55,225.90833258951272
56,2026-02-21,0,2026-02-21,wk inc flu hosp,quantile,0.55,31.731882684626775
72,2026-02-21,0,2026-02-21,wk inc flu hosp,quantile,0.55,114.05325526746701
US,2026-02-21,0,2026-02-21,wk inc flu hosp,quantile,0.55,12505.70637428953
01,2026-02-21,1,2026-02-28,wk inc flu hosp,quantile,0.55,0.25196579466745456
02,2026-02-21,1,2026-02-28,wk inc flu hosp,quantile,0.55,3.2846895700405514
04,2026-02-21,1,2026-02-28,wk inc flu hosp,quantile,0.55,467.7027854233748
05,2026-02-21,1,2026-02-28,wk inc flu hosp,quantile,0.55,161.24639941004318
06,2026-02-21,1,2026-02-28,wk inc flu hosp,quantile,0.55,1440.5906123336395
08,2026-02-21,1,2026-02-28,wk inc flu hosp,quantile,0.55,102.84819036615185
09,2026-02-21,1,2026-02-28,wk inc flu hosp,quantile,0.55,11.826106121179752
10,2026-02-21,1,2026-02-28,wk inc flu hosp,quantile,0.55,9.099857625809262
11,2026-02-21,1,2026-02-28,wk inc flu hosp,quantile,0.55,2.7915340139188833
12,2026-02-21,1,2026-02-28,wk inc flu hosp,quantile,0.55,2256.590693010617
13,2026-02-21,1,2026-02-28,wk inc flu hosp,quantile,0.55,419.6513535453611
15,2026-02-21,1,2026-02-28,wk inc flu hosp,quantile,0.55,15.249063109825592
16,2026-02-21,1,2026-02-28,wk inc flu hosp,quantile,0.55,83.3733142850095
17,2026-02-21,1,2026-02-28,wk inc flu hosp,quantile,0.55,465.65622420657473
18,2026-02-21,1,2026-02-28,wk inc flu hosp,quantile,0.55,213.89824986103116
19,2026-02-21,1,2026-02-28,wk inc flu hosp,quantile,0.55,166.36324754952227
20,2026-02-21,1,2026-02-28,wk inc flu hosp,quantile,0.55,148.30010981176437
21,2026-02-21,1,2026-02-28,wk inc flu hosp,quantile,0.55,132.4446020219666
22,2026-02-21,1,2026-02-28,wk inc flu hosp,quantile,0.55,235.8059253866685
23,2026-02-21,1,2026-02-28,wk inc flu hosp,quantile,0.55,24.068700617031833
24,2026-02-21,1,2026-02-28,wk inc flu hosp,quantile,0.55,51.86137044856171
25,2026-02-21,1,2026-02-28,wk inc flu hosp,quantile,0.55,29.252357899654353
26,2026-02-21,1,2026-02-28,wk inc flu hosp,quantile,0.55,187.5935663920043
27,2026-02-21,1,2026-02-28,wk inc flu hosp,quantile,0.55,163.58587785189331
28,2026-02-21,1,2026-02-28,wk inc flu hosp,quantile,0.55,219.33054328261835
29,2026-02-21,1,2026-02-28,wk inc flu hosp,quantile,0.55,301.28213615525885
30,2026-02-21,1,2026-02-28,wk inc flu hosp,quantile,0.55,50.886934253253514
31,2026-02-21,1,2026-02-28,wk inc flu hosp,quantile,0.55,138.68691861237784
32,2026-02-21,1,2026-02-28,wk inc flu hosp,quantile,0.55,109.76280297128838
33,2026-02-21,1,2026-02-28,wk inc flu hosp,quantile,0.55,33.90862257705937
34,2026-02-21,1,2026-02-28,wk inc flu hosp,quantile,0.55,129.43999031997993
35,2026-02-21,1,2026-02-28,wk inc flu hosp,quantile,0.55,191.92749656785853
36,2026-02-21,1,2026-02-28,wk inc flu hosp,quantile,0.55,94.15035685440976
37,2026-02-21,1,2026-02-28,wk inc flu hosp,quantile,0.55,187.62963714674748
38,2026-02-21,1,2026-02-28,wk inc flu hosp,quantile,0.55,13.863391739567955
39,2026-02-21,1,2026-02-28,wk inc flu hosp,quantile,0.55,352.173876408462
40,2026-02-21,1,2026-02-28,wk inc flu hosp,quantile,0.55,210.76792060522337
41,2026-02-21,1,2026-02-28,wk inc flu hosp,quantile,0.55,235.56267559985093
42,2026-02-21,1,2026-02-28,wk inc flu hosp,quantile,0.55,536.7897657236699
44,2026-02-21,1,2026-02-28,wk inc flu hosp,quantile,0.55,6.286384042611469
45,2026-02-21,1,2026-02-28,wk inc flu hosp,quantile,0.55,188.28360039161518
46,2026-02-21,1,2026-02-28,wk inc flu hosp,quantile,0.55,24.059317855717183
47,2026-02-21,1,2026-02-28,wk inc flu hosp,quantile,0.55,275.02092582232774
48,2026-02-21,1,2026-02-28,wk inc flu hosp,quantile,0.55,1061.4185036464014
49,2026-02-21,1,2026-02-28,wk inc flu hosp,quantile,0.55,66.3232573265954
50,2026-02-21,1,2026-02-28,wk inc flu hosp,quantile,0.55,10.443437740081412
51,2026-02-21,1,2026-02-28,wk inc flu hosp,quantile,0.55,119.87276448191119
53,2026-02-21,1,2026-02-28,wk inc flu hosp,quantile,0.55,233.90114001171838
54,2026-02-21,1,2026-02-28,wk inc flu hosp,quantile,0.55,75.78139225714791
55,2026-02-21,1,2026-02-28,wk inc flu hosp,quantile,0.55,212.15562412210744
56,2026-02-21,1,2026-02-28,wk inc flu hosp,quantile,0.55,33.92597626106826
72,2026-02-21,1,2026-02-28,wk inc flu hosp,quantile,0.55,92.70780182251839
US,2026-02-21,1,2026-02-28,wk inc flu hosp,quantile,0.55,11598.00861147305
01,2026-02-21,2,2026-03-07,wk inc flu hosp,quantile,0.55,0.0
02,2026-02-21,2,2026-03-07,wk inc flu hosp,quantile,0.55,2.1378469413191405
04,2026-02-21,2,2026-03-07,wk inc flu hosp,quantile,0.55,480.2214950868562
05,2026-02-21,2,2026-03-07,wk inc flu hosp,quantile,0.55,148.85608337462804
06,2026-02-21,2,2026-03-07,wk inc flu hosp,quantile,0.55,1299.795274961832
08,2026-02-21,2,2026-03-07,wk inc flu hosp,quantile,0.55,94.50274500477876
09,2026-02-21,2,2026-03-07,wk inc flu hosp,quantile,0.55,7.169554389467049
10,2026-02-21,2,2026-03-07,wk inc flu hosp,quantile,0.55,4.789022857735555
11,2026-02-21,2,2026-03-07,wk inc flu hosp,quantile,0.55,1.9774190054212772
12,2026-02-21,2,2026-03-07,wk inc flu hosp,quantile,0.55,2189.717362864349
13,2026-02-21,2,2026-03-07,wk inc flu hosp,quantile,0.55,411.9643371534189
15,2026-02-21,2,2026-03-07,wk inc flu hosp,quantile,0.55,13.729871266612182
16,2026-02-21,2,2026-03-07,wk inc flu hosp,quantile,0.55,75.67047243094692
17,2026-02-21,2,2026-03-07,wk inc flu hosp,quantile,0.55,434.2164124977189
18,2026-02-21,2,2026-03-07,wk inc flu hosp,quantile,0.55,190.49608453819872
19,2026-02-21,2,2026-03-07,wk inc flu hosp,quantile,0.55,146.07898095527926
20,2026-02-21,2,2026-03-07,wk inc flu hosp,quantile,0.55,131.46548132868764
21,2026-02-21,2,2026-03-07,wk inc flu hosp,quantile,0.55,114.48695624570867
22,2026-02-21,2,2026-03-07,wk inc flu hosp,quantile,0.55,209.54602009045664
23,2026-02-21,2,2026-03-07,wk inc flu hosp,quantile,0.55,18.744986116088462
24,2026-02-21,2,2026-03-07,wk inc flu hosp,quantile,0.55,46.3861381422179
25,2026-02-21,2,2026-03-07,wk inc flu hosp,quantile,0.55,17.175939347426155
26,2026-02-21,2,2026-03-07,wk inc flu hosp,quantile,0.55,164.76826248340703
27,2026-02-21,2,2026-03-07,wk inc flu hosp,quantile,0.55,151.96443657572203
28,2026-02-21,2,2026-03-07,wk inc flu hosp,quantile,0.55,217.1314011122753
29,2026-02-21,2,2026-03-07,wk inc flu hosp,quantile,0.55,260.9858346509776
30,2026-02-21,2,2026-03-07,wk inc flu hosp,quantile,0.55,44.71126703036405
31,2026-02-21,2,2026-03-07,wk inc flu hosp,quantile,0.55,130.10974291704443
32,2026-02-21,2,2026-03-07,wk inc flu hosp,quantile,0.55,103.22152576559309
33,2026-02-21,2,2026-03-07,wk inc flu hosp,quantile,0.55,31.819301736465263
34,2026-02-21,2,2026-03-07,wk inc flu hosp,quantile,0.55,115.98715431600297
35,2026-02-21,2,2026-03-07,wk inc flu hosp,quantile,0.55,191.6975821567276
36,2026-02-21,2,2026-03-07,wk inc flu hosp,quantile,0.55,71.31092656531303
37,2026-02-21,2,2026-03-07,wk inc flu hosp,quantile,0.55,154.31782308474328
38,2026-02-21,2,2026-03-07,wk inc flu hosp,quantile,0.55,9.18228656382021
39,2026-02-21,2,2026-03-07,wk inc flu hosp,quantile,0.55,306.48198090139215
40,2026-02-21,2,2026-03-07,wk inc flu hosp,quantile,0.55,194.01581891846402
41,2026-02-21,2,2026-03-07,wk inc flu hosp,quantile,0.55,196.8930455862269
42,2026-02-21,2,2026-03-07,wk inc flu hosp,quantile,0.55,465.92528608582626
44,2026-02-21,2,2026-03-07,wk inc flu hosp,quantile,0.55,4.12922673131531
45,2026-02-21,2,2026-03-07,wk inc flu hosp,quantile,0.55,170.36666574330386
46,2026-02-21,2,2026-03-07,wk inc flu hosp,quantile,0.55,18.65730109194269
47,2026-02-21,2,2026-03-07,wk inc flu hosp,quantile,0.55,251.22203520729767
48,2026-02-21,2,2026-03-07,wk inc flu hosp,quantile,0.55,966.3092719491008
49,2026-02-21,2,2026-03-07,wk inc flu hosp,quantile,0.55,60.08894682687203
50,2026-02-21,2,2026-03-07,wk inc flu hosp,quantile,0.55,8.549860311792115
51,2026-02-21,2,2026-03-07,wk inc flu hosp,quantile,0.55,90.44491662830869
53,2026-02-21,2,2026-03-07,wk inc flu hosp,quantile,0.55,211.3714653516473
54,2026-02-21,2,2026-03-07,wk inc flu hosp,quantile,0.55,59.33186764823519
55,2026-02-21,2,2026-03-07,wk inc flu hosp,quantile,0.55,191.6540787278178
56,2026-02-21,2,2026-03-07,wk inc flu hosp,quantile,0.55,33.580057439868625
72,2026-02-21,2,2026-03-07,wk inc flu hosp,quantile,0.55,75.50997767107587
US,2026-02-21,2,2026-03-07,wk inc flu hosp,quantile,0.55,10470.787067420513
01,2026-02-21,3,2026-03-14,wk inc flu hosp,quantile,0.55,0.0
02,2026-02-21,3,2026-03-14,wk inc flu hosp,quantile,0.55,1.3386310375309995
04,2026-02-21,3,2026-03-14,wk inc flu hosp,quantile,0.55,475.91811806436243
05,2026-02-21,3,2026-03-14,wk inc flu hosp,quantile,0.55,132.3473596287252
06,2026-02-21,3,2026-03-14,wk inc flu hosp,quantile,0.55,1138.058887121549
08,2026-02-21,3,2026-03-14,wk inc flu hosp,quantile,0.55,83.02468194519149
09,2026-02-21,3,2026-03-14,wk inc flu hosp,quantile,0.55,3.9591048067509553
10,2026-02-21,3,2026-03-14,wk inc flu hosp,quantile,0.55,2.1745835737139143
11,2026-02-21,3,2026-03-14,wk inc flu hosp,quantile,0.55,1.4427147394765083
12,2026-02-21,3,2026-03-14,wk inc flu hosp,quantile,0.55,2004.5405050730333
13,2026-02-21,3,2026-03-14,wk inc flu hosp,quantile,0.55,383.5551326250886
15,2026-02-21,3,2026-03-14,wk inc flu hosp,quantile,0.55,11.647649220635302
16,2026-02-21,3,2026-03-14,wk inc flu hosp,quantile,0.55,66.85047678960812
17,2026-02-21,3,2026-03-14,wk inc flu hosp,quantile,0.55,380.54275206108434
18,2026-02-21,3,2026-03-14,wk inc flu hosp,quantile,0.55,165.65025343623654
19,2026-02-21,3,2026-03-14,wk inc flu hosp,quantile,0.55,117.99446588842176
20,2026-02-21,3,2026-03-14,wk inc flu hosp,quantile,0.55,105.96382855505718
21,2026-02-21,3,2026-03-14,wk inc flu hosp,quantile,0.55,94.72315872264474
22,2026-02-21,3,2026-03-14,wk inc flu hosp,quantile,0.55,179.78929379124588
23,2026-02-21,3,2026-03-14,wk inc flu hosp,quantile,0.55,14.801963153807097
24,2026-02-21,3,2026-03-14,wk inc flu hosp,quantile,0.55,38.75644290596603
25,2026-02-21,3,2026-03-14,wk inc flu hosp,quantile,0.55,10.753806255963381
26,2026-02-21,3,2026-03-14,wk inc flu hosp,quantile,0.55,140.81671084328258
27,2026-02-21,3,2026-03-14,wk inc flu hosp,quantile,0.55,130.52910692252073
28,2026-02-21,3,2026-03-14,wk inc flu hosp,quantile,0.55,205.10855159600578
29,2026-02-21,3,2026-03-14,wk inc flu hosp,quantile,0.55,218.9597827521903
30,2026-02-21,3,2026-03-14,wk inc flu hosp,quantile,0.55,37.572404379838176
31,2026-02-21,3,2026-03-14,wk inc flu hosp,quantile,0.55,111.41401736456102
32,2026-02-21,3,2026-03-14,wk inc flu hosp,quantile,0.55,92.49264179743223
33,2026-02-21,3,2026-03-14,wk inc flu hosp,quantile,0.55,27.638630697526317
34,2026-02-21,3,2026-03-14,wk inc flu hosp,quantile,0.55,99.58998134762074
35,2026-02-21,3,2026-03-14,wk inc flu hosp,quantile,0.55,178.06787645721104
36,2026-02-21,3,2026-03-14,wk inc flu hosp,quantile,0.55,54.44790149678774
37,2026-02-21,3,2026-03-14,wk inc flu hosp,quantile,0.55,124.51829635438366
38,2026-02-21,3,2026-03-14,wk inc flu hosp,quantile,0.55,6.2216164642528575
39,2026-02-21,3,2026-03-14,wk inc flu hosp,quantile,0.55,251.35920033846475
40,2026-02-21,3,2026-03-14,wk inc flu hosp,quantile,0.55,175.84253776576264
41,2026-02-21,3,2026-03-14,wk inc flu hosp,quantile,0.55,165.66019284014672
42,2026-02-21,3,2026-03-14,wk inc flu hosp,quantile,0.55,391.0522937344197
44,2026-02-21,3,2026-03-14,wk inc flu hosp,quantile,0.55,2.812525912572681
45,2026-02-21,3,2026-03-14,wk inc flu hosp,quantile,0.55,147.80569056320473
46,2026-02-21,3,2026-03-14,wk inc flu hosp,quantile,0.55,14.429176556340245
47,2026-02-21,3,2026-03-14,wk inc flu hosp,quantile,0.55,218.4794560378318
48,2026-02-21,3,2026-03-14,wk inc flu hosp,quantile,0.55,869.5501395525625
49,2026-02-21,3,2026-03-14,wk inc flu hosp,quantile,0.55,53.80552918804335
50,2026-02-21,3,2026-03-14,wk inc flu hosp,quantile,0.55,7.051766238341788
51,2026-02-21,3,2026-03-14,wk inc flu hosp,quantile,0.55,67.5731659558108
53,2026-02-21,3,2026-03-14,wk inc flu hosp,quantile,0.55,191.8414186904163
54,2026-02-21,3,2026-03-14,wk inc flu hosp,quantile,0.55,47.70161757070557
55,2026-02-21,3,2026-03-14,wk inc flu hosp,quantile,0.55,164.34963447831962
56,2026-02-21,3,2026-03-14,wk inc flu hosp,quantile,0.55,32.32052813425053
72,2026-02-21,3,2026-03-14,wk inc flu hosp,quantile,0.55,63.205517531965825
US,2026-02-21,3,2026-03-14,wk inc flu hosp,quantile,0.55,9064.906075891313
01,2026-02-21,0,2026-02-21,wk inc flu hosp,quantile,0.6,5.5595218278401415
02,2026-02-21,0,2026-02-21,wk inc flu hosp,quantile,0.6,5.64839192166898
04,2026-02-21,0,2026-02-21,wk inc flu hosp,quantile,0.6,450.25691994498106
05,2026-02-21,0,2026-02-21,wk inc flu hosp,quantile,0.6,172.60498067678236
06,2026-02-21,0,2026-02-21,wk inc flu hosp,quantile,0.6,1537.9304982765907
08,2026-02-21,0,2026-02-21,wk inc flu hosp,quantile,0.6,113.4730991683927
09,2026-02-21,0,2026-02-21,wk inc flu hosp,quantile,0.6,20.083572668414796
10,2026-02-21,0,2026-02-21,wk inc flu hosp,quantile,0.6,16.269137449054526
11,2026-02-21,0,2026-02-21,wk inc flu hosp,quantile,0.6,3.7434565699031563
12,2026-02-21,0,2026-02-21,wk inc flu hosp,quantile,0.6,2248.2667265702885
13,2026-02-21,0,2026-02-21,wk inc flu hosp,quantile,0.6,418.23638210215313
15,2026-02-21,0,2026-02-21,wk inc flu hosp,quantile,0.6,17.620266509775416
16,2026-02-21,0,2026-02-21,wk inc flu hosp,quantile,0.6,91.32956113833816
17,2026-02-21,0,2026-02-21,wk inc flu hosp,quantile,0.6,501.702335384587
18,2026-02-21,0,2026-02-21,wk inc flu hosp,quantile,0.6,238.13354874095128
19,2026-02-21,0,2026-02-21,wk inc flu hosp,quantile,0.6,191.514553661981
20,2026-02-21,0,2026-02-21,wk inc flu hosp,quantile,0.6,166.51058439055615
21,2026-02-21,0,2026-02-21,wk inc flu hosp,quantile,0.6,157.75893588934935
22,2026-02-21,0,2026-02-21,wk inc flu hosp,quantile,0.6,256.60034874915306
23,2026-02-21,0,2026-02-21,wk inc flu hosp,quantile,0.6,33.69398555415398
24,2026-02-21,0,2026-02-21,wk inc flu hosp,quantile,0.6,59.79169560139306
25,2026-02-21,0,2026-02-21,wk inc flu hosp,quantile,0.6,48.35771961153356
26,2026-02-21,0,2026-02-21,wk inc flu hosp,quantile,0.6,208.2884072564882
27,2026-02-21,0,2026-02-21,wk inc flu hosp,quantile,0.6,175.8228665200743
28,2026-02-21,0,2026-02-21,wk inc flu hosp,quantile,0.6,222.15085074183662
29,2026-02-21,0,2026-02-21,wk inc flu hosp,quantile,0.6,347.00600957727477
30,2026-02-21,0,2026-02-21,wk inc flu hosp,quantile,0.6,56.55532006320676
31,2026-02-21,0,2026-02-21,wk inc flu hosp,quantile,0.6,148.50665002867493
32,2026-02-21,0,2026-02-21,wk inc flu hosp,quantile,0.6,115.45904912942605
33,2026-02-21,0,2026-02-21,wk inc flu hosp,quantile,0.6,39.50775672071958
34,2026-02-21,0,2026-02-21,wk inc flu hosp,quantile,0.6,150.0184109732303
35,2026-02-21,0,2026-02-21,wk inc flu hosp,quantile,0.6,175.62277495008286
36,2026-02-21,0,2026-02-21,wk inc flu hosp,quantile,0.6,136.83970529853383
37,2026-02-21,0,2026-02-21,wk inc flu hosp,quantile,0.6,216.47045436571818
38,2026-02-21,0,2026-02-21,wk inc flu hosp,quantile,0.6,20.896752568517964
39,2026-02-21,0,2026-02-21,wk inc flu hosp,quantile,0.6,402.06659448496936
40,2026-02-21,0,2026-02-21,wk inc flu hosp,quantile,0.6,223.26656929172705
41,2026-02-21,0,2026-02-21,wk inc flu hosp,quantile,0.6,282.42118208321926
42,2026-02-21,0,2026-02-21,wk inc flu hosp,quantile,0.6,648.7023242765424
44,2026-02-21,0,2026-02-21,wk inc flu hosp,quantile,0.6,9.636838300454176
45,2026-02-21,0,2026-02-21,wk inc flu hosp,quantile,0.6,209.07854847849833
46,2026-02-21,0,2026-02-21,wk inc flu hosp,quantile,0.6,30.925233454049007
47,2026-02-21,0,2026-02-21,wk inc flu hosp,quantile,0.6,299.688558628889
48,2026-02-21,0,2026-02-21,wk inc flu hosp,quantile,0.6,1129.1182141772354
49,2026-02-21,0,2026-02-21,wk inc flu hosp,quantile,0.6,71.16126513949034
50,2026-02-21,0,2026-02-21,wk inc flu hosp,quantile,0.6,13.619155598568286
51,2026-02-21,0,2026-02-21,wk inc flu hosp,quantile,0.6,157.25832567629254
53,2026-02-21,0,2026-02-21,wk inc flu hosp,quantile,0.6,254.20868181611266
54,2026-02-21,0,2026-02-21,wk inc flu hosp,quantile,0.6,96.49127555279684
55,2026-02-21,0,2026-02-21,wk inc flu hosp,quantile,0.6,233.34789585424323
56,2026-02-21,0,2026-02-21,wk inc flu hosp,quantile,0.6,32.69559938355523
72,2026-02-21,0,2026-02-21,wk inc flu hosp,quantile,0.6,115.09446153069625
US,2026-02-21,0,2026-02-21,wk inc flu hosp,quantile,0.6,12586.07145673283
01,2026-02-21,1,2026-02-28,wk inc flu hosp,quantile,0.6,3.5249689042497216
02,2026-02-21,1,2026-02-28,wk inc flu hosp,quantile,0.6,3.985457672849129
04,2026-02-21,1,2026-02-28,wk inc flu hosp,quantile,0.6,480.83007812275605
05,2026-02-21,1,2026-02-28,wk inc flu hosp,quantile,0.6,161.38991637665492
06,2026-02-21,1,2026-02-28,wk inc flu hosp,quantile,0.6,1452.1259297314853
08,2026-02-21,1,2026-02-28,wk inc flu hosp,quantile,0.6,104.65691535653785
09,2026-02-21,1,2026-02-28,wk inc flu hosp,quantile,0.6,12.281112484117399
10,2026-02-21,1,2026-02-28,wk inc flu hosp,quantile,0.6,9.248572065210823
11,2026-02-21,1,2026-02-28,wk inc flu hosp,quantile,0.6,2.949521657006191
12,2026-02-21,1,2026-02-28,wk inc flu hosp,quantile,0.6,2309.640350791589
13,2026-02-21,1,2026-02-28,wk inc flu hosp,quantile,0.6,441.34910093866023
15,2026-02-21,1,2026-02-28,wk inc flu hosp,quantile,0.6,15.690682957763132
16,2026-02-21,1,2026-02-28,wk inc flu hosp,quantile,0.6,85.05391725964073
17,2026-02-21,1,2026-02-28,wk inc flu hosp,quantile,0.6,476.1570460019344
18,2026-02-21,1,2026-02-28,wk inc flu hosp,quantile,0.6,215.60802314881641
19,2026-02-21,1,2026-02-28,wk inc flu hosp,quantile,0.6,171.85205208726995
20,2026-02-21,1,2026-02-28,wk inc flu hosp,quantile,0.6,151.09122154088237
21,2026-02-21,1,2026-02-28,wk inc flu hosp,quantile,0.6,135.15880645197845
22,2026-02-21,1,2026-02-28,wk inc flu hosp,quantile,0.6,236.05718503683903
23,2026-02-21,1,2026-02-28,wk inc flu hosp,quantile,0.6,27.757591844405276
24,2026-02-21,1,2026-02-28,wk inc flu hosp,quantile,0.6,53.90792483789901
25,2026-02-21,1,2026-02-28,wk inc flu hosp,quantile,0.6,31.133792034304104
26,2026-02-21,1,2026-02-28,wk inc flu hosp,quantile,0.6,187.73181453258164
27,2026-02-21,1,2026-02-28,wk inc flu hosp,quantile,0.6,168.04803484435226
28,2026-02-21,1,2026-02-28,wk inc flu hosp,quantile,0.6,230.47963402127013
29,2026-02-21,1,2026-02-28,wk inc flu hosp,quantile,0.6,302.2401555366691
30,2026-02-21,1,2026-02-28,wk inc flu hosp,quantile,0.6,50.9716340120768
31,2026-02-21,1,2026-02-28,wk inc flu hosp,quantile,0.6,145.6012796294206
32,2026-02-21,1,2026-02-28,wk inc flu hosp,quantile,0.6,112.6911400999838
33,2026-02-21,1,2026-02-28,wk inc flu hosp,quantile,0.6,38.15557760777606
34,2026-02-21,1,2026-02-28,wk inc flu hosp,quantile,0.6,134.03865358576988
35,2026-02-21,1,2026-02-28,wk inc flu hosp,quantile,0.6,196.1228794171043
36,2026-02-21,1,2026-02-28,wk inc flu hosp,quantile,0.6,96.393610083159
37,2026-02-21,1,2026-02-28,wk inc flu hosp,quantile,0.6,188.27736770075978
38,2026-02-21,1,2026-02-28,wk inc flu hosp,quantile,0.6,14.401816386670022
39,2026-02-21,1,2026-02-28,wk inc flu hosp,quantile,0.6,356.46694774558785
40,2026-02-21,1,2026-02-28,wk inc flu hosp,quantile,0.6,212.46453806928196
41,2026-02-21,1,2026-02-28,wk inc flu hosp,quantile,0.6,250.07801733361777
42,2026-02-21,1,2026-02-28,wk inc flu hosp,quantile,0.6,547.5224838228958
44,2026-02-21,1,2026-02-28,wk inc flu hosp,quantile,0.6,6.44244161677988
45,2026-02-21,1,2026-02-28,wk inc flu hosp,quantile,0.6,190.2421216612038
46,2026-02-21,1,2026-02-28,wk inc flu hosp,quantile,0.6,25.592908691745908
47,2026-02-21,1,2026-02-28,wk inc flu hosp,quantile,0.6,277.79015754583435
48,2026-02-21,1,2026-02-28,wk inc flu hosp,quantile,0.6,1063.5786685218477
49,2026-02-21,1,2026-02-28,wk inc flu hosp,quantile,0.6,69.01116312165449
50,2026-02-21,1,2026-02-28,wk inc flu hosp,quantile,0.6,11.472448569521443
51,2026-02-21,1,2026-02-28,wk inc flu hosp,quantile,0.6,125.05847158509744
53,2026-02-21,1,2026-02-28,wk inc flu hosp,quantile,0.6,237.28799053652372
54,2026-02-21,1,2026-02-28,wk inc flu hosp,quantile,0.6,81.44433374462005
55,2026-02-21,1,2026-02-28,wk inc flu hosp,quantile,0.6,214.35478103431745
56,2026-02-21,1,2026-02-28,wk inc flu hosp,quantile,0.6,35.75121741707385
72,2026-02-21,1,2026-02-28,wk inc flu hosp,quantile,0.6,93.69475975616457
US,2026-02-21,1,2026-02-28,wk inc flu hosp,quantile,0.6,11720.21373556978
01,2026-02-21,2,2026-03-07,wk inc flu hosp,quantile,0.6,1.110796486751884
02,2026-02-21,2,2026-03-07,wk inc flu hosp,quantile,0.6,2.680536401624372
04,2026-02-21,2,2026-03-07,wk inc flu hosp,quantile,0.6,496.37069162328606
05,2026-02-21,2,2026-03-07,wk inc flu hosp,quantile,0.6,150.7531870782389
06,2026-02-21,2,2026-03-07,wk inc flu hosp,quantile,0.6,1301.9821886582413
08,2026-02-21,2,2026-03-07,wk inc flu hosp,quantile,0.6,96.2535953509449
09,2026-02-21,2,2026-03-07,wk inc flu hosp,quantile,0.6,7.246775537883559
10,2026-02-21,2,2026-03-07,wk inc flu hosp,quantile,0.6,4.974371533211186
11,2026-02-21,2,2026-03-07,wk inc flu hosp,quantile,0.6,2.567322715843739
12,2026-02-21,2,2026-03-07,wk inc flu hosp,quantile,0.6,2246.476931807213
13,2026-02-21,2,2026-03-07,wk inc flu hosp,quantile,0.6,434.31179352393383
15,2026-02-21,2,2026-03-07,wk inc flu hosp,quantile,0.6,14.096336495663863
16,2026-02-21,2,2026-03-07,wk inc flu hosp,quantile,0.6,76.36843208232573
17,2026-02-21,2,2026-03-07,wk inc flu hosp,quantile,0.6,439.07420461454905
18,2026-02-21,2,2026-03-07,wk inc flu hosp,quantile,0.6,191.02644025782223
19,2026-02-21,2,2026-03-07,wk inc flu hosp,quantile,0.6,147.16233386959644
20,2026-02-21,2,2026-03-07,wk inc flu hosp,quantile,0.6,133.3403699005105
21,2026-02-21,2,2026-03-07,wk inc flu hosp,quantile,0.6,116.62850437273083
22,2026-02-21,2,2026-03-07,wk inc flu hosp,quantile,0.6,210.59389743715343
23,2026-02-21,2,2026-03-07,wk inc flu hosp,quantile,0.6,22.199659342492147
24,2026-02-21,2,2026-03-07,wk inc flu hosp,quantile,0.6,48.95080874549311
25,2026-02-21,2,2026-03-07,wk inc flu hosp,quantile,0.6,20.367031382125564
26,2026-02-21,2,2026-03-07,wk inc flu hosp,quantile,0.6,166.67399667903237
27,2026-02-21,2,2026-03-07,wk inc flu hosp,quantile,0.6,155.06520820462612
28,2026-02-21,2,2026-03-07,wk inc flu hosp,quantile,0.6,228.91626675324167
29,2026-02-21,2,2026-03-07,wk inc flu hosp,quantile,0.6,265.4594996631248
30,2026-02-21,2,2026-03-07,wk inc flu hosp,quantile,0.6,44.82483192003858
31,2026-02-21,2,2026-03-07,wk inc flu hosp,quantile,0.6,130.9111087230631
32,2026-02-21,2,2026-03-07,wk inc flu hosp,quantile,0.6,103.97645733057067
33,2026-02-21,2,2026-03-07,wk inc flu hosp,quantile,0.6,32.68508558662469
34,2026-02-21,2,2026-03-07,wk inc flu hosp,quantile,0.6,118.2219944561281
35,2026-02-21,2,2026-03-07,wk inc flu hosp,quantile,0.6,196.1827678844167
36,2026-02-21,2,2026-03-07,wk inc flu hosp,quantile,0.6,72.48919498020051
37,2026-02-21,2,2026-03-07,wk inc flu hosp,quantile,0.6,155.65571912331023
38,2026-02-21,2,2026-03-07,wk inc flu hosp,quantile,0.6,9.651967646820488
39,2026-02-21,2,2026-03-07,wk inc flu hosp,quantile,0.6,309.06655755502965
40,2026-02-21,2,2026-03-07,wk inc flu hosp,quantile,0.6,197.4621109180722
41,2026-02-21,2,2026-03-07,wk inc flu hosp,quantile,0.6,217.35064639435865
42,2026-02-21,2,2026-03-07,wk inc flu hosp,quantile,0.6,506.25676872905296
44,2026-02-21,2,2026-03-07,wk inc flu hosp,quantile,0.6,4.5315846284447145
45,2026-02-21,2,2026-03-07,wk inc flu hosp,quantile,0.6,172.6390026518139
46,2026-02-21,2,2026-03-07,wk inc flu hosp,quantile,0.6,20.13932981690653
47,2026-02-21,2,2026-03-07,wk inc flu hosp,quantile,0.6,251.5144497096836
48,2026-02-21,2,2026-03-07,wk inc flu hosp,quantile,0.6,980.585531911348
49,2026-02-21,2,2026-03-07,wk inc flu hosp,quantile,0.6,62.33624440222281
50,2026-02-21,2,2026-03-07,wk inc flu hosp,quantile,0.6,9.600985826294046
51,2026-02-21,2,2026-03-07,wk inc flu hosp,quantile,0.6,97.17107908494785
53,2026-02-21,2,2026-03-07,wk inc flu hosp,quantile,0.6,214.7968795483795
54,2026-02-21,2,2026-03-07,wk inc flu hosp,quantile,0.6,67.80004424650201
55,2026-02-21,2,2026-03-07,wk inc flu hosp,quantile,0.6,194.1671697563798
56,2026-02-21,2,2026-03-07,wk inc flu hosp,quantile,0.6,35.535897787639776
72,2026-02-21,2,2026-03-07,wk inc flu hosp,quantile,0.6,77.77304093497607
US,2026-02-21,2,2026-03-07,wk inc flu hosp,quantile,0.6,10708.593045736523
01,2026-02-21,3,2026-03-14,wk inc flu hosp,quantile,0.6,0.0
02,2026-02-21,3,2026-03-14,wk inc flu hosp,quantile,0.6,1.9159610664608544
04,2026-02-21,3,2026-03-14,wk inc flu hosp,quantile,0.6,489.6429225598509
05,2026-02-21,3,2026-03-14,wk inc flu hosp,quantile,0.6,135.29117523090335
06,2026-02-21,3,2026-03-14,wk inc flu hosp,quantile,0.6,1173.0033126484075
08,2026-02-21,3,2026-03-14,wk inc flu hosp,quantile,0.6,87.23958496315493
09,2026-02-21,3,2026-03-14,wk inc flu hosp,quantile,0.6,4.5537429992697165
10,2026-02-21,3,2026-03-14,wk inc flu hosp,quantile,0.6,2.479198511606106
11,2026-02-21,3,2026-03-14,wk inc flu hosp,quantile,0.6,2.1533560497841475
12,2026-02-21,3,2026-03-14,wk inc flu hosp,quantile,0.6,2063.196832384268
13,2026-02-21,3,2026-03-14,wk inc flu hosp,quantile,0.6,405.19977135530615
15,2026-02-21,3,2026-03-14,wk inc flu hosp,quantile,0.6,12.09526257926513
16,2026-02-21,3,2026-03-14,wk inc flu hosp,quantile,0.6,67.86692888849412
17,2026-02-21,3,2026-03-14,wk inc flu hosp,quantile,0.6,384.9985346092657
18,2026-02-21,3,2026-03-14,wk inc flu hosp,quantile,0.6,168.4455357599559
19,2026-02-21,3,2026-03-14,wk inc flu hosp,quantile,0.6,119.19714358454863
20,2026-02-21,3,2026-03-14,wk inc flu hosp,quantile,0.6,108.56849001137319
21,2026-02-21,3,2026-03-14,wk inc flu hosp,quantile,0.6,98.74029257167639
22,2026-02-21,3,2026-03-14,wk inc flu hosp,quantile,0.6,184.35579387000215
23,2026-02-21,3,2026-03-14,wk inc flu hosp,quantile,0.6,17.825022808094335
24,2026-02-21,3,2026-03-14,wk inc flu hosp,quantile,0.6,42.448466347970424
25,2026-02-21,3,2026-03-14,wk inc flu hosp,quantile,0.6,13.738691072702396
26,2026-02-21,3,2026-03-14,wk inc flu hosp,quantile,0.6,142.14143888922894
27,2026-02-21,3,2026-03-14,wk inc flu hosp,quantile,0.6,133.2637048939619
28,2026-02-21,3,2026-03-14,wk inc flu hosp,quantile,0.6,217.0501448560613
29,2026-02-21,3,2026-03-14,wk inc flu hosp,quantile,0.6,220.60880445426702
30,2026-02-21,3,2026-03-14,wk inc flu hosp,quantile,0.6,38.14325863535973
31,2026-02-21,3,2026-03-14,wk inc flu hosp,quantile,0.6,119.53302896048027
32,2026-02-21,3,2026-03-14,wk inc flu hosp,quantile,0.6,96.14429439471267
33,2026-02-21,3,2026-03-14,wk inc flu hosp,quantile,0.6,28.92277083442911
34,2026-02-21,3,2026-03-14,wk inc flu hosp,quantile,0.6,101.00941465521608
35,2026-02-21,3,2026-03-14,wk inc flu hosp,quantile,0.6,182.91467858217734
36,2026-02-21,3,2026-03-14,wk inc flu hosp,quantile,0.6,54.73285805738484
37,2026-02-21,3,2026-03-14,wk inc flu hosp,quantile,0.6,128.098594918626
38,2026-02-21,3,2026-03-14,wk inc flu hosp,quantile,0.6,6.738830848617794
39,2026-02-21,3,2026-03-14,wk inc flu hosp,quantile,0.6,255.16528004117586
40,2026-02-21,3,2026-03-14,wk inc flu hosp,quantile,0.6,180.993353952043
41,2026-02-21,3,2026-03-14,wk inc flu hosp,quantile,0.6,180.96261294933288
42,2026-02-21,3,2026-03-14,wk inc flu hosp,quantile,0.6,424.9394412505974
44,2026-02-21,3,2026-03-14,wk inc flu hosp,quantile,0.6,3.2082063946459094
45,2026-02-21,3,2026-03-14,wk inc flu hosp,quantile,0.6,148.00196214601266
46,2026-02-21,3,2026-03-14,wk inc flu hosp,quantile,0.6,15.697629794275594
47,2026-02-21,3,2026-03-14,wk inc flu hosp,quantile,0.6,219.54523140525984
48,2026-02-21,3,2026-03-14,wk inc flu hosp,quantile,0.6,871.2828594980061
49,2026-02-21,3,2026-03-14,wk inc flu hosp,quantile,0.6,54.05965484570227
50,2026-02-21,3,2026-03-14,wk inc flu hosp,quantile,0.6,7.89212339217629
51,2026-02-21,3,2026-03-14,wk inc flu hosp,quantile,0.6,76.25671766088763
53,2026-02-21,3,2026-03-14,wk inc flu hosp,quantile,0.6,193.5420526921443
54,2026-02-21,3,2026-03-14,wk inc flu hosp,quantile,0.6,56.82882091909232
55,2026-02-21,3,2026-03-14,wk inc flu hosp,quantile,0.6,169.31250092690337
56,2026-02-21,3,2026-03-14,wk inc flu hosp,quantile,0.6,34.35461495186432
72,2026-02-21,3,2026-03-14,wk inc flu hosp,quantile,0.6,65.0954820883864
US,2026-02-21,3,2026-03-14,wk inc flu hosp,quantile,0.6,9229.5473651612
01,2026-02-21,0,2026-02-21,wk inc flu hosp,quantile,0.65,8.653977318536054
02,2026-02-21,0,2026-02-21,wk inc flu hosp,quantile,0.65,5.719503330173769
04,2026-02-21,0,2026-02-21,wk inc flu hosp,quantile,0.65,468.7760948235378
05,2026-02-21,0,2026-02-21,wk inc flu hosp,quantile,0.65,174.35734537941894
06,2026-02-21,0,2026-02-21,wk inc flu hosp,quantile,0.65,1585.060261349068
08,2026-02-21,0,2026-02-21,wk inc flu hosp,quantile,0.65,114.89994339438363
09,2026-02-21,0,2026-02-21,wk inc flu hosp,quantile,0.65,21.338941928763884
10,2026-02-21,0,2026-02-21,wk inc flu hosp,quantile,0.65,16.345617132471286
11,2026-02-21,0,2026-02-21,wk inc flu hosp,quantile,0.65,3.8601670586733685
12,2026-02-21,0,2026-02-21,wk inc flu hosp,quantile,0.65,2422.5413624109106
13,2026-02-21,0,2026-02-21,wk inc flu hosp,quantile,0.65,446.6830859470081
15,2026-02-21,0,2026-02-21,wk inc flu hosp,quantile,0.65,17.94057606683429
16,2026-02-21,0,2026-02-21,wk inc flu hosp,quantile,0.65,91.68734771795653
17,2026-02-21,0,2026-02-21,wk inc flu hosp,quantile,0.65,503.2285590859173
18,2026-02-21,0,2026-02-21,wk inc flu hosp,quantile,0.65,238.48411330904085
19,2026-02-21,0,2026-02-21,wk inc flu hosp,quantile,0.65,192.8516269010808
20,2026-02-21,0,2026-02-21,wk inc flu hosp,quantile,0.65,167.609026203238
21,2026-02-21,0,2026-02-21,wk inc flu hosp,quantile,0.65,162.9723589140891
22,2026-02-21,0,2026-02-21,wk inc flu hosp,quantile,0.65,257.11067497428974
23,2026-02-21,0,2026-02-21,wk inc flu hosp,quantile,0.65,34.6812789728435
24,2026-02-21,0,2026-02-21,wk inc flu hosp,quantile,0.65,62.49715616890758
25,2026-02-21,0,2026-02-21,wk inc flu hosp,quantile,0.65,51.175461874718444
26,2026-02-21,0,2026-02-21,wk inc flu hosp,quantile,0.65,210.60103763904758
27,2026-02-21,0,2026-02-21,wk inc flu hosp,quantile,0.65,182.78296918640197
28,2026-02-21,0,2026-02-21,wk inc flu hosp,quantile,0.65,230.0804686597619
29,2026-02-21,0,2026-02-21,wk inc flu hosp,quantile,0.65,347.667126705092
30,2026-02-21,0,2026-02-21,wk inc flu hosp,quantile,0.65,56.789290970997556
31,2026-02-21,0,2026-02-21,wk inc flu hosp,quantile,0.65,149.56696658790034
32,2026-02-21,0,2026-02-21,wk inc flu hosp,quantile,0.65,116.3189127492072
33,2026-02-21,0,2026-02-21,wk inc flu hosp,quantile,0.65,40.25897725181362
34,2026-02-21,0,2026-02-21,wk inc flu hosp,quantile,0.65,150.4687350550153
35,2026-02-21,0,2026-02-21,wk inc flu hosp,quantile,0.65,184.1362758288782
36,2026-02-21,0,2026-02-21,wk inc flu hosp,quantile,0.65,138.47789405539916
37,2026-02-21,0,2026-02-21,wk inc flu hosp,quantile,0.65,218.7591449726301
38,2026-02-21,0,2026-02-21,wk inc flu hosp,quantile,0.65,21.102122765484737
39,2026-02-21,0,2026-02-21,wk inc flu hosp,quantile,0.65,407.1364832453168
40,2026-02-21,0,2026-02-21,wk inc flu hosp,quantile,0.65,223.55257727909333
41,2026-02-21,0,2026-02-21,wk inc flu hosp,quantile,0.65,295.02528523250794
42,2026-02-21,0,2026-02-21,wk inc flu hosp,quantile,0.65,653.181418088555
44,2026-02-21,0,2026-02-21,wk inc flu hosp,quantile,0.65,9.85852599192002
45,2026-02-21,0,2026-02-21,wk inc flu hosp,quantile,0.65,210.25527412441485
46,2026-02-21,0,2026-02-21,wk inc flu hosp,quantile,0.65,31.760882457860202
47,2026-02-21,0,2026-02-21,wk inc flu hosp,quantile,0.65,301.44110845451956
48,2026-02-21,0,2026-02-21,wk inc flu hosp,quantile,0.65,1134.8148646670675
49,2026-02-21,0,2026-02-21,wk inc flu hosp,quantile,0.65,72.3346442485601
50,2026-02-21,0,2026-02-21,wk inc flu hosp,quantile,0.65,14.069520211576629
51,2026-02-21,0,2026-02-21,wk inc flu hosp,quantile,0.65,169.17345020174415
53,2026-02-21,0,2026-02-21,wk inc flu hosp,quantile,0.65,254.43039919476942
54,2026-02-21,0,2026-02-21,wk inc flu hosp,quantile,0.65,103.199017215544
55,2026-02-21,0,2026-02-21,wk inc flu hosp,quantile,0.65,237.840360137156
56,2026-02-21,0,2026-02-21,wk inc flu hosp,quantile,0.65,34.44857643955749
72,2026-02-21,0,2026-02-21,wk inc flu hosp,quantile,0.65,115.37667430347008
US,2026-02-21,0,2026-02-21,wk inc flu hosp,quantile,0.65,12818.85311066723
01,2026-02-21,1,2026-02-28,wk inc flu hosp,quantile,0.65,6.034324587101638
02,2026-02-21,1,2026-02-28,wk inc flu hosp,quantile,0.65,4.01708589743718
04,2026-02-21,1,2026-02-28,wk inc flu hosp,quantile,0.65,495.84250813714107
05,2026-02-21,1,2026-02-28,wk inc flu hosp,quantile,0.65,165.47630860479964
06,2026-02-21,1,2026-02-28,wk inc flu hosp,quantile,0.65,1485.0133027830614
08,2026-02-21,1,2026-02-28,wk inc flu hosp,quantile,0.65,109.44294634217219
09,2026-02-21,1,2026-02-28,wk inc flu hosp,quantile,0.65,13.808274350189686
10,2026-02-21,1,2026-02-28,wk inc flu hosp,quantile,0.65,9.421708122106365
11,2026-02-21,1,2026-02-28,wk inc flu hosp,quantile,0.65,3.591332936782731
12,2026-02-21,1,2026-02-28,wk inc flu hosp,quantile,0.65,2478.4118326624794
13,2026-02-21,1,2026-02-28,wk inc flu hosp,quantile,0.65,456.81885445178193
15,2026-02-21,1,2026-02-28,wk inc flu hosp,quantile,0.65,16.440923722270743
16,2026-02-21,1,2026-02-28,wk inc flu hosp,quantile,0.65,86.50718900927497
17,2026-02-21,1,2026-02-28,wk inc flu hosp,quantile,0.65,483.69304889871233
18,2026-02-21,1,2026-02-28,wk inc flu hosp,quantile,0.65,217.84750729399522
19,2026-02-21,1,2026-02-28,wk inc flu hosp,quantile,0.65,172.08842303876202
20,2026-02-21,1,2026-02-28,wk inc flu hosp,quantile,0.65,152.5599170079626
21,2026-02-21,1,2026-02-28,wk inc flu hosp,quantile,0.65,143.35113933072626
22,2026-02-21,1,2026-02-28,wk inc flu hosp,quantile,0.65,236.23857983162344
23,2026-02-21,1,2026-02-28,wk inc flu hosp,quantile,0.65,29.53349510793326
24,2026-02-21,1,2026-02-28,wk inc flu hosp,quantile,0.65,58.785167526997576
25,2026-02-21,1,2026-02-28,wk inc flu hosp,quantile,0.65,34.89280339988634
26,2026-02-21,1,2026-02-28,wk inc flu hosp,quantile,0.65,188.72952917552436
27,2026-02-21,1,2026-02-28,wk inc flu hosp,quantile,0.65,178.50465649069946
28,2026-02-21,1,2026-02-28,wk inc flu hosp,quantile,0.65,232.77312586490766
29,2026-02-21,1,2026-02-28,wk inc flu hosp,quantile,0.65,316.0159151611177
30,2026-02-21,1,2026-02-28,wk inc flu hosp,quantile,0.65,51.05674685152677
31,2026-02-21,1,2026-02-28,wk inc flu hosp,quantile,0.65,146.58489995359471
32,2026-02-21,1,2026-02-28,wk inc flu hosp,quantile,0.65,113.63828840131374
33,2026-02-21,1,2026-02-28,wk inc flu hosp,quantile,0.65,38.239014582686444
34,2026-02-21,1,2026-02-28,wk inc flu hosp,quantile,0.65,139.86524283579047
35,2026-02-21,1,2026-02-28,wk inc flu hosp,quantile,0.65,202.1273102993179
36,2026-02-21,1,2026-02-28,wk inc flu hosp,quantile,0.65,100.96815919212104
37,2026-02-21,1,2026-02-28,wk inc flu hosp,quantile,0.65,192.8626580184921
38,2026-02-21,1,2026-02-28,wk inc flu hosp,quantile,0.65,14.846346878119935
39,2026-02-21,1,2026-02-28,wk inc flu hosp,quantile,0.65,360.6142969156819
40,2026-02-21,1,2026-02-28,wk inc flu hosp,quantile,0.65,214.0659016436888
41,2026-02-21,1,2026-02-28,wk inc flu hosp,quantile,0.65,268.1736331349934
42,2026-02-21,1,2026-02-28,wk inc flu hosp,quantile,0.65,601.4599687338585
44,2026-02-21,1,2026-02-28,wk inc flu hosp,quantile,0.65,7.157671725057089
45,2026-02-21,1,2026-02-28,wk inc flu hosp,quantile,0.65,193.75244176986405
46,2026-02-21,1,2026-02-28,wk inc flu hosp,quantile,0.65,25.856015857874915
47,2026-02-21,1,2026-02-28,wk inc flu hosp,quantile,0.65,282.29285007981883
48,2026-02-21,1,2026-02-28,wk inc flu hosp,quantile,0.65,1077.3093040089084
49,2026-02-21,1,2026-02-28,wk inc flu hosp,quantile,0.65,69.13448251816173
50,2026-02-21,1,2026-02-28,wk inc flu hosp,quantile,0.65,12.271362580945695
51,2026-02-21,1,2026-02-28,wk inc flu hosp,quantile,0.65,138.01047571107677
53,2026-02-21,1,2026-02-28,wk inc flu hosp,quantile,0.65,237.78275912182477
54,2026-02-21,1,2026-02-28,wk inc flu hosp,quantile,0.65,86.7861805746412
55,2026-02-21,1,2026-02-28,wk inc flu hosp,quantile,0.65,218.5567069676223
56,2026-02-21,1,2026-02-28,wk inc flu hosp,quantile,0.65,37.126154271034665
72,2026-02-21,1,2026-02-28,wk inc flu hosp,quantile,0.65,95.14125337274514
US,2026-02-21,1,2026-02-28,wk inc flu hosp,quantile,0.65,11763.681024775295
01,2026-02-21,2,2026-03-07,wk inc flu hosp,quantile,0.65,3.696675325697594
02,2026-02-21,2,2026-03-07,wk inc flu hosp,quantile,0.65,2.8212626863093346
04,2026-02-21,2,2026-03-07,wk inc flu hosp,quantile,0.65,525.8538986310215
05,2026-02-21,2,2026-03-07,wk inc flu hosp,quantile,0.65,154.11669146059702
06,2026-02-21,2,2026-03-07,wk inc flu hosp,quantile,0.65,1327.5426383345387
08,2026-02-21,2,2026-03-07,wk inc flu hosp,quantile,0.65,98.04899344258159
09,2026-02-21,2,2026-03-07,wk inc flu hosp,quantile,0.65,8.56045733250363
10,2026-02-21,2,2026-03-07,wk inc flu hosp,quantile,0.65,5.256602717212735
11,2026-02-21,2,2026-03-07,wk inc flu hosp,quantile,0.65,2.9345779283576996
12,2026-02-21,2,2026-03-07,wk inc flu hosp,quantile,0.65,2396.2633062974664
13,2026-02-21,2,2026-03-07,wk inc flu hosp,quantile,0.65,440.1217046246241
15,2026-02-21,2,2026-03-07,wk inc flu hosp,quantile,0.65,14.141216641211349
16,2026-02-21,2,2026-03-07,wk inc flu hosp,quantile,0.65,78.13677875126454
17,2026-02-21,2,2026-03-07,wk inc flu hosp,quantile,0.65,444.07627179605265
18,2026-02-21,2,2026-03-07,wk inc flu hosp,quantile,0.65,192.57417171495192
19,2026-02-21,2,2026-03-07,wk inc flu hosp,quantile,0.65,148.0652778194151
20,2026-02-21,2,2026-03-07,wk inc flu hosp,quantile,0.65,134.83748281081532
21,2026-02-21,2,2026-03-07,wk inc flu hosp,quantile,0.65,120.65780717473547
22,2026-02-21,2,2026-03-07,wk inc flu hosp,quantile,0.65,216.34277517088614
23,2026-02-21,2,2026-03-07,wk inc flu hosp,quantile,0.65,23.77723215403991
24,2026-02-21,2,2026-03-07,wk inc flu hosp,quantile,0.65,49.4957231986661
25,2026-02-21,2,2026-03-07,wk inc flu hosp,quantile,0.65,23.555503471041895
26,2026-02-21,2,2026-03-07,wk inc flu hosp,quantile,0.65,167.7817707336997
27,2026-02-21,2,2026-03-07,wk inc flu hosp,quantile,0.65,159.0423822808537
28,2026-02-21,2,2026-03-07,wk inc flu hosp,quantile,0.65,231.227252517284
29,2026-02-21,2,2026-03-07,wk inc flu hosp,quantile,0.65,274.1556478934642
30,2026-02-21,2,2026-03-07,wk inc flu hosp,quantile,0.65,45.06246750310253
31,2026-02-21,2,2026-03-07,wk inc flu hosp,quantile,0.65,132.76642151061404
32,2026-02-21,2,2026-03-07,wk inc flu hosp,quantile,0.65,105.75647124521608
33,2026-02-21,2,2026-03-07,wk inc flu hosp,quantile,0.65,34.114054484096485
34,2026-02-21,2,2026-03-07,wk inc flu hosp,quantile,0.65,118.23137096764033
35,2026-02-21,2,2026-03-07,wk inc flu hosp,quantile,0.65,201.27523181416043
36,2026-02-21,2,2026-03-07,wk inc flu hosp,quantile,0.65,76.58136708465369
37,2026-02-21,2,2026-03-07,wk inc flu hosp,quantile,0.65,159.26575280189152
38,2026-02-21,2,2026-03-07,wk inc flu hosp,quantile,0.65,10.135614229766675
39,2026-02-21,2,2026-03-07,wk inc flu hosp,quantile,0.65,314.4710741669015
40,2026-02-21,2,2026-03-07,wk inc flu hosp,quantile,0.65,200.50728765825514
41,2026-02-21,2,2026-03-07,wk inc flu hosp,quantile,0.65,238.88668817959785
42,2026-02-21,2,2026-03-07,wk inc flu hosp,quantile,0.65,513.2172709803289
44,2026-02-21,2,2026-03-07,wk inc flu hosp,quantile,0.65,5.088624931391757
45,2026-02-21,2,2026-03-07,wk inc flu hosp,quantile,0.65,172.77256272247612
46,2026-02-21,2,2026-03-07,wk inc flu hosp,quantile,0.65,20.962423056050216
47,2026-02-21,2,2026-03-07,wk inc flu hosp,quantile,0.65,253.04289840683668
48,2026-02-21,2,2026-03-07,wk inc flu hosp,quantile,0.65,986.6812089078596
49,2026-02-21,2,2026-03-07,wk inc flu hosp,quantile,0.65,62.49600704282237
50,2026-02-21,2,2026-03-07,wk inc flu hosp,quantile,0.65,10.11996715488439
51,2026-02-21,2,2026-03-07,wk inc flu hosp,quantile,0.65,105.81440297018278
53,2026-02-21,2,2026-03-07,wk inc flu hosp,quantile,0.65,216.5017690704881
54,2026-02-21,2,2026-03-07,wk inc flu hosp,quantile,0.65,73.80076736629802
55,2026-02-21,2,2026-03-07,wk inc flu hosp,quantile,0.65,195.67586552357133
56,2026-02-21,2,2026-03-07,wk inc flu hosp,quantile,0.65,36.34193562187618
72,2026-02-21,2,2026-03-07,wk inc flu hosp,quantile,0.65,80.93468782520247
US,2026-02-21,2,2026-03-07,wk inc flu hosp,quantile,0.65,10728.318053155994
01,2026-02-21,3,2026-03-14,wk inc flu hosp,quantile,0.65,1.1922892677965735
02,2026-02-21,3,2026-03-14,wk inc flu hosp,quantile,0.65,2.189014112254212
04,2026-02-21,3,2026-03-14,wk inc flu hosp,quantile,0.65,529.0167956168357
05,2026-02-21,3,2026-03-14,wk inc flu hosp,quantile,0.65,140.33825521336965
06,2026-02-21,3,2026-03-14,wk inc flu hosp,quantile,0.65,1206.1253712344508
08,2026-02-21,3,2026-03-14,wk inc flu hosp,quantile,0.65,89.86852514907252
09,2026-02-21,3,2026-03-14,wk inc flu hosp,quantile,0.65,5.619825065308383
10,2026-02-21,3,2026-03-14,wk inc flu hosp,quantile,0.65,2.7074625700194166
11,2026-02-21,3,2026-03-14,wk inc flu hosp,quantile,0.65,2.500383388719523
12,2026-02-21,3,2026-03-14,wk inc flu hosp,quantile,0.65,2234.447101190606
13,2026-02-21,3,2026-03-14,wk inc flu hosp,quantile,0.65,427.75231138738843
15,2026-02-21,3,2026-03-14,wk inc flu hosp,quantile,0.65,12.331777402859505
16,2026-02-21,3,2026-03-14,wk inc flu hosp,quantile,0.65,69.0231092802291
17,2026-02-21,3,2026-03-14,wk inc flu hosp,quantile,0.65,402.3090759634433
18,2026-02-21,3,2026-03-14,wk inc flu hosp,quantile,0.65,170.12445695681294
19,2026-02-21,3,2026-03-14,wk inc flu hosp,quantile,0.65,122.60102833666703
20,2026-02-21,3,2026-03-14,wk inc flu hosp,quantile,0.65,109.86913808445817
21,2026-02-21,3,2026-03-14,wk inc flu hosp,quantile,0.65,107.40987788695423
22,2026-02-21,3,2026-03-14,wk inc flu hosp,quantile,0.65,184.9171534617603
23,2026-02-21,3,2026-03-14,wk inc flu hosp,quantile,0.65,19.64755139422209
24,2026-02-21,3,2026-03-14,wk inc flu hosp,quantile,0.65,42.90044037699992
25,2026-02-21,3,2026-03-14,wk inc flu hosp,quantile,0.65,17.778975357975348
26,2026-02-21,3,2026-03-14,wk inc flu hosp,quantile,0.65,144.15376866149322
27,2026-02-21,3,2026-03-14,wk inc flu hosp,quantile,0.65,141.3551332166829
28,2026-02-21,3,2026-03-14,wk inc flu hosp,quantile,0.65,221.61519614992142
29,2026-02-21,3,2026-03-14,wk inc flu hosp,quantile,0.65,234.13671169511892
30,2026-02-21,3,2026-03-14,wk inc flu hosp,quantile,0.65,38.57272626354857
31,2026-02-21,3,2026-03-14,wk inc flu hosp,quantile,0.65,121.4472168669207
32,2026-02-21,3,2026-03-14,wk inc flu hosp,quantile,0.65,96.84084825923914
33,2026-02-21,3,2026-03-14,wk inc flu hosp,quantile,0.65,29.881661676694428
34,2026-02-21,3,2026-03-14,wk inc flu hosp,quantile,0.65,101.8408349694698
35,2026-02-21,3,2026-03-14,wk inc flu hosp,quantile,0.65,191.82668820051316
36,2026-02-21,3,2026-03-14,wk inc flu hosp,quantile,0.65,61.534522830324384
37,2026-02-21,3,2026-03-14,wk inc flu hosp,quantile,0.65,131.9526800181465
38,2026-02-21,3,2026-03-14,wk inc flu hosp,quantile,0.65,7.11323269852287
39,2026-02-21,3,2026-03-14,wk inc flu hosp,quantile,0.65,268.5195764962149
40,2026-02-21,3,2026-03-14,wk inc flu hosp,quantile,0.65,184.90610003144138
41,2026-02-21,3,2026-03-14,wk inc flu hosp,quantile,0.65,207.1013365137481
42,2026-02-21,3,2026-03-14,wk inc flu hosp,quantile,0.65,439.9039147474058
44,2026-02-21,3,2026-03-14,wk inc flu hosp,quantile,0.65,3.7564892002030654
45,2026-02-21,3,2026-03-14,wk inc flu hosp,quantile,0.65,148.71239398842815
46,2026-02-21,3,2026-03-14,wk inc flu hosp,quantile,0.65,17.495043714267403
47,2026-02-21,3,2026-03-14,wk inc flu hosp,quantile,0.65,225.95480082357892
48,2026-02-21,3,2026-03-14,wk inc flu hosp,quantile,0.65,902.6521251979283
49,2026-02-21,3,2026-03-14,wk inc flu hosp,quantile,0.65,56.45754458600271
50,2026-02-21,3,2026-03-14,wk inc flu hosp,quantile,0.65,8.618010245870416
51,2026-02-21,3,2026-03-14,wk inc flu hosp,quantile,0.65,85.22964319329718
53,2026-02-21,3,2026-03-14,wk inc flu hosp,quantile,0.65,194.82455326508588
54,2026-02-21,3,2026-03-14,wk inc flu hosp,quantile,0.65,65.39915358387563
55,2026-02-21,3,2026-03-14,wk inc flu hosp,quantile,0.65,175.1443711706774
56,2026-02-21,3,2026-03-14,wk inc flu hosp,quantile,0.65,34.735380611770154
72,2026-02-21,3,2026-03-14,wk inc flu hosp,quantile,0.65,68.30505403121639
US,2026-02-21,3,2026-03-14,wk inc flu hosp,quantile,0.65,9238.025101963824
01,2026-02-21,0,2026-02-21,wk inc flu hosp,quantile,0.7,9.31618259924802
02,2026-02-21,0,2026-02-21,wk inc flu hosp,quantile,0.7,6.03404230074629
04,2026-02-21,0,2026-02-21,wk inc flu hosp,quantile,0.7,487.23925063124796
05,2026-02-21,0,2026-02-21,wk inc flu hosp,quantile,0.7,182.7195480614844
06,2026-02-21,0,2026-02-21,wk inc flu hosp,quantile,0.7,1588.9914997689855
08,2026-02-21,0,2026-02-21,wk inc flu hosp,quantile,0.7,120.04948623632701
09,2026-02-21,0,2026-02-21,wk inc flu hosp,quantile,0.7,21.521670520137782
10,2026-02-21,0,2026-02-21,wk inc flu hosp,quantile,0.7,16.824841941445893
11,2026-02-21,0,2026-02-21,wk inc flu hosp,quantile,0.7,4.3617730245991675
12,2026-02-21,0,2026-02-21,wk inc flu hosp,quantile,0.7,2468.2260270345487
13,2026-02-21,0,2026-02-21,wk inc flu hosp,quantile,0.7,461.99732999253655
15,2026-02-21,0,2026-02-21,wk inc flu hosp,quantile,0.7,18.558135119370487
16,2026-02-21,0,2026-02-21,wk inc flu hosp,quantile,0.7,92.46087179948782
17,2026-02-21,0,2026-02-21,wk inc flu hosp,quantile,0.7,513.6675100653456
18,2026-02-21,0,2026-02-21,wk inc flu hosp,quantile,0.7,241.62925308957574
19,2026-02-21,0,2026-02-21,wk inc flu hosp,quantile,0.7,192.9246881403288
20,2026-02-21,0,2026-02-21,wk inc flu hosp,quantile,0.7,168.24538803702274
21,2026-02-21,0,2026-02-21,wk inc flu hosp,quantile,0.7,166.18993234673468
22,2026-02-21,0,2026-02-21,wk inc flu hosp,quantile,0.7,268.56334475790266
23,2026-02-21,0,2026-02-21,wk inc flu hosp,quantile,0.7,36.003963170029344
24,2026-02-21,0,2026-02-21,wk inc flu hosp,quantile,0.7,65.71479012774415
25,2026-02-21,0,2026-02-21,wk inc flu hosp,quantile,0.7,53.093410911784495
26,2026-02-21,0,2026-02-21,wk inc flu hosp,quantile,0.7,212.9184914933704
27,2026-02-21,0,2026-02-21,wk inc flu hosp,quantile,0.7,198.56230517157994
28,2026-02-21,0,2026-02-21,wk inc flu hosp,quantile,0.7,240.9289852676465
29,2026-02-21,0,2026-02-21,wk inc flu hosp,quantile,0.7,347.70206111373426
30,2026-02-21,0,2026-02-21,wk inc flu hosp,quantile,0.7,58.06054193510241
31,2026-02-21,0,2026-02-21,wk inc flu hosp,quantile,0.7,149.61772522478307
32,2026-02-21,0,2026-02-21,wk inc flu hosp,quantile,0.7,117.21772720996492
33,2026-02-21,0,2026-02-21,wk inc flu hosp,quantile,0.7,42.202311034971714
34,2026-02-21,0,2026-02-21,wk inc flu hosp,quantile,0.7,156.02423526930022
35,2026-02-21,0,2026-02-21,wk inc flu hosp,quantile,0.7,205.53404817369238
36,2026-02-21,0,2026-02-21,wk inc flu hosp,quantile,0.7,139.67604097138084
37,2026-02-21,0,2026-02-21,wk inc flu hosp,quantile,0.7,226.11547791840695
38,2026-02-21,0,2026-02-21,wk inc flu hosp,quantile,0.7,21.48321387476986
39,2026-02-21,0,2026-02-21,wk inc flu hosp,quantile,0.7,412.2272262716924
40,2026-02-21,0,2026-02-21,wk inc flu hosp,quantile,0.7,226.9983876548349
41,2026-02-21,0,2026-02-21,wk inc flu hosp,quantile,0.7,302.2563107373932
42,2026-02-21,0,2026-02-21,wk inc flu hosp,quantile,0.7,674.4889757085317
44,2026-02-21,0,2026-02-21,wk inc flu hosp,quantile,0.7,10.144620489741868
45,2026-02-21,0,2026-02-21,wk inc flu hosp,quantile,0.7,217.41309683732763
46,2026-02-21,0,2026-02-21,wk inc flu hosp,quantile,0.7,32.274493709522055
47,2026-02-21,0,2026-02-21,wk inc flu hosp,quantile,0.7,312.89056967823757
48,2026-02-21,0,2026-02-21,wk inc flu hosp,quantile,0.7,1151.2581102118634
49,2026-02-21,0,2026-02-21,wk inc flu hosp,quantile,0.7,72.74302402466859
50,2026-02-21,0,2026-02-21,wk inc flu hosp,quantile,0.7,14.569837235316566
51,2026-02-21,0,2026-02-21,wk inc flu hosp,quantile,0.7,175.71684455509822
53,2026-02-21,0,2026-02-21,wk inc flu hosp,quantile,0.7,258.5023963425334
54,2026-02-21,0,2026-02-21,wk inc flu hosp,quantile,0.7,103.21467973500005
55,2026-02-21,0,2026-02-21,wk inc flu hosp,quantile,0.7,246.48246430862275
56,2026-02-21,0,2026-02-21,wk inc flu hosp,quantile,0.7,40.408084787683734
72,2026-02-21,0,2026-02-21,wk inc flu hosp,quantile,0.7,115.5967465315221
US,2026-02-21,0,2026-02-21,wk inc flu hosp,quantile,0.7,12843.411740946907
01,2026-02-21,1,2026-02-28,wk inc flu hosp,quantile,0.7,6.317315272559022
02,2026-02-21,1,2026-02-28,wk inc flu hosp,quantile,0.7,4.393721997726717
04,2026-02-21,1,2026-02-28,wk inc flu hosp,quantile,0.7,520.9028689183648
05,2026-02-21,1,2026-02-28,wk inc flu hosp,quantile,0.7,175.583786680648
06,2026-02-21,1,2026-02-28,wk inc flu hosp,quantile,0.7,1493.2002061735004
08,2026-02-21,1,2026-02-28,wk inc flu hosp,quantile,0.7,113.6464355968277
09,2026-02-21,1,2026-02-28,wk inc flu hosp,quantile,0.7,13.84877384627718
10,2026-02-21,1,2026-02-28,wk inc flu hosp,quantile,0.7,10.058400605272304
11,2026-02-21,1,2026-02-28,wk inc flu hosp,quantile,0.7,3.8036787568027153
12,2026-02-21,1,2026-02-28,wk inc flu hosp,quantile,0.7,2500.340501593196
13,2026-02-21,1,2026-02-28,wk inc flu hosp,quantile,0.7,468.40238151631934
15,2026-02-21,1,2026-02-28,wk inc flu hosp,quantile,0.7,16.992438888653318
16,2026-02-21,1,2026-02-28,wk inc flu hosp,quantile,0.7,86.70446698380209
17,2026-02-21,1,2026-02-28,wk inc flu hosp,quantile,0.7,495.26577192593857
18,2026-02-21,1,2026-02-28,wk inc flu hosp,quantile,0.7,219.75085198351996
19,2026-02-21,1,2026-02-28,wk inc flu hosp,quantile,0.7,172.43227377540398
20,2026-02-21,1,2026-02-28,wk inc flu hosp,quantile,0.7,156.69646180302615
21,2026-02-21,1,2026-02-28,wk inc flu hosp,quantile,0.7,143.53251817391472
22,2026-02-21,1,2026-02-28,wk inc flu hosp,quantile,0.7,250.18825578369655
23,2026-02-21,1,2026-02-28,wk inc flu hosp,quantile,0.7,29.809511435010144
24,2026-02-21,1,2026-02-28,wk inc flu hosp,quantile,0.7,59.70534723098047
25,2026-02-21,1,2026-02-28,wk inc flu hosp,quantile,0.7,36.805491884640126
26,2026-02-21,1,2026-02-28,wk inc flu hosp,quantile,0.7,191.4177863371953
27,2026-02-21,1,2026-02-28,wk inc flu hosp,quantile,0.7,187.89553823526748
28,2026-02-21,1,2026-02-28,wk inc flu hosp,quantile,0.7,245.20202886070453
29,2026-02-21,1,2026-02-28,wk inc flu hosp,quantile,0.7,317.88603103942916
30,2026-02-21,1,2026-02-28,wk inc flu hosp,quantile,0.7,52.14860025714351
31,2026-02-21,1,2026-02-28,wk inc flu hosp,quantile,0.7,146.6215196553343
32,2026-02-21,1,2026-02-28,wk inc flu hosp,quantile,0.7,113.97622249133198
33,2026-02-21,1,2026-02-28,wk inc flu hosp,quantile,0.7,39.75842631441718
34,2026-02-21,1,2026-02-28,wk inc flu hosp,quantile,0.7,141.66941183493677
35,2026-02-21,1,2026-02-28,wk inc flu hosp,quantile,0.7,218.1256378144358
36,2026-02-21,1,2026-02-28,wk inc flu hosp,quantile,0.7,103.53599353466787
37,2026-02-21,1,2026-02-28,wk inc flu hosp,quantile,0.7,194.22648244793194
38,2026-02-21,1,2026-02-28,wk inc flu hosp,quantile,0.7,15.474478994263839
39,2026-02-21,1,2026-02-28,wk inc flu hosp,quantile,0.7,369.8149915779481
40,2026-02-21,1,2026-02-28,wk inc flu hosp,quantile,0.7,220.42721869484615
41,2026-02-21,1,2026-02-28,wk inc flu hosp,quantile,0.7,271.2670284258813
42,2026-02-21,1,2026-02-28,wk inc flu hosp,quantile,0.7,612.5781211766993
44,2026-02-21,1,2026-02-28,wk inc flu hosp,quantile,0.7,7.579646650220316
45,2026-02-21,1,2026-02-28,wk inc flu hosp,quantile,0.7,203.01804628304157
46,2026-02-21,1,2026-02-28,wk inc flu hosp,quantile,0.7,27.30783340189939
47,2026-02-21,1,2026-02-28,wk inc flu hosp,quantile,0.7,293.7178263823698
48,2026-02-21,1,2026-02-28,wk inc flu hosp,quantile,0.7,1082.7703320167711
49,2026-02-21,1,2026-02-28,wk inc flu hosp,quantile,0.7,70.01878403783148
50,2026-02-21,1,2026-02-28,wk inc flu hosp,quantile,0.7,12.676063868712115
51,2026-02-21,1,2026-02-28,wk inc flu hosp,quantile,0.7,143.56986560863237
53,2026-02-21,1,2026-02-28,wk inc flu hosp,quantile,0.7,240.78811288165446
54,2026-02-21,1,2026-02-28,wk inc flu hosp,quantile,0.7,89.10689370640425
55,2026-02-21,1,2026-02-28,wk inc flu hosp,quantile,0.7,230.01888534766118
56,2026-02-21,1,2026-02-28,wk inc flu hosp,quantile,0.7,43.12725654647677
72,2026-02-21,1,2026-02-28,wk inc flu hosp,quantile,0.7,97.13014304488848
US,2026-02-21,1,2026-02-28,wk inc flu hosp,quantile,0.7,12002.446702873327
01,2026-02-21,2,2026-03-07,wk inc flu hosp,quantile,0.7,4.284746263490463
02,2026-02-21,2,2026-03-07,wk inc flu hosp,quantile,0.7,3.1800019868302742
04,2026-02-21,2,2026-03-07,wk inc flu hosp,quantile,0.7,534.0734633420349
05,2026-02-21,2,2026-03-07,wk inc flu hosp,quantile,0.7,163.4889465621813
06,2026-02-21,2,2026-03-07,wk inc flu hosp,quantile,0.7,1336.971774697917
08,2026-02-21,2,2026-03-07,wk inc flu hosp,quantile,0.7,105.34912581579091
09,2026-02-21,2,2026-03-07,wk inc flu hosp,quantile,0.7,8.870411559599514
10,2026-02-21,2,2026-03-07,wk inc flu hosp,quantile,0.7,6.037727494793491
11,2026-02-21,2,2026-03-07,wk inc flu hosp,quantile,0.7,3.0249168799430564
12,2026-02-21,2,2026-03-07,wk inc flu hosp,quantile,0.7,2412.5793425246793
13,2026-02-21,2,2026-03-07,wk inc flu hosp,quantile,0.7,451.31834674761427
15,2026-02-21,2,2026-03-07,wk inc flu hosp,quantile,0.7,14.824695019445734
16,2026-02-21,2,2026-03-07,wk inc flu hosp,quantile,0.7,79.37318445707744
17,2026-02-21,2,2026-03-07,wk inc flu hosp,quantile,0.7,458.46822197422637
18,2026-02-21,2,2026-03-07,wk inc flu hosp,quantile,0.7,194.3349942782686
19,2026-02-21,2,2026-03-07,wk inc flu hosp,quantile,0.7,150.90805305960458
20,2026-02-21,2,2026-03-07,wk inc flu hosp,quantile,0.7,135.80729594716263
21,2026-02-21,2,2026-03-07,wk inc flu hosp,quantile,0.7,123.02190163751689
22,2026-02-21,2,2026-03-07,wk inc flu hosp,quantile,0.7,228.01066593439438
23,2026-02-21,2,2026-03-07,wk inc flu hosp,quantile,0.7,24.03713526414362
24,2026-02-21,2,2026-03-07,wk inc flu hosp,quantile,0.7,50.11414337982471
25,2026-02-21,2,2026-03-07,wk inc flu hosp,quantile,0.7,25.379431528659687
26,2026-02-21,2,2026-03-07,wk inc flu hosp,quantile,0.7,172.75625886873894
27,2026-02-21,2,2026-03-07,wk inc flu hosp,quantile,0.7,175.68677855081626
28,2026-02-21,2,2026-03-07,wk inc flu hosp,quantile,0.7,241.98420812554713
29,2026-02-21,2,2026-03-07,wk inc flu hosp,quantile,0.7,281.89657328265065
30,2026-02-21,2,2026-03-07,wk inc flu hosp,quantile,0.7,45.44609065516978
31,2026-02-21,2,2026-03-07,wk inc flu hosp,quantile,0.7,135.80681333226477
32,2026-02-21,2,2026-03-07,wk inc flu hosp,quantile,0.7,106.13436837941731
33,2026-02-21,2,2026-03-07,wk inc flu hosp,quantile,0.7,34.65483317919505
34,2026-02-21,2,2026-03-07,wk inc flu hosp,quantile,0.7,120.63049840201838
35,2026-02-21,2,2026-03-07,wk inc flu hosp,quantile,0.7,214.81702239270226
36,2026-02-21,2,2026-03-07,wk inc flu hosp,quantile,0.7,79.14329509842992
37,2026-02-21,2,2026-03-07,wk inc flu hosp,quantile,0.7,162.93646739874833
38,2026-02-21,2,2026-03-07,wk inc flu hosp,quantile,0.7,11.045385198486699
39,2026-02-21,2,2026-03-07,wk inc flu hosp,quantile,0.7,328.1877892984152
40,2026-02-21,2,2026-03-07,wk inc flu hosp,quantile,0.7,208.02684555060486
41,2026-02-21,2,2026-03-07,wk inc flu hosp,quantile,0.7,241.45112998784498
42,2026-02-21,2,2026-03-07,wk inc flu hosp,quantile,0.7,532.8661371450091
44,2026-02-21,2,2026-03-07,wk inc flu hosp,quantile,0.7,5.259455162754121
45,2026-02-21,2,2026-03-07,wk inc flu hosp,quantile,0.7,181.5347679532932
46,2026-02-21,2,2026-03-07,wk inc flu hosp,quantile,0.7,22.101586440866473
47,2026-02-21,2,2026-03-07,wk inc flu hosp,quantile,0.7,267.1849522388027
48,2026-02-21,2,2026-03-07,wk inc flu hosp,quantile,0.7,994.6524839170611
49,2026-02-21,2,2026-03-07,wk inc flu hosp,quantile,0.7,63.43800726830794
50,2026-02-21,2,2026-03-07,wk inc flu hosp,quantile,0.7,10.876787274962005
51,2026-02-21,2,2026-03-07,wk inc flu hosp,quantile,0.7,112.80689438573161
53,2026-02-21,2,2026-03-07,wk inc flu hosp,quantile,0.7,216.59897552421924
54,2026-02-21,2,2026-03-07,wk inc flu hosp,quantile,0.7,75.89375231608001
55,2026-02-21,2,2026-03-07,wk inc flu hosp,quantile,0.7,210.77495966941922
56,2026-02-21,2,2026-03-07,wk inc flu hosp,quantile,0.7,41.96707146512575
72,2026-02-21,2,2026-03-07,wk inc flu hosp,quantile,0.7,82.15729418328058
US,2026-02-21,2,2026-03-07,wk inc flu hosp,quantile,0.7,10729.211216912081
01,2026-02-21,3,2026-03-14,wk inc flu hosp,quantile,0.7,2.343435429771519
02,2026-02-21,3,2026-03-14,wk inc flu hosp,quantile,0.7,2.613238903644018
04,2026-02-21,3,2026-03-14,wk inc flu hosp,quantile,0.7,547.6450123497608
05,2026-02-21,3,2026-03-14,wk inc flu hosp,quantile,0.7,153.10713173606186
06,2026-02-21,3,2026-03-14,wk inc flu hosp,quantile,0.7,1223.3899019483229
08,2026-02-21,3,2026-03-14,wk inc flu hosp,quantile,0.7,99.15385445856484
09,2026-02-21,3,2026-03-14,wk inc flu hosp,quantile,0.7,6.343854814714864
10,2026-02-21,3,2026-03-14,wk inc flu hosp,quantile,0.7,3.5567430270937836
11,2026-02-21,3,2026-03-14,wk inc flu hosp,quantile,0.7,2.583816949700585
12,2026-02-21,3,2026-03-14,wk inc flu hosp,quantile,0.7,2307.2419555987285
13,2026-02-21,3,2026-03-14,wk inc flu hosp,quantile,0.7,435.28912952126655
15,2026-02-21,3,2026-03-14,wk inc flu hosp,quantile,0.7,13.463726698037167
16,2026-02-21,3,2026-03-14,wk inc flu hosp,quantile,0.7,73.22844169332974
17,2026-02-21,3,2026-03-14,wk inc flu hosp,quantile,0.7,428.6709348535339
18,2026-02-21,3,2026-03-14,wk inc flu hosp,quantile,0.7,170.9935299506176
19,2026-02-21,3,2026-03-14,wk inc flu hosp,quantile,0.7,129.7232911563048
20,2026-02-21,3,2026-03-14,wk inc flu hosp,quantile,0.7,119.94669146819602
21,2026-02-21,3,2026-03-14,wk inc flu hosp,quantile,0.7,110.22581310788118
22,2026-02-21,3,2026-03-14,wk inc flu hosp,quantile,0.7,207.40291319922022
23,2026-02-21,3,2026-03-14,wk inc flu hosp,quantile,0.7,20.541749589510708
24,2026-02-21,3,2026-03-14,wk inc flu hosp,quantile,0.7,43.243186123416166
25,2026-02-21,3,2026-03-14,wk inc flu hosp,quantile,0.7,20.310128145251607
26,2026-02-21,3,2026-03-14,wk inc flu hosp,quantile,0.7,149.9503747696057
27,2026-02-21,3,2026-03-14,wk inc flu hosp,quantile,0.7,162.58147264096803
28,2026-02-21,3,2026-03-14,wk inc flu hosp,quantile,0.7,234.5396230014023
29,2026-02-21,3,2026-03-14,wk inc flu hosp,quantile,0.7,247.94709924715704
30,2026-02-21,3,2026-03-14,wk inc flu hosp,quantile,0.7,39.44359800498519
31,2026-02-21,3,2026-03-14,wk inc flu hosp,quantile,0.7,123.14209573705183
32,2026-02-21,3,2026-03-14,wk inc flu hosp,quantile,0.7,99.28594849935115
33,2026-02-21,3,2026-03-14,wk inc flu hosp,quantile,0.7,30.8347204657039
34,2026-02-21,3,2026-03-14,wk inc flu hosp,quantile,0.7,103.98484234829057
35,2026-02-21,3,2026-03-14,wk inc flu hosp,quantile,0.7,211.19335940832585
36,2026-02-21,3,2026-03-14,wk inc flu hosp,quantile,0.7,62.549329846166714
37,2026-02-21,3,2026-03-14,wk inc flu hosp,quantile,0.7,135.0659520918145
38,2026-02-21,3,2026-03-14,wk inc flu hosp,quantile,0.7,8.028923491812904
39,2026-02-21,3,2026-03-14,wk inc flu hosp,quantile,0.7,274.6633111126176
40,2026-02-21,3,2026-03-14,wk inc flu hosp,quantile,0.7,194.99920929314646
41,2026-02-21,3,2026-03-14,wk inc flu hosp,quantile,0.7,219.5079470429278
42,2026-02-21,3,2026-03-14,wk inc flu hosp,quantile,0.7,469.614526350904
44,2026-02-21,3,2026-03-14,wk inc flu hosp,quantile,0.7,4.167863091358067
45,2026-02-21,3,2026-03-14,wk inc flu hosp,quantile,0.7,166.02430165697007
46,2026-02-21,3,2026-03-14,wk inc flu hosp,quantile,0.7,17.49645978548955
47,2026-02-21,3,2026-03-14,wk inc flu hosp,quantile,0.7,247.40390710330666
48,2026-02-21,3,2026-03-14,wk inc flu hosp,quantile,0.7,930.6039765022273
49,2026-02-21,3,2026-03-14,wk inc flu hosp,quantile,0.7,56.87241110820719
50,2026-02-21,3,2026-03-14,wk inc flu hosp,quantile,0.7,9.515004755124087
51,2026-02-21,3,2026-03-14,wk inc flu hosp,quantile,0.7,95.82575552135582
53,2026-02-21,3,2026-03-14,wk inc flu hosp,quantile,0.7,195.3324677850472
54,2026-02-21,3,2026-03-14,wk inc flu hosp,quantile,0.7,66.46682967868645
55,2026-02-21,3,2026-03-14,wk inc flu hosp,quantile,0.7,195.72267891384337
56,2026-02-21,3,2026-03-14,wk inc flu hosp,quantile,0.7,41.363823434881276
72,2026-02-21,3,2026-03-14,wk inc flu hosp,quantile,0.7,69.30426037707655
US,2026-02-21,3,2026-03-14,wk inc flu hosp,quantile,0.7,9754.240543123002
01,2026-02-21,0,2026-02-21,wk inc flu hosp,quantile,0.75,13.373991780048854
02,2026-02-21,0,2026-02-21,wk inc flu hosp,quantile,0.75,6.195738844257266
04,2026-02-21,0,2026-02-21,wk inc flu hosp,quantile,0.75,508.9722688670338
05,2026-02-21,0,2026-02-21,wk inc flu hosp,quantile,0.75,186.08519672885456
06,2026-02-21,0,2026-02-21,wk inc flu hosp,quantile,0.75,1614.3463059746239
08,2026-02-21,0,2026-02-21,wk inc flu hosp,quantile,0.75,122.36968585085027
09,2026-02-21,0,2026-02-21,wk inc flu hosp,quantile,0.75,22.176378374307394
10,2026-02-21,0,2026-02-21,wk inc flu hosp,quantile,0.75,17.656900688293263
11,2026-02-21,0,2026-02-21,wk inc flu hosp,quantile,0.75,4.559004976781405
12,2026-02-21,0,2026-02-21,wk inc flu hosp,quantile,0.75,2480.399884368685
13,2026-02-21,0,2026-02-21,wk inc flu hosp,quantile,0.75,472.81617932237043
15,2026-02-21,0,2026-02-21,wk inc flu hosp,quantile,0.75,19.117561032549474
16,2026-02-21,0,2026-02-21,wk inc flu hosp,quantile,0.75,94.45796074635375
17,2026-02-21,0,2026-02-21,wk inc flu hosp,quantile,0.75,520.2402780908039
18,2026-02-21,0,2026-02-21,wk inc flu hosp,quantile,0.75,252.53074731081477
19,2026-02-21,0,2026-02-21,wk inc flu hosp,quantile,0.75,194.18544997837634
20,2026-02-21,0,2026-02-21,wk inc flu hosp,quantile,0.75,173.4076229090397
21,2026-02-21,0,2026-02-21,wk inc flu hosp,quantile,0.75,167.65201651468294
22,2026-02-21,0,2026-02-21,wk inc flu hosp,quantile,0.75,269.86747063750573
23,2026-02-21,0,2026-02-21,wk inc flu hosp,quantile,0.75,36.8667537942702
24,2026-02-21,0,2026-02-21,wk inc flu hosp,quantile,0.75,67.23770428655911
25,2026-02-21,0,2026-02-21,wk inc flu hosp,quantile,0.75,55.25861388872136
26,2026-02-21,0,2026-02-21,wk inc flu hosp,quantile,0.75,217.07169064697158
27,2026-02-21,0,2026-02-21,wk inc flu hosp,quantile,0.75,201.2401194274849
28,2026-02-21,0,2026-02-21,wk inc flu hosp,quantile,0.75,244.0962390932611
29,2026-02-21,0,2026-02-21,wk inc flu hosp,quantile,0.75,348.80924301989813
30,2026-02-21,0,2026-02-21,wk inc flu hosp,quantile,0.75,61.21584156507599
31,2026-02-21,0,2026-02-21,wk inc flu hosp,quantile,0.75,149.66223493097982
32,2026-02-21,0,2026-02-21,wk inc flu hosp,quantile,0.75,117.83925757059917
33,2026-02-21,0,2026-02-21,wk inc flu hosp,quantile,0.75,45.515256018033384
34,2026-02-21,0,2026-02-21,wk inc flu hosp,quantile,0.75,160.91461307035078
35,2026-02-21,0,2026-02-21,wk inc flu hosp,quantile,0.75,206.88319028969306
36,2026-02-21,0,2026-02-21,wk inc flu hosp,quantile,0.75,146.09079727026938
37,2026-02-21,0,2026-02-21,wk inc flu hosp,quantile,0.75,226.94830046906674
38,2026-02-21,0,2026-02-21,wk inc flu hosp,quantile,0.75,21.942156833279352
39,2026-02-21,0,2026-02-21,wk inc flu hosp,quantile,0.75,412.69505360603097
40,2026-02-21,0,2026-02-21,wk inc flu hosp,quantile,0.75,229.85946374155353
41,2026-02-21,0,2026-02-21,wk inc flu hosp,quantile,0.75,307.663364217652
42,2026-02-21,0,2026-02-21,wk inc flu hosp,quantile,0.75,687.2476061906558
44,2026-02-21,0,2026-02-21,wk inc flu hosp,quantile,0.75,10.404834836750938
45,2026-02-21,0,2026-02-21,wk inc flu hosp,quantile,0.75,226.057094284092
46,2026-02-21,0,2026-02-21,wk inc flu hosp,quantile,0.75,32.377139946069896
47,2026-02-21,0,2026-02-21,wk inc flu hosp,quantile,0.75,317.7472895814506
48,2026-02-21,0,2026-02-21,wk inc flu hosp,quantile,0.75,1154.1905009595087
49,2026-02-21,0,2026-02-21,wk inc flu hosp,quantile,0.75,73.73853478108228
50,2026-02-21,0,2026-02-21,wk inc flu hosp,quantile,0.75,15.371595962445848
51,2026-02-21,0,2026-02-21,wk inc flu hosp,quantile,0.75,176.8138521599802
53,2026-02-21,0,2026-02-21,wk inc flu hosp,quantile,0.75,264.2413604456802
54,2026-02-21,0,2026-02-21,wk inc flu hosp,quantile,0.75,104.29329388936377
55,2026-02-21,0,2026-02-21,wk inc flu hosp,quantile,0.75,246.74127620331925
56,2026-02-21,0,2026-02-21,wk inc flu hosp,quantile,0.75,43.7304160655652
72,2026-02-21,0,2026-02-21,wk inc flu hosp,quantile,0.75,117.36933244532771
US,2026-02-21,0,2026-02-21,wk inc flu hosp,quantile,0.75,12970.951664709462
01,2026-02-21,1,2026-02-28,wk inc flu hosp,quantile,0.75,9.634313420880083
02,2026-02-21,1,2026-02-28,wk inc flu hosp,quantile,0.75,4.801421737931011
04,2026-02-21,1,2026-02-28,wk inc flu hosp,quantile,0.75,532.7752062318079
05,2026-02-21,1,2026-02-28,wk inc flu hosp,quantile,0.75,178.4216718628732
06,2026-02-21,1,2026-02-28,wk inc flu hosp,quantile,0.75,1500.0631779705486
08,2026-02-21,1,2026-02-28,wk inc flu hosp,quantile,0.75,117.72244142127029
09,2026-02-21,1,2026-02-28,wk inc flu hosp,quantile,0.75,14.728195467464596
10,2026-02-21,1,2026-02-28,wk inc flu hosp,quantile,0.75,11.140130356761532
11,2026-02-21,1,2026-02-28,wk inc flu hosp,quantile,0.75,4.133303365260326
12,2026-02-21,1,2026-02-28,wk inc flu hosp,quantile,0.75,2606.5630487638264
13,2026-02-21,1,2026-02-28,wk inc flu hosp,quantile,0.75,470.78202017972154
15,2026-02-21,1,2026-02-28,wk inc flu hosp,quantile,0.75,17.878604808493655
16,2026-02-21,1,2026-02-28,wk inc flu hosp,quantile,0.75,89.61210275409027
17,2026-02-21,1,2026-02-28,wk inc flu hosp,quantile,0.75,501.34176430978675
18,2026-02-21,1,2026-02-28,wk inc flu hosp,quantile,0.75,220.22282170781435
19,2026-02-21,1,2026-02-28,wk inc flu hosp,quantile,0.75,177.14487764739397
20,2026-02-21,1,2026-02-28,wk inc flu hosp,quantile,0.75,160.07118349214429
21,2026-02-21,1,2026-02-28,wk inc flu hosp,quantile,0.75,143.59399618119207
22,2026-02-21,1,2026-02-28,wk inc flu hosp,quantile,0.75,250.4237103720296
23,2026-02-21,1,2026-02-28,wk inc flu hosp,quantile,0.75,30.66020293361933
24,2026-02-21,1,2026-02-28,wk inc flu hosp,quantile,0.75,61.23744989959818
25,2026-02-21,1,2026-02-28,wk inc flu hosp,quantile,0.75,41.15834741917815
26,2026-02-21,1,2026-02-28,wk inc flu hosp,quantile,0.75,198.79314780118958
27,2026-02-21,1,2026-02-28,wk inc flu hosp,quantile,0.75,191.52278919141926
28,2026-02-21,1,2026-02-28,wk inc flu hosp,quantile,0.75,247.89915652190763
29,2026-02-21,1,2026-02-28,wk inc flu hosp,quantile,0.75,319.5632582048471
30,2026-02-21,1,2026-02-28,wk inc flu hosp,quantile,0.75,53.51428153740174
31,2026-02-21,1,2026-02-28,wk inc flu hosp,quantile,0.75,147.88195115276858
32,2026-02-21,1,2026-02-28,wk inc flu hosp,quantile,0.75,114.65953925468398
33,2026-02-21,1,2026-02-28,wk inc flu hosp,quantile,0.75,42.06870559904681
34,2026-02-21,1,2026-02-28,wk inc flu hosp,quantile,0.75,143.02156653454003
35,2026-02-21,1,2026-02-28,wk inc flu hosp,quantile,0.75,234.02050279966815
36,2026-02-21,1,2026-02-28,wk inc flu hosp,quantile,0.75,113.2349989166708
37,2026-02-21,1,2026-02-28,wk inc flu hosp,quantile,0.75,194.9059095703416
38,2026-02-21,1,2026-02-28,wk inc flu hosp,quantile,0.75,15.899089722064533
39,2026-02-21,1,2026-02-28,wk inc flu hosp,quantile,0.75,370.94262001707654
40,2026-02-21,1,2026-02-28,wk inc flu hosp,quantile,0.75,221.9840627387737
41,2026-02-21,1,2026-02-28,wk inc flu hosp,quantile,0.75,273.3689777399552
42,2026-02-21,1,2026-02-28,wk inc flu hosp,quantile,0.75,620.1462113737706
44,2026-02-21,1,2026-02-28,wk inc flu hosp,quantile,0.75,7.738907006670135
45,2026-02-21,1,2026-02-28,wk inc flu hosp,quantile,0.75,212.4479909279637
46,2026-02-21,1,2026-02-28,wk inc flu hosp,quantile,0.75,27.662912121842727
47,2026-02-21,1,2026-02-28,wk inc flu hosp,quantile,0.75,300.4284957285438
48,2026-02-21,1,2026-02-28,wk inc flu hosp,quantile,0.75,1087.2332916768705
49,2026-02-21,1,2026-02-28,wk inc flu hosp,quantile,0.75,71.18312529079905
50,2026-02-21,1,2026-02-28,wk inc flu hosp,quantile,0.75,13.015922198147024
51,2026-02-21,1,2026-02-28,wk inc flu hosp,quantile,0.75,146.86838671530813
53,2026-02-21,1,2026-02-28,wk inc flu hosp,quantile,0.75,240.96087796492012
54,2026-02-21,1,2026-02-28,wk inc flu hosp,quantile,0.75,90.7599474487349
55,2026-02-21,1,2026-02-28,wk inc flu hosp,quantile,0.75,235.12480657195746
56,2026-02-21,1,2026-02-28,wk inc flu hosp,quantile,0.75,44.45565094357984
72,2026-02-21,1,2026-02-28,wk inc flu hosp,quantile,0.75,100.70845598441332
US,2026-02-21,1,2026-02-28,wk inc flu hosp,quantile,0.75,12143.357737277898
01,2026-02-21,2,2026-03-07,wk inc flu hosp,quantile,0.75,8.16182160922662
02,2026-02-21,2,2026-03-07,wk inc flu hosp,quantile,0.75,3.590303698627181
04,2026-02-21,2,2026-03-07,wk inc flu hosp,quantile,0.75,547.5657581827799
05,2026-02-21,2,2026-03-07,wk inc flu hosp,quantile,0.75,167.21318519107305
06,2026-02-21,2,2026-03-07,wk inc flu hosp,quantile,0.75,1344.0208011194231
08,2026-02-21,2,2026-03-07,wk inc flu hosp,quantile,0.75,108.41851030193253
09,2026-02-21,2,2026-03-07,wk inc flu hosp,quantile,0.75,9.963528975217612
10,2026-02-21,2,2026-03-07,wk inc flu hosp,quantile,0.75,6.8472685499861035
11,2026-02-21,2,2026-03-07,wk inc flu hosp,quantile,0.75,3.3090104009874817
12,2026-02-21,2,2026-03-07,wk inc flu hosp,quantile,0.75,2468.263556503638
13,2026-02-21,2,2026-03-07,wk inc flu hosp,quantile,0.75,467.92202816359065
15,2026-02-21,2,2026-03-07,wk inc flu hosp,quantile,0.75,15.521111479582153
16,2026-02-21,2,2026-03-07,wk inc flu hosp,quantile,0.75,82.49260052538203
17,2026-02-21,2,2026-03-07,wk inc flu hosp,quantile,0.75,469.4118590670466
18,2026-02-21,2,2026-03-07,wk inc flu hosp,quantile,0.75,196.40414487369642
19,2026-02-21,2,2026-03-07,wk inc flu hosp,quantile,0.75,154.60845857814985
20,2026-02-21,2,2026-03-07,wk inc flu hosp,quantile,0.75,143.11758583380507
21,2026-02-21,2,2026-03-07,wk inc flu hosp,quantile,0.75,124.54193982315772
22,2026-02-21,2,2026-03-07,wk inc flu hosp,quantile,0.75,229.26243657749626
23,2026-02-21,2,2026-03-07,wk inc flu hosp,quantile,0.75,25.304131970931426
24,2026-02-21,2,2026-03-07,wk inc flu hosp,quantile,0.75,51.68729395414058
25,2026-02-21,2,2026-03-07,wk inc flu hosp,quantile,0.75,29.687117311132035
26,2026-02-21,2,2026-03-07,wk inc flu hosp,quantile,0.75,174.4804825943982
27,2026-02-21,2,2026-03-07,wk inc flu hosp,quantile,0.75,175.73235374808164
28,2026-02-21,2,2026-03-07,wk inc flu hosp,quantile,0.75,246.39648580238952
29,2026-02-21,2,2026-03-07,wk inc flu hosp,quantile,0.75,285.8142897207271
30,2026-02-21,2,2026-03-07,wk inc flu hosp,quantile,0.75,47.60094699582163
31,2026-02-21,2,2026-03-07,wk inc flu hosp,quantile,0.75,135.92260954255292
32,2026-02-21,2,2026-03-07,wk inc flu hosp,quantile,0.75,107.91903061527792
33,2026-02-21,2,2026-03-07,wk inc flu hosp,quantile,0.75,36.14229586896046
34,2026-02-21,2,2026-03-07,wk inc flu hosp,quantile,0.75,123.4143274856926
35,2026-02-21,2,2026-03-07,wk inc flu hosp,quantile,0.75,227.30006307378878
36,2026-02-21,2,2026-03-07,wk inc flu hosp,quantile,0.75,83.990360370159
37,2026-02-21,2,2026-03-07,wk inc flu hosp,quantile,0.75,163.02388397059926
38,2026-02-21,2,2026-03-07,wk inc flu hosp,quantile,0.75,11.39115600577903
39,2026-02-21,2,2026-03-07,wk inc flu hosp,quantile,0.75,332.9694831874121
40,2026-02-21,2,2026-03-07,wk inc flu hosp,quantile,0.75,214.20303172488155
41,2026-02-21,2,2026-03-07,wk inc flu hosp,quantile,0.75,244.66296030229316
42,2026-02-21,2,2026-03-07,wk inc flu hosp,quantile,0.75,553.0176547319853
44,2026-02-21,2,2026-03-07,wk inc flu hosp,quantile,0.75,5.291901252887423
45,2026-02-21,2,2026-03-07,wk inc flu hosp,quantile,0.75,192.40256695507586
46,2026-02-21,2,2026-03-07,wk inc flu hosp,quantile,0.75,22.878107219900485
47,2026-02-21,2,2026-03-07,wk inc flu hosp,quantile,0.75,278.6785813182894
48,2026-02-21,2,2026-03-07,wk inc flu hosp,quantile,0.75,1007.9498784485052
49,2026-02-21,2,2026-03-07,wk inc flu hosp,quantile,0.75,65.43584286488466
50,2026-02-21,2,2026-03-07,wk inc flu hosp,quantile,0.75,10.946176794493061
51,2026-02-21,2,2026-03-07,wk inc flu hosp,quantile,0.75,116.07847754296505
53,2026-02-21,2,2026-03-07,wk inc flu hosp,quantile,0.75,217.78816567767024
54,2026-02-21,2,2026-03-07,wk inc flu hosp,quantile,0.75,78.72241853280929
55,2026-02-21,2,2026-03-07,wk inc flu hosp,quantile,0.75,216.1240421432814
56,2026-02-21,2,2026-03-07,wk inc flu hosp,quantile,0.75,43.950565385007394
72,2026-02-21,2,2026-03-07,wk inc flu hosp,quantile,0.75,85.00698257534779
US,2026-02-21,2,2026-03-07,wk inc flu hosp,quantile,0.75,10955.008420536094
01,2026-02-21,3,2026-03-14,wk inc flu hosp,quantile,0.75,6.463680836020145
02,2026-02-21,3,2026-03-14,wk inc flu hosp,quantile,0.75,3.1766658617814554
04,2026-02-21,3,2026-03-14,wk inc flu hosp,quantile,0.75,554.9224691263191
05,2026-02-21,3,2026-03-14,wk inc flu hosp,quantile,0.75,159.88115149555205
06,2026-02-21,3,2026-03-14,wk inc flu hosp,quantile,0.75,1257.6946621050342
08,2026-02-21,3,2026-03-14,wk inc flu hosp,quantile,0.75,103.63309600748886
09,2026-02-21,3,2026-03-14,wk inc flu hosp,quantile,0.75,7.733882002516136
10,2026-02-21,3,2026-03-14,wk inc flu hosp,quantile,0.75,4.806272956287144
11,2026-02-21,3,2026-03-14,wk inc flu hosp,quantile,0.75,2.910377925072179
12,2026-02-21,3,2026-03-14,wk inc flu hosp,quantile,0.75,2356.177266977321
13,2026-02-21,3,2026-03-14,wk inc flu hosp,quantile,0.75,461.32787360887147
15,2026-02-21,3,2026-03-14,wk inc flu hosp,quantile,0.75,14.202808730711565
16,2026-02-21,3,2026-03-14,wk inc flu hosp,quantile,0.75,77.34718221595227
17,2026-02-21,3,2026-03-14,wk inc flu hosp,quantile,0.75,444.1007843381207
18,2026-02-21,3,2026-03-14,wk inc flu hosp,quantile,0.75,175.58471093439329
19,2026-02-21,3,2026-03-14,wk inc flu hosp,quantile,0.75,133.96326283014906
20,2026-02-21,3,2026-03-14,wk inc flu hosp,quantile,0.75,128.82813746402724
21,2026-02-21,3,2026-03-14,wk inc flu hosp,quantile,0.75,111.86554280745557
22,2026-02-21,3,2026-03-14,wk inc flu hosp,quantile,0.75,213.6382126760621
23,2026-02-21,3,2026-03-14,wk inc flu hosp,quantile,0.75,21.803156331039414
24,2026-02-21,3,2026-03-14,wk inc flu hosp,quantile,0.75,46.622750056165124
25,2026-02-21,3,2026-03-14,wk inc flu hosp,quantile,0.75,25.215456920787673
26,2026-02-21,3,2026-03-14,wk inc flu hosp,quantile,0.75,161.1043162609596
27,2026-02-21,3,2026-03-14,wk inc flu hosp,quantile,0.75,163.4963837703567
28,2026-02-21,3,2026-03-14,wk inc flu hosp,quantile,0.75,247.09024516969245
29,2026-02-21,3,2026-03-14,wk inc flu hosp,quantile,0.75,248.46119579640722
30,2026-02-21,3,2026-03-14,wk inc flu hosp,quantile,0.75,40.40589115259825
31,2026-02-21,3,2026-03-14,wk inc flu hosp,quantile,0.75,126.9996352081836
32,2026-02-21,3,2026-03-14,wk inc flu hosp,quantile,0.75,103.45175984317159
33,2026-02-21,3,2026-03-14,wk inc flu hosp,quantile,0.75,32.83816279390364
34,2026-02-21,3,2026-03-14,wk inc flu hosp,quantile,0.75,110.82570609281652
35,2026-02-21,3,2026-03-14,wk inc flu hosp,quantile,0.75,223.25122141594665
36,2026-02-21,3,2026-03-14,wk inc flu hosp,quantile,0.75,71.84565227913966
37,2026-02-21,3,2026-03-14,wk inc flu hosp,quantile,0.75,137.42672104893063
38,2026-02-21,3,2026-03-14,wk inc flu hosp,quantile,0.75,9.007790893861312
39,2026-02-21,3,2026-03-14,wk inc flu hosp,quantile,0.75,291.3921750157085
40,2026-02-21,3,2026-03-14,wk inc flu hosp,quantile,0.75,203.30453551810427
41,2026-02-21,3,2026-03-14,wk inc flu hosp,quantile,0.75,229.1977324773246
42,2026-02-21,3,2026-03-14,wk inc flu hosp,quantile,0.75,491.9861723119592
44,2026-02-21,3,2026-03-14,wk inc flu hosp,quantile,0.75,4.311922555425566
45,2026-02-21,3,2026-03-14,wk inc flu hosp,quantile,0.75,178.91766850821764
46,2026-02-21,3,2026-03-14,wk inc flu hosp,quantile,0.75,18.381803032872025
47,2026-02-21,3,2026-03-14,wk inc flu hosp,quantile,0.75,260.1983060536218
48,2026-02-21,3,2026-03-14,wk inc flu hosp,quantile,0.75,953.6867072127073
49,2026-02-21,3,2026-03-14,wk inc flu hosp,quantile,0.75,58.235970594584735
50,2026-02-21,3,2026-03-14,wk inc flu hosp,quantile,0.75,9.701883662648655
51,2026-02-21,3,2026-03-14,wk inc flu hosp,quantile,0.75,97.75060089136177
53,2026-02-21,3,2026-03-14,wk inc flu hosp,quantile,0.75,199.42746432063106
54,2026-02-21,3,2026-03-14,wk inc flu hosp,quantile,0.75,68.88473150363828
55,2026-02-21,3,2026-03-14,wk inc flu hosp,quantile,0.75,204.4226777433171
56,2026-02-21,3,2026-03-14,wk inc flu hosp,quantile,0.75,44.072040578998525
72,2026-02-21,3,2026-03-14,wk inc flu hosp,quantile,0.75,74.95155052633844
US,2026-02-21,3,2026-03-14,wk inc flu hosp,quantile,0.75,10100.972244825278
01,2026-02-21,0,2026-02-21,wk inc flu hosp,quantile,0.8,17.118514512025996
02,2026-02-21,0,2026-02-21,wk inc flu hosp,quantile,0.8,6.874739190912808
04,2026-02-21,0,2026-02-21,wk inc flu hosp,quantile,0.8,511.19416358085505
05,2026-02-21,0,2026-02-21,wk inc flu hosp,quantile,0.8,188.83500994478254
06,2026-02-21,0,2026-02-21,wk inc flu hosp,quantile,0.8,1621.0143537990589
08,2026-02-21,0,2026-02-21,wk inc flu hosp,quantile,0.8,122.52594504558274
09,2026-02-21,0,2026-02-21,wk inc flu hosp,quantile,0.8,23.600536733303535
10,2026-02-21,0,2026-02-21,wk inc flu hosp,quantile,0.8,18.74130316731181
11,2026-02-21,0,2026-02-21,wk inc flu hosp,quantile,0.8,4.67461800130143
12,2026-02-21,0,2026-02-21,wk inc flu hosp,quantile,0.8,2509.435028890529
13,2026-02-21,0,2026-02-21,wk inc flu hosp,quantile,0.8,482.09945184864426
15,2026-02-21,0,2026-02-21,wk inc flu hosp,quantile,0.8,19.834595363401007
16,2026-02-21,0,2026-02-21,wk inc flu hosp,quantile,0.8,95.83670472190887
17,2026-02-21,0,2026-02-21,wk inc flu hosp,quantile,0.8,520.5919636519117
18,2026-02-21,0,2026-02-21,wk inc flu hosp,quantile,0.8,256.65813679768667
19,2026-02-21,0,2026-02-21,wk inc flu hosp,quantile,0.8,194.92459683675668
20,2026-02-21,0,2026-02-21,wk inc flu hosp,quantile,0.8,176.5594818210829
21,2026-02-21,0,2026-02-21,wk inc flu hosp,quantile,0.8,170.26897208234845
22,2026-02-21,0,2026-02-21,wk inc flu hosp,quantile,0.8,271.23644662744346
23,2026-02-21,0,2026-02-21,wk inc flu hosp,quantile,0.8,38.25544270649654
24,2026-02-21,0,2026-02-21,wk inc flu hosp,quantile,0.8,67.7467664666367
25,2026-02-21,0,2026-02-21,wk inc flu hosp,quantile,0.8,57.68647060038844
26,2026-02-21,0,2026-02-21,wk inc flu hosp,quantile,0.8,217.8289835623761
27,2026-02-21,0,2026-02-21,wk inc flu hosp,quantile,0.8,205.7259116969058
28,2026-02-21,0,2026-02-21,wk inc flu hosp,quantile,0.8,248.23824132943173
29,2026-02-21,0,2026-02-21,wk inc flu hosp,quantile,0.8,350.1565430920617
30,2026-02-21,0,2026-02-21,wk inc flu hosp,quantile,0.8,63.146170315319374
31,2026-02-21,0,2026-02-21,wk inc flu hosp,quantile,0.8,151.23240265712778
32,2026-02-21,0,2026-02-21,wk inc flu hosp,quantile,0.8,118.8601639545423
33,2026-02-21,0,2026-02-21,wk inc flu hosp,quantile,0.8,48.995314610924375
34,2026-02-21,0,2026-02-21,wk inc flu hosp,quantile,0.8,164.17954539322744
35,2026-02-21,0,2026-02-21,wk inc flu hosp,quantile,0.8,218.87599940544774
36,2026-02-21,0,2026-02-21,wk inc flu hosp,quantile,0.8,149.280549357734
37,2026-02-21,0,2026-02-21,wk inc flu hosp,quantile,0.8,233.56193791776408
38,2026-02-21,0,2026-02-21,wk inc flu hosp,quantile,0.8,22.839654128774033
39,2026-02-21,0,2026-02-21,wk inc flu hosp,quantile,0.8,416.0480975783721
40,2026-02-21,0,2026-02-21,wk inc flu hosp,quantile,0.8,230.60754788112644
41,2026-02-21,0,2026-02-21,wk inc flu hosp,quantile,0.8,309.55087570579684
42,2026-02-21,0,2026-02-21,wk inc flu hosp,quantile,0.8,690.2959623912762
44,2026-02-21,0,2026-02-21,wk inc flu hosp,quantile,0.8,10.780294631111778
45,2026-02-21,0,2026-02-21,wk inc flu hosp,quantile,0.8,228.26018915540237
46,2026-02-21,0,2026-02-21,wk inc flu hosp,quantile,0.8,33.531743359943256
47,2026-02-21,0,2026-02-21,wk inc flu hosp,quantile,0.8,321.33220531565564
48,2026-02-21,0,2026-02-21,wk inc flu hosp,quantile,0.8,1157.6302786159918
49,2026-02-21,0,2026-02-21,wk inc flu hosp,quantile,0.8,73.79699326886919
50,2026-02-21,0,2026-02-21,wk inc flu hosp,quantile,0.8,15.423037936700446
51,2026-02-21,0,2026-02-21,wk inc flu hosp,quantile,0.8,183.62857959777975
53,2026-02-21,0,2026-02-21,wk inc flu hosp,quantile,0.8,271.8119781680471
54,2026-02-21,0,2026-02-21,wk inc flu hosp,quantile,0.8,109.26398389738563
55,2026-02-21,0,2026-02-21,wk inc flu hosp,quantile,0.8,248.66116831196382
56,2026-02-21,0,2026-02-21,wk inc flu hosp,quantile,0.8,45.35468527035227
72,2026-02-21,0,2026-02-21,wk inc flu hosp,quantile,0.8,120.00327778415095
US,2026-02-21,0,2026-02-21,wk inc flu hosp,quantile,0.8,12972.96397122817
01,2026-02-21,1,2026-02-28,wk inc flu hosp,quantile,0.8,14.179571966210762
02,2026-02-21,1,2026-02-28,wk inc flu hosp,quantile,0.8,5.537678158409839
04,2026-02-21,1,2026-02-28,wk inc flu hosp,quantile,0.8,547.1146910345798
05,2026-02-21,1,2026-02-28,wk inc flu hosp,quantile,0.8,180.4602587812402
06,2026-02-21,1,2026-02-28,wk inc flu hosp,quantile,0.8,1541.7427962671495
08,2026-02-21,1,2026-02-28,wk inc flu hosp,quantile,0.8,117.79417698062542
09,2026-02-21,1,2026-02-28,wk inc flu hosp,quantile,0.8,16.08784816194106
10,2026-02-21,1,2026-02-28,wk inc flu hosp,quantile,0.8,12.399071297077045
11,2026-02-21,1,2026-02-28,wk inc flu hosp,quantile,0.8,4.251640929702092
12,2026-02-21,1,2026-02-28,wk inc flu hosp,quantile,0.8,2666.4303684793344
13,2026-02-21,1,2026-02-28,wk inc flu hosp,quantile,0.8,495.7813200517383
15,2026-02-21,1,2026-02-28,wk inc flu hosp,quantile,0.8,18.4756392268699
16,2026-02-21,1,2026-02-28,wk inc flu hosp,quantile,0.8,90.30332635676605
17,2026-02-21,1,2026-02-28,wk inc flu hosp,quantile,0.8,502.8543799340773
18,2026-02-21,1,2026-02-28,wk inc flu hosp,quantile,0.8,227.26845323528204
19,2026-02-21,1,2026-02-28,wk inc flu hosp,quantile,0.8,178.18218946320636
20,2026-02-21,1,2026-02-28,wk inc flu hosp,quantile,0.8,162.43849213769153
21,2026-02-21,1,2026-02-28,wk inc flu hosp,quantile,0.8,147.8607761446556
22,2026-02-21,1,2026-02-28,wk inc flu hosp,quantile,0.8,253.1746746080306
23,2026-02-21,1,2026-02-28,wk inc flu hosp,quantile,0.8,31.91495384203994
24,2026-02-21,1,2026-02-28,wk inc flu hosp,quantile,0.8,61.77076004755938
25,2026-02-21,1,2026-02-28,wk inc flu hosp,quantile,0.8,44.15281045933614
26,2026-02-21,1,2026-02-28,wk inc flu hosp,quantile,0.8,199.88586701921378
27,2026-02-21,1,2026-02-28,wk inc flu hosp,quantile,0.8,193.25159020268217
28,2026-02-21,1,2026-02-28,wk inc flu hosp,quantile,0.8,258.03456776135084
29,2026-02-21,1,2026-02-28,wk inc flu hosp,quantile,0.8,320.2391300712577
30,2026-02-21,1,2026-02-28,wk inc flu hosp,quantile,0.8,55.639928129255836
31,2026-02-21,1,2026-02-28,wk inc flu hosp,quantile,0.8,148.01776532876795
32,2026-02-21,1,2026-02-28,wk inc flu hosp,quantile,0.8,115.63338716030744
33,2026-02-21,1,2026-02-28,wk inc flu hosp,quantile,0.8,43.91758892793973
34,2026-02-21,1,2026-02-28,wk inc flu hosp,quantile,0.8,148.71364511033158
35,2026-02-21,1,2026-02-28,wk inc flu hosp,quantile,0.8,236.95078329110103
36,2026-02-21,1,2026-02-28,wk inc flu hosp,quantile,0.8,114.43567473475935
37,2026-02-21,1,2026-02-28,wk inc flu hosp,quantile,0.8,196.9080196276341
38,2026-02-21,1,2026-02-28,wk inc flu hosp,quantile,0.8,16.846993914508108
39,2026-02-21,1,2026-02-28,wk inc flu hosp,quantile,0.8,375.8096396992729
40,2026-02-21,1,2026-02-28,wk inc flu hosp,quantile,0.8,223.06296106117279
41,2026-02-21,1,2026-02-28,wk inc flu hosp,quantile,0.8,277.812867224733
42,2026-02-21,1,2026-02-28,wk inc flu hosp,quantile,0.8,622.3645043606424
44,2026-02-21,1,2026-02-28,wk inc flu hosp,quantile,0.8,8.012787828788728
45,2026-02-21,1,2026-02-28,wk inc flu hosp,quantile,0.8,215.17515268727954
46,2026-02-21,1,2026-02-28,wk inc flu hosp,quantile,0.8,28.149009549247133
47,2026-02-21,1,2026-02-28,wk inc flu hosp,quantile,0.8,302.6154743004085
48,2026-02-21,1,2026-02-28,wk inc flu hosp,quantile,0.8,1105.7493741000055
49,2026-02-21,1,2026-02-28,wk inc flu hosp,quantile,0.8,72.37754969343716
50,2026-02-21,1,2026-02-28,wk inc flu hosp,quantile,0.8,13.259197100838362
51,2026-02-21,1,2026-02-28,wk inc flu hosp,quantile,0.8,150.37212658797046
53,2026-02-21,1,2026-02-28,wk inc flu hosp,quantile,0.8,248.2132943801529
54,2026-02-21,1,2026-02-28,wk inc flu hosp,quantile,0.8,93.70450085621657
55,2026-02-21,1,2026-02-28,wk inc flu hosp,quantile,0.8,236.35804078907583
56,2026-02-21,1,2026-02-28,wk inc flu hosp,quantile,0.8,47.750506446858786
72,2026-02-21,1,2026-02-28,wk inc flu hosp,quantile,0.8,101.5752582830244
US,2026-02-21,1,2026-02-28,wk inc flu hosp,quantile,0.8,12176.119379320464
01,2026-02-21,2,2026-03-07,wk inc flu hosp,quantile,0.8,11.043452427268145
02,2026-02-21,2,2026-03-07,wk inc flu hosp,quantile,0.8,4.172516421223148
04,2026-02-21,2,2026-03-07,wk inc flu hosp,quantile,0.8,549.9173518268574
05,2026-02-21,2,2026-03-07,wk inc flu hosp,quantile,0.8,168.36441985625603
06,2026-02-21,2,2026-03-07,wk inc flu hosp,quantile,0.8,1400.7806715090403
08,2026-02-21,2,2026-03-07,wk inc flu hosp,quantile,0.8,110.69922585205487
09,2026-02-21,2,2026-03-07,wk inc flu hosp,quantile,0.8,11.861802406789106
10,2026-02-21,2,2026-03-07,wk inc flu hosp,quantile,0.8,7.977908569429503
11,2026-02-21,2,2026-03-07,wk inc flu hosp,quantile,0.8,3.7996323266845207
12,2026-02-21,2,2026-03-07,wk inc flu hosp,quantile,0.8,2621.4115705831923
13,2026-02-21,2,2026-03-07,wk inc flu hosp,quantile,0.8,471.0626610678281
15,2026-02-21,2,2026-03-07,wk inc flu hosp,quantile,0.8,17.11770412066965
16,2026-02-21,2,2026-03-07,wk inc flu hosp,quantile,0.8,84.12936636945784
17,2026-02-21,2,2026-03-07,wk inc flu hosp,quantile,0.8,475.61417637789793
18,2026-02-21,2,2026-03-07,wk inc flu hosp,quantile,0.8,199.82744745447152
19,2026-02-21,2,2026-03-07,wk inc flu hosp,quantile,0.8,163.4878578276731
20,2026-02-21,2,2026-03-07,wk inc flu hosp,quantile,0.8,147.45472513369566
21,2026-02-21,2,2026-03-07,wk inc flu hosp,quantile,0.8,129.936420560036
22,2026-02-21,2,2026-03-07,wk inc flu hosp,quantile,0.8,230.94354713813024
23,2026-02-21,2,2026-03-07,wk inc flu hosp,quantile,0.8,25.536989084584246
24,2026-02-21,2,2026-03-07,wk inc flu hosp,quantile,0.8,54.73071775375176
25,2026-02-21,2,2026-03-07,wk inc flu hosp,quantile,0.8,33.87888954581991
26,2026-02-21,2,2026-03-07,wk inc flu hosp,quantile,0.8,183.8853620733965
27,2026-02-21,2,2026-03-07,wk inc flu hosp,quantile,0.8,175.8481069312291
28,2026-02-21,2,2026-03-07,wk inc flu hosp,quantile,0.8,248.7888428227994
29,2026-02-21,2,2026-03-07,wk inc flu hosp,quantile,0.8,292.19123178986104
30,2026-02-21,2,2026-03-07,wk inc flu hosp,quantile,0.8,47.67720594376406
31,2026-02-21,2,2026-03-07,wk inc flu hosp,quantile,0.8,138.34780438538766
32,2026-02-21,2,2026-03-07,wk inc flu hosp,quantile,0.8,112.75717854289375
33,2026-02-21,2,2026-03-07,wk inc flu hosp,quantile,0.8,40.370915449799824
34,2026-02-21,2,2026-03-07,wk inc flu hosp,quantile,0.8,131.48344348869196
35,2026-02-21,2,2026-03-07,wk inc flu hosp,quantile,0.8,237.47397590630234
36,2026-02-21,2,2026-03-07,wk inc flu hosp,quantile,0.8,92.77675736854717
37,2026-02-21,2,2026-03-07,wk inc flu hosp,quantile,0.8,168.43486477154397
38,2026-02-21,2,2026-03-07,wk inc flu hosp,quantile,0.8,12.342458376627853
39,2026-02-21,2,2026-03-07,wk inc flu hosp,quantile,0.8,340.95681066998355
40,2026-02-21,2,2026-03-07,wk inc flu hosp,quantile,0.8,215.68802440490973
41,2026-02-21,2,2026-03-07,wk inc flu hosp,quantile,0.8,244.73943229909844
42,2026-02-21,2,2026-03-07,wk inc flu hosp,quantile,0.8,562.3085175132101
44,2026-02-21,2,2026-03-07,wk inc flu hosp,quantile,0.8,5.8709364073298165
45,2026-02-21,2,2026-03-07,wk inc flu hosp,quantile,0.8,198.58634445013433
46,2026-02-21,2,2026-03-07,wk inc flu hosp,quantile,0.8,22.917699838827186
47,2026-02-21,2,2026-03-07,wk inc flu hosp,quantile,0.8,279.41507888846377
48,2026-02-21,2,2026-03-07,wk inc flu hosp,quantile,0.8,1051.4591347594665
49,2026-02-21,2,2026-03-07,wk inc flu hosp,quantile,0.8,68.93922053658079
50,2026-02-21,2,2026-03-07,wk inc flu hosp,quantile,0.8,11.017666358740088
51,2026-02-21,2,2026-03-07,wk inc flu hosp,quantile,0.8,116.45937704462665
53,2026-02-21,2,2026-03-07,wk inc flu hosp,quantile,0.8,221.6997715434888
54,2026-02-21,2,2026-03-07,wk inc flu hosp,quantile,0.8,78.80428230543473
55,2026-02-21,2,2026-03-07,wk inc flu hosp,quantile,0.8,219.67325570468932
56,2026-02-21,2,2026-03-07,wk inc flu hosp,quantile,0.8,46.336428164884346
72,2026-02-21,2,2026-03-07,wk inc flu hosp,quantile,0.8,89.38099577350057
US,2026-02-21,2,2026-03-07,wk inc flu hosp,quantile,0.8,11362.513884607875
01,2026-02-21,3,2026-03-14,wk inc flu hosp,quantile,0.8,9.684176073464066
02,2026-02-21,3,2026-03-14,wk inc flu hosp,quantile,0.8,3.6449546774663784
04,2026-02-21,3,2026-03-14,wk inc flu hosp,quantile,0.8,561.5250106507932
05,2026-02-21,3,2026-03-14,wk inc flu hosp,quantile,0.8,161.62655716562855
06,2026-02-21,3,2026-03-14,wk inc flu hosp,quantile,0.8,1269.887297962743
08,2026-02-21,3,2026-03-14,wk inc flu hosp,quantile,0.8,106.7225450455733
09,2026-02-21,3,2026-03-14,wk inc flu hosp,quantile,0.8,9.759666557315859
10,2026-02-21,3,2026-03-14,wk inc flu hosp,quantile,0.8,5.971841594846107
11,2026-02-21,3,2026-03-14,wk inc flu hosp,quantile,0.8,3.4461690078277916
12,2026-02-21,3,2026-03-14,wk inc flu hosp,quantile,0.8,2623.134989747088
13,2026-02-21,3,2026-03-14,wk inc flu hosp,quantile,0.8,476.0849635587613
15,2026-02-21,3,2026-03-14,wk inc flu hosp,quantile,0.8,16.259248992697437
16,2026-02-21,3,2026-03-14,wk inc flu hosp,quantile,0.8,79.52215562949826
17,2026-02-21,3,2026-03-14,wk inc flu hosp,quantile,0.8,461.285833016157
18,2026-02-21,3,2026-03-14,wk inc flu hosp,quantile,0.8,182.81083391520022
19,2026-02-21,3,2026-03-14,wk inc flu hosp,quantile,0.8,146.4882676052542
20,2026-02-21,3,2026-03-14,wk inc flu hosp,quantile,0.8,135.8080555537085
21,2026-02-21,3,2026-03-14,wk inc flu hosp,quantile,0.8,114.57496726604221
22,2026-02-21,3,2026-03-14,wk inc flu hosp,quantile,0.8,215.4371059678642
23,2026-02-21,3,2026-03-14,wk inc flu hosp,quantile,0.8,22.907531920206345
24,2026-02-21,3,2026-03-14,wk inc flu hosp,quantile,0.8,51.08332494623824
25,2026-02-21,3,2026-03-14,wk inc flu hosp,quantile,0.8,29.148375644792647
26,2026-02-21,3,2026-03-14,wk inc flu hosp,quantile,0.8,171.41861678122777
27,2026-02-21,3,2026-03-14,wk inc flu hosp,quantile,0.8,169.7893731385313
28,2026-02-21,3,2026-03-14,wk inc flu hosp,quantile,0.8,247.48753115237892
29,2026-02-21,3,2026-03-14,wk inc flu hosp,quantile,0.8,260.0027868584178
30,2026-02-21,3,2026-03-14,wk inc flu hosp,quantile,0.8,44.052315272820444
31,2026-02-21,3,2026-03-14,wk inc flu hosp,quantile,0.8,135.74755188959483
32,2026-02-21,3,2026-03-14,wk inc flu hosp,quantile,0.8,111.14674432013834
33,2026-02-21,3,2026-03-14,wk inc flu hosp,quantile,0.8,37.57317799225975
34,2026-02-21,3,2026-03-14,wk inc flu hosp,quantile,0.8,123.43238056634104
35,2026-02-21,3,2026-03-14,wk inc flu hosp,quantile,0.8,237.94619175647153
36,2026-02-21,3,2026-03-14,wk inc flu hosp,quantile,0.8,79.68435235476511
37,2026-02-21,3,2026-03-14,wk inc flu hosp,quantile,0.8,141.43045658015572
38,2026-02-21,3,2026-03-14,wk inc flu hosp,quantile,0.8,10.04478856822301
39,2026-02-21,3,2026-03-14,wk inc flu hosp,quantile,0.8,318.9736121955438
40,2026-02-21,3,2026-03-14,wk inc flu hosp,quantile,0.8,210.27990020665095
41,2026-02-21,3,2026-03-14,wk inc flu hosp,quantile,0.8,229.37586464823377
42,2026-02-21,3,2026-03-14,wk inc flu hosp,quantile,0.8,533.9899053614521
44,2026-02-21,3,2026-03-14,wk inc flu hosp,quantile,0.8,4.939027846325171
45,2026-02-21,3,2026-03-14,wk inc flu hosp,quantile,0.8,187.65417957155657
46,2026-02-21,3,2026-03-14,wk inc flu hosp,quantile,0.8,19.91873807616863
47,2026-02-21,3,2026-03-14,wk inc flu hosp,quantile,0.8,265.9595716959331
48,2026-02-21,3,2026-03-14,wk inc flu hosp,quantile,0.8,1012.259225751315
49,2026-02-21,3,2026-03-14,wk inc flu hosp,quantile,0.8,66.78806834171942
50,2026-02-21,3,2026-03-14,wk inc flu hosp,quantile,0.8,10.051847177766703
51,2026-02-21,3,2026-03-14,wk inc flu hosp,quantile,0.8,99.25954101807075
53,2026-02-21,3,2026-03-14,wk inc flu hosp,quantile,0.8,205.33194404252708
54,2026-02-21,3,2026-03-14,wk inc flu hosp,quantile,0.8,72.18712829673802
55,2026-02-21,3,2026-03-14,wk inc flu hosp,quantile,0.8,209.8358763062074
56,2026-02-21,3,2026-03-14,wk inc flu hosp,quantile,0.8,46.115310798987224
72,2026-02-21,3,2026-03-14,wk inc flu hosp,quantile,0.8,80.69449879296592
US,2026-02-21,3,2026-03-14,wk inc flu hosp,quantile,0.8,10710.03285867633
01,2026-02-21,0,2026-02-21,wk inc flu hosp,quantile,0.85,18.625290594993242
02,2026-02-21,0,2026-02-21,wk inc flu hosp,quantile,0.85,7.375796854659255
04,2026-02-21,0,2026-02-21,wk inc flu hosp,quantile,0.85,520.187710547691
05,2026-02-21,0,2026-02-21,wk inc flu hosp,quantile,0.85,193.56052173665572
06,2026-02-21,0,2026-02-21,wk inc flu hosp,quantile,0.85,1690.3250413891456
08,2026-02-21,0,2026-02-21,wk inc flu hosp,quantile,0.85,125.37565794586776
09,2026-02-21,0,2026-02-21,wk inc flu hosp,quantile,0.85,24.55042444883348
10,2026-02-21,0,2026-02-21,wk inc flu hosp,quantile,0.85,20.334036847458563
11,2026-02-21,0,2026-02-21,wk inc flu hosp,quantile,0.85,4.87639605377072
12,2026-02-21,0,2026-02-21,wk inc flu hosp,quantile,0.85,2512.339207894063
13,2026-02-21,0,2026-02-21,wk inc flu hosp,quantile,0.85,482.46918979007853
15,2026-02-21,0,2026-02-21,wk inc flu hosp,quantile,0.85,20.181287570744466
16,2026-02-21,0,2026-02-21,wk inc flu hosp,quantile,0.85,100.73820790697604
17,2026-02-21,0,2026-02-21,wk inc flu hosp,quantile,0.85,533.1352112138865
18,2026-02-21,0,2026-02-21,wk inc flu hosp,quantile,0.85,285.25864839741445
19,2026-02-21,0,2026-02-21,wk inc flu hosp,quantile,0.85,195.3605274844059
20,2026-02-21,0,2026-02-21,wk inc flu hosp,quantile,0.85,182.89260020918977
21,2026-02-21,0,2026-02-21,wk inc flu hosp,quantile,0.85,175.52425958439466
22,2026-02-21,0,2026-02-21,wk inc flu hosp,quantile,0.85,282.65649059991483
23,2026-02-21,0,2026-02-21,wk inc flu hosp,quantile,0.85,39.55970361572334
24,2026-02-21,0,2026-02-21,wk inc flu hosp,quantile,0.85,68.01336484533812
25,2026-02-21,0,2026-02-21,wk inc flu hosp,quantile,0.85,60.98461745923631
26,2026-02-21,0,2026-02-21,wk inc flu hosp,quantile,0.85,218.5386613461282
27,2026-02-21,0,2026-02-21,wk inc flu hosp,quantile,0.85,209.11681795429234
28,2026-02-21,0,2026-02-21,wk inc flu hosp,quantile,0.85,248.24379583306347
29,2026-02-21,0,2026-02-21,wk inc flu hosp,quantile,0.85,350.74824891359276
30,2026-02-21,0,2026-02-21,wk inc flu hosp,quantile,0.85,67.71089681372514
31,2026-02-21,0,2026-02-21,wk inc flu hosp,quantile,0.85,151.78045358980273
32,2026-02-21,0,2026-02-21,wk inc flu hosp,quantile,0.85,122.75179853094308
33,2026-02-21,0,2026-02-21,wk inc flu hosp,quantile,0.85,52.734096864916374
34,2026-02-21,0,2026-02-21,wk inc flu hosp,quantile,0.85,164.29375784028767
35,2026-02-21,0,2026-02-21,wk inc flu hosp,quantile,0.85,218.89000104029301
36,2026-02-21,0,2026-02-21,wk inc flu hosp,quantile,0.85,149.72859069845953
37,2026-02-21,0,2026-02-21,wk inc flu hosp,quantile,0.85,251.419656275682
38,2026-02-21,0,2026-02-21,wk inc flu hosp,quantile,0.85,24.310013778692316
39,2026-02-21,0,2026-02-21,wk inc flu hosp,quantile,0.85,420.98988283670155
40,2026-02-21,0,2026-02-21,wk inc flu hosp,quantile,0.85,240.25040807073722
41,2026-02-21,0,2026-02-21,wk inc flu hosp,quantile,0.85,330.3474912184962
42,2026-02-21,0,2026-02-21,wk inc flu hosp,quantile,0.85,695.7845920396161
44,2026-02-21,0,2026-02-21,wk inc flu hosp,quantile,0.85,10.885492840817363
45,2026-02-21,0,2026-02-21,wk inc flu hosp,quantile,0.85,248.61518926573447
46,2026-02-21,0,2026-02-21,wk inc flu hosp,quantile,0.85,34.86461141541638
47,2026-02-21,0,2026-02-21,wk inc flu hosp,quantile,0.85,333.19826979653726
48,2026-02-21,0,2026-02-21,wk inc flu hosp,quantile,0.85,1229.2256663903413
49,2026-02-21,0,2026-02-21,wk inc flu hosp,quantile,0.85,77.94843407344025
50,2026-02-21,0,2026-02-21,wk inc flu hosp,quantile,0.85,16.05270505489272
51,2026-02-21,0,2026-02-21,wk inc flu hosp,quantile,0.85,195.28237868749005
53,2026-02-21,0,2026-02-21,wk inc flu hosp,quantile,0.85,294.88392063070427
54,2026-02-21,0,2026-02-21,wk inc flu hosp,quantile,0.85,117.29274760881286
55,2026-02-21,0,2026-02-21,wk inc flu hosp,quantile,0.85,255.79527518875383
56,2026-02-21,0,2026-02-21,wk inc flu hosp,quantile,0.85,48.39560903908942
72,2026-02-21,0,2026-02-21,wk inc flu hosp,quantile,0.85,120.04869636148324
US,2026-02-21,0,2026-02-21,wk inc flu hosp,quantile,0.85,13265.33126707669
01,2026-02-21,1,2026-02-28,wk inc flu hosp,quantile,0.85,14.846610826219491
02,2026-02-21,1,2026-02-28,wk inc flu hosp,quantile,0.85,5.733841275593831
04,2026-02-21,1,2026-02-28,wk inc flu hosp,quantile,0.85,580.0433676699182
05,2026-02-21,1,2026-02-28,wk inc flu hosp,quantile,0.85,187.8433823236351
06,2026-02-21,1,2026-02-28,wk inc flu hosp,quantile,0.85,1552.5472275796437
08,2026-02-21,1,2026-02-28,wk inc flu hosp,quantile,0.85,118.2314865098058
09,2026-02-21,1,2026-02-28,wk inc flu hosp,quantile,0.85,17.541006563089145
10,2026-02-21,1,2026-02-28,wk inc flu hosp,quantile,0.85,14.18623056573601
11,2026-02-21,1,2026-02-28,wk inc flu hosp,quantile,0.85,4.325621167473652
12,2026-02-21,1,2026-02-28,wk inc flu hosp,quantile,0.85,2688.6736357155723
13,2026-02-21,1,2026-02-28,wk inc flu hosp,quantile,0.85,499.9391438319059
15,2026-02-21,1,2026-02-28,wk inc flu hosp,quantile,0.85,18.632760060200912
16,2026-02-21,1,2026-02-28,wk inc flu hosp,quantile,0.85,95.92015317119582
17,2026-02-21,1,2026-02-28,wk inc flu hosp,quantile,0.85,503.8235340720698
18,2026-02-21,1,2026-02-28,wk inc flu hosp,quantile,0.85,252.03858734234643
19,2026-02-21,1,2026-02-28,wk inc flu hosp,quantile,0.85,180.6218648411602
20,2026-02-21,1,2026-02-28,wk inc flu hosp,quantile,0.85,165.94623477733157
21,2026-02-21,1,2026-02-28,wk inc flu hosp,quantile,0.85,150.1495123243263
22,2026-02-21,1,2026-02-28,wk inc flu hosp,quantile,0.85,259.44291523466995
23,2026-02-21,1,2026-02-28,wk inc flu hosp,quantile,0.85,32.76665559606933
24,2026-02-21,1,2026-02-28,wk inc flu hosp,quantile,0.85,62.460942048423206
25,2026-02-21,1,2026-02-28,wk inc flu hosp,quantile,0.85,46.54522986828039
26,2026-02-21,1,2026-02-28,wk inc flu hosp,quantile,0.85,200.05784701960488
27,2026-02-21,1,2026-02-28,wk inc flu hosp,quantile,0.85,195.66971368676536
28,2026-02-21,1,2026-02-28,wk inc flu hosp,quantile,0.85,263.51697935227116
29,2026-02-21,1,2026-02-28,wk inc flu hosp,quantile,0.85,322.72567040487144
30,2026-02-21,1,2026-02-28,wk inc flu hosp,quantile,0.85,60.011431694104544
31,2026-02-21,1,2026-02-28,wk inc flu hosp,quantile,0.85,148.07454962541823
32,2026-02-21,1,2026-02-28,wk inc flu hosp,quantile,0.85,125.0809721157855
33,2026-02-21,1,2026-02-28,wk inc flu hosp,quantile,0.85,53.98869045439393
34,2026-02-21,1,2026-02-28,wk inc flu hosp,quantile,0.85,149.14143847373015
35,2026-02-21,1,2026-02-28,wk inc flu hosp,quantile,0.85,262.02750630170414
36,2026-02-21,1,2026-02-28,wk inc flu hosp,quantile,0.85,119.23806643271043
37,2026-02-21,1,2026-02-28,wk inc flu hosp,quantile,0.85,207.03917431568425
38,2026-02-21,1,2026-02-28,wk inc flu hosp,quantile,0.85,18.49178698295858
39,2026-02-21,1,2026-02-28,wk inc flu hosp,quantile,0.85,381.36151757359073
40,2026-02-21,1,2026-02-28,wk inc flu hosp,quantile,0.85,234.4743122946587
41,2026-02-21,1,2026-02-28,wk inc flu hosp,quantile,0.85,299.1372721806669
42,2026-02-21,1,2026-02-28,wk inc flu hosp,quantile,0.85,638.3199312689298
44,2026-02-21,1,2026-02-28,wk inc flu hosp,quantile,0.85,8.281182234945483
45,2026-02-21,1,2026-02-28,wk inc flu hosp,quantile,0.85,232.31084524807193
46,2026-02-21,1,2026-02-28,wk inc flu hosp,quantile,0.85,29.459977896986274
47,2026-02-21,1,2026-02-28,wk inc flu hosp,quantile,0.85,316.9639729505921
48,2026-02-21,1,2026-02-28,wk inc flu hosp,quantile,0.85,1157.088828465572
49,2026-02-21,1,2026-02-28,wk inc flu hosp,quantile,0.85,78.56768177413892
50,2026-02-21,1,2026-02-28,wk inc flu hosp,quantile,0.85,13.718658881849526
51,2026-02-21,1,2026-02-28,wk inc flu hosp,quantile,0.85,160.04904862440125
53,2026-02-21,1,2026-02-28,wk inc flu hosp,quantile,0.85,266.14287889763904
54,2026-02-21,1,2026-02-28,wk inc flu hosp,quantile,0.85,101.71433481888607
55,2026-02-21,1,2026-02-28,wk inc flu hosp,quantile,0.85,238.34986892916388
56,2026-02-21,1,2026-02-28,wk inc flu hosp,quantile,0.85,55.69170579957576
72,2026-02-21,1,2026-02-28,wk inc flu hosp,quantile,0.85,103.01006012396053
US,2026-02-21,1,2026-02-28,wk inc flu hosp,quantile,0.85,12383.14554425975
01,2026-02-21,2,2026-03-07,wk inc flu hosp,quantile,0.85,12.72607846768256
02,2026-02-21,2,2026-03-07,wk inc flu hosp,quantile,0.85,4.509256868412552
04,2026-02-21,2,2026-03-07,wk inc flu hosp,quantile,0.85,604.4454679225674
05,2026-02-21,2,2026-03-07,wk inc flu hosp,quantile,0.85,179.37978747018528
06,2026-02-21,2,2026-03-07,wk inc flu hosp,quantile,0.85,1409.8327609949758
08,2026-02-21,2,2026-03-07,wk inc flu hosp,quantile,0.85,110.87306193665519
09,2026-02-21,2,2026-03-07,wk inc flu hosp,quantile,0.85,13.377023673909703
10,2026-02-21,2,2026-03-07,wk inc flu hosp,quantile,0.85,9.560363203133647
11,2026-02-21,2,2026-03-07,wk inc flu hosp,quantile,0.85,3.8022882159930824
12,2026-02-21,2,2026-03-07,wk inc flu hosp,quantile,0.85,2687.1821917398443
13,2026-02-21,2,2026-03-07,wk inc flu hosp,quantile,0.85,496.40228057390175
15,2026-02-21,2,2026-03-07,wk inc flu hosp,quantile,0.85,17.298633298538142
16,2026-02-21,2,2026-03-07,wk inc flu hosp,quantile,0.85,90.96725311101113
17,2026-02-21,2,2026-03-07,wk inc flu hosp,quantile,0.85,480.29431363433594
18,2026-02-21,2,2026-03-07,wk inc flu hosp,quantile,0.85,226.87145963278022
19,2026-02-21,2,2026-03-07,wk inc flu hosp,quantile,0.85,167.34235407237156
20,2026-02-21,2,2026-03-07,wk inc flu hosp,quantile,0.85,155.16053135224448
21,2026-02-21,2,2026-03-07,wk inc flu hosp,quantile,0.85,130.28005215436735
22,2026-02-21,2,2026-03-07,wk inc flu hosp,quantile,0.85,241.70808854463198
23,2026-02-21,2,2026-03-07,wk inc flu hosp,quantile,0.85,27.79423472103574
24,2026-02-21,2,2026-03-07,wk inc flu hosp,quantile,0.85,55.56653148943923
25,2026-02-21,2,2026-03-07,wk inc flu hosp,quantile,0.85,36.69032401431704
26,2026-02-21,2,2026-03-07,wk inc flu hosp,quantile,0.85,184.15591113597952
27,2026-02-21,2,2026-03-07,wk inc flu hosp,quantile,0.85,181.26488133632526
28,2026-02-21,2,2026-03-07,wk inc flu hosp,quantile,0.85,260.2747219976416
29,2026-02-21,2,2026-03-07,wk inc flu hosp,quantile,0.85,293.9448539659545
30,2026-02-21,2,2026-03-07,wk inc flu hosp,quantile,0.85,54.06160010030016
31,2026-02-21,2,2026-03-07,wk inc flu hosp,quantile,0.85,142.88943431733654
32,2026-02-21,2,2026-03-07,wk inc flu hosp,quantile,0.85,123.2035610186792
33,2026-02-21,2,2026-03-07,wk inc flu hosp,quantile,0.85,50.292918911454294
34,2026-02-21,2,2026-03-07,wk inc flu hosp,quantile,0.85,131.7015840425876
35,2026-02-21,2,2026-03-07,wk inc flu hosp,quantile,0.85,269.08109909306864
36,2026-02-21,2,2026-03-07,wk inc flu hosp,quantile,0.85,97.1457522051586
37,2026-02-21,2,2026-03-07,wk inc flu hosp,quantile,0.85,175.36305375318148
38,2026-02-21,2,2026-03-07,wk inc flu hosp,quantile,0.85,13.908042791809411
39,2026-02-21,2,2026-03-07,wk inc flu hosp,quantile,0.85,341.24929231584446
40,2026-02-21,2,2026-03-07,wk inc flu hosp,quantile,0.85,226.19609417643434
41,2026-02-21,2,2026-03-07,wk inc flu hosp,quantile,0.85,273.8058186563283
42,2026-02-21,2,2026-03-07,wk inc flu hosp,quantile,0.85,570.9747201424658
44,2026-02-21,2,2026-03-07,wk inc flu hosp,quantile,0.85,6.5000183845863155
45,2026-02-21,2,2026-03-07,wk inc flu hosp,quantile,0.85,218.03380960997242
46,2026-02-21,2,2026-03-07,wk inc flu hosp,quantile,0.85,25.196238518171114
47,2026-02-21,2,2026-03-07,wk inc flu hosp,quantile,0.85,297.33355944724497
48,2026-02-21,2,2026-03-07,wk inc flu hosp,quantile,0.85,1107.3306237312788
49,2026-02-21,2,2026-03-07,wk inc flu hosp,quantile,0.85,76.67509178547711
50,2026-02-21,2,2026-03-07,wk inc flu hosp,quantile,0.85,12.0756846752264
51,2026-02-21,2,2026-03-07,wk inc flu hosp,quantile,0.85,130.63872653825146
53,2026-02-21,2,2026-03-07,wk inc flu hosp,quantile,0.85,241.24639069460932
54,2026-02-21,2,2026-03-07,wk inc flu hosp,quantile,0.85,90.21415061436238
55,2026-02-21,2,2026-03-07,wk inc flu hosp,quantile,0.85,224.7899892589427
56,2026-02-21,2,2026-03-07,wk inc flu hosp,quantile,0.85,55.79502087131298
72,2026-02-21,2,2026-03-07,wk inc flu hosp,quantile,0.85,92.38922192568864
US,2026-02-21,2,2026-03-07,wk inc flu hosp,quantile,0.85,11647.735428123817
01,2026-02-21,3,2026-03-14,wk inc flu hosp,quantile,0.85,11.806327846660372
02,2026-02-21,3,2026-03-14,wk inc flu hosp,quantile,0.85,4.179169065870837
04,2026-02-21,3,2026-03-14,wk inc flu hosp,quantile,0.85,623.1735880454822
05,2026-02-21,3,2026-03-14,wk inc flu hosp,quantile,0.85,175.99664540181004
06,2026-02-21,3,2026-03-14,wk inc flu hosp,quantile,0.85,1375.0682307601917
08,2026-02-21,3,2026-03-14,wk inc flu hosp,quantile,0.85,108.37683470703855
09,2026-02-21,3,2026-03-14,wk inc flu hosp,quantile,0.85,11.989247555052435
10,2026-02-21,3,2026-03-14,wk inc flu hosp,quantile,0.85,8.281876512771559
11,2026-02-21,3,2026-03-14,wk inc flu hosp,quantile,0.85,3.610113288116233
12,2026-02-21,3,2026-03-14,wk inc flu hosp,quantile,0.85,2751.341867222144
13,2026-02-21,3,2026-03-14,wk inc flu hosp,quantile,0.85,514.6801810122374
15,2026-02-21,3,2026-03-14,wk inc flu hosp,quantile,0.85,16.655849185930524
16,2026-02-21,3,2026-03-14,wk inc flu hosp,quantile,0.85,89.23161392171609
17,2026-02-21,3,2026-03-14,wk inc flu hosp,quantile,0.85,473.9955547926832
18,2026-02-21,3,2026-03-14,wk inc flu hosp,quantile,0.85,219.6832020233994
19,2026-02-21,3,2026-03-14,wk inc flu hosp,quantile,0.85,160.25557325562957
20,2026-02-21,3,2026-03-14,wk inc flu hosp,quantile,0.85,149.60117253806646
21,2026-02-21,3,2026-03-14,wk inc flu hosp,quantile,0.85,123.99312617741765
22,2026-02-21,3,2026-03-14,wk inc flu hosp,quantile,0.85,234.52320343659966
23,2026-02-21,3,2026-03-14,wk inc flu hosp,quantile,0.85,26.12053412308723
24,2026-02-21,3,2026-03-14,wk inc flu hosp,quantile,0.85,52.563452589185864
25,2026-02-21,3,2026-03-14,wk inc flu hosp,quantile,0.85,34.04765729778037
26,2026-02-21,3,2026-03-14,wk inc flu hosp,quantile,0.85,178.1209667895207
27,2026-02-21,3,2026-03-14,wk inc flu hosp,quantile,0.85,173.38412508495193
28,2026-02-21,3,2026-03-14,wk inc flu hosp,quantile,0.85,263.96190916928066
29,2026-02-21,3,2026-03-14,wk inc flu hosp,quantile,0.85,279.82123543934176
30,2026-02-21,3,2026-03-14,wk inc flu hosp,quantile,0.85,52.22454787538704
31,2026-02-21,3,2026-03-14,wk inc flu hosp,quantile,0.85,141.55343630808818
32,2026-02-21,3,2026-03-14,wk inc flu hosp,quantile,0.85,124.79371696528328
33,2026-02-21,3,2026-03-14,wk inc flu hosp,quantile,0.85,48.90356936880187
34,2026-02-21,3,2026-03-14,wk inc flu hosp,quantile,0.85,124.6687032795568
35,2026-02-21,3,2026-03-14,wk inc flu hosp,quantile,0.85,278.4549401498485
36,2026-02-21,3,2026-03-14,wk inc flu hosp,quantile,0.85,89.58194764914145
37,2026-02-21,3,2026-03-14,wk inc flu hosp,quantile,0.85,164.7061234900255
38,2026-02-21,3,2026-03-14,wk inc flu hosp,quantile,0.85,12.587983845910024
39,2026-02-21,3,2026-03-14,wk inc flu hosp,quantile,0.85,325.01219186884475
40,2026-02-21,3,2026-03-14,wk inc flu hosp,quantile,0.85,223.3838489680108
41,2026-02-21,3,2026-03-14,wk inc flu hosp,quantile,0.85,266.47752163247344
42,2026-02-21,3,2026-03-14,wk inc flu hosp,quantile,0.85,543.3760656773159
44,2026-02-21,3,2026-03-14,wk inc flu hosp,quantile,0.85,5.802102875146102
45,2026-02-21,3,2026-03-14,wk inc flu hosp,quantile,0.85,213.187248031638
46,2026-02-21,3,2026-03-14,wk inc flu hosp,quantile,0.85,23.53457360851341
47,2026-02-21,3,2026-03-14,wk inc flu hosp,quantile,0.85,290.66863439236124
48,2026-02-21,3,2026-03-14,wk inc flu hosp,quantile,0.85,1083.0038599829993
49,2026-02-21,3,2026-03-14,wk inc flu hosp,quantile,0.85,76.56965559065969
50,2026-02-21,3,2026-03-14,wk inc flu hosp,quantile,0.85,11.531941742405914
51,2026-02-21,3,2026-03-14,wk inc flu hosp,quantile,0.85,121.64457221399627
53,2026-02-21,3,2026-03-14,wk inc flu hosp,quantile,0.85,235.06369744047566
54,2026-02-21,3,2026-03-14,wk inc flu hosp,quantile,0.85,85.83672796402197
55,2026-02-21,3,2026-03-14,wk inc flu hosp,quantile,0.85,221.05529234967048
56,2026-02-21,3,2026-03-14,wk inc flu hosp,quantile,0.85,55.92267242367799
72,2026-02-21,3,2026-03-14,wk inc flu hosp,quantile,0.85,88.01602832431925
US,2026-02-21,3,2026-03-14,wk inc flu hosp,quantile,0.85,11408.941714773846
01,2026-02-21,0,2026-02-21,wk inc flu hosp,quantile,0.9,27.803447435756024
02,2026-02-21,0,2026-02-21,wk inc flu hosp,quantile,0.9,8.135782620439926
04,2026-02-21,0,2026-02-21,wk inc flu hosp,quantile,0.9,537.2627508240188
05,2026-02-21,0,2026-02-21,wk inc flu hosp,quantile,0.9,207.13145900289652
06,2026-02-21,0,2026-02-21,wk inc flu hosp,quantile,0.9,1787.2797663695362
08,2026-02-21,0,2026-02-21,wk inc flu hosp,quantile,0.9,126.92399984397335
09,2026-02-21,0,2026-02-21,wk inc flu hosp,quantile,0.9,26.504536386873863
10,2026-02-21,0,2026-02-21,wk inc flu hosp,quantile,0.9,21.048037488111863
11,2026-02-21,0,2026-02-21,wk inc flu hosp,quantile,0.9,5.016707647716052
12,2026-02-21,0,2026-02-21,wk inc flu hosp,quantile,0.9,2539.3070985596923
13,2026-02-21,0,2026-02-21,wk inc flu hosp,quantile,0.9,484.31731557883796
15,2026-02-21,0,2026-02-21,wk inc flu hosp,quantile,0.9,20.20403027733328
16,2026-02-21,0,2026-02-21,wk inc flu hosp,quantile,0.9,105.72669324004355
17,2026-02-21,0,2026-02-21,wk inc flu hosp,quantile,0.9,537.4773703563578
18,2026-02-21,0,2026-02-21,wk inc flu hosp,quantile,0.9,310.81164418545575
19,2026-02-21,0,2026-02-21,wk inc flu hosp,quantile,0.9,196.9176548661044
20,2026-02-21,0,2026-02-21,wk inc flu hosp,quantile,0.9,187.57366001219864
21,2026-02-21,0,2026-02-21,wk inc flu hosp,quantile,0.9,184.71705198239843
22,2026-02-21,0,2026-02-21,wk inc flu hosp,quantile,0.9,286.8809747985192
23,2026-02-21,0,2026-02-21,wk inc flu hosp,quantile,0.9,40.5050259989915
24,2026-02-21,0,2026-02-21,wk inc flu hosp,quantile,0.9,68.79914381385083
25,2026-02-21,0,2026-02-21,wk inc flu hosp,quantile,0.9,65.85620324238155
26,2026-02-21,0,2026-02-21,wk inc flu hosp,quantile,0.9,220.31804429925137
27,2026-02-21,0,2026-02-21,wk inc flu hosp,quantile,0.9,210.75387953545504
28,2026-02-21,0,2026-02-21,wk inc flu hosp,quantile,0.9,259.79595977169646
29,2026-02-21,0,2026-02-21,wk inc flu hosp,quantile,0.9,355.92499709342377
30,2026-02-21,0,2026-02-21,wk inc flu hosp,quantile,0.9,72.86340738108471
31,2026-02-21,0,2026-02-21,wk inc flu hosp,quantile,0.9,156.7585720086756
32,2026-02-21,0,2026-02-21,wk inc flu hosp,quantile,0.9,127.79024288759341
33,2026-02-21,0,2026-02-21,wk inc flu hosp,quantile,0.9,59.798422846648
34,2026-02-21,0,2026-02-21,wk inc flu hosp,quantile,0.9,164.79022990994773
35,2026-02-21,0,2026-02-21,wk inc flu hosp,quantile,0.9,222.29120519694035
36,2026-02-21,0,2026-02-21,wk inc flu hosp,quantile,0.9,155.58556919419073
37,2026-02-21,0,2026-02-21,wk inc flu hosp,quantile,0.9,257.30423172507176
38,2026-02-21,0,2026-02-21,wk inc flu hosp,quantile,0.9,24.794754849634078
39,2026-02-21,0,2026-02-21,wk inc flu hosp,quantile,0.9,421.9306873685619
40,2026-02-21,0,2026-02-21,wk inc flu hosp,quantile,0.9,257.0152346936141
41,2026-02-21,0,2026-02-21,wk inc flu hosp,quantile,0.9,372.4838483321267
42,2026-02-21,0,2026-02-21,wk inc flu hosp,quantile,0.9,696.287883753474
44,2026-02-21,0,2026-02-21,wk inc flu hosp,quantile,0.9,11.010205956946363
45,2026-02-21,0,2026-02-21,wk inc flu hosp,quantile,0.9,256.4988070750085
46,2026-02-21,0,2026-02-21,wk inc flu hosp,quantile,0.9,37.62648337880853
47,2026-02-21,0,2026-02-21,wk inc flu hosp,quantile,0.9,354.2006724155818
48,2026-02-21,0,2026-02-21,wk inc flu hosp,quantile,0.9,1235.0736742229333
49,2026-02-21,0,2026-02-21,wk inc flu hosp,quantile,0.9,84.64812099762243
50,2026-02-21,0,2026-02-21,wk inc flu hosp,quantile,0.9,17.035743367789614
51,2026-02-21,0,2026-02-21,wk inc flu hosp,quantile,0.9,204.3703896544879
53,2026-02-21,0,2026-02-21,wk inc flu hosp,quantile,0.9,313.46261846568314
54,2026-02-21,0,2026-02-21,wk inc flu hosp,quantile,0.9,126.24311924180215
55,2026-02-21,0,2026-02-21,wk inc flu hosp,quantile,0.9,257.6691553472151
56,2026-02-21,0,2026-02-21,wk inc flu hosp,quantile,0.9,50.86839376487641
72,2026-02-21,0,2026-02-21,wk inc flu hosp,quantile,0.9,123.83158917483628
US,2026-02-21,0,2026-02-21,wk inc flu hosp,quantile,0.9,13374.434866727437
01,2026-02-21,1,2026-02-28,wk inc flu hosp,quantile,0.9,23.646624065658777
02,2026-02-21,1,2026-02-28,wk inc flu hosp,quantile,0.9,6.366829446046789
04,2026-02-21,1,2026-02-28,wk inc flu hosp,quantile,0.9,600.8387397318224
05,2026-02-21,1,2026-02-28,wk inc flu hosp,quantile,0.9,201.78477002587266
06,2026-02-21,1,2026-02-28,wk inc flu hosp,quantile,0.9,1679.306192643545
08,2026-02-21,1,2026-02-28,wk inc flu hosp,quantile,0.9,119.43766793774495
09,2026-02-21,1,2026-02-28,wk inc flu hosp,quantile,0.9,19.528346089567453
10,2026-02-21,1,2026-02-28,wk inc flu hosp,quantile,0.9,15.030647118786
11,2026-02-21,1,2026-02-28,wk inc flu hosp,quantile,0.9,4.363840504371343
12,2026-02-21,1,2026-02-28,wk inc flu hosp,quantile,0.9,2703.5749068667938
13,2026-02-21,1,2026-02-28,wk inc flu hosp,quantile,0.9,502.6241972256311
15,2026-02-21,1,2026-02-28,wk inc flu hosp,quantile,0.9,18.76830464039949
16,2026-02-21,1,2026-02-28,wk inc flu hosp,quantile,0.9,100.02796691611269
17,2026-02-21,1,2026-02-28,wk inc flu hosp,quantile,0.9,508.93157014826977
18,2026-02-21,1,2026-02-28,wk inc flu hosp,quantile,0.9,278.8872640805516
19,2026-02-21,1,2026-02-28,wk inc flu hosp,quantile,0.9,182.91635459560123
20,2026-02-21,1,2026-02-28,wk inc flu hosp,quantile,0.9,172.18687605120405
21,2026-02-21,1,2026-02-28,wk inc flu hosp,quantile,0.9,156.629750951765
22,2026-02-21,1,2026-02-28,wk inc flu hosp,quantile,0.9,265.3517266211089
23,2026-02-21,1,2026-02-28,wk inc flu hosp,quantile,0.9,32.827994309748746
24,2026-02-21,1,2026-02-28,wk inc flu hosp,quantile,0.9,63.39314855660683
25,2026-02-21,1,2026-02-28,wk inc flu hosp,quantile,0.9,49.32386604977233
26,2026-02-21,1,2026-02-28,wk inc flu hosp,quantile,0.9,202.79655077210373
27,2026-02-21,1,2026-02-28,wk inc flu hosp,quantile,0.9,196.84591363344794
28,2026-02-21,1,2026-02-28,wk inc flu hosp,quantile,0.9,275.1723923880641
29,2026-02-21,1,2026-02-28,wk inc flu hosp,quantile,0.9,329.13298631818594
30,2026-02-21,1,2026-02-28,wk inc flu hosp,quantile,0.9,65.39531149256356
31,2026-02-21,1,2026-02-28,wk inc flu hosp,quantile,0.9,156.6685437200441
32,2026-02-21,1,2026-02-28,wk inc flu hosp,quantile,0.9,130.6112186087609
33,2026-02-21,1,2026-02-28,wk inc flu hosp,quantile,0.9,73.5925369295121
34,2026-02-21,1,2026-02-28,wk inc flu hosp,quantile,0.9,154.90561199834036
35,2026-02-21,1,2026-02-28,wk inc flu hosp,quantile,0.9,264.5141328660091
36,2026-02-21,1,2026-02-28,wk inc flu hosp,quantile,0.9,123.04333960058187
37,2026-02-21,1,2026-02-28,wk inc flu hosp,quantile,0.9,211.38805586163338
38,2026-02-21,1,2026-02-28,wk inc flu hosp,quantile,0.9,19.20570299844832
39,2026-02-21,1,2026-02-28,wk inc flu hosp,quantile,0.9,385.59550340805265
40,2026-02-21,1,2026-02-28,wk inc flu hosp,quantile,0.9,251.66419699506085
41,2026-02-21,1,2026-02-28,wk inc flu hosp,quantile,0.9,335.95976560735284
42,2026-02-21,1,2026-02-28,wk inc flu hosp,quantile,0.9,651.954426686784
44,2026-02-21,1,2026-02-28,wk inc flu hosp,quantile,0.9,8.493613835115962
45,2026-02-21,1,2026-02-28,wk inc flu hosp,quantile,0.9,239.02348527505606
46,2026-02-21,1,2026-02-28,wk inc flu hosp,quantile,0.9,31.463547855693836
47,2026-02-21,1,2026-02-28,wk inc flu hosp,quantile,0.9,339.82544997813386
48,2026-02-21,1,2026-02-28,wk inc flu hosp,quantile,0.9,1176.239402824661
49,2026-02-21,1,2026-02-28,wk inc flu hosp,quantile,0.9,84.6183314712641
50,2026-02-21,1,2026-02-28,wk inc flu hosp,quantile,0.9,14.300821007749443
51,2026-02-21,1,2026-02-28,wk inc flu hosp,quantile,0.9,166.28663802461708
53,2026-02-21,1,2026-02-28,wk inc flu hosp,quantile,0.9,294.14917161902184
54,2026-02-21,1,2026-02-28,wk inc flu hosp,quantile,0.9,109.43094433469702
55,2026-02-21,1,2026-02-28,wk inc flu hosp,quantile,0.9,239.3336579883892
56,2026-02-21,1,2026-02-28,wk inc flu hosp,quantile,0.9,67.97211018873809
72,2026-02-21,1,2026-02-28,wk inc flu hosp,quantile,0.9,106.95744894704178
US,2026-02-21,1,2026-02-28,wk inc flu hosp,quantile,0.9,12443.474683811304
01,2026-02-21,2,2026-03-07,wk inc flu hosp,quantile,0.9,21.425191216761093
02,2026-02-21,2,2026-03-07,wk inc flu hosp,quantile,0.9,5.39535121662791
04,2026-02-21,2,2026-03-07,wk inc flu hosp,quantile,0.9,638.8636443070369
05,2026-02-21,2,2026-03-07,wk inc flu hosp,quantile,0.9,192.93395738881122
06,2026-02-21,2,2026-03-07,wk inc flu hosp,quantile,0.9,1586.2380132120988
08,2026-02-21,2,2026-03-07,wk inc flu hosp,quantile,0.9,112.88732245614604
09,2026-02-21,2,2026-03-07,wk inc flu hosp,quantile,0.9,16.025050375229185
10,2026-02-21,2,2026-03-07,wk inc flu hosp,quantile,0.9,11.612038616113072
11,2026-02-21,2,2026-03-07,wk inc flu hosp,quantile,0.9,3.9370799749591026
12,2026-02-21,2,2026-03-07,wk inc flu hosp,quantile,0.9,2726.3879255439115
13,2026-02-21,2,2026-03-07,wk inc flu hosp,quantile,0.9,520.329281374451
15,2026-02-21,2,2026-03-07,wk inc flu hosp,quantile,0.9,17.365785355013468
16,2026-02-21,2,2026-03-07,wk inc flu hosp,quantile,0.9,94.12136961840699
17,2026-02-21,2,2026-03-07,wk inc flu hosp,quantile,0.9,483.08351158422977
18,2026-02-21,2,2026-03-07,wk inc flu hosp,quantile,0.9,259.2090263880987
19,2026-02-21,2,2026-03-07,wk inc flu hosp,quantile,0.9,170.87661609826196
20,2026-02-21,2,2026-03-07,wk inc flu hosp,quantile,0.9,161.5859479231167
21,2026-02-21,2,2026-03-07,wk inc flu hosp,quantile,0.9,141.12504412325086
22,2026-02-21,2,2026-03-07,wk inc flu hosp,quantile,0.9,249.6585590553755
23,2026-02-21,2,2026-03-07,wk inc flu hosp,quantile,0.9,28.388960903396402
24,2026-02-21,2,2026-03-07,wk inc flu hosp,quantile,0.9,56.31921637053118
25,2026-02-21,2,2026-03-07,wk inc flu hosp,quantile,0.9,41.39025768368007
26,2026-02-21,2,2026-03-07,wk inc flu hosp,quantile,0.9,186.1854973625406
27,2026-02-21,2,2026-03-07,wk inc flu hosp,quantile,0.9,182.84918766217302
28,2026-02-21,2,2026-03-07,wk inc flu hosp,quantile,0.9,281.082181845234
29,2026-02-21,2,2026-03-07,wk inc flu hosp,quantile,0.9,303.5243387493588
30,2026-02-21,2,2026-03-07,wk inc flu hosp,quantile,0.9,59.56723796599664
31,2026-02-21,2,2026-03-07,wk inc flu hosp,quantile,0.9,153.31751921091126
32,2026-02-21,2,2026-03-07,wk inc flu hosp,quantile,0.9,130.30539572817003
33,2026-02-21,2,2026-03-07,wk inc flu hosp,quantile,0.9,71.89151725721939
34,2026-02-21,2,2026-03-07,wk inc flu hosp,quantile,0.9,137.16910954434076
35,2026-02-21,2,2026-03-07,wk inc flu hosp,quantile,0.9,284.6555226099342
36,2026-02-21,2,2026-03-07,wk inc flu hosp,quantile,0.9,105.45372497115527
37,2026-02-21,2,2026-03-07,wk inc flu hosp,quantile,0.9,187.40839440889835
38,2026-02-21,2,2026-03-07,wk inc flu hosp,quantile,0.9,16.078501645898758
39,2026-02-21,2,2026-03-07,wk inc flu hosp,quantile,0.9,346.8493198191054
40,2026-02-21,2,2026-03-07,wk inc flu hosp,quantile,0.9,245.20223960726383
41,2026-02-21,2,2026-03-07,wk inc flu hosp,quantile,0.9,315.3719675231435
42,2026-02-21,2,2026-03-07,wk inc flu hosp,quantile,0.9,582.9693204943779
44,2026-02-21,2,2026-03-07,wk inc flu hosp,quantile,0.9,7.042626687375083
45,2026-02-21,2,2026-03-07,wk inc flu hosp,quantile,0.9,226.5377116436465
46,2026-02-21,2,2026-03-07,wk inc flu hosp,quantile,0.9,27.88455733816285
47,2026-02-21,2,2026-03-07,wk inc flu hosp,quantile,0.9,323.0299487723857
48,2026-02-21,2,2026-03-07,wk inc flu hosp,quantile,0.9,1140.456068880414
49,2026-02-21,2,2026-03-07,wk inc flu hosp,quantile,0.9,83.7629985009736
50,2026-02-21,2,2026-03-07,wk inc flu hosp,quantile,0.9,12.90610016448464
51,2026-02-21,2,2026-03-07,wk inc flu hosp,quantile,0.9,141.3030729174323
53,2026-02-21,2,2026-03-07,wk inc flu hosp,quantile,0.9,274.83300287981774
54,2026-02-21,2,2026-03-07,wk inc flu hosp,quantile,0.9,99.9811890950181
55,2026-02-21,2,2026-03-07,wk inc flu hosp,quantile,0.9,227.13539255122208
56,2026-02-21,2,2026-03-07,wk inc flu hosp,quantile,0.9,64.97731492266364
72,2026-02-21,2,2026-03-07,wk inc flu hosp,quantile,0.9,97.48585225852467
US,2026-02-21,2,2026-03-07,wk inc flu hosp,quantile,0.9,11691.018156088365
01,2026-02-21,3,2026-03-14,wk inc flu hosp,quantile,0.9,20.74366974315555
02,2026-02-21,3,2026-03-14,wk inc flu hosp,quantile,0.9,5.280363223962312
04,2026-02-21,3,2026-03-14,wk inc flu hosp,quantile,0.9,674.5357613333383
05,2026-02-21,3,2026-03-14,wk inc flu hosp,quantile,0.9,191.06463281629294
06,2026-02-21,3,2026-03-14,wk inc flu hosp,quantile,0.9,1575.5387144838521
08,2026-02-21,3,2026-03-14,wk inc flu hosp,quantile,0.9,112.15836615886381
09,2026-02-21,3,2026-03-14,wk inc flu hosp,quantile,0.9,15.77830958669483
10,2026-02-21,3,2026-03-14,wk inc flu hosp,quantile,0.9,11.087890895631483
11,2026-02-21,3,2026-03-14,wk inc flu hosp,quantile,0.9,3.9011320840001433
12,2026-02-21,3,2026-03-14,wk inc flu hosp,quantile,0.9,2842.9140299919272
13,2026-02-21,3,2026-03-14,wk inc flu hosp,quantile,0.9,552.8846281512192
15,2026-02-21,3,2026-03-14,wk inc flu hosp,quantile,0.9,17.01710075505797
16,2026-02-21,3,2026-03-14,wk inc flu hosp,quantile,0.9,93.35110264233379
17,2026-02-21,3,2026-03-14,wk inc flu hosp,quantile,0.9,476.72746366018197
18,2026-02-21,3,2026-03-14,wk inc flu hosp,quantile,0.9,257.2994629468042
19,2026-02-21,3,2026-03-14,wk inc flu hosp,quantile,0.9,167.37886113033605
20,2026-02-21,3,2026-03-14,wk inc flu hosp,quantile,0.9,158.41894519206676
21,2026-02-21,3,2026-03-14,wk inc flu hosp,quantile,0.9,137.2114072240588
22,2026-02-21,3,2026-03-14,wk inc flu hosp,quantile,0.9,244.50918702606168
23,2026-02-21,3,2026-03-14,wk inc flu hosp,quantile,0.9,27.52329342668607
24,2026-02-21,3,2026-03-14,wk inc flu hosp,quantile,0.9,54.73618407401988
25,2026-02-21,3,2026-03-14,wk inc flu hosp,quantile,0.9,40.07553923096921
26,2026-02-21,3,2026-03-14,wk inc flu hosp,quantile,0.9,182.99678893470988
27,2026-02-21,3,2026-03-14,wk inc flu hosp,quantile,0.9,176.522192691554
28,2026-02-21,3,2026-03-14,wk inc flu hosp,quantile,0.9,289.9721160203467
29,2026-02-21,3,2026-03-14,wk inc flu hosp,quantile,0.9,296.3066712003547
30,2026-02-21,3,2026-03-14,wk inc flu hosp,quantile,0.9,58.80622645643954
31,2026-02-21,3,2026-03-14,wk inc flu hosp,quantile,0.9,152.7062823549982
32,2026-02-21,3,2026-03-14,wk inc flu hosp,quantile,0.9,133.93516881180082
33,2026-02-21,3,2026-03-14,wk inc flu hosp,quantile,0.9,72.40080265369632
34,2026-02-21,3,2026-03-14,wk inc flu hosp,quantile,0.9,128.29776088606252
35,2026-02-21,3,2026-03-14,wk inc flu hosp,quantile,0.9,301.4767183159792
36,2026-02-21,3,2026-03-14,wk inc flu hosp,quantile,0.9,103.42225821478164
37,2026-02-21,3,2026-03-14,wk inc flu hosp,quantile,0.9,182.01570790767093
38,2026-02-21,3,2026-03-14,wk inc flu hosp,quantile,0.9,15.576399783502463
39,2026-02-21,3,2026-03-14,wk inc flu hosp,quantile,0.9,333.5941988179767
40,2026-02-21,3,2026-03-14,wk inc flu hosp,quantile,0.9,245.72096968103617
41,2026-02-21,3,2026-03-14,wk inc flu hosp,quantile,0.9,309.5020865452378
42,2026-02-21,3,2026-03-14,wk inc flu hosp,quantile,0.9,557.6146764018522
44,2026-02-21,3,2026-03-14,wk inc flu hosp,quantile,0.9,6.791245968039444
45,2026-02-21,3,2026-03-14,wk inc flu hosp,quantile,0.9,225.61102042843382
46,2026-02-21,3,2026-03-14,wk inc flu hosp,quantile,0.9,27.28225699156422
47,2026-02-21,3,2026-03-14,wk inc flu hosp,quantile,0.9,317.5840709102114
48,2026-02-21,3,2026-03-14,wk inc flu hosp,quantile,0.9,1127.8493158982396
49,2026-02-21,3,2026-03-14,wk inc flu hosp,quantile,0.9,86.3936170192281
50,2026-02-21,3,2026-03-14,wk inc flu hosp,quantile,0.9,12.587076850667485
51,2026-02-21,3,2026-03-14,wk inc flu hosp,quantile,0.9,139.21177144407702
53,2026-02-21,3,2026-03-14,wk inc flu hosp,quantile,0.9,273.4122163839562
54,2026-02-21,3,2026-03-14,wk inc flu hosp,quantile,0.9,96.65330335324414
55,2026-02-21,3,2026-03-14,wk inc flu hosp,quantile,0.9,223.0443034728527
56,2026-02-21,3,2026-03-14,wk inc flu hosp,quantile,0.9,67.5406136255321
72,2026-02-21,3,2026-03-14,wk inc flu hosp,quantile,0.9,95.85496821063505
US,2026-02-21,3,2026-03-14,wk inc flu hosp,quantile,0.9,11451.074841986652
01,2026-02-21,0,2026-02-21,wk inc flu hosp,quantile,0.95,31.181812208457966
02,2026-02-21,0,2026-02-21,wk inc flu hosp,quantile,0.95,9.234161304563063
04,2026-02-21,0,2026-02-21,wk inc flu hosp,quantile,0.95,549.2048058823452
05,2026-02-21,0,2026-02-21,wk inc flu hosp,quantile,0.95,214.33434846675127
06,2026-02-21,0,2026-02-21,wk inc flu hosp,quantile,0.95,1806.150813127639
08,2026-02-21,0,2026-02-21,wk inc flu hosp,quantile,0.95,133.94981756912003
09,2026-02-21,0,2026-02-21,wk inc flu hosp,quantile,0.95,31.070389518292643
10,2026-02-21,0,2026-02-21,wk inc flu hosp,quantile,0.95,22.351292346071094
11,2026-02-21,0,2026-02-21,wk inc flu hosp,quantile,0.95,5.959281725896814
12,2026-02-21,0,2026-02-21,wk inc flu hosp,quantile,0.95,2578.7927218175105
13,2026-02-21,0,2026-02-21,wk inc flu hosp,quantile,0.95,511.0903679165672
15,2026-02-21,0,2026-02-21,wk inc flu hosp,quantile,0.95,21.443063479418964
16,2026-02-21,0,2026-02-21,wk inc flu hosp,quantile,0.95,107.73327453650177
17,2026-02-21,0,2026-02-21,wk inc flu hosp,quantile,0.95,551.8898889218526
18,2026-02-21,0,2026-02-21,wk inc flu hosp,quantile,0.95,314.4208163849206
19,2026-02-21,0,2026-02-21,wk inc flu hosp,quantile,0.95,200.66349125146195
20,2026-02-21,0,2026-02-21,wk inc flu hosp,quantile,0.95,187.6289711517298
21,2026-02-21,0,2026-02-21,wk inc flu hosp,quantile,0.95,187.29579891485398
22,2026-02-21,0,2026-02-21,wk inc flu hosp,quantile,0.95,287.2122162211687
23,2026-02-21,0,2026-02-21,wk inc flu hosp,quantile,0.95,41.76607253471936
24,2026-02-21,0,2026-02-21,wk inc flu hosp,quantile,0.95,75.9432501004851
25,2026-02-21,0,2026-02-21,wk inc flu hosp,quantile,0.95,73.08088114758795
26,2026-02-21,0,2026-02-21,wk inc flu hosp,quantile,0.95,240.21468714281752
27,2026-02-21,0,2026-02-21,wk inc flu hosp,quantile,0.95,213.2761191328233
28,2026-02-21,0,2026-02-21,wk inc flu hosp,quantile,0.95,269.58619174539905
29,2026-02-21,0,2026-02-21,wk inc flu hosp,quantile,0.95,362.30795404889574
30,2026-02-21,0,2026-02-21,wk inc flu hosp,quantile,0.95,76.25007942721322
31,2026-02-21,0,2026-02-21,wk inc flu hosp,quantile,0.95,161.40789059808117
32,2026-02-21,0,2026-02-21,wk inc flu hosp,quantile,0.95,134.71920686254236
33,2026-02-21,0,2026-02-21,wk inc flu hosp,quantile,0.95,68.73463310324756
34,2026-02-21,0,2026-02-21,wk inc flu hosp,quantile,0.95,177.26028109083913
35,2026-02-21,0,2026-02-21,wk inc flu hosp,quantile,0.95,234.63665230450897
36,2026-02-21,0,2026-02-21,wk inc flu hosp,quantile,0.95,182.68900076801225
37,2026-02-21,0,2026-02-21,wk inc flu hosp,quantile,0.95,261.1869119906358
38,2026-02-21,0,2026-02-21,wk inc flu hosp,quantile,0.95,26.59396279782084
39,2026-02-21,0,2026-02-21,wk inc flu hosp,quantile,0.95,430.7702992224557
40,2026-02-21,0,2026-02-21,wk inc flu hosp,quantile,0.95,266.22405745121176
41,2026-02-21,0,2026-02-21,wk inc flu hosp,quantile,0.95,393.5257510702201
42,2026-02-21,0,2026-02-21,wk inc flu hosp,quantile,0.95,729.631439780488
44,2026-02-21,0,2026-02-21,wk inc flu hosp,quantile,0.95,12.927592238698143
45,2026-02-21,0,2026-02-21,wk inc flu hosp,quantile,0.95,258.59413317265046
46,2026-02-21,0,2026-02-21,wk inc flu hosp,quantile,0.95,39.31158594347035
47,2026-02-21,0,2026-02-21,wk inc flu hosp,quantile,0.95,362.6494339043501
48,2026-02-21,0,2026-02-21,wk inc flu hosp,quantile,0.95,1240.7125092068359
49,2026-02-21,0,2026-02-21,wk inc flu hosp,quantile,0.95,88.70574536956696
50,2026-02-21,0,2026-02-21,wk inc flu hosp,quantile,0.95,18.08429916461956
51,2026-02-21,0,2026-02-21,wk inc flu hosp,quantile,0.95,204.42505375827278
53,2026-02-21,0,2026-02-21,wk inc flu hosp,quantile,0.95,325.548090471898
54,2026-02-21,0,2026-02-21,wk inc flu hosp,quantile,0.95,136.87073334620234
55,2026-02-21,0,2026-02-21,wk inc flu hosp,quantile,0.95,259.07435081814765
56,2026-02-21,0,2026-02-21,wk inc flu hosp,quantile,0.95,58.17674970368455
72,2026-02-21,0,2026-02-21,wk inc flu hosp,quantile,0.95,134.57602287188138
US,2026-02-21,0,2026-02-21,wk inc flu hosp,quantile,0.95,13383.269446717191
01,2026-02-21,1,2026-02-28,wk inc flu hosp,quantile,0.95,26.04063024435065
02,2026-02-21,1,2026-02-28,wk inc flu hosp,quantile,0.95,7.709333029895929
04,2026-02-21,1,2026-02-28,wk inc flu hosp,quantile,0.95,638.187241570795
05,2026-02-21,1,2026-02-28,wk inc flu hosp,quantile,0.95,210.71933437182687
06,2026-02-21,1,2026-02-28,wk inc flu hosp,quantile,0.95,1701.8926171146386
08,2026-02-21,1,2026-02-28,wk inc flu hosp,quantile,0.95,126.78614504642931
09,2026-02-21,1,2026-02-28,wk inc flu hosp,quantile,0.95,25.931382775406526
10,2026-02-21,1,2026-02-28,wk inc flu hosp,quantile,0.95,16.488111665506164
11,2026-02-21,1,2026-02-28,wk inc flu hosp,quantile,0.95,5.55931615101143
12,2026-02-21,1,2026-02-28,wk inc flu hosp,quantile,0.95,2704.6140896001266
13,2026-02-21,1,2026-02-28,wk inc flu hosp,quantile,0.95,545.474809000072
15,2026-02-21,1,2026-02-28,wk inc flu hosp,quantile,0.95,20.159626920519184
16,2026-02-21,1,2026-02-28,wk inc flu hosp,quantile,0.95,101.72874624125429
17,2026-02-21,1,2026-02-28,wk inc flu hosp,quantile,0.95,514.9550220776048
18,2026-02-21,1,2026-02-28,wk inc flu hosp,quantile,0.95,289.49592715597447
19,2026-02-21,1,2026-02-28,wk inc flu hosp,quantile,0.95,184.68450900507875
20,2026-02-21,1,2026-02-28,wk inc flu hosp,quantile,0.95,173.66919092228676
21,2026-02-21,1,2026-02-28,wk inc flu hosp,quantile,0.95,161.06585551155112
22,2026-02-21,1,2026-02-28,wk inc flu hosp,quantile,0.95,267.3638025057244
23,2026-02-21,1,2026-02-28,wk inc flu hosp,quantile,0.95,34.55083192688099
24,2026-02-21,1,2026-02-28,wk inc flu hosp,quantile,0.95,70.94204551639346
25,2026-02-21,1,2026-02-28,wk inc flu hosp,quantile,0.95,60.94514337781006
26,2026-02-21,1,2026-02-28,wk inc flu hosp,quantile,0.95,223.88387267627223
27,2026-02-21,1,2026-02-28,wk inc flu hosp,quantile,0.95,201.99780196022826
28,2026-02-21,1,2026-02-28,wk inc flu hosp,quantile,0.95,283.2157532730633
29,2026-02-21,1,2026-02-28,wk inc flu hosp,quantile,0.95,333.33082904811585
30,2026-02-21,1,2026-02-28,wk inc flu hosp,quantile,0.95,68.4708030826703
31,2026-02-21,1,2026-02-28,wk inc flu hosp,quantile,0.95,161.05040875719058
32,2026-02-21,1,2026-02-28,wk inc flu hosp,quantile,0.95,137.86144156641794
33,2026-02-21,1,2026-02-28,wk inc flu hosp,quantile,0.95,80.07068266984963
34,2026-02-21,1,2026-02-28,wk inc flu hosp,quantile,0.95,161.67296650032978
35,2026-02-21,1,2026-02-28,wk inc flu hosp,quantile,0.95,266.8373673948165
36,2026-02-21,1,2026-02-28,wk inc flu hosp,quantile,0.95,161.98032126154504
37,2026-02-21,1,2026-02-28,wk inc flu hosp,quantile,0.95,214.6303347888004
38,2026-02-21,1,2026-02-28,wk inc flu hosp,quantile,0.95,21.731794110079313
39,2026-02-21,1,2026-02-28,wk inc flu hosp,quantile,0.95,392.21059624275944
40,2026-02-21,1,2026-02-28,wk inc flu hosp,quantile,0.95,261.30913910416865
41,2026-02-21,1,2026-02-28,wk inc flu hosp,quantile,0.95,380.8680446999711
42,2026-02-21,1,2026-02-28,wk inc flu hosp,quantile,0.95,655.8557458147559
44,2026-02-21,1,2026-02-28,wk inc flu hosp,quantile,0.95,10.737863535112913
45,2026-02-21,1,2026-02-28,wk inc flu hosp,quantile,0.95,242.54155583653267
46,2026-02-21,1,2026-02-28,wk inc flu hosp,quantile,0.95,33.47821187422989
47,2026-02-21,1,2026-02-28,wk inc flu hosp,quantile,0.95,347.1352628832423
48,2026-02-21,1,2026-02-28,wk inc flu hosp,quantile,0.95,1200.8291768932709
49,2026-02-21,1,2026-02-28,wk inc flu hosp,quantile,0.95,88.10694764360534
50,2026-02-21,1,2026-02-28,wk inc flu hosp,quantile,0.95,15.774088231481482
51,2026-02-21,1,2026-02-28,wk inc flu hosp,quantile,0.95,167.95989446448192
53,2026-02-21,1,2026-02-28,wk inc flu hosp,quantile,0.95,313.0405816458432
54,2026-02-21,1,2026-02-28,wk inc flu hosp,quantile,0.95,120.33592243764679
55,2026-02-21,1,2026-02-28,wk inc flu hosp,quantile,0.95,241.3455453891736
56,2026-02-21,1,2026-02-28,wk inc flu hosp,quantile,0.95,80.96304861582044
72,2026-02-21,1,2026-02-28,wk inc flu hosp,quantile,0.95,120.55221398206949
US,2026-02-21,1,2026-02-28,wk inc flu hosp,quantile,0.95,12511.232649827178
01,2026-02-21,2,2026-03-07,wk inc flu hosp,quantile,0.95,21.74228912631238
02,2026-02-21,2,2026-03-07,wk inc flu hosp,quantile,0.95,7.3326132785831994
04,2026-02-21,2,2026-03-07,wk inc flu hosp,quantile,0.95,683.7117998552933
05,2026-02-21,2,2026-03-07,wk inc flu hosp,quantile,0.95,210.68394839931426
06,2026-02-21,2,2026-03-07,wk inc flu hosp,quantile,0.95,1661.6884773993304
08,2026-02-21,2,2026-03-07,wk inc flu hosp,quantile,0.95,125.48588226077204
09,2026-02-21,2,2026-03-07,wk inc flu hosp,quantile,0.95,24.600453295186494
10,2026-02-21,2,2026-03-07,wk inc flu hosp,quantile,0.95,15.569972249667362
11,2026-02-21,2,2026-03-07,wk inc flu hosp,quantile,0.95,5.425239288857628
12,2026-02-21,2,2026-03-07,wk inc flu hosp,quantile,0.95,2739.0330286705457
13,2026-02-21,2,2026-03-07,wk inc flu hosp,quantile,0.95,564.3121205191422
15,2026-02-21,2,2026-03-07,wk inc flu hosp,quantile,0.95,19.653198550349245
16,2026-02-21,2,2026-03-07,wk inc flu hosp,quantile,0.95,98.65964835853522
17,2026-02-21,2,2026-03-07,wk inc flu hosp,quantile,0.95,508.3326077961193
18,2026-02-21,2,2026-03-07,wk inc flu hosp,quantile,0.95,276.2295559397321
19,2026-02-21,2,2026-03-07,wk inc flu hosp,quantile,0.95,180.0681014072209
20,2026-02-21,2,2026-03-07,wk inc flu hosp,quantile,0.95,169.716851767505
21,2026-02-21,2,2026-03-07,wk inc flu hosp,quantile,0.95,155.69183609617266
22,2026-02-21,2,2026-03-07,wk inc flu hosp,quantile,0.95,259.2310831365043
23,2026-02-21,2,2026-03-07,wk inc flu hosp,quantile,0.95,32.96637181561991
24,2026-02-21,2,2026-03-07,wk inc flu hosp,quantile,0.95,69.0437249107666
25,2026-02-21,2,2026-03-07,wk inc flu hosp,quantile,0.95,57.72194197495853
26,2026-02-21,2,2026-03-07,wk inc flu hosp,quantile,0.95,216.7385786740164
27,2026-02-21,2,2026-03-07,wk inc flu hosp,quantile,0.95,193.31042060075535
28,2026-02-21,2,2026-03-07,wk inc flu hosp,quantile,0.95,288.47813225540443
29,2026-02-21,2,2026-03-07,wk inc flu hosp,quantile,0.95,325.3021931189442
30,2026-02-21,2,2026-03-07,wk inc flu hosp,quantile,0.95,65.1889759679906
31,2026-02-21,2,2026-03-07,wk inc flu hosp,quantile,0.95,162.2571401908694
32,2026-02-21,2,2026-03-07,wk inc flu hosp,quantile,0.95,136.59044822912475
33,2026-02-21,2,2026-03-07,wk inc flu hosp,quantile,0.95,96.46195232185512
34,2026-02-21,2,2026-03-07,wk inc flu hosp,quantile,0.95,157.45510031713806
35,2026-02-21,2,2026-03-07,wk inc flu hosp,quantile,0.95,285.9262483346386
36,2026-02-21,2,2026-03-07,wk inc flu hosp,quantile,0.95,154.46675512489935
37,2026-02-21,2,2026-03-07,wk inc flu hosp,quantile,0.95,204.99387760822032
38,2026-02-21,2,2026-03-07,wk inc flu hosp,quantile,0.95,20.877116705600177
39,2026-02-21,2,2026-03-07,wk inc flu hosp,quantile,0.95,373.85858379029025
40,2026-02-21,2,2026-03-07,wk inc flu hosp,quantile,0.95,261.7411924104989
41,2026-02-21,2,2026-03-07,wk inc flu hosp,quantile,0.95,370.7696161467617
42,2026-02-21,2,2026-03-07,wk inc flu hosp,quantile,0.95,634.3706136145261
44,2026-02-21,2,2026-03-07,wk inc flu hosp,quantile,0.95,10.224118568809342
45,2026-02-21,2,2026-03-07,wk inc flu hosp,quantile,0.95,234.03861965021676
46,2026-02-21,2,2026-03-07,wk inc flu hosp,quantile,0.95,32.418445618697675
47,2026-02-21,2,2026-03-07,wk inc flu hosp,quantile,0.95,336.0920427722593
48,2026-02-21,2,2026-03-07,wk inc flu hosp,quantile,0.95,1156.7281644229238
49,2026-02-21,2,2026-03-07,wk inc flu hosp,quantile,0.95,85.28317480506712
50,2026-02-21,2,2026-03-07,wk inc flu hosp,quantile,0.95,15.189323717931837
51,2026-02-21,2,2026-03-07,wk inc flu hosp,quantile,0.95,161.16401323724247
53,2026-02-21,2,2026-03-07,wk inc flu hosp,quantile,0.95,307.72461781574236
54,2026-02-21,2,2026-03-07,wk inc flu hosp,quantile,0.95,117.68632922804066
55,2026-02-21,2,2026-03-07,wk inc flu hosp,quantile,0.95,236.19666316784188
56,2026-02-21,2,2026-03-07,wk inc flu hosp,quantile,0.95,93.89180475353972
72,2026-02-21,2,2026-03-07,wk inc flu hosp,quantile,0.95,117.43272954144517
US,2026-02-21,2,2026-03-07,wk inc flu hosp,quantile,0.95,12212.418692173593
01,2026-02-21,3,2026-03-14,wk inc flu hosp,quantile,0.95,22.982774993063853
02,2026-02-21,3,2026-03-14,wk inc flu hosp,quantile,0.95,7.714822400307636
04,2026-02-21,3,2026-03-14,wk inc flu hosp,quantile,0.95,735.2968042683244
05,2026-02-21,3,2026-03-14,wk inc flu hosp,quantile,0.95,215.11013583559492
06,2026-02-21,3,2026-03-14,wk inc flu hosp,quantile,0.95,1707.4083737423205
08,2026-02-21,3,2026-03-14,wk inc flu hosp,quantile,0.95,129.4690175735411
09,2026-02-21,3,2026-03-14,wk inc flu hosp,quantile,0.95,26.50596966974228
10,2026-02-21,3,2026-03-14,wk inc flu hosp,quantile,0.95,16.294526307320876
11,2026-02-21,3,2026-03-14,wk inc flu hosp,quantile,0.95,5.753345198266277
12,2026-02-21,3,2026-03-14,wk inc flu hosp,quantile,0.95,2874.1727182507498
13,2026-02-21,3,2026-03-14,wk inc flu hosp,quantile,0.95,596.3377145645518
15,2026-02-21,3,2026-03-14,wk inc flu hosp,quantile,0.95,20.417194666701953
16,2026-02-21,3,2026-03-14,wk inc flu hosp,quantile,0.95,100.96279805209845
17,2026-02-21,3,2026-03-14,wk inc flu hosp,quantile,0.95,523.0853535564377
18,2026-02-21,3,2026-03-14,wk inc flu hosp,quantile,0.95,283.4956490488955
19,2026-02-21,3,2026-03-14,wk inc flu hosp,quantile,0.95,183.791296014966
20,2026-02-21,3,2026-03-14,wk inc flu hosp,quantile,0.95,172.97111610677806
21,2026-02-21,3,2026-03-14,wk inc flu hosp,quantile,0.95,160.07310931943093
22,2026-02-21,3,2026-03-14,wk inc flu hosp,quantile,0.95,265.4960417874854
23,2026-02-21,3,2026-03-14,wk inc flu hosp,quantile,0.95,34.12365393296692
24,2026-02-21,3,2026-03-14,wk inc flu hosp,quantile,0.95,71.96712522284865
25,2026-02-21,3,2026-03-14,wk inc flu hosp,quantile,0.95,61.3805789063912
26,2026-02-21,3,2026-03-14,wk inc flu hosp,quantile,0.95,224.9796288152644
27,2026-02-21,3,2026-03-14,wk inc flu hosp,quantile,0.95,199.92809150001142
28,2026-02-21,3,2026-03-14,wk inc flu hosp,quantile,0.95,299.4508592323714
29,2026-02-21,3,2026-03-14,wk inc flu hosp,quantile,0.95,332.7063363503473
30,2026-02-21,3,2026-03-14,wk inc flu hosp,quantile,0.95,66.72587186987789
31,2026-02-21,3,2026-03-14,wk inc flu hosp,quantile,0.95,165.8363833189024
32,2026-02-21,3,2026-03-14,wk inc flu hosp,quantile,0.95,143.27983967739945
33,2026-02-21,3,2026-03-14,wk inc flu hosp,quantile,0.95,98.33644766368916
34,2026-02-21,3,2026-03-14,wk inc flu hosp,quantile,0.95,164.1484781582512
35,2026-02-21,3,2026-03-14,wk inc flu hosp,quantile,0.95,302.20420364839083
36,2026-02-21,3,2026-03-14,wk inc flu hosp,quantile,0.95,164.49536698251288
37,2026-02-21,3,2026-03-14,wk inc flu hosp,quantile,0.95,213.56799470747598
38,2026-02-21,3,2026-03-14,wk inc flu hosp,quantile,0.95,21.544039695484354
39,2026-02-21,3,2026-03-14,wk inc flu hosp,quantile,0.95,385.42651290352745
40,2026-02-21,3,2026-03-14,wk inc flu hosp,quantile,0.95,269.8152012036303
41,2026-02-21,3,2026-03-14,wk inc flu hosp,quantile,0.95,378.91994164753095
42,2026-02-21,3,2026-03-14,wk inc flu hosp,quantile,0.95,655.7310023725331
44,2026-02-21,3,2026-03-14,wk inc flu hosp,quantile,0.95,10.7670413653276
45,2026-02-21,3,2026-03-14,wk inc flu hosp,quantile,0.95,241.76535735109914
46,2026-02-21,3,2026-03-14,wk inc flu hosp,quantile,0.95,33.126198747923524
47,2026-02-21,3,2026-03-14,wk inc flu hosp,quantile,0.95,343.6069796465539
48,2026-02-21,3,2026-03-14,wk inc flu hosp,quantile,0.95,1185.411367645475
49,2026-02-21,3,2026-03-14,wk inc flu hosp,quantile,0.95,89.79783488054129
50,2026-02-21,3,2026-03-14,wk inc flu hosp,quantile,0.95,15.55141735038798
51,2026-02-21,3,2026-03-14,wk inc flu hosp,quantile,0.95,167.02139678122398
53,2026-02-21,3,2026-03-14,wk inc flu hosp,quantile,0.95,317.59029582866697
54,2026-02-21,3,2026-03-14,wk inc flu hosp,quantile,0.95,120.39122542022713
55,2026-02-21,3,2026-03-14,wk inc flu hosp,quantile,0.95,242.977443105836
56,2026-02-21,3,2026-03-14,wk inc flu hosp,quantile,0.95,96.78697349883132
72,2026-02-21,3,2026-03-14,wk inc flu hosp,quantile,0.95,121.46924079934358
US,2026-02-21,3,2026-03-14,wk inc flu hosp,quantile,0.95,12545.998308224556
01,2026-02-21,0,2026-02-21,wk inc flu hosp,quantile,0.975,47.14732245653602
02,2026-02-21,0,2026-02-21,wk inc flu hosp,quantile,0.975,11.713294388555763
04,2026-02-21,0,2026-02-21,wk inc flu hosp,quantile,0.975,565.5465925843818
05,2026-02-21,0,2026-02-21,wk inc flu hosp,quantile,0.975,223.44643671457618
06,2026-02-21,0,2026-02-21,wk inc flu hosp,quantile,0.975,1837.1308609129628
08,2026-02-21,0,2026-02-21,wk inc flu hosp,quantile,0.975,136.9726949073392
09,2026-02-21,0,2026-02-21,wk inc flu hosp,quantile,0.975,36.40649648902442
10,2026-02-21,0,2026-02-21,wk inc flu hosp,quantile,0.975,23.471892714717722
11,2026-02-21,0,2026-02-21,wk inc flu hosp,quantile,0.975,7.094564728144861
12,2026-02-21,0,2026-02-21,wk inc flu hosp,quantile,0.975,2593.055013661748
13,2026-02-21,0,2026-02-21,wk inc flu hosp,quantile,0.975,534.4675599057779
15,2026-02-21,0,2026-02-21,wk inc flu hosp,quantile,0.975,23.422365138580044
16,2026-02-21,0,2026-02-21,wk inc flu hosp,quantile,0.975,110.2902998806013
17,2026-02-21,0,2026-02-21,wk inc flu hosp,quantile,0.975,561.3086393543659
18,2026-02-21,0,2026-02-21,wk inc flu hosp,quantile,0.975,319.00998408995946
19,2026-02-21,0,2026-02-21,wk inc flu hosp,quantile,0.975,201.63944785388804
20,2026-02-21,0,2026-02-21,wk inc flu hosp,quantile,0.975,188.41247331108
21,2026-02-21,0,2026-02-21,wk inc flu hosp,quantile,0.975,200.16489613830845
22,2026-02-21,0,2026-02-21,wk inc flu hosp,quantile,0.975,289.9030200094377
23,2026-02-21,0,2026-02-21,wk inc flu hosp,quantile,0.975,46.05177395848508
24,2026-02-21,0,2026-02-21,wk inc flu hosp,quantile,0.975,84.06730971775784
25,2026-02-21,0,2026-02-21,wk inc flu hosp,quantile,0.975,83.27564126054381
26,2026-02-21,0,2026-02-21,wk inc flu hosp,quantile,0.975,260.2184154267558
27,2026-02-21,0,2026-02-21,wk inc flu hosp,quantile,0.975,224.45584779226192
28,2026-02-21,0,2026-02-21,wk inc flu hosp,quantile,0.975,278.10403557180695
29,2026-02-21,0,2026-02-21,wk inc flu hosp,quantile,0.975,371.8537057649348
30,2026-02-21,0,2026-02-21,wk inc flu hosp,quantile,0.975,76.82050398336091
31,2026-02-21,0,2026-02-21,wk inc flu hosp,quantile,0.975,167.05752019613362
32,2026-02-21,0,2026-02-21,wk inc flu hosp,quantile,0.975,141.31245866632418
33,2026-02-21,0,2026-02-21,wk inc flu hosp,quantile,0.975,76.46133237773792
34,2026-02-21,0,2026-02-21,wk inc flu hosp,quantile,0.975,193.56828333781286
35,2026-02-21,0,2026-02-21,wk inc flu hosp,quantile,0.975,234.87940520471145
36,2026-02-21,0,2026-02-21,wk inc flu hosp,quantile,0.975,207.35623545513477
37,2026-02-21,0,2026-02-21,wk inc flu hosp,quantile,0.975,261.90529607056135
38,2026-02-21,0,2026-02-21,wk inc flu hosp,quantile,0.975,27.780750916016753
39,2026-02-21,0,2026-02-21,wk inc flu hosp,quantile,0.975,455.45614662839887
40,2026-02-21,0,2026-02-21,wk inc flu hosp,quantile,0.975,276.4137362069168
41,2026-02-21,0,2026-02-21,wk inc flu hosp,quantile,0.975,397.58570022714844
42,2026-02-21,0,2026-02-21,wk inc flu hosp,quantile,0.975,764.1866356080649
44,2026-02-21,0,2026-02-21,wk inc flu hosp,quantile,0.975,14.421553173877458
45,2026-02-21,0,2026-02-21,wk inc flu hosp,quantile,0.975,259.4619635382173
46,2026-02-21,0,2026-02-21,wk inc flu hosp,quantile,0.975,40.54656666246797
47,2026-02-21,0,2026-02-21,wk inc flu hosp,quantile,0.975,368.462861970579
48,2026-02-21,0,2026-02-21,wk inc flu hosp,quantile,0.975,1269.1503081586416
49,2026-02-21,0,2026-02-21,wk inc flu hosp,quantile,0.975,92.96358868627516
50,2026-02-21,0,2026-02-21,wk inc flu hosp,quantile,0.975,20.01836114768838
51,2026-02-21,0,2026-02-21,wk inc flu hosp,quantile,0.975,212.45654997757381
53,2026-02-21,0,2026-02-21,wk inc flu hosp,quantile,0.975,332.02897875189626
54,2026-02-21,0,2026-02-21,wk inc flu hosp,quantile,0.975,142.97858876931363
55,2026-02-21,0,2026-02-21,wk inc flu hosp,quantile,0.975,266.84748164828056
56,2026-02-21,0,2026-02-21,wk inc flu hosp,quantile,0.975,67.34785400938661
72,2026-02-21,0,2026-02-21,wk inc flu hosp,quantile,0.975,140.87688050316092
US,2026-02-21,0,2026-02-21,wk inc flu hosp,quantile,0.975,13821.283291929498
01,2026-02-21,1,2026-02-28,wk inc flu hosp,quantile,0.975,40.18971061937092
02,2026-02-21,1,2026-02-28,wk inc flu hosp,quantile,0.975,10.59554295619018
04,2026-02-21,1,2026-02-28,wk inc flu hosp,quantile,0.975,692.3149665290672
05,2026-02-21,1,2026-02-28,wk inc flu hosp,quantile,0.975,227.62291826405283
06,2026-02-21,1,2026-02-28,wk inc flu hosp,quantile,0.975,1782.691868764365
08,2026-02-21,1,2026-02-28,wk inc flu hosp,quantile,0.975,134.52124942302848
09,2026-02-21,1,2026-02-28,wk inc flu hosp,quantile,0.975,33.34961577467171
10,2026-02-21,1,2026-02-28,wk inc flu hosp,quantile,0.975,19.169965259011512
11,2026-02-21,1,2026-02-28,wk inc flu hosp,quantile,0.975,6.883673680338078
12,2026-02-21,1,2026-02-28,wk inc flu hosp,quantile,0.975,2727.545938557817
13,2026-02-21,1,2026-02-28,wk inc flu hosp,quantile,0.975,596.7580597183548
15,2026-02-21,1,2026-02-28,wk inc flu hosp,quantile,0.975,22.63139893041436
16,2026-02-21,1,2026-02-28,wk inc flu hosp,quantile,0.975,107.3439101729324
17,2026-02-21,1,2026-02-28,wk inc flu hosp,quantile,0.975,542.5436718271048
18,2026-02-21,1,2026-02-28,wk inc flu hosp,quantile,0.975,307.9637235925282
19,2026-02-21,1,2026-02-28,wk inc flu hosp,quantile,0.975,190.34229074183062
20,2026-02-21,1,2026-02-28,wk inc flu hosp,quantile,0.975,178.23393030715408
21,2026-02-21,1,2026-02-28,wk inc flu hosp,quantile,0.975,182.7888414991797
22,2026-02-21,1,2026-02-28,wk inc flu hosp,quantile,0.975,272.2578162681329
23,2026-02-21,1,2026-02-28,wk inc flu hosp,quantile,0.975,40.7650081482475
24,2026-02-21,1,2026-02-28,wk inc flu hosp,quantile,0.975,81.56954811877874
25,2026-02-21,1,2026-02-28,wk inc flu hosp,quantile,0.975,75.77923266109454
26,2026-02-21,1,2026-02-28,wk inc flu hosp,quantile,0.975,251.06756015814545
27,2026-02-21,1,2026-02-28,wk inc flu hosp,quantile,0.975,214.0157650243269
28,2026-02-21,1,2026-02-28,wk inc flu hosp,quantile,0.975,298.60291757365303
29,2026-02-21,1,2026-02-28,wk inc flu hosp,quantile,0.975,351.7089198282042
30,2026-02-21,1,2026-02-28,wk inc flu hosp,quantile,0.975,71.98895999944112
31,2026-02-21,1,2026-02-28,wk inc flu hosp,quantile,0.975,168.50015762303084
32,2026-02-21,1,2026-02-28,wk inc flu hosp,quantile,0.975,146.65547752098428
33,2026-02-21,1,2026-02-28,wk inc flu hosp,quantile,0.975,82.04054916240408
34,2026-02-21,1,2026-02-28,wk inc flu hosp,quantile,0.975,185.1069442140783
35,2026-02-21,1,2026-02-28,wk inc flu hosp,quantile,0.975,267.76899141989486
36,2026-02-21,1,2026-02-28,wk inc flu hosp,quantile,0.975,196.340692081473
37,2026-02-21,1,2026-02-28,wk inc flu hosp,quantile,0.975,234.1367454441646
38,2026-02-21,1,2026-02-28,wk inc flu hosp,quantile,0.975,23.990770934126484
39,2026-02-21,1,2026-02-28,wk inc flu hosp,quantile,0.975,424.12223346507005
40,2026-02-21,1,2026-02-28,wk inc flu hosp,quantile,0.975,284.053661009909
41,2026-02-21,1,2026-02-28,wk inc flu hosp,quantile,0.975,394.81838597358393
42,2026-02-21,1,2026-02-28,wk inc flu hosp,quantile,0.975,717.4243463372861
44,2026-02-21,1,2026-02-28,wk inc flu hosp,quantile,0.975,12.69901542168775
45,2026-02-21,1,2026-02-28,wk inc flu hosp,quantile,0.975,254.06610091374884
46,2026-02-21,1,2026-02-28,wk inc flu hosp,quantile,0.975,36.695198878401605
47,2026-02-21,1,2026-02-28,wk inc flu hosp,quantile,0.975,363.09969126067807
48,2026-02-21,1,2026-02-28,wk inc flu hosp,quantile,0.975,1215.7207417558918
49,2026-02-21,1,2026-02-28,wk inc flu hosp,quantile,0.975,94.28446116085141
50,2026-02-21,1,2026-02-28,wk inc flu hosp,quantile,0.975,18.129384242563397
51,2026-02-21,1,2026-02-28,wk inc flu hosp,quantile,0.975,190.01460067759498
53,2026-02-21,1,2026-02-28,wk inc flu hosp,quantile,0.975,332.490387528239
54,2026-02-21,1,2026-02-28,wk inc flu hosp,quantile,0.975,131.97841745790453
55,2026-02-21,1,2026-02-28,wk inc flu hosp,quantile,0.975,254.75389139138827
56,2026-02-21,1,2026-02-28,wk inc flu hosp,quantile,0.975,100.58700053728917
72,2026-02-21,1,2026-02-28,wk inc flu hosp,quantile,0.975,132.8709796139322
US,2026-02-21,1,2026-02-28,wk inc flu hosp,quantile,0.975,13347.06262746286
01,2026-02-21,2,2026-03-07,wk inc flu hosp,quantile,0.975,39.21295680015115
02,2026-02-21,2,2026-03-07,wk inc flu hosp,quantile,0.975,11.122874292254366
04,2026-02-21,2,2026-03-07,wk inc flu hosp,quantile,0.975,776.7909264525069
05,2026-02-21,2,2026-03-07,wk inc flu hosp,quantile,0.975,239.13515761010916
06,2026-02-21,2,2026-03-07,wk inc flu hosp,quantile,0.975,1834.8202779021663
08,2026-02-21,2,2026-03-07,wk inc flu hosp,quantile,0.975,141.1417153359923
09,2026-02-21,2,2026-03-07,wk inc flu hosp,quantile,0.975,35.81367458620578
10,2026-02-21,2,2026-03-07,wk inc flu hosp,quantile,0.975,20.213132894235372
11,2026-02-21,2,2026-03-07,wk inc flu hosp,quantile,0.975,7.516732707468936
12,2026-02-21,2,2026-03-07,wk inc flu hosp,quantile,0.975,2875.3601849237184
13,2026-02-21,2,2026-03-07,wk inc flu hosp,quantile,0.975,642.4289440492449
15,2026-02-21,2,2026-03-07,wk inc flu hosp,quantile,0.975,23.692745929737757
16,2026-02-21,2,2026-03-07,wk inc flu hosp,quantile,0.975,109.64240662118053
17,2026-02-21,2,2026-03-07,wk inc flu hosp,quantile,0.975,565.1810355030367
18,2026-02-21,2,2026-03-07,wk inc flu hosp,quantile,0.975,317.40792290288357
19,2026-02-21,2,2026-03-07,wk inc flu hosp,quantile,0.975,195.5182542161214
20,2026-02-21,2,2026-03-07,wk inc flu hosp,quantile,0.975,182.75399298711926
21,2026-02-21,2,2026-03-07,wk inc flu hosp,quantile,0.975,189.6757179348612
22,2026-02-21,2,2026-03-07,wk inc flu hosp,quantile,0.975,280.4736037540784
23,2026-02-21,2,2026-03-07,wk inc flu hosp,quantile,0.975,42.28741860744482
24,2026-02-21,2,2026-03-07,wk inc flu hosp,quantile,0.975,86.30874388511943
25,2026-02-21,2,2026-03-07,wk inc flu hosp,quantile,0.975,81.94497485252101
26,2026-02-21,2,2026-03-07,wk inc flu hosp,quantile,0.975,262.45405553943453
27,2026-02-21,2,2026-03-07,wk inc flu hosp,quantile,0.975,223.58925880581708
28,2026-02-21,2,2026-03-07,wk inc flu hosp,quantile,0.975,312.9155562199829
29,2026-02-21,2,2026-03-07,wk inc flu hosp,quantile,0.975,361.6843499986401
30,2026-02-21,2,2026-03-07,wk inc flu hosp,quantile,0.975,72.78738184120151
31,2026-02-21,2,2026-03-07,wk inc flu hosp,quantile,0.975,175.34527170029185
32,2026-02-21,2,2026-03-07,wk inc flu hosp,quantile,0.975,153.25040915883616
33,2026-02-21,2,2026-03-07,wk inc flu hosp,quantile,0.975,97.18448879342591
34,2026-02-21,2,2026-03-07,wk inc flu hosp,quantile,0.975,196.21193914489746
35,2026-02-21,2,2026-03-07,wk inc flu hosp,quantile,0.975,294.7827724930368
36,2026-02-21,2,2026-03-07,wk inc flu hosp,quantile,0.975,211.59984597170615
37,2026-02-21,2,2026-03-07,wk inc flu hosp,quantile,0.975,247.75492215231276
38,2026-02-21,2,2026-03-07,wk inc flu hosp,quantile,0.975,24.944787886852062
39,2026-02-21,2,2026-03-07,wk inc flu hosp,quantile,0.975,441.56060257704695
40,2026-02-21,2,2026-03-07,wk inc flu hosp,quantile,0.975,301.4636225353293
41,2026-02-21,2,2026-03-07,wk inc flu hosp,quantile,0.975,405.3344257883145
42,2026-02-21,2,2026-03-07,wk inc flu hosp,quantile,0.975,742.9854288883539
44,2026-02-21,2,2026-03-07,wk inc flu hosp,quantile,0.975,13.481669322533941
45,2026-02-21,2,2026-03-07,wk inc flu hosp,quantile,0.975,259.47587233983387
46,2026-02-21,2,2026-03-07,wk inc flu hosp,quantile,0.975,37.61294909632304
47,2026-02-21,2,2026-03-07,wk inc flu hosp,quantile,0.975,373.5847064943391
48,2026-02-21,2,2026-03-07,wk inc flu hosp,quantile,0.975,1256.9488801496282
49,2026-02-21,2,2026-03-07,wk inc flu hosp,quantile,0.975,96.03739406008427
50,2026-02-21,2,2026-03-07,wk inc flu hosp,quantile,0.975,18.84619376889431
51,2026-02-21,2,2026-03-07,wk inc flu hosp,quantile,0.975,198.23518453803237
53,2026-02-21,2,2026-03-07,wk inc flu hosp,quantile,0.975,347.61947107117186
54,2026-02-21,2,2026-03-07,wk inc flu hosp,quantile,0.975,136.92281686563925
55,2026-02-21,2,2026-03-07,wk inc flu hosp,quantile,0.975,262.81585149674606
56,2026-02-21,2,2026-03-07,wk inc flu hosp,quantile,0.975,121.74529859532966
72,2026-02-21,2,2026-03-07,wk inc flu hosp,quantile,0.975,138.92749568860856
US,2026-02-21,2,2026-03-07,wk inc flu hosp,quantile,0.975,13881.968702606951
01,2026-02-21,3,2026-03-14,wk inc flu hosp,quantile,0.975,37.09017095084605
02,2026-02-21,3,2026-03-14,wk inc flu hosp,quantile,0.975,11.08138200943996
04,2026-02-21,3,2026-03-14,wk inc flu hosp,quantile,0.975,805.1504030001901
05,2026-02-21,3,2026-03-14,wk inc flu hosp,quantile,0.975,239.88546101646233
06,2026-02-21,3,2026-03-14,wk inc flu hosp,quantile,0.975,1832.13172785631
08,2026-02-21,3,2026-03-14,wk inc flu hosp,quantile,0.975,142.34278639866025
09,2026-02-21,3,2026-03-14,wk inc flu hosp,quantile,0.975,36.11725184167222
10,2026-02-21,3,2026-03-14,wk inc flu hosp,quantile,0.975,20.227997687415705
11,2026-02-21,3,2026-03-14,wk inc flu hosp,quantile,0.975,7.523417171166161
12,2026-02-21,3,2026-03-14,wk inc flu hosp,quantile,0.975,2956.762622758813
13,2026-02-21,3,2026-03-14,wk inc flu hosp,quantile,0.975,681.380787148524
15,2026-02-21,3,2026-03-14,wk inc flu hosp,quantile,0.975,24.061880059738797
16,2026-02-21,3,2026-03-14,wk inc flu hosp,quantile,0.975,108.19098865526298
17,2026-02-21,3,2026-03-14,wk inc flu hosp,quantile,0.975,570.3030910266938
18,2026-02-21,3,2026-03-14,wk inc flu hosp,quantile,0.975,315.10079951070514
19,2026-02-21,3,2026-03-14,wk inc flu hosp,quantile,0.975,195.09411341780395
20,2026-02-21,3,2026-03-14,wk inc flu hosp,quantile,0.975,183.11590274397545
21,2026-02-21,3,2026-03-14,wk inc flu hosp,quantile,0.975,190.53549049209863
22,2026-02-21,3,2026-03-14,wk inc flu hosp,quantile,0.975,280.85440316941464
23,2026-02-21,3,2026-03-14,wk inc flu hosp,quantile,0.975,42.23396906019375
24,2026-02-21,3,2026-03-14,wk inc flu hosp,quantile,0.975,87.04699151214677
25,2026-02-21,3,2026-03-14,wk inc flu hosp,quantile,0.975,82.2490356056663
26,2026-02-21,3,2026-03-14,wk inc flu hosp,quantile,0.975,263.720544045305
27,2026-02-21,3,2026-03-14,wk inc flu hosp,quantile,0.975,226.57967626909266
28,2026-02-21,3,2026-03-14,wk inc flu hosp,quantile,0.975,316.12682948180105
29,2026-02-21,3,2026-03-14,wk inc flu hosp,quantile,0.975,366.146640577832
30,2026-02-21,3,2026-03-14,wk inc flu hosp,quantile,0.975,71.78210608017874
31,2026-02-21,3,2026-03-14,wk inc flu hosp,quantile,0.975,176.9697582940391
32,2026-02-21,3,2026-03-14,wk inc flu hosp,quantile,0.975,155.23719287809408
33,2026-02-21,3,2026-03-14,wk inc flu hosp,quantile,0.975,109.24973001728945
34,2026-02-21,3,2026-03-14,wk inc flu hosp,quantile,0.975,197.31418854860314
35,2026-02-21,3,2026-03-14,wk inc flu hosp,quantile,0.975,335.82015616648977
36,2026-02-21,3,2026-03-14,wk inc flu hosp,quantile,0.975,214.31240576641548
37,2026-02-21,3,2026-03-14,wk inc flu hosp,quantile,0.975,246.94268885179372
38,2026-02-21,3,2026-03-14,wk inc flu hosp,quantile,0.975,24.84316447223698
39,2026-02-21,3,2026-03-14,wk inc flu hosp,quantile,0.975,446.4520037140434
40,2026-02-21,3,2026-03-14,wk inc flu hosp,quantile,0.975,307.5523421380596
41,2026-02-21,3,2026-03-14,wk inc flu hosp,quantile,0.975,399.0012482576361
42,2026-02-21,3,2026-03-14,wk inc flu hosp,quantile,0.975,746.7655991825748
44,2026-02-21,3,2026-03-14,wk inc flu hosp,quantile,0.975,13.693155649196123
45,2026-02-21,3,2026-03-14,wk inc flu hosp,quantile,0.975,258.42126737890413
46,2026-02-21,3,2026-03-14,wk inc flu hosp,quantile,0.975,37.69488412216611
47,2026-02-21,3,2026-03-14,wk inc flu hosp,quantile,0.975,372.40049807781656
48,2026-02-21,3,2026-03-14,wk inc flu hosp,quantile,0.975,1272.2286196246603
49,2026-02-21,3,2026-03-14,wk inc flu hosp,quantile,0.975,96.64751883777957
50,2026-02-21,3,2026-03-14,wk inc flu hosp,quantile,0.975,18.69505228987048
51,2026-02-21,3,2026-03-14,wk inc flu hosp,quantile,0.975,198.60841758293913
53,2026-02-21,3,2026-03-14,wk inc flu hosp,quantile,0.975,347.0882679345467
54,2026-02-21,3,2026-03-14,wk inc flu hosp,quantile,0.975,136.63434905268502
55,2026-02-21,3,2026-03-14,wk inc flu hosp,quantile,0.975,264.7970849900139
56,2026-02-21,3,2026-03-14,wk inc flu hosp,quantile,0.975,130.72369021268676
72,2026-02-21,3,2026-03-14,wk inc flu hosp,quantile,0.975,141.04788463493864
US,2026-02-21,3,2026-03-14,wk inc flu hosp,quantile,0.975,13952.194761503284
01,2026-02-21,0,2026-02-21,wk inc flu hosp,quantile,0.99,62.24055799269107
02,2026-02-21,0,2026-02-21,wk inc flu hosp,quantile,0.99,12.868695114485599
04,2026-02-21,0,2026-02-21,wk inc flu hosp,quantile,0.99,606.8878685774711
05,2026-02-21,0,2026-02-21,wk inc flu hosp,quantile,0.99,240.48955890292578
06,2026-02-21,0,2026-02-21,wk inc flu hosp,quantile,0.99,1900.9580153700522
08,2026-02-21,0,2026-02-21,wk inc flu hosp,quantile,0.99,150.4521965520645
09,2026-02-21,0,2026-02-21,wk inc flu hosp,quantile,0.99,43.17409265468138
10,2026-02-21,0,2026-02-21,wk inc flu hosp,quantile,0.99,26.217375626354055
11,2026-02-21,0,2026-02-21,wk inc flu hosp,quantile,0.99,8.70742174625727
12,2026-02-21,0,2026-02-21,wk inc flu hosp,quantile,0.99,2638.1104813844736
13,2026-02-21,0,2026-02-21,wk inc flu hosp,quantile,0.99,553.5482827650471
15,2026-02-21,0,2026-02-21,wk inc flu hosp,quantile,0.99,26.72825886105983
16,2026-02-21,0,2026-02-21,wk inc flu hosp,quantile,0.99,116.31142873925775
17,2026-02-21,0,2026-02-21,wk inc flu hosp,quantile,0.99,600.150315538878
18,2026-02-21,0,2026-02-21,wk inc flu hosp,quantile,0.99,335.9622787032041
19,2026-02-21,0,2026-02-21,wk inc flu hosp,quantile,0.99,208.66173339581135
20,2026-02-21,0,2026-02-21,wk inc flu hosp,quantile,0.99,197.72524545526312
21,2026-02-21,0,2026-02-21,wk inc flu hosp,quantile,0.99,213.29626515176977
22,2026-02-21,0,2026-02-21,wk inc flu hosp,quantile,0.99,303.30575403061846
23,2026-02-21,0,2026-02-21,wk inc flu hosp,quantile,0.99,51.51110739181934
24,2026-02-21,0,2026-02-21,wk inc flu hosp,quantile,0.99,93.10363946544729
25,2026-02-21,0,2026-02-21,wk inc flu hosp,quantile,0.99,94.02440933425095
26,2026-02-21,0,2026-02-21,wk inc flu hosp,quantile,0.99,274.1273282741062
27,2026-02-21,0,2026-02-21,wk inc flu hosp,quantile,0.99,240.55571537438038
28,2026-02-21,0,2026-02-21,wk inc flu hosp,quantile,0.99,285.042925738031
29,2026-02-21,0,2026-02-21,wk inc flu hosp,quantile,0.99,375.2738015078853
30,2026-02-21,0,2026-02-21,wk inc flu hosp,quantile,0.99,84.86162631658615
31,2026-02-21,0,2026-02-21,wk inc flu hosp,quantile,0.99,170.07129014334373
32,2026-02-21,0,2026-02-21,wk inc flu hosp,quantile,0.99,145.54200120958157
33,2026-02-21,0,2026-02-21,wk inc flu hosp,quantile,0.99,84.90073566391939
34,2026-02-21,0,2026-02-21,wk inc flu hosp,quantile,0.99,209.87273342789118
35,2026-02-21,0,2026-02-21,wk inc flu hosp,quantile,0.99,238.47354546341967
36,2026-02-21,0,2026-02-21,wk inc flu hosp,quantile,0.99,236.5198624335659
37,2026-02-21,0,2026-02-21,wk inc flu hosp,quantile,0.99,277.9957703785874
38,2026-02-21,0,2026-02-21,wk inc flu hosp,quantile,0.99,29.586524256741555
39,2026-02-21,0,2026-02-21,wk inc flu hosp,quantile,0.99,487.4580077132443
40,2026-02-21,0,2026-02-21,wk inc flu hosp,quantile,0.99,294.3656443240069
41,2026-02-21,0,2026-02-21,wk inc flu hosp,quantile,0.99,445.9052836716363
42,2026-02-21,0,2026-02-21,wk inc flu hosp,quantile,0.99,809.0716721448498
44,2026-02-21,0,2026-02-21,wk inc flu hosp,quantile,0.99,17.092261227461215
45,2026-02-21,0,2026-02-21,wk inc flu hosp,quantile,0.99,269.3593613184327
46,2026-02-21,0,2026-02-21,wk inc flu hosp,quantile,0.99,42.72816445017483
47,2026-02-21,0,2026-02-21,wk inc flu hosp,quantile,0.99,391.5518855404894
48,2026-02-21,0,2026-02-21,wk inc flu hosp,quantile,0.99,1296.4373415459856
49,2026-02-21,0,2026-02-21,wk inc flu hosp,quantile,0.99,96.40551638633195
50,2026-02-21,0,2026-02-21,wk inc flu hosp,quantile,0.99,22.333592581281792
51,2026-02-21,0,2026-02-21,wk inc flu hosp,quantile,0.99,228.14093878792633
53,2026-02-21,0,2026-02-21,wk inc flu hosp,quantile,0.99,348.5922624538782
54,2026-02-21,0,2026-02-21,wk inc flu hosp,quantile,0.99,162.7423680605186
55,2026-02-21,0,2026-02-21,wk inc flu hosp,quantile,0.99,284.0172339774841
56,2026-02-21,0,2026-02-21,wk inc flu hosp,quantile,0.99,81.42813167388738
72,2026-02-21,0,2026-02-21,wk inc flu hosp,quantile,0.99,153.64301993113818
US,2026-02-21,0,2026-02-21,wk inc flu hosp,quantile,0.99,14529.26087511202
01,2026-02-21,1,2026-02-28,wk inc flu hosp,quantile,0.99,58.83842741104657
02,2026-02-21,1,2026-02-28,wk inc flu hosp,quantile,0.99,12.666672968122773
04,2026-02-21,1,2026-02-28,wk inc flu hosp,quantile,0.99,775.2303212956127
05,2026-02-21,1,2026-02-28,wk inc flu hosp,quantile,0.99,257.5784551095759
06,2026-02-21,1,2026-02-28,wk inc flu hosp,quantile,0.99,1992.2985459579816
08,2026-02-21,1,2026-02-28,wk inc flu hosp,quantile,0.99,155.40689350630313
09,2026-02-21,1,2026-02-28,wk inc flu hosp,quantile,0.99,43.04657061200331
10,2026-02-21,1,2026-02-28,wk inc flu hosp,quantile,0.99,25.753552759344235
11,2026-02-21,1,2026-02-28,wk inc flu hosp,quantile,0.99,8.670305884184382
12,2026-02-21,1,2026-02-28,wk inc flu hosp,quantile,0.99,2913.432552508903
13,2026-02-21,1,2026-02-28,wk inc flu hosp,quantile,0.99,637.721213667461
15,2026-02-21,1,2026-02-28,wk inc flu hosp,quantile,0.99,26.663998024114253
16,2026-02-21,1,2026-02-28,wk inc flu hosp,quantile,0.99,119.75879449986584
17,2026-02-21,1,2026-02-28,wk inc flu hosp,quantile,0.99,613.4898233525015
18,2026-02-21,1,2026-02-28,wk inc flu hosp,quantile,0.99,346.8075559995936
19,2026-02-21,1,2026-02-28,wk inc flu hosp,quantile,0.99,206.86598824204364
20,2026-02-21,1,2026-02-28,wk inc flu hosp,quantile,0.99,196.13374834445742
21,2026-02-21,1,2026-02-28,wk inc flu hosp,quantile,0.99,213.07938665649914
22,2026-02-21,1,2026-02-28,wk inc flu hosp,quantile,0.99,304.9585985411775
23,2026-02-21,1,2026-02-28,wk inc flu hosp,quantile,0.99,50.86519997216596
24,2026-02-21,1,2026-02-28,wk inc flu hosp,quantile,0.99,94.29916086186483
25,2026-02-21,1,2026-02-28,wk inc flu hosp,quantile,0.99,93.66702869579044
26,2026-02-21,1,2026-02-28,wk inc flu hosp,quantile,0.99,274.81620724159876
27,2026-02-21,1,2026-02-28,wk inc flu hosp,quantile,0.99,248.5596011117682
28,2026-02-21,1,2026-02-28,wk inc flu hosp,quantile,0.99,308.7575488052468
29,2026-02-21,1,2026-02-28,wk inc flu hosp,quantile,0.99,375.16667259469517
30,2026-02-21,1,2026-02-28,wk inc flu hosp,quantile,0.99,86.02100194571244
31,2026-02-21,1,2026-02-28,wk inc flu hosp,quantile,0.99,178.33972333659776
32,2026-02-21,1,2026-02-28,wk inc flu hosp,quantile,0.99,156.20067015062756
33,2026-02-21,1,2026-02-28,wk inc flu hosp,quantile,0.99,90.3667459303556
34,2026-02-21,1,2026-02-28,wk inc flu hosp,quantile,0.99,210.84175349317897
35,2026-02-21,1,2026-02-28,wk inc flu hosp,quantile,0.99,279.8964839816692
36,2026-02-21,1,2026-02-28,wk inc flu hosp,quantile,0.99,238.4120319513648
37,2026-02-21,1,2026-02-28,wk inc flu hosp,quantile,0.99,278.32218850340155
38,2026-02-21,1,2026-02-28,wk inc flu hosp,quantile,0.99,29.17392433210368
39,2026-02-21,1,2026-02-28,wk inc flu hosp,quantile,0.99,486.91525682087024
40,2026-02-21,1,2026-02-28,wk inc flu hosp,quantile,0.99,322.6730390153615
41,2026-02-21,1,2026-02-28,wk inc flu hosp,quantile,0.99,461.76899577346376
42,2026-02-21,1,2026-02-28,wk inc flu hosp,quantile,0.99,810.402004165398
44,2026-02-21,1,2026-02-28,wk inc flu hosp,quantile,0.99,16.9967659468445
45,2026-02-21,1,2026-02-28,wk inc flu hosp,quantile,0.99,279.4489537572709
46,2026-02-21,1,2026-02-28,wk inc flu hosp,quantile,0.99,42.107956129404855
47,2026-02-21,1,2026-02-28,wk inc flu hosp,quantile,0.99,414.1778950981791
48,2026-02-21,1,2026-02-28,wk inc flu hosp,quantile,0.99,1316.8115657474602
49,2026-02-21,1,2026-02-28,wk inc flu hosp,quantile,0.99,101.22489621091714
50,2026-02-21,1,2026-02-28,wk inc flu hosp,quantile,0.99,21.958166685448038
51,2026-02-21,1,2026-02-28,wk inc flu hosp,quantile,0.99,226.9189667960621
53,2026-02-21,1,2026-02-28,wk inc flu hosp,quantile,0.99,366.41570513496936
54,2026-02-21,1,2026-02-28,wk inc flu hosp,quantile,0.99,161.22270879872215
55,2026-02-21,1,2026-02-28,wk inc flu hosp,quantile,0.99,287.73424922483554
56,2026-02-21,1,2026-02-28,wk inc flu hosp,quantile,0.99,113.01459826693944
72,2026-02-21,1,2026-02-28,wk inc flu hosp,quantile,0.99,152.1716512880831
US,2026-02-21,1,2026-02-28,wk inc flu hosp,quantile,0.99,14547.45845162106
01,2026-02-21,2,2026-03-07,wk inc flu hosp,quantile,0.99,64.63917678944432
02,2026-02-21,2,2026-03-07,wk inc flu hosp,quantile,0.99,13.733532241172066
04,2026-02-21,2,2026-03-07,wk inc flu hosp,quantile,0.99,876.8064628285509
05,2026-02-21,2,2026-03-07,wk inc flu hosp,quantile,0.99,274.3608785086535
06,2026-02-21,2,2026-03-07,wk inc flu hosp,quantile,0.99,2129.757145207776
08,2026-02-21,2,2026-03-07,wk inc flu hosp,quantile,0.99,168.0950166060615
09,2026-02-21,2,2026-03-07,wk inc flu hosp,quantile,0.99,48.00071871890111
10,2026-02-21,2,2026-03-07,wk inc flu hosp,quantile,0.99,28.189885370387334
11,2026-02-21,2,2026-03-07,wk inc flu hosp,quantile,0.99,9.675901457954247
12,2026-02-21,2,2026-03-07,wk inc flu hosp,quantile,0.99,3133.583951254008
13,2026-02-21,2,2026-03-07,wk inc flu hosp,quantile,0.99,697.8674599023627
15,2026-02-21,2,2026-03-07,wk inc flu hosp,quantile,0.99,28.80494139661892
16,2026-02-21,2,2026-03-07,wk inc flu hosp,quantile,0.99,127.50955308838016
17,2026-02-21,2,2026-03-07,wk inc flu hosp,quantile,0.99,659.8382010952921
18,2026-02-21,2,2026-03-07,wk inc flu hosp,quantile,0.99,371.68084634944336
19,2026-02-21,2,2026-03-07,wk inc flu hosp,quantile,0.99,218.01290308641745
20,2026-02-21,2,2026-03-07,wk inc flu hosp,quantile,0.99,207.8851148386621
21,2026-02-21,2,2026-03-07,wk inc flu hosp,quantile,0.99,228.0064314943783
22,2026-02-21,2,2026-03-07,wk inc flu hosp,quantile,0.99,323.6671378734593
23,2026-02-21,2,2026-03-07,wk inc flu hosp,quantile,0.99,54.90392723713951
24,2026-02-21,2,2026-03-07,wk inc flu hosp,quantile,0.99,103.27095850443989
25,2026-02-21,2,2026-03-07,wk inc flu hosp,quantile,0.99,103.52709810774516
26,2026-02-21,2,2026-03-07,wk inc flu hosp,quantile,0.99,299.153632269953
27,2026-02-21,2,2026-03-07,wk inc flu hosp,quantile,0.99,269.9867940252352
28,2026-02-21,2,2026-03-07,wk inc flu hosp,quantile,0.99,330.94123224937266
29,2026-02-21,2,2026-03-07,wk inc flu hosp,quantile,0.99,399.75183812867755
30,2026-02-21,2,2026-03-07,wk inc flu hosp,quantile,0.99,90.8295318714162
31,2026-02-21,2,2026-03-07,wk inc flu hosp,quantile,0.99,188.1757602874563
32,2026-02-21,2,2026-03-07,wk inc flu hosp,quantile,0.99,170.02445034717218
33,2026-02-21,2,2026-03-07,wk inc flu hosp,quantile,0.99,120.8079149952096
34,2026-02-21,2,2026-03-07,wk inc flu hosp,quantile,0.99,232.00179152415674
35,2026-02-21,2,2026-03-07,wk inc flu hosp,quantile,0.99,321.7208453200281
36,2026-02-21,2,2026-03-07,wk inc flu hosp,quantile,0.99,267.6346304755143
37,2026-02-21,2,2026-03-07,wk inc flu hosp,quantile,0.99,301.42926009603036
38,2026-02-21,2,2026-03-07,wk inc flu hosp,quantile,0.99,31.233293499022885
39,2026-02-21,2,2026-03-07,wk inc flu hosp,quantile,0.99,521.6185405481218
40,2026-02-21,2,2026-03-07,wk inc flu hosp,quantile,0.99,353.03715648893376
41,2026-02-21,2,2026-03-07,wk inc flu hosp,quantile,0.99,490.0189754427888
42,2026-02-21,2,2026-03-07,wk inc flu hosp,quantile,0.99,870.2390414344317
44,2026-02-21,2,2026-03-07,wk inc flu hosp,quantile,0.99,18.849857060290056
45,2026-02-21,2,2026-03-07,wk inc flu hosp,quantile,0.99,299.0833371019389
46,2026-02-21,2,2026-03-07,wk inc flu hosp,quantile,0.99,44.77649724458987
47,2026-02-21,2,2026-03-07,wk inc flu hosp,quantile,0.99,444.2107257589563
48,2026-02-21,2,2026-03-07,wk inc flu hosp,quantile,0.99,1414.2523743151191
49,2026-02-21,2,2026-03-07,wk inc flu hosp,quantile,0.99,109.33061405876286
50,2026-02-21,2,2026-03-07,wk inc flu hosp,quantile,0.99,23.501840960619862
51,2026-02-21,2,2026-03-07,wk inc flu hosp,quantile,0.99,245.333150311575
53,2026-02-21,2,2026-03-07,wk inc flu hosp,quantile,0.99,392.36200949618546
54,2026-02-21,2,2026-03-07,wk inc flu hosp,quantile,0.99,170.27383644095815
55,2026-02-21,2,2026-03-07,wk inc flu hosp,quantile,0.99,310.3412087067487
56,2026-02-21,2,2026-03-07,wk inc flu hosp,quantile,0.99,158.50127281250815
72,2026-02-21,2,2026-03-07,wk inc flu hosp,quantile,0.99,162.80625969797336
US,2026-02-21,2,2026-03-07,wk inc flu hosp,quantile,0.99,15625.79828179643
01,2026-02-21,3,2026-03-14,wk inc flu hosp,quantile,0.99,73.64344356933597
02,2026-02-21,3,2026-03-14,wk inc flu hosp,quantile,0.99,15.499723099760914
04,2026-02-21,3,2026-03-14,wk inc flu hosp,quantile,0.99,1011.7144451846323
05,2026-02-21,3,2026-03-14,wk inc flu hosp,quantile,0.99,298.9387706791738
06,2026-02-21,3,2026-03-14,wk inc flu hosp,quantile,0.99,2346.133440509298
08,2026-02-21,3,2026-03-14,wk inc flu hosp,quantile,0.99,191.48005410454343
09,2026-02-21,3,2026-03-14,wk inc flu hosp,quantile,0.99,57.221424826553985
10,2026-02-21,3,2026-03-14,wk inc flu hosp,quantile,0.99,32.16780352666918
11,2026-02-21,3,2026-03-14,wk inc flu hosp,quantile,0.99,11.5874161410016
12,2026-02-21,3,2026-03-14,wk inc flu hosp,quantile,0.99,3487.284350601339
13,2026-02-21,3,2026-03-14,wk inc flu hosp,quantile,0.99,796.1923571438576
15,2026-02-21,3,2026-03-14,wk inc flu hosp,quantile,0.99,32.74252381394697
16,2026-02-21,3,2026-03-14,wk inc flu hosp,quantile,0.99,140.0738271318382
17,2026-02-21,3,2026-03-14,wk inc flu hosp,quantile,0.99,742.030261198207
18,2026-02-21,3,2026-03-14,wk inc flu hosp,quantile,0.99,417.87690923885003
19,2026-02-21,3,2026-03-14,wk inc flu hosp,quantile,0.99,239.16374520111722
20,2026-02-21,3,2026-03-14,wk inc flu hosp,quantile,0.99,228.31778481884137
21,2026-02-21,3,2026-03-14,wk inc flu hosp,quantile,0.99,253.31401718642093
22,2026-02-21,3,2026-03-14,wk inc flu hosp,quantile,0.99,355.625280674878
23,2026-02-21,3,2026-03-14,wk inc flu hosp,quantile,0.99,62.0738856328686
24,2026-02-21,3,2026-03-14,wk inc flu hosp,quantile,0.99,121.4634949553608
25,2026-02-21,3,2026-03-14,wk inc flu hosp,quantile,0.99,123.78659613283548
26,2026-02-21,3,2026-03-14,wk inc flu hosp,quantile,0.99,340.1226846399206
27,2026-02-21,3,2026-03-14,wk inc flu hosp,quantile,0.99,305.3591250364207
28,2026-02-21,3,2026-03-14,wk inc flu hosp,quantile,0.99,365.44400197167647
29,2026-02-21,3,2026-03-14,wk inc flu hosp,quantile,0.99,441.62093468063944
30,2026-02-21,3,2026-03-14,wk inc flu hosp,quantile,0.99,99.51641094343027
31,2026-02-21,3,2026-03-14,wk inc flu hosp,quantile,0.99,208.6124974376504
32,2026-02-21,3,2026-03-14,wk inc flu hosp,quantile,0.99,191.04653897592158
33,2026-02-21,3,2026-03-14,wk inc flu hosp,quantile,0.99,144.71690211983127
34,2026-02-21,3,2026-03-14,wk inc flu hosp,quantile,0.99,270.28607669481033
35,2026-02-21,3,2026-03-14,wk inc flu hosp,quantile,0.99,366.45547723349654
36,2026-02-21,3,2026-03-14,wk inc flu hosp,quantile,0.99,322.1244362643661
37,2026-02-21,3,2026-03-14,wk inc flu hosp,quantile,0.99,345.21096715101487
38,2026-02-21,3,2026-03-14,wk inc flu hosp,quantile,0.99,34.747646201579215
39,2026-02-21,3,2026-03-14,wk inc flu hosp,quantile,0.99,592.138455199185
40,2026-02-21,3,2026-03-14,wk inc flu hosp,quantile,0.99,393.47260969641627
41,2026-02-21,3,2026-03-14,wk inc flu hosp,quantile,0.99,531.9801347029531
42,2026-02-21,3,2026-03-14,wk inc flu hosp,quantile,0.99,977.0006764060548
44,2026-02-21,3,2026-03-14,wk inc flu hosp,quantile,0.99,22.43195931955962
45,2026-02-21,3,2026-03-14,wk inc flu hosp,quantile,0.99,332.15472675643076
46,2026-02-21,3,2026-03-14,wk inc flu hosp,quantile,0.99,49.30272377248976
47,2026-02-21,3,2026-03-14,wk inc flu hosp,quantile,0.99,489.1623503219056
48,2026-02-21,3,2026-03-14,wk inc flu hosp,quantile,0.99,1571.4861621316222
49,2026-02-21,3,2026-03-14,wk inc flu hosp,quantile,0.99,123.04846556529036
50,2026-02-21,3,2026-03-14,wk inc flu hosp,quantile,0.99,26.1722719574599
51,2026-02-21,3,2026-03-14,wk inc flu hosp,quantile,0.99,276.28967880870135
53,2026-02-21,3,2026-03-14,wk inc flu hosp,quantile,0.99,428.4004335571546
54,2026-02-21,3,2026-03-14,wk inc flu hosp,quantile,0.99,187.2532316749413
55,2026-02-21,3,2026-03-14,wk inc flu hosp,quantile,0.99,345.78782239933753
56,2026-02-21,3,2026-03-14,wk inc flu hosp,quantile,0.99,169.6025269576052
72,2026-02-21,3,2026-03-14,wk inc flu hosp,quantile,0.99,181.2639108782377
US,2026-02-21,3,2026-03-14,wk inc flu hosp,quantile,0.99,17531.22384828503
