reference_date,target,horizon,location,target_end_date,output_type,output_type_id,value
2025-02-08,wk inc flu hosp,0,US,2025-02-08,quantile,0.01,46345.3553125
2025-02-08,wk inc flu hosp,0,US,2025-02-08,quantile,0.025,47078.5345703125
2025-02-08,wk inc flu hosp,0,US,2025-02-08,quantile,0.05,47810.5541015625
2025-02-08,wk inc flu hosp,0,US,2025-02-08,quantile,0.1,48232.428515625
2025-02-08,wk inc flu hosp,0,US,2025-02-08,quantile,0.15,48852.71875
2025-02-08,wk inc flu hosp,0,US,2025-02-08,quantile,0.2,49106.99921875
2025-02-08,wk inc flu hosp,0,US,2025-02-08,quantile,0.25,50075.962890625
2025-02-08,wk inc flu hosp,0,US,2025-02-08,quantile,0.3,50536.36640625
2025-02-08,wk inc flu hosp,0,US,2025-02-08,quantile,0.35,50727.075390625
2025-02-08,wk inc flu hosp,0,US,2025-02-08,quantile,0.4,51125.83203125
2025-02-08,wk inc flu hosp,0,US,2025-02-08,quantile,0.45,51356.99609375
2025-02-08,wk inc flu hosp,0,US,2025-02-08,quantile,0.5,51607.42578125
2025-02-08,wk inc flu hosp,0,US,2025-02-08,quantile,0.55,51819.32421875
2025-02-08,wk inc flu hosp,0,US,2025-02-08,quantile,0.6,51988.84609375
2025-02-08,wk inc flu hosp,0,US,2025-02-08,quantile,0.65,52127.54296875
2025-02-08,wk inc flu hosp,0,US,2025-02-08,quantile,0.7,52397.23828125
2025-02-08,wk inc flu hosp,0,US,2025-02-08,quantile,0.75,52801.775390625
2025-02-08,wk inc flu hosp,0,US,2025-02-08,quantile,0.8,53098.439843750006
2025-02-08,wk inc flu hosp,0,US,2025-02-08,quantile,0.85,53801.560546875
2025-02-08,wk inc flu hosp,0,US,2025-02-08,quantile,0.9,54647.23515625
2025-02-08,wk inc flu hosp,0,US,2025-02-08,quantile,0.95,55519.8833984375
2025-02-08,wk inc flu hosp,0,US,2025-02-08,quantile,0.975,56701.71025390638
2025-02-08,wk inc flu hosp,0,US,2025-02-08,quantile,0.99,78827.0234375
2025-02-08,wk inc flu hosp,1,US,2025-02-15,quantile,0.01,45643.001796875
2025-02-08,wk inc flu hosp,1,US,2025-02-15,quantile,0.025,45962.2009765625
2025-02-08,wk inc flu hosp,1,US,2025-02-15,quantile,0.05,47373.26875
2025-02-08,wk inc flu hosp,1,US,2025-02-15,quantile,0.1,48062.908203125
2025-02-08,wk inc flu hosp,1,US,2025-02-15,quantile,0.15,48814.19140625
2025-02-08,wk inc flu hosp,1,US,2025-02-15,quantile,0.2,49731.1421875
2025-02-08,wk inc flu hosp,1,US,2025-02-15,quantile,0.25,50557.5546875
2025-02-08,wk inc flu hosp,1,US,2025-02-15,quantile,0.3,51499.5484375
2025-02-08,wk inc flu hosp,1,US,2025-02-15,quantile,0.35,51819.32421875
2025-02-08,wk inc flu hosp,1,US,2025-02-15,quantile,0.4,52343.29765625
2025-02-08,wk inc flu hosp,1,US,2025-02-15,quantile,0.45,52666.93359375
2025-02-08,wk inc flu hosp,1,US,2025-02-15,quantile,0.5,53283.3671875
2025-02-08,wk inc flu hosp,1,US,2025-02-15,quantile,0.55,53724.50703125
2025-02-08,wk inc flu hosp,1,US,2025-02-15,quantile,0.6,53992.27265625
2025-02-08,wk inc flu hosp,1,US,2025-02-15,quantile,0.65,54556.6984375
2025-02-08,wk inc flu hosp,1,US,2025-02-15,quantile,0.7,54874.54765625
2025-02-08,wk inc flu hosp,1,US,2025-02-15,quantile,0.75,55209.73828125
2025-02-08,wk inc flu hosp,1,US,2025-02-15,quantile,0.8,55564.18984375
2025-02-08,wk inc flu hosp,1,US,2025-02-15,quantile,0.85,56928.0578125
2025-02-08,wk inc flu hosp,1,US,2025-02-15,quantile,0.9,57914.36171875
2025-02-08,wk inc flu hosp,1,US,2025-02-15,quantile,0.95,58538.5046875
2025-02-08,wk inc flu hosp,1,US,2025-02-15,quantile,0.975,60796.2037109376
2025-02-08,wk inc flu hosp,1,US,2025-02-15,quantile,0.99,78827.0234375
2025-02-08,wk inc flu hosp,2,US,2025-02-22,quantile,0.01,44261.41125
2025-02-08,wk inc flu hosp,2,US,2025-02-22,quantile,0.025,45260.0400390625
2025-02-08,wk inc flu hosp,2,US,2025-02-22,quantile,0.05,46078.75
2025-02-08,wk inc flu hosp,2,US,2025-02-22,quantile,0.1,47793.216796875
2025-02-08,wk inc flu hosp,2,US,2025-02-22,quantile,0.15,48675.49296875
2025-02-08,wk inc flu hosp,2,US,2025-02-22,quantile,0.2,50016.24453125
2025-02-08,wk inc flu hosp,2,US,2025-02-22,quantile,0.25,50846.509765625
2025-02-08,wk inc flu hosp,2,US,2025-02-22,quantile,0.3,52169.92421875
2025-02-08,wk inc flu hosp,2,US,2025-02-22,quantile,0.35,52717.019140625
2025-02-08,wk inc flu hosp,2,US,2025-02-22,quantile,0.4,53129.26171875
2025-02-08,wk inc flu hosp,2,US,2025-02-22,quantile,0.45,53980.712109375
2025-02-08,wk inc flu hosp,2,US,2025-02-22,quantile,0.5,54940.046875
2025-02-08,wk inc flu hosp,2,US,2025-02-22,quantile,0.55,55325.3203125
2025-02-08,wk inc flu hosp,2,US,2025-02-22,quantile,0.6,56072.75078125
2025-02-08,wk inc flu hosp,2,US,2025-02-22,quantile,0.65,56432.9814453125
2025-02-08,wk inc flu hosp,2,US,2025-02-22,quantile,0.7,57132.252734375
2025-02-08,wk inc flu hosp,2,US,2025-02-22,quantile,0.75,57685.1201171875
2025-02-08,wk inc flu hosp,2,US,2025-02-22,quantile,0.8,58376.685937500006
2025-02-08,wk inc flu hosp,2,US,2025-02-22,quantile,0.85,60152.800390625
2025-02-08,wk inc flu hosp,2,US,2025-02-22,quantile,0.9,61193.0421875
2025-02-08,wk inc flu hosp,2,US,2025-02-22,quantile,0.95,62229.42421875
2025-02-08,wk inc flu hosp,2,US,2025-02-22,quantile,0.975,65228.78222656258
2025-02-08,wk inc flu hosp,2,US,2025-02-22,quantile,0.99,78827.0234375
2025-02-08,wk inc flu hosp,3,US,2025-03-01,quantile,0.01,42682.942109375
2025-02-08,wk inc flu hosp,3,US,2025-03-01,quantile,0.025,43759.39609375
2025-02-08,wk inc flu hosp,3,US,2025-03-01,quantile,0.05,45508.5453125
2025-02-08,wk inc flu hosp,3,US,2025-03-01,quantile,0.1,47065.05
2025-02-08,wk inc flu hosp,3,US,2025-03-01,quantile,0.15,48642.7447265625
2025-02-08,wk inc flu hosp,3,US,2025-03-01,quantile,0.2,49869.84375
2025-02-08,wk inc flu hosp,3,US,2025-03-01,quantile,0.25,51077.67578125
2025-02-08,wk inc flu hosp,3,US,2025-03-01,quantile,0.3,52512.81640625
2025-02-08,wk inc flu hosp,3,US,2025-03-01,quantile,0.35,53192.83046875
2025-02-08,wk inc flu hosp,3,US,2025-03-01,quantile,0.4,53861.27734375
2025-02-08,wk inc flu hosp,3,US,2025-03-01,quantile,0.45,55350.3630859375
2025-02-08,wk inc flu hosp,3,US,2025-03-01,quantile,0.5,56365.55859375
2025-02-08,wk inc flu hosp,3,US,2025-03-01,quantile,0.55,57230.4974609375
2025-02-08,wk inc flu hosp,3,US,2025-03-01,quantile,0.6,57829.6015625
2025-02-08,wk inc flu hosp,3,US,2025-03-01,quantile,0.65,58474.93203125
2025-02-08,wk inc flu hosp,3,US,2025-03-01,quantile,0.7,59235.846875
2025-02-08,wk inc flu hosp,3,US,2025-03-01,quantile,0.75,60035.291015625
2025-02-08,wk inc flu hosp,3,US,2025-03-01,quantile,0.8,60996.55
2025-02-08,wk inc flu hosp,3,US,2025-03-01,quantile,0.85,62784.21796875
2025-02-08,wk inc flu hosp,3,US,2025-03-01,quantile,0.9,63970.8640625
2025-02-08,wk inc flu hosp,3,US,2025-03-01,quantile,0.95,66195.818359375
2025-02-08,wk inc flu hosp,3,US,2025-03-01,quantile,0.975,69548.66445312505
2025-02-08,wk inc flu hosp,3,US,2025-03-01,quantile,0.99,78827.0234375
2025-02-08,wk inc flu hosp,0,01,2025-02-08,quantile,0.01,754.769799194336
2025-02-08,wk inc flu hosp,0,01,2025-02-08,quantile,0.025,757.0710739135742
2025-02-08,wk inc flu hosp,0,01,2025-02-08,quantile,0.05,758.7891174316406
2025-02-08,wk inc flu hosp,0,01,2025-02-08,quantile,0.1,768.000048828125
2025-02-08,wk inc flu hosp,0,01,2025-02-08,quantile,0.15,772.5910461425781
2025-02-08,wk inc flu hosp,0,01,2025-02-08,quantile,0.2,774.4100952148438
2025-02-08,wk inc flu hosp,0,01,2025-02-08,quantile,0.25,779.8962554931641
2025-02-08,wk inc flu hosp,0,01,2025-02-08,quantile,0.3,781.7442260742188
2025-02-08,wk inc flu hosp,0,01,2025-02-08,quantile,0.35,786.1331146240234
2025-02-08,wk inc flu hosp,0,01,2025-02-08,quantile,0.4,790.3488037109375
2025-02-08,wk inc flu hosp,0,01,2025-02-08,quantile,0.45,794.6799713134766
2025-02-08,wk inc flu hosp,0,01,2025-02-08,quantile,0.5,801.552001953125
2025-02-08,wk inc flu hosp,0,01,2025-02-08,quantile,0.55,805.594482421875
2025-02-08,wk inc flu hosp,0,01,2025-02-08,quantile,0.6,809.6368408203125
2025-02-08,wk inc flu hosp,0,01,2025-02-08,quantile,0.65,814.6609527587891
2025-02-08,wk inc flu hosp,0,01,2025-02-08,quantile,0.7,821.3598388671875
2025-02-08,wk inc flu hosp,0,01,2025-02-08,quantile,0.75,825.9508361816406
2025-02-08,wk inc flu hosp,0,01,2025-02-08,quantile,0.8,842.9000976562502
2025-02-08,wk inc flu hosp,0,01,2025-02-08,quantile,0.85,1181.5384521484375
2025-02-08,wk inc flu hosp,0,01,2025-02-08,quantile,0.9,1181.5384521484375
2025-02-08,wk inc flu hosp,0,01,2025-02-08,quantile,0.95,1181.5384521484375
2025-02-08,wk inc flu hosp,0,01,2025-02-08,quantile,0.975,1181.5384521484375
2025-02-08,wk inc flu hosp,0,01,2025-02-08,quantile,0.99,1181.5384521484375
2025-02-08,wk inc flu hosp,1,01,2025-02-15,quantile,0.01,754.7640240478515
2025-02-08,wk inc flu hosp,1,01,2025-02-15,quantile,0.025,762.1818969726562
2025-02-08,wk inc flu hosp,1,01,2025-02-15,quantile,0.05,766.90283203125
2025-02-08,wk inc flu hosp,1,01,2025-02-15,quantile,0.1,780.1272521972656
2025-02-08,wk inc flu hosp,1,01,2025-02-15,quantile,0.15,786.1908630371094
2025-02-08,wk inc flu hosp,1,01,2025-02-15,quantile,0.2,789.3093017578125
2025-02-08,wk inc flu hosp,1,01,2025-02-15,quantile,0.25,795.7771606445312
2025-02-08,wk inc flu hosp,1,01,2025-02-15,quantile,0.3,806.5761779785156
2025-02-08,wk inc flu hosp,1,01,2025-02-15,quantile,0.35,815.0074432373046
2025-02-08,wk inc flu hosp,1,01,2025-02-15,quantile,0.4,820.609130859375
2025-02-08,wk inc flu hosp,1,01,2025-02-15,quantile,0.45,824.7092681884766
2025-02-08,wk inc flu hosp,1,01,2025-02-15,quantile,0.5,830.7151184082031
2025-02-08,wk inc flu hosp,1,01,2025-02-15,quantile,0.55,841.0232696533203
2025-02-08,wk inc flu hosp,1,01,2025-02-15,quantile,0.6,845.672021484375
2025-02-08,wk inc flu hosp,1,01,2025-02-15,quantile,0.65,850.8405578613281
2025-02-08,wk inc flu hosp,1,01,2025-02-15,quantile,0.7,857.7414916992187
2025-02-08,wk inc flu hosp,1,01,2025-02-15,quantile,0.75,865.7974548339844
2025-02-08,wk inc flu hosp,1,01,2025-02-15,quantile,0.8,894.0654907226565
2025-02-08,wk inc flu hosp,1,01,2025-02-15,quantile,0.85,1181.5384521484375
2025-02-08,wk inc flu hosp,1,01,2025-02-15,quantile,0.9,1181.5384521484375
2025-02-08,wk inc flu hosp,1,01,2025-02-15,quantile,0.95,1181.5384521484375
2025-02-08,wk inc flu hosp,1,01,2025-02-15,quantile,0.975,1181.5384521484375
2025-02-08,wk inc flu hosp,1,01,2025-02-15,quantile,0.99,1181.5384521484375
2025-02-08,wk inc flu hosp,2,01,2025-02-22,quantile,0.01,755.3299890136718
2025-02-08,wk inc flu hosp,2,01,2025-02-22,quantile,0.025,766.888394165039
2025-02-08,wk inc flu hosp,2,01,2025-02-22,quantile,0.05,773.8037658691406
2025-02-08,wk inc flu hosp,2,01,2025-02-22,quantile,0.1,788.7895446777344
2025-02-08,wk inc flu hosp,2,01,2025-02-22,quantile,0.15,800.310415649414
2025-02-08,wk inc flu hosp,2,01,2025-02-22,quantile,0.2,809.5213500976563
2025-02-08,wk inc flu hosp,2,01,2025-02-22,quantile,0.25,818.7322235107422
2025-02-08,wk inc flu hosp,2,01,2025-02-22,quantile,0.3,832.3898803710938
2025-02-08,wk inc flu hosp,2,01,2025-02-22,quantile,0.35,840.9943817138671
2025-02-08,wk inc flu hosp,2,01,2025-02-22,quantile,0.4,848.0974731445312
2025-02-08,wk inc flu hosp,2,01,2025-02-22,quantile,0.45,855.9513122558594
2025-02-08,wk inc flu hosp,2,01,2025-02-22,quantile,0.5,868.2518005371094
2025-02-08,wk inc flu hosp,2,01,2025-02-22,quantile,0.55,875.7302459716797
2025-02-08,wk inc flu hosp,2,01,2025-02-22,quantile,0.6,880.7832641601562
2025-02-08,wk inc flu hosp,2,01,2025-02-22,quantile,0.65,894.1520812988281
2025-02-08,wk inc flu hosp,2,01,2025-02-22,quantile,0.7,898.56982421875
2025-02-08,wk inc flu hosp,2,01,2025-02-22,quantile,0.75,907.665298461914
2025-02-08,wk inc flu hosp,2,01,2025-02-22,quantile,0.8,947.5407348632812
2025-02-08,wk inc flu hosp,2,01,2025-02-22,quantile,0.85,1181.5384521484375
2025-02-08,wk inc flu hosp,2,01,2025-02-22,quantile,0.9,1181.5384521484375
2025-02-08,wk inc flu hosp,2,01,2025-02-22,quantile,0.95,1181.5384521484375
2025-02-08,wk inc flu hosp,2,01,2025-02-22,quantile,0.975,1181.5384521484375
2025-02-08,wk inc flu hosp,2,01,2025-02-22,quantile,0.99,1181.5384521484375
2025-02-08,wk inc flu hosp,3,01,2025-03-01,quantile,0.01,753.6148309326172
2025-02-08,wk inc flu hosp,3,01,2025-03-01,quantile,0.025,769.1838943481446
2025-02-08,wk inc flu hosp,3,01,2025-03-01,quantile,0.05,781.3110931396484
2025-02-08,wk inc flu hosp,3,01,2025-03-01,quantile,0.1,796.8743835449219
2025-02-08,wk inc flu hosp,3,01,2025-03-01,quantile,0.15,813.5060150146485
2025-02-08,wk inc flu hosp,3,01,2025-03-01,quantile,0.2,833.6603637695313
2025-02-08,wk inc flu hosp,3,01,2025-03-01,quantile,0.25,847.6066436767578
2025-02-08,wk inc flu hosp,3,01,2025-03-01,quantile,0.3,854.5075927734375
2025-02-08,wk inc flu hosp,3,01,2025-03-01,quantile,0.35,864.09384765625
2025-02-08,wk inc flu hosp,3,01,2025-03-01,quantile,0.4,873.5069091796875
2025-02-08,wk inc flu hosp,3,01,2025-03-01,quantile,0.45,887.3377136230469
2025-02-08,wk inc flu hosp,3,01,2025-03-01,quantile,0.5,896.2598876953125
2025-02-08,wk inc flu hosp,3,01,2025-03-01,quantile,0.55,907.1744598388672
2025-02-08,wk inc flu hosp,3,01,2025-03-01,quantile,0.6,918.8973754882812
2025-02-08,wk inc flu hosp,3,01,2025-03-01,quantile,0.65,931.1112274169922
2025-02-08,wk inc flu hosp,3,01,2025-03-01,quantile,0.7,939.5136840820312
2025-02-08,wk inc flu hosp,3,01,2025-03-01,quantile,0.75,947.6563110351562
2025-02-08,wk inc flu hosp,3,01,2025-03-01,quantile,0.8,1003.44150390625
2025-02-08,wk inc flu hosp,3,01,2025-03-01,quantile,0.85,1181.5384521484375
2025-02-08,wk inc flu hosp,3,01,2025-03-01,quantile,0.9,1181.5384521484375
2025-02-08,wk inc flu hosp,3,01,2025-03-01,quantile,0.95,1181.5384521484375
2025-02-08,wk inc flu hosp,3,01,2025-03-01,quantile,0.975,1181.5384521484375
2025-02-08,wk inc flu hosp,3,01,2025-03-01,quantile,0.99,1181.5384521484375
2025-02-08,wk inc flu hosp,0,02,2025-02-08,quantile,0.01,4.0180814909935
2025-02-08,wk inc flu hosp,0,02,2025-02-08,quantile,0.025,4.989073276519775
2025-02-08,wk inc flu hosp,0,02,2025-02-08,quantile,0.05,4.989073276519775
2025-02-08,wk inc flu hosp,0,02,2025-02-08,quantile,0.1,7.993246555328369
2025-02-08,wk inc flu hosp,0,02,2025-02-08,quantile,0.15,9.01251983642578
2025-02-08,wk inc flu hosp,0,02,2025-02-08,quantile,0.2,9.01251983642578
2025-02-08,wk inc flu hosp,0,02,2025-02-08,quantile,0.25,10.74260115623474
2025-02-08,wk inc flu hosp,0,02,2025-02-08,quantile,0.3,10.997419357299805
2025-02-08,wk inc flu hosp,0,02,2025-02-08,quantile,0.35,14.001592636108398
2025-02-08,wk inc flu hosp,0,02,2025-02-08,quantile,0.4,15.632430267333993
2025-02-08,wk inc flu hosp,0,02,2025-02-08,quantile,0.45,17.005765914916992
2025-02-08,wk inc flu hosp,0,02,2025-02-08,quantile,0.5,18.02503967285156
2025-02-08,wk inc flu hosp,0,02,2025-02-08,quantile,0.55,18.990665435791016
2025-02-08,wk inc flu hosp,0,02,2025-02-08,quantile,0.6,19.977751541137696
2025-02-08,wk inc flu hosp,0,02,2025-02-08,quantile,0.65,20.975566864013672
2025-02-08,wk inc flu hosp,0,02,2025-02-08,quantile,0.7,21.99483871459961
2025-02-08,wk inc flu hosp,0,02,2025-02-08,quantile,0.75,24.033384323120117
2025-02-08,wk inc flu hosp,0,02,2025-02-08,quantile,0.8,26.21141128540041
2025-02-08,wk inc flu hosp,0,02,2025-02-08,quantile,0.85,29.98808479309082
2025-02-08,wk inc flu hosp,0,02,2025-02-08,quantile,0.9,32.99225997924805
2025-02-08,wk inc flu hosp,0,02,2025-02-08,quantile,0.95,38.032294654846176
2025-02-08,wk inc flu hosp,0,02,2025-02-08,quantile,0.975,42.00477600097656
2025-02-08,wk inc flu hosp,0,02,2025-02-08,quantile,0.99,43.902770729064926
2025-02-08,wk inc flu hosp,1,02,2025-02-15,quantile,0.01,1.9752439653873444
2025-02-08,wk inc flu hosp,1,02,2025-02-15,quantile,0.025,2.9786914527416233
2025-02-08,wk inc flu hosp,1,02,2025-02-15,quantile,0.05,4.023446083068848
2025-02-08,wk inc flu hosp,1,02,2025-02-15,quantile,0.1,4.989073276519775
2025-02-08,wk inc flu hosp,1,02,2025-02-15,quantile,0.15,6.973973274230957
2025-02-08,wk inc flu hosp,1,02,2025-02-15,quantile,0.2,7.993246555328369
2025-02-08,wk inc flu hosp,1,02,2025-02-15,quantile,0.25,9.01251983642578
2025-02-08,wk inc flu hosp,1,02,2025-02-15,quantile,0.3,9.97814655303955
2025-02-08,wk inc flu hosp,1,02,2025-02-15,quantile,0.35,10.997419357299805
2025-02-08,wk inc flu hosp,1,02,2025-02-15,quantile,0.4,12.01669216156006
2025-02-08,wk inc flu hosp,1,02,2025-02-15,quantile,0.45,13.567060184478756
2025-02-08,wk inc flu hosp,1,02,2025-02-15,quantile,0.5,15.020865440368652
2025-02-08,wk inc flu hosp,1,02,2025-02-15,quantile,0.55,16.445165872573856
2025-02-08,wk inc flu hosp,1,02,2025-02-15,quantile,0.6,18.990665435791016
2025-02-08,wk inc flu hosp,1,02,2025-02-15,quantile,0.65,20.009939193725582
2025-02-08,wk inc flu hosp,1,02,2025-02-15,quantile,0.7,20.991660690307615
2025-02-08,wk inc flu hosp,1,02,2025-02-15,quantile,0.75,23.939505100250244
2025-02-08,wk inc flu hosp,1,02,2025-02-15,quantile,0.8,24.033384323120117
2025-02-08,wk inc flu hosp,1,02,2025-02-15,quantile,0.85,25.972686576843262
2025-02-08,wk inc flu hosp,1,02,2025-02-15,quantile,0.9,28.20167522430419
2025-02-08,wk inc flu hosp,1,02,2025-02-15,quantile,0.95,36.10372543334961
2025-02-08,wk inc flu hosp,1,02,2025-02-15,quantile,0.975,38.03095340728761
2025-02-08,wk inc flu hosp,1,02,2025-02-15,quantile,0.99,43.905989494323705
2025-02-08,wk inc flu hosp,2,02,2025-02-22,quantile,0.01,1.0192731618881226
2025-02-08,wk inc flu hosp,2,02,2025-02-22,quantile,0.025,1.0192731618881226
2025-02-08,wk inc flu hosp,2,02,2025-02-22,quantile,0.05,3.0041732788085938
2025-02-08,wk inc flu hosp,2,02,2025-02-22,quantile,0.1,4.989073276519775
2025-02-08,wk inc flu hosp,2,02,2025-02-22,quantile,0.15,6.008346080780029
2025-02-08,wk inc flu hosp,2,02,2025-02-22,quantile,0.2,6.780847835540776
2025-02-08,wk inc flu hosp,2,02,2025-02-22,quantile,0.25,7.993246555328369
2025-02-08,wk inc flu hosp,2,02,2025-02-22,quantile,0.3,9.01251983642578
2025-02-08,wk inc flu hosp,2,02,2025-02-22,quantile,0.35,9.97814655303955
2025-02-08,wk inc flu hosp,2,02,2025-02-22,quantile,0.4,10.997419357299805
2025-02-08,wk inc flu hosp,2,02,2025-02-22,quantile,0.45,10.997419357299805
2025-02-08,wk inc flu hosp,2,02,2025-02-22,quantile,0.5,12.01669216156006
2025-02-08,wk inc flu hosp,2,02,2025-02-22,quantile,0.55,14.001592636108398
2025-02-08,wk inc flu hosp,2,02,2025-02-22,quantile,0.6,15.40711650848388
2025-02-08,wk inc flu hosp,2,02,2025-02-22,quantile,0.65,17.005765914916992
2025-02-08,wk inc flu hosp,2,02,2025-02-22,quantile,0.7,18.041133499145506
2025-02-08,wk inc flu hosp,2,02,2025-02-22,quantile,0.75,20.009939193725582
2025-02-08,wk inc flu hosp,2,02,2025-02-22,quantile,0.8,21.99483871459961
2025-02-08,wk inc flu hosp,2,02,2025-02-22,quantile,0.85,24.170181846618657
2025-02-08,wk inc flu hosp,2,02,2025-02-22,quantile,0.9,26.114848518371577
2025-02-08,wk inc flu hosp,2,02,2025-02-22,quantile,0.95,36.07153739929197
2025-02-08,wk inc flu hosp,2,02,2025-02-22,quantile,0.975,37.929025936126706
2025-02-08,wk inc flu hosp,2,02,2025-02-22,quantile,0.99,40.03972736358641
2025-02-08,wk inc flu hosp,3,02,2025-03-01,quantile,0.01,1.0192731618881226
2025-02-08,wk inc flu hosp,3,02,2025-03-01,quantile,0.025,1.0192731618881226
2025-02-08,wk inc flu hosp,3,02,2025-03-01,quantile,0.05,1.9849002361297607
2025-02-08,wk inc flu hosp,3,02,2025-03-01,quantile,0.1,4.023446083068848
2025-02-08,wk inc flu hosp,3,02,2025-03-01,quantile,0.15,4.989073276519775
2025-02-08,wk inc flu hosp,3,02,2025-03-01,quantile,0.2,5.804491519927983
2025-02-08,wk inc flu hosp,3,02,2025-03-01,quantile,0.25,6.008346080780029
2025-02-08,wk inc flu hosp,3,02,2025-03-01,quantile,0.3,6.973973274230957
2025-02-08,wk inc flu hosp,3,02,2025-03-01,quantile,0.35,7.993246555328369
2025-02-08,wk inc flu hosp,3,02,2025-03-01,quantile,0.4,7.993246555328369
2025-02-08,wk inc flu hosp,3,02,2025-03-01,quantile,0.45,9.01251983642578
2025-02-08,wk inc flu hosp,3,02,2025-03-01,quantile,0.5,9.97814655303955
2025-02-08,wk inc flu hosp,3,02,2025-03-01,quantile,0.55,10.997419357299805
2025-02-08,wk inc flu hosp,3,02,2025-03-01,quantile,0.6,12.01669216156006
2025-02-08,wk inc flu hosp,3,02,2025-03-01,quantile,0.65,14.001592636108398
2025-02-08,wk inc flu hosp,3,02,2025-03-01,quantile,0.7,15.020865440368652
2025-02-08,wk inc flu hosp,3,02,2025-03-01,quantile,0.75,17.005765914916992
2025-02-08,wk inc flu hosp,3,02,2025-03-01,quantile,0.8,18.990665435791016
2025-02-08,wk inc flu hosp,3,02,2025-03-01,quantile,0.85,21.128457641601567
2025-02-08,wk inc flu hosp,3,02,2025-03-01,quantile,0.9,24.033384323120117
2025-02-08,wk inc flu hosp,3,02,2025-03-01,quantile,0.95,33.094187355041484
2025-02-08,wk inc flu hosp,3,02,2025-03-01,quantile,0.975,38.006812763214114
2025-02-08,wk inc flu hosp,3,02,2025-03-01,quantile,0.99,40.01665946960445
2025-02-08,wk inc flu hosp,0,04,2025-02-08,quantile,0.01,345.554931640625
2025-02-08,wk inc flu hosp,0,04,2025-02-08,quantile,0.025,356.47922439575194
2025-02-08,wk inc flu hosp,0,04,2025-02-08,quantile,0.05,365.575178527832
2025-02-08,wk inc flu hosp,0,04,2025-02-08,quantile,0.1,381.9387481689453
2025-02-08,wk inc flu hosp,0,04,2025-02-08,quantile,0.15,391.2632751464844
2025-02-08,wk inc flu hosp,0,04,2025-02-08,quantile,0.2,400.4049072265625
2025-02-08,wk inc flu hosp,0,04,2025-02-08,quantile,0.25,407.2611541748047
2025-02-08,wk inc flu hosp,0,04,2025-02-08,quantile,0.3,420.5166015625
2025-02-08,wk inc flu hosp,0,04,2025-02-08,quantile,0.35,426.0015869140625
2025-02-08,wk inc flu hosp,0,04,2025-02-08,quantile,0.4,431.486572265625
2025-02-08,wk inc flu hosp,0,04,2025-02-08,quantile,0.45,448.1244094848633
2025-02-08,wk inc flu hosp,0,04,2025-02-08,quantile,0.5,457.083251953125
2025-02-08,wk inc flu hosp,0,04,2025-02-08,quantile,0.55,467.0476531982422
2025-02-08,wk inc flu hosp,0,04,2025-02-08,quantile,0.6,479.0232238769531
2025-02-08,wk inc flu hosp,0,04,2025-02-08,quantile,0.65,490.63314361572264
2025-02-08,wk inc flu hosp,0,04,2025-02-08,quantile,0.7,499.6833892822265
2025-02-08,wk inc flu hosp,0,04,2025-02-08,quantile,0.75,522.9031982421875
2025-02-08,wk inc flu hosp,0,04,2025-02-08,quantile,0.8,544.1118896484376
2025-02-08,wk inc flu hosp,0,04,2025-02-08,quantile,0.85,561.2982177734375
2025-02-08,wk inc flu hosp,0,04,2025-02-08,quantile,0.9,574.2793884277344
2025-02-08,wk inc flu hosp,0,04,2025-02-08,quantile,0.95,601.6129638671874
2025-02-08,wk inc flu hosp,0,04,2025-02-08,quantile,0.975,618.0222702026367
2025-02-08,wk inc flu hosp,0,04,2025-02-08,quantile,0.99,630.8114080810547
2025-02-08,wk inc flu hosp,1,04,2025-02-15,quantile,0.01,221.04545349121096
2025-02-08,wk inc flu hosp,1,04,2025-02-15,quantile,0.025,239.2830852508545
2025-02-08,wk inc flu hosp,1,04,2025-02-15,quantile,0.05,250.39019622802735
2025-02-08,wk inc flu hosp,1,04,2025-02-15,quantile,0.1,263.0971313476563
2025-02-08,wk inc flu hosp,1,04,2025-02-15,quantile,0.15,272.421630859375
2025-02-08,wk inc flu hosp,1,04,2025-02-15,quantile,0.2,285.2199401855469
2025-02-08,wk inc flu hosp,1,04,2025-02-15,quantile,0.25,290.7049255371094
2025-02-08,wk inc flu hosp,1,04,2025-02-15,quantile,0.3,299.29811706542966
2025-02-08,wk inc flu hosp,1,04,2025-02-15,quantile,0.35,309.53676300048824
2025-02-08,wk inc flu hosp,1,04,2025-02-15,quantile,0.4,321.7865905761719
2025-02-08,wk inc flu hosp,1,04,2025-02-15,quantile,0.45,332.9394393920898
2025-02-08,wk inc flu hosp,1,04,2025-02-15,quantile,0.5,344.64076232910156
2025-02-08,wk inc flu hosp,1,04,2025-02-15,quantile,0.55,352.8682556152344
2025-02-08,wk inc flu hosp,1,04,2025-02-15,quantile,0.6,364.56959228515626
2025-02-08,wk inc flu hosp,1,04,2025-02-15,quantile,0.65,380.9331619262695
2025-02-08,wk inc flu hosp,1,04,2025-02-15,quantile,0.7,393.0915832519531
2025-02-08,wk inc flu hosp,1,04,2025-02-15,quantile,0.75,413.2032470703125
2025-02-08,wk inc flu hosp,1,04,2025-02-15,quantile,0.8,424.1732482910156
2025-02-08,wk inc flu hosp,1,04,2025-02-15,quantile,0.85,435.6917465209961
2025-02-08,wk inc flu hosp,1,04,2025-02-15,quantile,0.9,466.2249145507813
2025-02-08,wk inc flu hosp,1,04,2025-02-15,quantile,0.95,505.0769561767577
2025-02-08,wk inc flu hosp,1,04,2025-02-15,quantile,0.975,528.4796615600586
2025-02-08,wk inc flu hosp,1,04,2025-02-15,quantile,0.99,554.0214300537109
2025-02-08,wk inc flu hosp,2,04,2025-02-22,quantile,0.01,157.23663330078125
2025-02-08,wk inc flu hosp,2,04,2025-02-22,quantile,0.025,162.63021697998047
2025-02-08,wk inc flu hosp,2,04,2025-02-22,quantile,0.05,171.86329650878906
2025-02-08,wk inc flu hosp,2,04,2025-02-22,quantile,0.1,191.9749755859375
2025-02-08,wk inc flu hosp,2,04,2025-02-22,quantile,0.15,206.60162353515625
2025-02-08,wk inc flu hosp,2,04,2025-02-22,quantile,0.2,215.37762145996095
2025-02-08,wk inc flu hosp,2,04,2025-02-22,quantile,0.25,224.4278793334961
2025-02-08,wk inc flu hosp,2,04,2025-02-22,quantile,0.3,231.64978637695313
2025-02-08,wk inc flu hosp,2,04,2025-02-22,quantile,0.35,235.85494995117188
2025-02-08,wk inc flu hosp,2,04,2025-02-22,quantile,0.4,244.99661254882812
2025-02-08,wk inc flu hosp,2,04,2025-02-22,quantile,0.45,254.1382751464844
2025-02-08,wk inc flu hosp,2,04,2025-02-22,quantile,0.5,265.10829162597656
2025-02-08,wk inc flu hosp,2,04,2025-02-22,quantile,0.55,277.9066162109375
2025-02-08,wk inc flu hosp,2,04,2025-02-22,quantile,0.6,288.8765869140625
2025-02-08,wk inc flu hosp,2,04,2025-02-22,quantile,0.65,300.48653717041014
2025-02-08,wk inc flu hosp,2,04,2025-02-22,quantile,0.7,308.98828125
2025-02-08,wk inc flu hosp,2,04,2025-02-22,quantile,0.75,322.2436752319336
2025-02-08,wk inc flu hosp,2,04,2025-02-22,quantile,0.8,359.45026855468757
2025-02-08,wk inc flu hosp,2,04,2025-02-22,quantile,0.85,375.08250885009767
2025-02-08,wk inc flu hosp,2,04,2025-02-22,quantile,0.9,396.7482604980469
2025-02-08,wk inc flu hosp,2,04,2025-02-22,quantile,0.95,424.1732482910156
2025-02-08,wk inc flu hosp,2,04,2025-02-22,quantile,0.975,446.2960540771485
2025-02-08,wk inc flu hosp,2,04,2025-02-22,quantile,0.99,473.90390502929654
2025-02-08,wk inc flu hosp,3,04,2025-03-01,quantile,0.01,116.95845573425294
2025-02-08,wk inc flu hosp,3,04,2025-03-01,quantile,0.025,118.84164428710938
2025-02-08,wk inc flu hosp,3,04,2025-03-01,quantile,0.05,129.62881164550782
2025-02-08,wk inc flu hosp,3,04,2025-03-01,quantile,0.1,148.094970703125
2025-02-08,wk inc flu hosp,3,04,2025-03-01,quantile,0.15,151.477384185791
2025-02-08,wk inc flu hosp,3,04,2025-03-01,quantile,0.2,161.99029846191408
2025-02-08,wk inc flu hosp,3,04,2025-03-01,quantile,0.25,171.86329650878906
2025-02-08,wk inc flu hosp,3,04,2025-03-01,quantile,0.3,177.34829711914062
2025-02-08,wk inc flu hosp,3,04,2025-03-01,quantile,0.35,184.02171783447264
2025-02-08,wk inc flu hosp,3,04,2025-03-01,quantile,0.4,191.9749755859375
2025-02-08,wk inc flu hosp,3,04,2025-03-01,quantile,0.45,200.29387741088863
2025-02-08,wk inc flu hosp,3,04,2025-03-01,quantile,0.5,207.5157928466797
2025-02-08,wk inc flu hosp,3,04,2025-03-01,quantile,0.55,216.5660385131836
2025-02-08,wk inc flu hosp,3,04,2025-03-01,quantile,0.6,232.9296173095703
2025-02-08,wk inc flu hosp,3,04,2025-03-01,quantile,0.65,241.97986907958983
2025-02-08,wk inc flu hosp,3,04,2025-03-01,quantile,0.7,254.1382751464844
2025-02-08,wk inc flu hosp,3,04,2025-03-01,quantile,0.75,268.76495361328125
2025-02-08,wk inc flu hosp,3,04,2025-03-01,quantile,0.8,278.63794555664066
2025-02-08,wk inc flu hosp,3,04,2025-03-01,quantile,0.85,301.6749572753906
2025-02-08,wk inc flu hosp,3,04,2025-03-01,quantile,0.9,330.92828369140625
2025-02-08,wk inc flu hosp,3,04,2025-03-01,quantile,0.95,352.9596725463867
2025-02-08,wk inc flu hosp,3,04,2025-03-01,quantile,0.975,373.528419494629
2025-02-08,wk inc flu hosp,3,04,2025-03-01,quantile,0.99,439.1289962768552
2025-02-08,wk inc flu hosp,0,05,2025-02-08,quantile,0.01,369.8002978515625
2025-02-08,wk inc flu hosp,0,05,2025-02-08,quantile,0.025,374.95189514160154
2025-02-08,wk inc flu hosp,0,05,2025-02-08,quantile,0.05,397.6333877563477
2025-02-08,wk inc flu hosp,0,05,2025-02-08,quantile,0.1,412.9539794921875
2025-02-08,wk inc flu hosp,0,05,2025-02-08,quantile,0.15,424.5373336791992
2025-02-08,wk inc flu hosp,0,05,2025-02-08,quantile,0.2,433.188720703125
2025-02-08,wk inc flu hosp,0,05,2025-02-08,quantile,0.25,439.692756652832
2025-02-08,wk inc flu hosp,0,05,2025-02-08,quantile,0.3,445.8664154052734
2025-02-08,wk inc flu hosp,0,05,2025-02-08,quantile,0.35,450.1198425292969
2025-02-08,wk inc flu hosp,0,05,2025-02-08,quantile,0.4,459.70037231445315
2025-02-08,wk inc flu hosp,0,05,2025-02-08,quantile,0.45,464.1602783203125
2025-02-08,wk inc flu hosp,0,05,2025-02-08,quantile,0.5,467.8768615722656
2025-02-08,wk inc flu hosp,0,05,2025-02-08,quantile,0.55,471.552165222168
2025-02-08,wk inc flu hosp,0,05,2025-02-08,quantile,0.6,477.5399719238281
2025-02-08,wk inc flu hosp,0,05,2025-02-08,quantile,0.65,489.763427734375
2025-02-08,wk inc flu hosp,0,05,2025-02-08,quantile,0.7,494.966650390625
2025-02-08,wk inc flu hosp,0,05,2025-02-08,quantile,0.75,844.9038696289062
2025-02-08,wk inc flu hosp,0,05,2025-02-08,quantile,0.8,844.9038696289062
2025-02-08,wk inc flu hosp,0,05,2025-02-08,quantile,0.85,844.9038696289062
2025-02-08,wk inc flu hosp,0,05,2025-02-08,quantile,0.9,844.9038696289062
2025-02-08,wk inc flu hosp,0,05,2025-02-08,quantile,0.95,844.9038696289062
2025-02-08,wk inc flu hosp,0,05,2025-02-08,quantile,0.975,844.9038696289062
2025-02-08,wk inc flu hosp,0,05,2025-02-08,quantile,0.99,844.9038696289062
2025-02-08,wk inc flu hosp,1,05,2025-02-15,quantile,0.01,317.4707650756836
2025-02-08,wk inc flu hosp,1,05,2025-02-15,quantile,0.025,345.5805236816406
2025-02-08,wk inc flu hosp,1,05,2025-02-15,quantile,0.05,370.3164703369141
2025-02-08,wk inc flu hosp,1,05,2025-02-15,quantile,0.1,382.7670532226563
2025-02-08,wk inc flu hosp,1,05,2025-02-15,quantile,0.15,402.402993774414
2025-02-08,wk inc flu hosp,1,05,2025-02-15,quantile,0.2,417.0009338378906
2025-02-08,wk inc flu hosp,1,05,2025-02-15,quantile,0.25,432.6725234985352
2025-02-08,wk inc flu hosp,1,05,2025-02-15,quantile,0.3,437.1943878173828
2025-02-08,wk inc flu hosp,1,05,2025-02-15,quantile,0.35,441.5717041015625
2025-02-08,wk inc flu hosp,1,05,2025-02-15,quantile,0.4,445.99029541015625
2025-02-08,wk inc flu hosp,1,05,2025-02-15,quantile,0.45,453.4234619140625
2025-02-08,wk inc flu hosp,1,05,2025-02-15,quantile,0.5,461.47607421875
2025-02-08,wk inc flu hosp,1,05,2025-02-15,quantile,0.55,468.0626815795898
2025-02-08,wk inc flu hosp,1,05,2025-02-15,quantile,0.6,474.4015258789062
2025-02-08,wk inc flu hosp,1,05,2025-02-15,quantile,0.65,482.06183471679685
2025-02-08,wk inc flu hosp,1,05,2025-02-15,quantile,0.7,495.6273529052734
2025-02-08,wk inc flu hosp,1,05,2025-02-15,quantile,0.75,844.9038696289062
2025-02-08,wk inc flu hosp,1,05,2025-02-15,quantile,0.8,844.9038696289062
2025-02-08,wk inc flu hosp,1,05,2025-02-15,quantile,0.85,844.9038696289062
2025-02-08,wk inc flu hosp,1,05,2025-02-15,quantile,0.9,844.9038696289062
2025-02-08,wk inc flu hosp,1,05,2025-02-15,quantile,0.95,844.9038696289062
2025-02-08,wk inc flu hosp,1,05,2025-02-15,quantile,0.975,844.9038696289062
2025-02-08,wk inc flu hosp,1,05,2025-02-15,quantile,0.99,844.9038696289062
2025-02-08,wk inc flu hosp,2,05,2025-02-22,quantile,0.01,269.1881983947754
2025-02-08,wk inc flu hosp,2,05,2025-02-22,quantile,0.025,308.1049644470215
2025-02-08,wk inc flu hosp,2,05,2025-02-22,quantile,0.05,337.0323822021484
2025-02-08,wk inc flu hosp,2,05,2025-02-22,quantile,0.1,351.0108642578125
2025-02-08,wk inc flu hosp,2,05,2025-02-22,quantile,0.15,370.2338790893554
2025-02-08,wk inc flu hosp,2,05,2025-02-22,quantile,0.2,397.4269104003906
2025-02-08,wk inc flu hosp,2,05,2025-02-22,quantile,0.25,409.6503601074219
2025-02-08,wk inc flu hosp,2,05,2025-02-22,quantile,0.3,424.2276153564453
2025-02-08,wk inc flu hosp,2,05,2025-02-22,quantile,0.35,433.8494430541992
2025-02-08,wk inc flu hosp,2,05,2025-02-22,quantile,0.4,440.6219177246094
2025-02-08,wk inc flu hosp,2,05,2025-02-22,quantile,0.45,446.0316055297852
2025-02-08,wk inc flu hosp,2,05,2025-02-22,quantile,0.5,457.14007568359375
2025-02-08,wk inc flu hosp,2,05,2025-02-22,quantile,0.55,466.96837463378904
2025-02-08,wk inc flu hosp,2,05,2025-02-22,quantile,0.6,473.24525756835936
2025-02-08,wk inc flu hosp,2,05,2025-02-22,quantile,0.65,484.1266128540039
2025-02-08,wk inc flu hosp,2,05,2025-02-22,quantile,0.7,503.1018371582031
2025-02-08,wk inc flu hosp,2,05,2025-02-22,quantile,0.75,844.9038696289062
2025-02-08,wk inc flu hosp,2,05,2025-02-22,quantile,0.8,844.9038696289062
2025-02-08,wk inc flu hosp,2,05,2025-02-22,quantile,0.85,844.9038696289062
2025-02-08,wk inc flu hosp,2,05,2025-02-22,quantile,0.9,844.9038696289062
2025-02-08,wk inc flu hosp,2,05,2025-02-22,quantile,0.95,844.9038696289062
2025-02-08,wk inc flu hosp,2,05,2025-02-22,quantile,0.975,844.9038696289062
2025-02-08,wk inc flu hosp,2,05,2025-02-22,quantile,0.99,844.9038696289062
2025-02-08,wk inc flu hosp,3,05,2025-03-01,quantile,0.01,227.09991226196288
2025-02-08,wk inc flu hosp,3,05,2025-03-01,quantile,0.025,290.6886131286621
2025-02-08,wk inc flu hosp,3,05,2025-03-01,quantile,0.05,306.9280471801758
2025-02-08,wk inc flu hosp,3,05,2025-03-01,quantile,0.1,326.9769805908203
2025-02-08,wk inc flu hosp,3,05,2025-03-01,quantile,0.15,345.33276824951173
2025-02-08,wk inc flu hosp,3,05,2025-03-01,quantile,0.2,373.88853149414064
2025-02-08,wk inc flu hosp,3,05,2025-03-01,quantile,0.25,396.0228729248047
2025-02-08,wk inc flu hosp,3,05,2025-03-01,quantile,0.3,413.2430541992187
2025-02-08,wk inc flu hosp,3,05,2025-03-01,quantile,0.35,426.6847030639648
2025-02-08,wk inc flu hosp,3,05,2025-03-01,quantile,0.4,437.15309448242186
2025-02-08,wk inc flu hosp,3,05,2025-03-01,quantile,0.45,441.5304046630859
2025-02-08,wk inc flu hosp,3,05,2025-03-01,quantile,0.5,452.8040618896485
2025-02-08,wk inc flu hosp,3,05,2025-03-01,quantile,0.55,465.0068267822266
2025-02-08,wk inc flu hosp,3,05,2025-03-01,quantile,0.6,472.9974792480469
2025-02-08,wk inc flu hosp,3,05,2025-03-01,quantile,0.65,492.7366943359375
2025-02-08,wk inc flu hosp,3,05,2025-03-01,quantile,0.7,505.8273559570312
2025-02-08,wk inc flu hosp,3,05,2025-03-01,quantile,0.75,787.8129577636719
2025-02-08,wk inc flu hosp,3,05,2025-03-01,quantile,0.8,844.9038696289062
2025-02-08,wk inc flu hosp,3,05,2025-03-01,quantile,0.85,844.9038696289062
2025-02-08,wk inc flu hosp,3,05,2025-03-01,quantile,0.9,844.9038696289062
2025-02-08,wk inc flu hosp,3,05,2025-03-01,quantile,0.95,844.9038696289062
2025-02-08,wk inc flu hosp,3,05,2025-03-01,quantile,0.975,844.9038696289062
2025-02-08,wk inc flu hosp,3,05,2025-03-01,quantile,0.99,844.9038696289062
2025-02-08,wk inc flu hosp,0,06,2025-02-08,quantile,0.01,3884.758532714843
2025-02-08,wk inc flu hosp,0,06,2025-02-08,quantile,0.025,3939.928082275391
2025-02-08,wk inc flu hosp,0,06,2025-02-08,quantile,0.05,3946.505615234375
2025-02-08,wk inc flu hosp,0,06,2025-02-08,quantile,0.1,3975.4144287109375
2025-02-08,wk inc flu hosp,0,06,2025-02-08,quantile,0.15,4001.237194824219
2025-02-08,wk inc flu hosp,0,06,2025-02-08,quantile,0.2,4017.96533203125
2025-02-08,wk inc flu hosp,0,06,2025-02-08,quantile,0.25,4035.0181884765625
2025-02-08,wk inc flu hosp,0,06,2025-02-08,quantile,0.3,4052.7204833984374
2025-02-08,wk inc flu hosp,0,06,2025-02-08,quantile,0.35,4066.6875
2025-02-08,wk inc flu hosp,0,06,2025-02-08,quantile,0.4,4081.629052734375
2025-02-08,wk inc flu hosp,0,06,2025-02-08,quantile,0.45,4097.70732421875
2025-02-08,wk inc flu hosp,0,06,2025-02-08,quantile,0.5,4115.40966796875
2025-02-08,wk inc flu hosp,0,06,2025-02-08,quantile,0.55,4128.40234375
2025-02-08,wk inc flu hosp,0,06,2025-02-08,quantile,0.6,4144.64306640625
2025-02-08,wk inc flu hosp,0,06,2025-02-08,quantile,0.65,4175.01328125
2025-02-08,wk inc flu hosp,0,06,2025-02-08,quantile,0.7,4186.869140625
2025-02-08,wk inc flu hosp,0,06,2025-02-08,quantile,0.75,4199.86181640625
2025-02-08,wk inc flu hosp,0,06,2025-02-08,quantile,0.8,4219.3505859375
2025-02-08,wk inc flu hosp,0,06,2025-02-08,quantile,0.85,4246.3103515625
2025-02-08,wk inc flu hosp,0,06,2025-02-08,quantile,0.9,4264.82470703125
2025-02-08,wk inc flu hosp,0,06,2025-02-08,quantile,0.95,4307.21318359375
2025-02-08,wk inc flu hosp,0,06,2025-02-08,quantile,0.975,4339.938244628906
2025-02-08,wk inc flu hosp,0,06,2025-02-08,quantile,0.99,4368.895551757812
2025-02-08,wk inc flu hosp,1,06,2025-02-15,quantile,0.01,3838.8946337890625
2025-02-08,wk inc flu hosp,1,06,2025-02-15,quantile,0.025,3874.965185546875
2025-02-08,wk inc flu hosp,1,06,2025-02-15,quantile,0.05,3917.1100463867183
2025-02-08,wk inc flu hosp,1,06,2025-02-15,quantile,0.1,3965.66982421875
2025-02-08,wk inc flu hosp,1,06,2025-02-15,quantile,0.15,3991.4929809570312
2025-02-08,wk inc flu hosp,1,06,2025-02-15,quantile,0.2,4021.21337890625
2025-02-08,wk inc flu hosp,1,06,2025-02-15,quantile,0.25,4040.7021484375
2025-02-08,wk inc flu hosp,1,06,2025-02-15,quantile,0.3,4056.943115234375
2025-02-08,wk inc flu hosp,1,06,2025-02-15,quantile,0.35,4068.798889160156
2025-02-08,wk inc flu hosp,1,06,2025-02-15,quantile,0.4,4084.8771484375
2025-02-08,wk inc flu hosp,1,06,2025-02-15,quantile,0.45,4123.69267578125
2025-02-08,wk inc flu hosp,1,06,2025-02-15,quantile,0.5,4159.259765625
2025-02-08,wk inc flu hosp,1,06,2025-02-15,quantile,0.55,4178.586352539062
2025-02-08,wk inc flu hosp,1,06,2025-02-15,quantile,0.6,4199.86181640625
2025-02-08,wk inc flu hosp,1,06,2025-02-15,quantile,0.65,4232.5056640625
2025-02-08,wk inc flu hosp,1,06,2025-02-15,quantile,0.7,4252.806591796875
2025-02-08,wk inc flu hosp,1,06,2025-02-15,quantile,0.75,4278.6295166015625
2025-02-08,wk inc flu hosp,1,06,2025-02-15,quantile,0.8,4310.298828125
2025-02-08,wk inc flu hosp,1,06,2025-02-15,quantile,0.85,4359.50869140625
2025-02-08,wk inc flu hosp,1,06,2025-02-15,quantile,0.9,4398.323828125
2025-02-08,wk inc flu hosp,1,06,2025-02-15,quantile,0.95,4446.7216796875
2025-02-08,wk inc flu hosp,1,06,2025-02-15,quantile,0.975,4480.096362304687
2025-02-08,wk inc flu hosp,1,06,2025-02-15,quantile,0.99,4560.536665039062
2025-02-08,wk inc flu hosp,2,06,2025-02-22,quantile,0.01,3738.1692822265622
2025-02-08,wk inc flu hosp,2,06,2025-02-22,quantile,0.025,3850.604284667969
2025-02-08,wk inc flu hosp,2,06,2025-02-22,quantile,0.05,3893.8857666015624
2025-02-08,wk inc flu hosp,2,06,2025-02-22,quantile,0.1,3956.250244140625
2025-02-08,wk inc flu hosp,2,06,2025-02-22,quantile,0.15,3975.7392578125
2025-02-08,wk inc flu hosp,2,06,2025-02-22,quantile,0.2,4001.0748046875
2025-02-08,wk inc flu hosp,2,06,2025-02-22,quantile,0.25,4020.4013671875
2025-02-08,wk inc flu hosp,2,06,2025-02-22,quantile,0.3,4047.523559570313
2025-02-08,wk inc flu hosp,2,06,2025-02-22,quantile,0.35,4066.6875
2025-02-08,wk inc flu hosp,2,06,2025-02-22,quantile,0.4,4093.3224609375
2025-02-08,wk inc flu hosp,2,06,2025-02-22,quantile,0.45,4125.154296875
2025-02-08,wk inc flu hosp,2,06,2025-02-22,quantile,0.5,4157.6357421875
2025-02-08,wk inc flu hosp,2,06,2025-02-22,quantile,0.55,4196.28896484375
2025-02-08,wk inc flu hosp,2,06,2025-02-22,quantile,0.6,4245.3359375
2025-02-08,wk inc flu hosp,2,06,2025-02-22,quantile,0.65,4285.450463867188
2025-02-08,wk inc flu hosp,2,06,2025-02-22,quantile,0.7,4339.5322265625
2025-02-08,wk inc flu hosp,2,06,2025-02-22,quantile,0.75,4358.2091064453125
2025-02-08,wk inc flu hosp,2,06,2025-02-22,quantile,0.8,4410.99169921875
2025-02-08,wk inc flu hosp,2,06,2025-02-22,quantile,0.85,4443.960424804687
2025-02-08,wk inc flu hosp,2,06,2025-02-22,quantile,0.9,4516.231884765625
2025-02-08,wk inc flu hosp,2,06,2025-02-22,quantile,0.95,4602.79521484375
2025-02-08,wk inc flu hosp,2,06,2025-02-22,quantile,0.975,4629.105383300782
2025-02-08,wk inc flu hosp,2,06,2025-02-22,quantile,0.99,4755.490791015624
2025-02-08,wk inc flu hosp,3,06,2025-03-01,quantile,0.01,3530.417373046875
2025-02-08,wk inc flu hosp,3,06,2025-03-01,quantile,0.025,3738.5428161621094
2025-02-08,wk inc flu hosp,3,06,2025-03-01,quantile,0.05,3871.6359252929688
2025-02-08,wk inc flu hosp,3,06,2025-03-01,quantile,0.1,3923.4439697265625
2025-02-08,wk inc flu hosp,3,06,2025-03-01,quantile,0.15,3961.772131347656
2025-02-08,wk inc flu hosp,3,06,2025-03-01,quantile,0.2,3985.48388671875
2025-02-08,wk inc flu hosp,3,06,2025-03-01,quantile,0.25,4008.220703125
2025-02-08,wk inc flu hosp,3,06,2025-03-01,quantile,0.3,4036.4798583984375
2025-02-08,wk inc flu hosp,3,06,2025-03-01,quantile,0.35,4056.943115234375
2025-02-08,wk inc flu hosp,3,06,2025-03-01,quantile,0.4,4082.928466796875
2025-02-08,wk inc flu hosp,3,06,2025-03-01,quantile,0.45,4121.90625
2025-02-08,wk inc flu hosp,3,06,2025-03-01,quantile,0.5,4167.38037109375
2025-02-08,wk inc flu hosp,3,06,2025-03-01,quantile,0.55,4213.666455078125
2025-02-08,wk inc flu hosp,3,06,2025-03-01,quantile,0.6,4286.912109375
2025-02-08,wk inc flu hosp,3,06,2025-03-01,quantile,0.65,4359.021484375
2025-02-08,wk inc flu hosp,3,06,2025-03-01,quantile,0.7,4397.674365234375
2025-02-08,wk inc flu hosp,3,06,2025-03-01,quantile,0.75,4437.7890625
2025-02-08,wk inc flu hosp,3,06,2025-03-01,quantile,0.8,4491.54580078125
2025-02-08,wk inc flu hosp,3,06,2025-03-01,quantile,0.85,4553.91015625
2025-02-08,wk inc flu hosp,3,06,2025-03-01,quantile,0.9,4594.837060546874
2025-02-08,wk inc flu hosp,3,06,2025-03-01,quantile,0.95,4752.0478515625
2025-02-08,wk inc flu hosp,3,06,2025-03-01,quantile,0.975,4797.927990722656
2025-02-08,wk inc flu hosp,3,06,2025-03-01,quantile,0.99,4976.17041015625
2025-02-08,wk inc flu hosp,0,08,2025-02-08,quantile,0.01,440.6739144897461
2025-02-08,wk inc flu hosp,0,08,2025-02-08,quantile,0.025,445.1756896972656
2025-02-08,wk inc flu hosp,0,08,2025-02-08,quantile,0.05,449.6218872070313
2025-02-08,wk inc flu hosp,0,08,2025-02-08,quantile,0.1,457.1248229980469
2025-02-08,wk inc flu hosp,0,08,2025-02-08,quantile,0.15,463.3495040893555
2025-02-08,wk inc flu hosp,0,08,2025-02-08,quantile,0.2,476.299072265625
2025-02-08,wk inc flu hosp,0,08,2025-02-08,quantile,0.25,481.4400100708008
2025-02-08,wk inc flu hosp,0,08,2025-02-08,quantile,0.3,493.8059875488281
2025-02-08,wk inc flu hosp,0,08,2025-02-08,quantile,0.35,496.3069763183594
2025-02-08,wk inc flu hosp,0,08,2025-02-08,quantile,0.4,501.0866149902343
2025-02-08,wk inc flu hosp,0,08,2025-02-08,quantile,0.45,505.755126953125
2025-02-08,wk inc flu hosp,0,08,2025-02-08,quantile,0.5,509.9234313964844
2025-02-08,wk inc flu hosp,0,08,2025-02-08,quantile,0.55,514.3419006347656
2025-02-08,wk inc flu hosp,0,08,2025-02-08,quantile,0.6,517.6487426757812
2025-02-08,wk inc flu hosp,0,08,2025-02-08,quantile,0.65,520.7610473632812
2025-02-08,wk inc flu hosp,0,08,2025-02-08,quantile,0.7,528.152880859375
2025-02-08,wk inc flu hosp,0,08,2025-02-08,quantile,0.75,532.0155181884766
2025-02-08,wk inc flu hosp,0,08,2025-02-08,quantile,0.8,539.7685668945312
2025-02-08,wk inc flu hosp,0,08,2025-02-08,quantile,0.85,550.77294921875
2025-02-08,wk inc flu hosp,0,08,2025-02-08,quantile,0.9,1137.1153564453125
2025-02-08,wk inc flu hosp,0,08,2025-02-08,quantile,0.95,1137.1153564453125
2025-02-08,wk inc flu hosp,0,08,2025-02-08,quantile,0.975,1137.1153564453125
2025-02-08,wk inc flu hosp,0,08,2025-02-08,quantile,0.99,1137.1153564453125
2025-02-08,wk inc flu hosp,1,08,2025-02-15,quantile,0.01,404.57077941894534
2025-02-08,wk inc flu hosp,1,08,2025-02-15,quantile,0.025,411.7041435241699
2025-02-08,wk inc flu hosp,1,08,2025-02-15,quantile,0.05,414.0244888305664
2025-02-08,wk inc flu hosp,1,08,2025-02-15,quantile,0.1,424.5008453369141
2025-02-08,wk inc flu hosp,1,08,2025-02-15,quantile,0.15,439.6179504394531
2025-02-08,wk inc flu hosp,1,08,2025-02-15,quantile,0.2,448.621484375
2025-02-08,wk inc flu hosp,1,08,2025-02-15,quantile,0.25,455.0406799316406
2025-02-08,wk inc flu hosp,1,08,2025-02-15,quantile,0.3,466.0727966308594
2025-02-08,wk inc flu hosp,1,08,2025-02-15,quantile,0.35,476.104557800293
2025-02-08,wk inc flu hosp,1,08,2025-02-15,quantile,0.4,485.85841064453126
2025-02-08,wk inc flu hosp,1,08,2025-02-15,quantile,0.45,491.3605712890625
2025-02-08,wk inc flu hosp,1,08,2025-02-15,quantile,0.5,497.9742736816406
2025-02-08,wk inc flu hosp,1,08,2025-02-15,quantile,0.55,501.3089294433594
2025-02-08,wk inc flu hosp,1,08,2025-02-15,quantile,0.6,505.4216552734375
2025-02-08,wk inc flu hosp,1,08,2025-02-15,quantile,0.65,514.2863220214844
2025-02-08,wk inc flu hosp,1,08,2025-02-15,quantile,0.7,521.8726196289062
2025-02-08,wk inc flu hosp,1,08,2025-02-15,quantile,0.75,530.7650146484375
2025-02-08,wk inc flu hosp,1,08,2025-02-15,quantile,0.8,546.4378662109375
2025-02-08,wk inc flu hosp,1,08,2025-02-15,quantile,0.85,568.474334716797
2025-02-08,wk inc flu hosp,1,08,2025-02-15,quantile,0.9,1137.1153564453125
2025-02-08,wk inc flu hosp,1,08,2025-02-15,quantile,0.95,1137.1153564453125
2025-02-08,wk inc flu hosp,1,08,2025-02-15,quantile,0.975,1137.1153564453125
2025-02-08,wk inc flu hosp,1,08,2025-02-15,quantile,0.99,1137.1153564453125
2025-02-08,wk inc flu hosp,2,08,2025-02-22,quantile,0.01,366.2556457519531
2025-02-08,wk inc flu hosp,2,08,2025-02-22,quantile,0.025,372.341382598877
2025-02-08,wk inc flu hosp,2,08,2025-02-22,quantile,0.05,383.95706939697266
2025-02-08,wk inc flu hosp,2,08,2025-02-22,quantile,0.1,411.1622528076171
2025-02-08,wk inc flu hosp,2,08,2025-02-22,quantile,0.15,417.303564453125
2025-02-08,wk inc flu hosp,2,08,2025-02-22,quantile,0.2,430.6143676757813
2025-02-08,wk inc flu hosp,2,08,2025-02-22,quantile,0.25,440.4516067504883
2025-02-08,wk inc flu hosp,2,08,2025-02-22,quantile,0.3,448.3991760253906
2025-02-08,wk inc flu hosp,2,08,2025-02-22,quantile,0.35,467.0176071166992
2025-02-08,wk inc flu hosp,2,08,2025-02-22,quantile,0.4,479.41142578125
2025-02-08,wk inc flu hosp,2,08,2025-02-22,quantile,0.45,486.41417999267577
2025-02-08,wk inc flu hosp,2,08,2025-02-22,quantile,0.5,491.5828857421875
2025-02-08,wk inc flu hosp,2,08,2025-02-22,quantile,0.55,498.4744812011719
2025-02-08,wk inc flu hosp,2,08,2025-02-22,quantile,0.6,503.8654907226562
2025-02-08,wk inc flu hosp,2,08,2025-02-22,quantile,0.65,513.9250610351562
2025-02-08,wk inc flu hosp,2,08,2025-02-22,quantile,0.7,524.8182250976563
2025-02-08,wk inc flu hosp,2,08,2025-02-22,quantile,0.75,535.4890747070312
2025-02-08,wk inc flu hosp,2,08,2025-02-22,quantile,0.8,554.3298583984375
2025-02-08,wk inc flu hosp,2,08,2025-02-22,quantile,0.85,589.3714935302735
2025-02-08,wk inc flu hosp,2,08,2025-02-22,quantile,0.9,1137.1153564453125
2025-02-08,wk inc flu hosp,2,08,2025-02-22,quantile,0.95,1137.1153564453125
2025-02-08,wk inc flu hosp,2,08,2025-02-22,quantile,0.975,1137.1153564453125
2025-02-08,wk inc flu hosp,2,08,2025-02-22,quantile,0.99,1137.1153564453125
2025-02-08,wk inc flu hosp,3,08,2025-03-01,quantile,0.01,332.3533935546875
2025-02-08,wk inc flu hosp,3,08,2025-03-01,quantile,0.025,341.10684432983396
2025-02-08,wk inc flu hosp,3,08,2025-03-01,quantile,0.05,359.58636474609375
2025-02-08,wk inc flu hosp,3,08,2025-03-01,quantile,0.1,387.7085388183594
2025-02-08,wk inc flu hosp,3,08,2025-03-01,quantile,0.15,404.3540267944336
2025-02-08,wk inc flu hosp,3,08,2025-03-01,quantile,0.2,418.0538635253906
2025-02-08,wk inc flu hosp,3,08,2025-03-01,quantile,0.25,430.8644561767578
2025-02-08,wk inc flu hosp,3,08,2025-03-01,quantile,0.3,438.9510162353516
2025-02-08,wk inc flu hosp,3,08,2025-03-01,quantile,0.35,461.2931518554687
2025-02-08,wk inc flu hosp,3,08,2025-03-01,quantile,0.4,470.2966796875001
2025-02-08,wk inc flu hosp,3,08,2025-03-01,quantile,0.45,483.82982177734374
2025-02-08,wk inc flu hosp,3,08,2025-03-01,quantile,0.5,491.3049926757813
2025-02-08,wk inc flu hosp,3,08,2025-03-01,quantile,0.55,499.6416015625
2025-02-08,wk inc flu hosp,3,08,2025-03-01,quantile,0.6,508.0893859863281
2025-02-08,wk inc flu hosp,3,08,2025-03-01,quantile,0.65,514.8420867919922
2025-02-08,wk inc flu hosp,3,08,2025-03-01,quantile,0.7,525.4851501464843
2025-02-08,wk inc flu hosp,3,08,2025-03-01,quantile,0.75,540.6300201416016
2025-02-08,wk inc flu hosp,3,08,2025-03-01,quantile,0.8,565.8899658203125
2025-02-08,wk inc flu hosp,3,08,2025-03-01,quantile,0.85,609.4627349853516
2025-02-08,wk inc flu hosp,3,08,2025-03-01,quantile,0.9,1137.1153564453125
2025-02-08,wk inc flu hosp,3,08,2025-03-01,quantile,0.95,1137.1153564453125
2025-02-08,wk inc flu hosp,3,08,2025-03-01,quantile,0.975,1137.1153564453125
2025-02-08,wk inc flu hosp,3,08,2025-03-01,quantile,0.99,1137.1153564453125
2025-02-08,wk inc flu hosp,0,09,2025-02-08,quantile,0.01,397.0892388916015
2025-02-08,wk inc flu hosp,0,09,2025-02-08,quantile,0.025,406.85827865600584
2025-02-08,wk inc flu hosp,0,09,2025-02-08,quantile,0.05,416.904606628418
2025-02-08,wk inc flu hosp,0,09,2025-02-08,quantile,0.1,455.9736785888672
2025-02-08,wk inc flu hosp,0,09,2025-02-08,quantile,0.15,480.13529815673826
2025-02-08,wk inc flu hosp,0,09,2025-02-08,quantile,0.2,485.3204711914062
2025-02-08,wk inc flu hosp,0,09,2025-02-08,quantile,0.25,496.5550765991211
2025-02-08,wk inc flu hosp,0,09,2025-02-08,quantile,0.3,505.0530639648437
2025-02-08,wk inc flu hosp,0,09,2025-02-08,quantile,0.35,514.1991577148438
2025-02-08,wk inc flu hosp,0,09,2025-02-08,quantile,0.4,527.3782348632812
2025-02-08,wk inc flu hosp,0,09,2025-02-08,quantile,0.45,536.8304046630859
2025-02-08,wk inc flu hosp,0,09,2025-02-08,quantile,0.5,729.8891906738281
2025-02-08,wk inc flu hosp,0,09,2025-02-08,quantile,0.55,736.7307739257812
2025-02-08,wk inc flu hosp,0,09,2025-02-08,quantile,0.6,736.7307739257812
2025-02-08,wk inc flu hosp,0,09,2025-02-08,quantile,0.65,736.7307739257812
2025-02-08,wk inc flu hosp,0,09,2025-02-08,quantile,0.7,736.7307739257812
2025-02-08,wk inc flu hosp,0,09,2025-02-08,quantile,0.75,736.7307739257812
2025-02-08,wk inc flu hosp,0,09,2025-02-08,quantile,0.8,736.7307739257812
2025-02-08,wk inc flu hosp,0,09,2025-02-08,quantile,0.85,736.7307739257812
2025-02-08,wk inc flu hosp,0,09,2025-02-08,quantile,0.9,736.7307739257812
2025-02-08,wk inc flu hosp,0,09,2025-02-08,quantile,0.95,736.7307739257812
2025-02-08,wk inc flu hosp,0,09,2025-02-08,quantile,0.975,736.7307739257812
2025-02-08,wk inc flu hosp,0,09,2025-02-08,quantile,0.99,736.7307739257812
2025-02-08,wk inc flu hosp,1,09,2025-02-15,quantile,0.01,354.18168060302736
2025-02-08,wk inc flu hosp,1,09,2025-02-15,quantile,0.025,379.16787109375
2025-02-08,wk inc flu hosp,1,09,2025-02-15,quantile,0.05,398.8824523925781
2025-02-08,wk inc flu hosp,1,09,2025-02-15,quantile,0.1,448.5559692382813
2025-02-08,wk inc flu hosp,1,09,2025-02-15,quantile,0.15,481.4135665893554
2025-02-08,wk inc flu hosp,1,09,2025-02-15,quantile,0.2,491.94602661132814
2025-02-08,wk inc flu hosp,1,09,2025-02-15,quantile,0.25,509.24800872802734
2025-02-08,wk inc flu hosp,1,09,2025-02-15,quantile,0.3,523.8134155273438
2025-02-08,wk inc flu hosp,1,09,2025-02-15,quantile,0.35,535.9121917724609
2025-02-08,wk inc flu hosp,1,09,2025-02-15,quantile,0.4,551.6478271484375
2025-02-08,wk inc flu hosp,1,09,2025-02-15,quantile,0.45,561.8382171630859
2025-02-08,wk inc flu hosp,1,09,2025-02-15,quantile,0.5,729.3490600585938
2025-02-08,wk inc flu hosp,1,09,2025-02-15,quantile,0.55,736.7307739257812
2025-02-08,wk inc flu hosp,1,09,2025-02-15,quantile,0.6,736.7307739257812
2025-02-08,wk inc flu hosp,1,09,2025-02-15,quantile,0.65,736.7307739257812
2025-02-08,wk inc flu hosp,1,09,2025-02-15,quantile,0.7,736.7307739257812
2025-02-08,wk inc flu hosp,1,09,2025-02-15,quantile,0.75,736.7307739257812
2025-02-08,wk inc flu hosp,1,09,2025-02-15,quantile,0.8,736.7307739257812
2025-02-08,wk inc flu hosp,1,09,2025-02-15,quantile,0.85,736.7307739257812
2025-02-08,wk inc flu hosp,1,09,2025-02-15,quantile,0.9,736.7307739257812
2025-02-08,wk inc flu hosp,1,09,2025-02-15,quantile,0.95,736.7307739257812
2025-02-08,wk inc flu hosp,1,09,2025-02-15,quantile,0.975,736.7307739257812
2025-02-08,wk inc flu hosp,1,09,2025-02-15,quantile,0.99,736.7307739257812
2025-02-08,wk inc flu hosp,2,09,2025-02-22,quantile,0.01,326.0699575805664
2025-02-08,wk inc flu hosp,2,09,2025-02-22,quantile,0.025,345.59909591674807
2025-02-08,wk inc flu hosp,2,09,2025-02-22,quantile,0.05,383.2728408813476
2025-02-08,wk inc flu hosp,2,09,2025-02-22,quantile,0.1,448.5199615478515
2025-02-08,wk inc flu hosp,2,09,2025-02-22,quantile,0.15,479.1630340576172
2025-02-08,wk inc flu hosp,2,09,2025-02-22,quantile,0.2,495.1147766113281
2025-02-08,wk inc flu hosp,2,09,2025-02-22,quantile,0.25,517.5299530029297
2025-02-08,wk inc flu hosp,2,09,2025-02-22,quantile,0.3,539.58505859375
2025-02-08,wk inc flu hosp,2,09,2025-02-22,quantile,0.35,557.9853332519531
2025-02-08,wk inc flu hosp,2,09,2025-02-22,quantile,0.4,579.3022705078125
2025-02-08,wk inc flu hosp,2,09,2025-02-22,quantile,0.45,590.536865234375
2025-02-08,wk inc flu hosp,2,09,2025-02-22,quantile,0.5,735.8305358886719
2025-02-08,wk inc flu hosp,2,09,2025-02-22,quantile,0.55,736.7307739257812
2025-02-08,wk inc flu hosp,2,09,2025-02-22,quantile,0.6,736.7307739257812
2025-02-08,wk inc flu hosp,2,09,2025-02-22,quantile,0.65,736.7307739257812
2025-02-08,wk inc flu hosp,2,09,2025-02-22,quantile,0.7,736.7307739257812
2025-02-08,wk inc flu hosp,2,09,2025-02-22,quantile,0.75,736.7307739257812
2025-02-08,wk inc flu hosp,2,09,2025-02-22,quantile,0.8,736.7307739257812
2025-02-08,wk inc flu hosp,2,09,2025-02-22,quantile,0.85,736.7307739257812
2025-02-08,wk inc flu hosp,2,09,2025-02-22,quantile,0.9,736.7307739257812
2025-02-08,wk inc flu hosp,2,09,2025-02-22,quantile,0.95,736.7307739257812
2025-02-08,wk inc flu hosp,2,09,2025-02-22,quantile,0.975,736.7307739257812
2025-02-08,wk inc flu hosp,2,09,2025-02-22,quantile,0.99,736.7307739257812
2025-02-08,wk inc flu hosp,3,09,2025-03-01,quantile,0.01,304.0652603149414
2025-02-08,wk inc flu hosp,3,09,2025-03-01,quantile,0.025,315.96424560546876
2025-02-08,wk inc flu hosp,3,09,2025-03-01,quantile,0.05,365.80877990722655
2025-02-08,wk inc flu hosp,3,09,2025-03-01,quantile,0.1,444.9551177978516
2025-02-08,wk inc flu hosp,3,09,2025-03-01,quantile,0.15,480.081282043457
2025-02-08,wk inc flu hosp,3,09,2025-03-01,quantile,0.2,501.4522216796875
2025-02-08,wk inc flu hosp,3,09,2025-03-01,quantile,0.25,532.473388671875
2025-02-08,wk inc flu hosp,3,09,2025-03-01,quantile,0.3,556.8330688476562
2025-02-08,wk inc flu hosp,3,09,2025-03-01,quantile,0.35,580.0944213867188
2025-02-08,wk inc flu hosp,3,09,2025-03-01,quantile,0.4,600.4031616210938
2025-02-08,wk inc flu hosp,3,09,2025-03-01,quantile,0.45,616.8229370117188
2025-02-08,wk inc flu hosp,3,09,2025-03-01,quantile,0.5,736.7307739257812
2025-02-08,wk inc flu hosp,3,09,2025-03-01,quantile,0.55,736.7307739257812
2025-02-08,wk inc flu hosp,3,09,2025-03-01,quantile,0.6,736.7307739257812
2025-02-08,wk inc flu hosp,3,09,2025-03-01,quantile,0.65,736.7307739257812
2025-02-08,wk inc flu hosp,3,09,2025-03-01,quantile,0.7,736.7307739257812
2025-02-08,wk inc flu hosp,3,09,2025-03-01,quantile,0.75,736.7307739257812
2025-02-08,wk inc flu hosp,3,09,2025-03-01,quantile,0.8,736.7307739257812
2025-02-08,wk inc flu hosp,3,09,2025-03-01,quantile,0.85,736.7307739257812
2025-02-08,wk inc flu hosp,3,09,2025-03-01,quantile,0.9,736.7307739257812
2025-02-08,wk inc flu hosp,3,09,2025-03-01,quantile,0.95,736.7307739257812
2025-02-08,wk inc flu hosp,3,09,2025-03-01,quantile,0.975,736.7307739257812
2025-02-08,wk inc flu hosp,3,09,2025-03-01,quantile,0.99,736.7307739257812
2025-02-08,wk inc flu hosp,0,10,2025-02-08,quantile,0.01,24.001806259155273
2025-02-08,wk inc flu hosp,0,10,2025-02-08,quantile,0.025,33.02503967285156
2025-02-08,wk inc flu hosp,0,10,2025-02-08,quantile,0.05,43.93413066864014
2025-02-08,wk inc flu hosp,0,10,2025-02-08,quantile,0.1,77.39228897094728
2025-02-08,wk inc flu hosp,0,10,2025-02-08,quantile,0.15,83.91608428955078
2025-02-08,wk inc flu hosp,0,10,2025-02-08,quantile,0.2,99.9774398803711
2025-02-08,wk inc flu hosp,0,10,2025-02-08,quantile,0.25,120.00902557373048
2025-02-08,wk inc flu hosp,0,10,2025-02-08,quantile,0.3,184.61538696289065
2025-02-08,wk inc flu hosp,0,10,2025-02-08,quantile,0.35,184.61538696289065
2025-02-08,wk inc flu hosp,0,10,2025-02-08,quantile,0.4,184.61538696289065
2025-02-08,wk inc flu hosp,0,10,2025-02-08,quantile,0.45,184.61538696289065
2025-02-08,wk inc flu hosp,0,10,2025-02-08,quantile,0.5,184.61538696289065
2025-02-08,wk inc flu hosp,0,10,2025-02-08,quantile,0.55,184.61538696289065
2025-02-08,wk inc flu hosp,0,10,2025-02-08,quantile,0.6,184.61538696289065
2025-02-08,wk inc flu hosp,0,10,2025-02-08,quantile,0.65,184.61538696289065
2025-02-08,wk inc flu hosp,0,10,2025-02-08,quantile,0.7,184.61538696289065
2025-02-08,wk inc flu hosp,0,10,2025-02-08,quantile,0.75,184.61538696289065
2025-02-08,wk inc flu hosp,0,10,2025-02-08,quantile,0.8,184.61538696289065
2025-02-08,wk inc flu hosp,0,10,2025-02-08,quantile,0.85,184.61538696289065
2025-02-08,wk inc flu hosp,0,10,2025-02-08,quantile,0.9,184.61538696289065
2025-02-08,wk inc flu hosp,0,10,2025-02-08,quantile,0.95,184.61538696289065
2025-02-08,wk inc flu hosp,0,10,2025-02-08,quantile,0.975,184.61538696289065
2025-02-08,wk inc flu hosp,0,10,2025-02-08,quantile,0.99,184.61538696289065
2025-02-08,wk inc flu hosp,1,10,2025-02-15,quantile,0.01,12.983533191680907
2025-02-08,wk inc flu hosp,1,10,2025-02-15,quantile,0.025,18.96232688426971
2025-02-08,wk inc flu hosp,1,10,2025-02-15,quantile,0.05,25.88766012191773
2025-02-08,wk inc flu hosp,1,10,2025-02-15,quantile,0.1,48.00361251831055
2025-02-08,wk inc flu hosp,1,10,2025-02-15,quantile,0.15,71.34672050476074
2025-02-08,wk inc flu hosp,1,10,2025-02-15,quantile,0.2,87.29077606201173
2025-02-08,wk inc flu hosp,1,10,2025-02-15,quantile,0.25,135.0327091217041
2025-02-08,wk inc flu hosp,1,10,2025-02-15,quantile,0.3,184.61538696289065
2025-02-08,wk inc flu hosp,1,10,2025-02-15,quantile,0.35,184.61538696289065
2025-02-08,wk inc flu hosp,1,10,2025-02-15,quantile,0.4,184.61538696289065
2025-02-08,wk inc flu hosp,1,10,2025-02-15,quantile,0.45,184.61538696289065
2025-02-08,wk inc flu hosp,1,10,2025-02-15,quantile,0.5,184.61538696289065
2025-02-08,wk inc flu hosp,1,10,2025-02-15,quantile,0.55,184.61538696289065
2025-02-08,wk inc flu hosp,1,10,2025-02-15,quantile,0.6,184.61538696289065
2025-02-08,wk inc flu hosp,1,10,2025-02-15,quantile,0.65,184.61538696289065
2025-02-08,wk inc flu hosp,1,10,2025-02-15,quantile,0.7,184.61538696289065
2025-02-08,wk inc flu hosp,1,10,2025-02-15,quantile,0.75,184.61538696289065
2025-02-08,wk inc flu hosp,1,10,2025-02-15,quantile,0.8,184.61538696289065
2025-02-08,wk inc flu hosp,1,10,2025-02-15,quantile,0.85,184.61538696289065
2025-02-08,wk inc flu hosp,1,10,2025-02-15,quantile,0.9,184.61538696289065
2025-02-08,wk inc flu hosp,1,10,2025-02-15,quantile,0.95,184.61538696289065
2025-02-08,wk inc flu hosp,1,10,2025-02-15,quantile,0.975,184.61538696289065
2025-02-08,wk inc flu hosp,1,10,2025-02-15,quantile,0.99,184.61538696289065
2025-02-08,wk inc flu hosp,2,10,2025-02-22,quantile,0.01,8.020754137039184
2025-02-08,wk inc flu hosp,2,10,2025-02-22,quantile,0.025,9.96616315841675
2025-02-08,wk inc flu hosp,2,10,2025-02-22,quantile,0.05,12.99345874786377
2025-02-08,wk inc flu hosp,2,10,2025-02-22,quantile,0.1,32.0324821472168
2025-02-08,wk inc flu hosp,2,10,2025-02-22,quantile,0.15,59.09767780303954
2025-02-08,wk inc flu hosp,2,10,2025-02-22,quantile,0.2,77.16670837402346
2025-02-08,wk inc flu hosp,2,10,2025-02-22,quantile,0.25,159.62102508544922
2025-02-08,wk inc flu hosp,2,10,2025-02-22,quantile,0.3,184.61538696289065
2025-02-08,wk inc flu hosp,2,10,2025-02-22,quantile,0.35,184.61538696289065
2025-02-08,wk inc flu hosp,2,10,2025-02-22,quantile,0.4,184.61538696289065
2025-02-08,wk inc flu hosp,2,10,2025-02-22,quantile,0.45,184.61538696289065
2025-02-08,wk inc flu hosp,2,10,2025-02-22,quantile,0.5,184.61538696289065
2025-02-08,wk inc flu hosp,2,10,2025-02-22,quantile,0.55,184.61538696289065
2025-02-08,wk inc flu hosp,2,10,2025-02-22,quantile,0.6,184.61538696289065
2025-02-08,wk inc flu hosp,2,10,2025-02-22,quantile,0.65,184.61538696289065
2025-02-08,wk inc flu hosp,2,10,2025-02-22,quantile,0.7,184.61538696289065
2025-02-08,wk inc flu hosp,2,10,2025-02-22,quantile,0.75,184.61538696289065
2025-02-08,wk inc flu hosp,2,10,2025-02-22,quantile,0.8,184.61538696289065
2025-02-08,wk inc flu hosp,2,10,2025-02-22,quantile,0.85,184.61538696289065
2025-02-08,wk inc flu hosp,2,10,2025-02-22,quantile,0.9,184.61538696289065
2025-02-08,wk inc flu hosp,2,10,2025-02-22,quantile,0.95,184.61538696289065
2025-02-08,wk inc flu hosp,2,10,2025-02-22,quantile,0.975,184.61538696289065
2025-02-08,wk inc flu hosp,2,10,2025-02-22,quantile,0.99,184.61538696289065
2025-02-08,wk inc flu hosp,3,10,2025-03-01,quantile,0.01,4.9330023717880245
2025-02-08,wk inc flu hosp,3,10,2025-03-01,quantile,0.025,7.03812313079834
2025-02-08,wk inc flu hosp,3,10,2025-03-01,quantile,0.05,9.023235321044922
2025-02-08,wk inc flu hosp,3,10,2025-03-01,quantile,0.1,20.93390655517578
2025-02-08,wk inc flu hosp,3,10,2025-03-01,quantile,0.15,39.972930908203125
2025-02-08,wk inc flu hosp,3,10,2025-03-01,quantile,0.2,77.69005584716797
2025-02-08,wk inc flu hosp,3,10,2025-03-01,quantile,0.25,169.9526329040527
2025-02-08,wk inc flu hosp,3,10,2025-03-01,quantile,0.3,184.61538696289065
2025-02-08,wk inc flu hosp,3,10,2025-03-01,quantile,0.35,184.61538696289065
2025-02-08,wk inc flu hosp,3,10,2025-03-01,quantile,0.4,184.61538696289065
2025-02-08,wk inc flu hosp,3,10,2025-03-01,quantile,0.45,184.61538696289065
2025-02-08,wk inc flu hosp,3,10,2025-03-01,quantile,0.5,184.61538696289065
2025-02-08,wk inc flu hosp,3,10,2025-03-01,quantile,0.55,184.61538696289065
2025-02-08,wk inc flu hosp,3,10,2025-03-01,quantile,0.6,184.61538696289065
2025-02-08,wk inc flu hosp,3,10,2025-03-01,quantile,0.65,184.61538696289065
2025-02-08,wk inc flu hosp,3,10,2025-03-01,quantile,0.7,184.61538696289065
2025-02-08,wk inc flu hosp,3,10,2025-03-01,quantile,0.75,184.61538696289065
2025-02-08,wk inc flu hosp,3,10,2025-03-01,quantile,0.8,184.61538696289065
2025-02-08,wk inc flu hosp,3,10,2025-03-01,quantile,0.85,184.61538696289065
2025-02-08,wk inc flu hosp,3,10,2025-03-01,quantile,0.9,184.61538696289065
2025-02-08,wk inc flu hosp,3,10,2025-03-01,quantile,0.95,184.61538696289065
2025-02-08,wk inc flu hosp,3,10,2025-03-01,quantile,0.975,184.61538696289065
2025-02-08,wk inc flu hosp,3,10,2025-03-01,quantile,0.99,184.61538696289065
2025-02-08,wk inc flu hosp,0,11,2025-02-08,quantile,0.01,49.79650234222412
2025-02-08,wk inc flu hosp,0,11,2025-02-08,quantile,0.025,110.70803527832032
2025-02-08,wk inc flu hosp,0,11,2025-02-08,quantile,0.05,189.23207626342773
2025-02-08,wk inc flu hosp,0,11,2025-02-08,quantile,0.1,189.51922607421875
2025-02-08,wk inc flu hosp,0,11,2025-02-08,quantile,0.15,189.51922607421875
2025-02-08,wk inc flu hosp,0,11,2025-02-08,quantile,0.2,189.51922607421875
2025-02-08,wk inc flu hosp,0,11,2025-02-08,quantile,0.25,189.51922607421875
2025-02-08,wk inc flu hosp,0,11,2025-02-08,quantile,0.3,189.51922607421875
2025-02-08,wk inc flu hosp,0,11,2025-02-08,quantile,0.35,189.51922607421875
2025-02-08,wk inc flu hosp,0,11,2025-02-08,quantile,0.4,189.51922607421875
2025-02-08,wk inc flu hosp,0,11,2025-02-08,quantile,0.45,189.51922607421875
2025-02-08,wk inc flu hosp,0,11,2025-02-08,quantile,0.5,189.51922607421875
2025-02-08,wk inc flu hosp,0,11,2025-02-08,quantile,0.55,189.51922607421875
2025-02-08,wk inc flu hosp,0,11,2025-02-08,quantile,0.6,189.51922607421875
2025-02-08,wk inc flu hosp,0,11,2025-02-08,quantile,0.65,189.51922607421875
2025-02-08,wk inc flu hosp,0,11,2025-02-08,quantile,0.7,189.51922607421875
2025-02-08,wk inc flu hosp,0,11,2025-02-08,quantile,0.75,189.51922607421875
2025-02-08,wk inc flu hosp,0,11,2025-02-08,quantile,0.8,189.51922607421875
2025-02-08,wk inc flu hosp,0,11,2025-02-08,quantile,0.85,189.51922607421875
2025-02-08,wk inc flu hosp,0,11,2025-02-08,quantile,0.9,189.51922607421875
2025-02-08,wk inc flu hosp,0,11,2025-02-08,quantile,0.95,189.51922607421875
2025-02-08,wk inc flu hosp,0,11,2025-02-08,quantile,0.975,189.51922607421875
2025-02-08,wk inc flu hosp,0,11,2025-02-08,quantile,0.99,189.51922607421875
2025-02-08,wk inc flu hosp,1,11,2025-02-15,quantile,0.01,33.97636945724487
2025-02-08,wk inc flu hosp,1,11,2025-02-15,quantile,0.025,163.43253612518313
2025-02-08,wk inc flu hosp,1,11,2025-02-15,quantile,0.05,189.51922607421875
2025-02-08,wk inc flu hosp,1,11,2025-02-15,quantile,0.1,189.51922607421875
2025-02-08,wk inc flu hosp,1,11,2025-02-15,quantile,0.15,189.51922607421875
2025-02-08,wk inc flu hosp,1,11,2025-02-15,quantile,0.2,189.51922607421875
2025-02-08,wk inc flu hosp,1,11,2025-02-15,quantile,0.25,189.51922607421875
2025-02-08,wk inc flu hosp,1,11,2025-02-15,quantile,0.3,189.51922607421875
2025-02-08,wk inc flu hosp,1,11,2025-02-15,quantile,0.35,189.51922607421875
2025-02-08,wk inc flu hosp,1,11,2025-02-15,quantile,0.4,189.51922607421875
2025-02-08,wk inc flu hosp,1,11,2025-02-15,quantile,0.45,189.51922607421875
2025-02-08,wk inc flu hosp,1,11,2025-02-15,quantile,0.5,189.51922607421875
2025-02-08,wk inc flu hosp,1,11,2025-02-15,quantile,0.55,189.51922607421875
2025-02-08,wk inc flu hosp,1,11,2025-02-15,quantile,0.6,189.51922607421875
2025-02-08,wk inc flu hosp,1,11,2025-02-15,quantile,0.65,189.51922607421875
2025-02-08,wk inc flu hosp,1,11,2025-02-15,quantile,0.7,189.51922607421875
2025-02-08,wk inc flu hosp,1,11,2025-02-15,quantile,0.75,189.51922607421875
2025-02-08,wk inc flu hosp,1,11,2025-02-15,quantile,0.8,189.51922607421875
2025-02-08,wk inc flu hosp,1,11,2025-02-15,quantile,0.85,189.51922607421875
2025-02-08,wk inc flu hosp,1,11,2025-02-15,quantile,0.9,189.51922607421875
2025-02-08,wk inc flu hosp,1,11,2025-02-15,quantile,0.95,189.51922607421875
2025-02-08,wk inc flu hosp,1,11,2025-02-15,quantile,0.975,189.51922607421875
2025-02-08,wk inc flu hosp,1,11,2025-02-15,quantile,0.99,189.51922607421875
2025-02-08,wk inc flu hosp,2,11,2025-02-22,quantile,0.01,30.83068466186523
2025-02-08,wk inc flu hosp,2,11,2025-02-22,quantile,0.025,169.867949295044
2025-02-08,wk inc flu hosp,2,11,2025-02-22,quantile,0.05,189.51922607421875
2025-02-08,wk inc flu hosp,2,11,2025-02-22,quantile,0.1,189.51922607421875
2025-02-08,wk inc flu hosp,2,11,2025-02-22,quantile,0.15,189.51922607421875
2025-02-08,wk inc flu hosp,2,11,2025-02-22,quantile,0.2,189.51922607421875
2025-02-08,wk inc flu hosp,2,11,2025-02-22,quantile,0.25,189.51922607421875
2025-02-08,wk inc flu hosp,2,11,2025-02-22,quantile,0.3,189.51922607421875
2025-02-08,wk inc flu hosp,2,11,2025-02-22,quantile,0.35,189.51922607421875
2025-02-08,wk inc flu hosp,2,11,2025-02-22,quantile,0.4,189.51922607421875
2025-02-08,wk inc flu hosp,2,11,2025-02-22,quantile,0.45,189.51922607421875
2025-02-08,wk inc flu hosp,2,11,2025-02-22,quantile,0.5,189.51922607421875
2025-02-08,wk inc flu hosp,2,11,2025-02-22,quantile,0.55,189.51922607421875
2025-02-08,wk inc flu hosp,2,11,2025-02-22,quantile,0.6,189.51922607421875
2025-02-08,wk inc flu hosp,2,11,2025-02-22,quantile,0.65,189.51922607421875
2025-02-08,wk inc flu hosp,2,11,2025-02-22,quantile,0.7,189.51922607421875
2025-02-08,wk inc flu hosp,2,11,2025-02-22,quantile,0.75,189.51922607421875
2025-02-08,wk inc flu hosp,2,11,2025-02-22,quantile,0.8,189.51922607421875
2025-02-08,wk inc flu hosp,2,11,2025-02-22,quantile,0.85,189.51922607421875
2025-02-08,wk inc flu hosp,2,11,2025-02-22,quantile,0.9,189.51922607421875
2025-02-08,wk inc flu hosp,2,11,2025-02-22,quantile,0.95,189.51922607421875
2025-02-08,wk inc flu hosp,2,11,2025-02-22,quantile,0.975,189.51922607421875
2025-02-08,wk inc flu hosp,2,11,2025-02-22,quantile,0.99,189.51922607421875
2025-02-08,wk inc flu hosp,3,11,2025-03-01,quantile,0.01,11.01267894744873
2025-02-08,wk inc flu hosp,3,11,2025-03-01,quantile,0.025,73.12607421875002
2025-02-08,wk inc flu hosp,3,11,2025-03-01,quantile,0.05,189.51922607421875
2025-02-08,wk inc flu hosp,3,11,2025-03-01,quantile,0.1,189.51922607421875
2025-02-08,wk inc flu hosp,3,11,2025-03-01,quantile,0.15,189.51922607421875
2025-02-08,wk inc flu hosp,3,11,2025-03-01,quantile,0.2,189.51922607421875
2025-02-08,wk inc flu hosp,3,11,2025-03-01,quantile,0.25,189.51922607421875
2025-02-08,wk inc flu hosp,3,11,2025-03-01,quantile,0.3,189.51922607421875
2025-02-08,wk inc flu hosp,3,11,2025-03-01,quantile,0.35,189.51922607421875
2025-02-08,wk inc flu hosp,3,11,2025-03-01,quantile,0.4,189.51922607421875
2025-02-08,wk inc flu hosp,3,11,2025-03-01,quantile,0.45,189.51922607421875
2025-02-08,wk inc flu hosp,3,11,2025-03-01,quantile,0.5,189.51922607421875
2025-02-08,wk inc flu hosp,3,11,2025-03-01,quantile,0.55,189.51922607421875
2025-02-08,wk inc flu hosp,3,11,2025-03-01,quantile,0.6,189.51922607421875
2025-02-08,wk inc flu hosp,3,11,2025-03-01,quantile,0.65,189.51922607421875
2025-02-08,wk inc flu hosp,3,11,2025-03-01,quantile,0.7,189.51922607421875
2025-02-08,wk inc flu hosp,3,11,2025-03-01,quantile,0.75,189.51922607421875
2025-02-08,wk inc flu hosp,3,11,2025-03-01,quantile,0.8,189.51922607421875
2025-02-08,wk inc flu hosp,3,11,2025-03-01,quantile,0.85,189.51922607421875
2025-02-08,wk inc flu hosp,3,11,2025-03-01,quantile,0.9,189.51922607421875
2025-02-08,wk inc flu hosp,3,11,2025-03-01,quantile,0.95,189.51922607421875
2025-02-08,wk inc flu hosp,3,11,2025-03-01,quantile,0.975,189.51922607421875
2025-02-08,wk inc flu hosp,3,11,2025-03-01,quantile,0.99,189.51922607421875
2025-02-08,wk inc flu hosp,0,12,2025-02-08,quantile,0.01,3500.43333984375
2025-02-08,wk inc flu hosp,0,12,2025-02-08,quantile,0.025,3546.440783691406
2025-02-08,wk inc flu hosp,0,12,2025-02-08,quantile,0.05,3585.1907470703127
2025-02-08,wk inc flu hosp,0,12,2025-02-08,quantile,0.1,3628.702392578125
2025-02-08,wk inc flu hosp,0,12,2025-02-08,quantile,0.15,3647.913134765625
2025-02-08,wk inc flu hosp,0,12,2025-02-08,quantile,0.2,3674.677001953125
2025-02-08,wk inc flu hosp,0,12,2025-02-08,quantile,0.25,3684.5283203125
2025-02-08,wk inc flu hosp,0,12,2025-02-08,quantile,0.3,3691.09619140625
2025-02-08,wk inc flu hosp,0,12,2025-02-08,quantile,0.35,3697.663818359375
2025-02-08,wk inc flu hosp,0,12,2025-02-08,quantile,0.4,3714.08349609375
2025-02-08,wk inc flu hosp,0,12,2025-02-08,quantile,0.45,3727.21923828125
2025-02-08,wk inc flu hosp,0,12,2025-02-08,quantile,0.5,3737.070556640625
2025-02-08,wk inc flu hosp,0,12,2025-02-08,quantile,0.55,3756.77392578125
2025-02-08,wk inc flu hosp,0,12,2025-02-08,quantile,0.6,3766.625732421875
2025-02-08,wk inc flu hosp,0,12,2025-02-08,quantile,0.65,3777.6267578125
2025-02-08,wk inc flu hosp,0,12,2025-02-08,quantile,0.7,3786.3291015625
2025-02-08,wk inc flu hosp,0,12,2025-02-08,quantile,0.75,3799.464599609375
2025-02-08,wk inc flu hosp,0,12,2025-02-08,quantile,0.8,3813.2571289062503
2025-02-08,wk inc flu hosp,0,12,2025-02-08,quantile,0.85,3829.02001953125
2025-02-08,wk inc flu hosp,0,12,2025-02-08,quantile,0.9,3845.439208984375
2025-02-08,wk inc flu hosp,0,12,2025-02-08,quantile,0.95,3888.1298828125
2025-02-08,wk inc flu hosp,0,12,2025-02-08,quantile,0.975,3911.199047851562
2025-02-08,wk inc flu hosp,0,12,2025-02-08,quantile,0.99,3914.4996362304687
2025-02-08,wk inc flu hosp,1,12,2025-02-15,quantile,0.01,3582.6949438476563
2025-02-08,wk inc flu hosp,1,12,2025-02-15,quantile,0.025,3628.620288085938
2025-02-08,wk inc flu hosp,1,12,2025-02-15,quantile,0.05,3710.6353759765625
2025-02-08,wk inc flu hosp,1,12,2025-02-15,quantile,0.1,3775.1637451171873
2025-02-08,wk inc flu hosp,1,12,2025-02-15,quantile,0.15,3795.6881103515625
2025-02-08,wk inc flu hosp,1,12,2025-02-15,quantile,0.2,3814.570751953125
2025-02-08,wk inc flu hosp,1,12,2025-02-15,quantile,0.25,3831.4827880859375
2025-02-08,wk inc flu hosp,1,12,2025-02-15,quantile,0.3,3846.75302734375
2025-02-08,wk inc flu hosp,1,12,2025-02-15,quantile,0.35,3863.993286132813
2025-02-08,wk inc flu hosp,1,12,2025-02-15,quantile,0.4,3881.562255859375
2025-02-08,wk inc flu hosp,1,12,2025-02-15,quantile,0.45,3901.265625
2025-02-08,wk inc flu hosp,1,12,2025-02-15,quantile,0.5,3920.968627929687
2025-02-08,wk inc flu hosp,1,12,2025-02-15,quantile,0.55,3940.672119140625
2025-02-08,wk inc flu hosp,1,12,2025-02-15,quantile,0.6,3956.434912109375
2025-02-08,wk inc flu hosp,1,12,2025-02-15,quantile,0.65,3981.2281494140625
2025-02-08,wk inc flu hosp,1,12,2025-02-15,quantile,0.7,3990.915600585937
2025-02-08,wk inc flu hosp,1,12,2025-02-15,quantile,0.75,4010.454772949219
2025-02-08,wk inc flu hosp,1,12,2025-02-15,quantile,0.8,4036.56201171875
2025-02-08,wk inc flu hosp,1,12,2025-02-15,quantile,0.85,4069.729321289062
2025-02-08,wk inc flu hosp,1,12,2025-02-15,quantile,0.9,4088.447509765625
2025-02-08,wk inc flu hosp,1,12,2025-02-15,quantile,0.95,4137.70556640625
2025-02-08,wk inc flu hosp,1,12,2025-02-15,quantile,0.975,4157.491271972656
2025-02-08,wk inc flu hosp,1,12,2025-02-15,quantile,0.99,4167.819003906249
2025-02-08,wk inc flu hosp,2,12,2025-02-22,quantile,0.01,3703.80478515625
2025-02-08,wk inc flu hosp,2,12,2025-02-22,quantile,0.025,3733.2942810058594
2025-02-08,wk inc flu hosp,2,12,2025-02-22,quantile,0.05,3785.8365112304687
2025-02-08,wk inc flu hosp,2,12,2025-02-22,quantile,0.1,3880.57705078125
2025-02-08,wk inc flu hosp,2,12,2025-02-22,quantile,0.15,3920.4763671875
2025-02-08,wk inc flu hosp,2,12,2025-02-22,quantile,0.2,3962.345654296875
2025-02-08,wk inc flu hosp,2,12,2025-02-22,quantile,0.25,3982.5416259765625
2025-02-08,wk inc flu hosp,2,12,2025-02-22,quantile,0.3,4006.6783203125
2025-02-08,wk inc flu hosp,2,12,2025-02-22,quantile,0.35,4026.053466796875
2025-02-08,wk inc flu hosp,2,12,2025-02-22,quantile,0.4,4035.9052734375
2025-02-08,wk inc flu hosp,2,12,2025-02-22,quantile,0.45,4055.608642578125
2025-02-08,wk inc flu hosp,2,12,2025-02-22,quantile,0.5,4091.731201171875
2025-02-08,wk inc flu hosp,2,12,2025-02-22,quantile,0.55,4126.0479736328125
2025-02-08,wk inc flu hosp,2,12,2025-02-22,quantile,0.6,4150.184765625
2025-02-08,wk inc flu hosp,2,12,2025-02-22,quantile,0.65,4174.9779052734375
2025-02-08,wk inc flu hosp,2,12,2025-02-22,quantile,0.7,4204.3685546875
2025-02-08,wk inc flu hosp,2,12,2025-02-22,quantile,0.75,4246.8951416015625
2025-02-08,wk inc flu hosp,2,12,2025-02-22,quantile,0.8,4266.4341796875
2025-02-08,wk inc flu hosp,2,12,2025-02-22,quantile,0.85,4295.3330078125
2025-02-08,wk inc flu hosp,2,12,2025-02-22,quantile,0.9,4312.08037109375
2025-02-08,wk inc flu hosp,2,12,2025-02-22,quantile,0.95,4368.0711669921875
2025-02-08,wk inc flu hosp,2,12,2025-02-22,quantile,0.975,4440.07001953125
2025-02-08,wk inc flu hosp,2,12,2025-02-22,quantile,0.99,4495.847421875
2025-02-08,wk inc flu hosp,3,12,2025-03-01,quantile,0.01,3733.3271215820314
2025-02-08,wk inc flu hosp,3,12,2025-03-01,quantile,0.025,3805.950366210938
2025-02-08,wk inc flu hosp,3,12,2025-03-01,quantile,0.05,3913.251745605469
2025-02-08,wk inc flu hosp,3,12,2025-03-01,quantile,0.1,3966.61494140625
2025-02-08,wk inc flu hosp,3,12,2025-03-01,quantile,0.15,4018.99296875
2025-02-08,wk inc flu hosp,3,12,2025-03-01,quantile,0.2,4071.37109375
2025-02-08,wk inc flu hosp,3,12,2025-03-01,quantile,0.25,4113.897705078125
2025-02-08,wk inc flu hosp,3,12,2025-03-01,quantile,0.3,4150.184765625
2025-02-08,wk inc flu hosp,3,12,2025-03-01,quantile,0.35,4167.2607421875
2025-02-08,wk inc flu hosp,3,12,2025-03-01,quantile,0.4,4190.248046875
2025-02-08,wk inc flu hosp,3,12,2025-03-01,quantile,0.45,4213.563500976563
2025-02-08,wk inc flu hosp,3,12,2025-03-01,quantile,0.5,4232.9384765625
2025-02-08,wk inc flu hosp,3,12,2025-03-01,quantile,0.55,4288.76513671875
2025-02-08,wk inc flu hosp,3,12,2025-03-01,quantile,0.6,4318.9767578125
2025-02-08,wk inc flu hosp,3,12,2025-03-01,quantile,0.65,4354.44287109375
2025-02-08,wk inc flu hosp,3,12,2025-03-01,quantile,0.7,4383.99755859375
2025-02-08,wk inc flu hosp,3,12,2025-03-01,quantile,0.75,4430.793212890625
2025-02-08,wk inc flu hosp,3,12,2025-03-01,quantile,0.8,4456.2431640625
2025-02-08,wk inc flu hosp,3,12,2025-03-01,quantile,0.85,4510.26337890625
2025-02-08,wk inc flu hosp,3,12,2025-03-01,quantile,0.9,4548.520751953125
2025-02-08,wk inc flu hosp,3,12,2025-03-01,quantile,0.95,4620.43798828125
2025-02-08,wk inc flu hosp,3,12,2025-03-01,quantile,0.975,4686.608312988282
2025-02-08,wk inc flu hosp,3,12,2025-03-01,quantile,0.99,4732.418720703125
2025-02-08,wk inc flu hosp,0,13,2025-02-08,quantile,0.01,1201.435302734375
2025-02-08,wk inc flu hosp,0,13,2025-02-08,quantile,0.025,1209.346923828125
2025-02-08,wk inc flu hosp,0,13,2025-02-08,quantile,0.05,1219.5189208984375
2025-02-08,wk inc flu hosp,0,13,2025-02-08,quantile,0.1,1231.951416015625
2025-02-08,wk inc flu hosp,0,13,2025-02-08,quantile,0.15,1238.5632690429688
2025-02-08,wk inc flu hosp,0,13,2025-02-08,quantile,0.2,1243.2537841796875
2025-02-08,wk inc flu hosp,0,13,2025-02-08,quantile,0.25,1252.0130920410156
2025-02-08,wk inc flu hosp,0,13,2025-02-08,quantile,0.3,1259.8682006835938
2025-02-08,wk inc flu hosp,0,13,2025-02-08,quantile,0.35,1266.9886474609375
2025-02-08,wk inc flu hosp,0,13,2025-02-08,quantile,0.4,1279.421142578125
2025-02-08,wk inc flu hosp,0,13,2025-02-08,quantile,0.45,1285.0723876953125
2025-02-08,wk inc flu hosp,0,13,2025-02-08,quantile,0.5,1291.853759765625
2025-02-08,wk inc flu hosp,0,13,2025-02-08,quantile,0.55,1297.5047607421875
2025-02-08,wk inc flu hosp,0,13,2025-02-08,quantile,0.6,1307.6768798828125
2025-02-08,wk inc flu hosp,0,13,2025-02-08,quantile,0.65,1311.4632141113282
2025-02-08,wk inc flu hosp,0,13,2025-02-08,quantile,0.7,1320.44853515625
2025-02-08,wk inc flu hosp,0,13,2025-02-08,quantile,0.75,1328.3035888671875
2025-02-08,wk inc flu hosp,0,13,2025-02-08,quantile,0.8,1339.7754638671877
2025-02-08,wk inc flu hosp,0,13,2025-02-08,quantile,0.85,1345.144128417969
2025-02-08,wk inc flu hosp,0,13,2025-02-08,quantile,0.9,1352.9991333007813
2025-02-08,wk inc flu hosp,0,13,2025-02-08,quantile,0.95,1364.3013793945313
2025-02-08,wk inc flu hosp,0,13,2025-02-08,quantile,0.975,1381.1702209472655
2025-02-08,wk inc flu hosp,0,13,2025-02-08,quantile,0.99,1393.6196728515624
2025-02-08,wk inc flu hosp,1,13,2025-02-15,quantile,0.01,1182.0969885253903
2025-02-08,wk inc flu hosp,1,13,2025-02-15,quantile,0.025,1195.7558044433597
2025-02-08,wk inc flu hosp,1,13,2025-02-15,quantile,0.05,1204.656396484375
2025-02-08,wk inc flu hosp,1,13,2025-02-15,quantile,0.1,1228.3347412109374
2025-02-08,wk inc flu hosp,1,13,2025-02-15,quantile,0.15,1235.1727294921875
2025-02-08,wk inc flu hosp,1,13,2025-02-15,quantile,0.2,1244.384033203125
2025-02-08,wk inc flu hosp,1,13,2025-02-15,quantile,0.25,1248.6224365234375
2025-02-08,wk inc flu hosp,1,13,2025-02-15,quantile,0.3,1258.7379516601563
2025-02-08,wk inc flu hosp,1,13,2025-02-15,quantile,0.35,1270.7183898925782
2025-02-08,wk inc flu hosp,1,13,2025-02-15,quantile,0.4,1289.14111328125
2025-02-08,wk inc flu hosp,1,13,2025-02-15,quantile,0.45,1299.7652587890625
2025-02-08,wk inc flu hosp,1,13,2025-02-15,quantile,0.5,1313.328125
2025-02-08,wk inc flu hosp,1,13,2025-02-15,quantile,0.55,1323.5001220703125
2025-02-08,wk inc flu hosp,1,13,2025-02-15,quantile,0.6,1334.802490234375
2025-02-08,wk inc flu hosp,1,13,2025-02-15,quantile,0.65,1351.021240234375
2025-02-08,wk inc flu hosp,1,13,2025-02-15,quantile,0.7,1363.397265625
2025-02-08,wk inc flu hosp,1,13,2025-02-15,quantile,0.75,1377.1860961914062
2025-02-08,wk inc flu hosp,1,13,2025-02-15,quantile,0.8,1394.0265625
2025-02-08,wk inc flu hosp,1,13,2025-02-15,quantile,0.85,1411.0364624023437
2025-02-08,wk inc flu hosp,1,13,2025-02-15,quantile,0.9,1423.29951171875
2025-02-08,wk inc flu hosp,1,13,2025-02-15,quantile,0.95,1444.7173767089844
2025-02-08,wk inc flu hosp,1,13,2025-02-15,quantile,0.975,1476.2225769042968
2025-02-08,wk inc flu hosp,1,13,2025-02-15,quantile,0.99,1498.6859130859375
2025-02-08,wk inc flu hosp,2,13,2025-02-22,quantile,0.01,1154.9375927734377
2025-02-08,wk inc flu hosp,2,13,2025-02-22,quantile,0.025,1163.9962951660157
2025-02-08,wk inc flu hosp,2,13,2025-02-22,quantile,0.05,1206.8038696289063
2025-02-08,wk inc flu hosp,2,13,2025-02-22,quantile,0.1,1218.388671875
2025-02-08,wk inc flu hosp,2,13,2025-02-22,quantile,0.15,1229.521502685547
2025-02-08,wk inc flu hosp,2,13,2025-02-22,quantile,0.2,1239.4110595703123
2025-02-08,wk inc flu hosp,2,13,2025-02-22,quantile,0.25,1251.1654052734375
2025-02-08,wk inc flu hosp,2,13,2025-02-22,quantile,0.3,1257.6077026367188
2025-02-08,wk inc flu hosp,2,13,2025-02-22,quantile,0.35,1270.3792724609375
2025-02-08,wk inc flu hosp,2,13,2025-02-22,quantile,0.4,1292.3057861328125
2025-02-08,wk inc flu hosp,2,13,2025-02-22,quantile,0.45,1309.4287658691403
2025-02-08,wk inc flu hosp,2,13,2025-02-22,quantile,0.5,1329.7164306640625
2025-02-08,wk inc flu hosp,2,13,2025-02-22,quantile,0.55,1343.84423828125
2025-02-08,wk inc flu hosp,2,13,2025-02-22,quantile,0.6,1361.927978515625
2025-02-08,wk inc flu hosp,2,13,2025-02-22,quantile,0.65,1383.7979309082032
2025-02-08,wk inc flu hosp,2,13,2025-02-22,quantile,0.7,1409.171740722656
2025-02-08,wk inc flu hosp,2,13,2025-02-22,quantile,0.75,1429.1766967773438
2025-02-08,wk inc flu hosp,2,13,2025-02-22,quantile,0.8,1459.1278076171875
2025-02-08,wk inc flu hosp,2,13,2025-02-22,quantile,0.85,1473.8209228515625
2025-02-08,wk inc flu hosp,2,13,2025-02-22,quantile,0.9,1493.147705078125
2025-02-08,wk inc flu hosp,2,13,2025-02-22,quantile,0.95,1533.7795349121093
2025-02-08,wk inc flu hosp,2,13,2025-02-22,quantile,0.975,1571.4162109375002
2025-02-08,wk inc flu hosp,2,13,2025-02-22,quantile,0.99,1597.0838049316403
2025-02-08,wk inc flu hosp,3,13,2025-03-01,quantile,0.01,1105.162159423828
2025-02-08,wk inc flu hosp,3,13,2025-03-01,quantile,0.025,1169.704049682617
2025-02-08,wk inc flu hosp,3,13,2025-03-01,quantile,0.05,1198.6661987304688
2025-02-08,wk inc flu hosp,3,13,2025-03-01,quantile,0.1,1218.388671875
2025-02-08,wk inc flu hosp,3,13,2025-03-01,quantile,0.15,1227.4305419921875
2025-02-08,wk inc flu hosp,3,13,2025-03-01,quantile,0.2,1237.6026611328125
2025-02-08,wk inc flu hosp,3,13,2025-03-01,quantile,0.25,1247.4921264648438
2025-02-08,wk inc flu hosp,3,13,2025-03-01,quantile,0.3,1257.2686645507813
2025-02-08,wk inc flu hosp,3,13,2025-03-01,quantile,0.35,1273.3744323730468
2025-02-08,wk inc flu hosp,3,13,2025-03-01,quantile,0.4,1294.7922119140626
2025-02-08,wk inc flu hosp,3,13,2025-03-01,quantile,0.45,1320.3356018066406
2025-02-08,wk inc flu hosp,3,13,2025-03-01,quantile,0.5,1342.1489868164062
2025-02-08,wk inc flu hosp,3,13,2025-03-01,quantile,0.55,1360.6847045898437
2025-02-08,wk inc flu hosp,3,13,2025-03-01,quantile,0.6,1392.6703369140623
2025-02-08,wk inc flu hosp,3,13,2025-03-01,quantile,0.65,1416.2355895996093
2025-02-08,wk inc flu hosp,3,13,2025-03-01,quantile,0.7,1447.37333984375
2025-02-08,wk inc flu hosp,3,13,2025-03-01,quantile,0.75,1478.0592346191406
2025-02-08,wk inc flu hosp,3,13,2025-03-01,quantile,0.8,1515.1872802734376
2025-02-08,wk inc flu hosp,3,13,2025-03-01,quantile,0.85,1547.285888671875
2025-02-08,wk inc flu hosp,3,13,2025-03-01,quantile,0.9,1560.9616455078126
2025-02-08,wk inc flu hosp,3,13,2025-03-01,quantile,0.95,1617.5861572265624
2025-02-08,wk inc flu hosp,3,13,2025-03-01,quantile,0.975,1664.066909790039
2025-02-08,wk inc flu hosp,3,13,2025-03-01,quantile,0.99,1697.6630786132812
2025-02-08,wk inc flu hosp,0,15,2025-02-08,quantile,0.01,19.952254695892336
2025-02-08,wk inc flu hosp,0,15,2025-02-08,quantile,0.025,29.94342908859253
2025-02-08,wk inc flu hosp,0,15,2025-02-08,quantile,0.05,31.99984359741211
2025-02-08,wk inc flu hosp,0,15,2025-02-08,quantile,0.1,36.012367248535156
2025-02-08,wk inc flu hosp,0,15,2025-02-08,quantile,0.15,40.02488708496094
2025-02-08,wk inc flu hosp,0,15,2025-02-08,quantile,0.2,43.93709182739258
2025-02-08,wk inc flu hosp,0,15,2025-02-08,quantile,0.25,47.94961166381836
2025-02-08,wk inc flu hosp,0,15,2025-02-08,quantile,0.3,50.02609214782715
2025-02-08,wk inc flu hosp,0,15,2025-02-08,quantile,0.35,53.933282470703126
2025-02-08,wk inc flu hosp,0,15,2025-02-08,quantile,0.4,56.61665267944337
2025-02-08,wk inc flu hosp,0,15,2025-02-08,quantile,0.45,57.57965469360352
2025-02-08,wk inc flu hosp,0,15,2025-02-08,quantile,0.5,59.9871711730957
2025-02-08,wk inc flu hosp,0,15,2025-02-08,quantile,0.55,63.2974967956543
2025-02-08,wk inc flu hosp,0,15,2025-02-08,quantile,0.6,64.30062866210938
2025-02-08,wk inc flu hosp,0,15,2025-02-08,quantile,0.65,66.21159172058105
2025-02-08,wk inc flu hosp,0,15,2025-02-08,quantile,0.7,67.91189575195312
2025-02-08,wk inc flu hosp,0,15,2025-02-08,quantile,0.75,68.01221466064453
2025-02-08,wk inc flu hosp,0,15,2025-02-08,quantile,0.8,68.47364807128906
2025-02-08,wk inc flu hosp,0,15,2025-02-08,quantile,0.85,71.92442321777344
2025-02-08,wk inc flu hosp,0,15,2025-02-08,quantile,0.9,75.43537139892578
2025-02-08,wk inc flu hosp,0,15,2025-02-08,quantile,0.95,77.97328567504881
2025-02-08,wk inc flu hosp,0,15,2025-02-08,quantile,0.975,82.45728302001953
2025-02-08,wk inc flu hosp,0,15,2025-02-08,quantile,0.99,83.86266693115235
2025-02-08,wk inc flu hosp,1,15,2025-02-15,quantile,0.01,17.92693531036377
2025-02-08,wk inc flu hosp,1,15,2025-02-15,quantile,0.025,19.937207746505734
2025-02-08,wk inc flu hosp,1,15,2025-02-15,quantile,0.05,23.06697340011597
2025-02-08,wk inc flu hosp,1,15,2025-02-15,quantile,0.1,29.99358558654785
2025-02-08,wk inc flu hosp,1,15,2025-02-15,quantile,0.15,34.006107330322266
2025-02-08,wk inc flu hosp,1,15,2025-02-15,quantile,0.2,37.617372131347665
2025-02-08,wk inc flu hosp,1,15,2025-02-15,quantile,0.25,40.02488708496094
2025-02-08,wk inc flu hosp,1,15,2025-02-15,quantile,0.3,45.04053497314453
2025-02-08,wk inc flu hosp,1,15,2025-02-15,quantile,0.35,46.309495544433595
2025-02-08,wk inc flu hosp,1,15,2025-02-15,quantile,0.4,50.05618667602539
2025-02-08,wk inc flu hosp,1,15,2025-02-15,quantile,0.45,53.96839141845703
2025-02-08,wk inc flu hosp,1,15,2025-02-15,quantile,0.5,57.57965469360352
2025-02-08,wk inc flu hosp,1,15,2025-02-15,quantile,0.55,59.9871711730957
2025-02-08,wk inc flu hosp,1,15,2025-02-15,quantile,0.6,60.72948913574217
2025-02-08,wk inc flu hosp,1,15,2025-02-15,quantile,0.65,63.99968719482422
2025-02-08,wk inc flu hosp,1,15,2025-02-15,quantile,0.7,65.55454483032226
2025-02-08,wk inc flu hosp,1,15,2025-02-15,quantile,0.75,66.35704803466797
2025-02-08,wk inc flu hosp,1,15,2025-02-15,quantile,0.8,68.1125259399414
2025-02-08,wk inc flu hosp,1,15,2025-02-15,quantile,0.85,69.35138778686525
2025-02-08,wk inc flu hosp,1,15,2025-02-15,quantile,0.9,75.03411865234375
2025-02-08,wk inc flu hosp,1,15,2025-02-15,quantile,0.95,77.94820747375488
2025-02-08,wk inc flu hosp,1,15,2025-02-15,quantile,0.975,82.5575942993164
2025-02-08,wk inc flu hosp,1,15,2025-02-15,quantile,0.99,84.06529579162597
2025-02-08,wk inc flu hosp,2,15,2025-02-22,quantile,0.01,7.984914474487304
2025-02-08,wk inc flu hosp,2,15,2025-02-22,quantile,0.025,14.018741178512574
2025-02-08,wk inc flu hosp,2,15,2025-02-22,quantile,0.05,19.81683216094971
2025-02-08,wk inc flu hosp,2,15,2025-02-22,quantile,0.1,24.977935791015625
2025-02-08,wk inc flu hosp,2,15,2025-02-22,quantile,0.15,29.99358558654785
2025-02-08,wk inc flu hosp,2,15,2025-02-22,quantile,0.2,34.006107330322266
2025-02-08,wk inc flu hosp,2,15,2025-02-22,quantile,0.25,35.81174087524414
2025-02-08,wk inc flu hosp,2,15,2025-02-22,quantile,0.3,40.02488708496094
2025-02-08,wk inc flu hosp,2,15,2025-02-22,quantile,0.35,41.895721626281734
2025-02-08,wk inc flu hosp,2,15,2025-02-22,quantile,0.4,46.08379058837891
2025-02-08,wk inc flu hosp,2,15,2025-02-22,quantile,0.45,51.96213150024414
2025-02-08,wk inc flu hosp,2,15,2025-02-22,quantile,0.5,54.52011299133301
2025-02-08,wk inc flu hosp,2,15,2025-02-22,quantile,0.55,57.62479648590088
2025-02-08,wk inc flu hosp,2,15,2025-02-22,quantile,0.6,59.9871711730957
2025-02-08,wk inc flu hosp,2,15,2025-02-22,quantile,0.65,62.4699161529541
2025-02-08,wk inc flu hosp,2,15,2025-02-22,quantile,0.7,64.16018753051758
2025-02-08,wk inc flu hosp,2,15,2025-02-22,quantile,0.75,65.10313606262207
2025-02-08,wk inc flu hosp,2,15,2025-02-22,quantile,0.8,67.91189575195312
2025-02-08,wk inc flu hosp,2,15,2025-02-22,quantile,0.85,69.13070068359374
2025-02-08,wk inc flu hosp,2,15,2025-02-22,quantile,0.9,74.74321594238282
2025-02-08,wk inc flu hosp,2,15,2025-02-22,quantile,0.95,76.61404571533201
2025-02-08,wk inc flu hosp,2,15,2025-02-22,quantile,0.975,81.7124574661255
2025-02-08,wk inc flu hosp,2,15,2025-02-22,quantile,0.99,84.46755165100097
2025-02-08,wk inc flu hosp,3,15,2025-03-01,quantile,0.01,5.988686330318451
2025-02-08,wk inc flu hosp,3,15,2025-03-01,quantile,0.025,9.003091382980347
2025-02-08,wk inc flu hosp,3,15,2025-03-01,quantile,0.05,11.937246513366702
2025-02-08,wk inc flu hosp,3,15,2025-03-01,quantile,0.1,19.9622859954834
2025-02-08,wk inc flu hosp,3,15,2025-03-01,quantile,0.15,23.97480583190918
2025-02-08,wk inc flu hosp,3,15,2025-03-01,quantile,0.2,27.98732566833496
2025-02-08,wk inc flu hosp,3,15,2025-03-01,quantile,0.25,32.075079917907715
2025-02-08,wk inc flu hosp,3,15,2025-03-01,quantile,0.3,34.006107330322266
2025-02-08,wk inc flu hosp,3,15,2025-03-01,quantile,0.35,39.989776802062984
2025-02-08,wk inc flu hosp,3,15,2025-03-01,quantile,0.4,42.03114318847656
2025-02-08,wk inc flu hosp,3,15,2025-03-01,quantile,0.45,48.98785018920898
2025-02-08,wk inc flu hosp,3,15,2025-03-01,quantile,0.5,51.96213150024414
2025-02-08,wk inc flu hosp,3,15,2025-03-01,quantile,0.55,54.97151947021485
2025-02-08,wk inc flu hosp,3,15,2025-03-01,quantile,0.6,57.61978073120117
2025-02-08,wk inc flu hosp,3,15,2025-03-01,quantile,0.65,60.08748626708984
2025-02-08,wk inc flu hosp,3,15,2025-03-01,quantile,0.7,63.15706100463867
2025-02-08,wk inc flu hosp,3,15,2025-03-01,quantile,0.75,64.55141067504883
2025-02-08,wk inc flu hosp,3,15,2025-03-01,quantile,0.8,66.50751495361328
2025-02-08,wk inc flu hosp,3,15,2025-03-01,quantile,0.85,68.24794845581056
2025-02-08,wk inc flu hosp,3,15,2025-03-01,quantile,0.9,73.7501136779785
2025-02-08,wk inc flu hosp,3,15,2025-03-01,quantile,0.95,78.32939949035642
2025-02-08,wk inc flu hosp,3,15,2025-03-01,quantile,0.975,85.47419834136963
2025-02-08,wk inc flu hosp,3,15,2025-03-01,quantile,0.99,86.57212043762208
2025-02-08,wk inc flu hosp,0,16,2025-02-08,quantile,0.01,71.48482719421386
2025-02-08,wk inc flu hosp,0,16,2025-02-08,quantile,0.025,81.7103328704834
2025-02-08,wk inc flu hosp,0,16,2025-02-08,quantile,0.05,86.22124137878419
2025-02-08,wk inc flu hosp,0,16,2025-02-08,quantile,0.1,93.27882232666016
2025-02-08,wk inc flu hosp,0,16,2025-02-08,quantile,0.15,102.06082496643066
2025-02-08,wk inc flu hosp,0,16,2025-02-08,quantile,0.2,103.87660675048828
2025-02-08,wk inc flu hosp,0,16,2025-02-08,quantile,0.25,106.8344020843506
2025-02-08,wk inc flu hosp,0,16,2025-02-08,quantile,0.3,112.30458755493164
2025-02-08,wk inc flu hosp,0,16,2025-02-08,quantile,0.35,117.31798591613769
2025-02-08,wk inc flu hosp,0,16,2025-02-08,quantile,0.4,123.5190658569336
2025-02-08,wk inc flu hosp,0,16,2025-02-08,quantile,0.45,125.84874725341795
2025-02-08,wk inc flu hosp,0,16,2025-02-08,quantile,0.5,129.6173553466797
2025-02-08,wk inc flu hosp,0,16,2025-02-08,quantile,0.55,132.2439727783203
2025-02-08,wk inc flu hosp,0,16,2025-02-08,quantile,0.6,138.91326599121092
2025-02-08,wk inc flu hosp,0,16,2025-02-08,quantile,0.65,157.55075759887694
2025-02-08,wk inc flu hosp,0,16,2025-02-08,quantile,0.7,162.91816253662108
2025-02-08,wk inc flu hosp,0,16,2025-02-08,quantile,0.75,165.59046936035156
2025-02-08,wk inc flu hosp,0,16,2025-02-08,quantile,0.8,168.60535583496093
2025-02-08,wk inc flu hosp,0,16,2025-02-08,quantile,0.85,185.08446350097657
2025-02-08,wk inc flu hosp,0,16,2025-02-08,quantile,0.9,467.3077087402344
2025-02-08,wk inc flu hosp,0,16,2025-02-08,quantile,0.95,467.3077087402344
2025-02-08,wk inc flu hosp,0,16,2025-02-08,quantile,0.975,467.3077087402344
2025-02-08,wk inc flu hosp,0,16,2025-02-08,quantile,0.99,467.3077087402344
2025-02-08,wk inc flu hosp,1,16,2025-02-15,quantile,0.01,62.29855834960937
2025-02-08,wk inc flu hosp,1,16,2025-02-15,quantile,0.025,64.1520299911499
2025-02-08,wk inc flu hosp,1,16,2025-02-15,quantile,0.05,68.97698974609375
2025-02-08,wk inc flu hosp,1,16,2025-02-15,quantile,0.1,74.80121231079102
2025-02-08,wk inc flu hosp,1,16,2025-02-15,quantile,0.15,84.27983856201172
2025-02-08,wk inc flu hosp,1,16,2025-02-15,quantile,0.2,87.88856201171875
2025-02-08,wk inc flu hosp,1,16,2025-02-15,quantile,0.25,90.67505645751952
2025-02-08,wk inc flu hosp,1,16,2025-02-15,quantile,0.3,95.67702178955078
2025-02-08,wk inc flu hosp,1,16,2025-02-15,quantile,0.35,102.01514472961424
2025-02-08,wk inc flu hosp,1,16,2025-02-15,quantile,0.4,106.1149383544922
2025-02-08,wk inc flu hosp,1,16,2025-02-15,quantile,0.45,110.56874618530271
2025-02-08,wk inc flu hosp,1,16,2025-02-15,quantile,0.5,116.71272277832033
2025-02-08,wk inc flu hosp,1,16,2025-02-15,quantile,0.55,121.1665382385254
2025-02-08,wk inc flu hosp,1,16,2025-02-15,quantile,0.6,128.81795959472657
2025-02-08,wk inc flu hosp,1,16,2025-02-15,quantile,0.65,138.6734405517578
2025-02-08,wk inc flu hosp,1,16,2025-02-15,quantile,0.7,152.34322357177732
2025-02-08,wk inc flu hosp,1,16,2025-02-15,quantile,0.75,159.08103561401367
2025-02-08,wk inc flu hosp,1,16,2025-02-15,quantile,0.8,166.32134704589845
2025-02-08,wk inc flu hosp,1,16,2025-02-15,quantile,0.85,170.72947311401367
2025-02-08,wk inc flu hosp,1,16,2025-02-15,quantile,0.9,467.3077087402344
2025-02-08,wk inc flu hosp,1,16,2025-02-15,quantile,0.95,467.3077087402344
2025-02-08,wk inc flu hosp,1,16,2025-02-15,quantile,0.975,467.3077087402344
2025-02-08,wk inc flu hosp,1,16,2025-02-15,quantile,0.99,467.3077087402344
2025-02-08,wk inc flu hosp,2,16,2025-02-22,quantile,0.01,44.93097427368164
2025-02-08,wk inc flu hosp,2,16,2025-02-22,quantile,0.025,50.864821720123295
2025-02-08,wk inc flu hosp,2,16,2025-02-22,quantile,0.05,56.175137519836426
2025-02-08,wk inc flu hosp,2,16,2025-02-22,quantile,0.1,62.033613204956055
2025-02-08,wk inc flu hosp,2,16,2025-02-22,quantile,0.15,67.11552772521972
2025-02-08,wk inc flu hosp,2,16,2025-02-22,quantile,0.2,71.03260040283203
2025-02-08,wk inc flu hosp,2,16,2025-02-22,quantile,0.25,78.56981658935547
2025-02-08,wk inc flu hosp,2,16,2025-02-22,quantile,0.3,81.92731399536133
2025-02-08,wk inc flu hosp,2,16,2025-02-22,quantile,0.35,86.33544158935547
2025-02-08,wk inc flu hosp,2,16,2025-02-22,quantile,0.4,90.67505645751952
2025-02-08,wk inc flu hosp,2,16,2025-02-22,quantile,0.45,94.68348197937011
2025-02-08,wk inc flu hosp,2,16,2025-02-22,quantile,0.5,103.69388580322266
2025-02-08,wk inc flu hosp,2,16,2025-02-22,quantile,0.55,108.45604362487794
2025-02-08,wk inc flu hosp,2,16,2025-02-22,quantile,0.6,125.02650756835936
2025-02-08,wk inc flu hosp,2,16,2025-02-22,quantile,0.65,133.31745834350585
2025-02-08,wk inc flu hosp,2,16,2025-02-22,quantile,0.7,148.23200683593743
2025-02-08,wk inc flu hosp,2,16,2025-02-22,quantile,0.75,155.6550331115723
2025-02-08,wk inc flu hosp,2,16,2025-02-22,quantile,0.8,160.70268249511724
2025-02-08,wk inc flu hosp,2,16,2025-02-22,quantile,0.85,167.78311309814453
2025-02-08,wk inc flu hosp,2,16,2025-02-22,quantile,0.9,467.3077087402344
2025-02-08,wk inc flu hosp,2,16,2025-02-22,quantile,0.95,467.3077087402344
2025-02-08,wk inc flu hosp,2,16,2025-02-22,quantile,0.975,467.3077087402344
2025-02-08,wk inc flu hosp,2,16,2025-02-22,quantile,0.99,467.3077087402344
2025-02-08,wk inc flu hosp,3,16,2025-03-01,quantile,0.01,23.982067108154297
2025-02-08,wk inc flu hosp,3,16,2025-03-01,quantile,0.025,32.78120384216309
2025-02-08,wk inc flu hosp,3,16,2025-03-01,quantile,0.05,43.13346061706543
2025-02-08,wk inc flu hosp,3,16,2025-03-01,quantile,0.1,46.59373092651367
2025-02-08,wk inc flu hosp,3,16,2025-03-01,quantile,0.15,52.90900897979736
2025-02-08,wk inc flu hosp,3,16,2025-03-01,quantile,0.2,58.927364349365234
2025-02-08,wk inc flu hosp,3,16,2025-03-01,quantile,0.25,62.86727428436279
2025-02-08,wk inc flu hosp,3,16,2025-03-01,quantile,0.3,66.57878494262695
2025-02-08,wk inc flu hosp,3,16,2025-03-01,quantile,0.35,68.97698974609375
2025-02-08,wk inc flu hosp,3,16,2025-03-01,quantile,0.4,75.60061645507812
2025-02-08,wk inc flu hosp,3,16,2025-03-01,quantile,0.45,83.03505210876465
2025-02-08,wk inc flu hosp,3,16,2025-03-01,quantile,0.5,90.78925323486328
2025-02-08,wk inc flu hosp,3,16,2025-03-01,quantile,0.55,99.05735702514647
2025-02-08,wk inc flu hosp,3,16,2025-03-01,quantile,0.6,108.947102355957
2025-02-08,wk inc flu hosp,3,16,2025-03-01,quantile,0.65,130.13125686645506
2025-02-08,wk inc flu hosp,3,16,2025-03-01,quantile,0.7,143.9609176635742
2025-02-08,wk inc flu hosp,3,16,2025-03-01,quantile,0.75,149.88792419433594
2025-02-08,wk inc flu hosp,3,16,2025-03-01,quantile,0.8,157.5050811767578
2025-02-08,wk inc flu hosp,3,16,2025-03-01,quantile,0.85,173.00205841064454
2025-02-08,wk inc flu hosp,3,16,2025-03-01,quantile,0.9,467.3077087402344
2025-02-08,wk inc flu hosp,3,16,2025-03-01,quantile,0.95,467.3077087402344
2025-02-08,wk inc flu hosp,3,16,2025-03-01,quantile,0.975,467.3077087402344
2025-02-08,wk inc flu hosp,3,16,2025-03-01,quantile,0.99,467.3077087402344
2025-02-08,wk inc flu hosp,0,17,2025-02-08,quantile,0.01,1992.598359375
2025-02-08,wk inc flu hosp,0,17,2025-02-08,quantile,0.025,2011.1718688964845
2025-02-08,wk inc flu hosp,0,17,2025-02-08,quantile,0.05,2149.6037109375
2025-02-08,wk inc flu hosp,0,17,2025-02-08,quantile,0.1,2225.95859375
2025-02-08,wk inc flu hosp,0,17,2025-02-08,quantile,0.15,2246.8162475585937
2025-02-08,wk inc flu hosp,0,17,2025-02-08,quantile,0.2,2273.012890625
2025-02-08,wk inc flu hosp,0,17,2025-02-08,quantile,0.25,2289.0909423828125
2025-02-08,wk inc flu hosp,0,17,2025-02-08,quantile,0.3,2299.33349609375
2025-02-08,wk inc flu hosp,0,17,2025-02-08,quantile,0.35,2316.2804931640626
2025-02-08,wk inc flu hosp,0,17,2025-02-08,quantile,0.4,2349.7400390625003
2025-02-08,wk inc flu hosp,0,17,2025-02-08,quantile,0.45,2396.7324462890624
2025-02-08,wk inc flu hosp,0,17,2025-02-08,quantile,0.5,2540.1923828125
2025-02-08,wk inc flu hosp,0,17,2025-02-08,quantile,0.55,2540.1923828125
2025-02-08,wk inc flu hosp,0,17,2025-02-08,quantile,0.6,2540.1923828125
2025-02-08,wk inc flu hosp,0,17,2025-02-08,quantile,0.65,2540.1923828125
2025-02-08,wk inc flu hosp,0,17,2025-02-08,quantile,0.7,2540.1923828125
2025-02-08,wk inc flu hosp,0,17,2025-02-08,quantile,0.75,2540.1923828125
2025-02-08,wk inc flu hosp,0,17,2025-02-08,quantile,0.8,2540.1923828125
2025-02-08,wk inc flu hosp,0,17,2025-02-08,quantile,0.85,2540.1923828125
2025-02-08,wk inc flu hosp,0,17,2025-02-08,quantile,0.9,2540.1923828125
2025-02-08,wk inc flu hosp,0,17,2025-02-08,quantile,0.95,2540.1923828125
2025-02-08,wk inc flu hosp,0,17,2025-02-08,quantile,0.975,2540.1923828125
2025-02-08,wk inc flu hosp,0,17,2025-02-08,quantile,0.99,2540.1923828125
2025-02-08,wk inc flu hosp,1,17,2025-02-15,quantile,0.01,1959.908621826172
2025-02-08,wk inc flu hosp,1,17,2025-02-15,quantile,0.025,2013.6550201416017
2025-02-08,wk inc flu hosp,1,17,2025-02-15,quantile,0.05,2208.8250732421875
2025-02-08,wk inc flu hosp,1,17,2025-02-15,quantile,0.1,2269.0397705078126
2025-02-08,wk inc flu hosp,1,17,2025-02-15,quantile,0.15,2314.728479003906
2025-02-08,wk inc flu hosp,1,17,2025-02-15,quantile,0.2,2365.880029296875
2025-02-08,wk inc flu hosp,1,17,2025-02-15,quantile,0.25,2390.5867309570312
2025-02-08,wk inc flu hosp,1,17,2025-02-15,quantile,0.3,2400.3949462890623
2025-02-08,wk inc flu hosp,1,17,2025-02-15,quantile,0.35,2425.536193847656
2025-02-08,wk inc flu hosp,1,17,2025-02-15,quantile,0.4,2540.1923828125
2025-02-08,wk inc flu hosp,1,17,2025-02-15,quantile,0.45,2540.1923828125
2025-02-08,wk inc flu hosp,1,17,2025-02-15,quantile,0.5,2540.1923828125
2025-02-08,wk inc flu hosp,1,17,2025-02-15,quantile,0.55,2540.1923828125
2025-02-08,wk inc flu hosp,1,17,2025-02-15,quantile,0.6,2540.1923828125
2025-02-08,wk inc flu hosp,1,17,2025-02-15,quantile,0.65,2540.1923828125
2025-02-08,wk inc flu hosp,1,17,2025-02-15,quantile,0.7,2540.1923828125
2025-02-08,wk inc flu hosp,1,17,2025-02-15,quantile,0.75,2540.1923828125
2025-02-08,wk inc flu hosp,1,17,2025-02-15,quantile,0.8,2540.1923828125
2025-02-08,wk inc flu hosp,1,17,2025-02-15,quantile,0.85,2540.1923828125
2025-02-08,wk inc flu hosp,1,17,2025-02-15,quantile,0.9,2540.1923828125
2025-02-08,wk inc flu hosp,1,17,2025-02-15,quantile,0.95,2540.1923828125
2025-02-08,wk inc flu hosp,1,17,2025-02-15,quantile,0.975,2540.1923828125
2025-02-08,wk inc flu hosp,1,17,2025-02-15,quantile,0.99,2540.1923828125
2025-02-08,wk inc flu hosp,2,17,2025-02-22,quantile,0.01,1955.923409423828
2025-02-08,wk inc flu hosp,2,17,2025-02-22,quantile,0.025,2013.6550201416017
2025-02-08,wk inc flu hosp,2,17,2025-02-22,quantile,0.05,2215.0949096679688
2025-02-08,wk inc flu hosp,2,17,2025-02-22,quantile,0.1,2319.694775390625
2025-02-08,wk inc flu hosp,2,17,2025-02-22,quantile,0.15,2370.4116088867186
2025-02-08,wk inc flu hosp,2,17,2025-02-22,quantile,0.2,2430.688623046875
2025-02-08,wk inc flu hosp,2,17,2025-02-22,quantile,0.25,2469.7350463867188
2025-02-08,wk inc flu hosp,2,17,2025-02-22,quantile,0.3,2538.3300537109376
2025-02-08,wk inc flu hosp,2,17,2025-02-22,quantile,0.35,2540.1923828125
2025-02-08,wk inc flu hosp,2,17,2025-02-22,quantile,0.4,2540.1923828125
2025-02-08,wk inc flu hosp,2,17,2025-02-22,quantile,0.45,2540.1923828125
2025-02-08,wk inc flu hosp,2,17,2025-02-22,quantile,0.5,2540.1923828125
2025-02-08,wk inc flu hosp,2,17,2025-02-22,quantile,0.55,2540.1923828125
2025-02-08,wk inc flu hosp,2,17,2025-02-22,quantile,0.6,2540.1923828125
2025-02-08,wk inc flu hosp,2,17,2025-02-22,quantile,0.65,2540.1923828125
2025-02-08,wk inc flu hosp,2,17,2025-02-22,quantile,0.7,2540.1923828125
2025-02-08,wk inc flu hosp,2,17,2025-02-22,quantile,0.75,2540.1923828125
2025-02-08,wk inc flu hosp,2,17,2025-02-22,quantile,0.8,2540.1923828125
2025-02-08,wk inc flu hosp,2,17,2025-02-22,quantile,0.85,2540.1923828125
2025-02-08,wk inc flu hosp,2,17,2025-02-22,quantile,0.9,2540.1923828125
2025-02-08,wk inc flu hosp,2,17,2025-02-22,quantile,0.95,2540.1923828125
2025-02-08,wk inc flu hosp,2,17,2025-02-22,quantile,0.975,2540.1923828125
2025-02-08,wk inc flu hosp,2,17,2025-02-22,quantile,0.99,2540.1923828125
2025-02-08,wk inc flu hosp,3,17,2025-03-01,quantile,0.01,1960.82751953125
2025-02-08,wk inc flu hosp,3,17,2025-03-01,quantile,0.025,1988.7621337890623
2025-02-08,wk inc flu hosp,3,17,2025-03-01,quantile,0.05,2213.5431518554688
2025-02-08,wk inc flu hosp,3,17,2025-03-01,quantile,0.1,2343.532421875
2025-02-08,wk inc flu hosp,3,17,2025-03-01,quantile,0.15,2424.5429931640624
2025-02-08,wk inc flu hosp,3,17,2025-03-01,quantile,0.2,2487.551220703125
2025-02-08,wk inc flu hosp,3,17,2025-03-01,quantile,0.25,2540.1923828125
2025-02-08,wk inc flu hosp,3,17,2025-03-01,quantile,0.3,2540.1923828125
2025-02-08,wk inc flu hosp,3,17,2025-03-01,quantile,0.35,2540.1923828125
2025-02-08,wk inc flu hosp,3,17,2025-03-01,quantile,0.4,2540.1923828125
2025-02-08,wk inc flu hosp,3,17,2025-03-01,quantile,0.45,2540.1923828125
2025-02-08,wk inc flu hosp,3,17,2025-03-01,quantile,0.5,2540.1923828125
2025-02-08,wk inc flu hosp,3,17,2025-03-01,quantile,0.55,2540.1923828125
2025-02-08,wk inc flu hosp,3,17,2025-03-01,quantile,0.6,2540.1923828125
2025-02-08,wk inc flu hosp,3,17,2025-03-01,quantile,0.65,2540.1923828125
2025-02-08,wk inc flu hosp,3,17,2025-03-01,quantile,0.7,2540.1923828125
2025-02-08,wk inc flu hosp,3,17,2025-03-01,quantile,0.75,2540.1923828125
2025-02-08,wk inc flu hosp,3,17,2025-03-01,quantile,0.8,2540.1923828125
2025-02-08,wk inc flu hosp,3,17,2025-03-01,quantile,0.85,2540.1923828125
2025-02-08,wk inc flu hosp,3,17,2025-03-01,quantile,0.9,2540.1923828125
2025-02-08,wk inc flu hosp,3,17,2025-03-01,quantile,0.95,2540.1923828125
2025-02-08,wk inc flu hosp,3,17,2025-03-01,quantile,0.975,2540.1923828125
2025-02-08,wk inc flu hosp,3,17,2025-03-01,quantile,0.99,2540.1923828125
2025-02-08,wk inc flu hosp,0,18,2025-02-08,quantile,0.01,748.0006420898437
2025-02-08,wk inc flu hosp,0,18,2025-02-08,quantile,0.025,785.2134078979492
2025-02-08,wk inc flu hosp,0,18,2025-02-08,quantile,0.05,806.9023986816406
2025-02-08,wk inc flu hosp,0,18,2025-02-08,quantile,0.1,824.0454650878906
2025-02-08,wk inc flu hosp,0,18,2025-02-08,quantile,0.15,841.3243408203125
2025-02-08,wk inc flu hosp,0,18,2025-02-08,quantile,0.2,903.0214721679688
2025-02-08,wk inc flu hosp,0,18,2025-02-08,quantile,0.25,965.7136993408204
2025-02-08,wk inc flu hosp,0,18,2025-02-08,quantile,0.3,977.6550537109376
2025-02-08,wk inc flu hosp,0,18,2025-02-08,quantile,0.35,1001.9901458740234
2025-02-08,wk inc flu hosp,0,18,2025-02-08,quantile,0.4,1016.8263549804688
2025-02-08,wk inc flu hosp,0,18,2025-02-08,quantile,0.45,1020.942544555664
2025-02-08,wk inc flu hosp,0,18,2025-02-08,quantile,0.5,1046.2274780273438
2025-02-08,wk inc flu hosp,0,18,2025-02-08,quantile,0.55,1130.6313232421876
2025-02-08,wk inc flu hosp,0,18,2025-02-08,quantile,0.6,1850.9134521484375
2025-02-08,wk inc flu hosp,0,18,2025-02-08,quantile,0.65,1850.9134521484375
2025-02-08,wk inc flu hosp,0,18,2025-02-08,quantile,0.7,1850.9134521484375
2025-02-08,wk inc flu hosp,0,18,2025-02-08,quantile,0.75,1850.9134521484375
2025-02-08,wk inc flu hosp,0,18,2025-02-08,quantile,0.8,1850.9134521484375
2025-02-08,wk inc flu hosp,0,18,2025-02-08,quantile,0.85,1850.9134521484375
2025-02-08,wk inc flu hosp,0,18,2025-02-08,quantile,0.9,1850.9134521484375
2025-02-08,wk inc flu hosp,0,18,2025-02-08,quantile,0.95,1850.9134521484375
2025-02-08,wk inc flu hosp,0,18,2025-02-08,quantile,0.975,1850.9134521484375
2025-02-08,wk inc flu hosp,0,18,2025-02-08,quantile,0.99,1850.9134521484375
2025-02-08,wk inc flu hosp,1,18,2025-02-15,quantile,0.01,652.2525634765625
2025-02-08,wk inc flu hosp,1,18,2025-02-15,quantile,0.025,662.090592956543
2025-02-08,wk inc flu hosp,1,18,2025-02-15,quantile,0.05,678.4421325683594
2025-02-08,wk inc flu hosp,1,18,2025-02-15,quantile,0.1,713.5878051757812
2025-02-08,wk inc flu hosp,1,18,2025-02-15,quantile,0.15,752.6686401367188
2025-02-08,wk inc flu hosp,1,18,2025-02-15,quantile,0.2,813.8229736328126
2025-02-08,wk inc flu hosp,1,18,2025-02-15,quantile,0.25,868.2376403808594
2025-02-08,wk inc flu hosp,1,18,2025-02-15,quantile,0.3,886.5567626953125
2025-02-08,wk inc flu hosp,1,18,2025-02-15,quantile,0.35,950.7869262695312
2025-02-08,wk inc flu hosp,1,18,2025-02-15,quantile,0.4,977.9264404296875
2025-02-08,wk inc flu hosp,1,18,2025-02-15,quantile,0.45,1007.2371368408204
2025-02-08,wk inc flu hosp,1,18,2025-02-15,quantile,0.5,1029.9437866210938
2025-02-08,wk inc flu hosp,1,18,2025-02-15,quantile,0.55,1119.5946228027344
2025-02-08,wk inc flu hosp,1,18,2025-02-15,quantile,0.6,1850.9134521484375
2025-02-08,wk inc flu hosp,1,18,2025-02-15,quantile,0.65,1850.9134521484375
2025-02-08,wk inc flu hosp,1,18,2025-02-15,quantile,0.7,1850.9134521484375
2025-02-08,wk inc flu hosp,1,18,2025-02-15,quantile,0.75,1850.9134521484375
2025-02-08,wk inc flu hosp,1,18,2025-02-15,quantile,0.8,1850.9134521484375
2025-02-08,wk inc flu hosp,1,18,2025-02-15,quantile,0.85,1850.9134521484375
2025-02-08,wk inc flu hosp,1,18,2025-02-15,quantile,0.9,1850.9134521484375
2025-02-08,wk inc flu hosp,1,18,2025-02-15,quantile,0.95,1850.9134521484375
2025-02-08,wk inc flu hosp,1,18,2025-02-15,quantile,0.975,1850.9134521484375
2025-02-08,wk inc flu hosp,1,18,2025-02-15,quantile,0.99,1850.9134521484375
2025-02-08,wk inc flu hosp,2,18,2025-02-22,quantile,0.01,596.788466796875
2025-02-08,wk inc flu hosp,2,18,2025-02-22,quantile,0.025,615.8629821777344
2025-02-08,wk inc flu hosp,2,18,2025-02-22,quantile,0.05,648.452978515625
2025-02-08,wk inc flu hosp,2,18,2025-02-22,quantile,0.1,686.3578125
2025-02-08,wk inc flu hosp,2,18,2025-02-22,quantile,0.15,719.4227691650391
2025-02-08,wk inc flu hosp,2,18,2025-02-22,quantile,0.2,784.6932373046875
2025-02-08,wk inc flu hosp,2,18,2025-02-22,quantile,0.25,814.8633117675781
2025-02-08,wk inc flu hosp,2,18,2025-02-22,quantile,0.3,837.1629516601563
2025-02-08,wk inc flu hosp,2,18,2025-02-22,quantile,0.35,900.0361022949219
2025-02-08,wk inc flu hosp,2,18,2025-02-22,quantile,0.4,963.2711181640624
2025-02-08,wk inc flu hosp,2,18,2025-02-22,quantile,0.45,1006.4681793212892
2025-02-08,wk inc flu hosp,2,18,2025-02-22,quantile,0.5,1032.2053833007812
2025-02-08,wk inc flu hosp,2,18,2025-02-22,quantile,0.55,1446.082684326174
2025-02-08,wk inc flu hosp,2,18,2025-02-22,quantile,0.6,1850.9134521484375
2025-02-08,wk inc flu hosp,2,18,2025-02-22,quantile,0.65,1850.9134521484375
2025-02-08,wk inc flu hosp,2,18,2025-02-22,quantile,0.7,1850.9134521484375
2025-02-08,wk inc flu hosp,2,18,2025-02-22,quantile,0.75,1850.9134521484375
2025-02-08,wk inc flu hosp,2,18,2025-02-22,quantile,0.8,1850.9134521484375
2025-02-08,wk inc flu hosp,2,18,2025-02-22,quantile,0.85,1850.9134521484375
2025-02-08,wk inc flu hosp,2,18,2025-02-22,quantile,0.9,1850.9134521484375
2025-02-08,wk inc flu hosp,2,18,2025-02-22,quantile,0.95,1850.9134521484375
2025-02-08,wk inc flu hosp,2,18,2025-02-22,quantile,0.975,1850.9134521484375
2025-02-08,wk inc flu hosp,2,18,2025-02-22,quantile,0.99,1850.9134521484375
2025-02-08,wk inc flu hosp,3,18,2025-03-01,quantile,0.01,536.3306860351563
2025-02-08,wk inc flu hosp,3,18,2025-03-01,quantile,0.025,547.2453216552734
2025-02-08,wk inc flu hosp,3,18,2025-03-01,quantile,0.05,601.773046875
2025-02-08,wk inc flu hosp,3,18,2025-03-01,quantile,0.1,659.5801696777344
2025-02-08,wk inc flu hosp,3,18,2025-03-01,quantile,0.15,687.7599884033203
2025-02-08,wk inc flu hosp,3,18,2025-03-01,quantile,0.2,751.7639892578126
2025-02-08,wk inc flu hosp,3,18,2025-03-01,quantile,0.25,804.0075378417969
2025-02-08,wk inc flu hosp,3,18,2025-03-01,quantile,0.3,822.0552612304688
2025-02-08,wk inc flu hosp,3,18,2025-03-01,quantile,0.35,875.1129821777342
2025-02-08,wk inc flu hosp,3,18,2025-03-01,quantile,0.4,940.4739135742188
2025-02-08,wk inc flu hosp,3,18,2025-03-01,quantile,0.45,1003.754183959961
2025-02-08,wk inc flu hosp,3,18,2025-03-01,quantile,0.5,1026.3251953125
2025-02-08,wk inc flu hosp,3,18,2025-03-01,quantile,0.55,1393.5225280761736
2025-02-08,wk inc flu hosp,3,18,2025-03-01,quantile,0.6,1850.9134521484375
2025-02-08,wk inc flu hosp,3,18,2025-03-01,quantile,0.65,1850.9134521484375
2025-02-08,wk inc flu hosp,3,18,2025-03-01,quantile,0.7,1850.9134521484375
2025-02-08,wk inc flu hosp,3,18,2025-03-01,quantile,0.75,1850.9134521484375
2025-02-08,wk inc flu hosp,3,18,2025-03-01,quantile,0.8,1850.9134521484375
2025-02-08,wk inc flu hosp,3,18,2025-03-01,quantile,0.85,1850.9134521484375
2025-02-08,wk inc flu hosp,3,18,2025-03-01,quantile,0.9,1850.9134521484375
2025-02-08,wk inc flu hosp,3,18,2025-03-01,quantile,0.95,1850.9134521484375
2025-02-08,wk inc flu hosp,3,18,2025-03-01,quantile,0.975,1850.9134521484375
2025-02-08,wk inc flu hosp,3,18,2025-03-01,quantile,0.99,1850.9134521484375
2025-02-08,wk inc flu hosp,0,19,2025-02-08,quantile,0.01,408.21282958984375
2025-02-08,wk inc flu hosp,0,19,2025-02-08,quantile,0.025,410.6719665527344
2025-02-08,wk inc flu hosp,0,19,2025-02-08,quantile,0.05,415.5765167236328
2025-02-08,wk inc flu hosp,0,19,2025-02-08,quantile,0.1,423.4866546630859
2025-02-08,wk inc flu hosp,0,19,2025-02-08,quantile,0.15,425.8911163330078
2025-02-08,wk inc flu hosp,0,19,2025-02-08,quantile,0.2,430.0169738769531
2025-02-08,wk inc flu hosp,0,19,2025-02-08,quantile,0.25,433.2138214111328
2025-02-08,wk inc flu hosp,0,19,2025-02-08,quantile,0.3,439.1976593017578
2025-02-08,wk inc flu hosp,0,19,2025-02-08,quantile,0.35,443.0912506103515
2025-02-08,wk inc flu hosp,0,19,2025-02-08,quantile,0.4,447.0121765136719
2025-02-08,wk inc flu hosp,0,19,2025-02-08,quantile,0.45,450.9877532958984
2025-02-08,wk inc flu hosp,0,19,2025-02-08,quantile,0.5,456.8486022949219
2025-02-08,wk inc flu hosp,0,19,2025-02-08,quantile,0.55,462.668522644043
2025-02-08,wk inc flu hosp,0,19,2025-02-08,quantile,0.6,471.6033020019531
2025-02-08,wk inc flu hosp,0,19,2025-02-08,quantile,0.65,559.0384521484375
2025-02-08,wk inc flu hosp,0,19,2025-02-08,quantile,0.7,559.0384521484375
2025-02-08,wk inc flu hosp,0,19,2025-02-08,quantile,0.75,559.0384521484375
2025-02-08,wk inc flu hosp,0,19,2025-02-08,quantile,0.8,559.0384521484375
2025-02-08,wk inc flu hosp,0,19,2025-02-08,quantile,0.85,559.0384521484375
2025-02-08,wk inc flu hosp,0,19,2025-02-08,quantile,0.9,559.0384521484375
2025-02-08,wk inc flu hosp,0,19,2025-02-08,quantile,0.95,559.0384521484375
2025-02-08,wk inc flu hosp,0,19,2025-02-08,quantile,0.975,559.0384521484375
2025-02-08,wk inc flu hosp,0,19,2025-02-08,quantile,0.99,559.0384521484375
2025-02-08,wk inc flu hosp,1,19,2025-02-15,quantile,0.01,404.90396484375
2025-02-08,wk inc flu hosp,1,19,2025-02-15,quantile,0.025,412.5162857055664
2025-02-08,wk inc flu hosp,1,19,2025-02-15,quantile,0.05,418.5547500610352
2025-02-08,wk inc flu hosp,1,19,2025-02-15,quantile,0.1,433.5143646240234
2025-02-08,wk inc flu hosp,1,19,2025-02-15,quantile,0.15,440.1402954101562
2025-02-08,wk inc flu hosp,1,19,2025-02-15,quantile,0.2,445.3180847167969
2025-02-08,wk inc flu hosp,1,19,2025-02-15,quantile,0.25,450.0177612304687
2025-02-08,wk inc flu hosp,1,19,2025-02-15,quantile,0.3,459.3350524902344
2025-02-08,wk inc flu hosp,1,19,2025-02-15,quantile,0.35,467.66871490478513
2025-02-08,wk inc flu hosp,1,19,2025-02-15,quantile,0.4,473.13343505859376
2025-02-08,wk inc flu hosp,1,19,2025-02-15,quantile,0.45,477.91503448486327
2025-02-08,wk inc flu hosp,1,19,2025-02-15,quantile,0.5,484.172119140625
2025-02-08,wk inc flu hosp,1,19,2025-02-15,quantile,0.55,497.0824493408203
2025-02-08,wk inc flu hosp,1,19,2025-02-15,quantile,0.6,505.4297668457031
2025-02-08,wk inc flu hosp,1,19,2025-02-15,quantile,0.65,559.0384521484375
2025-02-08,wk inc flu hosp,1,19,2025-02-15,quantile,0.7,559.0384521484375
2025-02-08,wk inc flu hosp,1,19,2025-02-15,quantile,0.75,559.0384521484375
2025-02-08,wk inc flu hosp,1,19,2025-02-15,quantile,0.8,559.0384521484375
2025-02-08,wk inc flu hosp,1,19,2025-02-15,quantile,0.85,559.0384521484375
2025-02-08,wk inc flu hosp,1,19,2025-02-15,quantile,0.9,559.0384521484375
2025-02-08,wk inc flu hosp,1,19,2025-02-15,quantile,0.95,559.0384521484375
2025-02-08,wk inc flu hosp,1,19,2025-02-15,quantile,0.975,559.0384521484375
2025-02-08,wk inc flu hosp,1,19,2025-02-15,quantile,0.99,559.0384521484375
2025-02-08,wk inc flu hosp,2,19,2025-02-22,quantile,0.01,403.00770080566406
2025-02-08,wk inc flu hosp,2,19,2025-02-22,quantile,0.025,405.2072448730469
2025-02-08,wk inc flu hosp,2,19,2025-02-22,quantile,0.05,422.8582046508789
2025-02-08,wk inc flu hosp,2,19,2025-02-22,quantile,0.1,442.9683013916016
2025-02-08,wk inc flu hosp,2,19,2025-02-22,quantile,0.15,452.3129241943359
2025-02-08,wk inc flu hosp,2,19,2025-02-22,quantile,0.2,458.9251953125
2025-02-08,wk inc flu hosp,2,19,2025-02-22,quantile,0.25,464.4991989135742
2025-02-08,wk inc flu hosp,2,19,2025-02-22,quantile,0.3,476.5488586425781
2025-02-08,wk inc flu hosp,2,19,2025-02-22,quantile,0.35,485.0737777709961
2025-02-08,wk inc flu hosp,2,19,2025-02-22,quantile,0.4,493.68067626953126
2025-02-08,wk inc flu hosp,2,19,2025-02-22,quantile,0.45,503.1755889892578
2025-02-08,wk inc flu hosp,2,19,2025-02-22,quantile,0.5,510.94911193847656
2025-02-08,wk inc flu hosp,2,19,2025-02-22,quantile,0.55,521.4276702880859
2025-02-08,wk inc flu hosp,2,19,2025-02-22,quantile,0.6,537.5621826171874
2025-02-08,wk inc flu hosp,2,19,2025-02-22,quantile,0.65,559.0384521484375
2025-02-08,wk inc flu hosp,2,19,2025-02-22,quantile,0.7,559.0384521484375
2025-02-08,wk inc flu hosp,2,19,2025-02-22,quantile,0.75,559.0384521484375
2025-02-08,wk inc flu hosp,2,19,2025-02-22,quantile,0.8,559.0384521484375
2025-02-08,wk inc flu hosp,2,19,2025-02-22,quantile,0.85,559.0384521484375
2025-02-08,wk inc flu hosp,2,19,2025-02-22,quantile,0.9,559.0384521484375
2025-02-08,wk inc flu hosp,2,19,2025-02-22,quantile,0.95,559.0384521484375
2025-02-08,wk inc flu hosp,2,19,2025-02-22,quantile,0.975,559.0384521484375
2025-02-08,wk inc flu hosp,2,19,2025-02-22,quantile,0.99,559.0384521484375
2025-02-08,wk inc flu hosp,3,19,2025-03-01,quantile,0.01,390.3706051635742
2025-02-08,wk inc flu hosp,3,19,2025-03-01,quantile,0.025,396.1085502624512
2025-02-08,wk inc flu hosp,3,19,2025-03-01,quantile,0.05,424.1150924682617
2025-02-08,wk inc flu hosp,3,19,2025-03-01,quantile,0.1,446.87555541992185
2025-02-08,wk inc flu hosp,3,19,2025-03-01,quantile,0.15,462.1083709716797
2025-02-08,wk inc flu hosp,3,19,2025-03-01,quantile,0.2,470.728955078125
2025-02-08,wk inc flu hosp,3,19,2025-03-01,quantile,0.25,476.7947845458984
2025-02-08,wk inc flu hosp,3,19,2025-03-01,quantile,0.3,494.28179931640625
2025-02-08,wk inc flu hosp,3,19,2025-03-01,quantile,0.35,502.4515075683594
2025-02-08,wk inc flu hosp,3,19,2025-03-01,quantile,0.4,515.1022827148438
2025-02-08,wk inc flu hosp,3,19,2025-03-01,quantile,0.45,529.2421905517579
2025-02-08,wk inc flu hosp,3,19,2025-03-01,quantile,0.5,533.9008178710938
2025-02-08,wk inc flu hosp,3,19,2025-03-01,quantile,0.55,550.5681671142578
2025-02-08,wk inc flu hosp,3,19,2025-03-01,quantile,0.6,559.0384521484375
2025-02-08,wk inc flu hosp,3,19,2025-03-01,quantile,0.65,559.0384521484375
2025-02-08,wk inc flu hosp,3,19,2025-03-01,quantile,0.7,559.0384521484375
2025-02-08,wk inc flu hosp,3,19,2025-03-01,quantile,0.75,559.0384521484375
2025-02-08,wk inc flu hosp,3,19,2025-03-01,quantile,0.8,559.0384521484375
2025-02-08,wk inc flu hosp,3,19,2025-03-01,quantile,0.85,559.0384521484375
2025-02-08,wk inc flu hosp,3,19,2025-03-01,quantile,0.9,559.0384521484375
2025-02-08,wk inc flu hosp,3,19,2025-03-01,quantile,0.95,559.0384521484375
2025-02-08,wk inc flu hosp,3,19,2025-03-01,quantile,0.975,559.0384521484375
2025-02-08,wk inc flu hosp,3,19,2025-03-01,quantile,0.99,559.0384521484375
2025-02-08,wk inc flu hosp,0,20,2025-02-08,quantile,0.01,210.01580810546875
2025-02-08,wk inc flu hosp,0,20,2025-02-08,quantile,0.025,215.71903648376465
2025-02-08,wk inc flu hosp,0,20,2025-02-08,quantile,0.05,225.241943359375
2025-02-08,wk inc flu hosp,0,20,2025-02-08,quantile,0.1,239.62802276611328
2025-02-08,wk inc flu hosp,0,20,2025-02-08,quantile,0.15,246.76856994628903
2025-02-08,wk inc flu hosp,0,20,2025-02-08,quantile,0.2,260.1570739746094
2025-02-08,wk inc flu hosp,0,20,2025-02-08,quantile,0.25,264.0948791503906
2025-02-08,wk inc flu hosp,0,20,2025-02-08,quantile,0.3,278.6647247314453
2025-02-08,wk inc flu hosp,0,20,2025-02-08,quantile,0.35,283.42945251464846
2025-02-08,wk inc flu hosp,0,20,2025-02-08,quantile,0.4,291.7644470214844
2025-02-08,wk inc flu hosp,0,20,2025-02-08,quantile,0.45,298.8918655395508
2025-02-08,wk inc flu hosp,0,20,2025-02-08,quantile,0.5,313.44859313964844
2025-02-08,wk inc flu hosp,0,20,2025-02-08,quantile,0.55,537.1154174804688
2025-02-08,wk inc flu hosp,0,20,2025-02-08,quantile,0.6,537.1154174804688
2025-02-08,wk inc flu hosp,0,20,2025-02-08,quantile,0.65,537.1154174804688
2025-02-08,wk inc flu hosp,0,20,2025-02-08,quantile,0.7,537.1154174804688
2025-02-08,wk inc flu hosp,0,20,2025-02-08,quantile,0.75,537.1154174804688
2025-02-08,wk inc flu hosp,0,20,2025-02-08,quantile,0.8,537.1154174804688
2025-02-08,wk inc flu hosp,0,20,2025-02-08,quantile,0.85,537.1154174804688
2025-02-08,wk inc flu hosp,0,20,2025-02-08,quantile,0.9,537.1154174804688
2025-02-08,wk inc flu hosp,0,20,2025-02-08,quantile,0.95,537.1154174804688
2025-02-08,wk inc flu hosp,0,20,2025-02-08,quantile,0.975,537.1154174804688
2025-02-08,wk inc flu hosp,0,20,2025-02-08,quantile,0.99,537.1154174804688
2025-02-08,wk inc flu hosp,1,20,2025-02-15,quantile,0.01,155.60333694458006
2025-02-08,wk inc flu hosp,1,20,2025-02-15,quantile,0.025,172.52142753601075
2025-02-08,wk inc flu hosp,1,20,2025-02-15,quantile,0.05,180.07542037963867
2025-02-08,wk inc flu hosp,1,20,2025-02-15,quantile,0.1,192.87325592041017
2025-02-08,wk inc flu hosp,1,20,2025-02-15,quantile,0.15,209.7007843017578
2025-02-08,wk inc flu hosp,1,20,2025-02-15,quantile,0.2,228.49719543457033
2025-02-08,wk inc flu hosp,1,20,2025-02-15,quantile,0.25,236.7271728515625
2025-02-08,wk inc flu hosp,1,20,2025-02-15,quantile,0.3,251.94019775390623
2025-02-08,wk inc flu hosp,1,20,2025-02-15,quantile,0.35,262.59849853515624
2025-02-08,wk inc flu hosp,1,20,2025-02-15,quantile,0.4,272.7580139160156
2025-02-08,wk inc flu hosp,1,20,2025-02-15,quantile,0.45,285.2277114868164
2025-02-08,wk inc flu hosp,1,20,2025-02-15,quantile,0.5,537.1154174804688
2025-02-08,wk inc flu hosp,1,20,2025-02-15,quantile,0.55,537.1154174804688
2025-02-08,wk inc flu hosp,1,20,2025-02-15,quantile,0.6,537.1154174804688
2025-02-08,wk inc flu hosp,1,20,2025-02-15,quantile,0.65,537.1154174804688
2025-02-08,wk inc flu hosp,1,20,2025-02-15,quantile,0.7,537.1154174804688
2025-02-08,wk inc flu hosp,1,20,2025-02-15,quantile,0.75,537.1154174804688
2025-02-08,wk inc flu hosp,1,20,2025-02-15,quantile,0.8,537.1154174804688
2025-02-08,wk inc flu hosp,1,20,2025-02-15,quantile,0.85,537.1154174804688
2025-02-08,wk inc flu hosp,1,20,2025-02-15,quantile,0.9,537.1154174804688
2025-02-08,wk inc flu hosp,1,20,2025-02-15,quantile,0.95,537.1154174804688
2025-02-08,wk inc flu hosp,1,20,2025-02-15,quantile,0.975,537.1154174804688
2025-02-08,wk inc flu hosp,1,20,2025-02-15,quantile,0.99,537.1154174804688
2025-02-08,wk inc flu hosp,2,20,2025-02-22,quantile,0.01,122.47859153747558
2025-02-08,wk inc flu hosp,2,20,2025-02-22,quantile,0.025,128.35902080535888
2025-02-08,wk inc flu hosp,2,20,2025-02-22,quantile,0.05,153.7578224182129
2025-02-08,wk inc flu hosp,2,20,2025-02-22,quantile,0.1,175.2581817626953
2025-02-08,wk inc flu hosp,2,20,2025-02-22,quantile,0.15,192.0463264465332
2025-02-08,wk inc flu hosp,2,20,2025-02-22,quantile,0.2,209.9633026123047
2025-02-08,wk inc flu hosp,2,20,2025-02-22,quantile,0.25,227.14521408081055
2025-02-08,wk inc flu hosp,2,20,2025-02-22,quantile,0.3,235.74273681640625
2025-02-08,wk inc flu hosp,2,20,2025-02-22,quantile,0.35,246.1253936767578
2025-02-08,wk inc flu hosp,2,20,2025-02-22,quantile,0.4,262.1522277832031
2025-02-08,wk inc flu hosp,2,20,2025-02-22,quantile,0.45,279.46539611816405
2025-02-08,wk inc flu hosp,2,20,2025-02-22,quantile,0.5,537.1154174804688
2025-02-08,wk inc flu hosp,2,20,2025-02-22,quantile,0.55,537.1154174804688
2025-02-08,wk inc flu hosp,2,20,2025-02-22,quantile,0.6,537.1154174804688
2025-02-08,wk inc flu hosp,2,20,2025-02-22,quantile,0.65,537.1154174804688
2025-02-08,wk inc flu hosp,2,20,2025-02-22,quantile,0.7,537.1154174804688
2025-02-08,wk inc flu hosp,2,20,2025-02-22,quantile,0.75,537.1154174804688
2025-02-08,wk inc flu hosp,2,20,2025-02-22,quantile,0.8,537.1154174804688
2025-02-08,wk inc flu hosp,2,20,2025-02-22,quantile,0.85,537.1154174804688
2025-02-08,wk inc flu hosp,2,20,2025-02-22,quantile,0.9,537.1154174804688
2025-02-08,wk inc flu hosp,2,20,2025-02-22,quantile,0.95,537.1154174804688
2025-02-08,wk inc flu hosp,2,20,2025-02-22,quantile,0.975,537.1154174804688
2025-02-08,wk inc flu hosp,2,20,2025-02-22,quantile,0.99,537.1154174804688
2025-02-08,wk inc flu hosp,3,20,2025-03-01,quantile,0.01,80.74582084655762
2025-02-08,wk inc flu hosp,3,20,2025-03-01,quantile,0.025,110.8883409500122
2025-02-08,wk inc flu hosp,3,20,2025-03-01,quantile,0.05,131.9818092346191
2025-02-08,wk inc flu hosp,3,20,2025-03-01,quantile,0.1,159.8220230102539
2025-02-08,wk inc flu hosp,3,20,2025-03-01,quantile,0.15,181.88680877685545
2025-02-08,wk inc flu hosp,3,20,2025-03-01,quantile,0.2,205.81549072265625
2025-02-08,wk inc flu hosp,3,20,2025-03-01,quantile,0.25,216.0537567138672
2025-02-08,wk inc flu hosp,3,20,2025-03-01,quantile,0.3,221.54041137695313
2025-02-08,wk inc flu hosp,3,20,2025-03-01,quantile,0.35,234.07573318481445
2025-02-08,wk inc flu hosp,3,20,2025-03-01,quantile,0.4,253.54157104492188
2025-02-08,wk inc flu hosp,3,20,2025-03-01,quantile,0.45,276.5776794433594
2025-02-08,wk inc flu hosp,3,20,2025-03-01,quantile,0.5,537.1154174804688
2025-02-08,wk inc flu hosp,3,20,2025-03-01,quantile,0.55,537.1154174804688
2025-02-08,wk inc flu hosp,3,20,2025-03-01,quantile,0.6,537.1154174804688
2025-02-08,wk inc flu hosp,3,20,2025-03-01,quantile,0.65,537.1154174804688
2025-02-08,wk inc flu hosp,3,20,2025-03-01,quantile,0.7,537.1154174804688
2025-02-08,wk inc flu hosp,3,20,2025-03-01,quantile,0.75,537.1154174804688
2025-02-08,wk inc flu hosp,3,20,2025-03-01,quantile,0.8,537.1154174804688
2025-02-08,wk inc flu hosp,3,20,2025-03-01,quantile,0.85,537.1154174804688
2025-02-08,wk inc flu hosp,3,20,2025-03-01,quantile,0.9,537.1154174804688
2025-02-08,wk inc flu hosp,3,20,2025-03-01,quantile,0.95,537.1154174804688
2025-02-08,wk inc flu hosp,3,20,2025-03-01,quantile,0.975,537.1154174804688
2025-02-08,wk inc flu hosp,3,20,2025-03-01,quantile,0.99,537.1154174804688
2025-02-08,wk inc flu hosp,0,21,2025-02-08,quantile,0.01,512.2937170410156
2025-02-08,wk inc flu hosp,0,21,2025-02-08,quantile,0.025,522.8746780395508
2025-02-08,wk inc flu hosp,0,21,2025-02-08,quantile,0.05,530.7453643798829
2025-02-08,wk inc flu hosp,0,21,2025-02-08,quantile,0.1,568.880615234375
2025-02-08,wk inc flu hosp,0,21,2025-02-08,quantile,0.15,589.330776977539
2025-02-08,wk inc flu hosp,0,21,2025-02-08,quantile,0.2,598.3376342773438
2025-02-08,wk inc flu hosp,0,21,2025-02-08,quantile,0.25,608.4394683837891
2025-02-08,wk inc flu hosp,0,21,2025-02-08,quantile,0.3,615.2561645507812
2025-02-08,wk inc flu hosp,0,21,2025-02-08,quantile,0.35,626.1793518066406
2025-02-08,wk inc flu hosp,0,21,2025-02-08,quantile,0.4,632.9412841796875
2025-02-08,wk inc flu hosp,0,21,2025-02-08,quantile,0.45,639.8127746582031
2025-02-08,wk inc flu hosp,0,21,2025-02-08,quantile,0.5,645.2606811523438
2025-02-08,wk inc flu hosp,0,21,2025-02-08,quantile,0.55,651.5572509765625
2025-02-08,wk inc flu hosp,0,21,2025-02-08,quantile,0.6,656.4849243164062
2025-02-08,wk inc flu hosp,0,21,2025-02-08,quantile,0.65,660.7556823730469
2025-02-08,wk inc flu hosp,0,21,2025-02-08,quantile,0.7,1120.2403564453125
2025-02-08,wk inc flu hosp,0,21,2025-02-08,quantile,0.75,1120.2403564453125
2025-02-08,wk inc flu hosp,0,21,2025-02-08,quantile,0.8,1120.2403564453125
2025-02-08,wk inc flu hosp,0,21,2025-02-08,quantile,0.85,1120.2403564453125
2025-02-08,wk inc flu hosp,0,21,2025-02-08,quantile,0.9,1120.2403564453125
2025-02-08,wk inc flu hosp,0,21,2025-02-08,quantile,0.95,1120.2403564453125
2025-02-08,wk inc flu hosp,0,21,2025-02-08,quantile,0.975,1120.2403564453125
2025-02-08,wk inc flu hosp,0,21,2025-02-08,quantile,0.99,1120.2403564453125
2025-02-08,wk inc flu hosp,1,21,2025-02-15,quantile,0.01,436.6583169555664
2025-02-08,wk inc flu hosp,1,21,2025-02-15,quantile,0.025,460.3197059631348
2025-02-08,wk inc flu hosp,1,21,2025-02-15,quantile,0.05,482.72725067138674
2025-02-08,wk inc flu hosp,1,21,2025-02-15,quantile,0.1,523.819140625
2025-02-08,wk inc flu hosp,1,21,2025-02-15,quantile,0.15,544.5430419921875
2025-02-08,wk inc flu hosp,1,21,2025-02-15,quantile,0.2,564.39091796875
2025-02-08,wk inc flu hosp,1,21,2025-02-15,quantile,0.25,578.4623718261719
2025-02-08,wk inc flu hosp,1,21,2025-02-15,quantile,0.3,587.3323181152343
2025-02-08,wk inc flu hosp,1,21,2025-02-15,quantile,0.35,597.7079559326172
2025-02-08,wk inc flu hosp,1,21,2025-02-15,quantile,0.4,612.4637817382812
2025-02-08,wk inc flu hosp,1,21,2025-02-15,quantile,0.45,626.9732391357422
2025-02-08,wk inc flu hosp,1,21,2025-02-15,quantile,0.5,639.5115966796875
2025-02-08,wk inc flu hosp,1,21,2025-02-15,quantile,0.55,648.1625579833984
2025-02-08,wk inc flu hosp,1,21,2025-02-15,quantile,0.6,653.8568237304687
2025-02-08,wk inc flu hosp,1,21,2025-02-15,quantile,0.65,658.8666900634765
2025-02-08,wk inc flu hosp,1,21,2025-02-15,quantile,0.7,1120.2403564453125
2025-02-08,wk inc flu hosp,1,21,2025-02-15,quantile,0.75,1120.2403564453125
2025-02-08,wk inc flu hosp,1,21,2025-02-15,quantile,0.8,1120.2403564453125
2025-02-08,wk inc flu hosp,1,21,2025-02-15,quantile,0.85,1120.2403564453125
2025-02-08,wk inc flu hosp,1,21,2025-02-15,quantile,0.9,1120.2403564453125
2025-02-08,wk inc flu hosp,1,21,2025-02-15,quantile,0.95,1120.2403564453125
2025-02-08,wk inc flu hosp,1,21,2025-02-15,quantile,0.975,1120.2403564453125
2025-02-08,wk inc flu hosp,1,21,2025-02-15,quantile,0.99,1120.2403564453125
2025-02-08,wk inc flu hosp,2,21,2025-02-22,quantile,0.01,398.81325592041014
2025-02-08,wk inc flu hosp,2,21,2025-02-22,quantile,0.025,421.1578041076661
2025-02-08,wk inc flu hosp,2,21,2025-02-22,quantile,0.05,445.1121490478516
2025-02-08,wk inc flu hosp,2,21,2025-02-22,quantile,0.1,491.7888153076172
2025-02-08,wk inc flu hosp,2,21,2025-02-22,quantile,0.15,513.1697418212891
2025-02-08,wk inc flu hosp,2,21,2025-02-22,quantile,0.2,530.991748046875
2025-02-08,wk inc flu hosp,2,21,2025-02-22,quantile,0.25,550.8122711181641
2025-02-08,wk inc flu hosp,2,21,2025-02-22,quantile,0.3,568.3331298828125
2025-02-08,wk inc flu hosp,2,21,2025-02-22,quantile,0.35,580.8988525390624
2025-02-08,wk inc flu hosp,2,21,2025-02-22,quantile,0.4,598.4471435546875
2025-02-08,wk inc flu hosp,2,21,2025-02-22,quantile,0.45,617.3641662597656
2025-02-08,wk inc flu hosp,2,21,2025-02-22,quantile,0.5,634.5838623046875
2025-02-08,wk inc flu hosp,2,21,2025-02-22,quantile,0.55,643.8370910644531
2025-02-08,wk inc flu hosp,2,21,2025-02-22,quantile,0.6,653.4188110351563
2025-02-08,wk inc flu hosp,2,21,2025-02-22,quantile,0.65,660.8651733398438
2025-02-08,wk inc flu hosp,2,21,2025-02-22,quantile,0.7,1120.2403564453125
2025-02-08,wk inc flu hosp,2,21,2025-02-22,quantile,0.75,1120.2403564453125
2025-02-08,wk inc flu hosp,2,21,2025-02-22,quantile,0.8,1120.2403564453125
2025-02-08,wk inc flu hosp,2,21,2025-02-22,quantile,0.85,1120.2403564453125
2025-02-08,wk inc flu hosp,2,21,2025-02-22,quantile,0.9,1120.2403564453125
2025-02-08,wk inc flu hosp,2,21,2025-02-22,quantile,0.95,1120.2403564453125
2025-02-08,wk inc flu hosp,2,21,2025-02-22,quantile,0.975,1120.2403564453125
2025-02-08,wk inc flu hosp,2,21,2025-02-22,quantile,0.99,1120.2403564453125
2025-02-08,wk inc flu hosp,3,21,2025-03-01,quantile,0.01,356.80698669433593
2025-02-08,wk inc flu hosp,3,21,2025-03-01,quantile,0.025,373.317635345459
2025-02-08,wk inc flu hosp,3,21,2025-03-01,quantile,0.05,410.07040252685545
2025-02-08,wk inc flu hosp,3,21,2025-03-01,quantile,0.1,467.0406188964844
2025-02-08,wk inc flu hosp,3,21,2025-03-01,quantile,0.15,488.9964233398437
2025-02-08,wk inc flu hosp,3,21,2025-03-01,quantile,0.2,504.9294921875
2025-02-08,wk inc flu hosp,3,21,2025-03-01,quantile,0.25,531.5119018554688
2025-02-08,wk inc flu hosp,3,21,2025-03-01,quantile,0.3,552.7833557128906
2025-02-08,wk inc flu hosp,3,21,2025-03-01,quantile,0.35,570.8790985107422
2025-02-08,wk inc flu hosp,3,21,2025-03-01,quantile,0.4,593.8478759765625
2025-02-08,wk inc flu hosp,3,21,2025-03-01,quantile,0.45,617.0356323242187
2025-02-08,wk inc flu hosp,3,21,2025-03-01,quantile,0.5,631.84619140625
2025-02-08,wk inc flu hosp,3,21,2025-03-01,quantile,0.55,644.6857879638671
2025-02-08,wk inc flu hosp,3,21,2025-03-01,quantile,0.6,650.1336547851563
2025-02-08,wk inc flu hosp,3,21,2025-03-01,quantile,0.65,663.2742950439452
2025-02-08,wk inc flu hosp,3,21,2025-03-01,quantile,0.7,1120.2403564453125
2025-02-08,wk inc flu hosp,3,21,2025-03-01,quantile,0.75,1120.2403564453125
2025-02-08,wk inc flu hosp,3,21,2025-03-01,quantile,0.8,1120.2403564453125
2025-02-08,wk inc flu hosp,3,21,2025-03-01,quantile,0.85,1120.2403564453125
2025-02-08,wk inc flu hosp,3,21,2025-03-01,quantile,0.9,1120.2403564453125
2025-02-08,wk inc flu hosp,3,21,2025-03-01,quantile,0.95,1120.2403564453125
2025-02-08,wk inc flu hosp,3,21,2025-03-01,quantile,0.975,1120.2403564453125
2025-02-08,wk inc flu hosp,3,21,2025-03-01,quantile,0.99,1120.2403564453125
2025-02-08,wk inc flu hosp,0,22,2025-02-08,quantile,0.01,549.422114868164
2025-02-08,wk inc flu hosp,0,22,2025-02-08,quantile,0.025,549.9996841430664
2025-02-08,wk inc flu hosp,0,22,2025-02-08,quantile,0.05,557.4905548095703
2025-02-08,wk inc flu hosp,0,22,2025-02-08,quantile,0.1,561.1553955078125
2025-02-08,wk inc flu hosp,0,22,2025-02-08,quantile,0.15,563.5008544921875
2025-02-08,wk inc flu hosp,0,22,2025-02-08,quantile,0.2,568.0744995117187
2025-02-08,wk inc flu hosp,0,22,2025-02-08,quantile,0.25,572.7361602783203
2025-02-08,wk inc flu hosp,0,22,2025-02-08,quantile,0.3,575.0523010253906
2025-02-08,wk inc flu hosp,0,22,2025-02-08,quantile,0.35,579.1275970458985
2025-02-08,wk inc flu hosp,0,22,2025-02-08,quantile,0.4,582.2647094726562
2025-02-08,wk inc flu hosp,0,22,2025-02-08,quantile,0.45,585.5190338134765
2025-02-08,wk inc flu hosp,0,22,2025-02-08,quantile,0.5,588.7147216796875
2025-02-08,wk inc flu hosp,0,22,2025-02-08,quantile,0.55,590.473876953125
2025-02-08,wk inc flu hosp,0,22,2025-02-08,quantile,0.6,592.8193359375
2025-02-08,wk inc flu hosp,0,22,2025-02-08,quantile,0.65,594.5784301757812
2025-02-08,wk inc flu hosp,0,22,2025-02-08,quantile,0.7,595.7511596679688
2025-02-08,wk inc flu hosp,0,22,2025-02-08,quantile,0.75,598.8295745849609
2025-02-08,wk inc flu hosp,0,22,2025-02-08,quantile,0.8,601.6148681640625
2025-02-08,wk inc flu hosp,0,22,2025-02-08,quantile,0.85,605.3089660644531
2025-02-08,wk inc flu hosp,0,22,2025-02-08,quantile,0.9,609.2376708984375
2025-02-08,wk inc flu hosp,0,22,2025-02-08,quantile,0.95,613.9579071044922
2025-02-08,wk inc flu hosp,0,22,2025-02-08,quantile,0.975,617.520133972168
2025-02-08,wk inc flu hosp,0,22,2025-02-08,quantile,0.99,620.965087890625
2025-02-08,wk inc flu hosp,1,22,2025-02-15,quantile,0.01,545.3234252929688
2025-02-08,wk inc flu hosp,1,22,2025-02-15,quantile,0.025,560.5250518798828
2025-02-08,wk inc flu hosp,1,22,2025-02-15,quantile,0.05,566.4326782226562
2025-02-08,wk inc flu hosp,1,22,2025-02-15,quantile,0.1,575.0523010253906
2025-02-08,wk inc flu hosp,1,22,2025-02-15,quantile,0.15,584.1703948974609
2025-02-08,wk inc flu hosp,1,22,2025-02-15,quantile,0.2,589.6529052734375
2025-02-08,wk inc flu hosp,1,22,2025-02-15,quantile,0.25,593.4057006835938
2025-02-08,wk inc flu hosp,1,22,2025-02-15,quantile,0.3,596.9238891601562
2025-02-08,wk inc flu hosp,1,22,2025-02-15,quantile,0.35,600.823275756836
2025-02-08,wk inc flu hosp,1,22,2025-02-15,quantile,0.4,604.5466918945312
2025-02-08,wk inc flu hosp,1,22,2025-02-15,quantile,0.45,606.628286743164
2025-02-08,wk inc flu hosp,1,22,2025-02-15,quantile,0.5,611.2899475097656
2025-02-08,wk inc flu hosp,1,22,2025-02-15,quantile,0.55,615.101318359375
2025-02-08,wk inc flu hosp,1,22,2025-02-15,quantile,0.6,619.7922973632812
2025-02-08,wk inc flu hosp,1,22,2025-02-15,quantile,0.65,621.7566802978515
2025-02-08,wk inc flu hosp,1,22,2025-02-15,quantile,0.7,624.8350952148437
2025-02-08,wk inc flu hosp,1,22,2025-02-15,quantile,0.75,629.9071655273438
2025-02-08,wk inc flu hosp,1,22,2025-02-15,quantile,0.8,633.8651733398438
2025-02-08,wk inc flu hosp,1,22,2025-02-15,quantile,0.85,637.9697265625
2025-02-08,wk inc flu hosp,1,22,2025-02-15,quantile,0.9,643.2471313476562
2025-02-08,wk inc flu hosp,1,22,2025-02-15,quantile,0.95,650.869873046875
2025-02-08,wk inc flu hosp,1,22,2025-02-15,quantile,0.975,653.21533203125
2025-02-08,wk inc flu hosp,1,22,2025-02-15,quantile,0.99,655.0038055419922
2025-02-08,wk inc flu hosp,2,22,2025-02-22,quantile,0.01,547.6219750976562
2025-02-08,wk inc flu hosp,2,22,2025-02-22,quantile,0.025,565.2306304931641
2025-02-08,wk inc flu hosp,2,22,2025-02-22,quantile,0.05,580.8866882324219
2025-02-08,wk inc flu hosp,2,22,2025-02-22,quantile,0.1,592.2329711914062
2025-02-08,wk inc flu hosp,2,22,2025-02-22,quantile,0.15,601.5269134521484
2025-02-08,wk inc flu hosp,2,22,2025-02-22,quantile,0.2,606.1885131835937
2025-02-08,wk inc flu hosp,2,22,2025-02-22,quantile,0.25,609.8240356445312
2025-02-08,wk inc flu hosp,2,22,2025-02-22,quantile,0.3,613.9285888671875
2025-02-08,wk inc flu hosp,2,22,2025-02-22,quantile,0.35,618.6195678710938
2025-02-08,wk inc flu hosp,2,22,2025-02-22,quantile,0.4,625.7732788085938
2025-02-08,wk inc flu hosp,2,22,2025-02-22,quantile,0.45,633.27880859375
2025-02-08,wk inc flu hosp,2,22,2025-02-22,quantile,0.5,637.0901794433594
2025-02-08,wk inc flu hosp,2,22,2025-02-22,quantile,0.55,639.406381225586
2025-02-08,wk inc flu hosp,2,22,2025-02-22,quantile,0.6,643.8334350585938
2025-02-08,wk inc flu hosp,2,22,2025-02-22,quantile,0.65,647.9380493164062
2025-02-08,wk inc flu hosp,2,22,2025-02-22,quantile,0.7,653.391259765625
2025-02-08,wk inc flu hosp,2,22,2025-02-22,quantile,0.75,657.4665374755859
2025-02-08,wk inc flu hosp,2,22,2025-02-22,quantile,0.8,660.9554565429687
2025-02-08,wk inc flu hosp,2,22,2025-02-22,quantile,0.85,668.0504821777344
2025-02-08,wk inc flu hosp,2,22,2025-02-22,quantile,0.9,674.3832275390625
2025-02-08,wk inc flu hosp,2,22,2025-02-22,quantile,0.95,683.1494995117188
2025-02-08,wk inc flu hosp,2,22,2025-02-22,quantile,0.975,689.027864074707
2025-02-08,wk inc flu hosp,2,22,2025-02-22,quantile,0.99,695.4925970458984
2025-02-08,wk inc flu hosp,3,22,2025-03-01,quantile,0.01,556.9159167480469
2025-02-08,wk inc flu hosp,3,22,2025-03-01,quantile,0.025,569.3499038696289
2025-02-08,wk inc flu hosp,3,22,2025-03-01,quantile,0.05,589.2424499511719
2025-02-08,wk inc flu hosp,3,22,2025-03-01,quantile,0.1,603.3739624023438
2025-02-08,wk inc flu hosp,3,22,2025-03-01,quantile,0.15,613.7526794433594
2025-02-08,wk inc flu hosp,3,22,2025-03-01,quantile,0.2,620.378662109375
2025-02-08,wk inc flu hosp,3,22,2025-03-01,quantile,0.25,625.0696411132812
2025-02-08,wk inc flu hosp,3,22,2025-03-01,quantile,0.3,631.5197143554688
2025-02-08,wk inc flu hosp,3,22,2025-03-01,quantile,0.35,636.5917694091797
2025-02-08,wk inc flu hosp,3,22,2025-03-01,quantile,0.4,646.7653198242188
2025-02-08,wk inc flu hosp,3,22,2025-03-01,quantile,0.45,654.4467590332031
2025-02-08,wk inc flu hosp,3,22,2025-03-01,quantile,0.5,659.6654052734375
2025-02-08,wk inc flu hosp,3,22,2025-03-01,quantile,0.55,662.5386535644532
2025-02-08,wk inc flu hosp,3,22,2025-03-01,quantile,0.6,667.8745727539062
2025-02-08,wk inc flu hosp,3,22,2025-03-01,quantile,0.65,674.1487365722656
2025-02-08,wk inc flu hosp,3,22,2025-03-01,quantile,0.7,679.1914916992188
2025-02-08,wk inc flu hosp,3,22,2025-03-01,quantile,0.75,686.0520629882812
2025-02-08,wk inc flu hosp,3,22,2025-03-01,quantile,0.8,693.20576171875
2025-02-08,wk inc flu hosp,3,22,2025-03-01,quantile,0.85,698.3657836914062
2025-02-08,wk inc flu hosp,3,22,2025-03-01,quantile,0.9,707.2199523925781
2025-02-08,wk inc flu hosp,3,22,2025-03-01,quantile,0.95,720.6771453857422
2025-02-08,wk inc flu hosp,3,22,2025-03-01,quantile,0.975,730.6160888671875
2025-02-08,wk inc flu hosp,3,22,2025-03-01,quantile,0.99,732.967412109375
2025-02-08,wk inc flu hosp,0,23,2025-02-08,quantile,0.01,125.90373374938964
2025-02-08,wk inc flu hosp,0,23,2025-02-08,quantile,0.025,127.80911254882812
2025-02-08,wk inc flu hosp,0,23,2025-02-08,quantile,0.05,131.84164428710938
2025-02-08,wk inc flu hosp,0,23,2025-02-08,quantile,0.1,139.90673828125
2025-02-08,wk inc flu hosp,0,23,2025-02-08,quantile,0.15,144.00087814331056
2025-02-08,wk inc flu hosp,0,23,2025-02-08,quantile,0.2,146.73965454101562
2025-02-08,wk inc flu hosp,0,23,2025-02-08,quantile,0.25,149.76405334472656
2025-02-08,wk inc flu hosp,0,23,2025-02-08,quantile,0.3,155.5216278076172
2025-02-08,wk inc flu hosp,0,23,2025-02-08,quantile,0.35,164.02356414794923
2025-02-08,wk inc flu hosp,0,23,2025-02-08,quantile,0.4,224.92611083984383
2025-02-08,wk inc flu hosp,0,23,2025-02-08,quantile,0.45,229.1826934814453
2025-02-08,wk inc flu hosp,0,23,2025-02-08,quantile,0.5,229.1826934814453
2025-02-08,wk inc flu hosp,0,23,2025-02-08,quantile,0.55,229.1826934814453
2025-02-08,wk inc flu hosp,0,23,2025-02-08,quantile,0.6,229.1826934814453
2025-02-08,wk inc flu hosp,0,23,2025-02-08,quantile,0.65,229.1826934814453
2025-02-08,wk inc flu hosp,0,23,2025-02-08,quantile,0.7,229.1826934814453
2025-02-08,wk inc flu hosp,0,23,2025-02-08,quantile,0.75,229.1826934814453
2025-02-08,wk inc flu hosp,0,23,2025-02-08,quantile,0.8,229.1826934814453
2025-02-08,wk inc flu hosp,0,23,2025-02-08,quantile,0.85,229.1826934814453
2025-02-08,wk inc flu hosp,0,23,2025-02-08,quantile,0.9,229.1826934814453
2025-02-08,wk inc flu hosp,0,23,2025-02-08,quantile,0.95,229.1826934814453
2025-02-08,wk inc flu hosp,0,23,2025-02-08,quantile,0.975,229.1826934814453
2025-02-08,wk inc flu hosp,0,23,2025-02-08,quantile,0.99,229.1826934814453
2025-02-08,wk inc flu hosp,1,23,2025-02-15,quantile,0.01,122.04146423339844
2025-02-08,wk inc flu hosp,1,23,2025-02-15,quantile,0.025,124.6614974975586
2025-02-08,wk inc flu hosp,1,23,2025-02-15,quantile,0.05,128.3467830657959
2025-02-08,wk inc flu hosp,1,23,2025-02-15,quantile,0.1,134.82125244140624
2025-02-08,wk inc flu hosp,1,23,2025-02-15,quantile,0.15,140.3211929321289
2025-02-08,wk inc flu hosp,1,23,2025-02-15,quantile,0.2,146.02276000976562
2025-02-08,wk inc flu hosp,1,23,2025-02-15,quantile,0.25,149.40000534057617
2025-02-08,wk inc flu hosp,1,23,2025-02-15,quantile,0.3,154.4910873413086
2025-02-08,wk inc flu hosp,1,23,2025-02-15,quantile,0.35,166.8463363647461
2025-02-08,wk inc flu hosp,1,23,2025-02-15,quantile,0.4,209.9385040283207
2025-02-08,wk inc flu hosp,1,23,2025-02-15,quantile,0.45,229.1826934814453
2025-02-08,wk inc flu hosp,1,23,2025-02-15,quantile,0.5,229.1826934814453
2025-02-08,wk inc flu hosp,1,23,2025-02-15,quantile,0.55,229.1826934814453
2025-02-08,wk inc flu hosp,1,23,2025-02-15,quantile,0.6,229.1826934814453
2025-02-08,wk inc flu hosp,1,23,2025-02-15,quantile,0.65,229.1826934814453
2025-02-08,wk inc flu hosp,1,23,2025-02-15,quantile,0.7,229.1826934814453
2025-02-08,wk inc flu hosp,1,23,2025-02-15,quantile,0.75,229.1826934814453
2025-02-08,wk inc flu hosp,1,23,2025-02-15,quantile,0.8,229.1826934814453
2025-02-08,wk inc flu hosp,1,23,2025-02-15,quantile,0.85,229.1826934814453
2025-02-08,wk inc flu hosp,1,23,2025-02-15,quantile,0.9,229.1826934814453
2025-02-08,wk inc flu hosp,1,23,2025-02-15,quantile,0.95,229.1826934814453
2025-02-08,wk inc flu hosp,1,23,2025-02-15,quantile,0.975,229.1826934814453
2025-02-08,wk inc flu hosp,1,23,2025-02-15,quantile,0.99,229.1826934814453
2025-02-08,wk inc flu hosp,2,23,2025-02-22,quantile,0.01,108.76656318664551
2025-02-08,wk inc flu hosp,2,23,2025-02-22,quantile,0.025,114.13767929077147
2025-02-08,wk inc flu hosp,2,23,2025-02-22,quantile,0.05,125.6024211883545
2025-02-08,wk inc flu hosp,2,23,2025-02-22,quantile,0.1,131.71844177246095
2025-02-08,wk inc flu hosp,2,23,2025-02-22,quantile,0.15,137.55441284179688
2025-02-08,wk inc flu hosp,2,23,2025-02-22,quantile,0.2,143.71524047851562
2025-02-08,wk inc flu hosp,2,23,2025-02-22,quantile,0.25,147.35573196411133
2025-02-08,wk inc flu hosp,2,23,2025-02-22,quantile,0.3,153.52776489257812
2025-02-08,wk inc flu hosp,2,23,2025-02-22,quantile,0.35,169.8091423034668
2025-02-08,wk inc flu hosp,2,23,2025-02-22,quantile,0.4,211.23788146972697
2025-02-08,wk inc flu hosp,2,23,2025-02-22,quantile,0.45,229.1826934814453
2025-02-08,wk inc flu hosp,2,23,2025-02-22,quantile,0.5,229.1826934814453
2025-02-08,wk inc flu hosp,2,23,2025-02-22,quantile,0.55,229.1826934814453
2025-02-08,wk inc flu hosp,2,23,2025-02-22,quantile,0.6,229.1826934814453
2025-02-08,wk inc flu hosp,2,23,2025-02-22,quantile,0.65,229.1826934814453
2025-02-08,wk inc flu hosp,2,23,2025-02-22,quantile,0.7,229.1826934814453
2025-02-08,wk inc flu hosp,2,23,2025-02-22,quantile,0.75,229.1826934814453
2025-02-08,wk inc flu hosp,2,23,2025-02-22,quantile,0.8,229.1826934814453
2025-02-08,wk inc flu hosp,2,23,2025-02-22,quantile,0.85,229.1826934814453
2025-02-08,wk inc flu hosp,2,23,2025-02-22,quantile,0.9,229.1826934814453
2025-02-08,wk inc flu hosp,2,23,2025-02-22,quantile,0.95,229.1826934814453
2025-02-08,wk inc flu hosp,2,23,2025-02-22,quantile,0.975,229.1826934814453
2025-02-08,wk inc flu hosp,2,23,2025-02-22,quantile,0.99,229.1826934814453
2025-02-08,wk inc flu hosp,3,23,2025-03-01,quantile,0.01,101.90900367736816
2025-02-08,wk inc flu hosp,3,23,2025-03-01,quantile,0.025,106.632674407959
2025-02-08,wk inc flu hosp,3,23,2025-03-01,quantile,0.05,115.90191955566408
2025-02-08,wk inc flu hosp,3,23,2025-03-01,quantile,0.1,130.68789215087892
2025-02-08,wk inc flu hosp,3,23,2025-03-01,quantile,0.15,137.5488250732422
2025-02-08,wk inc flu hosp,3,23,2025-03-01,quantile,0.2,141.56455688476564
2025-02-08,wk inc flu hosp,3,23,2025-03-01,quantile,0.25,147.38373947143555
2025-02-08,wk inc flu hosp,3,23,2025-03-01,quantile,0.3,154.80472869873046
2025-02-08,wk inc flu hosp,3,23,2025-03-01,quantile,0.35,172.67672042846678
2025-02-08,wk inc flu hosp,3,23,2025-03-01,quantile,0.4,202.4335021972658
2025-02-08,wk inc flu hosp,3,23,2025-03-01,quantile,0.45,229.1826934814453
2025-02-08,wk inc flu hosp,3,23,2025-03-01,quantile,0.5,229.1826934814453
2025-02-08,wk inc flu hosp,3,23,2025-03-01,quantile,0.55,229.1826934814453
2025-02-08,wk inc flu hosp,3,23,2025-03-01,quantile,0.6,229.1826934814453
2025-02-08,wk inc flu hosp,3,23,2025-03-01,quantile,0.65,229.1826934814453
2025-02-08,wk inc flu hosp,3,23,2025-03-01,quantile,0.7,229.1826934814453
2025-02-08,wk inc flu hosp,3,23,2025-03-01,quantile,0.75,229.1826934814453
2025-02-08,wk inc flu hosp,3,23,2025-03-01,quantile,0.8,229.1826934814453
2025-02-08,wk inc flu hosp,3,23,2025-03-01,quantile,0.85,229.1826934814453
2025-02-08,wk inc flu hosp,3,23,2025-03-01,quantile,0.9,229.1826934814453
2025-02-08,wk inc flu hosp,3,23,2025-03-01,quantile,0.95,229.1826934814453
2025-02-08,wk inc flu hosp,3,23,2025-03-01,quantile,0.975,229.1826934814453
2025-02-08,wk inc flu hosp,3,23,2025-03-01,quantile,0.99,229.1826934814453
2025-02-08,wk inc flu hosp,0,24,2025-02-08,quantile,0.01,763.7248156738282
2025-02-08,wk inc flu hosp,0,24,2025-02-08,quantile,0.025,785.1302917480468
2025-02-08,wk inc flu hosp,0,24,2025-02-08,quantile,0.05,793.8341583251953
2025-02-08,wk inc flu hosp,0,24,2025-02-08,quantile,0.1,829.1544067382813
2025-02-08,wk inc flu hosp,0,24,2025-02-08,quantile,0.15,838.970703125
2025-02-08,wk inc flu hosp,0,24,2025-02-08,quantile,0.2,852.0896606445312
2025-02-08,wk inc flu hosp,0,24,2025-02-08,quantile,0.25,876.8138275146484
2025-02-08,wk inc flu hosp,0,24,2025-02-08,quantile,0.3,936.995849609375
2025-02-08,wk inc flu hosp,0,24,2025-02-08,quantile,0.35,938.5095825195312
2025-02-08,wk inc flu hosp,0,24,2025-02-08,quantile,0.4,938.5095825195312
2025-02-08,wk inc flu hosp,0,24,2025-02-08,quantile,0.45,938.5095825195312
2025-02-08,wk inc flu hosp,0,24,2025-02-08,quantile,0.5,938.5095825195312
2025-02-08,wk inc flu hosp,0,24,2025-02-08,quantile,0.55,938.5095825195312
2025-02-08,wk inc flu hosp,0,24,2025-02-08,quantile,0.6,938.5095825195312
2025-02-08,wk inc flu hosp,0,24,2025-02-08,quantile,0.65,938.5095825195312
2025-02-08,wk inc flu hosp,0,24,2025-02-08,quantile,0.7,938.5095825195312
2025-02-08,wk inc flu hosp,0,24,2025-02-08,quantile,0.75,938.5095825195312
2025-02-08,wk inc flu hosp,0,24,2025-02-08,quantile,0.8,938.5095825195312
2025-02-08,wk inc flu hosp,0,24,2025-02-08,quantile,0.85,938.5095825195312
2025-02-08,wk inc flu hosp,0,24,2025-02-08,quantile,0.9,938.5095825195312
2025-02-08,wk inc flu hosp,0,24,2025-02-08,quantile,0.95,938.5095825195312
2025-02-08,wk inc flu hosp,0,24,2025-02-08,quantile,0.975,938.5095825195312
2025-02-08,wk inc flu hosp,0,24,2025-02-08,quantile,0.99,938.5095825195312
2025-02-08,wk inc flu hosp,1,24,2025-02-15,quantile,0.01,785.1830432128907
2025-02-08,wk inc flu hosp,1,24,2025-02-15,quantile,0.025,814.143344116211
2025-02-08,wk inc flu hosp,1,24,2025-02-15,quantile,0.05,831.5855987548828
2025-02-08,wk inc flu hosp,1,24,2025-02-15,quantile,0.1,884.5200927734375
2025-02-08,wk inc flu hosp,1,24,2025-02-15,quantile,0.15,899.106884765625
2025-02-08,wk inc flu hosp,1,24,2025-02-15,quantile,0.2,928.0511352539064
2025-02-08,wk inc flu hosp,1,24,2025-02-15,quantile,0.25,938.5095825195312
2025-02-08,wk inc flu hosp,1,24,2025-02-15,quantile,0.3,938.5095825195312
2025-02-08,wk inc flu hosp,1,24,2025-02-15,quantile,0.35,938.5095825195312
2025-02-08,wk inc flu hosp,1,24,2025-02-15,quantile,0.4,938.5095825195312
2025-02-08,wk inc flu hosp,1,24,2025-02-15,quantile,0.45,938.5095825195312
2025-02-08,wk inc flu hosp,1,24,2025-02-15,quantile,0.5,938.5095825195312
2025-02-08,wk inc flu hosp,1,24,2025-02-15,quantile,0.55,938.5095825195312
2025-02-08,wk inc flu hosp,1,24,2025-02-15,quantile,0.6,938.5095825195312
2025-02-08,wk inc flu hosp,1,24,2025-02-15,quantile,0.65,938.5095825195312
2025-02-08,wk inc flu hosp,1,24,2025-02-15,quantile,0.7,938.5095825195312
2025-02-08,wk inc flu hosp,1,24,2025-02-15,quantile,0.75,938.5095825195312
2025-02-08,wk inc flu hosp,1,24,2025-02-15,quantile,0.8,938.5095825195312
2025-02-08,wk inc flu hosp,1,24,2025-02-15,quantile,0.85,938.5095825195312
2025-02-08,wk inc flu hosp,1,24,2025-02-15,quantile,0.9,938.5095825195312
2025-02-08,wk inc flu hosp,1,24,2025-02-15,quantile,0.95,938.5095825195312
2025-02-08,wk inc flu hosp,1,24,2025-02-15,quantile,0.975,938.5095825195312
2025-02-08,wk inc flu hosp,1,24,2025-02-15,quantile,0.99,938.5095825195312
2025-02-08,wk inc flu hosp,2,24,2025-02-22,quantile,0.01,813.4437854003907
2025-02-08,wk inc flu hosp,2,24,2025-02-22,quantile,0.025,838.8445587158203
2025-02-08,wk inc flu hosp,2,24,2025-02-22,quantile,0.05,876.4468383789062
2025-02-08,wk inc flu hosp,2,24,2025-02-22,quantile,0.1,926.2163452148436
2025-02-08,wk inc flu hosp,2,24,2025-02-22,quantile,0.15,938.5095825195312
2025-02-08,wk inc flu hosp,2,24,2025-02-22,quantile,0.2,938.5095825195312
2025-02-08,wk inc flu hosp,2,24,2025-02-22,quantile,0.25,938.5095825195312
2025-02-08,wk inc flu hosp,2,24,2025-02-22,quantile,0.3,938.5095825195312
2025-02-08,wk inc flu hosp,2,24,2025-02-22,quantile,0.35,938.5095825195312
2025-02-08,wk inc flu hosp,2,24,2025-02-22,quantile,0.4,938.5095825195312
2025-02-08,wk inc flu hosp,2,24,2025-02-22,quantile,0.45,938.5095825195312
2025-02-08,wk inc flu hosp,2,24,2025-02-22,quantile,0.5,938.5095825195312
2025-02-08,wk inc flu hosp,2,24,2025-02-22,quantile,0.55,938.5095825195312
2025-02-08,wk inc flu hosp,2,24,2025-02-22,quantile,0.6,938.5095825195312
2025-02-08,wk inc flu hosp,2,24,2025-02-22,quantile,0.65,938.5095825195312
2025-02-08,wk inc flu hosp,2,24,2025-02-22,quantile,0.7,938.5095825195312
2025-02-08,wk inc flu hosp,2,24,2025-02-22,quantile,0.75,938.5095825195312
2025-02-08,wk inc flu hosp,2,24,2025-02-22,quantile,0.8,938.5095825195312
2025-02-08,wk inc flu hosp,2,24,2025-02-22,quantile,0.85,938.5095825195312
2025-02-08,wk inc flu hosp,2,24,2025-02-22,quantile,0.9,938.5095825195312
2025-02-08,wk inc flu hosp,2,24,2025-02-22,quantile,0.95,938.5095825195312
2025-02-08,wk inc flu hosp,2,24,2025-02-22,quantile,0.975,938.5095825195312
2025-02-08,wk inc flu hosp,2,24,2025-02-22,quantile,0.99,938.5095825195312
2025-02-08,wk inc flu hosp,3,24,2025-03-01,quantile,0.01,844.7733270263672
2025-02-08,wk inc flu hosp,3,24,2025-03-01,quantile,0.025,872.7083786010742
2025-02-08,wk inc flu hosp,3,24,2025-03-01,quantile,0.05,918.3265991210938
2025-02-08,wk inc flu hosp,3,24,2025-03-01,quantile,0.1,938.5095825195312
2025-02-08,wk inc flu hosp,3,24,2025-03-01,quantile,0.15,938.5095825195312
2025-02-08,wk inc flu hosp,3,24,2025-03-01,quantile,0.2,938.5095825195312
2025-02-08,wk inc flu hosp,3,24,2025-03-01,quantile,0.25,938.5095825195312
2025-02-08,wk inc flu hosp,3,24,2025-03-01,quantile,0.3,938.5095825195312
2025-02-08,wk inc flu hosp,3,24,2025-03-01,quantile,0.35,938.5095825195312
2025-02-08,wk inc flu hosp,3,24,2025-03-01,quantile,0.4,938.5095825195312
2025-02-08,wk inc flu hosp,3,24,2025-03-01,quantile,0.45,938.5095825195312
2025-02-08,wk inc flu hosp,3,24,2025-03-01,quantile,0.5,938.5095825195312
2025-02-08,wk inc flu hosp,3,24,2025-03-01,quantile,0.55,938.5095825195312
2025-02-08,wk inc flu hosp,3,24,2025-03-01,quantile,0.6,938.5095825195312
2025-02-08,wk inc flu hosp,3,24,2025-03-01,quantile,0.65,938.5095825195312
2025-02-08,wk inc flu hosp,3,24,2025-03-01,quantile,0.7,938.5095825195312
2025-02-08,wk inc flu hosp,3,24,2025-03-01,quantile,0.75,938.5095825195312
2025-02-08,wk inc flu hosp,3,24,2025-03-01,quantile,0.8,938.5095825195312
2025-02-08,wk inc flu hosp,3,24,2025-03-01,quantile,0.85,938.5095825195312
2025-02-08,wk inc flu hosp,3,24,2025-03-01,quantile,0.9,938.5095825195312
2025-02-08,wk inc flu hosp,3,24,2025-03-01,quantile,0.95,938.5095825195312
2025-02-08,wk inc flu hosp,3,24,2025-03-01,quantile,0.975,938.5095825195312
2025-02-08,wk inc flu hosp,3,24,2025-03-01,quantile,0.99,938.5095825195312
2025-02-08,wk inc flu hosp,0,25,2025-02-08,quantile,0.01,1378.340379638672
2025-02-08,wk inc flu hosp,0,25,2025-02-08,quantile,0.025,1390.5564208984374
2025-02-08,wk inc flu hosp,0,25,2025-02-08,quantile,0.05,1395.432373046875
2025-02-08,wk inc flu hosp,0,25,2025-02-08,quantile,0.1,1404.7602783203124
2025-02-08,wk inc flu hosp,0,25,2025-02-08,quantile,0.15,1417.763116455078
2025-02-08,wk inc flu hosp,0,25,2025-02-08,quantile,0.2,1425.58349609375
2025-02-08,wk inc flu hosp,0,25,2025-02-08,quantile,0.25,1432.885772705078
2025-02-08,wk inc flu hosp,0,25,2025-02-08,quantile,0.3,1440.376379394531
2025-02-08,wk inc flu hosp,0,25,2025-02-08,quantile,0.35,1448.8092895507812
2025-02-08,wk inc flu hosp,0,25,2025-02-08,quantile,0.4,1456.86533203125
2025-02-08,wk inc flu hosp,0,25,2025-02-08,quantile,0.45,1460.9639221191403
2025-02-08,wk inc flu hosp,0,25,2025-02-08,quantile,0.5,1466.0989990234375
2025-02-08,wk inc flu hosp,0,25,2025-02-08,quantile,0.55,1472.6947021484375
2025-02-08,wk inc flu hosp,0,25,2025-02-08,quantile,0.6,1476.8404052734377
2025-02-08,wk inc flu hosp,0,25,2025-02-08,quantile,0.65,1484.0013427734375
2025-02-08,wk inc flu hosp,0,25,2025-02-08,quantile,0.7,1487.393359375
2025-02-08,wk inc flu hosp,0,25,2025-02-08,quantile,0.75,1492.9524536132812
2025-02-08,wk inc flu hosp,0,25,2025-02-08,quantile,0.8,1503.976513671875
2025-02-08,wk inc flu hosp,0,25,2025-02-08,quantile,0.85,1524.658288574219
2025-02-08,wk inc flu hosp,0,25,2025-02-08,quantile,0.9,1561.263671875
2025-02-08,wk inc flu hosp,0,25,2025-02-08,quantile,0.95,1927.788330078125
2025-02-08,wk inc flu hosp,0,25,2025-02-08,quantile,0.975,1927.788330078125
2025-02-08,wk inc flu hosp,0,25,2025-02-08,quantile,0.99,1927.788330078125
2025-02-08,wk inc flu hosp,1,25,2025-02-15,quantile,0.01,1407.662430419922
2025-02-08,wk inc flu hosp,1,25,2025-02-15,quantile,0.025,1417.0564025878907
2025-02-08,wk inc flu hosp,1,25,2025-02-15,quantile,0.05,1434.0163696289062
2025-02-08,wk inc flu hosp,1,25,2025-02-15,quantile,0.1,1459.1266479492188
2025-02-08,wk inc flu hosp,1,25,2025-02-15,quantile,0.15,1474.6732421875
2025-02-08,wk inc flu hosp,1,25,2025-02-15,quantile,0.2,1486.63955078125
2025-02-08,wk inc flu hosp,1,25,2025-02-15,quantile,0.25,1501.903564453125
2025-02-08,wk inc flu hosp,1,25,2025-02-15,quantile,0.3,1512.644970703125
2025-02-08,wk inc flu hosp,1,25,2025-02-15,quantile,0.35,1524.469775390625
2025-02-08,wk inc flu hosp,1,25,2025-02-15,quantile,0.4,1529.22802734375
2025-02-08,wk inc flu hosp,1,25,2025-02-15,quantile,0.45,1538.650146484375
2025-02-08,wk inc flu hosp,1,25,2025-02-15,quantile,0.5,1540.53466796875
2025-02-08,wk inc flu hosp,1,25,2025-02-15,quantile,0.55,1547.1302490234375
2025-02-08,wk inc flu hosp,1,25,2025-02-15,quantile,0.6,1556.92939453125
2025-02-08,wk inc flu hosp,1,25,2025-02-15,quantile,0.65,1560.9809509277345
2025-02-08,wk inc flu hosp,1,25,2025-02-15,quantile,0.7,1569.084069824219
2025-02-08,wk inc flu hosp,1,25,2025-02-15,quantile,0.75,1580.108154296875
2025-02-08,wk inc flu hosp,1,25,2025-02-15,quantile,0.8,1596.6911865234376
2025-02-08,wk inc flu hosp,1,25,2025-02-15,quantile,0.85,1633.720556640625
2025-02-08,wk inc flu hosp,1,25,2025-02-15,quantile,0.9,1686.0139770507812
2025-02-08,wk inc flu hosp,1,25,2025-02-15,quantile,0.95,1927.788330078125
2025-02-08,wk inc flu hosp,1,25,2025-02-15,quantile,0.975,1927.788330078125
2025-02-08,wk inc flu hosp,1,25,2025-02-15,quantile,0.99,1927.788330078125
2025-02-08,wk inc flu hosp,2,25,2025-02-22,quantile,0.01,1427.3832165527344
2025-02-08,wk inc flu hosp,2,25,2025-02-22,quantile,0.025,1433.9457000732425
2025-02-08,wk inc flu hosp,2,25,2025-02-22,quantile,0.05,1473.4955078125
2025-02-08,wk inc flu hosp,2,25,2025-02-22,quantile,0.1,1504.44755859375
2025-02-08,wk inc flu hosp,2,25,2025-02-22,quantile,0.15,1521.690185546875
2025-02-08,wk inc flu hosp,2,25,2025-02-22,quantile,0.2,1539.215576171875
2025-02-08,wk inc flu hosp,2,25,2025-02-22,quantile,0.25,1556.5525207519531
2025-02-08,wk inc flu hosp,2,25,2025-02-22,quantile,0.3,1573.0413940429687
2025-02-08,wk inc flu hosp,2,25,2025-02-22,quantile,0.35,1585.431683349609
2025-02-08,wk inc flu hosp,2,25,2025-02-22,quantile,0.4,1598.1987548828124
2025-02-08,wk inc flu hosp,2,25,2025-02-22,quantile,0.45,1607.9507934570313
2025-02-08,wk inc flu hosp,2,25,2025-02-22,quantile,0.5,1614.9703369140625
2025-02-08,wk inc flu hosp,2,25,2025-02-22,quantile,0.55,1620.10546875
2025-02-08,wk inc flu hosp,2,25,2025-02-22,quantile,0.6,1626.653955078125
2025-02-08,wk inc flu hosp,2,25,2025-02-22,quantile,0.65,1642.0122009277345
2025-02-08,wk inc flu hosp,2,25,2025-02-22,quantile,0.7,1654.1667602539062
2025-02-08,wk inc flu hosp,2,25,2025-02-22,quantile,0.75,1668.2059631347656
2025-02-08,wk inc flu hosp,2,25,2025-02-22,quantile,0.8,1685.4486572265623
2025-02-08,wk inc flu hosp,2,25,2025-02-22,quantile,0.85,1750.6505126953125
2025-02-08,wk inc flu hosp,2,25,2025-02-22,quantile,0.9,1823.9553955078125
2025-02-08,wk inc flu hosp,2,25,2025-02-22,quantile,0.95,1927.788330078125
2025-02-08,wk inc flu hosp,2,25,2025-02-22,quantile,0.975,1927.788330078125
2025-02-08,wk inc flu hosp,2,25,2025-02-22,quantile,0.99,1927.788330078125
2025-02-08,wk inc flu hosp,3,25,2025-03-01,quantile,0.01,1441.5165185546875
2025-02-08,wk inc flu hosp,3,25,2025-03-01,quantile,0.025,1460.2336822509765
2025-02-08,wk inc flu hosp,3,25,2025-03-01,quantile,0.05,1494.2245056152344
2025-02-08,wk inc flu hosp,3,25,2025-03-01,quantile,0.1,1538.3674926757812
2025-02-08,wk inc flu hosp,3,25,2025-03-01,quantile,0.15,1571.0627136230469
2025-02-08,wk inc flu hosp,3,25,2025-03-01,quantile,0.2,1590.8494384765625
2025-02-08,wk inc flu hosp,3,25,2025-03-01,quantile,0.25,1609.5525207519531
2025-02-08,wk inc flu hosp,3,25,2025-03-01,quantile,0.3,1627.9729614257812
2025-02-08,wk inc flu hosp,3,25,2025-03-01,quantile,0.35,1641.917938232422
2025-02-08,wk inc flu hosp,3,25,2025-03-01,quantile,0.4,1659.8201171875
2025-02-08,wk inc flu hosp,3,25,2025-03-01,quantile,0.45,1667.73486328125
2025-02-08,wk inc flu hosp,3,25,2025-03-01,quantile,0.5,1679.04150390625
2025-02-08,wk inc flu hosp,3,25,2025-03-01,quantile,0.55,1692.0441589355469
2025-02-08,wk inc flu hosp,3,25,2025-03-01,quantile,0.6,1705.4237060546875
2025-02-08,wk inc flu hosp,3,25,2025-03-01,quantile,0.65,1728.3668212890625
2025-02-08,wk inc flu hosp,3,25,2025-03-01,quantile,0.7,1740.2860107421875
2025-02-08,wk inc flu hosp,3,25,2025-03-01,quantile,0.75,1752.0637512207031
2025-02-08,wk inc flu hosp,3,25,2025-03-01,quantile,0.8,1771.7562744140623
2025-02-08,wk inc flu hosp,3,25,2025-03-01,quantile,0.85,1857.404364013672
2025-02-08,wk inc flu hosp,3,25,2025-03-01,quantile,0.9,1927.788330078125
2025-02-08,wk inc flu hosp,3,25,2025-03-01,quantile,0.95,1927.788330078125
2025-02-08,wk inc flu hosp,3,25,2025-03-01,quantile,0.975,1927.788330078125
2025-02-08,wk inc flu hosp,3,25,2025-03-01,quantile,0.99,1927.788330078125
2025-02-08,wk inc flu hosp,0,26,2025-02-08,quantile,0.01,783.8399658203125
2025-02-08,wk inc flu hosp,0,26,2025-02-08,quantile,0.025,820.4785003662109
2025-02-08,wk inc flu hosp,0,26,2025-02-08,quantile,0.05,838.9268798828125
2025-02-08,wk inc flu hosp,0,26,2025-02-08,quantile,0.1,847.9932067871093
2025-02-08,wk inc flu hosp,0,26,2025-02-08,quantile,0.15,858.436767578125
2025-02-08,wk inc flu hosp,0,26,2025-02-08,quantile,0.2,870.8312622070313
2025-02-08,wk inc flu hosp,0,26,2025-02-08,quantile,0.25,878.8073883056641
2025-02-08,wk inc flu hosp,0,26,2025-02-08,quantile,0.3,887.9311584472656
2025-02-08,wk inc flu hosp,0,26,2025-02-08,quantile,0.35,897.8008575439453
2025-02-08,wk inc flu hosp,0,26,2025-02-08,quantile,0.4,907.3263427734375
2025-02-08,wk inc flu hosp,0,26,2025-02-08,quantile,0.45,913.0071807861328
2025-02-08,wk inc flu hosp,0,26,2025-02-08,quantile,0.5,918.1141967773438
2025-02-08,wk inc flu hosp,0,26,2025-02-08,quantile,0.55,921.55712890625
2025-02-08,wk inc flu hosp,0,26,2025-02-08,quantile,0.6,927.7544067382812
2025-02-08,wk inc flu hosp,0,26,2025-02-08,quantile,0.65,938.771728515625
2025-02-08,wk inc flu hosp,0,26,2025-02-08,quantile,0.7,943.3623046875
2025-02-08,wk inc flu hosp,0,26,2025-02-08,quantile,0.75,950.2481689453124
2025-02-08,wk inc flu hosp,0,26,2025-02-08,quantile,0.8,961.0360107421876
2025-02-08,wk inc flu hosp,0,26,2025-02-08,quantile,0.85,969.9302032470704
2025-02-08,wk inc flu hosp,0,26,2025-02-08,quantile,0.9,979.168798828125
2025-02-08,wk inc flu hosp,0,26,2025-02-08,quantile,0.95,989.26806640625
2025-02-08,wk inc flu hosp,0,26,2025-02-08,quantile,0.975,996.1826217651368
2025-02-08,wk inc flu hosp,0,26,2025-02-08,quantile,0.99,1008.8468127441406
2025-02-08,wk inc flu hosp,1,26,2025-02-15,quantile,0.01,748.0909149169922
2025-02-08,wk inc flu hosp,1,26,2025-02-15,quantile,0.025,774.6014923095703
2025-02-08,wk inc flu hosp,1,26,2025-02-15,quantile,0.05,795.0294952392578
2025-02-08,wk inc flu hosp,1,26,2025-02-15,quantile,0.1,830.7786071777343
2025-02-08,wk inc flu hosp,1,26,2025-02-15,quantile,0.15,843.345248413086
2025-02-08,wk inc flu hosp,1,26,2025-02-15,quantile,0.2,855.9119506835938
2025-02-08,wk inc flu hosp,1,26,2025-02-15,quantile,0.25,868.4786529541016
2025-02-08,wk inc flu hosp,1,26,2025-02-15,quantile,0.3,876.7990112304688
2025-02-08,wk inc flu hosp,1,26,2025-02-15,quantile,0.35,890.5707397460938
2025-02-08,wk inc flu hosp,1,26,2025-02-15,quantile,0.4,901.1291259765624
2025-02-08,wk inc flu hosp,1,26,2025-02-15,quantile,0.45,911.859536743164
2025-02-08,wk inc flu hosp,1,26,2025-02-15,quantile,0.5,918.1141967773438
2025-02-08,wk inc flu hosp,1,26,2025-02-15,quantile,0.55,922.7047729492188
2025-02-08,wk inc flu hosp,1,26,2025-02-15,quantile,0.6,928.4429931640624
2025-02-08,wk inc flu hosp,1,26,2025-02-15,quantile,0.65,934.5828277587892
2025-02-08,wk inc flu hosp,1,26,2025-02-15,quantile,0.7,937.6240844726562
2025-02-08,wk inc flu hosp,1,26,2025-02-15,quantile,0.75,953.6911010742188
2025-02-08,wk inc flu hosp,1,26,2025-02-15,quantile,0.8,965.6265380859376
2025-02-08,wk inc flu hosp,1,26,2025-02-15,quantile,0.85,976.6439208984376
2025-02-08,wk inc flu hosp,1,26,2025-02-15,quantile,0.9,991.6781188964844
2025-02-08,wk inc flu hosp,1,26,2025-02-15,quantile,0.95,1007.6876922607422
2025-02-08,wk inc flu hosp,1,26,2025-02-15,quantile,0.975,1018.1599426269532
2025-02-08,wk inc flu hosp,1,26,2025-02-15,quantile,0.99,1034.2097448730467
2025-02-08,wk inc flu hosp,2,26,2025-02-22,quantile,0.01,689.6644177246094
2025-02-08,wk inc flu hosp,2,26,2025-02-22,quantile,0.025,716.1003372192383
2025-02-08,wk inc flu hosp,2,26,2025-02-22,quantile,0.05,747.5744750976563
2025-02-08,wk inc flu hosp,2,26,2025-02-22,quantile,0.1,805.3008544921875
2025-02-08,wk inc flu hosp,2,26,2025-02-22,quantile,0.15,819.2447235107422
2025-02-08,wk inc flu hosp,2,26,2025-02-22,quantile,0.2,838.0087646484375
2025-02-08,wk inc flu hosp,2,26,2025-02-22,quantile,0.25,850.1163482666016
2025-02-08,wk inc flu hosp,2,26,2025-02-22,quantile,0.3,867.2736267089844
2025-02-08,wk inc flu hosp,2,26,2025-02-22,quantile,0.35,877.5449798583984
2025-02-08,wk inc flu hosp,2,26,2025-02-22,quantile,0.4,888.9640380859375
2025-02-08,wk inc flu hosp,2,26,2025-02-22,quantile,0.45,899.751953125
2025-02-08,wk inc flu hosp,2,26,2025-02-22,quantile,0.5,908.3592224121094
2025-02-08,wk inc flu hosp,2,26,2025-02-22,quantile,0.55,918.6306365966796
2025-02-08,wk inc flu hosp,2,26,2025-02-22,quantile,0.6,923.1638305664062
2025-02-08,wk inc flu hosp,2,26,2025-02-22,quantile,0.65,930.73828125
2025-02-08,wk inc flu hosp,2,26,2025-02-22,quantile,0.7,939.1160217285156
2025-02-08,wk inc flu hosp,2,26,2025-02-22,quantile,0.75,951.9696350097656
2025-02-08,wk inc flu hosp,2,26,2025-02-22,quantile,0.8,963.1017211914062
2025-02-08,wk inc flu hosp,2,26,2025-02-22,quantile,0.85,972.2254913330078
2025-02-08,wk inc flu hosp,2,26,2025-02-22,quantile,0.9,993.5143432617188
2025-02-08,wk inc flu hosp,2,26,2025-02-22,quantile,0.95,1009.0074829101562
2025-02-08,wk inc flu hosp,2,26,2025-02-22,quantile,0.975,1026.1073181152344
2025-02-08,wk inc flu hosp,2,26,2025-02-22,quantile,0.99,1043.2760119628906
2025-02-08,wk inc flu hosp,3,26,2025-03-01,quantile,0.01,638.9959948730469
2025-02-08,wk inc flu hosp,3,26,2025-03-01,quantile,0.025,654.1276199340821
2025-02-08,wk inc flu hosp,3,26,2025-03-01,quantile,0.05,691.9711822509765
2025-02-08,wk inc flu hosp,3,26,2025-03-01,quantile,0.1,757.3294494628906
2025-02-08,wk inc flu hosp,3,26,2025-03-01,quantile,0.15,792.8489715576172
2025-02-08,wk inc flu hosp,3,26,2025-03-01,quantile,0.2,807.2518432617188
2025-02-08,wk inc flu hosp,3,26,2025-03-01,quantile,0.25,831.4671936035156
2025-02-08,wk inc flu hosp,3,26,2025-03-01,quantile,0.3,847.7636779785156
2025-02-08,wk inc flu hosp,3,26,2025-03-01,quantile,0.35,862.6256683349609
2025-02-08,wk inc flu hosp,3,26,2025-03-01,quantile,0.4,876.3399536132813
2025-02-08,wk inc flu hosp,3,26,2025-03-01,quantile,0.45,890.6855041503907
2025-02-08,wk inc flu hosp,3,26,2025-03-01,quantile,0.5,899.7518920898438
2025-02-08,wk inc flu hosp,3,26,2025-03-01,quantile,0.55,910.5971282958984
2025-02-08,wk inc flu hosp,3,26,2025-03-01,quantile,0.6,917.4256103515625
2025-02-08,wk inc flu hosp,3,26,2025-03-01,quantile,0.65,927.2953491210938
2025-02-08,wk inc flu hosp,3,26,2025-03-01,quantile,0.7,939.1160217285156
2025-02-08,wk inc flu hosp,3,26,2025-03-01,quantile,0.75,947.3790588378906
2025-02-08,wk inc flu hosp,3,26,2025-03-01,quantile,0.8,957.134033203125
2025-02-08,wk inc flu hosp,3,26,2025-03-01,quantile,0.85,967.6349151611328
2025-02-08,wk inc flu hosp,3,26,2025-03-01,quantile,0.9,995.0062866210938
2025-02-08,wk inc flu hosp,3,26,2025-03-01,quantile,0.95,1017.9591064453124
2025-02-08,wk inc flu hosp,3,26,2025-03-01,quantile,0.975,1025.9925537109375
2025-02-08,wk inc flu hosp,3,26,2025-03-01,quantile,0.99,1046.971486816406
2025-02-08,wk inc flu hosp,0,27,2025-02-08,quantile,0.01,821.873285522461
2025-02-08,wk inc flu hosp,0,27,2025-02-08,quantile,0.025,825.5205368041992
2025-02-08,wk inc flu hosp,0,27,2025-02-08,quantile,0.05,829.1314666748046
2025-02-08,wk inc flu hosp,0,27,2025-02-08,quantile,0.1,835.1447082519531
2025-02-08,wk inc flu hosp,0,27,2025-02-08,quantile,0.15,838.8311767578125
2025-02-08,wk inc flu hosp,0,27,2025-02-08,quantile,0.2,842.2155395507813
2025-02-08,wk inc flu hosp,0,27,2025-02-08,quantile,0.25,845.3279571533203
2025-02-08,wk inc flu hosp,0,27,2025-02-08,quantile,0.3,848.500732421875
2025-02-08,wk inc flu hosp,0,27,2025-02-08,quantile,0.35,849.7094116210938
2025-02-08,wk inc flu hosp,0,27,2025-02-08,quantile,0.4,850.9180908203125
2025-02-08,wk inc flu hosp,0,27,2025-02-08,quantile,0.45,852.731201171875
2025-02-08,wk inc flu hosp,0,27,2025-02-08,quantile,0.5,855.7528686523438
2025-02-08,wk inc flu hosp,0,27,2025-02-08,quantile,0.55,857.56591796875
2025-02-08,wk inc flu hosp,0,27,2025-02-08,quantile,0.6,860.2250366210938
2025-02-08,wk inc flu hosp,0,27,2025-02-08,quantile,0.65,863.2165344238281
2025-02-08,wk inc flu hosp,0,27,2025-02-08,quantile,0.7,866.0267333984375
2025-02-08,wk inc flu hosp,0,27,2025-02-08,quantile,0.75,868.4441528320312
2025-02-08,wk inc flu hosp,0,27,2025-02-08,quantile,0.8,869.65283203125
2025-02-08,wk inc flu hosp,0,27,2025-02-08,quantile,0.85,872.1608459472657
2025-02-08,wk inc flu hosp,0,27,2025-02-08,quantile,0.9,875.8171569824219
2025-02-08,wk inc flu hosp,0,27,2025-02-08,quantile,0.95,882.4045501708985
2025-02-08,wk inc flu hosp,0,27,2025-02-08,quantile,0.975,888.3875732421875
2025-02-08,wk inc flu hosp,0,27,2025-02-08,quantile,0.99,890.8411920166016
2025-02-08,wk inc flu hosp,1,27,2025-02-15,quantile,0.01,815.8116973876953
2025-02-08,wk inc flu hosp,1,27,2025-02-15,quantile,0.025,817.059718322754
2025-02-08,wk inc flu hosp,1,27,2025-02-15,quantile,0.05,820.7008666992188
2025-02-08,wk inc flu hosp,1,27,2025-02-15,quantile,0.1,830.9747924804688
2025-02-08,wk inc flu hosp,1,27,2025-02-15,quantile,0.15,836.413818359375
2025-02-08,wk inc flu hosp,1,27,2025-02-15,quantile,0.2,840.5234130859375
2025-02-08,wk inc flu hosp,1,27,2025-02-15,quantile,0.25,843.0616455078125
2025-02-08,wk inc flu hosp,1,27,2025-02-15,quantile,0.3,846.5064147949219
2025-02-08,wk inc flu hosp,1,27,2025-02-15,quantile,0.35,849.1051025390625
2025-02-08,wk inc flu hosp,1,27,2025-02-15,quantile,0.4,850.3137817382812
2025-02-08,wk inc flu hosp,1,27,2025-02-15,quantile,0.45,852.1267700195312
2025-02-08,wk inc flu hosp,1,27,2025-02-15,quantile,0.5,855.4507141113281
2025-02-08,wk inc flu hosp,1,27,2025-02-15,quantile,0.55,857.837857055664
2025-02-08,wk inc flu hosp,1,27,2025-02-15,quantile,0.6,862.0380737304688
2025-02-08,wk inc flu hosp,1,27,2025-02-15,quantile,0.65,865.4224243164062
2025-02-08,wk inc flu hosp,1,27,2025-02-15,quantile,0.7,870.8615112304688
2025-02-08,wk inc flu hosp,1,27,2025-02-15,quantile,0.75,875.8473815917969
2025-02-08,wk inc flu hosp,1,27,2025-02-15,quantile,0.8,878.1136474609375
2025-02-08,wk inc flu hosp,1,27,2025-02-15,quantile,0.85,882.9484252929688
2025-02-08,wk inc flu hosp,1,27,2025-02-15,quantile,0.9,887.1788330078125
2025-02-08,wk inc flu hosp,1,27,2025-02-15,quantile,0.95,893.8568176269531
2025-02-08,wk inc flu hosp,1,27,2025-02-15,quantile,0.975,898.6915939331054
2025-02-08,wk inc flu hosp,1,27,2025-02-15,quantile,0.99,907.1887310791016
2025-02-08,wk inc flu hosp,2,27,2025-02-22,quantile,0.01,793.940463256836
2025-02-08,wk inc flu hosp,2,27,2025-02-22,quantile,0.025,799.473225402832
2025-02-08,wk inc flu hosp,2,27,2025-02-22,quantile,0.05,808.5233001708984
2025-02-08,wk inc flu hosp,2,27,2025-02-22,quantile,0.1,825.2939025878907
2025-02-08,wk inc flu hosp,2,27,2025-02-22,quantile,0.15,829.6753967285156
2025-02-08,wk inc flu hosp,2,27,2025-02-22,quantile,0.2,835.6886352539062
2025-02-08,wk inc flu hosp,2,27,2025-02-22,quantile,0.25,838.2269287109375
2025-02-08,wk inc flu hosp,2,27,2025-02-22,quantile,0.3,844.8746337890625
2025-02-08,wk inc flu hosp,2,27,2025-02-22,quantile,0.35,847.6848937988282
2025-02-08,wk inc flu hosp,2,27,2025-02-22,quantile,0.4,850.0720336914062
2025-02-08,wk inc flu hosp,2,27,2025-02-22,quantile,0.45,852.731201171875
2025-02-08,wk inc flu hosp,2,27,2025-02-22,quantile,0.5,856.3572387695312
2025-02-08,wk inc flu hosp,2,27,2025-02-22,quantile,0.55,861.1920166015625
2025-02-08,wk inc flu hosp,2,27,2025-02-22,quantile,0.6,864.4554321289063
2025-02-08,wk inc flu hosp,2,27,2025-02-22,quantile,0.65,868.4743896484375
2025-02-08,wk inc flu hosp,2,27,2025-02-22,quantile,0.7,872.8558532714844
2025-02-08,wk inc flu hosp,2,27,2025-02-22,quantile,0.75,878.2647399902344
2025-02-08,wk inc flu hosp,2,27,2025-02-22,quantile,0.8,882.4649780273437
2025-02-08,wk inc flu hosp,2,27,2025-02-22,quantile,0.85,886.574462890625
2025-02-08,wk inc flu hosp,2,27,2025-02-22,quantile,0.9,892.0136108398438
2025-02-08,wk inc flu hosp,2,27,2025-02-22,quantile,0.95,898.268585205078
2025-02-08,wk inc flu hosp,2,27,2025-02-22,quantile,0.975,913.1808181762696
2025-02-08,wk inc flu hosp,2,27,2025-02-22,quantile,0.99,929.5252758789062
2025-02-08,wk inc flu hosp,3,27,2025-03-01,quantile,0.01,766.26140625
2025-02-08,wk inc flu hosp,3,27,2025-03-01,quantile,0.025,778.275798034668
2025-02-08,wk inc flu hosp,3,27,2025-03-01,quantile,0.05,804.5648742675781
2025-02-08,wk inc flu hosp,3,27,2025-03-01,quantile,0.1,812.8443603515625
2025-02-08,wk inc flu hosp,3,27,2025-03-01,quantile,0.15,825.8680480957031
2025-02-08,wk inc flu hosp,3,27,2025-03-01,quantile,0.2,832.0625854492188
2025-02-08,wk inc flu hosp,3,27,2025-03-01,quantile,0.25,836.4138488769531
2025-02-08,wk inc flu hosp,3,27,2025-03-01,quantile,0.3,842.2759826660156
2025-02-08,wk inc flu hosp,3,27,2025-03-01,quantile,0.35,846.4761932373046
2025-02-08,wk inc flu hosp,3,27,2025-03-01,quantile,0.4,850.9180908203125
2025-02-08,wk inc flu hosp,3,27,2025-03-01,quantile,0.45,852.731201171875
2025-02-08,wk inc flu hosp,3,27,2025-03-01,quantile,0.5,855.7528686523438
2025-02-08,wk inc flu hosp,3,27,2025-03-01,quantile,0.55,858.1702270507812
2025-02-08,wk inc flu hosp,3,27,2025-03-01,quantile,0.6,863.8510986328125
2025-02-08,wk inc flu hosp,3,27,2025-03-01,quantile,0.65,868.0513519287109
2025-02-08,wk inc flu hosp,3,27,2025-03-01,quantile,0.7,870.8615112304688
2025-02-08,wk inc flu hosp,3,27,2025-03-01,quantile,0.75,876.1495513916016
2025-02-08,wk inc flu hosp,3,27,2025-03-01,quantile,0.8,885.0032104492187
2025-02-08,wk inc flu hosp,3,27,2025-03-01,quantile,0.85,890.2005615234375
2025-02-08,wk inc flu hosp,3,27,2025-03-01,quantile,0.9,896.9088195800781
2025-02-08,wk inc flu hosp,3,27,2025-03-01,quantile,0.95,911.6246185302732
2025-02-08,wk inc flu hosp,3,27,2025-03-01,quantile,0.975,924.6482543945312
2025-02-08,wk inc flu hosp,3,27,2025-03-01,quantile,0.99,943.999330444336
2025-02-08,wk inc flu hosp,0,28,2025-02-08,quantile,0.01,460.0186322021484
2025-02-08,wk inc flu hosp,0,28,2025-02-08,quantile,0.025,492.3712631225586
2025-02-08,wk inc flu hosp,0,28,2025-02-08,quantile,0.05,506.7051498413086
2025-02-08,wk inc flu hosp,0,28,2025-02-08,quantile,0.1,518.6950073242188
2025-02-08,wk inc flu hosp,0,28,2025-02-08,quantile,0.15,523.4829711914062
2025-02-08,wk inc flu hosp,0,28,2025-02-08,quantile,0.2,529.4678955078125
2025-02-08,wk inc flu hosp,0,28,2025-02-08,quantile,0.25,535.5525665283203
2025-02-08,wk inc flu hosp,0,28,2025-02-08,quantile,0.3,540.1210876464844
2025-02-08,wk inc flu hosp,0,28,2025-02-08,quantile,0.35,547.3628997802734
2025-02-08,wk inc flu hosp,0,28,2025-02-08,quantile,0.4,564.419970703125
2025-02-08,wk inc flu hosp,0,28,2025-02-08,quantile,0.45,816.3461303710938
2025-02-08,wk inc flu hosp,0,28,2025-02-08,quantile,0.5,816.3461303710938
2025-02-08,wk inc flu hosp,0,28,2025-02-08,quantile,0.55,816.3461303710938
2025-02-08,wk inc flu hosp,0,28,2025-02-08,quantile,0.6,816.3461303710938
2025-02-08,wk inc flu hosp,0,28,2025-02-08,quantile,0.65,816.3461303710938
2025-02-08,wk inc flu hosp,0,28,2025-02-08,quantile,0.7,816.3461303710938
2025-02-08,wk inc flu hosp,0,28,2025-02-08,quantile,0.75,816.3461303710938
2025-02-08,wk inc flu hosp,0,28,2025-02-08,quantile,0.8,816.3461303710938
2025-02-08,wk inc flu hosp,0,28,2025-02-08,quantile,0.85,816.3461303710938
2025-02-08,wk inc flu hosp,0,28,2025-02-08,quantile,0.9,816.3461303710938
2025-02-08,wk inc flu hosp,0,28,2025-02-08,quantile,0.95,816.3461303710938
2025-02-08,wk inc flu hosp,0,28,2025-02-08,quantile,0.975,816.3461303710938
2025-02-08,wk inc flu hosp,0,28,2025-02-08,quantile,0.99,816.3461303710938
2025-02-08,wk inc flu hosp,1,28,2025-02-15,quantile,0.01,421.7150128173828
2025-02-08,wk inc flu hosp,1,28,2025-02-15,quantile,0.025,489.2490913391113
2025-02-08,wk inc flu hosp,1,28,2025-02-15,quantile,0.05,497.827505493164
2025-02-08,wk inc flu hosp,1,28,2025-02-15,quantile,0.1,512.6302825927735
2025-02-08,wk inc flu hosp,1,28,2025-02-15,quantile,0.15,520.1713195800781
2025-02-08,wk inc flu hosp,1,28,2025-02-15,quantile,0.2,526.0365478515625
2025-02-08,wk inc flu hosp,1,28,2025-02-15,quantile,0.25,535.1535797119141
2025-02-08,wk inc flu hosp,1,28,2025-02-15,quantile,0.3,540.7994079589844
2025-02-08,wk inc flu hosp,1,28,2025-02-15,quantile,0.35,551.7917572021485
2025-02-08,wk inc flu hosp,1,28,2025-02-15,quantile,0.4,582.0556030273439
2025-02-08,wk inc flu hosp,1,28,2025-02-15,quantile,0.45,816.3461303710938
2025-02-08,wk inc flu hosp,1,28,2025-02-15,quantile,0.5,816.3461303710938
2025-02-08,wk inc flu hosp,1,28,2025-02-15,quantile,0.55,816.3461303710938
2025-02-08,wk inc flu hosp,1,28,2025-02-15,quantile,0.6,816.3461303710938
2025-02-08,wk inc flu hosp,1,28,2025-02-15,quantile,0.65,816.3461303710938
2025-02-08,wk inc flu hosp,1,28,2025-02-15,quantile,0.7,816.3461303710938
2025-02-08,wk inc flu hosp,1,28,2025-02-15,quantile,0.75,816.3461303710938
2025-02-08,wk inc flu hosp,1,28,2025-02-15,quantile,0.8,816.3461303710938
2025-02-08,wk inc flu hosp,1,28,2025-02-15,quantile,0.85,816.3461303710938
2025-02-08,wk inc flu hosp,1,28,2025-02-15,quantile,0.9,816.3461303710938
2025-02-08,wk inc flu hosp,1,28,2025-02-15,quantile,0.95,816.3461303710938
2025-02-08,wk inc flu hosp,1,28,2025-02-15,quantile,0.975,816.3461303710938
2025-02-08,wk inc flu hosp,1,28,2025-02-15,quantile,0.99,816.3461303710938
2025-02-08,wk inc flu hosp,2,28,2025-02-22,quantile,0.01,390.95638580322264
2025-02-08,wk inc flu hosp,2,28,2025-02-22,quantile,0.025,481.9574531555176
2025-02-08,wk inc flu hosp,2,28,2025-02-22,quantile,0.05,493.39868927001953
2025-02-08,wk inc flu hosp,2,28,2025-02-22,quantile,0.1,512.989370727539
2025-02-08,wk inc flu hosp,2,28,2025-02-22,quantile,0.15,521.707470703125
2025-02-08,wk inc flu hosp,2,28,2025-02-22,quantile,0.2,528.4305297851563
2025-02-08,wk inc flu hosp,2,28,2025-02-22,quantile,0.25,536.2508544921875
2025-02-08,wk inc flu hosp,2,28,2025-02-22,quantile,0.3,543.5125793457031
2025-02-08,wk inc flu hosp,2,28,2025-02-22,quantile,0.35,560.4499542236329
2025-02-08,wk inc flu hosp,2,28,2025-02-22,quantile,0.4,596.978076171875
2025-02-08,wk inc flu hosp,2,28,2025-02-22,quantile,0.45,816.3461303710938
2025-02-08,wk inc flu hosp,2,28,2025-02-22,quantile,0.5,816.3461303710938
2025-02-08,wk inc flu hosp,2,28,2025-02-22,quantile,0.55,816.3461303710938
2025-02-08,wk inc flu hosp,2,28,2025-02-22,quantile,0.6,816.3461303710938
2025-02-08,wk inc flu hosp,2,28,2025-02-22,quantile,0.65,816.3461303710938
2025-02-08,wk inc flu hosp,2,28,2025-02-22,quantile,0.7,816.3461303710938
2025-02-08,wk inc flu hosp,2,28,2025-02-22,quantile,0.75,816.3461303710938
2025-02-08,wk inc flu hosp,2,28,2025-02-22,quantile,0.8,816.3461303710938
2025-02-08,wk inc flu hosp,2,28,2025-02-22,quantile,0.85,816.3461303710938
2025-02-08,wk inc flu hosp,2,28,2025-02-22,quantile,0.9,816.3461303710938
2025-02-08,wk inc flu hosp,2,28,2025-02-22,quantile,0.95,816.3461303710938
2025-02-08,wk inc flu hosp,2,28,2025-02-22,quantile,0.975,816.3461303710938
2025-02-08,wk inc flu hosp,2,28,2025-02-22,quantile,0.99,816.3461303710938
2025-02-08,wk inc flu hosp,3,28,2025-03-01,quantile,0.01,374.24642272949217
2025-02-08,wk inc flu hosp,3,28,2025-03-01,quantile,0.025,469.3990333557129
2025-02-08,wk inc flu hosp,3,28,2025-03-01,quantile,0.05,489.42867889404295
2025-02-08,wk inc flu hosp,3,28,2025-03-01,quantile,0.1,514.5454223632812
2025-02-08,wk inc flu hosp,3,28,2025-03-01,quantile,0.15,522.9642791748047
2025-02-08,wk inc flu hosp,3,28,2025-03-01,quantile,0.2,528.5901245117187
2025-02-08,wk inc flu hosp,3,28,2025-03-01,quantile,0.25,537.6472930908203
2025-02-08,wk inc flu hosp,3,28,2025-03-01,quantile,0.3,544.6297607421875
2025-02-08,wk inc flu hosp,3,28,2025-03-01,quantile,0.35,566.1356781005859
2025-02-08,wk inc flu hosp,3,28,2025-03-01,quantile,0.4,610.0651367187501
2025-02-08,wk inc flu hosp,3,28,2025-03-01,quantile,0.45,816.3461303710938
2025-02-08,wk inc flu hosp,3,28,2025-03-01,quantile,0.5,816.3461303710938
2025-02-08,wk inc flu hosp,3,28,2025-03-01,quantile,0.55,816.3461303710938
2025-02-08,wk inc flu hosp,3,28,2025-03-01,quantile,0.6,816.3461303710938
2025-02-08,wk inc flu hosp,3,28,2025-03-01,quantile,0.65,816.3461303710938
2025-02-08,wk inc flu hosp,3,28,2025-03-01,quantile,0.7,816.3461303710938
2025-02-08,wk inc flu hosp,3,28,2025-03-01,quantile,0.75,816.3461303710938
2025-02-08,wk inc flu hosp,3,28,2025-03-01,quantile,0.8,816.3461303710938
2025-02-08,wk inc flu hosp,3,28,2025-03-01,quantile,0.85,816.3461303710938
2025-02-08,wk inc flu hosp,3,28,2025-03-01,quantile,0.9,816.3461303710938
2025-02-08,wk inc flu hosp,3,28,2025-03-01,quantile,0.95,816.3461303710938
2025-02-08,wk inc flu hosp,3,28,2025-03-01,quantile,0.975,816.3461303710938
2025-02-08,wk inc flu hosp,3,28,2025-03-01,quantile,0.99,816.3461303710938
2025-02-08,wk inc flu hosp,0,29,2025-02-08,quantile,0.01,702.9959460449219
2025-02-08,wk inc flu hosp,0,29,2025-02-08,quantile,0.025,718.4405792236328
2025-02-08,wk inc flu hosp,0,29,2025-02-08,quantile,0.05,740.0954864501953
2025-02-08,wk inc flu hosp,0,29,2025-02-08,quantile,0.1,765.1920288085937
2025-02-08,wk inc flu hosp,0,29,2025-02-08,quantile,0.15,789.631103515625
2025-02-08,wk inc flu hosp,0,29,2025-02-08,quantile,0.2,810.0485961914062
2025-02-08,wk inc flu hosp,0,29,2025-02-08,quantile,0.25,819.4066467285156
2025-02-08,wk inc flu hosp,0,29,2025-02-08,quantile,0.3,829.6153991699218
2025-02-08,wk inc flu hosp,0,29,2025-02-08,quantile,0.35,846.8619995117188
2025-02-08,wk inc flu hosp,0,29,2025-02-08,quantile,0.4,862.329833984375
2025-02-08,wk inc flu hosp,0,29,2025-02-08,quantile,0.45,870.8370361328125
2025-02-08,wk inc flu hosp,0,29,2025-02-08,quantile,0.5,878.1842651367188
2025-02-08,wk inc flu hosp,0,29,2025-02-08,quantile,0.55,887.0782470703125
2025-02-08,wk inc flu hosp,0,29,2025-02-08,quantile,0.6,900.3805908203125
2025-02-08,wk inc flu hosp,0,29,2025-02-08,quantile,0.65,921.1073608398438
2025-02-08,wk inc flu hosp,0,29,2025-02-08,quantile,0.7,1137.8886047363171
2025-02-08,wk inc flu hosp,0,29,2025-02-08,quantile,0.75,1582.3558349609375
2025-02-08,wk inc flu hosp,0,29,2025-02-08,quantile,0.8,1582.3558349609375
2025-02-08,wk inc flu hosp,0,29,2025-02-08,quantile,0.85,1582.3558349609375
2025-02-08,wk inc flu hosp,0,29,2025-02-08,quantile,0.9,1582.3558349609375
2025-02-08,wk inc flu hosp,0,29,2025-02-08,quantile,0.95,1582.3558349609375
2025-02-08,wk inc flu hosp,0,29,2025-02-08,quantile,0.975,1582.3558349609375
2025-02-08,wk inc flu hosp,0,29,2025-02-08,quantile,0.99,1582.3558349609375
2025-02-08,wk inc flu hosp,1,29,2025-02-15,quantile,0.01,580.6302435302734
2025-02-08,wk inc flu hosp,1,29,2025-02-15,quantile,0.025,595.4522491455078
2025-02-08,wk inc flu hosp,1,29,2025-02-15,quantile,0.05,612.8728515625
2025-02-08,wk inc flu hosp,1,29,2025-02-15,quantile,0.1,702.85673828125
2025-02-08,wk inc flu hosp,1,29,2025-02-15,quantile,0.15,724.5503753662109
2025-02-08,wk inc flu hosp,1,29,2025-02-15,quantile,0.2,768.7495849609376
2025-02-08,wk inc flu hosp,1,29,2025-02-15,quantile,0.25,791.3712463378906
2025-02-08,wk inc flu hosp,1,29,2025-02-15,quantile,0.3,805.1762573242188
2025-02-08,wk inc flu hosp,1,29,2025-02-15,quantile,0.35,821.8428436279297
2025-02-08,wk inc flu hosp,1,29,2025-02-15,quantile,0.4,839.282763671875
2025-02-08,wk inc flu hosp,1,29,2025-02-15,quantile,0.45,853.0491333007812
2025-02-08,wk inc flu hosp,1,29,2025-02-15,quantile,0.5,861.943115234375
2025-02-08,wk inc flu hosp,1,29,2025-02-15,quantile,0.55,876.0961456298828
2025-02-08,wk inc flu hosp,1,29,2025-02-15,quantile,0.6,891.2545288085937
2025-02-08,wk inc flu hosp,1,29,2025-02-15,quantile,0.65,917.2791717529296
2025-02-08,wk inc flu hosp,1,29,2025-02-15,quantile,0.7,1582.3558349609375
2025-02-08,wk inc flu hosp,1,29,2025-02-15,quantile,0.75,1582.3558349609375
2025-02-08,wk inc flu hosp,1,29,2025-02-15,quantile,0.8,1582.3558349609375
2025-02-08,wk inc flu hosp,1,29,2025-02-15,quantile,0.85,1582.3558349609375
2025-02-08,wk inc flu hosp,1,29,2025-02-15,quantile,0.9,1582.3558349609375
2025-02-08,wk inc flu hosp,1,29,2025-02-15,quantile,0.95,1582.3558349609375
2025-02-08,wk inc flu hosp,1,29,2025-02-15,quantile,0.975,1582.3558349609375
2025-02-08,wk inc flu hosp,1,29,2025-02-15,quantile,0.99,1582.3558349609375
2025-02-08,wk inc flu hosp,2,29,2025-02-22,quantile,0.01,471.6131750488281
2025-02-08,wk inc flu hosp,2,29,2025-02-22,quantile,0.025,494.9308738708496
2025-02-08,wk inc flu hosp,2,29,2025-02-22,quantile,0.05,552.4711120605468
2025-02-08,wk inc flu hosp,2,29,2025-02-22,quantile,0.1,648.7968078613281
2025-02-08,wk inc flu hosp,2,29,2025-02-22,quantile,0.15,682.0139282226562
2025-02-08,wk inc flu hosp,2,29,2025-02-22,quantile,0.2,711.2094116210938
2025-02-08,wk inc flu hosp,2,29,2025-02-22,quantile,0.25,750.5749206542969
2025-02-08,wk inc flu hosp,2,29,2025-02-22,quantile,0.3,779.3450561523438
2025-02-08,wk inc flu hosp,2,29,2025-02-22,quantile,0.35,788.587045288086
2025-02-08,wk inc flu hosp,2,29,2025-02-22,quantile,0.4,817.9372314453125
2025-02-08,wk inc flu hosp,2,29,2025-02-22,quantile,0.45,836.4985504150391
2025-02-08,wk inc flu hosp,2,29,2025-02-22,quantile,0.5,848.4087524414062
2025-02-08,wk inc flu hosp,2,29,2025-02-22,quantile,0.55,869.4062896728516
2025-02-08,wk inc flu hosp,2,29,2025-02-22,quantile,0.6,883.8299682617187
2025-02-08,wk inc flu hosp,2,29,2025-02-22,quantile,0.65,920.3726745605468
2025-02-08,wk inc flu hosp,2,29,2025-02-22,quantile,0.7,1582.3558349609375
2025-02-08,wk inc flu hosp,2,29,2025-02-22,quantile,0.75,1582.3558349609375
2025-02-08,wk inc flu hosp,2,29,2025-02-22,quantile,0.8,1582.3558349609375
2025-02-08,wk inc flu hosp,2,29,2025-02-22,quantile,0.85,1582.3558349609375
2025-02-08,wk inc flu hosp,2,29,2025-02-22,quantile,0.9,1582.3558349609375
2025-02-08,wk inc flu hosp,2,29,2025-02-22,quantile,0.95,1582.3558349609375
2025-02-08,wk inc flu hosp,2,29,2025-02-22,quantile,0.975,1582.3558349609375
2025-02-08,wk inc flu hosp,2,29,2025-02-22,quantile,0.99,1582.3558349609375
2025-02-08,wk inc flu hosp,3,29,2025-03-01,quantile,0.01,378.1490133666992
2025-02-08,wk inc flu hosp,3,29,2025-03-01,quantile,0.025,423.218310546875
2025-02-08,wk inc flu hosp,3,29,2025-03-01,quantile,0.05,463.1059112548828
2025-02-08,wk inc flu hosp,3,29,2025-03-01,quantile,0.1,582.8266357421875
2025-02-08,wk inc flu hosp,3,29,2025-03-01,quantile,0.15,626.6005187988281
2025-02-08,wk inc flu hosp,3,29,2025-03-01,quantile,0.2,679.1910400390625
2025-02-08,wk inc flu hosp,3,29,2025-03-01,quantile,0.25,705.7182769775391
2025-02-08,wk inc flu hosp,3,29,2025-03-01,quantile,0.3,739.9021423339843
2025-02-08,wk inc flu hosp,3,29,2025-03-01,quantile,0.35,765.6560668945312
2025-02-08,wk inc flu hosp,3,29,2025-03-01,quantile,0.4,792.7246826171876
2025-02-08,wk inc flu hosp,3,29,2025-03-01,quantile,0.45,823.3896301269531
2025-02-08,wk inc flu hosp,3,29,2025-03-01,quantile,0.5,837.5813293457031
2025-02-08,wk inc flu hosp,3,29,2025-03-01,quantile,0.55,861.8270782470703
2025-02-08,wk inc flu hosp,3,29,2025-03-01,quantile,0.6,887.5422851562499
2025-02-08,wk inc flu hosp,3,29,2025-03-01,quantile,0.65,923.8142425537108
2025-02-08,wk inc flu hosp,3,29,2025-03-01,quantile,0.7,1582.3558349609375
2025-02-08,wk inc flu hosp,3,29,2025-03-01,quantile,0.75,1582.3558349609375
2025-02-08,wk inc flu hosp,3,29,2025-03-01,quantile,0.8,1582.3558349609375
2025-02-08,wk inc flu hosp,3,29,2025-03-01,quantile,0.85,1582.3558349609375
2025-02-08,wk inc flu hosp,3,29,2025-03-01,quantile,0.9,1582.3558349609375
2025-02-08,wk inc flu hosp,3,29,2025-03-01,quantile,0.95,1582.3558349609375
2025-02-08,wk inc flu hosp,3,29,2025-03-01,quantile,0.975,1582.3558349609375
2025-02-08,wk inc flu hosp,3,29,2025-03-01,quantile,0.99,1582.3558349609375
2025-02-08,wk inc flu hosp,0,30,2025-02-08,quantile,0.01,29.97187232971191
2025-02-08,wk inc flu hosp,0,30,2025-02-08,quantile,0.025,36.950953578948976
2025-02-08,wk inc flu hosp,0,30,2025-02-08,quantile,0.05,43.88410301208496
2025-02-08,wk inc flu hosp,0,30,2025-02-08,quantile,0.1,51.71009330749512
2025-02-08,wk inc flu hosp,0,30,2025-02-08,quantile,0.15,54.08717346191406
2025-02-08,wk inc flu hosp,0,30,2025-02-08,quantile,0.2,59.92077789306641
2025-02-08,wk inc flu hosp,0,30,2025-02-08,quantile,0.25,62.92945098876953
2025-02-08,wk inc flu hosp,0,30,2025-02-08,quantile,0.3,64.51416931152343
2025-02-08,wk inc flu hosp,0,30,2025-02-08,quantile,0.35,66.25965118408203
2025-02-08,wk inc flu hosp,0,30,2025-02-08,quantile,0.4,68.48745422363281
2025-02-08,wk inc flu hosp,0,30,2025-02-08,quantile,0.45,69.61283340454102
2025-02-08,wk inc flu hosp,0,30,2025-02-08,quantile,0.5,70.10662460327148
2025-02-08,wk inc flu hosp,0,30,2025-02-08,quantile,0.55,72.00139617919922
2025-02-08,wk inc flu hosp,0,30,2025-02-08,quantile,0.6,74.20622406005859
2025-02-08,wk inc flu hosp,0,30,2025-02-08,quantile,0.65,75.561279296875
2025-02-08,wk inc flu hosp,0,30,2025-02-08,quantile,0.7,76.4799575805664
2025-02-08,wk inc flu hosp,0,30,2025-02-08,quantile,0.75,77.74313354492188
2025-02-08,wk inc flu hosp,0,30,2025-02-08,quantile,0.8,80.29246520996095
2025-02-08,wk inc flu hosp,0,30,2025-02-08,quantile,0.85,84.17388153076172
2025-02-08,wk inc flu hosp,0,30,2025-02-08,quantile,0.9,87.50408935546875
2025-02-08,wk inc flu hosp,0,30,2025-02-08,quantile,0.95,89.91561889648438
2025-02-08,wk inc flu hosp,0,30,2025-02-08,quantile,0.975,92.2151891708374
2025-02-08,wk inc flu hosp,0,30,2025-02-08,quantile,0.99,93.47549438476562
2025-02-08,wk inc flu hosp,1,30,2025-02-15,quantile,0.01,23.97060836791992
2025-02-08,wk inc flu hosp,1,30,2025-02-15,quantile,0.025,29.027358102798463
2025-02-08,wk inc flu hosp,1,30,2025-02-15,quantile,0.05,32.03889846801758
2025-02-08,wk inc flu hosp,1,30,2025-02-15,quantile,0.1,39.03233604431152
2025-02-08,wk inc flu hosp,1,30,2025-02-15,quantile,0.15,44.71091690063477
2025-02-08,wk inc flu hosp,1,30,2025-02-15,quantile,0.2,46.16357421875
2025-02-08,wk inc flu hosp,1,30,2025-02-15,quantile,0.25,51.99143695831299
2025-02-08,wk inc flu hosp,1,30,2025-02-15,quantile,0.3,53.97233963012695
2025-02-08,wk inc flu hosp,1,30,2025-02-15,quantile,0.35,59.94374465942383
2025-02-08,wk inc flu hosp,1,30,2025-02-15,quantile,0.4,62.92945098876953
2025-02-08,wk inc flu hosp,1,30,2025-02-15,quantile,0.45,66.02998352050781
2025-02-08,wk inc flu hosp,1,30,2025-02-15,quantile,0.5,66.14482116699219
2025-02-08,wk inc flu hosp,1,30,2025-02-15,quantile,0.55,68.21185302734375
2025-02-08,wk inc flu hosp,1,30,2025-02-15,quantile,0.6,69.93437194824219
2025-02-08,wk inc flu hosp,1,30,2025-02-15,quantile,0.65,74.16029014587401
2025-02-08,wk inc flu hosp,1,30,2025-02-15,quantile,0.7,75.67610931396484
2025-02-08,wk inc flu hosp,1,30,2025-02-15,quantile,0.75,76.65220832824707
2025-02-08,wk inc flu hosp,1,30,2025-02-15,quantile,0.8,80.84367370605469
2025-02-08,wk inc flu hosp,1,30,2025-02-15,quantile,0.85,84.20833168029785
2025-02-08,wk inc flu hosp,1,30,2025-02-15,quantile,0.9,87.38925170898438
2025-02-08,wk inc flu hosp,1,30,2025-02-15,quantile,0.95,90.05916519165038
2025-02-08,wk inc flu hosp,1,30,2025-02-15,quantile,0.975,92.76065063476564
2025-02-08,wk inc flu hosp,1,30,2025-02-15,quantile,0.99,98.07004173278808
2025-02-08,wk inc flu hosp,2,30,2025-02-22,quantile,0.01,12.965992765426636
2025-02-08,wk inc flu hosp,2,30,2025-02-22,quantile,0.025,16.96970846652985
2025-02-08,wk inc flu hosp,2,30,2025-02-22,quantile,0.05,25.855046272277836
2025-02-08,wk inc flu hosp,2,30,2025-02-22,quantile,0.1,29.05319595336914
2025-02-08,wk inc flu hosp,2,30,2025-02-22,quantile,0.15,34.8695779800415
2025-02-08,wk inc flu hosp,2,30,2025-02-22,quantile,0.2,39.84766235351563
2025-02-08,wk inc flu hosp,2,30,2025-02-22,quantile,0.25,45.015228271484375
2025-02-08,wk inc flu hosp,2,30,2025-02-22,quantile,0.3,47.44972381591796
2025-02-08,wk inc flu hosp,2,30,2025-02-22,quantile,0.35,52.020145416259766
2025-02-08,wk inc flu hosp,2,30,2025-02-22,quantile,0.4,57.39441452026369
2025-02-08,wk inc flu hosp,2,30,2025-02-22,quantile,0.45,60.05857849121094
2025-02-08,wk inc flu hosp,2,30,2025-02-22,quantile,0.5,64.07779693603516
2025-02-08,wk inc flu hosp,2,30,2025-02-22,quantile,0.55,66.36300849914551
2025-02-08,wk inc flu hosp,2,30,2025-02-22,quantile,0.6,68.07405242919921
2025-02-08,wk inc flu hosp,2,30,2025-02-22,quantile,0.65,69.36019897460938
2025-02-08,wk inc flu hosp,2,30,2025-02-22,quantile,0.7,70.50854339599607
2025-02-08,wk inc flu hosp,2,30,2025-02-22,quantile,0.75,75.561279296875
2025-02-08,wk inc flu hosp,2,30,2025-02-22,quantile,0.8,77.9728012084961
2025-02-08,wk inc flu hosp,2,30,2025-02-22,quantile,0.85,87.38925170898438
2025-02-08,wk inc flu hosp,2,30,2025-02-22,quantile,0.9,90.03045654296875
2025-02-08,wk inc flu hosp,2,30,2025-02-22,quantile,0.95,94.75590324401855
2025-02-08,wk inc flu hosp,2,30,2025-02-22,quantile,0.975,96.00473232269287
2025-02-08,wk inc flu hosp,2,30,2025-02-22,quantile,0.99,98.88192085266112
2025-02-08,wk inc flu hosp,3,30,2025-03-01,quantile,0.01,5.962221112251282
2025-02-08,wk inc flu hosp,3,30,2025-03-01,quantile,0.025,8.957111358642578
2025-02-08,wk inc flu hosp,3,30,2025-03-01,quantile,0.05,14.940003633499147
2025-02-08,wk inc flu hosp,3,30,2025-03-01,quantile,0.1,22.461680030822755
2025-02-08,wk inc flu hosp,3,30,2025-03-01,quantile,0.15,26.8311427116394
2025-02-08,wk inc flu hosp,3,30,2025-03-01,quantile,0.2,31.1661548614502
2025-02-08,wk inc flu hosp,3,30,2025-03-01,quantile,0.25,35.94327926635742
2025-02-08,wk inc flu hosp,3,30,2025-03-01,quantile,0.3,38.928985595703125
2025-02-08,wk inc flu hosp,3,30,2025-03-01,quantile,0.35,45.93390655517578
2025-02-08,wk inc flu hosp,3,30,2025-03-01,quantile,0.4,50.98663330078125
2025-02-08,wk inc flu hosp,3,30,2025-03-01,quantile,0.45,53.97233963012695
2025-02-08,wk inc flu hosp,3,30,2025-03-01,quantile,0.5,59.88632774353027
2025-02-08,wk inc flu hosp,3,30,2025-03-01,quantile,0.55,63.15911865234375
2025-02-08,wk inc flu hosp,3,30,2025-03-01,quantile,0.6,66.02998352050781
2025-02-08,wk inc flu hosp,3,30,2025-03-01,quantile,0.65,68.55635833740234
2025-02-08,wk inc flu hosp,3,30,2025-03-01,quantile,0.7,70.0836585998535
2025-02-08,wk inc flu hosp,3,30,2025-03-01,quantile,0.75,74.24067115783691
2025-02-08,wk inc flu hosp,3,30,2025-03-01,quantile,0.8,77.9728012084961
2025-02-08,wk inc flu hosp,3,30,2025-03-01,quantile,0.85,86.9012046813965
2025-02-08,wk inc flu hosp,3,30,2025-03-01,quantile,0.9,90.08787384033202
2025-02-08,wk inc flu hosp,3,30,2025-03-01,quantile,0.95,95.78367729187012
2025-02-08,wk inc flu hosp,3,30,2025-03-01,quantile,0.975,97.08130397796631
2025-02-08,wk inc flu hosp,3,30,2025-03-01,quantile,0.99,99.72710197448724
2025-02-08,wk inc flu hosp,0,31,2025-02-08,quantile,0.01,262.3818682861328
2025-02-08,wk inc flu hosp,0,31,2025-02-08,quantile,0.025,294.71063232421875
2025-02-08,wk inc flu hosp,0,31,2025-02-08,quantile,0.05,335.48976135253906
2025-02-08,wk inc flu hosp,0,31,2025-02-08,quantile,0.1,358.7019348144531
2025-02-08,wk inc flu hosp,0,31,2025-02-08,quantile,0.15,358.7019348144531
2025-02-08,wk inc flu hosp,0,31,2025-02-08,quantile,0.2,358.7019348144531
2025-02-08,wk inc flu hosp,0,31,2025-02-08,quantile,0.25,358.7019348144531
2025-02-08,wk inc flu hosp,0,31,2025-02-08,quantile,0.3,358.7019348144531
2025-02-08,wk inc flu hosp,0,31,2025-02-08,quantile,0.35,358.7019348144531
2025-02-08,wk inc flu hosp,0,31,2025-02-08,quantile,0.4,358.7019348144531
2025-02-08,wk inc flu hosp,0,31,2025-02-08,quantile,0.45,358.7019348144531
2025-02-08,wk inc flu hosp,0,31,2025-02-08,quantile,0.5,358.7019348144531
2025-02-08,wk inc flu hosp,0,31,2025-02-08,quantile,0.55,358.7019348144531
2025-02-08,wk inc flu hosp,0,31,2025-02-08,quantile,0.6,358.7019348144531
2025-02-08,wk inc flu hosp,0,31,2025-02-08,quantile,0.65,358.7019348144531
2025-02-08,wk inc flu hosp,0,31,2025-02-08,quantile,0.7,358.7019348144531
2025-02-08,wk inc flu hosp,0,31,2025-02-08,quantile,0.75,358.7019348144531
2025-02-08,wk inc flu hosp,0,31,2025-02-08,quantile,0.8,358.7019348144531
2025-02-08,wk inc flu hosp,0,31,2025-02-08,quantile,0.85,358.7019348144531
2025-02-08,wk inc flu hosp,0,31,2025-02-08,quantile,0.9,358.7019348144531
2025-02-08,wk inc flu hosp,0,31,2025-02-08,quantile,0.95,358.7019348144531
2025-02-08,wk inc flu hosp,0,31,2025-02-08,quantile,0.975,358.7019348144531
2025-02-08,wk inc flu hosp,0,31,2025-02-08,quantile,0.99,358.7019348144531
2025-02-08,wk inc flu hosp,1,31,2025-02-15,quantile,0.01,269.9275823974609
2025-02-08,wk inc flu hosp,1,31,2025-02-15,quantile,0.025,299.61954193115236
2025-02-08,wk inc flu hosp,1,31,2025-02-15,quantile,0.05,345.0446151733399
2025-02-08,wk inc flu hosp,1,31,2025-02-15,quantile,0.1,358.7019348144531
2025-02-08,wk inc flu hosp,1,31,2025-02-15,quantile,0.15,358.7019348144531
2025-02-08,wk inc flu hosp,1,31,2025-02-15,quantile,0.2,358.7019348144531
2025-02-08,wk inc flu hosp,1,31,2025-02-15,quantile,0.25,358.7019348144531
2025-02-08,wk inc flu hosp,1,31,2025-02-15,quantile,0.3,358.7019348144531
2025-02-08,wk inc flu hosp,1,31,2025-02-15,quantile,0.35,358.7019348144531
2025-02-08,wk inc flu hosp,1,31,2025-02-15,quantile,0.4,358.7019348144531
2025-02-08,wk inc flu hosp,1,31,2025-02-15,quantile,0.45,358.7019348144531
2025-02-08,wk inc flu hosp,1,31,2025-02-15,quantile,0.5,358.7019348144531
2025-02-08,wk inc flu hosp,1,31,2025-02-15,quantile,0.55,358.7019348144531
2025-02-08,wk inc flu hosp,1,31,2025-02-15,quantile,0.6,358.7019348144531
2025-02-08,wk inc flu hosp,1,31,2025-02-15,quantile,0.65,358.7019348144531
2025-02-08,wk inc flu hosp,1,31,2025-02-15,quantile,0.7,358.7019348144531
2025-02-08,wk inc flu hosp,1,31,2025-02-15,quantile,0.75,358.7019348144531
2025-02-08,wk inc flu hosp,1,31,2025-02-15,quantile,0.8,358.7019348144531
2025-02-08,wk inc flu hosp,1,31,2025-02-15,quantile,0.85,358.7019348144531
2025-02-08,wk inc flu hosp,1,31,2025-02-15,quantile,0.9,358.7019348144531
2025-02-08,wk inc flu hosp,1,31,2025-02-15,quantile,0.95,358.7019348144531
2025-02-08,wk inc flu hosp,1,31,2025-02-15,quantile,0.975,358.7019348144531
2025-02-08,wk inc flu hosp,1,31,2025-02-15,quantile,0.99,358.7019348144531
2025-02-08,wk inc flu hosp,2,31,2025-02-22,quantile,0.01,255.24989532470704
2025-02-08,wk inc flu hosp,2,31,2025-02-22,quantile,0.025,303.1259254455567
2025-02-08,wk inc flu hosp,2,31,2025-02-22,quantile,0.05,350.74246368408205
2025-02-08,wk inc flu hosp,2,31,2025-02-22,quantile,0.1,358.7019348144531
2025-02-08,wk inc flu hosp,2,31,2025-02-22,quantile,0.15,358.7019348144531
2025-02-08,wk inc flu hosp,2,31,2025-02-22,quantile,0.2,358.7019348144531
2025-02-08,wk inc flu hosp,2,31,2025-02-22,quantile,0.25,358.7019348144531
2025-02-08,wk inc flu hosp,2,31,2025-02-22,quantile,0.3,358.7019348144531
2025-02-08,wk inc flu hosp,2,31,2025-02-22,quantile,0.35,358.7019348144531
2025-02-08,wk inc flu hosp,2,31,2025-02-22,quantile,0.4,358.7019348144531
2025-02-08,wk inc flu hosp,2,31,2025-02-22,quantile,0.45,358.7019348144531
2025-02-08,wk inc flu hosp,2,31,2025-02-22,quantile,0.5,358.7019348144531
2025-02-08,wk inc flu hosp,2,31,2025-02-22,quantile,0.55,358.7019348144531
2025-02-08,wk inc flu hosp,2,31,2025-02-22,quantile,0.6,358.7019348144531
2025-02-08,wk inc flu hosp,2,31,2025-02-22,quantile,0.65,358.7019348144531
2025-02-08,wk inc flu hosp,2,31,2025-02-22,quantile,0.7,358.7019348144531
2025-02-08,wk inc flu hosp,2,31,2025-02-22,quantile,0.75,358.7019348144531
2025-02-08,wk inc flu hosp,2,31,2025-02-22,quantile,0.8,358.7019348144531
2025-02-08,wk inc flu hosp,2,31,2025-02-22,quantile,0.85,358.7019348144531
2025-02-08,wk inc flu hosp,2,31,2025-02-22,quantile,0.9,358.7019348144531
2025-02-08,wk inc flu hosp,2,31,2025-02-22,quantile,0.95,358.7019348144531
2025-02-08,wk inc flu hosp,2,31,2025-02-22,quantile,0.975,358.7019348144531
2025-02-08,wk inc flu hosp,2,31,2025-02-22,quantile,0.99,358.7019348144531
2025-02-08,wk inc flu hosp,3,31,2025-03-01,quantile,0.01,242.6865788269043
2025-02-08,wk inc flu hosp,3,31,2025-03-01,quantile,0.025,301.8680107116699
2025-02-08,wk inc flu hosp,3,31,2025-03-01,quantile,0.05,358.7019348144531
2025-02-08,wk inc flu hosp,3,31,2025-03-01,quantile,0.1,358.7019348144531
2025-02-08,wk inc flu hosp,3,31,2025-03-01,quantile,0.15,358.7019348144531
2025-02-08,wk inc flu hosp,3,31,2025-03-01,quantile,0.2,358.7019348144531
2025-02-08,wk inc flu hosp,3,31,2025-03-01,quantile,0.25,358.7019348144531
2025-02-08,wk inc flu hosp,3,31,2025-03-01,quantile,0.3,358.7019348144531
2025-02-08,wk inc flu hosp,3,31,2025-03-01,quantile,0.35,358.7019348144531
2025-02-08,wk inc flu hosp,3,31,2025-03-01,quantile,0.4,358.7019348144531
2025-02-08,wk inc flu hosp,3,31,2025-03-01,quantile,0.45,358.7019348144531
2025-02-08,wk inc flu hosp,3,31,2025-03-01,quantile,0.5,358.7019348144531
2025-02-08,wk inc flu hosp,3,31,2025-03-01,quantile,0.55,358.7019348144531
2025-02-08,wk inc flu hosp,3,31,2025-03-01,quantile,0.6,358.7019348144531
2025-02-08,wk inc flu hosp,3,31,2025-03-01,quantile,0.65,358.7019348144531
2025-02-08,wk inc flu hosp,3,31,2025-03-01,quantile,0.7,358.7019348144531
2025-02-08,wk inc flu hosp,3,31,2025-03-01,quantile,0.75,358.7019348144531
2025-02-08,wk inc flu hosp,3,31,2025-03-01,quantile,0.8,358.7019348144531
2025-02-08,wk inc flu hosp,3,31,2025-03-01,quantile,0.85,358.7019348144531
2025-02-08,wk inc flu hosp,3,31,2025-03-01,quantile,0.9,358.7019348144531
2025-02-08,wk inc flu hosp,3,31,2025-03-01,quantile,0.95,358.7019348144531
2025-02-08,wk inc flu hosp,3,31,2025-03-01,quantile,0.975,358.7019348144531
2025-02-08,wk inc flu hosp,3,31,2025-03-01,quantile,0.99,358.7019348144531
2025-02-08,wk inc flu hosp,0,32,2025-02-08,quantile,0.01,99.017603225708
2025-02-08,wk inc flu hosp,0,32,2025-02-08,quantile,0.025,102.07435607910156
2025-02-08,wk inc flu hosp,0,32,2025-02-08,quantile,0.05,104.16783828735352
2025-02-08,wk inc flu hosp,0,32,2025-02-08,quantile,0.1,110.55775451660156
2025-02-08,wk inc flu hosp,0,32,2025-02-08,quantile,0.15,115.31939392089843
2025-02-08,wk inc flu hosp,0,32,2025-02-08,quantile,0.2,118.16543731689453
2025-02-08,wk inc flu hosp,0,32,2025-02-08,quantile,0.25,122.87235260009766
2025-02-08,wk inc flu hosp,0,32,2025-02-08,quantile,0.3,128.48233642578126
2025-02-08,wk inc flu hosp,0,32,2025-02-08,quantile,0.35,131.98515090942382
2025-02-08,wk inc flu hosp,0,32,2025-02-08,quantile,0.4,134.91329956054688
2025-02-08,wk inc flu hosp,0,32,2025-02-08,quantile,0.45,138.1971893310547
2025-02-08,wk inc flu hosp,0,32,2025-02-08,quantile,0.5,140.11279296875
2025-02-08,wk inc flu hosp,0,32,2025-02-08,quantile,0.55,141.20742797851562
2025-02-08,wk inc flu hosp,0,32,2025-02-08,quantile,0.6,142.1925842285156
2025-02-08,wk inc flu hosp,0,32,2025-02-08,quantile,0.65,143.49246063232422
2025-02-08,wk inc flu hosp,0,32,2025-02-08,quantile,0.7,145.6680480957031
2025-02-08,wk inc flu hosp,0,32,2025-02-08,quantile,0.75,146.6805877685547
2025-02-08,wk inc flu hosp,0,32,2025-02-08,quantile,0.8,148.97930603027345
2025-02-08,wk inc flu hosp,0,32,2025-02-08,quantile,0.85,152.46843338012695
2025-02-08,wk inc flu hosp,0,32,2025-02-08,quantile,0.9,157.9826416015625
2025-02-08,wk inc flu hosp,0,32,2025-02-08,quantile,0.95,162.27908325195312
2025-02-08,wk inc flu hosp,0,32,2025-02-08,quantile,0.975,164.7419891357422
2025-02-08,wk inc flu hosp,0,32,2025-02-08,quantile,0.99,169.9551655578613
2025-02-08,wk inc flu hosp,1,32,2025-02-15,quantile,0.01,68.94261299133301
2025-02-08,wk inc flu hosp,1,32,2025-02-15,quantile,0.025,76.54208641052246
2025-02-08,wk inc flu hosp,1,32,2025-02-15,quantile,0.05,93.56359939575196
2025-02-08,wk inc flu hosp,1,32,2025-02-15,quantile,0.1,97.96949768066406
2025-02-08,wk inc flu hosp,1,32,2025-02-15,quantile,0.15,101.75964965820312
2025-02-08,wk inc flu hosp,1,32,2025-02-15,quantile,0.2,105.0298629760742
2025-02-08,wk inc flu hosp,1,32,2025-02-15,quantile,0.25,109.05263328552246
2025-02-08,wk inc flu hosp,1,32,2025-02-15,quantile,0.3,110.55775451660156
2025-02-08,wk inc flu hosp,1,32,2025-02-15,quantile,0.35,114.00583457946776
2025-02-08,wk inc flu hosp,1,32,2025-02-15,quantile,0.4,120.13577270507812
2025-02-08,wk inc flu hosp,1,32,2025-02-15,quantile,0.45,122.2018886566162
2025-02-08,wk inc flu hosp,1,32,2025-02-15,quantile,0.5,128.20867919921875
2025-02-08,wk inc flu hosp,1,32,2025-02-15,quantile,0.55,131.75254440307617
2025-02-08,wk inc flu hosp,1,32,2025-02-15,quantile,0.6,134.365966796875
2025-02-08,wk inc flu hosp,1,32,2025-02-15,quantile,0.65,137.4719985961914
2025-02-08,wk inc flu hosp,1,32,2025-02-15,quantile,0.7,140.11279296875
2025-02-08,wk inc flu hosp,1,32,2025-02-15,quantile,0.75,142.849365234375
2025-02-08,wk inc flu hosp,1,32,2025-02-15,quantile,0.8,145.69541625976564
2025-02-08,wk inc flu hosp,1,32,2025-02-15,quantile,0.85,147.5836540222168
2025-02-08,wk inc flu hosp,1,32,2025-02-15,quantile,0.9,150.29286041259766
2025-02-08,wk inc flu hosp,1,32,2025-02-15,quantile,0.95,159.583544921875
2025-02-08,wk inc flu hosp,1,32,2025-02-15,quantile,0.975,162.8332420349121
2025-02-08,wk inc flu hosp,1,32,2025-02-15,quantile,0.99,174.12845367431632
2025-02-08,wk inc flu hosp,2,32,2025-02-22,quantile,0.01,47.04724876403809
2025-02-08,wk inc flu hosp,2,32,2025-02-22,quantile,0.025,55.17625551223755
2025-02-08,wk inc flu hosp,2,32,2025-02-22,quantile,0.05,67.3061336517334
2025-02-08,wk inc flu hosp,2,32,2025-02-22,quantile,0.1,85.49069747924806
2025-02-08,wk inc flu hosp,2,32,2025-02-22,quantile,0.15,90.03341674804688
2025-02-08,wk inc flu hosp,2,32,2025-02-22,quantile,0.2,95.12344665527344
2025-02-08,wk inc flu hosp,2,32,2025-02-22,quantile,0.25,96.53278160095216
2025-02-08,wk inc flu hosp,2,32,2025-02-22,quantile,0.3,101.71860198974608
2025-02-08,wk inc flu hosp,2,32,2025-02-22,quantile,0.35,103.71630096435548
2025-02-08,wk inc flu hosp,2,32,2025-02-22,quantile,0.4,106.01502685546876
2025-02-08,wk inc flu hosp,2,32,2025-02-22,quantile,0.45,110.55775451660156
2025-02-08,wk inc flu hosp,2,32,2025-02-22,quantile,0.5,114.93627166748048
2025-02-08,wk inc flu hosp,2,32,2025-02-22,quantile,0.55,121.0525260925293
2025-02-08,wk inc flu hosp,2,32,2025-02-22,quantile,0.6,126.3751739501953
2025-02-08,wk inc flu hosp,2,32,2025-02-22,quantile,0.65,132.54615631103516
2025-02-08,wk inc flu hosp,2,32,2025-02-22,quantile,0.7,134.44806671142578
2025-02-08,wk inc flu hosp,2,32,2025-02-22,quantile,0.75,138.06036376953125
2025-02-08,wk inc flu hosp,2,32,2025-02-22,quantile,0.8,141.3168884277344
2025-02-08,wk inc flu hosp,2,32,2025-02-22,quantile,0.85,144.49131774902344
2025-02-08,wk inc flu hosp,2,32,2025-02-22,quantile,0.9,148.95193939208983
2025-02-08,wk inc flu hosp,2,32,2025-02-22,quantile,0.95,157.39427413940427
2025-02-08,wk inc flu hosp,2,32,2025-02-22,quantile,0.975,166.6644344329834
2025-02-08,wk inc flu hosp,2,32,2025-02-22,quantile,0.99,172.27579116821275
2025-02-08,wk inc flu hosp,3,32,2025-03-01,quantile,0.01,32.01796340942383
2025-02-08,wk inc flu hosp,3,32,2025-03-01,quantile,0.025,37.19693632125855
2025-02-08,wk inc flu hosp,3,32,2025-03-01,quantile,0.05,51.8718339920044
2025-02-08,wk inc flu hosp,3,32,2025-03-01,quantile,0.1,69.20805511474609
2025-02-08,wk inc flu hosp,3,32,2025-03-01,quantile,0.15,74.66753120422364
2025-02-08,wk inc flu hosp,3,32,2025-03-01,quantile,0.2,81.22163543701171
2025-02-08,wk inc flu hosp,3,32,2025-03-01,quantile,0.25,87.91256332397461
2025-02-08,wk inc flu hosp,3,32,2025-03-01,quantile,0.3,93.04364776611328
2025-02-08,wk inc flu hosp,3,32,2025-03-01,quantile,0.35,95.7802276611328
2025-02-08,wk inc flu hosp,3,32,2025-03-01,quantile,0.4,100.70606994628906
2025-02-08,wk inc flu hosp,3,32,2025-03-01,quantile,0.45,103.71630096435548
2025-02-08,wk inc flu hosp,3,32,2025-03-01,quantile,0.5,109.05263137817384
2025-02-08,wk inc flu hosp,3,32,2025-03-01,quantile,0.55,115.40149154663088
2025-02-08,wk inc flu hosp,3,32,2025-03-01,quantile,0.6,120.7925537109375
2025-02-08,wk inc flu hosp,3,32,2025-03-01,quantile,0.65,126.97721862792967
2025-02-08,wk inc flu hosp,3,32,2025-03-01,quantile,0.7,132.1767120361328
2025-02-08,wk inc flu hosp,3,32,2025-03-01,quantile,0.75,135.80268478393555
2025-02-08,wk inc flu hosp,3,32,2025-03-01,quantile,0.8,138.7992370605469
2025-02-08,wk inc flu hosp,3,32,2025-03-01,quantile,0.85,142.849365234375
2025-02-08,wk inc flu hosp,3,32,2025-03-01,quantile,0.9,149.99183502197263
2025-02-08,wk inc flu hosp,3,32,2025-03-01,quantile,0.95,156.3817375183105
2025-02-08,wk inc flu hosp,3,32,2025-03-01,quantile,0.975,167.307532119751
2025-02-08,wk inc flu hosp,3,32,2025-03-01,quantile,0.99,175.52410552978506
2025-02-08,wk inc flu hosp,0,33,2025-02-08,quantile,0.01,73.39957763671875
2025-02-08,wk inc flu hosp,0,33,2025-02-08,quantile,0.025,75.53771286010742
2025-02-08,wk inc flu hosp,0,33,2025-02-08,quantile,0.05,78.00586700439453
2025-02-08,wk inc flu hosp,0,33,2025-02-08,quantile,0.1,84.00631713867188
2025-02-08,wk inc flu hosp,0,33,2025-02-08,quantile,0.15,90.00676727294922
2025-02-08,wk inc flu hosp,0,33,2025-02-08,quantile,0.2,92.5194564819336
2025-02-08,wk inc flu hosp,0,33,2025-02-08,quantile,0.25,95.06964874267578
2025-02-08,wk inc flu hosp,0,33,2025-02-08,quantile,0.3,96.19473266601562
2025-02-08,wk inc flu hosp,0,33,2025-02-08,quantile,0.35,97.75578956604004
2025-02-08,wk inc flu hosp,0,33,2025-02-08,quantile,0.4,98.3698944091797
2025-02-08,wk inc flu hosp,0,33,2025-02-08,quantile,0.45,98.87149772644042
2025-02-08,wk inc flu hosp,0,33,2025-02-08,quantile,0.5,99.52311325073242
2025-02-08,wk inc flu hosp,0,33,2025-02-08,quantile,0.55,100.50756072998048
2025-02-08,wk inc flu hosp,0,33,2025-02-08,quantile,0.6,101.9514175415039
2025-02-08,wk inc flu hosp,0,33,2025-02-08,quantile,0.65,103.54059982299805
2025-02-08,wk inc flu hosp,0,33,2025-02-08,quantile,0.7,104.11720428466796
2025-02-08,wk inc flu hosp,0,33,2025-02-08,quantile,0.75,108.21907234191896
2025-02-08,wk inc flu hosp,0,33,2025-02-08,quantile,0.8,112.18968658447272
2025-02-08,wk inc flu hosp,0,33,2025-02-08,quantile,0.85,191.8269195556641
2025-02-08,wk inc flu hosp,0,33,2025-02-08,quantile,0.9,191.8269195556641
2025-02-08,wk inc flu hosp,0,33,2025-02-08,quantile,0.95,191.8269195556641
2025-02-08,wk inc flu hosp,0,33,2025-02-08,quantile,0.975,191.8269195556641
2025-02-08,wk inc flu hosp,0,33,2025-02-08,quantile,0.99,191.8269195556641
2025-02-08,wk inc flu hosp,1,33,2025-02-15,quantile,0.01,65.85307212829589
2025-02-08,wk inc flu hosp,1,33,2025-02-15,quantile,0.025,66.00495910644531
2025-02-08,wk inc flu hosp,1,33,2025-02-15,quantile,0.05,67.87541618347169
2025-02-08,wk inc flu hosp,1,33,2025-02-15,quantile,0.1,77.89335784912109
2025-02-08,wk inc flu hosp,1,33,2025-02-15,quantile,0.15,83.71566963195801
2025-02-08,wk inc flu hosp,1,33,2025-02-15,quantile,0.2,87.45657653808594
2025-02-08,wk inc flu hosp,1,33,2025-02-15,quantile,0.25,89.0223217010498
2025-02-08,wk inc flu hosp,1,33,2025-02-15,quantile,0.3,90.353670501709
2025-02-08,wk inc flu hosp,1,33,2025-02-15,quantile,0.35,92.16317749023438
2025-02-08,wk inc flu hosp,1,33,2025-02-15,quantile,0.4,92.5382080078125
2025-02-08,wk inc flu hosp,1,33,2025-02-15,quantile,0.45,95.82908134460448
2025-02-08,wk inc flu hosp,1,33,2025-02-15,quantile,0.5,97.88236236572266
2025-02-08,wk inc flu hosp,1,33,2025-02-15,quantile,0.55,98.67460670471192
2025-02-08,wk inc flu hosp,1,33,2025-02-15,quantile,0.6,99.77625579833985
2025-02-08,wk inc flu hosp,1,33,2025-02-15,quantile,0.65,101.63264465332033
2025-02-08,wk inc flu hosp,1,33,2025-02-15,quantile,0.7,102.2889404296875
2025-02-08,wk inc flu hosp,1,33,2025-02-15,quantile,0.75,104.30471420288086
2025-02-08,wk inc flu hosp,1,33,2025-02-15,quantile,0.8,115.95871582031252
2025-02-08,wk inc flu hosp,1,33,2025-02-15,quantile,0.85,191.8269195556641
2025-02-08,wk inc flu hosp,1,33,2025-02-15,quantile,0.9,191.8269195556641
2025-02-08,wk inc flu hosp,1,33,2025-02-15,quantile,0.95,191.8269195556641
2025-02-08,wk inc flu hosp,1,33,2025-02-15,quantile,0.975,191.8269195556641
2025-02-08,wk inc flu hosp,1,33,2025-02-15,quantile,0.99,191.8269195556641
2025-02-08,wk inc flu hosp,2,33,2025-02-22,quantile,0.01,55.76763229370117
2025-02-08,wk inc flu hosp,2,33,2025-02-22,quantile,0.025,65.8385398864746
2025-02-08,wk inc flu hosp,2,33,2025-02-22,quantile,0.05,67.8801040649414
2025-02-08,wk inc flu hosp,2,33,2025-02-22,quantile,0.1,71.99604110717773
2025-02-08,wk inc flu hosp,2,33,2025-02-22,quantile,0.15,76.59482345581054
2025-02-08,wk inc flu hosp,2,33,2025-02-22,quantile,0.2,79.37471618652344
2025-02-08,wk inc flu hosp,2,33,2025-02-22,quantile,0.25,81.94366455078125
2025-02-08,wk inc flu hosp,2,33,2025-02-22,quantile,0.3,84.07194747924805
2025-02-08,wk inc flu hosp,2,33,2025-02-22,quantile,0.35,86.2564926147461
2025-02-08,wk inc flu hosp,2,33,2025-02-22,quantile,0.4,89.31296844482422
2025-02-08,wk inc flu hosp,2,33,2025-02-22,quantile,0.45,91.98503799438475
2025-02-08,wk inc flu hosp,2,33,2025-02-22,quantile,0.5,93.28826904296876
2025-02-08,wk inc flu hosp,2,33,2025-02-22,quantile,0.55,95.11183967590333
2025-02-08,wk inc flu hosp,2,33,2025-02-22,quantile,0.6,97.86360778808591
2025-02-08,wk inc flu hosp,2,33,2025-02-22,quantile,0.65,99.39185256958008
2025-02-08,wk inc flu hosp,2,33,2025-02-22,quantile,0.7,102.31706771850584
2025-02-08,wk inc flu hosp,2,33,2025-02-22,quantile,0.75,104.21096229553224
2025-02-08,wk inc flu hosp,2,33,2025-02-22,quantile,0.8,122.55921173095712
2025-02-08,wk inc flu hosp,2,33,2025-02-22,quantile,0.85,191.8269195556641
2025-02-08,wk inc flu hosp,2,33,2025-02-22,quantile,0.9,191.8269195556641
2025-02-08,wk inc flu hosp,2,33,2025-02-22,quantile,0.95,191.8269195556641
2025-02-08,wk inc flu hosp,2,33,2025-02-22,quantile,0.975,191.8269195556641
2025-02-08,wk inc flu hosp,2,33,2025-02-22,quantile,0.99,191.8269195556641
2025-02-08,wk inc flu hosp,3,33,2025-03-01,quantile,0.01,38.98605781555176
2025-02-08,wk inc flu hosp,3,33,2025-03-01,quantile,0.025,52.03281993865967
2025-02-08,wk inc flu hosp,3,33,2025-03-01,quantile,0.05,61.16710357666016
2025-02-08,wk inc flu hosp,3,33,2025-03-01,quantile,0.1,67.69259643554688
2025-02-08,wk inc flu hosp,3,33,2025-03-01,quantile,0.15,69.2442699432373
2025-02-08,wk inc flu hosp,3,33,2025-03-01,quantile,0.2,74.0493179321289
2025-02-08,wk inc flu hosp,3,33,2025-03-01,quantile,0.25,76.76358604431152
2025-02-08,wk inc flu hosp,3,33,2025-03-01,quantile,0.3,77.97773971557618
2025-02-08,wk inc flu hosp,3,33,2025-03-01,quantile,0.35,80.16227722167969
2025-02-08,wk inc flu hosp,3,33,2025-03-01,quantile,0.4,84.02506866455079
2025-02-08,wk inc flu hosp,3,33,2025-03-01,quantile,0.45,86.45337944030761
2025-02-08,wk inc flu hosp,3,33,2025-03-01,quantile,0.5,90.47555541992188
2025-02-08,wk inc flu hosp,3,33,2025-03-01,quantile,0.55,92.59446258544922
2025-02-08,wk inc flu hosp,3,33,2025-03-01,quantile,0.6,95.463427734375
2025-02-08,wk inc flu hosp,3,33,2025-03-01,quantile,0.65,98.00892753601076
2025-02-08,wk inc flu hosp,3,33,2025-03-01,quantile,0.7,101.9139175415039
2025-02-08,wk inc flu hosp,3,33,2025-03-01,quantile,0.75,104.51567268371582
2025-02-08,wk inc flu hosp,3,33,2025-03-01,quantile,0.8,128.31589355468762
2025-02-08,wk inc flu hosp,3,33,2025-03-01,quantile,0.85,191.8269195556641
2025-02-08,wk inc flu hosp,3,33,2025-03-01,quantile,0.9,191.8269195556641
2025-02-08,wk inc flu hosp,3,33,2025-03-01,quantile,0.95,191.8269195556641
2025-02-08,wk inc flu hosp,3,33,2025-03-01,quantile,0.975,191.8269195556641
2025-02-08,wk inc flu hosp,3,33,2025-03-01,quantile,0.99,191.8269195556641
2025-02-08,wk inc flu hosp,0,34,2025-02-08,quantile,0.01,1604.0117028808593
2025-02-08,wk inc flu hosp,0,34,2025-02-08,quantile,0.025,1638.4965545654295
2025-02-08,wk inc flu hosp,0,34,2025-02-08,quantile,0.05,1721.4338256835938
2025-02-08,wk inc flu hosp,0,34,2025-02-08,quantile,0.1,1775.389404296875
2025-02-08,wk inc flu hosp,0,34,2025-02-08,quantile,0.15,1850.161572265625
2025-02-08,wk inc flu hosp,0,34,2025-02-08,quantile,0.2,1910.8167236328125
2025-02-08,wk inc flu hosp,0,34,2025-02-08,quantile,0.25,1946.7671508789065
2025-02-08,wk inc flu hosp,0,34,2025-02-08,quantile,0.3,2054.2596923828123
2025-02-08,wk inc flu hosp,0,34,2025-02-08,quantile,0.35,2128.553051757812
2025-02-08,wk inc flu hosp,0,34,2025-02-08,quantile,0.4,2447.740478515625
2025-02-08,wk inc flu hosp,0,34,2025-02-08,quantile,0.45,2447.740478515625
2025-02-08,wk inc flu hosp,0,34,2025-02-08,quantile,0.5,2447.740478515625
2025-02-08,wk inc flu hosp,0,34,2025-02-08,quantile,0.55,2447.740478515625
2025-02-08,wk inc flu hosp,0,34,2025-02-08,quantile,0.6,2447.740478515625
2025-02-08,wk inc flu hosp,0,34,2025-02-08,quantile,0.65,2447.740478515625
2025-02-08,wk inc flu hosp,0,34,2025-02-08,quantile,0.7,2447.740478515625
2025-02-08,wk inc flu hosp,0,34,2025-02-08,quantile,0.75,2447.740478515625
2025-02-08,wk inc flu hosp,0,34,2025-02-08,quantile,0.8,2447.740478515625
2025-02-08,wk inc flu hosp,0,34,2025-02-08,quantile,0.85,2447.740478515625
2025-02-08,wk inc flu hosp,0,34,2025-02-08,quantile,0.9,2447.740478515625
2025-02-08,wk inc flu hosp,0,34,2025-02-08,quantile,0.95,2447.740478515625
2025-02-08,wk inc flu hosp,0,34,2025-02-08,quantile,0.975,2447.740478515625
2025-02-08,wk inc flu hosp,0,34,2025-02-08,quantile,0.99,2447.740478515625
2025-02-08,wk inc flu hosp,1,34,2025-02-15,quantile,0.01,1481.768282470703
2025-02-08,wk inc flu hosp,1,34,2025-02-15,quantile,0.025,1537.5840606689453
2025-02-08,wk inc flu hosp,1,34,2025-02-15,quantile,0.05,1706.4793884277344
2025-02-08,wk inc flu hosp,1,34,2025-02-15,quantile,0.1,1788.668994140625
2025-02-08,wk inc flu hosp,1,34,2025-02-15,quantile,0.15,1867.807745361328
2025-02-08,wk inc flu hosp,1,34,2025-02-15,quantile,0.2,1972.3092529296875
2025-02-08,wk inc flu hosp,1,34,2025-02-15,quantile,0.25,2060.420867919922
2025-02-08,wk inc flu hosp,1,34,2025-02-15,quantile,0.3,2192.0796142578124
2025-02-08,wk inc flu hosp,1,34,2025-02-15,quantile,0.35,2426.684631347656
2025-02-08,wk inc flu hosp,1,34,2025-02-15,quantile,0.4,2447.740478515625
2025-02-08,wk inc flu hosp,1,34,2025-02-15,quantile,0.45,2447.740478515625
2025-02-08,wk inc flu hosp,1,34,2025-02-15,quantile,0.5,2447.740478515625
2025-02-08,wk inc flu hosp,1,34,2025-02-15,quantile,0.55,2447.740478515625
2025-02-08,wk inc flu hosp,1,34,2025-02-15,quantile,0.6,2447.740478515625
2025-02-08,wk inc flu hosp,1,34,2025-02-15,quantile,0.65,2447.740478515625
2025-02-08,wk inc flu hosp,1,34,2025-02-15,quantile,0.7,2447.740478515625
2025-02-08,wk inc flu hosp,1,34,2025-02-15,quantile,0.75,2447.740478515625
2025-02-08,wk inc flu hosp,1,34,2025-02-15,quantile,0.8,2447.740478515625
2025-02-08,wk inc flu hosp,1,34,2025-02-15,quantile,0.85,2447.740478515625
2025-02-08,wk inc flu hosp,1,34,2025-02-15,quantile,0.9,2447.740478515625
2025-02-08,wk inc flu hosp,1,34,2025-02-15,quantile,0.95,2447.740478515625
2025-02-08,wk inc flu hosp,1,34,2025-02-15,quantile,0.975,2447.740478515625
2025-02-08,wk inc flu hosp,1,34,2025-02-15,quantile,0.99,2447.740478515625
2025-02-08,wk inc flu hosp,2,34,2025-02-22,quantile,0.01,1377.8528869628906
2025-02-08,wk inc flu hosp,2,34,2025-02-22,quantile,0.025,1461.1371612548828
2025-02-08,wk inc flu hosp,2,34,2025-02-22,quantile,0.05,1641.21826171875
2025-02-08,wk inc flu hosp,2,34,2025-02-22,quantile,0.1,1780.0551635742188
2025-02-08,wk inc flu hosp,2,34,2025-02-22,quantile,0.15,1871.5761962890624
2025-02-08,wk inc flu hosp,2,34,2025-02-22,quantile,0.2,2013.2245361328123
2025-02-08,wk inc flu hosp,2,34,2025-02-22,quantile,0.25,2166.2981567382812
2025-02-08,wk inc flu hosp,2,34,2025-02-22,quantile,0.3,2335.4027587890623
2025-02-08,wk inc flu hosp,2,34,2025-02-22,quantile,0.35,2447.740478515625
2025-02-08,wk inc flu hosp,2,34,2025-02-22,quantile,0.4,2447.740478515625
2025-02-08,wk inc flu hosp,2,34,2025-02-22,quantile,0.45,2447.740478515625
2025-02-08,wk inc flu hosp,2,34,2025-02-22,quantile,0.5,2447.740478515625
2025-02-08,wk inc flu hosp,2,34,2025-02-22,quantile,0.55,2447.740478515625
2025-02-08,wk inc flu hosp,2,34,2025-02-22,quantile,0.6,2447.740478515625
2025-02-08,wk inc flu hosp,2,34,2025-02-22,quantile,0.65,2447.740478515625
2025-02-08,wk inc flu hosp,2,34,2025-02-22,quantile,0.7,2447.740478515625
2025-02-08,wk inc flu hosp,2,34,2025-02-22,quantile,0.75,2447.740478515625
2025-02-08,wk inc flu hosp,2,34,2025-02-22,quantile,0.8,2447.740478515625
2025-02-08,wk inc flu hosp,2,34,2025-02-22,quantile,0.85,2447.740478515625
2025-02-08,wk inc flu hosp,2,34,2025-02-22,quantile,0.9,2447.740478515625
2025-02-08,wk inc flu hosp,2,34,2025-02-22,quantile,0.95,2447.740478515625
2025-02-08,wk inc flu hosp,2,34,2025-02-22,quantile,0.975,2447.740478515625
2025-02-08,wk inc flu hosp,2,34,2025-02-22,quantile,0.99,2447.740478515625
2025-02-08,wk inc flu hosp,3,34,2025-03-01,quantile,0.01,1265.6708935546876
2025-02-08,wk inc flu hosp,3,34,2025-03-01,quantile,0.025,1408.318182373047
2025-02-08,wk inc flu hosp,3,34,2025-03-01,quantile,0.05,1609.0961853027345
2025-02-08,wk inc flu hosp,3,34,2025-03-01,quantile,0.1,1780.5336547851562
2025-02-08,wk inc flu hosp,3,34,2025-03-01,quantile,0.15,1849.6231811523437
2025-02-08,wk inc flu hosp,3,34,2025-03-01,quantile,0.2,2070.17109375
2025-02-08,wk inc flu hosp,3,34,2025-03-01,quantile,0.25,2275.46533203125
2025-02-08,wk inc flu hosp,3,34,2025-03-01,quantile,0.3,2447.740478515625
2025-02-08,wk inc flu hosp,3,34,2025-03-01,quantile,0.35,2447.740478515625
2025-02-08,wk inc flu hosp,3,34,2025-03-01,quantile,0.4,2447.740478515625
2025-02-08,wk inc flu hosp,3,34,2025-03-01,quantile,0.45,2447.740478515625
2025-02-08,wk inc flu hosp,3,34,2025-03-01,quantile,0.5,2447.740478515625
2025-02-08,wk inc flu hosp,3,34,2025-03-01,quantile,0.55,2447.740478515625
2025-02-08,wk inc flu hosp,3,34,2025-03-01,quantile,0.6,2447.740478515625
2025-02-08,wk inc flu hosp,3,34,2025-03-01,quantile,0.65,2447.740478515625
2025-02-08,wk inc flu hosp,3,34,2025-03-01,quantile,0.7,2447.740478515625
2025-02-08,wk inc flu hosp,3,34,2025-03-01,quantile,0.75,2447.740478515625
2025-02-08,wk inc flu hosp,3,34,2025-03-01,quantile,0.8,2447.740478515625
2025-02-08,wk inc flu hosp,3,34,2025-03-01,quantile,0.85,2447.740478515625
2025-02-08,wk inc flu hosp,3,34,2025-03-01,quantile,0.9,2447.740478515625
2025-02-08,wk inc flu hosp,3,34,2025-03-01,quantile,0.95,2447.740478515625
2025-02-08,wk inc flu hosp,3,34,2025-03-01,quantile,0.975,2447.740478515625
2025-02-08,wk inc flu hosp,3,34,2025-03-01,quantile,0.99,2447.740478515625
2025-02-08,wk inc flu hosp,0,35,2025-02-08,quantile,0.01,118.75592376708984
2025-02-08,wk inc flu hosp,0,35,2025-02-08,quantile,0.025,131.69318370819093
2025-02-08,wk inc flu hosp,0,35,2025-02-08,quantile,0.05,140.49062881469726
2025-02-08,wk inc flu hosp,0,35,2025-02-08,quantile,0.1,148.60906829833985
2025-02-08,wk inc flu hosp,0,35,2025-02-08,quantile,0.15,154.0113983154297
2025-02-08,wk inc flu hosp,0,35,2025-02-08,quantile,0.2,158.78695678710938
2025-02-08,wk inc flu hosp,0,35,2025-02-08,quantile,0.25,162.3686065673828
2025-02-08,wk inc flu hosp,0,35,2025-02-08,quantile,0.3,165.77117462158202
2025-02-08,wk inc flu hosp,0,35,2025-02-08,quantile,0.35,168.83051528930665
2025-02-08,wk inc flu hosp,0,35,2025-02-08,quantile,0.4,172.87481384277345
2025-02-08,wk inc flu hosp,0,35,2025-02-08,quantile,0.45,175.06858139038087
2025-02-08,wk inc flu hosp,0,35,2025-02-08,quantile,0.5,178.93378448486328
2025-02-08,wk inc flu hosp,0,35,2025-02-08,quantile,0.55,183.8585662841797
2025-02-08,wk inc flu hosp,0,35,2025-02-08,quantile,0.6,187.26114501953128
2025-02-08,wk inc flu hosp,0,35,2025-02-08,quantile,0.65,189.2310485839844
2025-02-08,wk inc flu hosp,0,35,2025-02-08,quantile,0.7,190.7234039306641
2025-02-08,wk inc flu hosp,0,35,2025-02-08,quantile,0.75,192.81271362304688
2025-02-08,wk inc flu hosp,0,35,2025-02-08,quantile,0.8,195.2601959228516
2025-02-08,wk inc flu hosp,0,35,2025-02-08,quantile,0.85,198.22998275756837
2025-02-08,wk inc flu hosp,0,35,2025-02-08,quantile,0.9,200.03573760986328
2025-02-08,wk inc flu hosp,0,35,2025-02-08,quantile,0.95,202.7369102478027
2025-02-08,wk inc flu hosp,0,35,2025-02-08,quantile,0.975,205.94546508789065
2025-02-08,wk inc flu hosp,0,35,2025-02-08,quantile,0.99,207.73629760742188
2025-02-08,wk inc flu hosp,1,35,2025-02-15,quantile,0.01,94.51702865600586
2025-02-08,wk inc flu hosp,1,35,2025-02-15,quantile,0.025,101.35352687835692
2025-02-08,wk inc flu hosp,1,35,2025-02-15,quantile,0.05,110.70315475463867
2025-02-08,wk inc flu hosp,1,35,2025-02-15,quantile,0.1,128.40253295898438
2025-02-08,wk inc flu hosp,1,35,2025-02-15,quantile,0.15,137.595458984375
2025-02-08,wk inc flu hosp,1,35,2025-02-15,quantile,0.2,146.4899108886719
2025-02-08,wk inc flu hosp,1,35,2025-02-15,quantile,0.25,155.72761154174805
2025-02-08,wk inc flu hosp,1,35,2025-02-15,quantile,0.3,159.62267150878907
2025-02-08,wk inc flu hosp,1,35,2025-02-15,quantile,0.35,163.45802307128906
2025-02-08,wk inc flu hosp,1,35,2025-02-15,quantile,0.4,166.60689697265624
2025-02-08,wk inc flu hosp,1,35,2025-02-15,quantile,0.45,172.4420280456543
2025-02-08,wk inc flu hosp,1,35,2025-02-15,quantile,0.5,177.2921905517578
2025-02-08,wk inc flu hosp,1,35,2025-02-15,quantile,0.55,183.56008911132812
2025-02-08,wk inc flu hosp,1,35,2025-02-15,quantile,0.6,185.7687835693359
2025-02-08,wk inc flu hosp,1,35,2025-02-15,quantile,0.65,188.73857650756835
2025-02-08,wk inc flu hosp,1,35,2025-02-15,quantile,0.7,191.11142425537108
2025-02-08,wk inc flu hosp,1,35,2025-02-15,quantile,0.75,194.08123779296875
2025-02-08,wk inc flu hosp,1,35,2025-02-15,quantile,0.8,195.2601959228516
2025-02-08,wk inc flu hosp,1,35,2025-02-15,quantile,0.85,196.69285583496097
2025-02-08,wk inc flu hosp,1,35,2025-02-15,quantile,0.9,199.6775665283203
2025-02-08,wk inc flu hosp,1,35,2025-02-15,quantile,0.95,204.15464782714844
2025-02-08,wk inc flu hosp,1,35,2025-02-15,quantile,0.975,208.94511451721192
2025-02-08,wk inc flu hosp,1,35,2025-02-15,quantile,0.99,210.72399307250976
2025-02-08,wk inc flu hosp,2,35,2025-02-22,quantile,0.01,72.72859935760498
2025-02-08,wk inc flu hosp,2,35,2025-02-22,quantile,0.025,74.3194580078125
2025-02-08,wk inc flu hosp,2,35,2025-02-22,quantile,0.05,94.76476554870604
2025-02-08,wk inc flu hosp,2,35,2025-02-22,quantile,0.1,105.0023406982422
2025-02-08,wk inc flu hosp,2,35,2025-02-22,quantile,0.15,117.5083137512207
2025-02-08,wk inc flu hosp,2,35,2025-02-22,quantile,0.2,126.19382934570314
2025-02-08,wk inc flu hosp,2,35,2025-02-22,quantile,0.25,145.65418243408203
2025-02-08,wk inc flu hosp,2,35,2025-02-22,quantile,0.3,153.83231658935546
2025-02-08,wk inc flu hosp,2,35,2025-02-22,quantile,0.35,160.4733123779297
2025-02-08,wk inc flu hosp,2,35,2025-02-22,quantile,0.4,166.42781982421874
2025-02-08,wk inc flu hosp,2,35,2025-02-22,quantile,0.45,170.29302291870118
2025-02-08,wk inc flu hosp,2,35,2025-02-22,quantile,0.5,173.71054077148438
2025-02-08,wk inc flu hosp,2,35,2025-02-22,quantile,0.55,181.2469383239746
2025-02-08,wk inc flu hosp,2,35,2025-02-22,quantile,0.6,186.18664245605467
2025-02-08,wk inc flu hosp,2,35,2025-02-22,quantile,0.65,189.5295257568359
2025-02-08,wk inc flu hosp,2,35,2025-02-22,quantile,0.7,192.30531311035156
2025-02-08,wk inc flu hosp,2,35,2025-02-22,quantile,0.75,193.78276443481445
2025-02-08,wk inc flu hosp,2,35,2025-02-22,quantile,0.8,195.5586700439453
2025-02-08,wk inc flu hosp,2,35,2025-02-22,quantile,0.85,197.97629013061524
2025-02-08,wk inc flu hosp,2,35,2025-02-22,quantile,0.9,201.1997833251953
2025-02-08,wk inc flu hosp,2,35,2025-02-22,quantile,0.95,206.02008361816405
2025-02-08,wk inc flu hosp,2,35,2025-02-22,quantile,0.975,210.1688400268555
2025-02-08,wk inc flu hosp,2,35,2025-02-22,quantile,0.99,212.22531784057617
2025-02-08,wk inc flu hosp,3,35,2025-03-01,quantile,0.01,62.61040580749512
2025-02-08,wk inc flu hosp,3,35,2025-03-01,quantile,0.025,62.9775276184082
2025-02-08,wk inc flu hosp,3,35,2025-03-01,quantile,0.05,70.7974853515625
2025-02-08,wk inc flu hosp,3,35,2025-03-01,quantile,0.1,84.97488861083984
2025-02-08,wk inc flu hosp,3,35,2025-03-01,quantile,0.15,99.98802185058594
2025-02-08,wk inc flu hosp,3,35,2025-03-01,quantile,0.2,113.00138549804689
2025-02-08,wk inc flu hosp,3,35,2025-03-01,quantile,0.25,141.10249710083008
2025-02-08,wk inc flu hosp,3,35,2025-03-01,quantile,0.3,148.638916015625
2025-02-08,wk inc flu hosp,3,35,2025-03-01,quantile,0.35,159.68235778808594
2025-02-08,wk inc flu hosp,3,35,2025-03-01,quantile,0.4,166.30842895507814
2025-02-08,wk inc flu hosp,3,35,2025-03-01,quantile,0.45,170.15871505737306
2025-02-08,wk inc flu hosp,3,35,2025-03-01,quantile,0.5,173.71054077148438
2025-02-08,wk inc flu hosp,3,35,2025-03-01,quantile,0.55,180.6798538208008
2025-02-08,wk inc flu hosp,3,35,2025-03-01,quantile,0.6,185.88817443847657
2025-02-08,wk inc flu hosp,3,35,2025-03-01,quantile,0.65,189.633992767334
2025-02-08,wk inc flu hosp,3,35,2025-03-01,quantile,0.7,192.0068405151367
2025-02-08,wk inc flu hosp,3,35,2025-03-01,quantile,0.75,194.6035614013672
2025-02-08,wk inc flu hosp,3,35,2025-03-01,quantile,0.8,197.051025390625
2025-02-08,wk inc flu hosp,3,35,2025-03-01,quantile,0.85,199.51341705322267
2025-02-08,wk inc flu hosp,3,35,2025-03-01,quantile,0.9,202.72198638916015
2025-02-08,wk inc flu hosp,3,35,2025-03-01,quantile,0.95,208.70633163452143
2025-02-08,wk inc flu hosp,3,35,2025-03-01,quantile,0.975,213.1610130310059
2025-02-08,wk inc flu hosp,3,35,2025-03-01,quantile,0.99,218.79767807006832
2025-02-08,wk inc flu hosp,0,36,2025-02-08,quantile,0.01,2820.6726000976564
2025-02-08,wk inc flu hosp,0,36,2025-02-08,quantile,0.025,2827.8851684570313
2025-02-08,wk inc flu hosp,0,36,2025-02-08,quantile,0.05,2832.5786743164062
2025-02-08,wk inc flu hosp,0,36,2025-02-08,quantile,0.1,2849.332275390625
2025-02-08,wk inc flu hosp,0,36,2025-02-08,quantile,0.15,2870.3637084960938
2025-02-08,wk inc flu hosp,0,36,2025-02-08,quantile,0.2,2882.126806640625
2025-02-08,wk inc flu hosp,0,36,2025-02-08,quantile,0.25,2887.35498046875
2025-02-08,wk inc flu hosp,0,36,2025-02-08,quantile,0.3,2899.2373046875
2025-02-08,wk inc flu hosp,0,36,2025-02-08,quantile,0.35,2908.742919921875
2025-02-08,wk inc flu hosp,0,36,2025-02-08,quantile,0.4,2914.921728515625
2025-02-08,wk inc flu hosp,0,36,2025-02-08,quantile,0.45,2932.507080078125
2025-02-08,wk inc flu hosp,0,36,2025-02-08,quantile,0.5,2939.636474609375
2025-02-08,wk inc flu hosp,0,36,2025-02-08,quantile,0.55,2953.89501953125
2025-02-08,wk inc flu hosp,0,36,2025-02-08,quantile,0.6,2961.024169921875
2025-02-08,wk inc flu hosp,0,36,2025-02-08,quantile,0.65,2971.3616333007812
2025-02-08,wk inc flu hosp,0,36,2025-02-08,quantile,0.7,2978.372119140625
2025-02-08,wk inc flu hosp,0,36,2025-02-08,quantile,0.75,2991.917724609375
2025-02-08,wk inc flu hosp,0,36,2025-02-08,quantile,0.8,3003.7998046875
2025-02-08,wk inc flu hosp,0,36,2025-02-08,quantile,0.85,3022.81103515625
2025-02-08,wk inc flu hosp,0,36,2025-02-08,quantile,0.9,3029.940673828125
2025-02-08,wk inc flu hosp,0,36,2025-02-08,quantile,0.95,3056.4375244140624
2025-02-08,wk inc flu hosp,0,36,2025-02-08,quantile,0.975,3077.7660522460938
2025-02-08,wk inc flu hosp,0,36,2025-02-08,quantile,0.99,3096.646818847656
2025-02-08,wk inc flu hosp,1,36,2025-02-15,quantile,0.01,2765.8725390625
2025-02-08,wk inc flu hosp,1,36,2025-02-15,quantile,0.025,2775.5445068359377
2025-02-08,wk inc flu hosp,1,36,2025-02-15,quantile,0.05,2811.3095703125
2025-02-08,wk inc flu hosp,1,36,2025-02-15,quantile,0.1,2844.3417236328123
2025-02-08,wk inc flu hosp,1,36,2025-02-15,quantile,0.15,2860.8580932617188
2025-02-08,wk inc flu hosp,1,36,2025-02-15,quantile,0.2,2875.472900390625
2025-02-08,wk inc flu hosp,1,36,2025-02-15,quantile,0.25,2884.978759765625
2025-02-08,wk inc flu hosp,1,36,2025-02-15,quantile,0.3,2889.7314453125
2025-02-08,wk inc flu hosp,1,36,2025-02-15,quantile,0.35,2900.781848144531
2025-02-08,wk inc flu hosp,1,36,2025-02-15,quantile,0.4,2923.47685546875
2025-02-08,wk inc flu hosp,1,36,2025-02-15,quantile,0.45,2936.190710449219
2025-02-08,wk inc flu hosp,1,36,2025-02-15,quantile,0.5,2950.3304443359375
2025-02-08,wk inc flu hosp,1,36,2025-02-15,quantile,0.55,2962.093688964844
2025-02-08,wk inc flu hosp,1,36,2025-02-15,quantile,0.6,2971.48046875
2025-02-08,wk inc flu hosp,1,36,2025-02-15,quantile,0.65,2984.788330078125
2025-02-08,wk inc flu hosp,1,36,2025-02-15,quantile,0.7,3001.185693359375
2025-02-08,wk inc flu hosp,1,36,2025-02-15,quantile,0.75,3024.5934448242188
2025-02-08,wk inc flu hosp,1,36,2025-02-15,quantile,0.8,3049.4271484375
2025-02-08,wk inc flu hosp,1,36,2025-02-15,quantile,0.85,3065.9431762695312
2025-02-08,wk inc flu hosp,1,36,2025-02-15,quantile,0.9,3096.9557373046873
2025-02-08,wk inc flu hosp,1,36,2025-02-15,quantile,0.95,3127.611669921875
2025-02-08,wk inc flu hosp,1,36,2025-02-15,quantile,0.975,3184.527020263672
2025-02-08,wk inc flu hosp,1,36,2025-02-15,quantile,0.99,3215.467863769531
2025-02-08,wk inc flu hosp,2,36,2025-02-22,quantile,0.01,2685.3351245117187
2025-02-08,wk inc flu hosp,2,36,2025-02-22,quantile,0.025,2751.126348876953
2025-02-08,wk inc flu hosp,2,36,2025-02-22,quantile,0.05,2770.910400390625
2025-02-08,wk inc flu hosp,2,36,2025-02-22,quantile,0.1,2832.697509765625
2025-02-08,wk inc flu hosp,2,36,2025-02-22,quantile,0.15,2854.0849609375
2025-02-08,wk inc flu hosp,2,36,2025-02-22,quantile,0.2,2868.343505859375
2025-02-08,wk inc flu hosp,2,36,2025-02-22,quantile,0.25,2877.2552490234375
2025-02-08,wk inc flu hosp,2,36,2025-02-22,quantile,0.3,2884.978759765625
2025-02-08,wk inc flu hosp,2,36,2025-02-22,quantile,0.35,2899.2373046875
2025-02-08,wk inc flu hosp,2,36,2025-02-22,quantile,0.4,2910.16865234375
2025-02-08,wk inc flu hosp,2,36,2025-02-22,quantile,0.45,2923.00146484375
2025-02-08,wk inc flu hosp,2,36,2025-02-22,quantile,0.5,2942.012939453125
2025-02-08,wk inc flu hosp,2,36,2025-02-22,quantile,0.55,2962.093688964844
2025-02-08,wk inc flu hosp,2,36,2025-02-22,quantile,0.6,2976.23330078125
2025-02-08,wk inc flu hosp,2,36,2025-02-22,quantile,0.65,2985.620178222656
2025-02-08,wk inc flu hosp,2,36,2025-02-22,quantile,0.7,2995.00712890625
2025-02-08,wk inc flu hosp,2,36,2025-02-22,quantile,0.75,3041.822509765625
2025-02-08,wk inc flu hosp,2,36,2025-02-22,quantile,0.8,3083.1724609375
2025-02-08,wk inc flu hosp,2,36,2025-02-22,quantile,0.85,3110.739013671875
2025-02-08,wk inc flu hosp,2,36,2025-02-22,quantile,0.9,3140.2064453125
2025-02-08,wk inc flu hosp,2,36,2025-02-22,quantile,0.95,3203.5382568359373
2025-02-08,wk inc flu hosp,2,36,2025-02-22,quantile,0.975,3270.672155761719
2025-02-08,wk inc flu hosp,2,36,2025-02-22,quantile,0.99,3319.935549316406
2025-02-08,wk inc flu hosp,3,36,2025-03-01,quantile,0.01,2637.759274902344
2025-02-08,wk inc flu hosp,3,36,2025-03-01,quantile,0.025,2663.9120178222656
2025-02-08,wk inc flu hosp,3,36,2025-03-01,quantile,0.05,2723.3818359375
2025-02-08,wk inc flu hosp,3,36,2025-03-01,quantile,0.1,2808.695458984375
2025-02-08,wk inc flu hosp,3,36,2025-03-01,quantile,0.15,2837.0937255859376
2025-02-08,wk inc flu hosp,3,36,2025-03-01,quantile,0.2,2856.461669921875
2025-02-08,wk inc flu hosp,3,36,2025-03-01,quantile,0.25,2873.096435546875
2025-02-08,wk inc flu hosp,3,36,2025-03-01,quantile,0.3,2880.225830078125
2025-02-08,wk inc flu hosp,3,36,2025-03-01,quantile,0.35,2884.978759765625
2025-02-08,wk inc flu hosp,3,36,2025-03-01,quantile,0.4,2893.5337890625
2025-02-08,wk inc flu hosp,3,36,2025-03-01,quantile,0.45,2912.4263305664062
2025-02-08,wk inc flu hosp,3,36,2025-03-01,quantile,0.5,2942.012939453125
2025-02-08,wk inc flu hosp,3,36,2025-03-01,quantile,0.55,2958.64794921875
2025-02-08,wk inc flu hosp,3,36,2025-03-01,quantile,0.6,2971.48046875
2025-02-08,wk inc flu hosp,3,36,2025-03-01,quantile,0.65,2995.1259521484376
2025-02-08,wk inc flu hosp,3,36,2025-03-01,quantile,0.7,3014.0184326171875
2025-02-08,wk inc flu hosp,3,36,2025-03-01,quantile,0.75,3042.4166870117188
2025-02-08,wk inc flu hosp,3,36,2025-03-01,quantile,0.8,3105.986083984375
2025-02-08,wk inc flu hosp,3,36,2025-03-01,quantile,0.85,3137.2360717773436
2025-02-08,wk inc flu hosp,3,36,2025-03-01,quantile,0.9,3194.1514404296877
2025-02-08,wk inc flu hosp,3,36,2025-03-01,quantile,0.95,3240.135070800781
2025-02-08,wk inc flu hosp,3,36,2025-03-01,quantile,0.975,3380.2846435546876
2025-02-08,wk inc flu hosp,3,36,2025-03-01,quantile,0.99,3453.0151440429686
2025-02-08,wk inc flu hosp,0,37,2025-02-08,quantile,0.01,1880.4697290039064
2025-02-08,wk inc flu hosp,0,37,2025-02-08,quantile,0.025,1935.6126770019532
2025-02-08,wk inc flu hosp,0,37,2025-02-08,quantile,0.05,1979.7176635742187
2025-02-08,wk inc flu hosp,0,37,2025-02-08,quantile,0.1,2071.0198486328127
2025-02-08,wk inc flu hosp,0,37,2025-02-08,quantile,0.15,2144.711669921875
2025-02-08,wk inc flu hosp,0,37,2025-02-08,quantile,0.2,2144.711669921875
2025-02-08,wk inc flu hosp,0,37,2025-02-08,quantile,0.25,2144.711669921875
2025-02-08,wk inc flu hosp,0,37,2025-02-08,quantile,0.3,2144.711669921875
2025-02-08,wk inc flu hosp,0,37,2025-02-08,quantile,0.35,2144.711669921875
2025-02-08,wk inc flu hosp,0,37,2025-02-08,quantile,0.4,2144.711669921875
2025-02-08,wk inc flu hosp,0,37,2025-02-08,quantile,0.45,2144.711669921875
2025-02-08,wk inc flu hosp,0,37,2025-02-08,quantile,0.5,2144.711669921875
2025-02-08,wk inc flu hosp,0,37,2025-02-08,quantile,0.55,2144.711669921875
2025-02-08,wk inc flu hosp,0,37,2025-02-08,quantile,0.6,2144.711669921875
2025-02-08,wk inc flu hosp,0,37,2025-02-08,quantile,0.65,2144.711669921875
2025-02-08,wk inc flu hosp,0,37,2025-02-08,quantile,0.7,2144.711669921875
2025-02-08,wk inc flu hosp,0,37,2025-02-08,quantile,0.75,2144.711669921875
2025-02-08,wk inc flu hosp,0,37,2025-02-08,quantile,0.8,2144.711669921875
2025-02-08,wk inc flu hosp,0,37,2025-02-08,quantile,0.85,2144.711669921875
2025-02-08,wk inc flu hosp,0,37,2025-02-08,quantile,0.9,2144.711669921875
2025-02-08,wk inc flu hosp,0,37,2025-02-08,quantile,0.95,2144.711669921875
2025-02-08,wk inc flu hosp,0,37,2025-02-08,quantile,0.975,2144.711669921875
2025-02-08,wk inc flu hosp,0,37,2025-02-08,quantile,0.99,2144.711669921875
2025-02-08,wk inc flu hosp,1,37,2025-02-15,quantile,0.01,1861.6537341308592
2025-02-08,wk inc flu hosp,1,37,2025-02-15,quantile,0.025,1946.0689880371096
2025-02-08,wk inc flu hosp,1,37,2025-02-15,quantile,0.05,2034.4361083984377
2025-02-08,wk inc flu hosp,1,37,2025-02-15,quantile,0.1,2144.711669921875
2025-02-08,wk inc flu hosp,1,37,2025-02-15,quantile,0.15,2144.711669921875
2025-02-08,wk inc flu hosp,1,37,2025-02-15,quantile,0.2,2144.711669921875
2025-02-08,wk inc flu hosp,1,37,2025-02-15,quantile,0.25,2144.711669921875
2025-02-08,wk inc flu hosp,1,37,2025-02-15,quantile,0.3,2144.711669921875
2025-02-08,wk inc flu hosp,1,37,2025-02-15,quantile,0.35,2144.711669921875
2025-02-08,wk inc flu hosp,1,37,2025-02-15,quantile,0.4,2144.711669921875
2025-02-08,wk inc flu hosp,1,37,2025-02-15,quantile,0.45,2144.711669921875
2025-02-08,wk inc flu hosp,1,37,2025-02-15,quantile,0.5,2144.711669921875
2025-02-08,wk inc flu hosp,1,37,2025-02-15,quantile,0.55,2144.711669921875
2025-02-08,wk inc flu hosp,1,37,2025-02-15,quantile,0.6,2144.711669921875
2025-02-08,wk inc flu hosp,1,37,2025-02-15,quantile,0.65,2144.711669921875
2025-02-08,wk inc flu hosp,1,37,2025-02-15,quantile,0.7,2144.711669921875
2025-02-08,wk inc flu hosp,1,37,2025-02-15,quantile,0.75,2144.711669921875
2025-02-08,wk inc flu hosp,1,37,2025-02-15,quantile,0.8,2144.711669921875
2025-02-08,wk inc flu hosp,1,37,2025-02-15,quantile,0.85,2144.711669921875
2025-02-08,wk inc flu hosp,1,37,2025-02-15,quantile,0.9,2144.711669921875
2025-02-08,wk inc flu hosp,1,37,2025-02-15,quantile,0.95,2144.711669921875
2025-02-08,wk inc flu hosp,1,37,2025-02-15,quantile,0.975,2144.711669921875
2025-02-08,wk inc flu hosp,1,37,2025-02-15,quantile,0.99,2144.711669921875
2025-02-08,wk inc flu hosp,2,37,2025-02-22,quantile,0.01,1871.0355261230468
2025-02-08,wk inc flu hosp,2,37,2025-02-22,quantile,0.025,1883.6197448730468
2025-02-08,wk inc flu hosp,2,37,2025-02-22,quantile,0.05,2064.887683105469
2025-02-08,wk inc flu hosp,2,37,2025-02-22,quantile,0.1,2144.711669921875
2025-02-08,wk inc flu hosp,2,37,2025-02-22,quantile,0.15,2144.711669921875
2025-02-08,wk inc flu hosp,2,37,2025-02-22,quantile,0.2,2144.711669921875
2025-02-08,wk inc flu hosp,2,37,2025-02-22,quantile,0.25,2144.711669921875
2025-02-08,wk inc flu hosp,2,37,2025-02-22,quantile,0.3,2144.711669921875
2025-02-08,wk inc flu hosp,2,37,2025-02-22,quantile,0.35,2144.711669921875
2025-02-08,wk inc flu hosp,2,37,2025-02-22,quantile,0.4,2144.711669921875
2025-02-08,wk inc flu hosp,2,37,2025-02-22,quantile,0.45,2144.711669921875
2025-02-08,wk inc flu hosp,2,37,2025-02-22,quantile,0.5,2144.711669921875
2025-02-08,wk inc flu hosp,2,37,2025-02-22,quantile,0.55,2144.711669921875
2025-02-08,wk inc flu hosp,2,37,2025-02-22,quantile,0.6,2144.711669921875
2025-02-08,wk inc flu hosp,2,37,2025-02-22,quantile,0.65,2144.711669921875
2025-02-08,wk inc flu hosp,2,37,2025-02-22,quantile,0.7,2144.711669921875
2025-02-08,wk inc flu hosp,2,37,2025-02-22,quantile,0.75,2144.711669921875
2025-02-08,wk inc flu hosp,2,37,2025-02-22,quantile,0.8,2144.711669921875
2025-02-08,wk inc flu hosp,2,37,2025-02-22,quantile,0.85,2144.711669921875
2025-02-08,wk inc flu hosp,2,37,2025-02-22,quantile,0.9,2144.711669921875
2025-02-08,wk inc flu hosp,2,37,2025-02-22,quantile,0.95,2144.711669921875
2025-02-08,wk inc flu hosp,2,37,2025-02-22,quantile,0.975,2144.711669921875
2025-02-08,wk inc flu hosp,2,37,2025-02-22,quantile,0.99,2144.711669921875
2025-02-08,wk inc flu hosp,3,37,2025-03-01,quantile,0.01,1883.53064453125
2025-02-08,wk inc flu hosp,3,37,2025-03-01,quantile,0.025,2020.2061614990232
2025-02-08,wk inc flu hosp,3,37,2025-03-01,quantile,0.05,2129.407189941406
2025-02-08,wk inc flu hosp,3,37,2025-03-01,quantile,0.1,2144.711669921875
2025-02-08,wk inc flu hosp,3,37,2025-03-01,quantile,0.15,2144.711669921875
2025-02-08,wk inc flu hosp,3,37,2025-03-01,quantile,0.2,2144.711669921875
2025-02-08,wk inc flu hosp,3,37,2025-03-01,quantile,0.25,2144.711669921875
2025-02-08,wk inc flu hosp,3,37,2025-03-01,quantile,0.3,2144.711669921875
2025-02-08,wk inc flu hosp,3,37,2025-03-01,quantile,0.35,2144.711669921875
2025-02-08,wk inc flu hosp,3,37,2025-03-01,quantile,0.4,2144.711669921875
2025-02-08,wk inc flu hosp,3,37,2025-03-01,quantile,0.45,2144.711669921875
2025-02-08,wk inc flu hosp,3,37,2025-03-01,quantile,0.5,2144.711669921875
2025-02-08,wk inc flu hosp,3,37,2025-03-01,quantile,0.55,2144.711669921875
2025-02-08,wk inc flu hosp,3,37,2025-03-01,quantile,0.6,2144.711669921875
2025-02-08,wk inc flu hosp,3,37,2025-03-01,quantile,0.65,2144.711669921875
2025-02-08,wk inc flu hosp,3,37,2025-03-01,quantile,0.7,2144.711669921875
2025-02-08,wk inc flu hosp,3,37,2025-03-01,quantile,0.75,2144.711669921875
2025-02-08,wk inc flu hosp,3,37,2025-03-01,quantile,0.8,2144.711669921875
2025-02-08,wk inc flu hosp,3,37,2025-03-01,quantile,0.85,2144.711669921875
2025-02-08,wk inc flu hosp,3,37,2025-03-01,quantile,0.9,2144.711669921875
2025-02-08,wk inc flu hosp,3,37,2025-03-01,quantile,0.95,2144.711669921875
2025-02-08,wk inc flu hosp,3,37,2025-03-01,quantile,0.975,2144.711669921875
2025-02-08,wk inc flu hosp,3,37,2025-03-01,quantile,0.99,2144.711669921875
2025-02-08,wk inc flu hosp,0,38,2025-02-08,quantile,0.01,46.00495910644531
2025-02-08,wk inc flu hosp,0,38,2025-02-08,quantile,0.025,51.89535636901856
2025-02-08,wk inc flu hosp,0,38,2025-02-08,quantile,0.05,55.892834472656254
2025-02-08,wk inc flu hosp,0,38,2025-02-08,quantile,0.1,65.80466842651367
2025-02-08,wk inc flu hosp,0,38,2025-02-08,quantile,0.15,67.56978607177734
2025-02-08,wk inc flu hosp,0,38,2025-02-08,quantile,0.2,67.9691390991211
2025-02-08,wk inc flu hosp,0,38,2025-02-08,quantile,0.25,68.92757415771484
2025-02-08,wk inc flu hosp,0,38,2025-02-08,quantile,0.3,69.96588134765625
2025-02-08,wk inc flu hosp,0,38,2025-02-08,quantile,0.35,75.8762435913086
2025-02-08,wk inc flu hosp,0,38,2025-02-08,quantile,0.4,76.03598022460938
2025-02-08,wk inc flu hosp,0,38,2025-02-08,quantile,0.45,79.94960021972656
2025-02-08,wk inc flu hosp,0,38,2025-02-08,quantile,0.5,84.3424301147461
2025-02-08,wk inc flu hosp,0,38,2025-02-08,quantile,0.55,87.84072685241699
2025-02-08,wk inc flu hosp,0,38,2025-02-08,quantile,0.6,89.93331146240234
2025-02-08,wk inc flu hosp,0,38,2025-02-08,quantile,0.65,91.58661117553712
2025-02-08,wk inc flu hosp,0,38,2025-02-08,quantile,0.7,92.16966247558594
2025-02-08,wk inc flu hosp,0,38,2025-02-08,quantile,0.75,93.78702926635742
2025-02-08,wk inc flu hosp,0,38,2025-02-08,quantile,0.8,163.41346740722656
2025-02-08,wk inc flu hosp,0,38,2025-02-08,quantile,0.85,163.41346740722656
2025-02-08,wk inc flu hosp,0,38,2025-02-08,quantile,0.9,163.41346740722656
2025-02-08,wk inc flu hosp,0,38,2025-02-08,quantile,0.95,163.41346740722656
2025-02-08,wk inc flu hosp,0,38,2025-02-08,quantile,0.975,163.41346740722656
2025-02-08,wk inc flu hosp,0,38,2025-02-08,quantile,0.99,163.41346740722656
2025-02-08,wk inc flu hosp,1,38,2025-02-15,quantile,0.01,34.89348659515381
2025-02-08,wk inc flu hosp,1,38,2025-02-15,quantile,0.025,38.950467586517334
2025-02-08,wk inc flu hosp,1,38,2025-02-15,quantile,0.05,45.957037353515624
2025-02-08,wk inc flu hosp,1,38,2025-02-15,quantile,0.1,56.14841842651367
2025-02-08,wk inc flu hosp,1,38,2025-02-15,quantile,0.15,64.47484035491942
2025-02-08,wk inc flu hosp,1,38,2025-02-15,quantile,0.2,66.40369262695313
2025-02-08,wk inc flu hosp,1,38,2025-02-15,quantile,0.25,67.9691390991211
2025-02-08,wk inc flu hosp,1,38,2025-02-15,quantile,0.3,69.14322357177734
2025-02-08,wk inc flu hosp,1,38,2025-02-15,quantile,0.35,70.12561798095703
2025-02-08,wk inc flu hosp,1,38,2025-02-15,quantile,0.4,73.5280715942383
2025-02-08,wk inc flu hosp,1,38,2025-02-15,quantile,0.45,75.96409873962402
2025-02-08,wk inc flu hosp,1,38,2025-02-15,quantile,0.5,77.7132453918457
2025-02-08,wk inc flu hosp,1,38,2025-02-15,quantile,0.55,78.10460395812989
2025-02-08,wk inc flu hosp,1,38,2025-02-15,quantile,0.6,83.89516143798828
2025-02-08,wk inc flu hosp,1,38,2025-02-15,quantile,0.65,87.69696044921875
2025-02-08,wk inc flu hosp,1,38,2025-02-15,quantile,0.7,90.03714294433594
2025-02-08,wk inc flu hosp,1,38,2025-02-15,quantile,0.75,93.06820106506348
2025-02-08,wk inc flu hosp,1,38,2025-02-15,quantile,0.8,163.41346740722656
2025-02-08,wk inc flu hosp,1,38,2025-02-15,quantile,0.85,163.41346740722656
2025-02-08,wk inc flu hosp,1,38,2025-02-15,quantile,0.9,163.41346740722656
2025-02-08,wk inc flu hosp,1,38,2025-02-15,quantile,0.95,163.41346740722656
2025-02-08,wk inc flu hosp,1,38,2025-02-15,quantile,0.975,163.41346740722656
2025-02-08,wk inc flu hosp,1,38,2025-02-15,quantile,0.99,163.41346740722656
2025-02-08,wk inc flu hosp,2,38,2025-02-22,quantile,0.01,19.93788022994995
2025-02-08,wk inc flu hosp,2,38,2025-02-22,quantile,0.025,26.011575078964235
2025-02-08,wk inc flu hosp,2,38,2025-02-22,quantile,0.05,29.93118009567261
2025-02-08,wk inc flu hosp,2,38,2025-02-22,quantile,0.1,46.516130447387695
2025-02-08,wk inc flu hosp,2,38,2025-02-22,quantile,0.15,54.20758399963379
2025-02-08,wk inc flu hosp,2,38,2025-02-22,quantile,0.2,59.023729705810545
2025-02-08,wk inc flu hosp,2,38,2025-02-22,quantile,0.25,60.58118724822998
2025-02-08,wk inc flu hosp,2,38,2025-02-22,quantile,0.3,65.97239685058594
2025-02-08,wk inc flu hosp,2,38,2025-02-22,quantile,0.35,67.88926696777344
2025-02-08,wk inc flu hosp,2,38,2025-02-22,quantile,0.4,69.0074462890625
2025-02-08,wk inc flu hosp,2,38,2025-02-22,quantile,0.45,70.08967895507813
2025-02-08,wk inc flu hosp,2,38,2025-02-22,quantile,0.5,72.68144989013672
2025-02-08,wk inc flu hosp,2,38,2025-02-22,quantile,0.55,75.99205055236817
2025-02-08,wk inc flu hosp,2,38,2025-02-22,quantile,0.6,78.03272247314453
2025-02-08,wk inc flu hosp,2,38,2025-02-22,quantile,0.65,82.30575561523436
2025-02-08,wk inc flu hosp,2,38,2025-02-22,quantile,0.7,88.0963134765625
2025-02-08,wk inc flu hosp,2,38,2025-02-22,quantile,0.75,93.20796966552734
2025-02-08,wk inc flu hosp,2,38,2025-02-22,quantile,0.8,163.41346740722656
2025-02-08,wk inc flu hosp,2,38,2025-02-22,quantile,0.85,163.41346740722656
2025-02-08,wk inc flu hosp,2,38,2025-02-22,quantile,0.9,163.41346740722656
2025-02-08,wk inc flu hosp,2,38,2025-02-22,quantile,0.95,163.41346740722656
2025-02-08,wk inc flu hosp,2,38,2025-02-22,quantile,0.975,163.41346740722656
2025-02-08,wk inc flu hosp,2,38,2025-02-22,quantile,0.99,163.41346740722656
2025-02-08,wk inc flu hosp,3,38,2025-03-01,quantile,0.01,9.97413164138794
2025-02-08,wk inc flu hosp,3,38,2025-03-01,quantile,0.025,15.015508651733398
2025-02-08,wk inc flu hosp,3,38,2025-03-01,quantile,0.05,18.85724258422852
2025-02-08,wk inc flu hosp,3,38,2025-03-01,quantile,0.1,37.64260368347168
2025-02-08,wk inc flu hosp,3,38,2025-03-01,quantile,0.15,45.84921360015869
2025-02-08,wk inc flu hosp,3,38,2025-03-01,quantile,0.2,53.97596206665039
2025-02-08,wk inc flu hosp,3,38,2025-03-01,quantile,0.25,59.90229415893555
2025-02-08,wk inc flu hosp,3,38,2025-03-01,quantile,0.3,59.9821662902832
2025-02-08,wk inc flu hosp,3,38,2025-03-01,quantile,0.35,63.891791534423824
2025-02-08,wk inc flu hosp,3,38,2025-03-01,quantile,0.4,66.02031555175782
2025-02-08,wk inc flu hosp,3,38,2025-03-01,quantile,0.45,67.9691390991211
2025-02-08,wk inc flu hosp,3,38,2025-03-01,quantile,0.5,69.0074462890625
2025-02-08,wk inc flu hosp,3,38,2025-03-01,quantile,0.55,70.12561798095703
2025-02-08,wk inc flu hosp,3,38,2025-03-01,quantile,0.6,72.44184112548828
2025-02-08,wk inc flu hosp,3,38,2025-03-01,quantile,0.65,77.71724014282226
2025-02-08,wk inc flu hosp,3,38,2025-03-01,quantile,0.7,85.10119705200192
2025-02-08,wk inc flu hosp,3,38,2025-03-01,quantile,0.75,92.28946495056152
2025-02-08,wk inc flu hosp,3,38,2025-03-01,quantile,0.8,163.41346740722656
2025-02-08,wk inc flu hosp,3,38,2025-03-01,quantile,0.85,163.41346740722656
2025-02-08,wk inc flu hosp,3,38,2025-03-01,quantile,0.9,163.41346740722656
2025-02-08,wk inc flu hosp,3,38,2025-03-01,quantile,0.95,163.41346740722656
2025-02-08,wk inc flu hosp,3,38,2025-03-01,quantile,0.975,163.41346740722656
2025-02-08,wk inc flu hosp,3,38,2025-03-01,quantile,0.99,163.41346740722656
2025-02-08,wk inc flu hosp,0,39,2025-02-08,quantile,0.01,2420.53564453125
2025-02-08,wk inc flu hosp,0,39,2025-02-08,quantile,0.025,2459.26416015625
2025-02-08,wk inc flu hosp,0,39,2025-02-08,quantile,0.05,2529.598181152344
2025-02-08,wk inc flu hosp,0,39,2025-02-08,quantile,0.1,2574.48173828125
2025-02-08,wk inc flu hosp,0,39,2025-02-08,quantile,0.15,2684.719970703125
2025-02-08,wk inc flu hosp,0,39,2025-02-08,quantile,0.2,2829.951904296875
2025-02-08,wk inc flu hosp,0,39,2025-02-08,quantile,0.25,2829.951904296875
2025-02-08,wk inc flu hosp,0,39,2025-02-08,quantile,0.3,2829.951904296875
2025-02-08,wk inc flu hosp,0,39,2025-02-08,quantile,0.35,2829.951904296875
2025-02-08,wk inc flu hosp,0,39,2025-02-08,quantile,0.4,2829.951904296875
2025-02-08,wk inc flu hosp,0,39,2025-02-08,quantile,0.45,2829.951904296875
2025-02-08,wk inc flu hosp,0,39,2025-02-08,quantile,0.5,2829.951904296875
2025-02-08,wk inc flu hosp,0,39,2025-02-08,quantile,0.55,2829.951904296875
2025-02-08,wk inc flu hosp,0,39,2025-02-08,quantile,0.6,2829.951904296875
2025-02-08,wk inc flu hosp,0,39,2025-02-08,quantile,0.65,2829.951904296875
2025-02-08,wk inc flu hosp,0,39,2025-02-08,quantile,0.7,2829.951904296875
2025-02-08,wk inc flu hosp,0,39,2025-02-08,quantile,0.75,2829.951904296875
2025-02-08,wk inc flu hosp,0,39,2025-02-08,quantile,0.8,2829.951904296875
2025-02-08,wk inc flu hosp,0,39,2025-02-08,quantile,0.85,2829.951904296875
2025-02-08,wk inc flu hosp,0,39,2025-02-08,quantile,0.9,2829.951904296875
2025-02-08,wk inc flu hosp,0,39,2025-02-08,quantile,0.95,2829.951904296875
2025-02-08,wk inc flu hosp,0,39,2025-02-08,quantile,0.975,2829.951904296875
2025-02-08,wk inc flu hosp,0,39,2025-02-08,quantile,0.99,2829.951904296875
2025-02-08,wk inc flu hosp,1,39,2025-02-15,quantile,0.01,2326.397510986328
2025-02-08,wk inc flu hosp,1,39,2025-02-15,quantile,0.025,2472.473522949219
2025-02-08,wk inc flu hosp,1,39,2025-02-15,quantile,0.05,2581.4666748046875
2025-02-08,wk inc flu hosp,1,39,2025-02-15,quantile,0.1,2680.43212890625
2025-02-08,wk inc flu hosp,1,39,2025-02-15,quantile,0.15,2829.951904296875
2025-02-08,wk inc flu hosp,1,39,2025-02-15,quantile,0.2,2829.951904296875
2025-02-08,wk inc flu hosp,1,39,2025-02-15,quantile,0.25,2829.951904296875
2025-02-08,wk inc flu hosp,1,39,2025-02-15,quantile,0.3,2829.951904296875
2025-02-08,wk inc flu hosp,1,39,2025-02-15,quantile,0.35,2829.951904296875
2025-02-08,wk inc flu hosp,1,39,2025-02-15,quantile,0.4,2829.951904296875
2025-02-08,wk inc flu hosp,1,39,2025-02-15,quantile,0.45,2829.951904296875
2025-02-08,wk inc flu hosp,1,39,2025-02-15,quantile,0.5,2829.951904296875
2025-02-08,wk inc flu hosp,1,39,2025-02-15,quantile,0.55,2829.951904296875
2025-02-08,wk inc flu hosp,1,39,2025-02-15,quantile,0.6,2829.951904296875
2025-02-08,wk inc flu hosp,1,39,2025-02-15,quantile,0.65,2829.951904296875
2025-02-08,wk inc flu hosp,1,39,2025-02-15,quantile,0.7,2829.951904296875
2025-02-08,wk inc flu hosp,1,39,2025-02-15,quantile,0.75,2829.951904296875
2025-02-08,wk inc flu hosp,1,39,2025-02-15,quantile,0.8,2829.951904296875
2025-02-08,wk inc flu hosp,1,39,2025-02-15,quantile,0.85,2829.951904296875
2025-02-08,wk inc flu hosp,1,39,2025-02-15,quantile,0.9,2829.951904296875
2025-02-08,wk inc flu hosp,1,39,2025-02-15,quantile,0.95,2829.951904296875
2025-02-08,wk inc flu hosp,1,39,2025-02-15,quantile,0.975,2829.951904296875
2025-02-08,wk inc flu hosp,1,39,2025-02-15,quantile,0.99,2829.951904296875
2025-02-08,wk inc flu hosp,2,39,2025-02-22,quantile,0.01,2501.6305639648435
2025-02-08,wk inc flu hosp,2,39,2025-02-22,quantile,0.025,2568.0500732421874
2025-02-08,wk inc flu hosp,2,39,2025-02-22,quantile,0.05,2665.8397216796875
2025-02-08,wk inc flu hosp,2,39,2025-02-22,quantile,0.1,2807.4064697265626
2025-02-08,wk inc flu hosp,2,39,2025-02-22,quantile,0.15,2829.951904296875
2025-02-08,wk inc flu hosp,2,39,2025-02-22,quantile,0.2,2829.951904296875
2025-02-08,wk inc flu hosp,2,39,2025-02-22,quantile,0.25,2829.951904296875
2025-02-08,wk inc flu hosp,2,39,2025-02-22,quantile,0.3,2829.951904296875
2025-02-08,wk inc flu hosp,2,39,2025-02-22,quantile,0.35,2829.951904296875
2025-02-08,wk inc flu hosp,2,39,2025-02-22,quantile,0.4,2829.951904296875
2025-02-08,wk inc flu hosp,2,39,2025-02-22,quantile,0.45,2829.951904296875
2025-02-08,wk inc flu hosp,2,39,2025-02-22,quantile,0.5,2829.951904296875
2025-02-08,wk inc flu hosp,2,39,2025-02-22,quantile,0.55,2829.951904296875
2025-02-08,wk inc flu hosp,2,39,2025-02-22,quantile,0.6,2829.951904296875
2025-02-08,wk inc flu hosp,2,39,2025-02-22,quantile,0.65,2829.951904296875
2025-02-08,wk inc flu hosp,2,39,2025-02-22,quantile,0.7,2829.951904296875
2025-02-08,wk inc flu hosp,2,39,2025-02-22,quantile,0.75,2829.951904296875
2025-02-08,wk inc flu hosp,2,39,2025-02-22,quantile,0.8,2829.951904296875
2025-02-08,wk inc flu hosp,2,39,2025-02-22,quantile,0.85,2829.951904296875
2025-02-08,wk inc flu hosp,2,39,2025-02-22,quantile,0.9,2829.951904296875
2025-02-08,wk inc flu hosp,2,39,2025-02-22,quantile,0.95,2829.951904296875
2025-02-08,wk inc flu hosp,2,39,2025-02-22,quantile,0.975,2829.951904296875
2025-02-08,wk inc flu hosp,2,39,2025-02-22,quantile,0.99,2829.951904296875
2025-02-08,wk inc flu hosp,3,39,2025-03-01,quantile,0.01,2490.7175244140626
2025-02-08,wk inc flu hosp,3,39,2025-03-01,quantile,0.025,2603.9430725097654
2025-02-08,wk inc flu hosp,3,39,2025-03-01,quantile,0.05,2702.2168212890624
2025-02-08,wk inc flu hosp,3,39,2025-03-01,quantile,0.1,2829.951904296875
2025-02-08,wk inc flu hosp,3,39,2025-03-01,quantile,0.15,2829.951904296875
2025-02-08,wk inc flu hosp,3,39,2025-03-01,quantile,0.2,2829.951904296875
2025-02-08,wk inc flu hosp,3,39,2025-03-01,quantile,0.25,2829.951904296875
2025-02-08,wk inc flu hosp,3,39,2025-03-01,quantile,0.3,2829.951904296875
2025-02-08,wk inc flu hosp,3,39,2025-03-01,quantile,0.35,2829.951904296875
2025-02-08,wk inc flu hosp,3,39,2025-03-01,quantile,0.4,2829.951904296875
2025-02-08,wk inc flu hosp,3,39,2025-03-01,quantile,0.45,2829.951904296875
2025-02-08,wk inc flu hosp,3,39,2025-03-01,quantile,0.5,2829.951904296875
2025-02-08,wk inc flu hosp,3,39,2025-03-01,quantile,0.55,2829.951904296875
2025-02-08,wk inc flu hosp,3,39,2025-03-01,quantile,0.6,2829.951904296875
2025-02-08,wk inc flu hosp,3,39,2025-03-01,quantile,0.65,2829.951904296875
2025-02-08,wk inc flu hosp,3,39,2025-03-01,quantile,0.7,2829.951904296875
2025-02-08,wk inc flu hosp,3,39,2025-03-01,quantile,0.75,2829.951904296875
2025-02-08,wk inc flu hosp,3,39,2025-03-01,quantile,0.8,2829.951904296875
2025-02-08,wk inc flu hosp,3,39,2025-03-01,quantile,0.85,2829.951904296875
2025-02-08,wk inc flu hosp,3,39,2025-03-01,quantile,0.9,2829.951904296875
2025-02-08,wk inc flu hosp,3,39,2025-03-01,quantile,0.95,2829.951904296875
2025-02-08,wk inc flu hosp,3,39,2025-03-01,quantile,0.975,2829.951904296875
2025-02-08,wk inc flu hosp,3,39,2025-03-01,quantile,0.99,2829.951904296875
2025-02-08,wk inc flu hosp,0,40,2025-02-08,quantile,0.01,837.5251403808594
2025-02-08,wk inc flu hosp,0,40,2025-02-08,quantile,0.025,1036.239241027832
2025-02-08,wk inc flu hosp,0,40,2025-02-08,quantile,0.05,1113.1468505859375
2025-02-08,wk inc flu hosp,0,40,2025-02-08,quantile,0.1,1147.9327392578125
2025-02-08,wk inc flu hosp,0,40,2025-02-08,quantile,0.15,1147.9327392578125
2025-02-08,wk inc flu hosp,0,40,2025-02-08,quantile,0.2,1147.9327392578125
2025-02-08,wk inc flu hosp,0,40,2025-02-08,quantile,0.25,1147.9327392578125
2025-02-08,wk inc flu hosp,0,40,2025-02-08,quantile,0.3,1147.9327392578125
2025-02-08,wk inc flu hosp,0,40,2025-02-08,quantile,0.35,1147.9327392578125
2025-02-08,wk inc flu hosp,0,40,2025-02-08,quantile,0.4,1147.9327392578125
2025-02-08,wk inc flu hosp,0,40,2025-02-08,quantile,0.45,1147.9327392578125
2025-02-08,wk inc flu hosp,0,40,2025-02-08,quantile,0.5,1147.9327392578125
2025-02-08,wk inc flu hosp,0,40,2025-02-08,quantile,0.55,1147.9327392578125
2025-02-08,wk inc flu hosp,0,40,2025-02-08,quantile,0.6,1147.9327392578125
2025-02-08,wk inc flu hosp,0,40,2025-02-08,quantile,0.65,1147.9327392578125
2025-02-08,wk inc flu hosp,0,40,2025-02-08,quantile,0.7,1147.9327392578125
2025-02-08,wk inc flu hosp,0,40,2025-02-08,quantile,0.75,1147.9327392578125
2025-02-08,wk inc flu hosp,0,40,2025-02-08,quantile,0.8,1147.9327392578125
2025-02-08,wk inc flu hosp,0,40,2025-02-08,quantile,0.85,1147.9327392578125
2025-02-08,wk inc flu hosp,0,40,2025-02-08,quantile,0.9,1147.9327392578125
2025-02-08,wk inc flu hosp,0,40,2025-02-08,quantile,0.95,1147.9327392578125
2025-02-08,wk inc flu hosp,0,40,2025-02-08,quantile,0.975,1147.9327392578125
2025-02-08,wk inc flu hosp,0,40,2025-02-08,quantile,0.99,1147.9327392578125
2025-02-08,wk inc flu hosp,1,40,2025-02-15,quantile,0.01,758.7015747070312
2025-02-08,wk inc flu hosp,1,40,2025-02-15,quantile,0.025,1070.7305969238282
2025-02-08,wk inc flu hosp,1,40,2025-02-15,quantile,0.05,1147.9327392578125
2025-02-08,wk inc flu hosp,1,40,2025-02-15,quantile,0.1,1147.9327392578125
2025-02-08,wk inc flu hosp,1,40,2025-02-15,quantile,0.15,1147.9327392578125
2025-02-08,wk inc flu hosp,1,40,2025-02-15,quantile,0.2,1147.9327392578125
2025-02-08,wk inc flu hosp,1,40,2025-02-15,quantile,0.25,1147.9327392578125
2025-02-08,wk inc flu hosp,1,40,2025-02-15,quantile,0.3,1147.9327392578125
2025-02-08,wk inc flu hosp,1,40,2025-02-15,quantile,0.35,1147.9327392578125
2025-02-08,wk inc flu hosp,1,40,2025-02-15,quantile,0.4,1147.9327392578125
2025-02-08,wk inc flu hosp,1,40,2025-02-15,quantile,0.45,1147.9327392578125
2025-02-08,wk inc flu hosp,1,40,2025-02-15,quantile,0.5,1147.9327392578125
2025-02-08,wk inc flu hosp,1,40,2025-02-15,quantile,0.55,1147.9327392578125
2025-02-08,wk inc flu hosp,1,40,2025-02-15,quantile,0.6,1147.9327392578125
2025-02-08,wk inc flu hosp,1,40,2025-02-15,quantile,0.65,1147.9327392578125
2025-02-08,wk inc flu hosp,1,40,2025-02-15,quantile,0.7,1147.9327392578125
2025-02-08,wk inc flu hosp,1,40,2025-02-15,quantile,0.75,1147.9327392578125
2025-02-08,wk inc flu hosp,1,40,2025-02-15,quantile,0.8,1147.9327392578125
2025-02-08,wk inc flu hosp,1,40,2025-02-15,quantile,0.85,1147.9327392578125
2025-02-08,wk inc flu hosp,1,40,2025-02-15,quantile,0.9,1147.9327392578125
2025-02-08,wk inc flu hosp,1,40,2025-02-15,quantile,0.95,1147.9327392578125
2025-02-08,wk inc flu hosp,1,40,2025-02-15,quantile,0.975,1147.9327392578125
2025-02-08,wk inc flu hosp,1,40,2025-02-15,quantile,0.99,1147.9327392578125
2025-02-08,wk inc flu hosp,2,40,2025-02-22,quantile,0.01,706.8763055419922
2025-02-08,wk inc flu hosp,2,40,2025-02-22,quantile,0.025,1134.8740158081057
2025-02-08,wk inc flu hosp,2,40,2025-02-22,quantile,0.05,1147.9327392578125
2025-02-08,wk inc flu hosp,2,40,2025-02-22,quantile,0.1,1147.9327392578125
2025-02-08,wk inc flu hosp,2,40,2025-02-22,quantile,0.15,1147.9327392578125
2025-02-08,wk inc flu hosp,2,40,2025-02-22,quantile,0.2,1147.9327392578125
2025-02-08,wk inc flu hosp,2,40,2025-02-22,quantile,0.25,1147.9327392578125
2025-02-08,wk inc flu hosp,2,40,2025-02-22,quantile,0.3,1147.9327392578125
2025-02-08,wk inc flu hosp,2,40,2025-02-22,quantile,0.35,1147.9327392578125
2025-02-08,wk inc flu hosp,2,40,2025-02-22,quantile,0.4,1147.9327392578125
2025-02-08,wk inc flu hosp,2,40,2025-02-22,quantile,0.45,1147.9327392578125
2025-02-08,wk inc flu hosp,2,40,2025-02-22,quantile,0.5,1147.9327392578125
2025-02-08,wk inc flu hosp,2,40,2025-02-22,quantile,0.55,1147.9327392578125
2025-02-08,wk inc flu hosp,2,40,2025-02-22,quantile,0.6,1147.9327392578125
2025-02-08,wk inc flu hosp,2,40,2025-02-22,quantile,0.65,1147.9327392578125
2025-02-08,wk inc flu hosp,2,40,2025-02-22,quantile,0.7,1147.9327392578125
2025-02-08,wk inc flu hosp,2,40,2025-02-22,quantile,0.75,1147.9327392578125
2025-02-08,wk inc flu hosp,2,40,2025-02-22,quantile,0.8,1147.9327392578125
2025-02-08,wk inc flu hosp,2,40,2025-02-22,quantile,0.85,1147.9327392578125
2025-02-08,wk inc flu hosp,2,40,2025-02-22,quantile,0.9,1147.9327392578125
2025-02-08,wk inc flu hosp,2,40,2025-02-22,quantile,0.95,1147.9327392578125
2025-02-08,wk inc flu hosp,2,40,2025-02-22,quantile,0.975,1147.9327392578125
2025-02-08,wk inc flu hosp,2,40,2025-02-22,quantile,0.99,1147.9327392578125
2025-02-08,wk inc flu hosp,3,40,2025-03-01,quantile,0.01,627.3850689697266
2025-02-08,wk inc flu hosp,3,40,2025-03-01,quantile,0.025,1129.095101928711
2025-02-08,wk inc flu hosp,3,40,2025-03-01,quantile,0.05,1147.9327392578125
2025-02-08,wk inc flu hosp,3,40,2025-03-01,quantile,0.1,1147.9327392578125
2025-02-08,wk inc flu hosp,3,40,2025-03-01,quantile,0.15,1147.9327392578125
2025-02-08,wk inc flu hosp,3,40,2025-03-01,quantile,0.2,1147.9327392578125
2025-02-08,wk inc flu hosp,3,40,2025-03-01,quantile,0.25,1147.9327392578125
2025-02-08,wk inc flu hosp,3,40,2025-03-01,quantile,0.3,1147.9327392578125
2025-02-08,wk inc flu hosp,3,40,2025-03-01,quantile,0.35,1147.9327392578125
2025-02-08,wk inc flu hosp,3,40,2025-03-01,quantile,0.4,1147.9327392578125
2025-02-08,wk inc flu hosp,3,40,2025-03-01,quantile,0.45,1147.9327392578125
2025-02-08,wk inc flu hosp,3,40,2025-03-01,quantile,0.5,1147.9327392578125
2025-02-08,wk inc flu hosp,3,40,2025-03-01,quantile,0.55,1147.9327392578125
2025-02-08,wk inc flu hosp,3,40,2025-03-01,quantile,0.6,1147.9327392578125
2025-02-08,wk inc flu hosp,3,40,2025-03-01,quantile,0.65,1147.9327392578125
2025-02-08,wk inc flu hosp,3,40,2025-03-01,quantile,0.7,1147.9327392578125
2025-02-08,wk inc flu hosp,3,40,2025-03-01,quantile,0.75,1147.9327392578125
2025-02-08,wk inc flu hosp,3,40,2025-03-01,quantile,0.8,1147.9327392578125
2025-02-08,wk inc flu hosp,3,40,2025-03-01,quantile,0.85,1147.9327392578125
2025-02-08,wk inc flu hosp,3,40,2025-03-01,quantile,0.9,1147.9327392578125
2025-02-08,wk inc flu hosp,3,40,2025-03-01,quantile,0.95,1147.9327392578125
2025-02-08,wk inc flu hosp,3,40,2025-03-01,quantile,0.975,1147.9327392578125
2025-02-08,wk inc flu hosp,3,40,2025-03-01,quantile,0.99,1147.9327392578125
2025-02-08,wk inc flu hosp,0,41,2025-02-08,quantile,0.01,417.928459777832
2025-02-08,wk inc flu hosp,0,41,2025-02-08,quantile,0.025,419.0978843688965
2025-02-08,wk inc flu hosp,0,41,2025-02-08,quantile,0.05,426.0291534423829
2025-02-08,wk inc flu hosp,0,41,2025-02-08,quantile,0.1,434.6623138427734
2025-02-08,wk inc flu hosp,0,41,2025-02-08,quantile,0.15,442.1355010986328
2025-02-08,wk inc flu hosp,0,41,2025-02-08,quantile,0.2,447.2507629394531
2025-02-08,wk inc flu hosp,0,41,2025-02-08,quantile,0.25,454.09639739990234
2025-02-08,wk inc flu hosp,0,41,2025-02-08,quantile,0.3,464.7452392578125
2025-02-08,wk inc flu hosp,0,41,2025-02-08,quantile,0.35,474.8806442260742
2025-02-08,wk inc flu hosp,0,41,2025-02-08,quantile,0.4,481.7072998046875
2025-02-08,wk inc flu hosp,0,41,2025-02-08,quantile,0.45,496.5205886840821
2025-02-08,wk inc flu hosp,0,41,2025-02-08,quantile,0.5,512.28466796875
2025-02-08,wk inc flu hosp,0,41,2025-02-08,quantile,0.55,540.8272705078125
2025-02-08,wk inc flu hosp,0,41,2025-02-08,quantile,0.6,778.125
2025-02-08,wk inc flu hosp,0,41,2025-02-08,quantile,0.65,778.125
2025-02-08,wk inc flu hosp,0,41,2025-02-08,quantile,0.7,778.125
2025-02-08,wk inc flu hosp,0,41,2025-02-08,quantile,0.75,778.125
2025-02-08,wk inc flu hosp,0,41,2025-02-08,quantile,0.8,778.125
2025-02-08,wk inc flu hosp,0,41,2025-02-08,quantile,0.85,778.125
2025-02-08,wk inc flu hosp,0,41,2025-02-08,quantile,0.9,778.125
2025-02-08,wk inc flu hosp,0,41,2025-02-08,quantile,0.95,778.125
2025-02-08,wk inc flu hosp,0,41,2025-02-08,quantile,0.975,778.125
2025-02-08,wk inc flu hosp,0,41,2025-02-08,quantile,0.99,778.125
2025-02-08,wk inc flu hosp,1,41,2025-02-15,quantile,0.01,391.914853515625
2025-02-08,wk inc flu hosp,1,41,2025-02-15,quantile,0.025,399.3024703979492
2025-02-08,wk inc flu hosp,1,41,2025-02-15,quantile,0.05,404.92164306640626
2025-02-08,wk inc flu hosp,1,41,2025-02-15,quantile,0.1,411.42503662109374
2025-02-08,wk inc flu hosp,1,41,2025-02-15,quantile,0.15,420.2483825683594
2025-02-08,wk inc flu hosp,1,41,2025-02-15,quantile,0.2,427.32220458984375
2025-02-08,wk inc flu hosp,1,41,2025-02-15,quantile,0.25,431.4676513671875
2025-02-08,wk inc flu hosp,1,41,2025-02-15,quantile,0.3,452.9934967041015
2025-02-08,wk inc flu hosp,1,41,2025-02-15,quantile,0.35,469.0047622680664
2025-02-08,wk inc flu hosp,1,41,2025-02-15,quantile,0.4,477.98020019531253
2025-02-08,wk inc flu hosp,1,41,2025-02-15,quantile,0.45,496.38746337890626
2025-02-08,wk inc flu hosp,1,41,2025-02-15,quantile,0.5,518.559814453125
2025-02-08,wk inc flu hosp,1,41,2025-02-15,quantile,0.55,554.5756896972656
2025-02-08,wk inc flu hosp,1,41,2025-02-15,quantile,0.6,778.125
2025-02-08,wk inc flu hosp,1,41,2025-02-15,quantile,0.65,778.125
2025-02-08,wk inc flu hosp,1,41,2025-02-15,quantile,0.7,778.125
2025-02-08,wk inc flu hosp,1,41,2025-02-15,quantile,0.75,778.125
2025-02-08,wk inc flu hosp,1,41,2025-02-15,quantile,0.8,778.125
2025-02-08,wk inc flu hosp,1,41,2025-02-15,quantile,0.85,778.125
2025-02-08,wk inc flu hosp,1,41,2025-02-15,quantile,0.9,778.125
2025-02-08,wk inc flu hosp,1,41,2025-02-15,quantile,0.95,778.125
2025-02-08,wk inc flu hosp,1,41,2025-02-15,quantile,0.975,778.125
2025-02-08,wk inc flu hosp,1,41,2025-02-15,quantile,0.99,778.125
2025-02-08,wk inc flu hosp,2,41,2025-02-22,quantile,0.01,354.70102661132813
2025-02-08,wk inc flu hosp,2,41,2025-02-22,quantile,0.025,362.4214141845703
2025-02-08,wk inc flu hosp,2,41,2025-02-22,quantile,0.05,376.321955871582
2025-02-08,wk inc flu hosp,2,41,2025-02-22,quantile,0.1,387.122885131836
2025-02-08,wk inc flu hosp,2,41,2025-02-22,quantile,0.15,401.9361740112305
2025-02-08,wk inc flu hosp,2,41,2025-02-22,quantile,0.2,407.469775390625
2025-02-08,wk inc flu hosp,2,41,2025-02-22,quantile,0.25,422.2450256347656
2025-02-08,wk inc flu hosp,2,41,2025-02-22,quantile,0.3,434.58624572753905
2025-02-08,wk inc flu hosp,2,41,2025-02-22,quantile,0.35,465.7530609130859
2025-02-08,wk inc flu hosp,2,41,2025-02-22,quantile,0.4,473.3403564453125
2025-02-08,wk inc flu hosp,2,41,2025-02-22,quantile,0.45,496.80580444335936
2025-02-08,wk inc flu hosp,2,41,2025-02-22,quantile,0.5,518.1795349121094
2025-02-08,wk inc flu hosp,2,41,2025-02-22,quantile,0.55,572.1652801513671
2025-02-08,wk inc flu hosp,2,41,2025-02-22,quantile,0.6,778.125
2025-02-08,wk inc flu hosp,2,41,2025-02-22,quantile,0.65,778.125
2025-02-08,wk inc flu hosp,2,41,2025-02-22,quantile,0.7,778.125
2025-02-08,wk inc flu hosp,2,41,2025-02-22,quantile,0.75,778.125
2025-02-08,wk inc flu hosp,2,41,2025-02-22,quantile,0.8,778.125
2025-02-08,wk inc flu hosp,2,41,2025-02-22,quantile,0.85,778.125
2025-02-08,wk inc flu hosp,2,41,2025-02-22,quantile,0.9,778.125
2025-02-08,wk inc flu hosp,2,41,2025-02-22,quantile,0.95,778.125
2025-02-08,wk inc flu hosp,2,41,2025-02-22,quantile,0.975,778.125
2025-02-08,wk inc flu hosp,2,41,2025-02-22,quantile,0.99,778.125
2025-02-08,wk inc flu hosp,3,41,2025-03-01,quantile,0.01,317.8902984619141
2025-02-08,wk inc flu hosp,3,41,2025-03-01,quantile,0.025,336.0275283813477
2025-02-08,wk inc flu hosp,3,41,2025-03-01,quantile,0.05,339.2031784057617
2025-02-08,wk inc flu hosp,3,41,2025-03-01,quantile,0.1,362.2122406005859
2025-02-08,wk inc flu hosp,3,41,2025-03-01,quantile,0.15,386.0199890136719
2025-02-08,wk inc flu hosp,3,41,2025-03-01,quantile,0.2,397.3533508300781
2025-02-08,wk inc flu hosp,3,41,2025-03-01,quantile,0.25,413.9731369018554
2025-02-08,wk inc flu hosp,3,41,2025-03-01,quantile,0.3,430.4027618408203
2025-02-08,wk inc flu hosp,3,41,2025-03-01,quantile,0.35,464.47902221679686
2025-02-08,wk inc flu hosp,3,41,2025-03-01,quantile,0.4,472.9600402832031
2025-02-08,wk inc flu hosp,3,41,2025-03-01,quantile,0.45,496.6917419433594
2025-02-08,wk inc flu hosp,3,41,2025-03-01,quantile,0.5,522.3630065917969
2025-02-08,wk inc flu hosp,3,41,2025-03-01,quantile,0.55,594.6228942871094
2025-02-08,wk inc flu hosp,3,41,2025-03-01,quantile,0.6,778.125
2025-02-08,wk inc flu hosp,3,41,2025-03-01,quantile,0.65,778.125
2025-02-08,wk inc flu hosp,3,41,2025-03-01,quantile,0.7,778.125
2025-02-08,wk inc flu hosp,3,41,2025-03-01,quantile,0.75,778.125
2025-02-08,wk inc flu hosp,3,41,2025-03-01,quantile,0.8,778.125
2025-02-08,wk inc flu hosp,3,41,2025-03-01,quantile,0.85,778.125
2025-02-08,wk inc flu hosp,3,41,2025-03-01,quantile,0.9,778.125
2025-02-08,wk inc flu hosp,3,41,2025-03-01,quantile,0.95,778.125
2025-02-08,wk inc flu hosp,3,41,2025-03-01,quantile,0.975,778.125
2025-02-08,wk inc flu hosp,3,41,2025-03-01,quantile,0.99,778.125
2025-02-08,wk inc flu hosp,0,42,2025-02-08,quantile,0.01,3902.5714526367183
2025-02-08,wk inc flu hosp,0,42,2025-02-08,quantile,0.025,3962.313751220703
2025-02-08,wk inc flu hosp,0,42,2025-02-08,quantile,0.05,4000.7750244140625
2025-02-08,wk inc flu hosp,0,42,2025-02-08,quantile,0.1,4117.68857421875
2025-02-08,wk inc flu hosp,0,42,2025-02-08,quantile,0.15,4166.147534179688
2025-02-08,wk inc flu hosp,0,42,2025-02-08,quantile,0.2,4174.615234375
2025-02-08,wk inc flu hosp,0,42,2025-02-08,quantile,0.25,4174.615234375
2025-02-08,wk inc flu hosp,0,42,2025-02-08,quantile,0.3,4174.615234375
2025-02-08,wk inc flu hosp,0,42,2025-02-08,quantile,0.35,4174.615234375
2025-02-08,wk inc flu hosp,0,42,2025-02-08,quantile,0.4,4174.615234375
2025-02-08,wk inc flu hosp,0,42,2025-02-08,quantile,0.45,4174.615234375
2025-02-08,wk inc flu hosp,0,42,2025-02-08,quantile,0.5,4174.615234375
2025-02-08,wk inc flu hosp,0,42,2025-02-08,quantile,0.55,4174.615234375
2025-02-08,wk inc flu hosp,0,42,2025-02-08,quantile,0.6,4174.615234375
2025-02-08,wk inc flu hosp,0,42,2025-02-08,quantile,0.65,4174.615234375
2025-02-08,wk inc flu hosp,0,42,2025-02-08,quantile,0.7,4174.615234375
2025-02-08,wk inc flu hosp,0,42,2025-02-08,quantile,0.75,4174.615234375
2025-02-08,wk inc flu hosp,0,42,2025-02-08,quantile,0.8,4174.615234375
2025-02-08,wk inc flu hosp,0,42,2025-02-08,quantile,0.85,4174.615234375
2025-02-08,wk inc flu hosp,0,42,2025-02-08,quantile,0.9,4174.615234375
2025-02-08,wk inc flu hosp,0,42,2025-02-08,quantile,0.95,4174.615234375
2025-02-08,wk inc flu hosp,0,42,2025-02-08,quantile,0.975,4174.615234375
2025-02-08,wk inc flu hosp,0,42,2025-02-08,quantile,0.99,4174.615234375
2025-02-08,wk inc flu hosp,1,42,2025-02-15,quantile,0.01,3992.593056640625
2025-02-08,wk inc flu hosp,1,42,2025-02-15,quantile,0.025,4121.463415527343
2025-02-08,wk inc flu hosp,1,42,2025-02-15,quantile,0.05,4174.615234375
2025-02-08,wk inc flu hosp,1,42,2025-02-15,quantile,0.1,4174.615234375
2025-02-08,wk inc flu hosp,1,42,2025-02-15,quantile,0.15,4174.615234375
2025-02-08,wk inc flu hosp,1,42,2025-02-15,quantile,0.2,4174.615234375
2025-02-08,wk inc flu hosp,1,42,2025-02-15,quantile,0.25,4174.615234375
2025-02-08,wk inc flu hosp,1,42,2025-02-15,quantile,0.3,4174.615234375
2025-02-08,wk inc flu hosp,1,42,2025-02-15,quantile,0.35,4174.615234375
2025-02-08,wk inc flu hosp,1,42,2025-02-15,quantile,0.4,4174.615234375
2025-02-08,wk inc flu hosp,1,42,2025-02-15,quantile,0.45,4174.615234375
2025-02-08,wk inc flu hosp,1,42,2025-02-15,quantile,0.5,4174.615234375
2025-02-08,wk inc flu hosp,1,42,2025-02-15,quantile,0.55,4174.615234375
2025-02-08,wk inc flu hosp,1,42,2025-02-15,quantile,0.6,4174.615234375
2025-02-08,wk inc flu hosp,1,42,2025-02-15,quantile,0.65,4174.615234375
2025-02-08,wk inc flu hosp,1,42,2025-02-15,quantile,0.7,4174.615234375
2025-02-08,wk inc flu hosp,1,42,2025-02-15,quantile,0.75,4174.615234375
2025-02-08,wk inc flu hosp,1,42,2025-02-15,quantile,0.8,4174.615234375
2025-02-08,wk inc flu hosp,1,42,2025-02-15,quantile,0.85,4174.615234375
2025-02-08,wk inc flu hosp,1,42,2025-02-15,quantile,0.9,4174.615234375
2025-02-08,wk inc flu hosp,1,42,2025-02-15,quantile,0.95,4174.615234375
2025-02-08,wk inc flu hosp,1,42,2025-02-15,quantile,0.975,4174.615234375
2025-02-08,wk inc flu hosp,1,42,2025-02-15,quantile,0.99,4174.615234375
2025-02-08,wk inc flu hosp,2,42,2025-02-22,quantile,0.01,3965.8434716796874
2025-02-08,wk inc flu hosp,2,42,2025-02-22,quantile,0.025,4145.59072265625
2025-02-08,wk inc flu hosp,2,42,2025-02-22,quantile,0.05,4174.615234375
2025-02-08,wk inc flu hosp,2,42,2025-02-22,quantile,0.1,4174.615234375
2025-02-08,wk inc flu hosp,2,42,2025-02-22,quantile,0.15,4174.615234375
2025-02-08,wk inc flu hosp,2,42,2025-02-22,quantile,0.2,4174.615234375
2025-02-08,wk inc flu hosp,2,42,2025-02-22,quantile,0.25,4174.615234375
2025-02-08,wk inc flu hosp,2,42,2025-02-22,quantile,0.3,4174.615234375
2025-02-08,wk inc flu hosp,2,42,2025-02-22,quantile,0.35,4174.615234375
2025-02-08,wk inc flu hosp,2,42,2025-02-22,quantile,0.4,4174.615234375
2025-02-08,wk inc flu hosp,2,42,2025-02-22,quantile,0.45,4174.615234375
2025-02-08,wk inc flu hosp,2,42,2025-02-22,quantile,0.5,4174.615234375
2025-02-08,wk inc flu hosp,2,42,2025-02-22,quantile,0.55,4174.615234375
2025-02-08,wk inc flu hosp,2,42,2025-02-22,quantile,0.6,4174.615234375
2025-02-08,wk inc flu hosp,2,42,2025-02-22,quantile,0.65,4174.615234375
2025-02-08,wk inc flu hosp,2,42,2025-02-22,quantile,0.7,4174.615234375
2025-02-08,wk inc flu hosp,2,42,2025-02-22,quantile,0.75,4174.615234375
2025-02-08,wk inc flu hosp,2,42,2025-02-22,quantile,0.8,4174.615234375
2025-02-08,wk inc flu hosp,2,42,2025-02-22,quantile,0.85,4174.615234375
2025-02-08,wk inc flu hosp,2,42,2025-02-22,quantile,0.9,4174.615234375
2025-02-08,wk inc flu hosp,2,42,2025-02-22,quantile,0.95,4174.615234375
2025-02-08,wk inc flu hosp,2,42,2025-02-22,quantile,0.975,4174.615234375
2025-02-08,wk inc flu hosp,2,42,2025-02-22,quantile,0.99,4174.615234375
2025-02-08,wk inc flu hosp,3,42,2025-03-01,quantile,0.01,3810.3054321289064
2025-02-08,wk inc flu hosp,3,42,2025-03-01,quantile,0.025,4146.713073730469
2025-02-08,wk inc flu hosp,3,42,2025-03-01,quantile,0.05,4174.615234375
2025-02-08,wk inc flu hosp,3,42,2025-03-01,quantile,0.1,4174.615234375
2025-02-08,wk inc flu hosp,3,42,2025-03-01,quantile,0.15,4174.615234375
2025-02-08,wk inc flu hosp,3,42,2025-03-01,quantile,0.2,4174.615234375
2025-02-08,wk inc flu hosp,3,42,2025-03-01,quantile,0.25,4174.615234375
2025-02-08,wk inc flu hosp,3,42,2025-03-01,quantile,0.3,4174.615234375
2025-02-08,wk inc flu hosp,3,42,2025-03-01,quantile,0.35,4174.615234375
2025-02-08,wk inc flu hosp,3,42,2025-03-01,quantile,0.4,4174.615234375
2025-02-08,wk inc flu hosp,3,42,2025-03-01,quantile,0.45,4174.615234375
2025-02-08,wk inc flu hosp,3,42,2025-03-01,quantile,0.5,4174.615234375
2025-02-08,wk inc flu hosp,3,42,2025-03-01,quantile,0.55,4174.615234375
2025-02-08,wk inc flu hosp,3,42,2025-03-01,quantile,0.6,4174.615234375
2025-02-08,wk inc flu hosp,3,42,2025-03-01,quantile,0.65,4174.615234375
2025-02-08,wk inc flu hosp,3,42,2025-03-01,quantile,0.7,4174.615234375
2025-02-08,wk inc flu hosp,3,42,2025-03-01,quantile,0.75,4174.615234375
2025-02-08,wk inc flu hosp,3,42,2025-03-01,quantile,0.8,4174.615234375
2025-02-08,wk inc flu hosp,3,42,2025-03-01,quantile,0.85,4174.615234375
2025-02-08,wk inc flu hosp,3,42,2025-03-01,quantile,0.9,4174.615234375
2025-02-08,wk inc flu hosp,3,42,2025-03-01,quantile,0.95,4174.615234375
2025-02-08,wk inc flu hosp,3,42,2025-03-01,quantile,0.975,4174.615234375
2025-02-08,wk inc flu hosp,3,42,2025-03-01,quantile,0.99,4174.615234375
2025-02-08,wk inc flu hosp,0,44,2025-02-08,quantile,0.01,132.03415550231932
2025-02-08,wk inc flu hosp,0,44,2025-02-08,quantile,0.025,135.65626602172853
2025-02-08,wk inc flu hosp,0,44,2025-02-08,quantile,0.05,139.18047103881835
2025-02-08,wk inc flu hosp,0,44,2025-02-08,quantile,0.1,156.29333953857423
2025-02-08,wk inc flu hosp,0,44,2025-02-08,quantile,0.15,169.75961303710938
2025-02-08,wk inc flu hosp,0,44,2025-02-08,quantile,0.2,169.75961303710938
2025-02-08,wk inc flu hosp,0,44,2025-02-08,quantile,0.25,169.75961303710938
2025-02-08,wk inc flu hosp,0,44,2025-02-08,quantile,0.3,169.75961303710938
2025-02-08,wk inc flu hosp,0,44,2025-02-08,quantile,0.35,169.75961303710938
2025-02-08,wk inc flu hosp,0,44,2025-02-08,quantile,0.4,169.75961303710938
2025-02-08,wk inc flu hosp,0,44,2025-02-08,quantile,0.45,169.75961303710938
2025-02-08,wk inc flu hosp,0,44,2025-02-08,quantile,0.5,169.75961303710938
2025-02-08,wk inc flu hosp,0,44,2025-02-08,quantile,0.55,169.75961303710938
2025-02-08,wk inc flu hosp,0,44,2025-02-08,quantile,0.6,169.75961303710938
2025-02-08,wk inc flu hosp,0,44,2025-02-08,quantile,0.65,169.75961303710938
2025-02-08,wk inc flu hosp,0,44,2025-02-08,quantile,0.7,169.75961303710938
2025-02-08,wk inc flu hosp,0,44,2025-02-08,quantile,0.75,169.75961303710938
2025-02-08,wk inc flu hosp,0,44,2025-02-08,quantile,0.8,169.75961303710938
2025-02-08,wk inc flu hosp,0,44,2025-02-08,quantile,0.85,169.75961303710938
2025-02-08,wk inc flu hosp,0,44,2025-02-08,quantile,0.9,169.75961303710938
2025-02-08,wk inc flu hosp,0,44,2025-02-08,quantile,0.95,169.75961303710938
2025-02-08,wk inc flu hosp,0,44,2025-02-08,quantile,0.975,169.75961303710938
2025-02-08,wk inc flu hosp,0,44,2025-02-08,quantile,0.99,169.75961303710938
2025-02-08,wk inc flu hosp,1,44,2025-02-15,quantile,0.01,132.16026275634766
2025-02-08,wk inc flu hosp,1,44,2025-02-15,quantile,0.025,135.58988914489746
2025-02-08,wk inc flu hosp,1,44,2025-02-15,quantile,0.05,141.27965698242187
2025-02-08,wk inc flu hosp,1,44,2025-02-15,quantile,0.1,169.75961303710938
2025-02-08,wk inc flu hosp,1,44,2025-02-15,quantile,0.15,169.75961303710938
2025-02-08,wk inc flu hosp,1,44,2025-02-15,quantile,0.2,169.75961303710938
2025-02-08,wk inc flu hosp,1,44,2025-02-15,quantile,0.25,169.75961303710938
2025-02-08,wk inc flu hosp,1,44,2025-02-15,quantile,0.3,169.75961303710938
2025-02-08,wk inc flu hosp,1,44,2025-02-15,quantile,0.35,169.75961303710938
2025-02-08,wk inc flu hosp,1,44,2025-02-15,quantile,0.4,169.75961303710938
2025-02-08,wk inc flu hosp,1,44,2025-02-15,quantile,0.45,169.75961303710938
2025-02-08,wk inc flu hosp,1,44,2025-02-15,quantile,0.5,169.75961303710938
2025-02-08,wk inc flu hosp,1,44,2025-02-15,quantile,0.55,169.75961303710938
2025-02-08,wk inc flu hosp,1,44,2025-02-15,quantile,0.6,169.75961303710938
2025-02-08,wk inc flu hosp,1,44,2025-02-15,quantile,0.65,169.75961303710938
2025-02-08,wk inc flu hosp,1,44,2025-02-15,quantile,0.7,169.75961303710938
2025-02-08,wk inc flu hosp,1,44,2025-02-15,quantile,0.75,169.75961303710938
2025-02-08,wk inc flu hosp,1,44,2025-02-15,quantile,0.8,169.75961303710938
2025-02-08,wk inc flu hosp,1,44,2025-02-15,quantile,0.85,169.75961303710938
2025-02-08,wk inc flu hosp,1,44,2025-02-15,quantile,0.9,169.75961303710938
2025-02-08,wk inc flu hosp,1,44,2025-02-15,quantile,0.95,169.75961303710938
2025-02-08,wk inc flu hosp,1,44,2025-02-15,quantile,0.975,169.75961303710938
2025-02-08,wk inc flu hosp,1,44,2025-02-15,quantile,0.99,169.75961303710938
2025-02-08,wk inc flu hosp,2,44,2025-02-22,quantile,0.01,130.63275993347168
2025-02-08,wk inc flu hosp,2,44,2025-02-22,quantile,0.025,135.9881507873535
2025-02-08,wk inc flu hosp,2,44,2025-02-22,quantile,0.05,141.45804748535156
2025-02-08,wk inc flu hosp,2,44,2025-02-22,quantile,0.1,169.75961303710938
2025-02-08,wk inc flu hosp,2,44,2025-02-22,quantile,0.15,169.75961303710938
2025-02-08,wk inc flu hosp,2,44,2025-02-22,quantile,0.2,169.75961303710938
2025-02-08,wk inc flu hosp,2,44,2025-02-22,quantile,0.25,169.75961303710938
2025-02-08,wk inc flu hosp,2,44,2025-02-22,quantile,0.3,169.75961303710938
2025-02-08,wk inc flu hosp,2,44,2025-02-22,quantile,0.35,169.75961303710938
2025-02-08,wk inc flu hosp,2,44,2025-02-22,quantile,0.4,169.75961303710938
2025-02-08,wk inc flu hosp,2,44,2025-02-22,quantile,0.45,169.75961303710938
2025-02-08,wk inc flu hosp,2,44,2025-02-22,quantile,0.5,169.75961303710938
2025-02-08,wk inc flu hosp,2,44,2025-02-22,quantile,0.55,169.75961303710938
2025-02-08,wk inc flu hosp,2,44,2025-02-22,quantile,0.6,169.75961303710938
2025-02-08,wk inc flu hosp,2,44,2025-02-22,quantile,0.65,169.75961303710938
2025-02-08,wk inc flu hosp,2,44,2025-02-22,quantile,0.7,169.75961303710938
2025-02-08,wk inc flu hosp,2,44,2025-02-22,quantile,0.75,169.75961303710938
2025-02-08,wk inc flu hosp,2,44,2025-02-22,quantile,0.8,169.75961303710938
2025-02-08,wk inc flu hosp,2,44,2025-02-22,quantile,0.85,169.75961303710938
2025-02-08,wk inc flu hosp,2,44,2025-02-22,quantile,0.9,169.75961303710938
2025-02-08,wk inc flu hosp,2,44,2025-02-22,quantile,0.95,169.75961303710938
2025-02-08,wk inc flu hosp,2,44,2025-02-22,quantile,0.975,169.75961303710938
2025-02-08,wk inc flu hosp,2,44,2025-02-22,quantile,0.99,169.75961303710938
2025-02-08,wk inc flu hosp,3,44,2025-03-01,quantile,0.01,130.8169588470459
2025-02-08,wk inc flu hosp,3,44,2025-03-01,quantile,0.025,134.41169815063478
2025-02-08,wk inc flu hosp,3,44,2025-03-01,quantile,0.05,141.60324478149414
2025-02-08,wk inc flu hosp,3,44,2025-03-01,quantile,0.1,169.75961303710938
2025-02-08,wk inc flu hosp,3,44,2025-03-01,quantile,0.15,169.75961303710938
2025-02-08,wk inc flu hosp,3,44,2025-03-01,quantile,0.2,169.75961303710938
2025-02-08,wk inc flu hosp,3,44,2025-03-01,quantile,0.25,169.75961303710938
2025-02-08,wk inc flu hosp,3,44,2025-03-01,quantile,0.3,169.75961303710938
2025-02-08,wk inc flu hosp,3,44,2025-03-01,quantile,0.35,169.75961303710938
2025-02-08,wk inc flu hosp,3,44,2025-03-01,quantile,0.4,169.75961303710938
2025-02-08,wk inc flu hosp,3,44,2025-03-01,quantile,0.45,169.75961303710938
2025-02-08,wk inc flu hosp,3,44,2025-03-01,quantile,0.5,169.75961303710938
2025-02-08,wk inc flu hosp,3,44,2025-03-01,quantile,0.55,169.75961303710938
2025-02-08,wk inc flu hosp,3,44,2025-03-01,quantile,0.6,169.75961303710938
2025-02-08,wk inc flu hosp,3,44,2025-03-01,quantile,0.65,169.75961303710938
2025-02-08,wk inc flu hosp,3,44,2025-03-01,quantile,0.7,169.75961303710938
2025-02-08,wk inc flu hosp,3,44,2025-03-01,quantile,0.75,169.75961303710938
2025-02-08,wk inc flu hosp,3,44,2025-03-01,quantile,0.8,169.75961303710938
2025-02-08,wk inc flu hosp,3,44,2025-03-01,quantile,0.85,169.75961303710938
2025-02-08,wk inc flu hosp,3,44,2025-03-01,quantile,0.9,169.75961303710938
2025-02-08,wk inc flu hosp,3,44,2025-03-01,quantile,0.95,169.75961303710938
2025-02-08,wk inc flu hosp,3,44,2025-03-01,quantile,0.975,169.75961303710938
2025-02-08,wk inc flu hosp,3,44,2025-03-01,quantile,0.99,169.75961303710938
2025-02-08,wk inc flu hosp,0,45,2025-02-08,quantile,0.01,1320.1158447265625
2025-02-08,wk inc flu hosp,0,45,2025-02-08,quantile,0.025,1354.6304718017575
2025-02-08,wk inc flu hosp,0,45,2025-02-08,quantile,0.05,1390.09619140625
2025-02-08,wk inc flu hosp,0,45,2025-02-08,quantile,0.1,1390.09619140625
2025-02-08,wk inc flu hosp,0,45,2025-02-08,quantile,0.15,1390.09619140625
2025-02-08,wk inc flu hosp,0,45,2025-02-08,quantile,0.2,1390.09619140625
2025-02-08,wk inc flu hosp,0,45,2025-02-08,quantile,0.25,1390.09619140625
2025-02-08,wk inc flu hosp,0,45,2025-02-08,quantile,0.3,1390.09619140625
2025-02-08,wk inc flu hosp,0,45,2025-02-08,quantile,0.35,1390.09619140625
2025-02-08,wk inc flu hosp,0,45,2025-02-08,quantile,0.4,1390.09619140625
2025-02-08,wk inc flu hosp,0,45,2025-02-08,quantile,0.45,1390.09619140625
2025-02-08,wk inc flu hosp,0,45,2025-02-08,quantile,0.5,1390.09619140625
2025-02-08,wk inc flu hosp,0,45,2025-02-08,quantile,0.55,1390.09619140625
2025-02-08,wk inc flu hosp,0,45,2025-02-08,quantile,0.6,1390.09619140625
2025-02-08,wk inc flu hosp,0,45,2025-02-08,quantile,0.65,1390.09619140625
2025-02-08,wk inc flu hosp,0,45,2025-02-08,quantile,0.7,1390.09619140625
2025-02-08,wk inc flu hosp,0,45,2025-02-08,quantile,0.75,1390.09619140625
2025-02-08,wk inc flu hosp,0,45,2025-02-08,quantile,0.8,1390.09619140625
2025-02-08,wk inc flu hosp,0,45,2025-02-08,quantile,0.85,1390.09619140625
2025-02-08,wk inc flu hosp,0,45,2025-02-08,quantile,0.9,1390.09619140625
2025-02-08,wk inc flu hosp,0,45,2025-02-08,quantile,0.95,1390.09619140625
2025-02-08,wk inc flu hosp,0,45,2025-02-08,quantile,0.975,1390.09619140625
2025-02-08,wk inc flu hosp,0,45,2025-02-08,quantile,0.99,1390.09619140625
2025-02-08,wk inc flu hosp,1,45,2025-02-15,quantile,0.01,1365.3041674804688
2025-02-08,wk inc flu hosp,1,45,2025-02-15,quantile,0.025,1390.09619140625
2025-02-08,wk inc flu hosp,1,45,2025-02-15,quantile,0.05,1390.09619140625
2025-02-08,wk inc flu hosp,1,45,2025-02-15,quantile,0.1,1390.09619140625
2025-02-08,wk inc flu hosp,1,45,2025-02-15,quantile,0.15,1390.09619140625
2025-02-08,wk inc flu hosp,1,45,2025-02-15,quantile,0.2,1390.09619140625
2025-02-08,wk inc flu hosp,1,45,2025-02-15,quantile,0.25,1390.09619140625
2025-02-08,wk inc flu hosp,1,45,2025-02-15,quantile,0.3,1390.09619140625
2025-02-08,wk inc flu hosp,1,45,2025-02-15,quantile,0.35,1390.09619140625
2025-02-08,wk inc flu hosp,1,45,2025-02-15,quantile,0.4,1390.09619140625
2025-02-08,wk inc flu hosp,1,45,2025-02-15,quantile,0.45,1390.09619140625
2025-02-08,wk inc flu hosp,1,45,2025-02-15,quantile,0.5,1390.09619140625
2025-02-08,wk inc flu hosp,1,45,2025-02-15,quantile,0.55,1390.09619140625
2025-02-08,wk inc flu hosp,1,45,2025-02-15,quantile,0.6,1390.09619140625
2025-02-08,wk inc flu hosp,1,45,2025-02-15,quantile,0.65,1390.09619140625
2025-02-08,wk inc flu hosp,1,45,2025-02-15,quantile,0.7,1390.09619140625
2025-02-08,wk inc flu hosp,1,45,2025-02-15,quantile,0.75,1390.09619140625
2025-02-08,wk inc flu hosp,1,45,2025-02-15,quantile,0.8,1390.09619140625
2025-02-08,wk inc flu hosp,1,45,2025-02-15,quantile,0.85,1390.09619140625
2025-02-08,wk inc flu hosp,1,45,2025-02-15,quantile,0.9,1390.09619140625
2025-02-08,wk inc flu hosp,1,45,2025-02-15,quantile,0.95,1390.09619140625
2025-02-08,wk inc flu hosp,1,45,2025-02-15,quantile,0.975,1390.09619140625
2025-02-08,wk inc flu hosp,1,45,2025-02-15,quantile,0.99,1390.09619140625
2025-02-08,wk inc flu hosp,2,45,2025-02-22,quantile,0.01,1386.5564184570312
2025-02-08,wk inc flu hosp,2,45,2025-02-22,quantile,0.025,1390.09619140625
2025-02-08,wk inc flu hosp,2,45,2025-02-22,quantile,0.05,1390.09619140625
2025-02-08,wk inc flu hosp,2,45,2025-02-22,quantile,0.1,1390.09619140625
2025-02-08,wk inc flu hosp,2,45,2025-02-22,quantile,0.15,1390.09619140625
2025-02-08,wk inc flu hosp,2,45,2025-02-22,quantile,0.2,1390.09619140625
2025-02-08,wk inc flu hosp,2,45,2025-02-22,quantile,0.25,1390.09619140625
2025-02-08,wk inc flu hosp,2,45,2025-02-22,quantile,0.3,1390.09619140625
2025-02-08,wk inc flu hosp,2,45,2025-02-22,quantile,0.35,1390.09619140625
2025-02-08,wk inc flu hosp,2,45,2025-02-22,quantile,0.4,1390.09619140625
2025-02-08,wk inc flu hosp,2,45,2025-02-22,quantile,0.45,1390.09619140625
2025-02-08,wk inc flu hosp,2,45,2025-02-22,quantile,0.5,1390.09619140625
2025-02-08,wk inc flu hosp,2,45,2025-02-22,quantile,0.55,1390.09619140625
2025-02-08,wk inc flu hosp,2,45,2025-02-22,quantile,0.6,1390.09619140625
2025-02-08,wk inc flu hosp,2,45,2025-02-22,quantile,0.65,1390.09619140625
2025-02-08,wk inc flu hosp,2,45,2025-02-22,quantile,0.7,1390.09619140625
2025-02-08,wk inc flu hosp,2,45,2025-02-22,quantile,0.75,1390.09619140625
2025-02-08,wk inc flu hosp,2,45,2025-02-22,quantile,0.8,1390.09619140625
2025-02-08,wk inc flu hosp,2,45,2025-02-22,quantile,0.85,1390.09619140625
2025-02-08,wk inc flu hosp,2,45,2025-02-22,quantile,0.9,1390.09619140625
2025-02-08,wk inc flu hosp,2,45,2025-02-22,quantile,0.95,1390.09619140625
2025-02-08,wk inc flu hosp,2,45,2025-02-22,quantile,0.975,1390.09619140625
2025-02-08,wk inc flu hosp,2,45,2025-02-22,quantile,0.99,1390.09619140625
2025-02-08,wk inc flu hosp,3,45,2025-03-01,quantile,0.01,1390.09619140625
2025-02-08,wk inc flu hosp,3,45,2025-03-01,quantile,0.025,1390.09619140625
2025-02-08,wk inc flu hosp,3,45,2025-03-01,quantile,0.05,1390.09619140625
2025-02-08,wk inc flu hosp,3,45,2025-03-01,quantile,0.1,1390.09619140625
2025-02-08,wk inc flu hosp,3,45,2025-03-01,quantile,0.15,1390.09619140625
2025-02-08,wk inc flu hosp,3,45,2025-03-01,quantile,0.2,1390.09619140625
2025-02-08,wk inc flu hosp,3,45,2025-03-01,quantile,0.25,1390.09619140625
2025-02-08,wk inc flu hosp,3,45,2025-03-01,quantile,0.3,1390.09619140625
2025-02-08,wk inc flu hosp,3,45,2025-03-01,quantile,0.35,1390.09619140625
2025-02-08,wk inc flu hosp,3,45,2025-03-01,quantile,0.4,1390.09619140625
2025-02-08,wk inc flu hosp,3,45,2025-03-01,quantile,0.45,1390.09619140625
2025-02-08,wk inc flu hosp,3,45,2025-03-01,quantile,0.5,1390.09619140625
2025-02-08,wk inc flu hosp,3,45,2025-03-01,quantile,0.55,1390.09619140625
2025-02-08,wk inc flu hosp,3,45,2025-03-01,quantile,0.6,1390.09619140625
2025-02-08,wk inc flu hosp,3,45,2025-03-01,quantile,0.65,1390.09619140625
2025-02-08,wk inc flu hosp,3,45,2025-03-01,quantile,0.7,1390.09619140625
2025-02-08,wk inc flu hosp,3,45,2025-03-01,quantile,0.75,1390.09619140625
2025-02-08,wk inc flu hosp,3,45,2025-03-01,quantile,0.8,1390.09619140625
2025-02-08,wk inc flu hosp,3,45,2025-03-01,quantile,0.85,1390.09619140625
2025-02-08,wk inc flu hosp,3,45,2025-03-01,quantile,0.9,1390.09619140625
2025-02-08,wk inc flu hosp,3,45,2025-03-01,quantile,0.95,1390.09619140625
2025-02-08,wk inc flu hosp,3,45,2025-03-01,quantile,0.975,1390.09619140625
2025-02-08,wk inc flu hosp,3,45,2025-03-01,quantile,0.99,1390.09619140625
2025-02-08,wk inc flu hosp,0,46,2025-02-08,quantile,0.01,101.86305320739746
2025-02-08,wk inc flu hosp,0,46,2025-02-08,quantile,0.025,103.825874710083
2025-02-08,wk inc flu hosp,0,46,2025-02-08,quantile,0.05,131.66785964965823
2025-02-08,wk inc flu hosp,0,46,2025-02-08,quantile,0.1,184.4711456298828
2025-02-08,wk inc flu hosp,0,46,2025-02-08,quantile,0.15,184.4711456298828
2025-02-08,wk inc flu hosp,0,46,2025-02-08,quantile,0.2,184.4711456298828
2025-02-08,wk inc flu hosp,0,46,2025-02-08,quantile,0.25,184.4711456298828
2025-02-08,wk inc flu hosp,0,46,2025-02-08,quantile,0.3,184.4711456298828
2025-02-08,wk inc flu hosp,0,46,2025-02-08,quantile,0.35,184.4711456298828
2025-02-08,wk inc flu hosp,0,46,2025-02-08,quantile,0.4,184.4711456298828
2025-02-08,wk inc flu hosp,0,46,2025-02-08,quantile,0.45,184.4711456298828
2025-02-08,wk inc flu hosp,0,46,2025-02-08,quantile,0.5,184.4711456298828
2025-02-08,wk inc flu hosp,0,46,2025-02-08,quantile,0.55,184.4711456298828
2025-02-08,wk inc flu hosp,0,46,2025-02-08,quantile,0.6,184.4711456298828
2025-02-08,wk inc flu hosp,0,46,2025-02-08,quantile,0.65,184.4711456298828
2025-02-08,wk inc flu hosp,0,46,2025-02-08,quantile,0.7,184.4711456298828
2025-02-08,wk inc flu hosp,0,46,2025-02-08,quantile,0.75,184.4711456298828
2025-02-08,wk inc flu hosp,0,46,2025-02-08,quantile,0.8,184.4711456298828
2025-02-08,wk inc flu hosp,0,46,2025-02-08,quantile,0.85,184.4711456298828
2025-02-08,wk inc flu hosp,0,46,2025-02-08,quantile,0.9,184.4711456298828
2025-02-08,wk inc flu hosp,0,46,2025-02-08,quantile,0.95,184.4711456298828
2025-02-08,wk inc flu hosp,0,46,2025-02-08,quantile,0.975,184.4711456298828
2025-02-08,wk inc flu hosp,0,46,2025-02-08,quantile,0.99,184.4711456298828
2025-02-08,wk inc flu hosp,1,46,2025-02-15,quantile,0.01,84.01371490478516
2025-02-08,wk inc flu hosp,1,46,2025-02-15,quantile,0.025,103.99717922210694
2025-02-08,wk inc flu hosp,1,46,2025-02-15,quantile,0.05,150.73258361816409
2025-02-08,wk inc flu hosp,1,46,2025-02-15,quantile,0.1,184.4711456298828
2025-02-08,wk inc flu hosp,1,46,2025-02-15,quantile,0.15,184.4711456298828
2025-02-08,wk inc flu hosp,1,46,2025-02-15,quantile,0.2,184.4711456298828
2025-02-08,wk inc flu hosp,1,46,2025-02-15,quantile,0.25,184.4711456298828
2025-02-08,wk inc flu hosp,1,46,2025-02-15,quantile,0.3,184.4711456298828
2025-02-08,wk inc flu hosp,1,46,2025-02-15,quantile,0.35,184.4711456298828
2025-02-08,wk inc flu hosp,1,46,2025-02-15,quantile,0.4,184.4711456298828
2025-02-08,wk inc flu hosp,1,46,2025-02-15,quantile,0.45,184.4711456298828
2025-02-08,wk inc flu hosp,1,46,2025-02-15,quantile,0.5,184.4711456298828
2025-02-08,wk inc flu hosp,1,46,2025-02-15,quantile,0.55,184.4711456298828
2025-02-08,wk inc flu hosp,1,46,2025-02-15,quantile,0.6,184.4711456298828
2025-02-08,wk inc flu hosp,1,46,2025-02-15,quantile,0.65,184.4711456298828
2025-02-08,wk inc flu hosp,1,46,2025-02-15,quantile,0.7,184.4711456298828
2025-02-08,wk inc flu hosp,1,46,2025-02-15,quantile,0.75,184.4711456298828
2025-02-08,wk inc flu hosp,1,46,2025-02-15,quantile,0.8,184.4711456298828
2025-02-08,wk inc flu hosp,1,46,2025-02-15,quantile,0.85,184.4711456298828
2025-02-08,wk inc flu hosp,1,46,2025-02-15,quantile,0.9,184.4711456298828
2025-02-08,wk inc flu hosp,1,46,2025-02-15,quantile,0.95,184.4711456298828
2025-02-08,wk inc flu hosp,1,46,2025-02-15,quantile,0.975,184.4711456298828
2025-02-08,wk inc flu hosp,1,46,2025-02-15,quantile,0.99,184.4711456298828
2025-02-08,wk inc flu hosp,2,46,2025-02-22,quantile,0.01,70.48312683105469
2025-02-08,wk inc flu hosp,2,46,2025-02-22,quantile,0.025,99.87453575134278
2025-02-08,wk inc flu hosp,2,46,2025-02-22,quantile,0.05,167.48917388916016
2025-02-08,wk inc flu hosp,2,46,2025-02-22,quantile,0.1,184.4711456298828
2025-02-08,wk inc flu hosp,2,46,2025-02-22,quantile,0.15,184.4711456298828
2025-02-08,wk inc flu hosp,2,46,2025-02-22,quantile,0.2,184.4711456298828
2025-02-08,wk inc flu hosp,2,46,2025-02-22,quantile,0.25,184.4711456298828
2025-02-08,wk inc flu hosp,2,46,2025-02-22,quantile,0.3,184.4711456298828
2025-02-08,wk inc flu hosp,2,46,2025-02-22,quantile,0.35,184.4711456298828
2025-02-08,wk inc flu hosp,2,46,2025-02-22,quantile,0.4,184.4711456298828
2025-02-08,wk inc flu hosp,2,46,2025-02-22,quantile,0.45,184.4711456298828
2025-02-08,wk inc flu hosp,2,46,2025-02-22,quantile,0.5,184.4711456298828
2025-02-08,wk inc flu hosp,2,46,2025-02-22,quantile,0.55,184.4711456298828
2025-02-08,wk inc flu hosp,2,46,2025-02-22,quantile,0.6,184.4711456298828
2025-02-08,wk inc flu hosp,2,46,2025-02-22,quantile,0.65,184.4711456298828
2025-02-08,wk inc flu hosp,2,46,2025-02-22,quantile,0.7,184.4711456298828
2025-02-08,wk inc flu hosp,2,46,2025-02-22,quantile,0.75,184.4711456298828
2025-02-08,wk inc flu hosp,2,46,2025-02-22,quantile,0.8,184.4711456298828
2025-02-08,wk inc flu hosp,2,46,2025-02-22,quantile,0.85,184.4711456298828
2025-02-08,wk inc flu hosp,2,46,2025-02-22,quantile,0.9,184.4711456298828
2025-02-08,wk inc flu hosp,2,46,2025-02-22,quantile,0.95,184.4711456298828
2025-02-08,wk inc flu hosp,2,46,2025-02-22,quantile,0.975,184.4711456298828
2025-02-08,wk inc flu hosp,2,46,2025-02-22,quantile,0.99,184.4711456298828
2025-02-08,wk inc flu hosp,3,46,2025-03-01,quantile,0.01,62.99337894439697
2025-02-08,wk inc flu hosp,3,46,2025-03-01,quantile,0.025,97.60020561218262
2025-02-08,wk inc flu hosp,3,46,2025-03-01,quantile,0.05,178.67374267578126
2025-02-08,wk inc flu hosp,3,46,2025-03-01,quantile,0.1,184.4711456298828
2025-02-08,wk inc flu hosp,3,46,2025-03-01,quantile,0.15,184.4711456298828
2025-02-08,wk inc flu hosp,3,46,2025-03-01,quantile,0.2,184.4711456298828
2025-02-08,wk inc flu hosp,3,46,2025-03-01,quantile,0.25,184.4711456298828
2025-02-08,wk inc flu hosp,3,46,2025-03-01,quantile,0.3,184.4711456298828
2025-02-08,wk inc flu hosp,3,46,2025-03-01,quantile,0.35,184.4711456298828
2025-02-08,wk inc flu hosp,3,46,2025-03-01,quantile,0.4,184.4711456298828
2025-02-08,wk inc flu hosp,3,46,2025-03-01,quantile,0.45,184.4711456298828
2025-02-08,wk inc flu hosp,3,46,2025-03-01,quantile,0.5,184.4711456298828
2025-02-08,wk inc flu hosp,3,46,2025-03-01,quantile,0.55,184.4711456298828
2025-02-08,wk inc flu hosp,3,46,2025-03-01,quantile,0.6,184.4711456298828
2025-02-08,wk inc flu hosp,3,46,2025-03-01,quantile,0.65,184.4711456298828
2025-02-08,wk inc flu hosp,3,46,2025-03-01,quantile,0.7,184.4711456298828
2025-02-08,wk inc flu hosp,3,46,2025-03-01,quantile,0.75,184.4711456298828
2025-02-08,wk inc flu hosp,3,46,2025-03-01,quantile,0.8,184.4711456298828
2025-02-08,wk inc flu hosp,3,46,2025-03-01,quantile,0.85,184.4711456298828
2025-02-08,wk inc flu hosp,3,46,2025-03-01,quantile,0.9,184.4711456298828
2025-02-08,wk inc flu hosp,3,46,2025-03-01,quantile,0.95,184.4711456298828
2025-02-08,wk inc flu hosp,3,46,2025-03-01,quantile,0.975,184.4711456298828
2025-02-08,wk inc flu hosp,3,46,2025-03-01,quantile,0.99,184.4711456298828
2025-02-08,wk inc flu hosp,0,47,2025-02-08,quantile,0.01,706.0438079833984
2025-02-08,wk inc flu hosp,0,47,2025-02-08,quantile,0.025,753.6308090209961
2025-02-08,wk inc flu hosp,0,47,2025-02-08,quantile,0.05,760.2615997314454
2025-02-08,wk inc flu hosp,0,47,2025-02-08,quantile,0.1,777.2046630859375
2025-02-08,wk inc flu hosp,0,47,2025-02-08,quantile,0.15,783.1452026367188
2025-02-08,wk inc flu hosp,0,47,2025-02-08,quantile,0.2,791.3447509765625
2025-02-08,wk inc flu hosp,0,47,2025-02-08,quantile,0.25,801.5524291992188
2025-02-08,wk inc flu hosp,0,47,2025-02-08,quantile,0.3,812.7640930175781
2025-02-08,wk inc flu hosp,0,47,2025-02-08,quantile,0.35,817.9934204101562
2025-02-08,wk inc flu hosp,0,47,2025-02-08,quantile,0.4,829.163330078125
2025-02-08,wk inc flu hosp,0,47,2025-02-08,quantile,0.45,846.73388671875
2025-02-08,wk inc flu hosp,0,47,2025-02-08,quantile,0.5,872.6713562011719
2025-02-08,wk inc flu hosp,0,47,2025-02-08,quantile,0.55,881.4147979736329
2025-02-08,wk inc flu hosp,0,47,2025-02-08,quantile,0.6,890.0746337890624
2025-02-08,wk inc flu hosp,0,47,2025-02-08,quantile,0.65,897.772216796875
2025-02-08,wk inc flu hosp,0,47,2025-02-08,quantile,0.7,920.279248046875
2025-02-08,wk inc flu hosp,0,47,2025-02-08,quantile,0.75,1711.875
2025-02-08,wk inc flu hosp,0,47,2025-02-08,quantile,0.8,1711.875
2025-02-08,wk inc flu hosp,0,47,2025-02-08,quantile,0.85,1711.875
2025-02-08,wk inc flu hosp,0,47,2025-02-08,quantile,0.9,1711.875
2025-02-08,wk inc flu hosp,0,47,2025-02-08,quantile,0.95,1711.875
2025-02-08,wk inc flu hosp,0,47,2025-02-08,quantile,0.975,1711.875
2025-02-08,wk inc flu hosp,0,47,2025-02-08,quantile,0.99,1711.875
2025-02-08,wk inc flu hosp,1,47,2025-02-15,quantile,0.01,536.973154296875
2025-02-08,wk inc flu hosp,1,47,2025-02-15,quantile,0.025,595.7676406860352
2025-02-08,wk inc flu hosp,1,47,2025-02-15,quantile,0.05,616.5594604492187
2025-02-08,wk inc flu hosp,1,47,2025-02-15,quantile,0.1,638.8155395507813
2025-02-08,wk inc flu hosp,1,47,2025-02-15,quantile,0.15,660.2348937988281
2025-02-08,wk inc flu hosp,1,47,2025-02-15,quantile,0.2,677.5544555664062
2025-02-08,wk inc flu hosp,1,47,2025-02-15,quantile,0.25,701.5675201416016
2025-02-08,wk inc flu hosp,1,47,2025-02-15,quantile,0.3,718.7197875976562
2025-02-08,wk inc flu hosp,1,47,2025-02-15,quantile,0.35,747.7111938476562
2025-02-08,wk inc flu hosp,1,47,2025-02-15,quantile,0.4,768.0846557617188
2025-02-08,wk inc flu hosp,1,47,2025-02-15,quantile,0.45,790.75908203125
2025-02-08,wk inc flu hosp,1,47,2025-02-15,quantile,0.5,811.1743774414062
2025-02-08,wk inc flu hosp,1,47,2025-02-15,quantile,0.55,839.7056365966797
2025-02-08,wk inc flu hosp,1,47,2025-02-15,quantile,0.6,874.6794189453125
2025-02-08,wk inc flu hosp,1,47,2025-02-15,quantile,0.65,889.6981079101563
2025-02-08,wk inc flu hosp,1,47,2025-02-15,quantile,0.7,905.5534301757812
2025-02-08,wk inc flu hosp,1,47,2025-02-15,quantile,0.75,1710.6199951171875
2025-02-08,wk inc flu hosp,1,47,2025-02-15,quantile,0.8,1711.875
2025-02-08,wk inc flu hosp,1,47,2025-02-15,quantile,0.85,1711.875
2025-02-08,wk inc flu hosp,1,47,2025-02-15,quantile,0.9,1711.875
2025-02-08,wk inc flu hosp,1,47,2025-02-15,quantile,0.95,1711.875
2025-02-08,wk inc flu hosp,1,47,2025-02-15,quantile,0.975,1711.875
2025-02-08,wk inc flu hosp,1,47,2025-02-15,quantile,0.99,1711.875
2025-02-08,wk inc flu hosp,2,47,2025-02-22,quantile,0.01,428.0524078369141
2025-02-08,wk inc flu hosp,2,47,2025-02-22,quantile,0.025,473.29661712646487
2025-02-08,wk inc flu hosp,2,47,2025-02-22,quantile,0.05,504.44254608154296
2025-02-08,wk inc flu hosp,2,47,2025-02-22,quantile,0.1,536.320556640625
2025-02-08,wk inc flu hosp,2,47,2025-02-22,quantile,0.15,573.5952301025391
2025-02-08,wk inc flu hosp,2,47,2025-02-22,quantile,0.2,585.6854858398438
2025-02-08,wk inc flu hosp,2,47,2025-02-22,quantile,0.25,606.6028442382812
2025-02-08,wk inc flu hosp,2,47,2025-02-22,quantile,0.3,625.6794311523437
2025-02-08,wk inc flu hosp,2,47,2025-02-22,quantile,0.35,692.1547424316406
2025-02-08,wk inc flu hosp,2,47,2025-02-22,quantile,0.4,710.1854614257812
2025-02-08,wk inc flu hosp,2,47,2025-02-22,quantile,0.45,725.8734985351563
2025-02-08,wk inc flu hosp,2,47,2025-02-22,quantile,0.5,760.1360778808594
2025-02-08,wk inc flu hosp,2,47,2025-02-22,quantile,0.55,798.4984893798828
2025-02-08,wk inc flu hosp,2,47,2025-02-22,quantile,0.6,851.4193725585936
2025-02-08,wk inc flu hosp,2,47,2025-02-22,quantile,0.65,881.3311248779297
2025-02-08,wk inc flu hosp,2,47,2025-02-22,quantile,0.7,902.3739990234376
2025-02-08,wk inc flu hosp,2,47,2025-02-22,quantile,0.75,1711.875
2025-02-08,wk inc flu hosp,2,47,2025-02-22,quantile,0.8,1711.875
2025-02-08,wk inc flu hosp,2,47,2025-02-22,quantile,0.85,1711.875
2025-02-08,wk inc flu hosp,2,47,2025-02-22,quantile,0.9,1711.875
2025-02-08,wk inc flu hosp,2,47,2025-02-22,quantile,0.95,1711.875
2025-02-08,wk inc flu hosp,2,47,2025-02-22,quantile,0.975,1711.875
2025-02-08,wk inc flu hosp,2,47,2025-02-22,quantile,0.99,1711.875
2025-02-08,wk inc flu hosp,3,47,2025-03-01,quantile,0.01,370.67198364257814
2025-02-08,wk inc flu hosp,3,47,2025-03-01,quantile,0.025,382.2225059509277
2025-02-08,wk inc flu hosp,3,47,2025-03-01,quantile,0.05,415.8367004394531
2025-02-08,wk inc flu hosp,3,47,2025-03-01,quantile,0.1,473.0665252685547
2025-02-08,wk inc flu hosp,3,47,2025-03-01,quantile,0.15,497.58166656494143
2025-02-08,wk inc flu hosp,3,47,2025-03-01,quantile,0.2,510.5504028320312
2025-02-08,wk inc flu hosp,3,47,2025-03-01,quantile,0.25,534.43798828125
2025-02-08,wk inc flu hosp,3,47,2025-03-01,quantile,0.3,559.7479858398438
2025-02-08,wk inc flu hosp,3,47,2025-03-01,quantile,0.35,628.022183227539
2025-02-08,wk inc flu hosp,3,47,2025-03-01,quantile,0.4,652.4536254882813
2025-02-08,wk inc flu hosp,3,47,2025-03-01,quantile,0.45,683.2858123779297
2025-02-08,wk inc flu hosp,3,47,2025-03-01,quantile,0.5,725.8316650390625
2025-02-08,wk inc flu hosp,3,47,2025-03-01,quantile,0.55,756.7474731445312
2025-02-08,wk inc flu hosp,3,47,2025-03-01,quantile,0.6,840.7097045898437
2025-02-08,wk inc flu hosp,3,47,2025-03-01,quantile,0.65,870.2031097412109
2025-02-08,wk inc flu hosp,3,47,2025-03-01,quantile,0.7,903.6290283203124
2025-02-08,wk inc flu hosp,3,47,2025-03-01,quantile,0.75,1711.875
2025-02-08,wk inc flu hosp,3,47,2025-03-01,quantile,0.8,1711.875
2025-02-08,wk inc flu hosp,3,47,2025-03-01,quantile,0.85,1711.875
2025-02-08,wk inc flu hosp,3,47,2025-03-01,quantile,0.9,1711.875
2025-02-08,wk inc flu hosp,3,47,2025-03-01,quantile,0.95,1711.875
2025-02-08,wk inc flu hosp,3,47,2025-03-01,quantile,0.975,1711.875
2025-02-08,wk inc flu hosp,3,47,2025-03-01,quantile,0.99,1711.875
2025-02-08,wk inc flu hosp,0,48,2025-02-08,quantile,0.01,4125.341284179687
2025-02-08,wk inc flu hosp,0,48,2025-02-08,quantile,0.025,4188.001477050781
2025-02-08,wk inc flu hosp,0,48,2025-02-08,quantile,0.05,4221.0224609375
2025-02-08,wk inc flu hosp,0,48,2025-02-08,quantile,0.1,4245.45595703125
2025-02-08,wk inc flu hosp,0,48,2025-02-08,quantile,0.15,4274.13916015625
2025-02-08,wk inc flu hosp,0,48,2025-02-08,quantile,0.2,4298.2189453125
2025-02-08,wk inc flu hosp,0,48,2025-02-08,quantile,0.25,4327.25634765625
2025-02-08,wk inc flu hosp,0,48,2025-02-08,quantile,0.3,4343.899609375
2025-02-08,wk inc flu hosp,0,48,2025-02-08,quantile,0.35,4359.12646484375
2025-02-08,wk inc flu hosp,0,48,2025-02-08,quantile,0.4,4393.12119140625
2025-02-08,wk inc flu hosp,0,48,2025-02-08,quantile,0.45,4421.273022460938
2025-02-08,wk inc flu hosp,0,48,2025-02-08,quantile,0.5,4444.11328125
2025-02-08,wk inc flu hosp,0,48,2025-02-08,quantile,0.55,4465.3603515625
2025-02-08,wk inc flu hosp,0,48,2025-02-08,quantile,0.6,4493.689453125
2025-02-08,wk inc flu hosp,0,48,2025-02-08,quantile,0.65,4505.55185546875
2025-02-08,wk inc flu hosp,0,48,2025-02-08,quantile,0.7,4529.1005859375
2025-02-08,wk inc flu hosp,0,48,2025-02-08,quantile,0.75,4554.7734375
2025-02-08,wk inc flu hosp,0,48,2025-02-08,quantile,0.8,4579.38447265625
2025-02-08,wk inc flu hosp,0,48,2025-02-08,quantile,0.85,4603.46435546875
2025-02-08,wk inc flu hosp,0,48,2025-02-08,quantile,0.9,4632.147509765625
2025-02-08,wk inc flu hosp,0,48,2025-02-08,quantile,0.95,4713.5928955078125
2025-02-08,wk inc flu hosp,0,48,2025-02-08,quantile,0.975,4844.43779296875
2025-02-08,wk inc flu hosp,0,48,2025-02-08,quantile,0.99,7245.14404296875
2025-02-08,wk inc flu hosp,1,48,2025-02-15,quantile,0.01,4089.9653198242186
2025-02-08,wk inc flu hosp,1,48,2025-02-15,quantile,0.025,4118.32958984375
2025-02-08,wk inc flu hosp,1,48,2025-02-15,quantile,0.05,4160.8232421875
2025-02-08,wk inc flu hosp,1,48,2025-02-15,quantile,0.1,4234.832861328125
2025-02-08,wk inc flu hosp,1,48,2025-02-15,quantile,0.15,4266.5259765625
2025-02-08,wk inc flu hosp,1,48,2025-02-15,quantile,0.2,4302.46826171875
2025-02-08,wk inc flu hosp,1,48,2025-02-15,quantile,0.25,4338.7650146484375
2025-02-08,wk inc flu hosp,1,48,2025-02-15,quantile,0.3,4361.959619140625
2025-02-08,wk inc flu hosp,1,48,2025-02-15,quantile,0.35,4411.00380859375
2025-02-08,wk inc flu hosp,1,48,2025-02-15,quantile,0.4,4453.32041015625
2025-02-08,wk inc flu hosp,1,48,2025-02-15,quantile,0.45,4507.853515625
2025-02-08,wk inc flu hosp,1,48,2025-02-15,quantile,0.5,4530.870849609375
2025-02-08,wk inc flu hosp,1,48,2025-02-15,quantile,0.55,4578.67626953125
2025-02-08,wk inc flu hosp,1,48,2025-02-15,quantile,0.6,4599.9228515625
2025-02-08,wk inc flu hosp,1,48,2025-02-15,quantile,0.65,4629.491479492188
2025-02-08,wk inc flu hosp,1,48,2025-02-15,quantile,0.7,4664.371435546875
2025-02-08,wk inc flu hosp,1,48,2025-02-15,quantile,0.75,4705.271484375
2025-02-08,wk inc flu hosp,1,48,2025-02-15,quantile,0.8,4767.77236328125
2025-02-08,wk inc flu hosp,1,48,2025-02-15,quantile,0.85,4819.47265625
2025-02-08,wk inc flu hosp,1,48,2025-02-15,quantile,0.9,4849.218212890625
2025-02-08,wk inc flu hosp,1,48,2025-02-15,quantile,0.95,4961.11767578125
2025-02-08,wk inc flu hosp,1,48,2025-02-15,quantile,0.975,5179.516723632813
2025-02-08,wk inc flu hosp,1,48,2025-02-15,quantile,0.99,7245.14404296875
2025-02-08,wk inc flu hosp,2,48,2025-02-22,quantile,0.01,4054.30630859375
2025-02-08,wk inc flu hosp,2,48,2025-02-22,quantile,0.025,4072.029345703125
2025-02-08,wk inc flu hosp,2,48,2025-02-22,quantile,0.05,4110.8934326171875
2025-02-08,wk inc flu hosp,2,48,2025-02-22,quantile,0.1,4199.77587890625
2025-02-08,wk inc flu hosp,2,48,2025-02-22,quantile,0.15,4249.3515625
2025-02-08,wk inc flu hosp,2,48,2025-02-22,quantile,0.2,4284.7626953125
2025-02-08,wk inc flu hosp,2,48,2025-02-22,quantile,0.25,4337.87939453125
2025-02-08,wk inc flu hosp,2,48,2025-02-22,quantile,0.3,4380.7271484375
2025-02-08,wk inc flu hosp,2,48,2025-02-22,quantile,0.35,4431.01103515625
2025-02-08,wk inc flu hosp,2,48,2025-02-22,quantile,0.4,4492.2728515625
2025-02-08,wk inc flu hosp,2,48,2025-02-22,quantile,0.45,4555.8357421875
2025-02-08,wk inc flu hosp,2,48,2025-02-22,quantile,0.5,4640.64599609375
2025-02-08,wk inc flu hosp,2,48,2025-02-22,quantile,0.55,4665.256762695312
2025-02-08,wk inc flu hosp,2,48,2025-02-22,quantile,0.6,4712.53076171875
2025-02-08,wk inc flu hosp,2,48,2025-02-22,quantile,0.65,4767.5953125
2025-02-08,wk inc flu hosp,2,48,2025-02-22,quantile,0.7,4823.013671875
2025-02-08,wk inc flu hosp,2,48,2025-02-22,quantile,0.75,4863.7369384765625
2025-02-08,wk inc flu hosp,2,48,2025-02-22,quantile,0.8,4927.123046875
2025-02-08,wk inc flu hosp,2,48,2025-02-22,quantile,0.85,5004.319189453126
2025-02-08,wk inc flu hosp,2,48,2025-02-22,quantile,0.9,5110.907568359375
2025-02-08,wk inc flu hosp,2,48,2025-02-22,quantile,0.95,5228.118603515624
2025-02-08,wk inc flu hosp,2,48,2025-02-22,quantile,0.975,5520.792419433595
2025-02-08,wk inc flu hosp,2,48,2025-02-22,quantile,0.99,7245.14404296875
2025-02-08,wk inc flu hosp,3,48,2025-03-01,quantile,0.01,3951.436384277344
2025-02-08,wk inc flu hosp,3,48,2025-03-01,quantile,0.025,4008.3776306152345
2025-02-08,wk inc flu hosp,3,48,2025-03-01,quantile,0.05,4050.339880371094
2025-02-08,wk inc flu hosp,3,48,2025-03-01,quantile,0.1,4181.715771484375
2025-02-08,wk inc flu hosp,3,48,2025-03-01,quantile,0.15,4220.491235351563
2025-02-08,wk inc flu hosp,3,48,2025-03-01,quantile,0.2,4276.97236328125
2025-02-08,wk inc flu hosp,3,48,2025-03-01,quantile,0.25,4326.3709716796875
2025-02-08,wk inc flu hosp,3,48,2025-03-01,quantile,0.3,4398.07861328125
2025-02-08,wk inc flu hosp,3,48,2025-03-01,quantile,0.35,4469.963671875
2025-02-08,wk inc flu hosp,3,48,2025-03-01,quantile,0.4,4532.64111328125
2025-02-08,wk inc flu hosp,3,48,2025-03-01,quantile,0.45,4608.421557617187
2025-02-08,wk inc flu hosp,3,48,2025-03-01,quantile,0.5,4697.303955078125
2025-02-08,wk inc flu hosp,3,48,2025-03-01,quantile,0.55,4770.782177734375
2025-02-08,wk inc flu hosp,3,48,2025-03-01,quantile,0.6,4826.5546875
2025-02-08,wk inc flu hosp,3,48,2025-03-01,quantile,0.65,4892.7742919921875
2025-02-08,wk inc flu hosp,3,48,2025-03-01,quantile,0.7,4954.03564453125
2025-02-08,wk inc flu hosp,3,48,2025-03-01,quantile,0.75,5029.2843017578125
2025-02-08,wk inc flu hosp,3,48,2025-03-01,quantile,0.8,5128.96728515625
2025-02-08,wk inc flu hosp,3,48,2025-03-01,quantile,0.85,5220.682421875
2025-02-08,wk inc flu hosp,3,48,2025-03-01,quantile,0.9,5307.793994140625
2025-02-08,wk inc flu hosp,3,48,2025-03-01,quantile,0.95,5495.296582031249
2025-02-08,wk inc flu hosp,3,48,2025-03-01,quantile,0.975,5887.387829589845
2025-02-08,wk inc flu hosp,3,48,2025-03-01,quantile,0.99,7245.14404296875
2025-02-08,wk inc flu hosp,0,49,2025-02-08,quantile,0.01,159.78064041137696
2025-02-08,wk inc flu hosp,0,49,2025-02-08,quantile,0.025,161.07885398864747
2025-02-08,wk inc flu hosp,0,49,2025-02-08,quantile,0.05,163.0653533935547
2025-02-08,wk inc flu hosp,0,49,2025-02-08,quantile,0.1,172.2546844482422
2025-02-08,wk inc flu hosp,0,49,2025-02-08,quantile,0.15,176.19167556762696
2025-02-08,wk inc flu hosp,0,49,2025-02-08,quantile,0.2,176.75924682617188
2025-02-08,wk inc flu hosp,0,49,2025-02-08,quantile,0.25,179.2818145751953
2025-02-08,wk inc flu hosp,0,49,2025-02-08,quantile,0.3,180.72328186035156
2025-02-08,wk inc flu hosp,0,49,2025-02-08,quantile,0.35,182.7052764892578
2025-02-08,wk inc flu hosp,0,49,2025-02-08,quantile,0.4,183.966552734375
2025-02-08,wk inc flu hosp,0,49,2025-02-08,quantile,0.45,187.26390151977537
2025-02-08,wk inc flu hosp,0,49,2025-02-08,quantile,0.5,192.0747833251953
2025-02-08,wk inc flu hosp,0,49,2025-02-08,quantile,0.55,197.08386688232423
2025-02-08,wk inc flu hosp,0,49,2025-02-08,quantile,0.6,199.6424560546875
2025-02-08,wk inc flu hosp,0,49,2025-02-08,quantile,0.65,202.83169479370116
2025-02-08,wk inc flu hosp,0,49,2025-02-08,quantile,0.7,203.8947769165039
2025-02-08,wk inc flu hosp,0,49,2025-02-08,quantile,0.75,207.0299415588379
2025-02-08,wk inc flu hosp,0,49,2025-02-08,quantile,0.8,210.8137908935547
2025-02-08,wk inc flu hosp,0,49,2025-02-08,quantile,0.85,368.6538391113281
2025-02-08,wk inc flu hosp,0,49,2025-02-08,quantile,0.9,368.6538391113281
2025-02-08,wk inc flu hosp,0,49,2025-02-08,quantile,0.95,368.6538391113281
2025-02-08,wk inc flu hosp,0,49,2025-02-08,quantile,0.975,368.6538391113281
2025-02-08,wk inc flu hosp,0,49,2025-02-08,quantile,0.99,368.6538391113281
2025-02-08,wk inc flu hosp,1,49,2025-02-15,quantile,0.01,148.60209228515626
2025-02-08,wk inc flu hosp,1,49,2025-02-15,quantile,0.025,150.8129425048828
2025-02-08,wk inc flu hosp,1,49,2025-02-15,quantile,0.05,159.8130729675293
2025-02-08,wk inc flu hosp,1,49,2025-02-15,quantile,0.1,167.6960662841797
2025-02-08,wk inc flu hosp,1,49,2025-02-15,quantile,0.15,174.2366943359375
2025-02-08,wk inc flu hosp,1,49,2025-02-15,quantile,0.2,176.43492431640627
2025-02-08,wk inc flu hosp,1,49,2025-02-15,quantile,0.25,179.3719024658203
2025-02-08,wk inc flu hosp,1,49,2025-02-15,quantile,0.3,181.02958068847656
2025-02-08,wk inc flu hosp,1,49,2025-02-15,quantile,0.35,184.6242248535156
2025-02-08,wk inc flu hosp,1,49,2025-02-15,quantile,0.4,188.32698364257817
2025-02-08,wk inc flu hosp,1,49,2025-02-15,quantile,0.45,192.5702835083008
2025-02-08,wk inc flu hosp,1,49,2025-02-15,quantile,0.5,196.7595367431641
2025-02-08,wk inc flu hosp,1,49,2025-02-15,quantile,0.55,201.9668067932129
2025-02-08,wk inc flu hosp,1,49,2025-02-15,quantile,0.6,204.61548767089843
2025-02-08,wk inc flu hosp,1,49,2025-02-15,quantile,0.65,207.7056327819824
2025-02-08,wk inc flu hosp,1,49,2025-02-15,quantile,0.7,211.71469116210935
2025-02-08,wk inc flu hosp,1,49,2025-02-15,quantile,0.75,213.96697998046875
2025-02-08,wk inc flu hosp,1,49,2025-02-15,quantile,0.8,221.62475891113283
2025-02-08,wk inc flu hosp,1,49,2025-02-15,quantile,0.85,368.6538391113281
2025-02-08,wk inc flu hosp,1,49,2025-02-15,quantile,0.9,368.6538391113281
2025-02-08,wk inc flu hosp,1,49,2025-02-15,quantile,0.95,368.6538391113281
2025-02-08,wk inc flu hosp,1,49,2025-02-15,quantile,0.975,368.6538391113281
2025-02-08,wk inc flu hosp,1,49,2025-02-15,quantile,0.99,368.6538391113281
2025-02-08,wk inc flu hosp,2,49,2025-02-22,quantile,0.01,139.79296340942383
2025-02-08,wk inc flu hosp,2,49,2025-02-22,quantile,0.025,147.02459411621095
2025-02-08,wk inc flu hosp,2,49,2025-02-22,quantile,0.05,153.31747665405274
2025-02-08,wk inc flu hosp,2,49,2025-02-22,quantile,0.1,164.12843627929686
2025-02-08,wk inc flu hosp,2,49,2025-02-22,quantile,0.15,172.4348602294922
2025-02-08,wk inc flu hosp,2,49,2025-02-22,quantile,0.2,175.6781463623047
2025-02-08,wk inc flu hosp,2,49,2025-02-22,quantile,0.25,179.77731323242188
2025-02-08,wk inc flu hosp,2,49,2025-02-22,quantile,0.3,184.45305328369145
2025-02-08,wk inc flu hosp,2,49,2025-02-22,quantile,0.35,187.50714416503905
2025-02-08,wk inc flu hosp,2,49,2025-02-22,quantile,0.4,192.97569274902344
2025-02-08,wk inc flu hosp,2,49,2025-02-22,quantile,0.45,197.2190086364746
2025-02-08,wk inc flu hosp,2,49,2025-02-22,quantile,0.5,200.7235565185547
2025-02-08,wk inc flu hosp,2,49,2025-02-22,quantile,0.55,207.65157318115232
2025-02-08,wk inc flu hosp,2,49,2025-02-22,quantile,0.6,209.5525054931641
2025-02-08,wk inc flu hosp,2,49,2025-02-22,quantile,0.65,214.5976104736328
2025-02-08,wk inc flu hosp,2,49,2025-02-22,quantile,0.7,221.13826599121097
2025-02-08,wk inc flu hosp,2,49,2025-02-22,quantile,0.75,225.9941749572754
2025-02-08,wk inc flu hosp,2,49,2025-02-22,quantile,0.8,236.76010131835935
2025-02-08,wk inc flu hosp,2,49,2025-02-22,quantile,0.85,368.6538391113281
2025-02-08,wk inc flu hosp,2,49,2025-02-22,quantile,0.9,368.6538391113281
2025-02-08,wk inc flu hosp,2,49,2025-02-22,quantile,0.95,368.6538391113281
2025-02-08,wk inc flu hosp,2,49,2025-02-22,quantile,0.975,368.6538391113281
2025-02-08,wk inc flu hosp,2,49,2025-02-22,quantile,0.99,368.6538391113281
2025-02-08,wk inc flu hosp,3,49,2025-03-01,quantile,0.01,136.68480743408202
2025-02-08,wk inc flu hosp,3,49,2025-03-01,quantile,0.025,144.4840232849121
2025-02-08,wk inc flu hosp,3,49,2025-03-01,quantile,0.05,150.25436630249024
2025-02-08,wk inc flu hosp,3,49,2025-03-01,quantile,0.1,160.16441650390624
2025-02-08,wk inc flu hosp,3,49,2025-03-01,quantile,0.15,171.1465576171875
2025-02-08,wk inc flu hosp,3,49,2025-03-01,quantile,0.2,177.19168090820312
2025-02-08,wk inc flu hosp,3,49,2025-03-01,quantile,0.25,183.6962852478027
2025-02-08,wk inc flu hosp,3,49,2025-03-01,quantile,0.3,186.38101043701172
2025-02-08,wk inc flu hosp,3,49,2025-03-01,quantile,0.35,191.2279266357422
2025-02-08,wk inc flu hosp,3,49,2025-03-01,quantile,0.4,196.90368041992187
2025-02-08,wk inc flu hosp,3,49,2025-03-01,quantile,0.45,201.3812232971191
2025-02-08,wk inc flu hosp,3,49,2025-03-01,quantile,0.5,204.68756103515625
2025-02-08,wk inc flu hosp,3,49,2025-03-01,quantile,0.55,211.21919937133788
2025-02-08,wk inc flu hosp,3,49,2025-03-01,quantile,0.6,214.5976104736328
2025-02-08,wk inc flu hosp,3,49,2025-03-01,quantile,0.65,220.93103942871093
2025-02-08,wk inc flu hosp,3,49,2025-03-01,quantile,0.7,230.43568115234373
2025-02-08,wk inc flu hosp,3,49,2025-03-01,quantile,0.75,235.40874099731445
2025-02-08,wk inc flu hosp,3,49,2025-03-01,quantile,0.8,247.85935974121097
2025-02-08,wk inc flu hosp,3,49,2025-03-01,quantile,0.85,368.6538391113281
2025-02-08,wk inc flu hosp,3,49,2025-03-01,quantile,0.9,368.6538391113281
2025-02-08,wk inc flu hosp,3,49,2025-03-01,quantile,0.95,368.6538391113281
2025-02-08,wk inc flu hosp,3,49,2025-03-01,quantile,0.975,368.6538391113281
2025-02-08,wk inc flu hosp,3,49,2025-03-01,quantile,0.99,368.6538391113281
2025-02-08,wk inc flu hosp,0,50,2025-02-08,quantile,0.01,52.05575092315674
2025-02-08,wk inc flu hosp,0,50,2025-02-08,quantile,0.025,52.53633155822754
2025-02-08,wk inc flu hosp,0,50,2025-02-08,quantile,0.05,59.889774322509766
2025-02-08,wk inc flu hosp,0,50,2025-02-08,quantile,0.1,76.21085815429687
2025-02-08,wk inc flu hosp,0,50,2025-02-08,quantile,0.15,89.73285522460937
2025-02-08,wk inc flu hosp,0,50,2025-02-08,quantile,0.2,100.38461303710938
2025-02-08,wk inc flu hosp,0,50,2025-02-08,quantile,0.25,100.38461303710938
2025-02-08,wk inc flu hosp,0,50,2025-02-08,quantile,0.3,100.38461303710938
2025-02-08,wk inc flu hosp,0,50,2025-02-08,quantile,0.35,100.38461303710938
2025-02-08,wk inc flu hosp,0,50,2025-02-08,quantile,0.4,100.38461303710938
2025-02-08,wk inc flu hosp,0,50,2025-02-08,quantile,0.45,100.38461303710938
2025-02-08,wk inc flu hosp,0,50,2025-02-08,quantile,0.5,100.38461303710938
2025-02-08,wk inc flu hosp,0,50,2025-02-08,quantile,0.55,100.38461303710938
2025-02-08,wk inc flu hosp,0,50,2025-02-08,quantile,0.6,100.38461303710938
2025-02-08,wk inc flu hosp,0,50,2025-02-08,quantile,0.65,100.38461303710938
2025-02-08,wk inc flu hosp,0,50,2025-02-08,quantile,0.7,100.38461303710938
2025-02-08,wk inc flu hosp,0,50,2025-02-08,quantile,0.75,100.38461303710938
2025-02-08,wk inc flu hosp,0,50,2025-02-08,quantile,0.8,100.38461303710938
2025-02-08,wk inc flu hosp,0,50,2025-02-08,quantile,0.85,100.38461303710938
2025-02-08,wk inc flu hosp,0,50,2025-02-08,quantile,0.9,100.38461303710938
2025-02-08,wk inc flu hosp,0,50,2025-02-08,quantile,0.95,100.38461303710938
2025-02-08,wk inc flu hosp,0,50,2025-02-08,quantile,0.975,100.38461303710938
2025-02-08,wk inc flu hosp,0,50,2025-02-08,quantile,0.99,100.38461303710938
2025-02-08,wk inc flu hosp,1,50,2025-02-15,quantile,0.01,47.972166290283205
2025-02-08,wk inc flu hosp,1,50,2025-02-15,quantile,0.025,50.09417724609375
2025-02-08,wk inc flu hosp,1,50,2025-02-15,quantile,0.05,54.62277126312256
2025-02-08,wk inc flu hosp,1,50,2025-02-15,quantile,0.1,82.45177459716798
2025-02-08,wk inc flu hosp,1,50,2025-02-15,quantile,0.15,100.38461303710938
2025-02-08,wk inc flu hosp,1,50,2025-02-15,quantile,0.2,100.38461303710938
2025-02-08,wk inc flu hosp,1,50,2025-02-15,quantile,0.25,100.38461303710938
2025-02-08,wk inc flu hosp,1,50,2025-02-15,quantile,0.3,100.38461303710938
2025-02-08,wk inc flu hosp,1,50,2025-02-15,quantile,0.35,100.38461303710938
2025-02-08,wk inc flu hosp,1,50,2025-02-15,quantile,0.4,100.38461303710938
2025-02-08,wk inc flu hosp,1,50,2025-02-15,quantile,0.45,100.38461303710938
2025-02-08,wk inc flu hosp,1,50,2025-02-15,quantile,0.5,100.38461303710938
2025-02-08,wk inc flu hosp,1,50,2025-02-15,quantile,0.55,100.38461303710938
2025-02-08,wk inc flu hosp,1,50,2025-02-15,quantile,0.6,100.38461303710938
2025-02-08,wk inc flu hosp,1,50,2025-02-15,quantile,0.65,100.38461303710938
2025-02-08,wk inc flu hosp,1,50,2025-02-15,quantile,0.7,100.38461303710938
2025-02-08,wk inc flu hosp,1,50,2025-02-15,quantile,0.75,100.38461303710938
2025-02-08,wk inc flu hosp,1,50,2025-02-15,quantile,0.8,100.38461303710938
2025-02-08,wk inc flu hosp,1,50,2025-02-15,quantile,0.85,100.38461303710938
2025-02-08,wk inc flu hosp,1,50,2025-02-15,quantile,0.9,100.38461303710938
2025-02-08,wk inc flu hosp,1,50,2025-02-15,quantile,0.95,100.38461303710938
2025-02-08,wk inc flu hosp,1,50,2025-02-15,quantile,0.975,100.38461303710938
2025-02-08,wk inc flu hosp,1,50,2025-02-15,quantile,0.99,100.38461303710938
2025-02-08,wk inc flu hosp,2,50,2025-02-22,quantile,0.01,45.01018028259277
2025-02-08,wk inc flu hosp,2,50,2025-02-22,quantile,0.025,47.93046207427979
2025-02-08,wk inc flu hosp,2,50,2025-02-22,quantile,0.05,55.000561523437504
2025-02-08,wk inc flu hosp,2,50,2025-02-22,quantile,0.1,99.8743492126465
2025-02-08,wk inc flu hosp,2,50,2025-02-22,quantile,0.15,100.38461303710938
2025-02-08,wk inc flu hosp,2,50,2025-02-22,quantile,0.2,100.38461303710938
2025-02-08,wk inc flu hosp,2,50,2025-02-22,quantile,0.25,100.38461303710938
2025-02-08,wk inc flu hosp,2,50,2025-02-22,quantile,0.3,100.38461303710938
2025-02-08,wk inc flu hosp,2,50,2025-02-22,quantile,0.35,100.38461303710938
2025-02-08,wk inc flu hosp,2,50,2025-02-22,quantile,0.4,100.38461303710938
2025-02-08,wk inc flu hosp,2,50,2025-02-22,quantile,0.45,100.38461303710938
2025-02-08,wk inc flu hosp,2,50,2025-02-22,quantile,0.5,100.38461303710938
2025-02-08,wk inc flu hosp,2,50,2025-02-22,quantile,0.55,100.38461303710938
2025-02-08,wk inc flu hosp,2,50,2025-02-22,quantile,0.6,100.38461303710938
2025-02-08,wk inc flu hosp,2,50,2025-02-22,quantile,0.65,100.38461303710938
2025-02-08,wk inc flu hosp,2,50,2025-02-22,quantile,0.7,100.38461303710938
2025-02-08,wk inc flu hosp,2,50,2025-02-22,quantile,0.75,100.38461303710938
2025-02-08,wk inc flu hosp,2,50,2025-02-22,quantile,0.8,100.38461303710938
2025-02-08,wk inc flu hosp,2,50,2025-02-22,quantile,0.85,100.38461303710938
2025-02-08,wk inc flu hosp,2,50,2025-02-22,quantile,0.9,100.38461303710938
2025-02-08,wk inc flu hosp,2,50,2025-02-22,quantile,0.95,100.38461303710938
2025-02-08,wk inc flu hosp,2,50,2025-02-22,quantile,0.975,100.38461303710938
2025-02-08,wk inc flu hosp,2,50,2025-02-22,quantile,0.99,100.38461303710938
2025-02-08,wk inc flu hosp,3,50,2025-03-01,quantile,0.01,38.071083526611325
2025-02-08,wk inc flu hosp,3,50,2025-03-01,quantile,0.025,41.92259683609009
2025-02-08,wk inc flu hosp,3,50,2025-03-01,quantile,0.05,53.87454795837402
2025-02-08,wk inc flu hosp,3,50,2025-03-01,quantile,0.1,100.36498718261718
2025-02-08,wk inc flu hosp,3,50,2025-03-01,quantile,0.15,100.38461303710938
2025-02-08,wk inc flu hosp,3,50,2025-03-01,quantile,0.2,100.38461303710938
2025-02-08,wk inc flu hosp,3,50,2025-03-01,quantile,0.25,100.38461303710938
2025-02-08,wk inc flu hosp,3,50,2025-03-01,quantile,0.3,100.38461303710938
2025-02-08,wk inc flu hosp,3,50,2025-03-01,quantile,0.35,100.38461303710938
2025-02-08,wk inc flu hosp,3,50,2025-03-01,quantile,0.4,100.38461303710938
2025-02-08,wk inc flu hosp,3,50,2025-03-01,quantile,0.45,100.38461303710938
2025-02-08,wk inc flu hosp,3,50,2025-03-01,quantile,0.5,100.38461303710938
2025-02-08,wk inc flu hosp,3,50,2025-03-01,quantile,0.55,100.38461303710938
2025-02-08,wk inc flu hosp,3,50,2025-03-01,quantile,0.6,100.38461303710938
2025-02-08,wk inc flu hosp,3,50,2025-03-01,quantile,0.65,100.38461303710938
2025-02-08,wk inc flu hosp,3,50,2025-03-01,quantile,0.7,100.38461303710938
2025-02-08,wk inc flu hosp,3,50,2025-03-01,quantile,0.75,100.38461303710938
2025-02-08,wk inc flu hosp,3,50,2025-03-01,quantile,0.8,100.38461303710938
2025-02-08,wk inc flu hosp,3,50,2025-03-01,quantile,0.85,100.38461303710938
2025-02-08,wk inc flu hosp,3,50,2025-03-01,quantile,0.9,100.38461303710938
2025-02-08,wk inc flu hosp,3,50,2025-03-01,quantile,0.95,100.38461303710938
2025-02-08,wk inc flu hosp,3,50,2025-03-01,quantile,0.975,100.38461303710938
2025-02-08,wk inc flu hosp,3,50,2025-03-01,quantile,0.99,100.38461303710938
2025-02-08,wk inc flu hosp,0,51,2025-02-08,quantile,0.01,776.9939697265625
2025-02-08,wk inc flu hosp,0,51,2025-02-08,quantile,0.025,816.0742553710937
2025-02-08,wk inc flu hosp,0,51,2025-02-08,quantile,0.05,832.6330200195313
2025-02-08,wk inc flu hosp,0,51,2025-02-08,quantile,0.1,872.191162109375
2025-02-08,wk inc flu hosp,0,51,2025-02-08,quantile,0.15,886.6099609375
2025-02-08,wk inc flu hosp,0,51,2025-02-08,quantile,0.2,896.707275390625
2025-02-08,wk inc flu hosp,0,51,2025-02-08,quantile,0.25,906.679931640625
2025-02-08,wk inc flu hosp,0,51,2025-02-08,quantile,0.3,918.065362548828
2025-02-08,wk inc flu hosp,0,51,2025-02-08,quantile,0.35,924.6722442626954
2025-02-08,wk inc flu hosp,0,51,2025-02-08,quantile,0.4,931.2791259765625
2025-02-08,wk inc flu hosp,0,51,2025-02-08,quantile,0.45,938.3430541992188
2025-02-08,wk inc flu hosp,0,51,2025-02-08,quantile,0.5,944.908447265625
2025-02-08,wk inc flu hosp,0,51,2025-02-08,quantile,0.55,951.0997436523436
2025-02-08,wk inc flu hosp,0,51,2025-02-08,quantile,0.6,975.4911987304688
2025-02-08,wk inc flu hosp,0,51,2025-02-08,quantile,0.65,989.2451324462892
2025-02-08,wk inc flu hosp,0,51,2025-02-08,quantile,0.7,1008.0684814453124
2025-02-08,wk inc flu hosp,0,51,2025-02-08,quantile,0.75,1700.3365478515625
2025-02-08,wk inc flu hosp,0,51,2025-02-08,quantile,0.8,1700.3365478515625
2025-02-08,wk inc flu hosp,0,51,2025-02-08,quantile,0.85,1700.3365478515625
2025-02-08,wk inc flu hosp,0,51,2025-02-08,quantile,0.9,1700.3365478515625
2025-02-08,wk inc flu hosp,0,51,2025-02-08,quantile,0.95,1700.3365478515625
2025-02-08,wk inc flu hosp,0,51,2025-02-08,quantile,0.975,1700.3365478515625
2025-02-08,wk inc flu hosp,0,51,2025-02-08,quantile,0.99,1700.3365478515625
2025-02-08,wk inc flu hosp,1,51,2025-02-15,quantile,0.01,690.7970385742187
2025-02-08,wk inc flu hosp,1,51,2025-02-15,quantile,0.025,739.45107421875
2025-02-08,wk inc flu hosp,1,51,2025-02-15,quantile,0.05,765.1098846435547
2025-02-08,wk inc flu hosp,1,51,2025-02-15,quantile,0.1,806.8703247070313
2025-02-08,wk inc flu hosp,1,51,2025-02-15,quantile,0.15,832.5914672851562
2025-02-08,wk inc flu hosp,1,51,2025-02-15,quantile,0.2,864.296142578125
2025-02-08,wk inc flu hosp,1,51,2025-02-15,quantile,0.25,877.38525390625
2025-02-08,wk inc flu hosp,1,51,2025-02-15,quantile,0.3,884.573876953125
2025-02-08,wk inc flu hosp,1,51,2025-02-15,quantile,0.35,894.17255859375
2025-02-08,wk inc flu hosp,1,51,2025-02-15,quantile,0.4,903.854345703125
2025-02-08,wk inc flu hosp,1,51,2025-02-15,quantile,0.45,912.1233673095704
2025-02-08,wk inc flu hosp,1,51,2025-02-15,quantile,0.5,929.1183471679688
2025-02-08,wk inc flu hosp,1,51,2025-02-15,quantile,0.55,938.1768432617188
2025-02-08,wk inc flu hosp,1,51,2025-02-15,quantile,0.6,965.352392578125
2025-02-08,wk inc flu hosp,1,51,2025-02-15,quantile,0.65,987.0843902587892
2025-02-08,wk inc flu hosp,1,51,2025-02-15,quantile,0.7,1014.1351806640624
2025-02-08,wk inc flu hosp,1,51,2025-02-15,quantile,0.75,1700.3365478515625
2025-02-08,wk inc flu hosp,1,51,2025-02-15,quantile,0.8,1700.3365478515625
2025-02-08,wk inc flu hosp,1,51,2025-02-15,quantile,0.85,1700.3365478515625
2025-02-08,wk inc flu hosp,1,51,2025-02-15,quantile,0.9,1700.3365478515625
2025-02-08,wk inc flu hosp,1,51,2025-02-15,quantile,0.95,1700.3365478515625
2025-02-08,wk inc flu hosp,1,51,2025-02-15,quantile,0.975,1700.3365478515625
2025-02-08,wk inc flu hosp,1,51,2025-02-15,quantile,0.99,1700.3365478515625
2025-02-08,wk inc flu hosp,2,51,2025-02-22,quantile,0.01,634.8670593261719
2025-02-08,wk inc flu hosp,2,51,2025-02-22,quantile,0.025,663.5135131835938
2025-02-08,wk inc flu hosp,2,51,2025-02-22,quantile,0.05,707.1854370117188
2025-02-08,wk inc flu hosp,2,51,2025-02-22,quantile,0.1,752.9349365234375
2025-02-08,wk inc flu hosp,2,51,2025-02-22,quantile,0.15,790.1661346435546
2025-02-08,wk inc flu hosp,2,51,2025-02-22,quantile,0.2,819.7516723632813
2025-02-08,wk inc flu hosp,2,51,2025-02-22,quantile,0.25,840.4033813476562
2025-02-08,wk inc flu hosp,2,51,2025-02-22,quantile,0.3,855.237646484375
2025-02-08,wk inc flu hosp,2,51,2025-02-22,quantile,0.35,871.484765625
2025-02-08,wk inc flu hosp,2,51,2025-02-22,quantile,0.4,881.9145629882813
2025-02-08,wk inc flu hosp,2,51,2025-02-22,quantile,0.45,897.7876464843749
2025-02-08,wk inc flu hosp,2,51,2025-02-22,quantile,0.5,921.2233581542968
2025-02-08,wk inc flu hosp,2,51,2025-02-22,quantile,0.55,931.9855194091796
2025-02-08,wk inc flu hosp,2,51,2025-02-22,quantile,0.6,963.8564331054688
2025-02-08,wk inc flu hosp,2,51,2025-02-22,quantile,0.65,991.488980102539
2025-02-08,wk inc flu hosp,2,51,2025-02-22,quantile,0.7,1033.415649414062
2025-02-08,wk inc flu hosp,2,51,2025-02-22,quantile,0.75,1700.3365478515625
2025-02-08,wk inc flu hosp,2,51,2025-02-22,quantile,0.8,1700.3365478515625
2025-02-08,wk inc flu hosp,2,51,2025-02-22,quantile,0.85,1700.3365478515625
2025-02-08,wk inc flu hosp,2,51,2025-02-22,quantile,0.9,1700.3365478515625
2025-02-08,wk inc flu hosp,2,51,2025-02-22,quantile,0.95,1700.3365478515625
2025-02-08,wk inc flu hosp,2,51,2025-02-22,quantile,0.975,1700.3365478515625
2025-02-08,wk inc flu hosp,2,51,2025-02-22,quantile,0.99,1700.3365478515625
2025-02-08,wk inc flu hosp,3,51,2025-03-01,quantile,0.01,552.7672882080078
2025-02-08,wk inc flu hosp,3,51,2025-03-01,quantile,0.025,590.630078125
2025-02-08,wk inc flu hosp,3,51,2025-03-01,quantile,0.05,626.19921875
2025-02-08,wk inc flu hosp,3,51,2025-03-01,quantile,0.1,710.8836242675782
2025-02-08,wk inc flu hosp,3,51,2025-03-01,quantile,0.15,737.8512939453125
2025-02-08,wk inc flu hosp,3,51,2025-03-01,quantile,0.2,774.2099365234375
2025-02-08,wk inc flu hosp,3,51,2025-03-01,quantile,0.25,799.2661743164062
2025-02-08,wk inc flu hosp,3,51,2025-03-01,quantile,0.3,836.6220825195312
2025-02-08,wk inc flu hosp,3,51,2025-03-01,quantile,0.35,850.4175903320312
2025-02-08,wk inc flu hosp,3,51,2025-03-01,quantile,0.4,869.282470703125
2025-02-08,wk inc flu hosp,3,51,2025-03-01,quantile,0.45,883.4519805908203
2025-02-08,wk inc flu hosp,3,51,2025-03-01,quantile,0.5,912.497314453125
2025-02-08,wk inc flu hosp,3,51,2025-03-01,quantile,0.55,931.5284057617188
2025-02-08,wk inc flu hosp,3,51,2025-03-01,quantile,0.6,965.8509887695312
2025-02-08,wk inc flu hosp,3,51,2025-03-01,quantile,0.65,995.1871948242188
2025-02-08,wk inc flu hosp,3,51,2025-03-01,quantile,0.7,1034.9115478515623
2025-02-08,wk inc flu hosp,3,51,2025-03-01,quantile,0.75,1700.3365478515625
2025-02-08,wk inc flu hosp,3,51,2025-03-01,quantile,0.8,1700.3365478515625
2025-02-08,wk inc flu hosp,3,51,2025-03-01,quantile,0.85,1700.3365478515625
2025-02-08,wk inc flu hosp,3,51,2025-03-01,quantile,0.9,1700.3365478515625
2025-02-08,wk inc flu hosp,3,51,2025-03-01,quantile,0.95,1700.3365478515625
2025-02-08,wk inc flu hosp,3,51,2025-03-01,quantile,0.975,1700.3365478515625
2025-02-08,wk inc flu hosp,3,51,2025-03-01,quantile,0.99,1700.3365478515625
2025-02-08,wk inc flu hosp,0,53,2025-02-08,quantile,0.01,549.5885211181641
2025-02-08,wk inc flu hosp,0,53,2025-02-08,quantile,0.025,554.2347442626954
2025-02-08,wk inc flu hosp,0,53,2025-02-08,quantile,0.05,563.1375274658203
2025-02-08,wk inc flu hosp,0,53,2025-02-08,quantile,0.1,570.8768127441406
2025-02-08,wk inc flu hosp,0,53,2025-02-08,quantile,0.15,577.8317260742188
2025-02-08,wk inc flu hosp,0,53,2025-02-08,quantile,0.2,582.433447265625
2025-02-08,wk inc flu hosp,0,53,2025-02-08,quantile,0.25,585.5448760986328
2025-02-08,wk inc flu hosp,0,53,2025-02-08,quantile,0.3,593.0488342285156
2025-02-08,wk inc flu hosp,0,53,2025-02-08,quantile,0.35,598.2257690429688
2025-02-08,wk inc flu hosp,0,53,2025-02-08,quantile,0.4,603.4550170898438
2025-02-08,wk inc flu hosp,0,53,2025-02-08,quantile,0.45,610.7760009765625
2025-02-08,wk inc flu hosp,0,53,2025-02-08,quantile,0.5,615.7437744140625
2025-02-08,wk inc flu hosp,0,53,2025-02-08,quantile,0.55,620.1886596679688
2025-02-08,wk inc flu hosp,0,53,2025-02-08,quantile,0.6,622.80322265625
2025-02-08,wk inc flu hosp,0,53,2025-02-08,quantile,0.65,627.1696655273438
2025-02-08,wk inc flu hosp,0,53,2025-02-08,quantile,0.7,630.2810302734375
2025-02-08,wk inc flu hosp,0,53,2025-02-08,quantile,0.75,632.3466186523438
2025-02-08,wk inc flu hosp,0,53,2025-02-08,quantile,0.8,636.3992309570312
2025-02-08,wk inc flu hosp,0,53,2025-02-08,quantile,0.85,639.6152465820312
2025-02-08,wk inc flu hosp,0,53,2025-02-08,quantile,0.9,643.9817321777343
2025-02-08,wk inc flu hosp,0,53,2025-02-08,quantile,0.95,654.2048553466797
2025-02-08,wk inc flu hosp,0,53,2025-02-08,quantile,0.975,665.2908264160156
2025-02-08,wk inc flu hosp,0,53,2025-02-08,quantile,0.99,1069.90380859375
2025-02-08,wk inc flu hosp,1,53,2025-02-15,quantile,0.01,526.5380200195312
2025-02-08,wk inc flu hosp,1,53,2025-02-15,quantile,0.025,537.5142349243164
2025-02-08,wk inc flu hosp,1,53,2025-02-15,quantile,0.05,541.6453521728515
2025-02-08,wk inc flu hosp,1,53,2025-02-15,quantile,0.1,553.4111694335937
2025-02-08,wk inc flu hosp,1,53,2025-02-15,quantile,0.15,561.09814453125
2025-02-08,wk inc flu hosp,1,53,2025-02-15,quantile,0.2,571.870361328125
2025-02-08,wk inc flu hosp,1,53,2025-02-15,quantile,0.25,578.8775634765625
2025-02-08,wk inc flu hosp,1,53,2025-02-15,quantile,0.3,585.1527099609375
2025-02-08,wk inc flu hosp,1,53,2025-02-15,quantile,0.35,593.3364379882812
2025-02-08,wk inc flu hosp,1,53,2025-02-15,quantile,0.4,602.30458984375
2025-02-08,wk inc flu hosp,1,53,2025-02-15,quantile,0.45,610.0177520751953
2025-02-08,wk inc flu hosp,1,53,2025-02-15,quantile,0.5,616.2666931152344
2025-02-08,wk inc flu hosp,1,53,2025-02-15,quantile,0.55,619.378060913086
2025-02-08,wk inc flu hosp,1,53,2025-02-15,quantile,0.6,623.5353271484375
2025-02-08,wk inc flu hosp,1,53,2025-02-15,quantile,0.65,626.6467559814453
2025-02-08,wk inc flu hosp,1,53,2025-02-15,quantile,0.7,631.1699829101562
2025-02-08,wk inc flu hosp,1,53,2025-02-15,quantile,0.75,637.0529022216797
2025-02-08,wk inc flu hosp,1,53,2025-02-15,quantile,0.8,641.3147583007812
2025-02-08,wk inc flu hosp,1,53,2025-02-15,quantile,0.85,647.9036254882812
2025-02-08,wk inc flu hosp,1,53,2025-02-15,quantile,0.9,655.224609375
2025-02-08,wk inc flu hosp,1,53,2025-02-15,quantile,0.95,668.8729095458984
2025-02-08,wk inc flu hosp,1,53,2025-02-15,quantile,0.975,687.7504592895508
2025-02-08,wk inc flu hosp,1,53,2025-02-15,quantile,0.99,1069.90380859375
2025-02-08,wk inc flu hosp,2,53,2025-02-22,quantile,0.01,503.0116632080078
2025-02-08,wk inc flu hosp,2,53,2025-02-22,quantile,0.025,516.1135147094726
2025-02-08,wk inc flu hosp,2,53,2025-02-22,quantile,0.05,521.8264923095703
2025-02-08,wk inc flu hosp,2,53,2025-02-22,quantile,0.1,538.6123657226562
2025-02-08,wk inc flu hosp,2,53,2025-02-22,quantile,0.15,549.59375
2025-02-08,wk inc flu hosp,2,53,2025-02-22,quantile,0.2,559.4247802734375
2025-02-08,wk inc flu hosp,2,53,2025-02-22,quantile,0.25,571.0337066650391
2025-02-08,wk inc flu hosp,2,53,2025-02-22,quantile,0.3,581.2307312011719
2025-02-08,wk inc flu hosp,2,53,2025-02-22,quantile,0.35,593.3364379882812
2025-02-08,wk inc flu hosp,2,53,2025-02-22,quantile,0.4,600.4220458984375
2025-02-08,wk inc flu hosp,2,53,2025-02-22,quantile,0.45,607.1678009033203
2025-02-08,wk inc flu hosp,2,53,2025-02-22,quantile,0.5,612.606201171875
2025-02-08,wk inc flu hosp,2,53,2025-02-22,quantile,0.55,616.2405487060547
2025-02-08,wk inc flu hosp,2,53,2025-02-22,quantile,0.6,621.9665649414062
2025-02-08,wk inc flu hosp,2,53,2025-02-22,quantile,0.65,627.5095825195312
2025-02-08,wk inc flu hosp,2,53,2025-02-22,quantile,0.7,631.8498596191406
2025-02-08,wk inc flu hosp,2,53,2025-02-22,quantile,0.75,637.0529022216797
2025-02-08,wk inc flu hosp,2,53,2025-02-22,quantile,0.8,643.3018676757813
2025-02-08,wk inc flu hosp,2,53,2025-02-22,quantile,0.85,650.5182495117188
2025-02-08,wk inc flu hosp,2,53,2025-02-22,quantile,0.9,661.290478515625
2025-02-08,wk inc flu hosp,2,53,2025-02-22,quantile,0.95,683.0703063964843
2025-02-08,wk inc flu hosp,2,53,2025-02-22,quantile,0.975,717.7140380859375
2025-02-08,wk inc flu hosp,2,53,2025-02-22,quantile,0.99,1069.90380859375
2025-02-08,wk inc flu hosp,3,53,2025-03-01,quantile,0.01,484.636116027832
2025-02-08,wk inc flu hosp,3,53,2025-03-01,quantile,0.025,495.183479309082
2025-02-08,wk inc flu hosp,3,53,2025-03-01,quantile,0.05,506.1126007080078
2025-02-08,wk inc flu hosp,3,53,2025-03-01,quantile,0.1,526.3236267089844
2025-02-08,wk inc flu hosp,3,53,2025-03-01,quantile,0.15,536.1284973144532
2025-02-08,wk inc flu hosp,3,53,2025-03-01,quantile,0.2,545.72412109375
2025-02-08,wk inc flu hosp,3,53,2025-03-01,quantile,0.25,565.1508178710938
2025-02-08,wk inc flu hosp,3,53,2025-03-01,quantile,0.3,577.6748413085937
2025-02-08,wk inc flu hosp,3,53,2025-03-01,quantile,0.35,591.4016082763671
2025-02-08,wk inc flu hosp,3,53,2025-03-01,quantile,0.4,598.0166137695312
2025-02-08,wk inc flu hosp,3,53,2025-03-01,quantile,0.45,604.2655548095703
2025-02-08,wk inc flu hosp,3,53,2025-03-01,quantile,0.5,612.606201171875
2025-02-08,wk inc flu hosp,3,53,2025-03-01,quantile,0.55,618.3322235107422
2025-02-08,wk inc flu hosp,3,53,2025-03-01,quantile,0.6,622.4894897460938
2025-02-08,wk inc flu hosp,3,53,2025-03-01,quantile,0.65,626.6467559814453
2025-02-08,wk inc flu hosp,3,53,2025-03-01,quantile,0.7,631.1177307128906
2025-02-08,wk inc flu hosp,3,53,2025-03-01,quantile,0.75,638.6217041015625
2025-02-08,wk inc flu hosp,3,53,2025-03-01,quantile,0.8,643.7202758789062
2025-02-08,wk inc flu hosp,3,53,2025-03-01,quantile,0.85,657.3162841796875
2025-02-08,wk inc flu hosp,3,53,2025-03-01,quantile,0.9,674.1021545410156
2025-02-08,wk inc flu hosp,3,53,2025-03-01,quantile,0.95,701.137335205078
2025-02-08,wk inc flu hosp,3,53,2025-03-01,quantile,0.975,747.8344940185548
2025-02-08,wk inc flu hosp,3,53,2025-03-01,quantile,0.99,1069.90380859375
2025-02-08,wk inc flu hosp,0,54,2025-02-08,quantile,0.01,163.32971374511715
2025-02-08,wk inc flu hosp,0,54,2025-02-08,quantile,0.025,168.28170890808104
2025-02-08,wk inc flu hosp,0,54,2025-02-08,quantile,0.05,180.8830421447754
2025-02-08,wk inc flu hosp,0,54,2025-02-08,quantile,0.1,185.0606231689453
2025-02-08,wk inc flu hosp,0,54,2025-02-08,quantile,0.15,188.5523223876953
2025-02-08,wk inc flu hosp,0,54,2025-02-08,quantile,0.2,190.5475921630859
2025-02-08,wk inc flu hosp,0,54,2025-02-08,quantile,0.25,194.2886962890625
2025-02-08,wk inc flu hosp,0,54,2025-02-08,quantile,0.3,196.2839813232422
2025-02-08,wk inc flu hosp,0,54,2025-02-08,quantile,0.35,198.27923583984375
2025-02-08,wk inc flu hosp,0,54,2025-02-08,quantile,0.4,199.67591857910156
2025-02-08,wk inc flu hosp,0,54,2025-02-08,quantile,0.45,201.7709503173828
2025-02-08,wk inc flu hosp,0,54,2025-02-08,quantile,0.5,204.01560974121097
2025-02-08,wk inc flu hosp,0,54,2025-02-08,quantile,0.55,206.87133331298827
2025-02-08,wk inc flu hosp,0,54,2025-02-08,quantile,0.6,209.50257873535156
2025-02-08,wk inc flu hosp,0,54,2025-02-08,quantile,0.65,213.2561836242676
2025-02-08,wk inc flu hosp,0,54,2025-02-08,quantile,0.7,217.483642578125
2025-02-08,wk inc flu hosp,0,54,2025-02-08,quantile,0.75,228.33288192749023
2025-02-08,wk inc flu hosp,0,54,2025-02-08,quantile,0.8,249.80690307617192
2025-02-08,wk inc flu hosp,0,54,2025-02-08,quantile,0.85,258.972624206543
2025-02-08,wk inc flu hosp,0,54,2025-02-08,quantile,0.9,510.2884521484375
2025-02-08,wk inc flu hosp,0,54,2025-02-08,quantile,0.95,510.2884521484375
2025-02-08,wk inc flu hosp,0,54,2025-02-08,quantile,0.975,510.2884521484375
2025-02-08,wk inc flu hosp,0,54,2025-02-08,quantile,0.99,510.2884521484375
2025-02-08,wk inc flu hosp,1,54,2025-02-15,quantile,0.01,135.92727661132812
2025-02-08,wk inc flu hosp,1,54,2025-02-15,quantile,0.025,137.8788848876953
2025-02-08,wk inc flu hosp,1,54,2025-02-15,quantile,0.05,150.82940216064452
2025-02-08,wk inc flu hosp,1,54,2025-02-15,quantile,0.1,159.74571838378907
2025-02-08,wk inc flu hosp,1,54,2025-02-15,quantile,0.15,160.36923217773438
2025-02-08,wk inc flu hosp,1,54,2025-02-15,quantile,0.2,163.3621368408203
2025-02-08,wk inc flu hosp,1,54,2025-02-15,quantile,0.25,167.16560745239258
2025-02-08,wk inc flu hosp,1,54,2025-02-15,quantile,0.3,170.0961456298828
2025-02-08,wk inc flu hosp,1,54,2025-02-15,quantile,0.35,174.660311126709
2025-02-08,wk inc flu hosp,1,54,2025-02-15,quantile,0.4,180.32188415527344
2025-02-08,wk inc flu hosp,1,54,2025-02-15,quantile,0.45,181.81832885742188
2025-02-08,wk inc flu hosp,1,54,2025-02-15,quantile,0.5,188.80174255371097
2025-02-08,wk inc flu hosp,1,54,2025-02-15,quantile,0.55,190.29818725585935
2025-02-08,wk inc flu hosp,1,54,2025-02-15,quantile,0.6,195.78517150878903
2025-02-08,wk inc flu hosp,1,54,2025-02-15,quantile,0.65,198.0298309326172
2025-02-08,wk inc flu hosp,1,54,2025-02-15,quantile,0.7,201.27212524414065
2025-02-08,wk inc flu hosp,1,54,2025-02-15,quantile,0.75,207.00851440429688
2025-02-08,wk inc flu hosp,1,54,2025-02-15,quantile,0.8,238.03484191894535
2025-02-08,wk inc flu hosp,1,54,2025-02-15,quantile,0.85,251.47793045043943
2025-02-08,wk inc flu hosp,1,54,2025-02-15,quantile,0.9,510.2884521484375
2025-02-08,wk inc flu hosp,1,54,2025-02-15,quantile,0.95,510.2884521484375
2025-02-08,wk inc flu hosp,1,54,2025-02-15,quantile,0.975,510.2884521484375
2025-02-08,wk inc flu hosp,1,54,2025-02-15,quantile,0.99,510.2884521484375
2025-02-08,wk inc flu hosp,2,54,2025-02-22,quantile,0.01,106.96105453491212
2025-02-08,wk inc flu hosp,2,54,2025-02-22,quantile,0.025,114.6964391708374
2025-02-08,wk inc flu hosp,2,54,2025-02-22,quantile,0.05,126.67424736022949
2025-02-08,wk inc flu hosp,2,54,2025-02-22,quantile,0.1,133.15885162353516
2025-02-08,wk inc flu hosp,2,54,2025-02-22,quantile,0.15,135.92727661132812
2025-02-08,wk inc flu hosp,2,54,2025-02-22,quantile,0.2,142.31210327148438
2025-02-08,wk inc flu hosp,2,54,2025-02-22,quantile,0.25,146.90122985839844
2025-02-08,wk inc flu hosp,2,54,2025-02-22,quantile,0.3,149.17084045410155
2025-02-08,wk inc flu hosp,2,54,2025-02-22,quantile,0.35,155.38108825683594
2025-02-08,wk inc flu hosp,2,54,2025-02-22,quantile,0.4,160.1198272705078
2025-02-08,wk inc flu hosp,2,54,2025-02-22,quantile,0.45,163.61155700683594
2025-02-08,wk inc flu hosp,2,54,2025-02-22,quantile,0.5,167.97618865966797
2025-02-08,wk inc flu hosp,2,54,2025-02-22,quantile,0.55,173.7375015258789
2025-02-08,wk inc flu hosp,2,54,2025-02-22,quantile,0.6,179.3741271972656
2025-02-08,wk inc flu hosp,2,54,2025-02-22,quantile,0.65,186.73165130615232
2025-02-08,wk inc flu hosp,2,54,2025-02-22,quantile,0.7,190.7969970703125
2025-02-08,wk inc flu hosp,2,54,2025-02-22,quantile,0.75,200.27449798583984
2025-02-08,wk inc flu hosp,2,54,2025-02-22,quantile,0.8,227.45995483398443
2025-02-08,wk inc flu hosp,2,54,2025-02-22,quantile,0.85,251.47793045043943
2025-02-08,wk inc flu hosp,2,54,2025-02-22,quantile,0.9,510.2884521484375
2025-02-08,wk inc flu hosp,2,54,2025-02-22,quantile,0.95,510.2884521484375
2025-02-08,wk inc flu hosp,2,54,2025-02-22,quantile,0.975,510.2884521484375
2025-02-08,wk inc flu hosp,2,54,2025-02-22,quantile,0.99,510.2884521484375
2025-02-08,wk inc flu hosp,3,54,2025-03-01,quantile,0.01,80.3068244934082
2025-02-08,wk inc flu hosp,3,54,2025-03-01,quantile,0.025,99.71949157714845
2025-02-08,wk inc flu hosp,3,54,2025-03-01,quantile,0.05,104.56423377990724
2025-02-08,wk inc flu hosp,3,54,2025-03-01,quantile,0.1,118.16944046020508
2025-02-08,wk inc flu hosp,3,54,2025-03-01,quantile,0.15,128.00857696533205
2025-02-08,wk inc flu hosp,3,54,2025-03-01,quantile,0.2,130.93911743164062
2025-02-08,wk inc flu hosp,3,54,2025-03-01,quantile,0.25,132.8096809387207
2025-02-08,wk inc flu hosp,3,54,2025-03-01,quantile,0.3,135.67787170410156
2025-02-08,wk inc flu hosp,3,54,2025-03-01,quantile,0.35,141.41424560546875
2025-02-08,wk inc flu hosp,3,54,2025-03-01,quantile,0.4,146.65182495117188
2025-02-08,wk inc flu hosp,3,54,2025-03-01,quantile,0.45,149.64471435546875
2025-02-08,wk inc flu hosp,3,54,2025-03-01,quantile,0.5,155.75519561767578
2025-02-08,wk inc flu hosp,3,54,2025-03-01,quantile,0.55,161.6038070678711
2025-02-08,wk inc flu hosp,3,54,2025-03-01,quantile,0.6,169.1982879638672
2025-02-08,wk inc flu hosp,3,54,2025-03-01,quantile,0.65,178.16449127197265
2025-02-08,wk inc flu hosp,3,54,2025-03-01,quantile,0.7,183.3646545410156
2025-02-08,wk inc flu hosp,3,54,2025-03-01,quantile,0.75,190.5475921630859
2025-02-08,wk inc flu hosp,3,54,2025-03-01,quantile,0.8,221.67369384765627
2025-02-08,wk inc flu hosp,3,54,2025-03-01,quantile,0.85,247.2754119873047
2025-02-08,wk inc flu hosp,3,54,2025-03-01,quantile,0.9,510.2884521484375
2025-02-08,wk inc flu hosp,3,54,2025-03-01,quantile,0.95,510.2884521484375
2025-02-08,wk inc flu hosp,3,54,2025-03-01,quantile,0.975,510.2884521484375
2025-02-08,wk inc flu hosp,3,54,2025-03-01,quantile,0.99,510.2884521484375
2025-02-08,wk inc flu hosp,0,55,2025-02-08,quantile,0.01,1067.6677001953126
2025-02-08,wk inc flu hosp,0,55,2025-02-08,quantile,0.025,1084.6813507080078
2025-02-08,wk inc flu hosp,0,55,2025-02-08,quantile,0.05,1085.7691650390625
2025-02-08,wk inc flu hosp,0,55,2025-02-08,quantile,0.1,1085.7691650390625
2025-02-08,wk inc flu hosp,0,55,2025-02-08,quantile,0.15,1085.7691650390625
2025-02-08,wk inc flu hosp,0,55,2025-02-08,quantile,0.2,1085.7691650390625
2025-02-08,wk inc flu hosp,0,55,2025-02-08,quantile,0.25,1085.7691650390625
2025-02-08,wk inc flu hosp,0,55,2025-02-08,quantile,0.3,1085.7691650390625
2025-02-08,wk inc flu hosp,0,55,2025-02-08,quantile,0.35,1085.7691650390625
2025-02-08,wk inc flu hosp,0,55,2025-02-08,quantile,0.4,1085.7691650390625
2025-02-08,wk inc flu hosp,0,55,2025-02-08,quantile,0.45,1085.7691650390625
2025-02-08,wk inc flu hosp,0,55,2025-02-08,quantile,0.5,1085.7691650390625
2025-02-08,wk inc flu hosp,0,55,2025-02-08,quantile,0.55,1085.7691650390625
2025-02-08,wk inc flu hosp,0,55,2025-02-08,quantile,0.6,1085.7691650390625
2025-02-08,wk inc flu hosp,0,55,2025-02-08,quantile,0.65,1085.7691650390625
2025-02-08,wk inc flu hosp,0,55,2025-02-08,quantile,0.7,1085.7691650390625
2025-02-08,wk inc flu hosp,0,55,2025-02-08,quantile,0.75,1085.7691650390625
2025-02-08,wk inc flu hosp,0,55,2025-02-08,quantile,0.8,1085.7691650390625
2025-02-08,wk inc flu hosp,0,55,2025-02-08,quantile,0.85,1085.7691650390625
2025-02-08,wk inc flu hosp,0,55,2025-02-08,quantile,0.9,1085.7691650390625
2025-02-08,wk inc flu hosp,0,55,2025-02-08,quantile,0.95,1085.7691650390625
2025-02-08,wk inc flu hosp,0,55,2025-02-08,quantile,0.975,1085.7691650390625
2025-02-08,wk inc flu hosp,0,55,2025-02-08,quantile,0.99,1085.7691650390625
2025-02-08,wk inc flu hosp,1,55,2025-02-15,quantile,0.01,1075.6385180664065
2025-02-08,wk inc flu hosp,1,55,2025-02-15,quantile,0.025,1085.7293640136718
2025-02-08,wk inc flu hosp,1,55,2025-02-15,quantile,0.05,1085.7691650390625
2025-02-08,wk inc flu hosp,1,55,2025-02-15,quantile,0.1,1085.7691650390625
2025-02-08,wk inc flu hosp,1,55,2025-02-15,quantile,0.15,1085.7691650390625
2025-02-08,wk inc flu hosp,1,55,2025-02-15,quantile,0.2,1085.7691650390625
2025-02-08,wk inc flu hosp,1,55,2025-02-15,quantile,0.25,1085.7691650390625
2025-02-08,wk inc flu hosp,1,55,2025-02-15,quantile,0.3,1085.7691650390625
2025-02-08,wk inc flu hosp,1,55,2025-02-15,quantile,0.35,1085.7691650390625
2025-02-08,wk inc flu hosp,1,55,2025-02-15,quantile,0.4,1085.7691650390625
2025-02-08,wk inc flu hosp,1,55,2025-02-15,quantile,0.45,1085.7691650390625
2025-02-08,wk inc flu hosp,1,55,2025-02-15,quantile,0.5,1085.7691650390625
2025-02-08,wk inc flu hosp,1,55,2025-02-15,quantile,0.55,1085.7691650390625
2025-02-08,wk inc flu hosp,1,55,2025-02-15,quantile,0.6,1085.7691650390625
2025-02-08,wk inc flu hosp,1,55,2025-02-15,quantile,0.65,1085.7691650390625
2025-02-08,wk inc flu hosp,1,55,2025-02-15,quantile,0.7,1085.7691650390625
2025-02-08,wk inc flu hosp,1,55,2025-02-15,quantile,0.75,1085.7691650390625
2025-02-08,wk inc flu hosp,1,55,2025-02-15,quantile,0.8,1085.7691650390625
2025-02-08,wk inc flu hosp,1,55,2025-02-15,quantile,0.85,1085.7691650390625
2025-02-08,wk inc flu hosp,1,55,2025-02-15,quantile,0.9,1085.7691650390625
2025-02-08,wk inc flu hosp,1,55,2025-02-15,quantile,0.95,1085.7691650390625
2025-02-08,wk inc flu hosp,1,55,2025-02-15,quantile,0.975,1085.7691650390625
2025-02-08,wk inc flu hosp,1,55,2025-02-15,quantile,0.99,1085.7691650390625
2025-02-08,wk inc flu hosp,2,55,2025-02-22,quantile,0.01,1085.7532446289065
2025-02-08,wk inc flu hosp,2,55,2025-02-22,quantile,0.025,1085.7691650390625
2025-02-08,wk inc flu hosp,2,55,2025-02-22,quantile,0.05,1085.7691650390625
2025-02-08,wk inc flu hosp,2,55,2025-02-22,quantile,0.1,1085.7691650390625
2025-02-08,wk inc flu hosp,2,55,2025-02-22,quantile,0.15,1085.7691650390625
2025-02-08,wk inc flu hosp,2,55,2025-02-22,quantile,0.2,1085.7691650390625
2025-02-08,wk inc flu hosp,2,55,2025-02-22,quantile,0.25,1085.7691650390625
2025-02-08,wk inc flu hosp,2,55,2025-02-22,quantile,0.3,1085.7691650390625
2025-02-08,wk inc flu hosp,2,55,2025-02-22,quantile,0.35,1085.7691650390625
2025-02-08,wk inc flu hosp,2,55,2025-02-22,quantile,0.4,1085.7691650390625
2025-02-08,wk inc flu hosp,2,55,2025-02-22,quantile,0.45,1085.7691650390625
2025-02-08,wk inc flu hosp,2,55,2025-02-22,quantile,0.5,1085.7691650390625
2025-02-08,wk inc flu hosp,2,55,2025-02-22,quantile,0.55,1085.7691650390625
2025-02-08,wk inc flu hosp,2,55,2025-02-22,quantile,0.6,1085.7691650390625
2025-02-08,wk inc flu hosp,2,55,2025-02-22,quantile,0.65,1085.7691650390625
2025-02-08,wk inc flu hosp,2,55,2025-02-22,quantile,0.7,1085.7691650390625
2025-02-08,wk inc flu hosp,2,55,2025-02-22,quantile,0.75,1085.7691650390625
2025-02-08,wk inc flu hosp,2,55,2025-02-22,quantile,0.8,1085.7691650390625
2025-02-08,wk inc flu hosp,2,55,2025-02-22,quantile,0.85,1085.7691650390625
2025-02-08,wk inc flu hosp,2,55,2025-02-22,quantile,0.9,1085.7691650390625
2025-02-08,wk inc flu hosp,2,55,2025-02-22,quantile,0.95,1085.7691650390625
2025-02-08,wk inc flu hosp,2,55,2025-02-22,quantile,0.975,1085.7691650390625
2025-02-08,wk inc flu hosp,2,55,2025-02-22,quantile,0.99,1085.7691650390625
2025-02-08,wk inc flu hosp,3,55,2025-03-01,quantile,0.01,1085.3711560058591
2025-02-08,wk inc flu hosp,3,55,2025-03-01,quantile,0.025,1085.7691650390625
2025-02-08,wk inc flu hosp,3,55,2025-03-01,quantile,0.05,1085.7691650390625
2025-02-08,wk inc flu hosp,3,55,2025-03-01,quantile,0.1,1085.7691650390625
2025-02-08,wk inc flu hosp,3,55,2025-03-01,quantile,0.15,1085.7691650390625
2025-02-08,wk inc flu hosp,3,55,2025-03-01,quantile,0.2,1085.7691650390625
2025-02-08,wk inc flu hosp,3,55,2025-03-01,quantile,0.25,1085.7691650390625
2025-02-08,wk inc flu hosp,3,55,2025-03-01,quantile,0.3,1085.7691650390625
2025-02-08,wk inc flu hosp,3,55,2025-03-01,quantile,0.35,1085.7691650390625
2025-02-08,wk inc flu hosp,3,55,2025-03-01,quantile,0.4,1085.7691650390625
2025-02-08,wk inc flu hosp,3,55,2025-03-01,quantile,0.45,1085.7691650390625
2025-02-08,wk inc flu hosp,3,55,2025-03-01,quantile,0.5,1085.7691650390625
2025-02-08,wk inc flu hosp,3,55,2025-03-01,quantile,0.55,1085.7691650390625
2025-02-08,wk inc flu hosp,3,55,2025-03-01,quantile,0.6,1085.7691650390625
2025-02-08,wk inc flu hosp,3,55,2025-03-01,quantile,0.65,1085.7691650390625
2025-02-08,wk inc flu hosp,3,55,2025-03-01,quantile,0.7,1085.7691650390625
2025-02-08,wk inc flu hosp,3,55,2025-03-01,quantile,0.75,1085.7691650390625
2025-02-08,wk inc flu hosp,3,55,2025-03-01,quantile,0.8,1085.7691650390625
2025-02-08,wk inc flu hosp,3,55,2025-03-01,quantile,0.85,1085.7691650390625
2025-02-08,wk inc flu hosp,3,55,2025-03-01,quantile,0.9,1085.7691650390625
2025-02-08,wk inc flu hosp,3,55,2025-03-01,quantile,0.95,1085.7691650390625
2025-02-08,wk inc flu hosp,3,55,2025-03-01,quantile,0.975,1085.7691650390625
2025-02-08,wk inc flu hosp,3,55,2025-03-01,quantile,0.99,1085.7691650390625
2025-02-08,wk inc flu hosp,0,56,2025-02-08,quantile,0.01,20.021148681640625
2025-02-08,wk inc flu hosp,0,56,2025-02-08,quantile,0.025,23.98573112487793
2025-02-08,wk inc flu hosp,0,56,2025-02-08,quantile,0.05,33.00516128540039
2025-02-08,wk inc flu hosp,0,56,2025-02-08,quantile,0.1,49.359070587158214
2025-02-08,wk inc flu hosp,0,56,2025-02-08,quantile,0.15,57.07513694763183
2025-02-08,wk inc flu hosp,0,56,2025-02-08,quantile,0.2,66.01032257080078
2025-02-08,wk inc flu hosp,0,56,2025-02-08,quantile,0.25,67.99261474609375
2025-02-08,wk inc flu hosp,0,56,2025-02-08,quantile,0.3,73.96922378540037
2025-02-08,wk inc flu hosp,0,56,2025-02-08,quantile,0.35,75.82266235351562
2025-02-08,wk inc flu hosp,0,56,2025-02-08,quantile,0.4,76.12001037597656
2025-02-08,wk inc flu hosp,0,56,2025-02-08,quantile,0.45,78.00318908691406
2025-02-08,wk inc flu hosp,0,56,2025-02-08,quantile,0.5,82.90935897827148
2025-02-08,wk inc flu hosp,0,56,2025-02-08,quantile,0.55,83.95005798339844
2025-02-08,wk inc flu hosp,0,56,2025-02-08,quantile,0.6,84.08881988525391
2025-02-08,wk inc flu hosp,0,56,2025-02-08,quantile,0.65,85.635009765625
2025-02-08,wk inc flu hosp,0,56,2025-02-08,quantile,0.7,89.89693450927734
2025-02-08,wk inc flu hosp,0,56,2025-02-08,quantile,0.75,95.96770477294922
2025-02-08,wk inc flu hosp,0,56,2025-02-08,quantile,0.8,100.40308837890628
2025-02-08,wk inc flu hosp,0,56,2025-02-08,quantile,0.85,108.65933265686036
2025-02-08,wk inc flu hosp,0,56,2025-02-08,quantile,0.9,202.78846740722656
2025-02-08,wk inc flu hosp,0,56,2025-02-08,quantile,0.95,202.78846740722656
2025-02-08,wk inc flu hosp,0,56,2025-02-08,quantile,0.975,202.78846740722656
2025-02-08,wk inc flu hosp,0,56,2025-02-08,quantile,0.99,202.78846740722656
2025-02-08,wk inc flu hosp,1,56,2025-02-15,quantile,0.01,8.02828311920166
2025-02-08,wk inc flu hosp,1,56,2025-02-15,quantile,0.025,12.934455299377442
2025-02-08,wk inc flu hosp,1,56,2025-02-15,quantile,0.05,20.962737464904787
2025-02-08,wk inc flu hosp,1,56,2025-02-15,quantile,0.1,24.976879119873047
2025-02-08,wk inc flu hosp,1,56,2025-02-15,quantile,0.15,37.44053649902343
2025-02-08,wk inc flu hosp,1,56,2025-02-15,quantile,0.2,49.93393478393555
2025-02-08,wk inc flu hosp,1,56,2025-02-15,quantile,0.25,59.93955326080322
2025-02-08,wk inc flu hosp,1,56,2025-02-15,quantile,0.3,65.98058853149413
2025-02-08,wk inc flu hosp,1,56,2025-02-15,quantile,0.35,69.66268920898436
2025-02-08,wk inc flu hosp,1,56,2025-02-15,quantile,0.4,74.8315200805664
2025-02-08,wk inc flu hosp,1,56,2025-02-15,quantile,0.45,76.68000564575195
2025-02-08,wk inc flu hosp,1,56,2025-02-15,quantile,0.5,77.9040756225586
2025-02-08,wk inc flu hosp,1,56,2025-02-15,quantile,0.55,78.10230255126953
2025-02-08,wk inc flu hosp,1,56,2025-02-15,quantile,0.6,82.46334075927734
2025-02-08,wk inc flu hosp,1,56,2025-02-15,quantile,0.65,88.01376342773438
2025-02-08,wk inc flu hosp,1,56,2025-02-15,quantile,0.7,90.88808059692376
2025-02-08,wk inc flu hosp,1,56,2025-02-15,quantile,0.75,97.45442199707033
2025-02-08,wk inc flu hosp,1,56,2025-02-15,quantile,0.8,102.16732635498047
2025-02-08,wk inc flu hosp,1,56,2025-02-15,quantile,0.85,111.61790313720704
2025-02-08,wk inc flu hosp,1,56,2025-02-15,quantile,0.9,202.78846740722656
2025-02-08,wk inc flu hosp,1,56,2025-02-15,quantile,0.95,202.78846740722656
2025-02-08,wk inc flu hosp,1,56,2025-02-15,quantile,0.975,202.78846740722656
2025-02-08,wk inc flu hosp,1,56,2025-02-15,quantile,0.99,202.78846740722656
2025-02-08,wk inc flu hosp,2,56,2025-02-22,quantile,0.01,7.016322960853577
2025-02-08,wk inc flu hosp,2,56,2025-02-22,quantile,0.025,8.994649624824524
2025-02-08,wk inc flu hosp,2,56,2025-02-22,quantile,0.05,11.001720428466797
2025-02-08,wk inc flu hosp,2,56,2025-02-22,quantile,0.1,17.73160123825074
2025-02-08,wk inc flu hosp,2,56,2025-02-22,quantile,0.15,25.819351673126217
2025-02-08,wk inc flu hosp,2,56,2025-02-22,quantile,0.2,37.16797180175783
2025-02-08,wk inc flu hosp,2,56,2025-02-22,quantile,0.25,49.383846282958984
2025-02-08,wk inc flu hosp,2,56,2025-02-22,quantile,0.3,53.98772087097168
2025-02-08,wk inc flu hosp,2,56,2025-02-22,quantile,0.35,60.02875633239746
2025-02-08,wk inc flu hosp,2,56,2025-02-22,quantile,0.4,66.01032257080078
2025-02-08,wk inc flu hosp,2,56,2025-02-22,quantile,0.45,71.0106517791748
2025-02-08,wk inc flu hosp,2,56,2025-02-22,quantile,0.5,74.93063354492188
2025-02-08,wk inc flu hosp,2,56,2025-02-22,quantile,0.55,77.70584869384766
2025-02-08,wk inc flu hosp,2,56,2025-02-22,quantile,0.6,80.26300201416015
2025-02-08,wk inc flu hosp,2,56,2025-02-22,quantile,0.65,83.95005798339844
2025-02-08,wk inc flu hosp,2,56,2025-02-22,quantile,0.7,87.8452651977539
2025-02-08,wk inc flu hosp,2,56,2025-02-22,quantile,0.75,95.96770477294922
2025-02-08,wk inc flu hosp,2,56,2025-02-22,quantile,0.8,101.59246215820312
2025-02-08,wk inc flu hosp,2,56,2025-02-22,quantile,0.85,114.3435474395752
2025-02-08,wk inc flu hosp,2,56,2025-02-22,quantile,0.9,202.78846740722656
2025-02-08,wk inc flu hosp,2,56,2025-02-22,quantile,0.95,202.78846740722656
2025-02-08,wk inc flu hosp,2,56,2025-02-22,quantile,0.975,202.78846740722656
2025-02-08,wk inc flu hosp,2,56,2025-02-22,quantile,0.99,202.78846740722656
2025-02-08,wk inc flu hosp,3,56,2025-03-01,quantile,0.01,1.9822920560836792
2025-02-08,wk inc flu hosp,3,56,2025-03-01,quantile,0.025,4.930951315164567
2025-02-08,wk inc flu hosp,3,56,2025-03-01,quantile,0.05,8.02828311920166
2025-02-08,wk inc flu hosp,3,56,2025-03-01,quantile,0.1,11.89375104904175
2025-02-08,wk inc flu hosp,3,56,2025-03-01,quantile,0.15,15.893026876449582
2025-02-08,wk inc flu hosp,3,56,2025-03-01,quantile,0.2,24.976879119873047
2025-02-08,wk inc flu hosp,3,56,2025-03-01,quantile,0.25,33.00516128540039
2025-02-08,wk inc flu hosp,3,56,2025-03-01,quantile,0.3,39.94318389892578
2025-02-08,wk inc flu hosp,3,56,2025-03-01,quantile,0.35,52.530735588073696
2025-02-08,wk inc flu hosp,3,56,2025-03-01,quantile,0.4,59.924685668945315
2025-02-08,wk inc flu hosp,3,56,2025-03-01,quantile,0.45,66.01032257080078
2025-02-08,wk inc flu hosp,3,56,2025-03-01,quantile,0.5,71.95719909667969
2025-02-08,wk inc flu hosp,3,56,2025-03-01,quantile,0.55,76.12001037597656
2025-02-08,wk inc flu hosp,3,56,2025-03-01,quantile,0.6,78.00318908691406
2025-02-08,wk inc flu hosp,3,56,2025-03-01,quantile,0.65,82.23537979125976
2025-02-08,wk inc flu hosp,3,56,2025-03-01,quantile,0.7,85.773770904541
2025-02-08,wk inc flu hosp,3,56,2025-03-01,quantile,0.75,89.99604797363281
2025-02-08,wk inc flu hosp,3,56,2025-03-01,quantile,0.8,102.1078582763672
2025-02-08,wk inc flu hosp,3,56,2025-03-01,quantile,0.85,114.28407936096193
2025-02-08,wk inc flu hosp,3,56,2025-03-01,quantile,0.9,202.78846740722656
2025-02-08,wk inc flu hosp,3,56,2025-03-01,quantile,0.95,202.78846740722656
2025-02-08,wk inc flu hosp,3,56,2025-03-01,quantile,0.975,202.78846740722656
2025-02-08,wk inc flu hosp,3,56,2025-03-01,quantile,0.99,202.78846740722656
2025-02-08,wk inc flu hosp,0,72,2025-02-08,quantile,0.01,1.8063611483573911
2025-02-08,wk inc flu hosp,0,72,2025-02-08,quantile,0.025,2.990463250875474
2025-02-08,wk inc flu hosp,0,72,2025-02-08,quantile,0.05,3.020669937133789
2025-02-08,wk inc flu hosp,0,72,2025-02-08,quantile,0.1,6.041338920593262
2025-02-08,wk inc flu hosp,0,72,2025-02-08,quantile,0.15,7.249606132507324
2025-02-08,wk inc flu hosp,0,72,2025-02-08,quantile,0.2,9.062007904052734
2025-02-08,wk inc flu hosp,0,72,2025-02-08,quantile,0.25,9.666141510009766
2025-02-08,wk inc flu hosp,0,72,2025-02-08,quantile,0.3,10.874408721923828
2025-02-08,wk inc flu hosp,0,72,2025-02-08,quantile,0.35,12.08267593383789
2025-02-08,wk inc flu hosp,0,72,2025-02-08,quantile,0.4,12.08267593383789
2025-02-08,wk inc flu hosp,0,72,2025-02-08,quantile,0.45,13.895078659057615
2025-02-08,wk inc flu hosp,0,72,2025-02-08,quantile,0.5,14.499211311340332
2025-02-08,wk inc flu hosp,0,72,2025-02-08,quantile,0.55,15.707479476928713
2025-02-08,wk inc flu hosp,0,72,2025-02-08,quantile,0.6,17.761533737182614
2025-02-08,wk inc flu hosp,0,72,2025-02-08,quantile,0.65,18.939594268798825
2025-02-08,wk inc flu hosp,0,72,2025-02-08,quantile,0.7,21.748817443847656
2025-02-08,wk inc flu hosp,0,72,2025-02-08,quantile,0.75,24.769485473632812
2025-02-08,wk inc flu hosp,0,72,2025-02-08,quantile,0.8,27.18602180480957
2025-02-08,wk inc flu hosp,0,72,2025-02-08,quantile,0.85,30.206689834594727
2025-02-08,wk inc flu hosp,0,72,2025-02-08,quantile,0.9,33.22735595703125
2025-02-08,wk inc flu hosp,0,72,2025-02-08,quantile,0.95,39.359315872192354
2025-02-08,wk inc flu hosp,0,72,2025-02-08,quantile,0.975,1236.0577392578125
2025-02-08,wk inc flu hosp,0,72,2025-02-08,quantile,0.99,1236.0577392578125
2025-02-08,wk inc flu hosp,1,72,2025-02-15,quantile,0.01,0.5980935794115066
2025-02-08,wk inc flu hosp,1,72,2025-02-15,quantile,0.025,1.8124024868011477
2025-02-08,wk inc flu hosp,1,72,2025-02-15,quantile,0.05,3.020669937133789
2025-02-08,wk inc flu hosp,1,72,2025-02-15,quantile,0.1,6.041338920593262
2025-02-08,wk inc flu hosp,1,72,2025-02-15,quantile,0.15,7.249606132507324
2025-02-08,wk inc flu hosp,1,72,2025-02-15,quantile,0.2,9.062007904052734
2025-02-08,wk inc flu hosp,1,72,2025-02-15,quantile,0.25,10.270275115966797
2025-02-08,wk inc flu hosp,1,72,2025-02-15,quantile,0.3,10.874408721923828
2025-02-08,wk inc flu hosp,1,72,2025-02-15,quantile,0.35,12.08267593383789
2025-02-08,wk inc flu hosp,1,72,2025-02-15,quantile,0.4,12.08267593383789
2025-02-08,wk inc flu hosp,1,72,2025-02-15,quantile,0.45,13.29094409942627
2025-02-08,wk inc flu hosp,1,72,2025-02-15,quantile,0.5,15.10334587097168
2025-02-08,wk inc flu hosp,1,72,2025-02-15,quantile,0.55,16.915746688842773
2025-02-08,wk inc flu hosp,1,72,2025-02-15,quantile,0.6,18.124013900756836
2025-02-08,wk inc flu hosp,1,72,2025-02-15,quantile,0.65,18.728147506713867
2025-02-08,wk inc flu hosp,1,72,2025-02-15,quantile,0.7,22.111297035217262
2025-02-08,wk inc flu hosp,1,72,2025-02-15,quantile,0.75,24.769485473632812
2025-02-08,wk inc flu hosp,1,72,2025-02-15,quantile,0.8,28.031807327270528
2025-02-08,wk inc flu hosp,1,72,2025-02-15,quantile,0.85,33.22735595703125
2025-02-08,wk inc flu hosp,1,72,2025-02-15,quantile,0.9,37.456295013427734
2025-02-08,wk inc flu hosp,1,72,2025-02-15,quantile,0.95,47.2734663009643
2025-02-08,wk inc flu hosp,1,72,2025-02-15,quantile,0.975,1236.0577392578125
2025-02-08,wk inc flu hosp,1,72,2025-02-15,quantile,0.99,1236.0577392578125
2025-02-08,wk inc flu hosp,2,72,2025-02-22,quantile,0.01,1.8124024868011477
2025-02-08,wk inc flu hosp,2,72,2025-02-22,quantile,0.025,1.8124024868011477
2025-02-08,wk inc flu hosp,2,72,2025-02-22,quantile,0.05,3.020669937133789
2025-02-08,wk inc flu hosp,2,72,2025-02-22,quantile,0.1,5.980925512313844
2025-02-08,wk inc flu hosp,2,72,2025-02-22,quantile,0.15,6.554852485656737
2025-02-08,wk inc flu hosp,2,72,2025-02-22,quantile,0.2,7.732913398742678
2025-02-08,wk inc flu hosp,2,72,2025-02-22,quantile,0.25,9.062007904052734
2025-02-08,wk inc flu hosp,2,72,2025-02-22,quantile,0.3,9.062007904052734
2025-02-08,wk inc flu hosp,2,72,2025-02-22,quantile,0.35,10.874408721923828
2025-02-08,wk inc flu hosp,2,72,2025-02-22,quantile,0.4,12.08267593383789
2025-02-08,wk inc flu hosp,2,72,2025-02-22,quantile,0.45,13.29094409942627
2025-02-08,wk inc flu hosp,2,72,2025-02-22,quantile,0.5,14.499212265014648
2025-02-08,wk inc flu hosp,2,72,2025-02-22,quantile,0.55,17.187606811523438
2025-02-08,wk inc flu hosp,2,72,2025-02-22,quantile,0.6,19.93641471862793
2025-02-08,wk inc flu hosp,2,72,2025-02-22,quantile,0.65,23.168530845642085
2025-02-08,wk inc flu hosp,2,72,2025-02-22,quantile,0.7,25.554859733581537
2025-02-08,wk inc flu hosp,2,72,2025-02-22,quantile,0.75,28.092220783233643
2025-02-08,wk inc flu hosp,2,72,2025-02-22,quantile,0.8,30.206689834594727
2025-02-08,wk inc flu hosp,2,72,2025-02-22,quantile,0.85,33.22735595703125
2025-02-08,wk inc flu hosp,2,72,2025-02-22,quantile,0.9,39.93324279785156
2025-02-08,wk inc flu hosp,2,72,2025-02-22,quantile,0.95,50.1733112335205
2025-02-08,wk inc flu hosp,2,72,2025-02-22,quantile,0.975,1236.0577392578125
2025-02-08,wk inc flu hosp,2,72,2025-02-22,quantile,0.99,1236.0577392578125
2025-02-08,wk inc flu hosp,3,72,2025-03-01,quantile,0.01,1.1511684760989738e-06
2025-02-08,wk inc flu hosp,3,72,2025-03-01,quantile,0.025,1.1511684760989738e-06
2025-02-08,wk inc flu hosp,3,72,2025-03-01,quantile,0.05,1.8124024868011477
2025-02-08,wk inc flu hosp,3,72,2025-03-01,quantile,0.1,4.22893762588501
2025-02-08,wk inc flu hosp,3,72,2025-03-01,quantile,0.15,6.041338920593262
2025-02-08,wk inc flu hosp,3,72,2025-03-01,quantile,0.2,6.041338920593262
2025-02-08,wk inc flu hosp,3,72,2025-03-01,quantile,0.25,8.608907461166382
2025-02-08,wk inc flu hosp,3,72,2025-03-01,quantile,0.3,9.062007904052734
2025-02-08,wk inc flu hosp,3,72,2025-03-01,quantile,0.35,10.874408721923828
2025-02-08,wk inc flu hosp,3,72,2025-03-01,quantile,0.4,11.478543281555176
2025-02-08,wk inc flu hosp,3,72,2025-03-01,quantile,0.45,12.08267593383789
2025-02-08,wk inc flu hosp,3,72,2025-03-01,quantile,0.5,15.707479476928713
2025-02-08,wk inc flu hosp,3,72,2025-03-01,quantile,0.55,18.124013900756836
2025-02-08,wk inc flu hosp,3,72,2025-03-01,quantile,0.6,20.17806892395019
2025-02-08,wk inc flu hosp,3,72,2025-03-01,quantile,0.65,23.37997694015502
2025-02-08,wk inc flu hosp,3,72,2025-03-01,quantile,0.7,27.36726131439208
2025-02-08,wk inc flu hosp,3,72,2025-03-01,quantile,0.75,30.206689834594727
2025-02-08,wk inc flu hosp,3,72,2025-03-01,quantile,0.8,33.22735595703125
2025-02-08,wk inc flu hosp,3,72,2025-03-01,quantile,0.85,35.130380630493164
2025-02-08,wk inc flu hosp,3,72,2025-03-01,quantile,0.9,40.65820312499999
2025-02-08,wk inc flu hosp,3,72,2025-03-01,quantile,0.95,60.594619941711365
2025-02-08,wk inc flu hosp,3,72,2025-03-01,quantile,0.975,1236.0577392578125
2025-02-08,wk inc flu hosp,3,72,2025-03-01,quantile,0.99,1236.0577392578125
